partida_id,rodata,clube,chutes,chutes_no_alvo,posse_de_bola,precisao_passes,passes,escanteios,faltas,impedimentos,cartao_amarelo,cartao_vermelho
1,1,Guarani,0,0,,,0,0,0,0,0,0
1,1,Vasco,0,0,,,0,0,0,0,0,0
2,1,Athletico-Pr,0,0,,,0,0,0,0,0,0
2,1,Gremio,,0,,,0,0,0,0,0,0
3,1,Coritiba,0,0,,,0,0,0,0,0,0
3,1,Flamengo,0,0,,,0,0,0,0,0,0
4,1,Goias,0,0,,,0,0,0,0,0,0
4,1,Paysandu,0,0,,,0,0,0,0,0,0
5,1,Internacional,0,0,,,0,0,0,0,0,0
5,1,Ponte Preta,0,0,,,0,0,0,0,0,0
6,1,Criciuma,,0,,,0,0,0,0,0,0
6,1,Fluminense,0,0,,,0,0,0,0,0,0
7,1,Juventude,0,0,,,0,0,0,0,0,0
7,1,Sao  Paulo,,0,,,0,0,0,0,0,0
8,1,Bahia,0,0,,,0,0,0,0,0,0
8,1,Fortaleza,0,0,,,0,0,0,0,0,0
9,1,Cruzeiro,0,0,,,0,0,0,0,0,0
9,1,Sao Caetano,0,0,,,0,0,0,0,0,0
10,1,Figueirense,0,0,,,0,0,0,0,0,0
10,1,Vitoria,0,0,,,0,0,0,0,0,0
11,1,Parana,0,0,,,0,0,0,0,0,0
11,1,Santos,0,0,,,0,0,0,0,0,0
12,1,Atletico-Mg,0,0,,,0,0,0,0,0,0
12,1,Corinthians,0,0,,,0,0,0,0,0,0
13,2,Fluminense,0,0,,,0,0,0,0,0,0
13,2,Fortaleza,0,0,,,0,0,0,0,0,0
14,2,Atletico-Mg,,0,,,0,0,0,0,0,0
14,2,Santos,0,0,,,0,0,0,0,0,0
15,2,Coritiba,0,0,,,0,0,0,0,0,0
15,2,Internacional,0,0,,,0,0,0,0,0,0
16,2,Gremio,0,0,,,0,0,0,0,0,0
16,2,Guarani,0,0,,,0,0,0,0,0,0
17,2,Bahia,0,0,,,,0,0,0,0,0
17,2,Flamengo,0,0,,,0,0,0,0,0,0
18,2,Corinthians,0,0,,,0,0,0,0,0,0
18,2,Figueirense,0,0,,,,0,0,0,0,0
19,2,Paysandu,0,0,,,,0,0,0,0,0
19,2,Vitoria,,0,,,0,0,0,0,0,0
20,2,Juventude,0,0,,,0,0,0,0,0,0
20,2,Ponte Preta,0,0,,,0,0,0,0,0,0
21,2,Athletico-Pr,0,0,,,0,0,0,0,0,0
21,2,Parana,0,0,,,0,0,0,0,0,0
22,2,Criciuma,0,0,,,0,0,0,0,0,0
22,2,Sao Caetano,0,0,,,0,0,0,0,0,0
23,2,Cruzeiro,0,0,,,0,0,0,0,0,0
23,2,Sao  Paulo,0,0,,,,0,0,0,0,0
24,2,Goias,0,0,,,0,0,0,0,0,0
24,2,Vasco,0,0,,,0,0,0,0,0,0
25,4,Paysandu,0,0,,,0,0,0,0,0,0
25,4,Santos,0,0,,,0,0,0,0,0,0
26,4,Bahia,0,0,,,0,0,0,0,0,0
26,4,Juventude,0,0,,,0,0,0,0,0,0
27,4,Gremio,0,0,,,0,0,0,0,0,0
27,4,Vitoria,0,0,,,0,0,0,0,0,0
28,4,Atletico-Mg,0,0,,,0,0,0,0,0,0
28,4,Guarani,0,0,,,0,0,0,0,0,0
29,4,Athletico-Pr,0,0,,,,0,0,0,0,0
29,4,Figueirense,0,0,,,0,0,0,0,0,0
30,4,Criciuma,0,0,,,0,0,0,0,0,0
30,4,Ponte Preta,0,0,,,0,0,0,0,0,0
31,4,Flamengo,0,0,,,0,0,0,0,0,0
31,4,Sao Caetano,0,0,,,0,0,0,0,0,0
32,4,Corinthians,0,0,,,0,0,0,0,0,0
32,4,Vasco,0,0,,,0,0,0,0,0,0
33,4,Coritiba,0,0,,,0,0,0,0,0,0
33,4,Cruzeiro,0,0,,,,0,0,0,0,0
34,4,Fluminense,0,0,,,0,0,0,0,0,0
34,4,Internacional,0,0,,,0,0,0,0,0,0
35,4,Fortaleza,0,0,,,,0,0,0,0,0
35,4,Sao Paulo,0,0,,,0,0,0,0,0,0
36,4,Goias,,0,,,0,0,0,0,0,0
36,4,Parana,0,0,,,0,0,0,0,0,0
37,3,Bahia,0,0,,,0,0,0,0,0,0
37,3,Internacional,0,0,,,0,0,0,0,0,0
38,3,Figueirense,0,0,,,0,0,0,0,0,0
38,3,Santos,0,0,,,0,0,0,0,0,0
39,3,Athletico-Pr,0,0,,,0,0,0,0,0,0
39,3,Atletico-Mg,0,0,,,0,0,0,0,0,0
40,3,Corinthians,0,0,,,0,0,0,0,0,0
40,3,Paysandu,0,0,,,0,0,0,0,0,0
41,3,Vasco,0,0,,,0,0,0,0,0,0
41,3,Vitoria,0,0,,,0,0,0,0,0,0
42,3,Criciuma,0,0,,,0,0,0,0,0,0
42,3,Sao Paulo,0,0,,,0,0,0,0,0,0
43,3,Fortaleza,0,0,,,0,0,0,0,0,0
43,3,Sao Caetano,,0,,,0,0,0,0,0,0
44,3,Coritiba,0,0,,,0,0,0,0,0,0
44,3,Juventude,0,0,,,0,0,0,0,0,0
45,3,Guarani,0,0,,,0,0,0,0,0,0
45,3,Parana,0,0,,,0,0,0,0,0,0
46,3,Goias,0,0,,,0,0,0,0,0,0
46,3,Gremio,0,0,,,0,0,0,0,0,0
47,3,Cruzeiro,0,0,,,0,0,0,0,0,0
47,3,Ponte Preta,0,0,,,0,0,0,0,0,0
48,3,Flamengo,0,0,,,0,0,0,0,0,0
48,3,Fluminense,0,0,,,0,0,0,0,0,0
49,5,Atletico-Mg,0,0,,,0,0,0,0,0,0
49,5,Bahia,0,0,,,,0,0,0,0,0
50,5,Gremio,,0,,,0,0,0,0,0,0
50,5,Sao Caetano,0,0,,,0,0,0,0,0,0
51,5,Flamengo,0,0,,,0,0,0,0,0,0
51,5,Santos,0,0,,,,0,0,0,0,0
52,5,Sao Paulo,0,0,,,0,0,0,0,0,0
52,5,Vasco,0,0,,,0,0,0,0,0,0
53,5,Corinthians,0,0,,,0,0,0,0,0,0
53,5,Internacional,0,0,,,0,0,0,0,0,0
54,5,Criciuma,0,0,,,0,0,0,0,0,0
54,5,Guarani,0,0,,,0,0,0,0,0,0
55,5,Juventude,0,0,,,0,0,0,0,0,0
55,5,Vitoria,0,0,,,0,0,0,0,0,0
56,5,Athletico-Pr,0,0,,,,0,0,0,0,0
56,5,Fortaleza,0,0,,,0,0,0,0,0,0
57,5,Paysandu,0,0,,,0,0,0,0,0,0
57,5,Ponte Preta,0,0,,,0,0,0,0,0,0
58,5,Cruzeiro,0,0,,,0,0,0,0,0,0
58,5,Goias,0,0,,,0,0,0,0,0,0
59,5,Fluminense,0,0,,,0,0,0,0,0,0
59,5,Parana,0,0,,,,0,0,0,0,0
60,5,Coritiba,0,0,,,0,0,0,0,0,0
60,5,Figueirense,0,0,,,0,0,0,0,0,0
61,6,Atletico-Mg,,0,,,0,0,0,0,0,0
61,6,Coritiba,,0,,,0,0,0,0,0,0
62,6,Bahia,0,0,,,0,0,0,0,0,0
62,6,Parana,0,0,,,0,0,0,0,0,0
63,6,Internacional,0,0,,,0,0,0,0,0,0
63,6,Vitoria,0,0,,,0,0,0,0,0,0
64,6,Cruzeiro,0,0,,,0,0,0,0,0,0
64,6,Guarani,0,0,,,0,0,0,0,0,0
65,6,Corinthians,0,0,,,0,0,0,0,0,0
65,6,Flamengo,0,0,,,0,0,0,0,0,0
66,6,Goias,0,0,,,0,0,0,0,0,0
66,6,Juventude,0,0,,,0,0,0,0,0,0
67,6,Figueirense,0,0,,,0,0,0,0,0,0
67,6,Ponte  Preta,0,0,,,0,0,0,0,0,0
68,6,Fortaleza,0,0,,,0,0,0,0,0,0
68,6,Santos,0,0,,,0,0,0,0,0,0
69,6,Fluminense,0,0,,,0,0,0,0,0,0
69,6,Gremio,0,0,,,0,0,0,0,0,0
70,6,Athletico-Pr,0,0,,,0,0,0,0,0,0
70,6,Criciuma,0,0,,,0,0,0,0,0,0
71,6,Paysandu,0,0,,,0,0,0,0,0,0
71,6,Sao Paulo,0,0,,,0,0,0,0,0,0
72,6,Sao Caetano,0,0,,,0,0,0,0,0,0
72,6,Vasco,0,0,,,0,0,0,0,0,0
73,7,Flamengo,0,0,,,0,0,0,0,0,0
73,7,Vitoria,0,0,,,0,0,0,0,0,0
74,7,Bahia,0,0,,,0,0,0,0,0,0
74,7,Gremio,,0,,,0,0,0,0,0,0
75,7,Athletico-Pr,0,0,,,0,0,0,0,0,0
75,7,Cruzeiro,0,0,,,0,0,0,0,0,0
76,7,Corinthians,0,0,,,0,0,0,0,0,0
76,7,Fortaleza,,0,,,,0,0,0,0,0
77,7,Figueirense,0,0,,,0,0,0,0,0,0
77,7,Sao Paulo,0,0,,,0,0,0,0,0,0
78,7,Paysandu,0,0,,,0,0,0,0,0,0
78,7,Sao Caetano,0,0,,,0,0,0,0,0,0
79,7,Goias,0,0,,,0,0,0,0,0,0
79,7,Internacional,0,0,,,0,0,0,0,0,0
80,7,Atletico-Mg,0,0,,,0,0,0,0,0,0
80,7,Ponte Preta,0,0,,,0,0,0,0,0,0
81,7,Guarani,0,0,,,0,0,0,0,0,0
81,7,Juventude,,0,,,0,0,0,0,0,0
82,7,Coritiba,0,0,,,0,0,0,0,0,0
82,7,Parana,0,0,,,0,0,0,0,0,0
83,7,Criciuma,0,0,,,0,0,0,0,0,0
83,7,Santos,,0,,,0,0,0,0,0,0
84,7,Fluminense,0,0,,,0,0,0,0,0,0
84,7,Vasco,0,0,,,0,0,0,0,0,0
85,8,Flamengo,0,0,,,0,0,0,0,0,0
85,8,Goias,0,0,,,0,0,0,0,0,0
86,8,Cruzeiro,0,0,,,0,0,0,0,0,0
86,8,Santos,0,0,,,0,0,0,0,0,0
87,8,Parana,0,0,,,0,0,0,0,0,0
87,8,Ponte Preta,0,0,,,0,0,0,0,0,0
88,8,Corinthians,0,0,,,,0,0,0,0,0
88,8,Criciuma,0,0,,,0,0,0,0,0,0
89,8,Bahia,0,0,,,0,0,0,0,0,0
89,8,Vasco,0,0,,,,0,0,0,0,0
90,8,Fluminense,0,0,,,0,0,0,0,0,0
90,8,Paysandu,0,0,,,0,0,0,0,0,0
91,8,Atletico-Mg,0,0,,,0,0,0,0,0,0
91,8,Sao Paulo,0,0,,,0,0,0,0,0,0
92,8,Fortaleza,0,0,,,0,0,0,0,0,0
92,8,Vitoria,0,0,,,0,0,0,0,0,0
93,8,Guarani,0,0,,,0,0,0,0,0,0
93,8,Internacional,,0,,,0,0,0,0,0,0
94,8,Athletico-Pr,0,0,,,0,0,0,0,0,0
94,8,Juventude,0,0,,,0,0,0,0,0,0
95,8,Figueirense,0,0,,,0,0,0,0,0,0
95,8,Sao Caetano,,0,,,0,0,0,0,0,0
96,8,Coritiba,,0,,,0,0,0,0,0,0
96,8,Gremio,0,0,,,0,0,0,0,0,0
97,9,Figueirense,0,0,,,0,0,0,0,0,0
97,9,Fluminense,0,0,,,,0,0,0,0,0
98,9,Atletico-Mg,0,0,,,,0,0,0,0,0
98,9,Sao Caetano,0,0,,,0,0,0,0,0,0
99,9,Juventude,0,0,,,0,0,0,0,0,0
99,9,Santos,,0,,,0,0,0,0,0,0
100,9,Bahia,0,0,,,0,0,0,0,0,0
100,9,Paysandu,0,0,,,0,0,0,0,0,0
101,9,Athletico-Pr,,0,,,0,0,0,0,0,0
101,9,Internacional,0,0,,,0,0,0,0,0,0
102,9,Coritiba,0,0,,,0,0,0,0,0,0
102,9,Vasco,0,0,,,0,0,0,0,0,0
103,9,Corinthians,0,0,,,0,0,0,0,0,0
103,9,Cruzeiro,0,0,,,0,0,0,0,0,0
104,9,Fortaleza,,0,,,,0,0,0,0,0
104,9,Goias,0,0,,,0,0,0,0,0,0
105,9,Gremio,0,0,,,,0,0,0,0,0
105,9,Ponte Preta,,0,,,0,0,0,0,0,0
106,9,Criciuma,0,0,,,0,0,0,0,0,0
106,9,Vitoria,0,0,,,0,0,0,0,0,0
107,9,Flamengo,0,0,,,0,0,0,0,0,0
107,9,Guarani,,0,,,0,0,0,0,0,0
108,9,Parana,0,0,,,0,0,0,0,0,0
108,9,Sao Paulo,0,0,,,0,0,0,0,0,0
109,10,Atletico-Mg,0,0,,,0,0,0,0,0,0
109,10,Fluminense,0,0,,,0,0,0,0,0,0
110,10,Parana,0,0,,,0,0,0,0,0,0
110,10,Sao Caetano,0,0,,,0,0,0,0,0,0
111,10,Corinthians,0,0,,,0,0,0,0,0,0
111,10,Juventude,0,0,,,0,0,0,0,0,0
112,10,Ponte Preta,0,0,,,0,0,0,0,0,0
112,10,Vasco,0,0,,,0,0,0,0,0,0
113,10,Athletico-Pr,0,0,,,0,0,0,0,0,0
113,10,Flamengo,0,0,,,,0,0,0,0,0
114,10,Coritiba,0,0,,,0,0,0,0,0,0
114,10,Paysandu,0,0,,,0,0,0,0,0,0
115,10,Criciuma,0,0,,,,0,0,0,0,0
115,10,Goias,0,0,,,0,0,0,0,0,0
116,10,Gremio,0,0,,,0,0,0,0,0,0
116,10,Sao Paulo,0,0,,,0,0,0,0,0,0
117,10,Fortaleza,0,0,,,0,0,0,0,0,0
117,10,Guarani,0,0,,,0,0,0,0,0,0
118,10,Bahia,0,0,,,0,0,0,0,0,0
118,10,Figueirense,0,0,,,0,0,0,0,0,0
119,10,Cruzeiro,,0,,,0,0,0,0,0,0
119,10,Vitoria,0,0,,,0,0,0,0,0,0
120,10,Internacional,0,0,,,0,0,0,0,0,0
120,10,Santos,0,0,,,0,0,0,0,0,0
121,11,Athletico-Pr,0,0,,,0,0,0,0,0,0
121,11,Fluminense,0,0,,,0,0,0,0,0,0
122,11,Criciuma,0,0,,,0,0,0,0,0,0
122,11,Cruzeiro,0,0,,,0,0,0,0,0,0
123,11,Coritiba,,0,,,0,0,0,0,0,0
123,11,Guarani,0,0,,,0,0,0,0,0,0
124,11,Ponte Preta,0,0,,,0,0,0,0,0,0
124,11,Sao Caetano,0,0,,,0,0,0,0,0,0
125,11,Internacional,0,0,,,0,0,0,0,0,0
125,11,Paysandu,0,0,,,0,0,0,0,0,0
126,11,Flamengo,0,0,,,0,0,0,0,0,0
126,11,Parana,,0,,,0,0,0,0,0,0
127,11,Bahia,,0,,,0,0,0,0,0,0
127,11,Goias,0,0,,,0,0,0,0,0,0
128,11,Fortaleza,0,0,,,0,0,0,0,0,0
128,11,Juventude,0,0,,,0,0,0,0,0,0
129,11,Figueirense,0,0,,,0,0,0,0,0,0
129,11,Gremio,0,0,,,0,0,0,0,0,0
130,11,Santos,0,0,,,,0,0,0,0,0
130,11,Sao Paulo,,0,,,0,0,0,0,0,0
131,11,Corinthians,0,0,,,0,0,0,0,0,0
131,11,Vitoria,0,0,,,,0,0,0,0,0
132,11,Atletico-Mg,0,0,,,0,0,0,0,0,0
132,11,Vasco,0,0,,,0,0,0,0,0,0
133,12,Fluminense,0,0,,,0,0,0,0,0,0
133,12,Vitoria,0,0,,,0,0,0,0,0,0
134,12,Guarani,,0,,,0,0,0,0,0,0
134,12,Santos,0,0,,,0,0,0,0,0,0
135,12,Fortaleza,0,0,,,0,0,0,0,0,0
135,12,Gremio,,0,,,0,0,0,0,0,0
136,12,Atletico-Mg,0,0,,,0,0,0,0,0,0
136,12,Figueirense,0,0,,,0,0,0,0,0,0
137,12,Parana,0,0,,,0,0,0,0,0,0
137,12,Paysandu,0,0,,,0,0,0,0,0,0
138,12,Juventude,0,0,,,,0,0,0,0,0
138,12,Vasco,0,0,,,0,0,0,0,0,0
139,12,Athletico-Pr,0,0,,,0,0,0,0,0,0
139,12,Ponte Preta,0,0,,,0,0,0,0,0,0
140,12,Coritiba,,0,,,0,0,0,0,0,0
140,12,Goias,0,0,,,0,0,0,0,0,0
141,12,Corinthians,0,0,,,0,0,0,0,0,0
141,12,Sao Caetano,0,0,,,0,0,0,0,0,0
142,12,Criciuma,,0,,,0,0,0,0,0,0
142,12,Internacional,0,0,,,0,0,0,0,0,0
143,12,Bahia,0,0,,,,0,0,0,0,0
143,12,Sao Paulo,0,0,,,0,0,0,0,0,0
144,12,Cruzeiro,0,0,,,0,0,0,0,0,0
144,12,Flamengo,0,0,,,0,0,0,0,0,0
145,13,Fluminense,0,0,,,0,0,0,0,0,0
145,13,Goias,0,0,,,0,0,0,0,0,0
146,13,Guarani,0,0,,,0,0,0,0,0,0
146,13,Ponte Preta,0,0,,,0,0,0,0,0,0
147,13,Athletico-Pr,0,0,,,0,0,0,0,0,0
147,13,Coritiba,0,0,,,0,0,0,0,0,0
148,13,Corinthians,0,0,,,0,0,0,0,0,0
148,13,Sao Paulo,0,0,,,0,0,0,0,0,0
149,13,Fortaleza,0,0,,,0,0,0,0,0,0
149,13,Paysandu,0,0,,,0,0,0,0,0,0
150,13,Juventude,0,0,,,0,0,0,0,0,0
150,13,Parana,0,0,,,0,0,0,0,0,0
151,13,Gremio,0,0,,,0,0,0,0,0,0
151,13,Internacional,0,0,,,0,0,0,0,0,0
152,13,Santos,0,0,,,0,0,0,0,0,0
152,13,Sao Caetano,0,0,,,0,0,0,0,0,0
153,13,Criciuma,0,0,,,,0,0,0,0,0
153,13,Figueirense,0,0,,,0,0,0,0,0,0
154,13,Bahia,0,0,,,0,0,0,0,0,0
154,13,Vitoria,0,0,,,,0,0,0,0,0
155,13,Flamengo,0,0,,,0,0,0,0,0,0
155,13,Vasco,0,0,,,0,0,0,0,0,0
156,13,Atletico-Mg,0,0,,,0,0,0,0,0,0
156,13,Cruzeiro,0,0,,,0,0,0,0,0,0
157,14,Bahia,0,0,,,0,0,0,0,0,0
157,14,Coritiba,0,0,,,0,0,0,0,0,0
158,14,Criciuma,0,0,,,0,0,0,0,0,0
158,14,Vasco,0,0,,,0,0,0,0,0,0
159,14,Atletico-Mg,0,0,,,0,0,0,0,0,0
159,14,Gremio,0,0,,,0,0,0,0,0,0
160,14,Internacional,0,0,,,0,0,0,0,0,0
160,14,Parana,0,0,,,0,0,0,0,0,0
161,14,Goias,0,0,,,0,0,0,0,0,0
161,14,Sao Paulo,0,0,,,0,0,0,0,0,0
162,14,Flamengo,0,0,,,0,0,0,0,0,0
162,14,Paysandu,0,0,,,0,0,0,0,0,0
163,14,Corinthians,0,0,,,0,0,0,0,0,0
163,14,Ponte Preta,0,0,,,0,0,0,0,0,0
164,14,Sao Caetano,,0,,,0,0,0,0,0,0
164,14,Vitoria,0,0,,,,0,0,0,0,0
165,14,Figueirense,0,0,,,0,0,0,0,0,0
165,14,Fortaleza,0,0,,,0,0,0,0,0,0
166,14,Cruzeiro,0,0,,,0,0,0,0,0,0
166,14,Juventude,0,0,,,0,0,0,0,0,0
167,14,Fluminense,,0,,,0,0,0,0,0,0
167,14,Guarani,0,0,,,0,0,0,0,0,0
168,15,Fortaleza,0,0,,,0,0,0,0,0,0
168,15,Vasco,0,0,,,0,0,0,0,0,0
169,15,Coritiba,0,0,,,0,0,0,0,0,0
169,15,Sao Caetano,,0,,,0,0,0,0,0,0
170,15,Gremio,0,0,,,0,0,0,0,0,0
170,15,Juventude,0,0,,,0,0,0,0,0,0
171,15,Bahia,0,0,,,0,0,0,0,0,0
171,15,Santos,0,0,,,0,0,0,0,0,0
172,15,Figueirense,0,0,,,0,0,0,0,0,0
172,15,Flamengo,,0,,,0,0,0,0,0,0
173,15,Corinthians,0,0,,,0,0,0,0,0,0
173,15,Fluminense,0,0,,,0,0,0,0,0,0
174,15,Guarani,,0,,,0,0,0,0,0,0
174,15,Sao Paulo,0,0,,,0,0,0,0,,0
175,15,Criciuma,0,0,,,0,0,0,0,0,0
175,15,Paysandu,0,0,,,0,0,0,0,0,0
176,15,Athletico-Pr,0,0,,,0,0,0,0,0,0
176,15,Vitoria,0,0,,,0,0,0,0,0,0
177,15,Cruzeiro,0,0,,,0,0,0,0,0,0
177,15,Internacional,0,0,,,0,0,0,0,0,0
178,15,Atletico-Mg,0,0,,,0,0,0,0,0,0
178,15,Parana,0,0,,,0,0,0,0,0,0
179,15,Athletico-Pr,0,0,,,0,0,0,0,0,0
179,15,Santos,0,0,,,0,0,0,0,0,0
180,15,Goias,0,0,,,0,0,0,0,0,0
180,15,Ponte  Preta,0,0,,,0,0,0,0,0,0
181,16,Parana,,0,,,0,0,0,0,0,0
181,16,Vasco,0,0,,,0,0,0,0,0,0
182,16,Sao Caetano,0,0,,,,0,0,0,0,0
182,16,Sao Paulo,0,0,,,0,0,0,0,0,0
183,16,Cruzeiro,0,0,,,0,0,0,0,0,0
183,16,Figueirense,0,0,,,0,0,0,0,0,0
184,16,Atletico-Mg,0,0,,,0,0,0,0,0,0
184,16,Paysandu,0,0,,,0,0,0,0,0,0
185,16,Flamengo,0,0,,,0,0,0,0,0,0
185,16,Gremio,0,0,,,0,0,0,0,0,0
186,16,Goias,0,0,,,0,0,0,0,0,0
186,16,Guarani,0,0,,,0,0,0,0,0,0
187,16,Athletico-Pr,0,0,,,0,0,0,0,0,0
187,16,Corinthians,0,0,,,0,0,0,0,0,0
188,16,Internacional,,0,,,0,0,0,0,0,0
188,16,Juventude,0,0,,,0,0,0,0,0,0
189,16,Criciuma,0,0,,,0,0,0,0,0,0
189,16,Fortaleza,0,0,,,0,0,0,0,0,0
190,16,Ponte Preta,0,0,,,0,0,0,0,0,0
190,16,Vitoria,0,0,,,0,0,0,0,0,0
191,16,Coritiba,0,0,,,0,0,0,0,0,0
191,16,Santos,0,0,,,0,0,0,0,0,0
192,16,Bahia,0,0,,,0,0,0,0,0,0
192,16,Fluminense,0,0,,,0,0,0,0,0,0
193,17,Athletico-Pr,0,0,,,0,0,0,0,0,0
193,17,Sao Caetano,0,0,,,0,0,0,0,0,0
194,17,Corinthians,0,0,,,0,0,0,0,0,0
194,17,Santos,0,0,,,0,0,0,0,0,0
195,17,Cruzeiro,0,0,,,0,0,0,0,0,0
195,17,Fortaleza,0,0,,,0,0,0,0,0,0
196,17,Bahia,0,0,,,0,0,0,0,0,0
196,17,Guarani,0,0,,,0,0,0,0,0,0
197,17,Figueirense,0,0,,,0,0,0,0,0,0
197,17,Paysandu,0,0,,,0,0,0,0,0,0
198,17,Goias,0,0,,,0,0,0,0,0,0
198,17,Vitoria,0,0,,,0,0,0,0,0,0
199,17,Flamengo,0,0,,,,0,0,0,0,0
199,17,Juventude,0,0,,,0,0,0,0,0,0
200,17,Internacional,,0,,,0,0,0,0,0,0
200,17,Vasco,0,0,,,0,0,0,0,0,0
201,17,Coritiba,0,0,,,0,0,0,0,0,0
201,17,Sao Paulo,0,0,,,0,0,0,0,0,0
202,17,Fluminense,0,0,,,0,0,0,0,0,0
202,17,Ponte Preta,0,0,,,0,0,0,0,0,0
203,17,Atletico-Mg,0,0,,,0,0,0,0,0,0
203,17,Criciuma,0,0,,,0,0,0,0,0,0
204,17,Gremio,0,0,,,0,0,0,0,0,0
204,17,Parana,0,0,,,0,0,0,0,0,0
205,18,Athletico-Pr,,0,,,0,0,0,0,0,0
205,18,Goias,0,0,,,0,0,0,0,0,0
206,18,Fortaleza,0,0,,,0,0,0,0,0,0
206,18,Internacional,0,0,,,0,0,0,0,0,0
207,18,Paysandu,0,0,,,0,0,0,0,0,0
207,18,Vasco,0,0,,,0,0,0,0,0,0
208,18,Atletico-Mg,0,0,,,,0,0,0,0,0
208,18,Flamengo,0,0,,,0,0,0,0,0,0
209,18,Bahia,0,0,,,0,0,0,0,0,0
209,18,Ponte Preta,0,0,,,0,0,0,0,0,0
210,18,Corinthians,0,0,,,,0,0,0,0,0
210,18,Coritiba,0,0,,,0,0,0,0,0,0
211,18,Criciuma,0,0,,,0,0,0,0,0,0
211,18,Juventude,,0,,,0,0,0,0,0,0
212,18,Figueirense,0,0,,,0,0,0,0,0,0
212,18,Parana,0,0,,,0,0,0,0,0,0
213,18,Guarani,0,0,,,0,0,0,0,0,0
213,18,Sao Caetano,0,0,,,0,0,0,0,0,0
214,18,Fluminense,0,0,,,0,0,0,0,0,0
214,18,Sao Paulo,0,0,,,0,0,0,0,0,0
215,18,Cruzeiro,0,0,,,0,0,0,0,0,0
215,18,Gremio,0,0,,,0,0,0,0,0,0
216,18,Santos,0,0,,,0,0,0,0,0,0
216,18,Vitoria,0,0,,,0,0,0,0,0,0
217,19,Flamengo,0,0,,,0,0,0,0,0,0
217,19,Fortaleza,0,0,,,0,0,0,0,0,0
218,19,Figueirense,0,0,,,0,0,0,0,0,0
218,19,Juventude,0,0,,,0,0,0,0,0,0
219,19,Bahia,,0,,,0,0,0,0,0,0
219,19,Sao Caetano,0,0,,,0,0,0,0,0,0
220,19,Coritiba,0,0,,,0,0,0,0,0,0
220,19,Fluminense,0,0,,,0,0,0,0,0,0
221,19,Guarani,0,0,,,,0,0,0,0,0
221,19,Vitoria,0,0,,,0,0,0,0,0,0
222,19,Atletico-Mg,0,0,,,,0,0,0,,0
222,19,Internacional,0,0,,,0,0,0,0,0,0
223,19,Ponte Preta,0,0,,,0,0,0,0,0,0
223,19,Santos,0,0,,,0,0,0,0,0,0
224,19,Cruzeiro,0,0,,,0,0,0,0,0,0
224,19,Vasco,0,0,,,,0,0,0,0,0
225,19,Corinthians,0,0,,,0,0,0,0,0,0
225,19,Goias,0,0,,,0,0,0,0,0,0
226,19,Gremio,0,0,,,,0,0,0,0,0
226,19,Paysandu,0,0,,,0,0,0,0,0,0
227,19,Athletico-Pr,0,0,,,0,0,0,0,0,0
227,19,Sao Paulo,0,0,,,0,0,0,0,0,0
228,19,Criciuma,0,0,,,0,0,0,0,0,0
228,19,Parana,,0,,,0,0,0,0,0,0
229,20,Fluminense,0,0,,,0,0,0,0,0,0
229,20,Santos,0,0,,,0,0,0,0,0,0
230,20,Corinthians,0,0,,,0,0,0,0,0,0
230,20,Guarani,0,0,,,0,0,0,0,0,0
231,20,Atletico-Mg,0,0,,,0,0,0,0,0,0
231,20,Fortaleza,0,0,,,0,0,0,0,0,0
232,20,Figueirense,0,0,,,0,0,0,0,0,0
232,20,Internacional,0,0,,,0,0,0,0,0,0
233,20,Juventude,0,0,,,0,0,0,0,0,0
233,20,Paysandu,0,0,,,0,0,0,0,0,0
234,20,Athletico-Pr,0,0,,,0,0,0,0,0,0
234,20,Bahia,0,0,,,0,0,0,0,0,0
235,20,Coritiba,0,0,,,0,0,0,0,0,0
235,20,Ponte Preta,0,0,,,0,0,0,0,0,0
236,20,Criciuma,0,0,,,,0,0,0,0,0
236,20,Flamengo,0,0,,,0,0,0,0,0,0
237,20,Goias,0,0,,,,0,0,0,0,0
237,20,Sao Caetano,0,0,,,0,0,0,0,0,0
238,20,Sao Paulo,0,0,,,0,0,0,0,0,0
238,20,Vitoria,0,0,,,0,0,0,0,0,0
239,20,Cruzeiro,0,0,,,0,0,0,0,0,0
239,20,Parana,0,0,,,0,0,0,0,0,0
240,20,Gremio,0,0,,,0,0,0,0,0,0
240,20,Vasco,0,0,,,0,0,0,0,0,0
241,21,Fortaleza,0,0,,,0,0,0,0,0,0
241,21,Parana,0,0,,,0,0,0,0,0,0
242,21,Atletico-Mg,0,0,,,0,0,0,0,0,0
242,21,Juventude,0,0,,,0,0,0,0,0,0
243,21,Cruzeiro,0,0,,,0,0,0,0,0,0
243,21,Paysandu,0,0,,,0,0,0,0,0,0
244,21,Athletico-Pr,0,0,,,0,0,0,0,0,0
244,21,Guarani,0,0,,,0,0,0,0,0,0
245,21,Figueirense,0,0,,,0,0,0,0,0,0
245,21,Vasco,0,0,,,0,0,0,0,0,0
246,21,Goias,0,0,,,0,0,0,0,0,0
246,21,Santos,0,0,,,0,0,0,0,0,0
247,21,Bahia,0,0,,,0,0,0,0,0,0
247,21,Corinthians,0,0,,,0,0,0,0,0,0
248,21,Coritiba,0,0,,,0,0,0,0,0,0
248,21,Vitoria,0,0,,,0,0,0,0,0,0
249,21,Criciuma,0,0,,,0,0,0,0,0,0
249,21,Gremio,0,0,,,0,0,0,0,0,0
250,21,Flamengo,0,0,,,0,0,0,0,0,0
250,21,Internacional,,0,,,0,0,0,0,0,0
251,21,Fluminense,,0,,,,0,0,0,0,0
251,21,Sao Caetano,0,0,,,0,0,0,0,0,0
252,21,Ponte Preta,0,0,,,0,0,0,0,0,0
252,21,Sao Paulo,0,0,,,0,0,0,0,0,0
253,22,Santos,0,0,,,0,0,0,0,0,0
253,22,Vasco,0,0,,,0,0,0,0,,0
254,22,Atletico-Mg,0,0,,,0,0,0,0,0,0
254,22,Goias,0,0,,,0,0,0,0,0,0
255,22,Athletico-Pr,0,0,,,0,0,0,0,0,0
255,22,Paysandu,0,0,,,0,0,0,0,0,0
256,22,Fortaleza,0,0,,,0,0,0,0,0,0
256,22,Ponte Preta,0,0,,,0,0,0,0,0,0
257,22,Fluminense,0,0,,,0,0,0,0,0,0
257,22,Juventude,0,0,,,0,0,0,0,0,0
258,22,Flamengo,0,0,,,0,0,0,0,0,0
258,22,Sao Paulo,,0,,,0,0,0,0,0,0
259,22,Coritiba,0,0,,,0,0,0,0,0,0
259,22,Criciuma,0,0,,,,0,0,0,0,0
260,22,Figueirense,0,0,,,0,0,0,0,0,0
260,22,Guarani,0,0,,,0,0,0,0,0,0
261,22,Parana,0,0,,,0,0,0,0,0,0
261,22,Vitoria,0,0,,,0,0,0,0,0,0
262,22,Corinthians,0,0,,,0,0,0,0,0,0
262,22,Gremio,0,0,,,0,0,0,0,0,0
263,22,Bahia,,0,,,0,0,0,0,0,0
263,22,Cruzeiro,0,0,,,0,0,0,0,0,0
264,22,Internacional,0,0,,,0,0,0,0,0,0
264,22,Sao Caetano,0,0,,,0,0,0,0,0,0
265,23,Cruzeiro,0,0,,,0,0,0,0,0,0
265,23,Fluminense,,0,,,0,0,0,0,0,0
266,23,Gremio,0,0,,,0,0,0,0,0,0
266,23,Santos,0,0,,,0,0,0,0,0,0
267,23,Internacional,0,0,,,0,0,0,0,0,0
267,23,Sao Paulo,0,0,,,0,0,0,0,0,0
268,23,Juventude,0,0,,,0,0,0,0,0,0
268,23,Sao Caetano,0,0,,,0,0,0,0,0,0
269,23,Figueirense,0,0,,,0,0,0,0,0,0
269,23,Goias,0,0,,,,0,0,0,0,0
270,23,Corinthians,0,0,,,0,0,0,0,0,0
270,23,Parana,0,0,,,0,0,0,0,0,0
271,23,Guarani,0,0,,,0,0,0,0,0,0
271,23,Paysandu,0,0,,,0,0,0,0,0,0
272,23,Coritiba,0,0,,,0,0,0,0,0,0
272,23,Fortaleza,0,0,,,0,0,0,0,0,0
273,23,Bahia,0,0,,,0,0,0,0,0,0
273,23,Criciuma,0,0,,,0,0,0,0,0,0
274,23,Flamengo,0,0,,,0,0,0,0,0,0
274,23,Ponte Preta,0,0,,,0,0,0,0,0,0
275,23,Athletico-Pr,0,0,,,0,0,0,0,0,0
275,23,Vasco,,0,,,0,0,0,0,,0
276,23,Atletico-Mg,0,0,,,0,0,0,0,0,0
276,23,Vitoria,0,0,,,0,0,0,0,0,0
277,24,Paysandu,0,0,,,0,0,0,0,0,0
277,24,Vitoria,0,0,,,,0,0,0,0,0
278,24,Athletico-Pr,,0,,,0,0,0,0,0,0
278,24,Parana,0,0,,,0,0,0,0,0,0
279,24,Criciuma,0,0,,,0,0,0,0,0,0
279,24,Sao Caetano,0,0,,,0,0,0,0,0,0
280,24,Fluminense,0,0,,,0,0,0,0,0,0
280,24,Fortaleza,0,0,,,0,0,0,0,0,0
281,24,Juventude,,0,,,0,0,0,0,0,0
281,24,Ponte Preta,0,0,,,0,0,0,0,0,0
282,24,Atletico-Mg,0,0,,,0,0,0,0,0,0
282,24,Santos,0,0,,,0,0,0,0,0,0
283,24,Goias,,0,,,0,0,0,0,0,0
283,24,Vasco,0,0,,,0,0,0,0,0,0
284,24,Cruzeiro,0,0,,,0,0,0,0,0,0
284,24,Sao Paulo,0,0,,,0,0,0,0,0,0
285,24,Bahia,0,0,,,0,0,0,0,0,0
285,24,Flamengo,0,0,,,0,0,0,0,0,0
286,24,Corinthians,0,0,,,0,0,0,0,0,0
286,24,Figueirense,,0,,,0,0,0,0,0,0
287,24,Gremio,0,0,,,0,0,0,0,0,0
287,24,Guarani,0,0,,,0,0,0,0,0,0
288,24,Coritiba,,0,,,,0,0,0,0,0
288,24,Internacional,0,0,,,0,0,0,0,0,0
289,25,Criciuma,0,0,,,0,0,0,0,0,0
289,25,Fluminense,0,0,,,0,0,0,0,0,0
290,25,Cruzeiro,,0,,,0,0,0,0,0,0
290,25,Sao Caetano,0,0,,,0,0,0,0,0,0
291,25,Parana,0,0,,,0,0,0,0,,0
291,25,Santos,0,0,,,0,0,0,0,0,0
292,25,Juventude,0,0,,,0,0,0,0,0,0
292,25,Sao Paulo,0,0,,,0,0,0,0,0,0
293,25,Goias,0,0,,,0,0,0,0,0,0
293,25,Paysandu,0,0,,,0,0,0,0,0,0
294,25,Internacional,0,0,,,0,0,0,0,0,0
294,25,Ponte Preta,0,0,,,0,0,0,0,0,0
295,25,Coritiba,0,0,,,0,0,0,0,0,0
295,25,Flamengo,0,0,,,0,0,0,0,0,0
296,25,Atletico-Mg,0,0,,,0,0,0,0,0,0
296,25,Corinthians,0,0,,,,0,0,0,0,0
297,25,Figueirense,0,0,,,0,0,0,0,0,0
297,25,Vitoria,0,0,,,0,0,0,0,0,0
298,25,Bahia,0,0,,,0,0,0,0,0,0
298,25,Fortaleza,0,0,,,0,0,0,0,0,0
299,25,Guarani,0,0,,,0,0,0,0,0,0
299,25,Vasco,0,0,,,0,0,0,0,0,0
300,25,Athletico-Pr,0,0,,,0,0,0,0,0,0
300,25,Gremio,0,0,,,0,0,0,0,0,0
301,26,Vasco,0,0,,,0,0,0,0,0,0
301,26,Vitoria,0,0,,,0,0,0,0,0,0
302,26,Bahia,0,0,,,0,0,0,0,0,0
302,26,Internacional,0,0,,,0,0,0,0,0,0
303,26,Figueirense,0,0,,,0,0,0,0,0,0
303,26,Santos,0,0,,,0,0,0,0,0,0
304,26,Coritiba,0,0,,,0,0,0,0,0,0
304,26,Juventude,0,0,,,0,0,0,0,0,0
305,26,Athletico-Pr,0,0,,,0,0,0,0,0,0
305,26,Atletico-Mg,0,0,,,0,0,0,0,0,0
306,26,Criciuma,,0,,,0,0,0,0,0,0
306,26,Sao Paulo,0,0,,,0,0,0,0,0,0
307,26,Corinthians,0,0,,,0,0,0,0,0,0
307,26,Paysandu,0,0,,,0,0,0,0,0,0
308,26,Fortaleza,0,0,,,0,0,0,0,0,0
308,26,Sao Caetano,0,0,,,0,0,0,0,0,0
309,26,Cruzeiro,0,0,,,0,0,0,0,0,0
309,26,Ponte Preta,0,0,,,0,0,0,0,0,0
310,26,Guarani,,0,,,0,0,0,0,0,0
310,26,Parana,0,0,,,0,0,0,0,0,0
311,26,Goias,0,0,,,,0,0,0,0,0
311,26,Gremio,,0,,,0,0,0,0,,0
312,26,Flamengo,0,0,,,0,0,0,0,0,0
312,26,Fluminense,0,0,,,0,0,0,0,0,0
313,27,Flamengo,0,0,,,0,0,0,0,0,0
313,27,Sao Caetano,0,0,,,0,0,0,0,0,0
314,27,Goias,0,0,,,0,0,0,0,0,0
314,27,Parana,0,0,,,0,0,0,0,0,0
315,27,Bahia,0,0,,,0,0,0,0,0,0
315,27,Juventude,0,0,,,0,0,0,0,0,0
316,27,Coritiba,0,0,,,0,0,0,0,0,0
316,27,Cruzeiro,0,0,,,0,0,0,0,0,0
317,27,Athletico-Pr,0,0,,,0,0,0,0,0,0
317,27,Figueirense,0,0,,,0,0,0,0,0,0
318,27,Gremio,0,0,,,0,0,0,0,0,0
318,27,Vitoria,0,0,,,0,0,0,0,0,0
319,27,Paysandu,0,0,,,0,0,0,0,0,0
319,27,Santos,,0,,,0,0,0,0,0,0
320,27,Fortaleza,0,0,,,0,0,0,0,0,0
320,27,Sao Paulo,0,0,,,0,0,0,0,0,0
321,27,Corinthians,0,0,,,,0,0,0,0,0
321,27,Vasco,0,0,,,0,0,0,0,0,0
322,27,Fluminense,0,0,,,0,0,0,0,0,0
322,27,Internacional,0,0,,,0,0,0,0,0,0
323,27,Atletico-Mg,0,0,,,0,0,0,0,0,0
323,27,Guarani,0,0,,,0,0,0,0,0,0
324,27,Criciuma,,0,,,0,0,0,0,0,0
324,27,Ponte Preta,0,0,,,0,0,0,0,0,0
325,28,Flamengo,0,0,,,,0,0,0,0,0
325,28,Santos,0,0,,,0,0,0,0,0,0
326,28,Athletico-Pr,0,0,,,0,0,0,0,0,0
326,28,Fortaleza,0,0,,,0,0,0,0,0,0
327,28,Cruzeiro,0,0,,,,0,0,0,0,0
327,28,Goias,0,0,,,,0,0,0,0,0
328,28,Gremio,0,0,,,0,0,0,0,0,0
328,28,Sao Caetano,0,0,,,0,0,0,0,0,0
329,28,Sao Paulo,0,0,,,0,0,0,0,0,0
329,28,Vasco,0,0,,,0,0,0,0,0,0
330,28,Paysandu,0,0,,,0,0,0,0,,0
330,28,Ponte Preta,0,0,,,0,0,0,0,0,0
331,28,Fluminense,0,0,,,,0,0,0,0,0
331,28,Parana,0,0,,,,0,0,0,0,0
332,28,Juventude,0,0,,,0,0,0,0,0,0
332,28,Vitoria,0,0,,,0,0,0,0,0,0
333,28,Criciuma,0,0,,,0,0,0,0,0,0
333,28,Guarani,0,0,,,0,0,0,0,0,0
334,28,Coritiba,0,0,,,0,0,0,0,0,0
334,28,Figueirense,0,0,,,0,0,0,0,0,0
335,28,Corinthians,0,0,,,0,0,0,0,0,0
335,28,Internacional,0,0,,,0,0,0,0,0,0
336,28,Atletico-Mg,0,0,,,0,0,0,0,0,0
336,28,Bahia,0,0,,,0,0,0,0,0,0
337,29,Fluminense,0,0,,,,0,0,0,0,0
337,29,Gremio,0,0,,,,0,0,0,0,0
338,29,Fortaleza,0,0,,,0,0,0,0,0,0
338,29,Santos,0,0,,,0,0,0,0,0,0
339,29,Internacional,0,0,,,0,0,0,0,0,0
339,29,Vitoria,0,0,,,0,0,0,0,0,0
340,29,Cruzeiro,0,0,,,0,0,0,0,0,0
340,29,Guarani,0,0,,,0,0,0,0,0,0
341,29,Paysandu,0,0,,,0,0,0,0,0,0
341,29,Sao Paulo,0,0,,,0,0,0,0,0,0
342,29,Sao Caetano,0,0,,,0,0,0,0,0,0
342,29,Vasco,0,0,,,0,0,0,0,0,0
343,29,Goias,0,0,,,0,0,0,0,0,0
343,29,Juventude,0,0,,,0,0,0,0,0,0
344,29,Corinthians,0,0,,,0,0,0,0,0,0
344,29,Flamengo,0,0,,,0,0,0,0,0,0
345,29,Bahia,0,0,,,0,0,0,0,0,0
345,29,Parana,0,0,,,0,0,0,0,0,0
346,29,Figueirense,0,0,,,0,0,0,0,0,0
346,29,Ponte Preta,0,0,,,0,0,0,0,0,0
347,29,Athletico-Pr,0,0,,,0,0,0,0,0,0
347,29,Criciuma,0,0,,,0,0,0,0,0,0
348,29,Atletico-Mg,0,0,,,0,0,0,0,0,0
348,29,Coritiba,0,0,,,0,0,0,0,0,0
349,30,Criciuma,0,0,,,0,0,0,0,0,0
349,30,Santos,0,0,,,0,0,0,0,0,0
350,30,Athletico-Pr,0,0,,,0,0,0,0,0,0
350,30,Cruzeiro,0,0,,,0,0,0,0,0,0
351,30,Bahia,0,0,,,0,0,0,0,0,0
351,30,Gremio,0,0,,,0,0,0,0,0,0
352,30,Corinthians,0,0,,,,0,0,0,0,0
352,30,Fortaleza,0,0,,,0,0,0,0,0,0
353,30,Flamengo,0,0,,,0,0,0,0,0,0
353,30,Vitoria,0,0,,,0,0,0,0,0,0
354,30,Figueirense,0,0,,,,0,0,0,0,0
354,30,Sao Paulo,0,0,,,0,0,0,0,0,0
355,30,Goias,0,0,,,0,0,0,0,0,0
355,30,Internacional,0,0,,,0,0,0,0,0,0
356,30,Paysandu,0,0,,,0,0,0,0,0,0
356,30,Sao Caetano,,0,,,0,0,0,0,0,0
357,30,Guarani,,0,,,0,0,0,0,0,0
357,30,Juventude,0,0,,,0,0,0,0,0,0
358,30,Coritiba,,0,,,0,0,0,0,0,0
358,30,Parana,0,0,,,0,0,0,0,0,0
359,30,Fluminense,0,0,,,0,0,0,0,0,0
359,30,Vasco,0,0,,,0,0,0,0,0,0
360,30,Atletico-Mg,0,0,,,0,0,0,0,0,0
360,30,Ponte  Preta,,0,,,0,0,0,0,0,0
361,31,Cruzeiro,0,0,,,0,0,0,0,0,0
361,31,Santos,0,0,,,0,0,0,0,0,0
362,31,Coritiba,0,0,,,0,0,0,0,0,0
362,31,Gremio,0,0,,,0,0,0,0,0,0
363,31,Parana,0,0,,,0,0,0,0,0,0
363,31,Ponte Preta,0,0,,,0,0,0,0,0,0
364,31,Fluminense,0,0,,,0,0,0,0,0,0
364,31,Paysandu,0,0,,,0,0,0,0,0,0
365,31,Guarani,0,0,,,0,0,0,0,0,0
365,31,Internacional,0,0,,,0,0,0,0,0,0
366,31,Bahia,,0,,,0,0,0,0,0,0
366,31,Vasco,0,0,,,0,0,0,0,0,0
367,31,Corinthians,,0,,,0,0,0,0,0,0
367,31,Criciuma,0,0,,,0,0,0,0,0,0
368,31,Fortaleza,,0,,,,0,0,0,0,0
368,31,Vitoria,0,0,,,0,0,0,0,0,0
369,31,Athletico-Pr,0,0,,,0,0,0,0,0,0
369,31,Juventude,0,0,,,0,0,0,0,0,0
370,31,Figueirense,0,0,,,0,0,0,0,0,0
370,31,Sao Caetano,0,0,,,0,0,0,0,,0
371,31,Atletico-Mg,0,0,,,0,0,0,0,0,0
371,31,Sao Paulo,0,0,,,0,0,0,0,0,0
372,31,Flamengo,0,0,,,0,0,0,0,0,0
372,31,Goias,,0,,,0,0,0,0,0,0
373,32,Athletico-Pr,0,0,,,0,0,0,0,0,0
373,32,Internacional,0,0,,,0,0,0,0,0,0
374,32,Gremio,0,0,,,0,0,0,0,0,0
374,32,Ponte Preta,0,0,,,0,0,0,0,0,0
375,32,Fortaleza,0,0,,,0,0,0,0,0,0
375,32,Goias,0,0,,,0,0,0,0,0,0
376,32,Bahia,0,0,,,0,0,0,0,0,0
376,32,Paysandu,0,0,,,0,0,0,0,0,0
377,32,Criciuma,0,0,,,0,0,0,0,0,0
377,32,Vitoria,0,0,,,0,0,0,0,0,0
378,32,Flamengo,,0,,,0,0,0,0,0,0
378,32,Guarani,0,0,,,,0,0,0,0,0
379,32,Parana,0,0,,,0,0,0,0,0,0
379,32,Sao Paulo,0,0,,,0,0,0,0,0,0
380,32,Juventude,0,0,,,0,0,0,0,0,0
380,32,Santos,,0,,,0,0,0,0,0,0
381,32,Corinthians,0,0,,,0,0,0,0,0,0
381,32,Cruzeiro,0,0,,,0,0,0,0,0,0
382,32,Figueirense,0,0,,,0,0,0,0,0,0
382,32,Fluminense,0,0,,,0,0,0,0,0,0
383,32,Coritiba,0,0,,,0,0,0,0,0,0
383,32,Vasco,0,0,,,0,0,0,0,0,0
384,32,Atletico-Mg,0,0,,,0,0,0,0,0,0
384,32,Sao Caetano,0,0,,,0,0,0,0,0,0
385,33,Internacional,0,0,,,0,0,0,0,0,0
385,33,Santos,0,0,,,0,0,0,0,0,0
386,33,Gremio,0,0,,,0,0,0,0,0,0
386,33,Sao Paulo,0,0,,,0,0,0,0,0,0
387,33,Athletico-Pr,,0,,,0,0,0,0,,0
387,33,Flamengo,0,0,,,0,0,0,0,0,0
388,33,Cruzeiro,0,0,,,0,0,0,0,0,0
388,33,Vitoria,0,0,,,0,0,0,0,0,0
389,33,Bahia,0,0,,,0,0,0,0,0,0
389,33,Figueirense,,0,,,0,0,0,0,0,0
390,33,Criciuma,0,0,,,0,0,0,0,0,0
390,33,Goias,0,0,,,0,0,0,0,0,0
391,33,Fortaleza,0,0,,,0,0,0,0,0,0
391,33,Guarani,,0,,,0,0,0,0,0,0
392,33,Corinthians,,0,,,0,0,0,0,0,0
392,33,Juventude,0,0,,,0,0,0,0,0,0
393,33,Ponte Preta,0,0,,,0,0,0,0,0,0
393,33,Vasco,0,0,,,0,0,0,0,0,0
394,33,Parana,0,0,,,0,0,0,0,0,0
394,33,Sao  Caetano,0,0,,,0,0,0,0,0,0
395,33,Atletico-Mg,0,0,,,0,0,0,0,0,0
395,33,Fluminense,0,0,,,0,0,0,0,0,0
396,33,Coritiba,0,0,,,0,0,0,0,0,0
396,33,Paysandu,0,0,,,0,0,0,0,0,0
397,34,Athletico-Pr,0,0,,,0,0,0,0,0,0
397,34,Fluminense,0,0,,,0,0,0,0,0,0
398,34,Internacional,,0,,,0,0,0,0,0,0
398,34,Paysandu,0,0,,,0,0,0,0,0,0
399,34,Ponte Preta,0,0,,,0,0,0,0,0,0
399,34,Sao Caetano,0,0,,,0,0,0,0,0,0
400,34,Figueirense,0,0,,,0,0,0,0,0,0
400,34,Gremio,0,0,,,0,0,0,0,0,0
401,34,Santos,0,0,,,0,0,0,0,0,0
401,34,Sao Paulo,0,0,,,0,0,0,0,0,0
402,34,Corinthians,,0,,,0,0,0,0,0,0
402,34,Vitoria,0,0,,,0,0,0,0,0,0
403,34,Bahia,0,0,,,0,0,0,0,0,0
403,34,Goias,0,0,,,0,0,0,0,0,0
404,34,Atletico-Mg,0,0,,,0,0,0,0,0,0
404,34,Vasco,,0,,,0,0,0,0,0,0
405,34,Fortaleza,0,0,,,0,0,0,0,0,0
405,34,Juventude,0,0,,,0,0,0,0,0,0
406,34,Coritiba,0,0,,,0,0,0,0,0,0
406,34,Guarani,0,0,,,0,0,0,0,0,0
407,34,Flamengo,0,0,,,0,0,0,0,0,0
407,34,Parana,0,0,,,0,0,0,0,0,0
408,34,Criciuma,0,0,,,0,0,0,0,0,0
408,34,Cruzeiro,0,0,,,0,0,0,0,0,0
409,35,Juventude,0,0,,,0,0,0,0,0,0
409,35,Vasco,0,0,,,0,0,0,0,0,0
410,35,Fortaleza,0,0,,,,0,0,0,0,0
410,35,Gremio,,0,,,0,0,0,0,0,0
411,35,Corinthians,0,0,,,0,0,0,0,0,0
411,35,Sao  Caetano,0,0,,,0,0,0,0,0,0
412,35,Coritiba,0,0,,,0,0,0,0,0,0
412,35,Goias,0,0,,,0,0,0,0,0,0
413,35,Athletico-Pr,,0,,,0,0,0,0,0,0
413,35,Ponte Preta,0,0,,,0,0,0,0,0,0
414,35,Guarani,0,0,,,0,0,0,0,0,0
414,35,Santos,0,0,,,0,0,0,0,0,0
415,35,Bahia,0,0,,,0,0,0,0,,0
415,35,Sao Paulo,0,0,,,0,0,0,0,0,0
416,35,Cruzeiro,0,0,,,0,0,0,0,0,0
416,35,Flamengo,0,0,,,0,0,0,0,0,0
417,35,Parana,0,0,,,0,0,0,0,0,0
417,35,Paysandu,0,0,,,0,0,0,0,0,0
418,35,Criciuma,0,0,,,0,0,0,0,0,0
418,35,Internacional,0,0,,,0,0,0,0,0,0
419,35,Fluminense,,0,,,0,0,0,0,0,0
419,35,Vitoria,0,0,,,0,0,0,0,0,0
420,35,Atletico-Mg,0,0,,,0,0,0,0,0,0
420,35,Figueirense,0,0,,,0,0,0,0,0,0
421,36,Athletico-Pr,0,0,,,0,0,0,0,0,0
421,36,Coritiba,0,0,,,0,0,0,0,0,0
422,36,Guarani,0,0,,,0,0,0,0,0,0
422,36,Ponte Preta,0,0,,,0,0,0,0,0,0
423,36,Santos,0,0,,,0,0,0,0,0,0
423,36,Sao Caetano,0,0,,,0,0,0,0,0,0
424,36,Atletico-Mg,0,0,,,0,0,0,0,0,0
424,36,Cruzeiro,0,0,,,0,0,0,0,0,0
425,36,Criciuma,0,0,,,0,0,0,0,0,0
425,36,Figueirense,0,0,,,0,0,0,0,0,0
426,36,Corinthians,0,0,,,0,0,0,0,0,0
426,36,Sao Paulo,0,0,,,0,0,0,0,0,0
427,36,Bahia,,0,,,0,0,0,0,0,0
427,36,Vitoria,0,0,,,0,0,0,0,0,0
428,36,Fluminense,0,0,,,0,0,0,0,0,0
428,36,Goias,0,0,,,0,0,0,0,0,0
429,36,Juventude,0,0,,,0,0,0,0,0,0
429,36,Parana,,0,,,0,0,0,0,0,0
430,36,Flamengo,0,0,,,0,0,0,0,0,0
430,36,Vasco,0,0,,,0,0,0,0,0,0
431,36,Gremio,0,0,,,0,0,0,0,0,0
431,36,Internacional,0,0,,,0,0,0,0,0,0
432,36,Fortaleza,0,0,,,0,0,0,0,0,0
432,36,Paysandu,0,0,,,0,0,0,0,0,0
433,37,Goias,0,0,,,0,0,0,0,0,0
433,37,Sao Paulo,0,0,,,0,0,0,0,0,0
434,37,Fluminense,0,0,,,0,0,0,0,0,0
434,37,Guarani,0,0,,,0,0,0,0,0,0
435,37,Flamengo,0,0,,,0,0,0,0,0,0
435,37,Paysandu,0,0,,,0,0,0,0,0,0
436,37,Atletico-Mg,0,0,,,0,0,0,0,0,0
436,37,Gremio,0,0,,,0,0,0,0,0,0
437,37,Bahia,0,0,,,,0,0,0,0,0
437,37,Coritiba,0,0,,,0,0,0,0,0,0
438,37,Internacional,0,0,,,0,0,0,0,0,0
438,37,Parana,0,0,,,0,0,0,0,0,0
439,37,Athletico-Pr,0,0,,,0,0,0,0,0,0
439,37,Santos,0,0,,,0,0,0,0,0,0
440,37,Criciuma,0,0,,,0,0,0,0,0,0
440,37,Vasco,0,0,,,0,0,0,0,0,0
441,37,Figueirense,0,0,,,0,0,0,0,0,0
441,37,Fortaleza,0,0,,,0,0,0,0,0,0
442,37,Sao  Caetano,0,0,,,0,0,0,0,0,0
442,37,Vitoria,0,0,,,0,0,0,0,0,0
443,37,Corinthians,0,0,,,0,0,0,0,0,0
443,37,Ponte Preta,0,0,,,0,0,0,0,0,0
444,37,Cruzeiro,0,0,,,0,0,0,0,0,0
444,37,Juventude,0,0,,,0,0,0,0,0,0
445,38,Goias,0,0,,,0,0,0,0,0,0
445,38,Ponte  Preta,,0,,,,0,0,0,0,0
446,38,Coritiba,0,0,,,,0,0,0,0,0
446,38,Sao Caetano,0,0,,,0,0,0,0,0,0
447,38,Athletico-Pr,,0,,,0,0,0,0,0,0
447,38,Vitoria,0,0,,,0,0,0,0,0,0
448,38,Figueirense,0,0,,,0,0,0,0,0,0
448,38,Flamengo,0,0,,,0,0,0,0,0,0
449,38,Corinthians,,0,,,0,0,0,0,0,0
449,38,Fluminense,0,0,,,0,0,0,0,0,0
450,38,Cruzeiro,0,0,,,0,0,0,0,0,0
450,38,Internacional,0,0,,,0,0,0,0,0,0
451,38,Bahia,0,0,,,0,0,0,0,0,0
451,38,Santos,0,0,,,0,0,0,0,0,0
452,38,Criciuma,0,0,,,0,0,0,0,0,0
452,38,Paysandu,,0,,,0,0,0,0,0,0
453,38,Guarani,0,0,,,0,0,0,0,0,0
453,38,Sao Paulo,0,0,,,0,0,0,0,0,0
454,38,Atletico-Mg,0,0,,,0,0,0,0,0,0
454,38,Parana,0,0,,,0,0,0,0,0,0
455,38,Gremio,,0,,,0,0,0,0,0,0
455,38,Juventude,0,0,,,0,0,0,0,0,0
456,38,Fortaleza,0,0,,,0,0,0,0,0,0
456,38,Vasco,,0,,,0,0,0,0,0,0
457,39,Coritiba,0,0,,,0,0,0,0,0,0
457,39,Santos,0,0,,,0,0,0,0,0,0
458,39,Bahia,0,0,,,0,0,0,0,0,0
458,39,Fluminense,0,0,,,0,0,0,0,0,0
459,39,Ponte Preta,0,0,,,0,0,0,0,0,0
459,39,Vitoria,0,0,,,,0,0,0,0,0
460,39,Cruzeiro,,0,,,0,0,0,0,0,0
460,39,Figueirense,0,0,,,0,0,0,0,0,0
461,39,Sao Caetano,0,0,,,0,0,0,0,0,0
461,39,Sao Paulo,,0,,,0,0,0,0,0,0
462,39,Parana,0,0,,,0,0,0,0,0,0
462,39,Vasco,0,0,,,0,0,0,0,0,0
463,39,Goias,0,0,,,0,0,0,0,0,0
463,39,Guarani,,0,,,0,0,0,0,0,0
464,39,Criciuma,0,0,,,0,0,0,0,0,0
464,39,Fortaleza,0,0,,,0,0,0,0,0,0
465,39,Athletico-Pr,0,0,,,0,0,0,0,0,0
465,39,Corinthians,0,0,,,0,0,0,0,0,0
466,39,Atletico-Mg,0,0,,,0,0,0,0,0,0
466,39,Paysandu,0,0,,,0,0,0,0,0,0
467,39,Flamengo,0,0,,,0,0,0,0,0,0
467,39,Gremio,0,0,,,0,0,0,0,0,0
468,39,Internacional,0,0,,,0,0,0,0,0,0
468,39,Juventude,0,0,,,0,0,0,0,0,0
469,40,Bahia,0,0,,,0,0,0,0,0,0
469,40,Guarani,0,0,,,0,0,0,0,0,0
470,40,Athletico-Pr,,0,,,0,0,0,0,0,0
470,40,Sao Caetano,0,0,,,,0,0,0,0,0
471,40,Gremio,0,0,,,0,0,0,0,0,0
471,40,Parana,0,0,,,0,0,0,0,0,0
472,40,Fluminense,0,0,,,0,0,0,0,0,0
472,40,Ponte Preta,0,0,,,0,0,0,0,0,0
473,40,Atletico-Mg,0,0,,,0,0,0,0,0,0
473,40,Criciuma,0,0,,,0,0,0,0,0,0
474,40,Corinthians,0,0,,,0,0,0,0,0,0
474,40,Santos,0,0,,,0,0,0,0,0,0
475,40,Flamengo,0,0,,,0,0,0,0,0,0
475,40,Juventude,0,0,,,0,0,0,0,0,0
476,40,Cruzeiro,0,0,,,0,0,0,0,0,0
476,40,Fortaleza,0,0,,,0,0,0,0,0,0
477,40,Figueirense,,0,,,0,0,0,0,0,0
477,40,Paysandu,0,0,,,0,0,0,0,0,0
478,40,Goias,0,0,,,0,0,0,0,0,0
478,40,Vitoria,0,0,,,0,0,0,0,0,0
479,40,Internacional,0,0,,,0,0,0,0,0,0
479,40,Vasco,0,0,,,0,0,0,0,0,0
480,40,Coritiba,,0,,,0,0,0,0,0,0
480,40,Sao Paulo,0,0,,,0,0,0,0,0,0
481,41,Figueirense,0,0,,,0,0,0,0,0,0
481,41,Parana,0,0,,,0,0,0,0,0,0
482,41,Fortaleza,,0,,,0,0,0,0,0,0
482,41,Internacional,0,0,,,0,0,0,0,0,0
483,41,Criciuma,0,0,,,0,0,0,0,0,0
483,41,Juventude,0,0,,,0,0,0,0,0,0
484,41,Paysandu,0,0,,,0,0,0,0,0,0
484,41,Vasco,0,0,,,0,0,0,0,0,0
485,41,Fluminense,0,0,,,0,0,0,0,0,0
485,41,Sao Paulo,0,0,,,0,0,0,0,0,0
486,41,Corinthians,0,0,,,0,0,0,0,0,0
486,41,Coritiba,0,0,,,0,0,0,0,0,0
487,41,Santos,0,0,,,0,0,0,0,0,0
487,41,Vitoria,0,0,,,,0,0,0,0,0
488,41,Cruzeiro,0,0,,,0,0,0,0,0,0
488,41,Gremio,0,0,,,0,0,0,0,0,0
489,41,Bahia,0,0,,,0,0,0,0,,0
489,41,Ponte Preta,0,0,,,0,0,0,0,0,0
490,41,Athletico-Pr,,0,,,,0,0,0,0,0
490,41,Goias,0,0,,,0,0,0,0,0,0
491,41,Atletico-Mg,0,0,,,0,0,0,0,0,0
491,41,Flamengo,0,0,,,0,0,0,0,0,0
492,41,Guarani,0,0,,,0,0,0,0,0,0
492,41,Sao Caetano,0,0,,,0,0,0,0,0,0
493,42,Coritiba,0,0,,,0,0,0,0,0,0
493,42,Fluminense,0,0,,,,0,0,0,0,0
494,42,Gremio,0,0,,,0,0,0,0,0,0
494,42,Paysandu,0,0,,,0,0,0,0,0,0
495,42,Criciuma,0,0,,,0,0,0,0,0,0
495,42,Parana,0,0,,,0,0,0,0,0,0
496,42,Ponte Preta,,0,,,0,0,0,0,0,0
496,42,Santos,0,0,,,0,0,0,0,0,0
497,42,Cruzeiro,0,0,,,0,0,0,0,0,0
497,42,Vasco,0,0,,,0,0,0,0,0,0
498,42,Flamengo,0,0,,,0,0,0,0,0,0
498,42,Fortaleza,0,0,,,,0,0,0,0,0
499,42,Athletico-Pr,,0,,,0,0,0,0,0,0
499,42,Sao Paulo,0,0,,,0,0,0,0,0,0
500,42,Bahia,0,0,,,0,0,0,0,,0
500,42,Sao Caetano,0,0,,,0,0,0,0,0,0
501,42,Figueirense,0,0,,,0,0,0,0,0,0
501,42,Juventude,0,0,,,0,0,0,0,0,0
502,42,Guarani,0,0,,,0,0,0,0,0,0
502,42,Vitoria,0,0,,,0,0,0,0,0,0
503,42,Corinthians,0,0,,,0,0,0,0,0,0
503,42,Goias,0,0,,,0,0,0,0,0,0
504,42,Atletico-Mg,0,0,,,0,0,0,0,0,0
504,42,Internacional,0,0,,,0,0,0,0,0,0
505,43,Figueirense,0,0,,,,0,0,0,0,0
505,43,Internacional,0,0,,,0,0,0,0,0,0
506,43,Atletico-Mg,0,0,,,0,0,0,0,0,0
506,43,Fortaleza,0,0,,,0,0,0,0,0,0
507,43,Coritiba,0,0,,,0,0,0,0,0,0
507,43,Ponte Preta,0,0,,,0,0,0,0,0,0
508,43,Gremio,0,0,,,0,0,0,0,0,0
508,43,Vasco,0,0,,,0,0,0,0,0,0
509,43,Criciuma,0,0,,,0,0,0,0,0,0
509,43,Flamengo,0,0,,,0,0,0,0,0,0
510,43,Fluminense,0,0,,,0,0,0,0,0,0
510,43,Santos,,0,,,0,0,0,0,0,0
511,43,Cruzeiro,0,0,,,,0,0,0,0,0
511,43,Parana,0,0,,,0,0,0,0,0,0
512,43,Goias,0,0,,,0,0,0,0,0,0
512,43,Sao Caetano,0,0,,,0,0,0,0,0,0
513,43,Athletico-Pr,0,0,,,0,0,0,0,0,0
513,43,Bahia,0,0,,,0,0,0,0,0,0
514,43,Sao Paulo,0,0,,,0,0,0,0,0,0
514,43,Vitoria,0,0,,,0,0,0,0,0,0
515,43,Corinthians,0,0,,,0,0,0,0,0,0
515,43,Guarani,0,0,,,0,0,0,0,0,0
516,43,Juventude,,0,,,0,0,0,0,0,0
516,43,Paysandu,0,0,,,0,0,0,0,0,0
517,44,Figueirense,0,0,,,0,0,0,0,0,0
517,44,Vasco,0,0,,,0,0,0,0,0,0
518,44,Atletico-Mg,0,0,,,0,0,0,0,0,0
518,44,Juventude,0,0,,,0,0,0,0,0,0
519,44,Athletico-Pr,0,0,,,0,0,0,0,0,0
519,44,Guarani,0,0,,,0,0,0,0,0,0
520,44,Fluminense,0,0,,,0,0,0,0,0,0
520,44,Sao Caetano,0,0,,,0,0,0,0,0,0
521,44,Flamengo,0,0,,,0,0,0,0,0,0
521,44,Internacional,0,0,,,0,0,0,0,0,0
522,44,Goias,0,0,,,0,0,0,0,0,0
522,44,Santos,0,0,,,0,0,0,0,0,0
523,44,Fortaleza,0,0,,,0,0,0,0,0,0
523,44,Parana,0,0,,,0,0,0,0,0,0
524,44,Criciuma,0,0,,,0,0,0,0,0,0
524,44,Gremio,0,0,,,0,0,0,0,0,0
525,44,Coritiba,0,0,,,0,0,0,0,0,0
525,44,Vitoria,0,0,,,0,0,0,0,0,0
526,44,Ponte Preta,0,0,,,0,0,0,0,0,0
526,44,Sao  Paulo,0,0,,,0,0,0,0,,0
527,44,Bahia,0,0,,,,0,0,0,0,0
527,44,Corinthians,0,0,,,0,0,0,0,0,0
528,44,Cruzeiro,0,0,,,0,0,0,0,0,0
528,44,Paysandu,0,0,,,,0,0,0,0,0
529,45,Atletico-Mg,0,0,,,0,0,0,0,0,0
529,45,Vitoria,0,0,,,0,0,0,0,0,0
530,45,Figueirense,0,0,,,0,0,0,0,0,0
530,45,Goias,0,0,,,0,0,0,0,0,0
531,45,Athletico-Pr,0,0,,,0,0,0,0,0,0
531,45,Vasco,0,0,,,,0,0,0,0,0
532,45,Corinthians,0,0,,,,0,0,0,0,0
532,45,Parana,0,0,,,0,0,0,0,0,0
533,45,Cruzeiro,0,0,,,0,0,0,0,0,0
533,45,Fluminense,0,0,,,0,0,0,0,0,0
534,45,Guarani,0,0,,,0,0,0,0,0,0
534,45,Paysandu,0,0,,,0,0,0,0,0,0
535,45,Gremio,0,0,,,0,0,0,0,0,0
535,45,Santos,0,0,,,0,0,0,0,0,0
536,45,Flamengo,0,0,,,0,0,0,0,0,0
536,45,Ponte Preta,0,0,,,0,0,0,0,0,0
537,45,Bahia,0,0,,,0,0,0,0,,0
537,45,Criciuma,0,0,,,0,0,0,0,0,0
538,45,Coritiba,0,0,,,0,0,0,0,0,0
538,45,Fortaleza,0,0,,,0,0,0,0,0,0
539,45,Internacional,0,0,,,0,0,0,0,0,0
539,45,Sao Paulo,,0,,,,0,0,0,0,0
540,45,Juventude,0,0,,,0,0,0,0,0,0
540,45,Sao Caetano,0,0,,,0,0,0,0,0,0
541,46,Parana,0,0,,,0,0,0,0,0,0
541,46,Vitoria,0,0,,,0,0,0,0,0,0
542,46,Coritiba,0,0,,,0,0,0,0,0,0
542,46,Criciuma,0,0,,,0,0,0,0,0,0
543,46,Atletico-Mg,0,0,,,0,0,0,0,0,0
543,46,Goias,0,0,,,0,0,0,0,0,0
544,46,Figueirense,0,0,,,0,0,0,0,0,0
544,46,Guarani,0,0,,,0,0,0,0,0,0
545,46,Internacional,0,0,,,0,0,0,0,0,0
545,46,Sao Caetano,0,0,,,0,0,0,0,0,0
546,46,Corinthians,0,0,,,,0,0,0,0,0
546,46,Gremio,0,0,,,0,0,0,0,0,0
547,46,Fortaleza,0,0,,,0,0,0,0,0,0
547,46,Ponte Preta,,0,,,0,0,0,0,0,0
548,46,Bahia,0,0,,,0,0,0,0,0,0
548,46,Cruzeiro,0,0,,,0,0,0,0,0,0
549,46,Fluminense,0,0,,,0,0,0,0,0,0
549,46,Juventude,0,0,,,0,0,0,0,0,0
550,46,Athletico-Pr,0,0,,,0,0,0,0,0,0
550,46,Paysandu,0,0,,,0,0,0,0,0,0
551,46,Santos,0,0,,,0,0,0,0,0,0
551,46,Vasco,0,0,,,,0,0,0,0,0
552,46,Flamengo,0,0,,,0,0,0,0,0,0
552,46,Sao Paulo,0,0,,,0,0,0,0,,0
553,1,Botafogo-Rj,0,0,,,0,0,0,0,0,0
553,1,Goias,0,0,,,0,0,0,0,0,0
554,1,Figueirense,0,0,,,0,0,0,0,0,0
554,1,Internacional,0,0,,,0,0,0,0,0,0
555,1,Sao Caetano,0,0,,,0,0,0,0,0,0
555,1,Vitoria,0,0,,,0,0,0,0,0,0
556,1,Cruzeiro,0,0,,,0,0,0,0,0,0
556,1,Juventude,0,0,,,0,0,0,0,0,0
557,1,Atletico-Mg,0,0,,,0,0,0,0,0,0
557,1,Palmeiras,0,0,,,,0,0,0,0,0
558,1,Flamengo,0,0,,,0,0,0,0,0,0
558,1,Gremio,0,0,,,0,0,0,0,0,0
559,1,Corinthians,0,0,,,0,0,0,0,0,0
559,1,Ponte Preta,0,0,,,0,0,0,0,0,0
560,1,Parana,0,0,,,0,0,0,0,0,0
560,1,Santos,0,0,,,0,0,0,0,0,0
561,1,Coritiba,0,0,,,0,0,0,0,0,0
561,1,Guarani,0,0,,,0,0,0,0,0,0
562,1,Criciuma,0,0,,,0,0,0,0,0,0
562,1,Vasco,0,0,,,0,0,0,0,0,0
563,1,Fluminense,0,0,,,0,0,0,0,0,0
563,1,Paysandu,0,0,,,0,0,0,0,0,0
564,1,Athletico-Pr,0,0,,,0,0,0,0,0,0
564,1,Sao Paulo,0,0,,,0,0,0,0,0,0
565,2,Flamengo,0,0,,,0,0,0,0,0,0
565,2,Ponte Preta,0,0,,,0,0,0,0,0,0
566,2,Cruzeiro,0,0,,,0,0,0,0,0,0
566,2,Goias,0,0,,,0,0,0,0,0,0
567,2,Gremio,0,0,,,0,0,0,0,0,0
567,2,Juventude,0,0,,,0,0,0,0,0,0
568,2,Internacional,0,0,,,0,0,0,0,0,0
568,2,Palmeiras,0,0,,,0,0,0,0,0,0
569,2,Atletico-Mg,0,0,,,0,0,0,0,0,0
569,2,Vasco,0,0,,,0,0,0,0,0,0
570,2,Coritiba,0,0,,,0,0,0,0,0,0
570,2,Fluminense,0,0,,,0,0,0,0,0,0
571,2,Corinthians,0,0,,,0,0,0,0,0,0
571,2,Paysandu,0,0,,,0,0,0,0,0,0
572,2,Guarani,,0,,,0,0,0,0,0,0
572,2,Sao Caetano,,0,,,0,0,0,0,0,0
573,2,Athletico-Pr,0,0,,,0,0,0,0,0,0
573,2,Figueirense,0,0,,,0,0,0,0,0,0
574,2,Parana,0,0,,,0,0,0,0,0,0
574,2,Vitoria,0,0,,,0,0,0,0,0,0
575,2,Criciuma,0,0,,,0,0,0,0,0,0
575,2,Sao Paulo,,0,,,,0,0,0,0,0
576,2,Botafogo-Rj,0,0,,,,0,0,0,0,0
576,2,Santos,0,0,,,,0,0,0,0,0
577,3,Atletico-Mg,0,0,,,0,0,0,0,0,0
577,3,Botafogo-Rj,,0,,,0,0,0,0,0,0
578,3,Coritiba,0,0,,,0,0,0,0,,0
578,3,Internacional,0,0,,,,0,0,0,0,0
579,3,Athletico-Pr,0,0,,,0,0,0,0,0,0
579,3,Paysandu,,0,,,0,0,0,0,0,0
580,3,Criciuma,0,0,,,0,0,0,0,0,0
580,3,Cruzeiro,0,0,,,0,0,0,0,0,0
581,3,Goias,,0,,,0,0,0,0,0,0
581,3,Ponte Preta,0,0,,,0,0,0,0,0,0
582,3,Corinthians,0,0,,,0,0,0,0,0,0
582,3,Gremio,0,0,,,0,0,0,0,0,0
583,3,Figueirense,0,0,,,0,0,0,0,0,0
583,3,Santos,0,0,,,0,0,0,0,0,0
584,3,Fluminense,0,0,,,0,0,0,0,0,0
584,3,Sao Paulo,0,0,,,0,0,0,0,0,0
585,3,Flamengo,0,0,,,0,0,0,0,0,0
585,3,Parana,0,0,,,0,0,0,0,0,0
586,3,Guarani,,0,,,0,0,0,0,0,0
586,3,Vasco,0,0,,,0,0,0,0,0,0
587,3,Palmeiras,0,0,,,0,0,0,0,0,0
587,3,Vitoria,0,0,,,0,0,0,0,0,0
588,3,Juventude,0,0,,,0,0,0,0,0,0
588,3,Sao Caetano,0,0,,,,0,0,0,0,0
589,4,Internacional,0,0,,,0,0,0,0,0,0
589,4,Paysandu,0,0,,,,0,0,0,0,0
590,4,Botafogo-Rj,0,0,,,0,0,0,0,0,0
590,4,Criciuma,0,0,,,0,0,0,0,0,0
591,4,Atletico-Mg,0,0,,,0,0,0,0,0,0
591,4,Ponte Preta,0,0,,,0,0,0,0,0,0
592,4,Goias,0,0,,,,0,0,0,0,0
592,4,Gremio,0,0,,,0,0,0,0,0,0
593,4,Flamengo,0,0,,,0,0,0,0,0,0
593,4,Sao Caetano,0,0,,,0,0,0,0,0,0
594,4,Cruzeiro,0,0,,,0,0,0,0,0,0
594,4,Santos,0,0,,,0,0,0,0,0,0
595,4,Fluminense,0,0,,,0,0,0,0,0,0
595,4,Vasco,0,0,,,0,0,0,0,0,0
596,4,Corinthians,0,0,,,,0,0,0,0,0
596,4,Palmeiras,0,0,,,0,0,0,0,0,0
597,4,Juventude,0,0,,,0,0,0,0,0,0
597,4,Parana,0,0,,,0,0,0,0,0,0
598,4,Figueirense,0,0,,,0,0,0,0,0,0
598,4,Vitoria,0,0,,,0,0,0,0,0,0
599,4,Guarani,0,0,,,0,0,0,0,0,0
599,4,Sao Paulo,0,0,,,0,0,0,0,0,0
600,4,Athletico-Pr,0,0,,,0,0,0,0,0,0
600,4,Coritiba,0,0,,,0,0,0,0,0,0
601,5,Juventude,0,0,,,0,0,0,0,0,0
601,5,Santos,0,0,,,0,0,0,0,0,0
602,5,Cruzeiro,0,0,,,0,0,0,0,0,0
602,5,Parana,0,0,,,0,0,0,0,0,0
603,5,Athletico-Pr,0,0,,,0,0,0,0,0,0
603,5,Guarani,,0,,,,0,0,0,0,0
604,5,Criciuma,0,0,,,0,0,0,0,0,0
604,5,Sao Caetano,0,0,,,0,0,0,0,0,0
605,5,Gremio,0,0,,,,0,0,0,0,0
605,5,Vasco,0,0,,,0,0,0,0,0,0
606,5,Palmeiras,0,0,,,0,0,0,0,0,0
606,5,Ponte Preta,0,0,,,0,0,0,0,,0
607,5,Fluminense,0,0,,,0,0,0,0,0,0
607,5,Internacional,0,0,,,0,0,0,0,0,0
608,5,Atletico-Mg,0,0,,,0,0,0,0,0,0
608,5,Corinthians,0,0,,,0,0,0,0,0,0
609,5,Botafogo-Rj,0,0,,,,0,0,0,0,0
609,5,Paysandu,,0,,,0,0,0,0,0,0
610,5,Figueirense,,0,,,0,0,0,0,0,0
610,5,Goias,0,0,,,0,0,0,0,0,0
611,5,Flamengo,,0,,,0,0,0,0,0,0
611,5,Vitoria,0,0,,,0,0,0,0,0,0
612,5,Coritiba,0,0,,,0,0,0,0,0,0
612,5,Sao Paulo,0,0,,,0,0,0,0,0,0
613,6,Paysandu,0,0,,,0,0,0,0,0,0
613,6,Vasco,0,0,,,0,0,0,0,0,0
614,6,Athletico-Pr,0,0,,,0,0,0,0,0,0
614,6,Santos,0,0,,,0,0,0,0,0,0
615,6,Cruzeiro,0,0,,,0,0,0,0,0,0
615,6,Palmeiras,0,0,,,0,0,0,0,0,0
616,6,Flamengo,0,0,,,0,0,0,0,0,0
616,6,Internacional,0,0,,,0,0,0,0,0,0
617,6,Figueirense,0,0,,,0,0,0,0,0,0
617,6,Sao Caetano,0,0,,,0,0,0,0,0,0
618,6,Criciuma,0,0,,,0,0,0,0,0,0
618,6,Goias,0,0,,,0,0,0,0,0,0
619,6,Atletico-Mg,0,0,,,0,0,0,0,0,0
619,6,Juventude,0,0,,,0,0,0,0,0,0
620,6,Coritiba,0,0,,,0,0,0,0,0,0
620,6,Ponte Preta,,0,,,0,0,0,0,0,0
621,6,Botafogo-Rj,0,0,,,,0,0,0,0,0
621,6,Gremio,0,0,,,0,0,0,0,0,0
622,6,Parana,0,0,,,0,0,0,0,0,0
622,6,Sao Paulo,0,0,,,0,0,0,0,0,0
623,6,Fluminense,0,0,,,0,0,0,0,0,0
623,6,Vitoria,0,0,,,0,0,0,0,0,0
624,6,Corinthians,0,0,,,0,0,0,0,0,0
624,6,Guarani,0,0,,,0,0,0,0,0,0
625,7,Botafogo-Rj,0,0,,,0,0,0,0,0,0
625,7,Figueirense,0,0,,,0,0,0,0,0,0
626,7,Gremio,0,0,,,0,0,0,0,0,0
626,7,Paysandu,0,0,,,0,0,0,0,0,0
627,7,Goias,0,0,,,0,0,0,0,0,0
627,7,Internacional,0,0,,,0,0,0,0,0,0
628,7,Atletico-Mg,0,0,,,0,0,0,0,0,0
628,7,Coritiba,0,0,,,0,0,0,0,0,0
629,7,Palmeiras,0,0,,,0,0,0,0,0,0
629,7,Santos,0,0,,,0,0,0,0,0,0
630,7,Flamengo,0,0,,,0,0,0,0,0,0
630,7,Fluminense,0,0,,,0,0,0,0,0,0
631,7,Sao Caetano,0,0,,,0,0,0,0,0,0
631,7,Vasco,0,0,,,0,0,0,0,0,0
632,7,Parana,0,0,,,0,0,0,0,0,0
632,7,Ponte Preta,0,0,,,0,0,0,0,0,0
633,7,Criciuma,0,0,,,0,0,0,0,0,0
633,7,Vitoria,0,0,,,0,0,0,0,0,0
634,7,Guarani,0,0,,,0,0,0,0,0,0
634,7,Juventude,0,0,,,0,0,0,0,0,0
635,7,Athletico-Pr,0,0,,,0,0,0,0,0,0
635,7,Corinthians,0,0,,,,0,0,0,0,0
636,7,Cruzeiro,,0,,,0,0,0,0,0,0
636,7,Sao Paulo,0,0,,,0,0,0,0,0,0
637,8,Criciuma,0,0,,,0,0,0,0,0,0
637,8,Fluminense,0,0,,,0,0,0,0,0,0
638,8,Juventude,0,0,,,0,0,0,0,0,0
638,8,Ponte Preta,0,0,,,0,0,0,0,0,0
639,8,Figueirense,0,0,,,0,0,0,0,0,0
639,8,Paysandu,0,0,,,0,0,0,0,0,0
640,8,Coritiba,0,0,,,0,0,0,0,0,0
640,8,Palmeiras,,0,,,,0,0,0,0,0
641,8,Internacional,0,0,,,,0,0,0,0,0
641,8,Vitoria,0,0,,,0,0,0,0,0,0
642,8,Atletico-Mg,0,0,,,0,0,0,0,0,0
642,8,Santos,0,0,,,,0,0,0,0,0
643,8,Botafogo-Rj,,0,,,0,0,0,0,0,0
643,8,Vasco,0,0,,,0,0,0,0,0,0
644,8,Corinthians,0,0,,,0,0,0,0,0,0
644,8,Sao Paulo,0,0,,,0,0,0,0,0,0
645,8,Guarani,0,0,,,0,0,0,0,0,0
645,8,Parana,0,0,,,0,0,0,0,0,0
646,8,Flamengo,0,0,,,0,0,0,0,0,0
646,8,Goias,0,0,,,0,0,0,0,0,0
647,8,Athletico-Pr,0,0,,,0,0,0,0,0,0
647,8,Cruzeiro,0,0,,,0,0,0,0,0,0
648,8,Gremio,0,0,,,0,0,0,0,0,0
648,8,Sao Caetano,0,0,,,0,0,0,0,0,0
649,9,Fluminense,0,0,,,0,0,0,0,0,0
649,9,Guarani,0,0,,,0,0,0,0,0,0
650,9,Botafogo-Rj,0,0,,,0,0,0,0,0,0
650,9,Parana,0,0,,,0,0,0,0,0,0
651,9,Atletico-Mg,0,0,,,0,0,0,0,0,0
651,9,Internacional,0,0,,,0,0,0,0,0,0
652,9,Gremio,0,0,,,0,0,0,0,0,0
652,9,Sao Paulo,0,0,,,0,0,0,0,0,0
653,9,Corinthians,0,0,,,0,0,0,0,0,0
653,9,Goias,0,0,,,0,0,0,0,0,0
654,9,Palmeiras,0,0,,,0,0,0,0,0,0
654,9,Vasco,0,0,,,0,0,0,0,0,0
655,9,Cruzeiro,0,0,,,0,0,0,0,0,0
655,9,Paysandu,0,0,,,0,0,0,0,0,0
656,9,Coritiba,0,0,,,0,0,0,0,0,0
656,9,Sao Caetano,,0,,,,0,0,0,0,0
657,9,Criciuma,0,0,,,0,0,0,0,0,0
657,9,Juventude,0,0,,,0,0,0,0,0,0
658,9,Figueirense,0,0,,,,0,0,0,0,0
658,9,Ponte Preta,0,0,,,0,0,0,0,0,0
659,9,Athletico-Pr,0,0,,,0,0,0,0,0,0
659,9,Flamengo,0,0,,,0,0,0,0,0,0
660,9,Santos,0,0,,,0,0,0,0,0,0
660,9,Vitoria,0,0,,,0,0,0,0,0,0
661,10,Coritiba,0,0,,,0,0,0,0,0,0
661,10,Gremio,0,0,,,0,0,0,0,0,0
662,10,Athletico-Pr,0,0,,,0,0,0,0,0,0
662,10,Vitoria,0,0,,,0,0,0,0,0,0
663,10,Parana,0,0,,,0,0,0,0,0,0
663,10,Vasco,0,0,,,0,0,0,0,0,0
664,10,Cruzeiro,0,0,,,0,0,0,0,0,0
664,10,Figueirense,0,0,,,0,0,0,0,0,0
665,10,Palmeiras,0,0,,,0,0,0,0,0,0
665,10,Sao Caetano,0,0,,,0,0,0,0,0,0
666,10,Corinthians,0,0,,,0,0,0,0,0,0
666,10,Flamengo,0,0,,,0,0,0,0,0,0
667,10,Botafogo-Rj,,0,,,,0,0,0,0,0
667,10,Ponte Preta,0,0,,,0,0,0,0,0,0
668,10,Paysandu,0,0,,,0,0,0,0,0,0
668,10,Sao Paulo,0,0,,,0,0,0,0,0,0
669,10,Criciuma,0,0,,,0,0,0,0,0,0
669,10,Guarani,0,0,,,0,0,0,0,0,0
670,10,Goias,0,0,,,0,0,0,0,0,0
670,10,Juventude,0,0,,,0,0,0,0,0,0
671,10,Internacional,0,0,,,0,0,0,0,0,0
671,10,Santos,0,0,,,0,0,0,0,0,0
672,10,Atletico-Mg,0,0,,,0,0,0,0,0,0
672,10,Fluminense,0,0,,,0,0,0,0,0,0
673,11,Criciuma,0,0,,,0,0,0,0,0,0
673,11,Gremio,0,0,,,0,0,0,0,0,0
674,11,Coritiba,0,0,,,0,0,0,0,0,0
674,11,Parana,0,0,,,0,0,0,0,0,0
675,11,Figueirense,,0,,,0,0,0,0,0,0
675,11,Flamengo,0,0,,,0,0,0,0,0,0
676,11,Guarani,0,0,,,,0,0,0,0,0
676,11,Santos,0,0,,,0,0,0,0,0,0
677,11,Internacional,0,0,,,0,0,0,0,0,0
677,11,Vasco,0,0,,,0,0,0,0,0,0
678,11,Corinthians,0,0,,,,0,0,0,0,0
678,11,Juventude,0,0,,,0,0,0,0,0,0
679,11,Botafogo-Rj,0,0,,,0,0,0,0,0,0
679,11,Fluminense,0,0,,,0,0,0,0,0,0
680,11,Palmeiras,0,0,,,0,0,0,0,0,0
680,11,Sao Paulo,0,0,,,0,0,0,0,0,0
681,11,Paysandu,0,0,,,0,0,0,0,0,0
681,11,Vitoria,0,0,,,0,0,0,0,0,0
682,11,Goias,0,0,,,0,0,0,0,0,0
682,11,Sao Caetano,0,0,,,0,0,0,0,0,0
683,11,Cruzeiro,0,0,,,0,0,0,0,0,0
683,11,Ponte Preta,0,0,,,0,0,0,0,0,0
684,11,Athletico-Pr,0,0,,,0,0,0,0,0,0
684,11,Atletico-Mg,0,0,,,0,0,0,0,0,0
685,12,Criciuma,0,0,,,0,0,0,0,0,0
685,12,Internacional,0,0,,,0,0,0,0,0,0
686,12,Ponte  Preta,0,0,,,0,0,0,0,0,0
686,12,Sao Paulo,0,0,,,0,0,0,0,0,0
687,12,Athletico-Pr,0,0,,,0,0,0,0,0,0
687,12,Juventude,0,0,,,,0,0,0,0,0
688,12,Figueirense,0,0,,,0,0,0,0,0,0
688,12,Vasco,0,0,,,0,0,0,0,0,0
689,12,Goias,0,0,,,0,0,0,0,0,0
689,12,Vitoria,0,0,,,0,0,0,0,0,0
690,12,Atletico-Mg,0,0,,,0,0,0,0,0,0
690,12,Guarani,0,0,,,0,0,0,0,0,0
691,12,Fluminense,0,0,,,0,0,0,0,0,0
691,12,Gremio,0,0,,,0,0,0,0,0,0
692,12,Palmeiras,,0,,,0,0,0,0,0,0
692,12,Parana,0,0,,,0,0,0,0,0,0
693,12,Botafogo-Rj,0,0,,,0,0,0,0,0,0
693,12,Sao Caetano,0,0,,,0,0,0,0,0,0
694,12,Corinthians,0,0,,,,0,0,0,0,0
694,12,Santos,0,0,,,0,0,0,0,0,0
695,12,Flamengo,0,0,,,0,0,0,0,0,0
695,12,Paysandu,0,0,,,0,0,0,0,0,0
696,12,Coritiba,0,0,,,0,0,0,0,0,0
696,12,Cruzeiro,0,0,,,0,0,0,0,0,0
697,13,Atletico-Mg,0,0,,,0,0,0,0,0,0
697,13,Sao Paulo,0,0,,,,0,0,0,0,0
698,13,Fluminense,0,0,,,0,0,0,0,0,0
698,13,Goias,0,0,,,0,0,0,0,0,0
699,13,Figueirense,0,0,,,0,0,0,0,0,0
699,13,Gremio,0,0,,,0,0,0,0,0,0
700,13,Vasco,0,0,,,,0,0,0,0,0
700,13,Vitoria,,0,,,,0,0,0,0,0
701,13,Botafogo-Rj,0,0,,,0,0,0,0,0,0
701,13,Internacional,0,0,,,0,0,0,0,0,0
702,13,Athletico-Pr,0,0,,,0,0,0,0,0,0
702,13,Parana,0,0,,,0,0,0,0,0,0
703,13,Cruzeiro,0,0,,,,0,0,0,0,0
703,13,Guarani,0,0,,,0,0,0,0,0,0
704,13,Juventude,0,0,,,0,0,0,0,0,0
704,13,Palmeiras,0,0,,,0,0,0,0,,0
705,13,Paysandu,0,0,,,0,0,0,0,0,0
705,13,Sao Caetano,0,0,,,0,0,0,0,0,0
706,13,Criciuma,0,0,,,0,0,0,0,0,0
706,13,Flamengo,0,0,,,0,0,0,0,0,0
707,13,Ponte Preta,0,0,,,0,0,0,0,0,0
707,13,Santos,0,0,,,,0,0,0,0,0
708,13,Corinthians,0,0,,,0,0,0,0,0,0
708,13,Coritiba,0,0,,,0,0,0,0,0,0
709,14,Guarani,0,0,,,,0,0,0,0,0
709,14,Ponte  Preta,0,0,,,0,0,0,0,0,0
710,14,Gremio,0,0,,,0,0,0,0,0,0
710,14,Internacional,0,0,,,0,0,0,0,0,0
711,14,Santos,0,0,,,0,0,0,0,0,0
711,14,Sao Paulo,0,0,,,0,0,0,0,0,0
712,14,Botafogo-Rj,0,0,,,0,0,0,0,0,0
712,14,Vitoria,0,0,,,0,0,0,0,0,0
713,14,Flamengo,0,0,,,0,0,0,0,0,0
713,14,Vasco,0,0,,,,0,0,0,0,0
714,14,Coritiba,0,0,,,0,0,0,0,0,0
714,14,Juventude,0,0,,,0,0,0,0,0,0
715,14,Goias,0,0,,,0,0,0,0,0,0
715,14,Paysandu,0,0,,,0,0,0,0,0,0
716,14,Corinthians,,0,,,0,0,0,0,0,0
716,14,Parana,0,0,,,0,0,0,0,0,0
717,14,Athletico-Pr,0,0,,,0,0,0,0,0,0
717,14,Palmeiras,0,0,,,0,0,0,0,0,0
718,14,Criciuma,0,0,,,0,0,0,0,0,0
718,14,Figueirense,0,0,,,0,0,0,0,0,0
719,14,Fluminense,0,0,,,0,0,0,0,0,0
719,14,Sao Caetano,0,0,,,0,0,0,0,0,0
720,14,Atletico-Mg,0,0,,,0,0,0,0,0,0
720,14,Cruzeiro,0,0,,,0,0,0,0,0,0
721,15,Atletico-Mg,0,0,,,0,0,0,0,0,0
721,15,Vitoria,0,0,,,0,0,0,0,0,0
722,15,Corinthians,,0,,,0,0,0,0,0,0
722,15,Criciuma,0,0,,,0,0,0,0,0,0
723,15,Fluminense,0,0,,,0,0,0,0,0,0
723,15,Juventude,0,0,,,0,0,0,0,0,0
724,15,Cruzeiro,0,0,,,0,0,0,0,0,0
724,15,Gremio,,0,,,,0,0,0,0,0
725,15,Guarani,0,0,,,0,0,0,0,0,0
725,15,Internacional,0,0,,,0,0,0,0,0,0
726,15,Figueirense,0,0,,,0,0,0,0,0,0
726,15,Parana,0,0,,,0,0,0,0,0,0
727,15,Paysandu,0,0,,,0,0,0,0,0,0
727,15,Ponte Preta,0,0,,,0,0,0,0,0,0
728,15,Athletico-Pr,0,0,,,0,0,0,0,0,0
728,15,Goias,,0,,,0,0,0,0,0,0
729,15,Coritiba,0,0,,,0,0,0,0,0,0
729,15,Vasco,,0,,,0,0,0,0,0,0
730,15,Sao Caetano,0,0,,,,0,0,0,0,0
730,15,Sao Paulo,0,0,,,0,0,0,0,0,0
731,15,Botafogo-Rj,0,0,,,0,0,0,0,0,0
731,15,Palmeiras,0,0,,,0,0,0,0,0,0
732,15,Flamengo,0,0,,,0,0,0,0,0,0
732,15,Santos,0,0,,,0,0,0,0,0,0
733,16,Botafogo-Rj,,0,,,0,0,0,0,0,0
733,16,Cruzeiro,0,0,,,0,0,0,0,0,0
734,16,Athletico-Pr,,0,,,0,0,0,0,0,0
734,16,Internacional,0,0,,,0,0,0,0,0,0
735,16,Gremio,0,0,,,0,0,0,0,0,0
735,16,Palmeiras,0,0,,,0,0,0,0,0,0
736,16,Corinthians,0,0,,,,0,0,0,0,0
736,16,Vitoria,,0,,,0,0,0,0,0,0
737,16,Parana,0,0,,,,0,0,0,0,0
737,16,Sao  Caetano,0,0,,,0,0,0,0,0,0
738,16,Goias,0,0,,,0,0,0,0,0,0
738,16,Guarani,0,0,,,0,0,0,0,0,0
739,16,Flamengo,0,0,,,0,0,0,0,0,0
739,16,Juventude,0,0,,,0,0,0,0,0,0
740,16,Fluminense,0,0,,,0,0,0,0,0,0
740,16,Santos,0,0,,,0,0,0,0,0,0
741,16,Atletico-Mg,0,0,,,0,0,0,0,0,0
741,16,Criciuma,0,0,,,0,0,0,0,0,0
742,16,Coritiba,0,0,,,0,0,0,0,,0
742,16,Paysandu,0,0,,,0,0,0,0,0,0
743,16,Ponte Preta,0,0,,,0,0,0,0,0,0
743,16,Vasco,0,0,,,0,0,0,0,0,0
744,16,Figueirense,0,0,,,0,0,0,0,0,0
744,16,Sao Paulo,0,0,,,,0,0,0,0,0
745,17,Gremio,0,0,,,0,0,0,0,0,0
745,17,Parana,0,0,,,0,0,0,0,0,0
746,17,Corinthians,0,0,,,0,0,0,0,0,0
746,17,Internacional,0,0,,,,0,0,0,0,0
747,17,Juventude,0,0,,,0,0,0,0,0,0
747,17,Vitoria,0,0,,,,0,0,0,0,0
748,17,Atletico-Mg,0,0,,,0,0,0,0,0,0
748,17,Goias,,0,,,0,0,0,0,0,0
749,17,Flamengo,0,0,,,,0,0,0,0,0
749,17,Guarani,0,0,,,0,0,0,0,0,0
750,17,Coritiba,0,0,,,0,0,0,0,0,0
750,17,Figueirense,0,0,,,0,0,0,0,0,0
751,17,Palmeiras,0,0,,,0,0,0,0,0,0
751,17,Paysandu,0,0,,,,0,0,0,0,0
752,17,Ponte Preta,0,0,,,0,0,0,0,0,0
752,17,Sao Caetano,0,0,,,,0,0,0,0,0
753,17,Cruzeiro,0,0,,,0,0,0,0,0,0
753,17,Vasco,0,0,,,0,0,0,0,0,0
754,17,Botafogo-Rj,0,0,,,0,0,0,0,0,0
754,17,Sao Paulo,0,0,,,0,0,0,0,0,0
755,17,Athletico-Pr,0,0,,,0,0,0,0,0,0
755,17,Fluminense,0,0,,,0,0,0,0,0,0
756,17,Criciuma,0,0,,,0,0,0,0,0,0
756,17,Santos,0,0,,,0,0,0,0,0,0
757,18,Corinthians,0,0,,,0,0,0,0,0,0
757,18,Fluminense,0,0,,,0,0,0,0,,0
758,18,Internacional,0,0,,,,0,0,0,0,0
758,18,Juventude,,0,,,0,0,0,0,0,0
759,18,Sao Paulo,0,0,,,0,0,0,0,0,0
759,18,Vasco,0,0,,,0,0,0,0,0,0
760,18,Botafogo-Rj,0,0,,,0,0,0,0,0,0
760,18,Coritiba,0,0,,,0,0,0,0,,0
761,18,Athletico-Pr,0,0,,,0,0,0,0,0,0
761,18,Criciuma,,0,,,0,0,0,0,0,0
762,18,Guarani,0,0,,,0,0,0,0,0,0
762,18,Vitoria,,0,,,0,0,0,0,0,0
763,18,Atletico-Mg,0,0,,,0,0,0,0,0,0
763,18,Flamengo,0,0,,,0,0,0,0,0,0
764,18,Cruzeiro,0,0,,,0,0,0,0,0,0
764,18,Sao Caetano,0,0,,,0,0,0,0,0,0
765,18,Goias,0,0,,,0,0,0,0,0,0
765,18,Santos,0,0,,,0,0,0,0,0,0
766,18,Figueirense,0,0,,,0,0,0,0,0,0
766,18,Palmeiras,0,0,,,0,0,0,0,,0
767,18,Gremio,0,0,,,0,0,0,0,0,0
767,18,Ponte Preta,0,0,,,0,0,0,0,0,0
768,18,Parana,0,0,,,0,0,0,0,0,0
768,18,Paysandu,0,0,,,0,0,0,0,0,0
769,19,Botafogo-Rj,,0,,,0,0,0,0,0,0
769,19,Flamengo,0,0,,,0,0,0,0,0,0
770,19,Corinthians,0,0,,,0,0,0,0,0,0
770,19,Cruzeiro,0,0,,,0,0,0,0,0,0
771,19,Athletico-Pr,,0,,,0,0,0,0,0,0
771,19,Ponte Preta,0,0,,,,0,0,0,0,0
772,19,Gremio,0,0,,,0,0,0,0,0,0
772,19,Vitoria,0,0,,,0,0,0,0,0,0
773,19,Criciuma,0,0,,,0,0,0,0,0,0
773,19,Paysandu,0,0,,,0,0,0,0,0,0
774,19,Figueirense,0,0,,,0,0,0,0,0,0
774,19,Fluminense,0,0,,,0,0,0,0,0,0
775,19,Guarani,0,0,,,0,0,0,0,0,0
775,19,Palmeiras,0,0,,,0,0,0,0,0,0
776,19,Juventude,0,0,,,0,0,0,0,0,0
776,19,Sao Paulo,0,0,,,0,0,0,0,0,0
777,19,Goias,0,0,,,0,0,0,0,0,0
777,19,Vasco,,0,,,0,0,0,0,0,0
778,19,Internacional,0,0,,,0,0,0,0,0,0
778,19,Sao Caetano,0,0,,,0,0,0,0,0,0
779,19,Atletico-Mg,0,0,,,0,0,0,0,0,0
779,19,Parana,0,0,,,0,0,0,0,0,0
780,19,Coritiba,0,0,,,,0,0,0,0,0
780,19,Santos,0,0,,,0,0,0,0,0,0
781,20,Cruzeiro,0,0,,,0,0,0,0,0,0
781,20,Fluminense,0,0,,,0,0,0,0,0,0
782,20,Athletico-Pr,0,0,,,0,0,0,0,0,0
782,20,Gremio,0,0,,,0,0,0,0,0,0
783,20,Flamengo,0,0,,,0,0,0,0,0,0
783,20,Palmeiras,0,0,,,0,0,0,0,0,0
784,20,Juventude,0,0,,,0,0,0,0,0,0
784,20,Vasco,0,0,,,,0,0,0,0,0
785,20,Criciuma,0,0,,,0,0,0,0,0,0
785,20,Ponte Preta,0,0,,,0,0,0,0,0,0
786,20,Corinthians,0,0,,,0,0,0,0,0,0
786,20,Sao Caetano,0,0,,,0,0,0,0,0,0
787,20,Paysandu,0,0,,,0,0,0,0,0,0
787,20,Santos,,0,,,0,0,0,0,0,0
788,20,Atletico-Mg,0,0,,,0,0,0,0,0,0
788,20,Figueirense,0,0,,,0,0,0,0,0,0
789,20,Goias,0,0,,,0,0,0,0,0,0
789,20,Parana,,0,,,0,0,0,0,,0
790,20,Coritiba,0,0,,,0,0,0,0,0,0
790,20,Vitoria,0,0,,,0,0,0,0,0,0
791,20,Internacional,0,0,,,,0,0,0,0,0
791,20,Sao Paulo,0,0,,,0,0,0,0,0,0
792,20,Botafogo-Rj,0,0,,,0,0,0,0,0,0
792,20,Guarani,0,0,,,0,0,0,0,0,0
793,21,Fluminense,0,0,,,0,0,0,0,0,0
793,21,Ponte Preta,0,0,,,0,0,0,0,0,0
794,21,Goias,0,0,,,0,0,0,0,0,0
794,21,Palmeiras,0,0,,,0,0,0,0,0,0
795,21,Figueirense,,0,,,0,0,0,0,0,0
795,21,Guarani,0,0,,,0,0,0,0,0,0
796,21,Athletico-Pr,0,0,,,0,0,0,0,0,0
796,21,Sao Caetano,0,0,,,0,0,0,0,0,0
797,21,Atletico-Mg,,0,,,0,0,0,0,0,0
797,21,Paysandu,0,0,,,0,0,0,0,0,0
798,21,Criciuma,0,0,,,0,0,0,0,0,0
798,21,Parana,0,0,,,0,0,0,0,0,0
799,21,Corinthians,0,0,,,0,0,0,0,0,0
799,21,Vasco,0,0,,,0,0,0,0,0,0
800,21,Coritiba,0,0,,,0,0,0,0,0,0
800,21,Flamengo,0,0,,,0,0,0,0,0,0
801,21,Gremio,0,0,,,0,0,0,0,0,0
801,21,Santos,0,0,,,0,0,0,0,0,0
802,21,Botafogo-Rj,0,0,,,0,0,0,0,0,0
802,21,Juventude,,0,,,0,0,0,0,0,0
803,21,Cruzeiro,0,0,,,0,0,0,0,0,0
803,21,Internacional,0,0,,,0,0,0,0,0,0
804,21,Sao Paulo,0,0,,,0,0,0,0,0,0
804,21,Vitoria,0,0,,,0,0,0,0,0,0
805,22,Fluminense,0,0,,,0,0,0,0,0,0
805,22,Parana,0,0,,,0,0,0,0,0,0
806,22,Santos,0,0,,,0,0,0,0,0,0
806,22,Sao Caetano,0,0,,,0,0,0,0,0,0
807,22,Coritiba,0,0,,,0,0,0,0,0,0
807,22,Goias,0,0,,,0,0,0,0,0,0
808,22,Atletico-Mg,0,0,,,0,0,0,0,0,0
808,22,Gremio,0,0,,,0,0,0,0,0,0
809,22,Flamengo,0,0,,,0,0,0,0,0,0
809,22,Sao Paulo,0,0,,,0,0,0,0,0,0
810,22,Botafogo-Rj,0,0,,,,0,0,0,0,0
810,22,Corinthians,0,0,,,0,0,0,0,,0
811,22,Internacional,0,0,,,0,0,0,0,0,0
811,22,Ponte Preta,0,0,,,0,0,0,0,0,0
812,22,Guarani,0,0,,,0,0,0,0,0,0
812,22,Paysandu,0,0,,,0,0,0,0,0,0
813,22,Figueirense,,0,,,0,0,0,0,0,0
813,22,Juventude,0,0,,,0,0,0,0,0,0
814,22,Cruzeiro,0,0,,,0,0,0,0,0,0
814,22,Vitoria,0,0,,,0,0,0,0,0,0
815,22,Criciuma,0,0,,,0,0,0,0,0,0
815,22,Palmeiras,0,0,,,0,0,0,0,0,0
816,22,Athletico-Pr,0,0,,,0,0,0,0,0,0
816,22,Vasco,0,0,,,0,0,0,0,0,0
817,23,Goias,0,0,,,0,0,0,0,0,0
817,23,Sao Paulo,0,0,,,0,0,0,0,0,0
818,23,Internacional,0,0,,,,0,0,0,0,0
818,23,Parana,0,0,,,0,0,0,0,0,0
819,23,Ponte Preta,0,0,,,0,0,0,0,0,0
819,23,Vitoria,0,0,,,0,0,0,0,0,0
820,23,Gremio,0,0,,,0,0,0,0,0,0
820,23,Guarani,0,0,,,0,0,0,0,0,0
821,23,Juventude,0,0,,,0,0,0,0,0,0
821,23,Paysandu,0,0,,,0,0,0,0,0,0
822,23,Corinthians,0,0,,,0,0,0,0,0,0
822,23,Figueirense,0,0,,,0,0,0,0,0,0
823,23,Cruzeiro,0,0,,,0,0,0,0,0,0
823,23,Flamengo,,0,,,0,0,0,0,0,0
824,23,Santos,0,0,,,0,0,0,0,0,0
824,23,Vasco,0,0,,,0,0,0,0,0,0
825,23,Athletico-Pr,0,0,,,0,0,0,0,0,0
825,23,Botafogo-Rj,0,0,,,0,0,0,0,0,0
826,23,Atletico-Mg,0,0,,,,0,0,0,,0
826,23,Sao Caetano,0,0,,,0,0,0,0,0,0
827,23,Coritiba,0,0,,,0,0,0,0,0,0
827,23,Criciuma,,0,,,0,0,0,0,0,0
828,23,Fluminense,0,0,,,,0,0,0,0,0
828,23,Palmeiras,0,0,,,0,0,0,0,0,0
829,24,Figueirense,0,0,,,0,0,0,0,0,0
829,24,Internacional,0,0,,,0,0,0,0,0,0
830,24,Cruzeiro,0,0,,,0,0,0,0,0,0
830,24,Juventude,0,0,,,0,0,0,0,0,0
831,24,Flamengo,0,0,,,0,0,0,0,0,0
831,24,Gremio,0,0,,,0,0,0,0,0,0
832,24,Corinthians,0,0,,,0,0,0,0,0,0
832,24,Ponte Preta,0,0,,,0,0,0,0,0,0
833,24,Criciuma,0,0,,,0,0,0,0,0,0
833,24,Vasco,,0,,,0,0,0,0,0,0
834,24,Atletico-Mg,0,0,,,0,0,0,0,0,0
834,24,Palmeiras,0,0,,,0,0,0,0,0,0
835,24,Fluminense,0,0,,,0,0,0,0,0,0
835,24,Paysandu,0,0,,,0,0,0,0,0,0
836,24,Botafogo-Rj,0,0,,,0,0,0,0,0,0
836,24,Goias,0,0,,,0,0,0,0,0,0
837,24,Coritiba,0,0,,,,0,0,0,0,0
837,24,Guarani,,0,,,0,0,0,0,0,0
838,24,Sao Caetano,0,0,,,0,0,0,0,0,0
838,24,Vitoria,0,0,,,,0,0,0,0,0
839,24,Parana,0,0,,,0,0,0,0,0,0
839,24,Santos,0,0,,,0,0,0,0,0,0
840,24,Athletico-Pr,0,0,,,0,0,0,0,0,0
840,24,Sao Paulo,0,0,,,0,0,0,0,0,0
841,25,Gremio,0,0,,,0,0,0,0,0,0
841,25,Juventude,0,0,,,0,0,0,0,0,0
842,25,Athletico-Pr,0,0,,,0,0,0,0,0,0
842,25,Figueirense,0,0,,,0,0,0,0,0,0
843,25,Guarani,0,0,,,0,0,0,0,0,0
843,25,Sao Caetano,0,0,,,0,0,0,0,0,0
844,25,Cruzeiro,0,0,,,0,0,0,0,0,0
844,25,Goias,0,0,,,0,0,0,0,0,0
845,25,Internacional,0,0,,,0,0,0,0,0,0
845,25,Palmeiras,0,0,,,,0,0,0,0,0
846,25,Parana,0,0,,,0,0,0,0,0,0
846,25,Vitoria,0,0,,,0,0,0,0,0,0
847,25,Botafogo-Rj,0,0,,,0,0,0,0,0,0
847,25,Santos,0,0,,,0,0,0,0,0,0
848,25,Corinthians,0,0,,,0,0,0,0,0,0
848,25,Paysandu,0,0,,,0,0,0,0,0,0
849,25,Flamengo,0,0,,,0,0,0,0,0,0
849,25,Ponte Preta,,0,,,0,0,0,0,0,0
850,25,Coritiba,0,0,,,0,0,0,0,0,0
850,25,Fluminense,0,0,,,0,0,0,0,0,0
851,25,Atletico-Mg,0,0,,,0,0,0,0,0,0
851,25,Vasco,0,0,,,0,0,0,0,0,0
852,25,Criciuma,0,0,,,0,0,0,0,0,0
852,25,Sao  Paulo,0,0,,,0,0,0,0,0,0
853,26,Flamengo,0,0,,,0,0,0,0,0,0
853,26,Parana,0,0,,,0,0,0,0,0,0
854,26,Corinthians,0,0,,,0,0,0,0,0,0
854,26,Gremio,0,0,,,0,0,0,0,0,0
855,26,Figueirense,0,0,,,0,0,0,0,0,0
855,26,Santos,0,0,,,0,0,0,0,0,0
856,26,Fluminense,0,0,,,0,0,0,0,0,0
856,26,Sao Paulo,,0,,,0,0,0,0,0,0
857,26,Guarani,0,0,,,0,0,0,0,0,0
857,26,Vasco,0,0,,,0,0,0,0,0,0
858,26,Criciuma,0,0,,,0,0,0,0,0,0
858,26,Cruzeiro,0,0,,,,0,0,0,0,0
859,26,Coritiba,0,0,,,0,0,0,0,0,0
859,26,Internacional,0,0,,,0,0,0,0,0,0
860,26,Athletico-Pr,0,0,,,0,0,0,0,0,0
860,26,Paysandu,0,0,,,0,0,0,0,0,0
861,26,Goias,,0,,,,0,0,0,0,0
861,26,Ponte Preta,0,0,,,0,0,0,0,0,0
862,26,Juventude,0,0,,,0,0,0,0,0,0
862,26,Sao Caetano,0,0,,,,0,0,0,0,0
863,26,Palmeiras,0,0,,,0,0,0,0,0,0
863,26,Vitoria,0,0,,,0,0,0,0,0,0
864,26,Atletico-Mg,0,0,,,0,0,0,0,0,0
864,26,Botafogo-Rj,0,0,,,0,0,0,0,0,0
865,27,Botafogo-Rj,0,0,,,0,0,0,0,0,0
865,27,Criciuma,0,0,,,0,0,0,0,0,0
866,27,Juventude,0,0,,,0,0,0,0,,0
866,27,Parana,0,0,,,0,0,0,0,0,0
867,27,Guarani,0,0,,,0,0,0,0,0,0
867,27,Sao Paulo,,0,,,,0,0,0,0,0
868,27,Goias,0,0,,,0,0,0,0,0,0
868,27,Gremio,0,0,,,0,0,0,0,0,0
869,27,Internacional,0,0,,,0,0,0,0,0,0
869,27,Paysandu,0,0,,,0,0,0,0,0,0
870,27,Flamengo,0,0,,,,0,0,0,0,0
870,27,Sao Caetano,0,0,,,0,0,0,0,0,0
871,27,Corinthians,0,0,,,0,0,0,0,0,0
871,27,Palmeiras,0,0,,,0,0,0,0,0,0
872,27,Fluminense,0,0,,,0,0,0,0,0,0
872,27,Vasco,0,0,,,,0,0,0,0,0
873,27,Athletico-Pr,0,0,,,0,0,0,0,0,0
873,27,Coritiba,0,0,,,0,0,0,0,0,0
874,27,Figueirense,0,0,,,0,0,0,0,0,0
874,27,Vitoria,0,0,,,0,0,0,0,0,0
875,27,Atletico-Mg,0,0,,,0,0,0,0,0,0
875,27,Ponte Preta,0,0,,,0,0,0,0,0,0
876,27,Cruzeiro,0,0,,,0,0,0,0,0,0
876,27,Santos,0,0,,,0,0,0,0,0,0
877,28,Fluminense,0,0,,,0,0,0,0,0,0
877,28,Internacional,0,0,,,0,0,0,0,0,0
878,28,Coritiba,0,0,,,0,0,0,0,0,0
878,28,Sao Paulo,,0,,,0,0,0,0,0,0
879,28,Cruzeiro,0,0,,,0,0,0,0,0,0
879,28,Parana,0,0,,,0,0,0,0,0,0
880,28,Figueirense,0,0,,,,0,0,0,0,0
880,28,Goias,0,0,,,0,0,0,0,0,0
881,28,Criciuma,0,0,,,0,0,0,0,0,0
881,28,Sao Caetano,,0,,,0,0,0,0,0,0
882,28,Atletico-Mg,,0,,,0,0,0,0,0,0
882,28,Corinthians,0,0,,,0,0,0,0,0,0
883,28,Palmeiras,,0,,,0,0,0,0,0,0
883,28,Ponte Preta,,0,,,0,0,0,0,0,0
884,28,Juventude,0,0,,,,0,0,0,0,0
884,28,Santos,0,0,,,0,0,0,0,0,0
885,28,Flamengo,0,0,,,0,0,0,0,0,0
885,28,Vitoria,0,0,,,0,0,0,0,0,0
886,28,Athletico-Pr,,0,,,0,0,0,0,0,0
886,28,Guarani,0,0,,,0,0,0,0,0,0
887,28,Botafogo-Rj,0,0,,,0,0,0,0,0,0
887,28,Paysandu,0,0,,,0,0,0,0,0,0
888,28,Gremio,0,0,,,0,0,0,0,0,0
888,28,Vasco,0,0,,,0,0,0,0,0,0
889,29,Paysandu,0,0,,,0,0,0,0,0,0
889,29,Vasco,0,0,,,0,0,0,0,0,0
890,29,Cruzeiro,0,0,,,0,0,0,0,0,0
890,29,Palmeiras,0,0,,,0,0,0,0,0,0
891,29,Parana,0,0,,,0,0,0,0,0,0
891,29,Sao Paulo,0,0,,,0,0,0,0,0,0
892,29,Atletico-Mg,0,0,,,0,0,0,0,0,0
892,29,Juventude,0,0,,,0,0,0,0,0,0
893,29,Criciuma,0,0,,,0,0,0,0,0,0
893,29,Goias,0,0,,,0,0,0,0,0,0
894,29,Figueirense,0,0,,,0,0,0,0,0,0
894,29,Sao Caetano,,0,,,0,0,0,0,0,0
895,29,Athletico-Pr,0,0,,,0,0,0,0,0,0
895,29,Santos,0,0,,,0,0,0,0,0,0
896,29,Flamengo,0,0,,,0,0,0,0,0,0
896,29,Internacional,,0,,,0,0,0,0,0,0
897,29,Corinthians,0,0,,,0,0,0,0,0,0
897,29,Guarani,0,0,,,,0,0,0,0,0
898,29,Fluminense,0,0,,,0,0,0,0,0,0
898,29,Vitoria,0,0,,,0,0,0,0,0,0
899,29,Botafogo-Rj,0,0,,,0,0,0,0,0,0
899,29,Gremio,0,0,,,0,0,0,0,0,0
900,29,Coritiba,0,0,,,0,0,0,0,0,0
900,29,Ponte Preta,0,0,,,0,0,0,0,0,0
901,30,Cruzeiro,,0,,,0,0,0,0,0,0
901,30,Sao Paulo,0,0,,,0,0,0,0,0,0
902,30,Sao Caetano,0,0,,,0,0,0,0,0,0
902,30,Vasco,0,0,,,0,0,0,0,0,0
903,30,Guarani,0,0,,,0,0,0,0,0,0
903,30,Juventude,0,0,,,0,0,0,0,0,0
904,30,Goias,0,0,,,0,0,0,0,0,0
904,30,Internacional,0,0,,,,0,0,0,0,0
905,30,Flamengo,0,0,,,0,0,0,0,0,0
905,30,Fluminense,0,0,,,0,0,0,0,0,0
906,30,Palmeiras,0,0,,,0,0,0,0,0,0
906,30,Santos,,0,,,0,0,0,0,0,0
907,30,Botafogo-Rj,0,0,,,0,0,0,0,0,0
907,30,Figueirense,0,0,,,0,0,0,0,0,0
908,30,Athletico-Pr,0,0,,,0,0,0,0,0,0
908,30,Corinthians,0,0,,,0,0,0,0,0,0
909,30,Parana,0,0,,,0,0,0,0,0,0
909,30,Ponte Preta,0,0,,,0,0,0,0,0,0
910,30,Criciuma,0,0,,,0,0,0,0,0,0
910,30,Vitoria,0,0,,,0,0,0,0,0,0
911,30,Gremio,0,0,,,0,0,0,0,0,0
911,30,Paysandu,0,0,,,0,0,0,0,0,0
912,30,Atletico-Mg,0,0,,,0,0,0,0,0,0
912,30,Coritiba,0,0,,,0,0,0,0,0,0
913,31,Gremio,0,0,,,0,0,0,0,0,0
913,31,Sao Caetano,0,0,,,0,0,0,0,0,0
914,31,Guarani,0,0,,,0,0,0,0,0,0
914,31,Parana,0,0,,,,0,0,0,0,0
915,31,Atletico-Mg,0,0,,,0,0,0,0,0,0
915,31,Santos,0,0,,,0,0,0,0,0,0
916,31,Criciuma,0,0,,,0,0,0,0,0,0
916,31,Fluminense,0,0,,,0,0,0,0,0,0
917,31,Flamengo,0,0,,,0,0,0,0,0,0
917,31,Goias,0,0,,,0,0,0,0,0,0
918,31,Corinthians,0,0,,,0,0,0,0,0,0
918,31,Sao Paulo,0,0,,,0,0,0,0,0,0
919,31,Internacional,0,0,,,0,0,0,0,0,0
919,31,Vitoria,0,0,,,0,0,0,0,0,0
920,31,Botafogo-Rj,0,0,,,0,0,0,0,0,0
920,31,Vasco,,0,,,0,0,0,0,0,0
921,31,Juventude,0,0,,,0,0,0,0,0,0
921,31,Ponte Preta,0,0,,,0,0,0,0,0,0
922,31,Figueirense,0,0,,,0,0,0,0,0,0
922,31,Paysandu,0,0,,,0,0,0,0,0,0
923,31,Athletico-Pr,0,0,,,0,0,0,0,0,0
923,31,Cruzeiro,0,0,,,0,0,0,0,0,0
924,31,Coritiba,0,0,,,0,0,0,0,0,0
924,31,Palmeiras,0,0,,,0,0,0,0,0,0
925,32,Figueirense,0,0,,,0,0,0,0,0,0
925,32,Ponte Preta,,0,,,0,0,0,0,0,0
926,32,Cruzeiro,0,0,,,0,0,0,0,0,0
926,32,Paysandu,0,0,,,0,0,0,0,0,0
927,32,Atletico-Mg,,0,,,0,0,0,0,0,0
927,32,Internacional,0,0,,,0,0,0,0,0,0
928,32,Coritiba,0,0,,,,0,0,0,0,0
928,32,Sao Caetano,0,0,,,0,0,0,0,0,0
929,32,Fluminense,0,0,,,0,0,0,0,0,0
929,32,Guarani,0,0,,,0,0,0,0,0,0
930,32,Gremio,0,0,,,,0,0,0,0,0
930,32,Sao  Paulo,0,0,,,0,0,0,0,0,0
931,32,Palmeiras,0,0,,,0,0,0,0,0,0
931,32,Vasco,0,0,,,0,0,0,0,0,0
932,32,Athletico-Pr,0,0,,,0,0,0,0,0,0
932,32,Flamengo,0,0,,,,0,0,0,0,0
933,32,Corinthians,0,0,,,0,0,0,0,0,0
933,32,Goias,0,0,,,0,0,0,0,0,0
934,32,Criciuma,,0,,,0,0,0,0,0,0
934,32,Juventude,,0,,,0,0,0,0,0,0
935,32,Botafogo-Rj,0,0,,,0,0,0,0,0,0
935,32,Parana,0,0,,,0,0,0,0,0,0
936,32,Santos,0,0,,,0,0,0,0,0,0
936,32,Vitoria,0,0,,,0,0,0,0,0,0
937,33,Paysandu,0,0,,,0,0,0,0,0,0
937,33,Sao Paulo,,0,,,0,0,0,0,0,0
938,33,Coritiba,,0,,,0,0,0,0,0,0
938,33,Gremio,0,0,,,0,0,0,0,0,0
939,33,Atletico-Mg,0,0,,,0,0,0,0,0,0
939,33,Fluminense,0,0,,,0,0,0,0,0,0
940,33,Cruzeiro,0,0,,,0,0,0,0,0,0
940,33,Figueirense,0,0,,,0,0,0,0,0,0
941,33,Palmeiras,0,0,,,,0,0,0,0,0
941,33,Sao Caetano,0,0,,,0,0,0,0,0,0
942,33,Parana,0,0,,,0,0,0,0,0,0
942,33,Vasco,,0,,,0,0,0,0,0,0
943,33,Criciuma,0,0,,,0,0,0,0,0,0
943,33,Guarani,,0,,,0,0,0,0,0,0
944,33,Athletico-Pr,0,0,,,0,0,0,0,0,0
944,33,Vitoria,0,0,,,0,0,0,0,0,0
945,33,Goias,0,0,,,0,0,0,0,0,0
945,33,Juventude,0,0,,,0,0,0,0,0,0
946,33,Internacional,0,0,,,0,0,0,0,0,0
946,33,Santos,0,0,,,,0,0,0,0,0
947,33,Botafogo-Rj,0,0,,,0,0,0,0,0,0
947,33,Ponte Preta,0,0,,,0,0,0,0,0,0
948,33,Corinthians,0,0,,,0,0,0,0,0,0
948,33,Flamengo,0,0,,,,0,0,0,0,0
949,34,Internacional,0,0,,,0,0,0,0,0,0
949,34,Vasco,0,0,,,0,0,0,0,0,0
950,34,Palmeiras,0,0,,,0,0,0,0,0,0
950,34,Sao Paulo,0,0,,,0,0,0,0,0,0
951,34,Botafogo-Rj,0,0,,,0,0,0,0,0,0
951,34,Fluminense,,0,,,0,0,0,0,0,0
952,34,Athletico-Pr,0,0,,,0,0,0,0,0,0
952,34,Atletico-Mg,0,0,,,0,0,0,0,0,0
953,34,Goias,0,0,,,0,0,0,0,0,0
953,34,Sao  Caetano,0,0,,,0,0,0,0,0,0
954,34,Figueirense,0,0,,,0,0,0,0,0,0
954,34,Flamengo,0,0,,,0,0,0,0,0,0
955,34,Paysandu,0,0,,,0,0,0,0,0,0
955,34,Vitoria,0,0,,,0,0,0,0,0,0
956,34,Cruzeiro,0,0,,,0,0,0,0,0,0
956,34,Ponte Preta,,0,,,0,0,0,0,0,0
957,34,Guarani,0,0,,,0,0,0,0,0,0
957,34,Santos,0,0,,,0,0,0,0,0,0
958,34,Criciuma,0,0,,,0,0,0,0,0,0
958,34,Gremio,0,0,,,0,0,0,0,0,0
959,34,Coritiba,0,0,,,0,0,0,0,0,0
959,34,Parana,0,0,,,0,0,0,0,0,0
960,34,Corinthians,,0,,,0,0,0,0,0,0
960,34,Juventude,0,0,,,0,0,0,0,0,0
961,35,Coritiba,0,0,,,0,0,0,0,0,0
961,35,Cruzeiro,0,0,,,0,0,0,0,0,0
962,35,Figueirense,0,0,,,0,0,0,0,0,0
962,35,Vasco,0,0,,,0,0,0,0,0,0
963,35,Criciuma,0,0,,,0,0,0,0,0,0
963,35,Internacional,0,0,,,0,0,0,0,0,0
964,35,Goias,0,0,,,0,0,0,0,0,0
964,35,Vitoria,0,0,,,0,0,0,0,0,0
965,35,Fluminense,0,0,,,0,0,0,0,0,0
965,35,Gremio,0,0,,,0,0,0,0,0,0
966,35,Ponte Preta,0,0,,,,0,0,0,0,0
966,35,Sao Paulo,0,0,,,0,0,0,0,0,0
967,35,Corinthians,0,0,,,0,0,0,0,0,0
967,35,Santos,0,0,,,0,0,0,0,0,0
968,35,Atletico-Mg,0,0,,,0,0,0,0,0,0
968,35,Guarani,0,0,,,0,0,0,0,0,0
969,35,Palmeiras,0,0,,,0,0,0,0,0,0
969,35,Parana,0,0,,,0,0,0,0,0,0
970,35,Flamengo,,0,,,0,0,0,0,0,0
970,35,Paysandu,0,0,,,0,0,0,0,0,0
971,35,Athletico-Pr,0,0,,,0,0,0,0,0,0
971,35,Juventude,0,0,,,,0,0,0,0,0
972,35,Botafogo-Rj,0,0,,,0,0,0,0,0,0
972,35,Sao Caetano,0,0,,,0,0,0,0,0,0
973,36,Corinthians,0,0,,,0,0,0,0,0,0
973,36,Coritiba,,0,,,0,0,0,0,0,0
974,36,Figueirense,0,0,,,0,0,0,0,0,0
974,36,Gremio,0,0,,,,0,0,0,0,0
975,36,Vasco,0,0,,,,0,0,0,0,0
975,36,Vitoria,0,0,,,0,0,0,0,0,0
976,36,Fluminense,0,0,,,0,0,0,0,0,0
976,36,Goias,0,0,,,0,0,0,0,0,0
977,36,Ponte Preta,0,0,,,0,0,0,0,0,0
977,36,Santos,0,0,,,0,0,0,0,0,0
978,36,Atletico-Mg,0,0,,,0,0,0,0,,0
978,36,Sao Paulo,0,0,,,0,0,0,0,0,0
979,36,Botafogo-Rj,0,0,,,0,0,0,0,0,0
979,36,Internacional,0,0,,,0,0,0,0,,0
980,36,Paysandu,0,0,,,0,0,0,0,0,0
980,36,Sao Caetano,0,0,,,0,0,0,0,0,0
981,36,Cruzeiro,0,0,,,0,0,0,0,0,0
981,36,Guarani,,0,,,,0,0,0,0,0
982,36,Athletico-Pr,0,0,,,,0,0,0,0,0
982,36,Parana,0,0,,,0,0,0,0,0,0
983,36,Criciuma,0,0,,,0,0,0,0,0,0
983,36,Flamengo,0,0,,,0,0,0,0,0,0
984,36,Juventude,0,0,,,0,0,0,0,0,0
984,36,Palmeiras,0,0,,,0,0,0,0,0,0
985,37,Atletico-Mg,0,0,,,0,0,0,0,0,0
985,37,Cruzeiro,0,0,,,0,0,0,0,0,0
986,37,Gremio,0,0,,,0,0,0,0,0,0
986,37,Internacional,0,0,,,0,0,0,0,0,0
987,37,Coritiba,,0,,,0,0,0,0,0,0
987,37,Juventude,0,0,,,0,0,0,0,0,0
988,37,Goias,0,0,,,0,0,0,0,0,0
988,37,Paysandu,0,0,,,0,0,0,0,0,0
989,37,Botafogo-Rj,,0,,,0,0,0,0,0,0
989,37,Vitoria,0,0,,,0,0,0,0,0,0
990,37,Athletico-Pr,0,0,,,0,0,0,0,0,0
990,37,Palmeiras,0,0,,,0,0,0,0,0,0
991,37,Santos,0,0,,,0,0,0,0,0,0
991,37,Sao Paulo,0,0,,,0,0,0,0,0,0
992,37,Flamengo,0,0,,,0,0,0,0,0,0
992,37,Vasco,,0,,,0,0,0,0,0,0
993,37,Fluminense,0,0,,,0,0,0,0,0,0
993,37,Sao Caetano,0,0,,,0,0,0,0,0,0
994,37,Criciuma,0,0,,,0,0,0,0,0,0
994,37,Figueirense,0,0,,,0,0,0,0,0,0
995,37,Corinthians,0,0,,,0,0,0,0,0,0
995,37,Parana,0,0,,,0,0,0,0,0,0
996,37,Guarani,0,0,,,0,0,0,0,0,0
996,37,Ponte  Preta,0,0,,,0,0,0,0,0,0
997,38,Botafogo-Rj,0,0,,,0,0,0,0,0,0
997,38,Palmeiras,0,0,,,,0,0,0,0,0
998,38,Athletico-Pr,0,0,,,0,0,0,0,0,0
998,38,Goias,0,0,,,0,0,0,0,0,0
999,38,Cruzeiro,0,0,,,0,0,0,0,0,0
999,38,Gremio,0,0,,,0,0,0,0,0,0
1000,38,Atletico-Mg,0,0,,,0,0,0,0,0,0
1000,38,Vitoria,0,0,,,0,0,0,0,0,0
1001,38,Guarani,0,0,,,0,0,0,0,0,0
1001,38,Internacional,0,0,,,0,0,0,0,0,0
1002,38,Figueirense,0,0,,,0,0,0,0,0,0
1002,38,Parana,0,0,,,0,0,0,0,0,0
1003,38,Fluminense,0,0,,,0,0,0,0,0,0
1003,38,Juventude,0,0,,,0,0,0,0,0,0
1004,38,Paysandu,0,0,,,0,0,0,0,0,0
1004,38,Ponte Preta,0,0,,,0,0,0,0,0,0
1005,38,Coritiba,0,0,,,0,0,0,0,0,0
1005,38,Vasco,0,0,,,0,0,0,0,0,0
1006,38,Flamengo,0,0,,,0,0,0,0,0,0
1006,38,Santos,0,0,,,0,0,0,0,0,0
1007,38,Corinthians,0,0,,,0,0,0,0,0,0
1007,38,Criciuma,0,0,,,0,0,0,0,0,0
1008,38,Sao Caetano,0,0,,,,0,0,0,0,0
1008,38,Sao Paulo,0,0,,,0,0,0,0,0,0
1009,39,Fluminense,,0,,,,0,0,0,0,0
1009,39,Santos,0,0,,,0,0,0,0,0,0
1010,39,Goias,0,0,,,0,0,0,0,0,0
1010,39,Guarani,0,0,,,0,0,0,0,0,0
1011,39,Coritiba,0,0,,,0,0,0,0,0,0
1011,39,Paysandu,0,0,,,0,0,0,0,0,0
1012,39,Botafogo-Rj,0,0,,,0,0,0,0,0,0
1012,39,Cruzeiro,0,0,,,0,0,0,0,0,0
1013,39,Flamengo,0,0,,,0,0,0,0,0,0
1013,39,Juventude,0,0,,,0,0,0,0,0,0
1014,39,Gremio,0,0,,,0,0,0,0,0,0
1014,39,Palmeiras,0,0,,,0,0,0,0,0,0
1015,39,Corinthians,0,0,,,0,0,0,0,0,0
1015,39,Vitoria,0,0,,,0,0,0,0,0,0
1016,39,Figueirense,0,0,,,,0,0,0,0,0
1016,39,Sao Paulo,0,0,,,0,0,0,0,0,0
1017,39,Athletico-Pr,0,0,,,0,0,0,0,0,0
1017,39,Internacional,0,0,,,0,0,0,0,0,0
1018,39,Atletico-Mg,0,0,,,0,0,0,0,0,0
1018,39,Criciuma,0,0,,,0,0,0,0,0,0
1019,39,Ponte Preta,,0,,,,0,0,0,0,0
1019,39,Vasco,0,0,,,0,0,0,0,0,0
1020,39,Parana,0,0,,,0,0,0,0,0,0
1020,39,Sao Caetano,0,0,,,0,0,0,0,0,0
1021,40,Palmeiras,0,0,,,0,0,0,0,0,0
1021,40,Paysandu,0,0,,,0,0,0,0,,0
1022,40,Atletico-Mg,0,0,,,0,0,0,0,0,0
1022,40,Goias,0,0,,,0,0,0,0,0,0
1023,40,Flamengo,0,0,,,0,0,0,0,0,0
1023,40,Guarani,,0,,,0,0,0,0,0,0
1024,40,Gremio,0,0,,,0,0,0,0,0,0
1024,40,Parana,0,0,,,0,0,0,0,0,0
1025,40,Criciuma,0,0,,,0,0,0,0,0,0
1025,40,Santos,0,0,,,0,0,0,0,0,0
1026,40,Corinthians,0,0,,,0,0,0,0,0,0
1026,40,Internacional,,0,,,0,0,0,0,0,0
1027,40,Athletico-Pr,0,0,,,0,0,0,0,0,0
1027,40,Fluminense,0,0,,,,0,0,0,0,0
1028,40,Cruzeiro,0,0,,,0,0,0,0,0,0
1028,40,Vasco,0,0,,,0,0,0,0,0,0
1029,40,Coritiba,0,0,,,0,0,0,0,0,0
1029,40,Figueirense,0,0,,,0,0,0,0,0,0
1030,40,Juventude,0,0,,,0,0,0,0,0,0
1030,40,Vitoria,0,0,,,0,0,0,0,0,0
1031,40,Botafogo-Rj,0,0,,,0,0,0,0,0,0
1031,40,Sao Paulo,0,0,,,0,0,0,0,0,0
1032,40,Ponte Preta,,0,,,0,0,0,0,0,0
1032,40,Sao Caetano,0,0,,,0,0,0,0,0,0
1033,41,Botafogo-Rj,0,0,,,0,0,0,0,0,0
1033,41,Coritiba,0,0,,,0,0,0,0,0,0
1034,41,Cruzeiro,0,0,,,0,0,0,0,0,0
1034,41,Sao Caetano,0,0,,,0,0,0,0,0,0
1035,41,Gremio,0,0,,,0,0,0,0,0,0
1035,41,Ponte Preta,0,0,,,0,0,0,0,0,0
1036,41,Corinthians,0,0,,,0,0,0,0,0,0
1036,41,Fluminense,0,0,,,0,0,0,0,0,0
1037,41,Sao Paulo,0,0,,,,0,0,0,0,0
1037,41,Vasco,0,0,,,0,0,0,0,0,0
1038,41,Goias,0,0,,,0,0,0,0,0,0
1038,41,Santos,,0,,,0,0,0,0,0,0
1039,41,Atletico-Mg,,0,,,0,0,0,0,0,0
1039,41,Flamengo,,0,,,0,0,0,0,0,0
1040,41,Athletico-Pr,0,0,,,0,0,0,0,0,0
1040,41,Criciuma,0,0,,,0,0,0,0,0,0
1041,41,Guarani,0,0,,,0,0,0,0,0,0
1041,41,Vitoria,0,0,,,0,0,0,0,0,0
1042,41,Parana,0,0,,,0,0,0,0,0,0
1042,41,Paysandu,0,0,,,0,0,0,0,0,0
1043,41,Figueirense,0,0,,,0,0,0,0,0,0
1043,41,Palmeiras,0,0,,,0,0,0,0,0,0
1044,41,Internacional,0,0,,,0,0,0,0,0,0
1044,41,Juventude,0,0,,,0,0,0,0,0,0
1045,42,Figueirense,0,0,,,0,0,0,0,0,0
1045,42,Fluminense,0,0,,,0,0,0,0,0,0
1046,42,Atletico-Mg,0,0,,,0,0,0,0,0,0
1046,42,Parana,0,0,,,0,0,0,0,0,0
1047,42,Guarani,0,0,,,0,0,0,0,0,0
1047,42,Palmeiras,0,0,,,0,0,0,0,0,0
1048,42,Gremio,0,0,,,0,0,0,0,0,0
1048,42,Vitoria,0,0,,,0,0,0,0,0,0
1049,42,Goias,0,0,,,0,0,0,0,0,0
1049,42,Vasco,0,0,,,0,0,0,0,0,0
1050,42,Athletico-Pr,0,0,,,0,0,0,0,0,0
1050,42,Ponte Preta,0,0,,,0,0,0,0,0,0
1051,42,Botafogo-Rj,0,0,,,0,0,0,0,0,0
1051,42,Flamengo,0,0,,,0,0,0,0,0,0
1052,42,Corinthians,0,0,,,0,0,0,0,0,0
1052,42,Cruzeiro,0,0,,,0,0,0,0,0,0
1053,42,Coritiba,0,0,,,0,0,0,0,0,0
1053,42,Santos,0,0,,,0,0,0,0,0,0
1054,42,Criciuma,,0,,,0,0,0,0,0,0
1054,42,Paysandu,0,0,,,0,0,0,0,0,0
1055,42,Internacional,0,0,,,0,0,0,0,0,0
1055,42,Sao Caetano,0,0,,,0,0,0,0,0,0
1056,42,Juventude,0,0,,,0,0,0,0,0,0
1056,42,Sao Paulo,0,0,,,0,0,0,0,0,0
1057,43,Atletico-Mg,0,0,,,0,0,0,0,0,0
1057,43,Figueirense,0,0,,,,0,0,0,0,0
1058,43,Botafogo-Rj,0,0,,,0,0,0,0,0,0
1058,43,Guarani,0,0,,,0,0,0,0,0,0
1059,43,Goias,0,0,,,0,0,0,0,0,0
1059,43,Parana,0,0,,,0,0,0,0,0,0
1060,43,Cruzeiro,0,0,,,0,0,0,0,0,0
1060,43,Fluminense,0,0,,,0,0,0,0,0,0
1061,43,Internacional,0,0,,,0,0,0,0,0,0
1061,43,Sao Paulo,0,0,,,0,0,0,0,0,0
1062,43,Paysandu,0,0,,,0,0,0,0,0,0
1062,43,Santos,0,0,,,,0,0,0,0,0
1063,43,Flamengo,0,0,,,0,0,0,0,0,0
1063,43,Palmeiras,0,0,,,0,0,0,0,0,0
1064,43,Criciuma,0,0,,,0,0,0,0,0,0
1064,43,Ponte  Preta,0,0,,,0,0,0,0,0,0
1065,43,Corinthians,0,0,,,0,0,0,0,0,0
1065,43,Sao Caetano,0,0,,,0,0,0,0,0,0
1066,43,Coritiba,,0,,,0,0,0,0,0,0
1066,43,Vitoria,0,0,,,0,0,0,0,0,0
1067,43,Athletico-Pr,,0,,,0,0,0,0,0,0
1067,43,Gremio,0,0,,,0,0,0,0,0,0
1068,43,Juventude,,0,,,0,0,0,0,0,0
1068,43,Vasco,0,0,,,0,0,0,0,0,0
1069,44,Fluminense,0,0,,,0,0,0,0,0,0
1069,44,Ponte Preta,0,0,,,0,0,0,0,0,0
1070,44,Figueirense,0,0,,,0,0,0,0,0,0
1070,44,Guarani,0,0,,,0,0,0,0,0,0
1071,44,Criciuma,0,0,,,0,0,0,0,0,0
1071,44,Parana,0,0,,,0,0,0,0,0,0
1072,44,Atletico-Mg,0,0,,,0,0,0,0,0,0
1072,44,Paysandu,0,0,,,0,0,0,0,0,0
1073,44,Goias,0,0,,,,0,0,0,0,0
1073,44,Palmeiras,0,0,,,0,0,0,0,0,0
1074,44,Corinthians,0,0,,,0,0,0,0,0,0
1074,44,Vasco,0,0,,,0,0,0,0,0,0
1075,44,Sao Paulo,0,0,,,0,0,0,0,0,0
1075,44,Vitoria,,0,,,,0,0,0,0,0
1076,44,Gremio,0,0,,,0,0,0,0,0,0
1076,44,Santos,0,0,,,0,0,0,0,0,0
1077,44,Botafogo-Rj,0,0,,,0,0,0,0,0,0
1077,44,Juventude,0,0,,,0,0,0,0,0,0
1078,44,Athletico-Pr,0,0,,,0,0,0,0,0,0
1078,44,Sao Caetano,,0,,,0,0,0,0,0,0
1079,44,Cruzeiro,0,0,,,0,0,0,0,0,0
1079,44,Internacional,0,0,,,0,0,0,0,0,0
1080,44,Coritiba,0,0,,,0,0,0,0,0,0
1080,44,Flamengo,0,0,,,0,0,0,0,0,0
1081,45,Atletico-Mg,0,0,,,0,0,0,0,0,0
1081,45,Gremio,0,0,,,0,0,0,0,0,0
1082,45,Guarani,0,0,,,0,0,0,0,0,0
1082,45,Paysandu,0,0,,,0,0,0,0,0,0
1083,45,Criciuma,0,0,,,0,0,0,0,0,0
1083,45,Palmeiras,0,0,,,0,0,0,0,0,0
1084,45,Fluminense,0,0,,,0,0,0,0,0,0
1084,45,Parana,0,0,,,0,0,0,0,0,0
1085,45,Flamengo,0,0,,,0,0,0,0,0,0
1085,45,Sao Paulo,0,0,,,0,0,0,0,0,0
1086,45,Santos,0,0,,,0,0,0,0,0,0
1086,45,Sao Caetano,0,0,,,0,0,0,0,0,0
1087,45,Botafogo-Rj,0,0,,,0,0,0,0,0,0
1087,45,Corinthians,0,0,,,0,0,0,0,0,0
1088,45,Athletico-Pr,0,0,,,0,0,0,0,0,0
1088,45,Vasco,0,0,,,0,0,0,0,0,0
1089,45,Coritiba,0,0,,,0,0,0,0,0,0
1089,45,Goias,0,0,,,0,0,0,0,0,0
1090,45,Figueirense,0,0,,,0,0,0,0,0,0
1090,45,Juventude,0,0,,,0,0,0,0,0,0
1091,45,Cruzeiro,0,0,,,0,0,0,0,0,0
1091,45,Vitoria,0,0,,,0,0,0,0,0,0
1092,45,Internacional,0,0,,,0,0,0,0,0,0
1092,45,Ponte Preta,,0,,,0,0,0,0,0,0
1093,46,Fluminense,0,0,,,0,0,0,0,0,0
1093,46,Palmeiras,0,0,,,0,0,0,0,0,0
1094,46,Ponte Preta,0,0,,,0,0,0,0,0,0
1094,46,Vitoria,0,0,,,0,0,0,0,0,0
1095,46,Coritiba,0,0,,,0,0,0,0,0,0
1095,46,Criciuma,0,0,,,0,0,0,0,0,0
1096,46,Gremio,0,0,,,0,0,0,0,0,0
1096,46,Guarani,0,0,,,0,0,0,0,0,0
1097,46,Goias,0,0,,,0,0,0,0,0,0
1097,46,Sao Paulo,0,0,,,0,0,0,0,0,0
1098,46,Atletico-Mg,0,0,,,0,0,0,0,0,0
1098,46,Sao Caetano,0,0,,,0,0,0,0,0,0
1099,46,Cruzeiro,0,0,,,0,0,0,0,0,0
1099,46,Flamengo,0,0,,,0,0,0,0,0,0
1100,46,Corinthians,0,0,,,0,0,0,0,0,0
1100,46,Figueirense,0,0,,,0,0,0,0,0,0
1101,46,Internacional,0,0,,,0,0,0,0,0,0
1101,46,Parana,0,0,,,0,0,0,0,0,0
1102,46,Juventude,0,0,,,0,0,0,0,0,0
1102,46,Paysandu,0,0,,,0,0,0,0,0,0
1103,46,Athletico-Pr,0,0,,,0,0,0,0,0,0
1103,46,Botafogo-Rj,0,0,,,0,0,0,0,0,0
1104,46,Santos,0,0,,,0,0,0,0,0,0
1104,46,Vasco,0,0,,,0,0,0,0,0,0
1105,1,Goias,0,0,,,0,0,0,0,0,0
1105,1,Parana,0,0,,,0,0,0,0,0,0
1106,1,Atletico-Mg,0,0,,,0,0,0,0,0,0
1106,1,Figueirense,0,0,,,0,0,0,0,0,0
1107,1,Palmeiras,0,0,,,0,0,0,0,0,0
1107,1,Sao  Caetano,0,0,,,0,0,0,0,0,0
1108,1,Cruzeiro,0,0,,,0,0,0,0,0,0
1108,1,Flamengo,0,0,,,0,0,0,0,0,0
1109,1,Botafogo-Rj,,0,,,0,0,0,0,0,0
1109,1,Internacional,0,0,,,0,0,0,0,0,0
1110,1,Coritiba,0,0,,,0,0,0,0,0,0
1110,1,Fortaleza,0,0,,,0,0,0,0,0,0
1111,1,Fluminense,0,0,,,0,0,0,0,0,0
1111,1,Sao Paulo,0,0,,,,0,0,0,0,0
1112,1,Corinthians,0,0,,,0,0,0,0,0,0
1112,1,Juventude,0,0,,,0,0,0,0,0,0
1113,1,Athletico-Pr,0,0,,,0,0,0,0,0,0
1113,1,Ponte Preta,0,0,,,0,0,0,0,0,0
1114,1,Brasiliense,0,0,,,0,0,0,0,0,0
1114,1,Vasco,0,0,,,0,0,0,0,0,0
1115,1,Paysandu,0,0,,,0,0,0,0,0,0
1115,1,Santos,0,0,,,0,0,0,0,0,0
1116,2,Goias,0,0,,,0,0,0,0,0,0
1116,2,Sao Caetano,0,0,,,0,0,0,0,0,0
1117,2,Fortaleza,,0,,,,0,0,0,0,0
1117,2,Vasco,0,0,,,0,0,0,0,0,0
1118,2,Brasiliense,0,0,,,0,0,0,0,0,0
1118,2,Palmeiras,0,0,,,0,0,0,0,0,0
1119,2,Atletico-Mg,0,0,,,0,0,0,0,0,0
1119,2,Ponte Preta,0,0,,,0,0,0,0,0,0
1120,2,Parana,0,0,,,0,0,0,0,0,0
1120,2,Sao Paulo,0,0,,,0,0,0,0,0,0
1121,2,Cruzeiro,0,0,,,0,0,0,0,0,0
1121,2,Internacional,0,0,,,0,0,0,0,0,0
1122,2,Athletico-Pr,0,0,,,0,0,0,0,0,0
1122,2,Juventude,0,0,,,0,0,0,0,0,0
1123,2,Figueirense,0,0,,,0,0,0,0,0,0
1123,2,Flamengo,0,0,,,0,0,0,0,0,0
1124,2,Botafogo-Rj,0,0,,,0,0,0,0,0,0
1124,2,Corinthians,0,0,,,0,0,0,0,0,0
1125,2,Coritiba,0,0,,,0,0,0,0,0,0
1125,2,Santos,0,0,,,0,0,0,0,0,0
1126,2,Fluminense,0,0,,,0,0,0,0,0,0
1126,2,Paysandu,,0,,,0,0,0,0,0,0
1127,3,Juventude,0,0,,,0,0,0,0,0,0
1127,3,Parana,0,0,,,0,0,0,0,0,0
1128,3,Figueirense,0,0,,,0,0,0,0,0,0
1128,3,Goias,0,0,,,0,0,0,0,0,0
1129,3,Paysandu,0,0,,,0,0,0,0,0,0
1129,3,Ponte Preta,0,0,,,0,0,0,0,0,0
1130,3,Athletico-Pr,0,0,,,0,0,0,0,0,0
1130,3,Santos,,0,,,0,0,0,0,0,0
1131,3,Flamengo,0,0,,,0,0,0,0,0,0
1131,3,Internacional,0,0,,,0,0,0,0,0,0
1132,3,Coritiba,0,0,,,0,0,0,0,,0
1132,3,Palmeiras,0,0,,,,0,0,0,0,0
1133,3,Corinthians,0,0,,,0,0,0,0,0,0
1133,3,Sao Paulo,,0,,,,0,0,0,0,0
1134,3,Cruzeiro,0,0,,,0,0,0,0,0,0
1134,3,Fluminense,0,0,,,0,0,0,0,0,0
1135,3,Fortaleza,0,0,,,0,0,0,0,0,0
1135,3,Sao  Caetano,0,0,,,0,0,0,0,0,0
1136,3,Atletico-Mg,0,0,,,0,0,0,0,0,0
1136,3,Brasiliense,0,0,,,0,0,0,0,0,0
1137,3,Botafogo-Rj,0,0,,,0,0,0,0,0,0
1137,3,Vasco,0,0,,,0,0,0,0,0,0
1138,4,Fortaleza,0,0,,,,0,0,0,0,0
1138,4,Ponte Preta,0,0,,,0,0,0,0,0,0
1139,4,Atletico-Mg,0,0,,,0,0,0,0,0,0
1139,4,Botafogo-Rj,0,0,,,0,0,0,0,0,0
1140,4,Coritiba,,0,,,0,0,0,0,0,0
1140,4,Sao Paulo,0,0,,,0,0,0,0,0,0
1141,4,Figueirense,,0,,,0,0,0,0,0,0
1141,4,Internacional,0,0,,,0,0,0,0,0,0
1142,4,Cruzeiro,0,0,,,0,0,0,0,0,0
1142,4,Goias,0,0,,,0,0,0,0,0,0
1143,4,Juventude,0,0,,,0,0,0,0,0,0
1143,4,Vasco,0,0,,,0,0,0,0,0,0
1144,4,Athletico-Pr,,0,,,0,0,0,0,0,0
1144,4,Corinthians,0,0,,,0,0,0,0,0,0
1145,4,Paysandu,0,0,,,0,0,0,0,0,0
1145,4,Sao Caetano,0,0,,,0,0,0,0,0,0
1146,4,Palmeiras,0,0,,,0,0,0,0,0,0
1146,4,Parana,0,0,,,0,0,0,0,0,0
1147,4,Flamengo,0,0,,,0,0,0,0,0,0
1147,4,Santos,,0,,,0,0,0,0,0,0
1148,4,Brasiliense,,0,,,0,0,0,0,0,0
1148,4,Fluminense,0,0,,,0,0,0,0,0,0
1149,5,Parana,0,0,,,0,0,0,0,0,0
1149,5,Ponte Preta,0,0,,,,0,0,0,0,0
1150,5,Juventude,0,0,,,0,0,0,0,0,0
1150,5,Paysandu,0,0,,,0,0,0,0,0,0
1151,5,Brasiliense,0,0,,,0,0,0,0,0,0
1151,5,Fortaleza,0,0,,,0,0,0,0,0,0
1152,5,Coritiba,0,0,,,0,0,0,0,0,0
1152,5,Fluminense,0,0,,,0,0,0,0,0,0
1153,5,Botafogo-Rj,,0,,,0,0,0,0,0,0
1153,5,Goias,0,0,,,0,0,0,0,0,0
1154,5,Atletico-Mg,0,0,,,0,0,0,0,0,0
1154,5,Santos,0,0,,,0,0,0,0,0,0
1155,5,Flamengo,,0,,,0,0,0,0,0,0
1155,5,Sao Caetano,0,0,,,0,0,0,0,0,0
1156,5,Sao Paulo,0,0,,,0,0,0,0,0,0
1156,5,Vasco,0,0,,,0,0,0,0,0,0
1157,5,Athletico-Pr,0,0,,,0,0,0,0,0,0
1157,5,Internacional,0,0,,,0,0,0,0,0,0
1158,5,Corinthians,0,0,,,,0,0,0,0,0
1158,5,Figueirense,0,0,,,0,0,0,0,0,0
1159,5,Cruzeiro,0,0,,,0,0,0,0,0,0
1159,5,Palmeiras,0,0,,,0,0,0,0,0,0
1160,6,Goias,0,0,,,0,0,0,0,0,0
1160,6,Paysandu,0,0,,,0,0,0,0,0,0
1161,6,Cruzeiro,0,0,,,0,0,0,0,0,0
1161,6,Sao Paulo,0,0,,,0,0,0,0,0,0
1162,6,Figueirense,0,0,,,0,0,0,0,0,0
1162,6,Sao Caetano,0,0,,,0,0,0,0,0,0
1163,6,Palmeiras,0,0,,,0,0,0,0,0,0
1163,6,Santos,0,0,,,0,0,0,0,0,0
1164,6,Flamengo,0,0,,,0,0,0,0,0,0
1164,6,Fluminense,0,0,,,0,0,0,0,0,0
1165,6,Ponte Preta,0,0,,,0,0,0,0,0,0
1165,6,Vasco,0,0,,,0,0,0,0,0,0
1166,6,Atletico-Mg,0,0,,,,0,0,0,0,0
1166,6,Corinthians,,0,,,0,0,0,0,0,0
1167,6,Brasiliense,0,0,,,0,0,0,0,0,0
1167,6,Parana,0,0,,,0,0,0,0,0,0
1168,6,Athletico-Pr,0,0,,,,0,0,0,0,0
1168,6,Botafogo-Rj,0,0,,,0,0,0,0,0,0
1169,6,Coritiba,0,0,,,0,0,0,0,0,0
1169,6,Juventude,0,0,,,0,0,0,0,0,0
1170,6,Fortaleza,0,0,,,0,0,0,0,0,0
1170,6,Internacional,0,0,,,0,0,0,0,0,0
1171,7,Fortaleza,0,0,,,0,0,0,0,0,0
1171,7,Parana,0,0,,,0,0,0,0,0,0
1172,7,Cruzeiro,0,0,,,0,0,0,0,0,0
1172,7,Ponte Preta,0,0,,,0,0,0,0,0,0
1173,7,Brasiliense,0,0,,,0,0,0,0,0,0
1173,7,Sao Caetano,0,0,,,0,0,0,0,0,0
1174,7,Athletico-Pr,0,0,,,0,0,0,0,0,0
1174,7,Figueirense,,0,,,0,0,0,0,0,0
1175,7,Goias,0,0,,,0,0,0,0,0,0
1175,7,Palmeiras,,0,,,0,0,0,0,0,0
1176,7,Botafogo-Rj,0,0,,,0,0,0,0,0,0
1176,7,Juventude,0,0,,,0,0,0,0,0,0
1177,7,Fluminense,0,0,,,0,0,0,0,0,0
1177,7,Santos,0,0,,,0,0,0,0,0,0
1178,7,Atletico-Mg,0,0,,,0,0,0,0,0,0
1178,7,Internacional,0,0,,,0,0,0,0,0,0
1179,7,Corinthians,,0,,,0,0,0,0,0,0
1179,7,Flamengo,0,0,,,0,0,0,0,0,0
1180,7,Coritiba,0,0,,,0,0,0,0,0,0
1180,7,Vasco,0,0,,,0,0,0,0,0,0
1181,7,Paysandu,0,0,,,,0,0,0,0,0
1181,7,Sao Paulo,0,0,,,0,0,0,0,0,0
1182,8,Palmeiras,0,0,,,0,0,0,0,0,0
1182,8,Vasco,0,0,,,0,0,0,0,0,0
1183,8,Brasiliense,0,0,,,0,0,0,0,0,0
1183,8,Corinthians,0,0,,,0,0,0,0,0,0
1184,8,Figueirense,,0,,,,0,0,0,0,0
1184,8,Paysandu,0,0,,,,0,0,0,0,0
1185,8,Athletico-Pr,,0,,,0,0,0,0,0,0
1185,8,Flamengo,0,0,,,0,0,0,0,0,0
1186,8,Atletico-Mg,0,0,,,0,0,0,0,0,0
1186,8,Sao Caetano,0,0,,,0,0,0,0,0,0
1187,8,Goias,0,0,,,0,0,0,0,0,0
1187,8,Ponte Preta,0,0,,,0,0,0,0,0,0
1188,8,Botafogo-Rj,0,0,,,0,0,0,0,0,0
1188,8,Sao Paulo,0,0,,,0,0,0,0,,0
1189,8,Coritiba,0,0,,,0,0,0,0,0,0
1189,8,Parana,0,0,,,,0,0,0,0,0
1190,8,Fluminense,0,0,,,0,0,0,0,0,0
1190,8,Internacional,0,0,,,0,0,0,0,0,0
1191,8,Cruzeiro,0,0,,,0,0,0,0,0,0
1191,8,Juventude,0,0,,,0,0,0,0,0,0
1192,8,Fortaleza,0,0,,,0,0,0,0,0,0
1192,8,Santos,0,0,,,0,0,0,0,0,0
1193,9,Atletico-Mg,0,0,,,,0,0,0,0,0
1193,9,Parana,0,0,,,,0,0,0,0,0
1194,9,Juventude,0,0,,,0,0,0,0,0,0
1194,9,Ponte Preta,0,0,,,0,0,0,0,0,0
1195,9,Internacional,0,0,,,0,0,0,0,0,0
1195,9,Sao Paulo,,0,,,0,0,0,0,0,0
1196,9,Brasiliense,0,0,,,0,0,0,0,0,0
1196,9,Flamengo,0,0,,,0,0,0,0,0,0
1197,9,Botafogo-Rj,0,0,,,0,0,0,0,0,0
1197,9,Figueirense,0,0,,,0,0,0,0,0,0
1198,9,Corinthians,0,0,,,0,0,0,0,0,0
1198,9,Fluminense,0,0,,,0,0,0,0,0,0
1199,9,Santos,0,0,,,0,0,0,0,0,0
1199,9,Sao Caetano,0,0,,,0,0,0,0,0,0
1200,9,Coritiba,0,0,,,,0,0,0,0,0
1200,9,Goias,0,0,,,0,0,0,0,0,0
1201,9,Athletico-Pr,0,0,,,0,0,0,0,0,0
1201,9,Fortaleza,0,0,,,0,0,0,0,0,0
1202,9,Palmeiras,0,0,,,0,0,0,0,0,0
1202,9,Paysandu,0,0,,,0,0,0,0,0,0
1203,9,Cruzeiro,0,0,,,0,0,0,0,0,0
1203,9,Vasco,0,0,,,0,0,0,0,0,0
1204,10,Coritiba,0,0,,,0,0,0,0,0,0
1204,10,Paysandu,0,0,,,0,0,0,0,0,0
1205,10,Fluminense,0,0,,,0,0,0,0,0,0
1205,10,Parana,0,0,,,0,0,0,0,0,0
1206,10,Goias,0,0,,,0,0,0,0,0,0
1206,10,Vasco,0,0,,,0,0,0,0,0,0
1207,10,Corinthians,0,0,,,0,0,0,0,0,0
1207,10,Fortaleza,0,0,,,0,0,0,0,0,0
1208,10,Cruzeiro,0,0,,,0,0,0,0,0,0
1208,10,Figueirense,0,0,,,,0,0,0,0,0
1209,10,Atletico-Mg,0,0,,,0,0,0,0,0,0
1209,10,Flamengo,0,0,,,0,0,0,0,0,0
1210,10,Internacional,0,0,,,0,0,0,0,0,0
1210,10,Sao Caetano,0,0,,,0,0,0,0,0,0
1211,10,Botafogo-Rj,0,0,,,0,0,0,0,0,0
1211,10,Palmeiras,0,0,,,0,0,0,0,0,0
1212,10,Juventude,0,0,,,0,0,0,0,0,0
1212,10,Santos,0,0,,,0,0,0,0,0,0
1213,10,Athletico-Pr,0,0,,,0,0,0,0,0,0
1213,10,Brasiliense,0,0,,,0,0,0,0,0,0
1214,10,Ponte Preta,0,0,,,0,0,0,0,0,0
1214,10,Sao Paulo,0,0,,,0,0,0,0,0,0
1215,11,Figueirense,0,0,,,0,0,0,0,0,0
1215,11,Parana,0,0,,,0,0,0,0,0,0
1216,11,Brasiliense,0,0,,,0,0,0,0,0,0
1216,11,Juventude,0,0,,,0,0,0,0,0,0
1217,11,Fortaleza,0,0,,,0,0,0,0,0,0
1217,11,Paysandu,0,0,,,0,0,0,0,0,0
1218,11,Flamengo,0,0,,,0,0,0,0,0,0
1218,11,Sao Paulo,,0,,,0,0,0,0,0,0
1219,11,Ponte Preta,0,0,,,0,0,0,0,0,0
1219,11,Sao Caetano,,0,,,0,0,0,0,0,0
1220,11,Corinthians,0,0,,,0,0,0,0,0,0
1220,11,Palmeiras,0,0,,,0,0,0,0,0,0
1221,11,Botafogo-Rj,0,0,,,0,0,0,0,0,0
1221,11,Fluminense,0,0,,,0,0,0,0,0,0
1222,11,Goias,0,0,,,0,0,0,0,0,0
1222,11,Santos,0,0,,,0,0,0,0,0,0
1223,11,Internacional,0,0,,,0,0,0,0,0,0
1223,11,Vasco,0,0,,,0,0,0,0,0,0
1224,11,Athletico-Pr,0,0,,,0,0,0,0,0,0
1224,11,Coritiba,0,0,,,0,0,0,0,0,0
1225,11,Atletico-Mg,0,0,,,0,0,0,0,0,0
1225,11,Cruzeiro,0,0,,,,0,0,0,0,0
1226,12,Figueirense,0,0,,,0,0,0,0,0,0
1226,12,Ponte Preta,0,0,,,0,0,0,0,0,0
1227,12,Brasiliense,0,0,,,0,0,0,0,0,0
1227,12,Goias,0,0,,,0,0,0,0,0,0
1228,12,Fluminense,0,0,,,0,0,0,0,0,0
1228,12,Sao Caetano,0,0,,,0,0,0,0,0,0
1229,12,Corinthians,0,0,,,0,0,0,0,0,0
1229,12,Parana,0,0,,,0,0,0,0,0,0
1230,12,Santos,0,0,,,0,0,0,0,0,0
1230,12,Sao  Paulo,0,0,,,0,0,0,0,0,0
1231,12,Flamengo,0,0,,,0,0,0,0,0,0
1231,12,Vasco,0,0,,,,0,0,0,0,0
1232,12,Botafogo-Rj,0,0,,,0,0,0,0,0,0
1232,12,Coritiba,0,0,,,0,0,0,0,0,0
1233,12,Athletico-Pr,0,0,,,0,0,0,0,0,0
1233,12,Atletico-Mg,0,0,,,0,0,0,0,0,0
1234,12,Internacional,0,0,,,0,0,0,0,0,0
1234,12,Juventude,0,0,,,0,0,0,0,0,0
1235,12,Fortaleza,0,0,,,0,0,0,0,0,0
1235,12,Palmeiras,0,0,,,0,0,0,0,0,0
1236,12,Cruzeiro,0,0,,,0,0,0,0,0,0
1236,12,Paysandu,0,0,,,0,0,0,0,0,0
1237,13,Parana,0,0,,,0,0,0,0,0,0
1237,13,Sao Caetano,0,0,,,0,0,0,0,0,0
1238,13,Botafogo-Rj,0,0,,,0,0,0,0,0,0
1238,13,Ponte Preta,,0,,,0,0,0,0,0,0
1239,13,Atletico-Mg,0,0,,,0,0,0,0,0,0
1239,13,Fortaleza,0,0,,,0,0,0,0,0,0
1240,13,Athletico-Pr,0,0,,,,0,0,0,0,0
1240,13,Fluminense,0,0,,,0,0,0,0,0,0
1241,13,Goias,0,0,,,0,0,0,0,0,0
1241,13,Internacional,0,0,,,0,0,0,0,0,0
1242,13,Santos,0,0,,,0,0,0,0,0,0
1242,13,Vasco,0,0,,,0,0,0,0,0,0
1243,13,Figueirense,0,0,,,0,0,0,0,0,0
1243,13,Palmeiras,0,0,,,0,0,0,0,0,0
1244,13,Brasiliense,0,0,,,0,0,0,0,,0
1244,13,Sao Paulo,0,0,,,0,0,0,0,0,0
1245,13,Flamengo,0,0,,,0,0,0,0,0,0
1245,13,Juventude,0,0,,,0,0,0,0,0,0
1246,13,Coritiba,0,0,,,0,0,0,0,0,0
1246,13,Cruzeiro,0,0,,,0,0,0,0,0,0
1247,13,Corinthians,0,0,,,0,0,0,0,0,0
1247,13,Paysandu,0,0,,,0,0,0,0,0,0
1248,14,Athletico-Pr,0,0,,,0,0,0,0,0,0
1248,14,Parana,0,0,,,0,0,0,0,0,0
1249,14,Botafogo-Rj,0,0,,,0,0,0,0,0,0
1249,14,Brasiliense,0,0,,,0,0,0,0,0,0
1250,14,Fortaleza,0,0,,,0,0,0,0,0,0
1250,14,Goias,0,0,,,,0,0,0,0,0
1251,14,Sao Caetano,0,0,,,0,0,0,0,0,0
1251,14,Sao Paulo,0,0,,,0,0,0,0,0,0
1252,14,Corinthians,0,0,,,0,0,0,0,0,0
1252,14,Vasco,0,0,,,0,0,0,0,0,0
1253,14,Coritiba,0,0,,,0,0,0,0,0,0
1253,14,Flamengo,0,0,,,0,0,0,0,0,0
1254,14,Atletico-Mg,0,0,,,0,0,0,0,0,0
1254,14,Palmeiras,0,0,,,0,0,0,0,0,0
1255,14,Fluminense,0,0,,,0,0,0,0,0,0
1255,14,Ponte Preta,0,0,,,0,0,0,0,0,0
1256,14,Cruzeiro,,0,,,0,0,0,0,0,0
1256,14,Santos,0,0,,,0,0,0,0,0,0
1257,14,Internacional,0,0,,,0,0,0,0,0,0
1257,14,Paysandu,0,0,,,,0,0,0,0,0
1258,14,Figueirense,0,0,,,0,0,0,0,0,0
1258,14,Juventude,0,0,,,0,0,0,0,0,0
1259,15,Fortaleza,0,0,,,0,0,0,0,0,0
1259,15,Juventude,0,0,,,0,0,0,0,0,0
1260,15,Fluminense,0,0,,,0,0,0,0,0,0
1260,15,Goias,0,0,,,0,0,0,0,0,0
1261,15,Botafogo-Rj,0,0,,,0,0,0,0,0,0
1261,15,Sao Caetano,0,0,,,0,0,0,0,0,0
1262,15,Corinthians,0,0,,,0,0,0,0,0,0
1262,15,Cruzeiro,,0,,,0,0,0,0,0,0
1263,15,Athletico-Pr,0,0,,,0,0,0,0,0,0
1263,15,Vasco,0,0,,,0,0,0,0,0,0
1264,15,Ponte Preta,0,0,,,0,0,0,0,0,0
1264,15,Santos,0,0,,,0,0,0,0,0,0
1265,15,Atletico-Mg,,0,,,0,0,0,0,,0
1265,15,Sao Paulo,0,0,,,0,0,0,0,0,0
1266,15,Brasiliense,,0,,,0,0,0,0,0,0
1266,15,Paysandu,0,0,,,0,0,0,0,0,0
1267,15,Flamengo,0,0,,,0,0,0,0,0,0
1267,15,Palmeiras,0,0,,,0,0,0,0,0,0
1268,15,Coritiba,0,0,,,0,0,0,0,0,0
1268,15,Figueirense,0,0,,,0,0,0,0,0,0
1269,15,Internacional,0,0,,,0,0,0,0,0,0
1269,15,Parana,0,0,,,0,0,0,0,0,0
1270,16,Cruzeiro,0,0,,,0,0,0,0,0,0
1270,16,Fortaleza,0,0,,,0,0,0,0,0,0
1271,16,Atletico-Mg,0,0,,,0,0,0,0,0,0
1271,16,Goias,0,0,,,0,0,0,0,0,0
1272,16,Sao Caetano,0,0,,,0,0,0,0,,0
1272,16,Vasco,0,0,,,0,0,0,0,0,0
1273,16,Figueirense,0,0,,,0,0,0,0,0,0
1273,16,Fluminense,0,0,,,0,0,0,0,0,0
1274,16,Brasiliense,,0,,,0,0,0,0,0,0
1274,16,Coritiba,0,0,,,,0,0,0,0,0
1275,16,Botafogo-Rj,0,0,,,0,0,0,0,0,0
1275,16,Flamengo,0,0,,,0,0,0,0,0,0
1276,16,Internacional,0,0,,,0,0,0,0,0,0
1276,16,Ponte Preta,0,0,,,0,0,0,0,0,0
1277,16,Parana,0,0,,,0,0,0,0,0,0
1277,16,Paysandu,0,0,,,0,0,0,0,0,0
1278,16,Juventude,0,0,,,0,0,0,0,0,0
1278,16,Sao Paulo,0,0,,,0,0,0,0,0,0
1279,16,Athletico-Pr,0,0,,,0,0,0,0,0,0
1279,16,Palmeiras,0,0,,,0,0,0,0,0,0
1280,16,Corinthians,,0,,,,0,0,0,0,0
1280,16,Santos,0,0,,,0,0,0,0,0,0
1281,17,Brasiliense,0,0,,,0,0,0,0,0,0
1281,17,Cruzeiro,0,0,,,0,0,0,0,0,0
1282,17,Juventude,,0,,,0,0,0,0,0,0
1282,17,Sao Caetano,0,0,,,0,0,0,0,0,0
1283,17,Corinthians,0,0,,,0,0,0,0,0,0
1283,17,Coritiba,0,0,,,0,0,0,0,0,0
1284,17,Athletico-Pr,0,0,,,0,0,0,0,0,0
1284,17,Goias,0,0,,,0,0,0,0,0,0
1285,17,Atletico-Mg,,0,,,0,0,0,0,0,0
1285,17,Paysandu,0,0,,,0,0,0,0,0,0
1286,17,Internacional,0,0,,,0,0,0,0,0,0
1286,17,Santos,,0,,,0,0,0,0,0,0
1287,17,Flamengo,0,0,,,0,0,0,0,0,0
1287,17,Ponte Preta,0,0,,,0,0,0,0,0,0
1288,17,Botafogo-Rj,0,0,,,0,0,0,0,0,0
1288,17,Parana,0,0,,,0,0,0,0,0,0
1289,17,Fluminense,0,0,,,0,0,0,0,0,0
1289,17,Vasco,0,0,,,0,0,0,0,0,0
1290,17,Figueirense,0,0,,,0,0,0,0,0,0
1290,17,Fortaleza,0,0,,,0,0,0,0,0,0
1291,17,Palmeiras,0,0,,,0,0,0,0,0,0
1291,17,Sao Paulo,0,0,,,0,0,0,0,0,0
1292,18,Athletico-Pr,0,0,,,0,0,0,0,0,0
1292,18,Cruzeiro,0,0,,,0,0,0,0,0,0
1293,18,Corinthians,0,0,,,0,0,0,0,0,0
1293,18,Sao Caetano,,0,,,0,0,0,0,0,0
1294,18,Botafogo-Rj,0,0,,,0,0,0,0,0,0
1294,18,Paysandu,0,0,,,,0,0,0,0,0
1295,18,Juventude,0,0,,,0,0,0,0,0,0
1295,18,Palmeiras,0,0,,,0,0,0,0,0,0
1296,18,Parana,,0,,,0,0,0,0,0,0
1296,18,Santos,,0,,,0,0,0,0,0,0
1297,18,Flamengo,0,0,,,0,0,0,0,0,0
1297,18,Fortaleza,0,0,,,,0,0,0,0,0
1298,18,Brasiliense,0,0,,,0,0,0,0,0,0
1298,18,Internacional,0,0,,,,0,0,0,0,0
1299,18,Atletico-Mg,0,0,,,0,0,0,0,0,0
1299,18,Fluminense,0,0,,,,0,0,0,0,0
1300,18,Coritiba,0,0,,,0,0,0,0,0,0
1300,18,Ponte Preta,0,0,,,0,0,0,0,0,0
1301,18,Goias,0,0,,,0,0,0,0,0,0
1301,18,Sao Paulo,0,0,,,0,0,0,0,0,0
1302,18,Figueirense,0,0,,,0,0,0,0,0,0
1302,18,Vasco,,0,,,0,0,0,0,0,0
1303,19,Athletico-Pr,0,0,,,0,0,0,0,0,0
1303,19,Sao Caetano,,0,,,0,0,0,0,0,0
1304,19,Paysandu,0,0,,,0,0,0,0,0,0
1304,19,Vasco,0,0,,,0,0,0,0,0,0
1305,19,Atletico-Mg,0,0,,,0,0,0,0,0,0
1305,19,Coritiba,0,0,,,0,0,0,0,0,0
1306,19,Palmeiras,0,0,,,0,0,0,0,0,0
1306,19,Ponte Preta,0,0,,,0,0,0,0,0,0
1307,19,Corinthians,0,0,,,0,0,0,0,0,0
1307,19,Internacional,0,0,,,0,0,0,0,0,0
1308,19,Figueirense,0,0,,,0,0,0,0,0,0
1308,19,Sao Paulo,0,0,,,0,0,0,0,0,0
1309,19,Brasiliense,0,0,,,0,0,0,0,0,0
1309,19,Santos,0,0,,,0,0,0,0,0,0
1310,19,Fluminense,,0,,,0,0,0,0,0,0
1310,19,Fortaleza,0,0,,,0,0,0,0,0,0
1311,19,Flamengo,0,0,,,0,0,0,0,0,0
1311,19,Parana,0,0,,,0,0,0,0,0,0
1312,19,Goias,0,0,,,0,0,0,0,0,0
1312,19,Juventude,0,0,,,0,0,0,0,0,0
1313,19,Botafogo-Rj,0,0,,,0,0,0,0,0,0
1313,19,Cruzeiro,0,0,,,0,0,0,0,0,0
1314,20,Coritiba,0,0,,,0,0,0,0,0,0
1314,20,Sao Caetano,0,0,,,0,0,0,0,0,0
1315,20,Internacional,0,0,,,0,0,0,0,0,0
1315,20,Palmeiras,0,0,,,0,0,0,0,0,0
1316,20,Athletico-Pr,0,0,,,,0,0,0,0,0
1316,20,Paysandu,0,0,,,0,0,0,0,0,0
1317,20,Corinthians,0,0,,,0,0,0,0,,0
1317,20,Ponte Preta,0,0,,,0,0,0,0,0,0
1318,20,Atletico-Mg,0,0,,,0,0,0,0,0,0
1318,20,Vasco,0,0,,,0,0,0,0,0,0
1319,20,Brasiliense,0,0,,,0,0,0,0,0,0
1319,20,Figueirense,0,0,,,0,0,0,0,0,0
1320,20,Flamengo,,0,,,0,0,0,0,0,0
1320,20,Goias,0,0,,,0,0,0,0,0,0
1321,20,Cruzeiro,0,0,,,,0,0,0,0,0
1321,20,Parana,,0,,,,0,0,0,0,0
1322,20,Fortaleza,0,0,,,0,0,0,0,0,0
1322,20,Sao Paulo,0,0,,,0,0,0,0,0,0
1323,20,Botafogo-Rj,0,0,,,0,0,0,0,0,0
1323,20,Santos,0,0,,,0,0,0,0,0,0
1324,20,Fluminense,0,0,,,0,0,0,0,0,0
1324,20,Juventude,0,0,,,0,0,0,0,0,0
1325,21,Atletico-Mg,0,0,,,0,0,0,0,0,0
1325,21,Juventude,0,0,,,0,0,0,0,0,0
1326,21,Cruzeiro,0,0,,,0,0,0,0,0,0
1326,21,Sao Caetano,0,0,,,0,0,0,0,0,0
1327,21,Athletico-Pr,0,0,,,0,0,0,0,0,0
1327,21,Sao Paulo,0,0,,,0,0,0,0,0,0
1328,21,Corinthians,,0,,,0,0,0,0,0,0
1328,21,Goias,0,0,,,,0,0,0,0,0
1329,21,Parana,0,0,,,0,0,0,0,0,0
1329,21,Vasco,0,0,,,0,0,0,0,0,0
1330,21,Fluminense,0,0,,,0,0,0,0,0,0
1330,21,Palmeiras,0,0,,,0,0,0,0,0,0
1331,21,Brasiliense,0,0,,,0,0,0,0,0,0
1331,21,Ponte Preta,0,0,,,0,0,0,0,0,0
1332,21,Botafogo-Rj,0,0,,,0,0,0,0,0,0
1332,21,Fortaleza,0,0,,,0,0,0,0,0,0
1333,21,Flamengo,0,0,,,0,0,0,0,0,0
1333,21,Paysandu,0,0,,,0,0,0,0,0,0
1334,21,Figueirense,0,0,,,0,0,0,0,0,0
1334,21,Santos,0,0,,,0,0,0,0,0,0
1335,21,Coritiba,0,0,,,0,0,0,0,0,0
1335,21,Internacional,0,0,,,0,0,0,0,0,0
1336,22,Palmeiras,0,0,,,0,0,0,0,0,0
1336,22,Sao Caetano,0,0,,,0,0,0,0,0,0
1337,22,Athletico-Pr,0,0,,,0,0,0,0,0,0
1337,22,Ponte Preta,,0,,,0,0,0,0,0,0
1338,22,Goias,0,0,,,0,0,0,0,0,0
1338,22,Parana,0,0,,,0,0,0,0,0,0
1339,22,Brasiliense,0,0,,,,0,0,0,0,0
1339,22,Vasco,0,0,,,0,0,0,0,0,0
1340,22,Fluminense,0,0,,,0,0,0,0,0,0
1340,22,Sao Paulo,0,0,,,0,0,0,0,0,0
1341,22,Cruzeiro,0,0,,,,0,0,0,0,0
1341,22,Flamengo,0,0,,,,0,0,0,0,0
1342,22,Corinthians,0,0,,,0,0,0,0,0,0
1342,22,Juventude,0,0,,,0,0,0,0,0,0
1343,22,Paysandu,0,0,,,0,0,0,0,0,0
1343,22,Santos,0,0,,,0,0,0,0,0,0
1344,22,Botafogo-Rj,0,0,,,0,0,0,0,0,0
1344,22,Internacional,0,0,,,0,0,0,0,0,0
1345,22,Atletico-Mg,0,0,,,0,0,0,0,0,0
1345,22,Figueirense,0,0,,,0,0,0,0,0,0
1346,22,Coritiba,0,0,,,0,0,0,0,0,0
1346,22,Fortaleza,0,0,,,0,0,0,0,0,0
1347,23,Athletico-Pr,0,0,,,,0,0,0,0,0
1347,23,Juventude,0,0,,,0,0,0,0,0,0
1348,23,Goias,0,0,,,0,0,0,0,0,0
1348,23,Sao Caetano,0,0,,,,0,0,0,0,0
1349,23,Brasiliense,0,0,,,0,0,0,0,0,0
1349,23,Palmeiras,0,0,,,0,0,0,0,0,0
1350,23,Parana,0,0,,,0,0,0,0,0,0
1350,23,Sao Paulo,0,0,,,0,0,0,0,0,0
1351,23,Figueirense,0,0,,,0,0,0,0,0,0
1351,23,Flamengo,0,0,,,0,0,0,0,0,0
1352,23,Cruzeiro,0,0,,,,0,0,0,0,0
1352,23,Internacional,,0,,,0,0,0,0,0,0
1353,23,Botafogo-Rj,0,0,,,0,0,0,0,0,0
1353,23,Corinthians,0,0,,,0,0,0,0,0,0
1354,23,Atletico-Mg,0,0,,,0,0,0,0,0,0
1354,23,Ponte Preta,0,0,,,0,0,0,0,0,0
1355,23,Fortaleza,0,0,,,0,0,0,0,0,0
1355,23,Vasco,0,0,,,0,0,0,0,0,0
1356,23,Fluminense,0,0,,,0,0,0,0,0,0
1356,23,Paysandu,0,0,,,0,0,0,0,0,0
1357,23,Coritiba,0,0,,,,0,0,0,0,0
1357,23,Santos,0,0,,,0,0,0,0,0,0
1358,24,Botafogo-Rj,0,0,,,0,0,0,0,0,0
1358,24,Vasco,0,0,,,0,0,0,0,0,0
1359,24,Fortaleza,0,0,,,0,0,0,0,0,0
1359,24,Sao Caetano,0,0,,,0,0,0,0,0,0
1360,24,Atletico-Mg,0,0,,,0,0,0,0,0,0
1360,24,Brasiliense,0,0,,,0,0,0,0,0,0
1361,24,Figueirense,0,0,,,0,0,0,0,0,0
1361,24,Goias,0,0,,,0,0,0,0,0,0
1362,24,Juventude,0,0,,,0,0,0,0,0,0
1362,24,Parana,0,0,,,0,0,0,0,0,0
1363,24,Cruzeiro,0,0,,,0,0,0,0,0,0
1363,24,Fluminense,0,0,,,0,0,0,0,0,0
1364,24,Athletico-Pr,0,0,,,0,0,0,0,0,0
1364,24,Santos,0,0,,,0,0,0,0,0,0
1365,24,Paysandu,0,0,,,0,0,0,0,0,0
1365,24,Ponte Preta,0,0,,,0,0,0,0,0,0
1366,24,Flamengo,0,0,,,0,0,0,0,0,0
1366,24,Internacional,0,0,,,0,0,0,0,0,0
1367,24,Coritiba,0,0,,,0,0,0,0,0,0
1367,24,Palmeiras,0,0,,,0,0,0,0,0,0
1368,24,Corinthians,0,0,,,0,0,0,0,0,0
1368,24,Sao Paulo,,0,,,0,0,0,0,0,0
1369,25,Paysandu,0,0,,,0,0,0,0,0,0
1369,25,Sao Caetano,0,0,,,0,0,0,0,0,0
1370,25,Cruzeiro,0,0,,,0,0,0,0,0,0
1370,25,Goias,0,0,,,0,0,0,0,0,0
1371,25,Flamengo,0,0,,,0,0,0,0,0,0
1371,25,Santos,0,0,,,0,0,0,0,,0
1372,25,Figueirense,,0,,,0,0,0,0,0,0
1372,25,Internacional,0,0,,,,0,0,0,0,0
1373,25,Juventude,,0,,,0,0,0,0,0,0
1373,25,Vasco,0,0,,,0,0,0,0,0,0
1374,25,Palmeiras,0,0,,,0,0,0,0,0,0
1374,25,Parana,0,0,,,0,0,0,0,0,0
1375,25,Athletico-Pr,0,0,,,0,0,0,0,0,0
1375,25,Corinthians,0,0,,,0,0,0,0,0,0
1376,25,Fortaleza,0,0,,,0,0,0,0,0,0
1376,25,Ponte Preta,0,0,,,0,0,0,0,0,0
1377,25,Coritiba,0,0,,,0,0,0,0,0,0
1377,25,Sao Paulo,0,0,,,0,0,0,0,0,0
1378,25,Atletico-Mg,0,0,,,0,0,0,0,0,0
1378,25,Botafogo-Rj,0,0,,,0,0,0,0,0,0
1379,25,Brasiliense,,0,,,0,0,0,0,0,0
1379,25,Fluminense,0,0,,,0,0,0,0,,0
1380,26,Parana,0,0,,,0,0,0,0,0,0
1380,26,Ponte Preta,0,0,,,0,0,0,0,0,0
1381,26,Juventude,0,0,,,0,0,0,0,0,0
1381,26,Paysandu,0,0,,,0,0,0,0,0,0
1382,26,Cruzeiro,0,0,,,0,0,0,0,0,0
1382,26,Palmeiras,0,0,,,0,0,0,0,0,0
1383,26,Flamengo,0,0,,,0,0,0,0,0,0
1383,26,Sao Caetano,0,0,,,0,0,0,0,,0
1384,26,Sao Paulo,0,0,,,0,0,0,0,0,0
1384,26,Vasco,,0,,,0,0,0,0,0,0
1385,26,Brasiliense,0,0,,,0,0,0,0,0,0
1385,26,Fortaleza,0,0,,,0,0,0,0,0,0
1386,26,Athletico-Pr,0,0,,,0,0,0,0,0,0
1386,26,Internacional,0,0,,,0,0,0,0,0,0
1387,26,Corinthians,0,0,,,0,0,0,0,0,0
1387,26,Figueirense,0,0,,,0,0,0,0,0,0
1388,26,Botafogo-Rj,0,0,,,,0,0,0,0,0
1388,26,Goias,0,0,,,0,0,0,0,0,0
1389,26,Coritiba,0,0,,,0,0,0,0,0,0
1389,26,Fluminense,0,0,,,0,0,0,0,0,0
1390,26,Atletico-Mg,0,0,,,0,0,0,0,0,0
1390,26,Santos,,0,,,0,0,0,0,0,0
1391,27,Figueirense,0,0,,,0,0,0,0,0,0
1391,27,Sao Caetano,0,0,,,0,0,0,0,0,0
1392,27,Fortaleza,,0,,,0,0,0,0,0,0
1392,27,Internacional,0,0,,,0,0,0,0,0,0
1393,27,Goias,0,0,,,0,0,0,0,0,0
1393,27,Paysandu,0,0,,,0,0,0,0,0,0
1394,27,Brasiliense,0,0,,,0,0,0,0,0,0
1394,27,Parana,0,0,,,0,0,0,0,0,0
1395,27,Palmeiras,0,0,,,0,0,0,0,0,0
1395,27,Santos,0,0,,,0,0,0,0,0,0
1396,27,Cruzeiro,0,0,,,0,0,0,0,0,0
1396,27,Sao Paulo,0,0,,,0,0,0,0,0,0
1397,27,Flamengo,0,0,,,0,0,0,0,0,0
1397,27,Fluminense,0,0,,,0,0,0,0,0,0
1398,27,Coritiba,0,0,,,0,0,0,0,0,0
1398,27,Juventude,0,0,,,0,0,0,0,0,0
1399,27,Ponte Preta,0,0,,,0,0,0,0,0,0
1399,27,Vasco,0,0,,,0,0,0,0,0,0
1400,27,Atletico-Mg,0,0,,,0,0,0,0,0,0
1400,27,Corinthians,0,0,,,0,0,0,0,0,0
1401,27,Athletico-Pr,0,0,,,0,0,0,0,0,0
1401,27,Botafogo-Rj,0,0,,,0,0,0,0,0,0
1402,28,Paysandu,0,0,,,0,0,0,0,0,0
1402,28,Sao Paulo,0,0,,,0,0,0,0,0,0
1403,28,Brasiliense,0,0,,,,0,0,0,0,0
1403,28,Sao Caetano,0,0,,,,0,0,0,0,0
1404,28,Fortaleza,0,0,,,0,0,0,0,0,0
1404,28,Parana,0,0,,,,0,0,0,0,0
1405,28,Botafogo-Rj,0,0,,,0,0,0,0,0,0
1405,28,Juventude,0,0,,,0,0,0,0,0,0
1406,28,Athletico-Pr,0,0,,,0,0,0,0,0,0
1406,28,Figueirense,0,0,,,0,0,0,0,0,0
1407,28,Cruzeiro,0,0,,,0,0,0,0,0,0
1407,28,Ponte Preta,0,0,,,0,0,0,0,0,0
1408,28,Coritiba,0,0,,,0,0,0,0,0,0
1408,28,Vasco,0,0,,,0,0,0,0,0,0
1409,28,Corinthians,0,0,,,0,0,0,0,0,0
1409,28,Flamengo,0,0,,,0,0,0,0,0,0
1410,28,Goias,0,0,,,0,0,0,0,0,0
1410,28,Palmeiras,0,0,,,0,0,0,0,0,0
1411,28,Fluminense,0,0,,,0,0,0,0,0,0
1411,28,Santos,0,0,,,0,0,0,0,0,0
1412,28,Atletico-Mg,0,0,,,0,0,0,0,0,0
1412,28,Internacional,0,0,,,0,0,0,0,0,0
1413,29,Coritiba,,0,,,0,0,0,0,0,0
1413,29,Parana,0,0,,,0,0,0,0,0,0
1414,29,Goias,,0,,,0,0,0,0,0,0
1414,29,Ponte Preta,0,0,,,0,0,0,0,0,0
1415,29,Cruzeiro,0,0,,,0,0,0,0,0,0
1415,29,Juventude,0,0,,,0,0,0,0,0,0
1416,29,Figueirense,0,0,,,0,0,0,0,0,0
1416,29,Paysandu,0,0,,,0,0,0,0,0,0
1417,29,Atletico-Mg,0,0,,,0,0,0,0,0,0
1417,29,Sao Caetano,0,0,,,0,0,0,0,0,0
1418,29,Fortaleza,0,0,,,0,0,0,0,0,0
1418,29,Santos,0,0,,,0,0,0,0,0,0
1419,29,Fluminense,0,0,,,0,0,0,0,0,0
1419,29,Internacional,,0,,,,0,0,0,0,0
1420,29,Palmeiras,0,0,,,0,0,0,0,0,0
1420,29,Vasco,0,0,,,0,0,0,0,,0
1421,29,Brasiliense,0,0,,,0,0,0,0,0,0
1421,29,Corinthians,0,0,,,0,0,0,0,0,0
1422,29,Botafogo-Rj,0,0,,,0,0,0,0,0,0
1422,29,Sao Paulo,,0,,,0,0,0,0,0,0
1423,29,Athletico-Pr,0,0,,,0,0,0,0,0,0
1423,29,Flamengo,0,0,,,0,0,0,0,0,0
1424,30,Santos,0,0,,,0,0,0,0,0,0
1424,30,Sao Caetano,0,0,,,0,0,0,0,0,0
1425,30,Juventude,0,0,,,0,0,0,0,0,0
1425,30,Ponte Preta,0,0,,,,0,0,0,0,0
1426,30,Coritiba,0,0,,,0,0,0,0,0,0
1426,30,Goias,0,0,,,0,0,0,0,0,0
1427,30,Atletico-Mg,0,0,,,0,0,0,0,0,0
1427,30,Parana,0,0,,,0,0,0,0,0,0
1428,30,Botafogo-Rj,0,0,,,,0,0,0,0,0
1428,30,Figueirense,0,0,,,0,0,0,0,0,0
1429,30,Athletico-Pr,0,0,,,0,0,0,0,0,0
1429,30,Fortaleza,0,0,,,0,0,0,0,0,0
1430,30,Cruzeiro,0,0,,,0,0,0,0,0,0
1430,30,Vasco,0,0,,,0,0,0,0,0,0
1431,30,Palmeiras,0,0,,,,0,0,0,0,0
1431,30,Paysandu,0,0,,,,0,0,0,0,0
1432,30,Brasiliense,0,0,,,0,0,0,0,0,0
1432,30,Flamengo,0,0,,,0,0,0,0,0,0
1433,30,Corinthians,0,0,,,0,0,0,0,0,0
1433,30,Fluminense,0,0,,,0,0,0,0,0,0
1434,30,Internacional,0,0,,,0,0,0,0,0,0
1434,30,Sao Paulo,,0,,,0,0,0,0,0,0
1435,31,Botafogo-Rj,,0,,,0,0,0,0,0,0
1435,31,Palmeiras,0,0,,,0,0,0,0,0,0
1436,31,Corinthians,0,0,,,0,0,0,0,0,0
1436,31,Fortaleza,0,0,,,0,0,0,0,0,0
1437,31,Fluminense,0,0,,,0,0,0,0,0,0
1437,31,Parana,0,0,,,0,0,0,0,0,0
1438,31,Juventude,0,0,,,0,0,0,0,0,0
1438,31,Santos,0,0,,,0,0,0,0,0,0
1439,31,Goias,0,0,,,0,0,0,0,0,0
1439,31,Vasco,0,0,,,0,0,0,0,0,0
1440,31,Cruzeiro,0,0,,,0,0,0,0,0,0
1440,31,Figueirense,,0,,,0,0,0,0,0,0
1441,31,Internacional,0,0,,,0,0,0,0,0,0
1441,31,Sao Caetano,0,0,,,0,0,0,0,0,0
1442,31,Ponte Preta,0,0,,,0,0,0,0,0,0
1442,31,Sao Paulo,0,0,,,0,0,0,0,0,0
1443,31,Atletico-Mg,0,0,,,0,0,0,0,0,0
1443,31,Flamengo,0,0,,,0,0,0,0,0,0
1444,31,Athletico-Pr,0,0,,,0,0,0,0,0,0
1444,31,Brasiliense,0,0,,,0,0,0,0,0,0
1445,31,Coritiba,,0,,,0,0,0,0,0,0
1445,31,Paysandu,0,0,,,0,0,0,0,0,0
1446,32,Botafogo-Rj,0,0,,,0,0,0,0,0,0
1446,32,Fluminense,0,0,,,0,0,0,0,0,0
1447,32,Fortaleza,0,0,,,0,0,0,0,0,0
1447,32,Paysandu,0,0,,,0,0,0,0,0,0
1448,32,Brasiliense,0,0,,,0,0,0,0,0,0
1448,32,Juventude,0,0,,,0,0,0,0,0,0
1449,32,Figueirense,0,0,,,0,0,0,0,0,0
1449,32,Parana,0,0,,,0,0,0,0,0,0
1450,32,Athletico-Pr,0,0,,,0,0,0,0,0,0
1450,32,Coritiba,0,0,,,,0,0,0,0,0
1451,32,Internacional,0,0,,,0,0,0,0,0,0
1451,32,Vasco,0,0,,,0,0,0,0,0,0
1452,32,Corinthians,0,0,,,0,0,0,0,0,0
1452,32,Palmeiras,0,0,,,0,0,0,0,0,0
1453,32,Atletico-Mg,0,0,,,0,0,0,0,0,0
1453,32,Cruzeiro,0,0,,,0,0,0,0,0,0
1454,32,Flamengo,0,0,,,0,0,0,0,0,0
1454,32,Sao Paulo,0,0,,,0,0,0,0,0,0
1455,32,Goias,0,0,,,0,0,0,0,0,0
1455,32,Santos,0,0,,,0,0,0,0,0,0
1456,32,Ponte Preta,0,0,,,0,0,0,0,0,0
1456,32,Sao Caetano,0,0,,,0,0,0,0,0,0
1457,33,Brasiliense,0,0,,,0,0,0,0,0,0
1457,33,Goias,0,0,,,0,0,0,0,0,0
1458,33,Fluminense,0,0,,,0,0,0,0,0,0
1458,33,Sao Caetano,0,0,,,0,0,0,0,0,0
1459,33,Flamengo,0,0,,,0,0,0,0,0,0
1459,33,Vasco,0,0,,,,0,0,0,0,0
1460,33,Corinthians,0,0,,,0,0,0,0,0,0
1460,33,Parana,0,0,,,0,0,0,0,0,0
1461,33,Fortaleza,0,0,,,,0,0,0,0,0
1461,33,Palmeiras,0,0,,,0,0,0,0,0,0
1462,33,Athletico-Pr,0,0,,,0,0,0,0,0,0
1462,33,Atletico-Mg,0,0,,,0,0,0,0,0,0
1463,33,Internacional,0,0,,,0,0,0,0,0,0
1463,33,Juventude,0,0,,,0,0,0,0,0,0
1464,33,Cruzeiro,0,0,,,,0,0,0,0,0
1464,33,Paysandu,0,0,,,0,0,0,0,0,0
1465,33,Figueirense,,0,,,0,0,0,0,0,0
1465,33,Ponte Preta,0,0,,,0,0,0,0,0,0
1466,33,Botafogo-Rj,0,0,,,0,0,0,0,0,0
1466,33,Coritiba,0,0,,,0,0,0,0,0,0
1467,33,Santos,0,0,,,0,0,0,0,0,0
1467,33,Sao  Paulo,0,0,,,0,0,0,0,0,0
1468,34,Coritiba,0,0,,,0,0,0,0,0,0
1468,34,Cruzeiro,0,0,,,0,0,0,0,0,0
1469,34,Goias,,0,,,0,0,0,0,0,0
1469,34,Internacional,0,0,,,0,0,0,0,0,0
1470,34,Atletico-Mg,0,0,,,0,0,0,0,0,0
1470,34,Fortaleza,0,0,,,0,0,0,0,0,0
1471,34,Figueirense,0,0,,,0,0,0,0,0,0
1471,34,Palmeiras,0,0,,,0,0,0,0,0,0
1472,34,Santos,0,0,,,,0,0,0,0,0
1472,34,Vasco,0,0,,,0,0,0,0,0,0
1473,34,Flamengo,0,0,,,0,0,0,0,0,0
1473,34,Juventude,0,0,,,0,0,0,0,0,0
1474,34,Brasiliense,0,0,,,0,0,0,0,0,0
1474,34,Sao Paulo,0,0,,,0,0,0,0,0,0
1475,34,Athletico-Pr,0,0,,,0,0,0,0,0,0
1475,34,Fluminense,0,0,,,0,0,0,0,0,0
1476,34,Corinthians,0,0,,,0,0,0,0,0,0
1476,34,Paysandu,0,0,,,0,0,0,0,0,0
1477,34,Botafogo-Rj,0,0,,,0,0,0,0,0,0
1477,34,Ponte Preta,0,0,,,0,0,0,0,0,0
1478,34,Parana,0,0,,,0,0,0,0,0,0
1478,34,Sao Caetano,0,0,,,0,0,0,0,0,0
1479,35,Figueirense,0,0,,,0,0,0,0,0,0
1479,35,Juventude,0,0,,,0,0,0,0,0,0
1480,35,Fortaleza,0,0,,,0,0,0,0,0,0
1480,35,Goias,0,0,,,0,0,0,0,0,0
1481,35,Atletico-Mg,0,0,,,0,0,0,0,0,0
1481,35,Palmeiras,0,0,,,0,0,0,0,0,0
1482,35,Cruzeiro,0,0,,,0,0,0,0,0,0
1482,35,Santos,0,0,,,0,0,0,0,0,0
1483,35,Athletico-Pr,0,0,,,0,0,0,0,0,0
1483,35,Parana,0,0,,,0,0,0,0,0,0
1484,35,Corinthians,0,0,,,0,0,0,0,0,0
1484,35,Vasco,0,0,,,0,0,0,0,0,0
1485,35,Sao Caetano,0,0,,,0,0,0,0,0,0
1485,35,Sao Paulo,0,0,,,,0,0,0,0,0
1486,35,Fluminense,0,0,,,0,0,0,0,0,0
1486,35,Ponte Preta,0,0,,,0,0,0,0,0,0
1487,35,Botafogo-Rj,0,0,,,0,0,0,0,0,0
1487,35,Brasiliense,,0,,,0,0,0,0,0,0
1488,35,Internacional,0,0,,,0,0,0,0,0,0
1488,35,Paysandu,0,0,,,0,0,0,0,0,0
1489,35,Coritiba,0,0,,,0,0,0,0,0,0
1489,35,Flamengo,0,0,,,0,0,0,0,0,0
1490,36,Atletico-Mg,0,0,,,0,0,0,0,0,0
1490,36,Sao Paulo,0,0,,,0,0,0,0,0,0
1491,36,Fortaleza,0,0,,,0,0,0,0,0,0
1491,36,Juventude,0,0,,,0,0,0,0,0,0
1492,36,Ponte Preta,0,0,,,0,0,0,0,0,0
1492,36,Santos,0,0,,,0,0,0,0,0,0
1493,36,Corinthians,0,0,,,0,0,0,0,,0
1493,36,Cruzeiro,0,0,,,0,0,0,0,0,0
1494,36,Fluminense,0,0,,,0,0,0,0,0,0
1494,36,Goias,0,0,,,0,0,0,0,0,0
1495,36,Coritiba,0,0,,,0,0,0,0,0,0
1495,36,Figueirense,,0,,,0,0,0,0,0,0
1496,36,Flamengo,0,0,,,,0,0,0,0,0
1496,36,Palmeiras,0,0,,,0,0,0,0,0,0
1497,36,Athletico-Pr,0,0,,,0,0,0,0,0,0
1497,36,Vasco,0,0,,,0,0,0,0,0,0
1498,36,Botafogo-Rj,0,0,,,0,0,0,0,0,0
1498,36,Sao Caetano,0,0,,,0,0,0,0,0,0
1499,36,Internacional,0,0,,,0,0,0,0,0,0
1499,36,Parana,0,0,,,,0,0,0,0,0
1500,36,Brasiliense,,0,,,0,0,0,0,0,0
1500,36,Paysandu,0,0,,,0,0,0,0,0,0
1501,37,Juventude,0,0,,,0,0,0,0,0,0
1501,37,Sao Paulo,0,0,,,0,0,0,0,0,0
1502,37,Cruzeiro,0,0,,,0,0,0,0,0,0
1502,37,Fortaleza,0,0,,,0,0,0,0,0,0
1503,37,Botafogo-Rj,0,0,,,0,0,0,0,0,0
1503,37,Flamengo,0,0,,,0,0,0,0,0,0
1504,37,Sao Caetano,0,0,,,0,0,0,0,0,0
1504,37,Vasco,0,0,,,,0,0,0,0,0
1505,37,Corinthians,0,0,,,0,0,0,0,0,0
1505,37,Santos,0,0,,,0,0,0,0,0,0
1506,37,Internacional,0,0,,,0,0,0,0,0,0
1506,37,Ponte Preta,0,0,,,0,0,0,0,0,0
1507,37,Parana,0,0,,,0,0,0,0,0,0
1507,37,Paysandu,0,0,,,0,0,0,0,0,0
1508,37,Atletico-Mg,0,0,,,0,0,0,0,0,0
1508,37,Goias,,0,,,0,0,0,0,0,0
1509,37,Figueirense,0,0,,,0,0,0,0,0,0
1509,37,Fluminense,0,0,,,0,0,0,0,0,0
1510,37,Athletico-Pr,0,0,,,0,0,0,0,0,0
1510,37,Palmeiras,0,0,,,0,0,0,0,0,0
1511,37,Brasiliense,0,0,,,0,0,0,0,0,0
1511,37,Coritiba,,0,,,0,0,0,0,0,0
1512,38,Palmeiras,0,0,,,0,0,0,0,0,0
1512,38,Sao Paulo,0,0,,,0,0,0,0,0,0
1513,38,Botafogo-Rj,0,0,,,0,0,0,0,0,0
1513,38,Parana,0,0,,,0,0,0,0,0,0
1514,38,Atletico-Mg,0,0,,,0,0,0,0,0,0
1514,38,Paysandu,0,0,,,0,0,0,0,0,0
1515,38,Figueirense,0,0,,,0,0,0,0,0,0
1515,38,Fortaleza,0,0,,,0,0,0,0,0,0
1516,38,Athletico-Pr,,0,,,0,0,0,0,0,0
1516,38,Goias,0,0,,,0,0,0,0,0,0
1517,38,Flamengo,0,0,,,0,0,0,0,0,0
1517,38,Ponte Preta,0,0,,,0,0,0,0,0,0
1518,38,Corinthians,0,0,,,0,0,0,0,0,0
1518,38,Coritiba,0,0,,,0,0,0,0,0,0
1519,38,Fluminense,0,0,,,0,0,0,0,0,0
1519,38,Vasco,0,0,,,0,0,0,0,0,0
1520,38,Brasiliense,0,0,,,0,0,0,0,0,0
1520,38,Cruzeiro,0,0,,,0,0,0,0,0,0
1521,38,Juventude,,0,,,0,0,0,0,0,0
1521,38,Sao Caetano,,0,,,0,0,0,0,0,0
1522,38,Internacional,0,0,,,,0,0,0,0,0
1522,38,Santos,0,0,,,0,0,0,0,0,0
1523,39,Juventude,0,0,,,0,0,0,0,0,0
1523,39,Palmeiras,0,0,,,,0,0,0,0,0
1524,39,Flamengo,0,0,,,0,0,0,0,0,0
1524,39,Fortaleza,0,0,,,0,0,0,0,0,0
1525,39,Goias,0,0,,,0,0,0,0,0,0
1525,39,Sao Paulo,0,0,,,0,0,0,0,0,0
1526,39,Brasiliense,0,0,,,0,0,0,0,0,0
1526,39,Internacional,0,0,,,0,0,0,0,0,0
1527,39,Corinthians,0,0,,,0,0,0,0,0,0
1527,39,Sao Caetano,0,0,,,0,0,0,0,0,0
1528,39,Parana,0,0,,,0,0,0,0,0,0
1528,39,Santos,0,0,,,0,0,0,0,0,0
1529,39,Figueirense,,0,,,0,0,0,0,0,0
1529,39,Vasco,0,0,,,0,0,0,0,0,0
1530,39,Botafogo-Rj,,0,,,0,0,0,0,0,0
1530,39,Paysandu,0,0,,,,0,0,0,0,0
1531,39,Coritiba,0,0,,,0,0,0,0,0,0
1531,39,Ponte Preta,0,0,,,,0,0,0,0,0
1532,39,Athletico-Pr,0,0,,,0,0,0,0,0,0
1532,39,Cruzeiro,0,0,,,0,0,0,0,0,0
1533,39,Atletico-Mg,0,0,,,0,0,0,0,0,0
1533,39,Fluminense,0,0,,,0,0,0,0,0,0
1534,40,Figueirense,0,0,,,0,0,0,0,0,0
1534,40,Sao  Paulo,0,0,,,0,0,0,0,0,0
1535,40,Goias,0,0,,,0,0,0,0,0,0
1535,40,Juventude,0,0,,,0,0,0,0,0,0
1536,40,Brasiliense,0,0,,,0,0,0,0,0,0
1536,40,Santos,0,0,,,,0,0,0,0,0
1537,40,Flamengo,,0,,,0,0,0,0,0,0
1537,40,Parana,,0,,,0,0,0,0,0,0
1538,40,Corinthians,0,0,,,0,0,0,0,0,0
1538,40,Internacional,0,0,,,0,0,0,0,0,0
1539,40,Athletico-Pr,,0,,,0,0,0,0,0,0
1539,40,Sao Caetano,0,0,,,0,0,0,0,0,0
1540,40,Paysandu,0,0,,,0,0,0,0,0,0
1540,40,Vasco,0,0,,,0,0,0,0,0,0
1541,40,Atletico-Mg,0,0,,,0,0,0,0,0,0
1541,40,Coritiba,0,0,,,0,0,0,0,0,0
1542,40,Fluminense,,0,,,0,0,0,0,0,0
1542,40,Fortaleza,0,0,,,0,0,0,0,0,0
1543,40,Palmeiras,0,0,,,0,0,0,0,0,0
1543,40,Ponte Preta,0,0,,,0,0,0,0,0,0
1544,40,Botafogo-Rj,0,0,,,0,0,0,0,0,0
1544,40,Cruzeiro,0,0,,,0,0,0,0,0,0
1545,41,Atletico-Mg,0,0,,,0,0,0,0,0,0
1545,41,Vasco,,0,,,0,0,0,0,0,0
1546,41,Brasiliense,0,0,,,0,0,0,0,0,0
1546,41,Figueirense,0,0,,,0,0,0,0,0,0
1547,41,Athletico-Pr,0,0,,,0,0,0,0,0,0
1547,41,Paysandu,0,0,,,,0,0,0,0,0
1548,41,Coritiba,0,0,,,0,0,0,0,0,0
1548,41,Sao Caetano,0,0,,,0,0,0,0,0,0
1549,41,Internacional,0,0,,,0,0,0,0,0,0
1549,41,Palmeiras,0,0,,,0,0,0,0,0,0
1550,41,Cruzeiro,0,0,,,0,0,0,0,0,0
1550,41,Parana,0,0,,,,0,0,0,0,0
1551,41,Fluminense,0,0,,,0,0,0,0,0,0
1551,41,Juventude,0,0,,,0,0,0,0,0,0
1552,41,Corinthians,0,0,,,,0,0,0,0,0
1552,41,Ponte Preta,0,0,,,0,0,0,0,0,0
1553,41,Fortaleza,0,0,,,0,0,0,0,0,0
1553,41,Sao Paulo,0,0,,,0,0,0,0,0,0
1554,41,Flamengo,0,0,,,0,0,0,0,0,0
1554,41,Goias,0,0,,,0,0,0,0,0,0
1555,41,Botafogo-Rj,0,0,,,0,0,0,0,0,0
1555,41,Santos,0,0,,,0,0,0,0,0,0
1556,42,Athletico-Pr,0,0,,,0,0,0,0,,0
1556,42,Sao Paulo,0,0,,,0,0,0,0,0,0
1557,42,Flamengo,0,0,,,0,0,0,0,0,0
1557,42,Paysandu,0,0,,,0,0,0,0,0,0
1558,42,Figueirense,0,0,,,0,0,0,0,0,0
1558,42,Santos,0,0,,,0,0,0,0,0,0
1559,42,Brasiliense,0,0,,,0,0,0,0,0,0
1559,42,Ponte Preta,0,0,,,0,0,0,0,0,0
1560,42,Parana,0,0,,,0,0,0,0,0,0
1560,42,Vasco,0,0,,,0,0,0,0,0,0
1561,42,Coritiba,0,0,,,0,0,0,0,0,0
1561,42,Internacional,,0,,,0,0,0,0,0,0
1562,42,Fluminense,0,0,,,0,0,0,0,0,0
1562,42,Palmeiras,0,0,,,,0,0,0,0,0
1563,42,Atletico-Mg,0,0,,,0,0,0,0,0,0
1563,42,Juventude,0,0,,,0,0,0,0,0,0
1564,42,Cruzeiro,0,0,,,0,0,0,0,0,0
1564,42,Sao Caetano,,0,,,0,0,0,0,0,0
1565,42,Botafogo-Rj,0,0,,,0,0,0,0,0,0
1565,42,Fortaleza,0,0,,,0,0,0,0,0,0
1566,42,Corinthians,0,0,,,,0,0,0,0,0
1566,42,Goias,0,0,,,0,0,0,0,0,0
1567,1,Juventude,0,0,,,0,0,0,0,0,0
1567,1,Parana,0,0,,,0,0,0,0,0,0
1568,1,Internacional,0,0,,,0,0,0,0,0,0
1568,1,Vasco,0,0,,,0,0,0,0,0,0
1569,1,Flamengo,0,0,,,0,0,0,0,0,0
1569,1,Sao Paulo,,0,,,0,0,0,0,0,0
1570,1,Corinthians,0,0,,,0,0,0,0,0,0
1570,1,Gremio,0,0,,,0,0,0,0,0,0
1571,1,Botafogo-Rj,0,0,,,0,0,0,0,0,0
1571,1,Fortaleza,0,0,,,0,0,0,0,0,0
1572,1,Cruzeiro,0,0,,,0,0,0,0,0,0
1572,1,Sao Caetano,0,0,,,0,0,0,0,0,0
1573,1,Palmeiras,0,0,,,0,0,0,0,0,0
1573,1,Ponte Preta,0,0,,,0,0,0,0,0,0
1574,1,Figueirense,0,0,,,0,0,0,0,,0
1574,1,Santa Cruz,0,0,,,0,0,0,0,0,0
1575,1,Athletico-Pr,0,0,,,0,0,0,0,0,0
1575,1,Fluminense,0,0,,,0,0,0,0,0,0
1576,1,Goias,0,0,,,0,0,0,0,0,0
1576,1,Santos,,0,,,0,0,0,0,0,0
1577,2,Corinthians,0,0,,,0,0,0,0,0,0
1577,2,Sao Caetano,0,0,,,0,0,0,0,0,0
1578,2,Fluminense,0,0,,,0,0,0,0,0,0
1578,2,Goias,0,0,,,0,0,0,0,0,0
1579,2,Figueirense,,0,,,0,0,0,0,0,0
1579,2,Palmeiras,0,0,,,0,0,0,0,0,0
1580,2,Internacional,0,0,,,0,0,0,0,0,0
1580,2,Santa Cruz,0,0,,,0,0,0,0,0,0
1581,2,Athletico-Pr,0,0,,,0,0,0,0,0,0
1581,2,Santos,0,0,,,0,0,0,0,0,0
1582,2,Ponte Preta,0,0,,,0,0,0,0,0,0
1582,2,Vasco,0,0,,,0,0,0,0,0,0
1583,2,Flamengo,0,0,,,0,0,0,0,0,0
1583,2,Juventude,0,0,,,0,0,0,0,0,0
1584,2,Cruzeiro,0,0,,,0,0,0,0,0,0
1584,2,Gremio,,0,,,0,0,0,0,0,0
1585,2,Botafogo-Rj,0,0,,,0,0,0,0,0,0
1585,2,Parana,0,0,,,0,0,0,0,0,0
1586,2,Fortaleza,0,0,,,0,0,0,0,0,0
1586,2,Sao Paulo,0,0,,,0,0,0,0,0,0
1587,3,Fortaleza,0,0,,,0,0,0,0,0,0
1587,3,Sao Caetano,0,0,,,0,0,0,0,0,0
1588,3,Athletico-Pr,0,0,,,0,0,0,0,0,0
1588,3,Botafogo-Rj,0,0,,,,0,0,0,0,0
1589,3,Santa Cruz,0,0,,,0,0,0,0,0,0
1589,3,Sao Paulo,0,0,,,0,0,0,0,0,0
1590,3,Corinthians,0,0,,,0,0,0,0,0,0
1590,3,Ponte Preta,0,0,,,0,0,0,0,0,0
1591,3,Flamengo,,0,,,0,0,0,0,0,0
1591,3,Internacional,0,0,,,0,0,0,0,0,0
1592,3,Gremio,0,0,,,0,0,0,0,0,0
1592,3,Parana,0,0,,,0,0,0,0,0,0
1593,3,Palmeiras,0,0,,,0,0,0,0,0,0
1593,3,Santos,0,0,,,0,0,0,0,0,0
1594,3,Fluminense,0,0,,,0,0,0,0,0,0
1594,3,Vasco,0,0,,,0,0,0,0,0,0
1595,3,Goias,0,0,,,0,0,0,0,0,0
1595,3,Juventude,0,0,,,0,0,0,0,0,0
1596,3,Cruzeiro,0,0,,,0,0,0,0,0,0
1596,3,Figueirense,0,0,,,0,0,0,0,0,0
1597,4,Ponte Preta,0,0,,,0,0,0,0,0,0
1597,4,Santa Cruz,0,0,,,0,0,0,0,0,0
1598,4,Fluminense,0,0,,,0,0,0,0,0,0
1598,4,Parana,0,0,,,0,0,0,0,0,0
1599,4,Fortaleza,0,0,,,0,0,0,0,0,0
1599,4,Santos,0,0,,,0,0,0,0,0,0
1600,4,Gremio,0,0,,,0,0,0,0,0,0
1600,4,Vasco,0,0,,,0,0,0,0,0,0
1601,4,Palmeiras,0,0,,,0,0,0,0,0,0
1601,4,Sao  Caetano,0,0,,,0,0,0,0,0,0
1602,4,Athletico-Pr,0,0,,,0,0,0,0,0,0
1602,4,Internacional,0,0,,,0,0,0,0,0,0
1603,4,Corinthians,0,0,,,0,0,0,0,0,0
1603,4,Sao Paulo,0,0,,,,0,0,0,0,0
1604,4,Botafogo-Rj,0,0,,,0,0,0,0,0,0
1604,4,Flamengo,0,0,,,0,0,0,0,0,0
1605,4,Figueirense,,0,,,0,0,0,0,0,0
1605,4,Goias,0,0,,,,0,0,0,0,0
1606,4,Cruzeiro,0,0,,,0,0,0,0,0,0
1606,4,Juventude,0,0,,,0,0,0,0,0,0
1607,5,Juventude,0,0,,,,0,0,0,0,0
1607,5,Sao Caetano,0,0,,,0,0,0,0,0,0
1608,5,Botafogo-Rj,0,0,,,0,0,0,0,0,0
1608,5,Gremio,0,0,,,0,0,0,0,0,0
1609,5,Ponte Preta,0,0,,,0,0,0,0,0,0
1609,5,Santos,0,0,,,0,0,0,0,0,0
1610,5,Athletico-Pr,0,0,,,0,0,0,0,0,0
1610,5,Santa Cruz,0,0,,,0,0,0,0,0,0
1611,5,Internacional,,0,,,0,0,0,0,0,0
1611,5,Sao Paulo,0,0,,,0,0,0,0,0,0
1612,5,Figueirense,0,0,,,0,0,0,0,0,0
1612,5,Fluminense,0,0,,,0,0,0,0,0,0
1613,5,Cruzeiro,0,0,,,0,0,0,0,,0
1613,5,Palmeiras,,0,,,0,0,0,0,0,0
1614,5,Flamengo,0,0,,,0,0,0,0,0,0
1614,5,Fortaleza,0,0,,,0,0,0,0,0,0
1615,5,Corinthians,0,0,,,0,0,0,0,0,0
1615,5,Parana,0,0,,,0,0,0,0,0,0
1616,5,Goias,0,0,,,0,0,0,0,0,0
1616,5,Vasco,0,0,,,0,0,0,0,0,0
1617,6,Athletico-Pr,0,0,,,0,0,0,0,0,0
1617,6,Goias,0,0,,,0,0,0,0,0,0
1618,6,Fortaleza,0,0,,,0,0,0,0,0,0
1618,6,Parana,0,0,,,0,0,0,0,0,0
1619,6,Figueirense,0,0,,,0,0,0,0,0,0
1619,6,Internacional,0,0,,,0,0,0,0,0,0
1620,6,Sao Caetano,0,0,,,0,0,0,0,0,0
1620,6,Sao Paulo,0,0,,,0,0,0,0,0,0
1621,6,Palmeiras,0,0,,,0,0,0,0,0,0
1621,6,Santa Cruz,0,0,,,0,0,0,0,0,0
1622,6,Cruzeiro,0,0,,,0,0,0,0,0,0
1622,6,Flamengo,,0,,,0,0,0,0,0,0
1623,6,Corinthians,0,0,,,0,0,0,0,0,0
1623,6,Vasco,0,0,,,0,0,0,0,0,0
1624,6,Gremio,,0,,,0,0,0,0,0,0
1624,6,Ponte Preta,0,0,,,0,0,0,0,0,0
1625,6,Fluminense,0,0,,,0,0,0,0,0,0
1625,6,Santos,0,0,,,0,0,0,0,0,0
1626,6,Botafogo-Rj,0,0,,,0,0,0,0,0,0
1626,6,Juventude,0,0,,,0,0,0,0,0,0
1627,7,Cruzeiro,0,0,,,0,0,0,0,0,0
1627,7,Ponte Preta,0,0,,,0,0,0,0,,0
1628,7,Figueirense,,0,,,0,0,0,0,0,0
1628,7,Parana,0,0,,,0,0,0,0,0,0
1629,7,Juventude,0,0,,,0,0,0,0,0,0
1629,7,Santa Cruz,0,0,,,0,0,0,0,0,0
1630,7,Palmeiras,0,0,,,0,0,0,0,0,0
1630,7,Sao Paulo,0,0,,,0,0,0,0,0,0
1631,7,Athletico-Pr,0,0,,,0,0,0,0,0,0
1631,7,Sao Caetano,0,0,,,0,0,0,0,0,0
1632,7,Fluminense,0,0,,,0,0,0,0,0,0
1632,7,Fortaleza,0,0,,,0,0,0,0,0,0
1633,7,Flamengo,0,0,,,0,0,0,0,0,0
1633,7,Santos,0,0,,,0,0,0,0,0,0
1634,7,Botafogo-Rj,0,0,,,0,0,0,0,0,0
1634,7,Vasco,0,0,,,0,0,0,0,0,0
1635,7,Goias,0,0,,,0,0,0,0,0,0
1635,7,Gremio,0,0,,,0,0,0,0,0,0
1636,7,Corinthians,,0,,,0,0,0,0,0,0
1636,7,Internacional,0,0,,,0,0,0,0,0,0
1637,8,Athletico-Pr,0,0,,,0,0,0,0,0,0
1637,8,Juventude,0,0,,,0,0,0,0,0,0
1638,8,Figueirense,0,0,,,0,0,0,0,0,0
1638,8,Fortaleza,0,0,,,0,0,0,0,0,0
1639,8,Parana,0,0,,,0,0,0,0,0,0
1639,8,Ponte Preta,0,0,,,0,0,0,0,0,0
1640,8,Corinthians,0,0,,,0,0,0,0,0,0
1640,8,Santos,0,0,,,0,0,0,0,0,0
1641,8,Cruzeiro,0,0,,,0,0,0,0,0,0
1641,8,Internacional,,0,,,0,0,0,0,0,0
1642,8,Botafogo-Rj,0,0,,,0,0,0,0,0,0
1642,8,Santa Cruz,0,0,,,0,0,0,0,0,0
1643,8,Flamengo,0,0,,,0,0,0,0,0,0
1643,8,Fluminense,0,0,,,0,0,0,0,0,0
1644,8,Gremio,0,0,,,0,0,0,0,0,0
1644,8,Palmeiras,0,0,,,0,0,0,0,0,0
1645,8,Goias,0,0,,,0,0,0,0,0,0
1645,8,Sao Caetano,0,0,,,0,0,0,0,0,0
1646,8,Sao Paulo,0,0,,,0,0,0,0,0,0
1646,8,Vasco,0,0,,,0,0,0,0,0,0
1647,9,Athletico-Pr,0,0,,,0,0,0,0,0,0
1647,9,Cruzeiro,0,0,,,0,0,0,0,0,0
1648,9,Fortaleza,0,0,,,0,0,0,0,0,0
1648,9,Vasco,0,0,,,0,0,0,0,0,0
1649,9,Juventude,,0,,,0,0,0,0,0,0
1649,9,Ponte Preta,0,0,,,0,0,0,0,0,0
1650,9,Internacional,0,0,,,0,0,0,0,0,0
1650,9,Sao Caetano,0,0,,,0,0,0,0,0,0
1651,9,Fluminense,0,0,,,0,0,0,0,0,0
1651,9,Sao Paulo,0,0,,,0,0,0,0,0,0
1652,9,Gremio,0,0,,,0,0,0,0,0,0
1652,9,Santos,0,0,,,0,0,0,0,0,0
1653,9,Flamengo,0,0,,,,0,0,0,0,0
1653,9,Palmeiras,,0,,,0,0,0,0,0,0
1654,9,Botafogo-Rj,0,0,,,0,0,0,0,0,0
1654,9,Figueirense,0,0,,,0,0,0,0,0,0
1655,9,Parana,0,0,,,0,0,0,0,0,0
1655,9,Santa Cruz,0,0,,,0,0,0,0,0,0
1656,9,Corinthians,0,0,,,0,0,0,0,0,0
1656,9,Goias,0,0,,,0,0,0,0,0,0
1657,10,Fluminense,0,0,,,0,0,0,0,0,0
1657,10,Internacional,0,0,,,,0,0,0,0,0
1658,10,Cruzeiro,0,0,,,0,0,0,0,0,0
1658,10,Fortaleza,0,0,,,0,0,0,0,0,0
1659,10,Gremio,0,0,,,,0,0,0,0,0
1659,10,Sao Caetano,0,0,,,0,0,0,0,0,0
1660,10,Corinthians,0,0,,,0,0,0,0,0,0
1660,10,Flamengo,0,0,,,0,0,0,0,0,0
1661,10,Santa Cruz,0,0,,,0,0,0,0,0,0
1661,10,Vasco,0,0,,,0,0,0,0,0,0
1662,10,Figueirense,0,0,,,0,0,0,0,0,0
1662,10,Ponte Preta,0,0,,,0,0,0,0,0,0
1663,10,Athletico-Pr,0,0,,,,0,0,0,0,0
1663,10,Palmeiras,0,0,,,0,0,0,0,0,0
1664,10,Goias,0,0,,,0,0,0,0,0,0
1664,10,Parana,0,0,,,,0,0,0,0,0
1665,10,Juventude,0,0,,,0,0,0,0,0,0
1665,10,Sao Paulo,0,0,,,0,0,0,0,0,0
1666,10,Botafogo-Rj,0,0,,,0,0,0,0,0,0
1666,10,Santos,0,0,,,0,0,0,0,0,0
1667,11,Internacional,0,0,,,0,0,0,0,0,0
1667,11,Ponte Preta,0,0,,,0,0,0,0,0,0
1668,11,Athletico-Pr,0,0,,,0,0,0,0,0,0
1668,11,Fortaleza,0,0,,,0,0,0,0,0,0
1669,11,Fluminense,0,0,,,0,0,0,0,0,0
1669,11,Juventude,0,0,,,0,0,0,0,0,0
1670,11,Gremio,0,0,,,0,0,0,0,0,0
1670,11,Sao Paulo,0,0,,,0,0,0,0,0,0
1671,11,Figueirense,0,0,,,0,0,0,0,0,0
1671,11,Santos,0,0,,,0,0,0,0,0,0
1672,11,Botafogo-Rj,0,0,,,0,0,0,0,0,0
1672,11,Sao Caetano,0,0,,,0,0,0,0,,0
1673,11,Corinthians,0,0,,,0,0,0,0,0,0
1673,11,Cruzeiro,0,0,,,0,0,0,0,0,0
1674,11,Goias,0,0,,,0,0,0,0,0,0
1674,11,Santa Cruz,0,0,,,0,0,0,0,0,0
1675,11,Flamengo,0,0,,,0,0,0,0,0,0
1675,11,Parana,0,0,,,0,0,0,0,0,0
1676,11,Palmeiras,0,0,,,0,0,0,0,0,0
1676,11,Vasco,0,0,,,0,0,0,0,0,0
1677,12,Botafogo-Rj,0,0,,,0,0,0,0,0,0
1677,12,Ponte Preta,0,0,,,0,0,0,0,0,0
1678,12,Figueirense,0,0,,,0,0,0,0,0,0
1678,12,Sao Paulo,0,0,,,0,0,0,0,0,0
1679,12,Fluminense,0,0,,,0,0,0,0,0,0
1679,12,Gremio,0,0,,,0,0,0,0,0,0
1680,12,Corinthians,0,0,,,0,0,0,0,0,0
1680,12,Palmeiras,0,0,,,0,0,0,0,0,0
1681,12,Santos,0,0,,,0,0,0,0,0,0
1681,12,Sao Caetano,0,0,,,,0,0,0,0,0
1682,12,Cruzeiro,0,0,,,,0,0,0,0,0
1682,12,Goias,0,0,,,0,0,0,0,0,0
1683,12,Fortaleza,0,0,,,0,0,0,0,0,0
1683,12,Santa Cruz,,0,,,0,0,0,0,0,0
1684,12,Athletico-Pr,0,0,,,0,0,0,0,0,0
1684,12,Parana,0,0,,,0,0,0,0,0,0
1685,12,Internacional,0,0,,,0,0,0,0,0,0
1685,12,Juventude,,0,,,0,0,0,0,0,0
1686,12,Flamengo,0,0,,,0,0,0,0,0,0
1686,12,Vasco,0,0,,,0,0,0,0,0,0
1687,13,Figueirense,0,0,,,0,0,0,0,0,0
1687,13,Gremio,0,0,,,0,0,0,0,0,0
1688,13,Cruzeiro,0,0,,,0,0,0,0,0,0
1688,13,Parana,0,0,,,0,0,0,0,0,0
1689,13,Corinthians,0,0,,,0,0,0,0,0,0
1689,13,Fortaleza,0,0,,,0,0,0,0,0,0
1690,13,Fluminense,0,0,,,0,0,0,0,0,0
1690,13,Sao Caetano,0,0,,,0,0,0,0,0,0
1691,13,Ponte Preta,0,0,,,0,0,0,0,0,0
1691,13,Sao Paulo,0,0,,,0,0,0,0,0,0
1692,13,Athletico-Pr,0,0,,,0,0,0,0,,0
1692,13,Vasco,0,0,,,0,0,0,0,0,0
1693,13,Flamengo,0,0,,,0,0,0,0,0,0
1693,13,Santa Cruz,0,0,,,0,0,0,0,0,0
1694,13,Juventude,0,0,,,,0,0,0,0,0
1694,13,Santos,0,0,,,0,0,0,0,0,0
1695,13,Botafogo-Rj,0,0,,,0,0,0,0,0,0
1695,13,Internacional,0,0,,,0,0,0,0,0,0
1696,13,Goias,0,0,,,0,0,0,0,0,0
1696,13,Palmeiras,0,0,,,0,0,0,0,0,0
1697,14,Figueirense,0,0,,,0,0,0,0,0,0
1697,14,Juventude,0,0,,,0,0,0,0,0,0
1698,14,Ponte Preta,0,0,,,0,0,0,0,0,0
1698,14,Sao Caetano,0,0,,,0,0,0,0,0,0
1699,14,Palmeiras,0,0,,,0,0,0,0,0,0
1699,14,Parana,0,0,,,0,0,0,0,0,0
1700,14,Santos,0,0,,,0,0,0,0,0,0
1700,14,Sao Paulo,0,0,,,0,0,0,0,0,0
1701,14,Corinthians,0,0,,,0,0,0,0,0,0
1701,14,Santa Cruz,0,0,,,0,0,0,0,0,0
1702,14,Cruzeiro,0,0,,,0,0,0,0,0,0
1702,14,Vasco,0,0,,,0,0,0,0,0,0
1703,14,Athletico-Pr,0,0,,,0,0,0,0,0,0
1703,14,Flamengo,0,0,,,0,0,0,0,0,0
1704,14,Fortaleza,0,0,,,0,0,0,0,0,0
1704,14,Goias,0,0,,,0,0,0,0,0,0
1705,14,Gremio,0,0,,,0,0,0,0,0,0
1705,14,Internacional,0,0,,,0,0,0,0,0,0
1706,14,Botafogo-Rj,0,0,,,0,0,0,0,0,0
1706,14,Fluminense,0,0,,,0,0,0,0,0,0
1707,15,Figueirense,0,0,,,0,0,0,0,0,0
1707,15,Sao Caetano,0,0,,,0,0,0,0,0,0
1708,15,Gremio,0,0,,,0,0,0,0,0,0
1708,15,Juventude,0,0,,,0,0,0,0,0,0
1709,15,Athletico-Pr,0,0,,,0,0,0,0,0,0
1709,15,Corinthians,0,0,,,0,0,0,0,0,0
1710,15,Flamengo,0,0,,,0,0,0,0,0,0
1710,15,Goias,0,0,,,0,0,0,0,0,0
1711,15,Internacional,0,0,,,0,0,0,0,0,0
1711,15,Santos,0,0,,,0,0,0,0,0,0
1712,15,Botafogo-Rj,0,0,,,0,0,0,0,,0
1712,15,Sao Paulo,0,0,,,0,0,0,0,0,0
1713,15,Parana,0,0,,,0,0,0,0,0,0
1713,15,Vasco,0,0,,,0,0,0,0,0,0
1714,15,Fluminense,0,0,,,0,0,0,0,0,0
1714,15,Ponte Preta,,0,,,0,0,0,0,0,0
1715,15,Cruzeiro,0,0,,,0,0,0,0,0,0
1715,15,Santa Cruz,0,0,,,0,0,0,0,0,0
1716,15,Fortaleza,0,0,,,0,0,0,0,0,0
1716,15,Palmeiras,,0,,,0,0,0,0,0,0
1717,16,Juventude,0,0,,,0,0,0,0,0,0
1717,16,Vasco,0,0,,,0,0,0,0,0,0
1718,16,Santa Cruz,0,0,,,0,0,0,0,0,0
1718,16,Sao Caetano,0,0,,,0,0,0,0,0,0
1719,16,Corinthians,0,0,,,0,0,0,0,0,0
1719,16,Figueirense,0,0,,,0,0,0,0,0,0
1720,16,Flamengo,0,0,,,0,0,0,0,0,0
1720,16,Ponte Preta,0,0,,,0,0,0,0,0,0
1721,16,Botafogo-Rj,0,0,,,0,0,0,0,0,0
1721,16,Palmeiras,0,0,,,0,0,0,0,0,0
1722,16,Athletico-Pr,0,0,,,0,0,0,0,0,0
1722,16,Gremio,0,0,,,0,0,0,0,,0
1723,16,Cruzeiro,0,0,,,,0,0,0,0,0
1723,16,Fluminense,0,0,,,0,0,0,0,0,0
1724,16,Fortaleza,0,0,,,,0,0,0,0,0
1724,16,Internacional,0,0,,,0,0,0,0,0,0
1725,16,Goias,0,0,,,0,0,0,0,0,0
1725,16,Sao Paulo,0,0,,,0,0,0,0,0,0
1726,16,Parana,0,0,,,0,0,0,0,0,0
1726,16,Santos,0,0,,,0,0,0,0,0,0
1727,17,Fortaleza,0,0,,,0,0,0,0,0,0
1727,17,Ponte Preta,0,0,,,0,0,0,0,0,0
1728,17,Gremio,0,0,,,0,0,0,0,0,0
1728,17,Santa Cruz,0,0,,,0,0,0,0,0,0
1729,17,Sao Caetano,0,0,,,0,0,0,0,0,0
1729,17,Vasco,0,0,,,0,0,0,0,0,0
1730,17,Botafogo-Rj,0,0,,,0,0,0,0,0,0
1730,17,Goias,0,0,,,0,0,0,0,0,0
1731,17,Figueirense,0,0,,,0,0,0,0,0,0
1731,17,Flamengo,,0,,,0,0,0,0,0,0
1732,17,Corinthians,,0,,,0,0,0,0,0,0
1732,17,Fluminense,0,0,,,0,0,0,0,0,0
1733,17,Cruzeiro,0,0,,,0,0,0,0,0,0
1733,17,Santos,0,0,,,0,0,0,0,0,0
1734,17,Juventude,0,0,,,,0,0,0,0,0
1734,17,Palmeiras,0,0,,,0,0,0,0,0,0
1735,17,Internacional,0,0,,,0,0,0,0,0,0
1735,17,Parana,0,0,,,0,0,0,0,0,0
1736,17,Athletico-Pr,0,0,,,0,0,0,0,0,0
1736,17,Sao Paulo,,0,,,0,0,0,0,0,0
1737,18,Goias,0,0,,,0,0,0,0,0,0
1737,18,Ponte  Preta,0,0,,,0,0,0,0,0,0
1738,18,Flamengo,0,0,,,0,0,0,0,0,0
1738,18,Gremio,0,0,,,0,0,0,0,0,0
1739,18,Fluminense,0,0,,,0,0,0,0,0,0
1739,18,Santa Cruz,0,0,,,0,0,0,0,0,0
1740,18,Santos,0,0,,,0,0,0,0,0,0
1740,18,Vasco,0,0,,,0,0,0,0,0,0
1741,18,Fortaleza,0,0,,,0,0,0,0,0,0
1741,18,Juventude,0,0,,,0,0,0,0,0,0
1742,18,Cruzeiro,0,0,,,,0,0,0,0,0
1742,18,Sao Paulo,0,0,,,0,0,0,0,0,0
1743,18,Athletico-Pr,0,0,,,0,0,0,0,0,0
1743,18,Figueirense,0,0,,,0,0,0,0,0,0
1744,18,Parana,0,0,,,0,0,0,0,0,0
1744,18,Sao Caetano,0,0,,,0,0,0,0,0,0
1745,18,Internacional,0,0,,,0,0,0,0,0,0
1745,18,Palmeiras,0,0,,,0,0,0,0,0,0
1746,18,Botafogo-Rj,0,0,,,0,0,0,0,0,0
1746,18,Corinthians,0,0,,,0,0,0,0,0,0
1747,19,Athletico-Pr,0,0,,,0,0,0,0,0,0
1747,19,Ponte Preta,0,0,,,0,0,0,0,0,0
1748,19,Goias,0,0,,,0,0,0,0,0,0
1748,19,Internacional,0,0,,,0,0,0,0,0,0
1749,19,Fluminense,0,0,,,0,0,0,0,0,0
1749,19,Palmeiras,0,0,,,0,0,0,0,0,0
1750,19,Botafogo-Rj,0,0,,,0,0,0,0,0,0
1750,19,Cruzeiro,0,0,,,0,0,0,0,0,0
1751,19,Santa Cruz,0,0,,,0,0,0,0,0,0
1751,19,Santos,0,0,,,0,0,0,0,0,0
1752,19,Corinthians,0,0,,,0,0,0,0,0,0
1752,19,Juventude,0,0,,,0,0,0,0,0,0
1753,19,Flamengo,0,0,,,0,0,0,0,0,0
1753,19,Sao Caetano,0,0,,,0,0,0,0,0,0
1754,19,Fortaleza,0,0,,,0,0,0,0,0,0
1754,19,Gremio,0,0,,,0,0,0,0,0,0
1755,19,Parana,0,0,,,0,0,0,0,0,0
1755,19,Sao Paulo,0,0,,,0,0,0,0,0,0
1756,19,Figueirense,0,0,,,0,0,0,0,0,0
1756,19,Vasco,,0,,,0,0,0,0,0,0
1757,20,Athletico-Pr,0,0,,,0,0,0,0,0,0
1757,20,Fluminense,0,0,,,0,0,0,0,0,0
1758,20,Goias,0,0,,,0,0,0,0,0,0
1758,20,Santos,0,0,,,0,0,0,0,0,0
1759,20,Cruzeiro,0,0,,,0,0,0,0,0,0
1759,20,Sao Caetano,0,0,,,0,0,0,0,0,0
1760,20,Flamengo,,0,,,0,0,0,0,0,0
1760,20,Sao Paulo,0,0,,,0,0,0,0,0,0
1761,20,Corinthians,0,0,,,0,0,0,0,0,0
1761,20,Gremio,0,0,,,0,0,0,0,0,0
1762,20,Internacional,0,0,,,0,0,0,0,0,0
1762,20,Vasco,0,0,,,0,0,0,0,0,0
1763,20,Juventude,0,0,,,0,0,0,0,0,0
1763,20,Parana,0,0,,,0,0,0,0,0,0
1764,20,Palmeiras,0,0,,,0,0,0,0,0,0
1764,20,Ponte Preta,0,0,,,0,0,0,0,0,0
1765,20,Figueirense,0,0,,,0,0,0,0,0,0
1765,20,Santa Cruz,0,0,,,0,0,0,0,0,0
1766,20,Botafogo-Rj,0,0,,,0,0,0,0,0,0
1766,20,Fortaleza,0,0,,,0,0,0,0,0,0
1767,21,Cruzeiro,0,0,,,0,0,0,0,0,0
1767,21,Gremio,0,0,,,0,0,0,0,0,0
1768,21,Fluminense,0,0,,,0,0,0,0,0,0
1768,21,Goias,0,0,,,0,0,0,0,0,0
1769,21,Internacional,0,0,,,0,0,0,0,0,0
1769,21,Santa Cruz,0,0,,,0,0,0,0,0,0
1770,21,Figueirense,,0,,,0,0,0,0,0,0
1770,21,Palmeiras,0,0,,,0,0,0,0,0,0
1771,21,Flamengo,0,0,,,,0,0,0,,0
1771,21,Juventude,0,0,,,0,0,0,0,0,0
1772,21,Corinthians,0,0,,,0,0,0,0,0,0
1772,21,Sao Caetano,0,0,,,0,0,0,0,0,0
1773,21,Athletico-Pr,0,0,,,0,0,0,0,0,0
1773,21,Santos,0,0,,,0,0,0,0,0,0
1774,21,Botafogo-Rj,0,0,,,0,0,0,0,0,0
1774,21,Parana,0,0,,,0,0,0,0,0,0
1775,21,Fortaleza,,0,,,0,0,0,0,0,0
1775,21,Sao Paulo,0,0,,,0,0,0,0,0,0
1776,21,Ponte Preta,0,0,,,0,0,0,0,0,0
1776,21,Vasco,0,0,,,,0,0,0,0,0
1777,22,Cruzeiro,0,0,,,0,0,0,0,0,0
1777,22,Figueirense,0,0,,,0,0,0,0,0,0
1778,22,Flamengo,0,0,,,,0,0,0,0,0
1778,22,Internacional,0,0,,,0,0,0,0,0,0
1779,22,Palmeiras,0,0,,,0,0,0,0,0,0
1779,22,Santos,0,0,,,,0,0,0,0,0
1780,22,Gremio,0,0,,,0,0,0,0,0,0
1780,22,Parana,,0,,,0,0,0,0,0,0
1781,22,Fortaleza,0,0,,,0,0,0,0,0,0
1781,22,Sao Caetano,0,0,,,0,0,0,0,0,0
1782,22,Athletico-Pr,0,0,,,0,0,0,0,0,0
1782,22,Botafogo-Rj,0,0,,,0,0,0,0,0,0
1783,22,Goias,0,0,,,0,0,0,0,0,0
1783,22,Juventude,0,0,,,0,0,0,0,0,0
1784,22,Fluminense,0,0,,,0,0,0,0,0,0
1784,22,Vasco,0,0,,,0,0,0,0,0,0
1785,22,Santa Cruz,0,0,,,0,0,0,0,0,0
1785,22,Sao Paulo,0,0,,,0,0,0,0,0,0
1786,22,Corinthians,,0,,,0,0,0,0,0,0
1786,22,Ponte Preta,0,0,,,0,0,0,0,0,0
1787,23,Ponte Preta,0,0,,,0,0,0,0,0,0
1787,23,Santa Cruz,0,0,,,0,0,0,0,0,0
1788,23,Gremio,0,0,,,0,0,0,0,0,0
1788,23,Vasco,0,0,,,0,0,0,0,0,0
1789,23,Palmeiras,0,0,,,0,0,0,0,0,0
1789,23,Sao  Caetano,,0,,,0,0,0,0,0,0
1790,23,Cruzeiro,0,0,,,0,0,0,0,0,0
1790,23,Juventude,0,0,,,0,0,0,0,0,0
1791,23,Corinthians,0,0,,,,0,0,0,0,0
1791,23,Sao Paulo,0,0,,,0,0,0,0,0,0
1792,23,Fluminense,0,0,,,0,0,0,0,0,0
1792,23,Parana,0,0,,,0,0,0,0,0,0
1793,23,Figueirense,,0,,,0,0,0,0,0,0
1793,23,Goias,0,0,,,0,0,0,0,0,0
1794,23,Athletico-Pr,0,0,,,0,0,0,0,0,0
1794,23,Internacional,0,0,,,0,0,0,0,0,0
1795,23,Botafogo-Rj,0,0,,,0,0,0,0,0,0
1795,23,Flamengo,0,0,,,0,0,0,0,0,0
1796,23,Fortaleza,0,0,,,0,0,0,0,0,0
1796,23,Santos,0,0,,,0,0,0,0,0,0
1797,24,Athletico-Pr,0,0,,,0,0,0,0,0,0
1797,24,Santa Cruz,0,0,,,0,0,0,0,0,0
1798,24,Goias,0,0,,,0,0,0,0,0,0
1798,24,Vasco,0,0,,,0,0,0,0,0,0
1799,24,Corinthians,0,0,,,0,0,0,0,0,0
1799,24,Parana,0,0,,,0,0,0,0,0,0
1800,24,Cruzeiro,0,0,,,0,0,0,0,0,0
1800,24,Palmeiras,0,0,,,0,0,0,0,0,0
1801,24,Internacional,0,0,,,0,0,0,0,0,0
1801,24,Sao Paulo,0,0,,,0,0,0,0,0,0
1802,24,Botafogo-Rj,0,0,,,0,0,0,0,0,0
1802,24,Gremio,0,0,,,0,0,0,0,0,0
1803,24,Juventude,0,0,,,0,0,0,0,0,0
1803,24,Sao Caetano,0,0,,,0,0,0,0,0,0
1804,24,Figueirense,0,0,,,0,0,0,0,0,0
1804,24,Fluminense,0,0,,,0,0,0,0,0,0
1805,24,Ponte Preta,0,0,,,0,0,0,0,0,0
1805,24,Santos,0,0,,,0,0,0,0,0,0
1806,24,Flamengo,0,0,,,0,0,0,0,0,0
1806,24,Fortaleza,0,0,,,0,0,0,0,0,0
1807,25,Gremio,0,0,,,0,0,0,0,0,0
1807,25,Ponte Preta,0,0,,,0,0,0,0,0,0
1808,25,Figueirense,,0,,,0,0,0,0,0,0
1808,25,Internacional,0,0,,,0,0,0,0,0,0
1809,25,Botafogo-Rj,0,0,,,0,0,0,0,0,0
1809,25,Juventude,0,0,,,,0,0,0,0,0
1810,25,Fortaleza,0,0,,,0,0,0,0,0,0
1810,25,Parana,0,0,,,0,0,0,0,0,0
1811,25,Athletico-Pr,,0,,,,0,0,0,0,0
1811,25,Goias,0,0,,,0,0,0,0,0,0
1812,25,Fluminense,0,0,,,0,0,0,0,0,0
1812,25,Santos,0,0,,,0,0,0,0,0,0
1813,25,Sao Caetano,0,0,,,0,0,0,0,0,0
1813,25,Sao Paulo,0,0,,,0,0,0,0,0,0
1814,25,Corinthians,0,0,,,,0,0,0,0,0
1814,25,Vasco,0,0,,,0,0,0,0,0,0
1815,25,Cruzeiro,0,0,,,0,0,0,0,0,0
1815,25,Flamengo,0,0,,,0,0,0,0,0,0
1816,25,Palmeiras,0,0,,,0,0,0,0,0,0
1816,25,Santa Cruz,0,0,,,0,0,0,0,0,0
1817,26,Fluminense,0,0,,,0,0,0,0,0,0
1817,26,Fortaleza,0,0,,,0,0,0,0,0,0
1818,26,Athletico-Pr,0,0,,,0,0,0,0,0,0
1818,26,Sao Caetano,0,0,,,0,0,0,0,0,0
1819,26,Flamengo,0,0,,,,0,0,0,0,0
1819,26,Santos,0,0,,,0,0,0,0,0,0
1820,26,Palmeiras,0,0,,,0,0,0,0,0,0
1820,26,Sao  Paulo,0,0,,,0,0,0,0,0,0
1821,26,Figueirense,0,0,,,0,0,0,0,0,0
1821,26,Parana,0,0,,,0,0,0,0,0,0
1822,26,Corinthians,0,0,,,0,0,0,0,0,0
1822,26,Internacional,0,0,,,0,0,0,0,0,0
1823,26,Juventude,,0,,,0,0,0,0,0,0
1823,26,Santa Cruz,0,0,,,0,0,0,0,0,0
1824,26,Cruzeiro,0,0,,,0,0,0,0,0,0
1824,26,Ponte Preta,,0,,,0,0,0,0,0,0
1825,26,Botafogo-Rj,0,0,,,0,0,0,0,0,0
1825,26,Vasco,0,0,,,,0,0,0,0,0
1826,26,Goias,0,0,,,,0,0,0,0,0
1826,26,Gremio,0,0,,,,0,0,0,0,0
1827,27,Figueirense,0,0,,,0,0,0,0,0,0
1827,27,Fortaleza,0,0,,,0,0,0,0,0,0
1828,27,Athletico-Pr,0,0,,,0,0,0,0,0,0
1828,27,Juventude,0,0,,,0,0,0,0,0,0
1829,27,Parana,0,0,,,0,0,0,0,0,0
1829,27,Ponte Preta,,0,,,0,0,0,0,0,0
1830,27,Flamengo,0,0,,,,0,0,0,0,0
1830,27,Fluminense,,0,,,0,0,0,0,0,0
1831,27,Gremio,0,0,,,0,0,0,0,0,0
1831,27,Palmeiras,0,0,,,0,0,0,0,0,0
1832,27,Goias,0,0,,,0,0,0,0,0,0
1832,27,Sao Caetano,0,0,,,0,0,0,0,0,0
1833,27,Sao Paulo,0,0,,,0,0,0,0,0,0
1833,27,Vasco,0,0,,,0,0,0,0,0,0
1834,27,Botafogo-Rj,0,0,,,0,0,0,0,0,0
1834,27,Santa  Cruz,0,0,,,0,0,0,0,0,0
1835,27,Corinthians,0,0,,,0,0,0,0,0,0
1835,27,Santos,0,0,,,0,0,0,0,0,0
1836,27,Cruzeiro,0,0,,,0,0,0,0,0,0
1836,27,Internacional,0,0,,,0,0,0,0,0,0
1837,28,Juventude,0,0,,,0,0,0,0,0,0
1837,28,Ponte Preta,0,0,,,0,0,0,0,0,0
1838,28,Fortaleza,0,0,,,0,0,0,0,0,0
1838,28,Vasco,0,0,,,0,0,0,0,0,0
1839,28,Fluminense,0,0,,,0,0,0,0,0,0
1839,28,Sao Paulo,0,0,,,0,0,0,0,0,0
1840,28,Flamengo,0,0,,,0,0,0,0,0,0
1840,28,Palmeiras,0,0,,,0,0,0,0,0,0
1841,28,Parana,0,0,,,0,0,0,0,0,0
1841,28,Santa Cruz,0,0,,,0,0,0,0,0,0
1842,28,Athletico-Pr,0,0,,,0,0,0,0,0,0
1842,28,Cruzeiro,0,0,,,0,0,0,0,0,0
1843,28,Internacional,0,0,,,,0,0,0,0,0
1843,28,Sao Caetano,0,0,,,0,0,0,0,0,0
1844,28,Corinthians,0,0,,,0,0,0,0,0,0
1844,28,Goias,0,0,,,0,0,0,0,0,0
1845,28,Gremio,0,0,,,0,0,0,0,0,0
1845,28,Santos,,0,,,0,0,0,0,0,0
1846,28,Botafogo-Rj,0,0,,,0,0,0,0,0,0
1846,28,Figueirense,,0,,,0,0,0,0,0,0
1847,29,Cruzeiro,0,0,,,0,0,0,0,0,0
1847,29,Fortaleza,0,0,,,0,0,0,0,0,0
1848,29,Juventude,0,0,,,,0,0,0,0,0
1848,29,Sao Paulo,0,0,,,0,0,0,0,0,0
1849,29,Botafogo-Rj,0,0,,,0,0,0,0,0,0
1849,29,Santos,0,0,,,,0,0,0,0,0
1850,29,Gremio,0,0,,,,0,0,0,0,0
1850,29,Sao Caetano,0,0,,,0,0,0,0,0,0
1851,29,Goias,0,0,,,0,0,0,0,0,0
1851,29,Parana,0,0,,,0,0,0,0,0,0
1852,29,Corinthians,0,0,,,0,0,0,0,0,0
1852,29,Flamengo,0,0,,,0,0,0,0,0,0
1853,29,Fluminense,0,0,,,0,0,0,0,0,0
1853,29,Internacional,0,0,,,0,0,0,0,0,0
1854,29,Figueirense,,0,,,0,0,0,0,0,0
1854,29,Ponte Preta,0,0,,,0,0,0,0,0,0
1855,29,Athletico-Pr,0,0,,,0,0,0,0,0,0
1855,29,Palmeiras,,0,,,0,0,0,0,0,0
1856,29,Santa Cruz,0,0,,,,0,0,0,0,0
1856,29,Vasco,,0,,,0,0,0,0,0,0
1857,30,Palmeiras,0,0,,,0,0,0,0,0,0
1857,30,Vasco,0,0,,,0,0,0,0,0,0
1858,30,Goias,,0,,,0,0,0,0,0,0
1858,30,Santa Cruz,0,0,,,0,0,0,0,0,0
1859,30,Figueirense,0,0,,,0,0,0,0,0,0
1859,30,Santos,0,0,,,0,0,0,0,0,0
1860,30,Internacional,0,0,,,0,0,0,0,0,0
1860,30,Ponte Preta,0,0,,,0,0,0,0,0,0
1861,30,Gremio,0,0,,,0,0,0,0,0,0
1861,30,Sao Paulo,0,0,,,0,0,0,0,0,0
1862,30,Flamengo,0,0,,,0,0,0,0,0,0
1862,30,Parana,0,0,,,0,0,0,0,0,0
1863,30,Athletico-Pr,0,0,,,0,0,0,0,0,0
1863,30,Fortaleza,0,0,,,0,0,0,0,0,0
1864,30,Corinthians,0,0,,,0,0,0,0,0,0
1864,30,Cruzeiro,0,0,,,0,0,0,0,0,0
1865,30,Botafogo-Rj,,0,,,0,0,0,0,0,0
1865,30,Sao Caetano,0,0,,,0,0,0,0,0,0
1866,30,Fluminense,0,0,,,0,0,0,0,0,0
1866,30,Juventude,0,0,,,0,0,0,0,0,0
1867,31,Corinthians,0,0,,,0,0,0,0,0,0
1867,31,Palmeiras,0,0,,,0,0,0,0,0,0
1868,31,Flamengo,0,0,,,0,0,0,0,0,0
1868,31,Vasco,0,0,,,0,0,0,0,0,0
1869,31,Fluminense,0,0,,,0,0,0,0,0,0
1869,31,Gremio,0,0,,,0,0,0,0,0,0
1870,31,Internacional,0,0,,,0,0,0,0,0,0
1870,31,Juventude,0,0,,,0,0,0,0,0,0
1871,31,Fortaleza,0,0,,,0,0,0,0,0,0
1871,31,Santa Cruz,0,0,,,0,0,0,0,0,0
1872,31,Athletico-Pr,0,0,,,0,0,0,0,0,0
1872,31,Parana,0,0,,,0,0,0,0,0,0
1873,31,Figueirense,0,0,,,0,0,0,0,0,0
1873,31,Sao Paulo,0,0,,,,0,0,0,0,0
1874,31,Botafogo-Rj,0,0,,,0,0,0,0,0,0
1874,31,Ponte Preta,0,0,,,0,0,0,0,0,0
1875,31,Cruzeiro,0,0,,,0,0,0,0,0,0
1875,31,Goias,0,0,,,,0,0,0,0,0
1876,31,Santos,0,0,,,0,0,0,0,0,0
1876,31,Sao Caetano,0,0,,,0,0,0,0,0,0
1877,32,Athletico-Pr,0,0,,,0,0,0,0,,0
1877,32,Vasco,0,0,,,0,0,0,0,0,0
1878,32,Goias,0,0,,,0,0,0,0,,0
1878,32,Palmeiras,0,0,,,0,0,0,0,0,0
1879,32,Flamengo,0,0,,,0,0,0,0,,0
1879,32,Santa Cruz,0,0,,,0,0,0,0,0,0
1880,32,Figueirense,0,0,,,0,0,0,0,0,0
1880,32,Gremio,0,0,,,0,0,0,0,0,0
1881,32,Corinthians,0,0,,,0,0,0,0,0,0
1881,32,Fortaleza,0,0,,,0,0,0,0,0,0
1882,32,Juventude,0,0,,,0,0,0,0,0,0
1882,32,Santos,0,0,,,0,0,0,0,0,0
1883,32,Fluminense,0,0,,,0,0,0,0,0,0
1883,32,Sao Caetano,0,0,,,0,0,0,0,0,0
1884,32,Botafogo-Rj,0,0,,,0,0,0,0,0,0
1884,32,Internacional,0,0,,,,0,0,0,0,0
1885,32,Ponte Preta,0,0,,,0,0,0,0,0,0
1885,32,Sao Paulo,0,0,,,0,0,0,0,0,0
1886,32,Cruzeiro,0,0,,,0,0,0,0,0,0
1886,32,Parana,0,0,,,0,0,0,0,0,0
1887,33,Figueirense,0,0,,,0,0,0,0,0,0
1887,33,Juventude,0,0,,,0,0,0,0,0,0
1888,33,Athletico-Pr,0,0,,,0,0,0,0,0,0
1888,33,Flamengo,0,0,,,0,0,0,0,0,0
1889,33,Cruzeiro,0,0,,,0,0,0,0,0,0
1889,33,Vasco,0,0,,,0,0,0,0,0,0
1890,33,Santos,0,0,,,0,0,0,0,0,0
1890,33,Sao Paulo,0,0,,,0,0,0,0,0,0
1891,33,Ponte Preta,0,0,,,0,0,0,0,0,0
1891,33,Sao Caetano,0,0,,,0,0,0,0,0,0
1892,33,Gremio,0,0,,,0,0,0,0,0,0
1892,33,Internacional,0,0,,,0,0,0,0,0,0
1893,33,Fortaleza,0,0,,,0,0,0,0,0,0
1893,33,Goias,0,0,,,0,0,0,0,0,0
1894,33,Corinthians,,0,,,0,0,0,0,0,0
1894,33,Santa Cruz,0,0,,,0,0,0,0,0,0
1895,33,Botafogo-Rj,0,0,,,,0,0,0,0,0
1895,33,Fluminense,0,0,,,0,0,0,0,0,0
1896,33,Palmeiras,0,0,,,0,0,0,0,0,0
1896,33,Parana,0,0,,,0,0,0,0,0,0
1897,34,Parana,0,0,,,0,0,0,0,0,0
1897,34,Vasco,0,0,,,0,0,0,0,0,0
1898,34,Figueirense,0,0,,,0,0,0,0,0,0
1898,34,Sao Caetano,0,0,,,0,0,0,0,0,0
1899,34,Gremio,0,0,,,0,0,0,0,0,0
1899,34,Juventude,,0,,,0,0,0,0,0,0
1900,34,Fortaleza,0,0,,,0,0,0,0,0,0
1900,34,Palmeiras,0,0,,,0,0,0,0,0,0
1901,34,Internacional,0,0,,,0,0,0,0,0,0
1901,34,Santos,0,0,,,0,0,0,0,0,0
1902,34,Athletico-Pr,0,0,,,0,0,0,0,0,0
1902,34,Corinthians,0,0,,,0,0,0,0,0,0
1903,34,Flamengo,,0,,,0,0,0,0,0,0
1903,34,Goias,0,0,,,0,0,0,0,0,0
1904,34,Fluminense,0,0,,,0,0,0,0,0,0
1904,34,Ponte Preta,0,0,,,0,0,0,0,0,0
1905,34,Botafogo-Rj,0,0,,,0,0,0,0,0,0
1905,34,Sao Paulo,0,0,,,0,0,0,0,0,0
1906,34,Cruzeiro,0,0,,,0,0,0,0,0,0
1906,34,Santa Cruz,0,0,,,0,0,0,0,0,0
1907,35,Parana,0,0,,,0,0,0,0,0,0
1907,35,Santos,0,0,,,0,0,0,0,0,0
1908,35,Fortaleza,0,0,,,,0,0,0,0,0
1908,35,Internacional,0,0,,,0,0,0,0,0,0
1909,35,Juventude,0,0,,,0,0,0,0,0,0
1909,35,Vasco,0,0,,,0,0,0,0,0,0
1910,35,Cruzeiro,0,0,,,,0,0,0,0,0
1910,35,Fluminense,0,0,,,0,0,0,0,0,0
1911,35,Corinthians,0,0,,,0,0,0,0,0,0
1911,35,Figueirense,0,0,,,0,0,0,0,0,0
1912,35,Flamengo,0,0,,,0,0,0,0,0,0
1912,35,Ponte Preta,0,0,,,0,0,0,0,0,0
1913,35,Goias,0,0,,,0,0,0,0,0,0
1913,35,Sao Paulo,0,0,,,0,0,0,0,0,0
1914,35,Athletico-Pr,0,0,,,0,0,0,0,0,0
1914,35,Gremio,0,0,,,0,0,0,0,0,0
1915,35,Botafogo-Rj,0,0,,,0,0,0,0,0,0
1915,35,Palmeiras,0,0,,,0,0,0,0,0,0
1916,35,Santa Cruz,0,0,,,0,0,0,0,0,0
1916,35,Sao Caetano,0,0,,,0,0,0,0,0,0
1917,36,Gremio,0,0,,,0,0,0,0,0,0
1917,36,Santa Cruz,0,0,,,,0,0,0,0,0
1918,36,Figueirense,,0,,,0,0,0,0,0,0
1918,36,Flamengo,0,0,,,0,0,0,0,0,0
1919,36,Corinthians,0,0,,,0,0,0,0,0,0
1919,36,Fluminense,0,0,,,0,0,0,0,0,0
1920,36,Internacional,0,0,,,0,0,0,0,0,0
1920,36,Parana,0,0,,,0,0,0,0,0,0
1921,36,Sao Caetano,0,0,,,0,0,0,0,,0
1921,36,Vasco,0,0,,,0,0,0,0,0,0
1922,36,Juventude,0,0,,,0,0,0,0,0,0
1922,36,Palmeiras,0,0,,,0,0,0,0,0,0
1923,36,Botafogo-Rj,0,0,,,0,0,0,0,0,0
1923,36,Goias,0,0,,,0,0,0,0,0,0
1924,36,Cruzeiro,0,0,,,0,0,0,0,0,0
1924,36,Santos,0,0,,,0,0,0,0,0,0
1925,36,Fortaleza,0,0,,,0,0,0,0,0,0
1925,36,Ponte Preta,0,0,,,0,0,0,0,0,0
1926,36,Athletico-Pr,0,0,,,0,0,0,0,0,0
1926,36,Sao Paulo,0,0,,,0,0,0,0,0,0
1927,37,Botafogo-Rj,0,0,,,0,0,0,0,0,0
1927,37,Corinthians,0,0,,,0,0,0,0,0,0
1928,37,Fortaleza,0,0,,,0,0,0,0,,0
1928,37,Juventude,0,0,,,0,0,0,0,0,0
1929,37,Flamengo,0,0,,,0,0,0,0,0,0
1929,37,Gremio,0,0,,,0,0,0,0,0,0
1930,37,Athletico-Pr,0,0,,,0,0,0,0,0,0
1930,37,Figueirense,0,0,,,0,0,0,0,0,0
1931,37,Parana,0,0,,,,0,0,0,0,0
1931,37,Sao Caetano,0,0,,,0,0,0,0,0,0
1932,37,Santos,0,0,,,0,0,0,0,0,0
1932,37,Vasco,0,0,,,0,0,0,0,0,0
1933,37,Goias,0,0,,,0,0,0,0,0,0
1933,37,Ponte Preta,0,0,,,0,0,0,0,0,0
1934,37,Cruzeiro,0,0,,,0,0,0,0,0,0
1934,37,Sao Paulo,0,0,,,,0,0,0,0,0
1935,37,Fluminense,0,0,,,0,0,0,0,,0
1935,37,Santa Cruz,0,0,,,0,0,0,0,0,0
1936,37,Internacional,0,0,,,0,0,0,0,0,0
1936,37,Palmeiras,0,0,,,0,0,0,0,0,0
1937,38,Goias,0,0,,,0,0,0,0,0,0
1937,38,Internacional,0,0,,,0,0,0,0,0,0
1938,38,Flamengo,,0,,,0,0,0,0,0,0
1938,38,Sao Caetano,0,0,,,0,0,0,0,0,0
1939,38,Fluminense,0,0,,,0,0,0,0,0,0
1939,38,Palmeiras,0,0,,,0,0,0,0,0,0
1940,38,Parana,0,0,,,0,0,0,0,0,0
1940,38,Sao  Paulo,0,0,,,0,0,0,0,0,0
1941,38,Figueirense,0,0,,,0,0,0,0,0,0
1941,38,Vasco,0,0,,,0,0,0,0,0,0
1942,38,Botafogo-Rj,0,0,,,0,0,0,0,0,0
1942,38,Cruzeiro,0,0,,,0,0,0,0,0,0
1943,38,Athletico-Pr,0,0,,,0,0,0,0,0,0
1943,38,Ponte Preta,0,0,,,0,0,0,0,0,0
1944,38,Corinthians,,0,,,0,0,0,0,0,0
1944,38,Juventude,0,0,,,0,0,0,0,0,0
1945,38,Fortaleza,,0,,,0,0,0,0,0,0
1945,38,Gremio,0,0,,,0,0,0,0,0,0
1946,38,Santa Cruz,0,0,,,0,0,0,0,0,0
1946,38,Santos,0,0,,,0,0,0,0,0,0
1947,1,Athletico-Pr,0,0,,,0,0,0,0,0,0
1947,1,Figueirense,0,0,,,0,0,0,0,0,0
1948,1,Goias,0,0,,,0,0,0,0,0,0
1948,1,Sao Paulo,0,0,,,0,0,0,0,0,0
1949,1,Cruzeiro,0,0,,,0,0,0,0,0,0
1949,1,Fluminense,0,0,,,0,0,0,0,0,0
1950,1,Flamengo,0,0,,,0,0,0,0,0,0
1950,1,Palmeiras,0,0,,,0,0,0,0,0,0
1951,1,Botafogo-Rj,0,0,,,0,0,0,0,0,0
1951,1,Internacional,,0,,,0,0,0,0,0,0
1952,1,Gremio,0,0,,,0,0,0,0,0,0
1952,1,Parana,0,0,,,0,0,0,0,0,0
1953,1,Atletico-Mg,0,0,,,0,0,0,0,0,0
1953,1,Nautico,0,0,,,0,0,0,0,0,0
1954,1,Corinthians,0,0,,,0,0,0,0,0,0
1954,1,Juventude,0,0,,,0,0,0,0,0,0
1955,1,America-Rn,0,0,,,0,0,0,0,0,0
1955,1,Vasco,0,0,,,0,0,0,0,0,0
1956,1,Santos,0,0,,,0,0,0,0,0,0
1956,1,Sport,0,0,,,0,0,0,0,0,0
1957,2,Juventude,0,0,,,0,0,0,0,0,0
1957,2,Parana,0,0,,,0,0,0,0,0,0
1958,2,Athletico-Pr,0,0,,,0,0,0,0,0,0
1958,2,Internacional,0,0,,,0,0,0,0,0,0
1959,2,America-Rn,,0,,,,0,0,0,0,0
1959,2,Santos,0,0,,,,0,0,0,0,0
1960,2,Corinthians,0,0,,,0,0,0,0,0,0
1960,2,Cruzeiro,0,0,,,0,0,0,0,0,0
1961,2,Flamengo,,0,,,0,0,0,0,0,0
1961,2,Goias,0,0,,,0,0,0,0,0,0
1962,2,Figueirense,0,0,,,0,0,0,0,0,0
1962,2,Palmeiras,0,0,,,0,0,0,0,0,0
1963,2,Atletico-Mg,0,0,,,0,0,0,0,0,0
1963,2,Botafogo-Rj,0,0,,,0,0,0,0,0,0
1964,2,Fluminense,0,0,,,0,0,0,0,,0
1964,2,Gremio,0,0,,,0,0,0,0,0,0
1965,2,Nautico,0,0,,,0,0,0,0,0,0
1965,2,Sao Paulo,,0,,,0,0,0,0,0,0
1966,2,Sport,0,0,,,0,0,0,0,0,0
1966,2,Vasco,0,0,,,,0,0,0,0,0
1967,3,America-Rn,0,0,,,0,0,0,0,0,0
1967,3,Figueirense,0,0,,,0,0,0,0,,0
1968,3,Atletico-Mg,0,0,,,,0,0,0,0,0
1968,3,Corinthians,0,0,,,0,0,0,0,0,0
1969,3,Fluminense,0,0,,,0,0,0,0,0,0
1969,3,Internacional,0,0,,,0,0,0,0,0,0
1970,3,Palmeiras,0,0,,,0,0,0,0,0,0
1970,3,Sao Paulo,0,0,,,0,0,0,0,0,0
1971,3,Athletico-Pr,0,0,,,0,0,0,0,0,0
1971,3,Santos,0,0,,,0,0,0,0,0,0
1972,3,Gremio,0,0,,,0,0,0,0,0,0
1972,3,Sport,0,0,,,0,0,0,0,0,0
1973,3,Nautico,0,0,,,0,0,0,0,,0
1973,3,Vasco,0,0,,,0,0,0,0,0,0
1974,3,Cruzeiro,0,0,,,0,0,0,0,0,0
1974,3,Parana,0,0,,,0,0,0,0,0,0
1975,3,Goias,0,0,,,0,0,0,0,0,0
1975,3,Juventude,0,0,,,,0,0,0,0,0
1976,3,Botafogo-Rj,0,0,,,0,0,0,0,0,0
1976,3,Flamengo,0,0,,,0,0,0,0,0,0
1977,4,Athletico-Pr,0,0,,,0,0,0,0,0,0
1977,4,Atletico-Mg,0,0,,,0,0,0,0,0,0
1978,4,Botafogo-Rj,,0,,,0,0,0,0,0,0
1978,4,Gremio,0,0,,,0,0,0,0,0,0
1979,4,Figueirense,0,0,,,0,0,0,0,0,0
1979,4,Goias,0,0,,,0,0,0,0,0,0
1980,4,Corinthians,0,0,,,0,0,0,0,0,0
1980,4,Santos,0,0,,,0,0,0,0,0,0
1981,4,Cruzeiro,0,0,,,0,0,0,0,0,0
1981,4,Palmeiras,0,0,,,,0,0,0,0,0
1982,4,America-Rn,,0,,,0,0,0,0,0,0
1982,4,Juventude,0,0,,,0,0,0,0,0,0
1983,4,Flamengo,0,0,,,0,0,0,0,0,0
1983,4,Sport,0,0,,,0,0,0,0,0,0
1984,4,Parana,0,0,,,0,0,0,0,0,0
1984,4,Sao Paulo,0,0,,,0,0,0,0,0,0
1985,4,Fluminense,0,0,,,0,0,0,0,0,0
1985,4,Vasco,0,0,,,0,0,0,0,0,0
1986,4,Internacional,0,0,,,0,0,0,0,0,0
1986,4,Nautico,0,0,,,0,0,0,0,0,0
1987,5,Botafogo-Rj,0,0,,,0,0,0,0,0,0
1987,5,Palmeiras,0,0,,,0,0,0,0,0,0
1988,5,Nautico,0,0,,,0,0,0,0,0,0
1988,5,Parana,0,0,,,0,0,0,0,0,0
1989,5,Gremio,0,0,,,0,0,0,0,0,0
1989,5,Vasco,0,0,,,0,0,0,0,,0
1990,5,Figueirense,0,0,,,0,0,0,0,0,0
1990,5,Flamengo,0,0,,,0,0,0,0,0,0
1991,5,Fluminense,0,0,,,0,0,0,0,0,0
1991,5,Sport,0,0,,,0,0,0,0,0,0
1992,5,America-Rn,0,0,,,,0,0,0,0,0
1992,5,Corinthians,0,0,,,0,0,0,0,0,0
1993,5,Athletico-Pr,,0,,,0,0,0,0,0,0
1993,5,Goias,0,0,,,0,0,0,0,0,0
1994,5,Atletico-Mg,0,0,,,0,0,0,0,0,0
1994,5,Sao Paulo,0,0,,,0,0,0,0,0,0
1995,5,Internacional,0,0,,,0,0,0,0,0,0
1995,5,Santos,0,0,,,0,0,0,0,0,0
1996,5,Cruzeiro,0,0,,,,0,0,0,0,0
1996,5,Juventude,0,0,,,0,0,0,0,0,0
1997,12,Botafogo-Rj,0,0,,,0,0,0,0,0,0
1997,12,Vasco,0,0,,,0,0,0,0,0,0
1998,12,Figueirense,0,0,,,0,0,0,0,0,0
1998,12,Sport,0,0,,,0,0,0,0,0,0
1999,12,America-Rn,0,0,,,0,0,0,0,0,0
1999,12,Atletico-Mg,0,0,,,0,0,0,0,0,0
2000,12,Athletico-Pr,0,0,,,0,0,0,0,0,0
2000,12,Juventude,0,0,,,0,0,0,0,0,0
2001,12,Corinthians,0,0,,,0,0,0,0,0,0
2001,12,Internacional,0,0,,,0,0,0,0,0,0
2002,12,Cruzeiro,0,0,,,0,0,0,0,0,0
2002,12,Nautico,,0,,,0,0,0,0,0,0
2003,12,Fluminense,0,0,,,0,0,0,0,0,0
2003,12,Sao Paulo,0,0,,,0,0,0,0,0,0
2004,12,Flamengo,0,0,,,0,0,0,0,0,0
2004,12,Parana,0,0,,,0,0,0,0,0,0
2005,12,Goias,0,0,,,0,0,0,0,0,0
2005,12,Gremio,0,0,,,0,0,0,0,0,0
2006,12,Palmeiras,0,0,,,0,0,0,0,0,0
2006,12,Santos,0,0,,,0,0,0,0,0,0
2007,6,Cruzeiro,0,0,,,0,0,0,0,0,0
2007,6,Gremio,0,0,,,0,0,0,0,0,0
2008,6,Flamengo,0,0,,,0,0,0,0,0,0
2008,6,Internacional,0,0,,,0,0,0,0,0,0
2009,6,Corinthians,0,0,,,0,0,0,0,0,0
2009,6,Parana,0,0,,,0,0,0,0,0,0
2010,6,Atletico-Mg,0,0,,,0,0,0,0,0,0
2010,6,Figueirense,,0,,,0,0,0,0,0,0
2011,6,Athletico-Pr,0,0,,,0,0,0,0,0,0
2011,6,Fluminense,0,0,,,0,0,0,0,0,0
2012,6,Sao Paulo,0,0,,,0,0,0,0,0,0
2012,6,Vasco,,0,,,0,0,0,0,0,0
2013,6,Goias,0,0,,,0,0,0,0,0,0
2013,6,Palmeiras,0,0,,,0,0,0,0,0,0
2014,6,Botafogo-Rj,,0,,,0,0,0,0,0,0
2014,6,Nautico,0,0,,,0,0,0,0,0,0
2015,6,America-Rn,0,0,,,0,0,0,0,0,0
2015,6,Sport,,0,,,0,0,0,0,0,0
2016,6,Juventude,0,0,,,0,0,0,0,0,0
2016,6,Santos,0,0,,,0,0,0,0,0,0
2017,7,Parana,0,0,,,,0,0,0,0,0
2017,7,Sport,0,0,,,0,0,0,0,0,0
2018,7,Figueirense,0,0,,,0,0,0,0,0,0
2018,7,Juventude,0,0,,,0,0,0,0,0,0
2019,7,Santos,0,0,,,0,0,0,0,0,0
2019,7,Sao Paulo,0,0,,,0,0,0,0,0,0
2020,7,Atletico-Mg,0,0,,,,0,0,0,0,0
2020,7,Cruzeiro,0,0,,,0,0,0,0,0,0
2021,7,Athletico-Pr,0,0,,,0,0,0,0,0,0
2021,7,Palmeiras,0,0,,,0,0,0,0,0,0
2022,7,America-Rn,0,0,,,,0,0,0,0,0
2022,7,Fluminense,0,0,,,0,0,0,0,0,0
2023,7,Gremio,0,0,,,0,0,0,0,0,0
2023,7,Internacional,0,0,,,0,0,0,0,0,0
2024,7,Goias,0,0,,,0,0,0,0,0,0
2024,7,Nautico,,0,,,0,0,0,0,0,0
2025,7,Botafogo-Rj,0,0,,,0,0,0,0,0,0
2025,7,Corinthians,0,0,,,0,0,0,0,0,0
2026,7,Flamengo,0,0,,,0,0,0,0,0,0
2026,7,Vasco,0,0,,,0,0,0,0,0,0
2027,8,Figueirense,0,0,,,0,0,0,0,0,0
2027,8,Sao Paulo,0,0,,,0,0,0,0,0,0
2028,8,Nautico,0,0,,,0,0,0,0,0,0
2028,8,Sport,0,0,,,0,0,0,0,0,0
2029,8,Gremio,0,0,,,0,0,0,0,0,0
2029,8,Santos,0,0,,,0,0,0,0,0,0
2030,8,Cruzeiro,0,0,,,0,0,0,0,,0
2030,8,Vasco,0,0,,,0,0,0,0,0,0
2031,8,America-Rn,0,0,,,0,0,0,0,0,0
2031,8,Goias,0,0,,,0,0,0,0,0,0
2032,8,Atletico-Mg,0,0,,,0,0,0,0,0,0
2032,8,Internacional,0,0,,,0,0,0,0,0,0
2033,8,Athletico-Pr,0,0,,,0,0,0,0,0,0
2033,8,Parana,0,0,,,0,0,0,0,0,0
2034,8,Botafogo-Rj,0,0,,,,0,0,0,0,0
2034,8,Fluminense,0,0,,,0,0,0,0,0,0
2035,8,Corinthians,0,0,,,0,0,0,0,0,0
2035,8,Palmeiras,0,0,,,0,0,0,0,0,0
2036,8,Flamengo,0,0,,,0,0,0,0,0,0
2036,8,Juventude,0,0,,,,0,0,0,0,0
2037,9,America-Rn,0,0,,,0,0,0,0,0,0
2037,9,Palmeiras,0,0,,,0,0,0,0,0,0
2038,9,Internacional,0,0,,,0,0,0,0,0,0
2038,9,Sao Paulo,0,0,,,,0,0,0,0,0
2039,9,Cruzeiro,0,0,,,0,0,0,0,0,0
2039,9,Figueirense,0,0,,,0,0,0,0,0,0
2040,9,Gremio,0,0,,,,0,0,0,0,0
2040,9,Juventude,0,0,,,0,0,0,0,0,0
2041,9,Athletico-Pr,0,0,,,,0,0,0,0,0
2041,9,Nautico,0,0,,,0,0,0,0,0,0
2042,9,Fluminense,0,0,,,,0,0,0,0,0
2042,9,Parana,0,0,,,0,0,0,0,0,0
2043,9,Botafogo-Rj,0,0,,,,0,0,0,0,0
2043,9,Goias,,0,,,0,0,0,0,0,0
2044,9,Corinthians,0,0,,,0,0,0,0,0,0
2044,9,Sport,0,0,,,0,0,0,0,0,0
2045,9,Atletico-Mg,0,0,,,0,0,0,0,0,0
2045,9,Flamengo,0,0,,,,0,0,0,0,0
2046,9,Santos,0,0,,,0,0,0,0,0,0
2046,9,Vasco,0,0,,,0,0,0,0,0,0
2047,10,America-Rn,0,0,,,0,0,0,0,0,0
2047,10,Parana,0,0,,,0,0,0,0,0,0
2048,10,Cruzeiro,0,0,,,0,0,0,0,0,0
2048,10,Santos,0,0,,,0,0,0,0,0,0
2049,10,Corinthians,0,0,,,0,0,0,0,0,0
2049,10,Fluminense,0,0,,,0,0,0,0,0,0
2050,10,Atletico-Mg,0,0,,,0,0,0,0,0,0
2050,10,Gremio,0,0,,,0,0,0,0,0,0
2051,10,Athletico-Pr,0,0,,,0,0,0,0,0,0
2051,10,Botafogo-Rj,0,0,,,0,0,0,0,0,0
2052,10,Goias,0,0,,,0,0,0,0,0,0
2052,10,Sport,0,0,,,0,0,0,0,0,0
2053,10,Figueirense,0,0,,,0,0,0,0,0,0
2053,10,Internacional,0,0,,,0,0,0,0,0,0
2054,10,Nautico,0,0,,,0,0,0,0,0,0
2054,10,Palmeiras,0,0,,,0,0,0,0,0,0
2055,10,Juventude,0,0,,,0,0,0,0,0,0
2055,10,Vasco,0,0,,,0,0,0,0,0,0
2056,10,Flamengo,,0,,,0,0,0,0,0,0
2056,10,Sao Paulo,0,0,,,0,0,0,0,0,0
2057,29,Flamengo,,0,,,0,0,0,0,0,0
2057,29,Sao Paulo,0,0,,,0,0,0,0,0,0
2058,29,Nautico,0,0,,,0,0,0,0,0,0
2058,29,Palmeiras,0,0,,,,0,0,0,0,0
2059,29,Goias,0,0,,,0,0,0,0,0,0
2059,29,Sport,0,0,,,0,0,0,0,0,0
2060,29,Atletico-Mg,0,0,,,0,0,0,0,0,0
2060,29,Gremio,0,0,,,0,0,0,0,0,0
2061,29,Juventude,0,0,,,,0,0,0,0,0
2061,29,Vasco,0,0,,,0,0,0,0,0,0
2062,29,Athletico-Pr,0,0,,,,0,0,0,0,0
2062,29,Botafogo-Rj,0,0,,,0,0,0,0,0,0
2063,29,Corinthians,0,0,,,0,0,0,0,0,0
2063,29,Fluminense,0,0,,,0,0,0,0,0,0
2064,29,Cruzeiro,0,0,,,0,0,0,0,0,0
2064,29,Santos,0,0,,,0,0,0,0,0,0
2065,29,America-Rn,0,0,,,0,0,0,0,0,0
2065,29,Parana,0,0,,,0,0,0,0,0,0
2066,29,Figueirense,0,0,,,0,0,0,0,0,0
2066,29,Internacional,0,0,,,0,0,0,0,0,0
2067,11,Figueirense,0,0,,,0,0,0,0,0,0
2067,11,Parana,0,0,,,0,0,0,0,0,0
2068,11,Juventude,0,0,,,0,0,0,0,0,0
2068,11,Nautico,,0,,,0,0,0,0,0,0
2069,11,Athletico-Pr,0,0,,,0,0,0,0,0,0
2069,11,Vasco,0,0,,,0,0,0,0,0,0
2070,11,Botafogo-Rj,,0,,,0,0,0,0,0,0
2070,11,Santos,0,0,,,0,0,0,0,0,0
2071,11,Atletico-Mg,0,0,,,0,0,0,0,0,0
2071,11,Sport,0,0,,,0,0,0,0,0,0
2072,11,Gremio,0,0,,,0,0,0,0,0,0
2072,11,Palmeiras,0,0,,,0,0,0,0,0,0
2073,11,Cruzeiro,0,0,,,0,0,0,0,0,0
2073,11,Goias,0,0,,,,0,0,0,0,0
2074,11,America-Rn,0,0,,,0,0,0,0,0,0
2074,11,Internacional,0,0,,,0,0,0,0,0,0
2075,11,Corinthians,0,0,,,0,0,0,0,0,0
2075,11,Sao Paulo,0,0,,,0,0,0,0,0,0
2076,11,Flamengo,0,0,,,0,0,0,0,0,0
2076,11,Fluminense,0,0,,,0,0,0,0,0,0
2077,13,Internacional,,0,,,0,0,0,0,0,0
2077,13,Juventude,0,0,,,,0,0,0,0,0
2078,13,America-Rn,0,0,,,0,0,0,0,0,0
2078,13,Athletico-Pr,0,0,,,,0,0,0,0,0
2079,13,Atletico-Mg,0,0,,,0,0,0,0,0,0
2079,13,Vasco,0,0,,,,0,0,0,0,0
2080,13,Corinthians,0,0,,,0,0,0,0,0,0
2080,13,Nautico,0,0,,,0,0,0,0,0,0
2081,13,Fluminense,0,0,,,0,0,0,0,0,0
2081,13,Goias,0,0,,,0,0,0,0,0,0
2082,13,Flamengo,,0,,,0,0,0,0,0,0
2082,13,Gremio,0,0,,,0,0,0,0,0,0
2083,13,Cruzeiro,0,0,,,0,0,0,0,0,0
2083,13,Sao Paulo,0,0,,,0,0,0,0,0,0
2084,13,Palmeiras,0,0,,,0,0,0,0,0,0
2084,13,Parana,0,0,,,0,0,0,0,0,0
2085,13,Botafogo-Rj,0,0,,,0,0,0,0,0,0
2085,13,Sport,0,0,,,0,0,0,0,0,0
2086,13,Figueirense,0,0,,,0,0,0,0,0,0
2086,13,Santos,0,0,,,0,0,0,0,0,0
2087,14,Athletico-Pr,,0,,,0,0,0,0,0,0
2087,14,Cruzeiro,0,0,,,0,0,0,0,0,0
2088,14,Goias,0,0,,,0,0,0,0,0,0
2088,14,Santos,0,0,,,0,0,0,0,0,0
2089,14,Gremio,0,0,,,0,0,0,0,0,0
2089,14,Nautico,0,0,,,0,0,0,0,0,0
2090,14,America-Rn,0,0,,,0,0,0,0,0,0
2090,14,Flamengo,0,0,,,0,0,0,0,0,0
2091,14,Palmeiras,0,0,,,0,0,0,0,0,0
2091,14,Vasco,0,0,,,0,0,0,0,0,0
2092,14,Corinthians,0,0,,,,0,0,0,0,0
2092,14,Figueirense,0,0,,,0,0,0,0,0,0
2093,14,Internacional,0,0,,,0,0,0,0,0,0
2093,14,Parana,0,0,,,0,0,0,0,0,0
2094,14,Botafogo-Rj,0,0,,,0,0,0,0,0,0
2094,14,Juventude,0,0,,,0,0,0,0,0,0
2095,14,Atletico-Mg,0,0,,,0,0,0,0,0,0
2095,14,Fluminense,0,0,,,0,0,0,0,0,0
2096,14,Sao Paulo,0,0,,,0,0,0,0,0,0
2096,14,Sport,0,0,,,0,0,0,0,0,0
2097,15,Nautico,0,0,,,0,0,0,0,0,0
2097,15,Santos,0,0,,,,0,0,0,0,0
2098,15,Goias,0,0,,,0,0,0,0,0,0
2098,15,Vasco,0,0,,,0,0,0,0,0,0
2099,15,Athletico-Pr,0,0,,,0,0,0,0,0,0
2099,15,Gremio,0,0,,,0,0,0,0,0,0
2100,15,Corinthians,0,0,,,0,0,0,0,0,0
2100,15,Flamengo,,0,,,0,0,0,0,0,0
2101,15,Atletico-Mg,0,0,,,0,0,0,0,0,0
2101,15,Parana,0,0,,,0,0,0,0,0,0
2102,15,Juventude,0,0,,,0,0,0,0,0,0
2102,15,Palmeiras,0,0,,,0,0,0,0,0,0
2103,15,Internacional,0,0,,,0,0,0,0,0,0
2103,15,Sport,0,0,,,0,0,0,0,0,0
2104,15,Botafogo-Rj,,0,,,0,0,0,0,0,0
2104,15,Cruzeiro,0,0,,,0,0,0,0,0,0
2105,15,America-Rn,0,0,,,0,0,0,0,0,0
2105,15,Sao Paulo,0,0,,,0,0,0,0,0,0
2106,15,Figueirense,0,0,,,0,0,0,0,0,0
2106,15,Fluminense,0,0,,,0,0,0,0,0,0
2107,16,Fluminense,0,0,,,0,0,0,0,0,0
2107,16,Nautico,0,0,,,0,0,0,0,0,0
2108,16,Goias,,0,,,0,0,0,0,0,0
2108,16,Parana,0,0,,,0,0,0,0,0,0
2109,16,Palmeiras,0,0,,,0,0,0,0,0,0
2109,16,Sport,,0,,,0,0,0,0,0,0
2110,16,America-Rn,,0,,,0,0,0,0,0,0
2110,16,Botafogo-Rj,0,0,,,,0,0,0,0,0
2111,16,Atletico-Mg,0,0,,,0,0,0,0,0,0
2111,16,Santos,0,0,,,0,0,0,0,0,0
2112,16,Athletico-Pr,0,0,,,0,0,0,0,0,0
2112,16,Corinthians,0,0,,,0,0,0,0,0,0
2113,16,Internacional,0,0,,,0,0,0,0,0,0
2113,16,Vasco,0,0,,,0,0,0,0,0,0
2114,16,Juventude,0,0,,,,0,0,0,0,0
2114,16,Sao Paulo,0,0,,,0,0,0,0,0,0
2115,16,Figueirense,0,0,,,0,0,0,0,0,0
2115,16,Gremio,0,0,,,0,0,0,0,0,0
2116,16,Cruzeiro,0,0,,,0,0,0,0,0,0
2116,16,Flamengo,0,0,,,0,0,0,0,0,0
2117,17,Athletico-Pr,0,0,,,0,0,0,0,0,0
2117,17,Sport,0,0,,,0,0,0,0,0,0
2118,17,America-Rn,0,0,,,0,0,0,0,0,0
2118,17,Nautico,0,0,,,0,0,0,0,0,0
2119,17,Corinthians,0,0,,,,0,0,0,0,0
2119,17,Goias,0,0,,,0,0,0,0,0,0
2120,17,Flamengo,0,0,,,,0,0,0,0,0
2120,17,Santos,0,0,,,0,0,0,0,0,0
2121,17,Cruzeiro,0,0,,,0,0,0,0,0,0
2121,17,Internacional,0,0,,,0,0,0,0,0,0
2122,17,Fluminense,0,0,,,0,0,0,0,0,0
2122,17,Palmeiras,0,0,,,0,0,0,0,0,0
2123,17,Atletico-Mg,0,0,,,0,0,0,0,0,0
2123,17,Juventude,0,0,,,0,0,0,0,0,0
2124,17,Gremio,0,0,,,0,0,0,0,0,0
2124,17,Sao Paulo,0,0,,,0,0,0,0,0,0
2125,17,Figueirense,,0,,,0,0,0,0,0,0
2125,17,Vasco,0,0,,,0,0,0,0,0,0
2126,17,Botafogo-Rj,0,0,,,0,0,0,0,0,0
2126,17,Parana,,0,,,0,0,0,0,0,0
2127,18,Cruzeiro,0,0,,,0,0,0,0,0,0
2127,18,Sport,0,0,,,0,0,0,0,0,0
2128,18,Fluminense,0,0,,,0,0,0,0,,0
2128,18,Juventude,0,0,,,0,0,0,0,0,0
2129,18,Figueirense,0,0,,,0,0,0,0,0,0
2129,18,Nautico,0,0,,,0,0,0,0,0,0
2130,18,Atletico-Mg,0,0,,,0,0,0,0,0,0
2130,18,Goias,,0,,,,0,0,0,0,0
2131,18,Athletico-Pr,0,0,,,0,0,0,0,0,0
2131,18,Flamengo,0,0,,,0,0,0,0,0,0
2132,18,Botafogo-Rj,0,0,,,0,0,0,0,0,0
2132,18,Sao Paulo,0,0,,,0,0,0,0,0,0
2133,18,Corinthians,0,0,,,0,0,0,0,0,0
2133,18,Vasco,0,0,,,0,0,0,0,0,0
2134,18,America-Rn,0,0,,,0,0,0,0,0,0
2134,18,Gremio,0,0,,,0,0,0,0,0,0
2135,18,Internacional,0,0,,,0,0,0,0,0,0
2135,18,Palmeiras,0,0,,,0,0,0,0,0,0
2136,18,Parana,0,0,,,0,0,0,0,0,0
2136,18,Santos,0,0,,,0,0,0,0,0,0
2137,19,Juventude,0,0,,,0,0,0,0,0,0
2137,19,Sport,0,0,,,0,0,0,0,0,0
2138,19,Athletico-Pr,,0,,,0,0,0,0,0,0
2138,19,Sao Paulo,0,0,,,0,0,0,0,0,0
2139,19,Flamengo,0,0,,,0,0,0,0,0,0
2139,19,Nautico,0,0,,,0,0,0,0,0,0
2140,19,Corinthians,0,0,,,0,0,0,0,0,0
2140,19,Gremio,0,0,,,0,0,0,0,0,0
2141,19,Atletico-Mg,0,0,,,,0,0,0,,0
2141,19,Palmeiras,0,0,,,0,0,0,0,0,0
2142,19,Botafogo-Rj,0,0,,,0,0,0,0,0,0
2142,19,Figueirense,0,0,,,0,0,0,0,0,0
2143,19,Goias,0,0,,,,0,0,0,0,0
2143,19,Internacional,0,0,,,0,0,0,0,0,0
2144,19,America-Rn,0,0,,,0,0,0,0,0,0
2144,19,Cruzeiro,0,0,,,,0,0,0,0,0
2145,19,Fluminense,0,0,,,0,0,0,0,0,0
2145,19,Santos,,0,,,,0,0,0,0,0
2146,19,Parana,0,0,,,0,0,0,0,0,0
2146,19,Vasco,,0,,,0,0,0,0,0,0
2147,20,Santos,0,0,,,0,0,0,0,0,0
2147,20,Sport,0,0,,,0,0,0,0,0,0
2148,20,Athletico-Pr,0,0,,,0,0,0,0,0,0
2148,20,Figueirense,,0,,,0,0,0,0,0,0
2149,20,Gremio,0,0,,,,0,0,0,0,0
2149,20,Parana,0,0,,,0,0,0,0,0,0
2150,20,Flamengo,0,0,,,0,0,0,0,0,0
2150,20,Palmeiras,0,0,,,0,0,0,0,0,0
2151,20,Atletico-Mg,0,0,,,0,0,0,0,0,0
2151,20,Nautico,0,0,,,0,0,0,0,0,0
2152,20,Corinthians,0,0,,,0,0,0,0,0,0
2152,20,Juventude,0,0,,,0,0,0,0,0,0
2153,20,America-Rn,0,0,,,0,0,0,0,0,0
2153,20,Vasco,0,0,,,0,0,0,0,0,0
2154,20,Botafogo-Rj,,0,,,0,0,0,0,0,0
2154,20,Internacional,0,0,,,0,0,0,0,0,0
2155,20,Cruzeiro,0,0,,,0,0,0,0,0,0
2155,20,Fluminense,0,0,,,0,0,0,0,0,0
2156,20,Goias,0,0,,,0,0,0,0,0,0
2156,20,Sao Paulo,0,0,,,0,0,0,0,0,0
2157,21,Corinthians,,0,,,0,0,0,0,0,0
2157,21,Cruzeiro,0,0,,,0,0,0,0,0,0
2158,21,Fluminense,0,0,,,0,0,0,0,0,0
2158,21,Gremio,0,0,,,0,0,0,0,0,0
2159,21,Athletico-Pr,0,0,,,0,0,0,0,0,0
2159,21,Internacional,0,0,,,0,0,0,0,0,0
2160,21,Atletico-Mg,0,0,,,0,0,0,0,0,0
2160,21,Botafogo-Rj,0,0,,,0,0,0,0,0,0
2161,21,Nautico,0,0,,,0,0,0,0,0,0
2161,21,Sao Paulo,0,0,,,0,0,0,0,0,0
2162,21,Juventude,0,0,,,0,0,0,0,0,0
2162,21,Parana,0,0,,,0,0,0,0,0,0
2163,21,Figueirense,0,0,,,0,0,0,0,0,0
2163,21,Palmeiras,0,0,,,,0,0,0,0,0
2164,21,America-Rn,,0,,,,0,0,0,0,0
2164,21,Santos,0,0,,,0,0,0,0,0,0
2165,21,Sport,0,0,,,0,0,0,0,0,0
2165,21,Vasco,0,0,,,,0,0,0,0,0
2166,21,Flamengo,0,0,,,,0,0,0,0,0
2166,21,Goias,0,0,,,0,0,0,0,0,0
2167,22,Cruzeiro,0,0,,,0,0,0,0,0,0
2167,22,Parana,0,0,,,0,0,0,0,0,0
2168,22,Goias,0,0,,,0,0,0,0,0,0
2168,22,Juventude,0,0,,,0,0,0,0,0,0
2169,22,Botafogo-Rj,0,0,,,0,0,0,0,0,0
2169,22,Flamengo,0,0,,,0,0,0,0,0,0
2170,22,America-Rn,0,0,,,0,0,0,0,0,0
2170,22,Figueirense,0,0,,,0,0,0,0,0,0
2171,22,Palmeiras,0,0,,,0,0,0,0,0,0
2171,22,Sao Paulo,0,0,,,0,0,0,0,0,0
2172,22,Atletico-Mg,0,0,,,0,0,0,0,0,0
2172,22,Corinthians,0,0,,,0,0,0,0,0,0
2173,22,Gremio,0,0,,,0,0,0,0,0,0
2173,22,Sport,0,0,,,0,0,0,0,0,0
2174,22,Fluminense,,0,,,0,0,0,0,0,0
2174,22,Internacional,0,0,,,0,0,0,0,0,0
2175,22,Athletico-Pr,0,0,,,0,0,0,0,0,0
2175,22,Santos,0,0,,,0,0,0,0,0,0
2176,22,Nautico,0,0,,,0,0,0,0,0,0
2176,22,Vasco,0,0,,,0,0,0,0,0,0
2177,23,Parana,0,0,,,0,0,0,0,0,0
2177,23,Sao Paulo,0,0,,,0,0,0,0,0,0
2178,23,Flamengo,0,0,,,0,0,0,0,,0
2178,23,Sport,0,0,,,0,0,0,0,0,0
2179,23,America-Rn,0,0,,,0,0,0,0,0,0
2179,23,Juventude,0,0,,,0,0,0,0,0,0
2180,23,Corinthians,0,0,,,0,0,0,0,0,0
2180,23,Santos,0,0,,,0,0,0,0,0,0
2181,23,Cruzeiro,0,0,,,,0,0,0,0,0
2181,23,Palmeiras,0,0,,,0,0,0,0,0,0
2182,23,Athletico-Pr,0,0,,,0,0,0,0,0,0
2182,23,Atletico-Mg,0,0,,,0,0,0,0,0,0
2183,23,Botafogo-Rj,0,0,,,0,0,0,0,0,0
2183,23,Gremio,0,0,,,0,0,0,0,0,0
2184,23,Figueirense,0,0,,,0,0,0,0,,0
2184,23,Goias,0,0,,,0,0,0,0,0,0
2185,23,Fluminense,0,0,,,0,0,0,0,0,0
2185,23,Vasco,0,0,,,0,0,0,0,0,0
2186,23,Internacional,0,0,,,0,0,0,0,0,0
2186,23,Nautico,0,0,,,,0,0,0,0,0
2187,24,America-Rn,0,0,,,0,0,0,0,0,0
2187,24,Corinthians,,0,,,0,0,0,0,0,0
2188,24,Athletico-Pr,,0,,,0,0,0,0,0,0
2188,24,Goias,0,0,,,0,0,0,0,0,0
2189,24,Figueirense,0,0,,,0,0,0,0,0,0
2189,24,Flamengo,0,0,,,0,0,0,0,0,0
2190,24,Cruzeiro,0,0,,,0,0,0,0,0,0
2190,24,Juventude,0,0,,,0,0,0,0,0,0
2191,24,Internacional,0,0,,,0,0,0,0,0,0
2191,24,Santos,0,0,,,0,0,0,0,0,0
2192,24,Atletico-Mg,0,0,,,0,0,0,0,0,0
2192,24,Sao Paulo,0,0,,,0,0,0,0,0,0
2193,24,Gremio,,0,,,0,0,0,0,0,0
2193,24,Vasco,0,0,,,0,0,0,0,0,0
2194,24,Nautico,0,0,,,0,0,0,0,0,0
2194,24,Parana,0,0,,,0,0,0,0,0,0
2195,24,Botafogo-Rj,0,0,,,0,0,0,0,0,0
2195,24,Palmeiras,0,0,,,0,0,0,0,0,0
2196,24,Fluminense,0,0,,,0,0,0,0,0,0
2196,24,Sport,0,0,,,0,0,0,0,0,0
2197,25,Atletico-Mg,0,0,,,0,0,0,0,0,0
2197,25,Figueirense,0,0,,,0,0,0,0,0,0
2198,25,Flamengo,0,0,,,0,0,0,0,0,0
2198,25,Internacional,0,0,,,0,0,0,0,0,0
2199,25,Sao Paulo,0,0,,,0,0,0,0,0,0
2199,25,Vasco,0,0,,,0,0,0,0,0,0
2200,25,Cruzeiro,0,0,,,0,0,0,0,0,0
2200,25,Gremio,0,0,,,0,0,0,0,0,0
2201,25,Juventude,0,0,,,0,0,0,0,0,0
2201,25,Santos,,0,,,0,0,0,0,0,0
2202,25,Corinthians,,0,,,0,0,0,0,0,0
2202,25,Parana,0,0,,,,0,0,0,0,0
2203,25,Athletico-Pr,0,0,,,0,0,0,0,0,0
2203,25,Fluminense,0,0,,,0,0,0,0,0,0
2204,25,America-Rn,,0,,,0,0,0,0,0,0
2204,25,Sport,0,0,,,0,0,0,0,0,0
2205,25,Goias,0,0,,,0,0,0,0,0,0
2205,25,Palmeiras,0,0,,,,0,0,0,0,0
2206,25,Botafogo-Rj,0,0,,,0,0,0,0,0,0
2206,25,Nautico,0,0,,,0,0,0,0,0,0
2207,26,Goias,0,0,,,0,0,0,0,0,0
2207,26,Nautico,0,0,,,0,0,0,0,0,0
2208,26,America-Rn,0,0,,,0,0,0,0,0,0
2208,26,Fluminense,0,0,,,,0,0,0,0,0
2209,26,Santos,0,0,,,0,0,0,0,0,0
2209,26,Sao Paulo,0,0,,,0,0,0,0,0,0
2210,26,Botafogo-Rj,0,0,,,,0,0,0,0,0
2210,26,Corinthians,0,0,,,,0,0,0,0,0
2211,26,Athletico-Pr,0,0,,,0,0,0,0,0,0
2211,26,Palmeiras,0,0,,,0,0,0,0,0,0
2212,26,Parana,0,0,,,,0,0,0,0,0
2212,26,Sport,0,0,,,0,0,0,0,0,0
2213,26,Atletico-Mg,0,0,,,0,0,0,0,0,0
2213,26,Cruzeiro,,0,,,0,0,0,0,0,0
2214,26,Figueirense,0,0,,,0,0,0,0,0,0
2214,26,Juventude,0,0,,,0,0,0,0,0,0
2215,26,Flamengo,0,0,,,0,0,0,0,0,0
2215,26,Vasco,0,0,,,0,0,0,0,0,0
2216,26,Gremio,0,0,,,0,0,0,0,0,0
2216,26,Internacional,0,0,,,0,0,0,0,0,0
2217,27,Figueirense,0,0,,,,0,0,0,0,0
2217,27,Sao Paulo,0,0,,,0,0,0,0,0,0
2218,27,Gremio,0,0,,,0,0,0,0,0,0
2218,27,Santos,0,0,,,,0,0,0,0,0
2219,27,America-Rn,0,0,,,0,0,0,0,0,0
2219,27,Goias,0,0,,,0,0,0,0,0,0
2220,27,Flamengo,0,0,,,,0,0,0,0,0
2220,27,Juventude,0,0,,,0,0,0,0,0,0
2221,27,Nautico,0,0,,,0,0,0,0,0,0
2221,27,Sport,0,0,,,0,0,0,0,0,0
2222,27,Corinthians,0,0,,,0,0,0,0,0,0
2222,27,Palmeiras,,0,,,0,0,0,0,0,0
2223,27,Atletico-Mg,0,0,,,0,0,0,0,0,0
2223,27,Internacional,,0,,,0,0,0,0,0,0
2224,27,Athletico-Pr,0,0,,,0,0,0,0,0,0
2224,27,Parana,,0,,,0,0,0,0,0,0
2225,27,Botafogo-Rj,0,0,,,0,0,0,0,0,0
2225,27,Fluminense,0,0,,,,0,0,0,0,0
2226,27,Cruzeiro,0,0,,,0,0,0,0,0,0
2226,27,Vasco,0,0,,,0,0,0,0,0,0
2227,28,Athletico-Pr,0,0,,,0,0,0,0,0,0
2227,28,Nautico,0,0,,,0,0,0,0,0,0
2228,28,Corinthians,0,0,,,0,0,0,0,0,0
2228,28,Sport,0,0,,,0,0,0,0,0,0
2229,28,Atletico-Mg,0,0,,,0,0,0,0,0,0
2229,28,Flamengo,0,0,,,0,0,0,0,0,0
2230,28,Santos,,0,,,0,0,0,0,0,0
2230,28,Vasco,0,0,,,0,0,0,0,0,0
2231,28,Botafogo-Rj,0,0,,,0,0,0,0,0,0
2231,28,Goias,0,0,,,,0,0,0,0,0
2232,28,Internacional,0,0,,,0,0,0,0,0,0
2232,28,Sao  Paulo,0,0,,,,0,0,0,,0
2233,28,Gremio,0,0,,,0,0,0,0,0,0
2233,28,Juventude,0,0,,,0,0,0,0,0,0
2234,28,Cruzeiro,0,0,,,0,0,0,0,,0
2234,28,Figueirense,0,0,,,0,0,0,0,0,0
2235,28,America-Rn,,0,,,0,0,0,0,0,0
2235,28,Palmeiras,,0,,,0,0,0,0,0,0
2236,28,Fluminense,0,0,,,0,0,0,0,0,0
2236,28,Parana,0,0,,,0,0,0,0,0,0
2237,30,Gremio,0,0,,,0,0,0,0,0,0
2237,30,Palmeiras,0,0,,,,0,0,0,0,0
2238,30,Botafogo-Rj,0,0,,,0,0,0,0,0,0
2238,30,Santos,0,0,,,0,0,0,0,0,0
2239,30,Juventude,0,0,,,0,0,0,0,0,0
2239,30,Nautico,0,0,,,0,0,0,0,0,0
2240,30,Corinthians,0,0,,,0,0,0,0,0,0
2240,30,Sao Paulo,0,0,,,0,0,0,0,0,0
2241,30,Athletico-Pr,0,0,,,0,0,0,0,0,0
2241,30,Vasco,0,0,,,0,0,0,0,0,0
2242,30,Atletico-Mg,0,0,,,0,0,0,0,0,0
2242,30,Sport,0,0,,,0,0,0,0,0,0
2243,30,America-Rn,,0,,,0,0,0,0,0,0
2243,30,Internacional,0,0,,,0,0,0,0,0,0
2244,30,Cruzeiro,,0,,,0,0,0,0,0,0
2244,30,Goias,0,0,,,0,0,0,0,0,0
2245,30,Figueirense,0,0,,,0,0,0,0,0,0
2245,30,Parana,0,0,,,0,0,0,0,0,0
2246,30,Flamengo,0,0,,,0,0,0,0,0,0
2246,30,Fluminense,0,0,,,,0,0,0,0,0
2247,31,Figueirense,0,0,,,0,0,0,0,0,0
2247,31,Sport,,0,,,0,0,0,0,0,0
2248,31,Cruzeiro,0,0,,,0,0,0,0,0,0
2248,31,Nautico,0,0,,,0,0,0,0,0,0
2249,31,Athletico-Pr,0,0,,,0,0,0,0,0,0
2249,31,Juventude,0,0,,,0,0,0,0,0,0
2250,31,Corinthians,0,0,,,0,0,0,0,0,0
2250,31,Internacional,,0,,,0,0,0,0,0,0
2251,31,Flamengo,0,0,,,0,0,0,0,0,0
2251,31,Parana,0,0,,,,0,0,0,0,0
2252,31,Fluminense,0,0,,,0,0,0,0,0,0
2252,31,Sao Paulo,0,0,,,0,0,0,0,0,0
2253,31,America-Rn,0,0,,,0,0,0,0,0,0
2253,31,Atletico-Mg,0,0,,,0,0,0,0,0,0
2254,31,Palmeiras,0,0,,,0,0,0,0,0,0
2254,31,Santos,0,0,,,0,0,0,0,0,0
2255,31,Goias,0,0,,,0,0,0,0,0,0
2255,31,Gremio,0,0,,,0,0,0,0,0,0
2256,31,Botafogo-Rj,0,0,,,,0,0,0,0,0
2256,31,Vasco,0,0,,,0,0,0,0,0,0
2257,32,Palmeiras,0,0,,,0,0,0,0,0,0
2257,32,Parana,0,0,,,0,0,0,0,0,0
2258,32,Fluminense,0,0,,,0,0,0,0,0,0
2258,32,Goias,0,0,,,0,0,0,0,0,0
2259,32,Botafogo-Rj,0,0,,,0,0,0,0,0,0
2259,32,Sport,0,0,,,0,0,0,0,0,0
2260,32,Corinthians,0,0,,,0,0,0,0,0,0
2260,32,Nautico,0,0,,,0,0,0,0,0,0
2261,32,Atletico-Mg,0,0,,,0,0,0,0,0,0
2261,32,Vasco,0,0,,,,0,0,0,0,0
2262,32,Cruzeiro,0,0,,,0,0,0,0,0,0
2262,32,Sao Paulo,0,0,,,0,0,0,0,0,0
2263,32,America-Rn,0,0,,,0,0,0,0,0,0
2263,32,Athletico-Pr,,0,,,0,0,0,0,0,0
2264,32,Figueirense,,0,,,0,0,0,0,0,0
2264,32,Santos,0,0,,,0,0,0,0,0,0
2265,32,Internacional,0,0,,,0,0,0,0,0,0
2265,32,Juventude,0,0,,,0,0,0,0,0,0
2266,32,Flamengo,,0,,,0,0,0,0,0,0
2266,32,Gremio,0,0,,,0,0,0,0,0,0
2267,33,Atletico-Mg,0,0,,,0,0,0,0,0,0
2267,33,Fluminense,0,0,,,0,0,0,0,0,0
2268,33,Athletico-Pr,0,0,,,0,0,0,0,0,0
2268,33,Cruzeiro,0,0,,,0,0,0,0,0,0
2269,33,Goias,0,0,,,0,0,0,0,0,0
2269,33,Santos,0,0,,,0,0,0,0,0,0
2270,33,Sao  Paulo,0,0,,,0,0,0,0,0,0
2270,33,Sport,0,0,,,0,0,0,0,0,0
2271,33,America-Rn,0,0,,,0,0,0,0,0,0
2271,33,Flamengo,0,0,,,0,0,0,0,0,0
2272,33,Gremio,0,0,,,0,0,0,0,0,0
2272,33,Nautico,0,0,,,,0,0,0,0,0
2273,33,Corinthians,0,0,,,0,0,0,0,0,0
2273,33,Figueirense,0,0,,,0,0,0,0,0,0
2274,33,Internacional,0,0,,,,0,0,0,0,0
2274,33,Parana,0,0,,,0,0,0,0,0,0
2275,33,Botafogo-Rj,0,0,,,,0,0,0,0,0
2275,33,Juventude,0,0,,,0,0,0,0,0,0
2276,33,Palmeiras,0,0,,,0,0,0,0,0,0
2276,33,Vasco,0,0,,,0,0,0,0,0,0
2277,34,Athletico-Pr,0,0,,,0,0,0,0,0,0
2277,34,Gremio,0,0,,,0,0,0,0,0,0
2278,34,Figueirense,0,0,,,0,0,0,0,0,0
2278,34,Fluminense,0,0,,,0,0,0,0,0,0
2279,34,Atletico-Mg,0,0,,,0,0,0,0,0,0
2279,34,Parana,0,0,,,0,0,0,0,0,0
2280,34,Goias,0,0,,,0,0,0,0,0,0
2280,34,Vasco,0,0,,,0,0,0,0,0,0
2281,34,Nautico,,0,,,0,0,0,0,0,0
2281,34,Santos,0,0,,,0,0,0,0,0,0
2282,34,Corinthians,0,0,,,0,0,0,0,0,0
2282,34,Flamengo,0,0,,,0,0,0,0,0,0
2283,34,America-Rn,0,0,,,0,0,0,0,0,0
2283,34,Sao Paulo,0,0,,,0,0,0,0,0,0
2284,34,Botafogo-Rj,0,0,,,0,0,0,0,0,0
2284,34,Cruzeiro,0,0,,,0,0,0,0,0,0
2285,34,Juventude,0,0,,,0,0,0,0,0,0
2285,34,Palmeiras,0,0,,,0,0,0,0,0,0
2286,34,Internacional,0,0,,,,0,0,0,0,0
2286,34,Sport,0,0,,,0,0,0,0,0,0
2287,35,Goias,0,0,,,0,0,0,0,0,0
2287,35,Parana,0,0,,,,0,0,0,0,0
2288,35,Fluminense,0,0,,,0,0,0,0,0,0
2288,35,Nautico,0,0,,,0,0,0,0,0,0
2289,35,Figueirense,0,0,,,0,0,0,0,0,0
2289,35,Gremio,0,0,,,,0,0,0,0,0
2290,35,Atletico-Mg,0,0,,,0,0,0,0,0,0
2290,35,Santos,0,0,,,0,0,0,0,0,0
2291,35,Cruzeiro,,0,,,0,0,0,0,0,0
2291,35,Flamengo,0,0,,,0,0,0,0,0,0
2292,35,Athletico-Pr,0,0,,,0,0,0,0,0,0
2292,35,Corinthians,0,0,,,0,0,0,0,0,0
2293,35,America-Rn,0,0,,,0,0,0,0,0,0
2293,35,Botafogo-Rj,0,0,,,0,0,0,0,,0
2294,35,Palmeiras,0,0,,,0,0,0,0,0,0
2294,35,Sport,,0,,,0,0,0,0,0,0
2295,35,Internacional,0,0,,,,0,0,0,0,0
2295,35,Vasco,0,0,,,0,0,0,0,0,0
2296,35,Juventude,0,0,,,0,0,0,0,0,0
2296,35,Sao Paulo,0,0,,,0,0,0,0,0,0
2297,36,Botafogo-Rj,0,0,,,0,0,0,0,0,0
2297,36,Parana,0,0,,,0,0,0,0,0,0
2298,36,America-Rn,0,0,,,0,0,0,0,0,0
2298,36,Nautico,0,0,,,0,0,0,0,0,0
2299,36,Cruzeiro,0,0,,,0,0,0,0,0,0
2299,36,Internacional,0,0,,,0,0,0,0,0,0
2300,36,Corinthians,,0,,,0,0,0,0,0,0
2300,36,Goias,,0,,,0,0,0,0,0,0
2301,36,Figueirense,0,0,,,0,0,0,0,0,0
2301,36,Vasco,0,0,,,0,0,0,0,0,0
2302,36,Athletico-Pr,0,0,,,,0,0,0,0,0
2302,36,Sport,0,0,,,,0,0,0,0,0
2303,36,Atletico-Mg,0,0,,,0,0,0,0,0,0
2303,36,Juventude,0,0,,,0,0,0,0,0,0
2304,36,Gremio,0,0,,,,0,0,0,0,0
2304,36,Sao  Paulo,0,0,,,0,0,0,0,0,0
2305,36,Flamengo,0,0,,,0,0,0,0,0,0
2305,36,Santos,0,0,,,0,0,0,0,0,0
2306,36,Fluminense,0,0,,,0,0,0,0,0,0
2306,36,Palmeiras,0,0,,,0,0,0,0,0,0
2307,37,America-Rn,,0,,,0,0,0,0,0,0
2307,37,Gremio,0,0,,,0,0,0,0,0,0
2308,37,Fluminense,0,0,,,0,0,0,0,,0
2308,37,Juventude,0,0,,,0,0,0,0,0,0
2309,37,Botafogo-Rj,0,0,,,0,0,0,0,0,0
2309,37,Sao Paulo,0,0,,,0,0,0,0,0,0
2310,37,Internacional,0,0,,,0,0,0,0,0,0
2310,37,Palmeiras,0,0,,,0,0,0,0,0,0
2311,37,Parana,0,0,,,0,0,0,0,0,0
2311,37,Santos,0,0,,,0,0,0,0,0,0
2312,37,Cruzeiro,0,0,,,0,0,0,0,0,0
2312,37,Sport,0,0,,,0,0,0,0,0,0
2313,37,Athletico-Pr,0,0,,,0,0,0,0,0,0
2313,37,Flamengo,0,0,,,0,0,0,0,0,0
2314,37,Atletico-Mg,0,0,,,0,0,0,0,0,0
2314,37,Goias,0,0,,,0,0,0,0,0,0
2315,37,Figueirense,0,0,,,,0,0,0,0,0
2315,37,Nautico,0,0,,,0,0,0,0,0,0
2316,37,Corinthians,0,0,,,0,0,0,0,0,0
2316,37,Vasco,0,0,,,0,0,0,0,0,0
2317,38,Athletico-Pr,0,0,,,0,0,0,0,0,0
2317,38,Sao Paulo,0,0,,,,0,0,0,0,0
2318,38,Fluminense,0,0,,,0,0,0,0,0,0
2318,38,Santos,0,0,,,0,0,0,0,0,0
2319,38,Flamengo,0,0,,,0,0,0,0,0,0
2319,38,Nautico,0,0,,,0,0,0,0,0,0
2320,38,Atletico-Mg,0,0,,,0,0,0,0,0,0
2320,38,Palmeiras,0,0,,,0,0,0,0,0,0
2321,38,America-Rn,0,0,,,0,0,0,0,0,0
2321,38,Cruzeiro,,0,,,0,0,0,0,0,0
2322,38,Corinthians,0,0,,,0,0,0,0,0,0
2322,38,Gremio,0,0,,,0,0,0,0,0,0
2323,38,Goias,0,0,,,0,0,0,0,0,0
2323,38,Internacional,0,0,,,0,0,0,0,0,0
2324,38,Parana,0,0,,,0,0,0,0,0,0
2324,38,Vasco,0,0,,,0,0,0,0,0,0
2325,38,Botafogo-Rj,0,0,,,0,0,0,0,0,0
2325,38,Figueirense,0,0,,,0,0,0,0,0,0
2326,38,Juventude,0,0,,,0,0,0,0,0,0
2326,38,Sport,0,0,,,0,0,0,0,0,0
2327,1,Goias,0,0,,,0,0,0,0,0,0
2327,1,Nautico,0,0,,,0,0,0,0,0,0
2328,1,Gremio,0,0,,,0,0,0,0,0,0
2328,1,Sao Paulo,0,0,,,0,0,0,0,0,0
2329,1,Cruzeiro,,0,,,0,0,0,0,0,0
2329,1,Vitoria,0,0,,,0,0,0,0,0,0
2330,1,Coritiba,0,0,,,0,0,0,0,0,0
2330,1,Palmeiras,0,0,,,0,0,0,0,0,0
2331,1,Internacional,0,0,,,0,0,0,0,0,0
2331,1,Vasco,0,0,,,0,0,0,0,0,0
2332,1,Botafogo-Rj,,0,,,0,0,0,0,0,0
2332,1,Sport,0,0,,,0,0,0,0,0,0
2333,1,Athletico-Pr,0,0,,,,0,0,0,0,0
2333,1,Ipatinga,0,0,,,0,0,0,0,0,0
2334,1,Figueirense,0,0,,,0,0,0,0,0,0
2334,1,Portuguesa,0,0,,,0,0,0,0,0,0
2335,1,Atletico-Mg,0,0,,,0,0,0,0,0,0
2335,1,Fluminense,0,0,,,0,0,0,0,0,0
2336,1,Flamengo,0,0,,,0,0,0,0,0,0
2336,1,Santos,0,0,,,,0,0,0,0,0
2337,2,Botafogo-Rj,0,0,,,0,0,0,0,0,0
2337,2,Cruzeiro,0,0,,,0,0,0,0,0,0
2338,2,Sport,0,0,,,0,0,0,0,0,0
2338,2,Vitoria,0,0,,,0,0,0,0,0,0
2339,2,Portuguesa,0,0,,,0,0,0,0,0,0
2339,2,Vasco,0,0,,,0,0,0,0,0,0
2340,2,Flamengo,0,0,,,0,0,0,0,0,0
2340,2,Gremio,0,0,,,0,0,0,0,0,0
2341,2,Athletico-Pr,0,0,,,0,0,0,0,0,0
2341,2,Sao Paulo,0,0,,,,0,0,0,0,0
2342,2,Fluminense,0,0,,,0,0,0,0,0,0
2342,2,Nautico,0,0,,,0,0,0,0,0,0
2343,2,Atletico-Mg,0,0,,,0,0,0,0,0,0
2343,2,Goias,0,0,,,0,0,0,0,0,0
2344,2,Coritiba,0,0,,,0,0,0,0,0,0
2344,2,Figueirense,0,0,,,0,0,0,0,0,0
2345,2,Internacional,0,0,,,0,0,0,0,0,0
2345,2,Palmeiras,0,0,,,0,0,0,0,0,0
2346,2,Ipatinga,0,0,,,0,0,0,0,0,0
2346,2,Santos,0,0,,,0,0,0,0,0,0
2347,3,Gremio,0,0,,,0,0,0,0,0,0
2347,3,Nautico,0,0,,,0,0,0,0,0,0
2348,3,Flamengo,0,0,,,0,0,0,0,0,0
2348,3,Internacional,,0,,,0,0,0,0,0,0
2349,3,Figueirense,,0,,,0,0,0,0,0,0
2349,3,Vitoria,0,0,,,0,0,0,0,0,0
2350,3,Cruzeiro,0,0,,,0,0,0,0,0,0
2350,3,Santos,0,0,,,0,0,0,0,0,0
2351,3,Coritiba,0,0,,,0,0,0,0,0,0
2351,3,Sao Paulo,0,0,,,0,0,0,0,0,0
2352,3,Fluminense,0,0,,,0,0,0,0,0,0
2352,3,Sport,0,0,,,0,0,0,0,0,0
2353,3,Goias,0,0,,,0,0,0,0,0,0
2353,3,Ipatinga,0,0,,,0,0,0,0,0,0
2354,3,Athletico-Pr,0,0,,,0,0,0,0,0,0
2354,3,Atletico-Mg,0,0,,,0,0,0,0,0,0
2355,3,Palmeiras,0,0,,,0,0,0,0,,0
2355,3,Portuguesa,0,0,,,0,0,0,0,0,0
2356,3,Botafogo-Rj,0,0,,,0,0,0,0,0,0
2356,3,Vasco,0,0,,,0,0,0,0,0,0
2357,4,Gremio,0,0,,,0,0,0,0,0,0
2357,4,Vasco,0,0,,,0,0,0,0,0,0
2358,4,Internacional,0,0,,,0,0,0,0,0,0
2358,4,Sport,0,0,,,0,0,0,0,0,0
2359,4,Figueirense,0,0,,,0,0,0,0,0,0
2359,4,Goias,0,0,,,0,0,0,0,0,0
2360,4,Santos,0,0,,,0,0,0,0,0,0
2360,4,Sao Paulo,0,0,,,0,0,0,0,0,0
2361,4,Coritiba,0,0,,,0,0,0,0,,0
2361,4,Cruzeiro,0,0,,,0,0,0,0,0,0
2362,4,Botafogo-Rj,0,0,,,0,0,0,0,0,0
2362,4,Nautico,,0,,,0,0,0,0,0,0
2363,4,Ipatinga,0,0,,,0,0,0,0,0,0
2363,4,Vitoria,0,0,,,0,0,0,0,0,0
2364,4,Athletico-Pr,0,0,,,,0,0,0,0,0
2364,4,Palmeiras,0,0,,,0,0,0,0,,0
2365,4,Atletico-Mg,0,0,,,0,0,0,0,0,0
2365,4,Portuguesa,0,0,,,0,0,0,0,0,0
2366,4,Flamengo,,0,,,0,0,0,0,0,0
2366,4,Fluminense,0,0,,,0,0,0,0,0,0
2367,5,Atletico-Mg,0,0,,,0,0,0,0,0,0
2367,5,Sao Paulo,0,0,,,0,0,0,0,0,0
2368,5,Figueirense,0,0,,,0,0,0,0,0,0
2368,5,Flamengo,0,0,,,,0,0,0,0,0
2369,5,Ipatinga,0,0,,,0,0,0,0,0,0
2369,5,Nautico,0,0,,,0,0,0,0,0,0
2370,5,Internacional,0,0,,,0,0,0,0,0,0
2370,5,Portuguesa,0,0,,,0,0,0,0,0,0
2371,5,Fluminense,0,0,,,0,0,0,0,0,0
2371,5,Gremio,0,0,,,0,0,0,0,0,0
2372,5,Palmeiras,0,0,,,0,0,0,0,0,0
2372,5,Sport,0,0,,,0,0,0,0,0,0
2373,5,Athletico-Pr,0,0,,,0,0,0,0,0,0
2373,5,Goias,0,0,,,0,0,0,0,0,0
2374,5,Botafogo-Rj,0,0,,,0,0,0,0,0,0
2374,5,Coritiba,0,0,,,0,0,0,0,0,0
2375,5,Cruzeiro,0,0,,,0,0,0,0,0,0
2375,5,Vasco,0,0,,,0,0,0,0,0,0
2376,5,Santos,0,0,,,0,0,0,0,0,0
2376,5,Vitoria,0,0,,,0,0,0,0,0,0
2377,6,Fluminense,0,0,,,0,0,0,0,0,0
2377,6,Santos,0,0,,,0,0,0,0,0,0
2378,6,Cruzeiro,0,0,,,0,0,0,0,0,0
2378,6,Palmeiras,0,0,,,0,0,0,0,0,0
2379,6,Atletico-Mg,0,0,,,0,0,0,0,0,0
2379,6,Ipatinga,0,0,,,,0,0,0,0,0
2380,6,Flamengo,0,0,,,0,0,0,0,0,0
2380,6,Sao Paulo,0,0,,,0,0,0,0,0,0
2381,6,Botafogo-Rj,0,0,,,0,0,0,0,0,0
2381,6,Internacional,0,0,,,0,0,0,0,0,0
2382,6,Figueirense,0,0,,,0,0,0,0,0,0
2382,6,Sport,0,0,,,0,0,0,0,0,0
2383,6,Athletico-Pr,0,0,,,0,0,0,0,0,0
2383,6,Portuguesa,0,0,,,0,0,0,0,0,0
2384,6,Coritiba,0,0,,,0,0,0,0,0,0
2384,6,Vitoria,,0,,,0,0,0,0,0,0
2385,6,Nautico,0,0,,,0,0,0,0,0,0
2385,6,Vasco,,0,,,0,0,0,0,0,0
2386,6,Goias,0,0,,,,0,0,0,0,0
2386,6,Gremio,0,0,,,0,0,0,0,0,0
2387,7,Botafogo-Rj,0,0,,,0,0,0,0,0,0
2387,7,Portuguesa,,0,,,0,0,0,0,0,0
2388,7,Sao Paulo,0,0,,,0,0,0,0,0,0
2388,7,Sport,0,0,,,,0,0,0,0,0
2389,7,Cruzeiro,0,0,,,0,0,0,0,0,0
2389,7,Figueirense,0,0,,,0,0,0,0,0,0
2390,7,Coritiba,0,0,,,0,0,0,0,0,0
2390,7,Fluminense,0,0,,,0,0,0,0,0,0
2391,7,Flamengo,0,0,,,0,0,0,0,0,0
2391,7,Ipatinga,0,0,,,0,0,0,0,0,0
2392,7,Internacional,,0,,,0,0,0,0,0,0
2392,7,Vitoria,0,0,,,0,0,0,0,0,0
2393,7,Palmeiras,0,0,,,0,0,0,0,0,0
2393,7,Vasco,0,0,,,0,0,0,0,0,0
2394,7,Athletico-Pr,,0,,,,0,0,0,0,0
2394,7,Gremio,0,0,,,0,0,0,0,0,0
2395,7,Goias,0,0,,,0,0,0,0,0,0
2395,7,Santos,0,0,,,0,0,0,0,0,0
2396,7,Atletico-Mg,0,0,,,0,0,0,0,0,0
2396,7,Nautico,0,0,,,0,0,0,0,0,0
2397,8,Ipatinga,0,0,,,0,0,0,0,0,0
2397,8,Vasco,0,0,,,0,0,0,0,0,0
2398,8,Goias,0,0,,,0,0,0,0,0,0
2398,8,Vitoria,0,0,,,0,0,0,0,0,0
2399,8,Portuguesa,0,0,,,0,0,0,0,0,0
2399,8,Santos,0,0,,,0,0,0,0,0,0
2400,8,Cruzeiro,0,0,,,0,0,0,0,0,0
2400,8,Sao Paulo,0,0,,,0,0,0,0,0,0
2401,8,Atletico-Mg,0,0,,,,0,0,0,0,0
2401,8,Figueirense,0,0,,,0,0,0,0,0,0
2402,8,Flamengo,0,0,,,0,0,0,0,0,0
2402,8,Sport,0,0,,,0,0,0,0,0,0
2403,8,Athletico-Pr,0,0,,,0,0,0,0,0,0
2403,8,Coritiba,0,0,,,,0,0,0,0,0
2404,8,Gremio,0,0,,,0,0,0,0,0,0
2404,8,Internacional,0,0,,,0,0,0,0,0,0
2405,8,Botafogo-Rj,0,0,,,0,0,0,0,0,0
2405,8,Fluminense,0,0,,,0,0,0,0,0,0
2406,8,Nautico,0,0,,,0,0,0,0,0,0
2406,8,Palmeiras,0,0,,,0,0,0,0,0,0
2407,9,Cruzeiro,0,0,,,0,0,0,0,0,0
2407,9,Sport,,0,,,0,0,0,0,0,0
2408,9,Athletico-Pr,0,0,,,0,0,0,0,0,0
2408,9,Santos,0,0,,,0,0,0,0,0,0
2409,9,Flamengo,,0,,,,0,0,0,0,0
2409,9,Nautico,0,0,,,0,0,0,0,0,0
2410,9,Figueirense,0,0,,,0,0,0,0,0,0
2410,9,Vasco,0,0,,,0,0,0,0,0,0
2411,9,Portuguesa,0,0,,,0,0,0,0,0,0
2411,9,Vitoria,0,0,,,0,0,0,0,0,0
2412,9,Atletico-Mg,0,0,,,0,0,0,0,0,0
2412,9,Palmeiras,0,0,,,0,0,0,0,,0
2413,9,Coritiba,0,0,,,,0,0,0,0,0
2413,9,Internacional,0,0,,,0,0,0,0,0,0
2414,9,Botafogo-Rj,0,0,,,0,0,0,0,0,0
2414,9,Gremio,0,0,,,0,0,0,0,0,0
2415,9,Ipatinga,0,0,,,0,0,0,0,0,0
2415,9,Sao Paulo,0,0,,,0,0,0,0,0,0
2416,9,Fluminense,0,0,,,0,0,0,0,0,0
2416,9,Goias,0,0,,,0,0,0,0,0,0
2417,11,Palmeiras,0,0,,,0,0,0,0,0,0
2417,11,Sao Paulo,0,0,,,0,0,0,0,0,0
2418,11,Atletico-Mg,0,0,,,0,0,0,0,0,0
2418,11,Cruzeiro,0,0,,,0,0,0,0,0,0
2419,11,Athletico-Pr,0,0,,,0,0,0,0,0,0
2419,11,Internacional,0,0,,,0,0,0,0,0,0
2420,11,Botafogo-Rj,0,0,,,0,0,0,0,0,0
2420,11,Santos,0,0,,,0,0,0,0,0,0
2421,11,Figueirense,0,0,,,,0,0,0,0,0
2421,11,Ipatinga,0,0,,,0,0,0,0,0,0
2422,11,Gremio,0,0,,,0,0,0,0,0,0
2422,11,Portuguesa,,0,,,0,0,0,0,0,0
2423,11,Nautico,,0,,,0,0,0,0,0,0
2423,11,Sport,0,0,,,0,0,0,0,0,0
2424,11,Flamengo,0,0,,,0,0,0,0,0,0
2424,11,Vasco,0,0,,,0,0,0,0,0,0
2425,11,Fluminense,0,0,,,0,0,0,0,0,0
2425,11,Vitoria,0,0,,,0,0,0,0,0,0
2426,11,Coritiba,0,0,,,0,0,0,0,0,0
2426,11,Goias,0,0,,,0,0,0,0,0,0
2427,10,Goias,0,0,,,0,0,0,0,0,0
2427,10,Internacional,0,0,,,0,0,0,0,0,0
2428,10,Coritiba,0,0,,,0,0,0,0,0,0
2428,10,Portuguesa,0,0,,,0,0,0,0,0,0
2429,10,Athletico-Pr,0,0,,,0,0,0,0,0,0
2429,10,Fluminense,,0,,,0,0,0,0,0,0
2430,10,Botafogo-Rj,0,0,,,0,0,0,0,0,0
2430,10,Vitoria,0,0,,,0,0,0,0,0,0
2431,10,Atletico-Mg,0,0,,,0,0,0,0,0,0
2431,10,Flamengo,0,0,,,0,0,0,0,0,0
2432,10,Gremio,0,0,,,0,0,0,0,0,0
2432,10,Santos,0,0,,,0,0,0,0,0,0
2433,10,Nautico,0,0,,,0,0,0,0,0,0
2433,10,Sao Paulo,,0,,,0,0,0,0,0,0
2434,10,Figueirense,,0,,,0,0,0,0,0,0
2434,10,Palmeiras,0,0,,,0,0,0,0,0,0
2435,10,Cruzeiro,,0,,,0,0,0,0,0,0
2435,10,Ipatinga,0,0,,,0,0,0,0,0,0
2436,10,Sport,0,0,,,0,0,0,0,0,0
2436,10,Vasco,0,0,,,0,0,0,0,0,0
2437,12,Gremio,0,0,,,0,0,0,0,0,0
2437,12,Sport,0,0,,,0,0,0,0,0,0
2438,12,Botafogo-Rj,0,0,,,0,0,0,0,0,0
2438,12,Ipatinga,0,0,,,0,0,0,0,0,0
2439,12,Figueirense,0,0,,,0,0,0,0,0,0
2439,12,Santos,0,0,,,0,0,0,0,0,0
2440,12,Nautico,0,0,,,0,0,0,0,0,0
2440,12,Portuguesa,0,0,,,0,0,0,0,,0
2441,12,Athletico-Pr,0,0,,,0,0,0,0,0,0
2441,12,Cruzeiro,0,0,,,0,0,0,0,0,0
2442,12,Fluminense,0,0,,,0,0,0,0,0,0
2442,12,Palmeiras,0,0,,,0,0,0,0,0,0
2443,12,Sao Paulo,0,0,,,0,0,0,0,0,0
2443,12,Vitoria,0,0,,,0,0,0,0,,0
2444,12,Goias,0,0,,,0,0,0,0,0,0
2444,12,Vasco,0,0,,,0,0,0,0,0,0
2445,12,Atletico-Mg,0,0,,,0,0,0,0,0,0
2445,12,Internacional,0,0,,,0,0,0,0,0,0
2446,12,Coritiba,0,0,,,0,0,0,0,0,0
2446,12,Flamengo,0,0,,,0,0,0,0,0,0
2447,14,Palmeiras,0,0,,,0,0,0,0,0,0
2447,14,Santos,0,0,,,0,0,0,0,0,0
2448,14,Figueirense,0,0,,,0,0,0,0,0,0
2448,14,Gremio,0,0,,,0,0,0,0,0,0
2449,14,Athletico-Pr,0,0,,,0,0,0,0,0,0
2449,14,Sport,0,0,,,0,0,0,0,0,0
2450,14,Coritiba,,0,,,0,0,0,0,0,0
2450,14,Ipatinga,0,0,,,0,0,0,0,0,0
2451,14,Cruzeiro,0,0,,,,0,0,0,0,0
2451,14,Goias,0,0,,,0,0,0,0,0,0
2452,14,Nautico,0,0,,,0,0,0,0,0,0
2452,14,Vitoria,0,0,,,0,0,0,0,0,0
2453,14,Fluminense,0,0,,,0,0,0,0,0,0
2453,14,Vasco,0,0,,,,0,0,0,0,0
2454,14,Internacional,0,0,,,,0,0,0,0,0
2454,14,Sao Paulo,0,0,,,0,0,0,0,0,0
2455,14,Flamengo,0,0,,,0,0,0,0,0,0
2455,14,Portuguesa,0,0,,,0,0,0,0,0,0
2456,14,Atletico-Mg,0,0,,,0,0,0,0,0,0
2456,14,Botafogo-Rj,0,0,,,0,0,0,0,0,0
2457,13,Ipatinga,0,0,,,0,0,0,0,0,0
2457,13,Portuguesa,0,0,,,0,0,0,0,0,0
2458,13,Figueirense,0,0,,,0,0,0,0,0,0
2458,13,Fluminense,,0,,,0,0,0,0,0,0
2459,13,Cruzeiro,0,0,,,0,0,0,0,0,0
2459,13,Gremio,0,0,,,0,0,0,0,0,0
2460,13,Athletico-Pr,0,0,,,0,0,0,0,0,0
2460,13,Vasco,0,0,,,0,0,0,0,0,0
2461,13,Goias,0,0,,,0,0,0,0,0,0
2461,13,Palmeiras,,0,,,0,0,0,0,0,0
2462,13,Santos,0,0,,,0,0,0,0,0,0
2462,13,Sport,0,0,,,0,0,0,0,0,0
2463,13,Internacional,0,0,,,0,0,0,0,0,0
2463,13,Nautico,0,0,,,0,0,0,0,0,0
2464,13,Flamengo,,0,,,0,0,0,0,0,0
2464,13,Vitoria,0,0,,,0,0,0,0,0,0
2465,13,Botafogo-Rj,0,0,,,0,0,0,0,0,0
2465,13,Sao Paulo,0,0,,,0,0,0,0,0,0
2466,13,Atletico-Mg,0,0,,,0,0,0,0,0,0
2466,13,Coritiba,0,0,,,0,0,0,0,0,0
2467,15,Coritiba,0,0,,,0,0,0,0,0,0
2467,15,Nautico,0,0,,,0,0,0,0,0,0
2468,15,Internacional,0,0,,,0,0,0,0,0,0
2468,15,Ipatinga,0,0,,,0,0,0,0,0,0
2469,15,Cruzeiro,0,0,,,0,0,0,0,0,0
2469,15,Fluminense,0,0,,,0,0,0,0,0,0
2470,15,Santos,0,0,,,0,0,0,0,0,0
2470,15,Vasco,0,0,,,,0,0,0,0,0
2471,15,Gremio,0,0,,,0,0,0,0,0,0
2471,15,Palmeiras,0,0,,,0,0,0,0,0,0
2472,15,Athletico-Pr,0,0,,,0,0,0,0,0,0
2472,15,Figueirense,0,0,,,0,0,0,0,0,0
2473,15,Goias,,0,,,0,0,0,0,0,0
2473,15,Sport,0,0,,,0,0,0,0,0,0
2474,15,Atletico-Mg,0,0,,,0,0,0,0,0,0
2474,15,Vitoria,0,0,,,0,0,0,0,0,0
2475,15,Botafogo-Rj,0,0,,,0,0,0,0,0,0
2475,15,Flamengo,0,0,,,0,0,0,0,0,0
2476,15,Portuguesa,0,0,,,0,0,0,0,0,0
2476,15,Sao Paulo,0,0,,,0,0,0,0,0,0
2477,16,Cruzeiro,0,0,,,0,0,0,0,0,0
2477,16,Nautico,0,0,,,0,0,0,0,0,0
2478,16,Athletico-Pr,0,0,,,0,0,0,0,0,0
2478,16,Vitoria,0,0,,,0,0,0,0,0,0
2479,16,Fluminense,0,0,,,0,0,0,0,0,0
2479,16,Portuguesa,0,0,,,0,0,0,0,0,0
2480,16,Botafogo-Rj,0,0,,,0,0,0,0,0,0
2480,16,Goias,0,0,,,0,0,0,0,0,0
2481,16,Flamengo,0,0,,,0,0,0,0,0,0
2481,16,Palmeiras,0,0,,,0,0,0,0,0,0
2482,16,Figueirense,,0,,,0,0,0,0,0,0
2482,16,Sao Paulo,0,0,,,0,0,0,0,0,0
2483,16,Internacional,0,0,,,0,0,0,0,0,0
2483,16,Santos,0,0,,,0,0,0,0,0,0
2484,16,Ipatinga,0,0,,,0,0,0,0,0,0
2484,16,Sport,0,0,,,0,0,0,0,0,0
2485,16,Atletico-Mg,0,0,,,0,0,0,0,0,0
2485,16,Vasco,0,0,,,0,0,0,0,0,0
2486,16,Coritiba,,0,,,0,0,0,0,0,0
2486,16,Gremio,0,0,,,0,0,0,0,0,0
2487,17,Goias,0,0,,,0,0,0,0,,0
2487,17,Portuguesa,0,0,,,0,0,0,0,0,0
2488,17,Figueirense,0,0,,,,0,0,0,0,0
2488,17,Nautico,0,0,,,,0,0,0,0,0
2489,17,Fluminense,0,0,,,0,0,0,0,0,0
2489,17,Internacional,0,0,,,0,0,0,0,0,0
2490,17,Gremio,0,0,,,0,0,0,0,0,0
2490,17,Vitoria,,0,,,0,0,0,0,0,0
2491,17,Ipatinga,0,0,,,0,0,0,0,0,0
2491,17,Palmeiras,0,0,,,0,0,0,0,0,0
2492,17,Cruzeiro,0,0,,,0,0,0,0,0,0
2492,17,Flamengo,0,0,,,0,0,0,0,,0
2493,17,Sao Paulo,0,0,,,0,0,0,0,0,0
2493,17,Vasco,0,0,,,0,0,0,0,0,0
2494,17,Coritiba,0,0,,,0,0,0,0,0,0
2494,17,Santos,0,0,,,0,0,0,0,0,0
2495,17,Atletico-Mg,0,0,,,,0,0,0,0,0
2495,17,Sport,0,0,,,0,0,0,0,0,0
2496,17,Athletico-Pr,0,0,,,0,0,0,0,0,0
2496,17,Botafogo-Rj,0,0,,,0,0,0,0,0,0
2497,18,Gremio,0,0,,,0,0,0,0,0,0
2497,18,Ipatinga,0,0,,,0,0,0,0,0,0
2498,18,Coritiba,0,0,,,,0,0,0,0,0
2498,18,Vasco,0,0,,,0,0,0,0,0,0
2499,18,Athletico-Pr,0,0,,,0,0,0,0,0,0
2499,18,Nautico,,0,,,0,0,0,0,0,0
2500,18,Portuguesa,0,0,,,0,0,0,0,0,0
2500,18,Sport,0,0,,,0,0,0,0,0,0
2501,18,Atletico-Mg,,0,,,0,0,0,0,0,0
2501,18,Santos,0,0,,,0,0,0,0,0,0
2502,18,Flamengo,0,0,,,,0,0,0,0,0
2502,18,Goias,0,0,,,0,0,0,0,0,0
2503,18,Fluminense,,0,,,,0,0,0,0,0
2503,18,Sao Paulo,,0,,,0,0,0,0,0,0
2504,18,Palmeiras,0,0,,,0,0,0,0,0,0
2504,18,Vitoria,0,0,,,0,0,0,0,0,0
2505,18,Botafogo-Rj,0,0,,,0,0,0,0,0,0
2505,18,Figueirense,0,0,,,0,0,0,0,0,0
2506,18,Cruzeiro,0,0,,,0,0,0,0,0,0
2506,18,Internacional,0,0,,,0,0,0,0,0,0
2507,19,Athletico-Pr,0,0,,,0,0,0,0,0,0
2507,19,Flamengo,0,0,,,0,0,0,0,0,0
2508,19,Goias,,0,,,0,0,0,0,0,0
2508,19,Sao Paulo,0,0,,,0,0,0,0,0,0
2509,19,Atletico-Mg,0,0,,,0,0,0,0,0,0
2509,19,Gremio,0,0,,,0,0,0,0,0,0
2510,19,Coritiba,0,0,,,0,0,0,0,0,0
2510,19,Sport,0,0,,,0,0,0,0,0,0
2511,19,Vasco,0,0,,,0,0,0,0,0,0
2511,19,Vitoria,0,0,,,0,0,0,0,0,0
2512,19,Cruzeiro,0,0,,,0,0,0,0,0,0
2512,19,Portuguesa,0,0,,,0,0,0,0,0,0
2513,19,Botafogo-Rj,0,0,,,0,0,0,0,0,0
2513,19,Palmeiras,0,0,,,0,0,0,0,0,0
2514,19,Fluminense,0,0,,,0,0,0,0,0,0
2514,19,Ipatinga,,0,,,0,0,0,0,0,0
2515,19,Nautico,0,0,,,0,0,0,0,0,0
2515,19,Santos,0,0,,,0,0,0,0,0,0
2516,19,Figueirense,0,0,,,0,0,0,0,0,0
2516,19,Internacional,0,0,,,,0,0,0,0,0
2517,20,Athletico-Pr,0,0,,,0,0,0,0,0,0
2517,20,Ipatinga,0,0,,,0,0,0,0,0,0
2518,20,Figueirense,0,0,,,0,0,0,0,0,0
2518,20,Portuguesa,0,0,,,0,0,0,0,0,0
2519,20,Cruzeiro,0,0,,,0,0,0,0,0,0
2519,20,Vitoria,0,0,,,0,0,0,0,0,0
2520,20,Gremio,0,0,,,0,0,0,0,0,0
2520,20,Sao Paulo,0,0,,,0,0,0,0,0,0
2521,20,Flamengo,0,0,,,0,0,0,0,0,0
2521,20,Santos,,0,,,0,0,0,0,0,0
2522,20,Internacional,0,0,,,0,0,0,0,0,0
2522,20,Vasco,0,0,,,0,0,0,0,0,0
2523,20,Goias,0,0,,,0,0,0,0,0,0
2523,20,Nautico,0,0,,,0,0,0,0,0,0
2524,20,Atletico-Mg,0,0,,,0,0,0,0,0,0
2524,20,Fluminense,0,0,,,0,0,0,0,0,0
2525,20,Botafogo-Rj,0,0,,,,0,0,0,0,0
2525,20,Sport,0,0,,,0,0,0,0,0,0
2526,20,Coritiba,0,0,,,,0,0,0,0,0
2526,20,Palmeiras,0,0,,,0,0,0,0,0,0
2527,21,Sport,0,0,,,0,0,0,0,0,0
2527,21,Vitoria,0,0,,,0,0,0,0,0,0
2528,21,Coritiba,,0,,,0,0,0,0,0,0
2528,21,Figueirense,0,0,,,0,0,0,0,0,0
2529,21,Botafogo-Rj,0,0,,,0,0,0,0,0,0
2529,21,Cruzeiro,0,0,,,0,0,0,0,0,0
2530,21,Athletico-Pr,0,0,,,,0,0,0,0,0
2530,21,Sao Paulo,0,0,,,0,0,0,0,0,0
2531,21,Internacional,0,0,,,0,0,0,0,0,0
2531,21,Palmeiras,0,0,,,0,0,0,0,0,0
2532,21,Fluminense,,0,,,0,0,0,0,0,0
2532,21,Nautico,0,0,,,0,0,0,0,0,0
2533,21,Ipatinga,0,0,,,0,0,0,0,0,0
2533,21,Santos,0,0,,,0,0,0,0,0,0
2534,21,Portuguesa,0,0,,,0,0,0,0,0,0
2534,21,Vasco,0,0,,,0,0,0,0,0,0
2535,21,Atletico-Mg,0,0,,,0,0,0,0,0,0
2535,21,Goias,0,0,,,,0,0,0,0,0
2536,21,Flamengo,0,0,,,0,0,0,0,0,0
2536,21,Gremio,0,0,,,0,0,0,0,0,0
2537,22,Fluminense,0,0,,,0,0,0,0,0,0
2537,22,Sport,0,0,,,0,0,0,0,0,0
2538,22,Figueirense,0,0,,,0,0,0,0,0,0
2538,22,Vitoria,0,0,,,0,0,0,0,0,0
2539,22,Coritiba,0,0,,,0,0,0,0,0,0
2539,22,Sao Paulo,0,0,,,0,0,0,0,0,0
2540,22,Palmeiras,0,0,,,0,0,0,0,0,0
2540,22,Portuguesa,0,0,,,0,0,0,0,0,0
2541,22,Flamengo,0,0,,,0,0,0,0,0,0
2541,22,Internacional,0,0,,,0,0,0,0,0,0
2542,22,Cruzeiro,0,0,,,0,0,0,0,0,0
2542,22,Santos,,0,,,0,0,0,0,0,0
2543,22,Goias,0,0,,,0,0,0,0,0,0
2543,22,Ipatinga,0,0,,,0,0,0,0,0,0
2544,22,Botafogo-Rj,0,0,,,,0,0,0,0,0
2544,22,Vasco,0,0,,,0,0,0,0,0,0
2545,22,Athletico-Pr,0,0,,,0,0,0,0,0,0
2545,22,Atletico-Mg,0,0,,,0,0,0,0,0,0
2546,22,Gremio,0,0,,,0,0,0,0,0,0
2546,22,Nautico,0,0,,,0,0,0,0,0,0
2547,23,Figueirense,0,0,,,,0,0,0,0,0
2547,23,Goias,0,0,,,0,0,0,0,0,0
2548,23,Ipatinga,0,0,,,0,0,0,0,0,0
2548,23,Vitoria,0,0,,,0,0,0,0,0,0
2549,23,Botafogo-Rj,0,0,,,0,0,0,0,0,0
2549,23,Nautico,0,0,,,0,0,0,0,0,0
2550,23,Gremio,0,0,,,0,0,0,0,0,0
2550,23,Vasco,0,0,,,0,0,0,0,0,0
2551,23,Internacional,,0,,,0,0,0,0,0,0
2551,23,Sport,0,0,,,0,0,0,0,0,0
2552,23,Athletico-Pr,0,0,,,0,0,0,0,0,0
2552,23,Palmeiras,0,0,,,0,0,0,0,0,0
2553,23,Santos,0,0,,,0,0,0,0,0,0
2553,23,Sao Paulo,0,0,,,0,0,0,0,0,0
2554,23,Atletico-Mg,0,0,,,0,0,0,0,0,0
2554,23,Portuguesa,0,0,,,0,0,0,0,0,0
2555,23,Coritiba,0,0,,,0,0,0,0,0,0
2555,23,Cruzeiro,0,0,,,0,0,0,0,0,0
2556,23,Flamengo,0,0,,,0,0,0,0,0,0
2556,23,Fluminense,,0,,,0,0,0,0,0,0
2557,24,Athletico-Pr,0,0,,,,0,0,0,0,0
2557,24,Goias,0,0,,,0,0,0,0,0,0
2558,24,Santos,0,0,,,0,0,0,0,0,0
2558,24,Vitoria,0,0,,,0,0,0,0,0,0
2559,24,Figueirense,0,0,,,0,0,0,0,0,0
2559,24,Flamengo,0,0,,,0,0,0,0,0,0
2560,24,Atletico-Mg,0,0,,,0,0,0,0,0,0
2560,24,Sao Paulo,0,0,,,0,0,0,0,,0
2561,24,Palmeiras,0,0,,,0,0,0,0,0,0
2561,24,Sport,0,0,,,0,0,0,0,0,0
2562,24,Cruzeiro,0,0,,,0,0,0,0,0,0
2562,24,Vasco,,0,,,,0,0,0,0,0
2563,24,Internacional,0,0,,,0,0,0,0,0,0
2563,24,Portuguesa,0,0,,,0,0,0,0,0,0
2564,24,Fluminense,,0,,,,0,0,0,0,0
2564,24,Gremio,0,0,,,0,0,0,0,0,0
2565,24,Ipatinga,0,0,,,,0,0,0,0,0
2565,24,Nautico,0,0,,,,0,0,0,0,0
2566,24,Botafogo-Rj,0,0,,,0,0,0,0,0,0
2566,24,Coritiba,0,0,,,0,0,0,0,0,0
2567,25,Goias,0,0,,,,0,0,0,0,0
2567,25,Gremio,0,0,,,0,0,0,0,0,0
2568,25,Athletico-Pr,0,0,,,0,0,0,0,0,0
2568,25,Portuguesa,0,0,,,0,0,0,0,0,0
2569,25,Atletico-Mg,0,0,,,0,0,0,0,0,0
2569,25,Ipatinga,0,0,,,0,0,0,0,0,0
2570,25,Cruzeiro,0,0,,,0,0,0,0,0,0
2570,25,Palmeiras,,0,,,0,0,0,0,0,0
2571,25,Flamengo,0,0,,,0,0,0,0,0,0
2571,25,Sao Paulo,0,0,,,0,0,0,0,0,0
2572,25,Figueirense,0,0,,,0,0,0,0,0,0
2572,25,Sport,0,0,,,0,0,0,0,0,0
2573,25,Nautico,0,0,,,0,0,0,0,0,0
2573,25,Vasco,0,0,,,0,0,0,0,0,0
2574,25,Fluminense,0,0,,,,0,0,0,0,0
2574,25,Santos,0,0,,,0,0,0,0,0,0
2575,25,Coritiba,0,0,,,0,0,0,0,0,0
2575,25,Vitoria,0,0,,,0,0,0,0,0,0
2576,25,Botafogo-Rj,0,0,,,0,0,0,0,0,0
2576,25,Internacional,0,0,,,0,0,0,0,0,0
2577,26,Goias,0,0,,,0,0,0,0,0,0
2577,26,Santos,0,0,,,0,0,0,0,0,0
2578,26,Coritiba,,0,,,0,0,0,0,0,0
2578,26,Fluminense,0,0,,,0,0,0,0,0,0
2579,26,Atletico-Mg,0,0,,,0,0,0,0,0,0
2579,26,Nautico,0,0,,,0,0,0,0,0,0
2580,26,Sao Paulo,0,0,,,0,0,0,0,0,0
2580,26,Sport,0,0,,,0,0,0,0,0,0
2581,26,Athletico-Pr,0,0,,,0,0,0,0,0,0
2581,26,Gremio,0,0,,,,0,0,0,0,0
2582,26,Botafogo-Rj,0,0,,,0,0,0,0,0,0
2582,26,Portuguesa,0,0,,,0,0,0,0,0,0
2583,26,Cruzeiro,0,0,,,0,0,0,0,0,0
2583,26,Figueirense,0,0,,,0,0,0,0,0,0
2584,26,Palmeiras,0,0,,,0,0,0,0,0,0
2584,26,Vasco,0,0,,,0,0,0,0,0,0
2585,26,Internacional,0,0,,,0,0,0,0,0,0
2585,26,Vitoria,0,0,,,,0,0,0,0,0
2586,26,Flamengo,0,0,,,0,0,0,0,0,0
2586,26,Ipatinga,0,0,,,0,0,0,0,0,0
2587,27,Goias,0,0,,,0,0,0,0,0,0
2587,27,Vitoria,0,0,,,0,0,0,0,0,0
2588,27,Flamengo,0,0,,,0,0,0,0,0,0
2588,27,Sport,0,0,,,0,0,0,0,0,0
2589,27,Atletico-Mg,0,0,,,0,0,0,0,0,0
2589,27,Figueirense,0,0,,,,0,0,0,0,0
2590,27,Athletico-Pr,0,0,,,,0,0,0,0,0
2590,27,Coritiba,0,0,,,0,0,0,0,0,0
2591,27,Nautico,0,0,,,0,0,0,0,0,0
2591,27,Palmeiras,0,0,,,0,0,0,0,0,0
2592,27,Cruzeiro,0,0,,,0,0,0,0,0,0
2592,27,Sao Paulo,0,0,,,0,0,0,0,0,0
2593,27,Ipatinga,0,0,,,0,0,0,0,0,0
2593,27,Vasco,0,0,,,0,0,0,0,0,0
2594,27,Gremio,0,0,,,0,0,0,0,0,0
2594,27,Internacional,0,0,,,0,0,0,0,0,0
2595,27,Portuguesa,0,0,,,0,0,0,0,0,0
2595,27,Santos,,0,,,,0,0,0,0,0
2596,27,Botafogo-Rj,0,0,,,0,0,0,0,0,0
2596,27,Fluminense,0,0,,,0,0,0,0,0,0
2597,28,Fluminense,0,0,,,0,0,0,0,0,0
2597,28,Goias,0,0,,,0,0,0,0,0,0
2598,28,Portuguesa,0,0,,,0,0,0,0,0,0
2598,28,Vitoria,0,0,,,0,0,0,0,0,0
2599,28,Cruzeiro,0,0,,,,0,0,0,,0
2599,28,Sport,0,0,,,0,0,0,0,0,0
2600,28,Botafogo-Rj,0,0,,,0,0,0,0,0,0
2600,28,Gremio,0,0,,,0,0,0,0,0,0
2601,28,Ipatinga,0,0,,,0,0,0,0,0,0
2601,28,Sao Paulo,0,0,,,0,0,0,0,0,0
2602,28,Atletico-Mg,0,0,,,0,0,0,0,0,0
2602,28,Palmeiras,0,0,,,0,0,0,0,0,0
2603,28,Flamengo,0,0,,,0,0,0,0,0,0
2603,28,Nautico,0,0,,,0,0,0,0,0,0
2604,28,Athletico-Pr,0,0,,,0,0,0,0,0,0
2604,28,Santos,0,0,,,0,0,0,0,0,0
2605,28,Coritiba,0,0,,,0,0,0,0,0,0
2605,28,Internacional,0,0,,,0,0,0,0,0,0
2606,28,Figueirense,0,0,,,0,0,0,0,0,0
2606,28,Vasco,0,0,,,0,0,0,0,0,0
2607,29,Gremio,0,0,,,0,0,0,0,0,0
2607,29,Santos,0,0,,,0,0,0,0,0,0
2608,29,Sport,0,0,,,0,0,0,0,0,0
2608,29,Vasco,0,0,,,0,0,0,0,0,0
2609,29,Figueirense,0,0,,,0,0,0,0,0,0
2609,29,Palmeiras,0,0,,,0,0,0,0,0,0
2610,29,Botafogo-Rj,0,0,,,0,0,0,0,0,0
2610,29,Vitoria,0,0,,,0,0,0,0,0,0
2611,29,Nautico,0,0,,,0,0,0,0,0,0
2611,29,Sao Paulo,0,0,,,0,0,0,0,0,0
2612,29,Cruzeiro,0,0,,,0,0,0,0,0,0
2612,29,Ipatinga,0,0,,,0,0,0,0,0,0
2613,29,Goias,0,0,,,0,0,0,0,0,0
2613,29,Internacional,0,0,,,0,0,0,0,0,0
2614,29,Coritiba,0,0,,,0,0,0,0,0,0
2614,29,Portuguesa,0,0,,,,0,0,0,0,0
2615,29,Athletico-Pr,0,0,,,,0,0,0,0,0
2615,29,Fluminense,0,0,,,0,0,0,0,0,0
2616,29,Atletico-Mg,0,0,,,0,0,0,0,0,0
2616,29,Flamengo,0,0,,,0,0,0,0,0,0
2617,30,Botafogo-Rj,0,0,,,0,0,0,0,0,0
2617,30,Santos,0,0,,,0,0,0,0,0,0
2618,30,Athletico-Pr,0,0,,,0,0,0,0,0,0
2618,30,Internacional,0,0,,,0,0,0,0,0,0
2619,30,Figueirense,0,0,,,0,0,0,0,0,0
2619,30,Ipatinga,0,0,,,0,0,0,0,0,0
2620,30,Palmeiras,0,0,,,0,0,0,0,0,0
2620,30,Sao Paulo,0,0,,,0,0,0,0,0,0
2621,30,Fluminense,0,0,,,0,0,0,0,0,0
2621,30,Vitoria,0,0,,,0,0,0,0,0,0
2622,30,Coritiba,0,0,,,0,0,0,0,0,0
2622,30,Goias,0,0,,,0,0,0,0,0,0
2623,30,Atletico-Mg,0,0,,,0,0,0,0,0,0
2623,30,Cruzeiro,0,0,,,0,0,0,0,0,0
2624,30,Gremio,0,0,,,0,0,0,0,0,0
2624,30,Portuguesa,0,0,,,0,0,0,0,0,0
2625,30,Nautico,0,0,,,0,0,0,0,0,0
2625,30,Sport,0,0,,,0,0,0,0,0,0
2626,30,Flamengo,0,0,,,0,0,0,0,0,0
2626,30,Vasco,0,0,,,0,0,0,0,0,0
2627,31,Goias,0,0,,,0,0,0,0,0,0
2627,31,Vasco,0,0,,,0,0,0,0,0,0
2628,31,Gremio,0,0,,,0,0,0,0,0,0
2628,31,Sport,0,0,,,0,0,0,0,0,0
2629,31,Coritiba,0,0,,,0,0,0,0,0,0
2629,31,Flamengo,0,0,,,0,0,0,0,,0
2630,31,Sao Paulo,0,0,,,0,0,0,0,0,0
2630,31,Vitoria,0,0,,,0,0,0,0,0,0
2631,31,Fluminense,,0,,,0,0,0,0,0,0
2631,31,Palmeiras,0,0,,,0,0,0,0,0,0
2632,31,Botafogo-Rj,0,0,,,0,0,0,0,0,0
2632,31,Ipatinga,0,0,,,0,0,0,0,0,0
2633,31,Figueirense,0,0,,,0,0,0,0,0,0
2633,31,Santos,0,0,,,0,0,0,0,0,0
2634,31,Athletico-Pr,0,0,,,0,0,0,0,0,0
2634,31,Cruzeiro,,0,,,0,0,0,0,0,0
2635,31,Nautico,,0,,,,0,0,0,0,0
2635,31,Portuguesa,0,0,,,0,0,0,0,0,0
2636,31,Atletico-Mg,0,0,,,0,0,0,0,0,0
2636,31,Internacional,0,0,,,,0,0,0,0,0
2637,32,Ipatinga,0,0,,,0,0,0,0,0,0
2637,32,Portuguesa,0,0,,,0,0,0,0,0,0
2638,32,Atletico-Mg,0,0,,,0,0,0,0,0,0
2638,32,Coritiba,0,0,,,,0,0,0,0,0
2639,32,Internacional,0,0,,,,0,0,0,0,0
2639,32,Nautico,0,0,,,,0,0,0,0,0
2640,32,Goias,0,0,,,0,0,0,0,0,0
2640,32,Palmeiras,0,0,,,0,0,0,0,0,0
2641,32,Botafogo-Rj,0,0,,,0,0,0,0,0,0
2641,32,Sao Paulo,0,0,,,0,0,0,0,0,0
2642,32,Cruzeiro,0,0,,,0,0,0,0,0,0
2642,32,Gremio,0,0,,,0,0,0,0,0,0
2643,32,Flamengo,0,0,,,0,0,0,0,0,0
2643,32,Vitoria,0,0,,,0,0,0,0,0,0
2644,32,Santos,0,0,,,0,0,0,0,0,0
2644,32,Sport,0,0,,,0,0,0,0,0,0
2645,32,Athletico-Pr,0,0,,,0,0,0,0,0,0
2645,32,Vasco,0,0,,,0,0,0,0,0,0
2646,32,Figueirense,0,0,,,0,0,0,0,0,0
2646,32,Fluminense,0,0,,,0,0,0,0,0,0
2647,33,Flamengo,0,0,,,0,0,0,0,0,0
2647,33,Portuguesa,0,0,,,0,0,0,0,0,0
2648,33,Nautico,0,0,,,0,0,0,0,0,0
2648,33,Vitoria,0,0,,,0,0,0,0,0,0
2649,33,Coritiba,0,0,,,0,0,0,0,0,0
2649,33,Ipatinga,0,0,,,0,0,0,0,0,0
2650,33,Palmeiras,0,0,,,0,0,0,0,0,0
2650,33,Santos,0,0,,,0,0,0,0,0,0
2651,33,Cruzeiro,0,0,,,0,0,0,0,0,0
2651,33,Goias,,0,,,0,0,0,0,0,0
2652,33,Athletico-Pr,0,0,,,0,0,0,0,0,0
2652,33,Sport,0,0,,,0,0,0,0,0,0
2653,33,Atletico-Mg,0,0,,,0,0,0,0,0,0
2653,33,Botafogo-Rj,0,0,,,0,0,0,0,0,0
2654,33,Fluminense,0,0,,,0,0,0,0,0,0
2654,33,Vasco,0,0,,,0,0,0,0,0,0
2655,33,Figueirense,0,0,,,0,0,0,0,0,0
2655,33,Gremio,0,0,,,0,0,0,0,,0
2656,33,Internacional,0,0,,,0,0,0,0,0,0
2656,33,Sao Paulo,,0,,,0,0,0,0,0,0
2657,34,Portuguesa,0,0,,,0,0,0,0,0,0
2657,34,Sao Paulo,0,0,,,,0,0,0,0,0
2658,34,Santos,0,0,,,0,0,0,0,0,0
2658,34,Vasco,0,0,,,0,0,0,0,0,0
2659,34,Athletico-Pr,,0,,,0,0,0,0,0,0
2659,34,Figueirense,,0,,,0,0,0,0,0,0
2660,34,Gremio,0,0,,,0,0,0,0,0,0
2660,34,Palmeiras,0,0,,,0,0,0,0,0,0
2661,34,Cruzeiro,0,0,,,0,0,0,0,0,0
2661,34,Fluminense,0,0,,,0,0,0,0,0,0
2662,34,Coritiba,0,0,,,,0,0,0,0,0
2662,34,Nautico,0,0,,,0,0,0,0,0,0
2663,34,Goias,0,0,,,0,0,0,0,0,0
2663,34,Sport,0,0,,,0,0,0,0,0,0
2664,34,Botafogo-Rj,0,0,,,,0,0,0,0,0
2664,34,Flamengo,0,0,,,0,0,0,0,0,0
2665,34,Internacional,0,0,,,0,0,0,0,0,0
2665,34,Ipatinga,0,0,,,0,0,0,0,0,0
2666,34,Atletico-Mg,0,0,,,0,0,0,0,0,0
2666,34,Vitoria,0,0,,,,0,0,0,0,0
2667,35,Atletico-Mg,0,0,,,0,0,0,0,0,0
2667,35,Vasco,0,0,,,0,0,0,0,0,0
2668,35,Fluminense,0,0,,,0,0,0,0,0,0
2668,35,Portuguesa,0,0,,,,0,0,0,0,0
2669,35,Ipatinga,0,0,,,0,0,0,0,0,0
2669,35,Sport,0,0,,,0,0,0,0,0,0
2670,35,Cruzeiro,0,0,,,0,0,0,0,0,0
2670,35,Nautico,0,0,,,0,0,0,0,0,0
2671,35,Flamengo,0,0,,,,0,0,0,0,0
2671,35,Palmeiras,0,0,,,0,0,0,0,0,0
2672,35,Figueirense,0,0,,,0,0,0,0,0,0
2672,35,Sao Paulo,0,0,,,0,0,0,0,0,0
2673,35,Botafogo-Rj,,0,,,0,0,0,0,0,0
2673,35,Goias,0,0,,,0,0,0,0,0,0
2674,35,Coritiba,0,0,,,0,0,0,0,0,0
2674,35,Gremio,0,0,,,0,0,0,0,0,0
2675,35,Athletico-Pr,0,0,,,0,0,0,0,0,0
2675,35,Vitoria,0,0,,,0,0,0,0,0,0
2676,35,Internacional,0,0,,,0,0,0,0,0,0
2676,35,Santos,0,0,,,0,0,0,0,0,0
2677,36,Figueirense,0,0,,,0,0,0,0,0,0
2677,36,Nautico,0,0,,,0,0,0,0,0,0
2678,36,Athletico-Pr,0,0,,,0,0,0,0,0,0
2678,36,Botafogo-Rj,0,0,,,0,0,0,0,0,0
2679,36,Goias,0,0,,,0,0,0,0,0,0
2679,36,Portuguesa,0,0,,,0,0,0,0,0,0
2680,36,Coritiba,0,0,,,0,0,0,0,0,0
2680,36,Santos,0,0,,,0,0,0,0,0,0
2681,36,Gremio,0,0,,,0,0,0,0,0,0
2681,36,Vitoria,0,0,,,0,0,0,0,0,0
2682,36,Cruzeiro,0,0,,,0,0,0,0,0,0
2682,36,Flamengo,0,0,,,0,0,0,0,0,0
2683,36,Sao Paulo,0,0,,,0,0,0,0,0,0
2683,36,Vasco,0,0,,,,0,0,0,0,0
2684,36,Fluminense,0,0,,,0,0,0,0,0,0
2684,36,Internacional,0,0,,,0,0,0,0,0,0
2685,36,Atletico-Mg,0,0,,,0,0,0,0,0,0
2685,36,Sport,0,0,,,0,0,0,0,0,0
2686,36,Ipatinga,,0,,,0,0,0,0,0,0
2686,36,Palmeiras,0,0,,,0,0,0,0,0,0
2687,37,Coritiba,0,0,,,0,0,0,0,0,0
2687,37,Vasco,0,0,,,0,0,0,0,0,0
2688,37,Botafogo-Rj,0,0,,,0,0,0,0,0,0
2688,37,Figueirense,0,0,,,0,0,0,0,0,0
2689,37,Portuguesa,0,0,,,0,0,0,0,0,0
2689,37,Sport,0,0,,,0,0,0,0,0,0
2690,37,Athletico-Pr,0,0,,,0,0,0,0,0,0
2690,37,Nautico,,0,,,0,0,0,0,0,0
2691,37,Atletico-Mg,0,0,,,0,0,0,0,0,0
2691,37,Santos,0,0,,,0,0,0,0,0,0
2692,37,Cruzeiro,0,0,,,0,0,0,0,0,0
2692,37,Internacional,0,0,,,0,0,0,0,0,0
2693,37,Palmeiras,0,0,,,0,0,0,0,0,0
2693,37,Vitoria,0,0,,,0,0,0,0,,0
2694,37,Flamengo,0,0,,,,0,0,0,0,0
2694,37,Goias,0,0,,,0,0,0,0,0,0
2695,37,Gremio,0,0,,,0,0,0,0,0,0
2695,37,Ipatinga,0,0,,,0,0,0,0,0,0
2696,37,Fluminense,0,0,,,0,0,0,0,0,0
2696,37,Sao Paulo,0,0,,,0,0,0,0,0,0
2697,38,Nautico,0,0,,,,0,0,0,0,0
2697,38,Santos,0,0,,,0,0,0,0,0,0
2698,38,Vasco,0,0,,,,0,0,0,0,0
2698,38,Vitoria,0,0,,,0,0,0,0,0,0
2699,38,Figueirense,0,0,,,,0,0,0,0,0
2699,38,Internacional,0,0,,,0,0,0,0,0,0
2700,38,Athletico-Pr,0,0,,,0,0,0,0,0,0
2700,38,Flamengo,0,0,,,0,0,0,0,0,0
2701,38,Coritiba,,0,,,0,0,0,0,0,0
2701,38,Sport,0,0,,,0,0,0,0,0,0
2702,38,Cruzeiro,0,0,,,0,0,0,0,0,0
2702,38,Portuguesa,0,0,,,,0,0,0,0,0
2703,38,Fluminense,0,0,,,0,0,0,0,0,0
2703,38,Ipatinga,0,0,,,0,0,0,0,0,0
2704,38,Botafogo-Rj,0,0,,,0,0,0,0,0,0
2704,38,Palmeiras,0,0,,,0,0,0,0,0,0
2705,38,Atletico-Mg,0,0,,,0,0,0,0,0,0
2705,38,Gremio,0,0,,,,0,0,0,0,0
2706,38,Goias,0,0,,,0,0,0,0,0,0
2706,38,Sao Paulo,0,0,,,0,0,0,0,0,0
2707,1,Barueri,0,0,,,0,0,0,0,0,0
2707,1,Sport,,0,,,0,0,0,0,0,0
2708,1,Coritiba,0,0,,,0,0,0,0,0,0
2708,1,Palmeiras,0,0,,,0,0,0,0,0,0
2709,1,Atletico-Mg,0,0,,,0,0,0,0,0,0
2709,1,Avai,,0,,,0,0,0,0,0,0
2710,1,Corinthians,0,0,,,0,0,0,0,0,0
2710,1,Internacional,0,0,,,0,0,0,0,0,0
2711,1,Fluminense,0,0,,,0,0,0,0,0,0
2711,1,Sao Paulo,0,0,,,0,0,0,0,0,0
2712,1,Athletico-Pr,0,0,,,0,0,0,0,0,0
2712,1,Vitoria,0,0,,,0,0,0,0,0,0
2713,1,Cruzeiro,0,0,,,0,0,0,0,0,0
2713,1,Flamengo,0,0,,,0,0,0,0,0,0
2714,1,Gremio,0,0,,,0,0,0,0,0,0
2714,1,Santos,0,0,,,0,0,0,0,0,0
2715,1,Botafogo-Rj,0,0,,,0,0,0,0,0,0
2715,1,Santo Andre,0,0,,,0,0,0,0,0,0
2716,1,Goias,0,0,,,0,0,0,0,0,0
2716,1,Nautico,0,0,,,,0,0,0,0,0
2717,2,Coritiba,0,0,,,0,0,0,0,0,0
2717,2,Santo Andre,0,0,,,0,0,0,0,0,0
2718,2,Atletico-Mg,0,0,,,0,0,0,0,0,0
2718,2,Gremio,0,0,,,0,0,0,0,0,0
2719,2,Avai,0,0,,,0,0,0,0,0,0
2719,2,Flamengo,0,0,,,0,0,0,0,0,0
2720,2,Goias,0,0,,,0,0,0,0,0,0
2720,2,Santos,0,0,,,0,0,0,0,0,0
2721,2,Athletico-Pr,0,0,,,0,0,0,0,0,0
2721,2,Sao Paulo,0,0,,,0,0,0,0,0,0
2722,2,Barueri,0,0,,,0,0,0,0,0,0
2722,2,Fluminense,0,0,,,0,0,0,0,0,0
2723,2,Internacional,0,0,,,0,0,0,0,0,0
2723,2,Palmeiras,0,0,,,0,0,0,0,0,0
2724,2,Botafogo-Rj,0,0,,,0,0,0,0,0,0
2724,2,Corinthians,0,0,,,0,0,0,0,0,0
2725,2,Sport,0,0,,,0,0,0,0,0,0
2725,2,Vitoria,0,0,,,0,0,0,0,0,0
2726,2,Cruzeiro,0,0,,,0,0,0,0,0,0
2726,2,Nautico,0,0,,,0,0,0,0,0,0
2727,3,Barueri,0,0,,,0,0,0,0,0,0
2727,3,Corinthians,0,0,,,0,0,0,0,0,0
2728,3,Cruzeiro,0,0,,,0,0,0,0,0,0
2728,3,Vitoria,0,0,,,0,0,0,0,0,0
2729,3,Goias,0,0,,,0,0,0,0,0,0
2729,3,Internacional,0,0,,,0,0,0,0,0,0
2730,3,Palmeiras,0,0,,,0,0,0,0,0,0
2730,3,Sao Paulo,0,0,,,0,0,0,0,0,0
2731,3,Fluminense,,0,,,0,0,0,0,0,0
2731,3,Santos,0,0,,,0,0,0,0,0,0
2732,3,Athletico-Pr,0,0,,,0,0,0,0,0,0
2732,3,Nautico,0,0,,,0,0,0,0,0,0
2733,3,Botafogo-Rj,0,0,,,0,0,0,0,0,0
2733,3,Gremio,0,0,,,0,0,0,0,0,0
2734,3,Atletico-Mg,,0,,,0,0,0,0,0,0
2734,3,Sport,0,0,,,0,0,0,0,0,0
2735,3,Avai,0,0,,,,0,0,0,0,0
2735,3,Coritiba,0,0,,,0,0,0,0,0,0
2736,3,Flamengo,0,0,,,0,0,0,0,0,0
2736,3,Santo Andre,0,0,,,0,0,0,0,0,0
2737,4,Botafogo-Rj,0,0,,,0,0,0,0,0,0
2737,4,Sport,0,0,,,,0,0,0,0,0
2738,4,Coritiba,0,0,,,0,0,0,0,0,0
2738,4,Goias,0,0,,,0,0,0,0,0,0
2739,4,Atletico-Mg,0,0,,,0,0,0,0,0,0
2739,4,Santo Andre,0,0,,,0,0,0,0,0,0
2740,4,Cruzeiro,0,0,,,0,0,0,0,0,0
2740,4,Sao Paulo,0,0,,,0,0,0,0,0,0
2741,4,Corinthians,0,0,,,0,0,0,0,0,0
2741,4,Santos,0,0,,,0,0,0,0,0,0
2742,4,Athletico-Pr,0,0,,,0,0,0,0,0,0
2742,4,Flamengo,0,0,,,0,0,0,0,0,0
2743,4,Fluminense,0,0,,,0,0,0,0,0,0
2743,4,Nautico,0,0,,,0,0,0,0,0,0
2744,4,Gremio,0,0,,,0,0,0,0,0,0
2744,4,Vitoria,0,0,,,0,0,0,0,0,0
2745,4,Barueri,0,0,,,,0,0,0,0,0
2745,4,Palmeiras,0,0,,,0,0,0,0,0,0
2746,4,Avai,0,0,,,0,0,0,0,0,0
2746,4,Internacional,0,0,,,0,0,0,0,0,0
2747,5,Gremio,0,0,,,0,0,0,0,0,0
2747,5,Nautico,0,0,,,0,0,0,0,0,0
2748,5,Santo Andre,0,0,,,0,0,0,0,0,0
2748,5,Santos,0,0,,,0,0,0,0,0,0
2749,5,Corinthians,0,0,,,0,0,0,0,0,0
2749,5,Coritiba,0,0,,,0,0,0,0,0,0
2750,5,Palmeiras,0,0,,,,0,0,0,0,0
2750,5,Vitoria,0,0,,,0,0,0,0,0,0
2751,5,Athletico-Pr,0,0,,,0,0,0,0,0,0
2751,5,Atletico-Mg,0,0,,,,0,0,0,0,0
2752,5,Flamengo,0,0,,,0,0,0,0,0,0
2752,5,Sport,0,0,,,0,0,0,0,0,0
2753,5,Avai,0,0,,,0,0,0,0,0,0
2753,5,Sao Paulo,0,0,,,0,0,0,0,0,0
2754,5,Cruzeiro,0,0,,,,0,0,0,0,0
2754,5,Internacional,0,0,,,0,0,0,0,0,0
2755,5,Barueri,0,0,,,0,0,0,0,0,0
2755,5,Goias,0,0,,,0,0,0,0,0,0
2756,5,Botafogo-Rj,0,0,,,0,0,0,0,0,0
2756,5,Fluminense,0,0,,,0,0,0,0,0,0
2757,6,Santo Andre,0,0,,,0,0,0,0,0,0
2757,6,Sao Paulo,0,0,,,0,0,0,0,0,0
2758,6,Athletico-Pr,0,0,,,0,0,0,0,0,0
2758,6,Sport,0,0,,,0,0,0,0,0,0
2759,6,Botafogo-Rj,0,0,,,0,0,0,0,0,0
2759,6,Santos,0,0,,,0,0,0,0,0,0
2760,6,Corinthians,,0,,,0,0,0,0,0,0
2760,6,Goias,0,0,,,0,0,0,0,0,0
2761,6,Fluminense,0,0,,,0,0,0,0,0,0
2761,6,Gremio,0,0,,,0,0,0,0,0,0
2762,6,Coritiba,0,0,,,0,0,0,0,0,0
2762,6,Flamengo,,0,,,0,0,0,0,0,0
2763,6,Atletico-Mg,0,0,,,,0,0,0,0,0
2763,6,Nautico,0,0,,,0,0,0,0,0,0
2764,6,Avai,0,0,,,0,0,0,0,0,0
2764,6,Barueri,0,0,,,0,0,0,0,0,0
2765,6,Cruzeiro,0,0,,,0,0,0,0,,0
2765,6,Palmeiras,,0,,,0,0,0,0,0,0
2766,6,Internacional,0,0,,,0,0,0,0,0,0
2766,6,Vitoria,0,0,,,0,0,0,0,0,0
2767,7,Athletico-Pr,0,0,,,,0,0,0,0,0
2767,7,Palmeiras,0,0,,,,0,0,0,0,0
2768,7,Botafogo-Rj,,0,,,0,0,0,0,0,0
2768,7,Vitoria,0,0,,,0,0,0,0,0,0
2769,7,Santo Andre,0,0,,,0,0,0,0,0,0
2769,7,Sport,0,0,,,0,0,0,0,0,0
2770,7,Goias,0,0,,,0,0,0,0,,0
2770,7,Gremio,0,0,,,0,0,0,0,0,0
2771,7,Avai,0,0,,,0,0,0,0,0,0
2771,7,Fluminense,0,0,,,0,0,0,0,0,0
2772,7,Coritiba,0,0,,,0,0,0,0,0,0
2772,7,Nautico,0,0,,,0,0,0,0,0,0
2773,7,Corinthians,0,0,,,0,0,0,0,0,0
2773,7,Sao Paulo,0,0,,,0,0,0,0,0,0
2774,7,Atletico-Mg,0,0,,,0,0,0,0,0,0
2774,7,Santos,0,0,,,0,0,0,0,0,0
2775,7,Barueri,0,0,,,0,0,0,0,0,0
2775,7,Cruzeiro,0,0,,,0,0,0,0,0,0
2776,7,Flamengo,0,0,,,0,0,0,0,0,0
2776,7,Internacional,0,0,,,0,0,0,0,0,0
2777,8,Athletico-Pr,0,0,,,0,0,0,0,0,0
2777,8,Corinthians,0,0,,,0,0,0,0,0,0
2778,8,Atletico-Mg,0,0,,,0,0,0,0,0,0
2778,8,Barueri,0,0,,,0,0,0,0,0,0
2779,8,Nautico,0,0,,,0,0,0,0,0,0
2779,8,Sao Paulo,0,0,,,0,0,0,0,0,0
2780,8,Avai,0,0,,,0,0,0,0,0,0
2780,8,Cruzeiro,0,0,,,0,0,0,0,0,0
2781,8,Botafogo-Rj,,0,,,0,0,0,0,0,0
2781,8,Goias,0,0,,,,0,0,0,0,0
2782,8,Palmeiras,0,0,,,0,0,0,0,0,0
2782,8,Santos,,0,,,0,0,0,0,0,0
2783,8,Coritiba,0,0,,,0,0,0,0,0,0
2783,8,Internacional,0,0,,,0,0,0,0,0,0
2784,8,Santo Andre,0,0,,,0,0,0,0,0,0
2784,8,Vitoria,0,0,,,0,0,0,0,0,0
2785,8,Gremio,0,0,,,0,0,0,0,0,0
2785,8,Sport,0,0,,,0,0,0,0,0,0
2786,8,Flamengo,0,0,,,0,0,0,0,0,0
2786,8,Fluminense,0,0,,,0,0,0,0,0,0
2787,9,Santos,0,0,,,0,0,0,0,0,0
2787,9,Sport,0,0,,,0,0,0,0,0,0
2788,9,Barueri,0,0,,,0,0,0,0,0,0
2788,9,Santo Andre,0,0,,,0,0,0,0,0,0
2789,9,Flamengo,,0,,,0,0,0,0,0,0
2789,9,Vitoria,0,0,,,0,0,0,0,0,0
2790,9,Coritiba,0,0,,,0,0,0,0,0,0
2790,9,Sao Paulo,0,0,,,0,0,0,0,0,0
2791,9,Cruzeiro,0,0,,,0,0,0,0,0,0
2791,9,Goias,0,0,,,0,0,0,0,0,0
2792,9,Atletico-Mg,0,0,,,0,0,0,0,,0
2792,9,Botafogo-Rj,0,0,,,0,0,0,0,0,0
2793,9,Athletico-Pr,0,0,,,,0,0,0,0,0
2793,9,Gremio,0,0,,,0,0,0,0,0,0
2794,9,Avai,0,0,,,0,0,0,0,0,0
2794,9,Palmeiras,0,0,,,0,0,0,0,0,0
2795,9,Internacional,0,0,,,0,0,0,0,0,0
2795,9,Nautico,0,0,,,0,0,0,0,0,0
2796,9,Corinthians,0,0,,,0,0,0,0,0,0
2796,9,Fluminense,,0,,,0,0,0,0,0,0
2797,10,Avai,0,0,,,,0,0,0,0,0
2797,10,Botafogo-Rj,0,0,,,0,0,0,0,0,0
2798,10,Barueri,0,0,,,0,0,0,0,0,0
2798,10,Coritiba,0,0,,,0,0,0,0,0,0
2799,10,Nautico,0,0,,,0,0,0,0,0,0
2799,10,Palmeiras,0,0,,,0,0,0,0,0,0
2800,10,Atletico-Mg,0,0,,,0,0,0,0,0,0
2800,10,Cruzeiro,0,0,,,0,0,0,0,0,0
2801,10,Athletico-Pr,0,0,,,0,0,0,0,0,0
2801,10,Internacional,0,0,,,0,0,0,0,0,0
2802,10,Corinthians,0,0,,,0,0,0,0,0,0
2802,10,Gremio,0,0,,,0,0,0,0,0,0
2803,10,Flamengo,,0,,,0,0,0,0,0,0
2803,10,Sao Paulo,0,0,,,0,0,0,0,0,0
2804,10,Santos,0,0,,,0,0,0,0,0,0
2804,10,Vitoria,0,0,,,0,0,0,0,0,0
2805,10,Goias,0,0,,,0,0,0,0,0,0
2805,10,Sport,0,0,,,0,0,0,0,0,0
2806,10,Fluminense,0,0,,,0,0,0,0,0,0
2806,10,Santo Andre,0,0,,,0,0,0,0,0,0
2807,11,Avai,,0,,,0,0,0,0,0,0
2807,11,Goias,,0,,,,0,0,0,0,0
2808,11,Coritiba,0,0,,,0,0,0,0,0,0
2808,11,Gremio,0,0,,,0,0,0,0,0,0
2809,11,Barueri,0,0,,,0,0,0,0,0,0
2809,11,Santos,0,0,,,0,0,0,0,0,0
2810,11,Athletico-Pr,0,0,,,0,0,0,0,0,0
2810,11,Santo Andre,0,0,,,0,0,0,0,0,0
2811,11,Flamengo,0,0,,,0,0,0,0,0,0
2811,11,Palmeiras,0,0,,,0,0,0,0,0,0
2812,11,Fluminense,0,0,,,0,0,0,0,0,0
2812,11,Internacional,0,0,,,0,0,0,0,0,0
2813,11,Atletico-Mg,0,0,,,0,0,0,0,0,0
2813,11,Sao Paulo,0,0,,,0,0,0,0,0,0
2814,11,Corinthians,0,0,,,0,0,0,0,0,0
2814,11,Sport,0,0,,,0,0,0,0,0,0
2815,11,Nautico,0,0,,,0,0,0,0,0,0
2815,11,Vitoria,0,0,,,0,0,0,0,0,0
2816,11,Botafogo-Rj,0,0,,,0,0,0,0,0,0
2816,11,Cruzeiro,0,0,,,0,0,0,0,0,0
2817,12,Fluminense,,0,,,0,0,0,0,0,0
2817,12,Goias,0,0,,,0,0,0,0,0,0
2818,12,Palmeiras,0,0,,,0,0,0,0,0,0
2818,12,Santo Andre,0,0,,,,0,0,0,0,0
2819,12,Gremio,0,0,,,,0,0,0,0,0
2819,12,Internacional,0,0,,,0,0,0,0,0,0
2820,12,Santos,0,0,,,0,0,0,0,0,0
2820,12,Sao Paulo,0,0,,,0,0,0,0,0,0
2821,12,Athletico-Pr,0,0,,,0,0,0,0,0,0
2821,12,Coritiba,,0,,,0,0,0,0,0,0
2822,12,Atletico-Mg,0,0,,,,0,0,0,0,0
2822,12,Vitoria,0,0,,,0,0,0,0,0,0
2823,12,Corinthians,0,0,,,0,0,0,0,0,0
2823,12,Cruzeiro,0,0,,,0,0,0,0,0,0
2824,12,Barueri,0,0,,,0,0,0,0,0,0
2824,12,Nautico,0,0,,,0,0,0,0,0,0
2825,12,Avai,0,0,,,0,0,0,0,0,0
2825,12,Sport,0,0,,,0,0,0,0,0,0
2826,12,Botafogo-Rj,,0,,,0,0,0,0,0,0
2826,12,Flamengo,0,0,,,0,0,0,0,0,0
2827,13,Barueri,0,0,,,0,0,0,0,,0
2827,13,Flamengo,0,0,,,0,0,0,0,0,0
2828,13,Cruzeiro,0,0,,,,0,0,0,0,0
2828,13,Santo Andre,0,0,,,0,0,0,0,0,0
2829,13,Avai,0,0,,,0,0,0,0,0,0
2829,13,Gremio,0,0,,,,0,0,0,0,0
2830,13,Athletico-Pr,0,0,,,0,0,0,0,0,0
2830,13,Santos,0,0,,,0,0,0,0,0,0
2831,13,Goias,0,0,,,0,0,0,0,0,0
2831,13,Palmeiras,0,0,,,0,0,0,0,0,0
2832,13,Internacional,0,0,,,0,0,0,0,0,0
2832,13,Sao Paulo,,0,,,0,0,0,0,0,0
2833,13,Botafogo-Rj,0,0,,,0,0,0,0,0,0
2833,13,Nautico,,0,,,0,0,0,0,0,0
2834,13,Atletico-Mg,0,0,,,0,0,0,0,0,0
2834,13,Fluminense,0,0,,,0,0,0,0,0,0
2835,13,Coritiba,0,0,,,,0,0,0,0,0
2835,13,Sport,0,0,,,,0,0,0,0,0
2836,13,Corinthians,0,0,,,0,0,0,0,0,0
2836,13,Vitoria,,0,,,0,0,0,0,0,0
2837,14,Gremio,0,0,,,0,0,0,0,0,0
2837,14,Santo  Andre,0,0,,,0,0,0,0,0,0
2838,14,Athletico-Pr,0,0,,,0,0,0,0,0,0
2838,14,Avai,0,0,,,0,0,0,0,0,0
2839,14,Botafogo-Rj,0,0,,,0,0,0,0,0,0
2839,14,Internacional,0,0,,,0,0,0,0,0,0
2840,14,Flamengo,0,0,,,0,0,0,0,0,0
2840,14,Santos,0,0,,,0,0,0,0,0,0
2841,14,Corinthians,0,0,,,0,0,0,0,0,0
2841,14,Palmeiras,0,0,,,0,0,0,0,0,0
2842,14,Atletico-Mg,0,0,,,0,0,0,0,0,0
2842,14,Goias,,0,,,0,0,0,0,0,0
2843,14,Nautico,0,0,,,0,0,0,0,0,0
2843,14,Sport,0,0,,,0,0,0,0,0,0
2844,14,Cruzeiro,0,0,,,0,0,0,0,0,0
2844,14,Fluminense,0,0,,,0,0,0,0,0,0
2845,14,Coritiba,0,0,,,0,0,0,0,0,0
2845,14,Vitoria,0,0,,,0,0,0,0,0,0
2846,14,Barueri,0,0,,,0,0,0,0,0,0
2846,14,Sao Paulo,0,0,,,0,0,0,0,0,0
2847,15,Nautico,0,0,,,0,0,0,0,0,0
2847,15,Santos,0,0,,,0,0,0,0,0,0
2848,15,Botafogo-Rj,0,0,,,0,0,0,0,0,0
2848,15,Coritiba,,0,,,,0,0,0,0,0
2849,15,Athletico-Pr,0,0,,,0,0,0,0,,0
2849,15,Goias,0,0,,,0,0,0,0,0,0
2850,15,Barueri,0,0,,,0,0,0,0,0,0
2850,15,Internacional,0,0,,,0,0,0,0,0,0
2851,15,Cruzeiro,,0,,,0,0,0,0,0,0
2851,15,Sport,0,0,,,0,0,0,0,0,0
2852,15,Corinthians,0,0,,,0,0,0,0,0,0
2852,15,Santo Andre,,0,,,0,0,0,0,0,0
2853,15,Fluminense,0,0,,,0,0,0,0,0,0
2853,15,Palmeiras,0,0,,,0,0,0,0,0,0
2854,15,Avai,0,0,,,0,0,0,0,0,0
2854,15,Vitoria,0,0,,,0,0,0,0,0,0
2855,15,Atletico-Mg,0,0,,,0,0,0,0,0,0
2855,15,Flamengo,0,0,,,0,0,0,0,0,0
2856,15,Gremio,0,0,,,,0,0,0,0,0
2856,15,Sao Paulo,0,0,,,0,0,0,0,0,0
2857,16,Palmeiras,0,0,,,0,0,0,0,0,0
2857,16,Sport,0,0,,,,0,0,0,0,0
2858,16,Barueri,0,0,,,0,0,0,0,0,0
2858,16,Botafogo-Rj,0,0,,,0,0,0,0,0,0
2859,16,Flamengo,,0,,,0,0,0,0,0,0
2859,16,Nautico,0,0,,,0,0,0,0,0,0
2860,16,Avai,0,0,,,0,0,0,0,0,0
2860,16,Corinthians,0,0,,,0,0,0,0,0,0
2861,16,Sao Paulo,0,0,,,0,0,0,0,0,0
2861,16,Vitoria,0,0,,,0,0,0,0,0,0
2862,16,Athletico-Pr,0,0,,,0,0,0,0,0,0
2862,16,Fluminense,0,0,,,0,0,0,0,0,0
2863,16,Goias,0,0,,,0,0,0,0,0,0
2863,16,Santo Andre,0,0,,,,0,0,0,0,0
2864,16,Cruzeiro,0,0,,,,0,0,0,0,0
2864,16,Gremio,0,0,,,0,0,0,0,0,0
2865,16,Atletico-Mg,0,0,,,0,0,0,0,0,0
2865,16,Coritiba,0,0,,,0,0,0,0,0,0
2866,16,Internacional,0,0,,,0,0,0,0,0,0
2866,16,Santos,0,0,,,0,0,0,0,0,0
2867,17,Athletico-Pr,0,0,,,0,0,0,0,0,0
2867,17,Cruzeiro,0,0,,,0,0,0,0,0,0
2868,17,Avai,0,0,,,0,0,0,0,0,0
2868,17,Santo Andre,0,0,,,0,0,0,0,0,0
2869,17,Botafogo-Rj,0,0,,,0,0,0,0,0,0
2869,17,Sao Paulo,0,0,,,0,0,0,0,0,0
2870,17,Corinthians,0,0,,,0,0,0,0,0,0
2870,17,Nautico,0,0,,,0,0,0,0,0,0
2871,17,Coritiba,0,0,,,0,0,0,0,0,0
2871,17,Santos,0,0,,,0,0,0,0,0,0
2872,17,Flamengo,0,0,,,0,0,0,0,0,0
2872,17,Goias,0,0,,,0,0,0,0,0,0
2873,17,Gremio,0,0,,,0,0,0,0,0,0
2873,17,Palmeiras,0,0,,,0,0,0,0,0,0
2874,17,Fluminense,0,0,,,0,0,0,0,0,0
2874,17,Sport,0,0,,,0,0,0,0,0,0
2875,17,Barueri,0,0,,,0,0,0,0,0,0
2875,17,Vitoria,0,0,,,0,0,0,0,0,0
2876,17,Atletico-Mg,0,0,,,0,0,0,0,0,0
2876,17,Internacional,0,0,,,0,0,0,0,0,0
2877,18,Avai,0,0,,,0,0,0,0,0,0
2877,18,Santos,0,0,,,0,0,0,0,0,0
2878,18,Nautico,0,0,,,0,0,0,0,0,0
2878,18,Santo  Andre,0,0,,,0,0,0,0,0,0
2879,18,Athletico-Pr,0,0,,,0,0,0,0,0,0
2879,18,Botafogo-Rj,0,0,,,0,0,0,0,0,0
2880,18,Corinthians,,0,,,0,0,0,0,0,0
2880,18,Flamengo,0,0,,,0,0,0,0,0,0
2881,18,Fluminense,0,0,,,0,0,0,0,0,0
2881,18,Vitoria,0,0,,,0,0,0,0,0,0
2882,18,Coritiba,0,0,,,0,0,0,0,0,0
2882,18,Cruzeiro,0,0,,,0,0,0,0,0,0
2883,18,Goias,,0,,,0,0,0,0,0,0
2883,18,Sao Paulo,,0,,,0,0,0,0,0,0
2884,18,Barueri,0,0,,,0,0,0,0,0,0
2884,18,Gremio,0,0,,,0,0,0,0,0,0
2885,18,Internacional,0,0,,,0,0,0,0,0,0
2885,18,Sport,,0,,,0,0,0,0,0,0
2886,18,Atletico-Mg,0,0,,,0,0,0,0,0,0
2886,18,Palmeiras,0,0,,,0,0,0,0,0,0
2887,19,Avai,0,0,,,0,0,0,0,0,0
2887,19,Nautico,0,0,,,0,0,0,0,0,0
2888,19,Internacional,0,0,,,0,0,0,0,0,0
2888,19,Santo Andre,0,0,,,0,0,0,0,0,0
2889,19,Botafogo-Rj,0,0,,,0,0,0,0,0,0
2889,19,Palmeiras,0,0,,,0,0,0,0,0,0
2890,19,Coritiba,0,0,,,0,0,0,0,0,0
2890,19,Fluminense,0,0,,,0,0,0,0,0,0
2891,19,Flamengo,0,0,,,0,0,0,0,0,0
2891,19,Gremio,0,0,,,0,0,0,0,0,0
2892,19,Atletico-Mg,0,0,,,0,0,0,0,0,0
2892,19,Corinthians,,0,,,0,0,0,0,0,0
2893,19,Sao Paulo,0,0,,,0,0,0,0,0,0
2893,19,Sport,0,0,,,0,0,0,0,0,0
2894,19,Goias,0,0,,,0,0,0,0,0,0
2894,19,Vitoria,0,0,,,0,0,0,0,0,0
2895,19,Athletico-Pr,0,0,,,0,0,0,0,0,0
2895,19,Barueri,0,0,,,0,0,0,0,0,0
2896,19,Cruzeiro,0,0,,,0,0,0,0,0,0
2896,19,Santos,0,0,,,0,0,0,0,0,0
2897,20,Gremio,0,0,,,0,0,0,0,0,0
2897,20,Santos,0,0,,,0,0,0,0,0,0
2898,20,Athletico-Pr,,0,,,0,0,0,0,0,0
2898,20,Vitoria,0,0,,,,0,0,0,0,0
2899,20,Botafogo-Rj,0,0,,,,0,0,0,0,0
2899,20,Santo Andre,0,0,,,0,0,0,0,0,0
2900,20,Barueri,0,0,,,0,0,0,0,0,0
2900,20,Sport,0,0,,,0,0,0,0,0,0
2901,20,Fluminense,0,0,,,0,0,0,0,0,0
2901,20,Sao Paulo,0,0,,,0,0,0,0,0,0
2902,20,Coritiba,0,0,,,0,0,0,0,0,0
2902,20,Palmeiras,0,0,,,0,0,0,0,0,0
2903,20,Corinthians,0,0,,,0,0,0,0,0,0
2903,20,Internacional,,0,,,0,0,0,0,0,0
2904,20,Cruzeiro,0,0,,,0,0,0,0,0,0
2904,20,Flamengo,0,0,,,0,0,0,0,0,0
2905,20,Goias,0,0,,,0,0,0,0,0,0
2905,20,Nautico,0,0,,,0,0,0,0,0,0
2906,20,Atletico-Mg,0,0,,,0,0,0,0,0,0
2906,20,Avai,0,0,,,0,0,0,0,0,0
2907,21,Internacional,0,0,,,0,0,0,0,0,0
2907,21,Palmeiras,0,0,,,0,0,0,0,0,0
2908,21,Coritiba,0,0,,,0,0,0,0,0,0
2908,21,Santo Andre,0,0,,,0,0,0,0,0,0
2909,21,Sport,0,0,,,0,0,0,0,0,0
2909,21,Vitoria,0,0,,,0,0,0,0,,0
2910,21,Botafogo-Rj,0,0,,,0,0,0,0,0,0
2910,21,Corinthians,0,0,,,0,0,0,0,0,0
2911,21,Athletico-Pr,0,0,,,0,0,0,0,0,0
2911,21,Sao Paulo,0,0,,,0,0,0,0,0,0
2912,21,Atletico-Mg,0,0,,,0,0,0,0,0,0
2912,21,Gremio,0,0,,,0,0,0,0,0,0
2913,21,Barueri,0,0,,,0,0,0,0,0,0
2913,21,Fluminense,,0,,,0,0,0,0,0,0
2914,21,Goias,0,0,,,0,0,0,0,0,0
2914,21,Santos,0,0,,,0,0,0,0,,0
2915,21,Cruzeiro,0,0,,,0,0,0,0,0,0
2915,21,Nautico,0,0,,,,0,0,0,0,0
2916,21,Avai,0,0,,,0,0,0,0,0,0
2916,21,Flamengo,0,0,,,0,0,0,0,0,0
2917,22,Barueri,0,0,,,0,0,0,0,0,0
2917,22,Corinthians,0,0,,,0,0,0,0,0,0
2918,22,Avai,0,0,,,0,0,0,0,0,0
2918,22,Coritiba,,0,,,0,0,0,0,0,0
2919,22,Flamengo,0,0,,,0,0,0,0,0,0
2919,22,Santo Andre,,0,,,0,0,0,0,0,0
2920,22,Athletico-Pr,0,0,,,0,0,0,0,0,0
2920,22,Nautico,0,0,,,0,0,0,0,0,0
2921,22,Palmeiras,0,0,,,0,0,0,0,0,0
2921,22,Sao Paulo,0,0,,,0,0,0,0,0,0
2922,22,Fluminense,,0,,,0,0,0,0,0,0
2922,22,Santos,0,0,,,0,0,0,0,0,0
2923,22,Atletico-Mg,0,0,,,0,0,0,0,0,0
2923,22,Sport,0,0,,,0,0,0,0,0,0
2924,22,Cruzeiro,0,0,,,0,0,0,0,0,0
2924,22,Vitoria,0,0,,,0,0,0,0,0,0
2925,22,Goias,0,0,,,0,0,0,0,0,0
2925,22,Internacional,0,0,,,0,0,0,0,0,0
2926,22,Botafogo-Rj,0,0,,,0,0,0,0,0,0
2926,22,Gremio,0,0,,,0,0,0,0,0,0
2927,23,Corinthians,0,0,,,0,0,0,0,0,0
2927,23,Santos,0,0,,,0,0,0,0,0,0
2928,23,Barueri,0,0,,,0,0,0,0,0,0
2928,23,Palmeiras,0,0,,,0,0,0,0,0,0
2929,23,Gremio,0,0,,,,0,0,0,0,0
2929,23,Vitoria,0,0,,,0,0,0,0,0,0
2930,23,Botafogo-Rj,0,0,,,0,0,0,0,0,0
2930,23,Sport,0,0,,,0,0,0,0,0,0
2931,23,Athletico-Pr,0,0,,,0,0,0,0,0,0
2931,23,Flamengo,,0,,,,0,0,0,0,0
2932,23,Cruzeiro,0,0,,,0,0,0,0,0,0
2932,23,Sao Paulo,0,0,,,0,0,0,0,0,0
2933,23,Coritiba,0,0,,,,0,0,0,0,0
2933,23,Goias,0,0,,,0,0,0,0,0,0
2934,23,Avai,0,0,,,0,0,0,0,0,0
2934,23,Internacional,0,0,,,0,0,0,0,0,0
2935,23,Fluminense,0,0,,,0,0,0,0,0,0
2935,23,Nautico,0,0,,,,0,0,0,0,0
2936,23,Atletico-Mg,0,0,,,0,0,0,0,0,0
2936,23,Santo Andre,0,0,,,0,0,0,0,0,0
2937,24,Avai,0,0,,,0,0,0,0,0,0
2937,24,Sao Paulo,0,0,,,0,0,0,0,0,0
2938,24,Flamengo,0,0,,,0,0,0,0,0,0
2938,24,Sport,0,0,,,0,0,0,0,0,0
2939,24,Santo Andre,0,0,,,0,0,0,0,0,0
2939,24,Santos,0,0,,,0,0,0,0,0,0
2940,24,Athletico-Pr,0,0,,,0,0,0,0,0,0
2940,24,Atletico-Mg,0,0,,,0,0,0,0,0,0
2941,24,Palmeiras,0,0,,,0,0,0,0,0,0
2941,24,Vitoria,0,0,,,0,0,0,0,0,0
2942,24,Cruzeiro,0,0,,,0,0,0,0,0,0
2942,24,Internacional,0,0,,,0,0,0,0,0,0
2943,24,Botafogo-Rj,0,0,,,0,0,0,0,0,0
2943,24,Fluminense,0,0,,,0,0,0,0,0,0
2944,24,Gremio,0,0,,,0,0,0,0,0,0
2944,24,Nautico,0,0,,,0,0,0,0,0,0
2945,24,Barueri,0,0,,,0,0,0,0,0,0
2945,24,Goias,,0,,,0,0,0,0,0,0
2946,24,Corinthians,0,0,,,0,0,0,0,0,0
2946,24,Coritiba,0,0,,,0,0,0,0,0,0
2947,25,Athletico-Pr,0,0,,,0,0,0,0,0,0
2947,25,Sport,0,0,,,0,0,0,0,0,0
2948,25,Internacional,0,0,,,0,0,0,0,0,0
2948,25,Vitoria,0,0,,,0,0,0,0,0,0
2949,25,Atletico-Mg,0,0,,,0,0,0,0,0,0
2949,25,Nautico,0,0,,,0,0,0,0,0,0
2950,25,Fluminense,0,0,,,0,0,0,0,0,0
2950,25,Gremio,0,0,,,0,0,0,0,0,0
2951,25,Santo Andre,0,0,,,0,0,0,0,0,0
2951,25,Sao Paulo,0,0,,,0,0,0,0,0,0
2952,25,Avai,0,0,,,0,0,0,0,0,0
2952,25,Barueri,0,0,,,0,0,0,0,0,0
2953,25,Coritiba,0,0,,,0,0,0,0,0,0
2953,25,Flamengo,0,0,,,0,0,0,0,0,0
2954,25,Botafogo-Rj,0,0,,,0,0,0,0,0,0
2954,25,Santos,0,0,,,0,0,0,0,0,0
2955,25,Corinthians,0,0,,,0,0,0,0,0,0
2955,25,Goias,0,0,,,0,0,0,0,0,0
2956,25,Cruzeiro,0,0,,,0,0,0,0,0,0
2956,25,Palmeiras,,0,,,0,0,0,0,,0
2957,26,Athletico-Pr,0,0,,,0,0,0,0,0,0
2957,26,Palmeiras,0,0,,,0,0,0,0,0,0
2958,26,Barueri,0,0,,,0,0,0,0,0,0
2958,26,Cruzeiro,,0,,,0,0,0,0,0,0
2959,26,Flamengo,0,0,,,0,0,0,0,0,0
2959,26,Internacional,0,0,,,0,0,0,0,0,0
2960,26,Corinthians,0,0,,,0,0,0,0,0,0
2960,26,Sao Paulo,0,0,,,0,0,0,0,0,0
2961,26,Coritiba,,0,,,0,0,0,0,0,0
2961,26,Nautico,0,0,,,,0,0,0,0,0
2962,26,Goias,0,0,,,0,0,0,0,0,0
2962,26,Gremio,0,0,,,0,0,0,0,0,0
2963,26,Avai,0,0,,,0,0,0,0,0,0
2963,26,Fluminense,0,0,,,0,0,0,0,0,0
2964,26,Atletico-Mg,,0,,,0,0,0,0,0,0
2964,26,Santos,0,0,,,0,0,0,0,0,0
2965,26,Botafogo-Rj,0,0,,,,0,0,0,0,0
2965,26,Vitoria,0,0,,,0,0,0,0,0,0
2966,26,Santo Andre,0,0,,,0,0,0,0,0,0
2966,26,Sport,0,0,,,0,0,0,0,0,0
2967,27,Nautico,0,0,,,0,0,0,0,0,0
2967,27,Sao Paulo,0,0,,,0,0,0,0,0,0
2968,27,Santo Andre,0,0,,,0,0,0,0,0,0
2968,27,Vitoria,0,0,,,,0,0,0,0,0
2969,27,Athletico-Pr,0,0,,,0,0,0,0,0,0
2969,27,Corinthians,0,0,,,0,0,0,0,,0
2970,27,Atletico-Mg,0,0,,,0,0,0,0,0,0
2970,27,Barueri,0,0,,,0,0,0,0,0,0
2971,27,Palmeiras,0,0,,,0,0,0,0,0,0
2971,27,Santos,0,0,,,0,0,0,0,0,0
2972,27,Gremio,0,0,,,,0,0,0,0,0
2972,27,Sport,0,0,,,0,0,0,0,0,0
2973,27,Botafogo-Rj,0,0,,,0,0,0,0,0,0
2973,27,Goias,0,0,,,0,0,0,0,0,0
2974,27,Flamengo,0,0,,,0,0,0,0,0,0
2974,27,Fluminense,0,0,,,0,0,0,0,,0
2975,27,Avai,,0,,,0,0,0,0,0,0
2975,27,Cruzeiro,0,0,,,0,0,0,0,0,0
2976,27,Coritiba,0,0,,,0,0,0,0,0,0
2976,27,Internacional,0,0,,,0,0,0,0,0,0
2977,28,Santos,0,0,,,0,0,0,0,0,0
2977,28,Sport,0,0,,,0,0,0,0,0,0
2978,28,Barueri,0,0,,,0,0,0,0,0,0
2978,28,Santo Andre,0,0,,,0,0,0,0,0,0
2979,28,Athletico-Pr,0,0,,,0,0,0,0,0,0
2979,28,Gremio,0,0,,,0,0,0,0,0,0
2980,28,Coritiba,0,0,,,0,0,0,0,0,0
2980,28,Sao Paulo,0,0,,,0,0,0,0,0,0
2981,28,Flamengo,0,0,,,0,0,0,0,0,0
2981,28,Vitoria,0,0,,,,0,0,0,0,0
2982,28,Corinthians,0,0,,,0,0,0,0,0,0
2982,28,Fluminense,0,0,,,0,0,0,0,0,0
2983,28,Internacional,0,0,,,0,0,0,0,0,0
2983,28,Nautico,0,0,,,0,0,0,0,0,0
2984,28,Cruzeiro,0,0,,,0,0,0,0,0,0
2984,28,Goias,0,0,,,0,0,0,0,0,0
2985,28,Avai,0,0,,,0,0,0,0,0,0
2985,28,Palmeiras,0,0,,,0,0,0,0,0,0
2986,28,Atletico-Mg,0,0,,,0,0,0,0,0,0
2986,28,Botafogo-Rj,,0,,,0,0,0,0,0,0
2987,29,Corinthians,0,0,,,,0,0,0,0,0
2987,29,Gremio,0,0,,,0,0,0,0,0,0
2988,29,Flamengo,0,0,,,0,0,0,0,0,0
2988,29,Sao Paulo,0,0,,,0,0,0,0,0,0
2989,29,Fluminense,0,0,,,0,0,0,0,0,0
2989,29,Santo Andre,0,0,,,0,0,0,0,0,0
2990,29,Athletico-Pr,0,0,,,0,0,0,0,0,0
2990,29,Internacional,0,0,,,0,0,0,0,0,0
2991,29,Barueri,0,0,,,0,0,0,0,0,0
2991,29,Coritiba,0,0,,,0,0,0,0,,0
2992,29,Santos,0,0,,,0,0,0,0,0,0
2992,29,Vitoria,0,0,,,0,0,0,0,0,0
2993,29,Atletico-Mg,0,0,,,0,0,0,0,0,0
2993,29,Cruzeiro,0,0,,,0,0,0,0,0,0
2994,29,Goias,0,0,,,0,0,0,0,0,0
2994,29,Sport,0,0,,,0,0,0,0,0,0
2995,29,Nautico,0,0,,,0,0,0,0,0,0
2995,29,Palmeiras,0,0,,,0,0,0,0,0,0
2996,29,Avai,0,0,,,0,0,0,0,0,0
2996,29,Botafogo-Rj,0,0,,,0,0,0,0,0,0
2997,30,Barueri,0,0,,,0,0,0,0,0,0
2997,30,Santos,0,0,,,0,0,0,0,0,0
2998,30,Atletico-Mg,0,0,,,0,0,0,0,0,0
2998,30,Sao Paulo,0,0,,,0,0,0,0,0,0
2999,30,Avai,,0,,,0,0,0,0,0,0
2999,30,Goias,0,0,,,0,0,0,0,0,0
3000,30,Corinthians,0,0,,,0,0,0,0,0,0
3000,30,Sport,0,0,,,0,0,0,0,0,0
3001,30,Coritiba,0,0,,,0,0,0,0,0,0
3001,30,Gremio,,0,,,0,0,0,0,0,0
3002,30,Fluminense,0,0,,,0,0,0,0,0,0
3002,30,Internacional,0,0,,,0,0,0,0,0,0
3003,30,Flamengo,0,0,,,0,0,0,0,0,0
3003,30,Palmeiras,0,0,,,0,0,0,0,0,0
3004,30,Athletico-Pr,0,0,,,0,0,0,0,0,0
3004,30,Santo Andre,0,0,,,0,0,0,0,0,0
3005,30,Botafogo-Rj,0,0,,,0,0,0,0,0,0
3005,30,Cruzeiro,0,0,,,0,0,0,0,0,0
3006,30,Nautico,0,0,,,0,0,0,0,0,0
3006,30,Vitoria,0,0,,,0,0,0,0,0,0
3007,31,Palmeiras,0,0,,,0,0,0,0,0,0
3007,31,Santo Andre,0,0,,,0,0,0,0,0,0
3008,31,Atletico-Mg,0,0,,,0,0,0,0,0,0
3008,31,Vitoria,0,0,,,,0,0,0,0,0
3009,31,Barueri,0,0,,,0,0,0,0,0,0
3009,31,Nautico,0,0,,,,0,0,0,0,0
3010,31,Santos,0,0,,,0,0,0,0,0,0
3010,31,Sao Paulo,0,0,,,0,0,0,0,0,0
3011,31,Gremio,0,0,,,0,0,0,0,0,0
3011,31,Internacional,0,0,,,0,0,0,0,0,0
3012,31,Athletico-Pr,0,0,,,0,0,0,0,0,0
3012,31,Coritiba,0,0,,,0,0,0,0,0,0
3013,31,Fluminense,0,0,,,,0,0,0,0,0
3013,31,Goias,0,0,,,0,0,0,0,0,0
3014,31,Corinthians,0,0,,,0,0,0,0,0,0
3014,31,Cruzeiro,0,0,,,0,0,0,0,0,0
3015,31,Avai,0,0,,,0,0,0,0,0,0
3015,31,Sport,0,0,,,0,0,0,0,0,0
3016,31,Botafogo-Rj,0,0,,,,0,0,0,0,0
3016,31,Flamengo,0,0,,,0,0,0,0,0,0
3017,32,Athletico-Pr,0,0,,,0,0,0,0,0,0
3017,32,Santos,,0,,,0,0,0,0,0,0
3018,32,Botafogo-Rj,0,0,,,0,0,0,0,0,0
3018,32,Nautico,0,0,,,0,0,0,0,0,0
3019,32,Cruzeiro,0,0,,,0,0,0,0,0,0
3019,32,Santo Andre,0,0,,,0,0,0,0,0,0
3020,32,Avai,0,0,,,0,0,0,0,0,0
3020,32,Gremio,0,0,,,0,0,0,0,0,0
3021,32,Corinthians,,0,,,0,0,0,0,0,0
3021,32,Vitoria,0,0,,,0,0,0,0,0,0
3022,32,Barueri,0,0,,,0,0,0,0,0,0
3022,32,Flamengo,0,0,,,0,0,0,0,0,0
3023,32,Internacional,0,0,,,0,0,0,0,0,0
3023,32,Sao Paulo,0,0,,,0,0,0,0,0,0
3024,32,Coritiba,0,0,,,0,0,0,0,0,0
3024,32,Sport,0,0,,,0,0,0,0,0,0
3025,32,Atletico-Mg,0,0,,,0,0,0,0,0,0
3025,32,Fluminense,0,0,,,0,0,0,0,0,0
3026,32,Goias,0,0,,,0,0,0,0,0,0
3026,32,Palmeiras,0,0,,,0,0,0,0,0,0
3027,33,Flamengo,0,0,,,0,0,0,0,0,0
3027,33,Santos,0,0,,,0,0,0,0,0,0
3028,33,Athletico-Pr,0,0,,,0,0,0,0,0,0
3028,33,Avai,,0,,,0,0,0,0,0,0
3029,33,Barueri,0,0,,,0,0,0,0,0,0
3029,33,Sao Paulo,0,0,,,0,0,0,0,0,0
3030,33,Corinthians,0,0,,,0,0,0,0,0,0
3030,33,Palmeiras,0,0,,,0,0,0,0,0,0
3031,33,Botafogo-Rj,0,0,,,,0,0,0,0,0
3031,33,Internacional,0,0,,,0,0,0,0,0,0
3032,33,Coritiba,0,0,,,0,0,0,0,0,0
3032,33,Vitoria,0,0,,,,0,0,0,0,0
3033,33,Atletico-Mg,0,0,,,0,0,0,0,0,0
3033,33,Goias,0,0,,,0,0,0,0,0,0
3034,33,Cruzeiro,0,0,,,0,0,0,0,0,0
3034,33,Fluminense,0,0,,,,0,0,0,0,0
3035,33,Gremio,0,0,,,0,0,0,0,0,0
3035,33,Santo Andre,0,0,,,0,0,0,0,0,0
3036,33,Nautico,,0,,,0,0,0,0,0,0
3036,33,Sport,,0,,,0,0,0,0,0,0
3037,34,Gremio,0,0,,,0,0,0,0,0,0
3037,34,Sao Paulo,0,0,,,0,0,0,0,0,0
3038,34,Avai,0,0,,,0,0,0,0,0,0
3038,34,Vitoria,,0,,,0,0,0,0,0,0
3039,34,Cruzeiro,0,0,,,0,0,0,0,0,0
3039,34,Sport,0,0,,,0,0,0,0,0,0
3040,34,Nautico,0,0,,,0,0,0,0,0,0
3040,34,Santos,0,0,,,,0,0,0,0,0
3041,34,Fluminense,0,0,,,0,0,0,0,0,0
3041,34,Palmeiras,0,0,,,0,0,0,0,0,0
3042,34,Atletico-Mg,0,0,,,0,0,0,0,0,0
3042,34,Flamengo,0,0,,,0,0,0,0,0,0
3043,34,Corinthians,0,0,,,0,0,0,0,0,0
3043,34,Santo Andre,0,0,,,0,0,0,0,0,0
3044,34,Barueri,0,0,,,0,0,0,0,0,0
3044,34,Internacional,0,0,,,0,0,0,0,,0
3045,34,Botafogo-Rj,0,0,,,0,0,0,0,0,0
3045,34,Coritiba,0,0,,,0,0,0,0,0,0
3046,34,Athletico-Pr,0,0,,,0,0,0,0,0,0
3046,34,Goias,0,0,,,0,0,0,0,0,0
3047,35,Palmeiras,0,0,,,0,0,0,0,0,0
3047,35,Sport,0,0,,,0,0,0,0,0,0
3048,35,Cruzeiro,0,0,,,0,0,0,0,0,0
3048,35,Gremio,0,0,,,0,0,0,0,0,0
3049,35,Sao Paulo,0,0,,,0,0,0,0,0,0
3049,35,Vitoria,0,0,,,0,0,0,0,0,0
3050,35,Atletico-Mg,0,0,,,0,0,0,0,0,0
3050,35,Coritiba,0,0,,,0,0,0,0,0,0
3051,35,Flamengo,0,0,,,0,0,0,0,0,0
3051,35,Nautico,0,0,,,0,0,0,0,0,0
3052,35,Avai,0,0,,,0,0,0,0,0,0
3052,35,Corinthians,0,0,,,0,0,0,0,0,0
3053,35,Barueri,0,0,,,0,0,0,0,0,0
3053,35,Botafogo-Rj,0,0,,,0,0,0,0,0,0
3054,35,Athletico-Pr,0,0,,,0,0,0,0,0,0
3054,35,Fluminense,0,0,,,0,0,0,0,0,0
3055,35,Goias,0,0,,,0,0,0,0,0,0
3055,35,Santo Andre,0,0,,,0,0,0,0,0,0
3056,35,Internacional,0,0,,,0,0,0,0,0,0
3056,35,Santos,0,0,,,,0,0,0,0,0
3057,36,Gremio,0,0,,,,0,0,0,0,0
3057,36,Palmeiras,0,0,,,0,0,0,0,0,0
3058,36,Corinthians,0,0,,,0,0,0,0,0,0
3058,36,Nautico,0,0,,,0,0,0,0,0,0
3059,36,Athletico-Pr,0,0,,,0,0,0,0,0,0
3059,36,Cruzeiro,0,0,,,0,0,0,0,0,0
3060,36,Botafogo-Rj,0,0,,,0,0,0,0,0,0
3060,36,Sao Paulo,0,0,,,0,0,0,0,0,0
3061,36,Fluminense,0,0,,,0,0,0,0,0,0
3061,36,Sport,,0,,,0,0,0,0,0,0
3062,36,Avai,0,0,,,0,0,0,0,0,0
3062,36,Santo Andre,0,0,,,0,0,0,0,0,0
3063,36,Coritiba,0,0,,,0,0,0,0,0,0
3063,36,Santos,0,0,,,0,0,0,0,0,0
3064,36,Barueri,0,0,,,0,0,0,0,0,0
3064,36,Vitoria,0,0,,,0,0,0,0,0,0
3065,36,Atletico-Mg,0,0,,,0,0,0,0,0,0
3065,36,Internacional,0,0,,,0,0,0,0,0,0
3066,36,Flamengo,0,0,,,0,0,0,0,0,0
3066,36,Goias,0,0,,,0,0,0,0,0,0
3067,37,Goias,0,0,,,0,0,0,0,0,0
3067,37,Sao Paulo,0,0,,,0,0,0,0,0,0
3068,37,Corinthians,0,0,,,0,0,0,0,0,0
3068,37,Flamengo,0,0,,,0,0,0,0,0,0
3069,37,Atletico-Mg,0,0,,,0,0,0,0,0,0
3069,37,Palmeiras,0,0,,,0,0,0,0,0,0
3070,37,Internacional,0,0,,,0,0,0,0,0,0
3070,37,Sport,0,0,,,0,0,0,0,0,0
3071,37,Barueri,0,0,,,,0,0,0,0,0
3071,37,Gremio,0,0,,,,0,0,0,0,0
3072,37,Avai,0,0,,,,0,0,0,0,0
3072,37,Santos,0,0,,,,0,0,0,0,0
3073,37,Coritiba,0,0,,,0,0,0,0,0,0
3073,37,Cruzeiro,0,0,,,0,0,0,0,0,0
3074,37,Nautico,0,0,,,0,0,0,0,0,0
3074,37,Santo Andre,0,0,,,0,0,0,0,0,0
3075,37,Athletico-Pr,0,0,,,0,0,0,0,0,0
3075,37,Botafogo-Rj,0,0,,,0,0,0,0,0,0
3076,37,Fluminense,0,0,,,0,0,0,0,0,0
3076,37,Vitoria,0,0,,,0,0,0,0,0,0
3077,38,Atletico-Mg,0,0,,,0,0,0,0,0,0
3077,38,Corinthians,0,0,,,0,0,0,0,0,0
3078,38,Avai,0,0,,,0,0,0,0,0,0
3078,38,Nautico,0,0,,,0,0,0,0,0,0
3079,38,Flamengo,0,0,,,0,0,0,0,0,0
3079,38,Gremio,0,0,,,0,0,0,0,0,0
3080,38,Botafogo-Rj,0,0,,,0,0,0,0,0,0
3080,38,Palmeiras,0,0,,,0,0,0,0,0,0
3081,38,Sao Paulo,0,0,,,0,0,0,0,0,0
3081,38,Sport,0,0,,,0,0,0,0,0,0
3082,38,Internacional,0,0,,,0,0,0,0,0,0
3082,38,Santo Andre,0,0,,,0,0,0,0,0,0
3083,38,Cruzeiro,0,0,,,0,0,0,0,0,0
3083,38,Santos,0,0,,,0,0,0,0,0,0
3084,38,Athletico-Pr,0,0,,,0,0,0,0,0,0
3084,38,Barueri,,0,,,0,0,0,0,0,0
3085,38,Goias,0,0,,,0,0,0,0,0,0
3085,38,Vitoria,0,0,,,0,0,0,0,0,0
3086,38,Coritiba,0,0,,,,0,0,0,0,0
3086,38,Fluminense,0,0,,,0,0,0,0,0,0
3087,1,Botafogo-Rj,0,0,,,0,0,0,0,0,0
3087,1,Santos,0,0,,,0,0,0,0,0,0
3088,1,Atletico-Go,,0,,,0,0,0,0,0,0
3088,1,Gremio,0,0,,,0,0,0,0,0,0
3089,1,Palmeiras,0,0,,,0,0,0,0,0,0
3089,1,Vitoria,0,0,,,0,0,0,0,0,0
3090,1,Flamengo,0,0,,,0,0,0,0,0,0
3090,1,Sao  Paulo,0,0,,,0,0,0,0,0,0
3091,1,Atletico-Mg,,0,,,0,0,0,0,0,0
3091,1,Vasco,0,0,,,0,0,0,0,0,0
3092,1,Cruzeiro,0,0,,,,0,0,0,0,0
3092,1,Internacional,0,0,,,0,0,0,0,0,0
3093,1,Athletico-Pr,0,0,,,0,0,0,0,0,0
3093,1,Corinthians,0,0,,,0,0,0,0,0,0
3094,1,Ceara,0,0,,,0,0,0,0,0,0
3094,1,Fluminense,0,0,,,0,0,0,0,0,0
3095,1,Goias,0,0,,,0,0,0,0,0,0
3095,1,Guarani,0,0,,,0,0,0,0,0,0
3096,1,Avai,0,0,,,,0,0,0,0,0
3096,1,Gremio Prudente,,0,,,0,0,0,0,0,0
3097,2,Atletico-Go,0,0,,,0,0,0,0,0,0
3097,2,Fluminense,0,0,,,0,0,0,0,0,0
3098,2,Atletico-Mg,0,0,,,0,0,0,0,0,0
3098,2,Gremio Prudente,0,0,,,0,0,0,0,0,0
3099,2,Flamengo,0,0,,,0,0,0,0,0,0
3099,2,Vitoria,0,0,,,0,0,0,0,0,0
3100,2,Ceara,0,0,,,0,0,0,0,0,0
3100,2,Santos,0,0,,,0,0,0,0,0,0
3101,2,Botafogo-Rj,0,0,,,0,0,0,0,0,0
3101,2,Sao  Paulo,0,0,,,0,0,0,0,0,0
3102,2,Corinthians,0,0,,,0,0,0,0,0,0
3102,2,Gremio,0,0,,,0,0,0,0,0,0
3103,2,Goias,0,0,,,0,0,0,0,0,0
3103,2,Internacional,0,0,,,0,0,0,0,0,0
3104,2,Palmeiras,0,0,,,0,0,0,0,0,0
3104,2,Vasco,0,0,,,0,0,0,0,0,0
3105,2,Avai,0,0,,,0,0,0,0,0,0
3105,2,Cruzeiro,0,0,,,0,0,0,0,0,0
3106,2,Athletico-Pr,0,0,,,0,0,0,0,0,0
3106,2,Guarani,0,0,,,0,0,0,0,0,0
3107,3,Botafogo-Rj,0,0,,,0,0,0,0,0,0
3107,3,Goias,,0,,,0,0,0,0,0,0
3108,3,Atletico-Go,0,0,,,0,0,0,0,0,0
3108,3,Santos,0,0,,,0,0,0,0,0,0
3109,3,Gremio,0,0,,,0,0,0,0,0,0
3109,3,Palmeiras,,0,,,0,0,0,0,0,0
3110,3,Athletico-Pr,0,0,,,,0,0,0,0,0
3110,3,Atletico-Mg,0,0,,,0,0,0,0,0,0
3111,3,Internacional,0,0,,,0,0,0,0,0,0
3111,3,Sao Paulo,0,0,,,0,0,0,0,0,0
3112,3,Corinthians,0,0,,,0,0,0,0,0,0
3112,3,Fluminense,0,0,,,0,0,0,0,0,0
3113,3,Ceara,0,0,,,0,0,0,0,0,0
3113,3,Vitoria,0,0,,,0,0,0,0,0,0
3114,3,Cruzeiro,0,0,,,0,0,0,0,0,0
3114,3,Guarani,0,0,,,0,0,0,0,0,0
3115,3,Avai,0,0,,,0,0,0,0,0,0
3115,3,Vasco,0,0,,,,0,0,0,0,0
3116,3,Flamengo,0,0,,,0,0,0,0,0,0
3116,3,Gremio Prudente,0,0,,,0,0,0,0,0,0
3117,4,Atletico-Mg,0,0,,,0,0,0,0,0,0
3117,4,Vitoria,0,0,,,0,0,0,0,0,0
3118,4,Flamengo,0,0,,,0,0,0,0,0,0
3118,4,Fluminense,0,0,,,0,0,0,0,0,0
3119,4,Avai,0,0,,,0,0,0,0,0,0
3119,4,Gremio,0,0,,,,0,0,0,0,0
3120,4,Palmeiras,0,0,,,0,0,0,0,0,0
3120,4,Sao Paulo,0,0,,,0,0,0,0,0,0
3121,4,Corinthians,0,0,,,0,0,0,0,0,0
3121,4,Gremio Prudente,0,0,,,0,0,0,0,0,0
3122,4,Guarani,0,0,,,0,0,0,0,0,0
3122,4,Santos,0,0,,,0,0,0,0,0,0
3123,4,Botafogo-Rj,0,0,,,0,0,0,0,0,0
3123,4,Cruzeiro,0,0,,,0,0,0,0,0,0
3124,4,Ceara,0,0,,,0,0,0,0,0,0
3124,4,Goias,0,0,,,0,0,0,0,0,0
3125,4,Internacional,0,0,,,0,0,0,0,0,0
3125,4,Vasco,0,0,,,0,0,0,0,0,0
3126,4,Athletico-Pr,0,0,,,0,0,0,0,0,0
3126,4,Atletico-Go,0,0,,,,0,0,0,0,0
3127,5,Avai,0,0,,,0,0,0,0,0,0
3127,5,Vitoria,0,0,,,0,0,0,0,0,0
3128,5,Flamengo,0,0,,,0,0,0,0,0,0
3128,5,Gremio,0,0,,,0,0,0,0,0,0
3129,5,Gremio Prudente,0,0,,,0,0,0,0,0,0
3129,5,Palmeiras,0,0,,,,0,0,0,0,0
3130,5,Guarani,0,0,,,0,0,0,0,0,0
3130,5,Sao Paulo,0,0,,,0,0,0,0,0,0
3131,5,Atletico-Mg,0,0,,,0,0,0,0,0,0
3131,5,Fluminense,0,0,,,0,0,0,0,0,0
3132,5,Athletico-Pr,0,0,,,0,0,0,0,0,0
3132,5,Internacional,0,0,,,0,0,0,0,0,0
3133,5,Corinthians,0,0,,,0,0,0,0,0,0
3133,5,Santos,0,0,,,0,0,0,0,0,0
3134,5,Ceara,0,0,,,0,0,0,0,0,0
3134,5,Cruzeiro,0,0,,,0,0,0,0,0,0
3135,5,Botafogo-Rj,0,0,,,0,0,0,0,0,0
3135,5,Vasco,0,0,,,0,0,0,0,0,0
3136,5,Atletico-Go,0,0,,,0,0,0,0,0,0
3136,5,Goias,0,0,,,0,0,0,0,0,0
3137,6,Athletico-Pr,0,0,,,,0,0,0,0,0
3137,6,Botafogo-Rj,0,0,,,,0,0,0,0,0
3138,6,Fluminense,0,0,,,0,0,0,0,0,0
3138,6,Vitoria,0,0,,,0,0,0,0,0,0
3139,6,Atletico-Go,0,0,,,0,0,0,0,0,0
3139,6,Gremio Prudente,0,0,,,0,0,0,0,0,0
3140,6,Avai,0,0,,,0,0,0,0,0,0
3140,6,Ceara,0,0,,,0,0,0,0,0,0
3141,6,Cruzeiro,0,0,,,0,0,0,0,0,0
3141,6,Santos,0,0,,,0,0,0,0,0,0
3142,6,Flamengo,0,0,,,0,0,0,0,0,0
3142,6,Palmeiras,0,0,,,0,0,0,0,0,0
3143,6,Goias,0,0,,,0,0,0,0,0,0
3143,6,Sao Paulo,0,0,,,0,0,0,0,0,0
3144,6,Atletico-Mg,0,0,,,,0,0,0,0,0
3144,6,Gremio,0,0,,,0,0,0,0,0,0
3145,6,Guarani,0,0,,,0,0,0,0,0,0
3145,6,Vasco,0,0,,,0,0,0,0,0,0
3146,6,Corinthians,0,0,,,0,0,0,0,0,0
3146,6,Internacional,0,0,,,0,0,0,0,0,0
3147,7,Avai,0,0,,,0,0,0,0,0,0
3147,7,Fluminense,0,0,,,0,0,0,0,0,0
3148,7,Flamengo,0,0,,,0,0,0,0,0,0
3148,7,Goias,0,0,,,,0,0,0,0,0
3149,7,Athletico-Pr,0,0,,,,0,0,0,0,0
3149,7,Vitoria,0,0,,,0,0,0,0,0,0
3150,7,Gremio,0,0,,,0,0,0,0,0,0
3150,7,Sao Paulo,0,0,,,0,0,0,0,0,0
3151,7,Santos,,0,,,0,0,0,0,,0
3151,7,Vasco,0,0,,,0,0,0,0,0,0
3152,7,Atletico-Mg,0,0,,,0,0,0,0,0,0
3152,7,Ceara,0,0,,,0,0,0,0,0,0
3153,7,Botafogo-Rj,0,0,,,0,0,0,0,0,0
3153,7,Corinthians,0,0,,,,0,0,0,0,0
3154,7,Gremio Prudente,0,0,,,0,0,0,0,0,0
3154,7,Guarani,0,0,,,0,0,0,0,0,0
3155,7,Internacional,,0,,,0,0,0,0,0,0
3155,7,Palmeiras,0,0,,,0,0,0,0,0,0
3156,7,Atletico-Go,0,0,,,0,0,0,0,0,0
3156,7,Cruzeiro,0,0,,,,0,0,0,0,0
3157,8,Gremio,0,0,,,0,0,0,0,0,0
3157,8,Vitoria,0,0,,,0,0,0,0,0,0
3158,8,Athletico-Pr,0,0,,,0,0,0,0,0,0
3158,8,Cruzeiro,0,0,,,0,0,0,0,0,0
3159,8,Avai,,0,,,0,0,0,0,0,0
3159,8,Sao Paulo,0,0,,,0,0,0,0,0,0
3160,8,Botafogo-Rj,0,0,,,,0,0,0,0,0
3160,8,Flamengo,0,0,,,0,0,0,0,0,0
3161,8,Ceara,0,0,,,0,0,0,0,0,0
3161,8,Corinthians,0,0,,,0,0,0,0,0,0
3162,8,Goias,0,0,,,0,0,0,0,0,0
3162,8,Vasco,0,0,,,0,0,0,0,0,0
3163,8,Guarani,0,0,,,0,0,0,0,0,0
3163,8,Internacional,0,0,,,0,0,0,0,0,0
3164,8,Palmeiras,0,0,,,0,0,0,0,0,0
3164,8,Santos,,0,,,0,0,0,0,0,0
3165,8,Atletico-Go,0,0,,,0,0,0,0,0,0
3165,8,Atletico-Mg,0,0,,,0,0,0,0,0,0
3166,8,Fluminense,0,0,,,0,0,0,0,0,0
3166,8,Gremio Prudente,0,0,,,0,0,0,0,0,0
3167,9,Athletico-Pr,0,0,,,0,0,0,0,0,0
3167,9,Vasco,0,0,,,0,0,0,0,0,0
3168,9,Sao Paulo,0,0,,,0,0,0,0,0,0
3168,9,Vitoria,0,0,,,0,0,0,0,0,0
3169,9,Ceara,0,0,,,0,0,0,0,0,0
3169,9,Internacional,0,0,,,0,0,0,0,0,0
3170,9,Atletico-Go,0,0,,,,0,0,0,0,0
3170,9,Flamengo,0,0,,,0,0,0,0,0,0
3171,9,Atletico-Mg,,0,,,0,0,0,0,0,0
3171,9,Corinthians,0,0,,,0,0,0,0,0,0
3172,9,Avai,0,0,,,0,0,0,0,0,0
3172,9,Palmeiras,0,0,,,0,0,0,0,0,0
3173,9,Fluminense,0,0,,,0,0,0,0,0,0
3173,9,Santos,0,0,,,0,0,0,0,0,0
3174,9,Cruzeiro,0,0,,,,0,0,0,0,0
3174,9,Goias,,0,,,0,0,0,0,0,0
3175,9,Botafogo-Rj,0,0,,,0,0,0,0,0,0
3175,9,Guarani,0,0,,,0,0,0,0,0,0
3176,9,Gremio,0,0,,,0,0,0,0,0,0
3176,9,Gremio Prudente,,0,,,0,0,0,0,0,0
3177,10,Gremio Prudente,,0,,,0,0,0,0,0,0
3177,10,Sao Paulo,0,0,,,0,0,0,0,0,0
3178,10,Atletico-Mg,0,0,,,0,0,0,0,0,0
3178,10,Internacional,0,0,,,0,0,0,0,0,0
3179,10,Goias,0,0,,,0,0,0,0,0,0
3179,10,Vitoria,0,0,,,0,0,0,0,0,0
3180,10,Avai,0,0,,,0,0,0,0,0,0
3180,10,Flamengo,0,0,,,0,0,0,0,0,0
3181,10,Atletico-Go,0,0,,,0,0,0,0,0,0
3181,10,Corinthians,0,0,,,0,0,0,0,0,0
3182,10,Gremio,,0,,,0,0,0,0,0,0
3182,10,Vasco,0,0,,,0,0,0,0,0,0
3183,10,Athletico-Pr,0,0,,,0,0,0,0,0,0
3183,10,Santos,0,0,,,0,0,0,0,0,0
3184,10,Ceara,0,0,,,0,0,0,0,0,0
3184,10,Guarani,0,0,,,0,0,0,0,0,0
3185,10,Botafogo-Rj,,0,,,0,0,0,0,0,0
3185,10,Palmeiras,0,0,,,0,0,0,0,0,0
3186,10,Cruzeiro,0,0,,,0,0,0,0,0,0
3186,10,Fluminense,0,0,,,0,0,0,0,0,0
3187,11,Atletico-Go,0,0,,,0,0,0,0,0,0
3187,11,Vasco,0,0,,,0,0,0,0,0,0
3188,11,Atletico-Mg,0,0,,,0,0,0,0,0,0
3188,11,Avai,0,0,,,0,0,0,0,0,0
3189,11,Gremio Prudente,0,0,,,0,0,0,0,0,0
3189,11,Vitoria,0,0,,,0,0,0,0,0,0
3190,11,Santos,0,0,,,0,0,0,0,0,0
3190,11,Sao Paulo,0,0,,,0,0,0,0,0,0
3191,11,Cruzeiro,0,0,,,0,0,0,0,0,0
3191,11,Gremio,0,0,,,0,0,0,0,0,0
3192,11,Flamengo,0,0,,,0,0,0,0,0,0
3192,11,Internacional,0,0,,,0,0,0,0,0,0
3193,11,Athletico-Pr,0,0,,,0,0,0,0,0,0
3193,11,Goias,0,0,,,0,0,0,0,0,0
3194,11,Ceara,0,0,,,0,0,0,0,0,0
3194,11,Palmeiras,0,0,,,0,0,0,0,0,0
3195,11,Corinthians,0,0,,,0,0,0,0,0,0
3195,11,Guarani,0,0,,,0,0,0,0,0,0
3196,11,Botafogo-Rj,0,0,,,0,0,0,0,0,0
3196,11,Fluminense,0,0,,,0,0,0,0,0,0
3197,12,Ceara,0,0,,,0,0,0,0,0,0
3197,12,Sao Paulo,,0,,,0,0,0,0,0,0
3198,12,Athletico-Pr,0,0,,,0,0,0,0,0,0
3198,12,Fluminense,0,0,,,0,0,0,0,0,0
3199,12,Atletico-Go,0,0,,,0,0,0,0,0,0
3199,12,Guarani,0,0,,,0,0,0,0,0,0
3200,12,Corinthians,0,0,,,0,0,0,0,0,0
3200,12,Palmeiras,0,0,,,0,0,0,0,0,0
3201,12,Botafogo-Rj,0,0,,,0,0,0,0,0,0
3201,12,Vitoria,0,0,,,,0,0,0,0,0
3202,12,Gremio,0,0,,,0,0,0,0,0,0
3202,12,Internacional,0,0,,,0,0,0,0,0,0
3203,12,Avai,0,0,,,0,0,0,0,0,0
3203,12,Goias,0,0,,,0,0,0,0,0,0
3204,12,Atletico-Mg,0,0,,,0,0,0,0,0,0
3204,12,Cruzeiro,0,0,,,0,0,0,0,0,0
3205,12,Flamengo,0,0,,,0,0,0,0,0,0
3205,12,Vasco,0,0,,,0,0,0,0,0,0
3206,12,Gremio Prudente,0,0,,,0,0,0,0,0,0
3206,12,Santos,0,0,,,,0,0,0,0,0
3207,13,Atletico-Mg,0,0,,,0,0,0,0,0,0
3207,13,Botafogo-Rj,0,0,,,0,0,0,0,0,0
3208,13,Avai,0,0,,,0,0,0,0,0,0
3208,13,Guarani,0,0,,,0,0,0,0,0,0
3209,13,Corinthians,0,0,,,0,0,0,0,0,0
3209,13,Flamengo,0,0,,,0,0,0,0,0,0
3210,13,Goias,0,0,,,,0,0,0,0,0
3210,13,Palmeiras,0,0,,,,0,0,0,0,0
3211,13,Atletico-Go,,0,,,0,0,0,0,0,0
3211,13,Ceara,0,0,,,0,0,0,0,0,0
3212,13,Vasco,0,0,,,0,0,0,0,0,0
3212,13,Vitoria,0,0,,,0,0,0,0,0,0
3213,13,Cruzeiro,0,0,,,0,0,0,0,0,0
3213,13,Gremio Prudente,0,0,,,0,0,0,0,0,0
3214,13,Fluminense,0,0,,,0,0,0,0,0,0
3214,13,Gremio,0,0,,,0,0,0,0,0,0
3215,13,Athletico-Pr,0,0,,,0,0,0,0,0,0
3215,13,Sao Paulo,0,0,,,0,0,0,0,0,0
3216,13,Internacional,0,0,,,0,0,0,0,0,0
3216,13,Santos,0,0,,,0,0,0,0,0,0
3217,14,Ceara,0,0,,,,0,0,0,0,0
3217,14,Flamengo,0,0,,,0,0,0,0,0,0
3218,14,Athletico-Pr,0,0,,,0,0,0,0,0,0
3218,14,Palmeiras,0,0,,,0,0,0,0,0,0
3219,14,Atletico-Go,0,0,,,0,0,0,0,0,0
3219,14,Botafogo-Rj,0,0,,,,0,0,0,0,0
3220,14,Atletico-Mg,0,0,,,0,0,0,0,0,0
3220,14,Guarani,0,0,,,0,0,0,0,0,0
3221,14,Cruzeiro,0,0,,,0,0,0,0,0,0
3221,14,Sao Paulo,0,0,,,0,0,0,0,0,0
3222,14,Fluminense,0,0,,,0,0,0,0,0,0
3222,14,Internacional,0,0,,,0,0,0,0,0,0
3223,14,Gremio Prudente,0,0,,,,0,0,0,0,0
3223,14,Vasco,0,0,,,0,0,0,0,0,0
3224,14,Avai,0,0,,,0,0,0,0,0,0
3224,14,Corinthians,0,0,,,0,0,0,0,0,0
3225,14,Santos,0,0,,,0,0,0,0,0,0
3225,14,Vitoria,0,0,,,0,0,0,0,0,0
3226,14,Goias,0,0,,,0,0,0,0,0,0
3226,14,Gremio,0,0,,,0,0,0,0,0,0
3227,15,Goias,0,0,,,0,0,0,0,0,0
3227,15,Gremio Prudente,,0,,,0,0,0,0,0,0
3228,15,Ceara,,0,,,0,0,0,0,0,0
3228,15,Gremio,0,0,,,0,0,0,0,0,0
3229,15,Avai,0,0,,,0,0,0,0,0,0
3229,15,Botafogo-Rj,0,0,,,0,0,0,0,0,0
3230,15,Atletico-Mg,0,0,,,0,0,0,0,,0
3230,15,Santos,0,0,,,0,0,0,0,0,0
3231,15,Atletico-Go,,0,,,0,0,0,0,0,0
3231,15,Internacional,0,0,,,0,0,0,0,0,0
3232,15,Athletico-Pr,,0,,,0,0,0,0,0,0
3232,15,Flamengo,0,0,,,0,0,0,0,0,0
3233,15,Guarani,,0,,,,0,0,0,0,0
3233,15,Palmeiras,0,0,,,0,0,0,0,0,0
3234,15,Cruzeiro,0,0,,,0,0,0,0,0,0
3234,15,Vitoria,0,0,,,0,0,0,0,0,0
3235,15,Fluminense,0,0,,,0,0,0,0,0,0
3235,15,Vasco,0,0,,,0,0,0,0,0,0
3236,15,Corinthians,0,0,,,0,0,0,0,0,0
3236,15,Sao Paulo,0,0,,,0,0,0,0,0,0
3237,16,Fluminense,0,0,,,0,0,0,0,0,0
3237,16,Goias,0,0,,,,0,0,0,0,0
3238,16,Botafogo-Rj,0,0,,,0,0,0,0,0,0
3238,16,Ceara,0,0,,,0,0,0,0,0,0
3239,16,Avai,0,0,,,0,0,0,0,0,0
3239,16,Internacional,0,0,,,0,0,0,0,0,0
3240,16,Athletico-Pr,0,0,,,,0,0,0,0,0
3240,16,Gremio Prudente,0,0,,,0,0,0,0,0,0
3241,16,Sao Paulo,0,0,,,0,0,0,0,0,0
3241,16,Vasco,0,0,,,0,0,0,0,0,0
3242,16,Corinthians,,0,,,0,0,0,0,0,0
3242,16,Cruzeiro,0,0,,,0,0,0,0,0,0
3243,16,Gremio,0,0,,,0,0,0,0,0,0
3243,16,Santos,0,0,,,0,0,0,0,0,0
3244,16,Guarani,0,0,,,0,0,0,0,0,0
3244,16,Vitoria,0,0,,,0,0,0,0,0,0
3245,16,Atletico-Mg,0,0,,,0,0,0,0,0,0
3245,16,Flamengo,,0,,,0,0,0,0,0,0
3246,16,Atletico-Go,0,0,,,0,0,0,0,0,0
3246,16,Palmeiras,0,0,,,0,0,0,0,0,0
3247,17,Goias,,0,,,,0,0,0,0,0
3247,17,Santos,0,0,,,0,0,0,0,0,0
3248,17,Botafogo-Rj,,0,,,0,0,0,0,0,0
3248,17,Internacional,,0,,,0,0,0,0,0,0
3249,17,Cruzeiro,0,0,,,0,0,0,0,0,0
3249,17,Vasco,0,0,,,0,0,0,0,0,0
3250,17,Ceara,0,0,,,0,0,0,0,0,0
3250,17,Gremio Prudente,0,0,,,0,0,0,0,0,0
3251,17,Corinthians,0,0,,,0,0,0,0,0,0
3251,17,Vitoria,0,0,,,0,0,0,0,0,0
3252,17,Flamengo,0,0,,,0,0,0,0,0,0
3252,17,Guarani,0,0,,,,0,0,0,0,0
3253,17,Atletico-Mg,0,0,,,0,0,0,0,0,0
3253,17,Palmeiras,0,0,,,0,0,0,0,0,0
3254,17,Fluminense,0,0,,,0,0,0,0,0,0
3254,17,Sao Paulo,0,0,,,0,0,0,0,0,0
3255,17,Atletico-Go,0,0,,,0,0,0,0,0,0
3255,17,Avai,0,0,,,0,0,0,0,0,0
3256,17,Athletico-Pr,0,0,,,0,0,0,0,0,0
3256,17,Gremio,0,0,,,0,0,0,0,0,0
3257,18,Gremio,0,0,,,0,0,0,0,0,0
3257,18,Guarani,0,0,,,0,0,0,0,0,0
3258,18,Internacional,0,0,,,0,0,0,0,0,0
3258,18,Vitoria,0,0,,,0,0,0,0,0,0
3259,18,Botafogo-Rj,,0,,,0,0,0,0,0,0
3259,18,Gremio Prudente,0,0,,,0,0,0,0,0,0
3260,18,Atletico-Mg,0,0,,,0,0,0,0,0,0
3260,18,Goias,0,0,,,0,0,0,0,0,0
3261,18,Cruzeiro,0,0,,,0,0,0,0,,0
3261,18,Flamengo,0,0,,,0,0,0,0,0,0
3262,18,Athletico-Pr,0,0,,,0,0,0,0,0,0
3262,18,Ceara,0,0,,,0,0,0,0,0,0
3263,18,Fluminense,0,0,,,0,0,0,0,0,0
3263,18,Palmeiras,0,0,,,0,0,0,0,0,0
3264,18,Avai,0,0,,,0,0,0,0,0,0
3264,18,Santos,0,0,,,0,0,0,0,0,0
3265,18,Atletico-Go,0,0,,,0,0,0,0,0,0
3265,18,Sao Paulo,0,0,,,0,0,0,0,0,0
3266,18,Corinthians,0,0,,,0,0,0,0,0,0
3266,18,Vasco,0,0,,,0,0,0,0,0,0
3267,19,Ceara,0,0,,,0,0,0,0,0,0
3267,19,Vasco,0,0,,,0,0,0,0,0,0
3268,19,Corinthians,0,0,,,0,0,0,0,0,0
3268,19,Goias,0,0,,,0,0,0,0,0,0
3269,19,Botafogo-Rj,0,0,,,0,0,0,0,0,0
3269,19,Gremio,0,0,,,0,0,0,0,0,0
3270,19,Flamengo,0,0,,,0,0,0,0,0,0
3270,19,Santos,0,0,,,0,0,0,0,0,0
3271,19,Fluminense,0,0,,,0,0,0,0,0,0
3271,19,Guarani,0,0,,,0,0,0,0,0,0
3272,19,Cruzeiro,0,0,,,0,0,0,0,0,0
3272,19,Palmeiras,0,0,,,0,0,0,0,0,0
3273,19,Athletico-Pr,0,0,,,0,0,0,0,0,0
3273,19,Avai,0,0,,,0,0,0,0,0,0
3274,19,Atletico-Mg,,0,,,0,0,0,0,0,0
3274,19,Sao Paulo,0,0,,,0,0,0,0,0,0
3275,19,Atletico-Go,0,0,,,0,0,0,0,0,0
3275,19,Vitoria,0,0,,,0,0,0,0,0,0
3276,19,Gremio Prudente,0,0,,,0,0,0,0,0,0
3276,19,Internacional,0,0,,,0,0,0,0,0,0
3277,20,Ceara,0,0,,,0,0,0,0,0,0
3277,20,Fluminense,0,0,,,0,0,0,0,0,0
3278,20,Cruzeiro,0,0,,,,0,0,0,0,0
3278,20,Internacional,0,0,,,0,0,0,0,0,0
3279,20,Atletico-Go,0,0,,,0,0,0,0,0,0
3279,20,Gremio,0,0,,,0,0,0,0,0,0
3280,20,Goias,0,0,,,0,0,0,0,0,0
3280,20,Guarani,0,0,,,0,0,0,0,0,0
3281,20,Flamengo,0,0,,,0,0,0,0,0,0
3281,20,Sao Paulo,0,0,,,0,0,0,0,0,0
3282,20,Palmeiras,0,0,,,0,0,0,0,0,0
3282,20,Vitoria,0,0,,,0,0,0,0,0,0
3283,20,Athletico-Pr,0,0,,,0,0,0,0,0,0
3283,20,Corinthians,0,0,,,0,0,0,0,0,0
3284,20,Botafogo-Rj,0,0,,,0,0,0,0,0,0
3284,20,Santos,0,0,,,0,0,0,0,0,0
3285,20,Atletico-Mg,0,0,,,0,0,0,0,0,0
3285,20,Vasco,0,0,,,0,0,0,0,0,0
3286,20,Avai,0,0,,,0,0,0,0,0,0
3286,20,Gremio Prudente,0,0,,,0,0,0,0,0,0
3287,21,Flamengo,0,0,,,0,0,0,0,0,0
3287,21,Vitoria,0,0,,,0,0,0,0,0,0
3288,21,Corinthians,0,0,,,0,0,0,0,0,0
3288,21,Gremio,0,0,,,0,0,0,0,0,0
3289,21,Atletico-Go,0,0,,,0,0,0,0,0,0
3289,21,Fluminense,0,0,,,0,0,0,0,0,0
3290,21,Palmeiras,0,0,,,0,0,0,0,0,0
3290,21,Vasco,0,0,,,,0,0,0,0,0
3291,21,Botafogo-Rj,0,0,,,0,0,0,0,0,0
3291,21,Sao Paulo,0,0,,,0,0,0,0,0,0
3292,21,Atletico-Mg,0,0,,,0,0,0,0,0,0
3292,21,Gremio Prudente,0,0,,,0,0,0,0,0,0
3293,21,Avai,0,0,,,0,0,0,0,0,0
3293,21,Cruzeiro,,0,,,0,0,0,0,0,0
3294,21,Athletico-Pr,0,0,,,0,0,0,0,0,0
3294,21,Guarani,0,0,,,0,0,0,0,0,0
3295,21,Goias,0,0,,,,0,0,0,0,0
3295,21,Internacional,0,0,,,0,0,0,0,0,0
3296,21,Ceara,0,0,,,0,0,0,0,0,0
3296,21,Santos,,0,,,0,0,0,0,0,0
3297,22,Atletico-Go,0,0,,,0,0,0,0,0,0
3297,22,Santos,0,0,,,0,0,0,0,0,0
3298,22,Cruzeiro,0,0,,,0,0,0,0,0,0
3298,22,Guarani,0,0,,,0,0,0,0,0,0
3299,22,Botafogo-Rj,0,0,,,0,0,0,0,0,0
3299,22,Goias,0,0,,,0,0,0,0,0,0
3300,22,Athletico-Pr,0,0,,,,0,0,0,0,0
3300,22,Atletico-Mg,0,0,,,0,0,0,0,0,0
3301,22,Corinthians,,0,,,,0,0,0,0,0
3301,22,Fluminense,0,0,,,,0,0,0,0,0
3302,22,Flamengo,0,0,,,0,0,0,0,0,0
3302,22,Gremio Prudente,0,0,,,0,0,0,0,0,0
3303,22,Gremio,0,0,,,0,0,0,0,0,0
3303,22,Palmeiras,0,0,,,0,0,0,0,0,0
3304,22,Ceara,,0,,,0,0,0,0,0,0
3304,22,Vitoria,0,0,,,0,0,0,0,0,0
3305,22,Internacional,0,0,,,0,0,0,0,0,0
3305,22,Sao Paulo,0,0,,,0,0,0,0,0,0
3306,22,Avai,0,0,,,0,0,0,0,0,0
3306,22,Vasco,0,0,,,0,0,0,0,0,0
3307,23,Corinthians,0,0,,,0,0,0,0,0,0
3307,23,Gremio Prudente,0,0,,,0,0,0,0,0,0
3308,23,Botafogo-Rj,0,0,,,0,0,0,0,0,0
3308,23,Cruzeiro,0,0,,,0,0,0,0,0,0
3309,23,Athletico-Pr,0,0,,,0,0,0,0,0,0
3309,23,Atletico-Go,0,0,,,0,0,0,0,0,0
3310,23,Palmeiras,0,0,,,,0,0,0,0,0
3310,23,Sao Paulo,0,0,,,0,0,0,0,0,0
3311,23,Guarani,0,0,,,0,0,0,0,0,0
3311,23,Santos,0,0,,,0,0,0,0,0,0
3312,23,Atletico-Mg,0,0,,,0,0,0,0,0,0
3312,23,Vitoria,0,0,,,0,0,0,0,0,0
3313,23,Internacional,0,0,,,0,0,0,0,0,0
3313,23,Vasco,0,0,,,0,0,0,0,0,0
3314,23,Flamengo,0,0,,,0,0,0,0,0,0
3314,23,Fluminense,0,0,,,0,0,0,0,0,0
3315,23,Avai,0,0,,,0,0,0,0,0,0
3315,23,Gremio,0,0,,,0,0,0,0,0,0
3316,23,Ceara,0,0,,,0,0,0,0,0,0
3316,23,Goias,0,0,,,0,0,0,0,0,0
3317,24,Guarani,0,0,,,0,0,0,0,0,0
3317,24,Sao Paulo,,0,,,0,0,0,0,0,0
3318,24,Gremio Prudente,,0,,,0,0,0,0,0,0
3318,24,Palmeiras,0,0,,,0,0,0,0,0,0
3319,24,Ceara,0,0,,,0,0,0,0,0,0
3319,24,Cruzeiro,0,0,,,0,0,0,0,0,0
3320,24,Atletico-Go,0,0,,,0,0,0,0,0,0
3320,24,Goias,0,0,,,0,0,0,0,0,0
3321,24,Botafogo-Rj,0,0,,,0,0,0,0,0,0
3321,24,Vasco,0,0,,,0,0,0,0,0,0
3322,24,Athletico-Pr,0,0,,,0,0,0,0,0,0
3322,24,Internacional,0,0,,,0,0,0,0,0,0
3323,24,Flamengo,0,0,,,0,0,0,0,0,0
3323,24,Gremio,0,0,,,0,0,0,0,0,0
3324,24,Corinthians,0,0,,,0,0,0,0,0,0
3324,24,Santos,0,0,,,0,0,0,0,0,0
3325,24,Atletico-Mg,0,0,,,0,0,0,0,0,0
3325,24,Fluminense,0,0,,,0,0,0,0,0,0
3326,24,Avai,0,0,,,0,0,0,0,0,0
3326,24,Vitoria,0,0,,,0,0,0,0,0,0
3327,25,Cruzeiro,0,0,,,0,0,0,0,0,0
3327,25,Santos,0,0,,,0,0,0,0,0,0
3328,25,Goias,0,0,,,0,0,0,0,0,0
3328,25,Sao Paulo,0,0,,,0,0,0,0,0,0
3329,25,Guarani,,0,,,0,0,0,0,0,0
3329,25,Vasco,0,0,,,0,0,0,0,0,0
3330,25,Atletico-Go,0,0,,,,0,0,0,0,0
3330,25,Gremio Prudente,0,0,,,0,0,0,0,0,0
3331,25,Flamengo,0,0,,,0,0,0,0,0,0
3331,25,Palmeiras,0,0,,,0,0,0,0,0,0
3332,25,Corinthians,0,0,,,0,0,0,0,0,0
3332,25,Internacional,0,0,,,0,0,0,0,0,0
3333,25,Fluminense,0,0,,,0,0,0,0,0,0
3333,25,Vitoria,0,0,,,0,0,0,0,0,0
3334,25,Athletico-Pr,0,0,,,0,0,0,0,0,0
3334,25,Botafogo-Rj,,0,,,0,0,0,0,0,0
3335,25,Avai,0,0,,,0,0,0,0,,0
3335,25,Ceara,0,0,,,0,0,0,0,0,0
3336,25,Atletico-Mg,0,0,,,0,0,0,0,0,0
3336,25,Gremio,0,0,,,0,0,0,0,0,0
3337,26,Santos,0,0,,,0,0,0,0,0,0
3337,26,Vasco,0,0,,,0,0,0,0,0,0
3338,26,Flamengo,0,0,,,0,0,0,0,0,0
3338,26,Goias,0,0,,,0,0,0,0,0,0
3339,26,Internacional,0,0,,,0,0,0,0,0,0
3339,26,Palmeiras,0,0,,,0,0,0,0,0,0
3340,26,Gremio  Prudente,0,0,,,0,0,0,0,0,0
3340,26,Guarani,0,0,,,0,0,0,0,0,0
3341,26,Atletico-Go,0,0,,,0,0,0,0,0,0
3341,26,Cruzeiro,0,0,,,,0,0,0,0,0
3342,26,Athletico-Pr,0,0,,,0,0,0,0,0,0
3342,26,Vitoria,0,0,,,0,0,0,0,0,0
3343,26,Avai,0,0,,,0,0,0,0,0,0
3343,26,Fluminense,0,0,,,0,0,0,0,0,0
3344,26,Gremio,0,0,,,0,0,0,0,0,0
3344,26,Sao Paulo,0,0,,,0,0,0,0,0,0
3345,26,Botafogo-Rj,0,0,,,,0,0,0,0,0
3345,26,Corinthians,0,0,,,0,0,0,0,0,0
3346,26,Atletico-Mg,0,0,,,0,0,0,0,0,0
3346,26,Ceara,0,0,,,0,0,0,0,0,0
3347,27,Goias,0,0,,,0,0,0,0,0,0
3347,27,Vasco,0,0,,,0,0,0,0,0,0
3348,27,Palmeiras,0,0,,,0,0,0,0,0,0
3348,27,Santos,0,0,,,0,0,0,0,0,0
3349,27,Ceara,0,0,,,0,0,0,0,0,0
3349,27,Corinthians,0,0,,,0,0,0,0,0,0
3350,27,Fluminense,0,0,,,0,0,0,0,0,0
3350,27,Gremio Prudente,0,0,,,0,0,0,0,0,0
3351,27,Gremio,0,0,,,0,0,0,0,0,0
3351,27,Vitoria,0,0,,,0,0,0,0,0,0
3352,27,Athletico-Pr,0,0,,,0,0,0,0,0,0
3352,27,Cruzeiro,0,0,,,0,0,0,0,0,0
3353,27,Botafogo-Rj,0,0,,,0,0,0,0,0,0
3353,27,Flamengo,0,0,,,,0,0,0,0,0
3354,27,Guarani,,0,,,,0,0,0,0,0
3354,27,Internacional,0,0,,,,0,0,0,0,0
3355,27,Avai,0,0,,,0,0,0,0,0,0
3355,27,Sao Paulo,,0,,,0,0,0,0,0,0
3356,27,Atletico-Go,0,0,,,0,0,0,0,0,0
3356,27,Atletico-Mg,0,0,,,0,0,0,0,0,0
3357,28,Fluminense,0,0,,,,0,0,0,0,0
3357,28,Santos,0,0,,,0,0,0,0,0,0
3358,28,Gremio,0,0,,,0,0,0,0,0,0
3358,28,Gremio Prudente,0,0,,,0,0,0,0,0,0
3359,28,Botafogo-Rj,0,0,,,0,0,0,0,0,0
3359,28,Guarani,0,0,,,0,0,0,0,0,0
3360,28,Ceara,0,0,,,0,0,0,0,0,0
3360,28,Internacional,0,0,,,,0,0,0,0,0
3361,28,Athletico-Pr,0,0,,,0,0,0,0,0,0
3361,28,Vasco,0,0,,,0,0,0,0,0,0
3362,28,Sao Paulo,0,0,,,0,0,0,0,0,0
3362,28,Vitoria,0,0,,,0,0,0,0,0,0
3363,28,Atletico-Mg,0,0,,,0,0,0,0,0,0
3363,28,Corinthians,0,0,,,0,0,0,0,0,0
3364,28,Avai,0,0,,,,0,0,0,0,0
3364,28,Palmeiras,0,0,,,0,0,0,0,0,0
3365,28,Cruzeiro,0,0,,,0,0,0,0,0,0
3365,28,Goias,0,0,,,0,0,0,0,0,0
3366,28,Atletico-Go,0,0,,,0,0,0,0,0,0
3366,28,Flamengo,0,0,,,0,0,0,0,0,0
3367,29,Athletico-Pr,,0,,,0,0,0,0,0,0
3367,29,Santos,0,0,,,0,0,0,0,0,0
3368,29,Gremio Prudente,0,0,,,,0,0,0,0,0
3368,29,Sao Paulo,0,0,,,0,0,0,0,0,0
3369,29,Gremio,0,0,,,0,0,0,0,0,0
3369,29,Vasco,0,0,,,0,0,0,0,0,0
3370,29,Cruzeiro,0,0,,,0,0,0,0,0,0
3370,29,Fluminense,0,0,,,0,0,0,0,0,0
3371,29,Atletico-Go,,0,,,0,0,0,0,0,0
3371,29,Corinthians,0,0,,,0,0,0,0,0,0
3372,29,Botafogo-Rj,0,0,,,0,0,0,0,0,0
3372,29,Palmeiras,,0,,,0,0,0,0,0,0
3373,29,Goias,0,0,,,0,0,0,0,0,0
3373,29,Vitoria,0,0,,,0,0,0,0,0,0
3374,29,Avai,0,0,,,0,0,0,0,0,0
3374,29,Flamengo,0,0,,,0,0,0,0,0,0
3375,29,Ceara,0,0,,,0,0,0,0,0,0
3375,29,Guarani,0,0,,,0,0,0,0,0,0
3376,29,Atletico-Mg,0,0,,,0,0,0,0,0,0
3376,29,Internacional,0,0,,,0,0,0,0,0,0
3377,30,Flamengo,0,0,,,0,0,0,0,0,0
3377,30,Internacional,0,0,,,0,0,0,0,0,0
3378,30,Athletico-Pr,0,0,,,0,0,0,0,0,0
3378,30,Goias,0,0,,,0,0,0,0,,0
3379,30,Atletico-Mg,0,0,,,0,0,0,0,0,0
3379,30,Avai,0,0,,,0,0,0,0,0,0
3380,30,Corinthians,0,0,,,0,0,0,0,0,0
3380,30,Guarani,,0,,,0,0,0,0,0,0
3381,30,Cruzeiro,0,0,,,0,0,0,0,0,0
3381,30,Gremio,0,0,,,0,0,0,0,0,0
3382,30,Atletico-Go,0,0,,,0,0,0,0,0,0
3382,30,Vasco,0,0,,,0,0,0,0,0,0
3383,30,Gremio Prudente,,0,,,0,0,0,0,0,0
3383,30,Vitoria,0,0,,,0,0,0,0,0,0
3384,30,Botafogo-Rj,0,0,,,0,0,0,0,0,0
3384,30,Fluminense,0,0,,,0,0,0,0,0,0
3385,30,Santos,0,0,,,0,0,0,0,0,0
3385,30,Sao Paulo,0,0,,,0,0,0,0,0,0
3386,30,Ceara,0,0,,,0,0,0,0,0,0
3386,30,Palmeiras,0,0,,,0,0,0,0,0,0
3387,31,Botafogo-Rj,0,0,,,0,0,0,0,,0
3387,31,Vitoria,,0,,,0,0,0,0,0,0
3388,31,Atletico-Go,0,0,,,0,0,0,0,0,0
3388,31,Guarani,0,0,,,0,0,0,0,0,0
3389,31,Corinthians,0,0,,,0,0,0,0,0,0
3389,31,Palmeiras,0,0,,,0,0,0,0,0,0
3390,31,Ceara,0,0,,,,0,0,0,0,0
3390,31,Sao  Paulo,0,0,,,0,0,0,0,0,0
3391,31,Avai,0,0,,,0,0,0,0,0,0
3391,31,Goias,0,0,,,0,0,0,0,0,0
3392,31,Athletico-Pr,0,0,,,0,0,0,0,0,0
3392,31,Fluminense,0,0,,,0,0,0,0,0,0
3393,31,Flamengo,0,0,,,0,0,0,0,0,0
3393,31,Vasco,0,0,,,0,0,0,0,0,0
3394,31,Gremio Prudente,0,0,,,0,0,0,0,0,0
3394,31,Santos,0,0,,,0,0,0,0,0,0
3395,31,Atletico-Mg,0,0,,,0,0,0,0,0,0
3395,31,Cruzeiro,0,0,,,0,0,0,0,0,0
3396,31,Gremio,0,0,,,0,0,0,0,0,0
3396,31,Internacional,0,0,,,,0,0,0,0,0
3397,32,Corinthians,0,0,,,0,0,0,0,0,0
3397,32,Flamengo,0,0,,,0,0,0,0,0,0
3398,32,Fluminense,0,0,,,0,0,0,0,0,0
3398,32,Gremio,0,0,,,0,0,0,0,0,0
3399,32,Athletico-Pr,0,0,,,0,0,0,0,0,0
3399,32,Sao Paulo,0,0,,,0,0,0,0,0,0
3400,32,Atletico-Go,0,0,,,0,0,0,0,0,0
3400,32,Ceara,0,0,,,0,0,0,0,0,0
3401,32,Internacional,0,0,,,0,0,0,0,0,0
3401,32,Santos,0,0,,,0,0,0,0,0,0
3402,32,Vasco,0,0,,,0,0,0,0,0,0
3402,32,Vitoria,0,0,,,0,0,0,0,0,0
3403,32,Goias,0,0,,,0,0,0,0,0,0
3403,32,Palmeiras,0,0,,,0,0,0,0,0,0
3404,32,Cruzeiro,0,0,,,0,0,0,0,0,0
3404,32,Gremio Prudente,0,0,,,0,0,0,0,0,0
3405,32,Atletico-Mg,,0,,,,0,0,0,0,0
3405,32,Botafogo-Rj,0,0,,,0,0,0,0,0,0
3406,32,Avai,0,0,,,0,0,0,0,0,0
3406,32,Guarani,0,0,,,0,0,0,0,0,0
3407,33,Santos,0,0,,,0,0,0,0,0,0
3407,33,Vitoria,0,0,,,0,0,0,0,0,0
3408,33,Fluminense,0,0,,,0,0,0,0,0,0
3408,33,Internacional,0,0,,,0,0,0,0,0,0
3409,33,Atletico-Go,0,0,,,,0,0,0,0,0
3409,33,Botafogo-Rj,0,0,,,0,0,0,0,0,0
3410,33,Atletico-Mg,0,0,,,,0,0,0,0,0
3410,33,Guarani,0,0,,,0,0,0,0,0,0
3411,33,Goias,0,0,,,0,0,0,0,0,0
3411,33,Gremio,0,0,,,0,0,0,0,0,0
3412,33,Cruzeiro,0,0,,,0,0,0,0,0,0
3412,33,Sao Paulo,0,0,,,0,0,0,0,0,0
3413,33,Avai,0,0,,,0,0,0,0,0,0
3413,33,Corinthians,0,0,,,0,0,0,0,0,0
3414,33,Ceara,0,0,,,0,0,0,0,0,0
3414,33,Flamengo,0,0,,,0,0,0,0,0,0
3415,33,Gremio Prudente,0,0,,,0,0,0,0,0,0
3415,33,Vasco,0,0,,,0,0,0,0,0,0
3416,33,Athletico-Pr,0,0,,,,0,0,0,0,0
3416,33,Palmeiras,0,0,,,0,0,0,0,0,0
3417,34,Atletico-Mg,0,0,,,0,0,0,0,0,0
3417,34,Santos,0,0,,,,0,0,0,0,0
3418,34,Ceara,0,0,,,0,0,0,0,0,0
3418,34,Gremio,0,0,,,0,0,0,0,0,0
3419,34,Atletico-Go,0,0,,,0,0,0,0,0,0
3419,34,Internacional,0,0,,,0,0,0,0,0,0
3420,34,Corinthians,0,0,,,0,0,0,0,0,0
3420,34,Sao Paulo,0,0,,,,0,0,0,0,0
3421,34,Goias,0,0,,,0,0,0,0,0,0
3421,34,Gremio Prudente,0,0,,,0,0,0,0,0,0
3422,34,Cruzeiro,,0,,,0,0,0,0,0,0
3422,34,Vitoria,0,0,,,0,0,0,0,0,0
3423,34,Avai,0,0,,,0,0,0,0,0,0
3423,34,Botafogo-Rj,0,0,,,0,0,0,0,0,0
3424,34,Fluminense,0,0,,,0,0,0,0,0,0
3424,34,Vasco,0,0,,,0,0,0,0,0,0
3425,34,Guarani,0,0,,,0,0,0,0,0,0
3425,34,Palmeiras,0,0,,,0,0,0,0,0,0
3426,34,Athletico-Pr,0,0,,,0,0,0,0,0,0
3426,34,Flamengo,0,0,,,0,0,0,0,0,0
3427,35,Botafogo-Rj,0,0,,,0,0,0,0,0,0
3427,35,Ceara,0,0,,,0,0,0,0,0,0
3428,35,Corinthians,0,0,,,0,0,0,0,0,0
3428,35,Cruzeiro,0,0,,,0,0,0,0,0,0
3429,35,Gremio,0,0,,,0,0,0,0,0,0
3429,35,Santos,0,0,,,0,0,0,0,0,0
3430,35,Atletico-Mg,0,0,,,0,0,0,0,0,0
3430,35,Flamengo,0,0,,,0,0,0,0,0,0
3431,35,Fluminense,0,0,,,0,0,0,0,0,0
3431,35,Goias,0,0,,,0,0,0,0,0,0
3432,35,Avai,0,0,,,0,0,0,0,0,0
3432,35,Internacional,0,0,,,0,0,0,0,0,0
3433,35,Atletico-Go,0,0,,,0,0,0,0,0,0
3433,35,Palmeiras,0,0,,,0,0,0,0,0,0
3434,35,Guarani,0,0,,,0,0,0,0,0,0
3434,35,Vitoria,0,0,,,0,0,0,0,0,0
3435,35,Sao Paulo,0,0,,,0,0,0,0,0,0
3435,35,Vasco,0,0,,,0,0,0,0,0,0
3436,35,Athletico-Pr,0,0,,,0,0,0,0,0,0
3436,35,Gremio Prudente,0,0,,,0,0,0,0,0,0
3437,36,Athletico-Pr,0,0,,,0,0,0,0,0,0
3437,36,Gremio,0,0,,,0,0,0,0,0,0
3438,36,Flamengo,0,0,,,0,0,0,0,0,0
3438,36,Guarani,0,0,,,0,0,0,0,0,0
3439,36,Ceara,0,0,,,0,0,0,0,0,0
3439,36,Gremio Prudente,0,0,,,0,0,0,0,0,0
3440,36,Fluminense,0,0,,,0,0,0,0,0,0
3440,36,Sao Paulo,0,0,,,0,0,0,0,0,0
3441,36,Botafogo-Rj,0,0,,,0,0,0,0,0,0
3441,36,Internacional,0,0,,,0,0,0,0,0,0
3442,36,Atletico-Mg,0,0,,,0,0,0,0,0,0
3442,36,Palmeiras,0,0,,,0,0,0,0,0,0
3443,36,Corinthians,0,0,,,0,0,0,0,0,0
3443,36,Vitoria,0,0,,,0,0,0,0,0,0
3444,36,Cruzeiro,0,0,,,0,0,0,0,0,0
3444,36,Vasco,0,0,,,0,0,0,0,0,0
3445,36,Atletico-Go,0,0,,,0,0,0,0,0,0
3445,36,Avai,0,0,,,0,0,0,0,0,0
3446,36,Goias,0,0,,,0,0,0,0,0,0
3446,36,Santos,0,0,,,0,0,0,0,0,0
3447,37,Fluminense,0,0,,,0,0,0,0,0,0
3447,37,Palmeiras,,0,,,0,0,0,0,0,0
3448,37,Corinthians,0,0,,,0,0,0,0,0,0
3448,37,Vasco,0,0,,,0,0,0,0,0,0
3449,37,Cruzeiro,0,0,,,0,0,0,0,0,0
3449,37,Flamengo,0,0,,,,0,0,0,0,0
3450,37,Botafogo-Rj,0,0,,,0,0,0,0,0,0
3450,37,Gremio Prudente,0,0,,,0,0,0,0,0,0
3451,37,Athletico-Pr,,0,,,0,0,0,0,0,0
3451,37,Ceara,0,0,,,0,0,0,0,0,0
3452,37,Gremio,0,0,,,0,0,0,0,0,0
3452,37,Guarani,0,0,,,0,0,0,0,0,0
3453,37,Atletico-Mg,0,0,,,0,0,0,0,0,0
3453,37,Goias,0,0,,,0,0,0,0,0,0
3454,37,Internacional,0,0,,,0,0,0,0,0,0
3454,37,Vitoria,,0,,,0,0,0,0,0,0
3455,37,Atletico-Go,0,0,,,0,0,0,0,0,0
3455,37,Sao Paulo,0,0,,,0,0,0,0,0,0
3456,37,Avai,0,0,,,0,0,0,0,0,0
3456,37,Santos,0,0,,,0,0,0,0,0,0
3457,38,Gremio Prudente,,0,,,0,0,0,0,0,0
3457,38,Internacional,0,0,,,0,0,0,0,0,0
3458,38,Fluminense,0,0,,,0,0,0,0,0,0
3458,38,Guarani,0,0,,,0,0,0,0,0,0
3459,38,Cruzeiro,0,0,,,0,0,0,0,0,0
3459,38,Palmeiras,0,0,,,0,0,0,0,0,0
3460,38,Corinthians,0,0,,,0,0,0,0,0,0
3460,38,Goias,0,0,,,0,0,0,0,0,0
3461,38,Botafogo-Rj,0,0,,,0,0,0,0,0,0
3461,38,Gremio,0,0,,,0,0,0,0,0,0
3462,38,Ceara,0,0,,,0,0,0,0,0,0
3462,38,Vasco,0,0,,,0,0,0,0,0,0
3463,38,Flamengo,0,0,,,0,0,0,0,0,0
3463,38,Santos,0,0,,,0,0,0,0,0,0
3464,38,Atletico-Mg,0,0,,,0,0,0,0,0,0
3464,38,Sao Paulo,0,0,,,,0,0,0,0,0
3465,38,Athletico-Pr,0,0,,,0,0,0,0,0,0
3465,38,Avai,,0,,,0,0,0,0,0,0
3466,38,Atletico-Go,0,0,,,0,0,0,0,0,0
3466,38,Vitoria,,0,,,0,0,0,0,0,0
3467,1,Athletico-Pr,0,0,,,0,0,0,0,0,0
3467,1,Atletico-Mg,0,0,,,0,0,0,0,,0
3468,1,Avai,0,0,,,0,0,0,0,0,0
3468,1,Flamengo,0,0,,,0,0,0,0,0,0
3469,1,Ceara,0,0,,,0,0,0,0,0,0
3469,1,Vasco,0,0,,,0,0,0,0,0,0
3470,1,Internacional,0,0,,,,0,0,0,0,0
3470,1,Santos,0,0,,,0,0,0,0,0,0
3471,1,Botafogo-Rj,0,0,,,0,0,0,0,0,0
3471,1,Palmeiras,0,0,,,0,0,0,0,0,0
3472,1,Corinthians,0,0,,,0,0,0,0,0,0
3472,1,Gremio,0,0,,,0,0,0,0,0,0
3473,1,Atletico-Go,0,0,,,0,0,0,0,0,0
3473,1,Coritiba,0,0,,,0,0,0,0,0,0
3474,1,Cruzeiro,0,0,,,0,0,0,0,0,0
3474,1,Figueirense,0,0,,,0,0,0,0,0,0
3475,1,Fluminense,0,0,,,0,0,0,0,0,0
3475,1,Sao Paulo,,0,,,0,0,0,0,0,0
3476,1,America-Mg,0,0,,,,0,0,0,0,0
3476,1,Bahia,0,0,,,0,0,0,0,0,0
3477,2,Ceara,0,0,,,0,0,0,0,0,0
3477,2,Internacional,0,0,,,0,0,0,0,0,0
3478,2,Botafogo-Rj,0,0,,,0,0,0,0,0,0
3478,2,Santos,0,0,,,0,0,0,0,0,0
3479,2,Atletico-Mg,0,0,,,0,0,0,0,0,0
3479,2,Avai,0,0,,,0,0,0,0,0,0
3480,2,Figueirense,0,0,,,0,0,0,0,0,0
3480,2,Sao  Paulo,0,0,,,0,0,0,0,0,0
3481,2,Corinthians,0,0,,,0,0,0,0,0,0
3481,2,Coritiba,0,0,,,0,0,0,0,0,0
3482,2,Bahia,0,0,,,0,0,0,0,0,0
3482,2,Flamengo,0,0,,,0,0,0,0,0,0
3483,2,Athletico-Pr,0,0,,,0,0,0,0,0,0
3483,2,Gremio,0,0,,,0,0,0,0,0,0
3484,2,Cruzeiro,0,0,,,,0,0,0,0,0
3484,2,Palmeiras,0,0,,,0,0,0,0,0,0
3485,2,America-Mg,0,0,,,0,0,0,0,0,0
3485,2,Vasco,0,0,,,0,0,0,0,0,0
3486,2,Atletico-Go,0,0,,,0,0,0,0,0,0
3486,2,Fluminense,0,0,,,0,0,0,0,0,0
3487,3,Athletico-Pr,0,0,,,0,0,0,0,0,0
3487,3,Palmeiras,0,0,,,0,0,0,0,0,0
3488,3,Botafogo-Rj,0,0,,,0,0,0,0,0,0
3488,3,Ceara,0,0,,,,0,0,0,0,0
3489,3,Cruzeiro,0,0,,,0,0,0,0,0,0
3489,3,Fluminense,0,0,,,0,0,0,0,0,0
3490,3,Atletico-Go,0,0,,,0,0,0,0,0,0
3490,3,Figueirense,0,0,,,,0,0,0,0,0
3491,3,Corinthians,0,0,,,0,0,0,0,0,0
3491,3,Flamengo,0,0,,,0,0,0,0,0,0
3492,3,Bahia,0,0,,,0,0,0,0,0,0
3492,3,Gremio,0,0,,,0,0,0,0,0,0
3493,3,Coritiba,0,0,,,0,0,0,0,0,0
3493,3,Vasco,0,0,,,0,0,0,0,0,0
3494,3,America-Mg,0,0,,,,0,0,0,0,0
3494,3,Internacional,0,0,,,0,0,0,0,0,0
3495,3,Avai,0,0,,,0,0,0,0,0,0
3495,3,Santos,0,0,,,0,0,0,0,0,0
3496,3,Atletico-Mg,0,0,,,0,0,0,0,0,0
3496,3,Sao Paulo,0,0,,,0,0,0,0,0,0
3497,4,Cruzeiro,0,0,,,0,0,0,0,0,0
3497,4,Santos,0,0,,,0,0,0,0,0,0
3498,4,America-Mg,0,0,,,0,0,0,0,0,0
3498,4,Avai,0,0,,,,0,0,0,0,0
3499,4,Gremio,0,0,,,0,0,0,0,0,0
3499,4,Sao  Paulo,0,0,,,0,0,0,0,0,0
3500,4,Figueirense,0,0,,,0,0,0,0,0,0
3500,4,Vasco,0,0,,,0,0,0,0,0,0
3501,4,Internacional,0,0,,,0,0,0,0,0,0
3501,4,Palmeiras,0,0,,,0,0,0,0,0,0
3502,4,Corinthians,0,0,,,0,0,0,0,0,0
3502,4,Fluminense,0,0,,,0,0,0,0,0,0
3503,4,Atletico-Mg,0,0,,,0,0,0,0,0,0
3503,4,Bahia,0,0,,,,0,0,0,0,0
3504,4,Atletico-Go,0,0,,,0,0,0,0,0,0
3504,4,Ceara,,0,,,0,0,0,0,0,0
3505,4,Botafogo-Rj,0,0,,,0,0,0,0,0,0
3505,4,Coritiba,0,0,,,0,0,0,0,0,0
3506,4,Athletico-Pr,0,0,,,0,0,0,0,0,0
3506,4,Flamengo,0,0,,,0,0,0,0,0,0
3507,5,Bahia,0,0,,,0,0,0,0,0,0
3507,5,Fluminense,0,0,,,0,0,0,0,0,0
3508,5,America-Mg,0,0,,,0,0,0,0,0,0
3508,5,Cruzeiro,0,0,,,0,0,0,0,0,0
3509,5,Avai,,0,,,0,0,0,0,0,0
3509,5,Palmeiras,0,0,,,0,0,0,0,0,0
3510,5,Gremio,0,0,,,0,0,0,0,0,0
3510,5,Vasco,0,0,,,0,0,0,0,0,0
3511,5,Athletico-Pr,0,0,,,,0,0,0,0,0
3511,5,Figueirense,0,0,,,0,0,0,0,0,0
3512,5,Ceara,0,0,,,0,0,0,0,0,0
3512,5,Sao Paulo,0,0,,,0,0,0,0,0,0
3513,5,Botafogo-Rj,,0,,,0,0,0,0,0,0
3513,5,Flamengo,0,0,,,0,0,0,0,0,0
3514,5,Atletico-Go,0,0,,,0,0,0,0,0,0
3514,5,Atletico-Mg,0,0,,,0,0,0,0,0,0
3515,5,Coritiba,0,0,,,0,0,0,0,0,0
3515,5,Internacional,0,0,,,0,0,0,0,0,0
3516,5,Corinthians,0,0,,,0,0,0,0,0,0
3516,5,Santos,0,0,,,,0,0,0,0,0
3517,6,Atletico-Mg,0,0,,,0,0,0,0,0,0
3517,6,Flamengo,0,0,,,0,0,0,0,,0
3518,6,Athletico-Pr,0,0,,,0,0,0,0,0,0
3518,6,Bahia,,0,,,0,0,0,0,0,0
3519,6,Coritiba,0,0,,,0,0,0,0,0,0
3519,6,Cruzeiro,0,0,,,0,0,0,0,0,0
3520,6,Avai,0,0,,,0,0,0,0,0,0
3520,6,Fluminense,0,0,,,0,0,0,0,0,0
3521,6,Corinthians,0,0,,,0,0,0,0,0,0
3521,6,Sao Paulo,0,0,,,,0,0,0,0,0
3522,6,Botafogo-Rj,,0,,,0,0,0,0,0,0
3522,6,Gremio,0,0,,,,0,0,0,0,0
3523,6,Ceara,0,0,,,0,0,0,0,0,0
3523,6,Palmeiras,0,0,,,0,0,0,0,0,0
3524,6,Figueirense,0,0,,,0,0,0,0,0,0
3524,6,Internacional,0,0,,,0,0,0,0,0,0
3525,6,Atletico-Go,0,0,,,0,0,0,0,0,0
3525,6,Vasco,,0,,,0,0,0,0,0,0
3526,6,America-Mg,0,0,,,0,0,0,0,0,0
3526,6,Santos,0,0,,,0,0,0,0,0,0
3527,7,Cruzeiro,0,0,,,0,0,0,0,0,0
3527,7,Vasco,0,0,,,0,0,0,0,0,0
3528,7,Avai,0,0,,,0,0,0,0,0,0
3528,7,Gremio,0,0,,,0,0,0,0,0,0
3529,7,America-Mg,0,0,,,0,0,0,0,0,0
3529,7,Flamengo,0,0,,,0,0,0,0,0,0
3530,7,Figueirense,0,0,,,,0,0,0,0,0
3530,7,Santos,0,0,,,0,0,0,0,0,0
3531,7,Bahia,0,0,,,0,0,0,0,0,0
3531,7,Corinthians,0,0,,,0,0,0,0,0,0
3532,7,Botafogo-Rj,0,0,,,0,0,0,0,0,0
3532,7,Sao Paulo,0,0,,,0,0,0,0,0,0
3533,7,Atletico-Go,0,0,,,0,0,0,0,0,0
3533,7,Palmeiras,0,0,,,0,0,0,0,0,0
3534,7,Ceara,0,0,,,0,0,0,0,0,0
3534,7,Coritiba,0,0,,,0,0,0,0,0,0
3535,7,Athletico-Pr,0,0,,,0,0,0,0,0,0
3535,7,Fluminense,0,0,,,0,0,0,0,0,0
3536,7,Atletico-Mg,0,0,,,0,0,0,0,0,0
3536,7,Internacional,0,0,,,0,0,0,0,0,0
3537,8,Athletico-Pr,0,0,,,0,0,0,0,0,0
3537,8,Internacional,0,0,,,0,0,0,0,0,0
3538,8,Cruzeiro,0,0,,,0,0,0,0,0,0
3538,8,Gremio,0,0,,,0,0,0,0,0,0
3539,8,Avai,0,0,,,0,0,0,0,0,0
3539,8,Bahia,0,0,,,0,0,0,0,0,0
3540,8,Corinthians,0,0,,,0,0,0,0,0,0
3540,8,Vasco,0,0,,,0,0,0,0,0,0
3541,8,Atletico-Mg,0,0,,,0,0,0,0,0,0
3541,8,Ceara,0,0,,,0,0,0,0,0,0
3542,8,Flamengo,,0,,,0,0,0,0,0,0
3542,8,Sao Paulo,0,0,,,0,0,0,0,0,0
3543,8,Atletico-Go,0,0,,,0,0,0,0,0,0
3543,8,Botafogo-Rj,,0,,,0,0,0,0,0,0
3544,8,Coritiba,0,0,,,0,0,0,0,,0
3544,8,Figueirense,0,0,,,0,0,0,0,0,0
3545,8,America-Mg,0,0,,,0,0,0,0,0,0
3545,8,Palmeiras,0,0,,,0,0,0,0,0,0
3546,8,Fluminense,0,0,,,0,0,0,0,0,0
3546,8,Santos,0,0,,,0,0,0,0,0,0
3547,9,Internacional,0,0,,,0,0,0,0,0,0
3547,9,Vasco,0,0,,,0,0,0,0,0,0
3548,9,Cruzeiro,0,0,,,0,0,0,0,0,0
3548,9,Sao  Paulo,,0,,,0,0,0,0,0,0
3549,9,Athletico-Pr,0,0,,,0,0,0,0,0,0
3549,9,Avai,0,0,,,0,0,0,0,0,0
3550,9,Flamengo,0,0,,,0,0,0,0,0,0
3550,9,Fluminense,0,0,,,0,0,0,0,0,0
3551,9,Coritiba,0,0,,,0,0,0,0,0,0
3551,9,Gremio,0,0,,,0,0,0,0,0,0
3552,9,Bahia,0,0,,,0,0,0,0,0,0
3552,9,Botafogo-Rj,0,0,,,0,0,0,0,0,0
3553,9,Atletico-Go,0,0,,,0,0,0,0,0,0
3553,9,Corinthians,0,0,,,0,0,0,0,0,0
3554,9,Ceara,0,0,,,0,0,0,0,0,0
3554,9,Figueirense,0,0,,,0,0,0,0,0,0
3555,9,Palmeiras,,0,,,0,0,0,0,0,0
3555,9,Santos,0,0,,,0,0,0,0,0,0
3556,9,America-Mg,0,0,,,0,0,0,0,0,0
3556,9,Atletico-Mg,0,0,,,0,0,0,0,0,0
3557,12,Corinthians,0,0,,,,0,0,0,0,0
3557,12,Internacional,0,0,,,0,0,0,0,0,0
3558,12,Atletico-Go,0,0,,,0,0,0,0,0,0
3558,12,Cruzeiro,0,0,,,0,0,0,0,0,0
3559,12,Avai,0,0,,,0,0,0,0,0,0
3559,12,Botafogo-Rj,0,0,,,0,0,0,0,0,0
3560,12,Atletico-Mg,0,0,,,0,0,0,0,0,0
3560,12,Fluminense,0,0,,,0,0,0,0,0,0
3561,12,America-Mg,0,0,,,0,0,0,0,0,0
3561,12,Gremio,0,0,,,0,0,0,0,0,0
3562,12,Flamengo,0,0,,,0,0,0,0,0,0
3562,12,Santos,0,0,,,0,0,0,0,0,0
3563,12,Figueirense,0,0,,,0,0,0,0,0,0
3563,12,Palmeiras,0,0,,,0,0,0,0,0,0
3564,12,Coritiba,0,0,,,0,0,0,0,0,0
3564,12,Sao Paulo,0,0,,,0,0,0,0,0,0
3565,12,Bahia,0,0,,,,0,0,0,0,0
3565,12,Vasco,0,0,,,0,0,0,0,0,0
3566,12,Athletico-Pr,,0,,,,0,0,0,0,0
3566,12,Ceara,0,0,,,0,0,0,0,0,0
3567,10,Athletico-Pr,0,0,,,,0,0,0,0,0
3567,10,Vasco,0,0,,,0,0,0,0,0,0
3568,10,Coritiba,0,0,,,0,0,0,0,0,0
3568,10,Fluminense,0,0,,,,0,0,0,0,0
3569,10,Atletico-Go,0,0,,,0,0,0,0,0,0
3569,10,Avai,0,0,,,0,0,0,0,0,0
3570,10,Atletico-Mg,0,0,,,0,0,0,0,0,0
3570,10,Santos,0,0,,,0,0,0,0,0,0
3571,10,America-Mg,0,0,,,0,0,0,0,0,0
3571,10,Ceara,0,0,,,0,0,0,0,0,0
3572,10,Internacional,0,0,,,0,0,0,0,0,0
3572,10,Sao Paulo,0,0,,,0,0,0,0,0,0
3573,10,Bahia,0,0,,,0,0,0,0,0,0
3573,10,Cruzeiro,0,0,,,0,0,0,0,0,0
3574,10,Flamengo,0,0,,,0,0,0,0,0,0
3574,10,Palmeiras,0,0,,,0,0,0,0,0,0
3575,10,Figueirense,0,0,,,0,0,0,0,0,0
3575,10,Gremio,0,0,,,0,0,0,0,0,0
3576,10,Botafogo-Rj,0,0,,,0,0,0,0,0,0
3576,10,Corinthians,0,0,,,0,0,0,0,0,0
3577,11,Avai,0,0,,,0,0,0,0,0,0
3577,11,Internacional,0,0,,,0,0,0,0,0,0
3578,11,Atletico-Go,0,0,,,0,0,0,0,0,0
3578,11,Sao  Paulo,0,0,,,0,0,0,0,0,0
3579,11,Athletico-Pr,0,0,,,0,0,0,0,0,0
3579,11,Botafogo-Rj,0,0,,,0,0,0,0,0,0
3580,11,America-Mg,0,0,,,0,0,0,0,0,0
3580,11,Figueirense,0,0,,,0,0,0,0,0,0
3581,11,Ceara,0,0,,,0,0,0,0,0,0
3581,11,Flamengo,0,0,,,0,0,0,0,,0
3582,11,Corinthians,0,0,,,0,0,0,0,0,0
3582,11,Cruzeiro,0,0,,,0,0,0,0,0,0
3583,11,Bahia,0,0,,,0,0,0,0,0,0
3583,11,Coritiba,0,0,,,0,0,0,0,0,0
3584,11,Fluminense,0,0,,,0,0,0,0,0,0
3584,11,Palmeiras,0,0,,,0,0,0,0,0,0
3585,11,Atletico-Mg,0,0,,,0,0,0,0,0,0
3585,11,Vasco,0,0,,,0,0,0,0,0,0
3586,11,Gremio,0,0,,,0,0,0,0,0,0
3586,11,Santos,0,0,,,,0,0,0,0,0
3587,13,Flamengo,0,0,,,0,0,0,0,0,0
3587,13,Gremio,0,0,,,0,0,0,0,0,0
3588,13,Botafogo-Rj,0,0,,,0,0,0,0,0,0
3588,13,Cruzeiro,0,0,,,0,0,0,0,0,0
3589,13,Atletico-Mg,0,0,,,0,0,0,0,0,0
3589,13,Palmeiras,0,0,,,0,0,0,0,0,0
3590,13,Sao Paulo,0,0,,,0,0,0,0,0,0
3590,13,Vasco,0,0,,,0,0,0,0,0,0
3591,13,Ceara,0,0,,,0,0,0,0,0,0
3591,13,Fluminense,0,0,,,0,0,0,0,0,0
3592,13,Atletico-Go,0,0,,,0,0,0,0,0,0
3592,13,Internacional,0,0,,,0,0,0,0,0,0
3593,13,Avai,0,0,,,0,0,0,0,0,0
3593,13,Corinthians,0,0,,,0,0,0,0,0,0
3594,13,Athletico-Pr,0,0,,,0,0,0,0,0,0
3594,13,Santos,0,0,,,0,0,0,0,0,0
3595,13,America-Mg,0,0,,,0,0,0,0,0,0
3595,13,Coritiba,0,0,,,0,0,0,0,0,0
3596,13,Bahia,0,0,,,0,0,0,0,0,0
3596,13,Figueirense,0,0,,,0,0,0,0,0,0
3597,14,America-Mg,0,0,,,0,0,0,0,0,0
3597,14,Corinthians,0,0,,,,0,0,0,0,0
3598,14,Atletico-Mg,0,0,,,0,0,0,0,0,0
3598,14,Gremio,0,0,,,0,0,0,0,0,0
3599,14,Botafogo-Rj,0,0,,,0,0,0,0,0,0
3599,14,Figueirense,0,0,,,0,0,0,0,0,0
3600,14,Avai,,0,,,0,0,0,0,0,0
3600,14,Ceara,0,0,,,0,0,0,0,0,0
3601,14,Cruzeiro,0,0,,,0,0,0,0,0,0
3601,14,Flamengo,0,0,,,,0,0,0,0,0
3602,14,Coritiba,0,0,,,0,0,0,0,0,0
3602,14,Palmeiras,0,0,,,0,0,0,0,0,0
3603,14,Santos,0,0,,,0,0,0,0,0,0
3603,14,Vasco,0,0,,,0,0,0,0,0,0
3604,14,Bahia,0,0,,,0,0,0,0,0,0
3604,14,Sao Paulo,0,0,,,0,0,0,0,0,0
3605,14,Fluminense,,0,,,0,0,0,0,0,0
3605,14,Internacional,0,0,,,0,0,0,0,0,0
3606,14,Athletico-Pr,,0,,,0,0,0,0,0,0
3606,14,Atletico-Go,0,0,,,0,0,0,0,0,0
3607,15,Coritiba,0,0,,,,0,0,0,0,0
3607,15,Flamengo,0,0,,,,0,0,0,0,0
3608,15,Gremio,0,0,,,0,0,0,0,0,0
3608,15,Palmeiras,0,0,,,0,0,0,0,0,0
3609,15,Atletico-Mg,,0,,,0,0,0,0,0,0
3609,15,Figueirense,0,0,,,0,0,0,0,0,0
3610,15,Cruzeiro,,0,,,0,0,0,0,0,0
3610,15,Internacional,,0,,,0,0,0,0,0,0
3611,15,Ceara,0,0,,,0,0,0,0,0,0
3611,15,Santos,0,0,,,0,0,0,0,0,0
3612,15,Athletico-Pr,0,0,,,0,0,0,0,0,0
3612,15,Corinthians,0,0,,,0,0,0,0,0,0
3613,15,America-Mg,0,0,,,0,0,0,0,0,0
3613,15,Fluminense,0,0,,,0,0,0,0,0,0
3614,15,Atletico-Go,0,0,,,0,0,0,0,0,0
3614,15,Bahia,0,0,,,0,0,0,0,0,0
3615,15,Avai,0,0,,,0,0,0,0,0,0
3615,15,Sao Paulo,0,0,,,0,0,0,0,0,0
3616,15,Botafogo-Rj,0,0,,,0,0,0,0,0,0
3616,15,Vasco,0,0,,,0,0,0,0,0,0
3617,16,Athletico-Pr,0,0,,,0,0,0,0,0,0
3617,16,Sao Paulo,,0,,,0,0,0,0,0,0
3618,16,Atletico-Go,0,0,,,0,0,0,0,0,0
3618,16,Santos,,0,,,0,0,0,0,0,0
3619,16,Avai,0,0,,,0,0,0,0,0,0
3619,16,Cruzeiro,0,0,,,0,0,0,0,0,0
3620,16,America-Mg,0,0,,,0,0,0,0,0,0
3620,16,Botafogo-Rj,0,0,,,,0,0,0,0,0
3621,16,Ceara,0,0,,,0,0,0,0,0,0
3621,16,Corinthians,0,0,,,0,0,0,0,0,0
3622,16,Palmeiras,0,0,,,0,0,0,0,0,0
3622,16,Vasco,0,0,,,0,0,0,0,0,0
3623,16,Atletico-Mg,,0,,,0,0,0,0,0,0
3623,16,Coritiba,0,0,,,0,0,0,0,0,0
3624,16,Figueirense,0,0,,,0,0,0,0,0,0
3624,16,Flamengo,0,0,,,0,0,0,0,0,0
3625,16,Fluminense,0,0,,,0,0,0,0,0,0
3625,16,Gremio,0,0,,,0,0,0,0,0,0
3626,16,Bahia,0,0,,,0,0,0,0,0,0
3626,16,Internacional,,0,,,0,0,0,0,0,0
3627,17,Athletico-Pr,0,0,,,0,0,0,0,0,0
3627,17,Cruzeiro,0,0,,,0,0,0,0,0,0
3628,17,Avai,0,0,,,0,0,0,0,0,0
3628,17,Vasco,0,0,,,0,0,0,0,0,0
3629,17,Figueirense,0,0,,,0,0,0,0,0,0
3629,17,Fluminense,0,0,,,0,0,0,0,0,0
3630,17,Ceara,0,0,,,0,0,0,0,0,0
3630,17,Gremio,0,0,,,0,0,0,0,0,0
3631,17,Botafogo-Rj,0,0,,,,0,0,0,0,0
3631,17,Internacional,0,0,,,0,0,0,0,0,0
3632,17,Coritiba,0,0,,,0,0,0,0,0,0
3632,17,Santos,0,0,,,0,0,0,0,0,0
3633,17,Atletico-Mg,0,0,,,0,0,0,0,0,0
3633,17,Corinthians,0,0,,,0,0,0,0,0,0
3634,17,Atletico-Go,0,0,,,0,0,0,0,0,0
3634,17,Flamengo,0,0,,,0,0,0,0,0,0
3635,17,Bahia,0,0,,,0,0,0,0,0,0
3635,17,Palmeiras,0,0,,,0,0,0,0,0,0
3636,17,America-Mg,0,0,,,0,0,0,0,0,0
3636,17,Sao Paulo,0,0,,,0,0,0,0,0,0
3637,18,Ceara,0,0,,,0,0,0,0,0,0
3637,18,Cruzeiro,0,0,,,0,0,0,0,0,0
3638,18,Atletico-Mg,0,0,,,0,0,0,0,0,0
3638,18,Botafogo-Rj,0,0,,,0,0,0,0,0,0
3639,18,Corinthians,0,0,,,0,0,0,0,0,0
3639,18,Figueirense,0,0,,,0,0,0,0,0,0
3640,18,Palmeiras,0,0,,,0,0,0,0,0,0
3640,18,Sao Paulo,0,0,,,0,0,0,0,0,0
3641,18,Flamengo,0,0,,,0,0,0,0,0,0
3641,18,Internacional,0,0,,,0,0,0,0,0,0
3642,18,Avai,0,0,,,0,0,0,0,0,0
3642,18,Coritiba,0,0,,,0,0,0,0,0,0
3643,18,Atletico-Go,0,0,,,0,0,0,0,0,0
3643,18,Gremio,0,0,,,0,0,0,0,0,0
3644,18,America-Mg,0,0,,,0,0,0,0,0,0
3644,18,Athletico-Pr,0,0,,,0,0,0,0,0,0
3645,18,Bahia,0,0,,,0,0,0,0,0,0
3645,18,Santos,0,0,,,0,0,0,0,0,0
3646,18,Fluminense,0,0,,,0,0,0,0,0,0
3646,18,Vasco,0,0,,,0,0,0,0,0,0
3647,19,Athletico-Pr,0,0,,,0,0,0,0,0,0
3647,19,Coritiba,0,0,,,0,0,0,0,0,0
3648,19,America-Mg,0,0,,,0,0,0,0,0,0
3648,19,Atletico-Go,0,0,,,0,0,0,0,0,0
3649,19,Botafogo-Rj,0,0,,,0,0,0,0,0,0
3649,19,Fluminense,,0,,,0,0,0,0,0,0
3650,19,Flamengo,0,0,,,,0,0,0,0,0
3650,19,Vasco,0,0,,,0,0,0,0,0,0
3651,19,Corinthians,0,0,,,0,0,0,0,,0
3651,19,Palmeiras,0,0,,,0,0,0,0,0,0
3652,19,Santos,0,0,,,0,0,0,0,0,0
3652,19,Sao Paulo,0,0,,,0,0,0,0,0,0
3653,19,Gremio,0,0,,,0,0,0,0,0,0
3653,19,Internacional,0,0,,,0,0,0,0,0,0
3654,19,Bahia,0,0,,,0,0,0,0,0,0
3654,19,Ceara,0,0,,,,0,0,0,0,0
3655,19,Avai,0,0,,,0,0,0,0,0,0
3655,19,Figueirense,0,0,,,0,0,0,0,0,0
3656,19,Atletico-Mg,0,0,,,0,0,0,0,0,0
3656,19,Cruzeiro,0,0,,,0,0,0,0,0,0
3657,20,Corinthians,,0,,,0,0,0,0,0,0
3657,20,Gremio,0,0,,,0,0,0,0,0,0
3658,20,Ceara,0,0,,,0,0,0,0,0,0
3658,20,Vasco,0,0,,,0,0,0,0,0,0
3659,20,Atletico-Go,0,0,,,0,0,0,0,0,0
3659,20,Coritiba,0,0,,,,0,0,0,0,0
3660,20,Athletico-Pr,0,0,,,0,0,0,0,0,0
3660,20,Atletico-Mg,0,0,,,0,0,0,0,0,0
3661,20,Cruzeiro,0,0,,,0,0,0,0,0,0
3661,20,Figueirense,0,0,,,0,0,0,0,0,0
3662,20,Fluminense,,0,,,0,0,0,0,0,0
3662,20,Sao Paulo,0,0,,,0,0,0,0,0,0
3663,20,Botafogo-Rj,0,0,,,0,0,0,0,0,0
3663,20,Palmeiras,0,0,,,0,0,0,0,0,0
3664,20,Internacional,0,0,,,0,0,0,0,0,0
3664,20,Santos,0,0,,,0,0,0,0,0,0
3665,20,Avai,0,0,,,0,0,0,0,0,0
3665,20,Flamengo,0,0,,,0,0,0,0,0,0
3666,20,America-Mg,0,0,,,0,0,0,0,0,0
3666,20,Bahia,0,0,,,0,0,0,0,0,0
3667,21,Figueirense,0,0,,,,0,0,0,0,0
3667,21,Sao Paulo,0,0,,,0,0,0,0,0,0
3668,21,Atletico-Mg,,0,,,,0,0,0,0,0
3668,21,Avai,0,0,,,0,0,0,0,0,0
3669,21,Atletico-Go,0,0,,,0,0,0,0,0,0
3669,21,Fluminense,,0,,,,0,0,0,0,0
3670,21,Bahia,0,0,,,0,0,0,0,0,0
3670,21,Flamengo,0,0,,,0,0,0,0,0,0
3671,21,Cruzeiro,0,0,,,,0,0,0,0,0
3671,21,Palmeiras,0,0,,,0,0,0,0,0,0
3672,21,Corinthians,0,0,,,0,0,0,0,0,0
3672,21,Coritiba,0,0,,,0,0,0,0,0,0
3673,21,Athletico-Pr,0,0,,,0,0,0,0,0,0
3673,21,Gremio,0,0,,,0,0,0,0,0,0
3674,21,America-Mg,,0,,,0,0,0,0,0,0
3674,21,Vasco,0,0,,,0,0,0,0,0,0
3675,21,Ceara,0,0,,,0,0,0,0,0,0
3675,21,Internacional,0,0,,,0,0,0,0,0,0
3676,21,Botafogo-Rj,0,0,,,0,0,0,0,0,0
3676,21,Santos,0,0,,,0,0,0,0,0,0
3677,22,Botafogo-Rj,0,0,,,0,0,0,0,0,0
3677,22,Ceara,0,0,,,0,0,0,0,0,0
3678,22,America-Mg,0,0,,,0,0,0,0,0,0
3678,22,Internacional,0,0,,,0,0,0,0,0,0
3679,22,Avai,0,0,,,0,0,0,0,0,0
3679,22,Santos,0,0,,,0,0,0,0,0,0
3680,22,Atletico-Mg,0,0,,,0,0,0,0,0,0
3680,22,Sao Paulo,0,0,,,,0,0,0,0,0
3681,22,Atletico-Go,0,0,,,0,0,0,0,0,0
3681,22,Figueirense,0,0,,,0,0,0,0,0,0
3682,22,Athletico-Pr,0,0,,,0,0,0,0,0,0
3682,22,Palmeiras,0,0,,,0,0,0,0,0,0
3683,22,Cruzeiro,0,0,,,0,0,0,0,0,0
3683,22,Fluminense,0,0,,,0,0,0,0,0,0
3684,22,Bahia,0,0,,,0,0,0,0,0,0
3684,22,Gremio,0,0,,,0,0,0,0,,0
3685,22,Coritiba,0,0,,,0,0,0,0,0,0
3685,22,Vasco,0,0,,,0,0,0,0,0,0
3686,22,Corinthians,0,0,,,,0,0,0,0,0
3686,22,Flamengo,0,0,,,,0,0,0,0,0
3687,23,Cruzeiro,0,0,,,0,0,0,0,0,0
3687,23,Santos,0,0,,,0,0,0,0,0,0
3688,23,America-Mg,0,0,,,0,0,0,0,0,0
3688,23,Avai,0,0,,,0,0,0,0,0,0
3689,23,Internacional,,0,,,0,0,0,0,0,0
3689,23,Palmeiras,0,0,,,0,0,0,0,0,0
3690,23,Figueirense,0,0,,,0,0,0,0,0,0
3690,23,Vasco,0,0,,,0,0,0,0,0,0
3691,23,Corinthians,0,0,,,0,0,0,0,0,0
3691,23,Fluminense,0,0,,,0,0,0,0,0,0
3692,23,Atletico-Go,0,0,,,0,0,0,0,0,0
3692,23,Ceara,,0,,,0,0,0,0,0,0
3693,23,Botafogo-Rj,0,0,,,0,0,0,0,0,0
3693,23,Coritiba,0,0,,,0,0,0,0,0,0
3694,23,Athletico-Pr,0,0,,,0,0,0,0,0,0
3694,23,Flamengo,0,0,,,0,0,0,0,0,0
3695,23,Gremio,0,0,,,0,0,0,0,0,0
3695,23,Sao Paulo,0,0,,,0,0,0,0,0,0
3696,23,Atletico-Mg,0,0,,,0,0,0,0,0,0
3696,23,Bahia,0,0,,,0,0,0,0,0,0
3697,24,Atletico-Go,0,0,,,,0,0,0,0,0
3697,24,Atletico-Mg,0,0,,,0,0,0,0,0,0
3698,24,Gremio,0,0,,,0,0,0,0,0,0
3698,24,Vasco,0,0,,,0,0,0,0,0,0
3699,24,Ceara,,0,,,0,0,0,0,0,0
3699,24,Sao Paulo,,0,,,0,0,0,0,0,0
3700,24,Botafogo-Rj,0,0,,,0,0,0,0,0,0
3700,24,Flamengo,0,0,,,0,0,0,0,0,0
3701,24,Corinthians,0,0,,,0,0,0,0,0,0
3701,24,Santos,0,0,,,0,0,0,0,0,0
3702,24,Avai,0,0,,,0,0,0,0,0,0
3702,24,Palmeiras,0,0,,,0,0,0,0,0,0
3703,24,Bahia,0,0,,,0,0,0,0,0,0
3703,24,Fluminense,0,0,,,0,0,0,0,0,0
3704,24,Athletico-Pr,0,0,,,0,0,0,0,0,0
3704,24,Figueirense,0,0,,,0,0,0,0,0,0
3705,24,Coritiba,0,0,,,0,0,0,0,0,0
3705,24,Internacional,0,0,,,0,0,0,0,0,0
3706,24,America-Mg,0,0,,,0,0,0,0,0,0
3706,24,Cruzeiro,0,0,,,0,0,0,0,0,0
3707,25,America-Mg,,0,,,0,0,0,0,0,0
3707,25,Santos,0,0,,,0,0,0,0,0,0
3708,25,Coritiba,0,0,,,0,0,0,0,0,0
3708,25,Cruzeiro,0,0,,,0,0,0,0,0,0
3709,25,Athletico-Pr,0,0,,,0,0,0,0,0,0
3709,25,Bahia,0,0,,,0,0,0,0,0,0
3710,25,Avai,0,0,,,0,0,0,0,0,0
3710,25,Fluminense,0,0,,,0,0,0,0,0,0
3711,25,Corinthians,0,0,,,0,0,0,0,0,0
3711,25,Sao Paulo,0,0,,,,0,0,0,0,0
3712,25,Atletico-Mg,0,0,,,0,0,0,0,0,0
3712,25,Flamengo,0,0,,,0,0,0,0,0,0
3713,25,Figueirense,0,0,,,0,0,0,0,0,0
3713,25,Internacional,0,0,,,0,0,0,0,0,0
3714,25,Ceara,0,0,,,0,0,0,0,0,0
3714,25,Palmeiras,0,0,,,0,0,0,0,0,0
3715,25,Botafogo-Rj,0,0,,,0,0,0,0,0,0
3715,25,Gremio,0,0,,,0,0,0,0,0,0
3716,25,Atletico-Go,0,0,,,0,0,0,0,0,0
3716,25,Vasco,0,0,,,0,0,0,0,0,0
3717,26,Athletico-Pr,,0,,,0,0,0,0,0,0
3717,26,Fluminense,0,0,,,0,0,0,0,0,0
3718,26,Figueirense,0,0,,,0,0,0,0,0,0
3718,26,Santos,0,0,,,0,0,0,0,0,0
3719,26,America-Mg,0,0,,,0,0,0,0,0,0
3719,26,Flamengo,0,0,,,0,0,0,0,0,0
3720,26,Botafogo-Rj,0,0,,,,0,0,0,0,0
3720,26,Sao Paulo,0,0,,,0,0,0,0,,0
3721,26,Atletico-Mg,,0,,,0,0,0,0,0,0
3721,26,Internacional,0,0,,,0,0,0,0,0,0
3722,26,Bahia,0,0,,,0,0,0,0,0,0
3722,26,Corinthians,0,0,,,0,0,0,0,0,0
3723,26,Avai,0,0,,,0,0,0,0,0,0
3723,26,Gremio,0,0,,,,0,0,0,0,0
3724,26,Cruzeiro,0,0,,,0,0,0,0,0,0
3724,26,Vasco,0,0,,,,0,0,0,0,0
3725,26,Ceara,0,0,,,0,0,0,0,0,0
3725,26,Coritiba,0,0,,,0,0,0,0,0,0
3726,26,Atletico-Go,0,0,,,0,0,0,0,0,0
3726,26,Palmeiras,0,0,,,0,0,0,0,0,0
3727,27,America-Mg,0,0,,,0,0,0,0,0,0
3727,27,Palmeiras,0,0,,,0,0,0,0,0,0
3728,27,Avai,0,0,,,0,0,0,0,0,0
3728,27,Bahia,0,0,,,0,0,0,0,0,0
3729,27,Fluminense,0,0,,,,0,0,0,0,0
3729,27,Santos,0,0,,,0,0,0,0,0,0
3730,27,Flamengo,0,0,,,,0,0,0,0,0
3730,27,Sao Paulo,0,0,,,0,0,0,0,0,0
3731,27,Corinthians,,0,,,0,0,0,0,0,0
3731,27,Vasco,0,0,,,0,0,0,0,0,0
3732,27,Atletico-Mg,0,0,,,0,0,0,0,0,0
3732,27,Ceara,0,0,,,0,0,0,0,0,0
3733,27,Coritiba,0,0,,,0,0,0,0,0,0
3733,27,Figueirense,0,0,,,,0,0,0,0,0
3734,27,Athletico-Pr,0,0,,,0,0,0,0,0,0
3734,27,Internacional,0,0,,,0,0,0,0,0,0
3735,27,Cruzeiro,0,0,,,0,0,0,0,,0
3735,27,Gremio,0,0,,,0,0,0,0,0,0
3736,27,Atletico-Go,0,0,,,0,0,0,0,0,0
3736,27,Botafogo-Rj,0,0,,,0,0,0,0,0,0
3737,28,Cruzeiro,0,0,,,0,0,0,0,0,0
3737,28,Sao Paulo,0,0,,,0,0,0,0,0,0
3738,28,Coritiba,0,0,,,,0,0,0,0,0
3738,28,Gremio,0,0,,,0,0,0,0,0,0
3739,28,Bahia,0,0,,,0,0,0,0,0,0
3739,28,Botafogo-Rj,0,0,,,0,0,0,0,0,0
3740,28,America-Mg,0,0,,,0,0,0,0,0,0
3740,28,Atletico-Mg,0,0,,,0,0,0,0,0,0
3741,28,Palmeiras,0,0,,,0,0,0,0,0,0
3741,28,Santos,0,0,,,,0,0,0,0,0
3742,28,Internacional,0,0,,,0,0,0,0,0,0
3742,28,Vasco,0,0,,,0,0,0,0,0,0
3743,28,Flamengo,0,0,,,0,0,0,0,0,0
3743,28,Fluminense,0,0,,,0,0,0,0,0,0
3744,28,Atletico-Go,0,0,,,0,0,0,0,0,0
3744,28,Corinthians,0,0,,,0,0,0,0,0,0
3745,28,Ceara,,0,,,0,0,0,0,0,0
3745,28,Figueirense,0,0,,,0,0,0,0,0,0
3746,28,Athletico-Pr,,0,,,0,0,0,0,0,0
3746,28,Avai,0,0,,,0,0,0,0,0,0
3747,29,America-Mg,,0,,,0,0,0,0,0,0
3747,29,Ceara,0,0,,,0,0,0,0,0,0
3748,29,Atletico-Go,0,0,,,0,0,0,0,0,0
3748,29,Avai,0,0,,,0,0,0,0,0,0
3749,29,Figueirense,0,0,,,0,0,0,0,0,0
3749,29,Gremio,0,0,,,,0,0,0,0,0
3750,29,Internacional,0,0,,,0,0,0,0,0,0
3750,29,Sao Paulo,0,0,,,0,0,0,0,0,0
3751,29,Bahia,,0,,,0,0,0,0,0,0
3751,29,Cruzeiro,0,0,,,0,0,0,0,0,0
3752,29,Botafogo-Rj,0,0,,,0,0,0,0,0,0
3752,29,Corinthians,0,0,,,0,0,0,0,0,0
3753,29,Flamengo,0,0,,,0,0,0,0,0,0
3753,29,Palmeiras,0,0,,,0,0,0,0,0,0
3754,29,Atletico-Mg,,0,,,0,0,0,0,0,0
3754,29,Santos,0,0,,,0,0,0,0,0,0
3755,29,Coritiba,0,0,,,0,0,0,0,0,0
3755,29,Fluminense,,0,,,,0,0,0,0,0
3756,29,Athletico-Pr,0,0,,,0,0,0,0,0,0
3756,29,Vasco,,0,,,0,0,0,0,0,0
3757,30,Ceara,0,0,,,0,0,0,0,0,0
3757,30,Flamengo,0,0,,,0,0,0,0,0,0
3758,30,America-Mg,0,0,,,0,0,0,0,0,0
3758,30,Figueirense,0,0,,,0,0,0,0,0,0
3759,30,Athletico-Pr,0,0,,,0,0,0,0,0,0
3759,30,Botafogo-Rj,0,0,,,0,0,0,0,0,0
3760,30,Gremio,0,0,,,0,0,0,0,0,0
3760,30,Santos,0,0,,,0,0,0,0,0,0
3761,30,Corinthians,0,0,,,0,0,0,0,0,0
3761,30,Cruzeiro,0,0,,,0,0,0,0,0,0
3762,30,Avai,,0,,,0,0,0,0,0,0
3762,30,Internacional,0,0,,,0,0,0,0,0,0
3763,30,Fluminense,0,0,,,0,0,0,0,0,0
3763,30,Palmeiras,0,0,,,0,0,0,0,0,0
3764,30,Atletico-Go,0,0,,,0,0,0,0,0,0
3764,30,Sao Paulo,0,0,,,0,0,0,0,0,0
3765,30,Bahia,0,0,,,0,0,0,0,0,0
3765,30,Coritiba,0,0,,,0,0,0,0,0,0
3766,30,Atletico-Mg,0,0,,,0,0,0,0,0,0
3766,30,Vasco,0,0,,,0,0,0,0,0,0
3767,31,Figueirense,0,0,,,0,0,0,0,0,0
3767,31,Palmeiras,0,0,,,0,0,0,0,0,0
3768,31,Atletico-Mg,0,0,,,0,0,0,0,0,0
3768,31,Fluminense,0,0,,,,0,0,0,0,0
3769,31,America-Mg,0,0,,,0,0,0,0,0,0
3769,31,Gremio,0,0,,,0,0,0,0,0,0
3770,31,Avai,0,0,,,0,0,0,0,0,0
3770,31,Botafogo-Rj,0,0,,,0,0,0,0,0,0
3771,31,Corinthians,0,0,,,0,0,0,0,0,0
3771,31,Internacional,0,0,,,,0,0,0,0,0
3772,31,Coritiba,0,0,,,0,0,0,0,0,0
3772,31,Sao Paulo,0,0,,,0,0,0,0,0,0
3773,31,Bahia,,0,,,0,0,0,0,0,0
3773,31,Vasco,0,0,,,0,0,0,0,0,0
3774,31,Athletico-Pr,0,0,,,,0,0,0,0,0
3774,31,Ceara,,0,,,0,0,0,0,0,0
3775,31,Atletico-Go,0,0,,,0,0,0,0,0,0
3775,31,Cruzeiro,0,0,,,0,0,0,0,0,0
3776,31,Flamengo,0,0,,,0,0,0,0,0,0
3776,31,Santos,0,0,,,0,0,0,0,0,0
3777,32,Athletico-Pr,0,0,,,0,0,0,0,0,0
3777,32,Santos,0,0,,,0,0,0,0,0,0
3778,32,Ceara,0,0,,,,0,0,0,0,0
3778,32,Fluminense,0,0,,,0,0,0,0,0,0
3779,32,Botafogo-Rj,0,0,,,0,0,0,0,0,0
3779,32,Cruzeiro,0,0,,,0,0,0,0,0,0
3780,32,Sao Paulo,0,0,,,0,0,0,0,0,0
3780,32,Vasco,,0,,,0,0,0,0,0,0
3781,32,Flamengo,0,0,,,0,0,0,0,0,0
3781,32,Gremio,0,0,,,0,0,0,0,0,0
3782,32,Avai,0,0,,,0,0,0,0,0,0
3782,32,Corinthians,0,0,,,0,0,0,0,0,0
3783,32,Bahia,0,0,,,,0,0,0,0,0
3783,32,Figueirense,0,0,,,0,0,0,0,0,0
3784,32,Atletico-Go,0,0,,,0,0,0,0,0,0
3784,32,Internacional,0,0,,,0,0,0,0,0,0
3785,32,America-Mg,0,0,,,0,0,0,0,0,0
3785,32,Coritiba,0,0,,,0,0,0,0,0,0
3786,32,Atletico-Mg,0,0,,,0,0,0,0,0,0
3786,32,Palmeiras,0,0,,,0,0,0,0,0,0
3787,33,Bahia,0,0,,,0,0,0,0,0,0
3787,33,Sao Paulo,0,0,,,0,0,0,0,0,0
3788,33,Botafogo-Rj,0,0,,,0,0,0,0,0,0
3788,33,Figueirense,0,0,,,0,0,0,0,0,0
3789,33,Atletico-Mg,0,0,,,0,0,0,0,0,0
3789,33,Gremio,0,0,,,0,0,0,0,0,0
3790,33,Santos,0,0,,,0,0,0,0,0,0
3790,33,Vasco,0,0,,,0,0,0,0,0,0
3791,33,America-Mg,0,0,,,0,0,0,0,0,0
3791,33,Corinthians,0,0,,,0,0,0,0,0,0
3792,33,Cruzeiro,0,0,,,0,0,0,0,0,0
3792,33,Flamengo,0,0,,,0,0,0,0,0,0
3793,33,Avai,0,0,,,0,0,0,0,0,0
3793,33,Ceara,0,0,,,0,0,0,0,,0
3794,33,Athletico-Pr,0,0,,,0,0,0,0,0,0
3794,33,Atletico-Go,0,0,,,0,0,0,0,0,0
3795,33,Fluminense,0,0,,,0,0,0,0,0,0
3795,33,Internacional,0,0,,,0,0,0,0,0,0
3796,33,Coritiba,0,0,,,0,0,0,0,0,0
3796,33,Palmeiras,0,0,,,,0,0,0,0,0
3797,34,America-Mg,0,0,,,0,0,0,0,0,0
3797,34,Fluminense,0,0,,,0,0,0,0,0,0
3798,34,Atletico-Mg,,0,,,0,0,0,0,0,0
3798,34,Figueirense,0,0,,,0,0,0,0,0,0
3799,34,Avai,0,0,,,0,0,0,0,0,0
3799,34,Sao Paulo,0,0,,,0,0,0,0,0,0
3800,34,Coritiba,0,0,,,0,0,0,0,0,0
3800,34,Flamengo,0,0,,,0,0,0,0,0,0
3801,34,Ceara,,0,,,0,0,0,0,,0
3801,34,Santos,0,0,,,0,0,0,0,0,0
3802,34,Gremio,0,0,,,0,0,0,0,0,0
3802,34,Palmeiras,0,0,,,0,0,0,0,0,0
3803,34,Athletico-Pr,0,0,,,0,0,0,0,0,0
3803,34,Corinthians,,0,,,0,0,0,0,0,0
3804,34,Botafogo-Rj,0,0,,,0,0,0,0,0,0
3804,34,Vasco,0,0,,,0,0,0,0,0,0
3805,34,Atletico-Go,,0,,,0,0,0,0,0,0
3805,34,Bahia,0,0,,,0,0,0,0,0,0
3806,34,Cruzeiro,0,0,,,0,0,0,0,0,0
3806,34,Internacional,0,0,,,0,0,0,0,0,0
3807,35,America-Mg,,0,,,0,0,0,0,0,0
3807,35,Botafogo-Rj,0,0,,,0,0,0,0,0,0
3808,35,Bahia,0,0,,,0,0,0,0,0,0
3808,35,Internacional,0,0,,,0,0,0,0,0,0
3809,35,Fluminense,0,0,,,0,0,0,0,0,0
3809,35,Gremio,0,0,,,0,0,0,0,0,0
3810,35,Athletico-Pr,0,0,,,0,0,0,0,0,0
3810,35,Sao Paulo,0,0,,,0,0,0,0,0,0
3811,35,Palmeiras,0,0,,,0,0,0,0,0,0
3811,35,Vasco,0,0,,,0,0,0,0,0,0
3812,35,Avai,0,0,,,0,0,0,0,0,0
3812,35,Cruzeiro,0,0,,,0,0,0,0,0,0
3813,35,Ceara,0,0,,,0,0,0,0,0,0
3813,35,Corinthians,0,0,,,0,0,0,0,0,0
3814,35,Atletico-Mg,0,0,,,0,0,0,0,0,0
3814,35,Coritiba,0,0,,,0,0,0,0,0,0
3815,35,Figueirense,0,0,,,0,0,0,0,0,0
3815,35,Flamengo,0,0,,,0,0,0,0,0,0
3816,35,Atletico-Go,0,0,,,0,0,0,0,0,0
3816,35,Santos,0,0,,,0,0,0,0,0,0
3817,36,America-Mg,0,0,,,0,0,0,0,0,0
3817,36,Sao Paulo,0,0,,,0,0,0,0,0,0
3818,36,Avai,0,0,,,0,0,0,0,0,0
3818,36,Vasco,0,0,,,0,0,0,0,0,0
3819,36,Ceara,0,0,,,0,0,0,0,0,0
3819,36,Gremio,0,0,,,0,0,0,0,0,0
3820,36,Atletico-Go,0,0,,,0,0,0,0,0,0
3820,36,Flamengo,0,0,,,0,0,0,0,0,0
3821,36,Atletico-Mg,0,0,,,,0,0,0,0,0
3821,36,Corinthians,,0,,,0,0,0,0,0,0
3822,36,Botafogo-Rj,0,0,,,,0,0,0,0,0
3822,36,Internacional,0,0,,,0,0,0,0,0,0
3823,36,Athletico-Pr,0,0,,,0,0,0,0,0,0
3823,36,Cruzeiro,0,0,,,0,0,0,0,0,0
3824,36,Figueirense,0,0,,,0,0,0,0,0,0
3824,36,Fluminense,,0,,,0,0,0,0,0,0
3825,36,Coritiba,0,0,,,0,0,0,0,0,0
3825,36,Santos,0,0,,,0,0,0,0,0,0
3826,36,Bahia,0,0,,,0,0,0,0,0,0
3826,36,Palmeiras,0,0,,,0,0,0,0,0,0
3827,37,Fluminense,0,0,,,0,0,0,0,0,0
3827,37,Vasco,0,0,,,0,0,0,0,0,0
3828,37,Corinthians,0,0,,,0,0,0,0,,0
3828,37,Figueirense,0,0,,,0,0,0,0,0,0
3829,37,Palmeiras,0,0,,,0,0,0,0,0,0
3829,37,Sao Paulo,0,0,,,0,0,0,0,0,0
3830,37,Flamengo,0,0,,,0,0,0,0,0,0
3830,37,Internacional,0,0,,,0,0,0,0,0,0
3831,37,Atletico-Mg,0,0,,,0,0,0,0,0,0
3831,37,Botafogo-Rj,0,0,,,0,0,0,0,0,0
3832,37,Avai,0,0,,,0,0,0,0,0,0
3832,37,Coritiba,0,0,,,0,0,0,0,0,0
3833,37,Ceara,0,0,,,0,0,0,0,0,0
3833,37,Cruzeiro,0,0,,,0,0,0,0,0,0
3834,37,America-Mg,0,0,,,0,0,0,0,0,0
3834,37,Athletico-Pr,0,0,,,0,0,0,0,0,0
3835,37,Atletico-Go,0,0,,,0,0,0,0,0,0
3835,37,Gremio,0,0,,,0,0,0,0,0,0
3836,37,Bahia,0,0,,,0,0,0,0,0,0
3836,37,Santos,0,0,,,0,0,0,0,0,0
3837,38,Corinthians,0,0,,,0,0,0,0,0,0
3837,38,Palmeiras,0,0,,,0,0,0,0,0,0
3838,38,Flamengo,0,0,,,0,0,0,0,0,0
3838,38,Vasco,0,0,,,0,0,0,0,0,0
3839,38,Santos,0,0,,,0,0,0,0,0,0
3839,38,Sao Paulo,0,0,,,0,0,0,0,0,0
3840,38,Botafogo-Rj,0,0,,,0,0,0,0,0,0
3840,38,Fluminense,0,0,,,0,0,0,0,0,0
3841,38,Gremio,0,0,,,0,0,0,0,0,0
3841,38,Internacional,0,0,,,0,0,0,0,0,0
3842,38,Atletico-Mg,0,0,,,0,0,0,0,0,0
3842,38,Cruzeiro,0,0,,,0,0,0,0,0,0
3843,38,Avai,0,0,,,0,0,0,0,0,0
3843,38,Figueirense,0,0,,,0,0,0,0,0,0
3844,38,America-Mg,0,0,,,0,0,0,0,,0
3844,38,Atletico-Go,0,0,,,0,0,0,0,0,0
3845,38,Bahia,0,0,,,0,0,0,0,0,0
3845,38,Ceara,0,0,,,0,0,0,0,0,0
3846,38,Athletico-Pr,,0,,,0,0,0,0,0,0
3846,38,Coritiba,0,0,,,0,0,0,0,0,0
3847,1,Palmeiras,0,0,,,0,0,0,0,0,0
3847,1,Portuguesa,0,0,,,0,0,0,0,0,0
3848,1,Flamengo,0,0,,,0,0,0,0,0,0
3848,1,Sport,0,0,,,,0,0,0,0,0
3849,1,Figueirense,0,0,,,0,0,0,0,0,0
3849,1,Nautico,,0,,,0,0,0,0,0,0
3850,1,Corinthians,0,0,,,0,0,0,0,0,0
3850,1,Fluminense,0,0,,,0,0,0,0,0,0
3851,1,Coritiba,,0,,,0,0,0,0,0,0
3851,1,Internacional,0,0,,,0,0,0,0,0,0
3852,1,Botafogo-Rj,0,0,,,0,0,0,0,0,0
3852,1,Sao Paulo,0,0,,,0,0,0,0,0,0
3853,1,Atletico-Mg,0,0,,,0,0,0,0,0,0
3853,1,Ponte Preta,0,0,,,0,0,0,0,0,0
3854,1,Atletico-Go,0,0,,,0,0,0,0,0,0
3854,1,Cruzeiro,0,0,,,0,0,0,0,0,0
3855,1,Bahia,0,0,,,0,0,0,0,0,0
3855,1,Santos,0,0,,,0,0,0,0,0,0
3856,1,Gremio,0,0,,,0,0,0,0,0,0
3856,1,Vasco,0,0,,,0,0,0,0,0,0
3857,2,Atletico-Go,0,0,,,0,0,0,0,0,0
3857,2,Ponte Preta,0,0,,,0,0,0,0,0,0
3858,2,Flamengo,0,0,,,0,0,0,0,0,0
3858,2,Internacional,0,0,,,0,0,0,0,0,0
3859,2,Portuguesa,0,0,,,0,0,0,0,0,0
3859,2,Vasco,0,0,,,0,0,0,0,0,0
3860,2,Cruzeiro,0,0,,,0,0,0,0,0,0
3860,2,Nautico,0,0,,,0,0,0,0,0,0
3861,2,Bahia,0,0,,,0,0,0,0,0,0
3861,2,Sao Paulo,0,0,,,0,0,0,0,0,0
3862,2,Atletico-Mg,0,0,,,0,0,0,0,0,0
3862,2,Corinthians,0,0,,,0,0,0,0,0,0
3863,2,Botafogo-Rj,0,0,,,0,0,0,0,0,0
3863,2,Coritiba,0,0,,,0,0,0,0,0,0
3864,2,Santos,0,0,,,0,0,0,0,0,0
3864,2,Sport,0,0,,,0,0,0,0,0,0
3865,2,Gremio,0,0,,,0,0,0,0,0,0
3865,2,Palmeiras,0,0,,,0,0,0,0,0,0
3866,2,Figueirense,0,0,,,0,0,0,0,0,0
3866,2,Fluminense,0,0,,,0,0,0,0,0,0
3867,3,Atletico-Go,0,0,,,0,0,0,0,0,0
3867,3,Gremio,0,0,,,0,0,0,0,0,0
3868,3,Palmeiras,0,0,,,,0,0,0,0,0
3868,3,Sport,0,0,,,0,0,0,0,0,0
3869,3,Nautico,0,0,,,,0,0,0,0,0
3869,3,Vasco,0,0,,,0,0,0,0,0,0
3870,3,Atletico-Mg,,0,,,0,0,0,0,0,0
3870,3,Bahia,0,0,,,,0,0,0,0,0
3871,3,Coritiba,0,0,,,0,0,0,0,0,0
3871,3,Portuguesa,,0,,,0,0,0,0,0,0
3872,3,Internacional,0,0,,,0,0,0,0,0,0
3872,3,Sao Paulo,0,0,,,0,0,0,0,0,0
3873,3,Flamengo,0,0,,,0,0,0,0,0,0
3873,3,Ponte Preta,0,0,,,0,0,0,0,0,0
3874,3,Fluminense,0,0,,,0,0,0,0,0,0
3874,3,Santos,0,0,,,,0,0,0,0,0
3875,3,Corinthians,,0,,,0,0,0,0,0,0
3875,3,Figueirense,,0,,,,0,0,0,0,0
3876,3,Botafogo-Rj,0,0,,,0,0,0,0,0,0
3876,3,Cruzeiro,0,0,,,0,0,0,0,,0
3877,4,Coritiba,0,0,,,0,0,0,0,0,0
3877,4,Flamengo,0,0,,,0,0,0,0,0,0
3878,4,Atletico-Mg,0,0,,,0,0,0,0,0,0
3878,4,Palmeiras,0,0,,,0,0,0,0,0,0
3879,4,Atletico-Go,0,0,,,0,0,0,0,0,0
3879,4,Portuguesa,0,0,,,0,0,0,0,0,0
3880,4,Corinthians,0,0,,,0,0,0,0,,0
3880,4,Gremio,0,0,,,0,0,0,0,0,0
3881,4,Fluminense,0,0,,,0,0,0,0,0,0
3881,4,Internacional,0,0,,,0,0,0,0,0,0
3882,4,Bahia,0,0,,,0,0,0,0,0,0
3882,4,Vasco,0,0,,,0,0,0,0,0,0
3883,4,Santos,0,0,,,0,0,0,0,0,0
3883,4,Sao Paulo,,0,,,0,0,0,0,0,0
3884,4,Botafogo-Rj,,0,,,0,0,0,0,0,0
3884,4,Nautico,0,0,,,0,0,0,0,0,0
3885,4,Cruzeiro,0,0,,,0,0,0,0,0,0
3885,4,Sport,0,0,,,0,0,0,0,0,0
3886,4,Figueirense,0,0,,,0,0,0,0,0,0
3886,4,Ponte Preta,0,0,,,0,0,0,0,0,0
3887,5,Botafogo-Rj,0,0,,,,0,0,0,0,0
3887,5,Internacional,0,0,,,0,0,0,0,0,0
3888,5,Cruzeiro,0,0,,,0,0,0,0,0,0
3888,5,Figueirense,0,0,,,,0,0,0,0,0
3889,5,Fluminense,0,0,,,0,0,0,0,0,0
3889,5,Portuguesa,0,0,,,0,0,0,0,0,0
3890,5,Atletico-Mg,0,0,,,0,0,0,0,0,0
3890,5,Sao  Paulo,0,0,,,0,0,0,0,0,0
3891,5,Bahia,0,0,,,0,0,0,0,0,0
3891,5,Sport,0,0,,,0,0,0,0,0,0
3892,5,Flamengo,0,0,,,0,0,0,0,0,0
3892,5,Santos,0,0,,,0,0,0,0,0,0
3893,5,Palmeiras,0,0,,,0,0,0,0,0,0
3893,5,Vasco,0,0,,,0,0,0,0,0,0
3894,5,Gremio,0,0,,,0,0,0,0,0,0
3894,5,Nautico,0,0,,,0,0,0,0,0,0
3895,5,Atletico-Go,0,0,,,0,0,0,0,0,0
3895,5,Coritiba,0,0,,,0,0,0,0,0,0
3896,5,Corinthians,0,0,,,0,0,0,0,0,0
3896,5,Ponte Preta,0,0,,,,0,0,0,0,0
3897,6,Portuguesa,0,0,,,0,0,0,0,0,0
3897,6,Sao Paulo,0,0,,,0,0,0,0,0,0
3898,6,Cruzeiro,0,0,,,0,0,0,0,0,0
3898,6,Vasco,0,0,,,0,0,0,0,0,0
3899,6,Atletico-Mg,0,0,,,0,0,0,0,0,0
3899,6,Nautico,0,0,,,0,0,0,0,0,0
3900,6,Corinthians,0,0,,,0,0,0,0,0,0
3900,6,Palmeiras,0,0,,,0,0,0,0,0,0
3901,6,Flamengo,0,0,,,0,0,0,0,0,0
3901,6,Gremio,0,0,,,0,0,0,0,0,0
3902,6,Bahia,0,0,,,,0,0,0,0,0
3902,6,Figueirense,0,0,,,0,0,0,0,0,0
3903,6,Botafogo-Rj,0,0,,,0,0,0,0,0,0
3903,6,Ponte Preta,,0,,,0,0,0,0,0,0
3904,6,Coritiba,0,0,,,0,0,0,0,0,0
3904,6,Santos,0,0,,,0,0,0,0,0,0
3905,6,Atletico-Go,0,0,,,0,0,0,0,0,0
3905,6,Fluminense,0,0,,,0,0,0,0,0,0
3906,6,Internacional,0,0,,,0,0,0,0,0,0
3906,6,Sport,0,0,,,0,0,0,0,0,0
3907,7,Fluminense,0,0,,,0,0,0,0,0,0
3907,7,Nautico,0,0,,,0,0,0,0,0,0
3908,7,Cruzeiro,0,0,,,0,0,0,0,0,0
3908,7,Sao Paulo,0,0,,,0,0,0,0,0,0
3909,7,Ponte Preta,0,0,,,0,0,0,0,0,0
3909,7,Vasco,0,0,,,0,0,0,0,0,0
3910,7,Coritiba,0,0,,,0,0,0,0,0,0
3910,7,Sport,0,0,,,0,0,0,0,0,0
3911,7,Bahia,0,0,,,0,0,0,0,0,0
3911,7,Internacional,0,0,,,0,0,0,0,0,0
3912,7,Portuguesa,0,0,,,0,0,0,0,0,0
3912,7,Santos,0,0,,,0,0,0,0,0,0
3913,7,Atletico-Mg,0,0,,,0,0,0,0,0,0
3913,7,Gremio,0,0,,,0,0,0,0,0,0
3914,7,Atletico-Go,0,0,,,0,0,0,0,0,0
3914,7,Flamengo,0,0,,,0,0,0,0,0,0
3915,7,Figueirense,0,0,,,,0,0,0,0,0
3915,7,Palmeiras,0,0,,,0,0,0,0,0,0
3916,7,Botafogo-Rj,,0,,,0,0,0,0,0,0
3916,7,Corinthians,0,0,,,0,0,0,0,0,0
3917,8,Bahia,0,0,,,0,0,0,0,0,0
3917,8,Botafogo-Rj,0,0,,,0,0,0,0,0,0
3918,8,Cruzeiro,0,0,,,0,0,0,0,0,0
3918,8,Internacional,,0,,,0,0,0,0,0,0
3919,8,Atletico-Go,,0,,,0,0,0,0,0,0
3919,8,Nautico,0,0,,,0,0,0,0,0,0
3920,8,Coritiba,0,0,,,0,0,0,0,0,0
3920,8,Sao Paulo,,0,,,0,0,0,0,0,0
3921,8,Figueirense,0,0,,,0,0,0,0,0,0
3921,8,Vasco,0,0,,,0,0,0,0,0,0
3922,8,Flamengo,0,0,,,0,0,0,0,0,0
3922,8,Fluminense,0,0,,,0,0,0,0,0,0
3923,8,Gremio,0,0,,,0,0,0,0,0,0
3923,8,Santos,0,0,,,,0,0,0,0,0
3924,8,Palmeiras,0,0,,,0,0,0,0,0,0
3924,8,Ponte Preta,0,0,,,0,0,0,0,0,0
3925,8,Atletico-Mg,0,0,,,0,0,0,0,0,0
3925,8,Portuguesa,0,0,,,0,0,0,0,0,0
3926,8,Corinthians,,0,,,0,0,0,0,0,0
3926,8,Sport,0,0,,,0,0,0,0,0,0
3927,9,Corinthians,0,0,,,0,0,0,0,0,0
3927,9,Nautico,0,0,,,,0,0,0,0,0
3928,9,Atletico-Mg,0,0,,,0,0,0,0,0,0
3928,9,Figueirense,0,0,,,0,0,0,0,0,0
3929,9,Coritiba,0,0,,,0,0,0,0,0,0
3929,9,Ponte Preta,0,0,,,0,0,0,0,0,0
3930,9,Botafogo-Rj,0,0,,,0,0,0,0,0,0
3930,9,Fluminense,0,0,,,0,0,0,0,0,0
3931,9,Internacional,0,0,,,0,0,0,0,0,0
3931,9,Santos,0,0,,,0,0,0,0,0,0
3932,9,Bahia,0,0,,,0,0,0,0,0,0
3932,9,Flamengo,0,0,,,0,0,0,0,0,0
3933,9,Cruzeiro,0,0,,,0,0,0,0,0,0
3933,9,Gremio,0,0,,,0,0,0,0,0,0
3934,9,Portuguesa,0,0,,,0,0,0,0,0,0
3934,9,Sport,0,0,,,0,0,0,0,0,0
3935,9,Atletico-Go,0,0,,,0,0,0,0,0,0
3935,9,Vasco,0,0,,,0,0,0,0,0,0
3936,9,Palmeiras,0,0,,,0,0,0,0,0,0
3936,9,Sao Paulo,0,0,,,0,0,0,0,0,0
3937,10,Botafogo-Rj,0,0,,,0,0,0,0,0,0
3937,10,Santos,0,0,,,0,0,0,0,0,0
3938,10,Gremio,0,0,,,0,0,0,0,0,0
3938,10,Sport,0,0,,,0,0,0,0,0,0
3939,10,Nautico,,0,,,0,0,0,0,0,0
3939,10,Ponte Preta,0,0,,,,0,0,0,0,0
3940,10,Cruzeiro,0,0,,,0,0,0,0,0,0
3940,10,Portuguesa,0,0,,,0,0,0,0,0,0
3941,10,Atletico-Mg,0,0,,,0,0,0,0,0,0
3941,10,Internacional,0,0,,,0,0,0,0,0,0
3942,10,Sao Paulo,0,0,,,0,0,0,0,0,0
3942,10,Vasco,,0,,,0,0,0,0,0,0
3943,10,Corinthians,,0,,,0,0,0,0,0,0
3943,10,Flamengo,,0,,,0,0,0,0,0,0
3944,10,Atletico-Go,0,0,,,0,0,0,0,0,0
3944,10,Figueirense,0,0,,,0,0,0,0,0,0
3945,10,Bahia,0,0,,,0,0,0,0,0,0
3945,10,Fluminense,0,0,,,0,0,0,0,0,0
3946,10,Coritiba,0,0,,,0,0,0,0,0,0
3946,10,Palmeiras,0,0,,,0,0,0,0,0,0
3947,11,Atletico-Mg,0,0,,,0,0,0,0,0,0
3947,11,Sport,0,0,,,0,0,0,0,0,0
3948,11,Santos,0,0,,,0,0,0,0,0,0
3948,11,Vasco,0,0,,,0,0,0,0,0,0
3949,11,Corinthians,0,0,,,0,0,0,0,0,0
3949,11,Portuguesa,0,0,,,0,0,0,0,0,0
3950,11,Nautico,0,0,,,0,0,0,0,0,0
3950,11,Palmeiras,0,0,,,0,0,0,0,0,0
3951,11,Atletico-Go,0,0,,,0,0,0,0,0,0
3951,11,Internacional,0,0,,,0,0,0,0,0,0
3952,11,Cruzeiro,0,0,,,0,0,0,0,0,0
3952,11,Flamengo,0,0,,,0,0,0,0,0,0
3953,11,Figueirense,0,0,,,0,0,0,0,0,0
3953,11,Sao Paulo,,0,,,0,0,0,0,0,0
3954,11,Fluminense,,0,,,0,0,0,0,0,0
3954,11,Ponte Preta,0,0,,,0,0,0,0,0,0
3955,11,Botafogo-Rj,0,0,,,0,0,0,0,0,0
3955,11,Gremio,0,0,,,0,0,0,0,0,0
3956,11,Bahia,0,0,,,0,0,0,0,0,0
3956,11,Coritiba,0,0,,,0,0,0,0,0,0
3957,12,Figueirense,,0,,,0,0,0,0,0,0
3957,12,Internacional,0,0,,,0,0,0,0,0,0
3958,12,Ponte Preta,0,0,,,0,0,0,0,0,0
3958,12,Sport,,0,,,0,0,0,0,0,0
3959,12,Botafogo-Rj,0,0,,,,0,0,0,0,0
3959,12,Vasco,0,0,,,0,0,0,0,0,0
3960,12,Coritiba,0,0,,,0,0,0,0,0,0
3960,12,Nautico,0,0,,,0,0,0,0,0,0
3961,12,Corinthians,0,0,,,0,0,0,0,0,0
3961,12,Cruzeiro,0,0,,,0,0,0,0,0,0
3962,12,Atletico-Go,0,0,,,0,0,0,0,0,0
3962,12,Sao Paulo,0,0,,,0,0,0,0,0,0
3963,12,Fluminense,0,0,,,0,0,0,0,0,0
3963,12,Gremio,0,0,,,0,0,0,0,0,0
3964,12,Atletico-Mg,0,0,,,0,0,0,0,0,0
3964,12,Santos,,0,,,0,0,0,0,0,0
3965,12,Flamengo,0,0,,,0,0,0,0,0,0
3965,12,Portuguesa,0,0,,,0,0,0,0,0,0
3966,12,Bahia,0,0,,,0,0,0,0,0,0
3966,12,Palmeiras,0,0,,,0,0,0,0,0,0
3967,13,Internacional,0,0,,,0,0,0,0,0,0
3967,13,Vasco,0,0,,,0,0,0,0,0,0
3968,13,Coritiba,0,0,,,0,0,0,0,0,0
3968,13,Gremio,0,0,,,0,0,0,0,0,0
3969,13,Botafogo-Rj,0,0,,,0,0,0,0,0,0
3969,13,Figueirense,0,0,,,,0,0,0,0,0
3970,13,Flamengo,0,0,,,0,0,0,0,0,0
3970,13,Sao Paulo,,0,,,0,0,0,0,0,0
3971,13,Atletico-Mg,0,0,,,,0,0,0,0,0
3971,13,Fluminense,0,0,,,0,0,0,0,0,0
3972,13,Atletico-Go,0,0,,,,0,0,0,0,0
3972,13,Sport,0,0,,,0,0,0,0,0,0
3973,13,Bahia,0,0,,,0,0,0,0,0,0
3973,13,Corinthians,,0,,,0,0,0,0,0,0
3974,13,Cruzeiro,0,0,,,0,0,0,0,0,0
3974,13,Palmeiras,0,0,,,0,0,0,0,0,0
3975,13,Ponte Preta,0,0,,,0,0,0,0,0,0
3975,13,Santos,0,0,,,,0,0,0,0,0
3976,13,Nautico,0,0,,,0,0,0,0,0,0
3976,13,Portuguesa,,0,,,0,0,0,0,0,0
3977,14,Internacional,0,0,,,,0,0,0,0,0
3977,14,Palmeiras,0,0,,,0,0,0,0,0,0
3978,14,Atletico-Go,0,0,,,0,0,0,0,0,0
3978,14,Botafogo-Rj,0,0,,,0,0,0,0,0,0
3979,14,Figueirense,0,0,,,0,0,0,0,0,0
3979,14,Portuguesa,0,0,,,0,0,0,0,0,0
3980,14,Corinthians,0,0,,,0,0,0,0,0,0
3980,14,Vasco,0,0,,,0,0,0,0,0,0
3981,14,Bahia,0,0,,,0,0,0,0,0,0
3981,14,Gremio,0,0,,,,0,0,0,0,0
3982,14,Coritiba,0,0,,,0,0,0,0,0,0
3982,14,Fluminense,0,0,,,0,0,0,0,0,0
3983,14,Sao Paulo,0,0,,,0,0,0,0,0,0
3983,14,Sport,0,0,,,0,0,0,0,0,0
3984,14,Cruzeiro,0,0,,,0,0,0,0,0,0
3984,14,Ponte Preta,0,0,,,0,0,0,0,0,0
3985,14,Nautico,0,0,,,0,0,0,0,0,0
3985,14,Santos,0,0,,,0,0,0,0,0,0
3986,14,Atletico-Mg,0,0,,,0,0,0,0,0,0
3986,14,Flamengo,,0,,,0,0,0,0,0,0
3987,15,Sport,0,0,,,0,0,0,0,0,0
3987,15,Vasco,,0,,,0,0,0,0,0,0
3988,15,Internacional,0,0,,,0,0,0,0,0,0
3988,15,Nautico,0,0,,,0,0,0,0,0,0
3989,15,Bahia,0,0,,,0,0,0,0,0,0
3989,15,Portuguesa,0,0,,,0,0,0,0,0,0
3990,15,Atletico-Go,0,0,,,0,0,0,0,0,0
3990,15,Corinthians,0,0,,,0,0,0,0,0,0
3991,15,Figueirense,0,0,,,0,0,0,0,0,0
3991,15,Flamengo,0,0,,,0,0,0,0,0,0
3992,15,Botafogo-Rj,0,0,,,0,0,0,0,0,0
3992,15,Palmeiras,0,0,,,0,0,0,0,0,0
3993,15,Cruzeiro,0,0,,,0,0,0,0,0,0
3993,15,Santos,0,0,,,0,0,0,0,0,0
3994,15,Gremio,0,0,,,0,0,0,0,0,0
3994,15,Ponte Preta,,0,,,0,0,0,0,0,0
3995,15,Atletico-Mg,0,0,,,0,0,0,0,0,0
3995,15,Coritiba,0,0,,,0,0,0,0,0,0
3996,15,Fluminense,0,0,,,0,0,0,0,0,0
3996,15,Sao Paulo,0,0,,,0,0,0,0,0,0
3997,16,Bahia,0,0,,,0,0,0,0,0,0
3997,16,Cruzeiro,0,0,,,0,0,0,0,0,0
3998,16,Figueirense,0,0,,,0,0,0,0,0,0
3998,16,Sport,0,0,,,,0,0,0,0,0
3999,16,Atletico-Go,0,0,,,0,0,0,0,0,0
3999,16,Santos,0,0,,,0,0,0,0,0,0
4000,16,Flamengo,0,0,,,0,0,0,0,0,0
4000,16,Nautico,0,0,,,0,0,0,0,0,0
4001,16,Atletico-Mg,0,0,,,0,0,0,0,,0
4001,16,Vasco,,0,,,0,0,0,0,0,0
4002,16,Internacional,0,0,,,0,0,0,0,0,0
4002,16,Ponte Preta,0,0,,,0,0,0,0,0,0
4003,16,Corinthians,0,0,,,0,0,0,0,0,0
4003,16,Coritiba,0,0,,,0,0,0,0,0,0
4004,16,Gremio,0,0,,,0,0,0,0,0,0
4004,16,Sao Paulo,0,0,,,0,0,0,0,0,0
4005,16,Fluminense,0,0,,,0,0,0,0,0,0
4005,16,Palmeiras,0,0,,,0,0,0,0,0,0
4006,16,Botafogo-Rj,0,0,,,0,0,0,0,0,0
4006,16,Portuguesa,0,0,,,0,0,0,0,0,0
4007,17,Gremio,0,0,,,0,0,0,0,0,0
4007,17,Portuguesa,0,0,,,0,0,0,0,0,0
4008,17,Cruzeiro,0,0,,,0,0,0,0,0,0
4008,17,Fluminense,0,0,,,0,0,0,0,0,0
4009,17,Atletico-Go,0,0,,,0,0,0,0,0,0
4009,17,Atletico-Mg,0,0,,,0,0,0,0,0,0
4010,17,Bahia,0,0,,,0,0,0,0,0,0
4010,17,Ponte Preta,0,0,,,0,0,0,0,0,0
4011,17,Flamengo,0,0,,,0,0,0,0,0,0
4011,17,Palmeiras,0,0,,,0,0,0,0,0,0
4012,17,Nautico,,0,,,0,0,0,0,0,0
4012,17,Sao Paulo,0,0,,,0,0,0,0,0,0
4013,17,Botafogo-Rj,0,0,,,0,0,0,0,0,0
4013,17,Sport,,0,,,0,0,0,0,0,0
4014,17,Coritiba,0,0,,,0,0,0,0,0,0
4014,17,Vasco,0,0,,,0,0,0,0,,0
4015,17,Corinthians,0,0,,,0,0,0,0,0,0
4015,17,Internacional,0,0,,,0,0,0,0,0,0
4016,17,Figueirense,0,0,,,0,0,0,0,0,0
4016,17,Santos,0,0,,,0,0,0,0,0,0
4017,18,Bahia,0,0,,,,0,0,0,0,0
4017,18,Nautico,0,0,,,0,0,0,0,0,0
4018,18,Fluminense,0,0,,,,0,0,0,0,0
4018,18,Sport,0,0,,,0,0,0,0,0,0
4019,18,Ponte Preta,0,0,,,0,0,0,0,0,0
4019,18,Sao Paulo,0,0,,,0,0,0,0,0,0
4020,18,Corinthians,0,0,,,0,0,0,0,0,0
4020,18,Santos,0,0,,,0,0,0,0,0,0
4021,18,Coritiba,0,0,,,0,0,0,0,0,0
4021,18,Cruzeiro,0,0,,,0,0,0,0,0,0
4022,18,Atletico-Mg,0,0,,,0,0,0,0,0,0
4022,18,Botafogo-Rj,0,0,,,0,0,0,0,0,0
4023,18,Figueirense,0,0,,,0,0,0,0,0,0
4023,18,Gremio,0,0,,,0,0,0,0,0,0
4024,18,Internacional,0,0,,,0,0,0,0,0,0
4024,18,Portuguesa,,0,,,0,0,0,0,0,0
4025,18,Atletico-Go,0,0,,,0,0,0,0,0,0
4025,18,Palmeiras,0,0,,,0,0,0,0,0,0
4026,18,Flamengo,0,0,,,0,0,0,0,0,0
4026,18,Vasco,0,0,,,0,0,0,0,0,0
4027,19,Palmeiras,0,0,,,0,0,0,0,0,0
4027,19,Santos,0,0,,,0,0,0,0,0,0
4028,19,Fluminense,0,0,,,0,0,0,0,0,0
4028,19,Vasco,0,0,,,0,0,0,0,0,0
4029,19,Ponte Preta,0,0,,,0,0,0,0,0,0
4029,19,Portuguesa,0,0,,,0,0,0,0,0,0
4030,19,Gremio,0,0,,,0,0,0,0,0,0
4030,19,Internacional,0,0,,,0,0,0,0,0,0
4031,19,Botafogo-Rj,0,0,,,0,0,0,0,0,0
4031,19,Flamengo,0,0,,,0,0,0,0,0,0
4032,19,Corinthians,0,0,,,0,0,0,0,0,0
4032,19,Sao Paulo,0,0,,,0,0,0,0,0,0
4033,19,Coritiba,0,0,,,0,0,0,0,0,0
4033,19,Figueirense,0,0,,,0,0,0,0,0,0
4034,19,Atletico-Mg,,0,,,0,0,0,0,0,0
4034,19,Cruzeiro,0,0,,,0,0,0,0,0,0
4035,19,Atletico-Go,0,0,,,0,0,0,0,0,0
4035,19,Bahia,0,0,,,0,0,0,0,0,0
4036,19,Nautico,0,0,,,0,0,0,0,0,0
4036,19,Sport,0,0,,,,0,0,0,0,0
4037,20,Coritiba,0,0,,,0,0,0,0,0,0
4037,20,Internacional,0,0,,,0,0,0,0,0,0
4038,20,Bahia,0,0,,,0,0,0,0,0,0
4038,20,Santos,0,0,,,0,0,0,0,0,0
4039,20,Palmeiras,0,0,,,0,0,0,0,0,0
4039,20,Portuguesa,0,0,,,0,0,0,0,0,0
4040,20,Figueirense,0,0,,,0,0,0,0,0,0
4040,20,Nautico,0,0,,,0,0,0,0,0,0
4041,20,Atletico-Mg,0,0,,,0,0,0,0,0,0
4041,20,Ponte Preta,0,0,,,0,0,0,0,0,0
4042,20,Corinthians,0,0,,,,0,0,0,0,0
4042,20,Fluminense,0,0,,,0,0,0,0,0,0
4043,20,Gremio,0,0,,,0,0,0,0,0,0
4043,20,Vasco,0,0,,,0,0,0,0,0,0
4044,20,Atletico-Go,0,0,,,0,0,0,0,0,0
4044,20,Cruzeiro,0,0,,,0,0,0,0,0,0
4045,20,Flamengo,0,0,,,0,0,0,0,0,0
4045,20,Sport,0,0,,,0,0,0,0,0,0
4046,20,Botafogo-Rj,0,0,,,0,0,0,0,0,0
4046,20,Sao Paulo,0,0,,,0,0,0,0,0,0
4047,21,Gremio,0,0,,,0,0,0,0,0,0
4047,21,Palmeiras,0,0,,,0,0,0,0,0,0
4048,21,Figueirense,0,0,,,0,0,0,0,0,0
4048,21,Fluminense,0,0,,,0,0,0,0,0,0
4049,21,Portuguesa,0,0,,,0,0,0,0,0,0
4049,21,Vasco,0,0,,,0,0,0,0,0,0
4050,21,Flamengo,0,0,,,0,0,0,0,0,0
4050,21,Internacional,0,0,,,0,0,0,0,0,0
4051,21,Atletico-Mg,0,0,,,0,0,0,0,0,0
4051,21,Corinthians,0,0,,,0,0,0,0,0,0
4052,21,Bahia,0,0,,,0,0,0,0,0,0
4052,21,Sao Paulo,0,0,,,0,0,0,0,0,0
4053,21,Santos,0,0,,,0,0,0,0,0,0
4053,21,Sport,0,0,,,0,0,0,0,0,0
4054,21,Atletico-Go,0,0,,,0,0,0,0,0,0
4054,21,Ponte Preta,0,0,,,0,0,0,0,0,0
4055,21,Cruzeiro,0,0,,,0,0,0,0,0,0
4055,21,Nautico,0,0,,,0,0,0,0,0,0
4056,21,Botafogo-Rj,,0,,,0,0,0,0,0,0
4056,21,Coritiba,0,0,,,0,0,0,0,0,0
4057,22,Flamengo,0,0,,,0,0,0,0,0,0
4057,22,Ponte Preta,0,0,,,0,0,0,0,0,0
4058,22,Coritiba,0,0,,,0,0,0,0,0,0
4058,22,Portuguesa,0,0,,,0,0,0,0,0,0
4059,22,Nautico,0,0,,,0,0,0,0,0,0
4059,22,Vasco,0,0,,,0,0,0,0,0,0
4060,22,Atletico-Mg,0,0,,,0,0,0,0,0,0
4060,22,Bahia,0,0,,,0,0,0,0,0,0
4061,22,Atletico-Go,0,0,,,0,0,0,0,0,0
4061,22,Gremio,0,0,,,0,0,0,0,0,0
4062,22,Corinthians,0,0,,,0,0,0,0,0,0
4062,22,Figueirense,0,0,,,0,0,0,0,0,0
4063,22,Internacional,0,0,,,0,0,0,0,0,0
4063,22,Sao Paulo,0,0,,,0,0,0,0,0,0
4064,22,Botafogo-Rj,0,0,,,0,0,0,0,0,0
4064,22,Cruzeiro,0,0,,,0,0,0,0,0,0
4065,22,Fluminense,0,0,,,0,0,0,0,,0
4065,22,Santos,0,0,,,0,0,0,0,0,0
4066,22,Palmeiras,0,0,,,0,0,0,0,0,0
4066,22,Sport,0,0,,,0,0,0,0,0,0
4067,23,Coritiba,,0,,,0,0,0,0,0,0
4067,23,Flamengo,0,0,,,0,0,0,0,0,0
4068,23,Figueirense,0,0,,,0,0,0,0,0,0
4068,23,Ponte Preta,0,0,,,0,0,0,0,0,0
4069,23,Corinthians,0,0,,,,0,0,0,0,0
4069,23,Gremio,0,0,,,,0,0,0,0,0
4070,23,Santos,0,0,,,0,0,0,0,0,0
4070,23,Sao Paulo,0,0,,,0,0,0,0,0,0
4071,23,Fluminense,0,0,,,0,0,0,0,0,0
4071,23,Internacional,,0,,,,0,0,0,0,0
4072,23,Botafogo-Rj,0,0,,,0,0,0,0,0,0
4072,23,Nautico,0,0,,,,0,0,0,0,0
4073,23,Bahia,0,0,,,0,0,0,0,0,0
4073,23,Vasco,0,0,,,0,0,0,0,0,0
4074,23,Atletico-Go,0,0,,,0,0,0,0,0,0
4074,23,Portuguesa,0,0,,,0,0,0,0,0,0
4075,23,Cruzeiro,0,0,,,0,0,0,0,0,0
4075,23,Sport,0,0,,,0,0,0,0,,0
4076,23,Atletico-Mg,0,0,,,0,0,0,0,0,0
4076,23,Palmeiras,0,0,,,0,0,0,0,0,0
4077,24,Fluminense,0,0,,,0,0,0,0,0,0
4077,24,Portuguesa,,0,,,0,0,0,0,0,0
4078,24,Cruzeiro,,0,,,0,0,0,0,0,0
4078,24,Figueirense,0,0,,,0,0,0,0,0,0
4079,24,Corinthians,0,0,,,0,0,0,0,0,0
4079,24,Ponte Preta,0,0,,,0,0,0,0,0,0
4080,24,Atletico-Go,0,0,,,0,0,0,0,0,0
4080,24,Coritiba,0,0,,,0,0,0,0,0,0
4081,24,Bahia,0,0,,,0,0,0,0,0,0
4081,24,Sport,0,0,,,0,0,0,0,0,0
4082,24,Atletico-Mg,0,0,,,0,0,0,0,0,0
4082,24,Sao Paulo,0,0,,,0,0,0,0,0,0
4083,24,Palmeiras,0,0,,,0,0,0,0,0,0
4083,24,Vasco,0,0,,,0,0,0,0,0,0
4084,24,Flamengo,0,0,,,0,0,0,0,0,0
4084,24,Santos,0,0,,,0,0,0,0,0,0
4085,24,Gremio,0,0,,,0,0,0,0,0,0
4085,24,Nautico,0,0,,,0,0,0,0,0,0
4086,24,Botafogo-Rj,0,0,,,0,0,0,0,0,0
4086,24,Internacional,0,0,,,0,0,0,0,0,0
4087,25,Atletico-Go,0,0,,,0,0,0,0,0,0
4087,25,Fluminense,0,0,,,0,0,0,0,0,0
4088,25,Portuguesa,0,0,,,0,0,0,0,0,0
4088,25,Sao Paulo,,0,,,0,0,0,0,,0
4089,25,Coritiba,0,0,,,0,0,0,0,0,0
4089,25,Santos,0,0,,,0,0,0,0,0,0
4090,25,Corinthians,0,0,,,0,0,0,0,0,0
4090,25,Palmeiras,0,0,,,0,0,0,0,0,0
4091,25,Cruzeiro,0,0,,,0,0,0,0,0,0
4091,25,Vasco,0,0,,,0,0,0,0,0,0
4092,25,Atletico-Mg,0,0,,,0,0,0,0,0,0
4092,25,Nautico,0,0,,,0,0,0,0,0,0
4093,25,Bahia,0,0,,,0,0,0,0,0,0
4093,25,Figueirense,0,0,,,0,0,0,0,0,0
4094,25,Flamengo,0,0,,,0,0,0,0,0,0
4094,25,Gremio,0,0,,,0,0,0,0,0,0
4095,25,Internacional,0,0,,,0,0,0,0,0,0
4095,25,Sport,0,0,,,0,0,0,0,0,0
4096,25,Botafogo-Rj,0,0,,,0,0,0,0,0,0
4096,25,Ponte Preta,0,0,,,0,0,0,0,0,0
4097,26,Figueirense,0,0,,,0,0,0,0,0,0
4097,26,Palmeiras,0,0,,,0,0,0,0,0,0
4098,26,Fluminense,,0,,,0,0,0,0,0,0
4098,26,Nautico,0,0,,,0,0,0,0,0,0
4099,26,Portuguesa,0,0,,,0,0,0,0,0,0
4099,26,Santos,0,0,,,0,0,0,0,0,0
4100,26,Botafogo-Rj,0,0,,,0,0,0,0,0,0
4100,26,Corinthians,0,0,,,0,0,0,0,0,0
4101,26,Cruzeiro,0,0,,,0,0,0,0,0,0
4101,26,Sao Paulo,0,0,,,0,0,0,0,0,0
4102,26,Ponte Preta,0,0,,,,0,0,0,0,0
4102,26,Vasco,0,0,,,0,0,0,0,0,0
4103,26,Atletico-Go,0,0,,,0,0,0,0,0,0
4103,26,Flamengo,0,0,,,0,0,0,0,0,0
4104,26,Bahia,0,0,,,0,0,0,0,0,0
4104,26,Internacional,0,0,,,0,0,0,0,0,0
4105,26,Atletico-Mg,0,0,,,0,0,0,0,0,0
4105,26,Gremio,0,0,,,0,0,0,0,0,0
4106,26,Coritiba,0,0,,,0,0,0,0,0,0
4106,26,Sport,,0,,,0,0,0,0,0,0
4107,27,Atletico-Mg,0,0,,,0,0,0,0,0,0
4107,27,Portuguesa,0,0,,,0,0,0,0,0,0
4108,27,Figueirense,0,0,,,0,0,0,0,0,0
4108,27,Vasco,,0,,,0,0,0,0,0,0
4109,27,Cruzeiro,0,0,,,0,0,0,0,0,0
4109,27,Internacional,0,0,,,0,0,0,0,0,0
4110,27,Atletico-Go,0,0,,,0,0,0,0,0,0
4110,27,Nautico,0,0,,,0,0,0,0,0,0
4111,27,Palmeiras,,0,,,0,0,0,0,0,0
4111,27,Ponte Preta,0,0,,,0,0,0,0,0,0
4112,27,Flamengo,0,0,,,0,0,0,0,0,0
4112,27,Fluminense,0,0,,,0,0,0,0,0,0
4113,27,Corinthians,0,0,,,,0,0,0,0,0
4113,27,Sport,0,0,,,0,0,0,0,0,0
4114,27,Bahia,0,0,,,0,0,0,0,0,0
4114,27,Botafogo-Rj,0,0,,,0,0,0,0,0,0
4115,27,Coritiba,0,0,,,0,0,0,0,0,0
4115,27,Sao Paulo,0,0,,,0,0,0,0,0,0
4116,27,Gremio,0,0,,,0,0,0,0,0,0
4116,27,Santos,0,0,,,0,0,0,0,0,0
4117,28,Bahia,0,0,,,0,0,0,0,0,0
4117,28,Flamengo,0,0,,,0,0,0,0,0,0
4118,28,Portuguesa,0,0,,,0,0,0,0,0,0
4118,28,Sport,0,0,,,0,0,0,0,0,0
4119,28,Coritiba,0,0,,,0,0,0,0,0,0
4119,28,Ponte Preta,0,0,,,0,0,0,0,0,0
4120,28,Palmeiras,0,0,,,0,0,0,0,0,0
4120,28,Sao Paulo,0,0,,,0,0,0,0,0,0
4121,28,Internacional,,0,,,0,0,0,0,0,0
4121,28,Santos,0,0,,,0,0,0,0,0,0
4122,28,Atletico-Go,0,0,,,0,0,0,0,0,0
4122,28,Vasco,0,0,,,0,0,0,0,0,0
4123,28,Corinthians,0,0,,,0,0,0,0,0,0
4123,28,Nautico,0,0,,,0,0,0,0,0,0
4124,28,Botafogo-Rj,0,0,,,0,0,0,0,0,0
4124,28,Fluminense,0,0,,,0,0,0,0,0,0
4125,28,Cruzeiro,0,0,,,0,0,0,0,0,0
4125,28,Gremio,0,0,,,0,0,0,0,0,0
4126,28,Atletico-Mg,0,0,,,0,0,0,0,0,0
4126,28,Figueirense,0,0,,,0,0,0,0,0,0
4127,29,Cruzeiro,0,0,,,0,0,0,0,0,0
4127,29,Portuguesa,0,0,,,0,0,0,0,0,0
4128,29,Botafogo-Rj,0,0,,,0,0,0,0,0,0
4128,29,Santos,0,0,,,0,0,0,0,0,0
4129,29,Atletico-Go,0,0,,,0,0,0,0,0,0
4129,29,Figueirense,0,0,,,0,0,0,0,0,0
4130,29,Nautico,0,0,,,0,0,0,0,0,0
4130,29,Ponte Preta,0,0,,,0,0,0,0,0,0
4131,29,Bahia,0,0,,,0,0,0,0,0,0
4131,29,Fluminense,0,0,,,0,0,0,0,0,0
4132,29,Sao Paulo,0,0,,,0,0,0,0,0,0
4132,29,Vasco,0,0,,,0,0,0,0,0,0
4133,29,Corinthians,0,0,,,0,0,0,0,0,0
4133,29,Flamengo,0,0,,,0,0,0,0,0,0
4134,29,Atletico-Mg,0,0,,,0,0,0,0,,0
4134,29,Internacional,0,0,,,0,0,0,0,0,0
4135,29,Coritiba,0,0,,,0,0,0,0,0,0
4135,29,Palmeiras,0,0,,,0,0,0,0,0,0
4136,29,Gremio,0,0,,,,0,0,0,0,0
4136,29,Sport,0,0,,,0,0,0,0,0,0
4137,30,Cruzeiro,0,0,,,,0,0,0,0,0
4137,30,Flamengo,0,0,,,0,0,0,0,0,0
4138,30,Atletico-Go,0,0,,,0,0,0,0,0,0
4138,30,Internacional,0,0,,,0,0,0,0,0,0
4139,30,Corinthians,0,0,,,0,0,0,0,0,0
4139,30,Portuguesa,0,0,,,0,0,0,0,0,0
4140,30,Atletico-Mg,0,0,,,0,0,0,0,0,0
4140,30,Sport,0,0,,,0,0,0,0,0,0
4141,30,Santos,0,0,,,0,0,0,0,0,0
4141,30,Vasco,0,0,,,0,0,0,0,0,0
4142,30,Figueirense,0,0,,,0,0,0,0,0,0
4142,30,Sao  Paulo,,0,,,0,0,0,0,0,0
4143,30,Bahia,0,0,,,0,0,0,0,0,0
4143,30,Coritiba,0,0,,,0,0,0,0,0,0
4144,30,Nautico,0,0,,,0,0,0,0,0,0
4144,30,Palmeiras,0,0,,,0,0,0,0,0,0
4145,30,Fluminense,0,0,,,0,0,0,0,0,0
4145,30,Ponte Preta,0,0,,,,0,0,0,0,0
4146,30,Botafogo-Rj,,0,,,,0,0,0,0,0
4146,30,Gremio,0,0,,,0,0,0,0,0,0
4147,31,Fluminense,,0,,,0,0,0,0,0,0
4147,31,Gremio,0,0,,,0,0,0,0,0,0
4148,31,Figueirense,0,0,,,0,0,0,0,0,0
4148,31,Internacional,0,0,,,0,0,0,0,0,0
4149,31,Coritiba,0,0,,,0,0,0,0,0,0
4149,31,Nautico,0,0,,,0,0,0,0,0,0
4150,31,Bahia,0,0,,,0,0,0,0,0,0
4150,31,Palmeiras,0,0,,,0,0,0,0,0,0
4151,31,Corinthians,0,0,,,0,0,0,0,0,0
4151,31,Cruzeiro,0,0,,,,0,0,0,0,0
4152,31,Flamengo,0,0,,,0,0,0,0,0,0
4152,31,Portuguesa,0,0,,,0,0,0,0,0,0
4153,31,Atletico-Mg,0,0,,,0,0,0,0,0,0
4153,31,Santos,0,0,,,0,0,0,0,0,0
4154,31,Botafogo-Rj,0,0,,,0,0,0,0,0,0
4154,31,Vasco,0,0,,,0,0,0,0,,0
4155,31,Atletico-Go,0,0,,,0,0,0,0,0,0
4155,31,Sao Paulo,0,0,,,0,0,0,0,0,0
4156,31,Ponte Preta,0,0,,,,0,0,0,0,0
4156,31,Sport,0,0,,,0,0,0,0,0,0
4157,32,Cruzeiro,0,0,,,0,0,0,0,0,0
4157,32,Palmeiras,0,0,,,0,0,0,0,0,0
4158,32,Coritiba,0,0,,,0,0,0,0,0,0
4158,32,Gremio,0,0,,,0,0,0,0,0,0
4159,32,Bahia,0,0,,,0,0,0,0,0,0
4159,32,Corinthians,0,0,,,0,0,0,0,0,0
4160,32,Atletico-Mg,0,0,,,0,0,0,0,0,0
4160,32,Fluminense,0,0,,,0,0,0,0,0,0
4161,32,Flamengo,0,0,,,0,0,0,0,0,0
4161,32,Sao Paulo,0,0,,,0,0,0,0,0,0
4162,32,Nautico,0,0,,,0,0,0,0,0,0
4162,32,Portuguesa,0,0,,,0,0,0,0,0,0
4163,32,Ponte Preta,0,0,,,0,0,0,0,,0
4163,32,Santos,0,0,,,,0,0,0,0,0
4164,32,Atletico-Go,0,0,,,0,0,0,0,0,0
4164,32,Sport,0,0,,,0,0,0,0,0,0
4165,32,Internacional,0,0,,,0,0,0,0,0,0
4165,32,Vasco,0,0,,,0,0,0,0,0,0
4166,32,Botafogo-Rj,0,0,,,0,0,0,0,0,0
4166,32,Figueirense,0,0,,,0,0,0,0,0,0
4167,33,Coritiba,0,0,,,0,0,0,0,0,0
4167,33,Fluminense,0,0,,,0,0,0,0,0,0
4168,33,Nautico,0,0,,,0,0,0,0,0,0
4168,33,Santos,0,0,,,0,0,0,0,0,0
4169,33,Cruzeiro,0,0,,,0,0,0,0,0,0
4169,33,Ponte Preta,0,0,,,0,0,0,0,0,0
4170,33,Internacional,0,0,,,,0,0,0,0,0
4170,33,Palmeiras,0,0,,,0,0,0,0,0,0
4171,33,Corinthians,0,0,,,0,0,0,0,0,0
4171,33,Vasco,0,0,,,0,0,0,0,0,0
4172,33,Atletico-Go,0,0,,,0,0,0,0,0,0
4172,33,Botafogo-Rj,0,0,,,0,0,0,0,0,0
4173,33,Figueirense,,0,,,0,0,0,0,0,0
4173,33,Portuguesa,0,0,,,0,0,0,0,0,0
4174,33,Sao Paulo,0,0,,,0,0,0,0,0,0
4174,33,Sport,0,0,,,0,0,0,0,0,0
4175,33,Bahia,0,0,,,0,0,0,0,0,0
4175,33,Gremio,0,0,,,0,0,0,0,0,0
4176,33,Atletico-Mg,0,0,,,0,0,0,0,0,0
4176,33,Flamengo,0,0,,,,0,0,0,0,0
4177,34,Cruzeiro,0,0,,,0,0,0,0,0,0
4177,34,Santos,0,0,,,0,0,0,0,0,0
4178,34,Gremio,0,0,,,0,0,0,0,0,0
4178,34,Ponte Preta,0,0,,,,0,0,0,0,0
4179,34,Figueirense,0,0,,,0,0,0,0,0,0
4179,34,Flamengo,0,0,,,,0,0,0,0,0
4180,34,Botafogo-Rj,0,0,,,0,0,0,0,0,0
4180,34,Palmeiras,0,0,,,0,0,0,0,0,0
4181,34,Sport,0,0,,,0,0,0,0,0,0
4181,34,Vasco,0,0,,,0,0,0,0,0,0
4182,34,Fluminense,0,0,,,,0,0,0,0,0
4182,34,Sao Paulo,0,0,,,,0,0,0,0,0
4183,34,Atletico-Go,0,0,,,0,0,0,0,0,0
4183,34,Corinthians,0,0,,,0,0,0,0,0,0
4184,34,Bahia,0,0,,,0,0,0,0,0,0
4184,34,Portuguesa,0,0,,,0,0,0,0,0,0
4185,34,Atletico-Mg,0,0,,,0,0,0,0,0,0
4185,34,Coritiba,0,0,,,0,0,0,0,0,0
4186,34,Internacional,,0,,,0,0,0,0,0,0
4186,34,Nautico,0,0,,,,0,0,0,0,0
4187,35,Botafogo-Rj,0,0,,,0,0,0,0,0,0
4187,35,Portuguesa,0,0,,,0,0,0,0,0,0
4188,35,Atletico-Go,0,0,,,0,0,0,0,0,0
4188,35,Santos,0,0,,,0,0,0,0,0,0
4189,35,Corinthians,0,0,,,0,0,0,0,0,0
4189,35,Coritiba,0,0,,,0,0,0,0,0,0
4190,35,Fluminense,0,0,,,0,0,0,0,0,0
4190,35,Palmeiras,0,0,,,0,0,0,0,0,0
4191,35,Gremio,0,0,,,0,0,0,0,0,0
4191,35,Sao Paulo,0,0,,,0,0,0,0,0,0
4192,35,Atletico-Mg,0,0,,,0,0,0,0,0,0
4192,35,Vasco,0,0,,,0,0,0,0,0,0
4193,35,Bahia,0,0,,,0,0,0,0,0,0
4193,35,Cruzeiro,,0,,,0,0,0,0,0,0
4194,35,Flamengo,0,0,,,,0,0,0,0,0
4194,35,Nautico,0,0,,,0,0,0,0,0,0
4195,35,Figueirense,0,0,,,0,0,0,0,0,0
4195,35,Sport,0,0,,,,0,0,0,0,0
4196,35,Internacional,,0,,,,0,0,0,0,0
4196,35,Ponte Preta,0,0,,,0,0,0,0,0,0
4197,36,Figueirense,0,0,,,,0,0,0,0,0
4197,36,Santos,,0,,,0,0,0,0,0,0
4198,36,Coritiba,0,0,,,0,0,0,0,0,0
4198,36,Vasco,0,0,,,0,0,0,0,0,0
4199,36,Flamengo,0,0,,,0,0,0,0,0,0
4199,36,Palmeiras,0,0,,,0,0,0,0,0,0
4200,36,Cruzeiro,0,0,,,,0,0,0,0,0
4200,36,Fluminense,0,0,,,0,0,0,0,0,0
4201,36,Nautico,0,0,,,0,0,0,0,0,0
4201,36,Sao Paulo,0,0,,,0,0,0,0,0,0
4202,36,Atletico-Go,0,0,,,0,0,0,0,0,0
4202,36,Atletico-Mg,0,0,,,0,0,0,0,0,0
4203,36,Bahia,0,0,,,0,0,0,0,0,0
4203,36,Ponte Preta,0,0,,,0,0,0,0,0,0
4204,36,Corinthians,0,0,,,0,0,0,0,0,0
4204,36,Internacional,0,0,,,0,0,0,0,0,0
4205,36,Gremio,0,0,,,0,0,0,0,0,0
4205,36,Portuguesa,0,0,,,0,0,0,0,0,0
4206,36,Botafogo-Rj,0,0,,,0,0,0,0,0,0
4206,36,Sport,0,0,,,0,0,0,0,0,0
4207,37,Flamengo,0,0,,,0,0,0,0,0,0
4207,37,Vasco,0,0,,,0,0,0,0,0,0
4208,37,Corinthians,0,0,,,0,0,0,0,0,0
4208,37,Santos,0,0,,,0,0,0,0,0,0
4209,37,Atletico-Mg,0,0,,,0,0,0,0,0,0
4209,37,Botafogo-Rj,0,0,,,0,0,0,0,0,0
4210,37,Figueirense,0,0,,,0,0,0,0,0,0
4210,37,Gremio,,0,,,0,0,0,0,0,0
4211,37,Ponte Preta,0,0,,,0,0,0,0,0,0
4211,37,Sao Paulo,0,0,,,0,0,0,0,0,0
4212,37,Coritiba,0,0,,,0,0,0,0,0,0
4212,37,Cruzeiro,0,0,,,0,0,0,0,0,0
4213,37,Atletico-Go,0,0,,,0,0,0,0,,0
4213,37,Palmeiras,0,0,,,,0,0,0,0,0
4214,37,Bahia,0,0,,,0,0,0,0,0,0
4214,37,Nautico,0,0,,,0,0,0,0,0,0
4215,37,Internacional,0,0,,,0,0,0,0,0,0
4215,37,Portuguesa,0,0,,,0,0,0,0,0,0
4216,37,Fluminense,,0,,,0,0,0,0,0,0
4216,37,Sport,0,0,,,0,0,0,0,0,0
4217,38,Palmeiras,0,0,,,0,0,0,0,0,0
4217,38,Santos,0,0,,,0,0,0,0,0,0
4218,38,Botafogo-Rj,0,0,,,0,0,0,0,0,0
4218,38,Flamengo,0,0,,,0,0,0,0,0,0
4219,38,Fluminense,0,0,,,0,0,0,0,0,0
4219,38,Vasco,0,0,,,0,0,0,0,0,0
4220,38,Gremio,0,0,,,0,0,0,0,0,0
4220,38,Internacional,0,0,,,0,0,0,0,0,0
4221,38,Atletico-Mg,0,0,,,,0,0,0,,0
4221,38,Cruzeiro,0,0,,,0,0,0,0,0,0
4222,38,Corinthians,0,0,,,0,0,0,0,0,0
4222,38,Sao Paulo,0,0,,,,0,0,0,0,0
4223,38,Coritiba,0,0,,,0,0,0,0,0,0
4223,38,Figueirense,0,0,,,0,0,0,0,0,0
4224,38,Atletico-Go,0,0,,,0,0,0,0,0,0
4224,38,Bahia,0,0,,,0,0,0,0,0,0
4225,38,Ponte Preta,0,0,,,0,0,0,0,0,0
4225,38,Portuguesa,0,0,,,0,0,0,0,0,0
4226,38,Nautico,0,0,,,0,0,0,0,0,0
4226,38,Sport,0,0,,,0,0,0,0,,0
4227,1,Internacional,0,0,,,0,0,0,0,0,0
4227,1,Vitoria,0,0,,,0,0,0,0,0,0
4228,1,Portuguesa,0,0,,,0,0,0,0,0,0
4228,1,Vasco,0,0,,,0,0,0,0,0,0
4229,1,Botafogo-Rj,0,0,,,0,0,0,0,0,0
4229,1,Corinthians,0,0,,,0,0,0,0,0,0
4230,1,Gremio,0,0,,,,0,0,0,0,0
4230,1,Nautico,0,0,,,0,0,0,0,0,0
4231,1,Bahia,0,0,,,0,0,0,0,0,0
4231,1,Criciuma,0,0,,,0,0,0,0,0,0
4232,1,Ponte Preta,0,0,,,0,0,0,0,0,0
4232,1,Sao Paulo,0,0,,,0,0,0,0,0,0
4233,1,Flamengo,0,0,,,,0,0,0,0,0
4233,1,Santos,0,0,,,0,0,0,0,0,0
4234,1,Atletico-Mg,0,0,,,0,0,0,0,0,0
4234,1,Coritiba,0,0,,,0,0,0,0,0,0
4235,1,Cruzeiro,0,0,,,0,0,0,0,0,0
4235,1,Goias,0,0,,,0,0,0,0,0,0
4236,1,Athletico-Pr,0,0,,,0,0,0,0,0,0
4236,1,Fluminense,0,0,,,0,0,0,0,0,0
4237,2,Athletico-Pr,0,0,,,0,0,0,0,0,0
4237,2,Cruzeiro,,0,,,0,0,0,0,0,0
4238,2,Botafogo-Rj,0,0,,,0,0,0,0,0,0
4238,2,Santos,0,0,,,0,0,0,0,0,0
4239,2,Sao Paulo,0,0,,,0,0,0,0,0,0
4239,2,Vasco,,0,,,0,0,0,0,0,0
4240,2,Flamengo,0,0,,,0,0,0,0,0,0
4240,2,Ponte Preta,0,0,,,0,0,0,0,0,0
4241,2,Bahia,0,0,,,0,0,0,0,0,0
4241,2,Coritiba,0,0,,,0,0,0,0,0,0
4242,2,Nautico,0,0,,,0,0,0,0,0,0
4242,2,Vitoria,0,0,,,0,0,0,0,0,0
4243,2,Corinthians,0,0,,,0,0,0,0,0,0
4243,2,Goias,0,0,,,0,0,0,0,0,0
4244,2,Criciuma,0,0,,,0,0,0,0,0,0
4244,2,Internacional,0,0,,,0,0,0,0,0,0
4245,2,Atletico-Mg,0,0,,,0,0,0,0,0,0
4245,2,Gremio,0,0,,,0,0,0,0,0,0
4246,2,Fluminense,,0,,,0,0,0,0,0,0
4246,2,Portuguesa,0,0,,,0,0,0,0,0,0
4247,3,Athletico-Pr,0,0,,,0,0,0,0,0,0
4247,3,Flamengo,0,0,,,0,0,0,0,0,0
4248,3,Gremio,0,0,,,0,0,0,0,0,0
4248,3,Santos,0,0,,,0,0,0,0,0,0
4249,3,Botafogo-Rj,0,0,,,0,0,0,0,0,0
4249,3,Cruzeiro,0,0,,,0,0,0,0,0,0
4250,3,Vasco,0,0,,,0,0,0,0,0,0
4250,3,Vitoria,0,0,,,0,0,0,0,0,0
4251,3,Coritiba,0,0,,,0,0,0,0,0,0
4251,3,Goias,,0,,,0,0,0,0,0,0
4252,3,Corinthians,0,0,,,0,0,0,0,0,0
4252,3,Ponte Preta,0,0,,,0,0,0,0,0,0
4253,3,Atletico-Mg,,0,,,0,0,0,0,0,0
4253,3,Sao Paulo,0,0,,,0,0,0,0,0,0
4254,3,Criciuma,0,0,,,0,0,0,0,0,0
4254,3,Fluminense,0,0,,,0,0,0,0,0,0
4255,3,Bahia,0,0,,,0,0,0,0,0,0
4255,3,Internacional,0,0,,,0,0,0,0,0,0
4256,3,Nautico,0,0,,,0,0,0,0,0,0
4256,3,Portuguesa,0,0,,,0,0,0,0,0,0
4257,4,Goias,0,0,,,0,0,0,0,,0
4257,4,Sao Paulo,0,0,,,0,0,0,0,0,0
4258,4,Internacional,0,0,,,,0,0,0,0,0
4258,4,Portuguesa,0,0,,,0,0,0,0,0,0
4259,4,Criciuma,0,0,,,0,0,0,0,0,0
4259,4,Santos,0,0,,,0,0,0,0,0,0
4260,4,Atletico-Mg,0,0,,,0,0,0,0,0,0
4260,4,Vasco,,0,,,0,0,0,0,0,0
4261,4,Gremio,0,0,,,0,0,0,0,0,0
4261,4,Vitoria,0,0,,,0,0,0,0,0,0
4262,4,Athletico-Pr,0,0,,,0,0,0,0,0,0
4262,4,Ponte Preta,0,0,,,0,0,0,0,0,0
4263,4,Flamengo,0,0,,,0,0,0,0,0,0
4263,4,Nautico,0,0,,,0,0,0,0,0,0
4264,4,Bahia,0,0,,,0,0,0,0,0,0
4264,4,Botafogo-Rj,0,0,,,,0,0,0,0,0
4265,4,Corinthians,0,0,,,0,0,0,0,0,0
4265,4,Cruzeiro,0,0,,,0,0,0,0,0,0
4266,4,Coritiba,0,0,,,0,0,0,0,0,0
4266,4,Fluminense,0,0,,,0,0,0,0,0,0
4267,5,Cruzeiro,0,0,,,0,0,0,0,0,0
4267,5,Internacional,0,0,,,0,0,0,0,0,0
4268,5,Criciuma,0,0,,,0,0,0,0,0,0
4268,5,Flamengo,0,0,,,,0,0,0,0,0
4269,5,Corinthians,0,0,,,0,0,0,0,0,0
4269,5,Portuguesa,0,0,,,0,0,0,0,0,0
4270,5,Bahia,0,0,,,0,0,0,0,0,0
4270,5,Vasco,0,0,,,0,0,0,0,0,0
4271,5,Botafogo-Rj,0,0,,,0,0,0,0,0,0
4271,5,Ponte Preta,0,0,,,0,0,0,0,0,0
4272,5,Athletico-Pr,0,0,,,0,0,0,0,0,0
4272,5,Vitoria,0,0,,,0,0,0,0,0,0
4273,5,Coritiba,0,0,,,,0,0,0,0,0
4273,5,Nautico,0,0,,,0,0,0,0,0,0
4274,5,Fluminense,0,0,,,0,0,0,0,0,0
4274,5,Goias,,0,,,0,0,0,0,0,0
4275,5,Atletico-Mg,0,0,,,0,0,0,0,0,0
4275,5,Santos,0,0,,,0,0,0,0,0,0
4276,5,Gremio,0,0,,,0,0,0,0,0,0
4276,5,Sao  Paulo,0,0,,,,0,0,0,0,0
4277,6,Athletico-Pr,0,0,,,0,0,0,0,0,0
4277,6,Gremio,0,0,,,0,0,0,0,0,0
4278,6,Coritiba,0,0,,,0,0,0,0,0,0
4278,6,Flamengo,0,0,,,0,0,0,0,0,0
4279,6,Nautico,,0,,,0,0,0,0,0,0
4279,6,Ponte Preta,0,0,,,0,0,0,0,0,0
4280,6,Cruzeiro,0,0,,,,0,0,0,0,0
4280,6,Portuguesa,0,0,,,0,0,0,0,0,0
4281,6,Bahia,0,0,,,0,0,0,0,0,0
4281,6,Corinthians,0,0,,,0,0,0,0,0,0
4282,6,Goias,0,0,,,0,0,0,0,0,0
4282,6,Vitoria,0,0,,,0,0,0,0,0,0
4283,6,Internacional,0,0,,,0,0,0,0,0,0
4283,6,Vasco,0,0,,,0,0,0,0,0,0
4284,6,Santos,,0,,,,0,0,0,0,0
4284,6,Sao Paulo,0,0,,,,0,0,0,0,0
4285,6,Atletico-Mg,,0,,,0,0,0,0,0,0
4285,6,Criciuma,0,0,,,0,0,0,0,0,0
4286,6,Botafogo-Rj,0,0,,,0,0,0,0,0,0
4286,6,Fluminense,0,0,,,0,0,0,0,0,0
4287,7,Portuguesa,0,0,,,0,0,0,0,0,0
4287,7,Santos,0,0,,,0,0,0,0,0,0
4288,7,Fluminense,0,0,,,0,0,0,0,0,0
4288,7,Internacional,0,0,,,0,0,0,0,0,0
4289,7,Bahia,0,0,,,0,0,0,0,0,0
4289,7,Ponte Preta,0,0,,,0,0,0,0,0,0
4290,7,Botafogo-Rj,0,0,,,0,0,0,0,0,0
4290,7,Gremio,0,0,,,0,0,0,0,0,0
4291,7,Atletico-Mg,0,0,,,0,0,0,0,0,0
4291,7,Corinthians,0,0,,,0,0,0,0,0,0
4292,7,Athletico-Pr,0,0,,,0,0,0,0,0,0
4292,7,Coritiba,0,0,,,0,0,0,0,0,0
4293,7,Sao Paulo,0,0,,,,0,0,0,0,0
4293,7,Vitoria,0,0,,,0,0,0,0,0,0
4294,7,Cruzeiro,0,0,,,0,0,0,0,0,0
4294,7,Nautico,0,0,,,0,0,0,0,0,0
4295,7,Criciuma,0,0,,,0,0,0,0,0,0
4295,7,Goias,0,0,,,0,0,0,0,0,0
4296,7,Flamengo,0,0,,,0,0,0,0,0,0
4296,7,Vasco,0,0,,,0,0,0,0,0,0
4297,8,Botafogo-Rj,0,0,,,0,0,0,0,0,0
4297,8,Nautico,0,0,,,0,0,0,0,0,0
4298,8,Criciuma,0,0,,,0,0,0,0,0,0
4298,8,Gremio,0,0,,,0,0,0,0,0,0
4299,8,Cruzeiro,0,0,,,0,0,0,0,0,0
4299,8,Sao Paulo,0,0,,,0,0,0,0,0,0
4300,8,Coritiba,0,0,,,0,0,0,0,0,0
4300,8,Santos,0,0,,,0,0,0,0,0,0
4301,8,Athletico-Pr,0,0,,,0,0,0,0,0,0
4301,8,Corinthians,0,0,,,0,0,0,0,0,0
4302,8,Flamengo,,0,,,0,0,0,0,0,0
4302,8,Internacional,0,0,,,0,0,0,0,0,0
4303,8,Bahia,,0,,,0,0,0,0,0,0
4303,8,Vitoria,0,0,,,0,0,0,0,0,0
4304,8,Goias,0,0,,,0,0,0,0,0,0
4304,8,Portuguesa,0,0,,,0,0,0,0,0,0
4305,8,Fluminense,0,0,,,0,0,0,0,0,0
4305,8,Vasco,0,0,,,0,0,0,0,0,0
4306,8,Atletico-Mg,0,0,,,0,0,0,0,0,0
4306,8,Ponte Preta,0,0,,,0,0,0,0,0,0
4307,9,Criciuma,0,0,,,0,0,0,0,0,0
4307,9,Vasco,,0,,,0,0,0,0,0,0
4308,9,Athletico-Pr,0,0,,,,0,0,0,0,0
4308,9,Portuguesa,0,0,,,0,0,0,0,0,0
4309,9,Ponte  Preta,0,0,,,0,0,0,0,0,0
4309,9,Santos,0,0,,,0,0,0,0,0,0
4310,9,Fluminense,0,0,,,0,0,0,0,0,0
4310,9,Gremio,0,0,,,0,0,0,0,0,0
4311,9,Corinthians,0,0,,,0,0,0,0,0,0
4311,9,Sao Paulo,0,0,,,0,0,0,0,0,0
4312,9,Atletico-Mg,0,0,,,,0,0,0,0,0
4312,9,Cruzeiro,0,0,,,0,0,0,0,0,0
4313,9,Internacional,0,0,,,0,0,0,0,0,0
4313,9,Nautico,0,0,,,0,0,0,0,0,0
4314,9,Coritiba,0,0,,,0,0,0,0,0,0
4314,9,Vitoria,0,0,,,0,0,0,0,0,0
4315,9,Bahia,0,0,,,0,0,0,0,0,0
4315,9,Goias,0,0,,,0,0,0,0,0,0
4316,9,Botafogo-Rj,0,0,,,0,0,0,0,0,0
4316,9,Flamengo,0,0,,,0,0,0,0,0,0
4317,10,Cruzeiro,0,0,,,0,0,0,0,0,0
4317,10,Fluminense,0,0,,,0,0,0,0,0,0
4318,10,Athletico-Pr,0,0,,,0,0,0,0,0,0
4318,10,Atletico-Mg,0,0,,,,0,0,0,0,0
4319,10,Criciuma,0,0,,,0,0,0,0,0,0
4319,10,Portuguesa,0,0,,,0,0,0,0,0,0
4320,10,Coritiba,0,0,,,0,0,0,0,0,0
4320,10,Ponte Preta,,0,,,0,0,0,0,0,0
4321,10,Bahia,0,0,,,0,0,0,0,0,0
4321,10,Flamengo,0,0,,,0,0,0,0,0,0
4322,10,Corinthians,0,0,,,0,0,0,0,0,0
4322,10,Gremio,0,0,,,0,0,0,0,0,0
4323,10,Botafogo-Rj,0,0,,,,0,0,0,0,0
4323,10,Vitoria,0,0,,,0,0,0,0,0,0
4324,10,Goias,,0,,,0,0,0,0,0,0
4324,10,Vasco,0,0,,,0,0,0,0,0,0
4325,10,Nautico,0,0,,,0,0,0,0,0,0
4325,10,Sao Paulo,0,0,,,,0,0,0,0,0
4326,10,Internacional,0,0,,,0,0,0,0,,0
4326,10,Santos,0,0,,,0,0,0,0,0,0
4327,11,Bahia,0,0,,,0,0,0,0,0,0
4327,11,Sao Paulo,0,0,,,0,0,0,0,0,0
4328,11,Coritiba,0,0,,,0,0,0,0,0,0
4328,11,Cruzeiro,0,0,,,0,0,0,0,0,0
4329,11,Atletico-Mg,0,0,,,0,0,0,0,0,0
4329,11,Flamengo,0,0,,,0,0,0,0,0,0
4330,11,Gremio,0,0,,,0,0,0,0,0,0
4330,11,Internacional,0,0,,,0,0,0,0,0,0
4331,11,Fluminense,0,0,,,0,0,0,0,0,0
4331,11,Ponte Preta,0,0,,,,0,0,0,0,0
4332,11,Athletico-Pr,0,0,,,0,0,0,0,0,0
4332,11,Goias,0,0,,,0,0,0,0,0,0
4333,11,Corinthians,0,0,,,0,0,0,0,0,0
4333,11,Criciuma,0,0,,,0,0,0,0,0,0
4334,11,Botafogo-Rj,0,0,,,,0,0,0,0,0
4334,11,Vasco,0,0,,,0,0,0,0,0,0
4335,11,Portuguesa,0,0,,,0,0,0,0,0,0
4335,11,Vitoria,0,0,,,,0,0,0,0,0
4336,11,Nautico,0,0,,,0,0,0,0,0,0
4336,11,Santos,0,0,,,,0,0,0,0,0
4337,12,Internacional,0,0,,,0,0,0,0,0,0
4337,12,Sao  Paulo,0,0,,,0,0,0,0,0,0
4338,12,Fluminense,0,0,,,0,0,0,0,0,0
4338,12,Vitoria,0,0,,,0,0,0,0,0,0
4339,12,Criciuma,0,0,,,0,0,0,0,0,0
4339,12,Cruzeiro,0,0,,,,0,0,0,0,0
4340,12,Athletico-Pr,0,0,,,0,0,0,0,0,0
4340,12,Bahia,0,0,,,0,0,0,0,0,0
4341,12,Flamengo,0,0,,,0,0,0,0,0,0
4341,12,Portuguesa,0,0,,,0,0,0,0,0,0
4342,12,Atletico-Mg,0,0,,,0,0,0,0,0,0
4342,12,Botafogo-Rj,0,0,,,0,0,0,0,0,0
4343,12,Goias,0,0,,,0,0,0,0,0,0
4343,12,Nautico,0,0,,,0,0,0,0,0,0
4344,12,Corinthians,0,0,,,0,0,0,0,0,0
4344,12,Santos,0,0,,,0,0,0,0,0,0
4345,12,Ponte Preta,0,0,,,0,0,0,0,0,0
4345,12,Vasco,0,0,,,0,0,0,0,0,0
4346,12,Coritiba,0,0,,,0,0,0,0,0,0
4346,12,Gremio,0,0,,,0,0,0,0,0,0
4347,13,Atletico-Mg,0,0,,,0,0,0,0,0,0
4347,13,Nautico,0,0,,,0,0,0,0,0,0
4348,13,Botafogo-Rj,0,0,,,0,0,0,0,0,0
4348,13,Goias,0,0,,,0,0,0,0,0,0
4349,13,Flamengo,0,0,,,0,0,0,0,0,0
4349,13,Fluminense,0,0,,,0,0,0,0,0,0
4350,13,Corinthians,0,0,,,0,0,0,0,0,0
4350,13,Vitoria,0,0,,,0,0,0,0,0,0
4351,13,Coritiba,0,0,,,0,0,0,0,0,0
4351,13,Vasco,0,0,,,0,0,0,0,0,0
4352,13,Cruzeiro,0,0,,,0,0,0,0,0,0
4352,13,Santos,0,0,,,,0,0,0,0,0
4353,13,Athletico-Pr,0,0,,,0,0,0,0,0,0
4353,13,Internacional,0,0,,,,0,0,0,0,0
4354,13,Criciuma,,0,,,0,0,0,0,0,0
4354,13,Ponte Preta,0,0,,,0,0,0,0,0,0
4355,13,Portuguesa,0,0,,,0,0,0,0,0,0
4355,13,Sao Paulo,0,0,,,0,0,0,0,0,0
4356,13,Bahia,0,0,,,0,0,0,0,0,0
4356,13,Gremio,0,0,,,0,0,0,0,0,0
4357,14,Atletico-Mg,0,0,,,0,0,0,0,0,0
4357,14,Bahia,0,0,,,0,0,0,0,0,0
4358,14,Criciuma,0,0,,,0,0,0,0,0,0
4358,14,Nautico,0,0,,,0,0,0,0,0,0
4359,14,Santos,0,0,,,0,0,0,0,0,0
4359,14,Vasco,0,0,,,,0,0,0,0,0
4360,14,Ponte Preta,0,0,,,0,0,0,0,0,0
4360,14,Vitoria,0,0,,,0,0,0,0,0,0
4361,14,Coritiba,0,0,,,0,0,0,0,0,0
4361,14,Portuguesa,0,0,,,0,0,0,0,0,0
4362,14,Cruzeiro,0,0,,,,0,0,0,0,0
4362,14,Gremio,0,0,,,0,0,0,0,0,0
4363,14,Flamengo,0,0,,,,0,0,0,0,0
4363,14,Goias,0,0,,,0,0,0,0,0,0
4364,14,Corinthians,0,0,,,0,0,0,0,0,0
4364,14,Fluminense,0,0,,,,0,0,0,0,0
4365,14,Athletico-Pr,0,0,,,0,0,0,0,0,0
4365,14,Sao Paulo,0,0,,,0,0,0,0,0,0
4366,14,Botafogo-Rj,0,0,,,0,0,0,0,0,0
4366,14,Internacional,0,0,,,,0,0,0,0,0
4367,15,Fluminense,0,0,,,,0,0,0,0,0
4367,15,Nautico,0,0,,,0,0,0,0,0,0
4368,15,Cruzeiro,,0,,,0,0,0,0,0,0
4368,15,Vitoria,0,0,,,0,0,0,0,0,0
4369,15,Gremio,0,0,,,0,0,0,0,0,0
4369,15,Vasco,0,0,,,0,0,0,0,0,0
4370,15,Botafogo-Rj,0,0,,,0,0,0,0,0,0
4370,15,Portuguesa,0,0,,,0,0,0,0,0,0
4371,15,Goias,0,0,,,0,0,0,0,0,0
4371,15,Ponte Preta,0,0,,,0,0,0,0,0,0
4372,15,Flamengo,0,0,,,0,0,0,0,0,0
4372,15,Sao Paulo,0,0,,,0,0,0,0,0,0
4373,15,Corinthians,0,0,,,,0,0,0,0,0
4373,15,Coritiba,,0,,,0,0,0,0,0,0
4374,15,Athletico-Pr,0,0,,,0,0,0,0,0,0
4374,15,Criciuma,0,0,,,0,0,0,0,0,0
4375,15,Bahia,0,0,,,0,0,0,0,0,0
4375,15,Santos,0,0,,,,0,0,0,0,0
4376,15,Atletico-Mg,0,0,,,0,0,0,0,0,0
4376,15,Internacional,0,0,,,0,0,0,0,0,0
4377,16,Santos,0,0,,,0,0,0,0,0,0
4377,16,Vitoria,0,0,,,0,0,0,0,0,0
4378,16,Flamengo,0,0,,,0,0,0,0,0,0
4378,16,Gremio,0,0,,,,0,0,0,,0
4379,16,Cruzeiro,0,0,,,0,0,0,0,0,0
4379,16,Ponte Preta,0,0,,,0,0,0,0,0,0
4380,16,Coritiba,,0,,,0,0,0,0,0,0
4380,16,Criciuma,0,0,,,0,0,0,0,0,0
4381,16,Corinthians,0,0,,,0,0,0,0,0,0
4381,16,Vasco,0,0,,,0,0,0,0,0,0
4382,16,Atletico-Mg,,0,,,0,0,0,0,0,0
4382,16,Portuguesa,0,0,,,0,0,0,0,0,0
4383,16,Bahia,0,0,,,0,0,0,0,0,0
4383,16,Nautico,0,0,,,0,0,0,0,0,0
4384,16,Fluminense,0,0,,,0,0,0,0,0,0
4384,16,Sao Paulo,0,0,,,0,0,0,0,0,0
4385,16,Goias,0,0,,,0,0,0,0,0,0
4385,16,Internacional,0,0,,,0,0,0,0,0,0
4386,16,Athletico-Pr,0,0,,,0,0,0,0,0,0
4386,16,Botafogo-Rj,0,0,,,0,0,0,0,0,0
4387,17,Athletico-Pr,0,0,,,0,0,0,0,0,0
4387,17,Nautico,0,0,,,0,0,0,0,0,0
4388,17,Bahia,0,0,,,0,0,0,0,0,0
4388,17,Portuguesa,0,0,,,0,0,0,0,0,0
4389,17,Atletico-Mg,0,0,,,0,0,0,0,0,0
4389,17,Goias,0,0,,,0,0,0,0,0,0
4390,17,Gremio,0,0,,,0,0,0,0,0,0
4390,17,Ponte Preta,0,0,,,0,0,0,0,0,0
4391,17,Fluminense,0,0,,,0,0,0,0,0,0
4391,17,Santos,0,0,,,0,0,0,0,0,0
4392,17,Criciuma,0,0,,,,0,0,0,0,0
4392,17,Vitoria,0,0,,,0,0,0,0,0,0
4393,17,Botafogo-Rj,0,0,,,0,0,0,0,0,0
4393,17,Sao Paulo,0,0,,,0,0,0,0,0,0
4394,17,Corinthians,0,0,,,0,0,0,0,0,0
4394,17,Flamengo,0,0,,,0,0,0,0,,0
4395,17,Coritiba,0,0,,,0,0,0,0,0,0
4395,17,Internacional,0,0,,,0,0,0,0,0,0
4396,17,Cruzeiro,0,0,,,0,0,0,0,0,0
4396,17,Vasco,,0,,,0,0,0,0,0,0
4397,18,Goias,0,0,,,,0,0,0,0,0
4397,18,Gremio,0,0,,,0,0,0,0,0,0
4398,18,Flamengo,0,0,,,,0,0,0,0,0
4398,18,Vitoria,0,0,,,0,0,0,0,0,0
4399,18,Athletico-Pr,0,0,,,0,0,0,0,0,0
4399,18,Santos,0,0,,,0,0,0,0,0,0
4400,18,Ponte Preta,0,0,,,0,0,0,0,0,0
4400,18,Portuguesa,0,0,,,0,0,0,0,0,0
4401,18,Corinthians,0,0,,,0,0,0,0,0,0
4401,18,Internacional,0,0,,,0,0,0,0,0,0
4402,18,Atletico-Mg,0,0,,,0,0,0,0,0,0
4402,18,Fluminense,0,0,,,0,0,0,0,0,0
4403,18,Bahia,0,0,,,0,0,0,0,0,0
4403,18,Cruzeiro,0,0,,,0,0,0,0,0,0
4404,18,Botafogo-Rj,0,0,,,0,0,0,0,0,0
4404,18,Coritiba,0,0,,,0,0,0,0,0,0
4405,18,Nautico,0,0,,,0,0,0,0,0,0
4405,18,Vasco,0,0,,,0,0,0,0,0,0
4406,18,Criciuma,0,0,,,0,0,0,0,0,0
4406,18,Sao Paulo,0,0,,,0,0,0,0,0,0
4407,19,Atletico-Mg,0,0,,,,0,0,0,0,0
4407,19,Vitoria,0,0,,,0,0,0,0,0,0
4408,19,Internacional,0,0,,,0,0,0,0,0,0
4408,19,Ponte Preta,0,0,,,,0,0,0,0,0
4409,19,Goias,0,0,,,0,0,0,0,0,0
4409,19,Santos,0,0,,,0,0,0,0,0,0
4410,19,Bahia,0,0,,,0,0,0,0,0,0
4410,19,Fluminense,0,0,,,0,0,0,0,0,0
4411,19,Gremio,0,0,,,0,0,0,0,0,0
4411,19,Portuguesa,0,0,,,0,0,0,0,0,0
4412,19,Cruzeiro,0,0,,,0,0,0,0,0,0
4412,19,Flamengo,0,0,,,0,0,0,0,0,0
4413,19,Corinthians,,0,,,0,0,0,0,0,0
4413,19,Nautico,0,0,,,0,0,0,0,0,0
4414,19,Coritiba,0,0,,,,0,0,0,0,0
4414,19,Sao Paulo,0,0,,,0,0,0,0,0,0
4415,19,Botafogo-Rj,0,0,,,0,0,0,0,0,0
4415,19,Criciuma,,0,,,0,0,0,0,0,0
4416,19,Athletico-Pr,0,0,,,0,0,0,0,0,0
4416,19,Vasco,0,0,,,0,0,0,0,0,0
4417,20,Athletico-Pr,0,0,,,0,0,0,0,0,0
4417,20,Fluminense,0,0,,,0,0,0,0,0,0
4418,20,Cruzeiro,0,0,,,0,0,0,0,0,0
4418,20,Goias,0,0,,,,0,0,0,0,0
4419,20,Bahia,0,0,,,0,0,0,0,0,0
4419,20,Criciuma,0,0,,,0,0,0,0,0,0
4420,20,Gremio,0,0,,,0,0,0,0,0,0
4420,20,Nautico,0,0,,,0,0,0,0,0,0
4421,20,Botafogo-Rj,,0,,,0,0,0,0,0,0
4421,20,Corinthians,0,0,,,0,0,0,0,0,0
4422,20,Portuguesa,0,0,,,0,0,0,0,0,0
4422,20,Vasco,0,0,,,0,0,0,0,0,0
4423,20,Internacional,0,0,,,,0,0,0,0,0
4423,20,Vitoria,0,0,,,0,0,0,0,0,0
4424,20,Ponte Preta,0,0,,,0,0,0,0,0,0
4424,20,Sao Paulo,0,0,,,0,0,0,0,0,0
4425,20,Flamengo,0,0,,,0,0,0,0,0,0
4425,20,Santos,0,0,,,0,0,0,0,0,0
4426,20,Atletico-Mg,0,0,,,0,0,0,0,0,0
4426,20,Coritiba,0,0,,,0,0,0,0,0,0
4427,21,Athletico-Pr,0,0,,,,0,0,0,0,0
4427,21,Cruzeiro,0,0,,,,0,0,0,0,0
4428,21,Fluminense,0,0,,,0,0,0,0,0,0
4428,21,Portuguesa,0,0,,,0,0,0,0,0,0
4429,21,Criciuma,0,0,,,0,0,0,0,0,0
4429,21,Internacional,0,0,,,,0,0,0,0,0
4430,21,Flamengo,0,0,,,0,0,0,0,0,0
4430,21,Ponte Preta,,0,,,0,0,0,0,0,0
4431,21,Sao Paulo,,0,,,0,0,0,0,0,0
4431,21,Vasco,0,0,,,0,0,0,0,0,0
4432,21,Corinthians,,0,,,0,0,0,0,0,0
4432,21,Goias,0,0,,,0,0,0,0,0,0
4433,21,Bahia,0,0,,,,0,0,0,0,0
4433,21,Coritiba,0,0,,,0,0,0,0,0,0
4434,21,Nautico,0,0,,,0,0,0,0,0,0
4434,21,Vitoria,,0,,,0,0,0,0,0,0
4435,21,Botafogo-Rj,0,0,,,0,0,0,0,0,0
4435,21,Santos,0,0,,,0,0,0,0,0,0
4436,21,Atletico-Mg,0,0,,,0,0,0,0,0,0
4436,21,Gremio,0,0,,,0,0,0,0,0,0
4437,22,Vasco,0,0,,,0,0,0,0,0,0
4437,22,Vitoria,0,0,,,0,0,0,0,0,0
4438,22,Gremio,0,0,,,0,0,0,0,0,0
4438,22,Santos,0,0,,,0,0,0,0,0,0
4439,22,Coritiba,0,0,,,0,0,0,0,0,0
4439,22,Goias,0,0,,,0,0,0,0,0,0
4440,22,Criciuma,0,0,,,,0,0,0,0,0
4440,22,Fluminense,0,0,,,,0,0,0,,0
4441,22,Atletico-Mg,0,0,,,,0,0,0,0,0
4441,22,Sao  Paulo,0,0,,,0,0,0,0,0,0
4442,22,Corinthians,0,0,,,0,0,0,0,0,0
4442,22,Ponte Preta,0,0,,,0,0,0,0,0,0
4443,22,Botafogo-Rj,0,0,,,0,0,0,0,0,0
4443,22,Cruzeiro,,0,,,0,0,0,0,0,0
4444,22,Athletico-Pr,0,0,,,0,0,0,0,0,0
4444,22,Flamengo,0,0,,,0,0,0,0,0,0
4445,22,Bahia,,0,,,,0,0,0,0,0
4445,22,Internacional,0,0,,,0,0,0,0,0,0
4446,22,Nautico,0,0,,,0,0,0,0,0,0
4446,22,Portuguesa,0,0,,,0,0,0,0,0,0
4447,23,Coritiba,0,0,,,0,0,0,0,0,0
4447,23,Fluminense,0,0,,,0,0,0,0,,0
4448,23,Gremio,0,0,,,,0,0,0,0,0
4448,23,Vitoria,0,0,,,0,0,0,0,0,0
4449,23,Goias,0,0,,,,0,0,0,0,0
4449,23,Sao Paulo,0,0,,,0,0,0,0,0,0
4450,23,Internacional,0,0,,,0,0,0,0,0,0
4450,23,Portuguesa,0,0,,,0,0,0,0,0,0
4451,23,Flamengo,0,0,,,0,0,0,0,0,0
4451,23,Nautico,0,0,,,0,0,0,0,0,0
4452,23,Bahia,0,0,,,0,0,0,0,0,0
4452,23,Botafogo-Rj,0,0,,,,0,0,0,0,0
4453,23,Corinthians,0,0,,,0,0,0,0,0,0
4453,23,Cruzeiro,0,0,,,0,0,0,0,0,0
4454,23,Criciuma,0,0,,,0,0,0,0,0,0
4454,23,Santos,,0,,,0,0,0,0,0,0
4455,23,Athletico-Pr,0,0,,,0,0,0,0,0,0
4455,23,Ponte Preta,0,0,,,0,0,0,0,0,0
4456,23,Atletico-Mg,0,0,,,0,0,0,0,0,0
4456,23,Vasco,,0,,,0,0,0,0,0,0
4457,24,Fluminense,0,0,,,,0,0,0,0,0
4457,24,Goias,0,0,,,0,0,0,0,0,0
4458,24,Coritiba,0,0,,,0,0,0,0,,0
4458,24,Nautico,0,0,,,0,0,0,0,0,0
4459,24,Botafogo-Rj,0,0,,,0,0,0,0,0,0
4459,24,Ponte Preta,0,0,,,0,0,0,0,0,0
4460,24,Bahia,0,0,,,0,0,0,0,0,0
4460,24,Vasco,,0,,,0,0,0,0,0,0
4461,24,Criciuma,,0,,,0,0,0,0,0,0
4461,24,Flamengo,0,0,,,0,0,0,0,0,0
4462,24,Corinthians,0,0,,,0,0,0,0,0,0
4462,24,Portuguesa,0,0,,,0,0,0,0,0,0
4463,24,Gremio,0,0,,,0,0,0,0,0,0
4463,24,Sao Paulo,0,0,,,0,0,0,0,0,0
4464,24,Atletico-Mg,,0,,,0,0,0,0,0,0
4464,24,Santos,0,0,,,0,0,0,0,0,0
4465,24,Athletico-Pr,,0,,,0,0,0,0,0,0
4465,24,Vitoria,0,0,,,0,0,0,0,0,0
4466,24,Cruzeiro,0,0,,,0,0,0,0,0,0
4466,24,Internacional,0,0,,,0,0,0,0,0,0
4467,25,Atletico-Mg,0,0,,,0,0,0,0,0,0
4467,25,Criciuma,0,0,,,0,0,0,0,0,0
4468,25,Nautico,0,0,,,0,0,0,0,0,0
4468,25,Ponte Preta,0,0,,,0,0,0,0,0,0
4469,25,Athletico-Pr,0,0,,,0,0,0,0,0,0
4469,25,Gremio,0,0,,,0,0,0,0,0,0
4470,25,Cruzeiro,0,0,,,0,0,0,0,0,0
4470,25,Portuguesa,0,0,,,0,0,0,0,0,0
4471,25,Botafogo-Rj,0,0,,,0,0,0,0,0,0
4471,25,Fluminense,0,0,,,0,0,0,0,,0
4472,25,Goias,0,0,,,0,0,0,0,0,0
4472,25,Vitoria,0,0,,,0,0,0,0,0,0
4473,25,Coritiba,0,0,,,0,0,0,0,0,0
4473,25,Flamengo,0,0,,,0,0,0,0,0,0
4474,25,Bahia,0,0,,,0,0,0,0,0,0
4474,25,Corinthians,0,0,,,0,0,0,0,0,0
4475,25,Santos,0,0,,,0,0,0,0,0,0
4475,25,Sao Paulo,0,0,,,0,0,0,0,0,0
4476,25,Internacional,0,0,,,0,0,0,0,0,0
4476,25,Vasco,0,0,,,0,0,0,0,0,0
4477,26,Botafogo-Rj,0,0,,,,0,0,0,0,0
4477,26,Gremio,0,0,,,0,0,0,0,0,0
4478,26,Sao Paulo,0,0,,,0,0,0,0,0,0
4478,26,Vitoria,0,0,,,0,0,0,0,0,0
4479,26,Atletico-Mg,0,0,,,0,0,0,0,0,0
4479,26,Corinthians,0,0,,,0,0,0,0,0,0
4480,26,Athletico-Pr,0,0,,,0,0,0,0,0,0
4480,26,Coritiba,0,0,,,0,0,0,0,0,0
4481,26,Flamengo,0,0,,,0,0,0,0,0,0
4481,26,Vasco,0,0,,,0,0,0,0,0,0
4482,26,Fluminense,0,0,,,0,0,0,0,0,0
4482,26,Internacional,0,0,,,0,0,0,0,0,0
4483,26,Cruzeiro,0,0,,,0,0,0,0,0,0
4483,26,Nautico,0,0,,,0,0,0,0,0,0
4484,26,Bahia,0,0,,,0,0,0,0,0,0
4484,26,Ponte Preta,0,0,,,0,0,0,0,0,0
4485,26,Criciuma,0,0,,,0,0,0,0,0,0
4485,26,Goias,0,0,,,0,0,0,0,0,0
4486,26,Portuguesa,0,0,,,0,0,0,0,0,0
4486,26,Santos,0,0,,,,0,0,0,0,0
4487,27,Coritiba,,0,,,0,0,0,0,0,0
4487,27,Santos,0,0,,,0,0,0,0,0,0
4488,27,Criciuma,0,0,,,0,0,0,0,0,0
4488,27,Gremio,0,0,,,0,0,0,0,0,0
4489,27,Atletico-Mg,0,0,,,0,0,0,0,0,0
4489,27,Ponte Preta,0,0,,,0,0,0,0,0,0
4490,27,Bahia,0,0,,,0,0,0,0,0,0
4490,27,Vitoria,0,0,,,,0,0,0,0,0
4491,27,Athletico-Pr,0,0,,,0,0,0,0,0,0
4491,27,Corinthians,0,0,,,0,0,0,0,0,0
4492,27,Cruzeiro,0,0,,,0,0,0,0,0,0
4492,27,Sao Paulo,0,0,,,0,0,0,0,0,0
4493,27,Botafogo-Rj,0,0,,,0,0,0,0,0,0
4493,27,Nautico,0,0,,,0,0,0,0,0,0
4494,27,Fluminense,0,0,,,0,0,0,0,0,0
4494,27,Vasco,0,0,,,0,0,0,0,0,0
4495,27,Goias,0,0,,,0,0,0,0,0,0
4495,27,Portuguesa,0,0,,,,0,0,0,0,0
4496,27,Flamengo,0,0,,,0,0,0,0,0,0
4496,27,Internacional,0,0,,,0,0,0,0,0,0
4497,28,Fluminense,0,0,,,0,0,0,0,0,0
4497,28,Gremio,0,0,,,0,0,0,0,0,0
4498,28,Coritiba,0,0,,,0,0,0,0,0,0
4498,28,Vitoria,0,0,,,0,0,0,0,0,0
4499,28,Ponte Preta,0,0,,,0,0,0,0,0,0
4499,28,Santos,0,0,,,0,0,0,0,0,0
4500,28,Atletico-Mg,0,0,,,0,0,0,0,0,0
4500,28,Cruzeiro,0,0,,,0,0,0,0,0,0
4501,28,Criciuma,0,0,,,0,0,0,0,0,0
4501,28,Vasco,0,0,,,0,0,0,0,0,0
4502,28,Internacional,0,0,,,0,0,0,0,0,0
4502,28,Nautico,0,0,,,0,0,0,0,0,0
4503,28,Corinthians,0,0,,,0,0,0,0,0,0
4503,28,Sao  Paulo,0,0,,,0,0,0,0,0,0
4504,28,Athletico-Pr,0,0,,,0,0,0,0,0,0
4504,28,Portuguesa,0,0,,,0,0,0,0,0,0
4505,28,Botafogo-Rj,0,0,,,0,0,0,0,0,0
4505,28,Flamengo,0,0,,,,0,0,0,0,0
4506,28,Bahia,0,0,,,0,0,0,0,0,0
4506,28,Goias,0,0,,,0,0,0,0,0,0
4507,29,Cruzeiro,0,0,,,0,0,0,0,0,0
4507,29,Fluminense,,0,,,0,0,0,0,0,0
4508,29,Internacional,0,0,,,0,0,0,0,0,0
4508,29,Santos,0,0,,,0,0,0,0,0,0
4509,29,Criciuma,0,0,,,0,0,0,0,0,0
4509,29,Portuguesa,0,0,,,0,0,0,0,0,0
4510,29,Coritiba,0,0,,,0,0,0,0,0,0
4510,29,Ponte Preta,0,0,,,,0,0,0,0,0
4511,29,Nautico,0,0,,,0,0,0,0,0,0
4511,29,Sao Paulo,0,0,,,0,0,0,0,0,0
4512,29,Bahia,0,0,,,0,0,0,0,0,0
4512,29,Flamengo,0,0,,,0,0,0,0,0,0
4513,29,Athletico-Pr,0,0,,,,0,0,0,0,0
4513,29,Atletico-Mg,0,0,,,0,0,0,0,0,0
4514,29,Corinthians,0,0,,,0,0,0,0,0,0
4514,29,Gremio,0,0,,,0,0,0,0,0,0
4515,29,Goias,0,0,,,0,0,0,0,0,0
4515,29,Vasco,0,0,,,0,0,0,0,0,0
4516,29,Botafogo-Rj,0,0,,,,0,0,0,0,0
4516,29,Vitoria,0,0,,,0,0,0,0,0,0
4517,30,Fluminense,0,0,,,0,0,0,0,0,0
4517,30,Ponte Preta,0,0,,,0,0,0,0,0,0
4518,30,Nautico,0,0,,,0,0,0,0,0,0
4518,30,Santos,0,0,,,0,0,0,0,0,0
4519,30,Corinthians,0,0,,,0,0,0,0,0,0
4519,30,Criciuma,0,0,,,0,0,0,0,0,0
4520,30,Atletico-Mg,0,0,,,0,0,0,0,,0
4520,30,Flamengo,0,0,,,0,0,0,0,0,0
4521,30,Bahia,0,0,,,,0,0,0,0,0
4521,30,Sao Paulo,0,0,,,0,0,0,0,0,0
4522,30,Athletico-Pr,0,0,,,0,0,0,0,0,0
4522,30,Goias,0,0,,,0,0,0,0,0,0
4523,30,Gremio,0,0,,,0,0,0,0,0,0
4523,30,Internacional,0,0,,,0,0,0,0,0,0
4524,30,Botafogo-Rj,0,0,,,0,0,0,0,0,0
4524,30,Vasco,,0,,,0,0,0,0,0,0
4525,30,Coritiba,0,0,,,0,0,0,0,0,0
4525,30,Cruzeiro,0,0,,,0,0,0,0,0,0
4526,30,Portuguesa,0,0,,,0,0,0,0,0,0
4526,30,Vitoria,0,0,,,0,0,0,0,0,0
4527,31,Atletico-Mg,0,0,,,0,0,0,0,0,0
4527,31,Botafogo-Rj,0,0,,,0,0,0,0,0,0
4528,31,Criciuma,0,0,,,0,0,0,0,0,0
4528,31,Cruzeiro,0,0,,,0,0,0,0,0,0
4529,31,Athletico-Pr,0,0,,,0,0,0,0,0,0
4529,31,Bahia,0,0,,,0,0,0,0,0,0
4530,31,Corinthians,0,0,,,,0,0,0,0,0
4530,31,Santos,0,0,,,0,0,0,0,0,0
4531,31,Internacional,0,0,,,0,0,0,0,0,0
4531,31,Sao Paulo,0,0,,,0,0,0,0,0,0
4532,31,Ponte  Preta,0,0,,,,0,0,0,0,0
4532,31,Vasco,0,0,,,0,0,0,0,0,0
4533,31,Flamengo,0,0,,,0,0,0,0,0,0
4533,31,Portuguesa,0,0,,,0,0,0,0,0,0
4534,31,Coritiba,0,0,,,0,0,0,0,0,0
4534,31,Gremio,0,0,,,0,0,0,0,0,0
4535,31,Fluminense,0,0,,,0,0,0,0,0,0
4535,31,Vitoria,0,0,,,0,0,0,0,0,0
4536,31,Goias,,0,,,0,0,0,0,0,0
4536,31,Nautico,0,0,,,0,0,0,0,0,0
4537,32,Portuguesa,0,0,,,0,0,0,0,0,0
4537,32,Sao Paulo,0,0,,,0,0,0,0,0,0
4538,32,Coritiba,0,0,,,0,0,0,0,0,0
4538,32,Vasco,0,0,,,0,0,0,0,0,0
4539,32,Atletico-Mg,0,0,,,0,0,0,0,0,0
4539,32,Nautico,0,0,,,0,0,0,0,0,0
4540,32,Botafogo-Rj,0,0,,,0,0,0,0,0,0
4540,32,Goias,0,0,,,,0,0,0,0,0
4541,32,Bahia,0,0,,,0,0,0,0,0,0
4541,32,Gremio,0,0,,,0,0,0,0,0,0
4542,32,Cruzeiro,0,0,,,0,0,0,0,0,0
4542,32,Santos,0,0,,,0,0,0,0,0,0
4543,32,Corinthians,0,0,,,0,0,0,0,0,0
4543,32,Vitoria,0,0,,,0,0,0,0,0,0
4544,32,Athletico-Pr,0,0,,,0,0,0,0,0,0
4544,32,Internacional,0,0,,,0,0,0,0,0,0
4545,32,Criciuma,0,0,,,0,0,0,0,0,0
4545,32,Ponte Preta,0,0,,,,0,0,0,0,0
4546,32,Flamengo,0,0,,,0,0,0,0,0,0
4546,32,Fluminense,0,0,,,,0,0,0,0,0
4547,33,Atletico-Mg,0,0,,,0,0,0,0,0,0
4547,33,Bahia,0,0,,,0,0,0,0,0,0
4548,33,Coritiba,0,0,,,0,0,0,0,0,0
4548,33,Portuguesa,0,0,,,0,0,0,0,0,0
4549,33,Flamengo,0,0,,,0,0,0,0,0,0
4549,33,Goias,0,0,,,0,0,0,0,0,0
4550,33,Athletico-Pr,0,0,,,0,0,0,0,0,0
4550,33,Sao Paulo,0,0,,,0,0,0,0,0,0
4551,33,Cruzeiro,0,0,,,0,0,0,0,0,0
4551,33,Gremio,0,0,,,0,0,0,0,0,0
4552,33,Botafogo-Rj,0,0,,,0,0,0,0,0,0
4552,33,Internacional,0,0,,,0,0,0,0,0,0
4553,33,Ponte Preta,0,0,,,0,0,0,0,0,0
4553,33,Vitoria,0,0,,,0,0,0,0,0,0
4554,33,Corinthians,0,0,,,0,0,0,0,0,0
4554,33,Fluminense,0,0,,,0,0,0,0,0,0
4555,33,Criciuma,0,0,,,0,0,0,0,0,0
4555,33,Nautico,0,0,,,0,0,0,0,0,0
4556,33,Santos,0,0,,,0,0,0,0,0,0
4556,33,Vasco,0,0,,,0,0,0,0,0,0
4557,34,Goias,0,0,,,0,0,0,0,0,0
4557,34,Ponte Preta,0,0,,,0,0,0,0,0,0
4558,34,Gremio,0,0,,,0,0,0,0,0,0
4558,34,Vasco,0,0,,,0,0,0,0,0,0
4559,34,Botafogo-Rj,0,0,,,0,0,0,0,0,0
4559,34,Portuguesa,0,0,,,0,0,0,0,0,0
4560,34,Athletico-Pr,,0,,,0,0,0,0,0,0
4560,34,Criciuma,0,0,,,0,0,0,0,0,0
4561,34,Corinthians,0,0,,,0,0,0,0,0,0
4561,34,Coritiba,0,0,,,0,0,0,0,0,0
4562,34,Flamengo,0,0,,,0,0,0,0,0,0
4562,34,Sao Paulo,0,0,,,0,0,0,0,0,0
4563,34,Cruzeiro,0,0,,,0,0,0,0,0,0
4563,34,Vitoria,0,0,,,0,0,0,0,0,0
4564,34,Bahia,0,0,,,0,0,0,0,0,0
4564,34,Santos,0,0,,,0,0,0,0,0,0
4565,34,Atletico-Mg,0,0,,,0,0,0,0,0,0
4565,34,Internacional,0,0,,,0,0,0,0,0,0
4566,34,Fluminense,0,0,,,0,0,0,0,0,0
4566,34,Nautico,0,0,,,0,0,0,0,0,0
4567,35,Athletico-Pr,0,0,,,0,0,0,0,0,0
4567,35,Botafogo-Rj,0,0,,,0,0,0,0,0,0
4568,35,Coritiba,0,0,,,0,0,0,0,0,0
4568,35,Criciuma,0,0,,,,0,0,0,0,0
4569,35,Corinthians,0,0,,,0,0,0,0,0,0
4569,35,Vasco,0,0,,,0,0,0,0,0,0
4570,35,Cruzeiro,0,0,,,0,0,0,0,0,0
4570,35,Ponte Preta,0,0,,,0,0,0,0,0,0
4571,35,Fluminense,0,0,,,0,0,0,0,0,0
4571,35,Sao Paulo,0,0,,,0,0,0,0,0,0
4572,35,Santos,0,0,,,0,0,0,0,0,0
4572,35,Vitoria,0,0,,,0,0,0,0,0,0
4573,35,Goias,0,0,,,0,0,0,0,0,0
4573,35,Internacional,0,0,,,0,0,0,0,0,0
4574,35,Flamengo,0,0,,,0,0,0,0,0,0
4574,35,Gremio,0,0,,,0,0,0,0,0,0
4575,35,Bahia,0,0,,,0,0,0,0,0,0
4575,35,Nautico,0,0,,,0,0,0,0,0,0
4576,35,Atletico-Mg,0,0,,,0,0,0,0,0,0
4576,35,Portuguesa,0,0,,,0,0,0,0,0,0
4577,36,Criciuma,0,0,,,0,0,0,0,0,0
4577,36,Vitoria,0,0,,,0,0,0,0,0,0
4578,36,Cruzeiro,,0,,,0,0,0,0,0,0
4578,36,Vasco,0,0,,,0,0,0,0,0,0
4579,36,Atletico-Mg,0,0,,,0,0,0,0,0,0
4579,36,Goias,0,0,,,0,0,0,0,0,0
4580,36,Athletico-Pr,0,0,,,0,0,0,0,0,0
4580,36,Nautico,,0,,,0,0,0,0,0,0
4581,36,Corinthians,,0,,,0,0,0,0,0,0
4581,36,Flamengo,,0,,,0,0,0,0,0,0
4582,36,Gremio,0,0,,,0,0,0,0,0,0
4582,36,Ponte Preta,0,0,,,0,0,0,0,0,0
4583,36,Fluminense,0,0,,,0,0,0,0,0,0
4583,36,Santos,0,0,,,0,0,0,0,0,0
4584,36,Bahia,,0,,,0,0,0,0,0,0
4584,36,Portuguesa,0,0,,,0,0,0,0,0,0
4585,36,Coritiba,0,0,,,0,0,0,0,0,0
4585,36,Internacional,0,0,,,0,0,0,0,0,0
4586,36,Botafogo-Rj,0,0,,,0,0,0,0,0,0
4586,36,Sao Paulo,0,0,,,0,0,0,0,0,0
4587,37,Atletico-Mg,0,0,,,0,0,0,0,0,0
4587,37,Fluminense,0,0,,,0,0,0,0,0,0
4588,37,Corinthians,,0,,,0,0,0,0,0,0
4588,37,Internacional,0,0,,,0,0,0,0,0,0
4589,37,Botafogo-Rj,0,0,,,0,0,0,0,0,0
4589,37,Coritiba,0,0,,,0,0,0,0,0,0
4590,37,Criciuma,0,0,,,0,0,0,0,0,0
4590,37,Sao Paulo,0,0,,,0,0,0,0,0,0
4591,37,Bahia,0,0,,,0,0,0,0,0,0
4591,37,Cruzeiro,0,0,,,0,0,0,0,0,0
4592,37,Ponte Preta,0,0,,,0,0,0,0,0,0
4592,37,Portuguesa,0,0,,,0,0,0,0,0,0
4593,37,Nautico,0,0,,,0,0,0,0,0,0
4593,37,Vasco,0,0,,,0,0,0,0,0,0
4594,37,Flamengo,0,0,,,0,0,0,0,0,0
4594,37,Vitoria,0,0,,,0,0,0,0,0,0
4595,37,Goias,0,0,,,0,0,0,0,0,0
4595,37,Gremio,0,0,,,0,0,0,0,0,0
4596,37,Athletico-Pr,0,0,,,0,0,0,0,0,0
4596,37,Santos,0,0,,,0,0,0,0,0,0
4597,38,Cruzeiro,0,0,,,,0,0,0,0,0
4597,38,Flamengo,0,0,,,0,0,0,0,0,0
4598,38,Corinthians,0,0,,,0,0,0,0,0,0
4598,38,Nautico,0,0,,,0,0,0,0,0,0
4599,38,Atletico-Mg,0,0,,,0,0,0,0,0,0
4599,38,Vitoria,0,0,,,0,0,0,0,0,0
4600,38,Athletico-Pr,0,0,,,0,0,0,0,0,0
4600,38,Vasco,0,0,,,0,0,0,0,0,0
4601,38,Bahia,,0,,,0,0,0,0,0,0
4601,38,Fluminense,0,0,,,0,0,0,0,0,0
4602,38,Botafogo-Rj,0,0,,,0,0,0,0,0,0
4602,38,Criciuma,,0,,,0,0,0,0,0,0
4603,38,Goias,0,0,,,0,0,0,0,0,0
4603,38,Santos,0,0,,,0,0,0,0,0,0
4604,38,Internacional,0,0,,,0,0,0,0,0,0
4604,38,Ponte Preta,0,0,,,0,0,0,0,0,0
4605,38,Gremio,0,0,,,0,0,0,0,0,0
4605,38,Portuguesa,,0,,,0,0,0,0,0,0
4606,38,Coritiba,0,0,,,0,0,0,0,,0
4606,38,Sao Paulo,0,0,,,0,0,0,0,0,0
4607,1,Figueirense,0,0,,,0,0,0,0,0,0
4607,1,Fluminense,0,0,,,0,0,0,0,0,0
4608,1,Internacional,0,0,,,0,0,0,0,0,0
4608,1,Vitoria,0,0,,,0,0,0,0,0,0
4609,1,Chapecoense,,0,,,0,0,0,0,0,0
4609,1,Coritiba,,0,,,0,0,0,0,0,0
4610,1,Athletico-Pr,0,0,,,0,0,0,0,0,0
4610,1,Gremio,0,0,,,0,0,0,0,0,0
4611,1,Botafogo-Rj,0,0,,,0,0,0,0,0,0
4611,1,Sao  Paulo,0,0,,,0,0,0,0,0,0
4612,1,Bahia,0,0,,,0,0,0,0,0,0
4612,1,Cruzeiro,0,0,,,0,0,0,0,0,0
4613,1,Atletico-Mg,0,0,,,0,0,0,0,0,0
4613,1,Corinthians,0,0,,,0,0,0,0,0,0
4614,1,Flamengo,0,0,,,0,0,0,0,0,0
4614,1,Goias,0,0,,,0,0,0,0,0,0
4615,1,Santos,0,0,,,0,0,0,0,0,0
4615,1,Sport,0,0,,,0,0,0,0,0,0
4616,1,Criciuma,0,0,,,0,0,0,0,0,0
4616,1,Palmeiras,0,0,,,0,0,0,0,0,0
4617,2,Coritiba,0,0,,,0,0,0,0,0,0
4617,2,Santos,0,0,,,0,0,0,0,0,0
4618,2,Fluminense,0,0,,,0,0,0,0,0,0
4618,2,Palmeiras,0,0,,,0,0,0,0,0,0
4619,2,Botafogo-Rj,0,0,,,0,0,0,0,0,0
4619,2,Internacional,0,0,,,0,0,0,0,0,0
4620,2,Athletico-Pr,0,0,,,0,0,0,0,0,0
4620,2,Vitoria,0,0,,,,0,0,0,0,0
4621,2,Corinthians,0,0,,,0,0,0,0,0,0
4621,2,Flamengo,0,0,,,0,0,0,0,0,0
4622,2,Cruzeiro,0,0,,,0,0,0,0,0,0
4622,2,Sao Paulo,0,0,,,0,0,0,0,0,0
4623,2,Bahia,0,0,,,0,0,0,0,0,0
4623,2,Figueirense,0,0,,,,0,0,0,0,0
4624,2,Atletico-Mg,0,0,,,0,0,0,0,0,0
4624,2,Gremio,0,0,,,0,0,0,0,0,0
4625,2,Criciuma,0,0,,,0,0,0,0,0,0
4625,2,Goias,0,0,,,0,0,0,0,0,0
4626,2,Chapecoense,0,0,,,,0,0,0,0,0
4626,2,Sport,0,0,,,0,0,0,0,0,0
4627,3,Gremio,0,0,,,0,0,0,0,0,0
4627,3,Santos,0,0,,,,0,0,0,0,0
4628,3,Athletico-Pr,0,0,,,0,0,0,0,0,0
4628,3,Cruzeiro,0,0,,,0,0,0,0,0,0
4629,3,Coritiba,0,0,,,,0,0,0,0,0
4629,3,Sao Paulo,,0,,,0,0,0,0,0,0
4630,3,Fluminense,0,0,,,,0,0,0,0,0
4630,3,Vitoria,0,0,,,,0,0,0,0,0
4631,3,Criciuma,0,0,,,,0,0,0,0,0
4631,3,Figueirense,0,0,,,0,0,0,0,0,0
4632,3,Internacional,,0,,,0,0,0,0,0,0
4632,3,Sport,0,0,,,0,0,0,0,0,0
4633,3,Bahia,0,0,,,0,0,0,0,0,0
4633,3,Botafogo-Rj,0,0,,,0,0,0,0,0,0
4634,3,Flamengo,0,0,,,0,0,0,0,0,0
4634,3,Palmeiras,0,0,,,,0,0,0,0,0
4635,3,Chapecoense,0,0,,,0,0,0,0,0,0
4635,3,Corinthians,0,0,,,0,0,0,0,0,0
4636,3,Atletico-Mg,0,0,,,0,0,0,0,0,0
4636,3,Goias,0,0,,,0,0,0,0,0,0
4637,4,Athletico-Pr,0,0,,,0,0,0,0,0,0
4637,4,Internacional,0,0,,,0,0,0,0,0,0
4638,4,Goias,0,0,,,0,0,0,0,0,0
4638,4,Palmeiras,0,0,,,0,0,0,0,0,0
4639,4,Botafogo-Rj,0,0,,,0,0,0,0,0,0
4639,4,Criciuma,0,0,,,0,0,0,0,0,0
4640,4,Chapecoense,0,0,,,0,0,0,0,0,0
4640,4,Gremio,0,0,,,0,0,0,0,0,0
4641,4,Flamengo,0,0,,,0,0,0,0,0,0
4641,4,Fluminense,0,0,,,,0,0,0,0,0
4642,4,Atletico-Mg,0,0,,,0,0,0,0,0,0
4642,4,Cruzeiro,0,0,,,,0,0,0,0,0
4643,4,Corinthians,0,0,,,0,0,0,0,0,0
4643,4,Sao Paulo,0,0,,,0,0,0,0,0,0
4644,4,Figueirense,,0,,,0,0,0,0,0,0
4644,4,Santos,0,0,,,,0,0,0,,0
4645,4,Coritiba,0,0,,,0,0,0,0,0,0
4645,4,Sport,0,0,,,0,0,0,0,0,0
4646,4,Bahia,0,0,,,,0,0,0,0,0
4646,4,Vitoria,0,0,,,0,0,0,0,0,0
4647,5,Botafogo-Rj,0,0,,,0,0,0,0,0,0
4647,5,Goias,0,0,,,0,0,0,0,0,0
4648,5,Coritiba,0,0,,,0,0,0,0,0,0
4648,5,Cruzeiro,0,0,,,0,0,0,0,0,0
4649,5,Fluminense,0,0,,,0,0,0,0,0,0
4649,5,Gremio,0,0,,,0,0,0,0,0,0
4650,5,Corinthians,0,0,,,0,0,0,0,0,0
4650,5,Figueirense,0,0,,,0,0,0,0,0,0
4651,5,Flamengo,0,0,,,0,0,0,0,0,0
4651,5,Sao Paulo,0,0,,,0,0,0,0,0,0
4652,5,Athletico-Pr,0,0,,,0,0,0,0,0,0
4652,5,Chapecoense,0,0,,,0,0,0,0,0,0
4653,5,Palmeiras,0,0,,,,0,0,0,0,0
4653,5,Vitoria,0,0,,,0,0,0,0,0,0
4654,5,Criciuma,0,0,,,0,0,0,0,0,0
4654,5,Internacional,0,0,,,0,0,0,0,0,0
4655,5,Atletico-Mg,0,0,,,0,0,0,0,0,0
4655,5,Santos,0,0,,,0,0,0,0,0,0
4656,5,Bahia,0,0,,,0,0,0,0,0,0
4656,5,Sport,,0,,,0,0,0,0,0,0
4657,6,Coritiba,0,0,,,0,0,0,0,0,0
4657,6,Internacional,,0,,,0,0,0,0,0,0
4658,6,Bahia,0,0,,,0,0,0,0,0,0
4658,6,Flamengo,,0,,,0,0,0,0,0,0
4659,6,Cruzeiro,0,0,,,0,0,0,0,0,0
4659,6,Sport,0,0,,,0,0,0,0,0,0
4660,6,Chapecoense,0,0,,,0,0,0,0,0,0
4660,6,Criciuma,0,0,,,0,0,0,0,0,0
4661,6,Athletico-Pr,0,0,,,0,0,0,0,0,0
4661,6,Corinthians,0,0,,,,0,0,0,0,0
4662,6,Fluminense,0,0,,,0,0,0,0,0,0
4662,6,Sao Paulo,0,0,,,0,0,0,0,0,0
4663,6,Botafogo-Rj,0,0,,,0,0,0,0,0,0
4663,6,Gremio,0,0,,,0,0,0,0,0,0
4664,6,Figueirense,0,0,,,0,0,0,0,0,0
4664,6,Palmeiras,0,0,,,0,0,0,0,0,0
4665,6,Goias,0,0,,,0,0,0,0,0,0
4665,6,Santos,0,0,,,0,0,0,0,0,0
4666,6,Atletico-Mg,,0,,,0,0,0,0,0,0
4666,6,Vitoria,0,0,,,0,0,0,0,0,0
4667,7,Bahia,0,0,,,0,0,0,0,0,0
4667,7,Fluminense,0,0,,,0,0,0,0,0,0
4668,7,Gremio,0,0,,,0,0,0,0,0,0
4668,7,Sao Paulo,0,0,,,0,0,0,0,0,0
4669,7,Flamengo,0,0,,,,0,0,0,0,0
4669,7,Santos,0,0,,,0,0,0,0,0,0
4670,7,Figueirense,0,0,,,0,0,0,0,0,0
4670,7,Goias,0,0,,,0,0,0,0,0,0
4671,7,Corinthians,0,0,,,0,0,0,0,0,0
4671,7,Sport,,0,,,0,0,0,0,0,0
4672,7,Athletico-Pr,0,0,,,0,0,0,0,0,0
4672,7,Coritiba,0,0,,,0,0,0,0,0,0
4673,7,Cruzeiro,0,0,,,0,0,0,0,0,0
4673,7,Internacional,0,0,,,0,0,0,0,0,0
4674,7,Botafogo-Rj,0,0,,,0,0,0,0,0,0
4674,7,Vitoria,0,0,,,0,0,0,0,0,0
4675,7,Chapecoense,0,0,,,0,0,0,0,0,0
4675,7,Palmeiras,0,0,,,0,0,0,0,0,0
4676,7,Atletico-Mg,0,0,,,0,0,0,0,,0
4676,7,Criciuma,,0,,,0,0,0,0,0,0
4677,8,Coritiba,0,0,,,0,0,0,0,0,0
4677,8,Criciuma,0,0,,,0,0,0,0,0,0
4678,8,Botafogo-Rj,0,0,,,0,0,0,0,0,0
4678,8,Palmeiras,0,0,,,0,0,0,0,0,0
4679,8,Gremio,0,0,,,0,0,0,0,0,0
4679,8,Sport,,0,,,0,0,0,0,0,0
4680,8,Chapecoense,0,0,,,0,0,0,0,0,0
4680,8,Internacional,0,0,,,,0,0,0,0,0
4681,8,Goias,0,0,,,0,0,0,0,0,0
4681,8,Vitoria,0,0,,,0,0,0,0,0,0
4682,8,Corinthians,0,0,,,0,0,0,0,0,0
4682,8,Cruzeiro,0,0,,,0,0,0,0,0,0
4683,8,Athletico-Pr,0,0,,,,0,0,0,0,0
4683,8,Sao Paulo,0,0,,,0,0,0,0,0,0
4684,8,Atletico-Mg,0,0,,,0,0,0,0,0,0
4684,8,Fluminense,0,0,,,0,0,0,0,0,0
4685,8,Figueirense,,0,,,0,0,0,0,0,0
4685,8,Flamengo,,0,,,0,0,0,0,0,0
4686,8,Bahia,0,0,,,0,0,0,0,0,0
4686,8,Santos,0,0,,,0,0,0,0,0,0
4687,9,Coritiba,0,0,,,0,0,0,0,0,0
4687,9,Goias,0,0,,,0,0,0,0,0,0
4688,9,Atletico-Mg,0,0,,,0,0,0,0,0,0
4688,9,Sao Paulo,0,0,,,0,0,0,0,0,0
4689,9,Sport,0,0,,,0,0,0,0,0,0
4689,9,Vitoria,0,0,,,0,0,0,0,,0
4690,9,Gremio,0,0,,,0,0,0,0,0,0
4690,9,Palmeiras,0,0,,,0,0,0,0,0,0
4691,9,Bahia,0,0,,,0,0,0,0,0,0
4691,9,Chapecoense,0,0,,,0,0,0,0,0,0
4692,9,Cruzeiro,0,0,,,0,0,0,0,0,0
4692,9,Flamengo,0,0,,,0,0,0,0,0,0
4693,9,Fluminense,0,0,,,0,0,0,0,0,0
4693,9,Internacional,0,0,,,0,0,0,0,0,0
4694,9,Criciuma,0,0,,,0,0,0,0,0,0
4694,9,Santos,0,0,,,0,0,0,0,0,0
4695,9,Athletico-Pr,0,0,,,,0,0,0,0,0
4695,9,Figueirense,,0,,,0,0,0,0,0,0
4696,9,Botafogo-Rj,0,0,,,0,0,0,0,0,0
4696,9,Corinthians,0,0,,,0,0,0,0,0,0
4697,28,Botafogo-Rj,0,0,,,0,0,0,0,0,0
4697,28,Corinthians,0,0,,,0,0,0,0,0,0
4698,28,Coritiba,21,0,61,,587,5,13,0,2,0
4698,28,Goias,8,0,39,,385,1,16,1,2,0
4699,28,Gremio,0,0,,,0,0,0,0,0,0
4699,28,Palmeiras,0,0,,,0,0,0,0,0,0
4700,28,Cruzeiro,0,0,,,0,0,0,0,0,0
4700,28,Flamengo,0,0,,,0,0,0,0,0,0
4701,28,Bahia,0,0,,,0,0,0,0,0,0
4701,28,Chapecoense,0,0,,,0,0,0,0,0,0
4702,28,Fluminense,0,0,,,0,0,0,0,0,0
4702,28,Internacional,0,0,,,0,0,0,0,0,0
4703,28,Atletico-Mg,0,0,,,0,0,0,0,0,0
4703,28,Sao Paulo,0,0,,,0,0,0,0,0,0
4704,28,Athletico-Pr,0,0,,,0,0,0,0,0,0
4704,28,Figueirense,,0,,,0,0,0,0,0,0
4705,28,Sport,0,0,,,0,0,0,0,0,0
4705,28,Vitoria,0,0,,,0,0,0,0,0,0
4706,28,Criciuma,0,0,,,0,0,0,0,0,0
4706,28,Santos,0,0,,,0,0,0,0,0,0
4707,10,Goias,0,0,,,0,0,0,0,0,0
4707,10,Gremio,0,0,,,0,0,0,0,0,0
4708,10,Coritiba,0,0,,,0,0,0,0,0,0
4708,10,Figueirense,0,0,,,0,0,0,0,0,0
4709,10,Botafogo-Rj,0,0,,,0,0,0,0,,0
4709,10,Sport,0,0,,,0,0,0,0,0,0
4710,10,Criciuma,0,0,,,0,0,0,0,,0
4710,10,Fluminense,0,0,,,0,0,0,0,0,0
4711,10,Bahia,0,0,,,0,0,0,0,0,0
4711,10,Sao Paulo,0,0,,,0,0,0,0,0,0
4712,10,Athletico-Pr,0,0,,,0,0,0,0,0,0
4712,10,Flamengo,0,0,,,0,0,0,0,0,0
4713,10,Corinthians,0,0,,,0,0,0,0,0,0
4713,10,Internacional,0,0,,,,0,0,0,0,0
4714,10,Palmeiras,0,0,,,0,0,0,0,0,0
4714,10,Santos,0,0,,,0,0,0,0,0,0
4715,10,Cruzeiro,,0,,,0,0,0,0,0,0
4715,10,Vitoria,,0,,,0,0,0,0,0,0
4716,10,Atletico-Mg,0,0,,,0,0,0,0,0,0
4716,10,Chapecoense,0,0,,,0,0,0,0,0,0
4717,11,Chapecoense,0,0,,,0,0,0,0,0,0
4717,11,Sao Paulo,0,0,,,,0,0,0,0,0
4718,11,Figueirense,0,0,,,0,0,0,0,0,0
4718,11,Gremio,0,0,,,0,0,0,0,0,0
4719,11,Atletico-Mg,0,0,,,0,0,0,0,0,0
4719,11,Bahia,0,0,,,0,0,0,0,0,0
4720,11,Botafogo-Rj,0,0,,,0,0,0,0,0,0
4720,11,Coritiba,,0,,,0,0,0,0,0,0
4721,11,Flamengo,0,0,,,0,0,0,0,0,0
4721,11,Internacional,0,0,,,0,0,0,0,0,0
4722,11,Cruzeiro,0,0,,,0,0,0,0,0,0
4722,11,Palmeiras,0,0,,,0,0,0,0,,0
4723,11,Corinthians,0,0,,,0,0,0,0,0,0
4723,11,Vitoria,0,0,,,0,0,0,0,0,0
4724,11,Athletico-Pr,0,0,,,0,0,0,0,0,0
4724,11,Criciuma,,0,,,0,0,0,0,0,0
4725,11,Fluminense,0,0,,,0,0,0,0,0,0
4725,11,Santos,0,0,,,0,0,0,0,0,0
4726,11,Goias,,0,,,0,0,0,0,0,0
4726,11,Sport,0,0,,,0,0,0,0,0,0
4727,12,Chapecoense,0,0,,,0,0,0,0,0,0
4727,12,Santos,0,0,,,0,0,0,0,0,0
4728,12,Cruzeiro,0,0,,,0,0,0,0,0,0
4728,12,Figueirense,0,0,,,0,0,0,0,0,0
4729,12,Criciuma,0,0,,,0,0,0,0,0,0
4729,12,Vitoria,0,0,,,0,0,0,0,0,0
4730,12,Bahia,,0,,,0,0,0,0,0,0
4730,12,Internacional,0,0,,,0,0,0,0,0,0
4731,12,Goias,0,0,,,0,0,0,0,0,0
4731,12,Sao Paulo,0,0,,,0,0,0,0,0,0
4732,12,Athletico-Pr,0,0,,,0,0,0,0,0,0
4732,12,Fluminense,0,0,,,0,0,0,0,0,0
4733,12,Corinthians,0,0,,,0,0,0,0,0,0
4733,12,Palmeiras,0,0,,,0,0,0,0,0,0
4734,12,Atletico-Mg,0,0,,,,0,0,0,0,0
4734,12,Sport,0,0,,,0,0,0,0,0,0
4735,12,Botafogo-Rj,,0,,,0,0,0,0,0,0
4735,12,Flamengo,0,0,,,0,0,0,0,0,0
4736,12,Coritiba,0,0,,,0,0,0,0,0,0
4736,12,Gremio,0,0,,,0,0,0,0,,0
4737,13,Botafogo-Rj,0,0,,,0,0,0,0,0,0
4737,13,Cruzeiro,0,0,,,0,0,0,0,0,0
4738,13,Criciuma,0,0,,,0,0,0,0,0,0
4738,13,Sao Paulo,0,0,,,0,0,0,0,0,0
4739,13,Gremio,0,0,,,0,0,0,0,0,0
4739,13,Vitoria,0,0,,,,0,0,0,0,0
4740,13,Bahia,0,0,,,0,0,0,0,0,0
4740,13,Palmeiras,0,0,,,0,0,0,0,0,0
4741,13,Chapecoense,15,0,35,,280,8,19,0,4,0
4741,13,Flamengo,9,0,65,,509,5,13,1,1,0
4742,13,Corinthians,0,0,,,0,0,0,0,0,0
4742,13,Coritiba,0,0,,,0,0,0,0,0,0
4743,13,Figueirense,0,0,,,0,0,0,0,0,0
4743,13,Sport,0,0,,,0,0,0,0,0,0
4744,13,Internacional,0,0,,,0,0,0,0,0,0
4744,13,Santos,0,0,,,0,0,0,0,0,0
4745,13,Fluminense,0,0,,,0,0,0,0,0,0
4745,13,Goias,0,0,,,0,0,0,0,0,0
4746,13,Athletico-Pr,0,0,,,0,0,0,0,,0
4746,13,Atletico-Mg,,0,,,0,0,0,0,0,0
4747,14,Criciuma,0,0,,,0,0,0,0,0,0
4747,14,Cruzeiro,0,0,,,0,0,0,0,0,0
4748,14,Bahia,0,0,,,0,0,0,0,0,0
4748,14,Goias,0,0,,,0,0,0,0,0,0
4749,14,Coritiba,0,0,,,0,0,0,0,,0
4749,14,Fluminense,0,0,,,0,0,0,0,0,0
4750,14,Flamengo,0,0,,,0,0,0,0,0,0
4750,14,Sport,0,0,,,0,0,0,0,0,0
4751,14,Corinthians,0,0,,,0,0,0,0,0,0
4751,14,Santos,0,0,,,0,0,0,0,0,0
4752,14,Athletico-Pr,0,0,,,0,0,0,0,0,0
4752,14,Botafogo-Rj,0,0,,,0,0,0,0,0,0
4753,14,Gremio,0,0,,,0,0,0,0,0,0
4753,14,Internacional,0,0,,,0,0,0,0,0,0
4754,14,Atletico-Mg,0,0,,,0,0,0,0,0,0
4754,14,Palmeiras,0,0,,,0,0,0,0,0,0
4755,14,Chapecoense,0,0,,,0,0,0,0,0,0
4755,14,Figueirense,0,0,,,0,0,0,0,0,0
4756,14,Sao Paulo,0,0,,,0,0,0,0,0,0
4756,14,Vitoria,0,0,,,0,0,0,0,0,0
4757,15,Goias,0,0,,,0,0,0,0,0,0
4757,15,Internacional,0,0,,,0,0,0,0,0,0
4758,15,Bahia,0,0,,,0,0,0,0,0,0
4758,15,Corinthians,,0,,,0,0,0,0,0,0
4759,15,Coritiba,0,0,,,0,0,0,0,0,0
4759,15,Flamengo,,0,,,0,0,0,0,0,0
4760,15,Palmeiras,0,0,,,0,0,0,0,0,0
4760,15,Sao Paulo,0,0,,,0,0,0,0,0,0
4761,15,Criciuma,0,0,,,0,0,0,0,0,0
4761,15,Gremio,0,0,,,0,0,0,0,0,0
4762,15,Cruzeiro,,0,,,0,0,0,0,0,0
4762,15,Santos,0,0,,,0,0,0,0,0,0
4763,15,Chapecoense,0,0,,,0,0,0,0,0,0
4763,15,Vitoria,0,0,,,0,0,0,0,0,0
4764,15,Botafogo-Rj,0,0,,,0,0,0,0,0,0
4764,15,Fluminense,0,0,,,0,0,0,0,0,0
4765,15,Athletico-Pr,0,0,,,0,0,0,0,0,0
4765,15,Sport,0,0,,,,0,0,0,0,0
4766,15,Atletico-Mg,0,0,,,0,0,0,0,0,0
4766,15,Figueirense,0,0,,,0,0,0,0,0,0
4767,16,Palmeiras,0,0,,,0,0,0,0,0,0
4767,16,Sport,0,0,,,0,0,0,0,0,0
4768,16,Botafogo-Rj,0,0,,,0,0,0,0,0,0
4768,16,Figueirense,0,0,,,0,0,0,0,0,0
4769,16,Athletico-Pr,0,0,,,0,0,0,0,0,0
4769,16,Santos,0,0,,,0,0,0,0,0,0
4770,16,Coritiba,0,0,,,0,0,0,0,0,0
4770,16,Vitoria,0,0,,,0,0,0,0,0,0
4771,16,Bahia,0,0,,,0,0,0,0,0,0
4771,16,Criciuma,0,0,,,0,0,0,0,0,0
4772,16,Chapecoense,0,0,,,0,0,0,0,0,0
4772,16,Fluminense,0,0,,,0,0,0,0,,0
4773,16,Atletico-Mg,0,0,,,0,0,0,0,0,0
4773,16,Flamengo,0,0,,,0,0,0,0,0,0
4774,16,Internacional,0,0,,,0,0,0,0,0,0
4774,16,Sao Paulo,0,0,,,0,0,0,0,0,0
4775,16,Corinthians,0,0,,,0,0,0,0,0,0
4775,16,Goias,0,0,,,0,0,0,0,0,0
4776,16,Cruzeiro,0,0,,,,0,0,0,0,0
4776,16,Gremio,0,0,,,0,0,0,0,0,0
4777,17,Atletico-Mg,0,0,,,0,0,0,0,0,0
4777,17,Internacional,0,0,,,0,0,0,0,0,0
4778,17,Botafogo-Rj,0,0,,,0,0,0,0,0,0
4778,17,Chapecoense,0,0,,,0,0,0,0,0,0
4779,17,Coritiba,0,0,,,0,0,0,0,0,0
4779,17,Palmeiras,0,0,,,0,0,0,0,0,0
4780,17,Corinthians,0,0,,,0,0,0,0,0,0
4780,17,Gremio,0,0,,,0,0,0,0,0,0
4781,17,Criciuma,0,0,,,,0,0,0,0,0
4781,17,Flamengo,0,0,,,0,0,0,0,0,0
4782,17,Figueirense,0,0,,,0,0,0,0,0,0
4782,17,Vitoria,0,0,,,0,0,0,0,0,0
4783,17,Santos,0,0,,,0,0,0,0,0,0
4783,17,Sao Paulo,0,0,,,0,0,0,0,0,0
4784,17,Fluminense,0,0,,,0,0,0,0,0,0
4784,17,Sport,0,0,,,0,0,0,0,0,0
4785,17,Cruzeiro,0,0,,,0,0,0,0,0,0
4785,17,Goias,0,0,,,0,0,0,0,0,0
4786,17,Athletico-Pr,0,0,,,0,0,0,0,0,0
4786,17,Bahia,0,0,,,0,0,0,0,0,0
4787,18,Internacional,0,0,,,0,0,0,0,0,0
4787,18,Palmeiras,0,0,,,,0,0,0,0,0
4788,18,Chapecoense,0,0,,,0,0,0,0,0,0
4788,18,Cruzeiro,0,0,,,0,0,0,0,0,0
4789,18,Corinthians,0,0,,,0,0,0,0,0,0
4789,18,Fluminense,0,0,,,0,0,0,0,0,0
4790,18,Atletico-Mg,0,0,,,0,0,0,0,0,0
4790,18,Coritiba,0,0,,,0,0,0,0,0,0
4791,18,Criciuma,,0,,,0,0,0,0,0,0
4791,18,Sport,0,0,,,0,0,0,0,0,0
4792,18,Figueirense,0,0,,,0,0,0,0,0,0
4792,18,Sao Paulo,0,0,,,,0,0,0,0,0
4793,18,Botafogo-Rj,0,0,,,,0,0,0,0,0
4793,18,Santos,0,0,,,0,0,0,0,0,0
4794,18,Bahia,0,0,,,0,0,0,0,0,0
4794,18,Gremio,0,0,,,,0,0,0,0,0
4795,18,Athletico-Pr,0,0,,,0,0,0,0,0,0
4795,18,Goias,0,0,,,,0,0,0,0,0
4796,18,Flamengo,0,0,,,0,0,0,0,0,0
4796,18,Vitoria,0,0,,,0,0,0,0,0,0
4797,19,Santos,0,0,,,0,0,0,0,0,0
4797,19,Vitoria,0,0,,,0,0,0,0,0,0
4798,19,Flamengo,0,0,,,0,0,0,0,0,0
4798,19,Gremio,0,0,,,0,0,0,0,0,0
4799,19,Chapecoense,0,0,,,0,0,0,0,0,0
4799,19,Goias,0,0,,,0,0,0,0,0,0
4800,19,Sao Paulo,0,0,,,0,0,0,0,0,0
4800,19,Sport,0,0,,,0,0,0,0,0,0
4801,19,Corinthians,0,0,,,0,0,0,0,0,0
4801,19,Criciuma,0,0,,,0,0,0,0,0,0
4802,19,Atletico-Mg,,0,,,0,0,0,0,0,0
4802,19,Botafogo-Rj,0,0,,,0,0,0,0,0,0
4803,19,Cruzeiro,0,0,,,0,0,0,0,0,0
4803,19,Fluminense,0,0,,,0,0,0,0,0,0
4804,19,Bahia,,0,,,0,0,0,0,0,0
4804,19,Coritiba,0,0,,,0,0,0,0,0,0
4805,19,Athletico-Pr,0,0,,,,0,0,0,0,0
4805,19,Palmeiras,0,0,,,0,0,0,0,0,0
4806,19,Figueirense,0,0,,,0,0,0,0,0,0
4806,19,Internacional,0,0,,,0,0,0,0,0,0
4807,20,Athletico-Pr,0,0,,,0,0,0,0,0,0
4807,20,Gremio,0,0,,,0,0,0,0,0,0
4808,20,Criciuma,10,0,56,,471,6,17,1,3,0
4808,20,Palmeiras,10,0,44,,384,5,18,1,4,0
4809,20,Figueirense,0,0,,,0,0,0,0,0,0
4809,20,Fluminense,,0,,,0,0,0,0,0,0
4810,20,Santos,0,0,,,0,0,0,0,0,0
4810,20,Sport,0,0,,,0,0,0,0,0,0
4811,20,Chapecoense,0,0,,,0,0,0,0,0,0
4811,20,Coritiba,0,0,,,0,0,0,0,0,0
4812,20,Flamengo,0,0,,,,0,0,0,0,0
4812,20,Goias,,0,,,0,0,0,0,0,0
4813,20,Botafogo-Rj,0,0,,,0,0,0,0,0,0
4813,20,Sao Paulo,0,0,,,0,0,0,0,0,0
4814,20,Internacional,0,0,,,0,0,0,0,0,0
4814,20,Vitoria,0,0,,,0,0,0,0,0,0
4815,20,Atletico-Mg,0,0,,,0,0,0,0,0,0
4815,20,Corinthians,0,0,,,0,0,0,0,0,0
4816,20,Bahia,,0,,,0,0,0,0,0,0
4816,20,Cruzeiro,0,0,,,0,0,0,0,0,0
4817,21,Fluminense,0,0,,,,0,0,0,0,0
4817,21,Palmeiras,0,0,,,0,0,0,0,0,0
4818,21,Chapecoense,,0,,,0,0,0,0,0,0
4818,21,Sport,0,0,,,0,0,0,0,0,0
4819,21,Coritiba,0,0,,,0,0,0,0,0,0
4819,21,Santos,0,0,,,0,0,0,0,0,0
4820,21,Bahia,0,0,,,0,0,0,0,0,0
4820,21,Figueirense,0,0,,,0,0,0,0,0,0
4821,21,Botafogo-Rj,0,0,,,0,0,0,0,0,0
4821,21,Internacional,0,0,,,,0,0,0,0,0
4822,21,Corinthians,0,0,,,0,0,0,0,0,0
4822,21,Flamengo,0,0,,,0,0,0,0,0,0
4823,21,Cruzeiro,0,0,,,,0,0,0,0,0
4823,21,Sao Paulo,0,0,,,0,0,0,0,0,0
4824,21,Athletico-Pr,0,0,,,0,0,0,0,0,0
4824,21,Vitoria,,0,,,0,0,0,0,0,0
4825,21,Atletico-Mg,,0,,,0,0,0,0,0,0
4825,21,Gremio,0,0,,,0,0,0,0,0,0
4826,21,Criciuma,0,0,,,0,0,0,0,0,0
4826,21,Goias,0,0,,,0,0,0,0,0,0
4827,22,Fluminense,0,0,,,0,0,0,0,0,0
4827,22,Vitoria,0,0,,,0,0,0,0,0,0
4828,22,Athletico-Pr,0,0,,,0,0,0,0,0,0
4828,22,Cruzeiro,0,0,,,0,0,0,0,0,0
4829,22,Internacional,0,0,,,0,0,0,0,0,0
4829,22,Sport,0,0,,,0,0,0,0,0,0
4830,22,Criciuma,,0,,,,0,0,0,0,0
4830,22,Figueirense,0,0,,,0,0,0,0,0,0
4831,22,Bahia,0,0,,,0,0,0,0,0,0
4831,22,Botafogo-Rj,0,0,,,0,0,0,0,0,0
4832,22,Flamengo,0,0,,,0,0,0,0,0,0
4832,22,Palmeiras,0,0,,,0,0,0,0,0,0
4833,22,Coritiba,9,0,43,,360,11,14,1,5,0
4833,22,Sao Paulo,5,0,,,481,2,10,3,1,0
4834,22,Chapecoense,0,0,,,0,0,0,0,0,0
4834,22,Corinthians,0,0,,,0,0,0,0,0,0
4835,22,Atletico-Mg,0,0,,,0,0,0,0,0,0
4835,22,Goias,0,0,,,0,0,0,0,0,0
4836,22,Gremio,,0,,,0,0,0,0,0,0
4836,22,Santos,0,0,,,0,0,0,0,0,0
4837,23,Athletico-Pr,0,0,,,0,0,0,0,,0
4837,23,Internacional,0,0,,,0,0,0,0,0,0
4838,23,Botafogo-Rj,0,0,,,0,0,0,0,0,0
4838,23,Criciuma,0,0,,,0,0,0,0,0,0
4839,23,Atletico-Mg,0,0,,,0,0,0,0,0,0
4839,23,Cruzeiro,0,0,,,0,0,0,0,0,0
4840,23,Flamengo,0,0,,,0,0,0,0,0,0
4840,23,Fluminense,0,0,,,0,0,0,0,0,0
4841,23,Coritiba,0,0,,,,0,0,0,0,0
4841,23,Sport,0,0,,,0,0,0,0,0,0
4842,23,Corinthians,0,0,,,0,0,0,0,0,0
4842,23,Sao Paulo,0,0,,,0,0,0,0,0,0
4843,23,Bahia,0,0,,,0,0,0,0,0,0
4843,23,Vitoria,0,0,,,0,0,0,0,0,0
4844,23,Figueirense,0,0,,,0,0,0,0,0,0
4844,23,Santos,0,0,,,0,0,0,0,0,0
4845,23,Goias,0,0,,,0,0,0,0,0,0
4845,23,Palmeiras,0,0,,,0,0,0,0,0,0
4846,23,Chapecoense,14,0,58,,,4,14,2,4,0
4846,23,Gremio,15,0,42,,357,9,20,1,2,0
4847,24,Criciuma,0,0,,,0,0,0,0,0,0
4847,24,Internacional,0,0,,,0,0,0,0,0,0
4848,24,Coritiba,0,0,,,0,0,0,0,0,0
4848,24,Cruzeiro,0,0,,,,0,0,0,0,0
4849,24,Bahia,0,0,,,0,0,0,0,,0
4849,24,Sport,0,0,,,0,0,0,0,0,0
4850,24,Athletico-Pr,0,0,,,0,0,0,0,0,0
4850,24,Chapecoense,0,0,,,0,0,0,0,0,0
4851,24,Flamengo,0,0,,,0,0,0,0,0,0
4851,24,Sao Paulo,0,0,,,0,0,0,0,0,0
4852,24,Corinthians,0,0,,,0,0,0,0,0,0
4852,24,Figueirense,0,0,,,0,0,0,0,0,0
4853,24,Fluminense,16,0,48,,363,6,17,1,0,0
4853,24,Gremio,,0,52,,383,6,19,4,0,0
4854,24,Palmeiras,0,0,,,0,0,0,0,0,0
4854,24,Vitoria,0,0,,,0,0,0,0,0,0
4855,24,Botafogo-Rj,0,0,,,0,0,0,0,0,0
4855,24,Goias,0,0,,,0,0,0,0,0,0
4856,24,Atletico-Mg,15,0,52,,394,2,16,5,3,0
4856,24,Santos,13,0,48,,355,10,18,6,3,0
4857,25,Chapecoense,0,0,,,0,0,0,0,0,0
4857,25,Criciuma,0,0,,,0,0,0,0,0,0
4858,25,Cruzeiro,0,0,,,0,0,0,0,0,0
4858,25,Sport,0,0,,,0,0,0,0,0,0
4859,25,Fluminense,0,0,,,0,0,0,0,0,0
4859,25,Sao Paulo,0,0,,,0,0,0,0,0,0
4860,25,Bahia,0,0,,,0,0,0,0,0,0
4860,25,Flamengo,0,0,,,0,0,0,0,0,0
4861,25,Athletico-Pr,0,0,,,0,0,0,0,0,0
4861,25,Corinthians,0,0,,,,0,0,0,0,0
4862,25,Botafogo-Rj,0,0,,,0,0,0,0,0,0
4862,25,Gremio,0,0,,,,0,0,0,0,0
4863,25,Atletico-Mg,0,0,,,0,0,0,0,0,0
4863,25,Vitoria,0,0,,,0,0,0,0,,0
4864,25,Figueirense,0,0,,,0,0,0,0,0,0
4864,25,Palmeiras,0,0,,,0,0,0,0,0,0
4865,25,Coritiba,21,0,48,,437,11,11,1,1,0
4865,25,Internacional,15,0,52,,477,6,12,1,1,0
4866,25,Goias,0,0,,,0,0,0,0,0,0
4866,25,Santos,0,0,,,0,0,0,0,0,0
4867,26,Chapecoense,0,0,,,0,0,0,0,,0
4867,26,Palmeiras,0,0,,,0,0,0,0,0,0
4868,26,Flamengo,0,0,,,0,0,0,0,0,0
4868,26,Santos,0,0,,,0,0,0,0,0,0
4869,26,Bahia,,0,,,0,0,0,0,0,0
4869,26,Fluminense,0,0,,,0,0,0,0,0,0
4870,26,Athletico-Pr,8,0,,,269,6,19,1,2,0
4870,26,Coritiba,11,0,57,,364,6,18,1,2,0
4871,26,Botafogo-Rj,0,0,,,,0,0,0,0,0
4871,26,Vitoria,0,0,,,0,0,0,0,0,0
4872,26,Gremio,0,0,,,0,0,0,0,0,0
4872,26,Sao Paulo,0,0,,,0,0,0,0,0,0
4873,26,Corinthians,0,0,,,0,0,0,0,0,0
4873,26,Sport,0,0,,,0,0,0,0,0,0
4874,26,Cruzeiro,0,0,,,0,0,0,0,0,0
4874,26,Internacional,0,0,,,0,0,0,0,0,0
4875,26,Atletico-Mg,0,0,,,0,0,0,0,0,0
4875,26,Criciuma,0,0,,,0,0,0,0,0,0
4876,26,Figueirense,0,0,,,0,0,0,0,0,0
4876,26,Goias,0,0,,,0,0,0,0,0,0
4877,27,Botafogo-Rj,0,0,,,0,0,0,0,0,0
4877,27,Palmeiras,0,0,,,0,0,0,0,0,0
4878,27,Coritiba,0,0,,,0,0,0,0,0,0
4878,27,Criciuma,0,0,,,0,0,0,0,0,0
4879,27,Athletico-Pr,0,0,,,0,0,0,0,0,0
4879,27,Sao Paulo,0,0,,,0,0,0,0,0,0
4880,27,Goias,0,0,,,0,0,0,0,0,0
4880,27,Vitoria,,0,,,0,0,0,0,0,0
4881,27,Corinthians,0,0,,,0,0,0,0,0,0
4881,27,Cruzeiro,0,0,,,0,0,0,0,0,0
4882,27,Gremio,0,0,,,0,0,0,0,0,0
4882,27,Sport,0,0,,,0,0,0,0,0,0
4883,27,Figueirense,0,0,,,0,0,0,0,0,0
4883,27,Flamengo,0,0,,,0,0,0,0,0,0
4884,27,Bahia,0,0,,,0,0,0,0,0,0
4884,27,Santos,0,0,,,0,0,0,0,0,0
4885,27,Atletico-Mg,0,0,,,0,0,0,0,0,0
4885,27,Fluminense,0,0,,,0,0,0,0,0,0
4886,27,Chapecoense,0,0,,,0,0,0,0,0,0
4886,27,Internacional,0,0,,,0,0,0,0,0,0
4887,29,Goias,0,0,,,0,0,0,0,0,0
4887,29,Gremio,0,0,,,0,0,0,0,0,0
4888,29,Bahia,,0,,,0,0,0,0,0,0
4888,29,Sao Paulo,0,0,,,0,0,0,0,0,0
4889,29,Criciuma,0,0,,,0,0,0,0,0,0
4889,29,Fluminense,0,0,,,0,0,0,0,0,0
4890,29,Atletico-Mg,0,0,,,0,0,0,0,0,0
4890,29,Chapecoense,0,0,,,0,0,0,0,0,0
4891,29,Athletico-Pr,12,0,46,,411,5,7,2,1,0
4891,29,Flamengo,,0,54,,485,3,11,8,1,0
4892,29,Coritiba,6,0,53,,418,4,15,3,3,0
4892,29,Figueirense,17,0,47,,375,7,19,4,4,0
4893,29,Corinthians,0,0,,,0,0,0,0,0,0
4893,29,Internacional,0,0,,,0,0,0,0,0,0
4894,29,Palmeiras,0,0,,,0,0,0,0,0,0
4894,29,Santos,0,0,,,0,0,0,0,0,0
4895,29,Cruzeiro,0,0,,,0,0,0,0,0,0
4895,29,Vitoria,0,0,,,0,0,0,0,0,0
4896,29,Botafogo-Rj,0,0,,,0,0,0,0,0,0
4896,29,Sport,0,0,,,0,0,0,0,0,0
4897,30,Atletico-Mg,0,0,,,0,0,0,0,0,0
4897,30,Bahia,0,0,,,0,0,0,0,0,0
4898,30,Corinthians,11,0,46,,399,7,18,0,1,0
4898,30,Vitoria,9,0,54,,470,6,12,3,1,0
4899,30,Flamengo,0,0,,,0,0,0,0,0,0
4899,30,Internacional,0,0,,,0,0,0,0,0,0
4900,30,Athletico-Pr,0,0,,,0,0,0,0,0,0
4900,30,Criciuma,0,0,,,0,0,0,0,0,0
4901,30,Cruzeiro,0,0,,,0,0,0,0,0,0
4901,30,Palmeiras,0,0,,,0,0,0,0,0,0
4902,30,Figueirense,0,0,,,0,0,0,0,0,0
4902,30,Gremio,0,0,,,0,0,0,0,0,0
4903,30,Botafogo-Rj,,0,,,0,0,0,0,0,0
4903,30,Coritiba,0,0,,,0,0,0,0,0,0
4904,30,Chapecoense,0,0,,,0,0,0,0,0,0
4904,30,Sao Paulo,0,0,,,0,0,0,0,0,0
4905,30,Fluminense,0,0,,,0,0,0,0,0,0
4905,30,Santos,0,0,,,,0,0,0,0,0
4906,30,Goias,0,0,,,0,0,0,0,0,0
4906,30,Sport,0,0,,,0,0,0,0,0,0
4907,31,Cruzeiro,0,0,,,0,0,0,0,,0
4907,31,Figueirense,0,0,,,0,0,0,0,0,0
4908,31,Corinthians,0,0,,,0,0,0,0,0,0
4908,31,Palmeiras,0,0,,,0,0,0,0,0,0
4909,31,Athletico-Pr,0,0,,,0,0,0,0,0,0
4909,31,Fluminense,0,0,,,0,0,0,0,0,0
4910,31,Criciuma,0,0,,,0,0,0,0,0,0
4910,31,Vitoria,0,0,,,0,0,0,0,0,0
4911,31,Atletico-Mg,0,0,,,0,0,0,0,0,0
4911,31,Sport,0,0,,,0,0,0,0,0,0
4912,31,Chapecoense,0,0,,,0,0,0,0,0,0
4912,31,Santos,0,0,,,0,0,0,0,0,0
4913,31,Coritiba,0,0,,,0,0,0,0,0,0
4913,31,Gremio,,0,,,0,0,0,0,0,0
4914,31,Bahia,0,0,,,0,0,0,0,0,0
4914,31,Internacional,0,0,,,0,0,0,0,0,0
4915,31,Botafogo-Rj,0,0,,,,0,0,0,0,0
4915,31,Flamengo,0,0,,,,0,0,0,0,0
4916,31,Goias,0,0,,,0,0,0,0,0,0
4916,31,Sao Paulo,0,0,,,0,0,0,0,0,0
4917,32,Fluminense,0,0,,,0,0,0,0,0,0
4917,32,Goias,0,0,,,0,0,0,0,0,0
4918,32,Gremio,0,0,,,0,0,0,0,0,0
4918,32,Vitoria,0,0,,,0,0,0,0,0,0
4919,32,Corinthians,0,0,,,0,0,0,0,0,0
4919,32,Coritiba,0,0,,,0,0,0,0,0,0
4920,32,Internacional,0,0,,,,0,0,0,0,0
4920,32,Santos,0,0,,,0,0,0,0,0,0
4921,32,Figueirense,0,0,,,0,0,0,0,0,0
4921,32,Sport,0,0,,,0,0,0,0,0,0
4922,32,Botafogo-Rj,0,0,,,0,0,0,0,0,0
4922,32,Cruzeiro,0,0,,,0,0,0,0,0,0
4923,32,Criciuma,0,0,,,0,0,0,0,0,0
4923,32,Sao Paulo,,0,,,0,0,0,0,0,0
4924,32,Athletico-Pr,0,0,,,0,0,0,0,0,0
4924,32,Atletico-Mg,0,0,,,0,0,0,0,0,0
4925,32,Chapecoense,,0,,,,0,0,0,0,0
4925,32,Flamengo,0,0,,,0,0,0,0,0,0
4926,32,Bahia,0,0,,,0,0,0,0,0,0
4926,32,Palmeiras,0,0,,,0,0,0,0,0,0
4927,33,Coritiba,12,0,33,,212,5,24,4,2,0
4927,33,Fluminense,10,0,67,,440,8,12,0,5,0
4928,33,Atletico-Mg,13,0,43,,393,0,16,0,1,0
4928,33,Palmeiras,16,0,57,,495,8,14,3,0,0
4929,33,Athletico-Pr,0,0,,,,0,0,0,0,0
4929,33,Botafogo-Rj,0,0,,,0,0,0,0,0,0
4930,33,Sao Paulo,0,0,,,,0,0,0,0,0
4930,33,Vitoria,0,0,,,0,0,0,0,0,0
4931,33,Gremio,0,0,,,0,0,0,0,0,0
4931,33,Internacional,0,0,,,0,0,0,0,0,0
4932,33,Chapecoense,,0,,,0,0,0,0,0,0
4932,33,Figueirense,0,0,,,0,0,0,0,0,0
4933,33,Flamengo,0,0,,,0,0,0,0,0,0
4933,33,Sport,0,0,,,0,0,0,0,0,0
4934,33,Corinthians,0,0,,,0,0,0,0,0,0
4934,33,Santos,0,0,,,0,0,0,0,0,0
4935,33,Criciuma,,0,,,0,0,0,0,0,0
4935,33,Cruzeiro,0,0,,,0,0,0,0,0,0
4936,33,Bahia,0,0,,,0,0,0,0,0,0
4936,33,Goias,0,0,,,0,0,0,0,0,0
4937,35,Internacional,,0,,,0,0,0,0,0,0
4937,35,Sao Paulo,0,0,,,0,0,0,0,0,0
4938,35,Botafogo-Rj,0,0,,,0,0,0,0,0,0
4938,35,Figueirense,0,0,,,0,0,0,0,0,0
4939,35,Athletico-Pr,0,0,,,0,0,0,0,0,0
4939,35,Santos,0,0,,,0,0,0,0,0,0
4940,35,Corinthians,0,0,,,0,0,0,0,0,0
4940,35,Goias,0,0,,,,0,0,0,0,0
4941,35,Coritiba,,0,,,0,0,0,0,0,0
4941,35,Vitoria,0,0,,,0,0,0,0,0,0
4942,35,Bahia,13,0,39,,310,3,23,1,,0
4942,35,Criciuma,10,0,61,,459,7,22,1,4,0
4943,35,Atletico-Mg,0,0,,,0,0,0,0,0,0
4943,35,Flamengo,0,0,,,0,0,0,0,0,0
4944,35,Palmeiras,0,0,,,0,0,0,0,0,0
4944,35,Sport,0,0,,,0,0,0,0,0,0
4945,35,Chapecoense,0,0,,,0,0,0,0,0,0
4945,35,Fluminense,0,0,,,0,0,0,0,0,0
4946,35,Cruzeiro,0,0,,,,0,0,0,0,0
4946,35,Gremio,0,0,,,0,0,0,0,0,0
4947,34,Criciuma,0,0,,,0,0,0,0,0,0
4947,34,Gremio,0,0,,,0,0,0,0,0,0
4948,34,Botafogo-Rj,0,0,,,0,0,0,0,0,0
4948,34,Fluminense,0,0,,,0,0,0,0,0,0
4949,34,Bahia,14,0,51,,440,8,17,3,2,0
4949,34,Corinthians,13,0,49,,447,3,20,0,2,0
4950,34,Athletico-Pr,0,0,,,0,0,0,0,0,0
4950,34,Sport,0,0,,,0,0,0,0,0,0
4951,34,Coritiba,,0,,,0,0,0,0,0,0
4951,34,Flamengo,0,0,,,0,0,0,0,0,0
4952,34,Cruzeiro,0,0,,,0,0,0,0,0,0
4952,34,Santos,0,0,,,0,0,0,0,0,0
4953,34,Goias,0,0,,,0,0,0,0,0,0
4953,34,Internacional,0,0,,,0,0,0,0,0,0
4954,34,Chapecoense,0,0,,,,0,0,0,0,0
4954,34,Vitoria,0,0,,,0,0,0,0,0,0
4955,34,Palmeiras,0,0,,,0,0,0,0,0,0
4955,34,Sao Paulo,,0,,,0,0,0,0,0,0
4956,34,Atletico-Mg,0,0,,,0,0,0,0,0,0
4956,34,Figueirense,0,0,,,0,0,0,0,0,0
4957,36,Atletico-Mg,0,0,,,0,0,0,0,0,0
4957,36,Internacional,0,0,,,0,0,0,0,0,0
4958,36,Athletico-Pr,0,0,,,0,0,0,0,0,0
4958,36,Bahia,0,0,,,0,0,0,0,0,0
4959,36,Santos,0,0,,,0,0,0,0,0,0
4959,36,Sao Paulo,0,0,,,0,0,0,0,0,0
4960,36,Criciuma,0,0,,,0,0,0,0,0,0
4960,36,Flamengo,0,0,,,0,0,0,0,0,0
4961,36,Fluminense,0,0,,,0,0,0,0,0,0
4961,36,Sport,0,0,,,0,0,0,0,0,0
4962,36,Cruzeiro,,0,,,0,0,0,0,0,0
4962,36,Goias,0,0,,,0,0,0,0,0,0
4963,36,Figueirense,0,0,,,0,0,0,0,0,0
4963,36,Vitoria,0,0,,,0,0,0,0,,0
4964,36,Corinthians,0,0,,,0,0,0,0,0,0
4964,36,Gremio,0,0,,,,0,0,0,0,0
4965,36,Botafogo-Rj,0,0,,,0,0,0,0,0,0
4965,36,Chapecoense,0,0,,,0,0,0,0,0,0
4966,36,Coritiba,0,0,,,0,0,0,0,0,0
4966,36,Palmeiras,0,0,,,0,0,0,0,0,0
4967,37,Criciuma,,0,,,0,0,0,0,0,0
4967,37,Sport,0,0,,,0,0,0,0,0,0
4968,37,Internacional,0,0,,,0,0,0,0,0,0
4968,37,Palmeiras,0,0,,,0,0,0,0,0,0
4969,37,Flamengo,0,0,,,0,0,0,0,0,0
4969,37,Vitoria,0,0,,,,0,0,0,0,0
4970,37,Figueirense,0,0,,,0,0,0,0,0,0
4970,37,Sao Paulo,0,0,,,0,0,0,0,0,0
4971,37,Botafogo-Rj,0,0,,,0,0,0,0,0,0
4971,37,Santos,0,0,,,0,0,0,0,0,0
4972,37,Corinthians,0,0,,,0,0,0,0,0,0
4972,37,Fluminense,0,0,,,0,0,0,0,,0
4973,37,Chapecoense,0,0,,,0,0,0,0,0,0
4973,37,Cruzeiro,0,0,,,0,0,0,0,0,0
4974,37,Atletico-Mg,0,0,,,0,0,0,0,0,0
4974,37,Coritiba,0,0,,,0,0,0,0,0,0
4975,37,Athletico-Pr,,0,,,0,0,0,0,0,0
4975,37,Goias,0,0,,,0,0,0,0,0,0
4976,37,Bahia,0,0,,,0,0,0,0,0,0
4976,37,Gremio,0,0,,,0,0,0,0,0,0
4977,38,Corinthians,0,0,,,0,0,0,0,0,0
4977,38,Criciuma,0,0,,,0,0,0,0,0,0
4978,38,Figueirense,0,0,,,0,0,0,0,0,0
4978,38,Internacional,0,0,,,,0,0,0,0,0
4979,38,Bahia,0,0,,,0,0,0,0,0,0
4979,38,Coritiba,0,0,,,0,0,0,0,0,0
4980,38,Santos,0,0,,,0,0,0,0,0,0
4980,38,Vitoria,0,0,,,0,0,0,0,0,0
4981,38,Sao Paulo,0,0,,,0,0,0,0,0,0
4981,38,Sport,0,0,,,0,0,0,0,,0
4982,38,Atletico-Mg,0,0,,,0,0,0,0,0,0
4982,38,Botafogo-Rj,0,0,,,0,0,0,0,0,0
4983,38,Athletico-Pr,0,0,,,,0,0,0,0,0
4983,38,Palmeiras,0,0,,,0,0,0,0,0,0
4984,38,Flamengo,0,0,,,0,0,0,0,0,0
4984,38,Gremio,0,0,,,0,0,0,0,0,0
4985,38,Cruzeiro,0,0,,,0,0,0,0,0,0
4985,38,Fluminense,0,0,,,0,0,0,0,0,0
4986,38,Chapecoense,0,0,,,0,0,0,0,0,0
4986,38,Goias,0,0,,,0,0,0,0,0,0
4987,1,Chapecoense,13,0,45,,326,3,20,3,2,0
4987,1,Coritiba,16,0,55,,388,5,21,0,2,0
4988,1,Atletico-Mg,10,0,,,426,2,14,4,4,0
4988,1,Palmeiras,,0,50,,406,11,20,2,2,0
4989,1,Fluminense,26,11,74,,702,5,9,1,2,0
4989,1,Joinville,3,0,26,,250,3,14,1,0,1
4990,1,Gremio,11,0,45,,401,5,17,2,3,0
4990,1,Ponte Preta,17,0,55,,473,10,21,0,4,1
4991,1,Athletico-Pr,10,0,39,,335,2,17,1,1,0
4991,1,Internacional,17,0,61,,502,11,17,1,2,0
4992,1,Flamengo,12,0,,,430,6,12,6,1,0
4992,1,Sao Paulo,19,0,54,,502,4,17,1,2,0
4993,1,Corinthians,11,0,44,,391,4,15,2,1,0
4993,1,Cruzeiro,13,0,56,,487,2,17,4,3,0
4994,1,Figueirense,7,0,46,,391,1,14,3,2,1
4994,1,Sport,,0,54,,449,7,17,0,1,0
4995,1,Avai,16,0,51,,462,4,10,2,2,0
4995,1,Santos,8,0,49,,452,3,11,2,1,1
4996,1,Goias,5,0,38,,,2,27,2,5,0
4996,1,Vasco,11,0,62,,439,4,16,0,3,0
4997,2,Athletico-Pr,8,0,59,,477,5,18,1,1,1
4997,2,Goias,13,0,41,,334,6,14,0,2,0
4998,2,Coritiba,9,0,43,,353,2,22,3,2,0
4998,2,Gremio,10,0,57,,456,4,13,4,3,0
4999,2,Chapecoense,11,0,54,,487,2,13,5,4,0
4999,2,Corinthians,13,0,46,,437,7,16,1,2,0
5000,2,Figueirense,12,0,,,381,6,18,3,2,0
5000,2,Vasco,14,0,53,,436,7,13,0,6,0
5001,2,Atletico-Mg,16,8,54,,,7,17,1,2,0
5001,2,Fluminense,8,2,46,,411,0,9,2,1,0
5002,2,Flamengo,18,0,,,492,13,10,6,2,0
5002,2,Sport,14,0,41,,373,3,7,1,3,0
5003,2,Cruzeiro,7,0,56,,445,3,13,5,,0
5003,2,Santos,20,0,44,,351,15,18,2,1,0
5004,2,Joinville,,0,39,,377,1,17,5,3,0
5004,2,Palmeiras,11,0,61,,589,5,12,3,1,0
5005,2,Ponte Preta,19,0,,,373,6,15,5,1,0
5005,2,Sao Paulo,,0,60,,549,4,14,1,3,0
5006,2,Avai,6,0,43,,,9,26,4,7,0
5006,2,Internacional,8,0,57,,451,4,17,2,3,0
5007,3,Joinville,7,0,37,,380,0,11,1,0,0
5007,3,Sao Paulo,16,0,63,,642,5,12,3,2,0
5008,3,Internacional,7,0,39,,312,1,16,0,2,1
5008,3,Vasco,13,0,61,,466,8,15,1,6,0
5009,3,Figueirense,5,0,37,,326,4,24,1,5,0
5009,3,Gremio,19,0,63,,536,11,16,1,6,0
5010,3,Goias,7,0,26,,171,6,24,1,4,1
5010,3,Palmeiras,,0,74,,,13,13,5,6,1
5011,3,Chapecoense,13,0,40,,,4,13,3,5,0
5011,3,Santos,15,0,60,,462,5,20,3,6,0
5012,3,Athletico-Pr,11,0,36,,324,2,7,4,4,1
5012,3,Atletico-Mg,16,0,64,,537,9,8,3,0,0
5013,3,Corinthians,7,2,58,,500,6,6,3,2,0
5013,3,Fluminense,15,4,42,,,9,19,2,2,0
5014,3,Avai,13,0,43,,338,4,15,0,5,0
5014,3,Flamengo,8,0,57,,443,2,17,7,6,0
5015,3,Cruzeiro,22,0,54,,390,16,17,3,2,0
5015,3,Ponte Preta,15,0,46,,357,3,11,4,2,0
5016,3,Coritiba,9,0,51,,385,5,17,0,4,0
5016,3,Sport,12,0,49,,388,2,13,1,1,0
5017,4,Chapecoense,14,0,53,,483,4,15,0,1,1
5017,4,Ponte Preta,13,0,47,,438,0,20,1,4,0
5018,4,Avai,11,0,42,,310,3,21,0,4,0
5018,4,Coritiba,11,0,58,,,5,17,3,4,0
5019,4,Athletico-Pr,19,0,46,,399,7,13,4,4,0
5019,4,Joinville,10,0,,,464,4,12,1,0,0
5020,4,Santos,18,0,,,472,8,9,6,1,0
5020,4,Sport,15,0,46,,415,7,11,0,2,0
5021,4,Goias,10,0,41,,345,2,14,0,1,0
5021,4,Gremio,9,0,59,,495,3,14,1,1,0
5022,4,Atletico-Mg,21,0,53,,457,5,16,2,0,0
5022,4,Vasco,9,0,47,,413,7,12,3,,0
5023,4,Corinthians,9,0,54,,477,2,21,4,5,0
5023,4,Palmeiras,12,0,46,,409,6,21,3,5,0
5024,4,Internacional,8,0,54,,516,5,19,3,3,0
5024,4,Sao Paulo,14,0,46,,434,10,17,3,0,1
5025,4,Flamengo,15,5,67,,,8,24,1,5,1
5025,4,Fluminense,7,2,33,,253,1,23,0,3,1
5026,4,Cruzeiro,22,0,68,,545,4,11,1,5,1
5026,4,Figueirense,9,0,32,,266,5,17,2,3,0
5027,5,Athletico-Pr,12,0,47,,385,6,12,1,1,0
5027,5,Figueirense,9,0,53,,442,4,8,5,4,0
5028,5,Ponte Preta,16,0,48,,417,2,18,3,3,0
5028,5,Vasco,14,0,52,,441,6,15,0,1,2
5029,5,Chapecoense,,0,53,,349,7,16,1,3,0
5029,5,Joinville,12,0,47,,314,10,12,1,5,0
5030,5,Santos,,0,37,,329,1,15,0,3,1
5030,5,Sao Paulo,13,0,63,,531,8,14,1,5,0
5031,5,Cruzeiro,,0,,,410,5,16,2,2,0
5031,5,Flamengo,8,0,48,,378,10,17,1,3,0
5032,5,Atletico-Mg,16,0,54,,479,7,15,4,3,0
5032,5,Avai,7,0,,,395,10,12,3,3,0
5033,5,Corinthians,20,0,62,,627,5,10,0,3,0
5033,5,Gremio,13,0,38,,397,3,22,6,2,0
5034,5,Coritiba,8,4,47,,,4,24,3,4,0
5034,5,Fluminense,,6,53,,451,3,13,1,1,0
5035,5,Goias,9,0,33,,296,3,13,1,4,0
5035,5,Sport,16,0,67,,597,7,11,4,2,0
5036,5,Internacional,5,0,43,,354,2,13,1,4,0
5036,5,Palmeiras,15,0,57,,456,9,15,3,1,0
5037,6,Atletico-Mg,14,0,64,,462,7,12,3,0,0
5037,6,Cruzeiro,11,0,36,,268,6,13,2,0,0
5038,6,Chapecoense,6,0,,,262,1,12,1,0,1
5038,6,Flamengo,18,0,64,,437,5,13,2,1,0
5039,6,Ponte  Preta,19,0,48,,416,2,15,3,2,0
5039,6,Santos,18,0,52,,451,6,17,2,2,0
5040,6,Athletico-Pr,13,0,,,380,7,15,2,4,0
5040,6,Vasco,14,0,,,480,3,7,2,3,0
5041,6,Corinthians,13,0,49,,430,5,9,0,1,0
5041,6,Joinville,14,0,51,,432,9,8,1,1,0
5042,6,Gremio,9,0,40,,436,3,14,1,2,0
5042,6,Sao Paulo,13,0,60,,631,4,19,2,3,0
5043,6,Coritiba,18,0,49,,401,11,16,4,5,0
5043,6,Internacional,12,0,51,,424,3,5,2,3,1
5044,6,Figueirense,7,0,33,,253,2,22,7,3,0
5044,6,Palmeiras,13,0,67,,506,4,14,3,3,0
5045,6,Avai,11,0,44,,401,2,17,2,4,0
5045,6,Goias,8,0,56,,496,6,15,4,2,0
5046,6,Fluminense,15,4,47,,408,7,12,3,3,0
5046,6,Sport,,1,53,,479,5,10,0,2,0
5047,7,Atletico-Mg,18,0,63,,520,12,8,4,1,0
5047,7,Santos,10,0,,,320,5,15,4,4,0
5048,7,Coritiba,12,0,57,,478,8,17,0,2,0
5048,7,Flamengo,8,0,43,,380,2,14,2,3,1
5049,7,Chapecoense,15,0,60,,460,7,5,3,2,0
5049,7,Sao Paulo,5,0,40,,322,3,29,1,4,0
5050,7,Corinthians,13,0,48,,392,4,10,4,0,0
5050,7,Internacional,12,0,52,,427,7,9,1,2,0
5051,7,Joinville,21,0,53,,417,6,13,2,4,0
5051,7,Sport,10,0,47,,379,3,10,7,0,0
5052,7,Cruzeiro,8,0,40,,362,0,25,1,4,0
5052,7,Vasco,14,0,60,,536,6,13,3,2,0
5053,7,Goias,,0,38,,279,6,19,1,3,0
5053,7,Ponte Preta,16,0,62,,430,5,24,3,3,0
5054,7,Avai,8,0,58,,304,5,14,0,4,0
5054,7,Figueirense,9,0,42,,229,2,26,4,,0
5055,7,Fluminense,6,3,32,,,2,13,0,6,2
5055,7,Palmeiras,25,11,68,,,7,6,1,0,0
5056,7,Athletico-Pr,12,0,44,,344,7,22,0,4,0
5056,7,Gremio,20,0,56,,428,13,8,6,1,0
5057,8,Figueirense,14,0,39,,267,4,16,2,4,0
5057,8,Internacional,14,0,61,,425,4,18,0,2,0
5058,8,Sport,12,0,46,,425,4,10,1,2,0
5058,8,Vasco,9,0,,,482,4,12,0,3,0
5059,8,Atletico-Mg,8,0,46,,457,3,14,1,0,1
5059,8,Flamengo,12,0,54,,504,4,8,1,0,0
5060,8,Corinthians,10,0,59,,502,7,17,1,3,1
5060,8,Santos,10,0,41,,351,6,19,4,4,1
5061,8,Gremio,12,0,49,,485,1,11,7,4,0
5061,8,Palmeiras,14,0,,,476,7,9,0,3,0
5062,8,Chapecoense,6,0,,,323,4,16,1,3,0
5062,8,Cruzeiro,14,0,,,526,5,9,2,4,0
5063,8,Goias,15,0,52,,394,11,12,2,4,1
5063,8,Joinville,12,0,48,,377,3,13,0,4,1
5064,8,Athletico-Pr,17,0,51,,381,2,10,4,2,0
5064,8,Coritiba,15,0,49,,384,3,20,2,3,2
5065,8,Avai,13,0,42,,314,9,13,1,5,0
5065,8,Sao Paulo,16,0,58,,414,9,14,9,1,0
5066,8,Fluminense,21,6,48,,452,3,16,1,2,0
5066,8,Ponte Preta,11,3,52,,473,6,18,0,3,0
5067,9,Avai,12,0,50,,375,12,14,1,3,0
5067,9,Gremio,7,0,50,,406,4,16,3,3,0
5068,9,Chapecoense,14,0,64,,433,16,7,2,1,0
5068,9,Sport,14,0,36,,265,3,16,1,6,0
5069,9,Corinthians,13,0,52,,473,7,10,1,0,0
5069,9,Figueirense,6,0,48,,452,3,11,3,2,0
5070,9,Atletico-Mg,13,0,58,,505,10,11,4,2,0
5070,9,Joinville,7,0,42,,376,3,13,7,1,0
5071,9,Palmeiras,13,0,40,,344,8,18,2,1,0
5071,9,Sao Paulo,9,0,60,,,2,14,3,3,0
5072,9,Fluminense,10,5,54,,443,3,12,1,2,1
5072,9,Goias,19,6,46,,371,13,15,6,2,0
5073,9,Athletico-Pr,,0,48,,371,5,27,1,2,0
5073,9,Ponte Preta,14,0,52,,408,6,16,2,1,0
5074,9,Coritiba,12,0,49,,362,3,22,4,5,0
5074,9,Cruzeiro,11,0,51,,373,2,15,3,5,0
5075,9,Flamengo,6,0,,,535,10,10,7,0,0
5075,9,Vasco,6,0,32,,255,2,18,1,4,0
5076,9,Internacional,12,0,61,,506,8,4,2,3,0
5076,9,Santos,16,0,39,,324,7,12,3,2,1
5077,10,Internacional,12,0,60,,469,7,8,3,2,1
5077,10,Sport,13,0,40,,322,6,13,2,2,0
5078,10,Avai,13,0,,,404,6,11,1,2,1
5078,10,Vasco,13,0,48,,375,6,16,6,3,1
5079,10,Chapecoense,8,0,52,,472,3,17,2,3,0
5079,10,Palmeiras,16,0,48,,428,2,15,4,0,0
5080,10,Atletico-Mg,16,0,60,,564,3,8,6,3,0
5080,10,Coritiba,10,0,40,,394,4,11,5,5,0
5081,10,Flamengo,11,0,37,,337,3,11,4,2,0
5081,10,Joinville,8,0,63,,580,3,14,1,3,0
5082,10,Cruzeiro,14,0,42,,353,2,21,0,6,0
5082,10,Gremio,22,0,58,,,13,21,1,5,0
5083,10,Athletico-Pr,11,0,,,432,4,17,1,2,0
5083,10,Sao Paulo,10,0,54,,501,2,8,3,0,0
5084,10,Corinthians,17,0,46,,468,5,5,0,1,0
5084,10,Ponte Preta,11,0,54,,522,5,12,2,2,0
5085,10,Figueirense,10,0,46,,395,1,17,1,1,1
5085,10,Goias,16,0,54,,443,4,20,1,2,0
5086,10,Fluminense,8,0,52,,442,1,7,1,2,0
5086,10,Santos,9,0,48,,424,3,21,1,3,0
5087,11,Coritiba,12,0,59,,454,5,22,4,1,0
5087,11,Joinville,6,0,41,,333,4,17,2,2,0
5088,11,Chapecoense,19,0,68,,508,14,12,2,1,0
5088,11,Vasco,7,0,32,,261,4,12,0,1,2
5089,11,Athletico-Pr,5,0,46,,370,4,18,1,2,1
5089,11,Cruzeiro,18,0,54,,424,6,10,1,0,0
5090,11,Avai,13,0,37,,293,5,16,4,5,1
5090,11,Sport,11,0,63,,500,9,14,2,2,0
5091,11,Corinthians,14,0,62,,605,7,12,1,2,0
5091,11,Goias,6,0,38,,382,5,12,3,2,0
5092,11,Fluminense,7,0,40,,333,4,16,2,2,0
5092,11,Sao Paulo,14,0,60,,492,7,18,3,1,0
5093,11,Gremio,17,0,59,,654,2,12,2,1,0
5093,11,Santos,7,0,41,,462,1,13,0,3,1
5094,11,Palmeiras,9,0,,,464,5,22,1,3,0
5094,11,Ponte Preta,19,0,53,,506,1,12,1,3,0
5095,11,Figueirense,9,0,38,,346,5,20,3,2,0
5095,11,Flamengo,12,0,62,,549,8,9,4,3,0
5096,11,Atletico-Mg,19,0,54,,537,4,11,0,3,0
5096,11,Internacional,11,0,46,,452,6,5,5,1,1
5097,12,Chapecoense,12,0,41,,365,5,8,0,1,0
5097,12,Gremio,10,0,59,,,8,7,3,2,0
5098,12,Goias,14,0,,,374,7,7,1,0,0
5098,12,Santos,,0,59,,546,5,8,1,3,0
5099,12,Coritiba,19,0,52,,422,7,18,1,4,0
5099,12,Ponte Preta,8,0,48,,396,2,17,6,6,0
5100,12,Figueirense,13,0,52,,337,7,11,2,1,0
5100,12,Joinville,,0,48,,325,10,21,0,2,0
5101,12,Avai,12,0,43,,329,2,11,1,6,0
5101,12,Palmeiras,18,0,57,,430,11,12,2,2,0
5102,12,Atletico-Mg,12,0,54,,462,9,17,7,2,0
5102,12,Sport,10,0,46,,404,5,12,0,2,0
5103,12,Flamengo,8,0,40,,385,2,19,5,2,0
5103,12,Internacional,9,0,60,,563,3,17,2,3,0
5104,12,Sao Paulo,10,0,52,,507,2,10,4,0,0
5104,12,Vasco,14,0,48,,475,8,12,0,3,0
5105,12,Athletico-Pr,11,0,,,478,8,13,3,2,0
5105,12,Corinthians,8,0,47,,453,3,6,1,1,0
5106,12,Cruzeiro,8,0,61,,454,5,15,1,2,0
5106,12,Fluminense,15,0,39,,297,6,10,5,2,0
5107,13,Figueirense,5,0,52,,419,2,12,1,5,0
5107,13,Santos,14,0,48,,391,6,12,2,1,0
5108,13,Gremio,21,0,62,,590,6,16,0,1,0
5108,13,Vasco,7,0,38,,372,3,12,0,3,0
5109,13,Atletico-Mg,13,0,56,,503,4,19,0,3,0
5109,13,Ponte Preta,11,0,44,,406,4,13,2,1,0
5110,13,Coritiba,,0,47,,397,10,14,3,3,0
5110,13,Sao Paulo,16,0,53,,447,2,18,5,1,0
5111,13,Internacional,7,0,37,,283,2,19,3,3,0
5111,13,Joinville,8,0,63,,456,6,17,4,4,0
5112,13,Corinthians,8,0,40,,,1,15,1,2,0
5112,13,Flamengo,16,0,60,,535,13,7,7,0,0
5113,13,Athletico-Pr,23,0,59,,456,10,12,1,1,0
5113,13,Fluminense,9,0,41,,322,2,11,2,2,0
5114,13,Cruzeiro,22,0,64,,537,11,17,0,2,0
5114,13,Goias,3,0,36,,315,2,13,1,1,0
5115,13,Palmeiras,12,0,41,,351,4,17,3,1,0
5115,13,Sport,11,0,59,,506,6,10,5,2,0
5116,13,Avai,14,0,39,,280,6,15,4,4,0
5116,13,Chapecoense,,0,61,,433,7,14,1,2,0
5117,14,Goias,10,0,37,,315,5,12,4,1,0
5117,14,Internacional,8,0,63,,540,6,18,1,1,0
5118,14,Flamengo,21,0,39,,323,7,12,1,1,0
5118,14,Gremio,6,0,61,,506,4,11,1,5,0
5119,14,Atletico-Mg,16,0,56,,467,6,15,2,1,0
5119,14,Corinthians,8,0,44,,392,2,12,4,1,0
5120,14,Athletico-Pr,,0,56,,,7,14,2,2,0
5120,14,Chapecoense,10,0,44,,,1,13,4,3,0
5121,14,Coritiba,12,0,59,,523,2,18,0,2,0
5121,14,Figueirense,9,0,41,,356,2,20,2,1,0
5122,14,Sao Paulo,7,0,54,,468,3,12,8,0,2
5122,14,Sport,15,0,46,,408,2,9,4,1,0
5123,14,Fluminense,,0,,,375,9,15,0,2,0
5123,14,Vasco,8,0,42,,287,2,17,2,6,0
5124,14,Palmeiras,9,0,,,301,2,24,3,3,0
5124,14,Santos,,0,56,,374,5,10,3,3,0
5125,14,Avai,9,0,33,,263,3,16,0,3,0
5125,14,Cruzeiro,20,0,67,,554,6,7,1,1,0
5126,14,Joinville,21,0,54,,451,8,11,1,2,0
5126,14,Ponte Preta,8,0,46,,,2,14,1,5,0
5127,15,Athletico-Pr,18,0,53,,442,2,17,1,3,0
5127,15,Avai,20,0,47,,362,7,5,2,3,0
5128,15,Gremio,17,0,57,,582,13,6,7,,0
5128,15,Sport,8,0,43,,462,4,8,0,0,0
5129,15,Atletico-Mg,15,0,62,,508,8,16,1,2,0
5129,15,Figueirense,,0,38,,311,9,19,3,4,0
5130,15,Chapecoense,,0,48,,372,1,15,3,2,0
5130,15,Fluminense,12,0,52,,373,10,16,1,3,1
5131,15,Joinville,10,0,50,,482,6,12,2,2,0
5131,15,Santos,13,0,,,481,7,4,7,2,0
5132,15,Internacional,13,0,42,,315,8,19,3,2,0
5132,15,Ponte Preta,21,0,58,,416,13,10,1,2,0
5133,15,Corinthians,8,0,46,,405,5,18,0,3,0
5133,15,Coritiba,11,0,54,,461,5,7,10,3,0
5134,15,Cruzeiro,11,0,51,,457,2,14,0,1,0
5134,15,Sao Paulo,10,0,,,428,5,16,4,0,0
5135,15,Flamengo,8,0,57,,448,4,6,1,1,0
5135,15,Goias,14,0,43,,,11,11,0,2,0
5136,15,Palmeiras,,0,44,,363,4,21,5,1,0
5136,15,Vasco,8,0,56,,446,8,14,8,3,0
5137,16,Corinthians,20,0,60,,552,3,7,0,0,0
5137,16,Vasco,11,0,40,,357,4,15,9,3,0
5138,16,Atletico-Mg,14,0,49,,521,3,6,2,0,0
5138,16,Sao Paulo,15,0,51,,550,4,6,7,1,0
5139,16,Fluminense,12,0,45,,399,4,16,3,3,0
5139,16,Gremio,9,0,55,,484,4,13,1,1,1
5140,16,Coritiba,17,0,61,,459,9,11,3,4,0
5140,16,Goias,14,0,39,,297,7,19,1,4,0
5141,16,Athletico-Pr,9,0,49,,442,4,18,2,2,0
5141,16,Palmeiras,16,0,51,,433,5,13,2,1,0
5142,16,Avai,8,0,49,,392,4,9,0,1,0
5142,16,Joinville,3,0,51,,393,10,22,2,2,0
5143,16,Chapecoense,11,0,36,,301,7,13,3,2,0
5143,16,Internacional,11,0,64,,509,11,4,2,3,0
5144,16,Figueirense,12,0,44,,303,4,19,1,2,0
5144,16,Ponte Preta,19,0,56,,388,5,18,1,3,0
5145,16,Flamengo,26,0,55,,443,9,17,2,4,0
5145,16,Santos,10,0,45,,395,3,14,0,2,0
5146,16,Cruzeiro,11,0,51,,473,6,17,5,2,0
5146,16,Sport,7,0,49,,457,6,15,3,1,0
5147,17,Avai,13,0,30,,221,6,14,2,2,0
5147,17,Fluminense,13,0,70,,,9,12,3,2,0
5148,17,Coritiba,8,0,49,,447,5,15,3,4,0
5148,17,Santos,12,0,51,,453,5,12,1,1,0
5149,17,Athletico-Pr,16,0,53,,516,7,6,4,0,0
5149,17,Sport,8,0,47,,491,2,11,0,0,0
5150,17,Joinville,,0,40,,301,9,21,3,,0
5150,17,Vasco,,0,60,,440,9,17,2,2,0
5151,17,Corinthians,10,0,41,,354,5,16,4,1,1
5151,17,Sao Paulo,19,0,59,,503,8,13,7,4,0
5152,17,Cruzeiro,17,0,48,,415,5,21,4,4,0
5152,17,Palmeiras,13,0,52,,446,7,18,4,3,0
5153,17,Flamengo,16,0,59,,457,4,16,0,4,0
5153,17,Ponte  Preta,10,0,41,,337,3,17,0,2,0
5154,17,Atletico-Mg,8,0,63,,568,6,11,0,2,0
5154,17,Goias,13,0,37,,347,2,8,3,2,0
5155,17,Gremio,16,0,57,,553,4,16,1,2,0
5155,17,Internacional,12,0,43,,417,5,12,1,4,0
5156,17,Chapecoense,8,0,49,,,5,20,0,1,0
5156,17,Figueirense,10,0,51,,321,7,13,2,1,0
5157,18,Coritiba,9,0,45,,402,3,14,0,3,0
5157,18,Palmeiras,9,0,55,,475,8,11,1,1,0
5158,18,Athletico-Pr,9,0,53,,458,4,16,1,3,1
5158,18,Flamengo,9,0,47,,390,7,10,1,2,0
5159,18,Santos,21,0,52,,370,6,12,8,3,0
5159,18,Vasco,8,0,48,,,6,22,0,4,1
5160,18,Chapecoense,2,0,45,,450,1,16,0,3,0
5160,18,Goias,17,0,,,507,12,6,0,1,0
5161,18,Figueirense,,0,52,,,6,18,1,3,0
5161,18,Sao Paulo,7,0,48,,356,6,18,0,4,1
5162,18,Fluminense,8,0,40,,,8,14,0,3,2
5162,18,Internacional,17,0,60,,,8,20,0,6,0
5163,18,Corinthians,15,0,57,,491,9,11,2,2,0
5163,18,Sport,10,0,43,,391,4,8,4,1,0
5164,18,Avai,4,0,,,318,1,6,1,1,0
5164,18,Ponte Preta,14,0,63,,539,4,13,3,1,0
5165,18,Cruzeiro,8,0,67,,627,9,10,3,2,0
5165,18,Joinville,14,0,33,,298,8,10,0,1,0
5166,18,Atletico-Mg,24,0,60,,,12,10,1,2,0
5166,18,Gremio,9,0,40,,413,3,12,2,3,0
5167,19,Coritiba,,0,44,,323,3,19,0,1,0
5167,19,Vasco,20,0,,,389,7,12,1,3,0
5168,19,Athletico-Pr,13,0,63,,502,11,10,2,1,1
5168,19,Santos,8,0,37,,307,4,13,3,1,0
5169,19,Goias,14,0,34,,339,8,4,1,0,0
5169,19,Sao  Paulo,5,0,66,,636,7,4,0,1,0
5170,19,Flamengo,21,0,62,,466,6,15,4,2,0
5170,19,Palmeiras,12,0,38,,,3,18,0,2,0
5171,19,Avai,13,0,36,,282,8,15,5,0,0
5171,19,Corinthians,10,0,,,546,0,8,1,1,0
5172,19,Figueirense,5,0,42,,330,2,18,1,1,1
5172,19,Fluminense,19,0,58,,442,3,14,1,1,0
5173,19,Cruzeiro,11,0,55,,476,5,14,3,2,0
5173,19,Internacional,9,0,45,,391,6,22,0,2,0
5174,19,Ponte Preta,12,0,53,,542,1,16,2,0,0
5174,19,Sport,11,0,,,481,3,7,1,0,0
5175,19,Gremio,17,0,69,,619,10,10,2,1,0
5175,19,Joinville,11,0,31,,282,4,18,1,0,0
5176,19,Atletico-Mg,12,0,64,,538,7,8,2,3,1
5176,19,Chapecoense,13,0,36,,313,3,12,1,4,0
5177,20,Goias,13,0,51,,,4,16,2,3,0
5177,20,Vasco,5,0,49,,407,2,13,4,2,2
5178,20,Avai,16,0,41,,364,2,12,1,3,0
5178,20,Santos,17,0,59,,538,7,14,1,1,0
5179,20,Figueirense,9,0,,,284,8,19,8,1,0
5179,20,Sport,10,0,59,,429,6,13,1,3,0
5180,20,Chapecoense,11,0,54,,447,0,17,2,3,0
5180,20,Coritiba,9,0,46,,374,5,19,0,3,0
5181,20,Gremio,3,0,42,,437,1,13,1,1,0
5181,20,Ponte Preta,25,0,58,,587,6,12,3,1,0
5182,20,Fluminense,20,8,54,,379,4,15,5,2,0
5182,20,Joinville,11,4,,,320,3,26,3,3,0
5183,20,Athletico-Pr,8,0,53,,491,0,12,2,3,0
5183,20,Internacional,15,0,47,,430,8,10,0,1,0
5184,20,Corinthians,,0,39,,387,3,12,0,2,0
5184,20,Cruzeiro,12,0,61,,590,6,7,6,1,0
5185,20,Flamengo,22,0,44,,277,10,25,2,4,0
5185,20,Sao Paulo,9,0,56,,364,5,15,2,2,0
5186,20,Atletico-Mg,18,0,56,,472,7,13,5,1,0
5186,20,Palmeiras,,0,44,,386,2,12,2,3,0
5187,21,Figueirense,12,0,38,,313,1,19,0,4,0
5187,21,Vasco,17,0,62,,490,7,11,3,2,0
5188,21,Ponte Preta,20,0,53,,551,7,11,1,0,0
5188,21,Sao Paulo,16,0,47,,496,3,16,2,4,0
5189,21,Coritiba,11,0,51,,399,6,15,1,5,0
5189,21,Gremio,12,0,49,,385,7,13,2,5,0
5190,21,Avai,14,0,36,,290,5,14,2,2,0
5190,21,Internacional,14,0,64,,516,8,12,1,2,0
5191,21,Joinville,,0,43,,360,1,18,1,3,0
5191,21,Palmeiras,15,0,57,,465,3,9,3,0,0
5192,21,Atletico-Mg,13,5,,,484,6,16,0,4,0
5192,21,Fluminense,12,2,43,,372,0,23,0,3,0
5193,21,Flamengo,12,0,62,,575,6,19,2,5,0
5193,21,Sport,12,0,38,,351,4,6,3,1,1
5194,21,Chapecoense,12,0,48,,388,7,14,4,2,0
5194,21,Corinthians,,0,52,,429,5,11,1,3,0
5195,21,Cruzeiro,14,0,53,,505,4,17,1,2,1
5195,21,Santos,6,0,47,,469,2,12,1,2,0
5196,21,Athletico-Pr,19,0,64,,,6,12,0,1,0
5196,21,Goias,10,0,36,,284,3,13,2,3,0
5197,22,Joinville,21,0,47,,359,8,23,0,4,0
5197,22,Sao Paulo,8,0,53,,407,8,14,5,5,0
5198,22,Cruzeiro,17,0,54,,440,6,22,1,5,0
5198,22,Ponte Preta,8,0,46,,383,5,19,1,2,1
5199,22,Internacional,10,0,39,,345,2,22,2,3,0
5199,22,Vasco,5,0,61,,549,6,10,4,1,0
5200,22,Avai,,0,37,,345,5,18,1,4,0
5200,22,Flamengo,8,0,63,,588,2,14,3,1,0
5201,22,Athletico-Pr,14,0,49,,368,2,16,1,4,0
5201,22,Atletico-Mg,20,0,51,,344,10,18,10,4,1
5202,22,Coritiba,7,0,48,,414,3,16,2,2,0
5202,22,Sport,12,0,52,,452,4,14,3,2,0
5203,22,Corinthians,14,8,60,,520,8,12,0,0,0
5203,22,Fluminense,11,2,40,,345,3,11,6,3,0
5204,22,Goias,9,0,40,,350,3,11,1,3,0
5204,22,Palmeiras,14,0,60,,510,7,14,2,3,0
5205,22,Chapecoense,13,0,49,,420,9,12,2,1,0
5205,22,Santos,13,0,51,,,4,16,1,0,0
5206,22,Figueirense,,0,65,,572,9,14,3,4,0
5206,22,Gremio,6,0,35,,330,4,9,1,4,0
5207,23,Internacional,5,0,47,,420,3,10,1,0,0
5207,23,Sao Paulo,15,0,53,,464,7,10,0,0,0
5208,23,Atletico-Mg,4,0,53,,463,5,16,5,2,0
5208,23,Vasco,,0,,,416,5,19,1,2,1
5209,23,Athletico-Pr,18,0,77,,539,4,15,5,4,1
5209,23,Joinville,7,0,23,,169,2,17,2,1,3
5210,23,Cruzeiro,16,0,54,,476,4,15,5,0,0
5210,23,Figueirense,5,0,46,,420,3,15,1,4,0
5211,23,Chapecoense,,0,,,507,9,9,1,1,0
5211,23,Ponte Preta,8,0,36,,294,11,17,1,2,0
5212,23,Goias,9,0,26,,248,3,12,0,3,1
5212,23,Gremio,18,0,74,,690,5,15,3,3,0
5213,23,Corinthians,7,0,51,,351,1,14,2,3,0
5213,23,Palmeiras,16,0,49,,312,11,20,2,6,0
5214,23,Avai,12,0,52,,363,4,19,1,2,0
5214,23,Coritiba,10,0,48,,365,1,22,3,4,0
5215,23,Flamengo,20,0,47,,402,9,24,0,5,1
5215,23,Fluminense,7,0,53,,437,5,13,2,6,0
5216,23,Santos,12,0,44,,448,1,9,3,0,0
5216,23,Sport,12,0,56,,517,7,9,0,1,0
5217,24,Ponte Preta,10,0,47,,,2,20,0,2,1
5217,24,Vasco,12,0,53,,438,4,23,0,1,0
5218,24,Atletico-Mg,11,0,62,,587,5,17,3,3,0
5218,24,Avai,11,0,38,,369,2,16,2,3,0
5219,24,Internacional,8,0,46,,367,3,21,2,5,1
5219,24,Palmeiras,7,0,54,,426,3,23,0,2,1
5220,24,Athletico-Pr,12,0,49,,407,6,9,1,2,0
5220,24,Figueirense,14,0,51,,403,10,7,2,2,0
5221,24,Coritiba,9,3,53,,426,3,11,1,1,0
5221,24,Fluminense,16,5,47,,376,7,24,2,4,0
5222,24,Santos,15,0,48,,431,2,11,2,1,0
5222,24,Sao Paulo,11,0,52,,,2,9,3,1,0
5223,24,Corinthians,14,0,56,,604,4,7,0,0,0
5223,24,Gremio,15,0,44,,473,6,6,2,3,0
5224,24,Goias,19,0,40,,382,6,8,0,3,0
5224,24,Sport,10,0,60,,,5,6,1,1,0
5225,24,Chapecoense,7,0,45,,305,6,10,3,2,0
5225,24,Joinville,9,0,55,,361,2,13,2,4,0
5226,24,Cruzeiro,10,0,54,,412,7,10,2,3,0
5226,24,Flamengo,10,0,46,,360,3,18,1,3,0
5227,25,Coritiba,25,0,62,,514,4,13,0,4,0
5227,25,Internacional,,0,38,,322,3,26,0,7,0
5228,25,Figueirense,,0,47,,382,4,18,5,3,1
5228,25,Palmeiras,15,0,,,424,4,19,3,4,0
5229,25,Ponte Preta,,0,38,,333,2,22,1,5,0
5229,25,Santos,20,0,62,,531,10,15,0,2,0
5230,25,Corinthians,13,0,69,,595,8,10,2,0,0
5230,25,Joinville,7,0,31,,267,6,17,3,1,0
5231,25,Atletico-Mg,16,0,65,,499,9,16,3,5,0
5231,25,Cruzeiro,12,0,35,,278,3,17,4,2,1
5232,25,Gremio,12,0,52,,473,6,11,1,3,0
5232,25,Sao Paulo,14,0,48,,,4,13,0,3,0
5233,25,Chapecoense,13,0,49,,429,3,13,1,2,0
5233,25,Flamengo,,0,51,,440,7,12,3,1,0
5234,25,Athletico-Pr,17,0,56,,423,13,20,2,2,0
5234,25,Vasco,14,0,44,,351,6,18,4,2,0
5235,25,Avai,13,0,65,,581,2,18,2,2,0
5235,25,Goias,12,0,35,,326,3,19,2,2,0
5236,25,Fluminense,13,3,,,336,2,17,0,3,0
5236,25,Sport,6,2,57,,440,3,19,1,2,0
5237,26,Joinville,,0,,,262,5,19,3,4,0
5237,26,Sport,7,0,67,,,3,11,6,3,0
5238,26,Fluminense,9,2,51,,392,5,14,3,1,0
5238,26,Palmeiras,12,9,49,,372,6,19,0,3,0
5239,26,Goias,9,0,49,,449,11,12,0,2,0
5239,26,Ponte Preta,8,0,51,,489,1,11,2,5,0
5240,26,Avai,10,0,37,,,1,23,0,4,0
5240,26,Figueirense,7,0,63,,362,6,16,0,2,0
5241,26,Athletico-Pr,16,0,48,,,7,13,1,1,0
5241,26,Gremio,5,0,52,,488,2,5,1,2,0
5242,26,Atletico-Mg,16,0,56,,592,3,11,1,1,0
5242,26,Santos,13,0,44,,477,1,7,2,1,0
5243,26,Corinthians,14,0,,,,6,12,1,1,0
5243,26,Internacional,13,0,44,,348,5,15,4,2,0
5244,26,Cruzeiro,,0,53,,437,11,15,0,4,0
5244,26,Vasco,10,0,,,398,11,4,2,2,1
5245,26,Chapecoense,8,0,41,,354,3,14,2,2,0
5245,26,Sao Paulo,7,0,59,,474,6,12,2,2,0
5246,26,Coritiba,8,0,27,,245,0,21,3,,0
5246,26,Flamengo,17,0,73,,627,10,12,2,2,0
5247,27,Gremio,9,0,59,,432,2,17,1,4,0
5247,27,Palmeiras,14,0,41,,284,9,22,2,2,0
5248,27,Figueirense,8,0,47,,368,5,22,0,5,0
5248,27,Internacional,9,0,53,,415,5,22,2,1,0
5249,27,Fluminense,10,0,60,,498,7,14,1,4,0
5249,27,Ponte Preta,9,0,40,,348,5,14,2,3,0
5250,27,Goias,12,0,45,,379,3,6,2,0,0
5250,27,Joinville,7,0,55,,437,8,12,0,1,0
5251,27,Corinthians,14,0,57,,464,9,8,2,2,0
5251,27,Santos,6,0,,,357,6,10,3,5,2
5252,27,Sport,13,0,56,,477,5,10,2,2,0
5252,27,Vasco,14,0,44,,,2,13,4,2,0
5253,27,Atletico-Mg,14,0,45,,379,6,16,0,2,0
5253,27,Flamengo,11,0,55,,438,6,16,4,2,0
5254,27,Avai,12,0,38,,294,9,17,3,3,0
5254,27,Sao Paulo,11,0,62,,490,5,19,2,4,0
5255,27,Chapecoense,18,0,55,,416,3,15,2,2,0
5255,27,Cruzeiro,5,0,45,,364,6,12,2,0,1
5256,27,Athletico-Pr,9,0,62,,407,5,23,2,3,0
5256,27,Coritiba,9,0,38,,260,5,19,1,7,1
5257,28,Fluminense,7,0,52,,437,0,27,0,4,0
5257,28,Goias,14,0,48,,,4,15,2,3,0
5258,28,Avai,13,0,46,,426,8,12,0,3,0
5258,28,Gremio,14,0,54,,538,3,13,2,,0
5259,28,Athletico-Pr,19,0,66,,488,13,16,0,2,0
5259,28,Ponte Preta,8,0,34,,278,2,18,4,4,0
5260,28,Internacional,11,0,39,,324,6,17,1,4,0
5260,28,Santos,,0,61,,,5,8,3,1,0
5261,28,Flamengo,14,0,48,,307,4,26,2,5,0
5261,28,Vasco,7,0,52,,334,5,21,0,6,0
5262,28,Atletico-Mg,12,0,57,,498,5,8,5,2,0
5262,28,Joinville,15,0,43,,369,5,19,2,2,0
5263,28,Corinthians,14,0,47,,367,4,14,0,3,0
5263,28,Figueirense,12,0,53,,385,9,21,3,3,0
5264,28,Palmeiras,9,0,44,,315,3,17,0,2,0
5264,28,Sao Paulo,14,0,,,402,7,13,2,1,0
5265,28,Chapecoense,15,0,54,,,6,8,1,0,0
5265,28,Sport,9,0,46,,,4,17,2,3,0
5266,28,Coritiba,16,0,51,,,6,13,3,1,1
5266,28,Cruzeiro,7,0,49,,458,3,13,0,0,1
5267,29,Internacional,21,0,51,,376,8,16,3,2,0
5267,29,Sport,9,0,49,,382,4,11,1,2,1
5268,29,Atletico-Mg,10,0,51,,443,1,11,0,2,0
5268,29,Coritiba,14,0,49,,412,9,6,4,1,0
5269,29,Athletico-Pr,,0,42,,342,0,16,1,3,0
5269,29,Sao Paulo,11,0,58,,464,4,12,4,1,0
5270,29,Avai,14,0,,,289,6,18,2,4,1
5270,29,Vasco,8,0,59,,444,3,18,5,6,2
5271,29,Flamengo,21,0,70,,478,9,17,8,2,0
5271,29,Joinville,4,0,30,,217,2,27,0,3,0
5272,29,Fluminense,11,0,,,386,4,12,0,2,0
5272,29,Santos,19,0,54,,442,6,24,9,3,0
5273,29,Cruzeiro,18,0,46,,436,3,9,4,3,0
5273,29,Gremio,3,0,54,,526,5,15,0,3,0
5274,29,Figueirense,13,0,38,,,5,11,3,5,1
5274,29,Goias,19,0,62,,423,4,15,0,1,0
5275,29,Corinthians,13,0,58,,445,7,15,1,4,0
5275,29,Ponte Preta,10,0,,,320,8,17,6,1,1
5276,29,Chapecoense,13,0,48,,314,2,17,0,0,0
5276,29,Palmeiras,10,0,52,,336,7,17,2,5,0
5277,30,Atletico-Mg,,0,59,,488,5,14,3,2,0
5277,30,Internacional,6,0,41,,352,3,11,2,3,0
5278,30,Avai,7,0,41,,,0,16,1,5,0
5278,30,Sport,13,0,59,,517,9,8,2,2,0
5279,30,Coritiba,13,0,58,,407,4,16,4,1,0
5279,30,Joinville,13,0,42,,293,4,23,0,6,0
5280,30,Figueirense,,0,,,228,4,14,1,1,0
5280,30,Flamengo,11,0,67,,479,3,10,2,1,0
5281,30,Palmeiras,16,0,59,,404,8,18,1,2,0
5281,30,Ponte Preta,9,0,41,,306,6,17,0,3,0
5282,30,Fluminense,7,3,42,,340,3,16,1,0,0
5282,30,Sao Paulo,10,1,58,,462,5,21,2,4,0
5283,30,Athletico-Pr,5,0,51,,384,0,20,3,5,0
5283,30,Cruzeiro,19,0,49,,365,11,7,5,2,0
5284,30,Chapecoense,10,0,43,,306,0,19,1,5,0
5284,30,Vasco,12,0,57,,388,8,16,2,4,0
5285,30,Corinthians,17,0,,,620,6,9,3,1,0
5285,30,Goias,13,0,37,,367,4,10,6,5,0
5286,30,Gremio,14,0,49,,,9,14,0,3,0
5286,30,Santos,12,0,51,,474,11,4,1,3,1
5287,31,Avai,11,0,54,,379,1,14,2,3,0
5287,31,Palmeiras,17,0,46,,330,5,29,1,4,0
5288,31,Figueirense,14,0,55,,348,3,16,2,3,0
5288,31,Joinville,14,0,45,,280,5,24,4,1,1
5289,31,Coritiba,9,3,54,,428,2,27,2,3,0
5289,31,Ponte  Preta,17,10,46,,369,6,30,2,3,0
5290,31,Cruzeiro,21,8,49,,426,7,13,1,2,0
5290,31,Fluminense,,0,51,,430,3,14,0,1,0
5291,31,Athletico-Pr,11,0,56,,470,7,11,5,2,0
5291,31,Corinthians,12,0,,,389,5,12,1,1,0
5292,31,Flamengo,,0,63,,459,5,19,0,0,0
5292,31,Internacional,8,0,37,,286,1,24,0,2,0
5293,31,Sao Paulo,17,0,48,,401,4,11,3,1,1
5293,31,Vasco,16,0,52,,427,7,16,2,1,0
5294,31,Chapecoense,21,0,43,,369,3,13,1,2,1
5294,31,Gremio,15,0,57,,489,5,17,2,3,0
5295,31,Goias,10,0,39,,374,1,8,1,1,0
5295,31,Santos,16,0,61,,559,3,9,4,0,0
5296,31,Atletico-Mg,7,0,56,,545,7,8,1,0,1
5296,31,Sport,11,0,44,,429,4,13,1,0,0
5297,32,Athletico-Pr,12,4,46,,427,5,21,1,3,0
5297,32,Fluminense,20,9,54,,478,7,4,2,1,0
5298,32,Internacional,15,0,62,,461,4,11,5,1,0
5298,32,Joinville,9,0,38,,279,4,18,1,2,0
5299,32,Figueirense,16,0,38,,281,4,24,3,5,0
5299,32,Santos,8,0,62,,485,4,20,1,2,0
5300,32,Palmeiras,14,0,53,,452,11,15,1,2,0
5300,32,Sport,9,0,47,,433,1,9,1,1,0
5301,32,Corinthians,,0,56,,509,1,19,1,3,0
5301,32,Flamengo,8,0,44,,397,6,20,6,1,1
5302,32,Coritiba,12,0,40,,344,3,17,2,4,1
5302,32,Sao Paulo,15,0,60,,525,3,21,1,3,0
5303,32,Avai,12,0,47,,367,4,16,1,2,0
5303,32,Chapecoense,10,0,53,,397,2,17,1,1,0
5304,32,Gremio,11,0,47,,416,9,16,4,2,0
5304,32,Vasco,20,0,,,454,3,12,4,1,0
5305,32,Cruzeiro,15,0,56,,,5,11,0,4,0
5305,32,Goias,17,0,44,,363,8,14,0,4,0
5306,32,Atletico-Mg,17,0,59,,552,6,15,0,2,0
5306,32,Ponte Preta,,0,41,,409,5,12,2,1,0
5307,33,Sao Paulo,16,0,57,,541,4,10,3,1,0
5307,33,Sport,9,0,43,,415,2,15,2,2,0
5308,33,Avai,10,0,51,,315,4,16,1,3,0
5308,33,Cruzeiro,15,0,49,,325,3,16,0,3,0
5309,33,Joinville,11,0,49,,330,4,17,0,5,0
5309,33,Ponte Preta,2,0,51,,354,7,20,2,3,0
5310,33,Coritiba,11,0,64,,424,7,13,3,2,0
5310,33,Figueirense,6,0,,,247,6,29,2,5,0
5311,33,Athletico-Pr,5,0,44,,341,4,12,1,4,1
5311,33,Chapecoense,17,0,56,,402,7,13,2,3,0
5312,33,Palmeiras,8,0,54,,325,4,18,3,3,1
5312,33,Santos,13,0,46,,281,6,15,6,3,0
5313,33,Flamengo,,0,48,,474,1,12,1,0,1
5313,33,Gremio,11,0,52,,506,6,12,0,0,0
5314,33,Atletico-Mg,16,0,59,,,11,11,5,1,0
5314,33,Corinthians,9,0,41,,363,2,15,1,0,0
5315,33,Fluminense,14,5,52,,472,5,22,2,4,1
5315,33,Vasco,13,3,48,,444,13,18,0,2,0
5316,33,Goias,,0,34,,267,4,16,3,3,0
5316,33,Internacional,14,0,66,,520,5,12,2,3,0
5317,34,Internacional,11,0,55,,,4,20,0,2,0
5317,34,Ponte Preta,13,0,,,360,6,20,4,4,0
5318,34,Corinthians,10,0,67,,698,6,5,1,0,0
5318,34,Coritiba,10,0,33,,331,7,17,2,3,0
5319,34,Athletico-Pr,18,0,59,,,7,21,1,1,0
5319,34,Avai,21,0,41,,322,4,10,1,2,0
5320,34,Chapecoense,18,3,40,,351,5,14,2,3,0
5320,34,Fluminense,13,5,60,,522,6,12,3,3,0
5321,34,Palmeiras,15,0,57,,422,8,29,1,1,0
5321,34,Vasco,9,0,43,,333,2,13,3,4,0
5322,34,Flamengo,13,0,65,,581,5,16,4,1,0
5322,34,Goias,,0,35,,,2,14,1,0,0
5323,34,Cruzeiro,18,0,44,,446,6,5,4,1,0
5323,34,Sao Paulo,13,0,56,,577,2,12,0,2,0
5324,34,Atletico-Mg,13,0,69,,562,6,13,2,4,0
5324,34,Figueirense,,0,31,,243,10,14,4,2,0
5325,34,Joinville,9,0,,,237,11,22,3,3,1
5325,34,Santos,11,0,45,,203,7,19,8,2,0
5326,34,Gremio,8,0,52,,460,4,16,2,3,1
5326,34,Sport,13,0,48,,426,8,8,1,2,0
5327,35,Cruzeiro,21,0,47,,369,13,13,3,2,0
5327,35,Sport,15,0,53,,410,13,15,3,4,0
5328,35,Coritiba,11,0,,,316,3,18,0,,0
5328,35,Goias,12,0,62,,484,5,20,4,1,0
5329,35,Figueirense,7,0,32,,262,1,24,2,4,0
5329,35,Ponte Preta,,0,68,,534,5,18,3,4,0
5330,35,Avai,11,0,40,,,6,12,1,4,0
5330,35,Joinville,14,0,60,,392,8,13,0,1,0
5331,35,Athletico-Pr,14,0,47,,363,1,13,5,2,0
5331,35,Palmeiras,12,0,53,,395,4,15,4,4,2
5332,35,Fluminense,8,0,37,,293,4,21,2,4,1
5332,35,Gremio,21,0,63,,499,9,20,3,3,0
5333,35,Chapecoense,18,0,,,318,9,16,4,4,0
5333,35,Internacional,11,0,57,,433,3,14,7,2,1
5334,35,Atletico-Mg,10,0,55,,516,5,9,4,0,0
5334,35,Sao Paulo,18,0,,,418,5,7,3,0,0
5335,35,Flamengo,11,0,41,,327,3,11,1,1,1
5335,35,Santos,13,0,59,,471,6,20,2,2,0
5336,35,Corinthians,14,0,60,,442,6,15,0,3,0
5336,35,Vasco,14,0,40,,305,8,12,6,1,1
5337,36,Cruzeiro,15,0,49,,433,2,13,2,1,0
5337,36,Palmeiras,10,0,51,,438,1,20,1,2,0
5338,36,Joinville,21,0,54,,338,7,21,3,4,1
5338,36,Vasco,8,0,46,,306,9,10,1,4,0
5339,36,Atletico-Mg,18,0,73,,,6,16,3,3,0
5339,36,Goias,12,0,27,,242,2,12,1,3,0
5340,36,Gremio,11,0,57,,,4,13,0,2,0
5340,36,Internacional,13,0,43,,322,6,21,2,4,0
5341,36,Chapecoense,6,0,49,,397,5,15,1,3,0
5341,36,Figueirense,14,0,51,,400,4,13,3,1,0
5342,36,Corinthians,13,0,51,,459,3,10,0,2,0
5342,36,Sao Paulo,19,0,49,,441,9,10,3,2,0
5343,36,Flamengo,15,0,59,,501,8,19,0,3,0
5343,36,Ponte Preta,12,0,41,,360,3,23,2,3,0
5344,36,Avai,13,0,44,,400,5,6,2,3,0
5344,36,Fluminense,9,0,56,,515,5,11,2,2,0
5345,36,Coritiba,10,0,37,,282,3,13,2,3,0
5345,36,Santos,8,0,63,,480,5,21,1,3,1
5346,36,Athletico-Pr,7,0,46,,411,5,20,2,2,0
5346,36,Sport,20,0,54,,461,10,10,3,3,0
5347,37,Figueirense,12,0,35,,289,2,26,6,4,0
5347,37,Sao Paulo,19,0,65,,526,4,16,0,1,0
5348,37,Fluminense,,0,43,,369,3,13,0,3,1
5348,37,Internacional,14,0,57,,486,3,20,1,,0
5349,37,Avai,10,0,48,,333,8,19,0,1,0
5349,37,Ponte  Preta,4,0,52,,371,2,27,1,1,1
5350,37,Corinthians,8,0,55,,484,4,17,2,3,0
5350,37,Sport,13,0,45,,399,8,14,4,6,0
5351,37,Cruzeiro,21,0,57,,504,3,12,2,2,0
5351,37,Joinville,4,0,43,,,2,13,1,3,0
5352,37,Atletico-Mg,15,0,,,522,3,11,0,5,0
5352,37,Gremio,4,0,43,,,3,10,3,3,0
5353,37,Chapecoense,11,0,66,,,4,17,0,5,0
5353,37,Goias,14,0,34,,234,3,17,2,3,0
5354,37,Santos,9,0,53,,349,2,12,3,2,0
5354,37,Vasco,16,0,47,,307,10,14,1,3,0
5355,37,Coritiba,7,0,30,,225,2,27,4,3,0
5355,37,Palmeiras,6,0,,,495,6,22,4,3,0
5356,37,Athletico-Pr,17,0,40,,,2,16,2,1,0
5356,37,Flamengo,10,0,60,,546,4,14,1,3,0
5357,38,Cruzeiro,6,0,49,,399,3,13,2,1,0
5357,38,Internacional,13,0,51,,381,9,11,4,2,0
5358,38,Flamengo,15,0,65,,559,1,16,1,0,0
5358,38,Palmeiras,14,0,35,,304,5,20,4,1,0
5359,38,Figueirense,17,0,39,,262,7,16,0,4,0
5359,38,Fluminense,8,0,61,,421,5,18,1,4,0
5360,38,Athletico-Pr,15,0,51,,442,5,10,3,1,0
5360,38,Santos,12,0,49,,440,7,10,4,0,0
5361,38,Ponte Preta,,0,48,,358,9,21,4,4,0
5361,38,Sport,4,0,52,,402,5,12,2,2,0
5362,38,Goias,6,0,36,,309,2,12,1,4,0
5362,38,Sao Paulo,6,0,64,,540,3,21,0,1,0
5363,38,Avai,11,0,22,,216,2,14,1,2,0
5363,38,Corinthians,14,0,78,,761,4,11,2,2,0
5364,38,Atletico-Mg,14,0,60,,,5,7,2,0,0
5364,38,Chapecoense,10,0,40,,,4,11,0,0,0
5365,38,Gremio,7,0,46,,314,4,13,3,1,0
5365,38,Joinville,13,0,54,,,7,12,3,3,0
5366,38,Coritiba,,0,47,,295,4,20,1,1,0
5366,38,Vasco,,0,53,,327,3,15,3,0,1
5367,1,Athletico-Pr,4,0,35,,316,1,17,0,3,1
5367,1,Palmeiras,12,6,65,,577,8,14,2,1,0
5368,1,Flamengo,11,0,56,,553,4,18,2,2,0
5368,1,Sport,1,0,44,,437,4,15,3,1,1
5369,1,Atletico-Mg,23,0,40,,361,4,18,3,2,0
5369,1,Santos,12,0,60,,517,2,12,5,2,0
5370,1,Coritiba,15,0,51,,444,5,19,1,1,0
5370,1,Cruzeiro,6,0,49,,442,0,23,4,2,2
5371,1,Santa Cruz,7,0,38,,227,6,11,6,3,0
5371,1,Vitoria,11,0,62,,380,1,17,1,0,0
5372,1,Botafogo-Rj,,0,67,,590,7,7,3,1,0
5372,1,Sao Paulo,6,0,33,,310,4,10,3,5,0
5373,1,Figueirense,13,0,54,,376,6,8,1,2,0
5373,1,Ponte Preta,20,0,46,,332,9,21,1,5,0
5374,1,Corinthians,15,0,61,,579,10,12,2,1,0
5374,1,Gremio,6,0,39,,,2,20,3,,0
5375,1,America-Mg,17,0,39,,317,8,8,2,0,0
5375,1,Fluminense,14,0,61,,490,15,9,4,0,0
5376,1,Chapecoense,6,0,31,,227,4,20,1,3,1
5376,1,Internacional,12,0,69,,494,9,14,1,3,0
5377,2,Palmeiras,11,0,66,,497,6,16,3,4,0
5377,2,Ponte Preta,,0,34,,268,4,21,3,3,0
5378,2,Fluminense,15,0,58,,462,6,20,0,3,0
5378,2,Santa Cruz,10,0,42,,341,5,23,0,5,0
5379,2,Cruzeiro,,0,70,,533,5,11,1,3,0
5379,2,Figueirense,13,0,30,,229,4,14,1,1,0
5380,2,Coritiba,4,0,41,,451,1,15,3,2,0
5380,2,Santos,12,0,59,,622,2,12,6,5,0
5381,2,Athletico-Pr,9,0,42,,391,5,18,1,3,0
5381,2,Atletico-Mg,25,0,58,,523,14,7,3,1,0
5382,2,Corinthians,13,0,66,,529,5,24,3,4,0
5382,2,Vitoria,10,0,34,,270,5,20,5,4,1
5383,2,America-Mg,9,0,38,,313,2,26,1,4,0
5383,2,Chapecoense,18,0,,,495,6,12,3,0,0
5384,2,Internacional,12,0,46,,362,5,16,2,6,1
5384,2,Sao Paulo,17,0,54,,406,11,11,0,4,0
5385,2,Flamengo,,0,56,,535,5,8,4,2,0
5385,2,Gremio,20,0,44,,434,11,17,4,3,0
5386,2,Botafogo-Rj,19,0,44,,443,1,10,5,2,0
5386,2,Sport,13,0,56,,537,10,14,1,3,0
5387,3,Figueirense,13,0,46,,403,7,21,2,2,0
5387,3,Santos,8,0,,,484,2,12,1,3,1
5388,3,Athletico-Pr,,4,66,,645,5,12,1,2,0
5388,3,Botafogo-Rj,10,3,34,,333,3,8,5,2,0
5389,3,Chapecoense,12,0,37,,318,5,24,3,1,0
5389,3,Flamengo,8,0,63,,536,2,10,3,4,1
5390,3,America-Mg,12,0,54,,,4,22,1,4,0
5390,3,Vitoria,7,0,46,,,1,18,3,1,1
5391,3,Cruzeiro,20,0,66,,537,7,15,1,3,0
5391,3,Santa Cruz,,0,34,,282,1,16,3,2,0
5392,3,Fluminense,14,0,47,,360,4,12,3,0,0
5392,3,Palmeiras,15,0,53,,390,8,20,1,1,0
5393,3,Coritiba,13,0,51,,419,6,18,0,2,0
5393,3,Sao Paulo,11,0,49,,407,3,12,1,2,0
5394,3,Corinthians,14,0,58,,562,5,23,0,3,0
5394,3,Ponte Preta,6,0,42,,411,3,15,1,3,0
5395,3,Internacional,11,0,52,,430,7,14,3,3,0
5395,3,Sport,10,0,48,,,5,13,1,1,0
5396,3,Atletico-Mg,15,0,55,,530,5,8,0,1,0
5396,3,Gremio,10,0,45,,449,4,14,1,5,0
5397,4,America-Mg,6,0,34,,293,4,9,1,1,0
5397,4,Cruzeiro,27,0,66,,544,15,7,1,1,0
5398,4,Athletico-Pr,,8,,,426,7,17,3,2,0
5398,4,Figueirense,11,4,52,,447,5,17,1,1,0
5399,4,Chapecoense,17,0,66,,527,9,16,0,1,0
5399,4,Santa Cruz,4,0,34,,298,1,19,1,4,0
5400,4,Flamengo,6,0,39,,346,2,13,1,1,1
5400,4,Ponte  Preta,18,0,61,,518,8,19,1,2,0
5401,4,Corinthians,,0,44,,479,1,12,0,1,0
5401,4,Sport,11,0,56,,581,8,7,4,2,0
5402,4,Botafogo-Rj,6,0,56,,459,7,17,0,,0
5402,4,Fluminense,15,3,44,,377,2,16,0,1,0
5403,4,Atletico-Mg,16,0,57,,447,5,18,2,6,0
5403,4,Vitoria,16,0,43,,342,4,21,1,4,0
5404,4,Palmeiras,8,0,55,,403,2,21,3,5,0
5404,4,Sao Paulo,15,0,45,,335,13,18,3,2,0
5405,4,Coritiba,13,0,45,,471,2,18,4,3,0
5405,4,Gremio,12,0,55,,572,4,19,1,0,0
5406,4,Internacional,11,0,,,454,5,14,0,1,0
5406,4,Santos,13,0,49,,457,5,9,2,1,0
5407,5,Athletico-Pr,13,0,,,449,4,15,4,2,0
5407,5,Internacional,9,1,48,,418,7,30,3,5,0
5408,5,Corinthians,14,0,67,,648,7,14,0,0,0
5408,5,Santos,3,0,33,,331,3,14,3,2,0
5409,5,Santa Cruz,8,0,52,,385,6,25,1,5,1
5409,5,Sport,17,0,48,,368,2,15,2,2,0
5410,5,Chapecoense,15,0,49,,376,9,23,1,5,0
5410,5,Coritiba,19,0,51,,387,6,17,1,4,0
5411,5,Atletico-Mg,17,0,62,,593,0,16,4,2,0
5411,5,Fluminense,11,0,38,,373,2,19,5,5,0
5412,5,Figueirense,17,0,37,,257,5,16,0,2,0
5412,5,Sao Paulo,12,0,63,,456,5,19,1,1,0
5413,5,Botafogo-Rj,5,0,51,,419,9,11,3,1,0
5413,5,Cruzeiro,14,0,49,,399,7,23,2,3,0
5414,5,America-Mg,14,0,55,,529,3,7,5,1,0
5414,5,Ponte Preta,13,0,45,,,7,15,2,3,0
5415,5,Gremio,,0,55,,415,1,19,1,4,0
5415,5,Palmeiras,16,0,45,,330,4,24,3,5,0
5416,5,Flamengo,17,0,51,,391,5,14,1,2,0
5416,5,Vitoria,5,0,49,,384,2,18,1,3,0
5417,6,Athletico-Pr,12,4,61,,561,4,12,0,0,0
5417,6,Santa  Cruz,,1,39,,363,2,18,0,2,0
5418,6,Chapecoense,8,0,45,,439,2,12,0,3,0
5418,6,Fluminense,12,0,55,,520,3,11,3,0,0
5419,6,Corinthians,,0,76,,718,11,13,1,2,0
5419,6,Coritiba,6,0,24,,238,3,12,3,5,0
5420,6,America-Mg,18,0,51,,354,9,20,1,2,0
5420,6,Figueirense,13,0,49,,,2,14,2,3,0
5421,6,Botafogo-Rj,11,0,47,,441,5,12,1,1,0
5421,6,Santos,7,0,53,,499,7,12,2,1,0
5422,6,Internacional,10,0,60,,386,5,19,1,6,0
5422,6,Vitoria,11,0,40,,270,2,16,1,1,0
5423,6,Atletico-Mg,10,0,48,,477,4,17,2,3,0
5423,6,Sport,12,0,52,,502,2,10,2,1,0
5424,6,Flamengo,7,0,38,,310,2,11,1,1,1
5424,6,Palmeiras,15,0,,,479,7,12,1,2,0
5425,6,Gremio,27,0,72,,662,10,14,0,2,1
5425,6,Ponte Preta,8,0,28,,271,2,13,0,4,1
5426,6,Cruzeiro,12,0,60,,541,3,12,4,2,0
5426,6,Sao Paulo,10,0,40,,372,5,9,3,0,0
5427,7,America-Mg,19,0,49,,432,9,15,1,3,0
5427,7,Internacional,12,0,51,,464,3,16,1,2,0
5428,7,Chapecoense,7,0,40,,312,3,22,1,4,0
5428,7,Ponte Preta,,0,,,461,9,22,0,3,0
5429,7,Fluminense,26,0,61,,548,6,9,1,4,0
5429,7,Gremio,6,0,39,,384,1,10,0,2,1
5430,7,Athletico-Pr,6,5,38,,337,4,17,2,2,0
5430,7,Sao Paulo,13,4,62,,546,4,12,1,1,0
5431,7,Coritiba,18,0,55,,411,7,18,4,4,1
5431,7,Sport,,0,45,,,0,26,1,3,1
5432,7,Botafogo-Rj,13,0,52,,358,6,20,5,3,0
5432,7,Vitoria,18,0,48,,338,8,18,1,1,0
5433,7,Atletico-Mg,12,0,69,,489,7,15,4,4,1
5433,7,Cruzeiro,11,0,31,,229,4,15,1,5,3
5434,7,Corinthians,8,0,49,,373,2,18,2,4,0
5434,7,Palmeiras,16,0,51,,368,2,19,3,4,0
5435,7,Figueirense,8,0,37,,282,4,17,1,2,0
5435,7,Flamengo,,0,63,,474,4,17,0,2,0
5436,7,Santa Cruz,16,0,48,,451,6,19,0,1,0
5436,7,Santos,12,0,52,,501,3,11,0,2,0
5437,8,Sao Paulo,10,0,55,,422,3,22,5,5,0
5437,8,Vitoria,10,0,45,,357,2,22,2,2,0
5438,8,Chapecoense,8,0,46,,376,7,19,0,2,0
5438,8,Gremio,17,0,54,,452,5,15,0,2,0
5439,8,Athletico-Pr,9,4,47,,449,4,15,0,2,0
5439,8,Ponte Preta,12,3,53,,498,4,9,2,0,0
5440,8,Santos,20,0,61,,617,9,10,2,1,0
5440,8,Sport,12,0,39,,398,5,10,0,3,0
5441,8,Figueirense,8,0,46,,396,3,8,0,3,1
5441,8,Santa Cruz,12,0,54,,424,9,25,3,3,0
5442,8,America-Mg,10,0,54,,481,2,20,1,2,0
5442,8,Botafogo-Rj,22,0,46,,434,5,17,2,2,0
5443,8,Coritiba,9,0,39,,,6,14,1,4,0
5443,8,Palmeiras,9,0,61,,462,4,19,2,3,0
5444,8,Cruzeiro,15,0,62,,,9,9,0,0,0
5444,8,Flamengo,9,0,38,,336,5,9,4,0,0
5445,8,Atletico-Mg,15,0,55,,494,5,12,1,1,0
5445,8,Internacional,12,0,45,,399,7,23,6,2,0
5446,8,Corinthians,16,0,57,,547,9,7,1,0,1
5446,8,Fluminense,12,0,,,410,4,12,5,2,0
5447,9,Palmeiras,22,0,60,,521,2,18,2,1,0
5447,9,Santa Cruz,13,0,40,,349,3,24,0,3,1
5448,9,Athletico-Pr,10,5,33,,323,3,16,1,2,0
5448,9,Santos,7,3,67,,652,5,7,2,1,0
5449,9,America-Mg,17,0,,,395,3,17,3,0,0
5449,9,Coritiba,15,0,,,415,3,12,1,3,0
5450,9,Chapecoense,10,0,,,336,2,18,2,4,0
5450,9,Vitoria,25,0,52,,,11,20,2,1,0
5451,9,Atletico-Mg,20,0,53,,,10,9,1,0,0
5451,9,Ponte Preta,9,0,,,445,3,17,1,1,0
5452,9,Botafogo-Rj,10,0,39,,363,6,15,4,2,0
5452,9,Corinthians,12,0,61,,562,4,15,1,2,0
5453,9,Flamengo,30,0,,,501,14,9,0,1,0
5453,9,Sao  Paulo,8,0,38,,315,2,19,1,2,1
5454,9,Figueirense,16,0,41,,277,7,16,4,3,0
5454,9,Internacional,19,0,59,,370,12,15,0,0,0
5455,9,Fluminense,19,0,65,,617,7,12,4,0,0
5455,9,Sport,10,0,,,345,2,12,2,2,0
5456,9,Cruzeiro,7,0,44,,453,1,16,2,2,0
5456,9,Gremio,17,0,56,,572,5,13,4,0,0
5457,10,America-Mg,11,0,32,,316,4,8,1,1,0
5457,10,Palmeiras,21,0,68,,663,6,6,4,0,0
5458,10,Cruzeiro,7,0,36,,294,2,14,0,4,0
5458,10,Ponte Preta,15,0,64,,473,12,11,3,4,0
5459,10,Botafogo-Rj,20,0,65,,513,14,12,5,0,0
5459,10,Figueirense,9,0,,,296,1,14,0,1,0
5460,10,Flamengo,9,0,52,,483,3,12,2,0,0
5460,10,Santa Cruz,14,0,48,,,7,13,2,1,0
5461,10,Fluminense,22,0,52,,501,4,9,0,1,0
5461,10,Santos,,0,48,,479,3,11,3,1,0
5462,10,Atletico-Mg,9,0,,,456,3,24,4,3,0
5462,10,Corinthians,10,0,51,,479,2,11,2,1,0
5463,10,Athletico-Pr,13,4,49,,305,5,17,3,2,0
5463,10,Chapecoense,11,3,51,,315,5,16,3,2,0
5464,10,Gremio,21,0,63,,557,2,11,1,3,1
5464,10,Vitoria,15,0,37,,,3,17,4,4,0
5465,10,Sao Paulo,21,0,63,,511,3,9,2,0,0
5465,10,Sport,8,0,37,,313,3,19,0,2,0
5466,10,Coritiba,14,0,56,,355,7,13,1,1,1
5466,10,Internacional,10,0,44,,301,5,27,1,5,0
5467,11,Cruzeiro,20,0,51,,390,5,13,1,4,0
5467,11,Palmeiras,,0,49,,384,6,14,3,2,0
5468,11,Corinthians,18,0,62,,537,12,14,2,3,0
5468,11,Santa Cruz,9,0,38,,338,1,16,2,1,0
5469,11,America-Mg,17,0,58,,476,2,19,3,3,0
5469,11,Atletico-Mg,7,0,42,,354,4,17,5,3,0
5470,11,Flamengo,19,0,57,,505,8,9,0,0,0
5470,11,Fluminense,18,0,43,,400,3,14,2,1,0
5471,11,Ponte Preta,15,0,,,,3,22,0,2,0
5471,11,Vitoria,14,0,61,,469,8,17,3,3,0
5472,11,Athletico-Pr,18,12,48,,461,6,12,4,1,0
5472,11,Gremio,,1,52,,480,7,16,3,0,1
5473,11,Botafogo-Rj,15,0,38,,299,4,18,0,3,0
5473,11,Internacional,,0,62,,450,13,21,1,4,1
5474,11,Santos,11,0,64,,558,4,8,1,2,0
5474,11,Sao Paulo,8,0,36,,305,10,14,0,2,1
5475,11,Chapecoense,7,0,43,,382,2,10,3,2,0
5475,11,Sport,15,0,57,,494,13,22,0,3,0
5476,11,Coritiba,16,0,49,,370,3,23,4,4,0
5476,11,Figueirense,8,0,51,,368,4,19,4,3,0
5477,12,Flamengo,21,0,41,,373,8,11,1,1,0
5477,12,Internacional,7,0,,,550,0,22,1,1,0
5478,12,Sport,8,0,34,,260,3,19,2,,2
5478,12,Vitoria,20,0,66,,472,7,22,3,4,0
5479,12,Gremio,17,0,36,,375,4,10,2,,0
5479,12,Santos,18,0,64,,655,5,14,3,3,0
5480,12,Athletico-Pr,8,2,48,,336,3,16,2,2,0
5480,12,Coritiba,12,3,52,,345,7,22,2,3,0
5481,12,Chapecoense,15,0,47,,339,8,19,2,4,0
5481,12,Cruzeiro,,0,53,,401,3,20,1,6,0
5482,12,Fluminense,9,0,57,,508,4,15,1,3,0
5482,12,Sao Paulo,19,0,43,,383,7,17,1,4,0
5483,12,America-Mg,14,0,59,,539,8,10,3,2,0
5483,12,Corinthians,8,0,41,,381,4,13,2,1,0
5484,12,Ponte Preta,13,0,43,,355,0,16,2,1,0
5484,12,Santa Cruz,9,0,57,,453,8,15,4,2,0
5485,12,Figueirense,8,0,37,,302,3,24,4,1,0
5485,12,Palmeiras,14,0,63,,513,4,26,1,1,0
5486,12,Atletico-Mg,,0,45,,373,9,15,2,0,0
5486,12,Botafogo-Rj,20,0,55,,438,9,9,6,0,0
5487,13,Coritiba,5,0,44,,373,2,19,1,2,0
5487,13,Fluminense,13,0,56,,467,10,14,6,1,0
5488,13,America-Mg,11,0,44,,386,6,12,1,2,0
5488,13,Athletico-Pr,15,2,,,484,6,9,1,2,0
5489,13,Cruzeiro,18,0,60,,366,8,12,5,3,0
5489,13,Vitoria,20,0,40,,238,10,18,5,2,1
5490,13,Gremio,11,0,,,335,3,11,1,5,0
5490,13,Internacional,19,0,55,,,12,11,3,4,0
5491,13,Chapecoense,11,0,36,,359,6,12,1,1,0
5491,13,Santos,9,0,64,,639,11,13,1,1,0
5492,13,Ponte Preta,22,0,65,,480,6,20,0,3,0
5492,13,Sao Paulo,6,0,35,,277,2,16,3,2,1
5493,13,Corinthians,17,0,49,,450,6,15,1,2,0
5493,13,Flamengo,13,0,51,,475,7,10,5,3,0
5494,13,Botafogo-Rj,10,0,45,,401,6,11,1,1,0
5494,13,Santa Cruz,15,0,55,,477,6,13,2,3,0
5495,13,Atletico-Mg,9,0,46,,361,2,21,1,4,1
5495,13,Figueirense,17,0,54,,407,4,18,1,2,1
5496,13,Palmeiras,13,0,39,,297,0,21,1,5,0
5496,13,Sport,17,0,61,,,5,18,2,4,0
5497,14,Chapecoense,9,0,39,,333,3,17,3,0,1
5497,14,Corinthians,12,0,61,,522,5,13,3,1,0
5498,14,Botafogo-Rj,9,0,49,,408,8,14,1,3,0
5498,14,Coritiba,16,0,51,,414,11,21,0,1,0
5499,14,Ponte Preta,11,0,38,,,4,17,5,2,0
5499,14,Sport,9,0,62,,436,4,12,0,2,0
5500,14,Figueirense,12,0,38,,345,7,14,1,1,0
5500,14,Gremio,27,0,62,,543,9,11,1,1,0
5501,14,Atletico-Mg,13,0,55,,428,5,23,2,4,0
5501,14,Flamengo,7,0,,,360,6,10,0,1,0
5502,14,Internacional,11,0,52,,360,7,19,1,2,0
5502,14,Santa Cruz,8,0,48,,339,4,21,1,0,0
5503,14,America-Mg,7,0,45,,,3,13,0,4,0
5503,14,Sao Paulo,21,0,55,,488,4,7,3,1,0
5504,14,Fluminense,10,0,45,,273,6,22,3,4,0
5504,14,Vitoria,26,0,,,311,13,16,4,3,0
5505,14,Athletico-Pr,9,3,39,,,1,17,4,4,0
5505,14,Cruzeiro,19,7,61,,543,4,9,5,1,0
5506,14,Palmeiras,12,0,38,,287,4,17,3,3,0
5506,14,Santos,10,0,62,,458,2,17,1,2,0
5507,15,Botafogo-Rj,17,0,47,,391,7,12,2,2,0
5507,15,Flamengo,10,0,53,,442,1,22,1,4,0
5508,15,Ponte Preta,19,0,42,,328,6,11,1,2,0
5508,15,Santos,13,0,58,,484,5,14,0,3,0
5509,15,America-Mg,10,0,67,,650,4,9,2,2,0
5509,15,Santa Cruz,14,0,33,,337,2,10,2,2,0
5510,15,Internacional,8,0,59,,502,9,17,0,4,0
5510,15,Palmeiras,9,0,41,,381,1,13,1,2,0
5511,15,Chapecoense,9,0,56,,420,5,18,1,4,0
5511,15,Figueirense,9,0,44,,348,3,16,3,1,0
5512,15,Cruzeiro,12,0,64,,480,14,17,0,6,0
5512,15,Fluminense,11,0,36,,,5,17,3,0,0
5513,15,Athletico-Pr,,0,52,,,4,16,3,3,0
5513,15,Vitoria,16,0,48,,373,7,10,2,3,0
5514,15,Corinthians,8,0,56,,459,4,11,0,3,0
5514,15,Sao Paulo,7,0,44,,355,7,26,5,3,0
5515,15,Gremio,18,0,55,,481,7,16,2,3,0
5515,15,Sport,14,0,,,405,3,15,1,0,0
5516,15,Atletico-Mg,12,0,51,,380,3,16,5,2,0
5516,15,Coritiba,15,0,49,,361,3,18,2,2,0
5517,16,Corinthians,18,0,69,,545,7,15,0,2,0
5517,16,Figueirense,,0,31,,262,5,21,3,6,0
5518,16,Coritiba,16,0,42,,339,4,19,0,1,0
5518,16,Santa Cruz,5,0,58,,456,4,17,7,2,0
5519,16,Atletico-Mg,5,0,43,,,1,19,3,2,0
5519,16,Palmeiras,9,0,57,,426,6,11,5,1,0
5520,16,Internacional,6,0,49,,347,2,13,1,2,1
5520,16,Ponte Preta,15,0,51,,339,10,20,3,3,0
5521,16,Gremio,27,0,52,,515,7,16,0,0,0
5521,16,Sao Paulo,8,0,48,,485,2,12,1,2,1
5522,16,Athletico-Pr,16,5,42,,354,2,13,0,3,0
5522,16,Fluminense,9,3,58,,466,7,20,0,5,0
5523,16,Cruzeiro,29,0,61,,442,12,15,2,1,0
5523,16,Sport,8,0,39,,304,3,18,1,4,0
5524,16,Botafogo-Rj,14,0,63,,579,3,16,5,2,0
5524,16,Chapecoense,4,0,37,,354,0,14,1,1,0
5525,16,Santos,9,0,43,,358,2,11,2,2,0
5525,16,Vitoria,23,0,57,,434,13,15,3,3,0
5526,16,America-Mg,10,0,38,,335,5,13,2,0,0
5526,16,Flamengo,,0,62,,535,4,11,1,1,0
5527,17,Figueirense,6,0,35,,246,6,19,1,3,1
5527,17,Vitoria,12,0,65,,446,3,26,0,3,1
5528,17,Athletico-Pr,8,0,51,,444,1,9,1,1,0
5528,17,Sport,10,0,49,,421,6,23,1,2,0
5529,17,Atletico-Mg,15,0,58,,590,10,13,1,1,0
5529,17,Santa Cruz,8,0,42,,430,3,12,1,3,0
5530,17,Chapecoense,7,0,32,,291,1,11,0,1,0
5530,17,Sao Paulo,21,0,68,,569,13,13,3,4,0
5531,17,Fluminense,5,0,,,416,1,21,1,4,0
5531,17,Ponte Preta,14,0,46,,352,7,21,0,6,0
5532,17,Coritiba,12,0,51,,338,8,9,0,1,0
5532,17,Flamengo,6,0,49,,369,2,13,0,2,0
5533,17,Corinthians,13,0,45,,381,8,19,2,2,0
5533,17,Internacional,6,0,55,,446,3,19,3,2,0
5534,17,Cruzeiro,13,0,50,,502,4,10,2,1,0
5534,17,Santos,8,0,50,,517,2,12,5,1,0
5535,17,Botafogo-Rj,12,0,46,,361,3,20,1,4,0
5535,17,Palmeiras,13,0,54,,400,4,23,4,3,0
5536,17,America-Mg,10,0,47,,399,8,15,1,2,0
5536,17,Gremio,7,0,,,476,1,8,4,2,1
5537,18,Coritiba,19,0,45,,296,4,19,2,1,0
5537,18,Vitoria,11,0,55,,,7,9,4,2,0
5538,18,America-Mg,6,0,,,224,3,22,0,3,0
5538,18,Sport,12,0,,,548,9,8,1,1,0
5539,18,Flamengo,17,0,60,,533,9,9,1,2,0
5539,18,Santos,10,0,40,,379,4,10,1,2,0
5540,18,Athletico-Pr,10,7,44,,,1,11,3,3,0
5540,18,Corinthians,12,3,56,,536,6,12,4,0,0
5541,18,Botafogo-Rj,3,0,63,,546,2,12,1,2,0
5541,18,Ponte Preta,8,0,37,,322,5,16,0,2,0
5542,18,Gremio,15,0,62,,584,5,18,2,1,0
5542,18,Santa Cruz,13,0,38,,368,4,18,0,3,0
5543,18,Atletico-Mg,8,0,39,,384,3,17,1,2,0
5543,18,Sao Paulo,21,0,61,,544,12,9,1,2,0
5544,18,Cruzeiro,,0,42,,347,6,10,1,1,0
5544,18,Internacional,11,0,58,,,4,14,2,1,0
5545,18,Chapecoense,13,0,34,,261,2,18,1,1,0
5545,18,Palmeiras,23,0,66,,495,8,15,0,0,0
5546,18,Figueirense,10,0,,,306,4,15,1,3,0
5546,18,Fluminense,18,0,54,,323,11,21,4,3,0
5547,19,Athletico-Pr,11,2,47,,395,3,11,2,4,0
5547,19,Flamengo,,4,53,,410,11,11,5,2,0
5548,19,America-Mg,9,0,42,,381,2,11,1,2,0
5548,19,Santos,7,0,58,,521,3,7,3,1,1
5549,19,Coritiba,11,0,52,,342,3,20,0,4,0
5549,19,Ponte Preta,11,0,48,,328,4,18,5,3,0
5550,19,Palmeiras,18,0,59,,491,4,13,4,2,0
5550,19,Vitoria,10,0,41,,338,2,20,5,4,0
5551,19,Santa  Cruz,13,0,48,,386,6,15,2,1,0
5551,19,Sao Paulo,12,0,52,,419,7,24,0,3,0
5552,19,Fluminense,10,0,46,,371,3,14,1,4,0
5552,19,Internacional,15,0,54,,413,7,22,2,4,0
5553,19,Figueirense,13,0,41,,297,3,18,1,5,0
5553,19,Sport,16,0,59,,439,5,16,1,3,0
5554,19,Atletico-Mg,14,0,,,507,5,15,3,0,0
5554,19,Chapecoense,18,0,43,,379,3,12,3,1,0
5555,19,Corinthians,11,0,54,,485,6,15,2,4,0
5555,19,Cruzeiro,14,0,46,,430,6,8,5,3,0
5556,19,Botafogo-Rj,10,0,37,,292,6,16,4,3,0
5556,19,Gremio,8,0,63,,507,4,25,1,4,0
5557,20,Flamengo,11,0,,,522,9,15,0,3,0
5557,20,Sport,,0,37,,315,5,24,1,2,0
5558,20,Figueirense,3,0,58,,395,3,25,3,2,0
5558,20,Ponte Preta,15,0,42,,272,11,21,1,2,0
5559,20,America-Mg,5,0,40,,331,2,28,0,5,0
5559,20,Fluminense,16,0,60,,482,9,12,2,2,0
5560,20,Corinthians,26,0,61,,509,10,14,0,1,0
5560,20,Gremio,13,0,39,,349,6,15,3,4,0
5561,20,Coritiba,7,0,33,,256,5,20,2,4,0
5561,20,Cruzeiro,17,0,67,,503,4,15,4,2,0
5562,20,Atletico-Mg,,0,63,,530,7,9,3,4,0
5562,20,Santos,12,0,,,314,4,24,1,4,0
5563,20,Santa Cruz,10,0,47,,343,5,20,9,2,0
5563,20,Vitoria,14,0,53,,,3,15,2,1,0
5564,20,Botafogo-Rj,6,0,37,,295,7,14,1,2,0
5564,20,Sao  Paulo,13,0,63,,491,8,11,2,2,0
5565,20,Athletico-Pr,7,0,58,,485,4,12,1,3,0
5565,20,Palmeiras,12,0,42,,350,7,15,3,3,0
5566,20,Chapecoense,16,0,58,,360,2,15,1,1,0
5566,20,Internacional,,0,42,,266,5,18,0,2,0
5567,21,America-Mg,13,0,51,,412,6,13,0,1,0
5567,21,Chapecoense,12,0,49,,396,4,10,0,1,0
5568,21,Botafogo-Rj,18,0,44,,378,3,19,1,1,0
5568,21,Sport,15,0,56,,483,2,12,1,2,0
5569,21,Flamengo,,0,,,433,7,14,1,2,0
5569,21,Gremio,10,0,49,,434,4,16,1,1,0
5570,21,Athletico-Pr,12,0,39,,332,5,15,0,2,0
5570,21,Atletico-Mg,14,0,,,509,6,15,1,0,0
5571,21,Internacional,,0,59,,,8,9,2,1,0
5571,21,Sao Paulo,5,0,41,,346,0,22,0,2,0
5572,21,Fluminense,6,0,41,,341,4,16,1,2,0
5572,21,Santa Cruz,18,0,59,,484,8,16,2,0,0
5573,21,Palmeiras,18,0,66,,455,4,12,2,3,0
5573,21,Ponte Preta,11,0,34,,238,9,22,0,6,0
5574,21,Coritiba,16,0,,,,5,13,4,1,0
5574,21,Santos,8,0,49,,410,5,16,5,3,0
5575,21,Cruzeiro,13,0,51,,416,2,24,3,5,0
5575,21,Figueirense,15,0,49,,389,8,20,1,3,1
5576,21,Corinthians,17,0,56,,484,8,15,1,2,0
5576,21,Vitoria,9,0,44,,385,3,20,2,4,0
5577,22,Corinthians,2,0,48,,458,0,8,0,1,1
5577,22,Ponte Preta,15,0,52,,471,8,15,6,2,0
5578,22,Cruzeiro,12,0,46,,374,8,17,3,3,0
5578,22,Santa Cruz,12,0,54,,428,6,13,4,3,0
5579,22,Figueirense,4,0,27,,242,3,12,2,2,0
5579,22,Santos,22,0,,,611,11,13,3,3,0
5580,22,Atletico-Mg,3,0,38,,383,0,17,1,4,0
5580,22,Gremio,24,0,62,,623,7,18,1,4,0
5581,22,Fluminense,8,0,59,,428,5,17,2,7,0
5581,22,Palmeiras,16,0,41,,304,5,20,2,5,0
5582,22,Chapecoense,18,0,43,,351,6,15,1,4,0
5582,22,Flamengo,17,0,57,,492,3,13,2,0,0
5583,22,Coritiba,6,0,33,,264,0,16,1,1,0
5583,22,Sao Paulo,16,0,67,,506,13,18,5,2,0
5584,22,Internacional,,0,37,,288,4,19,2,5,0
5584,22,Sport,11,0,63,,474,9,18,0,4,0
5585,22,America-Mg,12,0,52,,389,8,19,4,5,0
5585,22,Vitoria,9,0,48,,379,4,20,1,3,0
5586,22,Athletico-Pr,10,0,42,,344,6,12,0,3,0
5586,22,Botafogo-Rj,13,0,,,477,6,14,3,2,0
5587,23,Chapecoense,7,0,45,,362,4,18,7,3,0
5587,23,Santa Cruz,24,0,55,,417,11,9,2,2,1
5588,23,Athletico-Pr,9,0,55,,405,7,20,1,2,0
5588,23,Figueirense,11,0,45,,339,3,16,3,1,0
5589,23,Botafogo-Rj,12,0,36,,278,3,22,3,5,0
5589,23,Fluminense,12,0,64,,,9,15,1,2,0
5590,23,Atletico-Mg,18,0,51,,406,5,17,3,2,0
5590,23,Vitoria,17,0,49,,394,6,17,5,5,0
5591,23,Palmeiras,15,0,51,,335,6,20,1,3,0
5591,23,Sao Paulo,8,0,49,,,2,19,3,3,0
5592,23,Flamengo,18,0,64,,,10,15,2,1,0
5592,23,Ponte Preta,6,0,36,,262,0,19,2,3,0
5593,23,Coritiba,14,0,39,,370,5,15,0,3,0
5593,23,Gremio,11,0,61,,576,2,9,3,0,0
5594,23,Corinthians,9,0,51,,447,2,15,1,,0
5594,23,Sport,17,0,49,,433,8,17,5,2,0
5595,23,America-Mg,9,0,62,,586,1,19,0,1,0
5595,23,Cruzeiro,10,0,38,,370,3,13,5,2,0
5596,23,Internacional,21,0,,,484,10,19,5,4,0
5596,23,Santos,8,0,41,,341,5,8,2,3,1
5597,24,Flamengo,16,0,55,,494,6,8,4,1,0
5597,24,Vitoria,17,0,45,,409,6,14,1,1,1
5598,24,Chapecoense,13,0,47,,353,4,20,3,2,0
5598,24,Coritiba,16,0,53,,395,7,16,2,3,0
5599,24,Figueirense,,0,40,,325,3,17,0,2,0
5599,24,Sao Paulo,20,0,60,,456,10,25,1,2,0
5600,24,Botafogo-Rj,9,0,38,,312,1,16,2,2,0
5600,24,Cruzeiro,16,0,,,480,9,16,4,4,0
5601,24,Santa Cruz,9,0,36,,276,4,18,0,1,1
5601,24,Sport,17,0,64,,459,11,14,3,2,1
5602,24,Athletico-Pr,16,0,53,,360,7,11,1,0,0
5602,24,Internacional,13,0,47,,327,4,12,1,2,0
5603,24,Corinthians,11,0,48,,384,3,17,1,1,0
5603,24,Santos,13,0,52,,402,6,18,3,2,0
5604,24,America-Mg,7,0,41,,,5,12,1,1,0
5604,24,Ponte Preta,12,0,59,,431,9,10,3,2,0
5605,24,Gremio,11,0,60,,444,5,23,5,4,0
5605,24,Palmeiras,7,0,40,,303,2,16,4,3,0
5606,24,Atletico-Mg,11,0,51,,458,2,16,1,4,0
5606,24,Fluminense,16,0,49,,444,7,14,5,1,0
5607,25,Botafogo-Rj,23,0,59,,523,12,10,2,2,0
5607,25,Santos,8,0,41,,403,2,10,3,1,0
5608,25,America-Mg,10,0,53,,386,8,13,2,1,1
5608,25,Figueirense,,0,47,,368,4,17,1,0,0
5609,25,Gremio,5,0,60,,488,3,18,3,1,0
5609,25,Ponte Preta,,0,40,,313,5,16,5,2,0
5610,25,Athletico-Pr,6,0,43,,399,3,13,0,4,0
5610,25,Santa Cruz,17,0,57,,492,15,12,1,3,0
5611,25,Corinthians,13,0,59,,526,5,12,5,1,0
5611,25,Coritiba,10,0,41,,368,4,15,4,2,1
5612,25,Flamengo,9,0,35,,252,5,13,0,0,1
5612,25,Palmeiras,24,0,65,,452,4,13,0,2,0
5613,25,Atletico-Mg,16,0,63,,612,3,13,1,0,0
5613,25,Sport,6,0,37,,376,4,15,1,1,1
5614,25,Chapecoense,11,0,41,,,2,18,2,4,0
5614,25,Fluminense,12,0,59,,529,8,19,2,3,0
5615,25,Cruzeiro,12,0,46,,436,5,8,0,0,1
5615,25,Sao Paulo,9,0,,,512,2,14,2,0,0
5616,25,Internacional,15,0,66,,519,8,18,3,3,0
5616,25,Vitoria,12,0,34,,279,2,24,1,5,0
5617,26,Corinthians,12,0,67,,635,9,16,0,1,1
5617,26,Palmeiras,12,0,33,,325,1,16,1,4,0
5618,26,Figueirense,4,0,35,,311,1,17,0,2,1
5618,26,Flamengo,25,0,65,,565,9,16,0,2,0
5619,26,Atletico-Mg,7,0,52,,420,2,23,2,2,0
5619,26,Cruzeiro,13,0,48,,377,4,12,2,0,1
5620,26,Coritiba,7,0,34,,253,1,21,3,1,0
5620,26,Sport,17,0,66,,464,8,20,3,0,0
5621,26,Fluminense,11,0,32,,317,1,11,6,3,0
5621,26,Gremio,22,0,68,,645,9,17,1,4,0
5622,26,Chapecoense,9,0,57,,455,7,16,3,2,0
5622,26,Ponte Preta,12,0,43,,362,6,12,4,0,0
5623,26,Athletico-Pr,12,0,43,,372,5,12,2,1,0
5623,26,Sao Paulo,8,0,57,,476,4,12,2,1,0
5624,26,Santa Cruz,11,0,51,,458,5,11,2,1,0
5624,26,Santos,15,0,,,463,3,13,5,1,0
5625,26,Botafogo-Rj,3,0,36,,269,1,24,2,5,0
5625,26,Vitoria,20,0,64,,439,7,15,2,2,0
5626,26,America-Mg,22,0,43,,313,4,12,0,1,0
5626,26,Internacional,9,0,57,,405,6,14,2,2,0
5627,27,Coritiba,3,0,41,,325,2,24,0,3,0
5627,27,Palmeiras,20,0,59,,453,4,13,4,2,0
5628,27,Santos,15,0,,,474,5,11,2,1,1
5628,27,Sport,12,0,40,,312,4,20,2,3,0
5629,27,America-Mg,8,0,43,,374,5,16,1,2,0
5629,27,Botafogo-Rj,7,0,57,,493,7,12,5,,0
5630,27,Athletico-Pr,,0,69,,,10,11,1,2,0
5630,27,Ponte Preta,4,0,31,,290,3,20,1,5,1
5631,27,Figueirense,5,0,33,,307,3,19,5,1,0
5631,27,Santa Cruz,12,0,67,,583,8,12,0,5,0
5632,27,Sao Paulo,,0,56,,406,5,19,5,3,0
5632,27,Vitoria,15,0,44,,311,6,21,0,4,0
5633,27,Corinthians,21,0,57,,498,4,19,0,4,0
5633,27,Fluminense,12,0,43,,381,8,15,2,3,0
5634,27,Cruzeiro,11,0,41,,375,3,12,1,2,0
5634,27,Flamengo,21,0,59,,,8,13,6,1,0
5635,27,Chapecoense,8,0,53,,560,3,12,0,2,0
5635,27,Gremio,15,0,47,,510,3,13,2,2,0
5636,27,Atletico-Mg,11,0,57,,509,5,11,0,2,0
5636,27,Internacional,14,0,43,,388,6,17,2,2,0
5637,28,Fluminense,19,0,61,,530,6,11,4,1,0
5637,28,Sport,13,0,39,,341,6,30,2,3,0
5638,28,Flamengo,8,0,55,,459,2,9,3,3,0
5638,28,Sao Paulo,7,0,45,,371,11,18,1,4,0
5639,28,Chapecoense,15,0,62,,468,2,18,5,1,0
5639,28,Vitoria,8,0,38,,296,2,18,1,2,0
5640,28,Athletico-Pr,6,0,55,,541,3,13,3,1,0
5640,28,Santos,9,0,45,,448,6,10,2,2,0
5641,28,Botafogo-Rj,9,0,43,,396,2,23,6,4,0
5641,28,Corinthians,6,0,57,,495,8,16,0,4,0
5642,28,Atletico-Mg,10,0,43,,,2,16,0,2,0
5642,28,Ponte Preta,18,0,57,,405,8,25,3,2,0
5643,28,Cruzeiro,16,0,53,,425,11,19,3,3,0
5643,28,Gremio,4,0,47,,424,1,20,1,3,0
5644,28,Figueirense,6,0,59,,410,0,19,2,2,0
5644,28,Internacional,15,0,41,,281,2,32,0,2,0
5645,28,Palmeiras,14,0,53,,426,6,12,1,3,0
5645,28,Santa Cruz,17,0,47,,378,9,20,2,6,0
5646,28,America-Mg,6,0,46,,386,4,15,1,2,0
5646,28,Coritiba,11,0,54,,453,4,17,2,2,0
5647,29,Athletico-Pr,16,0,58,,457,7,9,5,2,0
5647,29,Chapecoense,11,0,42,,336,1,14,2,3,0
5648,29,Gremio,14,0,42,,357,2,19,3,3,0
5648,29,Vitoria,11,0,58,,453,6,16,0,3,0
5649,29,Atletico-Mg,8,0,40,,304,4,16,3,1,1
5649,29,Corinthians,19,0,60,,446,13,16,0,0,0
5650,29,Fluminense,16,0,50,,447,5,10,5,0,0
5650,29,Santos,13,0,50,,,5,16,3,0,0
5651,29,Sao Paulo,17,0,54,,463,5,17,2,2,0
5651,29,Sport,11,0,46,,386,1,19,1,0,0
5652,29,Coritiba,,0,45,,364,3,14,2,4,0
5652,29,Internacional,10,0,55,,426,3,15,0,2,0
5653,29,Cruzeiro,13,0,,,504,3,15,5,2,0
5653,29,Ponte Preta,3,0,45,,410,2,25,0,2,0
5654,29,Flamengo,13,0,62,,508,7,11,4,1,0
5654,29,Santa Cruz,11,0,38,,325,5,12,3,0,1
5655,29,America-Mg,,0,,,458,1,17,0,2,1
5655,29,Palmeiras,,0,48,,437,4,10,1,1,0
5656,29,Botafogo-Rj,11,0,49,,408,8,13,1,2,0
5656,29,Figueirense,10,0,51,,421,7,14,5,2,0
5657,30,Chapecoense,17,0,46,,366,5,16,2,1,0
5657,30,Sport,7,0,54,,443,2,19,1,1,1
5658,30,Coritiba,18,0,,,,11,13,5,4,0
5658,30,Figueirense,7,0,33,,187,8,22,3,3,0
5659,30,Corinthians,10,0,55,,518,4,7,1,2,0
5659,30,Santa Cruz,16,0,45,,437,4,8,8,2,0
5660,30,Botafogo-Rj,12,0,53,,385,4,17,0,3,0
5660,30,Internacional,13,0,47,,346,7,15,0,2,0
5661,30,Cruzeiro,15,0,44,,345,2,16,1,4,0
5661,30,Palmeiras,13,0,56,,429,3,16,1,1,0
5662,30,Ponte Preta,10,0,43,,274,4,23,3,4,0
5662,30,Vitoria,10,0,57,,369,3,12,4,2,0
5663,30,America-Mg,15,0,40,,354,4,11,1,0,0
5663,30,Atletico-Mg,16,0,60,,521,9,8,4,0,0
5664,30,Flamengo,13,0,41,,,4,21,1,3,0
5664,30,Fluminense,9,0,59,,395,4,14,1,3,0
5665,30,Santos,6,0,49,,436,3,18,2,3,0
5665,30,Sao Paulo,15,0,51,,421,9,16,2,2,0
5666,30,Athletico-Pr,4,0,43,,438,4,13,0,3,0
5666,30,Gremio,29,0,57,,573,9,16,0,2,0
5667,31,Atletico-Mg,15,0,60,,484,8,13,1,4,0
5667,31,Botafogo-Rj,13,0,,,332,5,16,6,2,0
5668,31,Chapecoense,7,0,39,,360,5,17,0,2,0
5668,31,Cruzeiro,19,0,61,,550,6,15,2,1,0
5669,31,Athletico-Pr,8,0,43,,333,5,18,1,0,0
5669,31,Coritiba,15,0,57,,436,6,14,2,3,0
5670,31,Flamengo,13,0,56,,435,2,13,1,1,0
5670,31,Internacional,16,0,44,,340,6,22,1,3,0
5671,31,Figueirense,5,0,48,,285,2,18,2,4,0
5671,31,Palmeiras,19,0,52,,302,7,29,2,3,0
5672,31,America-Mg,,0,39,,391,4,10,3,1,0
5672,31,Corinthians,8,0,61,,609,4,11,4,2,0
5673,31,Ponte Preta,13,0,39,,333,4,19,2,0,0
5673,31,Santa Cruz,3,0,61,,524,4,17,4,2,0
5674,31,Gremio,6,0,32,,301,1,20,1,7,0
5674,31,Santos,17,0,68,,615,9,13,0,1,0
5675,31,Sport,19,0,55,,354,10,9,2,1,0
5675,31,Vitoria,6,0,45,,294,7,20,0,3,1
5676,31,Fluminense,12,0,43,,316,3,8,1,1,0
5676,31,Sao Paulo,11,0,57,,400,3,18,3,4,0
5677,32,Botafogo-Rj,,0,41,,331,5,15,1,2,0
5677,32,Santa Cruz,16,0,59,,464,7,12,2,0,0
5678,32,Ponte Preta,14,0,40,,288,9,15,2,1,0
5678,32,Sao Paulo,9,0,60,,427,7,16,2,0,0
5679,32,Corinthians,10,0,36,,278,2,19,1,3,1
5679,32,Flamengo,20,0,64,,463,13,13,6,2,0
5680,32,Cruzeiro,13,0,43,,314,6,16,1,2,1
5680,32,Vitoria,16,0,57,,402,3,20,2,2,0
5681,32,Palmeiras,12,0,44,,284,5,26,0,3,0
5681,32,Sport,15,0,56,,345,8,23,3,2,0
5682,32,Gremio,12,0,69,,517,5,12,0,0,1
5682,32,Internacional,,0,31,,229,4,25,1,2,1
5683,32,Coritiba,17,0,52,,449,2,12,1,0,1
5683,32,Fluminense,14,0,48,,426,2,17,4,4,0
5684,32,Atletico-Mg,17,0,54,,409,4,16,2,2,0
5684,32,Figueirense,10,0,46,,352,3,15,3,3,2
5685,32,Chapecoense,20,0,59,,469,11,13,2,2,0
5685,32,Santos,3,0,,,368,1,16,4,3,0
5686,32,America-Mg,13,0,42,,398,5,8,1,0,0
5686,32,Athletico-Pr,4,0,58,,547,2,9,5,0,0
5687,33,Ponte Preta,14,0,43,,330,1,23,0,3,0
5687,33,Sport,10,0,57,,428,3,12,2,2,0
5688,33,Fluminense,16,0,59,,,9,20,8,3,0
5688,33,Vitoria,20,0,41,,279,2,22,2,2,0
5689,33,Atletico-Mg,12,0,48,,343,7,12,4,0,0
5689,33,Flamengo,15,0,52,,374,6,14,2,1,0
5690,33,Athletico-Pr,13,0,43,,395,6,17,2,1,0
5690,33,Cruzeiro,14,0,57,,535,4,13,3,1,0
5691,33,Chapecoense,14,0,44,,387,5,18,5,2,0
5691,33,Corinthians,11,0,56,,488,7,11,1,1,0
5692,33,Botafogo-Rj,18,0,66,,511,9,13,2,5,0
5692,33,Coritiba,11,0,34,,280,3,20,1,3,0
5693,33,Internacional,,0,47,,416,7,15,3,2,1
5693,33,Santa Cruz,9,0,53,,476,2,11,1,2,0
5694,33,Figueirense,9,0,51,,347,8,22,2,2,0
5694,33,Gremio,11,0,49,,374,3,18,2,2,0
5695,33,Palmeiras,9,0,54,,442,2,22,1,3,0
5695,33,Santos,12,0,46,,374,6,20,3,4,0
5696,33,America-Mg,5,0,,,236,4,17,1,0,0
5696,33,Sao Paulo,19,0,70,,517,11,8,7,1,0
5697,34,Botafogo-Rj,15,0,36,,276,2,26,0,3,0
5697,34,Flamengo,14,0,64,,479,2,14,0,3,0
5698,34,Corinthians,5,0,58,,508,4,19,0,4,0
5698,34,Sao Paulo,12,0,42,,369,3,21,0,3,0
5699,34,Ponte Preta,8,0,36,,,4,20,4,1,0
5699,34,Santos,13,0,64,,447,5,19,3,1,0
5700,34,America-Mg,8,0,45,,461,5,9,1,1,0
5700,34,Santa Cruz,,0,55,,564,5,10,4,1,0
5701,34,Cruzeiro,18,0,,,452,5,14,1,2,0
5701,34,Fluminense,12,0,55,,543,5,7,1,1,0
5702,34,Internacional,12,0,,,347,2,19,1,0,0
5702,34,Palmeiras,7,0,49,,333,4,10,2,0,0
5703,34,Athletico-Pr,8,0,47,,337,2,18,4,2,0
5703,34,Vitoria,25,0,53,,353,9,13,2,2,0
5704,34,Atletico-Mg,12,0,68,,621,2,11,1,3,0
5704,34,Coritiba,,0,32,,296,5,12,1,1,0
5705,34,Chapecoense,24,0,57,,381,8,16,2,1,0
5705,34,Figueirense,10,0,43,,299,4,20,2,2,1
5706,34,Gremio,14,0,55,,542,5,11,0,4,0
5706,34,Sport,,0,45,,453,0,10,0,3,0
5707,35,Athletico-Pr,14,0,52,,420,4,16,2,3,0
5707,35,Fluminense,16,0,48,,,4,14,5,3,0
5708,35,Botafogo-Rj,13,0,65,,454,12,15,2,3,0
5708,35,Chapecoense,7,0,35,,255,6,18,2,1,0
5709,35,Coritiba,12,0,54,,469,0,18,1,3,0
5709,35,Santa Cruz,8,0,46,,406,5,13,1,2,0
5710,35,Cruzeiro,11,0,46,,398,7,11,4,2,0
5710,35,Sport,18,0,54,,441,7,10,0,2,0
5711,35,America-Mg,12,0,,,336,5,13,4,1,0
5711,35,Flamengo,10,0,60,,495,10,11,1,0,0
5712,35,Corinthians,12,0,52,,355,3,15,1,2,1
5712,35,Figueirense,7,0,48,,326,3,26,8,3,0
5713,35,Santos,11,0,53,,387,6,16,2,3,0
5713,35,Vitoria,16,0,47,,354,2,14,3,1,0
5714,35,Gremio,6,0,57,,593,1,17,3,2,0
5714,35,Sao Paulo,14,0,43,,443,4,15,2,3,0
5715,35,Internacional,9,0,55,,350,6,15,2,1,0
5715,35,Ponte Preta,9,0,45,,289,4,19,0,3,0
5716,35,Atletico-Mg,12,0,66,,451,3,18,5,2,0
5716,35,Palmeiras,12,0,34,,227,3,27,0,4,0
5717,36,Figueirense,14,0,55,,294,6,16,3,2,0
5717,36,Vitoria,20,0,45,,242,7,20,2,4,0
5718,36,Cruzeiro,14,0,52,,410,5,11,5,,1
5718,36,Santos,10,0,48,,395,5,11,3,3,0
5719,36,Botafogo-Rj,16,0,37,,258,4,22,1,4,1
5719,36,Palmeiras,16,0,63,,433,4,13,3,0,0
5720,36,Athletico-Pr,13,0,42,,374,5,11,0,0,0
5720,36,Sport,8,0,58,,,6,12,2,2,0
5721,36,America-Mg,11,0,40,,400,2,18,1,2,0
5721,36,Gremio,14,0,60,,597,5,8,5,0,0
5722,36,Fluminense,8,0,66,,565,6,18,1,2,1
5722,36,Ponte Preta,12,0,34,,,4,20,0,3,0
5723,36,Coritiba,20,0,44,,377,3,18,1,,0
5723,36,Flamengo,12,0,56,,497,5,15,3,1,0
5724,36,Chapecoense,9,0,39,,330,1,20,1,1,0
5724,36,Sao Paulo,21,0,61,,496,6,19,2,1,0
5725,36,Atletico-Mg,15,0,60,,553,3,10,2,,1
5725,36,Santa Cruz,18,0,40,,359,7,16,3,2,1
5726,36,Corinthians,16,0,59,,481,10,22,1,2,0
5726,36,Internacional,10,0,41,,347,3,22,2,2,0
5727,37,America-Mg,,0,52,,422,5,13,2,1,1
5727,37,Sport,12,0,48,,405,4,15,5,3,0
5728,37,Botafogo-Rj,10,0,61,,411,3,19,2,5,0
5728,37,Ponte Preta,7,0,,,258,10,17,1,4,1
5729,37,Athletico-Pr,8,0,43,,367,4,9,0,2,0
5729,37,Corinthians,22,0,57,,470,12,6,2,3,0
5730,37,Atletico-Mg,9,0,63,,503,3,18,1,1,0
5730,37,Sao Paulo,11,0,37,,289,5,15,1,6,0
5731,37,Chapecoense,6,0,,,,2,24,1,2,0
5731,37,Palmeiras,21,0,54,,299,5,25,0,1,0
5732,37,Flamengo,13,0,38,,,5,20,3,1,0
5732,37,Santos,,0,62,,508,7,14,4,0,0
5733,37,Cruzeiro,12,0,48,,415,8,15,0,4,0
5733,37,Internacional,12,0,52,,441,4,13,0,3,0
5734,37,Figueirense,11,0,42,,,4,26,0,3,0
5734,37,Fluminense,5,0,58,,470,4,28,1,3,0
5735,37,Gremio,5,0,53,,479,4,16,3,4,0
5735,37,Santa Cruz,21,0,47,,419,3,12,2,3,0
5736,37,Coritiba,13,0,,,450,7,23,1,5,0
5736,37,Vitoria,6,0,36,,254,3,19,2,6,0
5737,38,America-Mg,8,0,23,,231,2,9,0,1,0
5737,38,Santos,13,0,,,745,9,6,5,0,0
5738,38,Fluminense,15,0,55,,370,7,19,2,,0
5738,38,Internacional,19,0,45,,304,7,23,0,1,0
5739,38,Botafogo-Rj,,0,31,,285,5,13,0,3,1
5739,38,Gremio,15,0,69,,611,10,10,1,2,0
5740,38,Santa Cruz,9,0,47,,464,1,9,0,1,0
5740,38,Sao Paulo,25,0,53,,486,13,13,1,1,1
5741,38,Corinthians,4,0,54,,501,5,22,2,4,0
5741,38,Cruzeiro,20,0,46,,421,6,9,5,2,0
5742,38,Figueirense,4,0,32,,248,2,22,1,2,0
5742,38,Sport,16,0,68,,,6,22,1,5,0
5743,38,Athletico-Pr,14,0,,,494,6,15,1,2,0
5743,38,Flamengo,8,0,42,,366,4,12,1,5,1
5744,38,Palmeiras,10,0,62,,589,2,16,1,6,0
5744,38,Vitoria,,0,38,,350,7,15,1,1,0
5745,38,Coritiba,8,0,47,,384,4,15,0,1,0
5745,38,Ponte Preta,17,0,53,,412,13,14,0,0,0
5746,1,Atletico-Mg,,4,59,,501,6,10,1,3,0
5746,1,Flamengo,11,3,41,,345,4,7,3,2,0
5747,1,Chapecoense,16,2,33,,304,7,12,3,2,0
5747,1,Corinthians,5,2,67,,638,1,10,1,2,0
5748,1,Fluminense,9,5,38,,306,5,15,2,1,0
5748,1,Santos,20,7,,,,8,18,2,5,0
5749,1,Cruzeiro,8,5,37,,321,5,10,0,0,0
5749,1,Sao Paulo,13,3,63,,,5,13,0,1,0
5750,1,Athletico-Pr,11,5,61,,473,3,11,1,0,1
5750,1,Bahia,28,9,39,,290,14,11,4,0,0
5751,1,Ponte Preta,11,6,51,,456,4,13,2,0,0
5751,1,Sport,4,0,49,,458,2,17,1,2,0
5752,1,Avai,12,2,37,,321,7,6,2,0,0
5752,1,Vitoria,12,1,63,,,4,15,2,2,0
5753,1,Palmeiras,,10,52,,399,3,19,5,0,0
5753,1,Vasco,15,5,48,,378,2,16,2,2,0
5754,1,Botafogo-Rj,9,0,47,,415,4,19,1,5,0
5754,1,Gremio,20,9,53,,450,6,13,1,2,0
5755,1,Atletico-Go,17,9,39,,315,6,13,1,2,0
5755,1,Coritiba,17,7,61,,,6,17,1,1,0
5756,2,Coritiba,23,11,,,378,4,17,2,4,0
5756,2,Santos,7,3,47,,338,3,24,1,6,0
5757,2,Atletico-Go,8,0,34,,332,4,11,0,2,0
5757,2,Flamengo,20,11,66,,641,7,13,1,1,0
5758,2,Chapecoense,11,4,44,,313,3,16,1,1,0
5758,2,Palmeiras,6,1,56,,393,4,13,2,1,0
5759,2,Bahia,9,3,40,,253,5,23,3,1,1
5759,2,Vasco,16,10,60,,378,10,13,3,4,0
5760,2,Athletico-Pr,18,1,61,,566,5,11,0,2,0
5760,2,Gremio,6,4,39,,372,3,16,3,3,1
5761,2,Corinthians,12,4,53,,473,4,6,2,1,0
5761,2,Vitoria,14,3,47,,419,3,13,0,0,0
5762,2,Atletico-Mg,20,3,61,,420,12,18,3,0,0
5762,2,Fluminense,15,5,39,,293,5,23,4,6,0
5763,2,Botafogo-Rj,11,6,40,,446,1,15,1,1,0
5763,2,Ponte Preta,15,3,60,,648,6,12,1,0,0
5764,2,Cruzeiro,17,5,56,,457,7,14,2,3,0
5764,2,Sport,10,5,,,364,5,20,1,3,0
5765,2,Avai,8,0,44,,352,6,10,2,2,0
5765,2,Sao Paulo,11,4,56,,444,5,16,1,1,0
5766,3,Fluminense,13,6,,,421,7,11,1,3,0
5766,3,Vasco,18,7,42,,299,3,11,3,2,0
5767,3,Palmeiras,10,1,63,,571,3,16,2,,0
5767,3,Sao Paulo,8,5,37,,323,9,13,1,3,0
5768,3,Coritiba,16,8,47,,347,6,16,4,3,0
5768,3,Vitoria,12,3,53,,364,9,19,7,3,0
5769,3,Atletico-Mg,10,7,68,,,6,16,2,2,0
5769,3,Ponte Preta,15,5,32,,277,6,14,1,2,0
5770,3,Athletico-Pr,,6,43,,430,5,10,3,1,0
5770,3,Flamengo,14,4,57,,,5,12,0,0,0
5771,3,Cruzeiro,14,2,45,,427,6,14,0,3,0
5771,3,Santos,13,1,55,,509,9,8,1,2,0
5772,3,Atletico-Go,14,5,48,,403,5,23,5,2,0
5772,3,Corinthians,15,8,52,,,9,11,5,0,0
5773,3,Gremio,12,6,33,,250,6,13,2,1,0
5773,3,Sport,19,10,67,,499,12,21,0,3,1
5774,3,Bahia,17,10,52,,382,11,18,1,1,0
5774,3,Botafogo-Rj,11,4,48,,372,2,20,1,1,0
5775,3,Avai,11,3,42,,388,0,11,0,0,1
5775,3,Chapecoense,23,4,58,,519,6,16,3,1,1
5776,4,Athletico-Pr,9,2,51,,392,6,11,5,2,0
5776,4,Coritiba,11,5,49,,383,6,15,1,3,0
5777,4,Fluminense,17,6,56,,459,5,18,5,0,0
5777,4,Vitoria,7,2,44,,363,2,22,0,5,0
5778,4,Corinthians,19,4,51,,442,9,11,2,0,0
5778,4,Santos,5,0,49,,454,1,9,0,1,1
5779,4,Botafogo-Rj,5,1,35,,239,2,19,4,2,0
5779,4,Flamengo,19,2,65,,,11,19,0,2,0
5780,4,Avai,7,1,,,322,2,26,0,4,0
5780,4,Sport,14,3,65,,600,5,25,1,4,0
5781,4,Atletico-Mg,9,3,47,,363,6,12,2,4,0
5781,4,Palmeiras,15,5,53,,398,7,20,1,2,0
5782,4,Ponte Preta,10,5,45,,365,7,13,2,2,0
5782,4,Sao Paulo,11,3,55,,,7,12,3,5,0
5783,4,Gremio,11,2,59,,537,6,15,3,2,0
5783,4,Vasco,10,0,41,,374,5,13,1,3,0
5784,4,Chapecoense,10,4,38,,332,5,16,1,3,0
5784,4,Cruzeiro,14,5,62,,525,4,8,2,1,0
5785,4,Atletico-Go,8,3,40,,321,4,27,4,2,0
5785,4,Bahia,18,8,60,,462,7,21,6,0,0
5786,5,Athletico-Pr,7,1,46,,,4,16,1,3,0
5786,5,Fluminense,15,7,54,,,10,19,1,3,0
5787,5,Atletico-Mg,7,4,54,,469,2,20,4,3,0
5787,5,Avai,13,3,46,,390,10,10,4,1,0
5788,5,Coritiba,5,3,43,,331,2,14,7,4,0
5788,5,Palmeiras,12,4,57,,421,8,17,1,3,0
5789,5,Botafogo-Rj,8,2,38,,367,2,9,2,2,0
5789,5,Santos,8,3,62,,594,7,13,2,4,0
5790,5,Corinthians,10,6,42,,357,1,14,3,3,0
5790,5,Vasco,27,9,,,448,14,10,2,0,0
5791,5,Flamengo,17,7,61,,465,8,16,2,2,0
5791,5,Sport,14,5,39,,302,3,17,1,2,0
5792,5,Atletico-Go,13,7,36,,297,8,20,4,1,0
5792,5,Ponte Preta,10,4,64,,536,3,9,0,2,1
5793,5,Sao Paulo,18,9,51,,,10,14,1,1,0
5793,5,Vitoria,11,3,49,,371,6,18,1,1,0
5794,5,Chapecoense,18,7,,,362,5,22,0,4,0
5794,5,Gremio,,7,53,,414,1,9,2,3,0
5795,5,Bahia,19,5,59,,534,5,18,0,4,0
5795,5,Cruzeiro,12,4,41,,362,6,12,1,2,1
5796,6,Fluminense,10,3,44,,322,3,19,1,2,0
5796,6,Palmeiras,16,6,56,,419,6,24,3,4,0
5797,6,Sport,8,3,51,,378,3,19,2,1,0
5797,6,Vasco,14,4,,,365,3,15,2,0,0
5798,6,Botafogo-Rj,13,6,53,,409,5,14,1,4,0
5798,6,Coritiba,8,4,47,,358,5,28,1,3,0
5799,6,Chapecoense,17,7,66,,467,6,22,2,4,0
5799,6,Ponte Preta,5,3,34,,257,1,8,3,2,0
5800,6,Avai,12,2,38,,327,4,17,1,2,1
5800,6,Flamengo,9,3,62,,523,9,18,2,1,0
5801,6,Atletico-Mg,9,1,58,,480,4,7,1,2,0
5801,6,Vitoria,6,3,42,,353,4,20,2,3,0
5802,6,Corinthians,11,6,56,,492,3,11,2,1,0
5802,6,Sao Paulo,13,4,44,,386,0,15,1,1,0
5803,6,Atletico-Go,5,3,30,,264,2,21,1,4,0
5803,6,Cruzeiro,19,9,70,,622,7,11,1,3,0
5804,6,Athletico-Pr,16,2,57,,495,7,15,2,1,0
5804,6,Santos,10,5,,,391,4,12,3,0,1
5805,6,Bahia,7,3,36,,361,4,16,0,1,0
5805,6,Gremio,18,5,,,643,11,15,2,0,0
5806,7,Athletico-Pr,6,2,31,,243,6,10,4,4,1
5806,7,Atletico-Mg,24,3,69,,514,12,11,2,2,0
5807,7,Atletico-Go,17,5,47,,377,7,21,2,3,0
5807,7,Avai,3,1,53,,441,2,24,1,6,0
5808,7,Botafogo-Rj,17,8,45,,378,7,10,2,1,0
5808,7,Vitoria,,3,55,,,2,12,0,1,1
5809,7,Sao Paulo,7,1,,,355,1,14,3,1,0
5809,7,Sport,7,3,57,,465,5,21,1,1,0
5810,7,Flamengo,23,5,56,,476,5,12,2,2,0
5810,7,Ponte  Preta,14,3,44,,380,4,16,1,2,0
5811,7,Palmeiras,16,6,55,,490,7,14,3,3,0
5811,7,Santos,9,5,45,,406,10,16,2,1,0
5812,7,Chapecoense,17,10,52,,363,3,24,1,3,0
5812,7,Vasco,5,2,,,362,5,15,0,2,0
5813,7,Corinthians,7,3,53,,533,6,9,6,0,0
5813,7,Cruzeiro,18,2,47,,470,7,16,4,1,0
5814,7,Bahia,10,3,53,,367,6,14,2,4,1
5814,7,Coritiba,,1,47,,323,5,16,5,1,1
5815,7,Fluminense,12,2,51,,494,3,12,2,4,0
5815,7,Gremio,12,4,49,,505,2,17,1,3,0
5816,8,Athletico-Pr,9,3,34,,332,0,15,0,5,0
5816,8,Atletico-Go,24,6,,,601,11,16,0,1,0
5817,8,Avai,11,4,51,,415,6,22,0,1,0
5817,8,Vasco,16,5,49,,399,4,20,0,4,0
5818,8,Ponte Preta,9,2,42,,423,2,13,3,4,0
5818,8,Santos,13,4,58,,560,5,17,2,3,0
5819,8,Corinthians,,0,55,,434,4,13,5,3,0
5819,8,Coritiba,,5,45,,339,10,18,3,2,0
5820,8,Bahia,15,9,62,,442,3,14,2,2,0
5820,8,Palmeiras,17,5,38,,,5,23,1,5,0
5821,8,Flamengo,14,5,61,,369,4,25,1,6,0
5821,8,Fluminense,12,4,39,,240,3,16,0,1,0
5822,8,Botafogo-Rj,7,4,41,,309,3,13,4,2,0
5822,8,Chapecoense,21,6,59,,421,8,11,2,0,0
5823,8,Atletico-Mg,8,3,40,,312,3,24,4,2,0
5823,8,Sao  Paulo,12,2,60,,445,5,12,4,2,0
5824,8,Sport,11,6,57,,483,5,10,3,0,0
5824,8,Vitoria,,6,43,,375,5,19,1,0,0
5825,8,Cruzeiro,17,5,,,541,2,12,0,5,0
5825,8,Gremio,15,7,45,,442,8,14,0,2,0
5826,9,Santos,10,6,40,,319,5,10,4,1,0
5826,9,Vitoria,17,3,60,,453,8,15,4,2,0
5827,9,Atletico-Go,9,4,32,,259,3,17,6,2,0
5827,9,Palmeiras,13,4,68,,536,6,10,5,2,0
5828,9,Botafogo-Rj,7,3,43,,360,2,20,1,5,0
5828,9,Vasco,19,3,,,440,6,11,1,1,0
5829,9,Avai,14,5,,,423,5,19,1,1,0
5829,9,Fluminense,15,4,,,445,4,20,0,1,0
5830,9,Athletico-Pr,12,7,34,,299,5,17,2,3,0
5830,9,Sao Paulo,28,5,66,,553,8,15,1,3,0
5831,9,Atletico-Mg,5,2,53,,431,3,23,2,2,0
5831,9,Sport,12,6,,,390,2,26,3,1,0
5832,9,Bahia,18,1,52,,444,9,12,2,2,1
5832,9,Corinthians,16,5,48,,434,5,15,2,2,1
5833,9,Cruzeiro,8,2,48,,392,1,23,3,2,0
5833,9,Ponte Preta,6,1,52,,405,5,21,0,2,0
5834,9,Coritiba,12,6,47,,396,3,11,0,0,0
5834,9,Gremio,,12,53,,439,6,18,4,2,0
5835,9,Chapecoense,,2,,,329,7,13,1,1,0
5835,9,Flamengo,20,11,52,,359,6,21,3,3,0
5836,10,Santos,9,3,57,,,9,13,0,0,0
5836,10,Sport,9,3,43,,416,0,17,1,1,0
5837,10,Atletico-Go,5,2,47,,398,1,19,1,0,0
5837,10,Vasco,,5,,,434,3,21,0,2,0
5838,10,Corinthians,5,3,43,,448,2,16,0,5,0
5838,10,Gremio,15,6,57,,564,7,16,2,4,0
5839,10,Fluminense,9,6,48,,342,3,25,4,1,0
5839,10,Sao Paulo,15,3,52,,365,6,12,0,1,0
5840,10,Athletico-Pr,15,11,48,,473,5,10,3,0,0
5840,10,Vitoria,12,3,52,,517,1,11,2,3,0
5841,10,Coritiba,9,2,45,,333,9,26,2,2,0
5841,10,Cruzeiro,22,9,55,,413,8,15,2,0,0
5842,10,Palmeiras,6,2,44,,365,4,28,0,3,1
5842,10,Ponte Preta,9,2,56,,440,2,21,3,6,2
5843,10,Bahia,14,3,42,,375,5,6,1,1,1
5843,10,Flamengo,13,4,58,,518,3,23,0,3,0
5844,10,Atletico-Mg,,3,32,,237,0,19,7,5,0
5844,10,Chapecoense,15,1,68,,462,8,24,2,5,0
5845,10,Avai,8,2,27,,231,2,10,0,2,0
5845,10,Botafogo-Rj,31,9,,,588,17,11,1,1,0
5846,11,Gremio,6,2,,,,0,14,1,1,0
5846,11,Palmeiras,14,1,61,,480,4,23,2,3,0
5847,11,Atletico-Go,16,4,32,,263,3,14,0,2,1
5847,11,Santos,13,2,68,,553,11,10,4,1,0
5848,11,Athletico-Pr,,1,42,,351,4,18,2,3,0
5848,11,Sport,19,3,58,,466,11,12,0,1,0
5849,11,Bahia,6,1,44,,,5,16,2,3,0
5849,11,Vitoria,21,7,56,,439,11,17,1,5,0
5850,11,Atletico-Mg,11,4,47,,,4,23,3,4,0
5850,11,Cruzeiro,,5,53,,394,3,18,1,4,0
5851,11,Flamengo,15,7,47,,412,10,17,5,1,0
5851,11,Sao Paulo,12,2,53,,464,0,14,0,1,0
5852,11,Botafogo-Rj,3,0,33,,342,2,14,1,2,0
5852,11,Corinthians,19,9,67,,645,10,14,2,3,0
5853,11,Avai,10,3,44,,407,6,14,3,2,0
5853,11,Ponte Preta,18,3,56,,525,5,25,0,2,0
5854,11,Coritiba,16,5,61,,395,8,17,2,3,0
5854,11,Vasco,10,4,39,,253,5,20,1,5,0
5855,11,Chapecoense,23,7,31,,,5,22,2,4,1
5855,11,Fluminense,12,8,69,,453,6,14,6,3,0
5856,12,Atletico-Go,18,5,51,,353,14,12,3,1,0
5856,12,Vitoria,9,6,49,,366,4,23,4,4,0
5857,12,Flamengo,9,3,59,,415,9,15,2,1,0
5857,12,Vasco,10,1,,,282,6,23,2,4,0
5858,12,Corinthians,13,8,48,,498,2,17,1,2,0
5858,12,Ponte Preta,20,6,52,,518,5,8,4,2,0
5859,12,Athletico-Pr,4,3,57,,504,2,13,4,3,0
5859,12,Chapecoense,,6,43,,359,10,18,0,1,0
5860,12,Bahia,20,5,73,,620,10,16,2,4,0
5860,12,Fluminense,7,2,27,,242,2,18,1,2,0
5861,12,Avai,8,3,27,,257,5,17,1,4,1
5861,12,Gremio,19,11,73,,,11,9,2,1,0
5862,12,Cruzeiro,11,6,38,,306,1,12,0,1,0
5862,12,Palmeiras,8,1,62,,484,9,15,3,4,0
5863,12,Santos,17,8,52,,442,6,18,0,4,0
5863,12,Sao Paulo,14,5,48,,414,2,5,2,3,0
5864,12,Atletico-Mg,9,6,43,,391,7,27,1,3,0
5864,12,Botafogo-Rj,11,3,57,,503,4,14,1,1,0
5865,12,Coritiba,16,6,59,,399,10,16,2,2,1
5865,12,Sport,12,6,41,,291,2,18,2,2,0
5866,13,Bahia,11,7,,,,0,14,2,3,0
5866,13,Ponte Preta,27,9,67,,569,18,12,0,1,0
5867,13,Atletico-Mg,24,6,64,,485,15,9,1,1,0
5867,13,Santos,10,3,,,298,4,13,3,2,0
5868,13,Botafogo-Rj,16,5,41,,360,7,20,2,4,0
5868,13,Fluminense,12,0,59,,509,6,13,0,3,0
5869,13,Corinthians,3,2,38,,332,1,14,5,4,0
5869,13,Palmeiras,,3,62,,490,8,16,3,3,0
5870,13,Athletico-Pr,14,6,62,,621,9,16,0,3,0
5870,13,Cruzeiro,,5,,,403,1,9,1,1,0
5871,13,Vasco,10,4,32,,251,9,14,5,3,0
5871,13,Vitoria,18,5,68,,514,8,16,3,4,0
5872,13,Atletico-Go,11,3,26,,211,4,21,0,3,0
5872,13,Sao Paulo,18,3,74,,600,9,18,0,0,0
5873,13,Chapecoense,,1,,,346,8,26,1,8,0
5873,13,Sport,11,5,53,,385,5,9,1,2,0
5874,13,Flamengo,23,7,61,,587,8,12,1,2,0
5874,13,Gremio,4,3,,,388,2,20,1,2,0
5875,13,Avai,10,2,63,,455,6,14,5,2,0
5875,13,Coritiba,9,8,37,,276,3,18,1,2,0
5876,14,Athletico-Pr,11,4,37,,372,3,11,2,0,0
5876,14,Corinthians,19,9,,,621,8,5,1,0,0
5877,14,Palmeiras,15,6,57,,461,5,21,1,2,0
5877,14,Vitoria,7,2,43,,363,6,19,2,3,0
5878,14,Santos,4,0,56,,471,3,25,0,2,1
5878,14,Vasco,16,4,44,,354,9,16,1,4,0
5879,14,Atletico-Go,15,4,42,,334,5,21,3,2,0
5879,14,Atletico-Mg,5,2,58,,449,8,24,9,3,0
5880,14,Chapecoense,15,5,32,,216,1,22,0,4,0
5880,14,Sao Paulo,9,3,68,,455,1,14,5,2,0
5881,14,Cruzeiro,,3,36,,332,6,16,1,3,0
5881,14,Flamengo,5,1,64,,588,3,14,3,1,0
5882,14,Gremio,12,6,,,536,7,20,1,1,0
5882,14,Ponte Preta,10,3,38,,,3,18,1,2,0
5883,14,Avai,13,4,33,,264,3,12,2,0,0
5883,14,Bahia,22,5,67,,533,8,18,0,2,0
5884,14,Coritiba,14,4,53,,329,3,19,5,4,0
5884,14,Fluminense,6,2,47,,292,3,18,2,4,0
5885,14,Botafogo-Rj,11,6,43,,407,3,14,1,4,0
5885,14,Sport,10,3,57,,526,6,16,3,3,0
5886,15,Gremio,7,5,49,,486,0,7,1,3,0
5886,15,Vitoria,16,2,51,,464,7,18,1,3,0
5887,15,Chapecoense,18,5,40,,368,7,17,1,2,0
5887,15,Santos,7,5,60,,542,13,13,7,5,0
5888,15,Avai,15,3,27,,257,3,18,1,2,0
5888,15,Corinthians,22,7,73,,704,11,10,1,3,0
5889,15,Coritiba,13,6,55,,439,1,12,3,0,0
5889,15,Ponte Preta,13,7,45,,364,4,12,6,1,0
5890,15,Atletico-Mg,24,9,70,,588,8,19,1,4,0
5890,15,Bahia,11,5,30,,264,3,18,1,6,0
5891,15,Sao Paulo,11,3,44,,329,1,26,1,3,0
5891,15,Vasco,12,5,56,,409,4,20,2,3,0
5892,15,Flamengo,18,6,62,,451,10,16,4,2,0
5892,15,Palmeiras,7,5,,,286,2,23,0,9,0
5893,15,Cruzeiro,15,6,52,,438,4,18,3,3,0
5893,15,Fluminense,17,6,48,,409,8,21,0,3,0
5894,15,Atletico-Go,14,3,49,,295,9,34,2,1,0
5894,15,Sport,8,5,51,,317,4,22,4,2,0
5895,15,Athletico-Pr,13,3,60,,531,3,16,4,3,0
5895,15,Botafogo-Rj,9,1,,,353,4,21,1,4,1
5896,16,Chapecoense,,7,32,,239,4,19,1,5,0
5896,16,Vitoria,10,4,68,,493,6,13,6,2,0
5897,16,Coritiba,9,3,49,,423,1,24,1,6,0
5897,16,Flamengo,19,6,51,,418,6,20,1,1,0
5898,16,Bahia,19,5,,,440,7,19,2,1,0
5898,16,Santos,11,5,51,,460,4,10,1,1,0
5899,16,Avai,,2,28,,246,4,20,2,2,0
5899,16,Cruzeiro,26,9,72,,638,8,10,2,0,0
5900,16,Palmeiras,7,4,37,,290,3,31,1,4,0
5900,16,Sport,12,1,63,,464,6,21,2,3,0
5901,16,Corinthians,12,1,45,,412,6,13,3,2,0
5901,16,Fluminense,19,5,55,,510,6,15,4,2,0
5902,16,Athletico-Pr,20,8,,,614,12,25,2,2,0
5902,16,Ponte Preta,4,2,,,265,0,19,1,2,0
5903,16,Atletico-Go,27,5,52,,,4,12,1,1,0
5903,16,Botafogo-Rj,12,4,48,,407,4,20,0,4,0
5904,16,Atletico-Mg,13,3,58,,461,7,24,1,5,0
5904,16,Vasco,11,4,42,,341,5,16,1,3,0
5905,16,Gremio,10,5,45,,408,8,14,1,3,0
5905,16,Sao Paulo,6,2,55,,507,5,17,0,1,0
5906,17,Botafogo-Rj,8,4,,,314,1,9,1,0,0
5906,17,Sao Paulo,24,8,65,,578,6,11,0,1,0
5907,17,Avai,9,1,29,,262,5,18,1,2,1
5907,17,Palmeiras,15,3,71,,661,8,19,1,1,0
5908,17,Atletico-Go,13,2,51,,367,6,19,3,1,0
5908,17,Chapecoense,16,7,49,,366,5,21,0,1,0
5909,17,Atletico-Mg,9,6,48,,327,5,25,2,4,0
5909,17,Coritiba,12,1,52,,336,2,18,3,4,0
5910,17,Bahia,16,7,57,,492,2,18,1,2,0
5910,17,Sport,,9,43,,383,3,24,1,6,0
5911,17,Corinthians,9,3,40,,388,2,9,1,0,0
5911,17,Flamengo,,2,60,,549,11,16,1,1,0
5912,17,Gremio,23,9,59,,601,3,14,3,3,1
5912,17,Santos,4,1,41,,434,4,17,0,5,0
5913,17,Cruzeiro,13,6,63,,514,3,15,2,4,0
5913,17,Vitoria,9,3,37,,306,2,23,1,4,0
5914,17,Athletico-Pr,7,3,43,,365,3,20,1,3,0
5914,17,Vasco,18,5,57,,450,6,13,1,3,0
5915,17,Fluminense,9,3,54,,414,5,12,4,1,0
5915,17,Ponte Preta,15,3,46,,329,12,14,2,1,0
5916,18,Fluminense,10,4,30,,232,3,18,2,4,1
5916,18,Sport,26,7,70,,503,15,14,0,5,0
5917,18,Bahia,12,3,52,,344,5,17,4,3,0
5917,18,Chapecoense,7,4,48,,328,3,26,0,5,0
5918,18,Atletico-Mg,16,4,58,,543,10,19,6,3,0
5918,18,Corinthians,12,4,42,,415,4,12,6,1,0
5919,18,Ponte Preta,12,5,59,,,4,7,2,1,0
5919,18,Vitoria,15,4,41,,355,7,20,0,3,0
5920,18,Flamengo,13,6,54,,480,8,15,1,2,1
5920,18,Santos,14,5,46,,402,10,18,1,2,1
5921,18,Atletico-Go,13,1,49,,451,3,20,0,,0
5921,18,Gremio,10,4,51,,472,3,21,1,2,0
5922,18,Botafogo-Rj,12,3,55,,407,8,22,1,5,0
5922,18,Palmeiras,15,3,45,,342,6,14,0,2,0
5923,18,Athletico-Pr,18,6,62,,603,3,9,1,1,0
5923,18,Avai,9,1,,,355,6,18,1,2,0
5924,18,Coritiba,7,4,33,,271,2,15,1,5,0
5924,18,Sao Paulo,26,10,67,,531,10,18,2,4,0
5925,18,Cruzeiro,13,6,51,,487,4,18,4,1,0
5925,18,Vasco,11,1,49,,460,6,12,1,4,0
5926,19,Corinthians,,4,44,,454,3,2,1,1,0
5926,19,Sport,12,7,,,569,5,10,4,,0
5927,19,Atletico-Go,13,3,48,,419,7,12,2,3,0
5927,19,Fluminense,10,6,,,453,3,13,1,1,0
5928,19,Flamengo,14,6,65,,497,5,15,4,4,0
5928,19,Vitoria,10,6,35,,286,0,21,1,2,0
5929,19,Botafogo-Rj,7,1,38,,335,1,15,1,3,0
5929,19,Cruzeiro,22,4,62,,521,7,16,3,3,0
5930,19,Atletico-Mg,10,4,37,,389,8,13,1,1,0
5930,19,Gremio,7,4,63,,668,0,18,2,3,0
5931,19,Chapecoense,9,2,51,,419,6,21,1,0,0
5931,19,Coritiba,8,3,49,,408,3,13,0,0,0
5932,19,Athletico-Pr,7,5,34,,338,3,22,4,3,0
5932,19,Palmeiras,19,3,66,,635,7,10,1,1,0
5933,19,Bahia,11,5,32,,271,2,20,5,4,0
5933,19,Sao Paulo,11,4,68,,567,8,12,0,2,0
5934,19,Avai,12,3,38,,324,4,22,1,3,0
5934,19,Santos,13,3,62,,,8,16,0,1,0
5935,19,Ponte Preta,13,3,49,,377,7,17,2,1,0
5935,19,Vasco,6,0,51,,399,2,16,0,4,0
5936,20,Atletico-Go,9,2,51,,331,6,27,1,2,0
5936,20,Coritiba,10,3,49,,339,5,20,0,3,0
5937,20,Avai,8,1,40,,298,4,11,2,3,0
5937,20,Vitoria,20,6,60,,,7,14,0,1,0
5938,20,Cruzeiro,19,4,58,,432,7,18,0,3,2
5938,20,Sao Paulo,9,4,42,,333,4,19,0,4,1
5939,20,Ponte Preta,,5,30,,296,1,10,1,1,0
5939,20,Sport,9,2,70,,681,8,14,2,1,0
5940,20,Atletico-Mg,20,6,53,,465,7,22,1,4,0
5940,20,Flamengo,,1,47,,417,5,17,1,1,1
5941,20,Palmeiras,7,3,59,,530,5,13,4,2,0
5941,20,Vasco,12,2,41,,354,9,17,3,1,0
5942,20,Athletico-Pr,19,9,57,,,8,13,4,2,0
5942,20,Bahia,11,3,43,,344,5,15,0,4,0
5943,20,Botafogo-Rj,13,7,37,,326,4,18,0,3,0
5943,20,Gremio,14,5,63,,541,8,15,0,1,0
5944,20,Fluminense,7,2,47,,480,4,10,2,2,0
5944,20,Santos,15,3,53,,522,5,7,2,2,0
5945,20,Chapecoense,13,4,34,,292,1,13,0,1,0
5945,20,Corinthians,7,2,66,,,3,7,2,4,0
5946,21,Corinthians,16,4,73,,737,9,9,5,1,0
5946,21,Vitoria,,3,27,,290,1,21,2,2,0
5947,21,Atletico-Go,13,3,40,,347,3,13,1,3,0
5947,21,Flamengo,17,6,60,,515,6,12,7,2,0
5948,21,Athletico-Pr,14,3,47,,458,2,26,0,2,0
5948,21,Gremio,7,1,53,,507,2,11,2,2,0
5949,21,Avai,12,3,37,,309,5,17,0,1,0
5949,21,Sao Paulo,15,7,63,,522,9,16,1,3,0
5950,21,Bahia,11,5,44,,402,3,18,2,0,0
5950,21,Vasco,9,0,56,,473,6,18,0,4,0
5951,21,Cruzeiro,11,5,44,,432,5,11,6,1,0
5951,21,Sport,9,0,56,,526,3,12,0,0,0
5952,21,Botafogo-Rj,14,1,49,,397,3,18,0,4,0
5952,21,Ponte Preta,12,6,51,,393,7,18,1,4,0
5953,21,Coritiba,12,4,44,,325,8,13,2,3,0
5953,21,Santos,20,2,56,,428,5,7,1,1,0
5954,21,Chapecoense,13,5,29,,247,3,24,0,4,0
5954,21,Palmeiras,13,3,71,,572,14,11,0,1,0
5955,21,Atletico-Mg,0,0,,,0,0,0,0,0,0
5955,21,Fluminense,0,0,,,0,0,0,0,0,0
5956,22,Fluminense,8,1,57,,490,2,14,1,2,0
5956,22,Vasco,20,4,43,,386,1,12,1,4,0
5957,22,Atletico-Go,8,3,32,,290,4,17,3,5,0
5957,22,Corinthians,31,7,68,,591,11,15,0,1,0
5958,22,Atletico-Mg,16,6,59,,506,4,19,2,4,0
5958,22,Ponte Preta,11,6,41,,353,3,20,1,4,0
5959,22,Palmeiras,25,8,58,,,8,12,2,1,0
5959,22,Sao Paulo,10,3,42,,364,2,8,3,2,0
5960,22,Bahia,13,4,38,,316,7,14,2,2,0
5960,22,Botafogo-Rj,12,4,62,,520,3,9,0,0,0
5961,22,Athletico-Pr,12,3,47,,476,1,11,1,2,0
5961,22,Flamengo,17,6,53,,519,6,6,2,0,0
5962,22,Cruzeiro,,5,55,,466,7,13,1,0,0
5962,22,Santos,9,3,45,,402,5,18,1,2,0
5963,22,Avai,9,2,41,,322,1,18,6,4,0
5963,22,Chapecoense,13,3,,,446,7,22,0,5,0
5964,22,Coritiba,9,6,67,,,7,18,2,2,2
5964,22,Vitoria,15,5,33,,245,3,22,5,2,1
5965,22,Gremio,,7,52,,541,3,8,2,1,0
5965,22,Sport,,2,48,,501,2,21,2,5,0
5966,23,Atletico-Mg,21,6,62,,455,9,14,4,3,0
5966,23,Palmeiras,9,5,38,,299,4,18,3,3,2
5967,23,Gremio,14,3,64,,628,8,11,3,0,0
5967,23,Vasco,8,2,36,,,0,18,0,3,0
5968,23,Ponte Preta,13,6,54,,453,7,9,1,1,0
5968,23,Sao Paulo,9,3,46,,411,3,12,1,,1
5969,23,Athletico-Pr,17,6,64,,504,6,16,1,1,0
5969,23,Coritiba,4,1,36,,284,2,15,2,3,1
5970,23,Corinthians,14,4,56,,463,5,17,3,5,0
5970,23,Santos,14,8,44,,364,5,9,3,3,0
5971,23,Avai,,5,26,,243,3,17,3,5,0
5971,23,Sport,,3,74,,630,9,13,2,4,0
5972,23,Fluminense,8,4,45,,365,3,11,2,3,1
5972,23,Vitoria,19,4,,,417,6,9,2,1,0
5973,23,Chapecoense,15,6,56,,,9,15,3,2,0
5973,23,Cruzeiro,13,7,44,,363,3,17,3,1,0
5974,23,Botafogo-Rj,16,5,42,,332,5,10,1,0,0
5974,23,Flamengo,17,2,58,,434,15,16,2,0,0
5975,23,Atletico-Go,10,3,43,,355,5,16,4,1,0
5975,23,Bahia,11,4,57,,462,8,11,3,2,0
5976,24,Botafogo-Rj,15,8,51,,459,4,14,0,2,0
5976,24,Santos,15,0,49,,446,10,12,1,2,0
5977,24,Atletico-Go,17,8,45,,405,3,20,2,2,0
5977,24,Ponte Preta,14,4,55,,477,6,22,1,2,0
5978,24,Atletico-Mg,17,4,68,,,5,16,0,2,1
5978,24,Avai,9,1,32,,284,4,17,1,2,0
5979,24,Chapecoense,8,5,23,,195,6,19,0,5,0
5979,24,Gremio,17,4,77,,686,9,6,8,1,0
5980,24,Corinthians,16,3,,,558,7,15,3,1,0
5980,24,Vasco,13,4,42,,425,6,9,0,2,0
5981,24,Athletico-Pr,,8,54,,475,5,15,7,3,0
5981,24,Fluminense,10,2,46,,423,3,13,4,3,0
5982,24,Sao Paulo,17,7,56,,457,8,16,1,2,0
5982,24,Vitoria,14,5,44,,,3,21,3,3,0
5983,24,Flamengo,14,4,57,,531,2,13,2,0,0
5983,24,Sport,6,2,43,,396,5,18,2,3,1
5984,24,Bahia,13,5,49,,371,10,19,0,1,0
5984,24,Cruzeiro,11,5,,,376,12,12,0,5,1
5985,24,Coritiba,5,2,52,,375,6,17,3,3,0
5985,24,Palmeiras,17,8,48,,,10,18,1,3,0
5986,25,Avai,12,5,31,,232,8,16,0,0,0
5986,25,Flamengo,30,8,69,,515,11,14,0,2,0
5987,25,Athletico-Pr,17,5,56,,595,6,14,1,1,0
5987,25,Santos,21,6,44,,,4,7,1,1,0
5988,25,Corinthians,11,2,52,,511,4,12,2,4,0
5988,25,Sao Paulo,13,6,48,,474,7,13,3,2,0
5989,25,Chapecoense,12,4,,,,6,16,0,4,0
5989,25,Ponte Preta,10,2,58,,459,3,19,0,3,0
5990,25,Botafogo-Rj,9,5,52,,360,3,19,2,3,0
5990,25,Coritiba,16,4,48,,328,7,20,2,2,0
5991,25,Atletico-Go,20,4,55,,455,4,16,2,4,0
5991,25,Cruzeiro,13,2,45,,392,6,18,0,2,0
5992,25,Fluminense,8,2,51,,409,9,26,2,2,0
5992,25,Palmeiras,15,4,49,,403,5,9,1,2,0
5993,25,Atletico-Mg,9,4,67,,,5,10,1,1,0
5993,25,Vitoria,7,3,33,,296,4,21,4,2,0
5994,25,Bahia,15,6,41,,349,3,18,1,4,0
5994,25,Gremio,,4,59,,493,4,17,1,5,0
5995,25,Sport,13,3,49,,378,10,13,3,1,1
5995,25,Vasco,13,2,51,,399,3,16,1,4,0
5996,26,Chapecoense,13,5,35,,300,4,22,2,0,0
5996,26,Vasco,22,8,65,,566,3,15,1,3,0
5997,26,Bahia,11,3,53,,438,5,13,1,4,0
5997,26,Coritiba,12,2,47,,,3,18,3,5,0
5998,26,Palmeiras,17,1,62,,361,10,18,2,3,0
5998,26,Santos,9,4,38,,236,1,22,3,5,0
5999,26,Corinthians,10,5,58,,574,5,14,3,4,0
5999,26,Cruzeiro,,3,42,,425,5,15,2,3,0
6000,26,Botafogo-Rj,11,5,53,,429,1,11,3,2,1
6000,26,Vitoria,14,5,47,,384,4,21,1,2,0
6001,26,Sao Paulo,7,7,46,,451,5,12,0,0,0
6001,26,Sport,15,5,54,,496,8,15,0,2,0
6002,26,Fluminense,,2,37,,356,2,18,1,2,0
6002,26,Gremio,21,10,63,,588,6,12,5,1,0
6003,26,Atletico-Go,10,4,48,,419,3,24,0,2,0
6003,26,Avai,8,1,52,,417,7,14,2,2,0
6004,26,Athletico-Pr,,5,63,,569,13,17,1,1,0
6004,26,Atletico-Mg,6,3,37,,337,6,16,1,4,0
6005,26,Flamengo,12,1,69,,518,4,17,2,3,0
6005,26,Ponte Preta,7,3,31,,241,2,23,0,5,1
6006,28,Cruzeiro,17,6,68,,615,9,8,3,5,0
6006,28,Ponte Preta,6,4,32,,,3,12,1,0,1
6007,28,Botafogo-Rj,17,2,61,,513,1,13,1,3,0
6007,28,Vasco,11,1,39,,,7,16,0,5,0
6008,28,Athletico-Pr,7,2,44,,461,0,12,1,2,1
6008,28,Sao Paulo,23,8,56,,583,6,6,0,1,0
6009,28,Chapecoense,15,4,42,,,7,23,1,2,0
6009,28,Flamengo,16,5,58,,423,2,17,5,2,0
6010,28,Atletico-Go,14,4,42,,436,2,18,2,1,1
6010,28,Palmeiras,15,9,,,615,3,13,1,1,0
6011,28,Avai,6,2,49,,463,6,12,2,2,0
6011,28,Fluminense,19,4,51,,486,6,18,1,2,0
6012,28,Atletico-Mg,12,2,52,,431,3,14,2,2,0
6012,28,Sport,20,6,,,381,6,19,0,2,0
6013,28,Coritiba,13,4,55,,437,2,14,1,4,0
6013,28,Gremio,6,1,45,,352,11,16,4,,0
6014,28,Bahia,7,3,,,451,7,11,2,0,0
6014,28,Corinthians,8,3,53,,515,4,16,2,2,0
6015,28,Santos,14,6,55,,463,5,12,0,2,0
6015,28,Vitoria,21,6,45,,381,12,15,0,4,0
6016,27,Athletico-Pr,16,6,62,,605,5,15,2,3,0
6016,27,Atletico-Go,9,3,38,,365,4,17,1,2,0
6017,27,Botafogo-Rj,12,2,65,,577,4,12,6,1,0
6017,27,Chapecoense,6,3,35,,328,3,20,1,3,0
6018,27,Corinthians,16,5,58,,539,10,8,1,1,0
6018,27,Coritiba,11,4,,,389,6,16,4,3,0
6019,27,Cruzeiro,13,4,44,,,2,13,1,0,0
6019,27,Gremio,12,3,56,,589,7,15,2,0,0
6020,27,Avai,19,5,61,,491,9,23,4,5,1
6020,27,Vasco,11,6,39,,329,2,28,0,2,1
6021,27,Atletico-Mg,25,7,46,,391,9,16,1,1,0
6021,27,Sao Paulo,9,2,54,,448,10,12,0,3,0
6022,27,Sport,10,4,44,,350,4,13,4,3,0
6022,27,Vitoria,11,3,56,,428,7,18,1,1,1
6023,27,Flamengo,13,4,,,413,10,17,2,2,0
6023,27,Fluminense,13,4,39,,274,4,16,1,4,0
6024,27,Ponte Preta,8,1,40,,301,4,20,1,2,1
6024,27,Santos,14,5,60,,449,10,11,2,2,0
6025,27,Bahia,17,10,54,,390,7,24,0,2,0
6025,27,Palmeiras,13,4,46,,334,2,23,0,1,0
6026,29,Atletico-Go,10,4,47,,429,7,23,0,2,1
6026,29,Vasco,10,4,53,,483,5,10,1,2,0
6027,29,Coritiba,16,3,35,,337,7,7,2,1,0
6027,29,Cruzeiro,13,2,65,,623,7,9,0,1,0
6028,29,Atletico-Mg,4,2,,,427,6,16,4,1,1
6028,29,Chapecoense,17,7,49,,420,4,15,2,3,0
6029,29,Avai,17,6,41,,338,8,20,1,2,0
6029,29,Botafogo-Rj,10,2,59,,,4,22,0,4,0
6030,29,Fluminense,12,6,36,,339,4,23,2,2,0
6030,29,Sao Paulo,10,2,64,,596,1,12,3,0,0
6031,29,Corinthians,7,0,55,,557,2,13,1,1,0
6031,29,Gremio,10,3,45,,453,4,14,1,1,0
6032,29,Athletico-Pr,9,7,37,,328,4,12,2,3,0
6032,29,Vitoria,20,7,63,,515,9,11,1,0,0
6033,29,Palmeiras,14,7,64,,513,10,14,1,0,0
6033,29,Ponte Preta,8,0,36,,283,4,18,5,4,0
6034,29,Bahia,12,3,37,,291,2,11,0,4,0
6034,29,Flamengo,16,8,63,,497,7,23,2,5,0
6035,29,Santos,8,3,,,389,1,23,2,5,0
6035,29,Sport,,8,54,,408,11,17,3,1,0
6036,30,Coritiba,7,2,53,,416,2,15,0,,0
6036,30,Vasco,11,4,47,,362,8,10,1,1,1
6037,30,Atletico-Go,14,3,43,,423,2,14,3,1,0
6037,30,Santos,18,8,,,542,10,15,4,1,0
6038,30,Bahia,8,6,54,,411,5,12,1,2,0
6038,30,Vitoria,9,2,46,,370,2,17,0,3,0
6039,30,Gremio,6,2,49,,472,2,17,4,2,0
6039,30,Palmeiras,12,5,51,,482,4,19,0,1,0
6040,30,Flamengo,10,3,60,,514,8,12,1,1,0
6040,30,Sao Paulo,5,3,,,366,3,14,0,1,0
6041,30,Athletico-Pr,17,8,57,,488,5,15,1,0,0
6041,30,Sport,9,1,43,,376,4,13,1,2,0
6042,30,Atletico-Mg,14,5,41,,,3,14,1,4,0
6042,30,Cruzeiro,15,5,59,,,6,23,2,2,0
6043,30,Chapecoense,9,3,33,,291,4,22,2,1,0
6043,30,Fluminense,13,3,67,,608,3,12,1,1,0
6044,30,Avai,11,3,31,,251,5,19,2,2,0
6044,30,Ponte Preta,29,2,69,,513,12,19,0,5,0
6045,30,Botafogo-Rj,17,6,38,,375,6,19,2,3,0
6045,30,Corinthians,,3,62,,629,2,14,0,2,0
6046,31,Santos,7,2,55,,460,4,31,2,6,0
6046,31,Sao Paulo,15,5,45,,385,7,12,0,1,0
6047,31,Flamengo,14,4,57,,457,5,16,3,1,0
6047,31,Vasco,8,0,43,,348,2,12,1,1,0
6048,31,Athletico-Pr,15,4,63,,630,6,6,5,,0
6048,31,Chapecoense,6,2,37,,388,4,20,0,4,0
6049,31,Corinthians,19,7,68,,567,8,12,1,1,0
6049,31,Ponte Preta,8,2,32,,263,3,19,3,4,0
6050,31,Bahia,6,1,32,,274,4,17,1,3,1
6050,31,Fluminense,11,5,68,,579,2,19,1,1,0
6051,31,Atletico-Mg,16,2,60,,469,8,21,2,1,0
6051,31,Botafogo-Rj,9,1,40,,317,3,16,0,2,0
6052,31,Atletico-Go,6,2,40,,348,2,18,1,3,0
6052,31,Vitoria,15,8,60,,487,16,19,0,1,0
6053,31,Coritiba,16,11,41,,281,7,21,2,6,0
6053,31,Sport,21,10,59,,371,11,21,1,3,0
6054,31,Avai,21,7,53,,472,10,13,0,1,0
6054,31,Gremio,8,4,47,,444,4,19,1,2,0
6055,31,Cruzeiro,4,4,36,,375,2,9,4,2,0
6055,31,Palmeiras,24,10,64,,615,15,9,0,0,0
6056,32,Atletico-Mg,14,4,51,,448,7,18,4,3,0
6056,32,Santos,16,5,49,,437,10,12,3,1,0
6057,32,Botafogo-Rj,6,3,41,,351,1,16,0,3,0
6057,32,Fluminense,17,2,59,,493,5,16,1,4,0
6058,32,Atletico-Go,6,1,40,,409,2,17,2,2,0
6058,32,Sao Paulo,12,2,60,,637,4,9,0,0,0
6059,32,Avai,7,2,53,,430,6,6,2,,0
6059,32,Coritiba,15,7,,,405,3,15,2,1,0
6060,32,Corinthians,13,8,39,,250,6,21,2,6,0
6060,32,Palmeiras,16,2,61,,386,7,11,1,5,1
6061,32,Athletico-Pr,9,2,53,,536,5,13,1,2,0
6061,32,Cruzeiro,16,4,47,,488,4,9,2,1,0
6062,32,Flamengo,9,2,41,,466,3,14,0,0,0
6062,32,Gremio,11,6,59,,660,2,12,0,,0
6063,32,Bahia,17,6,51,,394,7,16,0,1,0
6063,32,Ponte Preta,7,0,49,,368,7,18,1,2,0
6064,32,Vasco,3,2,40,,343,1,17,1,3,0
6064,32,Vitoria,17,6,60,,495,3,23,2,4,0
6065,32,Chapecoense,9,5,42,,308,0,21,1,3,0
6065,32,Sport,7,3,58,,425,2,16,3,3,1
6066,33,Gremio,8,2,59,,526,3,14,0,3,0
6066,33,Ponte Preta,20,8,41,,357,9,19,0,4,1
6067,33,Avai,22,5,45,,353,10,18,4,2,0
6067,33,Bahia,10,6,55,,438,3,25,0,2,0
6068,33,Botafogo-Rj,6,3,36,,346,0,20,1,4,0
6068,33,Sport,15,4,64,,575,9,13,0,2,0
6069,33,Athletico-Pr,16,1,62,,549,9,11,0,2,0
6069,33,Corinthians,7,3,38,,347,2,11,0,1,0
6070,33,Santos,8,3,58,,466,6,14,2,2,0
6070,33,Vasco,,6,42,,345,6,14,3,5,0
6071,33,Cruzeiro,8,2,48,,468,2,10,1,3,0
6071,33,Flamengo,16,5,52,,475,6,17,2,2,0
6072,33,Palmeiras,12,3,74,,642,4,10,3,1,0
6072,33,Vitoria,8,4,26,,227,3,20,1,3,1
6073,33,Chapecoense,6,2,31,,287,3,14,1,2,0
6073,33,Sao Paulo,17,5,69,,604,13,8,0,,0
6074,33,Atletico-Go,,3,,,446,2,13,3,5,0
6074,33,Atletico-Mg,13,5,54,,517,8,19,0,6,0
6075,33,Coritiba,17,7,38,,273,10,20,0,4,0
6075,33,Fluminense,13,2,62,,435,7,11,2,3,0
6076,34,Athletico-Pr,6,3,43,,488,2,14,4,1,0
6076,34,Botafogo-Rj,14,4,57,,627,5,13,1,0,0
6077,34,Avai,7,2,34,,,6,12,2,3,0
6077,34,Corinthians,17,5,66,,651,7,15,0,3,0
6078,34,Sao Paulo,7,1,49,,386,3,15,2,2,1
6078,34,Vasco,25,3,51,,380,5,15,2,2,0
6079,34,Flamengo,11,1,55,,456,5,18,6,1,0
6079,34,Palmeiras,10,5,45,,387,4,12,0,0,0
6080,34,Atletico-Go,6,3,41,,379,2,20,1,0,0
6080,34,Sport,12,3,59,,,9,15,1,3,0
6081,34,Gremio,16,5,72,,624,8,14,2,0,0
6081,34,Vitoria,8,2,28,,255,2,16,1,1,1
6082,34,Atletico-Mg,11,6,43,,359,2,13,1,4,0
6082,34,Bahia,21,6,57,,446,8,12,0,1,0
6083,34,Cruzeiro,17,8,56,,556,8,13,1,4,0
6083,34,Fluminense,12,5,44,,445,5,8,1,2,1
6084,34,Coritiba,9,3,60,,420,5,17,3,2,0
6084,34,Ponte Preta,14,3,40,,,10,15,1,2,0
6085,34,Chapecoense,12,5,43,,374,4,10,1,0,0
6085,34,Santos,9,3,57,,481,6,16,3,3,0
6086,35,Athletico-Pr,5,2,60,,507,6,10,1,3,0
6086,35,Ponte Preta,8,5,40,,337,5,12,1,1,0
6087,35,Avai,9,3,37,,394,1,9,1,2,0
6087,35,Cruzeiro,23,8,63,,626,8,10,1,4,0
6088,35,Gremio,13,5,38,,431,7,16,3,1,0
6088,35,Sao Paulo,9,4,62,,679,3,12,1,3,0
6089,35,Atletico-Mg,12,5,44,,396,4,17,6,0,0
6089,35,Vasco,21,7,56,,472,14,12,3,1,0
6090,35,Corinthians,,4,63,,503,3,12,0,1,0
6090,35,Fluminense,11,2,37,,299,8,26,1,6,0
6091,35,Atletico-Go,13,5,35,,308,5,17,3,3,0
6091,35,Botafogo-Rj,19,3,65,,537,8,12,1,1,0
6092,35,Chapecoense,9,4,51,,349,4,17,2,1,0
6092,35,Vitoria,8,3,49,,340,1,18,1,4,0
6093,35,Palmeiras,16,5,57,,487,5,7,0,0,0
6093,35,Sport,15,7,43,,360,8,15,8,,0
6094,35,Coritiba,5,1,31,,235,4,20,0,3,0
6094,35,Flamengo,13,4,69,,499,3,12,1,5,0
6095,35,Bahia,,4,40,,338,3,17,1,3,0
6095,35,Santos,,7,60,,491,11,16,1,2,0
6096,36,Bahia,8,2,54,,434,3,16,1,3,0
6096,36,Sport,15,6,46,,360,8,21,0,4,0
6097,36,Corinthians,14,6,51,,438,8,16,0,4,0
6097,36,Flamengo,16,6,49,,,6,20,3,4,0
6098,36,Cruzeiro,19,3,66,,575,7,7,0,2,0
6098,36,Vitoria,12,4,34,,303,3,20,2,3,0
6099,36,Atletico-Go,14,5,60,,509,4,12,1,4,0
6099,36,Chapecoense,15,5,40,,,5,23,2,4,0
6100,36,Botafogo-Rj,11,4,36,,327,5,17,1,3,0
6100,36,Sao Paulo,9,2,64,,588,4,13,0,2,0
6101,36,Athletico-Pr,,6,42,,366,7,8,1,1,0
6101,36,Vasco,13,4,58,,,5,8,0,2,0
6102,36,Atletico-Mg,10,6,48,,398,5,10,1,2,0
6102,36,Coritiba,10,3,52,,413,11,15,0,5,0
6103,36,Gremio,12,2,58,,566,5,14,2,2,0
6103,36,Santos,11,7,42,,414,5,22,3,2,0
6104,36,Fluminense,20,10,69,,529,9,16,5,2,0
6104,36,Ponte Preta,8,3,31,,245,0,15,0,1,1
6105,36,Avai,9,4,29,,284,2,9,6,2,0
6105,36,Palmeiras,21,8,71,,694,3,10,1,2,0
6106,37,Fluminense,12,5,54,,470,4,9,2,4,0
6106,37,Sport,21,8,46,,407,6,19,0,2,0
6107,37,Athletico-Pr,14,2,63,,459,9,15,0,1,0
6107,37,Avai,13,5,37,,274,5,19,2,3,0
6108,37,Atletico-Mg,9,3,42,,376,7,10,4,1,0
6108,37,Corinthians,19,5,58,,508,7,15,0,4,0
6109,37,Ponte Preta,9,7,32,,204,3,11,0,3,1
6109,37,Vitoria,24,10,68,,444,10,19,3,6,0
6110,37,Coritiba,,7,38,,,4,16,0,4,0
6110,37,Sao Paulo,9,3,62,,485,8,12,1,1,0
6111,37,Cruzeiro,21,6,67,,572,11,16,2,3,0
6111,37,Vasco,9,4,33,,,3,20,1,2,0
6112,37,Atletico-Go,15,2,49,,506,7,16,0,3,0
6112,37,Gremio,10,4,51,,524,4,14,1,2,0
6113,37,Flamengo,28,9,58,,512,7,14,0,3,0
6113,37,Santos,3,2,42,,398,1,17,0,4,0
6114,37,Bahia,14,3,62,,431,9,16,1,4,1
6114,37,Chapecoense,9,4,38,,283,5,21,1,3,0
6115,37,Botafogo-Rj,,4,,,315,4,17,1,4,0
6115,37,Palmeiras,11,6,63,,,8,19,0,3,0
6116,38,Atletico-Mg,,8,63,,492,7,17,4,7,1
6116,38,Gremio,9,5,37,,298,2,20,1,1,0
6117,38,Botafogo-Rj,13,6,44,,348,4,13,3,1,0
6117,38,Cruzeiro,8,2,56,,439,5,28,1,5,1
6118,38,Avai,14,4,43,,426,7,11,0,1,0
6118,38,Santos,20,5,,,576,3,17,3,2,0
6119,38,Corinthians,9,4,53,,504,0,18,1,2,0
6119,38,Sport,9,4,47,,429,10,19,6,3,0
6120,38,Flamengo,12,3,56,,472,2,13,2,3,0
6120,38,Vitoria,18,4,44,,,4,17,0,2,2
6121,38,Atletico-Go,11,4,37,,284,4,16,2,1,0
6121,38,Fluminense,17,9,63,,462,13,18,1,4,0
6122,38,Bahia,,3,39,,299,0,29,2,4,1
6122,38,Sao Paulo,13,3,61,,450,8,20,1,4,1
6123,38,Chapecoense,15,8,47,,313,12,18,0,3,0
6123,38,Coritiba,13,4,,,,6,11,4,2,0
6124,38,Ponte Preta,10,1,51,,326,4,16,0,5,0
6124,38,Vasco,14,8,49,,333,5,18,2,5,0
6125,38,Athletico-Pr,10,6,35,,332,6,16,2,3,0
6125,38,Palmeiras,17,1,65,,613,5,14,1,5,0
6126,1,Cruzeiro,12,2,40,81,425,7,20,0,3,0
6126,1,Gremio,6,2,,86,649,4,15,3,1,1
6127,1,Flamengo,10,5,,72,286,5,10,2,2,1
6127,1,Vitoria,21,6,66,88,545,4,24,2,3,0
6128,1,Ceara,10,2,46,85,472,2,5,0,1,0
6128,1,Santos,22,3,54,90,532,4,7,1,0,0
6129,1,America-Mg,14,4,38,76,363,2,11,4,1,0
6129,1,Sport,15,5,62,85,580,6,12,3,3,0
6130,1,Atletico-Mg,11,6,33,78,321,3,18,3,3,0
6130,1,Vasco,19,7,,88,596,9,11,3,4,0
6131,1,Bahia,12,2,55,,,3,18,1,0,0
6131,1,Internacional,,4,45,75,412,4,16,1,2,0
6132,1,Corinthians,11,2,65,84,515,6,14,0,0,0
6132,1,Fluminense,13,3,35,73,,2,15,0,0,0
6133,1,Athletico-Pr,18,8,70,,646,3,10,3,1,0
6133,1,Chapecoense,14,1,30,77,271,9,16,1,,0
6134,1,Parana,7,1,48,84,446,7,15,2,2,0
6134,1,Sao Paulo,10,5,52,86,480,7,20,3,4,0
6135,1,Botafogo-Rj,13,3,46,80,,8,7,0,1,0
6135,1,Palmeiras,7,4,54,81,498,3,23,0,4,0
6136,2,Bahia,12,5,54,84,395,7,29,2,4,0
6136,2,Santos,8,2,46,80,352,6,21,5,3,0
6137,2,America-Mg,18,5,51,79,345,12,17,0,1,0
6137,2,Flamengo,14,5,49,82,345,6,15,1,1,0
6138,2,Corinthians,9,4,52,82,,2,16,1,1,0
6138,2,Parana,17,6,48,84,413,5,16,2,1,0
6139,2,Ceara,14,3,51,85,497,7,12,1,1,0
6139,2,Sao Paulo,11,3,49,86,476,7,7,1,1,0
6140,2,Atletico-Mg,12,5,61,86,497,6,22,6,2,0
6140,2,Vitoria,11,3,39,78,321,5,19,1,4,0
6141,2,Cruzeiro,16,6,69,85,576,7,19,3,2,0
6141,2,Fluminense,3,1,31,69,273,1,13,0,3,1
6142,2,Chapecoense,10,2,36,75,306,3,13,2,1,0
6142,2,Vasco,17,4,64,84,559,3,8,2,2,0
6143,2,Internacional,7,2,56,81,483,9,15,2,2,0
6143,2,Palmeiras,13,2,44,79,390,8,14,0,2,0
6144,2,Athletico-Pr,7,1,51,85,602,4,15,1,2,1
6144,2,Gremio,22,6,49,,587,7,9,3,3,0
6145,2,Botafogo-Rj,,1,49,77,375,7,15,0,3,0
6145,2,Sport,20,11,51,77,,10,14,2,1,0
6146,3,Botafogo-Rj,19,6,56,85,464,10,14,0,1,0
6146,3,Gremio,9,1,44,79,388,4,12,2,1,0
6147,3,Athletico-Pr,9,2,,88,,2,12,1,2,0
6147,3,Bahia,23,7,34,83,334,8,22,2,2,0
6148,3,Ceara,8,1,48,88,401,2,18,1,1,0
6148,3,Flamengo,18,7,52,86,431,5,12,3,2,0
6149,3,Chapecoense,7,0,28,,237,1,17,2,6,0
6149,3,Palmeiras,16,4,72,,589,14,17,2,4,0
6150,3,Parana,28,12,70,85,575,8,14,2,1,0
6150,3,Sport,10,3,30,63,261,1,15,3,1,0
6151,3,Atletico-Mg,18,5,58,88,556,10,25,2,4,0
6151,3,Corinthians,5,1,42,80,413,0,15,0,3,0
6152,3,Fluminense,12,2,55,80,370,7,17,2,3,0
6152,3,Sao Paulo,14,3,45,73,316,8,16,0,,0
6153,3,Cruzeiro,8,0,41,77,350,4,14,1,3,0
6153,3,Internacional,22,6,59,83,462,18,15,5,4,0
6154,3,America-Mg,15,8,40,68,305,8,14,0,1,1
6154,3,Vitoria,14,5,60,79,445,7,12,3,2,0
6155,3,Santos,13,3,54,,444,10,11,3,1,0
6155,3,Vasco,14,3,46,82,397,6,17,0,2,1
6156,4,America-Mg,4,1,33,70,282,3,24,0,4,0
6156,4,Vasco,18,7,67,86,557,3,14,5,4,0
6157,4,Atletico-Mg,9,5,62,87,535,7,14,2,4,0
6157,4,Sao Paulo,7,2,38,77,317,6,17,2,4,0
6158,4,Ceara,,3,38,82,380,2,20,3,4,0
6158,4,Corinthians,14,4,62,89,585,12,12,2,2,0
6159,4,Flamengo,,7,58,86,470,6,12,1,5,0
6159,4,Internacional,11,4,42,82,,6,15,0,4,1
6160,4,Botafogo-Rj,7,1,48,80,395,6,12,1,4,0
6160,4,Cruzeiro,23,6,52,82,417,8,19,5,1,0
6161,4,Athletico-Pr,9,4,62,89,619,3,10,3,1,0
6161,4,Palmeiras,15,6,38,77,389,6,15,1,2,0
6162,4,Fluminense,18,4,66,84,,9,7,1,1,0
6162,4,Vitoria,7,1,34,72,274,3,18,3,2,0
6163,4,Gremio,18,8,64,90,657,8,15,0,1,0
6163,4,Santos,8,2,36,83,370,1,22,1,3,0
6164,4,Bahia,7,1,53,78,393,7,21,0,1,1
6164,4,Sport,20,9,47,76,343,9,18,1,1,0
6165,4,Chapecoense,13,2,53,73,373,6,10,0,1,0
6165,4,Parana,18,3,47,71,338,4,16,1,2,1
6166,5,Gremio,11,1,78,89,721,11,13,0,3,0
6166,5,Internacional,5,1,22,65,212,1,24,0,4,0
6167,5,Cruzeiro,15,5,56,86,481,7,18,4,2,0
6167,5,Sport,10,4,44,82,389,4,16,2,3,0
6168,5,Athletico-Pr,18,8,63,88,607,6,15,1,2,0
6168,5,Atletico-Mg,,11,37,79,358,10,16,0,2,0
6169,5,Vasco,20,7,63,80,472,7,16,1,2,0
6169,5,Vitoria,,3,,69,289,2,19,1,3,0
6170,5,Corinthians,11,5,53,79,,10,15,0,2,0
6170,5,Palmeiras,,4,47,74,366,3,21,2,3,0
6171,5,Bahia,11,5,48,78,,3,20,1,5,0
6171,5,Sao Paulo,10,4,52,76,392,3,14,1,3,0
6172,5,Chapecoense,11,3,42,79,,3,18,1,2,0
6172,5,Flamengo,14,4,,82,437,7,17,3,3,0
6173,5,Parana,14,4,43,86,419,5,14,0,2,0
6173,5,Santos,10,5,57,87,545,6,12,4,1,0
6174,5,Botafogo-Rj,8,5,41,77,328,5,12,2,2,0
6174,5,Fluminense,22,9,59,84,465,9,12,2,2,0
6175,5,America-Mg,11,4,35,68,287,2,18,3,3,0
6175,5,Ceara,24,9,65,84,516,8,16,2,1,0
6176,6,Atletico-Mg,18,5,69,86,588,3,13,0,3,0
6176,6,Cruzeiro,11,2,31,75,260,6,15,1,1,1
6177,6,Flamengo,11,3,61,82,462,6,16,3,2,2
6177,6,Vasco,16,7,39,76,298,11,24,0,3,2
6178,6,Bahia,13,4,47,80,393,4,13,1,2,0
6178,6,Palmeiras,14,6,53,80,438,5,17,4,3,0
6179,6,Ceara,16,6,59,84,508,4,17,1,0,0
6179,6,Vitoria,14,3,41,,351,7,11,0,4,0
6180,6,Santos,7,1,61,82,557,2,6,1,2,0
6180,6,Sao Paulo,14,1,39,75,341,4,13,2,3,1
6181,6,America-Mg,14,2,43,81,422,5,20,1,2,0
6181,6,Botafogo-Rj,9,1,57,85,,2,11,5,4,0
6182,6,Gremio,8,2,75,90,719,9,18,1,1,0
6182,6,Parana,6,0,25,71,246,1,16,0,2,0
6183,6,Corinthians,,2,56,88,562,5,17,2,3,0
6183,6,Sport,,5,44,85,436,3,18,1,2,0
6184,6,Athletico-Pr,18,3,68,87,612,6,18,1,2,0
6184,6,Fluminense,,6,32,75,294,3,13,2,,0
6185,6,Chapecoense,10,2,51,81,462,2,15,0,2,0
6185,6,Internacional,13,3,49,82,450,2,14,2,1,0
6186,7,Chapecoense,16,5,55,82,445,6,14,0,1,0
6186,7,Fluminense,11,5,45,79,387,1,21,1,1,0
6187,7,Palmeiras,16,5,61,79,501,9,17,4,3,0
6187,7,Sport,13,6,39,70,324,3,10,0,2,1
6188,7,Atletico-Mg,18,3,68,86,599,14,15,0,1,0
6188,7,Flamengo,7,4,32,78,306,1,13,4,4,0
6189,7,Athletico-Pr,6,1,69,90,673,4,14,1,1,0
6189,7,Parana,15,2,31,79,,10,8,1,3,0
6190,7,Corinthians,4,2,45,81,437,2,10,0,1,0
6190,7,Internacional,19,7,55,87,500,12,13,2,3,0
6191,7,Bahia,,6,52,83,460,4,20,3,1,0
6191,7,Vasco,6,1,48,79,442,2,16,2,5,1
6192,7,Cruzeiro,17,4,45,82,407,7,12,0,4,0
6192,7,Santos,16,6,55,84,496,5,12,0,1,0
6193,7,Botafogo-Rj,8,3,59,80,497,6,10,6,1,0
6193,7,Vitoria,,1,41,72,359,1,18,2,4,0
6194,7,Ceara,11,1,40,83,411,6,15,1,4,0
6194,7,Gremio,11,5,60,89,638,3,13,0,2,0
6195,7,America-Mg,12,4,56,80,427,9,22,2,4,0
6195,7,Sao Paulo,12,6,44,73,337,7,19,5,3,0
6196,8,Parana,10,2,49,80,392,2,18,4,3,1
6196,8,Vasco,,4,51,78,399,4,24,0,3,1
6197,8,Internacional,11,3,,79,415,4,12,2,2,0
6197,8,Vitoria,22,6,,76,333,10,14,2,3,0
6198,8,Atletico-Mg,13,7,60,86,540,3,10,5,2,0
6198,8,Sport,15,6,40,81,355,1,14,3,4,0
6199,8,Ceara,9,3,53,79,414,2,13,1,3,0
6199,8,Chapecoense,20,5,,80,,9,17,1,2,0
6200,8,Botafogo-Rj,11,3,60,81,467,3,16,1,3,0
6200,8,Sao Paulo,15,7,40,72,,3,19,3,2,0
6201,8,Fluminense,6,3,30,68,278,0,13,0,5,0
6201,8,Gremio,20,6,70,88,632,8,19,2,1,0
6202,8,Cruzeiro,8,1,51,79,439,3,26,3,3,0
6202,8,Palmeiras,6,4,,80,439,3,18,1,6,0
6203,8,Bahia,17,7,43,86,440,5,7,2,2,0
6203,8,Flamengo,16,6,57,,588,4,10,0,0,0
6204,8,America-Mg,13,6,40,79,,4,13,1,2,2
6204,8,Corinthians,12,3,60,88,619,1,14,2,2,0
6205,8,Athletico-Pr,17,9,42,82,446,4,14,2,1,0
6205,8,Santos,17,3,58,89,610,7,6,1,1,0
6206,9,Internacional,18,3,56,74,457,14,14,2,3,0
6206,9,Sport,,3,,73,396,3,14,2,3,0
6207,9,Atletico-Mg,22,5,,87,568,6,15,0,2,0
6207,9,Chapecoense,7,3,28,72,225,3,19,6,3,1
6208,9,Botafogo-Rj,,5,27,65,238,7,16,0,4,0
6208,9,Vasco,14,4,,87,668,4,12,0,2,0
6209,9,Palmeiras,8,3,48,77,303,5,22,2,4,0
6209,9,Sao Paulo,8,3,52,77,326,9,23,0,4,0
6210,9,Corinthians,15,2,47,85,417,7,18,0,1,0
6210,9,Flamengo,19,4,53,87,462,8,14,1,3,0
6211,9,Bahia,15,2,57,81,467,5,18,0,2,0
6211,9,Gremio,10,4,43,80,372,1,16,4,5,0
6212,9,America-Mg,21,7,42,78,391,9,9,1,1,0
6212,9,Athletico-Pr,7,2,58,83,548,5,15,4,2,0
6213,9,Santos,21,10,57,87,447,8,12,5,0,0
6213,9,Vitoria,14,6,43,,329,11,16,0,4,0
6214,9,Ceara,9,4,42,84,405,1,13,1,2,0
6214,9,Cruzeiro,13,7,58,88,563,6,15,4,4,0
6215,9,Fluminense,13,4,61,83,,7,16,3,3,0
6215,9,Parana,,5,39,75,323,4,14,2,6,0
6216,10,Internacional,,3,52,77,449,3,8,1,2,0
6216,10,Sao Paulo,9,3,48,76,397,6,30,0,4,0
6217,10,Chapecoense,11,3,53,77,403,5,15,1,2,0
6217,10,Vitoria,,6,47,73,369,3,20,2,3,0
6218,10,Botafogo-Rj,18,4,57,85,463,4,17,2,0,0
6218,10,Ceara,7,2,43,80,365,4,17,2,3,0
6219,10,Corinthians,14,4,51,87,425,8,12,2,3,0
6219,10,Santos,19,7,49,84,421,11,15,3,2,0
6220,10,Athletico-Pr,10,3,,87,573,6,20,2,4,0
6220,10,Sport,10,3,33,77,291,1,13,0,2,0
6221,10,Gremio,14,5,53,83,449,5,13,0,2,0
6221,10,Palmeiras,9,3,47,81,414,7,30,1,5,0
6222,10,Cruzeiro,18,3,66,85,533,12,8,1,1,0
6222,10,Vasco,,3,34,66,297,1,14,3,1,0
6223,10,Bahia,10,4,54,81,457,6,18,2,2,0
6223,10,Parana,12,2,,75,412,3,17,1,4,0
6224,10,Flamengo,9,8,47,82,383,7,7,1,,0
6224,10,Fluminense,11,3,53,86,409,10,16,0,5,0
6225,10,America-Mg,17,3,47,82,434,11,13,3,2,0
6225,10,Atletico-Mg,12,4,53,83,504,6,7,1,2,0
6226,11,Athletico-Pr,14,5,62,85,509,5,15,1,3,0
6226,11,Sao Paulo,9,3,38,78,318,3,18,3,3,0
6227,11,Chapecoense,10,3,44,73,338,3,22,3,2,0
6227,11,Cruzeiro,8,2,56,81,432,6,17,4,3,0
6228,11,Sport,13,2,60,84,546,2,10,4,3,0
6228,11,Vasco,13,7,40,79,,1,27,1,4,0
6229,11,Corinthians,,2,,82,499,10,14,4,2,0
6229,11,Vitoria,13,3,36,75,287,6,19,0,2,0
6230,11,Atletico-Mg,16,9,51,89,493,4,15,3,2,0
6230,11,Fluminense,15,4,,87,479,7,9,0,2,0
6231,11,Bahia,21,9,60,82,463,13,24,3,4,0
6231,11,Botafogo-Rj,12,5,40,72,,1,9,0,2,1
6232,11,America-Mg,10,3,37,78,357,4,13,0,3,0
6232,11,Gremio,12,4,63,86,586,7,14,0,2,0
6233,11,Ceara,17,6,42,78,358,4,15,1,3,0
6233,11,Palmeiras,9,3,58,82,505,4,12,2,2,0
6234,11,Flamengo,11,5,63,91,601,9,11,1,2,0
6234,11,Parana,7,0,37,85,,5,8,1,0,0
6235,11,Internacional,14,4,39,80,348,2,20,1,4,0
6235,11,Santos,15,4,61,85,535,7,10,1,3,1
6236,12,Sao Paulo,14,5,57,83,454,6,24,5,3,1
6236,12,Vitoria,9,5,43,81,362,1,17,1,3,1
6237,12,America-Mg,12,3,49,84,413,3,13,2,5,0
6237,12,Chapecoense,10,2,51,82,417,8,15,1,0,0
6238,12,Fluminense,13,1,48,88,501,2,16,1,2,0
6238,12,Santos,6,2,52,88,528,7,12,3,3,0
6239,12,Gremio,5,3,48,80,455,2,16,2,2,0
6239,12,Sport,10,1,52,84,476,4,14,0,3,0
6240,12,Cruzeiro,10,4,,82,471,4,23,4,2,0
6240,12,Parana,7,1,43,80,365,3,23,1,8,0
6241,12,Flamengo,13,8,55,84,408,6,18,0,6,3
6241,12,Palmeiras,15,5,45,79,340,4,21,0,4,3
6242,12,Athletico-Pr,20,3,63,89,554,9,9,1,2,0
6242,12,Botafogo-Rj,,7,37,81,332,8,11,0,0,0
6243,12,Bahia,22,10,40,78,333,7,19,1,2,0
6243,12,Corinthians,11,2,60,84,510,8,11,2,1,0
6244,12,Internacional,14,6,54,,472,4,13,3,2,0
6244,12,Vasco,10,6,46,76,402,7,11,0,0,0
6245,12,Atletico-Mg,22,6,68,88,672,8,10,2,1,0
6245,12,Ceara,7,1,32,82,314,5,10,3,0,0
6246,13,Ceara,17,3,33,79,291,6,15,0,0,0
6246,13,Sport,11,4,67,87,575,5,12,2,0,0
6247,13,Parana,7,2,48,76,368,5,22,2,2,0
6247,13,Vitoria,13,4,52,82,382,5,24,1,2,0
6248,13,Botafogo-Rj,24,8,51,80,421,10,13,1,3,0
6248,13,Corinthians,8,3,49,82,,3,19,0,2,0
6249,13,Atletico-Mg,4,1,39,83,,2,19,1,2,0
6249,13,Gremio,23,5,61,89,648,5,10,1,1,0
6250,13,Flamengo,26,7,71,86,552,9,11,0,3,0
6250,13,Sao Paulo,16,2,29,70,228,5,17,3,3,1
6251,13,Bahia,11,5,51,,420,3,19,1,2,0
6251,13,Chapecoense,5,3,49,80,399,5,12,1,1,0
6252,13,America-Mg,8,2,46,83,453,5,8,1,1,0
6252,13,Cruzeiro,15,6,54,85,521,3,11,3,3,0
6253,13,Fluminense,,5,46,79,362,4,21,1,2,0
6253,13,Vasco,16,4,54,79,425,2,21,1,4,0
6254,13,Palmeiras,13,7,51,82,429,2,16,0,6,0
6254,13,Santos,17,4,,86,,8,15,1,4,0
6255,13,Athletico-Pr,20,6,53,85,436,4,11,2,3,1
6255,13,Internacional,14,3,47,82,388,6,16,1,5,0
6256,14,Botafogo-Rj,17,4,,77,357,6,15,2,1,1
6256,14,Flamengo,9,4,57,81,497,1,17,0,0,0
6257,14,Corinthians,12,3,54,,377,7,21,0,7,0
6257,14,Sao  Paulo,18,8,46,80,315,10,9,2,2,0
6258,14,Gremio,,5,67,85,521,10,17,2,6,0
6258,14,Vasco,9,4,33,69,269,8,12,0,4,1
6259,14,Atletico-Mg,14,7,,82,506,7,18,4,2,1
6259,14,Palmeiras,,4,44,80,405,2,20,4,2,0
6260,14,America-Mg,9,1,62,77,543,3,10,1,3,0
6260,14,Parana,13,6,38,72,337,3,23,4,3,0
6261,14,Bahia,14,7,55,80,402,5,18,1,3,0
6261,14,Vitoria,,4,45,74,330,7,26,0,4,1
6262,14,Fluminense,,5,43,75,353,4,17,1,5,0
6262,14,Sport,17,5,57,80,430,11,14,0,,0
6263,14,Athletico-Pr,6,2,40,79,377,3,14,0,3,1
6263,14,Cruzeiro,18,8,60,87,548,9,7,1,1,0
6264,14,Chapecoense,11,2,52,83,391,15,10,1,1,0
6264,14,Santos,14,1,48,83,,3,13,2,4,0
6265,14,Ceara,8,4,40,77,418,0,13,3,3,0
6265,14,Internacional,10,5,60,87,601,4,12,1,2,0
6266,15,Fluminense,10,3,38,,301,2,18,1,2,0
6266,15,Palmeiras,13,3,62,82,491,3,16,1,2,1
6267,15,Atletico-Mg,6,4,58,84,557,5,16,1,1,1
6267,15,Parana,21,8,42,82,392,7,15,1,1,0
6268,15,Corinthians,12,4,46,84,494,3,9,1,0,0
6268,15,Cruzeiro,14,5,,85,570,4,10,2,2,0
6269,15,Flamengo,13,3,56,86,503,8,14,1,1,0
6269,15,Santos,13,2,44,83,,10,17,2,1,0
6270,15,Botafogo-Rj,11,6,43,81,315,6,20,1,2,0
6270,15,Chapecoense,11,1,57,81,420,8,16,1,3,0
6271,15,Sport,9,3,51,76,436,7,14,1,2,0
6271,15,Vitoria,15,4,49,80,439,5,17,1,2,0
6272,15,Gremio,12,3,65,84,566,9,23,2,4,0
6272,15,Sao Paulo,9,6,35,74,302,3,19,0,5,0
6273,15,America-Mg,6,4,43,77,,3,12,0,2,1
6273,15,Internacional,13,5,,85,525,11,9,3,2,1
6274,15,Bahia,6,3,32,,236,2,25,1,4,0
6274,15,Ceara,22,6,68,82,484,11,16,0,3,0
6275,15,Athletico-Pr,11,3,55,80,475,8,15,1,1,0
6275,15,Vasco,16,3,45,81,399,5,14,1,2,0
6276,16,Ceara,15,2,36,72,262,9,22,3,5,0
6276,16,Fluminense,11,3,64,82,472,3,13,0,1,0
6277,16,Palmeiras,,12,53,86,450,8,20,2,2,0
6277,16,Parana,9,2,47,79,419,4,17,3,2,0
6278,16,Corinthians,10,5,48,83,472,2,11,4,0,0
6278,16,Vasco,12,4,52,82,,4,17,0,4,0
6279,16,Flamengo,22,9,,91,547,8,12,1,1,0
6279,16,Sport,9,1,42,84,420,2,11,2,1,0
6280,16,Athletico-Pr,12,6,48,82,398,6,20,1,3,0
6280,16,Vitoria,7,3,52,85,421,1,17,1,5,0
6281,16,Botafogo-Rj,9,3,46,79,,4,14,0,2,0
6281,16,Internacional,15,9,54,78,442,5,13,0,1,0
6282,16,Cruzeiro,,3,58,81,509,4,11,3,2,0
6282,16,Sao Paulo,9,4,42,75,387,2,11,2,1,0
6283,16,America-Mg,2,1,26,61,234,2,13,1,2,0
6283,16,Santos,29,4,74,90,614,14,8,2,2,0
6284,16,Chapecoense,16,2,58,78,443,10,12,1,1,0
6284,16,Gremio,8,4,42,71,340,3,15,1,3,0
6285,16,Atletico-Mg,5,2,42,80,405,3,18,3,2,0
6285,16,Bahia,21,6,58,86,510,6,15,1,4,0
6286,17,Botafogo-Rj,16,2,,77,,5,12,2,1,0
6286,17,Santos,9,3,54,79,460,2,19,4,5,0
6287,17,Flamengo,9,1,66,,607,1,17,2,,0
6287,17,Gremio,10,4,34,78,311,3,21,1,3,0
6288,17,Athletico-Pr,,4,,80,387,9,13,6,2,0
6288,17,Corinthians,10,4,57,86,537,2,8,1,2,0
6289,17,Cruzeiro,,4,51,75,407,8,20,2,,0
6289,17,Vitoria,16,5,49,80,388,8,19,0,3,0
6290,17,Ceara,5,1,33,66,284,2,21,5,2,0
6290,17,Parana,22,7,67,81,557,13,15,0,4,0
6291,17,America-Mg,8,4,51,84,516,2,16,0,1,0
6291,17,Palmeiras,14,4,49,86,489,9,18,0,2,0
6292,17,Sao Paulo,11,4,,70,327,5,27,1,2,0
6292,17,Vasco,9,3,59,81,493,2,9,3,2,0
6293,17,Bahia,10,2,53,78,392,8,18,0,2,0
6293,17,Fluminense,10,2,47,80,348,6,12,1,4,0
6294,17,Chapecoense,8,3,37,69,341,5,20,2,1,0
6294,17,Sport,20,4,63,82,555,8,14,1,1,0
6295,17,Atletico-Mg,12,3,64,82,562,6,13,1,1,0
6295,17,Internacional,8,4,36,75,329,2,13,1,1,0
6296,20,Ceara,23,9,51,77,373,8,11,1,3,0
6296,20,Santos,8,3,49,76,385,3,13,3,2,0
6297,20,Bahia,20,2,62,85,517,3,15,0,1,0
6297,20,Internacional,14,5,38,74,343,5,18,1,2,0
6298,20,Parana,16,2,45,73,349,4,14,2,3,0
6298,20,Sao Paulo,14,4,55,76,413,9,12,3,1,0
6299,20,Botafogo-Rj,10,4,31,64,230,3,17,0,4,1
6299,20,Palmeiras,22,6,69,83,506,11,14,3,2,0
6300,20,America-Mg,6,3,46,74,422,4,21,2,2,0
6300,20,Sport,15,6,54,79,459,4,9,3,2,0
6301,20,Corinthians,,1,55,82,550,3,8,0,2,1
6301,20,Fluminense,15,4,45,84,452,8,12,5,1,0
6302,20,Cruzeiro,7,5,33,81,378,2,16,0,4,0
6302,20,Gremio,10,6,67,90,752,6,13,0,2,0
6303,20,Flamengo,,5,65,88,555,7,18,1,2,0
6303,20,Vitoria,4,1,35,77,313,4,19,1,2,0
6304,20,Atletico-Mg,20,4,74,85,718,12,16,0,2,0
6304,20,Vasco,11,4,26,67,256,1,15,0,4,0
6305,20,Athletico-Pr,11,5,52,77,349,4,18,0,3,0
6305,20,Chapecoense,16,3,48,75,321,8,19,2,1,0
6306,18,Athletico-Pr,14,2,54,82,443,9,14,0,3,0
6306,18,Ceara,,4,46,80,377,3,15,0,3,0
6307,18,America-Mg,6,2,52,82,482,2,13,1,4,0
6307,18,Bahia,21,6,48,81,438,9,11,2,1,0
6308,18,Botafogo-Rj,15,4,47,82,393,4,9,2,,1
6308,18,Parana,14,2,53,,423,4,11,2,3,1
6309,18,Atletico-Mg,,6,47,80,375,3,17,1,2,0
6309,18,Santos,9,3,53,84,407,4,8,1,0,0
6310,18,Sao Paulo,17,5,,87,491,3,15,1,3,0
6310,18,Sport,15,7,45,,398,2,7,0,1,0
6311,18,Cruzeiro,9,3,48,82,402,2,17,2,3,0
6311,18,Flamengo,9,4,52,83,,5,28,3,3,0
6312,18,Chapecoense,13,4,41,75,310,7,18,1,1,1
6312,18,Corinthians,13,5,59,82,460,5,20,1,2,0
6313,18,Gremio,14,8,,85,559,1,20,1,1,0
6313,18,Vitoria,13,3,,,481,1,17,1,3,0
6314,18,Palmeiras,10,4,56,81,453,5,17,3,1,0
6314,18,Vasco,7,1,44,74,357,3,16,2,2,0
6315,18,Fluminense,19,6,60,85,545,7,8,0,3,0
6315,18,Internacional,13,7,40,76,376,7,17,0,3,0
6316,19,Santos,11,6,53,82,463,4,20,5,3,0
6316,19,Sport,12,4,47,84,409,4,21,1,2,1
6317,19,Corinthians,9,3,59,85,649,5,8,0,1,0
6317,19,Gremio,12,9,41,80,466,7,8,3,1,0
6318,19,Athletico-Pr,14,8,32,80,263,5,15,3,3,0
6318,19,Flamengo,15,6,68,89,553,5,10,1,1,0
6319,19,Internacional,17,6,75,86,547,15,16,1,3,0
6319,19,Parana,9,2,25,59,190,3,16,0,5,0
6320,19,Palmeiras,26,12,46,77,416,3,18,0,1,0
6320,19,Vitoria,,2,54,81,471,3,25,0,2,0
6321,19,Atletico-Mg,,8,54,80,494,3,12,1,4,0
6321,19,Botafogo-Rj,13,4,46,80,411,4,13,2,2,0
6322,19,Bahia,9,1,,82,457,5,13,2,2,0
6322,19,Cruzeiro,12,2,54,83,535,3,14,3,2,0
6323,19,America-Mg,10,1,53,84,,4,13,1,2,1
6323,19,Fluminense,11,4,47,84,459,4,8,0,0,0
6324,19,Chapecoense,7,2,61,84,561,6,20,1,1,0
6324,19,Sao Paulo,6,3,39,75,358,2,17,1,2,0
6325,19,Ceara,12,2,42,80,335,6,21,1,0,1
6325,19,Vasco,16,6,58,82,464,4,16,0,1,0
6326,21,Bahia,7,0,52,78,385,4,17,2,2,0
6326,21,Santos,5,3,48,78,,6,25,3,1,0
6327,21,Corinthians,17,7,62,80,458,8,18,2,3,0
6327,21,Parana,13,3,38,70,281,7,20,0,3,1
6328,21,Athletico-Pr,16,6,56,82,493,8,18,1,2,0
6328,21,Gremio,7,2,44,,398,1,17,2,2,0
6329,21,Cruzeiro,12,3,46,83,422,6,17,1,4,0
6329,21,Fluminense,7,3,54,85,,5,14,0,3,0
6330,21,Botafogo-Rj,17,7,,75,314,9,21,4,2,0
6330,21,Sport,8,1,57,75,420,2,13,0,2,0
6331,21,Ceara,,3,41,76,325,5,21,2,6,1
6331,21,Sao Paulo,,4,59,83,448,8,13,0,3,0
6332,21,America-Mg,12,2,51,82,,3,12,0,3,0
6332,21,Flamengo,,6,49,82,,6,9,0,2,1
6333,21,Internacional,14,4,57,81,495,5,14,1,2,0
6333,21,Palmeiras,20,3,43,72,387,4,24,0,3,0
6334,21,Atletico-Mg,17,4,64,,,4,12,4,3,0
6334,21,Vitoria,19,4,36,78,329,6,17,4,2,0
6335,21,Chapecoense,8,4,51,83,445,4,20,1,2,0
6335,21,Vasco,15,6,49,78,428,6,18,0,3,0
6336,22,America-Mg,5,3,42,78,394,3,10,3,1,1
6336,22,Vitoria,21,9,58,88,533,5,21,1,5,0
6337,22,Botafogo-Rj,,0,43,78,352,6,19,0,3,0
6337,22,Gremio,18,8,57,83,,5,12,1,2,0
6338,22,Santos,9,4,41,77,412,3,11,0,1,0
6338,22,Vasco,17,1,,,571,8,12,1,1,0
6339,22,Atletico-Mg,10,2,44,73,416,3,21,2,3,0
6339,22,Corinthians,7,1,56,80,522,6,16,0,1,0
6340,22,Ceara,9,4,,77,285,1,14,0,2,0
6340,22,Flamengo,26,9,65,89,515,12,16,2,2,0
6341,22,Athletico-Pr,24,11,60,89,,4,14,3,2,0
6341,22,Bahia,9,3,40,77,,2,9,1,2,0
6342,22,Parana,15,3,49,73,371,3,12,3,2,0
6342,22,Sport,16,5,51,74,369,11,19,1,3,0
6343,22,Fluminense,11,0,64,86,540,5,16,0,2,0
6343,22,Sao Paulo,7,4,36,74,,5,14,0,2,1
6344,22,Cruzeiro,19,4,51,84,457,8,16,3,3,0
6344,22,Internacional,14,4,49,83,445,5,14,0,2,0
6345,22,Chapecoense,11,2,57,70,360,3,14,1,4,0
6345,22,Palmeiras,12,5,43,62,297,5,23,2,4,0
6346,23,Bahia,13,8,48,74,409,8,19,1,1,0
6346,23,Sport,10,2,52,75,436,4,19,2,1,0
6347,23,Botafogo-Rj,15,6,42,72,352,5,13,0,3,0
6347,23,Cruzeiro,8,2,58,79,509,2,17,0,3,0
6348,23,Ceara,,7,31,75,263,7,19,0,6,0
6348,23,Corinthians,11,3,69,90,611,4,19,1,,0
6349,23,Athletico-Pr,7,1,53,,424,6,18,1,3,0
6349,23,Palmeiras,10,4,47,77,371,6,16,1,2,0
6350,23,Chapecoense,12,6,63,83,498,3,19,1,2,0
6350,23,Parana,16,3,37,66,277,11,24,2,2,0
6351,23,Atletico-Mg,10,3,46,75,346,2,17,0,3,0
6351,23,Sao Paulo,16,5,54,77,394,9,18,2,1,0
6352,23,Flamengo,11,4,62,84,,3,13,2,1,0
6352,23,Internacional,7,5,,,371,4,13,1,4,0
6353,23,Gremio,8,3,49,85,568,1,8,0,1,0
6353,23,Santos,7,2,51,84,578,5,14,0,2,0
6354,23,Fluminense,17,5,,84,527,9,11,1,1,0
6354,23,Vitoria,4,1,37,67,312,5,8,0,1,0
6355,23,America-Mg,10,5,44,81,450,4,19,2,1,0
6355,23,Vasco,7,3,56,87,555,5,12,0,1,0
6356,24,Cruzeiro,10,2,45,69,369,4,19,2,1,0
6356,24,Sport,,1,55,75,423,8,22,3,3,0
6357,24,Bahia,10,2,46,73,353,4,19,2,2,0
6357,24,Sao Paulo,12,2,,78,392,11,16,3,3,0
6358,24,Chapecoense,9,3,38,77,304,3,13,1,2,0
6358,24,Flamengo,15,6,62,86,492,8,17,1,2,0
6359,24,America-Mg,7,0,59,85,615,3,16,2,1,0
6359,24,Ceara,12,3,41,81,423,4,10,1,1,0
6360,24,Corinthians,4,0,45,71,348,3,16,0,3,0
6360,24,Palmeiras,13,3,55,75,397,8,14,4,2,0
6361,24,Botafogo-Rj,14,3,59,76,457,7,14,2,4,0
6361,24,Fluminense,14,4,41,73,315,6,21,1,3,0
6362,24,Gremio,13,2,58,81,471,4,15,2,5,0
6362,24,Internacional,11,4,42,71,347,5,17,2,5,0
6363,24,Parana,18,4,37,72,296,3,15,0,,0
6363,24,Santos,5,3,63,83,530,2,18,0,3,0
6364,24,Vasco,13,4,48,80,395,5,19,0,1,1
6364,24,Vitoria,7,1,52,84,432,2,19,0,4,1
6365,24,Athletico-Pr,16,5,47,82,385,6,14,0,5,1
6365,24,Atletico-Mg,12,5,53,80,434,6,13,3,4,0
6366,25,Ceara,17,3,42,81,,4,23,0,2,0
6366,25,Vitoria,8,1,58,85,551,3,21,1,4,0
6367,25,Gremio,21,4,62,86,553,4,11,5,1,0
6367,25,Parana,8,1,38,75,334,3,13,0,1,0
6368,25,Flamengo,,5,62,86,488,13,13,1,2,1
6368,25,Vasco,,7,38,82,302,6,19,0,3,0
6369,25,America-Mg,10,1,53,78,464,1,18,4,1,1
6369,25,Botafogo-Rj,14,4,47,77,419,5,13,1,1,1
6370,25,Atletico-Mg,8,2,60,,551,3,16,2,1,0
6370,25,Cruzeiro,,3,40,77,362,6,19,2,3,0
6371,25,Bahia,9,3,42,76,384,6,14,0,1,0
6371,25,Palmeiras,7,1,58,81,555,3,11,2,2,0
6372,25,Athletico-Pr,16,9,49,85,456,5,15,4,3,0
6372,25,Fluminense,11,3,51,84,474,3,14,0,2,0
6373,25,Santos,14,3,55,80,425,4,15,5,7,0
6373,25,Sao Paulo,6,2,45,72,354,4,15,1,4,0
6374,25,Corinthians,14,5,70,87,,5,16,4,2,0
6374,25,Sport,13,6,30,67,273,6,19,1,1,0
6375,25,Chapecoense,19,5,52,75,,6,14,0,4,0
6375,25,Internacional,14,5,48,79,318,4,15,3,2,1
6376,26,America-Mg,7,3,51,81,,2,12,0,1,0
6376,26,Sao Paulo,13,4,49,84,452,6,14,1,1,0
6377,26,Ceara,6,4,40,80,380,0,9,0,1,0
6377,26,Gremio,,8,60,87,550,17,12,1,3,0
6378,26,Athletico-Pr,15,9,58,84,502,6,15,1,0,0
6378,26,Parana,11,3,42,81,,3,11,0,4,0
6379,26,Atletico-Mg,15,4,49,80,421,6,15,1,2,0
6379,26,Flamengo,7,2,51,80,438,4,26,2,2,0
6380,26,Corinthians,9,5,55,86,580,2,13,1,0,0
6380,26,Internacional,,2,45,85,469,3,11,1,2,0
6381,26,Palmeiras,9,4,48,68,367,5,16,0,2,0
6381,26,Sport,12,2,52,69,396,6,16,2,2,0
6382,26,Botafogo-Rj,11,7,39,78,,1,17,2,4,0
6382,26,Vitoria,13,3,61,87,,3,15,2,1,0
6383,26,Cruzeiro,6,4,46,83,428,4,17,1,2,0
6383,26,Santos,13,7,54,81,508,6,12,1,2,0
6384,26,Chapecoense,11,4,57,80,394,7,19,1,2,1
6384,26,Fluminense,9,5,43,73,316,2,19,0,3,0
6385,26,Bahia,15,6,38,72,292,8,15,1,2,1
6385,26,Vasco,10,3,62,82,480,4,12,6,5,0
6386,27,Fluminense,14,2,51,87,,7,10,0,1,0
6386,27,Gremio,7,6,,86,,2,13,1,2,0
6387,27,America-Mg,10,2,39,86,453,1,8,1,0,0
6387,27,Corinthians,16,7,61,,707,5,4,3,1,0
6388,27,Bahia,13,3,32,72,,4,16,2,2,0
6388,27,Flamengo,11,5,68,84,562,3,17,2,1,0
6389,27,Cruzeiro,4,1,56,81,433,2,19,1,6,0
6389,27,Palmeiras,17,4,44,76,334,7,15,3,5,0
6390,27,Atletico-Mg,22,8,63,87,563,6,18,2,1,0
6390,27,Sport,6,1,37,80,326,6,16,0,3,1
6391,27,Athletico-Pr,,4,37,75,317,5,17,2,6,0
6391,27,Santos,15,5,63,88,512,12,8,2,2,0
6392,27,Botafogo-Rj,9,4,39,72,,7,20,2,1,0
6392,27,Sao Paulo,16,7,61,81,423,7,18,2,2,0
6393,27,Internacional,12,5,61,82,483,7,19,4,3,0
6393,27,Vitoria,7,1,39,71,314,0,18,1,6,1
6394,27,Ceara,13,6,44,77,335,5,15,0,4,0
6394,27,Chapecoense,,4,56,81,421,8,20,1,5,0
6395,27,Parana,20,5,40,76,317,11,15,2,1,0
6395,27,Vasco,17,4,60,82,480,5,11,2,,1
6396,28,Internacional,7,2,57,85,,4,10,0,1,0
6396,28,Sport,12,3,43,79,382,8,10,3,4,0
6397,28,Corinthians,11,3,54,85,,4,9,1,2,0
6397,28,Flamengo,13,7,,82,432,10,18,0,1,0
6398,28,Santos,12,3,41,80,327,2,24,1,2,0
6398,28,Vitoria,18,2,59,83,447,8,17,0,3,1
6399,28,America-Mg,6,3,36,85,397,1,13,3,3,0
6399,28,Athletico-Pr,10,4,64,90,,5,10,0,3,0
6400,28,Atletico-Mg,17,2,64,86,497,9,15,1,3,0
6400,28,Chapecoense,9,1,36,,279,5,20,2,3,0
6401,28,Palmeiras,8,4,39,67,,2,17,3,3,0
6401,28,Sao Paulo,,1,61,81,458,4,21,2,2,0
6402,28,Bahia,10,5,24,66,203,5,25,0,3,1
6402,28,Gremio,20,6,76,86,603,9,13,5,2,0
6403,28,Fluminense,17,8,70,92,618,8,8,3,1,0
6403,28,Parana,8,0,,76,269,2,18,0,2,0
6404,28,Botafogo-Rj,18,5,51,83,444,7,13,0,3,0
6404,28,Vasco,10,4,49,83,428,6,13,0,2,0
6405,28,Ceara,7,3,,78,346,1,18,1,3,0
6405,28,Cruzeiro,18,6,62,87,552,10,7,2,1,0
6406,29,Flamengo,16,6,52,81,404,6,16,0,2,0
6406,29,Fluminense,13,5,48,82,,3,15,0,3,0
6407,29,Corinthians,8,2,,82,466,2,19,1,3,0
6407,29,Santos,12,4,44,,,5,19,3,3,0
6408,29,Bahia,20,7,68,86,542,12,5,3,3,0
6408,29,Parana,7,3,32,67,276,1,10,0,3,0
6409,29,Chapecoense,15,1,58,78,409,7,14,1,3,0
6409,29,Vitoria,17,3,42,72,314,3,20,0,2,0
6410,29,Cruzeiro,14,4,44,82,410,9,17,1,2,1
6410,29,Vasco,18,6,56,87,511,10,14,1,6,0
6411,29,Internacional,17,6,58,82,386,6,16,6,,0
6411,29,Sao Paulo,9,1,42,73,289,4,23,1,3,1
6412,29,Gremio,3,0,67,87,648,5,16,0,2,0
6412,29,Palmeiras,8,6,33,74,326,4,16,0,4,0
6413,29,America-Mg,15,8,40,83,362,3,15,2,0,0
6413,29,Atletico-Mg,10,2,60,86,,16,16,1,1,0
6414,29,Athletico-Pr,27,8,70,91,566,10,13,0,0,0
6414,29,Sport,7,2,30,77,256,3,12,2,3,0
6415,29,Botafogo-Rj,8,0,43,77,377,3,10,1,3,0
6415,29,Ceara,21,7,57,84,474,6,13,1,1,0
6416,30,America-Mg,10,3,52,82,486,5,17,1,0,0
6416,30,Gremio,13,4,48,84,,4,8,2,0,0
6417,30,Bahia,9,2,35,70,274,2,21,0,1,0
6417,30,Botafogo-Rj,9,4,65,,492,8,10,0,2,0
6418,30,Athletico-Pr,10,1,68,84,559,7,15,2,2,0
6418,30,Sao Paulo,14,5,32,73,252,4,20,5,3,0
6419,30,Sport,15,6,48,,447,1,16,1,0,0
6419,30,Vasco,12,3,52,81,468,4,18,0,3,0
6420,30,Corinthians,9,4,,81,502,5,23,1,4,0
6420,30,Vitoria,12,6,43,81,375,5,18,1,1,0
6421,30,Atletico-Mg,12,2,45,77,417,7,19,0,2,0
6421,30,Fluminense,13,6,55,81,500,4,14,2,2,1
6422,30,Ceara,21,6,62,,448,12,13,2,2,0
6422,30,Palmeiras,,6,38,76,300,4,14,1,5,1
6423,30,Chapecoense,15,2,45,81,,4,15,1,1,0
6423,30,Cruzeiro,12,5,55,82,516,4,9,1,2,0
6424,30,Flamengo,11,6,69,88,699,1,13,2,0,0
6424,30,Parana,7,2,31,,317,4,17,1,1,1
6425,30,Internacional,14,9,48,82,387,5,14,2,1,0
6425,30,Santos,8,3,52,78,418,7,15,2,3,0
6426,31,Sao Paulo,14,6,39,77,315,6,24,0,2,1
6426,31,Vitoria,15,3,61,87,,4,8,0,1,0
6427,31,Internacional,10,3,51,81,391,4,20,2,5,1
6427,31,Vasco,16,7,49,81,372,6,17,1,3,0
6428,31,Fluminense,8,1,30,65,240,2,17,1,3,0
6428,31,Santos,24,10,70,86,,12,15,2,2,0
6429,31,Gremio,17,4,69,86,,10,10,0,2,0
6429,31,Sport,8,4,31,71,293,0,16,0,2,0
6430,31,Bahia,11,2,45,77,363,5,15,0,3,0
6430,31,Corinthians,14,3,55,80,429,5,11,2,3,0
6431,31,America-Mg,8,2,60,80,486,4,24,1,4,0
6431,31,Chapecoense,10,5,40,76,317,4,12,1,3,0
6432,31,Flamengo,,4,71,82,496,15,19,0,2,0
6432,31,Palmeiras,8,3,29,61,210,4,17,2,5,0
6433,31,Cruzeiro,13,5,61,88,,9,13,3,0,0
6433,31,Parana,5,0,39,85,400,0,18,1,2,0
6434,31,Athletico-Pr,16,7,70,87,565,5,19,1,2,0
6434,31,Botafogo-Rj,9,4,30,73,242,2,30,1,5,0
6435,31,Atletico-Mg,14,3,63,87,494,6,21,3,4,0
6435,31,Ceara,,5,37,75,288,3,13,2,2,0
6436,32,Fluminense,23,5,67,85,534,9,14,1,2,1
6436,32,Vasco,10,4,33,72,273,2,12,2,3,0
6437,32,Atletico-Mg,17,2,56,83,484,8,12,0,4,0
6437,32,Gremio,13,7,44,77,398,3,12,4,1,0
6438,32,Palmeiras,11,5,39,77,309,3,26,0,3,0
6438,32,Santos,,5,61,86,473,5,23,0,4,1
6439,32,America-Mg,16,5,55,83,506,8,18,0,3,0
6439,32,Cruzeiro,10,3,45,81,439,2,8,1,1,0
6440,32,Parana,5,1,45,,316,2,19,0,3,0
6440,32,Vitoria,14,4,55,75,368,5,19,2,4,1
6441,32,Flamengo,,8,63,80,470,7,13,0,1,0
6441,32,Sao Paulo,7,3,37,71,290,8,17,1,2,0
6442,32,Botafogo-Rj,18,6,39,74,288,5,25,0,1,0
6442,32,Corinthians,9,5,61,79,439,3,19,1,2,0
6443,32,Athletico-Pr,9,4,37,78,318,5,20,1,3,0
6443,32,Internacional,12,5,63,84,512,11,9,1,2,0
6444,32,Bahia,15,6,,79,410,5,15,1,1,0
6444,32,Chapecoense,8,2,40,71,279,3,22,5,1,0
6445,32,Ceara,13,2,48,78,,3,16,1,3,0
6445,32,Sport,9,4,,75,427,8,13,1,3,0
6446,33,America-Mg,17,1,65,83,508,13,10,8,2,1
6446,33,Parana,8,2,35,66,277,6,10,1,1,1
6447,33,Corinthians,15,5,,75,346,7,10,1,0,1
6447,33,Sao Paulo,10,2,,81,397,2,18,4,3,0
6448,33,Botafogo-Rj,13,4,34,68,258,4,30,4,4,0
6448,33,Flamengo,13,4,66,81,501,3,16,2,6,0
6449,33,Athletico-Pr,10,3,44,82,445,4,17,0,4,0
6449,33,Cruzeiro,12,3,56,,,3,14,1,7,0
6450,33,Bahia,16,2,49,70,326,5,25,3,4,0
6450,33,Vitoria,8,3,51,72,332,4,18,3,3,0
6451,33,Ceara,,5,40,82,330,6,11,2,2,0
6451,33,Internacional,,4,60,84,515,5,15,1,5,0
6452,33,Atletico-Mg,,8,56,78,430,6,22,0,3,0
6452,33,Palmeiras,7,3,44,73,346,4,14,4,2,0
6453,33,Gremio,19,4,71,89,611,7,12,1,2,0
6453,33,Vasco,6,2,29,71,256,2,17,0,4,0
6454,33,Fluminense,16,7,61,84,542,4,18,3,0,0
6454,33,Sport,3,0,39,72,345,5,16,2,2,0
6455,33,Chapecoense,7,3,36,61,262,4,24,4,1,0
6455,33,Santos,,2,64,78,447,5,15,3,2,0
6456,34,Athletico-Pr,17,5,55,83,461,7,9,4,0,0
6456,34,Vasco,15,8,45,83,396,5,13,0,1,0
6457,34,Bahia,23,11,62,85,,10,11,0,2,0
6457,34,Ceara,,3,,78,341,0,15,1,3,0
6458,34,Atletico-Mg,11,4,76,90,672,5,14,2,,0
6458,34,Parana,5,1,24,66,212,0,19,0,3,2
6459,34,Sport,14,2,,74,392,7,21,2,4,0
6459,34,Vitoria,14,6,45,74,312,8,17,3,4,0
6460,34,Fluminense,5,2,53,80,,4,24,3,4,1
6460,34,Palmeiras,18,7,47,,318,6,20,2,6,0
6461,34,Corinthians,14,5,53,87,513,10,6,1,1,1
6461,34,Cruzeiro,13,5,47,84,458,6,13,1,2,0
6462,34,Botafogo-Rj,10,4,49,71,364,5,14,1,2,0
6462,34,Chapecoense,18,4,51,72,349,10,12,1,1,0
6463,34,Flamengo,20,4,56,84,440,8,22,0,3,0
6463,34,Santos,11,4,44,80,,2,18,0,5,0
6464,34,Gremio,6,2,41,76,359,3,13,0,2,0
6464,34,Sao Paulo,15,5,59,82,,2,14,2,1,0
6465,34,America-Mg,10,2,54,85,458,4,20,2,2,0
6465,34,Internacional,12,5,,83,409,7,19,2,1,0
6466,35,Corinthians,12,2,43,71,339,5,22,3,,0
6466,35,Vasco,16,3,57,74,442,9,14,1,2,0
6467,35,Athletico-Pr,17,6,48,,410,4,23,4,3,0
6467,35,Vitoria,11,2,52,87,427,3,15,0,2,1
6468,35,Atletico-Mg,12,4,49,75,376,10,16,3,2,1
6468,35,Bahia,8,2,51,79,386,4,24,2,3,0
6469,35,Palmeiras,,7,66,80,493,11,8,5,2,0
6469,35,Parana,9,3,34,62,266,4,22,0,4,0
6470,35,America-Mg,16,7,48,80,420,4,20,1,6,0
6470,35,Santos,8,3,52,,,6,14,2,1,0
6471,35,Flamengo,13,5,41,71,321,8,13,0,0,1
6471,35,Sport,13,2,59,81,438,6,9,3,1,0
6472,35,Botafogo-Rj,12,4,40,74,333,1,13,1,2,0
6472,35,Internacional,5,1,60,83,472,9,18,3,3,2
6473,35,Cruzeiro,7,0,49,79,427,1,17,3,2,0
6473,35,Sao Paulo,8,3,51,79,441,3,14,4,2,0
6474,35,Chapecoense,10,3,35,75,285,2,21,0,2,0
6474,35,Gremio,16,11,65,,544,4,12,3,2,0
6475,35,Ceara,13,4,42,68,293,4,24,1,3,0
6475,35,Fluminense,14,2,58,80,415,2,16,5,4,0
6476,36,Atletico-Mg,12,2,45,75,422,4,17,0,2,0
6476,36,Internacional,,3,55,76,485,11,10,2,1,0
6477,36,Botafogo-Rj,16,3,48,84,419,5,16,1,2,0
6477,36,Santos,19,6,52,85,,9,19,0,2,0
6478,36,Athletico-Pr,18,7,49,82,428,8,18,1,2,0
6478,36,Corinthians,10,1,51,82,444,5,14,0,4,0
6479,36,America-Mg,1,1,52,76,370,2,20,0,6,0
6479,36,Palmeiras,24,9,48,78,339,9,13,3,0,0
6480,36,Flamengo,18,7,43,82,387,9,17,0,2,0
6480,36,Gremio,16,4,,85,527,4,14,0,3,0
6481,36,Cruzeiro,13,7,54,86,,6,18,2,2,0
6481,36,Vitoria,16,1,46,,409,8,15,4,1,0
6482,36,Sao Paulo,10,2,65,84,445,7,22,2,4,0
6482,36,Vasco,,2,35,73,246,3,19,1,2,0
6483,36,Ceara,17,6,59,80,450,7,17,2,2,0
6483,36,Parana,5,0,41,74,302,6,12,1,1,0
6484,36,Bahia,13,7,,81,478,3,23,1,2,0
6484,36,Fluminense,6,1,44,77,390,1,9,2,1,0
6485,36,Chapecoense,18,8,36,,283,7,22,1,2,0
6485,36,Sport,13,6,64,78,502,6,13,1,1,0
6486,37,Atletico-Mg,16,4,59,87,508,8,15,0,1,0
6486,37,Santos,21,9,41,78,354,9,19,0,4,1
6487,37,Athletico-Pr,17,3,65,88,530,10,19,5,3,0
6487,37,Ceara,13,5,35,72,285,4,18,2,4,0
6488,37,Cruzeiro,24,7,56,87,540,8,10,0,6,0
6488,37,Flamengo,9,5,44,79,429,6,9,0,3,0
6489,37,Gremio,19,7,61,85,544,9,20,1,4,0
6489,37,Vitoria,13,3,39,81,,7,15,0,2,0
6490,37,Palmeiras,9,3,51,78,,14,18,2,5,0
6490,37,Vasco,9,3,49,78,394,5,17,0,4,1
6491,37,Fluminense,10,3,37,73,291,4,17,1,1,1
6491,37,Internacional,22,3,63,81,477,8,12,1,3,0
6492,37,America-Mg,10,3,47,74,,1,19,3,2,0
6492,37,Bahia,15,3,53,79,407,4,21,2,1,1
6493,37,Chapecoense,14,2,32,65,276,4,13,1,,0
6493,37,Corinthians,12,1,68,84,581,9,13,0,2,0
6494,37,Botafogo-Rj,14,5,57,84,475,5,13,4,1,0
6494,37,Parana,10,4,,77,359,4,16,2,3,0
6495,37,Sao Paulo,18,7,69,,514,7,14,7,2,0
6495,37,Sport,8,3,31,63,237,5,21,1,3,1
6496,38,Athletico-Pr,11,3,45,81,386,1,17,0,1,1
6496,38,Flamengo,16,5,55,83,445,6,17,1,3,1
6497,38,Atletico-Mg,13,4,48,79,379,5,15,0,4,0
6497,38,Botafogo-Rj,10,1,52,80,397,10,17,2,3,0
6498,38,Ceara,13,1,56,81,485,6,17,1,2,1
6498,38,Vasco,8,1,44,79,390,3,11,4,2,0
6499,38,Corinthians,3,1,47,85,507,5,15,0,4,0
6499,38,Gremio,10,3,53,87,560,7,11,1,2,0
6500,38,Bahia,13,0,46,71,341,7,18,0,4,0
6500,38,Cruzeiro,17,3,54,78,394,8,15,3,1,0
6501,38,Santos,,3,51,82,443,1,21,0,1,0
6501,38,Sport,8,3,,,420,1,21,5,3,0
6502,38,Internacional,8,1,58,78,,6,15,3,2,0
6502,38,Parana,16,4,42,74,339,5,14,2,1,1
6503,38,America-Mg,22,6,58,,400,8,19,0,2,0
6503,38,Fluminense,11,4,42,67,300,4,15,3,5,0
6504,38,Chapecoense,10,1,46,71,354,5,11,2,0,0
6504,38,Sao Paulo,7,1,54,79,432,1,23,3,3,0
6505,38,Palmeiras,,8,,86,457,10,11,3,2,0
6505,38,Vitoria,16,3,41,81,334,2,6,0,2,0
6506,1,Botafogo-Rj,11,2,72,89,702,2,7,1,4,0
6506,1,Sao Paulo,7,4,28,75,269,3,23,2,0,0
6507,1,Atletico-Mg,11,3,60,86,549,4,12,0,0,0
6507,1,Avai,6,1,40,79,362,4,18,1,1,0
6508,1,Chapecoense,12,7,43,77,392,3,15,0,1,0
6508,1,Internacional,20,7,57,,511,5,11,2,1,0
6509,1,Cruzeiro,2,1,42,,396,2,17,1,4,1
6509,1,Flamengo,17,5,58,85,526,6,13,0,4,0
6510,1,Gremio,26,11,65,82,607,12,12,2,3,0
6510,1,Santos,8,5,,71,335,2,18,1,4,1
6511,1,Bahia,15,6,43,75,351,4,17,1,1,0
6511,1,Corinthians,9,3,57,78,,4,5,0,4,0
6512,1,Athletico-Pr,20,11,57,87,510,4,15,2,1,0
6512,1,Vasco,14,5,43,85,389,0,19,1,1,0
6513,1,Ceara,16,8,55,87,,3,15,2,0,0
6513,1,Csa,6,1,45,81,416,6,4,1,0,1
6514,1,Fortaleza,,5,47,79,349,1,16,1,2,0
6514,1,Palmeiras,18,9,53,79,379,6,12,3,1,0
6515,1,Fluminense,15,3,72,90,598,5,14,1,4,0
6515,1,Goias,8,2,28,70,235,5,9,0,1,0
6516,2,Flamengo,11,5,55,81,,5,9,3,2,0
6516,2,Internacional,17,7,45,81,431,4,8,1,3,0
6517,2,Csa,0,0,,,0,0,0,0,0,0
6517,2,Palmeiras,0,0,,,0,0,0,0,0,0
6518,2,Chapecoense,10,1,48,78,403,2,10,1,1,0
6518,2,Corinthians,12,4,52,81,424,7,14,1,2,0
6519,2,Ceara,14,4,41,81,426,3,12,2,0,0
6519,2,Cruzeiro,11,4,59,,614,2,10,1,1,0
6520,2,Avai,13,3,43,73,375,11,15,0,4,0
6520,2,Gremio,4,2,57,79,504,4,17,0,3,0
6521,2,Goias,13,2,47,82,380,5,15,0,3,0
6521,2,Sao Paulo,14,5,53,86,433,10,12,1,2,1
6522,2,Atletico-Mg,14,4,49,,466,4,9,1,0,0
6522,2,Vasco,,4,51,83,461,8,12,0,0,0
6523,2,Athletico-Pr,10,4,64,89,507,7,19,0,3,0
6523,2,Fortaleza,18,5,36,80,291,2,12,1,3,0
6524,2,Fluminense,10,4,58,85,517,1,14,3,2,0
6524,2,Santos,22,10,42,81,377,6,25,1,3,0
6525,2,Bahia,19,4,47,79,421,6,15,4,0,0
6525,2,Botafogo-Rj,,5,53,80,482,3,11,0,3,0
6526,3,Corinthians,11,2,54,84,411,2,8,0,1,0
6526,3,Vasco,13,4,,80,342,8,21,0,2,0
6527,3,Internacional,10,2,66,82,,5,18,0,5,0
6527,3,Palmeiras,,5,34,,255,4,15,0,2,0
6528,3,Atletico-Mg,15,6,54,87,531,4,7,1,1,0
6528,3,Ceara,9,3,46,84,450,6,12,1,0,0
6529,3,Athletico-Pr,17,6,49,85,399,3,17,2,3,0
6529,3,Chapecoense,16,5,,85,384,8,16,1,1,0
6530,3,Flamengo,9,1,35,71,259,2,15,2,7,0
6530,3,Sao Paulo,22,11,65,87,456,6,16,0,1,0
6531,3,Botafogo-Rj,9,4,57,89,,7,10,0,0,0
6531,3,Fortaleza,14,3,43,87,,4,16,1,2,0
6532,3,Csa,10,3,28,66,250,2,11,1,1,0
6532,3,Santos,17,7,72,85,632,12,13,1,4,0
6533,3,Cruzeiro,20,6,61,87,519,5,14,1,1,0
6533,3,Goias,13,4,39,80,333,4,10,1,1,1
6534,3,Fluminense,17,12,48,83,490,8,10,0,1,0
6534,3,Gremio,13,7,52,86,544,8,8,0,2,0
6535,3,Avai,9,1,,,367,1,15,1,2,0
6535,3,Bahia,20,11,53,74,394,9,27,0,1,0
6536,4,Botafogo-Rj,9,3,36,81,305,3,12,4,5,0
6536,4,Fluminense,23,6,64,91,504,8,16,4,3,0
6537,4,Corinthians,11,4,48,81,474,3,13,0,2,0
6537,4,Gremio,8,2,52,83,,2,19,1,4,0
6538,4,Ceara,13,3,63,82,487,7,12,2,2,0
6538,4,Goias,12,6,37,79,295,2,20,2,2,0
6539,4,Chapecoense,20,7,43,89,362,4,9,1,3,0
6539,4,Flamengo,19,7,57,,,7,18,1,2,0
6540,4,Santos,23,8,56,79,435,8,18,1,2,0
6540,4,Vasco,15,5,44,75,346,5,11,5,3,1
6541,4,Atletico-Mg,0,0,,,0,0,0,0,0,0
6541,4,Palmeiras,0,0,,,0,0,0,0,0,0
6542,4,Cruzeiro,14,6,46,82,442,3,14,0,0,1
6542,4,Internacional,16,5,54,84,505,4,10,0,0,0
6543,4,Avai,,4,61,86,544,6,14,4,1,0
6543,4,Csa,4,1,39,73,376,0,18,0,2,0
6544,4,Athletico-Pr,18,9,63,87,539,8,13,3,2,0
6544,4,Bahia,13,4,37,79,309,6,14,2,3,0
6545,4,Fortaleza,12,3,53,87,478,6,12,2,2,0
6545,4,Sao Paulo,8,2,47,87,430,4,14,0,2,0
6546,5,Cruzeiro,4,3,46,80,442,2,12,1,2,0
6546,5,Fluminense,24,11,54,87,501,10,20,0,3,0
6547,5,Palmeiras,17,8,33,68,245,5,23,0,2,0
6547,5,Santos,13,4,67,83,479,5,19,1,4,0
6548,5,Atletico-Mg,11,5,33,73,255,2,11,0,3,1
6548,5,Flamengo,24,10,67,84,488,18,8,0,1,0
6549,5,Bahia,17,2,42,77,371,6,19,1,3,0
6549,5,Sao Paulo,11,3,58,86,512,4,9,3,1,1
6550,5,Csa,12,5,37,77,342,3,9,2,3,0
6550,5,Internacional,14,7,63,86,601,4,11,4,2,0
6551,5,Athletico-Pr,23,5,63,88,583,11,16,3,1,0
6551,5,Corinthians,4,2,37,81,362,3,12,1,4,0
6552,5,Botafogo-Rj,6,2,69,,571,3,14,0,3,0
6552,5,Goias,19,6,31,78,238,9,18,7,1,0
6553,5,Chapecoense,19,4,53,83,419,9,16,0,1,0
6553,5,Fortaleza,12,8,47,77,395,4,12,2,1,0
6554,5,Avai,18,6,49,75,348,10,14,3,2,0
6554,5,Vasco,11,2,51,75,368,5,16,3,1,0
6555,5,Ceara,,1,36,69,281,2,14,2,,0
6555,5,Gremio,17,4,,85,493,7,16,1,6,0
6556,6,Botafogo-Rj,8,2,63,84,,0,13,0,10,0
6556,6,Palmeiras,17,2,37,70,254,8,19,6,0,0
6557,6,Atletico-Mg,9,5,43,81,437,4,14,0,4,0
6557,6,Gremio,24,8,57,88,570,13,10,0,1,0
6558,6,Athletico-Pr,12,5,51,,412,2,21,0,3,0
6558,6,Flamengo,11,4,49,76,392,9,16,2,4,0
6559,6,Internacional,15,1,37,74,316,4,19,3,5,0
6559,6,Santos,,4,63,,517,7,19,0,5,0
6560,6,Fortaleza,12,3,62,88,539,2,9,0,1,0
6560,6,Vasco,14,2,38,83,337,5,12,0,2,0
6561,6,Chapecoense,10,5,35,71,313,2,11,0,3,0
6561,6,Cruzeiro,,3,65,84,559,8,13,1,1,0
6562,6,Bahia,10,5,33,75,303,3,9,0,2,0
6562,6,Fluminense,11,4,67,,603,3,10,2,2,1
6563,6,Corinthians,13,5,40,75,296,3,16,1,3,0
6563,6,Sao Paulo,9,1,60,78,438,4,14,3,4,0
6564,6,Csa,16,4,44,76,334,3,19,1,3,0
6564,6,Goias,15,5,56,79,412,9,10,0,1,0
6565,6,Avai,13,3,52,,417,3,21,2,4,0
6565,6,Ceara,9,4,48,72,399,0,15,1,3,0
6566,7,Flamengo,21,8,65,92,652,8,16,2,1,0
6566,7,Fortaleza,10,4,35,86,343,2,6,1,0,0
6567,7,Bahia,14,4,42,83,394,10,8,0,1,0
6567,7,Gremio,7,2,58,87,537,4,10,5,2,0
6568,7,Botafogo-Rj,8,1,56,84,469,4,15,1,2,0
6568,7,Vasco,18,2,44,,362,9,16,1,3,0
6569,7,Ceara,13,3,39,,301,2,14,0,2,0
6569,7,Santos,12,3,61,82,470,0,22,2,1,0
6570,7,Athletico-Pr,,6,56,87,457,6,20,1,1,0
6570,7,Fluminense,9,2,44,79,372,4,17,0,3,1
6571,7,Cruzeiro,14,4,60,84,567,9,12,4,3,0
6571,7,Sao Paulo,13,4,40,,369,5,15,0,2,1
6572,7,Atletico-Mg,27,7,72,90,771,11,2,2,0,0
6572,7,Csa,12,0,,79,304,2,11,0,3,0
6573,7,Chapecoense,18,4,55,81,410,3,14,1,2,0
6573,7,Palmeiras,14,6,45,77,356,5,21,0,5,0
6574,7,Avai,14,1,36,78,382,7,12,1,0,0
6574,7,Internacional,11,7,64,87,682,5,11,3,0,0
6575,7,Corinthians,,6,64,89,575,6,13,0,1,0
6575,7,Goias,,3,36,79,318,5,11,4,2,1
6576,8,Internacional,19,4,69,88,635,10,16,5,2,0
6576,8,Vasco,10,3,31,73,288,0,13,0,0,0
6577,8,Athletico-Pr,7,3,57,82,406,7,29,1,4,0
6577,8,Palmeiras,21,3,43,77,304,7,16,1,2,0
6578,8,Fortaleza,,2,34,78,343,1,7,0,4,1
6578,8,Gremio,12,4,66,,630,10,7,3,1,0
6579,8,Corinthians,5,1,55,86,538,5,13,1,1,0
6579,8,Cruzeiro,25,7,45,83,448,11,12,2,1,0
6580,8,Bahia,9,1,37,65,296,1,10,3,2,0
6580,8,Ceara,22,5,63,81,477,9,12,1,2,0
6581,8,Avai,11,1,37,65,302,4,17,1,5,0
6581,8,Sao Paulo,12,3,63,80,513,10,17,1,2,0
6582,8,Botafogo-Rj,13,7,61,89,520,2,10,0,1,0
6582,8,Csa,21,5,39,84,328,8,20,3,2,0
6583,8,Flamengo,11,2,36,79,339,2,17,0,3,0
6583,8,Fluminense,18,6,64,88,,5,14,1,2,0
6584,8,Atletico-Mg,12,4,,75,383,5,14,1,2,0
6584,8,Santos,24,5,59,87,532,4,12,0,1,0
6585,8,Chapecoense,,2,49,81,350,6,17,0,0,1
6585,8,Goias,17,7,51,80,353,6,14,0,2,0
6586,9,Botafogo-Rj,7,3,47,87,463,4,9,1,1,0
6586,9,Gremio,14,5,53,87,515,7,11,4,2,0
6587,9,Cruzeiro,12,4,54,86,426,5,15,2,6,0
6587,9,Fortaleza,11,4,46,81,354,6,10,1,0,1
6588,9,Bahia,19,2,55,86,593,3,7,0,1,0
6588,9,Internacional,14,7,45,83,506,3,11,0,1,0
6589,9,Csa,10,2,34,69,276,3,13,1,3,0
6589,9,Flamengo,24,11,66,85,515,12,10,2,,0
6590,9,Corinthians,2,0,47,76,413,3,13,1,4,0
6590,9,Santos,19,4,53,80,461,2,16,2,4,0
6591,9,Ceara,8,1,47,80,426,1,15,3,2,0
6591,9,Vasco,18,11,53,82,484,5,14,2,0,0
6592,9,Chapecoense,15,4,35,78,,5,12,1,2,0
6592,9,Fluminense,10,3,65,89,549,3,21,1,,1
6593,9,Avai,8,2,47,81,379,1,18,1,1,0
6593,9,Palmeiras,14,6,53,78,421,9,13,1,1,0
6594,9,Atletico-Mg,20,8,69,87,721,12,13,0,2,0
6594,9,Sao Paulo,9,3,31,75,318,5,17,0,4,0
6595,9,Athletico-Pr,0,0,,,0,0,0,0,0,0
6595,9,Goias,0,0,,,0,0,0,0,0,0
6596,10,Gremio,11,6,71,88,622,4,18,2,2,0
6596,10,Vasco,10,5,29,71,255,6,12,1,4,0
6597,10,Avai,15,5,60,86,513,13,12,1,2,0
6597,10,Fortaleza,14,6,40,83,,5,15,0,2,0
6598,10,Bahia,12,2,38,74,330,5,13,0,2,0
6598,10,Santos,17,6,,84,527,7,11,1,3,0
6599,10,Palmeiras,15,5,55,80,406,5,18,4,3,0
6599,10,Sao Paulo,14,10,45,77,333,8,19,0,3,0
6600,10,Flamengo,30,16,74,89,561,11,8,0,1,0
6600,10,Goias,7,2,26,70,202,0,9,3,2,0
6601,10,Corinthians,27,8,67,,549,16,2,1,2,0
6601,10,Csa,4,1,33,,296,1,18,0,6,0
6602,10,Athletico-Pr,17,6,61,85,460,6,15,2,3,0
6602,10,Internacional,12,4,39,78,303,2,16,3,,0
6603,10,Botafogo-Rj,8,1,58,88,640,3,8,0,0,0
6603,10,Cruzeiro,,1,42,87,454,5,11,3,0,0
6604,10,Atletico-Mg,21,7,62,80,439,10,16,2,5,0
6604,10,Chapecoense,15,3,38,70,264,5,20,2,3,0
6605,10,Ceara,9,5,29,72,265,5,15,2,2,0
6605,10,Fluminense,23,7,71,87,628,14,11,1,2,0
6606,11,Fluminense,5,2,56,85,499,2,22,1,2,2
6606,11,Vasco,16,5,44,83,391,3,25,4,4,0
6607,11,Bahia,12,1,58,87,517,5,17,1,1,1
6607,11,Cruzeiro,12,5,42,79,384,5,8,2,1,0
6608,11,Ceara,9,4,42,77,286,3,26,1,3,0
6608,11,Palmeiras,21,6,58,83,374,9,13,1,2,0
6609,11,Athletico-Pr,0,0,,,0,0,0,0,0,0
6609,11,Csa,0,0,,,0,0,0,0,0,0
6610,11,Gremio,10,3,58,82,570,2,14,0,2,0
6610,11,Internacional,11,4,42,79,415,1,13,0,3,0
6611,11,Botafogo-Rj,,1,51,85,441,9,12,1,1,1
6611,11,Santos,13,4,49,84,445,2,14,1,2,1
6612,11,Atletico-Mg,19,7,52,84,409,3,15,0,1,0
6612,11,Fortaleza,10,4,48,80,385,2,12,0,4,0
6613,11,Corinthians,14,3,44,79,318,4,20,2,1,0
6613,11,Flamengo,6,3,56,80,410,5,17,0,3,1
6614,11,Avai,15,3,62,,,5,16,1,4,0
6614,11,Goias,11,3,38,,304,3,19,0,2,0
6615,11,Chapecoense,8,2,51,82,405,3,19,3,3,0
6615,11,Sao Paulo,19,6,49,79,400,5,29,0,1,0
6616,12,Palmeiras,15,4,55,,386,3,22,1,1,0
6616,12,Vasco,6,1,45,77,321,4,22,0,4,0
6617,12,Athletico-Pr,0,0,,,0,0,0,0,0,0
6617,12,Cruzeiro,0,0,,,,0,0,0,0,0
6618,12,Fluminense,14,4,72,89,660,4,20,0,1,0
6618,12,Sao  Paulo,13,5,28,78,264,2,14,0,3,0
6619,12,Ceara,9,2,45,75,408,6,12,0,3,0
6619,12,Internacional,11,5,55,82,490,6,11,1,3,0
6620,12,Bahia,16,7,,74,411,5,15,1,1,0
6620,12,Chapecoense,16,4,47,76,360,10,16,0,1,0
6621,12,Botafogo-Rj,12,3,37,76,290,4,16,3,2,0
6621,12,Flamengo,15,5,63,86,488,5,23,0,5,0
6622,12,Avai,11,4,40,73,308,4,13,0,2,0
6622,12,Santos,18,10,,81,435,15,9,4,2,0
6623,12,Atletico-Mg,11,0,55,87,486,4,9,3,0,0
6623,12,Goias,16,2,45,,397,7,14,1,1,0
6624,12,Corinthians,14,5,52,87,450,1,16,1,1,0
6624,12,Fortaleza,14,3,,87,408,1,18,2,2,0
6625,12,Csa,10,2,40,82,350,2,13,0,4,0
6625,12,Gremio,15,0,60,85,526,6,13,2,2,0
6626,13,Ceara,11,4,35,62,229,8,14,4,3,0
6626,13,Fortaleza,11,4,65,81,,4,16,2,0,1
6627,13,Fluminense,22,6,61,,640,8,8,0,1,0
6627,13,Internacional,15,4,,83,,5,12,0,2,0
6628,13,Goias,,2,,79,311,6,8,1,4,0
6628,13,Santos,19,10,62,84,500,6,15,4,3,0
6629,13,Avai,30,4,60,85,507,16,12,3,2,1
6629,13,Botafogo-Rj,9,5,40,78,368,1,11,0,1,0
6630,13,Bahia,10,7,31,65,273,4,18,4,1,1
6630,13,Flamengo,13,1,69,,582,7,14,2,1,0
6631,13,Corinthians,9,7,50,79,371,3,11,1,1,0
6631,13,Palmeiras,8,6,50,77,373,5,24,3,3,0
6632,13,Csa,,2,43,72,395,5,14,1,1,0
6632,13,Vasco,18,2,57,83,,8,13,0,4,0
6633,13,Atletico-Mg,,6,38,82,359,6,19,0,2,0
6633,13,Cruzeiro,14,4,62,88,595,6,13,2,3,0
6634,13,Chapecoense,9,4,31,71,268,3,16,0,3,0
6634,13,Gremio,23,9,69,88,583,11,17,3,4,0
6635,13,Athletico-Pr,0,0,,,,0,0,0,0,0
6635,13,Sao Paulo,0,0,,,0,0,0,0,0,0
6636,14,Ceara,8,5,39,79,292,2,20,4,3,0
6636,14,Chapecoense,14,3,61,83,459,4,11,1,2,0
6637,14,Santos,14,3,58,76,367,2,15,1,1,0
6637,14,Sao Paulo,20,7,42,71,263,5,21,1,6,0
6638,14,Flamengo,18,5,,86,506,4,14,0,4,0
6638,14,Gremio,7,2,42,82,380,3,15,1,2,0
6639,14,Atletico-Mg,19,9,41,80,373,3,14,4,4,0
6639,14,Fluminense,21,7,59,87,527,5,13,2,2,1
6640,14,Corinthians,8,1,44,78,,3,8,0,2,0
6640,14,Internacional,7,1,56,84,551,9,16,3,3,0
6641,14,Bahia,,4,59,84,428,3,19,1,3,1
6641,14,Palmeiras,17,9,41,78,287,8,15,1,6,1
6642,14,Avai,13,3,49,75,360,5,15,3,4,1
6642,14,Cruzeiro,14,6,51,77,386,1,15,2,1,1
6643,14,Athletico-Pr,17,8,,80,426,7,12,0,1,0
6643,14,Botafogo-Rj,13,6,46,,367,7,11,1,3,0
6644,14,Goias,19,5,55,,420,3,14,2,4,0
6644,14,Vasco,12,5,45,74,350,4,22,1,3,1
6645,14,Csa,16,5,52,87,470,2,19,3,3,0
6645,14,Fortaleza,6,3,48,85,450,3,13,4,1,0
6646,15,Botafogo-Rj,8,3,57,89,545,2,13,2,3,0
6646,15,Corinthians,18,9,,87,393,7,17,2,2,0
6647,15,Fortaleza,15,4,55,87,485,7,14,0,1,1
6647,15,Internacional,7,2,45,,413,0,14,4,2,0
6648,15,Flamengo,17,10,58,87,491,7,18,0,3,0
6648,15,Vasco,11,6,42,82,347,7,12,0,0,0
6649,15,Athletico-Pr,0,0,,,0,0,0,0,0,0
6649,15,Atletico-Mg,0,0,,,0,0,0,0,0,0
6650,15,Gremio,14,3,68,89,634,3,13,0,0,0
6650,15,Palmeiras,15,7,32,79,304,2,14,1,0,0
6651,15,Csa,5,3,32,72,344,1,16,1,2,0
6651,15,Fluminense,33,12,68,91,686,7,7,1,1,0
6652,15,Ceara,10,5,41,72,316,11,16,0,2,0
6652,15,Sao Paulo,12,6,59,82,463,5,12,4,3,0
6653,15,Bahia,14,3,,81,436,6,7,1,2,1
6653,15,Goias,11,4,53,81,471,6,13,1,3,0
6654,15,Cruzeiro,21,10,66,92,,8,16,1,2,0
6654,15,Santos,4,2,34,83,297,4,7,1,0,1
6655,15,Avai,5,0,59,77,449,3,15,2,0,0
6655,15,Chapecoense,12,1,41,68,317,5,25,2,,0
6656,16,Atletico-Mg,21,7,57,82,501,6,17,1,0,0
6656,16,Bahia,6,5,43,75,391,3,16,0,2,0
6657,16,Athletico-Pr,0,0,,,0,0,0,0,0,0
6657,16,Gremio,0,0,,,0,0,0,0,0,0
6658,16,Goias,7,4,26,68,203,5,9,0,2,1
6658,16,Internacional,11,5,74,88,611,5,14,3,2,0
6659,16,Sao Paulo,3,1,48,83,449,1,16,2,3,1
6659,16,Vasco,18,7,52,85,,2,19,0,4,0
6660,16,Fortaleza,9,5,39,77,,5,22,0,3,0
6660,16,Santos,17,10,61,86,486,3,14,1,3,0
6661,16,Ceara,16,4,52,82,412,9,11,4,3,0
6661,16,Flamengo,10,5,48,80,404,2,14,3,0,0
6662,16,Avai,12,2,48,78,399,4,19,2,0,1
6662,16,Corinthians,8,4,52,78,420,2,15,2,1,1
6663,16,Cruzeiro,,6,53,86,497,4,14,1,3,0
6663,16,Csa,18,3,47,86,441,6,17,3,3,0
6664,16,Botafogo-Rj,15,2,61,84,450,5,13,0,2,0
6664,16,Chapecoense,15,5,39,69,,4,16,2,1,0
6665,16,Fluminense,12,1,54,87,463,7,11,2,2,0
6665,16,Palmeiras,15,8,46,83,406,3,12,0,0,0
6666,17,Gremio,7,3,45,79,426,5,9,0,1,0
6666,17,Sao Paulo,19,4,55,81,496,5,10,0,0,1
6667,17,Bahia,15,7,67,84,538,8,15,0,1,0
6667,17,Csa,8,2,33,69,285,2,17,3,1,0
6668,17,Chapecoense,8,5,52,,399,5,17,1,2,0
6668,17,Santos,,4,48,80,386,5,19,3,4,0
6669,17,Athletico-Pr,11,4,,82,534,10,14,0,1,0
6669,17,Ceara,9,5,31,61,,4,15,2,3,0
6670,17,Botafogo-Rj,17,7,51,85,496,1,6,1,4,0
6670,17,Internacional,16,9,49,83,485,8,10,0,4,0
6671,17,Flamengo,12,4,66,90,658,1,15,0,2,0
6671,17,Palmeiras,2,0,34,79,341,1,16,3,2,1
6672,17,Fortaleza,,3,52,82,389,5,21,0,3,0
6672,17,Goias,7,2,48,81,365,3,14,4,1,1
6673,17,Cruzeiro,11,3,57,,501,3,14,2,3,0
6673,17,Vasco,12,2,43,83,364,11,15,1,4,0
6674,17,Atletico-Mg,,5,55,86,607,4,14,1,1,0
6674,17,Corinthians,14,5,45,86,484,10,9,0,0,0
6675,17,Avai,7,2,39,78,344,2,15,0,1,0
6675,17,Fluminense,26,10,61,88,509,12,14,0,3,0
6676,18,Bahia,9,3,43,71,354,3,19,1,1,0
6676,18,Vasco,21,4,57,82,453,4,15,2,3,0
6677,18,Ceara,12,6,39,81,320,8,10,2,1,0
6677,18,Corinthians,13,2,61,86,508,5,9,2,1,0
6678,18,Avai,8,2,41,81,378,4,15,1,1,1
6678,18,Flamengo,9,5,59,86,540,8,9,1,2,0
6679,18,Fluminense,9,4,54,86,472,4,15,4,2,0
6679,18,Fortaleza,18,8,46,86,413,5,13,2,1,0
6680,18,Internacional,13,4,51,81,445,9,14,3,1,0
6680,18,Sao Paulo,9,4,49,77,,2,16,1,5,0
6681,18,Goias,9,2,34,74,276,3,11,1,5,0
6681,18,Palmeiras,18,9,66,83,516,7,21,2,0,1
6682,18,Cruzeiro,19,8,52,,571,7,11,0,2,0
6682,18,Gremio,12,4,48,,533,2,10,0,1,0
6683,18,Athletico-Pr,9,4,38,68,289,3,15,1,6,0
6683,18,Santos,22,11,62,77,437,11,8,1,3,0
6684,18,Atletico-Mg,18,6,53,88,482,8,14,4,2,1
6684,18,Botafogo-Rj,11,6,47,84,435,2,14,2,4,0
6685,18,Chapecoense,15,3,52,72,320,7,14,0,1,2
6685,18,Csa,10,4,48,76,312,3,22,3,3,0
6686,19,Flamengo,12,2,52,70,379,3,20,1,2,0
6686,19,Santos,6,0,48,74,349,1,24,3,5,0
6687,19,Chapecoense,19,7,56,81,400,7,14,0,2,0
6687,19,Vasco,15,8,44,77,334,5,22,1,5,0
6688,19,Cruzeiro,7,3,42,77,351,4,19,0,3,0
6688,19,Palmeiras,13,3,,86,461,4,20,1,2,0
6689,19,Botafogo-Rj,3,0,61,87,570,0,5,0,1,0
6689,19,Ceara,23,6,39,,347,18,11,5,1,0
6690,19,Athletico-Pr,0,0,,,0,0,0,0,0,0
6690,19,Avai,,0,,,0,0,0,0,0,0
6691,19,Atletico-Mg,25,11,61,88,659,10,6,0,0,0
6691,19,Internacional,15,9,39,83,435,0,14,1,1,0
6692,19,Bahia,11,3,54,,383,5,16,5,1,0
6692,19,Fortaleza,9,1,46,77,336,7,11,0,,0
6693,19,Goias,12,4,36,84,365,4,10,0,1,0
6693,19,Gremio,22,10,64,88,,15,10,1,0,0
6694,19,Corinthians,13,3,,88,439,6,12,1,1,0
6694,19,Fluminense,,2,,84,429,3,19,2,4,0
6695,19,Csa,7,2,28,57,206,3,16,1,3,0
6695,19,Sao Paulo,33,6,72,86,523,11,14,3,1,0
6696,20,Botafogo-Rj,14,5,54,82,442,1,14,2,3,0
6696,20,Sao Paulo,17,7,46,,383,11,23,2,1,0
6697,20,Cruzeiro,9,3,41,80,351,1,9,3,2,0
6697,20,Flamengo,13,5,59,85,487,4,14,0,2,0
6698,20,Bahia,9,3,51,84,419,3,15,1,4,0
6698,20,Corinthians,15,3,49,83,396,4,12,2,2,0
6699,20,Gremio,12,6,42,74,346,2,15,0,4,0
6699,20,Santos,18,5,58,82,468,9,13,0,1,0
6700,20,Chapecoense,8,2,36,71,303,3,19,0,4,0
6700,20,Internacional,14,3,64,84,527,8,12,3,0,0
6701,20,Fortaleza,12,1,,78,346,5,16,1,4,0
6701,20,Palmeiras,14,3,57,83,459,5,11,4,1,0
6702,20,Ceara,23,9,55,79,399,11,9,1,2,0
6702,20,Csa,12,5,45,,322,6,20,4,1,0
6703,20,Athletico-Pr,0,0,,,,0,0,0,0,0
6703,20,Vasco,0,0,,,,0,0,0,0,0
6704,20,Fluminense,8,2,72,87,572,8,10,1,,0
6704,20,Goias,11,5,28,77,231,4,16,1,4,1
6705,20,Atletico-Mg,14,4,64,,558,10,14,1,1,0
6705,20,Avai,11,7,36,72,318,4,11,2,3,0
6706,21,Ceara,19,8,46,75,402,8,18,1,2,0
6706,21,Cruzeiro,14,3,54,78,461,3,17,2,3,0
6707,21,Bahia,19,3,58,86,509,5,17,0,,0
6707,21,Botafogo-Rj,3,1,42,80,377,1,9,1,0,1
6708,21,Flamengo,21,7,73,88,594,6,16,1,1,0
6708,21,Internacional,3,2,27,72,232,1,6,3,1,2
6709,21,Goias,,3,27,60,212,0,24,0,4,0
6709,21,Sao Paulo,13,4,73,83,543,10,21,4,2,0
6710,21,Csa,11,4,,82,295,2,13,0,1,0
6710,21,Palmeiras,17,11,70,91,694,5,13,0,0,0
6711,21,Fluminense,13,3,47,80,418,1,12,2,2,2
6711,21,Santos,19,7,,83,467,5,15,1,2,1
6712,21,Avai,11,4,48,89,538,2,9,0,1,0
6712,21,Gremio,11,8,52,89,585,6,18,0,1,0
6713,21,Athletico-Pr,20,9,66,89,607,11,11,0,3,0
6713,21,Fortaleza,11,3,34,79,321,7,8,1,0,0
6714,21,Atletico-Mg,14,3,55,80,404,5,18,1,3,0
6714,21,Vasco,16,5,45,78,338,7,22,2,2,0
6715,21,Chapecoense,,4,55,79,397,9,19,1,3,0
6715,21,Corinthians,12,2,45,75,336,7,15,2,2,0
6716,22,Flamengo,17,8,62,84,531,9,20,2,3,0
6716,22,Sao Paulo,8,1,38,73,334,2,27,3,4,0
6717,22,Corinthians,10,7,55,81,455,5,16,2,3,0
6717,22,Vasco,15,2,45,78,382,2,23,4,5,0
6718,22,Csa,9,2,37,76,338,4,12,2,2,0
6718,22,Santos,12,5,63,87,572,10,13,1,0,1
6719,22,Internacional,18,6,54,85,,3,28,0,3,0
6719,22,Palmeiras,12,5,46,,403,3,17,1,2,0
6720,22,Fluminense,12,5,47,85,481,2,17,0,1,0
6720,22,Gremio,15,4,53,87,531,6,9,1,4,0
6721,22,Athletico-Pr,0,0,,,0,0,0,0,0,0
6721,22,Chapecoense,0,0,,,0,0,0,0,0,0
6722,22,Atletico-Mg,25,6,62,85,515,5,13,0,0,0
6722,22,Ceara,8,1,38,73,315,8,12,1,2,0
6723,22,Avai,14,4,56,82,481,7,16,4,1,0
6723,22,Bahia,,2,44,76,393,5,16,1,2,0
6724,22,Botafogo-Rj,6,2,55,84,502,1,12,1,2,0
6724,22,Fortaleza,16,3,45,85,,5,15,1,3,0
6725,22,Cruzeiro,11,1,67,83,,9,19,2,3,0
6725,22,Goias,8,2,33,66,252,0,20,0,0,0
6726,23,Santos,8,4,58,,423,2,17,1,2,1
6726,23,Vasco,16,2,42,73,285,8,15,1,4,0
6727,23,Fortaleza,7,2,38,80,300,3,14,0,2,0
6727,23,Sao Paulo,19,8,62,89,478,9,15,0,3,0
6728,23,Corinthians,13,2,35,81,338,5,12,0,2,0
6728,23,Gremio,,4,65,88,609,10,12,3,3,0
6729,23,Athletico-Pr,13,5,54,83,491,4,14,1,3,0
6729,23,Bahia,14,4,46,83,413,4,9,1,2,0
6730,23,Cruzeiro,16,5,53,81,470,3,18,0,5,0
6730,23,Internacional,12,2,47,82,440,3,14,1,3,0
6731,23,Chapecoense,5,1,36,65,298,1,16,3,1,0
6731,23,Flamengo,24,5,64,82,520,8,20,2,0,0
6732,23,Ceara,23,5,58,85,411,15,7,2,1,0
6732,23,Goias,9,3,42,72,,9,12,1,0,0
6733,23,Atletico-Mg,11,5,33,,254,2,20,1,4,0
6733,23,Palmeiras,19,7,67,88,506,17,12,2,3,0
6734,23,Botafogo-Rj,11,5,46,79,410,5,20,3,4,0
6734,23,Fluminense,12,5,54,86,481,2,20,3,1,0
6735,23,Avai,17,1,71,88,593,8,11,1,3,0
6735,23,Csa,15,6,29,72,242,4,10,1,3,0
6736,24,Csa,14,4,30,71,259,3,16,0,2,0
6736,24,Internacional,14,2,70,88,593,11,9,4,2,0
6737,24,Botafogo-Rj,,7,43,76,348,5,29,2,4,0
6737,24,Goias,,4,57,83,446,5,18,1,2,0
6738,24,Chapecoense,16,5,47,83,397,6,17,1,2,0
6738,24,Fortaleza,10,5,53,84,446,2,18,4,4,0
6739,24,Bahia,14,6,40,82,378,3,10,3,2,0
6739,24,Sao Paulo,8,2,60,,565,5,15,2,1,0
6740,24,Ceara,10,5,31,76,293,4,19,1,3,0
6740,24,Gremio,11,4,69,,,4,11,1,0,0
6741,24,Cruzeiro,,8,51,77,459,2,17,3,4,0
6741,24,Fluminense,9,0,49,80,460,5,18,0,3,0
6742,24,Palmeiras,13,3,43,,364,3,13,0,2,1
6742,24,Santos,,6,57,88,474,2,16,3,1,0
6743,24,Athletico-Pr,0,0,,,0,0,0,0,0,0
6743,24,Corinthians,0,0,,,0,0,0,0,0,0
6744,24,Avai,16,2,,83,505,7,18,0,1,0
6744,24,Vasco,12,4,44,78,419,6,11,1,1,0
6745,24,Atletico-Mg,5,2,33,72,318,2,9,1,3,0
6745,24,Flamengo,19,6,67,89,630,9,10,0,0,0
6746,25,Csa,8,2,51,78,376,2,21,1,3,0
6746,25,Goias,14,3,49,77,365,4,17,2,2,0
6747,25,Bahia,17,6,51,84,447,7,15,0,1,0
6747,25,Fluminense,13,3,49,82,434,4,11,1,0,0
6748,25,Botafogo-Rj,6,0,51,,422,2,13,0,2,0
6748,25,Palmeiras,18,7,49,80,413,7,22,2,2,0
6749,25,Internacional,13,1,,81,420,9,16,8,2,0
6749,25,Santos,11,3,54,81,492,3,18,2,3,0
6750,25,Athletico-Pr,0,0,,,0,0,0,0,0,0
6750,25,Flamengo,0,0,,,0,0,0,0,0,0
6751,25,Avai,,5,43,76,368,0,16,3,3,0
6751,25,Ceara,,6,57,,449,11,16,2,1,0
6752,25,Fortaleza,,2,,78,301,3,19,1,3,1
6752,25,Vasco,16,5,59,80,406,10,14,1,2,0
6753,25,Corinthians,3,2,45,85,,1,10,0,1,0
6753,25,Sao  Paulo,17,3,55,88,568,2,9,2,0,0
6754,25,Atletico-Mg,,4,43,78,394,4,17,0,4,1
6754,25,Gremio,14,6,57,85,526,4,8,2,1,0
6755,25,Chapecoense,22,8,61,83,484,9,12,0,1,0
6755,25,Cruzeiro,18,6,39,78,331,7,13,0,1,0
6756,26,Atletico-Mg,21,7,58,84,498,7,13,0,2,1
6756,26,Csa,10,5,42,82,358,1,18,2,3,0
6757,26,Bahia,13,6,37,,337,6,15,0,2,0
6757,26,Gremio,18,6,63,90,554,10,13,1,3,0
6758,26,Flamengo,11,4,70,87,462,12,16,2,3,0
6758,26,Fortaleza,,3,30,69,203,4,8,2,1,0
6759,26,Cruzeiro,11,2,40,80,363,4,18,3,2,0
6759,26,Sao Paulo,8,2,60,84,558,2,16,1,2,0
6760,26,Chapecoense,,2,28,59,222,4,14,0,3,1
6760,26,Palmeiras,30,8,72,86,547,12,15,5,1,0
6761,26,Corinthians,17,5,56,84,411,5,16,0,4,0
6761,26,Goias,20,4,44,76,305,5,10,2,2,2
6762,26,Botafogo-Rj,10,3,64,83,485,7,11,2,0,0
6762,26,Vasco,16,8,36,74,275,3,15,1,1,0
6763,26,Avai,17,6,29,75,273,6,7,0,1,1
6763,26,Internacional,26,10,,89,675,8,16,2,3,0
6764,26,Ceara,11,3,32,69,228,7,11,2,4,0
6764,26,Santos,16,4,68,84,493,5,15,3,3,0
6765,26,Athletico-Pr,0,0,,,0,0,0,0,0,0
6765,26,Fluminense,0,0,,,,0,0,0,0,0
6766,27,Fortaleza,10,5,40,80,341,1,13,1,4,0
6766,27,Gremio,13,4,60,88,504,8,17,0,1,1
6767,27,Corinthians,13,4,55,85,,4,15,0,3,0
6767,27,Cruzeiro,14,5,,75,394,4,18,0,1,0
6768,27,Internacional,19,7,71,88,605,12,14,2,3,0
6768,27,Vasco,9,3,29,73,250,3,12,0,1,0
6769,27,Avai,6,1,22,62,206,0,11,1,1,1
6769,27,Sao Paulo,22,7,78,89,682,12,23,2,4,0
6770,27,Atletico-Mg,9,4,30,68,224,3,24,1,3,0
6770,27,Santos,11,1,70,83,504,7,14,1,4,0
6771,27,Flamengo,16,7,47,81,364,10,23,0,3,0
6771,27,Fluminense,10,4,53,86,408,7,13,1,5,0
6772,27,Chapecoense,12,4,49,81,,6,23,1,2,0
6772,27,Goias,21,8,51,82,314,9,14,2,5,0
6773,27,Athletico-Pr,14,6,53,,432,2,23,0,1,0
6773,27,Palmeiras,8,2,47,80,407,1,11,4,2,0
6774,27,Bahia,12,4,48,77,384,6,14,4,2,0
6774,27,Ceara,13,6,52,,405,17,11,1,3,0
6775,27,Botafogo-Rj,17,5,,88,389,4,18,2,2,0
6775,27,Csa,8,3,57,87,511,3,16,2,1,1
6776,28,Corinthians,14,5,36,72,285,4,20,0,3,0
6776,28,Santos,19,3,64,82,502,3,12,5,1,0
6777,28,Ceara,17,4,,84,544,11,11,3,3,0
6777,28,Vasco,8,3,36,75,321,3,14,0,3,0
6778,28,Bahia,13,5,56,78,470,6,16,1,1,0
6778,28,Internacional,17,6,44,79,,4,11,2,5,0
6779,28,Chapecoense,13,5,32,70,258,5,14,0,4,0
6779,28,Fluminense,26,8,,86,563,5,11,0,1,0
6780,28,Cruzeiro,0,0,,,0,0,0,0,0,0
6780,28,Fortaleza,0,0,,,,0,0,0,0,0
6781,28,Athletico-Pr,0,0,,,0,0,0,0,0,0
6781,28,Goias,0,0,,,0,0,0,0,0,0
6782,28,Botafogo-Rj,9,2,47,86,441,7,9,0,2,0
6782,28,Gremio,21,10,53,86,497,5,13,1,3,0
6783,28,Atletico-Mg,9,3,39,79,353,6,11,4,0,0
6783,28,Sao Paulo,16,6,61,85,543,6,9,3,0,0
6784,28,Avai,11,6,37,65,266,6,18,0,3,0
6784,28,Palmeiras,16,4,63,82,463,5,17,2,2,0
6785,28,Csa,7,4,36,82,351,2,13,5,2,0
6785,28,Flamengo,18,7,64,90,605,6,20,1,1,0
6786,29,Palmeiras,19,8,31,75,267,6,12,1,0,0
6786,29,Sao Paulo,14,4,69,87,581,3,14,0,0,0
6787,29,Avai,11,3,51,83,,3,20,0,4,1
6787,29,Fortaleza,11,6,49,,448,4,10,0,1,0
6788,29,Atletico-Mg,20,1,,81,475,18,15,2,3,0
6788,29,Chapecoense,10,3,29,,207,2,10,0,3,0
6789,29,Ceara,10,5,28,78,275,4,12,1,1,0
6789,29,Fluminense,21,4,,87,686,10,8,2,1,0
6790,29,Gremio,9,4,57,83,496,4,13,0,2,0
6790,29,Vasco,16,1,43,80,363,10,9,0,2,0
6791,29,Corinthians,12,2,56,85,469,3,10,2,2,0
6791,29,Csa,10,5,44,81,371,5,17,1,6,0
6792,29,Bahia,3,1,38,70,290,0,26,1,3,0
6792,29,Santos,19,5,62,84,450,4,17,3,5,0
6793,29,Flamengo,12,6,63,80,386,9,15,0,3,1
6793,29,Goias,18,4,37,70,227,3,18,4,,0
6794,29,Athletico-Pr,10,3,45,78,405,5,22,0,2,0
6794,29,Internacional,14,4,55,81,484,3,14,1,3,0
6795,29,Botafogo-Rj,20,4,57,80,406,12,15,1,1,0
6795,29,Cruzeiro,6,3,43,69,328,4,15,1,3,0
6796,30,Atletico-Mg,16,6,41,78,290,7,19,2,2,1
6796,30,Fortaleza,18,6,59,85,433,7,18,1,3,0
6797,30,Fluminense,20,4,67,87,610,8,7,2,2,0
6797,30,Vasco,12,1,33,,308,3,12,1,3,0
6798,30,Ceara,,5,44,86,395,5,19,2,2,0
6798,30,Palmeiras,9,2,,88,493,7,14,2,2,0
6799,30,Chapecoense,27,8,,85,313,6,19,0,2,0
6799,30,Sao Paulo,12,6,,89,528,2,11,2,2,0
6800,30,Corinthians,7,4,31,72,293,2,10,2,1,0
6800,30,Flamengo,16,5,69,88,636,8,12,1,0,0
6801,30,Athletico-Pr,0,0,,,0,0,0,0,0,0
6801,30,Csa,0,0,,,0,0,0,0,0,0
6802,30,Gremio,,9,59,87,518,5,16,1,2,0
6802,30,Internacional,,0,,81,359,3,16,0,2,1
6803,30,Botafogo-Rj,13,6,37,70,,8,8,0,0,0
6803,30,Santos,23,12,63,83,480,9,16,1,1,0
6804,30,Bahia,13,3,36,77,270,5,11,3,0,0
6804,30,Cruzeiro,17,5,64,89,489,3,16,4,2,1
6805,30,Avai,12,4,52,81,,3,19,0,,0
6805,30,Goias,23,6,48,80,354,4,19,0,1,0
6806,31,Corinthians,15,6,59,88,559,2,18,1,2,0
6806,31,Fortaleza,15,8,41,85,388,6,9,1,3,0
6807,31,Atletico-Mg,26,11,53,80,380,10,15,4,0,0
6807,31,Goias,7,3,47,,350,8,16,1,2,0
6808,31,Avai,13,4,47,76,359,8,19,0,4,1
6808,31,Santos,9,3,53,78,412,6,11,2,2,1
6809,31,Athletico-Pr,0,0,,,0,0,0,0,0,0
6809,31,Cruzeiro,0,0,,,0,0,0,0,0,0
6810,31,Palmeiras,20,6,,78,374,6,27,1,4,0
6810,31,Vasco,8,3,45,72,309,3,17,1,7,1
6811,31,Bahia,23,7,67,84,483,6,20,3,1,0
6811,31,Chapecoense,7,2,33,68,247,4,16,1,3,0
6812,31,Ceara,9,4,40,80,413,6,8,3,2,0
6812,31,Internacional,,3,60,87,,4,11,1,2,0
6813,31,Fluminense,5,4,43,86,475,2,16,1,1,0
6813,31,Sao Paulo,21,4,57,89,612,2,6,0,2,0
6814,31,Botafogo-Rj,6,2,29,57,207,1,16,0,4,1
6814,31,Flamengo,18,3,71,86,497,10,14,0,2,0
6815,31,Csa,9,3,35,86,354,3,16,1,2,0
6815,31,Gremio,19,3,65,92,,11,15,0,3,0
6816,32,Goias,9,2,43,78,344,5,19,2,4,0
6816,32,Santos,,11,57,82,444,4,16,3,2,0
6817,32,Corinthians,7,2,54,79,394,2,18,0,1,0
6817,32,Palmeiras,21,7,46,78,323,9,12,3,2,0
6818,32,Fluminense,14,5,,86,621,3,9,0,2,0
6818,32,Internacional,15,5,39,81,408,4,16,1,3,0
6819,32,Atletico-Mg,17,0,41,76,302,8,12,0,1,0
6819,32,Cruzeiro,16,2,59,79,426,4,9,1,1,0
6820,32,Athletico-Pr,0,0,,,0,0,0,0,0,0
6820,32,Sao Paulo,0,0,,,0,0,0,0,0,0
6821,32,Bahia,9,2,33,68,278,2,11,0,0,0
6821,32,Flamengo,21,8,67,85,526,11,10,3,1,0
6822,32,Chapecoense,17,2,48,89,425,5,10,0,2,0
6822,32,Gremio,7,2,52,87,477,2,13,0,2,0
6823,32,Ceara,15,3,64,84,,8,17,0,4,0
6823,32,Fortaleza,9,2,36,,283,3,13,0,4,0
6824,32,Csa,20,5,59,86,472,5,17,4,1,1
6824,32,Vasco,8,6,41,82,337,3,18,0,2,0
6825,32,Avai,17,5,63,85,502,4,16,1,2,1
6825,32,Botafogo-Rj,17,4,37,78,295,4,19,1,4,0
6826,34,Flamengo,11,4,68,84,513,5,23,0,6,0
6826,34,Vasco,9,6,32,71,245,4,25,1,5,0
6827,34,Cruzeiro,9,2,43,78,356,4,19,1,2,0
6827,34,Santos,25,11,57,,456,10,16,4,2,0
6828,34,Gremio,7,3,61,85,609,4,14,1,3,0
6828,34,Palmeiras,17,6,39,78,376,4,14,1,2,0
6829,34,Athletico-Pr,0,0,,,0,0,0,0,0,0
6829,34,Atletico-Mg,0,0,,,0,0,0,0,0,0
6830,34,Bahia,10,3,,78,415,5,23,0,2,0
6830,34,Goias,13,5,47,82,367,4,14,2,2,0
6831,34,Botafogo-Rj,8,5,28,64,239,2,11,2,4,0
6831,34,Corinthians,25,5,72,88,597,8,19,2,2,0
6832,34,Ceara,18,6,49,,434,13,12,0,3,0
6832,34,Sao  Paulo,6,2,51,83,479,5,16,0,1,0
6833,34,Fortaleza,6,3,,79,366,3,12,3,2,0
6833,34,Internacional,23,6,61,,539,9,16,0,4,0
6834,34,Avai,,2,58,83,490,4,11,0,0,1
6834,34,Chapecoense,15,2,42,75,360,4,15,0,1,1
6835,34,Csa,18,4,39,84,,5,15,1,2,0
6835,34,Fluminense,19,7,61,91,,3,14,2,2,0
6836,33,Santos,16,3,41,77,320,3,14,0,0,0
6836,33,Sao Paulo,15,4,59,81,463,4,25,4,3,0
6837,33,Atletico-Mg,13,5,,82,,2,15,3,3,0
6837,33,Fluminense,,4,54,82,504,1,15,0,2,0
6838,33,Flamengo,9,5,31,68,270,0,15,0,2,1
6838,33,Gremio,22,6,69,,559,10,9,3,1,0
6839,33,Bahia,15,5,45,84,,2,17,1,2,0
6839,33,Palmeiras,22,5,55,87,,4,16,0,0,0
6840,33,Ceara,15,6,60,85,508,5,15,2,1,0
6840,33,Chapecoense,,5,40,80,,6,13,0,2,0
6841,33,Athletico-Pr,0,0,,,0,0,0,0,0,0
6841,33,Botafogo-Rj,0,0,,,0,0,0,0,0,0
6842,33,Corinthians,14,3,49,77,411,5,9,2,0,0
6842,33,Internacional,13,2,51,75,421,3,19,0,2,0
6843,33,Csa,8,2,36,81,294,3,20,1,1,0
6843,33,Fortaleza,15,6,64,88,516,4,10,0,0,0
6844,33,Goias,,6,53,78,384,16,16,1,2,0
6844,33,Vasco,9,3,47,78,360,3,22,3,2,0
6845,33,Avai,10,4,27,65,,2,20,0,2,0
6845,33,Cruzeiro,,3,73,86,573,17,14,0,3,0
6846,35,Goias,13,7,31,61,259,3,24,2,4,0
6846,35,Internacional,24,9,69,83,562,11,22,3,2,0
6847,35,Botafogo-Rj,,2,41,74,290,2,18,0,3,0
6847,35,Chapecoense,25,3,59,85,396,5,12,0,2,0
6848,35,Atletico-Mg,10,3,42,77,,4,20,2,1,0
6848,35,Bahia,16,4,58,82,463,10,12,0,1,0
6849,35,Athletico-Pr,0,0,,,0,0,0,0,0,0
6849,35,Gremio,0,0,,,0,0,0,0,0,0
6850,35,Ceara,5,1,34,78,287,3,10,1,1,1
6850,35,Flamengo,27,7,66,90,553,13,13,0,2,0
6851,35,Avai,9,1,35,75,277,3,13,3,1,0
6851,35,Corinthians,32,9,65,86,503,7,15,2,0,0
6852,35,Fluminense,13,4,45,86,468,2,15,0,3,0
6852,35,Palmeiras,10,3,55,,551,6,20,2,4,0
6853,35,Fortaleza,,3,37,76,246,5,16,1,2,0
6853,35,Santos,14,4,63,85,419,8,17,3,6,2
6854,35,Sao Paulo,15,6,56,85,486,5,29,2,4,0
6854,35,Vasco,10,5,44,82,376,5,16,0,2,0
6855,35,Cruzeiro,,9,73,84,525,9,9,1,0,0
6855,35,Csa,5,3,,60,215,1,16,2,4,0
6856,36,Botafogo-Rj,8,1,44,80,374,5,8,3,2,0
6856,36,Internacional,17,7,56,84,475,9,14,1,3,0
6857,36,Athletico-Pr,10,3,48,77,373,4,16,2,1,1
6857,36,Ceara,16,8,52,80,382,6,17,1,7,0
6858,36,Avai,5,1,43,78,377,3,26,0,4,0
6858,36,Fluminense,7,2,57,84,488,4,20,0,5,0
6859,36,Flamengo,9,8,56,87,545,6,21,1,2,0
6859,36,Palmeiras,14,5,,86,420,3,18,4,1,0
6860,36,Fortaleza,11,6,42,79,334,6,15,1,4,0
6860,36,Goias,19,4,58,83,,14,11,2,1,0
6861,36,Bahia,17,8,48,82,372,8,12,0,3,1
6861,36,Csa,13,4,52,83,414,6,9,4,3,0
6862,36,Atletico-Mg,14,9,41,73,273,7,15,2,3,0
6862,36,Corinthians,13,4,59,81,394,5,8,3,1,0
6863,36,Chapecoense,4,0,32,78,243,2,19,0,4,0
6863,36,Santos,11,5,68,88,,3,18,2,3,0
6864,36,Gremio,13,4,42,,375,1,15,0,0,0
6864,36,Sao Paulo,10,1,58,84,,5,16,1,0,0
6865,36,Cruzeiro,14,1,59,80,400,17,19,0,3,0
6865,36,Vasco,6,1,41,71,295,2,16,1,3,0
6866,37,Athletico-Pr,9,3,51,79,366,6,16,3,2,0
6866,37,Santos,9,3,49,83,364,3,9,5,3,1
6867,37,Ceara,9,2,36,74,261,9,15,2,2,1
6867,37,Corinthians,19,3,64,86,479,6,14,0,4,0
6868,37,Atletico-Mg,27,8,,81,419,11,11,2,1,0
6868,37,Botafogo-Rj,13,6,52,83,446,8,10,1,3,0
6869,37,Chapecoense,19,6,56,87,468,2,21,1,1,0
6869,37,Csa,10,3,44,84,369,5,13,1,1,1
6870,37,Fluminense,13,3,59,87,560,6,16,0,1,1
6870,37,Fortaleza,13,4,41,87,411,1,9,1,0,1
6871,37,Internacional,11,3,58,83,515,2,19,1,4,0
6871,37,Sao Paulo,19,8,42,79,368,8,20,3,3,0
6872,37,Cruzeiro,,2,37,79,342,6,21,1,3,1
6872,37,Gremio,14,7,,86,580,5,11,1,0,0
6873,37,Goias,10,3,56,87,475,3,13,1,1,0
6873,37,Palmeiras,10,6,44,85,382,1,21,1,5,0
6874,37,Bahia,15,4,46,,436,2,21,1,2,1
6874,37,Vasco,10,4,54,89,510,6,11,2,2,1
6875,37,Avai,8,3,,71,283,3,13,2,1,0
6875,37,Flamengo,21,13,68,88,608,8,18,0,0,0
6876,38,Corinthians,16,3,60,83,,3,21,0,1,0
6876,38,Fluminense,10,3,40,76,360,5,14,2,3,0
6877,38,Flamengo,5,1,49,81,386,5,15,0,3,0
6877,38,Santos,,8,51,82,391,3,12,4,2,0
6878,38,Botafogo-Rj,15,2,51,84,,3,12,0,0,0
6878,38,Ceara,14,2,49,78,382,6,19,2,2,0
6879,38,Csa,24,6,42,88,349,6,17,1,1,0
6879,38,Sao Paulo,13,4,58,89,493,4,24,1,2,1
6880,38,Atletico-Mg,10,4,35,,272,3,16,1,1,0
6880,38,Internacional,20,7,65,83,470,18,11,2,4,0
6881,38,Cruzeiro,9,3,57,86,505,4,11,1,0,0
6881,38,Palmeiras,8,5,43,81,384,3,11,2,1,0
6882,38,Goias,18,6,45,79,309,7,21,1,1,0
6882,38,Gremio,15,6,55,80,392,4,8,2,1,0
6883,38,Chapecoense,9,2,48,84,363,2,16,0,3,0
6883,38,Vasco,24,7,52,83,378,7,18,1,2,0
6884,38,Athletico-Pr,0,0,,,0,0,0,0,0,0
6884,38,Avai,0,0,,,0,0,0,0,0,0
6885,38,Bahia,11,4,43,75,308,3,15,3,1,0
6885,38,Fortaleza,8,4,57,84,,2,9,4,2,0
6886,1,Athletico-Pr,13,5,57,89,549,4,10,1,2,0
6886,1,Fortaleza,11,3,43,86,414,4,14,1,3,1
6887,1,Coritiba,2,0,42,74,382,2,11,3,3,0
6887,1,Internacional,11,4,58,81,504,6,21,2,4,0
6888,1,Ceara,11,5,60,,,4,18,0,3,0
6888,1,Sport,,3,40,77,324,2,15,3,,0
6889,1,Bragantino,18,6,46,80,377,2,19,2,1,0
6889,1,Santos,10,4,54,81,444,4,10,4,0,0
6890,1,Atletico-Mg,,4,37,71,321,2,24,3,2,0
6890,1,Flamengo,17,2,63,80,525,9,12,2,3,0
6891,1,Fluminense,,4,47,80,447,3,16,1,3,0
6891,1,Gremio,15,4,53,80,496,6,24,2,2,0
6892,1,Atletico-Go,,6,46,81,,7,12,2,0,0
6892,1,Corinthians,12,4,54,83,461,4,18,4,2,0
6893,1,Bahia,12,4,38,74,322,5,14,1,3,0
6893,1,Botafogo-Rj,15,2,62,86,502,8,18,0,2,1
6894,1,Goias,9,3,41,,,2,16,0,3,0
6894,1,Sao Paulo,15,6,59,84,466,9,19,1,0,0
6895,1,Palmeiras,14,3,55,84,477,6,19,0,1,0
6895,1,Vasco,12,3,45,78,,3,11,2,1,0
6896,2,Athletico-Pr,,4,79,92,728,3,16,1,3,0
6896,2,Goias,13,3,21,72,196,3,18,1,3,0
6897,2,Atletico-Mg,25,13,56,81,515,8,19,3,0,0
6897,2,Corinthians,8,5,44,74,426,4,11,1,1,0
6898,2,Botafogo-Rj,9,3,45,82,472,3,8,1,1,0
6898,2,Bragantino,23,8,55,88,558,12,13,1,3,0
6899,2,Bahia,12,5,45,80,420,3,16,1,0,0
6899,2,Coritiba,15,3,55,,,8,18,5,5,0
6900,2,Atletico-Go,13,7,,72,284,11,15,2,1,0
6900,2,Flamengo,9,3,66,88,555,5,19,1,1,1
6901,2,Ceara,11,5,42,80,421,1,17,1,3,0
6901,2,Gremio,14,8,58,87,571,7,7,0,1,0
6902,2,Fluminense,10,1,,82,430,3,20,3,3,0
6902,2,Palmeiras,9,1,48,82,400,3,31,0,3,0
6903,2,Fortaleza,12,3,,85,443,7,18,3,2,0
6903,2,Sao Paulo,13,3,,87,474,5,16,4,1,0
6904,2,Internacional,25,7,59,,515,9,28,2,2,0
6904,2,Santos,,1,41,79,,4,14,2,3,0
6905,2,Sport,,1,,84,416,8,17,4,3,1
6905,2,Vasco,9,6,46,81,371,5,29,1,2,0
6906,3,Corinthians,5,2,53,88,,5,14,0,3,0
6906,3,Gremio,24,8,47,86,,7,16,0,2,0
6907,3,Coritiba,9,2,35,74,286,5,25,3,4,1
6907,3,Flamengo,18,7,65,88,541,5,16,1,3,0
6908,3,Goias,11,5,35,75,369,2,16,0,3,0
6908,3,Palmeiras,12,3,65,86,668,6,11,0,1,0
6909,3,Atletico-Mg,11,6,,82,475,4,14,2,2,0
6909,3,Ceara,13,1,39,77,309,0,16,0,4,0
6910,3,Bahia,10,4,42,76,381,3,16,2,1,0
6910,3,Bragantino,16,3,58,82,505,7,16,1,1,0
6911,3,Sao Paulo,11,5,60,86,559,4,15,1,5,0
6911,3,Vasco,8,3,40,82,379,3,16,1,2,0
6912,3,Fluminense,10,5,43,76,339,1,13,1,2,0
6912,3,Internacional,9,3,,78,433,4,24,1,2,0
6913,3,Atletico-Go,11,4,31,68,237,4,13,0,0,1
6913,3,Sport,15,4,,82,509,9,15,2,2,0
6914,3,Botafogo-Rj,15,6,41,87,392,7,8,1,1,0
6914,3,Fortaleza,12,1,59,,561,4,9,2,2,0
6915,3,Athletico-Pr,12,2,68,88,587,6,22,0,1,0
6915,3,Santos,11,6,32,77,290,2,9,0,1,0
6916,4,Flamengo,8,2,,87,596,1,17,1,3,0
6916,4,Gremio,10,2,39,80,390,2,20,3,3,0
6917,4,Bragantino,13,3,52,82,438,6,19,2,5,0
6917,4,Fluminense,9,4,,81,406,4,14,0,5,0
6918,4,Athletico-Pr,6,0,56,80,459,5,23,0,5,0
6918,4,Palmeiras,10,3,,78,362,8,20,3,0,0
6919,4,Fortaleza,13,3,52,79,410,6,15,2,2,0
6919,4,Goias,13,4,48,82,,2,16,3,4,0
6920,4,Atletico-Go,7,1,42,72,337,3,17,2,3,0
6920,4,Internacional,,5,58,84,452,4,19,1,3,1
6921,4,Corinthians,23,13,64,91,591,10,15,0,2,0
6921,4,Coritiba,9,4,36,82,352,0,7,3,1,1
6922,4,Atletico-Mg,31,9,74,87,609,16,10,2,0,0
6922,4,Botafogo-Rj,10,5,26,63,210,7,9,1,2,0
6923,4,Santos,16,5,59,85,513,5,17,1,2,0
6923,4,Sport,11,5,41,76,354,4,23,1,5,0
6924,4,Ceara,22,2,58,86,484,13,18,1,3,0
6924,4,Vasco,5,4,42,81,375,2,14,2,3,0
6925,4,Bahia,8,5,32,68,304,6,16,1,2,0
6925,4,Sao Paulo,25,5,68,90,634,5,14,4,2,0
6926,5,Athletico-Pr,14,5,66,87,,7,21,1,4,0
6926,5,Fluminense,9,2,34,73,326,2,12,2,3,0
6927,5,Atletico-Mg,11,1,67,81,,5,21,1,2,0
6927,5,Internacional,6,3,33,62,306,2,20,3,1,0
6928,5,Atletico-Go,16,4,67,82,541,11,19,2,2,0
6928,5,Goias,6,2,33,67,275,3,26,5,5,0
6929,5,Botafogo-Rj,7,1,33,78,314,4,17,2,3,0
6929,5,Flamengo,15,5,67,88,637,5,15,0,3,0
6930,5,Gremio,14,4,54,82,474,4,17,0,2,0
6930,5,Vasco,10,3,46,80,414,6,23,1,5,0
6931,5,Palmeiras,17,5,,79,369,5,21,4,5,0
6931,5,Santos,8,1,52,76,383,6,15,0,2,1
6932,5,Bragantino,15,2,46,82,319,10,17,1,2,1
6932,5,Coritiba,7,4,,75,397,3,18,2,0,0
6933,5,Sao Paulo,11,4,45,84,425,3,25,0,3,0
6933,5,Sport,10,2,55,86,516,0,21,1,2,0
6934,5,Bahia,16,7,62,84,538,11,7,1,2,0
6934,5,Ceara,11,4,38,77,339,6,21,1,1,0
6935,5,Corinthians,21,7,,85,584,5,14,0,0,0
6935,5,Fortaleza,10,3,40,81,405,1,12,5,2,0
6936,11,Athletico-Pr,5,3,43,80,464,1,16,1,1,0
6936,11,Sao Paulo,15,5,57,87,605,4,13,3,2,0
6937,11,Bahia,25,7,67,88,,11,13,5,2,0
6937,11,Corinthians,11,5,33,72,277,4,15,1,3,0
6938,11,Fortaleza,,3,42,76,318,3,9,2,1,0
6938,11,Internacional,11,1,58,84,420,7,20,2,3,0
6939,11,Bragantino,18,9,42,76,308,5,24,2,4,0
6939,11,Ceara,13,6,58,82,417,9,11,1,3,0
6940,11,Atletico-Go,15,9,44,76,359,6,16,1,2,0
6940,11,Atletico-Mg,14,8,56,,,4,14,4,0,0
6941,11,Gremio,13,3,64,85,590,6,21,0,2,0
6941,11,Palmeiras,9,2,36,76,336,3,21,2,3,0
6942,11,Coritiba,11,2,55,86,497,6,14,3,1,0
6942,11,Vasco,11,3,45,86,415,6,15,0,2,0
6943,11,Botafogo-Rj,7,1,44,76,321,8,15,0,4,0
6943,11,Santos,21,6,56,83,416,10,13,1,2,0
6944,11,Fluminense,18,4,74,87,700,8,9,3,1,0
6944,11,Sport,8,3,26,69,251,5,10,3,0,0
6945,11,Flamengo,31,12,66,85,562,9,12,1,1,0
6945,11,Goias,7,4,34,67,299,4,12,4,4,0
6946,6,Botafogo-Rj,,2,47,85,471,5,14,2,3,0
6946,6,Internacional,7,4,53,87,542,3,24,2,1,0
6947,6,Fluminense,12,3,46,85,,2,19,1,4,0
6947,6,Vasco,9,4,54,84,527,4,16,1,1,1
6948,6,Bahia,9,1,49,82,429,8,15,1,2,0
6948,6,Palmeiras,11,5,51,,456,2,16,4,2,0
6949,6,Bragantino,5,2,41,83,395,4,10,1,2,1
6949,6,Fortaleza,13,6,59,87,571,3,22,0,2,0
6950,6,Corinthians,7,5,,80,388,4,22,1,0,0
6950,6,Sao Paulo,14,5,54,85,442,7,16,2,3,0
6951,6,Coritiba,13,3,59,85,562,5,14,0,1,0
6951,6,Sport,6,2,41,79,387,2,19,1,4,0
6952,6,Flamengo,10,6,47,80,399,2,26,1,7,0
6952,6,Santos,22,6,53,85,429,9,14,5,6,0
6953,6,Atletico-Go,14,4,55,79,361,4,16,1,1,1
6953,6,Ceara,13,5,45,73,308,4,11,2,2,0
6954,6,Athletico-Pr,10,6,35,76,317,1,24,1,2,0
6954,6,Atletico-Mg,21,6,65,87,,9,8,1,1,0
6955,6,Goias,5,2,34,81,,1,17,1,2,0
6955,6,Gremio,26,10,,90,680,8,15,2,2,0
6956,7,Ceara,9,4,27,70,231,2,22,4,2,0
6956,7,Fortaleza,5,0,73,85,620,6,18,2,2,0
6957,7,Atletico-Go,15,3,57,84,468,9,16,1,1,0
6957,7,Fluminense,11,4,43,78,368,2,14,0,2,1
6958,7,Corinthians,11,4,54,87,511,6,12,0,3,0
6958,7,Goias,11,3,46,84,446,3,16,1,1,0
6959,7,Botafogo-Rj,17,6,55,84,519,6,23,1,1,0
6959,7,Coritiba,7,3,45,80,433,6,21,0,1,0
6960,7,Athletico-Pr,11,5,58,83,503,2,15,1,2,0
6960,7,Bragantino,18,3,42,77,354,8,12,0,2,0
6961,7,Bahia,14,6,41,83,459,5,8,2,1,0
6961,7,Flamengo,20,9,59,86,647,6,17,2,2,0
6962,7,Internacional,,2,52,75,403,4,23,0,5,0
6962,7,Palmeiras,11,1,48,73,372,5,21,1,3,0
6963,7,Santos,13,5,63,85,423,9,17,2,2,0
6963,7,Vasco,9,3,37,76,267,2,21,1,3,0
6964,7,Gremio,29,7,73,86,680,11,10,1,1,0
6964,7,Sport,5,3,27,60,277,1,11,1,5,0
6965,7,Atletico-Mg,14,8,52,82,496,5,18,3,0,0
6965,7,Sao  Paulo,,4,48,78,468,3,11,1,0,0
6966,8,Flamengo,18,8,62,88,517,11,12,3,1,0
6966,8,Fortaleza,4,2,38,80,329,3,21,4,1,0
6967,8,Botafogo-Rj,13,3,39,81,339,6,10,2,1,0
6967,8,Corinthians,15,6,61,87,545,12,18,1,3,0
6968,8,Ceara,16,8,61,83,425,7,21,0,2,2
6968,8,Santos,7,4,39,75,,5,16,3,4,2
6969,8,Bragantino,,4,38,78,350,5,23,1,1,1
6969,8,Palmeiras,14,4,62,85,581,3,12,2,3,0
6970,8,Bahia,9,4,38,69,326,5,12,2,3,0
6970,8,Internacional,9,5,62,84,528,8,11,1,2,0
6971,8,Fluminense,10,4,49,80,,2,13,2,0,0
6971,8,Sao Paulo,15,3,51,80,463,3,21,0,3,0
6972,8,Athletico-Pr,14,4,68,86,603,2,16,1,1,0
6972,8,Vasco,8,2,32,,293,3,7,2,1,0
6973,8,Atletico-Go,8,2,49,85,459,3,16,0,1,0
6973,8,Gremio,6,2,51,83,471,3,13,1,2,1
6974,8,Goias,10,4,47,84,453,4,17,0,0,0
6974,8,Sport,17,6,53,83,486,9,18,1,1,0
6975,8,Atletico-Mg,21,2,53,85,476,4,19,2,3,0
6975,8,Coritiba,13,3,47,80,440,4,14,0,1,0
6976,9,Athletico-Pr,17,3,62,89,509,7,19,3,1,0
6976,9,Botafogo-Rj,11,5,38,81,310,3,10,2,0,0
6977,9,Fortaleza,12,4,53,87,410,6,27,0,5,0
6977,9,Sport,4,1,47,82,,1,14,2,1,0
6978,9,Coritiba,13,3,45,82,396,2,13,2,2,1
6978,9,Goias,18,6,55,86,459,9,27,0,4,1
6979,9,Bragantino,10,2,40,74,341,1,18,2,2,0
6979,9,Sao Paulo,,5,60,85,491,5,18,5,4,0
6980,9,Flamengo,,6,53,87,508,6,16,2,1,0
6980,9,Fluminense,17,3,47,83,445,7,15,1,1,0
6981,9,Atletico-Mg,,4,59,79,,5,15,1,2,1
6981,9,Santos,8,4,41,76,300,4,11,4,,0
6982,9,Ceara,6,1,38,68,317,3,16,1,2,0
6982,9,Internacional,17,9,62,81,517,10,15,1,0,0
6983,9,Corinthians,10,4,55,90,517,5,13,1,2,2
6983,9,Palmeiras,21,8,45,88,437,6,16,2,2,0
6984,9,Bahia,17,6,,90,474,8,12,1,1,1
6984,9,Gremio,18,6,49,87,479,4,9,2,2,1
6985,9,Atletico-Go,13,7,45,,380,4,23,1,1,0
6985,9,Vasco,9,5,55,83,471,1,15,0,2,1
6986,10,Athletico-Pr,,2,43,86,349,9,21,3,4,0
6986,10,Coritiba,5,1,57,85,463,6,12,3,0,1
6987,10,Santos,10,5,55,81,412,5,18,1,3,0
6987,10,Sao Paulo,,6,45,81,338,2,20,3,2,0
6988,10,Corinthians,9,3,52,84,378,8,15,2,4,0
6988,10,Fluminense,15,3,48,82,352,5,14,0,2,1
6989,10,Fortaleza,3,2,43,87,424,2,13,0,2,1
6989,10,Gremio,14,3,57,,532,6,11,2,1,1
6990,10,Atletico-Mg,14,7,64,85,556,8,13,5,1,0
6990,10,Bragantino,12,4,36,75,306,3,18,0,1,0
6991,10,Atletico-Go,12,4,47,79,380,5,20,1,2,0
6991,10,Bahia,9,2,53,79,429,5,16,5,2,1
6992,10,Ceara,8,3,37,73,342,5,8,2,1,0
6992,10,Flamengo,11,2,63,,,8,6,2,0,0
6993,10,Goias,6,1,21,62,170,0,10,1,4,1
6993,10,Internacional,15,4,79,90,572,12,14,5,3,0
6994,10,Palmeiras,20,7,64,,567,6,15,3,1,1
6994,10,Sport,,4,36,76,327,2,12,1,3,1
6995,10,Botafogo-Rj,25,9,49,83,,5,18,0,2,0
6995,10,Vasco,14,6,51,81,443,4,8,2,2,0
6996,12,Corinthians,16,2,53,86,,8,15,2,4,0
6996,12,Sport,9,2,47,82,,3,11,1,3,0
6997,12,Athletico-Pr,13,3,56,,528,1,20,2,4,0
6997,12,Bahia,14,4,,81,410,6,11,4,1,0
6998,12,Internacional,4,1,42,,401,1,16,3,2,1
6998,12,Sao Paulo,19,6,58,82,536,4,16,0,0,0
6999,12,Atletico-Mg,20,6,54,,478,9,20,0,1,0
6999,12,Gremio,9,4,46,80,408,4,11,0,1,0
7000,12,Bragantino,12,3,42,83,,5,16,1,1,0
7000,12,Vasco,11,1,58,89,511,2,9,4,2,0
7001,12,Flamengo,10,4,40,81,335,4,16,0,2,0
7001,12,Palmeiras,17,7,60,87,493,5,14,1,4,0
7002,12,Ceara,19,5,60,79,411,11,13,9,3,0
7002,12,Goias,10,7,40,71,286,7,14,3,4,0
7003,12,Atletico-Go,10,2,54,,406,7,16,2,2,0
7003,12,Botafogo-Rj,16,5,46,81,359,5,12,0,3,0
7004,12,Fortaleza,12,3,45,85,369,5,20,1,1,0
7004,12,Santos,,6,,86,416,9,12,1,1,0
7005,12,Coritiba,10,1,,86,532,4,19,3,1,1
7005,12,Fluminense,15,7,43,84,409,5,16,0,1,0
7006,13,Gremio,14,5,46,77,388,5,15,1,0,1
7006,13,Internacional,8,2,54,79,453,5,16,1,1,1
7007,13,Ceara,10,5,36,74,319,4,20,0,4,0
7007,13,Palmeiras,28,11,64,85,560,9,10,1,1,0
7008,13,Bragantino,10,2,40,80,377,3,18,1,1,0
7008,13,Corinthians,12,4,60,86,555,8,13,1,2,0
7009,13,Botafogo-Rj,17,7,52,80,385,7,20,0,0,0
7009,13,Fluminense,8,5,48,78,365,4,21,2,1,0
7010,13,Coritiba,3,1,25,64,234,2,13,0,2,0
7010,13,Sao Paulo,19,5,75,88,,11,12,2,3,0
7011,13,Athletico-Pr,10,3,45,80,376,5,22,2,4,0
7011,13,Flamengo,13,7,55,,446,4,18,2,3,0
7012,13,Atletico-Go,7,2,40,78,350,1,14,0,5,0
7012,13,Fortaleza,16,5,60,85,517,8,8,1,5,0
7013,13,Goias,,4,55,83,,2,16,4,3,1
7013,13,Santos,10,4,45,77,317,4,15,0,3,1
7014,13,Bahia,24,11,,82,488,11,15,2,2,0
7014,13,Sport,5,2,40,72,361,0,13,0,3,0
7015,13,Atletico-Mg,0,0,,,0,0,0,0,0,0
7015,13,Vasco,0,0,,,0,0,0,0,0,0
7016,14,Corinthians,13,4,62,85,558,6,19,0,2,0
7016,14,Santos,6,2,38,76,,3,16,0,2,0
7017,14,Flamengo,16,7,63,89,572,8,14,1,0,0
7017,14,Sport,14,1,37,78,335,6,16,1,3,0
7018,14,Bahia,13,6,47,85,454,4,18,0,4,0
7018,14,Vasco,10,1,53,88,496,6,15,1,2,1
7019,14,Coritiba,13,3,51,84,475,6,21,4,2,0
7019,14,Gremio,11,5,49,83,466,6,18,1,2,0
7020,14,Atletico-Go,15,5,48,81,415,3,12,2,2,0
7020,14,Sao Paulo,25,8,52,84,,5,17,1,3,0
7021,14,Fluminense,10,5,,85,472,4,15,4,2,0
7021,14,Goias,12,3,,76,347,5,19,0,3,0
7022,14,Botafogo-Rj,11,4,35,,298,2,16,0,4,0
7022,14,Palmeiras,19,4,65,86,534,5,15,2,4,0
7023,14,Atletico-Mg,15,4,69,88,577,8,19,2,3,0
7023,14,Fortaleza,7,3,31,75,263,1,9,1,2,1
7024,14,Athletico-Pr,15,1,63,89,579,3,11,2,3,0
7024,14,Ceara,13,4,37,79,350,3,12,2,2,0
7025,14,Bragantino,13,2,47,78,404,7,18,2,3,1
7025,14,Internacional,8,5,53,83,460,2,22,1,3,0
7026,15,Flamengo,,3,63,86,571,5,25,2,5,0
7026,15,Vasco,13,4,37,77,344,5,14,3,2,0
7027,15,Coritiba,10,2,45,88,408,2,20,0,1,0
7027,15,Fortaleza,12,2,55,,498,4,12,0,0,0
7028,15,Palmeiras,9,3,47,84,,8,15,2,2,0
7028,15,Sao Paulo,13,4,53,83,483,4,17,0,1,0
7029,15,Atletico-Mg,23,11,67,85,614,8,14,4,0,0
7029,15,Goias,4,3,33,,,1,11,1,1,0
7030,15,Bahia,12,1,52,83,429,4,18,0,3,0
7030,15,Fluminense,8,2,48,77,401,3,26,0,2,0
7031,15,Gremio,11,4,44,72,314,7,14,2,2,1
7031,15,Santos,11,6,56,75,402,4,17,3,2,0
7032,15,Botafogo-Rj,11,4,37,,314,8,15,0,1,1
7032,15,Sport,17,3,63,85,528,6,11,0,3,0
7033,15,Atletico-Go,24,8,53,76,368,7,17,0,1,0
7033,15,Bragantino,19,5,47,77,336,11,18,2,1,0
7034,15,Ceara,15,4,39,77,304,6,9,2,4,1
7034,15,Corinthians,10,3,61,80,475,6,10,1,1,1
7035,15,Athletico-Pr,14,4,55,80,483,1,14,2,0,0
7035,15,Internacional,13,6,45,75,404,6,19,3,2,0
7036,16,Coritiba,12,9,45,77,382,2,20,2,2,0
7036,16,Palmeiras,16,5,55,82,431,6,13,1,3,0
7037,16,Botafogo-Rj,16,3,49,81,458,4,13,0,2,0
7037,16,Gremio,10,4,51,83,,1,11,1,3,1
7038,16,Atletico-Go,8,1,41,65,288,2,21,2,3,0
7038,16,Santos,12,3,59,79,400,7,18,1,3,0
7039,16,Athletico-Pr,16,9,62,84,545,8,18,2,3,0
7039,16,Corinthians,13,6,38,77,332,2,14,1,3,1
7040,16,Atletico-Mg,14,8,66,85,571,9,11,0,3,0
7040,16,Fluminense,11,3,34,70,295,4,9,3,1,0
7041,16,Internacional,14,8,52,84,450,7,19,3,2,0
7041,16,Sport,13,5,48,81,438,2,6,1,3,0
7042,16,Bragantino,12,3,34,70,314,1,14,2,1,0
7042,16,Flamengo,,10,66,84,606,5,16,1,2,0
7043,16,Bahia,13,3,51,77,403,2,18,3,3,2
7043,16,Goias,10,4,49,79,402,5,16,1,5,0
7044,16,Fortaleza,18,5,53,82,394,11,20,1,0,0
7044,16,Vasco,12,5,47,82,358,4,11,1,2,0
7045,16,Ceara,,6,31,76,303,5,20,2,5,0
7045,16,Sao Paulo,18,4,69,89,659,5,13,1,3,0
7046,17,Athletico-Pr,17,6,64,87,454,11,20,2,5,0
7046,17,Atletico-Go,11,1,36,75,271,2,10,1,3,2
7047,17,Coritiba,18,4,57,84,442,9,18,1,5,0
7047,17,Santos,6,2,43,77,341,1,25,0,2,0
7048,17,Ceara,17,4,41,75,389,3,16,2,3,0
7048,17,Fluminense,6,3,59,84,539,4,17,2,3,0
7049,17,Gremio,11,2,37,79,316,7,15,2,2,0
7049,17,Sao Paulo,8,1,63,88,,2,24,1,4,0
7050,17,Corinthians,19,7,38,76,314,10,14,1,4,0
7050,17,Flamengo,9,6,62,83,530,3,13,2,5,0
7051,17,Internacional,13,7,53,87,524,6,17,1,1,0
7051,17,Vasco,,3,47,82,482,3,11,0,1,0
7052,17,Bragantino,18,4,50,82,449,8,13,1,2,0
7052,17,Sport,3,1,50,,464,6,13,0,2,0
7053,17,Fortaleza,10,4,52,82,464,1,14,0,2,0
7053,17,Palmeiras,14,3,48,,422,7,19,2,3,1
7054,17,Atletico-Mg,20,4,67,86,555,8,14,1,1,0
7054,17,Bahia,13,6,33,75,294,2,14,1,4,0
7055,17,Botafogo-Rj,,6,63,84,533,11,18,3,2,0
7055,17,Goias,12,4,37,72,326,5,11,0,1,0
7056,18,Corinthians,12,4,36,69,313,6,18,2,2,0
7056,18,Vasco,17,8,64,82,547,9,12,1,1,0
7057,18,Bragantino,14,5,54,79,408,6,17,1,0,0
7057,18,Goias,,1,46,,361,4,15,3,3,0
7058,18,Ceara,15,4,36,,270,5,22,1,3,0
7058,18,Coritiba,15,6,64,82,493,8,12,1,1,0
7059,18,Atletico-Mg,,9,77,88,699,13,10,2,1,0
7059,18,Sport,3,0,23,56,224,4,11,1,0,0
7060,18,Atletico-Go,21,5,57,86,474,6,15,0,1,0
7060,18,Palmeiras,12,4,43,79,360,3,17,2,4,0
7061,18,Fluminense,19,8,47,77,275,10,13,2,5,0
7061,18,Santos,9,2,53,80,301,8,18,3,4,0
7062,18,Athletico-Pr,5,1,66,,557,4,15,1,3,0
7062,18,Gremio,8,2,34,78,291,2,11,1,1,0
7063,18,Flamengo,16,6,72,87,616,7,16,1,5,0
7063,18,Internacional,,5,28,68,244,1,16,1,6,0
7064,18,Bahia,13,6,33,78,256,4,14,1,3,0
7064,18,Fortaleza,8,1,67,,523,7,11,2,3,0
7065,18,Botafogo-Rj,8,1,34,80,353,0,8,0,2,1
7065,18,Sao Paulo,31,14,66,90,646,12,12,1,0,0
7066,19,Botafogo-Rj,12,7,61,,493,4,17,1,3,1
7066,19,Ceara,10,4,39,73,,2,19,0,4,1
7067,19,Atletico-Go,14,5,70,86,557,12,18,0,5,0
7067,19,Coritiba,5,1,30,69,248,0,22,0,2,0
7068,19,Corinthians,8,3,34,64,314,2,16,2,4,0
7068,19,Internacional,,0,66,78,580,4,13,2,3,1
7069,19,Fluminense,11,4,57,88,481,7,18,1,1,0
7069,19,Fortaleza,4,1,43,82,387,3,14,0,2,1
7070,19,Flamengo,17,7,54,86,446,6,18,2,4,0
7070,19,Sao Paulo,13,7,46,85,396,4,18,0,3,0
7071,19,Athletico-Pr,12,2,59,81,474,5,15,3,1,0
7071,19,Sport,11,3,41,73,340,2,17,3,2,1
7072,19,Bahia,21,6,43,,345,9,13,3,2,0
7072,19,Santos,9,6,57,83,463,6,19,2,4,0
7073,19,Goias,19,10,46,,354,2,16,2,5,0
7073,19,Vasco,7,1,54,81,401,6,20,5,7,0
7074,19,Atletico-Mg,16,2,65,85,546,9,12,0,1,0
7074,19,Palmeiras,19,8,35,76,300,3,10,2,2,0
7075,19,Bragantino,13,7,44,84,466,4,12,0,1,0
7075,19,Gremio,11,3,56,86,579,3,13,1,1,0
7076,20,Athletico-Pr,21,6,63,85,482,10,20,3,3,0
7076,20,Fortaleza,11,5,37,77,297,3,14,4,2,0
7077,20,Goias,8,3,35,69,272,2,19,1,0,1
7077,20,Sao Paulo,20,9,65,85,503,10,9,1,2,0
7078,20,Atletico-Go,16,5,,73,339,7,22,2,3,0
7078,20,Corinthians,6,2,55,75,,3,25,2,4,0
7079,20,Palmeiras,,3,56,81,,4,19,1,3,0
7079,20,Vasco,9,3,44,78,376,0,17,0,1,0
7080,20,Coritiba,10,3,40,82,369,3,13,2,3,0
7080,20,Internacional,12,4,60,88,526,9,9,0,2,1
7081,20,Bragantino,12,2,48,74,,5,15,1,1,0
7081,20,Santos,4,0,52,75,448,3,20,1,4,0
7082,20,Atletico-Mg,9,4,30,71,283,2,21,1,5,0
7082,20,Flamengo,13,5,70,,635,7,13,1,4,0
7083,20,Bahia,20,5,59,85,499,4,19,1,2,0
7083,20,Botafogo-Rj,10,3,,80,361,4,17,1,3,0
7084,20,Fluminense,12,4,59,86,569,4,12,1,0,0
7084,20,Gremio,13,4,41,82,396,5,13,2,1,0
7085,20,Ceara,25,6,54,84,441,9,17,4,0,0
7085,20,Sport,3,0,46,76,392,1,13,0,3,0
7086,21,Sport,13,3,64,82,573,4,14,2,0,0
7086,21,Vasco,14,4,36,,,2,21,1,2,0
7087,21,Internacional,12,6,61,81,479,7,18,2,2,0
7087,21,Santos,10,7,39,71,302,2,24,1,1,0
7088,21,Athletico-Pr,16,8,,82,,10,12,0,1,0
7088,21,Goias,,1,48,80,,8,14,3,5,0
7089,21,Atletico-Mg,13,4,67,83,544,6,11,1,5,0
7089,21,Corinthians,8,1,33,62,269,6,29,2,3,0
7090,21,Fortaleza,12,5,49,83,395,2,15,1,2,0
7090,21,Sao Paulo,7,4,51,83,404,3,18,2,4,0
7091,21,Ceara,11,3,39,84,,4,14,0,2,0
7091,21,Gremio,16,7,61,90,,3,8,1,1,0
7092,21,Fluminense,15,5,49,85,440,5,8,3,2,0
7092,21,Palmeiras,9,5,51,,455,3,15,3,2,0
7093,21,Atletico-Go,,5,34,77,293,4,16,2,1,0
7093,21,Flamengo,20,7,66,88,559,11,15,1,2,0
7094,21,Bahia,15,5,46,86,401,5,12,1,4,0
7094,21,Coritiba,16,2,54,88,451,7,12,1,3,0
7095,21,Botafogo-Rj,12,3,61,,439,7,16,2,0,0
7095,21,Bragantino,11,5,39,70,273,3,18,0,3,0
7096,22,Bahia,8,1,47,82,383,9,13,0,4,0
7096,22,Bragantino,12,7,53,88,444,5,16,0,2,0
7097,22,Athletico-Pr,13,4,61,84,525,9,22,2,0,0
7097,22,Santos,5,4,39,81,344,2,13,1,2,0
7098,22,Coritiba,6,1,,81,402,4,18,1,3,0
7098,22,Flamengo,23,9,62,88,656,4,16,0,1,0
7099,22,Goias,8,2,60,85,487,1,20,1,2,0
7099,22,Palmeiras,14,3,40,73,334,4,15,1,2,1
7100,22,Sao Paulo,17,5,70,87,685,7,7,2,2,0
7100,22,Vasco,6,3,30,71,298,4,19,2,4,0
7101,22,Atletico-Mg,18,4,54,82,455,7,12,1,1,1
7101,22,Ceara,11,5,46,78,400,2,11,2,4,0
7102,22,Fluminense,,2,49,,455,4,20,0,4,0
7102,22,Internacional,13,4,51,80,454,4,20,1,2,0
7103,22,Botafogo-Rj,19,6,59,87,481,7,18,3,1,0
7103,22,Fortaleza,11,6,41,78,355,5,15,2,1,0
7104,22,Corinthians,7,1,32,74,300,4,12,3,1,2
7104,22,Gremio,15,3,68,91,,12,14,1,1,0
7105,22,Atletico-Go,12,4,37,77,260,5,16,2,3,0
7105,22,Sport,11,1,63,84,431,10,17,1,,0
7106,23,Atletico-Mg,11,6,55,87,463,10,25,2,2,0
7106,23,Botafogo-Rj,4,3,45,81,397,2,19,4,4,0
7107,23,Corinthians,11,2,47,,418,3,25,2,2,0
7107,23,Coritiba,11,3,53,81,462,4,13,1,2,0
7108,23,Fortaleza,15,8,70,88,619,2,17,3,2,0
7108,23,Goias,6,1,30,68,266,0,19,0,0,0
7109,23,Athletico-Pr,4,1,41,77,354,1,15,2,1,0
7109,23,Palmeiras,22,8,59,,470,10,16,4,2,0
7110,23,Santos,11,5,,86,421,5,17,3,3,0
7110,23,Sport,9,3,41,,293,4,24,0,3,0
7111,23,Bahia,17,6,37,81,351,5,12,1,0,0
7111,23,Sao Paulo,17,8,63,90,597,9,15,1,2,0
7112,23,Atletico-Go,9,0,41,74,283,8,19,5,1,0
7112,23,Internacional,16,6,59,83,400,9,18,4,2,1
7113,23,Ceara,11,6,31,65,230,3,18,3,2,0
7113,23,Vasco,12,4,69,85,486,9,15,1,3,0
7114,23,Bragantino,11,4,55,79,434,5,21,0,3,0
7114,23,Fluminense,7,1,45,79,,5,15,4,2,0
7115,23,Flamengo,14,6,,88,531,5,24,0,3,0
7115,23,Gremio,8,5,51,87,548,2,15,1,5,0
7116,24,Corinthians,9,4,55,81,412,4,15,0,2,1
7116,24,Fortaleza,13,5,45,77,343,3,12,2,2,1
7117,24,Palmeiras,11,5,40,69,263,7,16,0,3,1
7117,24,Santos,15,5,60,80,386,8,14,2,3,0
7118,24,Botafogo-Rj,13,3,34,73,293,5,16,0,1,1
7118,24,Flamengo,14,3,66,,569,7,26,0,1,1
7119,24,Athletico-Pr,5,1,30,73,254,2,18,0,2,1
7119,24,Fluminense,27,13,70,88,578,15,16,2,4,0
7120,24,Bahia,9,2,53,83,450,6,12,1,2,0
7120,24,Ceara,11,5,47,86,412,4,17,1,2,0
7121,24,Bragantino,23,5,57,,423,12,26,0,3,0
7121,24,Coritiba,9,3,43,,334,3,17,2,4,0
7122,24,Sao  Paulo,13,7,64,89,647,11,17,0,4,0
7122,24,Sport,4,0,,79,381,1,17,3,4,0
7123,24,Gremio,22,10,60,89,604,5,9,1,2,0
7123,24,Vasco,6,3,40,85,,3,8,1,1,0
7124,24,Atletico-Mg,9,2,64,85,584,3,18,4,2,0
7124,24,Internacional,10,3,36,76,315,4,14,5,6,0
7125,24,Atletico-Go,12,3,68,85,421,15,17,4,3,0
7125,24,Goias,10,2,32,63,207,1,21,2,3,0
7126,25,Athletico-Pr,16,5,42,79,,5,20,4,2,0
7126,25,Atletico-Mg,,3,58,86,488,3,13,4,2,0
7127,25,Bragantino,,7,53,82,420,2,17,0,3,0
7127,25,Fortaleza,13,5,47,74,,5,18,2,2,0
7128,25,Botafogo-Rj,12,2,52,84,445,6,19,0,5,0
7128,25,Internacional,12,3,48,82,416,4,23,0,4,0
7129,25,Bahia,18,7,40,84,343,7,20,1,3,0
7129,25,Palmeiras,15,7,60,88,511,8,11,4,2,0
7130,25,Goias,,2,39,73,298,4,12,0,4,0
7130,25,Gremio,17,5,61,80,446,9,10,2,1,0
7131,25,Atletico-Go,12,6,60,83,500,8,15,2,3,0
7131,25,Ceara,8,3,40,76,344,2,13,3,0,0
7132,25,Flamengo,12,4,56,86,457,6,12,3,2,0
7132,25,Santos,6,3,44,82,366,4,11,2,1,0
7133,25,Corinthians,14,5,38,70,,4,12,0,0,0
7133,25,Sao Paulo,17,6,,83,501,5,8,1,1,0
7134,25,Coritiba,14,3,45,81,373,6,14,0,1,0
7134,25,Sport,20,6,55,,,7,20,0,0,0
7135,25,Fluminense,,4,56,86,516,2,14,0,2,0
7135,25,Vasco,20,4,44,84,404,4,21,1,6,0
7136,26,Atletico-Mg,,6,,85,533,3,10,3,2,1
7136,26,Sao Paulo,17,7,47,82,485,5,9,3,2,0
7137,26,Atletico-Go,11,5,39,78,,11,17,0,3,0
7137,26,Fluminense,5,2,61,85,453,6,18,0,4,0
7138,26,Gremio,,1,57,87,518,7,9,2,1,1
7138,26,Sport,9,2,43,85,402,3,21,2,2,0
7139,26,Internacional,12,4,41,75,327,4,13,1,4,0
7139,26,Palmeiras,13,0,59,80,440,8,23,1,2,0
7140,26,Botafogo-Rj,18,3,55,88,409,11,18,2,1,0
7140,26,Coritiba,10,4,45,79,,4,14,2,3,0
7141,26,Athletico-Pr,4,1,29,65,223,4,17,6,5,0
7141,26,Bragantino,21,6,71,84,506,17,8,6,2,0
7142,26,Santos,,5,65,85,453,2,15,1,0,0
7142,26,Vasco,4,2,35,73,255,1,26,0,2,0
7143,26,Bahia,,6,52,89,396,8,22,1,3,1
7143,26,Flamengo,16,5,48,85,379,7,17,2,1,1
7144,26,Ceara,6,5,39,76,266,1,17,0,1,0
7144,26,Fortaleza,10,0,61,82,402,5,18,0,1,1
7145,26,Corinthians,19,6,64,84,537,12,11,5,1,0
7145,26,Goias,17,7,36,75,304,4,15,2,0,0
7146,27,Atletico-Mg,25,9,71,93,664,13,15,0,0,0
7146,27,Coritiba,7,3,29,82,277,3,13,2,0,0
7147,27,Goias,,3,38,69,315,4,22,0,4,0
7147,27,Sport,16,4,62,78,500,5,18,4,1,0
7148,27,Flamengo,13,2,64,86,519,4,14,0,3,0
7148,27,Fortaleza,11,4,36,79,293,4,22,1,3,0
7149,27,Fluminense,,1,41,81,401,0,17,0,3,0
7149,27,Sao Paulo,12,5,59,,579,2,22,0,1,0
7150,27,Botafogo-Rj,11,1,46,78,451,2,19,2,1,0
7150,27,Corinthians,13,6,54,81,508,7,20,2,1,0
7151,27,Bahia,14,3,52,77,377,6,18,0,3,0
7151,27,Internacional,15,10,48,79,357,7,12,2,1,0
7152,27,Athletico-Pr,16,8,56,88,480,6,14,1,0,0
7152,27,Vasco,12,4,44,84,373,5,11,3,1,0
7153,27,Bragantino,,2,,84,486,8,6,1,0,0
7153,27,Palmeiras,6,1,41,80,,5,10,1,3,0
7154,27,Ceara,11,4,35,72,263,2,24,1,3,0
7154,27,Santos,11,5,65,86,473,11,15,2,2,0
7155,27,Atletico-Go,,2,55,85,480,9,15,1,3,0
7155,27,Gremio,10,4,45,80,404,5,11,1,2,0
7156,28,Bahia,17,5,51,82,419,10,17,1,4,0
7156,28,Gremio,11,2,49,83,407,3,11,0,2,0
7157,28,Athletico-Pr,8,4,38,78,329,3,21,1,2,0
7157,28,Botafogo-Rj,24,8,62,88,506,3,14,4,3,0
7158,28,Coritiba,16,2,57,82,467,6,13,2,4,0
7158,28,Goias,11,5,43,71,359,4,17,2,3,0
7159,28,Fortaleza,17,1,65,85,491,8,12,1,1,0
7159,28,Sport,6,1,35,73,269,4,14,0,3,0
7160,28,Flamengo,19,8,72,86,672,11,12,0,1,0
7160,28,Fluminense,,5,28,69,258,4,22,2,4,0
7161,28,Bragantino,23,10,47,86,458,4,17,0,2,0
7161,28,Sao Paulo,8,4,,86,493,5,4,3,2,1
7162,28,Ceara,19,6,,86,495,7,18,0,6,0
7162,28,Internacional,,3,39,79,328,4,16,0,4,0
7163,28,Atletico-Go,,3,44,74,339,3,19,2,3,0
7163,28,Vasco,15,6,,,423,4,17,2,2,0
7164,28,Corinthians,10,4,43,77,,7,11,0,3,1
7164,28,Palmeiras,15,9,,,430,7,14,3,2,0
7165,28,Atletico-Mg,10,5,66,87,665,4,10,1,1,0
7165,28,Santos,5,3,34,75,341,2,14,0,1,0
7166,29,Palmeiras,12,4,41,76,366,6,21,2,3,0
7166,29,Sport,11,5,59,85,518,7,15,2,5,0
7167,29,Athletico-Pr,3,1,60,86,584,2,10,0,1,0
7167,29,Coritiba,13,2,40,82,389,3,11,0,2,0
7168,29,Fortaleza,14,5,55,84,447,4,17,3,4,0
7168,29,Gremio,11,3,45,82,366,5,12,1,2,0
7169,29,Santos,7,2,31,67,249,3,21,0,4,0
7169,29,Sao Paulo,26,5,69,89,531,8,19,0,2,0
7170,29,Ceara,8,4,25,72,233,1,12,0,1,0
7170,29,Flamengo,21,5,,90,675,6,10,3,3,0
7171,29,Atletico-Go,13,6,42,,301,6,20,3,2,0
7171,29,Bahia,,4,58,84,424,6,18,1,0,0
7172,29,Goias,14,4,59,,479,2,14,1,2,0
7172,29,Internacional,10,3,41,78,332,6,14,2,0,0
7173,29,Botafogo-Rj,12,5,49,84,458,3,13,4,0,0
7173,29,Vasco,18,7,51,82,465,6,11,0,1,0
7174,29,Atletico-Mg,,6,56,83,490,6,11,1,0,0
7174,29,Bragantino,11,4,,79,390,6,15,0,4,0
7175,29,Corinthians,19,8,58,85,522,3,17,1,1,0
7175,29,Fluminense,14,2,42,82,387,3,15,3,,0
7176,30,Gremio,12,7,55,87,530,7,10,0,1,0
7176,30,Palmeiras,16,6,45,89,431,3,22,2,3,0
7177,30,Fluminense,11,1,,85,540,5,23,2,1,0
7177,30,Sport,10,0,,72,276,4,18,1,1,1
7178,30,Coritiba,13,4,,88,,2,13,0,2,0
7178,30,Vasco,10,3,53,87,507,10,10,1,2,1
7179,30,Athletico-Pr,8,3,40,80,376,1,10,0,2,0
7179,30,Sao Paulo,9,2,60,89,551,3,14,8,1,0
7180,30,Botafogo-Rj,7,3,41,78,285,6,24,3,1,0
7180,30,Santos,23,5,59,85,410,15,8,2,2,0
7181,30,Atletico-Go,13,3,39,81,356,9,14,2,3,0
7181,30,Atletico-Mg,22,6,61,,547,10,13,0,2,0
7182,30,Bragantino,15,7,64,87,494,9,16,0,2,0
7182,30,Ceara,12,3,36,73,290,6,13,1,1,0
7183,30,Fortaleza,10,2,,83,443,1,17,1,3,0
7183,30,Internacional,11,5,45,80,352,6,24,0,0,0
7184,30,Flamengo,12,6,60,84,526,5,13,3,1,0
7184,30,Goias,9,3,40,75,357,4,24,1,5,0
7185,30,Bahia,8,7,41,,291,3,24,0,3,0
7185,30,Corinthians,15,5,,77,382,10,19,1,1,0
7186,31,Atletico-Go,14,5,52,83,384,6,14,1,,0
7186,31,Botafogo-Rj,17,5,48,78,365,3,17,2,2,0
7187,31,Athletico-Pr,,1,60,89,528,4,14,2,0,0
7187,31,Bahia,11,4,40,81,347,9,15,3,2,0
7188,31,Atletico-Mg,10,4,42,79,470,1,7,2,1,0
7188,31,Gremio,8,3,58,84,637,3,11,1,1,0
7189,31,Coritiba,9,4,41,78,340,2,21,1,1,1
7189,31,Fluminense,20,5,59,84,459,12,10,1,4,1
7190,31,Internacional,19,7,29,75,257,2,19,2,1,0
7190,31,Sao Paulo,11,5,71,86,624,7,15,0,2,0
7191,31,Bragantino,20,9,54,86,525,3,12,1,0,0
7191,31,Vasco,8,4,46,79,455,3,17,0,0,0
7192,31,Flamengo,15,6,51,82,460,4,26,1,2,0
7192,31,Palmeiras,6,0,49,80,444,1,15,2,2,0
7193,31,Fortaleza,10,3,47,78,340,7,20,4,3,0
7193,31,Santos,12,3,53,,378,5,14,1,0,0
7194,31,Ceara,12,4,42,78,385,1,11,0,0,0
7194,31,Goias,14,2,58,82,513,6,12,1,1,0
7195,31,Corinthians,,12,,83,545,6,9,2,1,0
7195,31,Sport,10,4,,77,348,5,7,3,0,0
7196,32,Coritiba,10,3,,76,367,2,16,0,2,0
7196,32,Sao Paulo,18,6,65,89,641,7,19,1,1,0
7197,32,Atletico-Mg,17,4,,90,684,9,11,0,1,0
7197,32,Vasco,6,3,25,72,,2,15,0,4,0
7198,32,Gremio,9,3,,82,467,1,15,1,2,0
7198,32,Internacional,17,4,45,,382,6,19,0,2,0
7199,32,Athletico-Pr,11,8,41,82,384,3,20,4,2,0
7199,32,Flamengo,,2,59,88,556,3,11,1,0,0
7200,32,Ceara,9,3,40,79,338,2,9,3,2,1
7200,32,Palmeiras,12,4,60,85,480,7,16,6,5,0
7201,32,Atletico-Go,7,3,45,79,329,5,12,0,2,0
7201,32,Fortaleza,11,3,55,82,395,5,13,2,1,1
7202,32,Bahia,9,2,42,77,335,3,8,1,0,0
7202,32,Sport,19,6,58,83,456,10,16,5,3,0
7203,32,Goias,17,6,36,71,,3,19,2,4,0
7203,32,Santos,20,9,64,87,476,11,11,4,4,0
7204,32,Botafogo-Rj,,0,52,81,435,1,20,1,1,0
7204,32,Fluminense,12,5,48,83,394,2,20,0,2,0
7205,32,Bragantino,13,4,40,72,378,3,14,3,4,0
7205,32,Corinthians,13,5,60,77,546,8,16,2,5,0
7206,33,Bahia,9,2,51,,,6,16,1,3,0
7206,33,Vasco,8,5,,87,400,6,15,0,1,1
7207,33,Athletico-Pr,11,2,55,83,454,4,18,2,2,0
7207,33,Ceara,9,2,45,81,379,4,15,1,0,0
7208,33,Atletico-Go,11,3,40,73,335,8,13,1,3,0
7208,33,Sao Paulo,13,3,60,85,498,5,9,1,1,0
7209,33,Coritiba,8,2,47,84,407,2,26,0,3,0
7209,33,Gremio,20,3,53,87,469,3,12,2,3,0
7210,33,Atletico-Mg,12,5,73,91,787,5,16,3,0,0
7210,33,Fortaleza,4,1,27,78,301,1,15,2,1,0
7211,33,Bragantino,16,6,64,,538,7,12,0,0,0
7211,33,Internacional,12,3,36,73,308,3,11,0,3,0
7212,33,Fluminense,,6,43,79,372,7,9,1,1,0
7212,33,Goias,,0,57,83,490,2,15,0,2,0
7213,33,Flamengo,21,9,62,87,563,6,20,1,2,0
7213,33,Sport,8,2,38,81,349,2,15,0,2,0
7214,33,Botafogo-Rj,18,3,46,83,388,6,10,0,1,0
7214,33,Palmeiras,17,2,54,87,,12,16,1,2,0
7215,33,Corinthians,11,4,54,81,417,5,25,2,0,0
7215,33,Santos,11,5,46,78,368,6,24,2,0,0
7216,34,Gremio,,6,63,88,539,5,12,1,5,0
7216,34,Santos,9,6,37,79,313,3,20,0,1,1
7217,34,Atletico-Go,8,1,48,73,388,3,7,1,3,0
7217,34,Bragantino,21,10,52,80,414,8,15,2,3,0
7218,34,Ceara,7,1,65,83,561,3,14,2,0,0
7218,34,Corinthians,18,7,35,73,305,8,18,2,0,0
7219,34,Atletico-Mg,19,2,77,,819,8,13,4,3,0
7219,34,Goias,3,1,23,67,249,1,13,2,3,0
7220,34,Bahia,12,6,55,88,521,4,15,0,1,0
7220,34,Fluminense,,6,45,85,435,1,11,2,1,0
7221,34,Coritiba,5,2,46,82,345,4,15,3,3,2
7221,34,Fortaleza,15,7,54,83,400,4,18,0,2,0
7222,34,Flamengo,17,6,61,86,530,7,19,0,1,0
7222,34,Vasco,,3,39,,346,5,15,1,3,0
7223,34,Athletico-Pr,12,4,70,86,587,3,15,2,3,0
7223,34,Internacional,5,1,30,73,256,2,20,1,2,0
7224,34,Botafogo-Rj,25,6,66,85,542,10,11,3,1,0
7224,34,Sport,10,2,34,69,284,8,19,0,3,0
7225,34,Palmeiras,8,2,58,83,431,5,14,3,1,0
7225,34,Sao Paulo,7,3,42,75,314,1,16,3,2,0
7226,35,Bahia,9,7,,77,379,8,18,1,3,1
7226,35,Goias,,6,53,82,422,1,13,1,4,0
7227,35,Atletico-Go,8,3,,64,233,0,18,1,2,1
7227,35,Santos,,3,70,86,493,10,13,4,2,0
7228,35,Bragantino,12,5,45,77,360,5,20,1,4,0
7228,35,Flamengo,15,7,55,77,433,4,16,4,2,0
7229,35,Botafogo-Rj,18,6,46,86,409,5,14,1,0,0
7229,35,Gremio,13,7,54,86,468,2,18,1,0,0
7230,35,Internacional,17,2,60,86,530,7,12,0,2,2
7230,35,Sport,7,2,40,79,,3,11,1,3,0
7231,35,Fortaleza,17,7,43,82,390,5,15,1,2,0
7231,35,Vasco,12,1,57,,487,7,14,1,3,0
7232,35,Ceara,8,2,38,78,338,4,17,2,,0
7232,35,Sao Paulo,18,9,62,84,518,8,11,2,4,0
7233,35,Atletico-Mg,8,1,73,89,848,6,13,1,1,0
7233,35,Fluminense,10,3,27,76,308,6,8,3,0,0
7234,35,Athletico-Pr,12,7,56,86,530,2,12,0,0,0
7234,35,Corinthians,17,8,44,82,420,3,19,1,3,0
7235,35,Coritiba,13,4,47,82,381,5,16,1,2,0
7235,35,Palmeiras,15,4,53,83,434,4,20,3,3,1
7236,36,Botafogo-Rj,11,3,46,82,351,5,26,2,3,1
7236,36,Goias,11,7,,84,415,2,22,2,4,0
7237,36,Atletico-Mg,21,4,72,90,745,6,10,1,1,0
7237,36,Bahia,13,5,28,,298,2,9,1,1,0
7238,36,Coritiba,8,3,43,83,362,3,16,1,4,0
7238,36,Santos,,6,57,85,472,7,15,3,0,0
7239,36,Corinthians,11,3,34,,307,3,16,1,5,0
7239,36,Flamengo,14,5,66,85,597,4,21,4,1,0
7240,36,Internacional,16,7,35,71,257,9,20,0,6,0
7240,36,Vasco,8,0,65,83,460,3,9,2,1,0
7241,36,Athletico-Pr,8,3,60,86,453,7,14,4,3,0
7241,36,Atletico-Go,11,4,40,79,306,4,9,3,1,0
7242,36,Fortaleza,5,1,32,72,281,4,11,0,3,0
7242,36,Palmeiras,13,6,68,90,,3,16,4,0,0
7243,36,Gremio,5,3,52,,520,5,19,0,4,1
7243,36,Sao Paulo,11,4,48,87,492,2,18,0,4,0
7244,36,Ceara,13,5,52,85,435,9,18,0,1,0
7244,36,Fluminense,9,4,48,82,429,0,8,0,1,0
7245,36,Bragantino,22,6,69,84,580,15,10,1,0,0
7245,36,Sport,4,0,31,65,273,1,8,0,3,0
7246,37,Ceara,11,4,,76,336,5,9,1,0,0
7246,37,Coritiba,16,5,63,88,573,7,14,2,1,0
7247,37,Bahia,12,7,39,84,353,0,13,1,3,0
7247,37,Fortaleza,11,3,61,90,547,2,15,0,3,1
7248,37,Atletico-Mg,25,10,61,87,585,4,13,0,4,0
7248,37,Sport,9,3,39,79,372,2,16,0,4,0
7249,37,Corinthians,14,4,68,85,587,7,23,1,1,0
7249,37,Vasco,7,0,32,71,279,4,18,6,2,0
7250,37,Flamengo,10,4,,86,456,1,21,3,4,0
7250,37,Internacional,12,3,,75,302,4,14,0,0,1
7251,37,Fluminense,7,3,38,75,281,4,19,1,4,1
7251,37,Santos,8,2,62,84,454,4,20,1,3,0
7252,37,Athletico-Pr,8,2,50,85,465,2,17,4,1,2
7252,37,Gremio,11,2,50,86,463,2,19,1,3,0
7253,37,Bragantino,14,5,57,77,405,11,20,1,0,0
7253,37,Goias,14,1,43,69,317,3,18,1,2,0
7254,37,Atletico-Go,9,3,36,75,307,6,13,1,1,0
7254,37,Palmeiras,19,4,64,87,543,9,20,0,2,0
7255,37,Botafogo-Rj,,8,47,85,428,4,12,2,3,0
7255,37,Sao Paulo,7,1,53,83,457,3,15,0,5,1
7256,38,Bragantino,19,6,56,82,471,3,24,1,4,0
7256,38,Gremio,15,2,44,79,370,7,12,0,0,0
7257,38,Bahia,16,5,48,85,447,4,11,2,0,0
7257,38,Santos,15,5,52,88,475,4,13,1,0,0
7258,38,Athletico-Pr,18,8,,83,480,8,15,2,0,0
7258,38,Sport,15,4,44,80,362,5,10,2,1,0
7259,38,Atletico-Go,18,7,56,87,556,7,8,1,0,0
7259,38,Coritiba,9,1,44,82,,4,9,1,1,0
7260,38,Corinthians,6,1,47,,393,5,16,1,2,0
7260,38,Internacional,16,5,53,80,,12,13,6,0,0
7261,38,Botafogo-Rj,17,3,53,90,505,7,4,2,0,0
7261,38,Ceara,12,6,47,86,469,5,7,0,2,1
7262,38,Flamengo,20,1,64,84,510,7,24,2,3,0
7262,38,Sao Paulo,4,2,36,74,305,1,27,0,6,0
7263,38,Atletico-Mg,19,8,52,89,451,5,22,5,3,0
7263,38,Palmeiras,9,4,48,80,424,4,17,1,0,0
7264,38,Goias,20,5,52,84,,6,18,2,2,0
7264,38,Vasco,27,12,48,85,390,9,12,2,1,0
7265,38,Fluminense,,3,48,86,401,3,10,0,0,0
7265,38,Fortaleza,9,2,52,85,422,5,12,1,0,0
7266,1,Cuiaba,14,2,60,85,490,9,14,0,1,0
7266,1,Juventude,7,3,40,77,342,1,14,1,3,0
7267,1,Bahia,5,3,34,75,304,4,18,2,3,0
7267,1,Santos,12,4,66,88,563,11,9,2,3,0
7268,1,Fluminense,11,5,28,70,251,5,12,2,2,0
7268,1,Sao Paulo,7,3,72,87,636,4,10,2,1,0
7269,1,Atletico-Mg,13,4,,81,398,5,16,2,2,0
7269,1,Fortaleza,18,5,45,82,329,4,19,3,4,0
7270,1,Flamengo,14,10,62,87,503,3,25,0,2,0
7270,1,Palmeiras,12,5,38,81,300,4,21,3,3,0
7271,1,Ceara,,6,35,70,277,5,17,2,3,0
7271,1,Gremio,12,3,65,83,520,4,18,0,3,0
7272,1,Atletico-Go,7,2,39,72,351,3,14,5,3,0
7272,1,Corinthians,15,6,61,83,,10,18,1,5,0
7273,1,Bragantino,18,8,57,87,552,7,12,2,0,0
7273,1,Chapecoense,10,2,43,,428,5,9,0,1,0
7274,1,America-Mg,14,4,43,81,429,1,9,0,2,0
7274,1,Athletico-Pr,11,5,57,83,557,3,18,0,1,0
7275,1,Internacional,11,4,57,86,485,6,24,0,4,0
7275,1,Sport,8,5,43,82,362,1,15,2,2,0
7276,2,Atletico-Go,9,4,38,,291,3,16,1,4,0
7276,2,Sao Paulo,14,3,62,85,459,12,14,1,5,0
7277,2,Ceara,6,3,43,82,419,1,19,3,1,0
7277,2,Santos,15,5,57,84,548,4,18,1,3,0
7278,2,Bahia,9,3,39,,295,2,13,3,4,0
7278,2,Bragantino,,6,61,83,442,9,12,1,2,0
7279,2,Cuiaba,10,4,56,84,489,1,15,4,1,0
7279,2,Fluminense,8,3,44,84,394,0,22,0,2,0
7280,2,America-Mg,10,4,56,81,483,6,12,4,2,0
7280,2,Corinthians,6,4,44,77,386,4,19,0,3,0
7281,2,Fortaleza,14,8,52,80,378,1,19,2,1,0
7281,2,Internacional,5,3,48,81,,4,21,1,4,2
7282,2,Athletico-Pr,11,5,41,82,366,1,27,3,2,0
7282,2,Juventude,13,1,59,,519,5,14,1,0,0
7283,2,Chapecoense,6,4,33,76,279,3,11,2,0,0
7283,2,Palmeiras,17,4,67,88,550,5,10,1,2,0
7284,2,Atletico-Mg,10,1,,87,474,7,15,0,2,0
7284,2,Sport,8,1,,88,448,4,18,1,3,0
7285,2,Flamengo,12,6,,83,,4,14,1,2,0
7285,2,Gremio,18,8,51,81,,5,14,2,2,2
7286,3,Juventude,2,0,24,70,236,0,20,3,3,0
7286,3,Santos,18,2,76,89,703,8,14,0,2,0
7287,3,Corinthians,9,4,,85,458,4,14,2,0,0
7287,3,Palmeiras,12,3,52,85,491,4,14,4,3,0
7288,3,Atletico-Mg,9,2,42,,382,4,14,2,0,0
7288,3,Sao Paulo,,0,58,87,514,5,22,1,1,0
7289,3,Athletico-Pr,9,4,36,78,350,4,12,0,4,0
7289,3,Gremio,10,1,64,87,610,6,21,0,5,0
7290,3,America-Mg,9,1,35,77,366,2,18,1,0,0
7290,3,Flamengo,20,6,65,88,672,4,17,3,0,0
7291,3,Bahia,14,3,67,84,490,6,14,2,4,0
7291,3,Internacional,6,4,33,68,244,5,16,2,4,1
7292,3,Fortaleza,13,7,59,84,480,3,22,2,3,0
7292,3,Sport,5,0,41,74,337,3,16,0,3,1
7293,3,Bragantino,16,5,47,78,390,10,11,0,3,0
7293,3,Fluminense,15,4,53,77,437,10,8,2,1,0
7294,3,Ceara,14,6,62,84,511,7,14,1,2,0
7294,3,Chapecoense,8,3,38,76,308,2,16,0,2,0
7295,3,Atletico-Go,9,3,44,75,346,4,14,0,4,1
7295,3,Cuiaba,20,7,56,83,444,0,17,0,5,0
7296,4,Atletico-Mg,6,2,42,80,437,1,13,0,1,0
7296,4,Internacional,11,1,58,86,561,8,13,1,3,0
7297,4,Chapecoense,7,3,48,78,419,1,13,3,2,0
7297,4,Sao  Paulo,13,3,52,83,423,9,9,3,3,1
7298,4,Bragantino,21,5,58,,494,12,15,1,0,0
7298,4,Corinthians,5,2,42,77,367,9,13,2,2,0
7299,4,Juventude,11,2,,84,379,7,11,0,0,0
7299,4,Palmeiras,13,5,58,87,527,4,24,1,3,0
7300,4,America-Mg,20,6,57,82,413,3,16,2,1,0
7300,4,Cuiaba,8,3,,75,322,2,16,3,1,0
7301,4,Bahia,,3,38,64,271,2,16,0,5,0
7301,4,Ceara,13,3,62,79,428,7,19,0,3,0
7302,4,Gremio,14,7,67,87,600,7,11,2,4,0
7302,4,Sport,10,4,33,71,301,2,16,1,5,0
7303,4,Atletico-Go,9,1,57,79,378,9,18,0,3,0
7303,4,Fortaleza,5,1,43,73,,4,13,6,1,0
7304,4,Fluminense,9,5,29,65,249,2,14,1,4,0
7304,4,Santos,18,8,71,86,616,9,9,1,,0
7305,4,Athletico-Pr,21,5,,79,407,7,8,3,4,0
7305,4,Flamengo,13,6,42,72,311,3,15,0,2,0
7306,5,Bragantino,9,4,,76,272,2,13,2,3,0
7306,5,Flamengo,20,9,68,87,,14,15,0,2,0
7307,5,America-Mg,12,5,42,72,316,5,10,3,4,0
7307,5,Palmeiras,15,6,58,77,422,7,15,0,3,0
7308,5,Bahia,12,2,52,86,535,3,10,0,1,0
7308,5,Corinthians,10,3,48,83,505,8,18,2,3,0
7309,5,Ceara,14,2,38,64,252,7,23,1,,0
7309,5,Internacional,10,3,62,74,407,6,16,1,2,0
7310,5,Fluminense,4,3,37,74,,3,17,2,0,0
7310,5,Fortaleza,16,2,63,86,534,7,14,6,3,0
7311,5,Athletico-Pr,12,3,49,83,440,4,17,2,2,0
7311,5,Atletico-Go,10,3,51,82,477,3,15,1,2,0
7312,5,Santos,11,5,38,66,271,3,22,3,2,0
7312,5,Sao Paulo,8,1,62,75,413,7,20,2,4,0
7313,5,Juventude,8,4,51,84,508,3,16,2,4,0
7313,5,Sport,13,2,49,84,484,5,9,1,0,0
7314,5,Atletico-Mg,,2,67,88,593,9,9,0,1,0
7314,5,Chapecoense,13,1,33,72,281,7,10,2,1,0
7315,5,Cuiaba,10,2,53,79,415,2,12,0,1,0
7315,5,Gremio,7,3,47,75,370,7,10,2,5,0
7316,6,Atletico-Go,9,2,49,82,390,6,22,0,3,0
7316,6,Fluminense,3,2,51,80,394,5,17,4,3,0
7317,6,Cuiaba,5,3,34,72,323,2,14,0,1,0
7317,6,Sao Paulo,17,7,66,87,614,5,18,3,1,0
7318,6,Flamengo,,7,63,84,470,11,18,1,1,0
7318,6,Fortaleza,10,5,37,73,286,2,15,2,1,0
7319,6,Bragantino,12,6,47,82,428,5,13,1,3,0
7319,6,Palmeiras,17,5,53,81,446,10,13,1,3,0
7320,6,America-Mg,12,2,54,84,459,8,17,0,1,1
7320,6,Juventude,8,3,46,82,408,3,16,1,2,0
7321,6,Chapecoense,,5,53,78,366,9,12,2,2,1
7321,6,Internacional,,11,47,77,345,9,19,3,3,2
7322,6,Corinthians,16,3,51,86,,4,8,1,0,0
7322,6,Sport,9,3,49,84,475,5,17,0,3,0
7323,6,Atletico-Mg,16,6,67,84,541,7,16,5,4,0
7323,6,Ceara,16,8,33,67,262,6,16,1,3,0
7324,6,Athletico-Pr,9,4,30,64,256,2,8,1,1,2
7324,6,Bahia,,7,70,,577,9,12,3,2,0
7325,6,Gremio,19,6,47,81,415,7,21,2,2,0
7325,6,Santos,6,3,53,84,483,1,14,2,3,0
7326,7,Flamengo,,2,65,72,510,10,12,1,1,0
7326,7,Juventude,8,4,,51,284,5,17,4,2,0
7327,7,Corinthians,10,4,54,86,535,5,11,0,1,0
7327,7,Fluminense,15,5,46,85,449,8,14,1,3,1
7328,7,Bahia,18,4,42,74,331,7,16,1,4,0
7328,7,Palmeiras,19,8,58,80,,7,10,6,3,0
7329,7,Athletico-Pr,18,5,62,84,519,6,12,0,1,0
7329,7,Chapecoense,12,5,38,72,313,5,15,2,1,0
7330,7,Fortaleza,15,6,42,72,301,5,12,3,4,0
7330,7,Gremio,18,5,58,,398,10,13,1,2,1
7331,7,Atletico-Mg,,3,51,78,408,6,16,4,2,1
7331,7,Santos,11,6,49,79,406,4,20,1,4,0
7332,7,America-Mg,13,6,40,72,309,5,16,1,2,0
7332,7,Internacional,10,3,60,,474,5,20,0,3,0
7333,7,Cuiaba,12,3,56,86,537,7,17,2,1,0
7333,7,Sport,8,1,44,84,445,3,11,3,0,0
7334,7,Ceara,18,7,36,,268,3,20,1,4,0
7334,7,Sao Paulo,,2,64,83,461,6,12,5,6,0
7335,7,Atletico-Go,12,2,42,72,336,5,24,1,2,0
7335,7,Bragantino,12,5,,80,468,8,16,0,2,0
7336,8,Athletico-Pr,11,5,44,85,430,2,15,1,2,0
7336,8,Fluminense,12,4,56,86,517,9,16,1,1,0
7337,8,Chapecoense,9,5,36,65,259,7,24,2,3,0
7337,8,Fortaleza,22,10,64,82,458,2,17,2,2,1
7338,8,Internacional,16,5,67,85,544,7,14,0,3,0
7338,8,Palmeiras,14,6,33,68,269,3,13,1,2,1
7339,8,America-Mg,16,8,28,72,238,4,9,5,0,0
7339,8,Bahia,20,7,72,89,605,8,6,3,4,0
7340,8,Santos,13,1,68,84,592,7,11,1,1,0
7340,8,Sport,,2,32,70,,1,19,3,4,0
7341,8,Corinthians,10,3,41,78,388,5,15,1,1,0
7341,8,Sao Paulo,8,3,59,85,559,3,26,5,1,0
7342,8,Gremio,13,3,70,90,689,6,12,1,0,0
7342,8,Juventude,11,5,30,74,295,3,15,0,3,0
7343,8,Bragantino,13,2,65,84,532,6,11,0,1,0
7343,8,Ceara,8,3,35,72,307,6,17,2,2,1
7344,8,Atletico-Go,,3,54,84,561,4,12,1,2,0
7344,8,Atletico-Mg,19,9,46,82,480,4,13,1,0,0
7345,8,Cuiaba,9,2,43,86,418,1,18,2,3,0
7345,8,Flamengo,12,5,57,85,528,5,26,3,5,0
7346,9,Athletico-Pr,16,8,41,78,364,3,18,3,3,0
7346,9,Fortaleza,15,4,59,84,513,4,14,0,3,0
7347,9,America-Mg,8,4,27,69,245,2,13,4,4,0
7347,9,Santos,21,8,73,87,636,12,6,2,3,0
7348,9,Corinthians,,9,58,,540,3,11,0,2,0
7348,9,Internacional,7,3,42,73,407,2,17,2,2,0
7349,9,Bahia,13,6,53,79,452,5,13,0,1,0
7349,9,Chapecoense,7,1,47,75,389,9,14,4,2,0
7350,9,Flamengo,21,4,67,88,,6,11,0,2,0
7350,9,Fluminense,11,5,33,73,282,5,15,2,1,0
7351,9,Palmeiras,14,5,,83,436,6,13,1,1,0
7351,9,Sport,13,1,49,85,414,3,23,0,2,0
7352,9,Ceara,12,5,64,84,530,4,23,0,2,0
7352,9,Juventude,4,3,36,71,302,3,15,0,1,1
7353,9,Bragantino,12,5,52,,483,7,14,1,2,0
7353,9,Sao Paulo,9,6,48,78,452,4,25,2,1,0
7354,9,Atletico-Mg,,1,40,80,387,1,15,2,2,0
7354,9,Cuiaba,11,4,,87,564,5,14,2,5,0
7355,9,Atletico-Go,10,5,37,80,405,7,9,4,0,0
7355,9,Gremio,21,4,63,89,662,11,16,2,3,0
7356,10,Athletico-Pr,11,2,46,80,428,4,13,2,2,0
7356,10,Santos,18,9,54,86,503,7,17,2,2,0
7357,10,Bahia,8,2,53,85,508,3,19,1,2,0
7357,10,Juventude,9,3,47,83,468,2,19,3,3,0
7358,10,Bragantino,10,1,54,81,436,4,15,0,3,0
7358,10,Cuiaba,9,2,46,78,388,6,21,1,2,0
7359,10,America-Mg,11,3,44,79,378,3,16,1,1,0
7359,10,Fortaleza,16,5,56,83,466,2,18,2,2,0
7360,10,Gremio,12,4,53,88,465,5,16,0,2,0
7360,10,Palmeiras,18,6,47,85,429,4,15,2,2,0
7361,10,Atletico-Mg,12,6,49,86,501,3,19,2,1,0
7361,10,Flamengo,16,6,51,88,497,6,10,3,1,0
7362,10,Atletico-Go,13,4,57,87,,4,16,0,4,0
7362,10,Sport,11,3,43,83,372,7,9,1,1,0
7363,10,Internacional,9,2,52,76,,7,21,0,2,0
7363,10,Sao Paulo,11,5,48,76,396,3,24,4,3,0
7364,10,Ceara,7,2,36,70,282,0,21,0,3,0
7364,10,Fluminense,16,5,64,82,,4,24,2,2,0
7365,10,Chapecoense,14,4,42,81,397,5,17,2,3,0
7365,10,Corinthians,12,5,58,87,549,8,10,0,0,0
7366,11,Palmeiras,14,7,35,76,280,6,19,3,1,0
7366,11,Santos,12,2,65,91,498,5,21,0,6,0
7367,11,Gremio,11,2,51,73,409,5,12,2,1,0
7367,11,Internacional,16,8,49,76,401,7,19,0,2,0
7368,11,Athletico-Pr,22,6,55,83,490,3,18,0,0,0
7368,11,Bragantino,16,4,45,80,,2,16,3,4,0
7369,11,Fluminense,13,9,51,85,455,3,13,3,3,0
7369,11,Sport,11,3,,81,446,1,16,2,1,0
7370,11,Bahia,6,2,37,71,341,1,15,0,1,0
7370,11,Sao Paulo,15,6,63,83,566,2,16,2,0,0
7371,11,America-Mg,12,2,49,76,386,8,15,3,1,0
7371,11,Atletico-Mg,13,5,51,76,403,10,17,0,1,0
7372,11,Atletico-Go,8,4,49,84,459,3,23,0,2,0
7372,11,Juventude,15,3,51,84,454,4,17,1,2,0
7373,11,Ceara,20,7,59,83,479,7,13,2,2,0
7373,11,Cuiaba,11,3,41,81,338,4,9,1,0,1
7374,11,Chapecoense,13,4,28,,262,1,16,2,3,0
7374,11,Flamengo,24,7,72,,661,11,19,0,3,0
7375,11,Corinthians,7,1,57,88,529,6,14,1,3,0
7375,11,Fortaleza,16,4,43,84,411,7,13,1,4,0
7376,12,Athletico-Pr,9,1,47,84,386,5,15,0,3,0
7376,12,Ceara,21,4,53,84,436,5,11,3,4,0
7377,12,Fortaleza,9,4,41,69,267,5,20,1,2,0
7377,12,Sao Paulo,10,3,59,77,358,9,18,1,3,0
7378,12,Atletico-Mg,13,8,63,87,602,5,22,2,2,0
7378,12,Corinthians,12,2,37,75,363,2,9,0,,0
7379,12,Fluminense,10,2,57,86,549,3,13,0,1,0
7379,12,Gremio,8,1,43,85,416,4,12,0,4,0
7380,12,Chapecoense,11,6,41,81,372,6,15,1,2,0
7380,12,Cuiaba,11,6,59,86,543,2,13,2,2,0
7381,12,Atletico-Go,11,1,58,85,,4,8,4,2,0
7381,12,Palmeiras,15,6,42,82,337,6,16,3,1,0
7382,12,Bahia,11,3,35,81,332,4,18,0,5,0
7382,12,Flamengo,,10,65,89,633,3,8,2,1,0
7383,12,Internacional,14,5,51,83,428,7,19,0,4,0
7383,12,Juventude,11,4,49,,433,5,14,2,4,1
7384,12,Bragantino,11,5,39,74,316,5,17,2,3,0
7384,12,Santos,16,5,61,80,485,4,15,3,6,0
7385,12,America-Mg,16,3,64,81,468,9,19,2,1,0
7385,12,Sport,11,5,36,66,274,4,22,2,3,0
7386,13,America-Mg,18,7,48,77,432,5,16,1,3,0
7386,13,Gremio,12,4,52,77,,8,20,1,3,0
7387,13,Fluminense,9,3,50,,476,5,9,1,2,0
7387,13,Palmeiras,10,1,50,85,484,7,13,2,1,0
7388,13,Atletico-Mg,12,5,60,86,511,8,17,3,2,0
7388,13,Bahia,11,5,40,81,331,8,14,0,1,0
7389,13,Bragantino,13,4,66,83,513,5,14,0,2,0
7389,13,Fortaleza,14,4,34,71,279,3,21,1,4,0
7390,13,Flamengo,12,8,58,78,428,7,23,2,3,0
7390,13,Sao Paulo,18,6,42,,316,4,16,4,6,0
7391,13,Atletico-Go,7,2,25,67,242,2,7,2,2,0
7391,13,Santos,29,2,75,89,,15,14,3,2,0
7392,13,Athletico-Pr,11,4,53,81,413,8,14,1,4,0
7392,13,Internacional,13,3,47,82,373,2,13,0,3,0
7393,13,Ceara,14,0,45,77,345,8,13,1,1,0
7393,13,Sport,12,0,55,80,415,2,12,2,4,0
7394,13,Chapecoense,7,2,68,86,545,1,15,1,1,0
7394,13,Juventude,13,2,32,73,266,3,16,1,5,0
7395,13,Corinthians,4,2,,,467,5,12,2,1,0
7395,13,Cuiaba,16,7,53,85,501,5,16,4,2,1
7396,14,Palmeiras,7,3,46,79,350,2,15,1,3,0
7396,14,Sao Paulo,12,3,54,81,403,7,20,2,3,1
7397,14,Cuiaba,13,4,42,77,379,3,18,0,3,0
7397,14,Internacional,,3,58,81,510,2,20,2,1,1
7398,14,Bragantino,,3,,82,531,4,13,1,1,0
7398,14,Gremio,7,1,47,80,473,5,19,0,2,0
7399,14,Corinthians,9,3,34,79,389,3,7,0,1,0
7399,14,Flamengo,17,7,66,89,742,6,13,1,1,0
7400,14,Athletico-Pr,8,1,39,,,2,12,1,3,0
7400,14,Atletico-Mg,11,3,61,90,616,4,14,1,2,1
7401,14,Chapecoense,20,6,44,77,361,6,17,3,0,0
7401,14,Santos,11,5,56,83,458,5,13,0,0,0
7402,14,Bahia,21,4,60,86,512,11,16,0,2,0
7402,14,Sport,8,2,40,78,354,2,18,1,3,0
7403,14,America-Mg,16,5,47,73,,5,14,1,0,0
7403,14,Atletico-Go,7,2,53,73,,4,21,1,4,0
7404,14,Ceara,12,4,48,75,313,5,13,2,2,0
7404,14,Fortaleza,28,8,52,79,331,9,12,1,3,0
7405,14,Fluminense,,6,64,87,579,7,23,1,2,0
7405,14,Juventude,7,2,36,78,330,2,18,1,1,0
7406,15,Bragantino,13,4,62,85,451,8,14,1,1,0
7406,15,Sport,17,7,38,73,274,9,17,0,3,0
7407,15,Athletico-Pr,15,6,52,80,427,8,12,1,2,0
7407,15,Sao Paulo,11,4,48,80,419,2,16,2,4,1
7408,15,Fortaleza,15,6,,77,324,2,13,2,1,1
7408,15,Palmeiras,20,2,62,85,507,6,22,1,4,1
7409,15,Bahia,9,4,60,83,455,11,17,5,2,0
7409,15,Cuiaba,11,2,40,75,315,4,15,2,1,1
7410,15,Atletico-Mg,20,4,66,88,586,5,14,2,3,0
7410,15,Juventude,6,1,34,75,310,4,17,1,1,0
7411,15,America-Mg,15,7,44,77,365,4,17,1,,0
7411,15,Fluminense,7,2,56,79,462,8,13,1,2,0
7412,15,Corinthians,,5,43,84,426,3,9,1,1,0
7412,15,Santos,11,5,,87,561,5,17,3,1,0
7413,15,Atletico-Go,7,2,59,82,516,3,15,0,2,0
7413,15,Ceara,19,5,41,79,350,6,18,1,2,0
7414,15,Flamengo,,7,64,87,559,7,9,1,1,1
7414,15,Internacional,9,5,36,76,331,2,15,0,2,0
7415,15,Chapecoense,,2,46,,,3,10,0,3,0
7415,15,Gremio,20,3,54,82,547,9,14,2,1,0
7416,16,Bragantino,5,1,54,81,456,2,14,1,4,0
7416,16,Juventude,13,6,46,80,379,9,14,2,4,0
7417,16,Atletico-Mg,15,6,67,89,658,11,14,1,2,0
7417,16,Palmeiras,1,1,33,80,322,2,14,1,0,1
7418,16,Gremio,9,3,36,73,312,2,16,1,1,0
7418,16,Sao Paulo,12,6,64,84,553,6,14,2,3,0
7419,16,Flamengo,17,9,65,87,637,6,14,2,4,0
7419,16,Sport,4,2,35,77,348,3,11,0,1,0
7420,16,Ceara,15,6,39,79,399,6,16,0,1,0
7420,16,Corinthians,7,3,61,87,631,7,7,0,1,0
7421,16,Atletico-Go,12,3,46,81,433,5,11,1,0,0
7421,16,Bahia,16,8,54,84,489,4,18,3,2,0
7422,16,Athletico-Pr,,1,61,87,499,5,20,1,1,0
7422,16,Cuiaba,12,2,39,83,331,3,15,2,1,0
7423,16,Fortaleza,,2,45,82,390,6,17,4,2,0
7423,16,Santos,8,2,55,83,471,2,13,1,1,0
7424,16,Fluminense,,5,65,89,622,8,8,0,0,0
7424,16,Internacional,17,7,35,83,347,5,14,2,2,0
7425,16,America-Mg,,6,59,83,402,9,11,3,1,0
7425,16,Chapecoense,10,5,41,68,300,3,10,1,1,1
7426,17,Atletico-Go,16,2,70,85,559,6,13,1,2,1
7426,17,Chapecoense,8,2,,73,234,1,24,3,5,0
7427,17,Bahia,9,3,47,,425,2,15,0,1,0
7427,17,Gremio,15,6,53,82,489,4,12,0,1,0
7428,17,Fortaleza,16,4,,79,395,9,9,2,1,0
7428,17,Juventude,19,4,56,84,495,5,8,0,1,0
7429,17,Cuiaba,9,4,34,73,306,3,14,3,1,0
7429,17,Palmeiras,,7,66,86,544,13,8,4,1,0
7430,17,Ceara,12,5,37,,,4,13,1,0,0
7430,17,Flamengo,18,5,63,84,,5,12,0,2,0
7431,17,Athletico-Pr,16,4,44,85,479,4,12,1,1,1
7431,17,Corinthians,8,2,56,86,599,2,7,1,0,0
7432,17,Internacional,13,4,,77,406,4,14,1,2,0
7432,17,Santos,10,4,52,81,434,4,19,2,2,0
7433,17,Sao Paulo,12,3,52,79,422,7,17,0,2,0
7433,17,Sport,15,4,48,,,3,15,0,2,0
7434,17,America-Mg,14,3,51,81,440,9,14,2,2,0
7434,17,Bragantino,10,3,49,79,449,0,15,2,0,0
7435,17,Atletico-Mg,19,7,,87,602,6,16,1,3,0
7435,17,Fluminense,9,3,34,80,306,6,16,2,3,0
7436,18,Chapecoense,15,2,45,79,354,5,17,2,1,0
7436,18,Sport,20,7,55,81,415,11,17,1,0,1
7437,18,Flamengo,18,11,51,86,456,5,14,2,4,0
7437,18,Santos,11,2,49,87,445,4,14,3,4,0
7438,18,Corinthians,6,1,56,87,593,4,7,0,2,0
7438,18,Gremio,11,2,44,85,462,6,17,0,1,1
7439,18,Athletico-Pr,11,4,51,84,489,3,16,1,0,0
7439,18,Palmeiras,16,3,49,86,459,8,10,4,3,0
7440,18,America-Mg,19,4,38,71,,9,19,2,1,0
7440,18,Ceara,6,2,62,77,481,2,13,1,2,0
7441,18,Juventude,9,2,39,75,298,3,15,0,2,0
7441,18,Sao Paulo,7,4,61,82,460,8,21,3,5,0
7442,18,Atletico-Go,8,3,52,81,429,6,13,3,1,0
7442,18,Internacional,7,3,48,76,397,6,15,1,2,0
7443,18,Atletico-Mg,26,8,67,90,653,17,18,1,4,0
7443,18,Bragantino,5,0,33,75,333,1,16,1,3,0
7444,18,Bahia,10,2,52,75,398,8,21,3,4,0
7444,18,Fluminense,6,4,48,77,391,3,19,2,2,0
7445,18,Cuiaba,11,5,35,76,307,4,17,2,5,0
7445,18,Fortaleza,19,4,,85,539,7,15,2,2,0
7446,19,Bahia,13,8,,69,315,6,25,2,3,0
7446,19,Fortaleza,18,6,60,78,467,4,7,0,1,0
7447,19,Cuiaba,14,5,36,74,330,3,11,0,3,0
7447,19,Santos,18,5,64,89,551,5,11,1,1,0
7448,19,Athletico-Pr,16,3,59,86,481,9,10,2,1,0
7448,19,Sport,9,2,41,78,346,7,9,3,1,1
7449,19,Corinthians,11,2,59,89,628,2,15,0,3,0
7449,19,Juventude,12,7,41,85,437,2,20,1,4,0
7450,19,Chapecoense,11,3,55,84,519,8,18,1,0,0
7450,19,Fluminense,9,2,45,82,439,4,4,0,0,0
7451,19,America-Mg,9,4,41,76,322,3,18,5,1,0
7451,19,Sao Paulo,6,2,59,78,452,8,17,4,3,0
7452,19,Ceara,,5,47,82,368,7,19,2,4,0
7452,19,Palmeiras,12,5,53,83,427,6,11,3,2,0
7453,19,Bragantino,15,6,58,85,473,6,13,1,2,0
7453,19,Internacional,9,4,42,77,353,1,18,1,5,0
7454,19,Atletico-Mg,,4,53,82,445,1,10,2,5,0
7454,19,Gremio,14,5,47,82,388,8,14,2,6,0
7455,19,Atletico-Go,10,2,48,80,443,7,15,2,1,0
7455,19,Flamengo,23,7,52,85,480,9,10,4,2,0
7456,20,America-Mg,27,6,56,81,426,9,14,3,1,0
7456,20,Athletico-Pr,7,1,,75,350,5,17,1,1,0
7457,20,Cuiaba,3,1,37,74,349,0,13,1,4,1
7457,20,Juventude,17,6,63,86,560,5,12,4,3,0
7458,20,Bragantino,12,5,56,87,501,3,17,2,4,1
7458,20,Chapecoense,22,6,44,82,387,6,13,1,2,0
7459,20,Bahia,13,4,35,68,312,1,20,0,4,0
7459,20,Santos,10,1,65,82,566,5,16,0,1,0
7460,20,Ceara,8,1,,83,508,4,9,0,0,0
7460,20,Gremio,13,3,41,78,359,5,22,0,0,0
7461,20,Atletico-Mg,11,4,52,84,488,4,18,1,2,0
7461,20,Fortaleza,14,4,48,81,451,5,13,1,1,0
7462,20,Flamengo,11,4,41,81,379,4,15,1,2,0
7462,20,Palmeiras,12,5,59,89,509,7,14,2,0,1
7463,20,Atletico-Go,11,5,52,85,481,4,10,2,4,0
7463,20,Corinthians,8,2,48,,444,5,10,2,2,0
7464,20,Fluminense,8,5,42,78,309,4,16,0,5,0
7464,20,Sao Paulo,8,7,58,83,417,5,16,3,4,0
7465,20,Internacional,11,4,49,79,449,4,20,1,1,0
7465,20,Sport,,3,51,83,434,5,21,2,4,0
7466,21,Chapecoense,15,3,54,85,461,8,16,1,2,0
7466,21,Palmeiras,13,7,46,83,419,1,14,1,2,0
7467,21,Athletico-Pr,27,7,60,86,479,9,18,0,5,0
7467,21,Juventude,15,3,40,82,341,3,7,0,1,1
7468,21,Atletico-Mg,22,9,60,87,,6,18,0,2,0
7468,21,Sport,7,1,40,,367,4,13,3,3,0
7469,21,Bahia,13,3,41,74,372,4,16,0,1,0
7469,21,Bragantino,15,5,59,81,,2,13,0,4,0
7470,21,Ceara,10,4,51,71,390,6,17,0,3,0
7470,21,Santos,7,1,,73,390,4,13,0,2,0
7471,21,Fortaleza,11,5,41,86,358,4,15,1,1,1
7471,21,Internacional,18,5,59,88,497,8,12,2,3,1
7472,21,Atletico-Go,11,4,48,77,410,6,11,1,2,0
7472,21,Sao Paulo,13,5,52,79,443,8,18,1,1,0
7473,21,America-Mg,16,7,35,78,350,2,13,1,0,0
7473,21,Corinthians,15,8,,86,656,5,8,1,1,1
7474,21,Flamengo,9,1,62,85,534,2,16,2,3,0
7474,21,Gremio,11,5,38,73,330,4,17,0,4,0
7475,21,Cuiaba,7,3,59,85,476,1,15,1,2,1
7475,21,Fluminense,12,5,41,,334,5,16,2,2,0
7476,22,Ceara,24,8,59,79,485,8,8,1,0,0
7476,22,Chapecoense,9,1,41,76,339,5,18,1,2,1
7477,22,Corinthians,8,3,49,84,423,5,8,2,1,0
7477,22,Palmeiras,16,5,51,82,430,9,11,3,1,0
7478,22,Atletico-Mg,11,4,51,,501,5,12,1,1,0
7478,22,Sao Paulo,7,0,49,82,495,3,14,0,1,0
7479,22,America-Mg,15,2,42,76,369,6,9,5,1,0
7479,22,Flamengo,9,5,58,84,505,6,12,2,1,0
7480,22,Bahia,15,2,42,73,347,7,15,0,2,0
7480,22,Internacional,12,7,58,80,503,8,19,0,2,0
7481,22,Bragantino,7,4,57,86,,2,19,0,2,0
7481,22,Fluminense,16,6,43,81,404,4,11,2,2,0
7482,22,Juventude,6,4,37,77,325,2,15,2,3,0
7482,22,Santos,19,3,63,86,534,5,16,1,0,0
7483,22,Fortaleza,15,7,43,76,,3,14,0,2,0
7483,22,Sport,18,5,57,82,452,3,19,2,5,0
7484,22,Athletico-Pr,16,5,54,85,514,3,17,0,1,0
7484,22,Gremio,15,7,46,82,437,7,18,0,5,0
7485,22,Atletico-Go,16,3,57,,395,8,10,1,1,0
7485,22,Cuiaba,,2,43,72,312,4,16,2,4,0
7486,23,America-Mg,9,2,,78,322,3,20,2,2,0
7486,23,Cuiaba,14,3,53,79,368,4,13,0,,0
7487,23,Atletico-Go,6,5,32,70,219,4,20,1,4,0
7487,23,Fortaleza,14,4,68,87,466,10,14,4,1,0
7488,23,Bragantino,15,5,38,,349,6,10,1,0,0
7488,23,Corinthians,11,7,62,90,595,8,6,1,0,0
7489,23,Atletico-Mg,10,3,57,86,490,7,16,2,4,0
7489,23,Internacional,6,4,43,78,371,6,15,1,2,0
7490,23,Athletico-Pr,9,2,28,77,295,3,14,2,2,0
7490,23,Flamengo,11,4,72,90,777,2,13,1,2,0
7491,23,Chapecoense,6,2,37,72,345,7,11,1,1,0
7491,23,Sao Paulo,17,8,63,84,571,7,11,3,1,0
7492,23,Juventude,,4,26,68,215,2,13,1,1,0
7492,23,Palmeiras,15,3,74,88,602,8,19,3,1,0
7493,23,Gremio,22,7,65,87,520,11,21,0,2,0
7493,23,Sport,9,6,35,76,293,2,18,0,1,0
7494,23,Fluminense,17,4,56,81,468,4,10,0,2,0
7494,23,Santos,,5,44,76,385,2,18,0,2,0
7495,23,Bahia,13,7,55,83,410,8,19,0,3,0
7495,23,Ceara,9,4,45,82,,5,13,2,1,1
7496,24,Bahia,3,2,28,74,288,0,18,0,0,1
7496,24,Corinthians,21,11,72,,,7,14,0,0,0
7497,24,Atletico-Mg,16,5,66,,551,11,17,3,1,0
7497,24,Chapecoense,10,4,34,66,282,4,12,1,2,0
7498,24,Athletico-Pr,12,4,39,82,324,7,16,1,3,0
7498,24,Atletico-Go,15,3,61,85,487,11,12,2,3,0
7499,24,Juventude,9,1,56,89,572,6,11,1,2,0
7499,24,Sport,14,8,44,88,468,0,11,1,2,0
7500,24,Ceara,16,5,48,77,337,9,22,1,5,0
7500,24,Internacional,9,1,52,,373,5,16,1,2,0
7501,24,Bragantino,13,4,42,76,324,10,13,1,1,0
7501,24,Flamengo,11,3,58,82,441,4,20,1,3,0
7502,24,Fluminense,8,3,54,82,461,5,13,1,2,0
7502,24,Fortaleza,10,4,,79,403,4,16,0,2,0
7503,24,America-Mg,27,6,61,85,436,8,14,1,2,0
7503,24,Palmeiras,14,5,39,70,301,5,17,2,3,0
7504,24,Cuiaba,5,2,37,,360,3,10,1,2,0
7504,24,Gremio,20,7,63,84,571,7,15,0,2,0
7505,24,Santos,6,3,39,70,300,3,13,2,4,0
7505,24,Sao Paulo,14,3,61,79,431,9,19,3,2,0
7506,25,Atletico-Go,,2,47,81,389,6,17,1,2,0
7506,25,Fluminense,,1,53,83,419,3,15,3,2,0
7507,25,Atletico-Mg,12,4,55,82,428,8,12,2,1,0
7507,25,Ceara,11,5,45,80,352,5,10,2,3,0
7508,25,Corinthians,9,3,67,90,707,4,7,1,0,0
7508,25,Sport,11,3,33,81,340,7,14,1,3,0
7509,25,Flamengo,13,6,61,88,522,5,17,0,2,0
7509,25,Fortaleza,6,2,39,79,343,3,10,3,0,1
7510,25,Athletico-Pr,,3,59,84,482,5,14,1,1,0
7510,25,Bahia,8,4,41,74,347,2,9,0,2,0
7511,25,Bragantino,12,6,44,,379,3,15,0,2,0
7511,25,Palmeiras,20,6,56,82,457,8,14,4,1,0
7512,25,America-Mg,10,2,41,73,,4,26,0,3,0
7512,25,Juventude,14,5,59,80,428,3,24,0,6,0
7513,25,Chapecoense,,4,49,81,422,7,14,1,1,0
7513,25,Internacional,,11,,83,434,7,16,1,3,0
7514,25,Gremio,8,3,40,,319,3,25,1,5,1
7514,25,Santos,13,5,60,82,446,9,14,1,4,0
7515,25,Cuiaba,15,6,34,74,299,4,14,1,2,0
7515,25,Sao Paulo,9,2,66,87,568,2,16,0,2,0
7516,26,Atletico-Go,5,3,61,85,483,4,13,0,4,0
7516,26,Bragantino,11,3,39,78,308,5,12,0,1,1
7517,26,Bahia,17,5,52,83,375,14,22,3,4,0
7517,26,Palmeiras,9,2,48,,,5,13,1,2,1
7518,26,Atletico-Mg,14,6,60,87,500,4,10,0,2,0
7518,26,Santos,5,1,40,80,336,2,13,1,7,0
7519,26,Athletico-Pr,,3,63,82,512,8,13,0,5,0
7519,26,Chapecoense,20,6,37,71,313,5,17,3,4,0
7520,26,Flamengo,14,6,64,87,553,6,17,0,2,0
7520,26,Juventude,10,2,36,81,311,6,14,1,3,0
7521,26,Fortaleza,22,8,47,80,393,10,13,0,2,0
7521,26,Gremio,13,5,53,82,439,4,17,2,2,0
7522,26,Corinthians,8,1,54,90,568,8,4,1,1,0
7522,26,Fluminense,13,4,46,89,503,3,9,0,1,0
7523,26,America-Mg,10,2,51,71,370,6,23,1,2,0
7523,26,Internacional,10,6,49,74,355,4,21,2,1,0
7524,26,Ceara,12,7,36,64,236,10,14,0,3,0
7524,26,Sao Paulo,23,8,64,80,422,10,18,3,3,0
7525,26,Cuiaba,16,8,55,84,491,2,14,2,4,0
7525,26,Sport,13,3,45,83,394,5,8,1,0,0
7526,27,Chapecoense,8,1,37,72,291,3,20,2,3,0
7526,27,Fortaleza,14,5,,83,498,3,12,4,1,0
7527,27,America-Mg,15,6,55,75,382,8,12,3,1,0
7527,27,Bahia,13,3,45,69,320,7,22,2,,0
7528,27,Athletico-Pr,16,6,52,83,439,6,22,0,2,0
7528,27,Fluminense,6,2,48,,420,1,15,1,1,0
7529,27,Internacional,14,4,47,83,423,6,21,0,4,1
7529,27,Palmeiras,16,3,,88,,5,13,4,3,0
7530,27,Bragantino,19,6,41,72,326,1,14,0,7,0
7530,27,Ceara,23,9,59,79,458,11,13,2,2,0
7531,27,Gremio,,7,55,82,492,6,24,1,1,0
7531,27,Juventude,6,3,45,,408,1,15,0,3,0
7532,27,Atletico-Go,9,4,36,77,335,3,8,1,1,0
7532,27,Atletico-Mg,22,3,64,88,593,8,7,1,0,0
7533,27,Santos,10,2,54,83,461,4,11,2,3,0
7533,27,Sport,14,3,,77,385,8,14,0,1,0
7534,27,Cuiaba,2,0,29,67,303,2,7,2,1,0
7534,27,Flamengo,16,4,71,,691,12,12,1,1,0
7535,27,Corinthians,10,2,55,86,500,5,8,2,2,0
7535,27,Sao Paulo,8,2,45,81,420,6,21,4,3,0
7536,28,America-Mg,16,4,51,82,441,5,12,3,2,0
7536,28,Santos,14,6,49,80,431,3,10,1,1,1
7537,28,Ceara,4,2,37,72,294,3,20,2,2,0
7537,28,Juventude,26,8,63,87,496,9,15,0,1,0
7538,28,Flamengo,,3,73,84,543,7,16,1,3,0
7538,28,Fluminense,11,6,27,64,206,5,22,1,6,0
7539,28,Athletico-Pr,13,4,46,81,,10,12,0,2,0
7539,28,Fortaleza,16,7,,84,442,4,13,0,2,0
7540,28,Corinthians,13,2,51,,514,2,11,1,3,1
7540,28,Internacional,11,6,,84,482,3,23,4,3,1
7541,28,Atletico-Mg,21,9,54,85,487,7,12,1,0,0
7541,28,Cuiaba,7,2,46,82,428,2,13,0,0,0
7542,28,Bragantino,16,5,44,80,357,3,14,1,3,0
7542,28,Sao Paulo,15,5,56,82,441,5,19,2,0,0
7543,28,Bahia,15,6,53,87,519,4,6,0,1,0
7543,28,Chapecoense,11,1,47,84,450,9,11,0,1,0
7544,28,Atletico-Go,11,6,46,79,360,3,11,0,2,0
7544,28,Gremio,19,5,54,84,404,11,17,1,7,1
7545,28,Palmeiras,37,16,65,84,472,23,10,1,1,0
7545,28,Sport,6,1,35,70,284,0,20,0,3,0
7546,34,Bragantino,16,3,45,82,387,8,17,0,3,0
7546,34,Sport,17,4,,83,472,7,14,0,6,0
7547,34,Atletico-Mg,18,5,61,90,588,5,20,1,1,0
7547,34,Juventude,2,0,39,80,387,1,13,0,2,0
7548,34,Fortaleza,8,3,33,70,267,2,22,2,3,0
7548,34,Palmeiras,13,4,67,83,,6,12,2,2,0
7549,34,Chapecoense,10,4,37,70,308,4,19,0,1,0
7549,34,Gremio,24,6,63,84,518,4,18,0,1,0
7550,34,Atletico-Go,20,4,60,84,459,10,10,0,0,0
7550,34,Ceara,5,2,40,76,320,1,21,5,3,0
7551,34,Flamengo,15,8,48,83,439,5,13,3,,0
7551,34,Internacional,22,9,52,84,452,8,14,3,2,0
7552,34,Corinthians,23,11,,90,640,11,6,0,1,0
7552,34,Santos,9,1,35,86,344,4,8,1,0,0
7553,34,America-Mg,9,3,52,82,415,1,17,0,2,0
7553,34,Fluminense,,5,48,80,384,2,21,1,1,0
7554,34,Bahia,19,3,55,82,470,8,12,0,1,0
7554,34,Cuiaba,8,0,,76,391,4,9,4,0,0
7555,34,Athletico-Pr,3,0,29,,252,0,15,2,2,0
7555,34,Sao Paulo,20,2,71,84,597,9,14,1,3,0
7556,29,Athletico-Pr,29,6,67,83,584,8,11,0,1,0
7556,29,Santos,10,2,33,72,305,2,9,1,2,0
7557,29,Atletico-Mg,16,2,,77,453,7,19,1,2,0
7557,29,Flamengo,8,3,37,70,269,2,22,1,4,0
7558,29,Bahia,9,0,40,66,326,3,17,0,1,0
7558,29,Juventude,18,3,60,82,,7,13,2,2,0
7559,29,America-Mg,23,8,45,71,,7,13,1,0,0
7559,29,Fortaleza,12,8,55,75,401,5,19,2,5,0
7560,29,Gremio,15,5,49,80,397,4,26,2,5,0
7560,29,Palmeiras,11,5,51,81,410,2,12,0,2,0
7561,29,Ceara,8,2,27,70,217,4,8,1,4,1
7561,29,Fluminense,17,0,73,88,546,7,7,3,2,0
7562,29,Internacional,9,3,47,81,457,1,13,0,2,0
7562,29,Sao Paulo,21,8,53,85,494,5,17,4,0,0
7563,29,Atletico-Go,16,3,,81,429,3,13,0,3,0
7563,29,Sport,22,6,49,84,403,6,15,2,4,0
7564,29,Bragantino,13,8,42,83,363,2,16,1,3,0
7564,29,Cuiaba,20,6,58,86,484,7,8,1,2,0
7565,29,Chapecoense,2,2,20,,200,0,19,0,4,0
7565,29,Corinthians,18,5,80,90,,14,12,0,1,0
7566,31,Chapecoense,7,2,43,81,385,2,15,0,1,0
7566,31,Cuiaba,16,3,57,86,,6,13,3,1,0
7567,31,Fluminense,11,5,54,84,513,0,9,1,1,0
7567,31,Gremio,,7,46,83,445,6,18,0,3,0
7568,31,Athletico-Pr,13,4,,82,429,6,9,0,4,0
7568,31,Ceara,14,4,,76,407,3,10,2,3,1
7569,31,Atletico-Mg,11,5,46,87,434,8,20,1,2,0
7569,31,Corinthians,7,0,54,88,493,5,4,1,2,0
7570,31,Bragantino,14,3,58,82,478,7,10,0,1,0
7570,31,Santos,11,5,42,78,361,5,11,3,2,0
7571,31,Atletico-Go,10,0,51,88,442,8,13,0,3,0
7571,31,Palmeiras,14,7,49,89,443,5,10,1,1,0
7572,31,Fortaleza,15,3,40,77,333,6,15,5,4,0
7572,31,Sao Paulo,,3,60,83,471,5,11,3,5,0
7573,31,America-Mg,,6,59,82,497,9,14,1,3,0
7573,31,Sport,11,3,41,76,346,6,11,0,2,1
7574,31,Internacional,14,3,54,85,483,3,15,0,4,0
7574,31,Juventude,14,3,46,86,416,2,19,1,2,0
7575,31,Bahia,7,2,,74,268,3,9,2,1,2
7575,31,Flamengo,17,6,68,89,557,8,14,3,0,1
7576,30,Corinthians,14,6,59,86,501,8,18,0,3,0
7576,30,Fortaleza,9,2,41,79,367,4,26,2,3,0
7577,30,Gremio,8,5,61,80,451,8,17,1,3,1
7577,30,Internacional,,2,39,72,296,4,19,1,1,1
7578,30,Fluminense,21,3,62,85,534,5,11,2,1,0
7578,30,Sport,8,2,38,77,325,4,12,2,1,0
7579,30,Athletico-Pr,8,5,41,75,337,1,25,1,3,0
7579,30,Bragantino,11,3,59,82,452,5,16,1,2,0
7580,30,America-Mg,16,4,43,79,372,1,10,2,2,0
7580,30,Atletico-Mg,18,7,57,81,479,9,21,1,3,0
7581,30,Palmeiras,15,6,51,83,453,2,17,2,2,0
7581,30,Santos,12,4,49,83,426,4,14,1,3,0
7582,30,Bahia,15,4,43,79,378,11,11,4,1,0
7582,30,Sao Paulo,8,3,57,85,521,6,18,4,2,0
7583,30,Ceara,16,4,49,78,333,8,15,2,3,0
7583,30,Cuiaba,7,1,51,76,347,4,13,4,1,0
7584,30,Chapecoense,14,3,40,69,302,7,14,3,2,1
7584,30,Flamengo,21,10,60,84,452,6,11,5,,1
7585,30,Atletico-Go,15,8,51,87,434,6,19,2,1,0
7585,30,Juventude,12,5,49,87,431,2,16,1,2,0
7586,32,Atletico-Go,9,3,66,75,423,14,13,2,2,0
7586,32,Santos,6,0,34,57,233,2,13,5,3,0
7587,32,America-Mg,12,6,40,74,362,3,14,1,3,0
7587,32,Gremio,26,8,60,83,515,9,16,3,1,0
7588,32,Bragantino,11,5,44,79,356,2,25,1,3,0
7588,32,Fortaleza,13,2,56,,437,5,12,2,4,0
7589,32,Athletico-Pr,10,1,53,85,423,5,13,1,3,0
7589,32,Internacional,16,4,47,81,380,5,17,4,7,0
7590,32,Corinthians,12,4,55,88,536,4,15,1,1,0
7590,32,Cuiaba,9,6,45,85,444,5,9,3,1,0
7591,32,Flamengo,15,7,60,88,549,3,9,2,1,0
7591,32,Sao Paulo,6,3,,78,375,1,6,0,1,1
7592,32,Fluminense,9,3,,83,480,5,12,0,3,1
7592,32,Palmeiras,11,4,47,84,443,2,20,0,4,2
7593,32,Ceara,12,3,38,75,291,2,12,0,1,0
7593,32,Sport,21,8,62,84,472,6,17,1,2,0
7594,32,Chapecoense,12,4,55,89,473,6,15,2,3,0
7594,32,Juventude,10,3,45,83,408,3,17,0,3,0
7595,32,Atletico-Mg,19,9,53,,425,6,12,1,3,0
7595,32,Bahia,13,3,47,77,387,4,13,1,2,0
7596,33,Athletico-Pr,8,1,44,80,408,3,15,0,1,0
7596,33,Atletico-Mg,9,2,56,85,520,6,14,1,2,0
7597,33,Bragantino,7,2,47,80,,1,17,0,2,0
7597,33,Gremio,25,10,53,82,,11,15,2,0,0
7598,33,America-Mg,23,4,59,82,498,2,7,2,1,0
7598,33,Atletico-Go,14,1,41,73,353,5,14,1,1,0
7599,33,Chapecoense,15,5,57,83,523,5,14,0,2,0
7599,33,Santos,9,3,43,83,395,2,14,1,1,0
7600,33,Cuiaba,,5,48,84,408,6,14,1,4,0
7600,33,Internacional,11,4,52,82,429,4,17,1,1,0
7601,33,Ceara,13,5,37,61,239,1,14,2,4,0
7601,33,Fortaleza,17,8,63,80,402,5,14,1,1,0
7602,33,Palmeiras,,4,57,83,422,7,12,1,1,0
7602,33,Sao Paulo,16,6,43,,342,3,19,3,2,0
7603,33,Fluminense,7,1,67,86,619,5,19,1,1,0
7603,33,Juventude,15,7,33,77,309,2,20,1,2,0
7604,33,Corinthians,6,1,43,73,390,1,8,0,2,0
7604,33,Flamengo,22,6,57,83,493,8,15,2,,0
7605,33,Bahia,14,4,58,83,498,5,14,0,3,0
7605,33,Sport,16,4,42,83,369,3,19,0,1,0
7606,35,Atletico-Mg,,5,,82,410,6,22,0,3,0
7606,35,Palmeiras,11,7,43,77,314,2,16,0,4,0
7607,35,Fluminense,9,1,30,,262,1,20,1,5,0
7607,35,Internacional,14,4,70,87,583,7,18,0,5,1
7608,35,Fortaleza,,2,,75,331,4,15,5,2,0
7608,35,Santos,15,6,56,86,424,6,15,3,3,0
7609,35,Ceara,15,5,,79,337,2,16,0,3,0
7609,35,Corinthians,15,6,63,86,565,5,13,0,4,0
7610,35,Atletico-Go,12,3,48,79,,4,16,6,5,0
7610,35,Bahia,14,2,52,81,364,5,20,0,2,1
7611,35,Bragantino,,0,54,81,376,4,25,2,3,0
7611,35,Juventude,9,2,46,76,334,0,15,2,3,0
7612,35,America-Mg,24,7,53,79,,8,10,0,2,0
7612,35,Chapecoense,10,3,47,76,369,9,11,0,2,0
7613,35,Gremio,17,8,45,76,398,6,17,0,3,0
7613,35,Sao Paulo,5,1,55,82,488,0,13,1,2,0
7614,35,Athletico-Pr,19,3,65,89,502,8,15,1,4,0
7614,35,Cuiaba,8,1,,76,,2,14,2,5,1
7615,35,Flamengo,22,7,53,,426,6,11,0,3,0
7615,35,Sport,15,9,47,85,,6,13,0,2,0
7616,36,Bahia,13,6,34,66,236,3,15,1,3,0
7616,36,Gremio,11,3,66,81,442,9,15,0,3,0
7617,36,America-Mg,13,3,49,72,353,5,14,0,2,0
7617,36,Bragantino,,5,51,78,357,6,21,0,3,0
7618,36,Sao Paulo,,9,49,84,395,7,16,2,0,0
7618,36,Sport,7,4,51,,,5,14,0,1,0
7619,36,Athletico-Pr,,2,,79,334,3,19,1,3,0
7619,36,Corinthians,16,5,66,87,660,10,14,1,5,0
7620,36,Atletico-Mg,9,4,48,81,,7,22,0,6,0
7620,36,Fluminense,6,4,52,80,334,3,18,0,3,0
7621,36,Internacional,17,6,54,84,478,3,16,1,1,0
7621,36,Santos,13,5,46,82,412,5,17,1,2,0
7622,36,Ceara,12,4,48,83,410,6,19,3,1,0
7622,36,Flamengo,15,5,52,84,427,8,20,3,6,0
7623,36,Cuiaba,21,6,59,84,455,12,15,3,4,0
7623,36,Palmeiras,13,5,41,78,337,4,10,0,1,1
7624,36,Atletico-Go,9,1,57,84,477,4,17,0,3,0
7624,36,Chapecoense,,0,43,77,354,3,17,3,2,0
7625,36,Fortaleza,15,4,,84,411,5,20,2,2,0
7625,36,Juventude,11,3,47,79,,4,14,0,0,0
7626,37,Bahia,14,6,37,74,285,11,14,0,2,1
7626,37,Fluminense,9,1,63,,512,3,20,1,5,1
7627,37,Corinthians,11,3,72,,633,2,7,3,1,0
7627,37,Gremio,,3,28,74,249,5,22,0,3,0
7628,37,Atletico-Mg,13,6,62,87,580,5,5,1,1,0
7628,37,Bragantino,18,11,38,85,361,3,10,0,2,0
7629,37,America-Mg,18,1,47,71,329,3,13,2,2,0
7629,37,Ceara,15,3,53,73,357,7,14,3,0,0
7630,37,Juventude,9,3,46,79,291,6,13,1,3,0
7630,37,Sao Paulo,13,6,54,78,356,7,25,0,5,0
7631,37,Athletico-Pr,23,4,72,83,600,8,11,4,1,0
7631,37,Palmeiras,4,0,28,62,249,1,10,0,1,0
7632,37,Cuiaba,8,1,36,71,279,1,22,4,1,0
7632,37,Fortaleza,13,3,64,82,489,2,23,1,3,0
7633,37,Atletico-Go,11,4,39,81,365,3,9,0,2,0
7633,37,Internacional,23,6,61,86,535,11,14,3,3,0
7634,37,Flamengo,9,4,,87,482,5,23,3,3,0
7634,37,Santos,9,4,36,75,280,1,14,4,3,0
7635,37,Chapecoense,14,6,29,73,213,6,16,0,3,1
7635,37,Sport,25,4,71,88,526,3,27,0,4,0
7636,38,Bahia,9,6,48,72,312,3,17,1,2,0
7636,38,Fortaleza,14,6,,80,338,6,15,3,4,0
7637,38,Atletico-Go,13,3,52,88,,4,15,1,4,0
7637,38,Flamengo,12,6,48,88,439,6,7,0,2,0
7638,38,Ceara,31,9,69,85,620,8,4,0,0,0
7638,38,Palmeiras,12,2,31,69,,5,18,2,2,0
7639,38,Chapecoense,3,0,32,72,260,3,10,2,2,0
7639,38,Fluminense,22,8,68,88,541,9,12,1,3,0
7640,38,America-Mg,19,4,45,75,383,5,18,2,2,0
7640,38,Sao Paulo,11,2,55,80,463,5,18,0,2,0
7641,38,Bragantino,23,4,44,80,370,4,23,3,4,0
7641,38,Internacional,4,1,56,78,474,2,26,0,5,0
7642,38,Athletico-Pr,7,4,37,81,338,4,14,0,1,0
7642,38,Sport,18,6,63,89,569,6,17,1,,0
7643,38,Corinthians,1,1,56,,,4,22,0,2,1
7643,38,Juventude,17,6,44,78,404,11,10,0,1,0
7644,38,Atletico-Mg,13,7,63,88,548,9,11,0,1,0
7644,38,Gremio,7,4,37,,328,3,15,1,3,0
7645,38,Cuiaba,8,3,38,72,321,4,15,1,2,0
7645,38,Santos,,5,62,84,513,6,17,0,1,0
7646,1,Fluminense,26,6,66,,545,8,14,0,1,0
7646,1,Santos,,1,34,71,286,1,18,4,0,0
7647,1,Atletico-Go,10,3,44,82,403,4,7,1,3,0
7647,1,Flamengo,12,3,56,87,502,10,11,2,2,0
7648,1,Ceara,19,9,44,69,309,8,14,0,8,1
7648,1,Palmeiras,17,4,56,81,377,11,17,3,4,0
7649,1,Coritiba,17,9,52,85,449,7,10,3,2,0
7649,1,Goias,7,0,48,83,421,3,12,2,4,0
7650,1,Botafogo-Rj,9,4,56,84,474,2,6,0,1,0
7650,1,Corinthians,15,8,44,79,382,4,18,1,4,0
7651,1,Atletico-Mg,15,5,52,87,534,3,12,2,2,0
7651,1,Internacional,6,1,48,85,491,3,18,0,4,0
7652,1,Cuiaba,9,4,34,69,245,1,23,0,3,0
7652,1,Fortaleza,,5,66,84,444,7,22,1,2,0
7653,1,America-Mg,7,1,41,75,395,1,18,2,3,2
7653,1,Avai,13,2,59,84,541,6,20,3,3,0
7654,1,Athletico-Pr,7,0,45,86,435,5,14,2,3,0
7654,1,Sao Paulo,18,8,55,88,517,5,17,2,1,0
7655,1,Bragantino,15,2,49,79,418,4,17,1,5,0
7655,1,Juventude,13,7,51,81,420,5,16,5,4,0
7656,2,Goias,9,6,24,60,198,2,16,0,4,0
7656,2,Palmeiras,22,6,76,84,607,6,7,2,0,0
7657,2,America-Mg,22,9,45,81,378,5,19,2,3,0
7657,2,Juventude,13,4,55,81,444,5,11,2,0,1
7658,2,Avai,15,5,45,85,506,2,12,5,1,0
7658,2,Corinthians,14,4,55,86,597,7,22,1,1,0
7659,2,Cuiaba,5,1,38,,333,2,18,1,2,0
7659,2,Fluminense,12,3,62,86,525,5,14,0,1,0
7660,2,Coritiba,22,6,65,87,519,7,10,0,4,0
7660,2,Santos,15,7,35,77,287,4,22,2,2,0
7661,2,Flamengo,19,8,53,87,420,2,17,2,2,0
7661,2,Sao Paulo,6,1,47,84,372,3,25,1,6,0
7662,2,Athletico-Pr,12,3,44,81,408,2,9,1,2,0
7662,2,Atletico-Mg,,5,56,84,521,5,14,0,3,0
7663,2,Fortaleza,7,3,48,77,453,5,13,3,5,0
7663,2,Internacional,18,5,52,82,476,8,15,0,5,0
7664,2,Atletico-Go,5,3,,,366,2,9,2,4,0
7664,2,Bragantino,18,8,59,88,485,13,12,1,1,0
7665,2,Botafogo-Rj,,3,35,68,257,2,15,2,4,0
7665,2,Ceara,18,4,65,80,469,4,16,1,1,1
7666,4,Flamengo,17,2,57,86,444,9,15,1,3,0
7666,4,Palmeiras,10,2,43,76,347,6,21,1,4,0
7667,4,Bragantino,18,6,44,77,357,4,20,0,5,1
7667,4,Ceara,14,4,56,76,447,5,11,4,1,0
7668,4,America-Mg,7,3,46,75,364,6,19,4,1,0
7668,4,Athletico-Pr,13,6,54,79,417,11,12,3,0,0
7669,4,Atletico-Mg,21,5,70,88,582,10,15,2,4,0
7669,4,Goias,7,2,30,,253,0,20,0,5,0
7670,4,Atletico-Go,14,7,49,,473,6,14,0,0,0
7670,4,Cuiaba,17,5,51,89,475,4,12,1,2,0
7671,4,Botafogo-Rj,17,4,,83,402,6,14,2,2,0
7671,4,Juventude,7,4,,72,256,4,18,2,5,0
7672,4,Corinthians,6,3,56,80,422,9,14,1,1,0
7672,4,Fortaleza,15,5,44,73,335,4,14,4,3,0
7673,4,Coritiba,,8,55,89,438,8,13,1,0,0
7673,4,Fluminense,7,4,45,81,386,1,16,2,2,1
7674,4,Avai,11,4,39,78,378,2,16,0,4,0
7674,4,Internacional,23,3,,85,537,18,15,0,2,0
7675,4,Santos,8,3,43,81,353,4,8,0,4,0
7675,4,Sao Paulo,10,3,57,86,459,2,15,2,2,0
7676,3,Bragantino,15,3,33,67,242,6,13,1,5,0
7676,3,Sao Paulo,24,7,67,83,495,9,12,2,2,0
7677,3,Athletico-Pr,10,2,41,,354,6,15,2,4,0
7677,3,Flamengo,11,6,59,81,500,5,10,1,2,0
7678,3,Corinthians,7,1,56,84,426,3,14,0,2,0
7678,3,Palmeiras,20,7,44,78,339,12,13,3,1,0
7679,3,Fluminense,12,2,58,85,503,5,15,4,5,0
7679,3,Internacional,12,4,42,76,383,4,12,2,3,0
7680,3,Atletico-Mg,20,5,61,89,659,3,10,0,2,0
7680,3,Coritiba,,4,39,85,415,3,8,0,1,0
7681,3,America-Mg,19,2,61,85,490,8,8,1,0,0
7681,3,Santos,18,8,39,75,324,3,16,2,2,0
7682,3,Cuiaba,10,4,42,77,314,7,19,1,4,0
7682,3,Juventude,13,2,58,82,428,6,18,2,1,1
7683,3,Atletico-Go,9,2,37,75,320,2,11,2,2,0
7683,3,Botafogo-Rj,17,2,,85,526,7,5,2,1,0
7684,3,Avai,14,4,40,70,255,3,20,0,5,1
7684,3,Goias,18,5,60,81,376,5,20,3,5,0
7685,3,Ceara,19,7,60,87,451,1,18,2,4,0
7685,3,Fortaleza,11,3,,73,299,4,18,0,5,1
7686,5,America-Mg,12,9,31,59,261,3,22,3,3,1
7686,5,Atletico-Mg,,8,69,80,539,11,7,3,4,0
7687,5,Athletico-Pr,15,9,40,74,285,4,19,1,5,0
7687,5,Ceara,16,3,60,78,408,9,8,1,4,0
7688,5,Botafogo-Rj,13,8,,77,387,4,18,1,3,0
7688,5,Flamengo,17,8,53,81,408,10,13,8,1,0
7689,5,Fluminense,8,2,52,83,403,3,13,0,2,0
7689,5,Palmeiras,19,5,48,,357,6,10,3,1,0
7690,5,Atletico-Go,33,7,77,87,531,12,12,2,4,0
7690,5,Goias,6,3,23,60,173,0,11,2,2,1
7691,5,Bragantino,8,2,58,83,537,1,11,3,1,0
7691,5,Corinthians,4,1,42,80,416,1,9,1,2,0
7692,5,Cuiaba,16,3,53,88,454,8,12,2,2,0
7692,5,Santos,12,7,47,83,417,4,14,1,1,0
7693,5,Internacional,8,3,,76,359,3,13,1,5,0
7693,5,Juventude,12,5,57,82,454,6,22,2,5,0
7694,5,Fortaleza,12,3,54,79,,9,16,3,2,0
7694,5,Sao Paulo,4,2,46,72,339,4,14,2,3,0
7695,5,Avai,12,6,58,84,546,5,14,0,3,0
7695,5,Coritiba,8,4,42,79,385,7,13,1,3,0
7696,7,Atletico-Mg,18,4,63,84,648,10,5,2,2,0
7696,7,Bragantino,6,1,,77,384,3,13,1,3,1
7697,7,Atletico-Go,17,3,58,,498,3,14,1,4,0
7697,7,Coritiba,14,6,42,81,358,5,13,1,1,2
7698,7,Flamengo,11,6,64,88,580,6,14,1,1,0
7698,7,Goias,3,0,36,77,316,4,19,3,3,0
7699,7,Ceara,11,4,49,,394,2,13,1,5,1
7699,7,Santos,,3,51,80,382,6,9,2,1,0
7700,7,Juventude,13,3,45,79,380,7,20,1,3,0
7700,7,Palmeiras,20,8,55,83,465,7,6,2,0,0
7701,7,Cuiaba,11,3,42,78,319,4,9,2,1,2
7701,7,Internacional,14,4,58,,426,11,12,1,7,0
7702,7,America-Mg,12,4,42,74,377,3,19,3,2,0
7702,7,Botafogo-Rj,8,5,58,82,516,5,9,1,1,0
7703,7,Corinthians,13,5,56,80,513,8,11,2,2,0
7703,7,Sao Paulo,14,7,44,74,414,8,12,2,3,0
7704,7,Fluminense,7,3,36,73,290,5,14,3,1,0
7704,7,Fortaleza,23,8,64,84,486,12,13,0,1,0
7705,7,Athletico-Pr,12,3,42,,345,5,23,1,2,0
7705,7,Avai,9,4,58,,464,4,17,0,6,0
7706,6,Bragantino,11,2,52,81,410,4,14,0,2,0
7706,6,Palmeiras,14,7,48,79,388,7,11,3,2,0
7707,6,Ceara,15,5,41,82,333,8,18,4,5,0
7707,6,Flamengo,11,4,59,83,486,3,22,0,5,0
7708,6,Corinthians,15,9,53,86,426,6,7,3,2,0
7708,6,Internacional,13,5,47,82,,5,8,1,2,0
7709,6,Atletico-Go,5,0,43,80,400,2,14,1,2,0
7709,6,Atletico-Mg,14,7,57,82,526,10,16,2,,0
7710,6,Athletico-Pr,12,3,36,76,290,5,12,1,2,0
7710,6,Fluminense,,6,64,86,525,4,12,1,3,0
7711,6,Cuiaba,6,3,26,72,215,3,15,0,1,1
7711,6,Sao Paulo,,9,74,88,593,15,5,1,2,0
7712,6,America-Mg,9,2,41,79,294,4,23,1,4,1
7712,6,Coritiba,17,7,59,85,410,7,11,4,1,0
7713,6,Botafogo-Rj,13,6,63,84,,5,14,3,3,0
7713,6,Fortaleza,10,3,37,,302,1,15,2,0,1
7714,6,Avai,17,5,64,84,545,6,18,0,2,0
7714,6,Juventude,5,3,36,,,6,16,0,5,2
7715,6,Goias,10,5,31,72,,5,14,0,0,0
7715,6,Santos,,3,69,88,507,9,11,2,0,0
7716,8,Bragantino,14,4,48,78,357,1,22,1,3,1
7716,8,Goias,17,2,52,81,358,6,18,0,2,0
7717,8,Ceara,7,4,,80,356,3,10,3,5,0
7717,8,Sao Paulo,15,5,52,81,,8,19,2,2,1
7718,8,Fortaleza,14,3,63,84,553,8,10,1,2,0
7718,8,Juventude,16,8,37,76,334,7,16,0,3,0
7719,8,Botafogo-Rj,18,3,73,83,485,9,12,4,3,0
7719,8,Coritiba,15,5,27,59,188,5,10,3,5,0
7720,8,Palmeiras,17,4,56,87,477,4,15,2,1,0
7720,8,Santos,18,4,44,,384,3,19,1,5,0
7721,8,Athletico-Pr,19,8,41,78,333,8,17,4,0,0
7721,8,Cuiaba,10,0,59,86,460,8,9,0,5,0
7722,8,America-Mg,13,5,37,69,316,5,19,1,1,0
7722,8,Corinthians,7,4,63,81,541,6,13,0,2,0
7723,8,Flamengo,,3,37,76,302,2,16,4,5,1
7723,8,Fluminense,17,6,63,86,505,12,9,2,3,1
7724,8,Atletico-Mg,27,7,62,83,496,13,14,2,3,0
7724,8,Avai,5,1,38,75,321,0,10,0,2,1
7725,8,Atletico-Go,20,7,56,84,524,12,16,0,2,0
7725,8,Internacional,10,5,44,83,433,3,7,0,1,0
7726,9,America-Mg,16,6,,76,448,8,11,3,0,0
7726,9,Cuiaba,5,2,48,76,421,4,11,4,1,0
7727,9,Athletico-Pr,14,4,41,78,296,7,21,2,5,0
7727,9,Santos,14,3,59,81,421,6,11,0,3,0
7728,9,Ceara,22,10,51,84,424,5,14,4,1,0
7728,9,Coritiba,14,6,49,80,419,6,9,1,4,0
7729,9,Avai,17,6,54,77,445,4,11,1,2,0
7729,9,Sao Paulo,16,4,46,73,387,7,23,2,2,0
7730,9,Atletico-Go,14,3,57,85,528,9,9,3,3,0
7730,9,Corinthians,,1,43,,435,0,11,0,3,0
7731,9,Fluminense,6,2,52,39,259,7,10,1,4,1
7731,9,Juventude,11,3,,40,,5,21,5,3,0
7732,9,Flamengo,11,3,,87,526,9,9,2,3,0
7732,9,Fortaleza,12,6,34,,280,3,21,5,4,0
7733,9,Atletico-Mg,11,3,51,82,,2,19,4,3,0
7733,9,Palmeiras,16,3,49,78,367,6,8,0,1,0
7734,9,Bragantino,8,2,48,82,434,7,20,2,3,0
7734,9,Internacional,9,5,52,82,479,3,12,1,3,0
7735,9,Botafogo-Rj,16,5,63,85,464,9,11,1,2,0
7735,9,Goias,11,4,37,70,282,2,22,1,2,0
7736,10,Corinthians,11,4,61,87,552,3,11,0,2,0
7736,10,Cuiaba,11,4,39,79,354,4,10,0,1,1
7737,10,America-Mg,16,3,57,78,452,4,18,3,2,0
7737,10,Ceara,7,3,43,70,348,4,20,0,3,0
7738,10,Athletico-Pr,7,6,45,68,340,5,10,1,4,0
7738,10,Juventude,17,4,55,75,385,11,9,0,2,0
7739,10,Atletico-Go,13,5,53,79,429,8,12,1,1,0
7739,10,Avai,10,3,47,,394,6,12,0,3,1
7740,10,Bragantino,12,2,31,77,,5,11,2,1,1
7740,10,Flamengo,13,3,69,88,551,7,16,1,4,0
7741,10,Atletico-Mg,11,6,57,84,425,9,15,3,3,0
7741,10,Fluminense,13,9,43,78,332,1,13,1,3,0
7742,10,Internacional,11,6,48,79,411,3,16,1,1,0
7742,10,Santos,22,6,52,80,,10,11,2,2,0
7743,10,Botafogo-Rj,12,3,53,85,440,4,14,0,1,0
7743,10,Palmeiras,14,6,47,83,391,7,16,3,1,0
7744,10,Coritiba,11,2,40,77,318,1,12,1,3,0
7744,10,Sao Paulo,,4,60,83,467,10,13,1,3,0
7745,10,Fortaleza,20,4,52,80,391,6,12,5,1,0
7745,10,Goias,12,2,48,82,379,2,18,2,2,0
7746,11,Corinthians,13,3,58,,573,4,15,3,1,0
7746,11,Juventude,8,2,42,81,427,5,12,4,4,0
7747,11,Atletico-Mg,16,4,68,88,601,5,11,1,4,0
7747,11,Santos,12,6,,79,277,6,16,2,4,1
7748,11,Atletico-Go,,9,53,84,484,6,13,3,2,0
7748,11,Fluminense,15,4,47,84,404,10,10,2,3,1
7749,11,Bragantino,8,4,57,81,450,4,15,0,3,0
7749,11,Cuiaba,19,5,43,77,334,5,14,0,1,0
7750,11,Flamengo,16,3,68,,599,4,14,1,3,0
7750,11,Internacional,11,4,32,76,290,4,15,3,3,0
7751,11,Ceara,20,6,51,75,369,10,14,3,2,1
7751,11,Goias,12,4,49,81,360,2,20,1,6,0
7752,11,America-Mg,,5,53,75,,4,16,0,2,0
7752,11,Sao Paulo,,2,47,77,406,2,14,2,2,0
7753,11,Coritiba,11,4,47,,,5,11,1,1,1
7753,11,Palmeiras,16,6,53,86,466,6,13,2,2,0
7754,11,Athletico-Pr,7,0,36,66,293,1,12,2,3,0
7754,11,Fortaleza,23,6,64,,500,7,13,1,1,0
7755,11,Avai,9,2,49,76,409,1,22,5,4,1
7755,11,Botafogo-Rj,22,7,51,74,415,7,19,1,4,0
7756,12,Juventude,10,1,34,76,326,4,19,0,1,1
7756,12,Santos,18,9,66,87,630,9,14,2,2,0
7757,12,Atletico-Mg,14,2,47,79,456,2,17,0,3,0
7757,12,Ceara,16,3,53,81,482,5,14,1,2,0
7758,12,Bragantino,18,7,53,80,449,4,13,1,2,0
7758,12,Coritiba,16,5,47,80,413,5,12,1,1,0
7759,12,Goias,7,3,53,84,425,8,11,4,4,0
7759,12,Internacional,16,8,47,80,407,2,14,0,3,0
7760,12,Cuiaba,6,1,37,84,352,3,14,0,2,0
7760,12,Flamengo,15,6,63,90,622,4,17,3,1,0
7761,12,Athletico-Pr,,2,,82,384,11,12,3,2,1
7761,12,Corinthians,11,6,57,86,,4,9,0,2,1
7762,12,America-Mg,9,4,21,64,183,3,12,0,3,1
7762,12,Fluminense,20,3,79,89,685,8,9,1,1,0
7763,12,Botafogo-Rj,17,3,32,,276,3,17,1,6,0
7763,12,Sao  Paulo,6,2,68,82,573,3,17,4,3,0
7764,12,Atletico-Go,10,2,51,83,392,4,16,2,1,1
7764,12,Palmeiras,29,12,49,82,361,12,12,2,2,0
7765,12,Avai,12,4,51,80,435,3,16,2,1,0
7765,12,Fortaleza,4,3,,81,424,4,17,2,3,0
7766,13,Ceara,9,1,55,83,454,6,10,6,2,0
7766,13,Cuiaba,14,1,45,79,368,7,15,1,0,0
7767,13,Bragantino,18,7,57,,441,9,18,0,3,0
7767,13,Santos,12,5,43,81,341,3,13,0,4,0
7768,13,Atletico-Mg,16,3,48,84,373,9,18,1,4,0
7768,13,Flamengo,10,3,52,85,406,8,13,1,1,0
7769,13,Athletico-Pr,10,3,39,,251,1,11,2,6,0
7769,13,Coritiba,24,3,61,80,372,12,12,3,4,2
7770,13,Corinthians,17,3,67,85,603,6,7,3,1,0
7770,13,Goias,9,2,33,73,300,4,13,1,4,0
7771,13,Botafogo-Rj,10,6,22,60,178,2,13,3,6,2
7771,13,Internacional,18,8,78,87,597,7,13,5,4,2
7772,13,America-Mg,14,4,49,,325,8,5,5,0,0
7772,13,Fortaleza,18,8,,70,355,5,8,1,1,0
7773,13,Atletico-Go,26,6,,87,513,7,15,1,3,0
7773,13,Juventude,5,3,34,72,276,2,11,1,4,1
7774,13,Avai,9,4,51,83,486,3,15,4,3,0
7774,13,Fluminense,19,3,,87,479,6,8,1,0,0
7775,13,Palmeiras,23,7,61,82,446,7,9,2,1,0
7775,13,Sao Paulo,12,3,39,73,287,3,17,1,3,0
7776,14,Coritiba,14,4,44,88,427,9,16,2,4,0
7776,14,Internacional,15,8,56,88,550,1,9,0,2,0
7777,14,Athletico-Pr,10,6,30,68,247,5,14,0,4,0
7777,14,Bragantino,23,6,,87,560,10,11,3,1,0
7778,14,America-Mg,15,5,47,77,,7,13,1,2,0
7778,14,Flamengo,23,7,53,78,430,7,17,2,1,0
7779,14,Corinthians,9,1,62,,527,3,20,0,3,0
7779,14,Santos,,2,38,73,335,2,10,4,3,0
7780,14,Atletico-Mg,17,6,67,90,663,1,14,1,0,0
7780,14,Fortaleza,8,3,33,77,328,3,15,0,5,0
7781,14,Avai,7,4,49,,395,2,18,0,4,0
7781,14,Palmeiras,15,4,51,74,392,5,17,1,1,0
7782,14,Botafogo-Rj,9,1,20,66,182,1,18,1,3,0
7782,14,Fluminense,11,3,80,89,730,6,14,1,2,0
7783,14,Cuiaba,13,2,54,75,,6,16,0,3,1
7783,14,Goias,15,5,46,71,311,4,14,2,3,0
7784,14,Atletico-Go,7,2,51,81,369,2,18,6,2,0
7784,14,Ceara,10,5,49,82,352,4,16,0,2,0
7785,14,Juventude,4,2,41,80,400,1,7,1,4,0
7785,14,Sao Paulo,29,9,59,87,527,16,15,0,3,0
7786,15,Atletico-Mg,8,4,,88,475,6,11,0,1,0
7786,15,Juventude,17,3,56,,574,6,11,1,2,0
7787,15,Corinthians,3,2,42,,,4,12,0,3,0
7787,15,Fluminense,15,6,58,90,519,6,11,4,0,0
7788,15,Flamengo,12,6,54,86,489,3,13,0,2,0
7788,15,Santos,16,7,46,82,418,7,15,2,4,0
7789,15,Ceara,9,4,61,,391,3,24,3,4,0
7789,15,Internacional,12,5,39,77,257,2,20,0,3,1
7790,15,Athletico-Pr,13,5,28,60,231,2,15,0,2,0
7790,15,Palmeiras,35,7,72,84,553,9,12,0,1,1
7791,15,Avai,12,3,60,84,562,4,10,3,0,0
7791,15,Cuiaba,13,3,40,76,374,4,12,2,0,0
7792,15,Atletico-Go,11,3,,81,376,3,9,2,5,0
7792,15,Sao Paulo,,2,47,,346,0,20,1,,0
7793,15,America-Mg,21,5,53,77,412,11,14,2,2,0
7793,15,Goias,21,3,47,78,377,3,8,2,2,0
7794,15,Coritiba,,4,37,75,288,2,11,1,2,1
7794,15,Fortaleza,22,7,63,87,479,6,22,1,3,0
7795,15,Botafogo-Rj,9,1,35,67,248,4,19,0,4,0
7795,15,Bragantino,,6,65,77,434,9,11,6,,1
7796,16,Avai,,2,54,81,434,7,6,0,3,0
7796,16,Bragantino,37,13,46,76,355,19,5,1,1,0
7797,16,Ceara,17,6,40,79,344,10,17,2,3,0
7797,16,Fluminense,18,6,60,87,501,9,16,0,2,0
7798,16,Athletico-Pr,20,4,66,86,481,2,10,3,1,0
7798,16,Goias,11,3,34,70,256,2,15,0,2,0
7799,16,Coritiba,19,2,,81,350,11,19,0,1,0
7799,16,Juventude,15,6,53,81,426,7,11,0,2,0
7800,16,Corinthians,,2,49,81,433,6,7,3,2,0
7800,16,Flamengo,12,4,51,82,457,3,12,1,4,0
7801,16,Atletico-Go,16,4,52,83,370,10,18,0,4,0
7801,16,Santos,,5,48,79,349,9,13,0,5,0
7802,16,Fortaleza,12,6,39,74,295,2,9,1,0,0
7802,16,Palmeiras,12,5,61,83,454,6,15,2,1,0
7803,16,Atletico-Mg,11,2,60,84,496,7,12,2,1,0
7803,16,Sao Paulo,6,2,40,78,,4,16,0,1,0
7804,16,Botafogo-Rj,6,2,,82,473,2,11,2,1,2
7804,16,Cuiaba,14,6,46,81,404,5,7,2,1,0
7805,16,America-Mg,9,7,32,71,309,2,8,2,5,0
7805,16,Internacional,21,4,68,86,647,13,5,2,0,0
7806,17,Athletico-Pr,17,5,60,84,501,5,7,4,1,0
7806,17,Internacional,17,3,40,73,338,5,13,2,2,0
7807,17,Coritiba,17,0,45,87,447,6,11,1,1,0
7807,17,Flamengo,17,4,55,90,543,8,13,0,0,0
7808,17,Avai,14,4,41,76,338,6,17,3,5,0
7808,17,Santos,,2,59,,474,8,12,1,3,0
7809,17,Ceara,18,7,44,82,434,6,18,2,1,0
7809,17,Corinthians,11,4,56,84,542,2,5,1,1,0
7810,17,Goias,16,2,,75,307,4,16,2,3,0
7810,17,Juventude,23,1,62,83,473,7,16,1,2,0
7811,17,Fluminense,15,3,64,86,583,3,7,1,2,0
7811,17,Sao Paulo,6,2,36,76,328,5,17,5,4,0
7812,17,Atletico-Mg,15,4,63,88,487,2,18,3,3,0
7812,17,Botafogo-Rj,14,2,37,76,275,6,21,1,4,0
7813,17,Atletico-Go,15,3,63,87,555,5,7,1,1,0
7813,17,Fortaleza,9,5,37,79,,6,9,0,0,0
7814,17,America-Mg,25,4,56,84,490,10,8,2,3,0
7814,17,Bragantino,16,6,44,81,408,4,18,1,1,0
7815,17,Cuiaba,6,1,38,73,310,4,12,1,1,0
7815,17,Palmeiras,16,8,62,84,494,11,17,3,3,0
7816,18,Avai,16,2,55,83,444,3,14,1,2,0
7816,18,Ceara,14,5,45,77,366,3,17,1,0,0
7817,18,Bragantino,14,7,56,78,406,4,14,1,4,0
7817,18,Fortaleza,10,3,44,70,319,9,18,1,3,0
7818,18,Fluminense,17,10,74,90,603,3,9,0,0,0
7818,18,Goias,15,5,26,73,,2,19,2,2,0
7819,18,Athletico-Pr,,9,42,80,383,3,15,2,3,0
7819,18,Atletico-Go,15,5,58,85,527,2,8,1,0,0
7820,18,Flamengo,27,12,63,91,550,5,14,2,3,0
7820,18,Juventude,8,2,37,82,317,4,13,1,3,1
7821,18,Internacional,15,7,34,82,297,4,11,3,4,0
7821,18,Sao Paulo,8,4,66,88,,3,10,4,5,0
7822,18,Botafogo-Rj,23,10,65,87,553,4,18,2,2,0
7822,18,Santos,,7,35,75,298,4,15,2,2,0
7823,18,Corinthians,19,6,62,89,584,9,16,1,1,0
7823,18,Coritiba,8,4,38,82,372,2,15,1,3,0
7824,18,Atletico-Mg,7,4,69,90,672,2,10,1,1,0
7824,18,Cuiaba,16,8,31,77,296,4,7,1,1,0
7825,18,America-Mg,15,3,48,77,399,7,16,1,5,0
7825,18,Palmeiras,17,5,52,81,419,7,6,2,3,0
7826,19,Goias,13,9,36,80,308,3,11,3,5,0
7826,19,Sao Paulo,20,4,64,86,541,6,7,0,2,0
7827,19,Athletico-Pr,16,4,46,80,410,11,15,3,2,0
7827,19,Botafogo-Rj,17,6,54,82,494,2,16,0,0,0
7828,19,Avai,,4,42,81,333,6,19,1,1,0
7828,19,Flamengo,19,8,58,85,453,5,19,0,1,0
7829,19,Bragantino,5,2,39,72,331,5,20,4,2,0
7829,19,Fluminense,24,7,61,82,528,9,11,2,5,1
7830,19,Internacional,11,5,48,77,374,5,15,1,1,0
7830,19,Palmeiras,18,9,,83,391,12,13,4,0,0
7831,19,Ceara,17,4,56,85,429,3,14,1,3,0
7831,19,Juventude,13,7,,81,337,8,20,1,1,0
7832,19,Atletico-Mg,14,6,,83,521,5,11,2,2,0
7832,19,Corinthians,7,3,47,79,474,0,12,0,1,0
7833,19,America-Mg,10,3,35,67,318,3,12,2,1,0
7833,19,Atletico-Go,23,6,65,83,554,6,4,2,0,0
7834,19,Fortaleza,27,2,53,80,381,7,11,3,4,0
7834,19,Santos,11,3,47,71,375,5,11,1,4,0
7835,19,Coritiba,4,2,42,75,365,4,16,0,4,1
7835,19,Cuiaba,8,0,58,84,490,4,12,1,3,0
7836,20,Coritiba,20,3,51,,355,7,11,3,2,1
7836,20,Goias,18,4,49,79,356,3,18,1,1,0
7837,20,Ceara,12,7,47,79,373,6,14,0,3,1
7837,20,Palmeiras,,7,53,,424,5,11,5,3,0
7838,20,Botafogo-Rj,10,3,51,80,488,4,6,0,0,0
7838,20,Corinthians,16,4,49,78,484,3,6,1,0,0
7839,20,Atletico-Go,5,1,48,84,,3,16,0,7,1
7839,20,Flamengo,16,6,52,85,469,6,12,1,0,0
7840,20,Athletico-Pr,10,4,39,75,312,6,15,1,3,0
7840,20,Sao Paulo,12,2,61,85,484,5,13,1,4,0
7841,20,Atletico-Mg,21,5,69,88,600,7,12,1,1,0
7841,20,Internacional,9,3,31,70,277,1,13,1,1,0
7842,20,Cuiaba,19,5,57,80,429,10,11,0,2,0
7842,20,Fortaleza,7,2,43,77,344,3,10,1,4,0
7843,20,America-Mg,18,6,47,76,,7,16,0,1,0
7843,20,Avai,10,3,53,79,422,7,17,2,0,0
7844,20,Bragantino,23,5,52,85,445,7,11,2,1,0
7844,20,Juventude,,3,48,79,421,5,15,1,1,0
7845,20,Fluminense,,7,68,91,660,5,12,0,5,0
7845,20,Santos,10,3,32,79,314,5,14,2,2,0
7846,21,America-Mg,10,4,34,69,278,2,18,1,2,0
7846,21,Juventude,15,3,66,83,506,13,12,2,1,0
7847,21,Botafogo-Rj,11,4,,77,347,3,23,0,3,0
7847,21,Ceara,16,5,61,84,533,8,9,1,4,0
7848,21,Avai,7,2,,,367,2,11,4,2,0
7848,21,Corinthians,14,4,59,,522,8,12,2,1,0
7849,21,Atletico-Go,11,4,,79,338,8,10,1,2,0
7849,21,Bragantino,21,6,58,86,,10,10,1,1,0
7850,21,Flamengo,20,7,45,79,423,3,7,1,2,0
7850,21,Sao Paulo,13,5,55,83,495,5,12,1,2,0
7851,21,Cuiaba,9,1,35,77,300,6,14,2,1,0
7851,21,Fluminense,11,5,65,88,558,11,11,1,2,0
7852,21,Goias,8,2,,80,342,4,10,1,3,0
7852,21,Palmeiras,19,8,57,84,438,5,12,3,2,0
7853,21,Fortaleza,16,7,33,74,266,7,12,1,1,1
7853,21,Internacional,8,2,67,87,547,5,15,0,5,0
7854,21,Athletico-Pr,10,5,36,79,287,2,14,1,2,0
7854,21,Atletico-Mg,21,8,64,87,504,11,10,0,1,0
7855,21,Coritiba,15,2,48,82,427,6,23,0,3,0
7855,21,Santos,17,5,52,85,464,7,10,2,3,0
7856,22,Avai,13,3,54,81,391,2,10,2,2,0
7856,22,Goias,17,2,46,78,314,6,13,1,0,1
7857,22,Corinthians,14,4,58,81,490,5,15,1,2,0
7857,22,Palmeiras,9,3,42,76,369,3,10,4,2,0
7858,22,Cuiaba,13,4,44,80,341,5,14,4,4,0
7858,22,Juventude,5,3,56,82,443,4,14,2,4,1
7859,22,Atletico-Go,11,2,45,78,396,3,10,3,3,0
7859,22,Botafogo-Rj,14,5,55,84,459,8,18,0,0,1
7860,22,Atletico-Mg,19,7,,82,531,9,20,0,0,0
7860,22,Coritiba,7,2,40,75,370,1,7,0,3,0
7861,22,Ceara,,3,65,78,483,4,9,2,3,0
7861,22,Fortaleza,12,6,35,63,266,8,13,1,4,0
7862,22,Athletico-Pr,5,3,30,76,260,4,14,1,2,0
7862,22,Flamengo,19,13,70,91,571,12,13,0,3,0
7863,22,Bragantino,11,4,48,82,362,4,10,1,0,0
7863,22,Sao Paulo,16,4,52,77,381,13,17,4,1,0
7864,22,America-Mg,16,5,39,68,,6,16,1,1,0
7864,22,Santos,11,2,61,79,541,6,9,1,0,0
7865,22,Fluminense,8,0,68,90,628,5,12,2,1,0
7865,22,Internacional,15,5,32,80,295,6,21,1,1,0
7866,23,Atletico-Mg,28,7,73,85,591,7,10,0,0,0
7866,23,Goias,5,3,27,63,233,0,13,2,0,0
7867,23,Coritiba,,3,36,82,334,3,13,3,2,0
7867,23,Fluminense,15,6,64,88,,11,13,1,1,0
7868,23,Botafogo-Rj,18,9,66,86,557,4,11,3,2,0
7868,23,Juventude,11,5,34,71,289,2,19,2,2,0
7869,23,Flamengo,11,5,43,76,385,4,16,0,2,0
7869,23,Palmeiras,20,3,57,,487,10,11,1,0,0
7870,23,America-Mg,12,3,41,75,369,7,10,2,0,0
7870,23,Athletico-Pr,18,9,59,83,532,2,10,2,0,0
7871,23,Atletico-Go,7,2,36,76,300,3,14,1,2,1
7871,23,Cuiaba,,7,64,88,484,17,8,4,2,0
7872,23,Corinthians,7,1,64,81,494,7,7,0,2,0
7872,23,Fortaleza,13,4,36,73,284,4,14,0,1,0
7873,23,Bragantino,28,11,58,83,427,10,23,1,3,0
7873,23,Ceara,8,2,42,73,325,2,16,2,4,0
7874,23,Santos,13,5,,77,269,5,12,1,4,0
7874,23,Sao Paulo,18,6,72,87,669,9,9,0,2,0
7875,23,Avai,10,2,49,79,464,8,15,0,5,0
7875,23,Internacional,,5,51,,476,4,9,0,1,0
7876,24,Atletico-Go,10,2,70,85,486,3,9,1,2,1
7876,24,Goias,15,6,30,72,211,3,14,1,2,1
7877,24,Avai,12,2,57,85,460,5,14,2,3,0
7877,24,Coritiba,12,3,,79,358,4,14,0,4,0
7878,24,Fluminense,,3,61,90,544,3,16,0,3,0
7878,24,Palmeiras,9,2,39,82,350,3,16,2,3,0
7879,24,Athletico-Pr,8,2,40,73,289,3,15,1,1,0
7879,24,Ceara,19,4,60,81,402,8,9,1,0,0
7880,24,Fortaleza,5,1,28,64,,2,10,4,2,0
7880,24,Sao Paulo,15,8,72,85,613,7,10,1,2,0
7881,24,America-Mg,9,5,43,72,313,6,23,0,4,0
7881,24,Atletico-Mg,16,4,57,78,421,1,14,1,4,0
7882,24,Botafogo-Rj,14,4,45,80,417,3,19,0,3,0
7882,24,Flamengo,6,1,55,79,502,4,14,2,2,0
7883,24,Cuiaba,21,7,46,77,366,14,13,0,0,0
7883,24,Santos,7,1,54,82,451,2,6,4,0,0
7884,24,Internacional,24,13,55,87,521,10,4,0,0,0
7884,24,Juventude,7,1,45,82,435,1,10,0,3,0
7885,24,Bragantino,15,5,53,81,488,5,8,5,1,0
7885,24,Corinthians,14,4,47,74,437,5,12,1,1,0
7886,25,Avai,9,2,61,86,,3,15,4,6,0
7886,25,Juventude,20,7,39,79,283,7,18,1,6,0
7887,25,Bragantino,11,2,40,72,323,2,14,2,4,0
7887,25,Palmeiras,11,3,60,77,,11,12,3,4,0
7888,25,Athletico-Pr,7,2,26,72,241,6,15,1,2,0
7888,25,Fluminense,12,3,74,90,699,3,7,0,0,0
7889,25,America-Mg,25,10,52,82,429,4,19,0,2,0
7889,25,Coritiba,,2,48,79,404,5,8,4,3,0
7890,25,Ceara,6,1,37,73,296,7,19,2,6,1
7890,25,Flamengo,15,6,63,86,483,12,12,0,3,1
7891,25,Corinthians,12,4,49,82,493,2,10,2,2,0
7891,25,Internacional,14,4,51,79,485,8,14,1,2,0
7892,25,Botafogo-Rj,17,9,43,69,291,9,14,1,2,0
7892,25,Fortaleza,15,4,57,74,386,5,15,2,1,0
7893,25,Atletico-Go,12,2,49,83,,5,12,1,1,0
7893,25,Atletico-Mg,12,7,51,82,484,3,6,3,2,0
7894,25,Cuiaba,,4,33,74,277,7,18,5,3,0
7894,25,Sao Paulo,10,2,67,87,574,5,9,4,1,1
7895,25,Goias,9,4,33,65,270,2,16,0,2,0
7895,25,Santos,24,8,67,84,516,13,8,1,1,0
7896,26,Atletico-Mg,21,6,62,84,592,7,8,1,1,0
7896,26,Bragantino,6,2,38,80,363,5,10,1,2,0
7897,26,Cuiaba,1,0,32,,331,3,14,0,3,0
7897,26,Internacional,16,3,68,89,716,4,16,2,1,0
7898,26,Ceara,8,4,43,,343,3,24,4,4,0
7898,26,Santos,10,4,,84,452,5,17,2,3,0
7899,26,Fluminense,15,7,67,85,514,5,7,5,1,0
7899,26,Fortaleza,11,3,33,72,245,6,19,6,2,0
7900,26,Juventude,6,1,33,,251,3,15,1,3,0
7900,26,Palmeiras,24,9,67,85,498,14,6,3,0,0
7901,26,Athletico-Pr,9,2,30,67,250,2,20,1,3,1
7901,26,Avai,15,3,70,85,550,7,17,1,3,0
7902,26,America-Mg,,2,53,74,421,11,20,3,5,0
7902,26,Botafogo-Rj,20,5,47,76,366,6,11,1,1,0
7903,26,Corinthians,18,7,57,80,473,7,14,3,1,0
7903,26,Sao  Paulo,13,3,,74,355,3,11,1,3,0
7904,26,Atletico-Go,15,4,58,85,454,8,11,2,3,1
7904,26,Coritiba,13,5,42,74,322,7,16,1,6,0
7905,26,Flamengo,15,6,72,,548,9,14,0,1,0
7905,26,Goias,7,4,28,73,219,4,14,1,3,0
7906,27,Atletico-Mg,13,3,61,,458,10,20,1,3,0
7906,27,Avai,9,4,39,72,307,2,16,2,4,0
7907,27,Botafogo-Rj,12,4,54,,420,5,12,1,2,0
7907,27,Coritiba,18,2,46,79,347,10,17,3,4,0
7908,27,Bragantino,21,6,60,82,431,5,14,0,0,0
7908,27,Goias,5,2,40,72,295,2,16,0,5,0
7909,27,Flamengo,18,6,49,86,415,6,12,4,1,2
7909,27,Fluminense,12,4,51,84,440,2,10,0,4,3
7910,27,Ceara,8,1,39,75,329,4,15,0,5,2
7910,27,Sao Paulo,21,7,61,84,,10,11,0,2,0
7911,27,America-Mg,16,7,45,,379,4,14,2,1,0
7911,27,Corinthians,11,3,55,81,462,8,12,1,3,0
7912,27,Fortaleza,11,1,38,75,324,2,17,1,3,0
7912,27,Juventude,18,8,62,82,498,14,14,1,2,0
7913,27,Palmeiras,19,4,55,82,432,8,12,1,3,1
7913,27,Santos,17,3,45,80,374,5,12,1,4,0
7914,27,Athletico-Pr,17,3,64,83,455,8,9,2,3,0
7914,27,Cuiaba,11,5,36,70,258,4,10,2,1,1
7915,27,Atletico-Go,19,4,55,82,398,10,19,0,3,0
7915,27,Internacional,13,4,45,80,356,2,13,1,2,0
7916,28,Avai,7,2,39,82,363,4,8,1,4,0
7916,28,Sao Paulo,17,6,61,89,568,9,13,1,2,0
7917,28,Athletico-Pr,14,3,52,80,389,4,21,2,3,0
7917,28,Santos,11,4,48,75,358,5,19,1,3,0
7918,28,Ceara,,3,69,,557,3,9,3,4,0
7918,28,Coritiba,,4,,75,256,7,12,3,2,0
7919,28,Atletico-Go,11,5,35,80,330,4,14,0,3,0
7919,28,Corinthians,19,8,65,87,611,5,5,1,0,0
7920,28,Fluminense,21,6,62,91,658,5,5,2,1,0
7920,28,Juventude,10,3,38,83,409,5,9,3,1,0
7921,28,Flamengo,7,3,73,88,668,3,15,0,5,0
7921,28,Fortaleza,20,8,27,77,241,7,15,3,2,0
7922,28,America-Mg,18,8,58,79,426,4,14,1,6,0
7922,28,Cuiaba,11,3,42,72,311,2,13,2,1,0
7923,28,Bragantino,12,5,41,78,384,3,15,0,2,0
7923,28,Internacional,,6,59,83,544,6,14,2,1,0
7924,28,Atletico-Mg,16,3,68,84,,7,11,2,3,0
7924,28,Palmeiras,10,3,32,65,245,9,13,3,3,0
7925,28,Botafogo-Rj,17,6,56,79,,11,14,1,4,0
7925,28,Goias,6,1,44,74,,6,16,2,,0
7926,29,Atletico-Mg,14,5,29,78,250,10,16,1,2,0
7926,29,Fluminense,5,2,71,89,627,1,4,3,2,1
7927,29,Internacional,9,3,47,83,455,2,7,3,1,0
7927,29,Santos,11,2,53,86,503,5,13,1,4,0
7928,29,America-Mg,10,4,38,65,261,4,23,1,4,0
7928,29,Ceara,16,4,62,80,407,5,15,0,3,0
7929,29,Atletico-Go,9,3,41,76,312,3,13,0,4,0
7929,29,Avai,20,3,59,81,419,11,7,2,2,0
7930,29,Athletico-Pr,17,6,52,83,336,11,12,0,3,0
7930,29,Juventude,6,1,48,81,333,2,11,0,5,0
7931,29,Bragantino,5,3,32,83,328,1,6,1,0,1
7931,29,Flamengo,23,9,68,90,671,10,7,0,1,0
7932,29,Fortaleza,15,4,45,73,357,3,15,2,2,0
7932,29,Goias,12,3,55,81,421,6,11,3,3,0
7933,29,Corinthians,15,6,60,86,650,7,11,1,1,0
7933,29,Cuiaba,9,4,40,,422,4,5,2,0,0
7934,29,Botafogo-Rj,10,2,48,77,399,2,16,1,4,0
7934,29,Palmeiras,12,5,52,80,421,6,14,6,1,1
7935,29,Coritiba,13,4,39,80,347,3,12,2,6,0
7935,29,Sao Paulo,19,7,61,,554,5,12,5,2,0
7936,30,Corinthians,12,6,66,87,650,5,7,1,2,0
7936,30,Juventude,17,2,34,77,326,2,9,1,1,0
7937,30,Atletico-Go,29,10,40,77,301,12,16,4,4,0
7937,30,Fluminense,13,5,60,86,482,5,13,1,0,0
7938,30,Ceara,14,6,52,82,339,7,19,1,3,1
7938,30,Goias,16,5,48,80,316,3,24,0,4,0
7939,30,Bragantino,14,5,46,81,412,2,14,1,2,0
7939,30,Cuiaba,13,4,54,82,461,7,10,0,3,0
7940,30,Athletico-Pr,21,4,63,80,484,13,11,1,2,0
7940,30,Fortaleza,9,2,37,66,300,4,10,0,1,0
7941,30,Flamengo,21,6,67,89,661,11,13,0,3,0
7941,30,Internacional,16,7,33,80,338,3,8,2,2,0
7942,30,Atletico-Mg,12,3,57,80,461,4,18,1,4,0
7942,30,Santos,10,5,43,78,,5,18,4,2,1
7943,30,Coritiba,11,3,43,83,396,6,13,0,2,0
7943,30,Palmeiras,19,11,57,89,501,9,16,4,1,0
7944,30,America-Mg,,4,33,66,,3,13,0,2,0
7944,30,Sao Paulo,18,4,67,85,563,3,13,1,4,0
7945,30,Avai,6,2,57,81,441,3,17,2,2,0
7945,30,Botafogo-Rj,14,6,43,80,346,5,20,1,4,0
7946,31,Cuiaba,21,5,45,80,326,7,14,1,2,0
7946,31,Flamengo,17,5,55,87,405,6,11,2,2,0
7947,31,Athletico-Pr,19,4,49,75,389,6,16,0,0,0
7947,31,Corinthians,7,3,51,78,412,5,10,4,1,0
7948,31,Goias,,8,39,78,290,6,23,0,7,0
7948,31,Internacional,20,11,61,85,,6,15,0,1,0
7949,31,Botafogo-Rj,7,1,32,66,248,4,8,3,2,0
7949,31,Sao Paulo,8,2,68,81,500,10,16,4,3,1
7950,31,Avai,10,2,66,86,624,6,11,0,1,0
7950,31,Fortaleza,,5,34,80,327,3,16,1,1,0
7951,31,Bragantino,17,4,66,85,488,8,12,2,3,0
7951,31,Coritiba,6,2,34,66,269,5,7,2,0,1
7952,31,Atletico-Mg,16,2,64,85,565,16,12,3,3,0
7952,31,Ceara,5,2,36,76,328,0,18,1,5,0
7953,31,America-Mg,18,8,37,73,303,7,18,4,3,0
7953,31,Fluminense,22,10,63,85,511,8,8,4,1,0
7954,31,Atletico-Go,10,2,43,77,350,4,15,1,4,0
7954,31,Palmeiras,17,6,57,84,451,9,8,1,2,0
7955,31,Juventude,16,3,49,,432,8,10,1,0,0
7955,31,Santos,19,8,51,85,,3,13,0,2,0
7956,32,Atletico-Mg,13,3,63,85,563,10,12,1,0,0
7956,32,Flamengo,7,4,37,78,348,0,12,0,4,0
7957,32,America-Mg,,7,67,82,457,4,10,1,1,0
7957,32,Fortaleza,9,4,33,64,234,8,24,1,2,1
7958,32,Ceara,22,4,66,78,377,10,11,3,4,0
7958,32,Cuiaba,10,1,34,52,211,7,20,1,4,1
7959,32,Palmeiras,19,8,56,85,358,15,9,2,3,0
7959,32,Sao Paulo,5,1,44,75,305,3,14,0,3,2
7960,32,Atletico-Go,8,3,49,82,472,4,19,1,1,0
7960,32,Juventude,20,6,51,88,470,7,10,0,2,0
7961,32,Botafogo-Rj,12,3,51,84,488,3,15,1,3,0
7961,32,Internacional,11,1,49,78,475,4,13,3,5,0
7962,32,Avai,15,3,42,83,407,9,12,2,2,0
7962,32,Fluminense,17,7,58,84,565,5,15,1,0,0
7963,32,Athletico-Pr,15,7,54,79,387,10,21,3,3,0
7963,32,Coritiba,15,3,46,78,343,4,11,0,2,0
7964,32,Bragantino,19,3,57,82,400,15,21,1,3,1
7964,32,Santos,9,3,43,76,335,2,11,1,4,0
7965,32,Corinthians,21,2,72,86,613,4,11,1,3,0
7965,32,Goias,12,3,28,67,236,2,11,2,2,0
7966,33,Athletico-Pr,9,4,53,78,412,4,13,0,3,0
7966,33,Bragantino,11,6,47,78,376,4,16,1,,0
7967,33,America-Mg,9,3,46,,348,4,17,1,1,0
7967,33,Flamengo,15,6,54,75,413,11,10,3,1,0
7968,33,Corinthians,8,2,47,82,454,4,11,0,3,1
7968,33,Santos,12,3,53,84,486,7,15,1,1,1
7969,33,Avai,10,2,51,85,401,7,7,0,2,0
7969,33,Palmeiras,22,9,,86,384,9,12,3,2,0
7970,33,Botafogo-Rj,12,5,35,81,341,2,11,2,2,0
7970,33,Fluminense,18,7,65,89,623,9,15,3,3,0
7971,33,Juventude,13,3,40,88,410,5,6,2,2,0
7971,33,Sao Paulo,13,6,60,90,599,6,10,1,2,0
7972,33,Coritiba,12,2,,77,272,7,16,3,3,0
7972,33,Internacional,11,3,65,87,,6,10,2,1,0
7973,33,Atletico-Go,,5,40,78,330,4,20,1,3,0
7973,33,Ceara,12,2,60,84,497,5,13,3,2,0
7974,33,Cuiaba,,4,71,84,558,6,11,2,3,0
7974,33,Goias,5,3,29,64,227,4,16,5,4,0
7975,33,Atletico-Mg,9,3,69,84,519,11,10,0,1,0
7975,33,Fortaleza,4,0,31,60,235,2,22,3,4,0
7976,34,Flamengo,19,12,55,,523,7,14,1,3,0
7976,34,Santos,,4,45,82,439,2,16,2,4,0
7977,34,Athletico-Pr,11,1,,70,235,0,7,0,3,1
7977,34,Palmeiras,17,6,72,88,576,9,10,2,5,0
7978,34,Botafogo-Rj,18,8,42,80,329,5,12,1,1,0
7978,34,Bragantino,5,1,58,,448,4,12,2,4,0
7979,34,Corinthians,14,5,,82,,6,16,1,2,0
7979,34,Fluminense,15,6,53,86,480,3,9,1,3,0
7980,34,Ceara,13,3,37,,316,5,15,0,2,0
7980,34,Internacional,21,6,63,87,526,5,8,2,0,0
7981,34,America-Mg,16,5,55,,,8,23,0,3,0
7981,34,Goias,,5,45,71,,3,14,1,2,0
7982,34,Coritiba,16,7,48,76,412,3,12,1,1,1
7982,34,Fortaleza,14,7,52,79,441,3,15,1,1,0
7983,34,Atletico-Go,19,8,46,85,392,7,12,0,4,1
7983,34,Sao Paulo,13,2,54,84,459,4,10,2,2,0
7984,34,Atletico-Mg,14,3,61,89,555,3,13,3,2,0
7984,34,Juventude,9,4,39,85,354,4,13,3,1,0
7985,34,Avai,13,7,,84,459,6,11,1,1,0
7985,34,Cuiaba,11,3,48,79,420,10,15,0,1,0
7986,35,Ceara,14,3,29,80,283,4,11,2,1,1
7986,35,Fluminense,17,5,71,92,,7,8,2,2,0
7987,35,Botafogo-Rj,23,5,68,87,561,11,4,0,1,0
7987,35,Cuiaba,13,5,32,71,277,3,18,1,1,0
7988,35,Atletico-Mg,9,3,55,79,417,6,16,2,5,0
7988,35,Sao Paulo,12,4,45,,344,7,10,2,3,0
7989,35,Athletico-Pr,17,5,45,77,366,5,10,0,2,0
7989,35,Goias,12,3,55,,435,6,11,0,1,0
7990,35,America-Mg,20,7,52,80,435,7,9,2,0,0
7990,35,Internacional,13,3,48,76,414,8,12,2,0,0
7991,35,Coritiba,19,7,62,81,441,4,18,3,4,0
7991,35,Juventude,10,2,38,65,280,4,11,0,3,0
7992,35,Avai,8,1,,75,419,2,17,0,2,0
7992,35,Bragantino,,6,51,,436,7,17,0,1,0
7993,35,Atletico-Go,22,6,55,85,468,4,15,4,3,0
7993,35,Santos,9,6,45,81,392,7,10,0,2,0
7994,35,Fortaleza,8,3,44,79,419,2,16,2,1,0
7994,35,Palmeiras,18,9,56,85,522,4,11,3,3,0
7995,35,Corinthians,7,6,48,84,518,0,14,1,,0
7995,35,Flamengo,15,3,52,86,542,6,9,1,0,0
7996,36,Avai,16,6,43,81,377,4,13,0,0,0
7996,36,Santos,9,5,57,,477,9,14,1,3,0
7997,36,Fluminense,18,8,66,88,633,8,16,1,1,0
7997,36,Sao Paulo,,4,,80,333,3,16,2,0,1
7998,36,America-Mg,13,8,41,68,320,3,9,1,2,0
7998,36,Bragantino,,4,59,80,447,5,17,3,6,0
7999,36,Goias,8,1,52,83,309,5,15,1,4,0
7999,36,Juventude,14,2,48,78,283,8,22,0,6,0
8000,36,Ceara,12,4,36,78,,11,12,2,4,0
8000,36,Corinthians,,2,64,85,566,9,10,4,4,0
8001,36,Athletico-Pr,14,1,44,77,357,5,20,1,1,1
8001,36,Internacional,11,5,56,79,442,10,5,1,0,0
8002,36,Atletico-Go,13,6,43,75,333,3,12,1,4,1
8002,36,Fortaleza,18,6,57,82,,11,9,2,2,0
8003,36,Coritiba,9,4,32,69,245,5,13,0,5,0
8003,36,Flamengo,13,1,68,87,515,8,11,3,3,0
8004,36,Cuiaba,,4,33,64,,4,13,2,2,0
8004,36,Palmeiras,28,12,67,81,493,9,8,3,0,0
8005,36,Atletico-Mg,11,1,67,84,530,6,10,5,2,0
8005,36,Botafogo-Rj,8,2,33,68,270,2,19,2,5,0
8006,37,Internacional,8,3,41,82,374,2,12,2,5,0
8006,37,Sao Paulo,10,2,59,,511,7,11,2,4,0
8007,37,Corinthians,9,3,48,78,375,7,8,1,5,1
8007,37,Coritiba,,5,52,83,384,5,15,1,4,0
8008,37,Fluminense,23,9,77,90,639,11,10,6,3,0
8008,37,Goias,9,1,23,72,192,3,11,3,1,2
8009,37,Avai,14,3,41,79,300,6,17,2,4,0
8009,37,Ceara,15,3,59,84,428,6,21,1,5,0
8010,37,Bragantino,4,1,44,80,350,0,12,0,4,0
8010,37,Fortaleza,26,13,56,87,432,7,17,1,1,0
8011,37,Flamengo,10,3,64,86,512,4,14,0,3,0
8011,37,Juventude,11,4,36,75,294,2,17,0,7,0
8012,37,America-Mg,6,2,42,72,286,3,11,2,2,0
8012,37,Palmeiras,26,9,58,80,401,10,11,1,4,0
8013,37,Athletico-Pr,12,4,36,72,283,4,12,0,0,0
8013,37,Atletico-Go,26,7,64,80,497,7,8,1,1,0
8014,37,Botafogo-Rj,14,7,45,83,391,3,15,6,2,0
8014,37,Santos,4,0,55,84,467,4,17,1,4,1
8015,37,Atletico-Mg,14,7,66,,635,3,12,1,1,0
8015,37,Cuiaba,6,1,34,78,326,5,11,1,4,0
8016,38,Avai,15,8,34,81,313,3,11,0,1,0
8016,38,Flamengo,17,4,66,91,579,10,14,1,0,0
8017,38,Athletico-Pr,25,10,,75,271,6,19,2,1,0
8017,38,Botafogo-Rj,9,4,60,83,415,3,13,0,1,0
8018,38,Ceara,22,9,62,84,467,8,16,1,4,0
8018,38,Juventude,9,4,38,76,297,3,16,0,4,0
8019,38,America-Mg,36,9,60,82,420,17,14,0,3,0
8019,38,Atletico-Go,4,3,40,73,319,5,12,3,2,1
8020,38,Fortaleza,13,6,53,79,,7,14,2,3,0
8020,38,Santos,14,3,47,78,361,5,17,0,1,0
8021,38,Coritiba,4,2,43,82,389,1,8,2,3,1
8021,38,Cuiaba,17,8,57,88,505,8,9,2,1,0
8022,38,Bragantino,13,4,41,77,319,4,16,5,3,0
8022,38,Fluminense,8,4,59,82,463,9,15,0,2,0
8023,38,Atletico-Mg,17,7,41,82,351,4,19,0,6,0
8023,38,Corinthians,17,4,59,84,494,5,11,1,3,0
8024,38,Internacional,15,8,48,77,,6,13,1,2,0
8024,38,Palmeiras,11,2,52,82,306,5,17,2,3,0
8025,38,Goias,6,2,35,80,330,3,12,1,2,0
8025,38,Sao Paulo,13,7,65,90,591,4,14,0,1,0
8026,1,Cuiaba,12,4,48,79,427,4,12,2,3,1
8026,1,Palmeiras,17,5,52,84,455,4,23,3,2,0
8027,1,America-Mg,17,2,45,79,333,11,25,2,3,0
8027,1,Fluminense,15,8,55,83,440,1,9,3,2,0
8028,1,Botafogo-Rj,12,3,31,77,295,3,20,2,3,0
8028,1,Sao Paulo,,8,69,88,647,7,13,1,2,0
8029,1,Bahia,9,3,43,72,343,7,13,3,1,0
8029,1,Bragantino,,7,57,77,435,4,20,2,3,0
8030,1,Athletico-Pr,11,3,43,78,368,3,19,1,2,0
8030,1,Goias,16,2,57,83,478,8,18,1,3,0
8031,1,Fortaleza,24,6,47,79,399,5,18,0,2,0
8031,1,Internacional,11,6,53,80,471,1,13,2,1,0
8032,1,Atletico-Mg,26,10,75,87,601,14,15,2,6,0
8032,1,Vasco,7,3,25,65,207,3,10,2,5,0
8033,1,Corinthians,,7,41,,405,7,14,4,4,0
8033,1,Cruzeiro,8,2,59,85,576,4,12,3,2,0
8034,1,Coritiba,10,3,41,85,380,3,17,2,3,0
8034,1,Flamengo,15,7,59,88,541,6,20,1,3,0
8035,1,Gremio,17,6,45,,402,4,12,1,3,0
8035,1,Santos,,4,55,81,471,11,16,1,2,1
8036,2,Athletico-Pr,10,1,37,81,341,6,20,1,3,0
8036,2,Fluminense,14,4,63,87,559,10,13,3,3,0
8037,2,America-Mg,,8,,81,385,7,12,3,3,0
8037,2,Sao Paulo,17,6,53,83,435,3,18,1,5,0
8038,2,Bragantino,7,2,67,80,508,5,21,2,3,0
8038,2,Cuiaba,14,3,33,68,,4,17,3,3,0
8039,2,Cruzeiro,21,6,,80,488,11,21,1,4,1
8039,2,Gremio,11,7,51,79,511,5,8,3,2,0
8040,2,Flamengo,16,4,65,87,588,2,13,3,1,0
8040,2,Internacional,16,4,,81,310,6,14,2,3,0
8041,2,Atletico-Mg,15,5,63,84,551,6,21,1,3,0
8041,2,Santos,12,2,37,77,,9,11,0,3,0
8042,2,Palmeiras,13,7,65,80,466,5,15,0,3,0
8042,2,Vasco,11,3,35,69,255,2,19,0,4,0
8043,2,Coritiba,18,7,59,84,497,3,9,2,1,0
8043,2,Fortaleza,16,9,41,78,343,7,10,2,2,0
8044,2,Corinthians,10,2,48,80,392,8,23,1,2,0
8044,2,Goias,18,7,52,81,392,5,21,4,5,0
8045,2,Bahia,13,5,,83,539,6,18,0,1,0
8045,2,Botafogo-Rj,5,3,40,78,366,3,9,5,2,0
8046,3,Fluminense,12,3,70,90,598,5,15,1,3,0
8046,3,Fortaleza,,18,30,76,256,8,8,2,0,0
8047,3,Coritiba,16,5,33,73,288,7,14,2,4,0
8047,3,Sao Paulo,23,6,67,87,613,6,12,2,1,0
8048,3,Corinthians,10,2,45,82,437,3,15,1,3,0
8048,3,Palmeiras,21,6,55,84,508,12,20,0,3,0
8049,3,America-Mg,19,8,56,76,368,6,16,1,4,0
8049,3,Santos,12,6,44,73,294,2,19,0,3,1
8050,3,Bragantino,12,5,44,78,369,5,18,1,3,2
8050,3,Cruzeiro,18,5,56,81,471,9,8,4,3,0
8051,3,Athletico-Pr,,3,41,80,398,5,11,3,3,1
8051,3,Atletico-Mg,16,6,59,86,574,1,18,2,3,0
8052,3,Botafogo-Rj,12,6,26,69,,2,12,1,2,1
8052,3,Flamengo,24,13,74,,642,7,14,3,4,0
8053,3,Cuiaba,15,4,51,83,410,7,16,2,3,1
8053,3,Gremio,12,6,49,80,432,5,12,2,5,0
8054,3,Goias,15,1,42,81,,11,10,4,0,1
8054,3,Internacional,18,8,58,86,463,8,16,1,,0
8055,3,Bahia,12,6,45,75,355,6,19,0,4,0
8055,3,Vasco,15,6,55,,430,7,19,5,1,0
8056,4,Cruzeiro,10,3,56,80,496,4,17,0,6,0
8056,4,Santos,9,4,44,77,397,4,15,5,3,0
8057,4,Fluminense,,9,80,89,733,9,12,1,3,0
8057,4,Vasco,8,1,20,59,195,1,19,1,3,0
8058,4,America-Mg,15,4,,78,404,4,19,5,3,1
8058,4,Cuiaba,9,5,55,80,476,6,12,2,4,0
8059,4,Bahia,15,5,,79,423,3,28,1,2,0
8059,4,Coritiba,10,4,49,79,406,5,24,2,7,0
8060,4,Internacional,15,4,58,87,486,9,9,3,4,0
8060,4,Sao  Paulo,7,4,42,81,374,4,16,2,3,0
8061,4,Athletico-Pr,10,4,39,77,349,2,15,2,2,0
8061,4,Flamengo,14,4,61,84,532,8,11,0,2,0
8062,4,Bragantino,21,7,58,75,,7,20,2,2,0
8062,4,Gremio,11,3,42,69,353,4,9,3,5,0
8063,4,Atletico-Mg,9,1,61,85,536,9,8,4,3,0
8063,4,Botafogo-Rj,22,7,39,81,341,5,14,0,1,0
8064,4,Goias,15,4,43,84,396,4,13,1,2,1
8064,4,Palmeiras,17,7,57,88,524,6,29,1,6,0
8065,4,Corinthians,21,8,48,85,488,5,6,3,,0
8065,4,Fortaleza,16,2,52,88,511,5,9,2,2,0
8066,5,Athletico-Pr,14,5,54,85,516,3,10,2,4,0
8066,5,Internacional,12,3,46,84,423,4,11,2,2,0
8067,5,Bahia,17,3,60,86,550,4,13,1,4,0
8067,5,Santos,14,9,40,79,379,1,18,5,3,0
8068,5,America-Mg,10,3,,61,271,4,17,2,3,0
8068,5,Bragantino,20,9,63,78,438,5,16,3,5,0
8069,5,Atletico-Mg,8,7,54,86,551,1,17,1,2,0
8069,5,Cuiaba,7,1,46,86,465,6,12,0,1,0
8070,5,Flamengo,23,5,58,89,551,8,22,1,0,0
8070,5,Goias,,6,42,83,406,7,9,1,1,0
8071,5,Cruzeiro,27,5,48,88,401,16,14,1,1,0
8071,5,Fluminense,11,7,52,86,469,3,10,3,5,1
8072,5,Gremio,3,2,41,80,407,4,13,0,4,0
8072,5,Palmeiras,28,10,59,88,562,7,10,2,2,0
8073,5,Coritiba,,6,35,73,303,5,22,1,2,0
8073,5,Vasco,7,2,65,83,543,5,15,3,1,0
8074,5,Botafogo-Rj,16,6,54,89,604,3,12,0,1,0
8074,5,Corinthians,12,4,46,87,527,3,5,0,2,0
8075,5,Fortaleza,16,2,43,80,369,4,9,3,1,1
8075,5,Sao Paulo,13,1,,85,482,10,17,2,3,1
8076,6,Bahia,20,6,52,84,411,10,16,0,4,2
8076,6,Flamengo,,5,48,,390,4,13,5,5,0
8077,6,Cuiaba,13,2,38,85,391,3,10,4,4,0
8077,6,Fluminense,7,2,62,87,644,7,14,0,3,0
8078,6,Bragantino,8,3,41,79,332,6,19,2,4,0
8078,6,Palmeiras,,6,59,81,444,15,12,3,1,0
8079,6,Atletico-Mg,14,4,,79,514,3,14,0,2,0
8079,6,Internacional,6,4,45,76,425,3,8,2,3,0
8080,6,Fortaleza,14,4,43,76,389,5,22,1,4,0
8080,6,Gremio,17,6,57,80,514,9,22,1,3,0
8081,6,Santos,6,1,,65,247,1,12,3,1,0
8081,6,Vasco,23,9,69,83,515,14,14,0,4,0
8082,6,Corinthians,7,3,33,80,344,5,16,0,2,0
8082,6,Sao Paulo,7,1,67,89,691,4,18,2,4,0
8083,6,Athletico-Pr,26,7,65,82,593,4,9,1,3,0
8083,6,Coritiba,7,3,35,66,324,1,12,1,3,0
8084,6,Botafogo-Rj,17,2,54,,393,7,18,2,3,0
8084,6,Goias,7,5,46,78,342,4,23,2,6,0
8085,6,America-Mg,15,2,47,78,380,5,10,5,2,0
8085,6,Cruzeiro,16,8,53,80,427,6,17,3,0,0
8086,7,Bahia,23,4,51,83,430,4,19,1,1,0
8086,7,Goias,13,5,49,80,423,6,13,6,3,0
8087,7,Athletico-Pr,,4,39,68,291,5,12,3,3,0
8087,7,Bragantino,13,4,61,82,453,6,20,2,3,0
8088,7,Sao Paulo,15,7,53,,460,3,9,0,0,0
8088,7,Vasco,17,4,47,82,,9,16,1,4,0
8089,7,Atletico-Mg,19,8,67,87,,7,17,1,6,1
8089,7,Coritiba,10,4,33,74,273,5,20,2,3,1
8090,7,America-Mg,9,3,27,67,284,1,14,0,4,0
8090,7,Fortaleza,16,6,73,88,744,2,8,1,2,0
8091,7,Botafogo-Rj,21,7,34,79,272,7,24,2,4,0
8091,7,Fluminense,3,0,66,87,539,4,14,1,2,0
8092,7,Palmeiras,11,1,62,83,553,4,11,3,1,0
8092,7,Santos,12,4,38,71,345,3,15,0,3,0
8093,7,Corinthians,15,3,35,,356,9,12,2,2,0
8093,7,Flamengo,10,3,65,91,672,6,9,0,0,0
8094,7,Gremio,14,6,29,60,233,3,14,1,0,1
8094,7,Internacional,24,4,71,86,568,7,15,1,1,0
8095,7,Cruzeiro,15,8,66,81,539,6,16,5,1,0
8095,7,Cuiaba,15,2,34,66,,2,15,2,3,0
8096,8,Athletico-Pr,16,4,66,,539,10,14,1,2,0
8096,8,Gremio,10,4,34,68,282,5,15,2,4,0
8097,8,Fortaleza,14,6,49,81,370,9,11,3,3,0
8097,8,Vasco,12,1,51,80,387,5,15,3,1,0
8098,8,Cruzeiro,18,6,38,80,378,1,18,3,5,0
8098,8,Flamengo,14,2,62,86,618,2,12,5,4,0
8099,8,Coritiba,8,2,57,82,518,6,13,3,5,0
8099,8,Cuiaba,9,3,43,77,392,2,8,0,3,0
8100,8,Goias,8,4,,78,283,5,16,1,4,0
8100,8,Sao Paulo,16,6,,90,604,11,12,3,2,0
8101,8,Corinthians,14,4,30,77,309,7,18,2,4,0
8101,8,Fluminense,,7,70,91,728,6,6,3,2,0
8102,8,Bahia,9,4,56,84,528,7,13,0,2,0
8102,8,Internacional,7,2,44,82,429,2,10,3,,0
8103,8,Atletico-Mg,10,4,59,84,489,3,27,0,3,0
8103,8,Palmeiras,11,2,41,79,347,3,15,3,3,0
8104,8,Bragantino,,9,59,78,483,5,13,3,2,0
8104,8,Santos,9,1,41,69,341,4,10,4,1,0
8105,8,America-Mg,4,1,44,77,386,0,11,3,3,0
8105,8,Botafogo-Rj,18,6,56,84,473,7,9,2,2,0
8106,9,Bahia,7,2,45,75,367,4,9,3,3,0
8106,9,Fortaleza,11,2,55,80,,8,17,3,2,0
8107,9,Athletico-Pr,16,7,47,82,,6,15,3,3,0
8107,9,Botafogo-Rj,13,4,53,81,422,7,12,0,2,0
8108,9,Atletico-Mg,7,3,34,67,249,4,21,5,5,0
8108,9,Cruzeiro,19,5,66,84,445,12,19,3,6,0
8109,9,America-Mg,16,6,29,66,287,2,16,1,1,0
8109,9,Corinthians,6,2,71,84,700,3,14,0,0,0
8110,9,Internacional,8,3,44,80,385,5,12,0,4,0
8110,9,Santos,17,4,56,83,476,5,19,0,2,0
8111,9,Bragantino,15,3,49,80,398,6,12,1,2,0
8111,9,Fluminense,12,4,51,82,422,6,11,2,5,0
8112,9,Gremio,21,7,40,78,374,6,9,3,2,0
8112,9,Sao Paulo,16,4,60,85,550,8,13,2,1,0
8113,9,Cuiaba,15,8,44,80,368,5,14,1,3,0
8113,9,Goias,11,3,56,83,447,4,19,2,,0
8114,9,Coritiba,7,4,,85,,6,13,0,5,0
8114,9,Palmeiras,,8,51,86,412,11,15,3,4,0
8115,9,Flamengo,11,5,56,85,538,0,18,0,0,0
8115,9,Vasco,13,5,44,81,413,4,13,2,2,0
8116,10,Coritiba,19,7,46,75,348,8,15,4,3,0
8116,10,Santos,7,3,54,79,414,3,18,3,0,1
8117,10,Bahia,14,5,47,77,405,6,15,8,5,0
8117,10,Cruzeiro,15,7,,,465,5,9,5,1,0
8118,10,Corinthians,24,7,62,88,,8,11,1,2,0
8118,10,Cuiaba,10,2,38,80,,6,13,1,3,0
8119,10,Atletico-Mg,,6,61,78,552,7,8,5,2,0
8119,10,Bragantino,7,3,39,68,358,2,14,1,3,0
8120,10,Botafogo-Rj,21,10,55,85,492,7,16,1,3,0
8120,10,Fortaleza,8,3,45,81,412,3,12,4,3,0
8121,10,America-Mg,21,12,51,,364,7,19,1,2,0
8121,10,Athletico-Pr,9,4,49,70,361,3,10,1,4,0
8122,10,Palmeiras,10,4,34,75,306,3,16,2,1,0
8122,10,Sao Paulo,26,6,66,87,580,8,15,0,2,1
8123,10,Internacional,11,3,44,82,410,7,13,0,2,0
8123,10,Vasco,14,5,56,86,519,6,21,4,3,0
8124,10,Flamengo,14,4,53,81,501,3,20,1,0,0
8124,10,Gremio,25,8,47,79,442,7,17,1,3,0
8125,10,Fluminense,13,4,60,86,475,7,23,1,3,0
8125,10,Goias,22,9,40,79,314,6,15,5,3,0
8126,11,Cruzeiro,12,3,68,,561,5,9,1,4,0
8126,11,Fortaleza,10,2,32,65,267,2,12,7,4,0
8127,11,Athletico-Pr,14,5,43,83,365,4,11,2,2,0
8127,11,Sao Paulo,,5,57,82,479,4,15,3,3,0
8128,11,Corinthians,,4,49,82,439,2,14,1,4,0
8128,11,Santos,12,4,51,84,427,5,17,0,2,0
8129,11,Atletico-Mg,14,6,51,81,427,5,19,0,4,0
8129,11,Fluminense,9,4,49,,,3,20,5,2,0
8130,11,Bahia,9,3,46,81,385,6,18,6,4,0
8130,11,Palmeiras,10,3,54,80,438,8,16,7,3,0
8131,11,America-Mg,8,2,27,66,279,2,11,3,1,1
8131,11,Gremio,22,9,73,87,729,10,10,2,0,0
8132,11,Coritiba,14,4,53,,381,10,23,1,2,0
8132,11,Internacional,5,4,47,78,364,5,14,6,4,0
8133,11,Botafogo-Rj,5,3,47,83,,2,13,2,2,0
8133,11,Cuiaba,23,9,53,84,484,6,11,2,2,0
8134,11,Goias,8,1,40,78,362,2,24,3,3,0
8134,11,Vasco,21,5,60,88,521,8,19,4,2,0
8135,11,Bragantino,36,13,60,83,496,17,2,2,0,0
8135,11,Flamengo,7,0,40,73,353,2,5,2,0,0
8136,12,Athletico-Pr,,6,34,,,5,25,1,5,0
8136,12,Corinthians,12,3,,87,606,5,11,1,2,0
8137,12,Bahia,15,3,52,85,468,10,11,0,0,0
8137,12,Fluminense,17,10,48,82,443,9,9,2,1,1
8138,12,Atletico-Mg,18,4,59,87,591,8,13,1,1,1
8138,12,Fortaleza,9,3,41,84,420,3,10,1,1,0
8139,12,Cruzeiro,6,0,30,71,264,6,14,1,1,0
8139,12,Sao Paulo,14,8,70,88,615,5,15,8,3,0
8140,12,Botafogo-Rj,6,2,35,70,278,1,14,0,3,0
8140,12,Palmeiras,15,4,65,,472,12,17,4,0,0
8141,12,Coritiba,,7,49,,399,5,17,4,4,1
8141,12,Gremio,17,8,51,78,404,8,10,2,2,0
8142,12,America-Mg,15,3,39,74,311,3,25,0,2,0
8142,12,Internacional,8,2,61,84,505,2,6,1,1,0
8143,12,Flamengo,10,4,68,88,716,7,11,1,1,0
8143,12,Santos,12,6,32,80,347,2,14,2,2,0
8144,12,Bragantino,20,6,61,83,469,10,17,0,2,0
8144,12,Goias,4,0,39,74,317,4,23,6,2,0
8145,12,Cuiaba,14,3,53,80,417,6,13,5,3,0
8145,12,Vasco,9,2,,78,384,4,19,2,6,0
8146,13,Fluminense,4,2,45,82,407,2,7,1,2,1
8146,13,Sao Paulo,21,4,,84,473,12,16,2,2,0
8147,13,Flamengo,10,4,60,83,549,5,13,1,2,0
8147,13,Fortaleza,14,5,40,79,361,4,14,2,0,0
8148,13,Bahia,16,5,47,80,402,7,21,0,3,0
8148,13,Gremio,14,7,53,79,462,2,11,6,2,0
8149,13,Cruzeiro,9,3,46,81,440,4,14,1,2,1
8149,13,Internacional,15,4,54,85,,2,12,1,,0
8150,13,Bragantino,10,5,60,83,545,2,17,1,2,0
8150,13,Corinthians,12,4,40,70,367,4,15,5,3,0
8151,13,Botafogo-Rj,16,6,59,83,457,4,10,0,2,0
8151,13,Vasco,,4,41,79,330,8,15,1,5,0
8152,13,America-Mg,23,6,53,78,405,7,19,3,2,0
8152,13,Atletico-Mg,12,5,47,78,367,4,16,1,1,1
8153,13,Athletico-Pr,,5,54,83,437,7,20,1,4,0
8153,13,Palmeiras,11,5,46,80,381,2,9,4,0,1
8154,13,Cuiaba,15,6,48,83,362,9,7,1,0,0
8154,13,Santos,5,2,52,78,396,5,16,1,2,0
8155,13,Coritiba,13,8,35,68,276,2,24,1,8,0
8155,13,Goias,18,6,65,81,477,7,20,1,5,0
8156,14,Bahia,6,2,59,,,5,13,0,3,0
8156,14,Cuiaba,10,6,41,74,346,5,12,9,2,0
8157,14,Cruzeiro,7,5,43,76,363,6,18,1,3,0
8157,14,Vasco,9,1,57,82,465,4,7,3,2,0
8158,14,Atletico-Mg,,6,,,562,10,15,0,3,0
8158,14,Corinthians,8,2,40,75,,2,7,0,2,0
8159,14,America-Mg,17,4,57,79,405,8,20,0,3,0
8159,14,Coritiba,14,7,43,70,307,7,16,2,5,0
8160,14,Flamengo,10,4,,88,517,7,16,3,3,0
8160,14,Palmeiras,11,4,43,81,388,4,13,5,2,0
8161,14,Goias,19,5,66,85,542,13,19,4,2,1
8161,14,Santos,15,6,34,71,266,8,17,1,6,1
8162,14,Fluminense,14,8,56,,510,7,18,3,2,0
8162,14,Internacional,10,0,44,80,403,4,16,0,3,0
8163,14,Bragantino,26,4,,75,418,6,16,0,2,0
8163,14,Sao Paulo,6,1,41,67,295,4,9,0,2,0
8164,14,Athletico-Pr,10,2,47,79,378,2,18,0,3,0
8164,14,Fortaleza,20,6,53,81,415,7,9,7,3,0
8165,14,Botafogo-Rj,15,6,,83,470,2,13,1,5,0
8165,14,Gremio,22,4,52,,481,10,8,1,2,0
8166,15,Botafogo-Rj,10,3,37,66,301,4,16,1,1,0
8166,15,Bragantino,17,8,63,81,503,11,11,3,1,0
8167,15,Coritiba,,6,44,74,343,8,11,5,4,0
8167,15,Cruzeiro,13,2,56,80,,11,14,1,1,0
8168,15,Cuiaba,7,1,31,66,242,0,17,2,4,0
8168,15,Fortaleza,21,6,69,84,494,10,17,2,5,0
8169,15,Flamengo,8,3,46,80,392,1,20,1,,1
8169,15,Fluminense,16,8,54,83,448,8,25,1,7,0
8170,15,Santos,8,3,35,72,246,3,16,2,5,0
8170,15,Sao Paulo,24,7,65,84,463,4,21,2,3,0
8171,15,Athletico-Pr,15,7,53,84,493,5,14,4,2,0
8171,15,Bahia,8,6,,82,448,3,9,0,1,0
8172,15,Internacional,9,4,47,80,392,4,18,1,1,0
8172,15,Palmeiras,16,5,53,81,446,7,13,2,3,0
8173,15,Atletico-Mg,6,1,62,82,515,4,14,0,4,1
8173,15,Goias,17,3,38,75,315,6,16,0,5,0
8174,15,Corinthians,21,8,55,88,511,6,17,1,1,0
8174,15,Gremio,16,7,45,85,431,4,10,1,1,0
8175,15,America-Mg,18,8,33,74,301,3,16,1,3,2
8175,15,Vasco,15,3,67,87,572,8,15,2,2,0
8176,16,Fortaleza,11,6,35,73,241,4,28,1,6,0
8176,16,Palmeiras,14,7,65,83,432,4,17,1,3,0
8177,16,America-Mg,16,4,33,71,289,7,13,4,4,0
8177,16,Flamengo,16,7,67,86,565,12,8,4,2,0
8178,16,Cuiaba,13,6,28,74,212,2,9,2,2,0
8178,16,Sao Paulo,12,3,72,88,555,4,17,0,5,0
8179,16,Bahia,18,5,60,83,482,11,13,2,3,0
8179,16,Corinthians,5,1,40,73,333,5,20,4,2,0
8180,16,Atletico-Mg,17,3,62,83,563,8,17,1,4,0
8180,16,Gremio,6,2,38,70,355,3,7,0,3,0
8181,16,Bragantino,20,4,55,73,409,13,15,0,3,0
8181,16,Internacional,11,5,45,73,359,4,14,3,2,0
8182,16,Botafogo-Rj,18,7,64,81,502,8,20,0,3,0
8182,16,Santos,7,2,36,70,294,2,23,1,3,0
8183,16,Cruzeiro,16,1,,83,566,13,8,2,4,0
8183,16,Goias,7,2,31,70,260,1,21,2,5,0
8184,16,Athletico-Pr,9,2,43,78,338,2,21,1,3,1
8184,16,Vasco,18,2,57,86,423,8,19,2,2,0
8185,16,Coritiba,9,5,27,68,225,7,15,0,2,0
8185,16,Fluminense,15,3,73,88,614,11,7,1,1,0
8186,17,Fluminense,15,9,72,87,576,6,18,0,6,0
8186,17,Santos,3,0,,75,221,2,20,0,6,0
8187,17,Athletico-Pr,15,6,53,82,413,7,16,1,1,0
8187,17,Cruzeiro,14,5,47,77,,5,23,1,4,0
8188,17,Cuiaba,,5,,77,324,5,11,1,2,0
8188,17,Internacional,17,4,70,88,744,7,14,2,3,1
8189,17,Corinthians,12,6,56,89,648,0,12,0,2,0
8189,17,Vasco,23,5,44,88,517,6,11,0,0,0
8190,17,Bragantino,22,11,55,77,432,9,24,1,3,0
8190,17,Fortaleza,10,2,45,73,374,2,16,5,2,0
8191,17,Atletico-Mg,20,5,,80,356,7,21,1,3,0
8191,17,Flamengo,6,5,61,86,580,2,14,0,5,0
8192,17,Bahia,13,2,37,74,327,5,14,1,4,0
8192,17,Sao Paulo,17,11,63,,546,10,14,7,0,0
8193,17,America-Mg,15,7,48,83,411,5,13,1,2,0
8193,17,Palmeiras,14,7,,81,438,4,12,7,1,0
8194,17,Botafogo-Rj,14,7,57,87,504,7,14,0,1,0
8194,17,Coritiba,9,5,43,84,385,3,12,1,3,0
8195,17,Goias,16,2,44,80,415,6,20,2,4,0
8195,17,Gremio,9,2,56,84,522,5,11,1,2,0
8196,18,Athletico-Pr,3,2,36,78,323,3,27,2,2,0
8196,18,Santos,8,3,64,86,562,3,19,2,3,0
8197,18,Fortaleza,12,6,64,88,,2,10,0,3,0
8197,18,Goias,9,3,36,76,317,5,15,2,1,0
8198,18,Corinthians,9,3,44,84,445,4,7,2,3,0
8198,18,Internacional,15,4,56,86,563,1,18,0,3,1
8199,18,Fluminense,10,5,55,82,422,0,18,3,4,1
8199,18,Palmeiras,18,5,45,79,314,8,22,3,2,0
8200,18,Gremio,12,4,46,76,404,7,17,1,1,0
8200,18,Vasco,11,5,54,82,473,5,19,1,1,0
8201,18,Atletico-Mg,8,2,32,73,276,3,17,1,5,0
8201,18,Sao Paulo,19,3,68,87,573,9,16,6,6,0
8202,18,Bragantino,11,2,49,69,344,4,22,0,5,0
8202,18,Coritiba,9,1,51,,335,3,21,2,3,0
8203,18,America-Mg,,5,33,67,233,2,19,3,3,1
8203,18,Bahia,22,7,67,85,468,7,20,2,4,0
8204,18,Botafogo-Rj,2,1,32,69,279,1,7,1,2,0
8204,18,Cruzeiro,13,4,68,84,563,8,17,1,1,0
8205,18,Cuiaba,17,6,37,84,295,10,9,1,2,0
8205,18,Flamengo,10,5,63,89,525,6,9,0,0,0
8206,19,Botafogo-Rj,18,10,51,82,481,7,15,0,3,0
8206,19,Internacional,10,4,49,79,,3,10,4,3,0
8207,19,Atletico-Mg,11,4,39,77,317,2,15,4,2,0
8207,19,Bahia,14,5,61,85,,9,12,1,1,1
8208,19,America-Mg,15,2,67,88,655,7,12,2,0,1
8208,19,Goias,9,3,,74,344,3,12,1,1,0
8209,19,Corinthians,17,9,54,,529,4,17,2,2,0
8209,19,Coritiba,12,4,46,82,447,2,13,0,2,0
8210,19,Fluminense,19,7,72,90,712,8,7,2,4,0
8210,19,Gremio,13,5,28,75,,3,11,3,3,0
8211,19,Fortaleza,25,10,55,80,363,10,19,1,2,0
8211,19,Santos,,3,45,75,,6,20,3,1,0
8212,19,Flamengo,19,7,54,87,561,8,13,3,2,0
8212,19,Sao Paulo,8,1,46,84,502,2,15,4,6,0
8213,19,Cruzeiro,13,5,47,80,396,5,26,1,3,0
8213,19,Palmeiras,12,4,53,81,423,3,13,1,2,0
8214,19,Bragantino,24,7,,84,497,7,12,0,3,0
8214,19,Vasco,8,4,36,66,281,6,17,3,5,0
8215,19,Athletico-Pr,12,6,54,80,428,5,22,1,5,0
8215,19,Cuiaba,11,1,46,80,358,3,12,1,3,0
8216,20,Botafogo-Rj,12,1,36,74,319,2,9,0,2,0
8216,20,Sao Paulo,13,4,64,85,564,5,12,7,4,0
8217,20,Fortaleza,8,3,23,56,,6,12,1,5,0
8217,20,Internacional,19,5,77,87,656,10,14,1,4,0
8218,20,Cuiaba,13,3,53,,388,9,17,2,2,0
8218,20,Palmeiras,18,5,,81,373,2,18,1,6,0
8219,20,America-Mg,13,3,28,75,256,1,12,0,1,0
8219,20,Fluminense,,5,72,91,656,7,7,3,1,0
8220,20,Corinthians,5,2,54,86,480,3,13,1,3,0
8220,20,Cruzeiro,19,8,46,83,399,10,17,1,3,0
8221,20,Atletico-Mg,10,5,59,85,508,7,14,0,3,0
8221,20,Vasco,16,3,41,76,350,3,20,1,6,0
8222,20,Coritiba,15,4,37,75,298,4,10,2,3,0
8222,20,Flamengo,17,5,63,84,522,5,10,0,3,0
8223,20,Bahia,,5,,68,350,4,11,1,2,0
8223,20,Bragantino,11,7,53,76,384,7,18,5,5,0
8224,20,Gremio,9,3,44,78,334,4,21,2,4,1
8224,20,Santos,19,7,,81,395,9,16,0,6,0
8225,20,Athletico-Pr,14,5,54,83,426,7,16,2,4,0
8225,20,Goias,13,3,46,77,357,4,15,2,2,0
8226,21,Flamengo,8,4,60,85,529,6,13,2,2,0
8226,21,Internacional,5,1,40,,367,3,20,3,4,0
8227,21,Corinthians,,7,65,89,626,7,16,0,3,0
8227,21,Goias,19,5,35,80,343,6,15,0,1,0
8228,21,Bragantino,11,4,64,81,520,11,21,1,4,0
8228,21,Cuiaba,6,3,36,63,297,4,14,0,3,0
8229,21,Bahia,19,6,57,81,493,7,10,3,3,0
8229,21,Botafogo-Rj,10,5,43,75,380,4,14,1,2,0
8230,21,Atletico-Mg,15,6,57,89,471,5,22,2,5,0
8230,21,Santos,13,0,43,88,367,2,12,1,2,0
8231,21,America-Mg,9,4,25,67,218,4,21,2,5,2
8231,21,Sao Paulo,13,5,75,87,630,6,9,0,1,1
8232,21,Palmeiras,13,5,55,87,513,9,20,2,2,0
8232,21,Vasco,4,2,45,85,427,2,15,1,3,0
8233,21,Coritiba,10,2,47,78,370,3,22,0,6,0
8233,21,Fortaleza,12,6,53,81,419,2,22,1,3,0
8234,21,Athletico-Pr,10,4,28,61,226,2,9,1,3,1
8234,21,Fluminense,23,10,72,87,571,8,15,4,3,0
8235,21,Cruzeiro,6,1,,82,528,5,20,0,3,0
8235,21,Gremio,10,4,39,71,340,6,12,5,4,0
8236,22,Goias,11,2,37,76,330,5,16,3,1,2
8236,22,Internacional,,2,,86,575,5,13,2,3,1
8237,22,Athletico-Pr,23,6,52,82,445,12,13,1,1,1
8237,22,Atletico-Mg,9,7,48,,,7,13,1,3,0
8238,22,Botafogo-Rj,17,7,47,82,405,12,14,1,3,1
8238,22,Flamengo,12,4,53,,464,6,8,2,3,0
8239,22,Cuiaba,17,3,59,89,,9,16,0,1,0
8239,22,Gremio,,5,41,80,413,2,18,3,2,0
8240,22,Corinthians,6,2,43,,380,2,13,2,1,1
8240,22,Palmeiras,16,4,57,85,474,11,17,1,2,1
8241,22,Fluminense,13,5,65,85,535,5,13,4,4,0
8241,22,Fortaleza,20,5,35,76,293,7,16,2,3,0
8242,22,Bahia,11,3,54,81,477,6,22,2,2,0
8242,22,Vasco,6,1,46,78,419,0,17,2,3,1
8243,22,Bragantino,13,5,51,69,341,5,15,3,5,0
8243,22,Cruzeiro,,3,49,70,317,8,16,4,1,0
8244,22,America-Mg,12,7,37,,346,3,14,4,1,0
8244,22,Santos,10,2,63,86,587,5,16,2,4,1
8245,22,Coritiba,7,2,36,77,314,3,12,0,3,0
8245,22,Sao Paulo,14,6,64,,,4,12,2,2,0
8246,23,Athletico-Pr,15,9,41,77,371,2,19,0,2,0
8246,23,Flamengo,13,5,,85,512,8,12,4,2,1
8247,23,Internacional,15,5,43,82,438,4,17,0,,0
8247,23,Sao Paulo,11,3,57,84,574,7,14,0,4,0
8248,23,Cruzeiro,15,7,45,72,354,9,13,1,2,0
8248,23,Santos,12,1,55,78,430,8,8,2,3,0
8249,23,Corinthians,6,2,48,82,439,3,17,1,2,0
8249,23,Fortaleza,23,6,52,85,451,6,14,0,1,0
8250,23,Bahia,18,10,45,77,358,2,17,1,1,0
8250,23,Coritiba,15,6,55,84,,7,14,5,,0
8251,23,Bragantino,16,4,59,83,538,5,21,3,4,0
8251,23,Gremio,10,4,41,75,382,1,16,1,2,0
8252,23,America-Mg,7,3,36,70,334,1,18,1,4,1
8252,23,Cuiaba,20,8,64,85,549,9,11,3,1,0
8253,23,Goias,8,3,32,71,285,3,19,5,1,1
8253,23,Palmeiras,18,6,68,,555,6,12,2,3,0
8254,23,Fluminense,19,8,72,90,592,11,7,1,1,0
8254,23,Vasco,9,4,28,77,,4,12,0,4,0
8255,23,Atletico-Mg,13,6,41,81,377,5,15,4,2,0
8255,23,Botafogo-Rj,7,0,59,88,543,3,12,1,1,0
8256,24,Bahia,19,5,63,86,543,6,13,2,1,0
8256,24,Santos,16,7,37,75,317,8,13,2,2,0
8257,24,America-Mg,7,2,36,63,290,2,7,0,1,0
8257,24,Bragantino,21,6,64,80,,14,17,2,2,0
8258,24,Flamengo,10,2,66,84,589,2,14,1,3,0
8258,24,Goias,7,1,,71,304,3,15,3,1,0
8259,24,Cruzeiro,7,3,40,81,382,3,15,2,1,0
8259,24,Fluminense,11,4,60,88,568,7,6,3,6,0
8260,24,Fortaleza,8,4,26,69,245,0,14,0,6,0
8260,24,Sao Paulo,13,7,74,87,658,9,21,0,3,0
8261,24,Coritiba,8,3,,85,412,0,15,2,3,0
8261,24,Vasco,19,12,,86,465,6,10,1,1,0
8262,24,Athletico-Pr,15,6,43,79,353,7,12,1,3,0
8262,24,Internacional,13,4,57,82,457,5,17,1,5,0
8263,24,Gremio,7,2,34,67,236,2,15,1,3,1
8263,24,Palmeiras,18,4,66,84,420,11,14,3,3,0
8264,24,Botafogo-Rj,,2,33,78,342,1,8,1,4,1
8264,24,Corinthians,19,5,67,89,,6,18,2,4,0
8265,24,Atletico-Mg,7,3,65,87,582,6,15,3,3,0
8265,24,Cuiaba,9,3,35,80,311,3,14,1,3,0
8266,25,Bahia,6,4,33,73,272,2,13,3,2,1
8266,25,Flamengo,15,5,67,86,535,12,11,1,1,0
8267,25,Fortaleza,18,6,51,86,482,3,10,1,1,0
8267,25,Gremio,15,3,49,84,466,7,12,1,2,0
8268,25,Corinthians,6,2,46,86,404,4,14,1,2,0
8268,25,Sao Paulo,22,8,54,89,470,11,14,2,5,0
8269,25,Cuiaba,17,6,60,89,538,7,18,2,3,0
8269,25,Fluminense,7,2,40,86,371,0,12,3,2,1
8270,25,Atletico-Mg,8,5,36,77,323,4,11,1,1,0
8270,25,Internacional,15,4,64,87,570,4,17,0,1,1
8271,25,America-Mg,18,7,40,75,343,7,10,1,3,0
8271,25,Cruzeiro,,2,60,84,525,9,15,2,3,1
8272,25,Athletico-Pr,11,5,65,83,441,11,12,2,4,0
8272,25,Coritiba,7,3,35,75,249,2,21,3,2,0
8273,25,Santos,17,5,35,79,292,5,19,4,5,2
8273,25,Vasco,13,5,65,87,545,11,12,2,1,1
8274,25,Bragantino,22,8,68,85,529,6,14,0,4,0
8274,25,Palmeiras,10,3,32,65,256,4,20,3,2,0
8275,25,Botafogo-Rj,18,6,61,84,501,8,18,1,4,0
8275,25,Goias,8,3,39,,350,3,16,2,4,0
8276,26,Bahia,13,9,37,74,290,4,6,1,2,0
8276,26,Goias,22,7,63,,481,6,8,2,2,0
8277,26,Sao  Paulo,12,4,62,88,562,3,7,1,1,0
8277,26,Vasco,11,2,38,82,335,7,15,3,4,0
8278,26,Corinthians,14,5,42,80,368,2,5,2,3,0
8278,26,Flamengo,20,7,58,85,515,8,13,0,3,0
8279,26,Gremio,7,2,55,82,446,1,9,4,4,0
8279,26,Internacional,16,7,,77,383,4,15,5,6,0
8280,26,Palmeiras,26,6,70,88,506,6,8,7,2,0
8280,26,Santos,12,10,30,68,228,2,11,1,3,0
8281,26,Botafogo-Rj,12,5,33,77,304,2,14,1,2,0
8281,26,Fluminense,19,5,67,87,612,3,15,3,2,0
8282,26,Athletico-Pr,23,6,43,71,323,8,15,6,2,0
8282,26,Bragantino,12,3,57,77,429,7,15,0,4,0
8283,26,Atletico-Mg,13,3,63,84,587,2,12,1,2,0
8283,26,Coritiba,9,4,37,76,355,5,7,1,2,0
8284,26,America-Mg,15,3,40,76,351,2,12,2,1,0
8284,26,Fortaleza,18,5,60,,491,8,11,3,2,0
8285,26,Cruzeiro,8,2,52,84,440,5,20,1,3,0
8285,26,Cuiaba,10,2,48,83,407,5,9,3,0,0
8286,27,Athletico-Pr,20,7,48,79,440,8,13,1,6,0
8286,27,Gremio,11,5,52,79,469,4,9,1,2,1
8287,27,Coritiba,19,3,64,81,516,4,14,2,0,0
8287,27,Cuiaba,,6,36,71,306,4,11,2,2,0
8288,27,America-Mg,24,7,47,78,380,12,6,4,1,0
8288,27,Botafogo-Rj,6,2,53,81,460,1,15,0,1,0
8289,27,Goias,7,3,25,64,231,6,18,0,4,0
8289,27,Sao Paulo,8,3,75,89,699,3,15,0,3,0
8290,27,Bahia,14,4,46,76,378,5,14,4,1,0
8290,27,Internacional,12,1,54,79,442,3,13,0,1,1
8291,27,Fortaleza,12,4,52,82,406,6,9,1,2,0
8291,27,Vasco,18,8,48,80,383,6,7,1,3,0
8292,27,Atletico-Mg,13,3,44,75,386,2,19,2,3,0
8292,27,Palmeiras,12,4,56,82,461,7,17,2,6,0
8293,27,Cruzeiro,12,5,42,81,370,9,20,3,3,0
8293,27,Flamengo,9,2,58,85,513,3,11,1,2,0
8294,27,Bragantino,15,9,,82,624,4,8,0,1,0
8294,27,Santos,,7,37,71,362,5,8,5,4,0
8295,27,Corinthians,7,3,24,74,234,1,15,2,3,0
8295,27,Fluminense,24,10,,91,690,15,15,2,3,2
8296,28,Cuiaba,16,5,61,86,459,13,13,4,1,0
8296,28,Goias,10,3,39,79,329,2,17,5,3,0
8297,28,Gremio,3,2,42,71,334,3,17,2,3,0
8297,28,Sao Paulo,20,8,58,83,456,6,24,1,1,0
8298,28,Bahia,16,3,48,80,351,7,23,0,6,0
8298,28,Fortaleza,10,5,52,82,376,2,13,5,4,0
8299,28,Athletico-Pr,10,2,39,77,366,3,12,4,1,0
8299,28,Botafogo-Rj,10,5,61,86,563,6,11,1,2,0
8300,28,Atletico-Mg,9,1,55,82,418,1,24,0,3,0
8300,28,Cruzeiro,14,4,45,79,,7,15,3,3,0
8301,28,Flamengo,10,5,47,82,394,7,10,1,1,0
8301,28,Vasco,17,7,53,82,429,8,15,1,2,0
8302,28,Internacional,13,7,51,,455,3,18,2,1,0
8302,28,Santos,,3,49,,422,6,9,0,1,0
8303,28,Bragantino,,2,41,82,363,7,17,0,3,0
8303,28,Fluminense,12,5,59,83,511,3,13,3,2,0
8304,28,Coritiba,13,3,46,79,392,3,13,2,1,0
8304,28,Palmeiras,19,6,54,79,451,6,18,2,1,0
8305,28,America-Mg,13,4,29,74,270,4,13,0,3,0
8305,28,Corinthians,,6,,86,644,4,15,1,2,0
8306,29,Atletico-Mg,9,5,42,69,311,5,13,4,4,0
8306,29,Bragantino,13,3,,80,410,17,13,1,2,0
8307,29,America-Mg,12,6,42,71,355,5,14,0,1,0
8307,29,Athletico-Pr,22,8,58,81,478,14,14,3,0,0
8308,29,Fluminense,20,8,66,88,619,6,14,3,4,0
8308,29,Goias,9,4,,81,323,1,21,1,2,0
8309,29,Bahia,6,0,61,88,544,2,10,1,2,0
8309,29,Cruzeiro,14,5,39,81,349,1,11,1,2,0
8310,29,Palmeiras,12,8,46,,361,5,15,3,3,0
8310,29,Sao Paulo,3,0,54,85,,0,16,2,2,1
8311,29,Flamengo,8,4,63,87,632,1,16,0,4,0
8311,29,Gremio,11,4,37,78,357,6,14,0,3,0
8312,29,Corinthians,9,5,51,84,500,5,13,0,3,0
8312,29,Cuiaba,18,2,49,83,459,6,11,2,1,0
8313,29,Internacional,9,5,47,87,460,1,14,3,4,0
8313,29,Vasco,15,6,53,88,481,7,17,1,1,2
8314,29,Coritiba,3,2,36,67,287,2,21,2,3,1
8314,29,Santos,24,6,64,83,,11,15,1,2,0
8315,29,Botafogo-Rj,9,1,70,85,551,5,19,0,4,0
8315,29,Fortaleza,15,4,30,71,237,4,17,2,2,0
8316,30,Bahia,5,1,37,72,305,1,17,0,2,1
8316,30,Palmeiras,26,9,63,86,,6,15,5,1,0
8317,30,America-Mg,15,6,43,78,403,5,11,1,0,0
8317,30,Gremio,17,11,,83,541,7,5,1,2,0
8318,30,Atletico-Mg,18,3,,81,392,9,15,2,2,0
8318,30,Fluminense,11,3,54,86,452,4,11,2,1,0
8319,30,Athletico-Pr,16,5,42,81,340,4,13,3,1,0
8319,30,Sao Paulo,5,2,58,84,482,3,12,0,5,0
8320,30,Goias,18,6,44,77,322,7,17,0,2,0
8320,30,Vasco,5,2,56,84,427,2,12,1,3,1
8321,30,Coritiba,12,7,38,76,288,1,18,1,5,0
8321,30,Internacional,18,10,62,85,457,5,13,0,7,1
8322,30,Corinthians,17,7,62,80,446,10,22,3,6,0
8322,30,Santos,10,3,38,71,,3,14,1,2,0
8323,30,Botafogo-Rj,32,9,68,88,577,7,12,2,1,0
8323,30,Cuiaba,6,1,32,74,290,2,17,4,5,0
8324,30,Cruzeiro,7,2,47,79,333,1,14,0,1,0
8324,30,Fortaleza,18,7,,81,347,11,16,6,1,0
8325,30,Bragantino,,3,47,77,389,6,15,2,3,1
8325,30,Flamengo,16,4,53,77,433,8,10,2,4,0
8326,31,Bahia,8,5,44,78,405,2,15,1,2,0
8326,31,Fluminense,17,4,56,82,506,4,16,1,3,0
8327,31,America-Mg,11,2,43,76,395,5,14,2,2,0
8327,31,Internacional,15,4,57,81,514,3,15,0,0,0
8328,31,Athletico-Pr,19,3,56,81,518,7,11,2,2,0
8328,31,Corinthians,12,4,44,80,423,1,4,2,1,0
8329,31,Coritiba,13,2,52,79,,6,11,0,1,1
8329,31,Gremio,19,4,48,76,395,11,7,0,2,0
8330,31,Flamengo,8,4,61,86,529,1,13,0,2,2
8330,31,Santos,15,5,,81,336,6,16,2,1,1
8331,31,Atletico-Mg,11,4,57,80,501,0,10,1,0,0
8331,31,Fortaleza,8,2,43,76,380,4,14,1,2,0
8332,31,Botafogo-Rj,18,8,39,80,301,2,12,0,6,1
8332,31,Palmeiras,15,6,61,88,434,6,13,3,5,0
8333,31,Cuiaba,13,2,51,86,463,5,13,0,2,0
8333,31,Vasco,10,3,49,83,461,1,10,2,1,0
8334,31,Bragantino,23,7,58,80,375,7,18,1,3,0
8334,31,Goias,20,5,42,70,264,10,18,5,3,0
8335,31,Cruzeiro,19,4,44,83,405,4,12,1,3,1
8335,31,Sao Paulo,13,5,56,87,,3,10,5,1,0
8336,32,Bahia,19,5,59,81,542,4,17,0,4,0
8336,32,Gremio,7,3,41,72,380,5,9,1,2,0
8337,32,America-Mg,12,4,40,74,366,0,11,0,1,1
8337,32,Atletico-Mg,15,6,60,83,545,4,20,2,2,1
8338,32,Athletico-Pr,15,2,53,80,,2,17,1,4,0
8338,32,Palmeiras,18,6,47,73,386,2,17,2,3,0
8339,32,Cruzeiro,20,5,63,85,514,8,9,2,2,0
8339,32,Internacional,9,3,37,75,328,1,10,0,1,0
8340,32,Bragantino,19,6,56,76,383,10,14,0,1,0
8340,32,Corinthians,9,2,44,67,,6,12,0,2,0
8341,32,Flamengo,7,5,47,82,450,3,11,0,3,0
8341,32,Fortaleza,18,4,53,86,477,4,9,5,1,0
8342,32,Coritiba,8,2,51,79,429,5,17,0,3,0
8342,32,Goias,22,8,49,80,428,9,22,1,3,0
8343,32,Botafogo-Rj,12,2,,80,457,4,13,2,4,0
8343,32,Vasco,9,3,41,72,327,4,23,2,2,0
8344,32,Cuiaba,7,0,39,71,312,4,7,1,2,0
8344,32,Santos,4,2,61,80,,4,13,0,1,0
8345,32,Fluminense,,8,60,,492,3,25,1,5,0
8345,32,Sao Paulo,4,1,40,81,328,4,14,2,5,1
8346,33,Fluminense,8,4,61,89,584,3,16,0,2,0
8346,33,Internacional,20,5,39,83,370,5,13,4,2,0
8347,33,America-Mg,11,3,60,85,547,8,16,0,0,0
8347,33,Coritiba,10,5,40,78,385,4,13,1,1,0
8348,33,Athletico-Pr,20,3,57,76,347,14,20,3,1,0
8348,33,Fortaleza,13,3,43,,273,2,12,1,0,0
8349,33,Bragantino,10,3,42,74,322,5,24,2,2,0
8349,33,Sao Paulo,15,5,58,83,445,9,10,0,2,0
8350,33,Flamengo,12,6,,,512,4,13,0,1,0
8350,33,Palmeiras,12,1,48,90,467,5,17,3,1,1
8351,33,Goias,13,3,59,80,435,5,19,2,2,0
8351,33,Santos,15,4,41,76,319,6,13,1,1,0
8352,33,Atletico-Mg,14,3,61,86,528,6,19,0,4,0
8352,33,Corinthians,15,9,39,75,348,5,8,3,1,0
8353,33,Bahia,15,4,63,85,555,7,10,0,1,1
8353,33,Cuiaba,11,6,37,83,326,4,23,3,3,0
8354,33,Botafogo-Rj,12,5,52,77,395,2,8,0,0,0
8354,33,Gremio,13,6,48,73,378,6,17,0,2,0
8355,33,Cruzeiro,14,4,49,79,372,7,12,3,1,0
8355,33,Vasco,9,4,51,80,377,5,9,6,0,1
8356,34,Coritiba,7,3,44,,341,1,15,2,4,0
8356,34,Cruzeiro,13,4,56,79,409,5,18,1,4,0
8357,34,Flamengo,11,7,41,83,383,5,13,3,1,1
8357,34,Fluminense,13,4,59,89,,2,17,2,4,1
8358,34,Internacional,7,5,,,559,3,13,1,2,0
8358,34,Palmeiras,18,10,38,76,,6,13,3,1,0
8359,34,Botafogo-Rj,11,4,34,57,256,3,16,3,1,0
8359,34,Bragantino,25,7,66,80,475,7,12,0,2,0
8360,34,Corinthians,10,4,26,65,222,1,6,0,6,1
8360,34,Gremio,26,9,,,,12,15,2,2,1
8361,34,Santos,11,3,30,76,251,1,12,1,0,0
8361,34,Sao Paulo,12,3,70,87,587,4,14,1,2,0
8362,34,America-Mg,16,6,51,82,393,8,12,0,1,0
8362,34,Vasco,17,6,49,83,378,7,13,0,1,0
8363,34,Atletico-Mg,8,4,48,79,407,3,17,1,1,1
8363,34,Goias,21,6,52,81,428,7,16,3,2,0
8364,34,Athletico-Pr,6,4,49,76,404,5,14,0,4,0
8364,34,Bahia,28,5,51,77,408,11,8,0,3,0
8365,34,Cuiaba,7,4,35,80,340,2,7,2,1,0
8365,34,Fortaleza,13,3,65,89,605,9,15,2,2,0
8366,35,Bahia,13,7,34,77,331,3,14,1,3,0
8366,35,Corinthians,14,4,66,,604,3,9,1,2,0
8367,35,Athletico-Pr,18,4,55,83,411,5,15,2,1,0
8367,35,Vasco,8,2,45,76,350,1,19,2,4,0
8368,35,Coritiba,,2,34,79,316,5,10,3,2,0
8368,35,Fluminense,21,8,66,89,612,6,15,1,2,0
8369,35,Atletico-Mg,17,6,44,84,425,7,10,1,2,0
8369,35,Gremio,21,6,56,85,536,7,12,0,2,0
8370,35,Botafogo-Rj,18,5,46,81,364,4,14,1,2,0
8370,35,Santos,8,5,54,81,435,5,15,4,3,0
8371,35,America-Mg,11,1,42,84,380,3,9,0,4,0
8371,35,Flamengo,24,8,58,86,514,7,13,0,4,0
8372,35,Cuiaba,,0,37,83,395,1,11,2,0,0
8372,35,Sao Paulo,,4,63,90,668,5,12,1,2,0
8373,35,Bragantino,13,5,67,83,539,7,13,4,5,0
8373,35,Internacional,8,2,33,64,277,4,18,0,5,0
8374,35,Fortaleza,20,8,37,77,266,4,18,0,2,0
8374,35,Palmeiras,13,5,63,83,438,7,11,1,2,1
8375,35,Cruzeiro,12,7,,,366,5,17,3,3,0
8375,35,Goias,10,3,49,80,,4,18,0,3,0
8376,36,Corinthians,14,5,47,87,489,3,5,1,2,0
8376,36,Vasco,20,9,53,89,512,8,9,0,3,0
8377,36,Fluminense,9,5,,89,730,3,9,0,3,0
8377,36,Santos,27,9,28,,268,5,18,3,2,0
8378,36,Atletico-Mg,11,6,41,81,421,1,12,3,2,0
8378,36,Flamengo,19,4,59,87,,10,12,0,3,0
8379,36,Bahia,14,3,32,77,278,3,15,0,4,0
8379,36,Sao Paulo,14,5,,89,592,5,11,3,3,0
8380,36,Cuiaba,10,1,44,84,390,2,13,1,3,0
8380,36,Internacional,12,4,56,90,490,5,12,1,2,0
8381,36,Botafogo-Rj,24,6,54,84,462,10,11,0,1,1
8381,36,Coritiba,13,2,46,81,421,3,15,0,4,1
8382,36,America-Mg,5,1,54,83,440,2,15,2,2,0
8382,36,Palmeiras,25,12,46,82,357,10,10,2,2,0
8383,36,Goias,14,6,49,77,437,3,14,1,2,0
8383,36,Gremio,13,8,51,78,435,6,16,0,3,0
8384,36,Athletico-Pr,6,3,42,81,352,3,13,1,4,0
8384,36,Cruzeiro,26,9,58,86,457,2,10,1,3,0
8385,36,Bragantino,17,6,75,84,,15,9,0,1,2
8385,36,Fortaleza,6,4,25,55,218,3,10,2,4,0
8386,37,Corinthians,,2,48,87,491,5,4,2,2,1
8386,37,Internacional,11,3,52,87,525,4,13,1,2,0
8387,37,Atletico-Mg,7,2,48,85,401,3,15,0,4,0
8387,37,Sao Paulo,16,5,52,,435,5,9,0,1,0
8388,37,Cuiaba,2,1,32,84,307,2,9,1,1,0
8388,37,Flamengo,19,6,68,91,653,6,13,0,2,0
8389,37,Fluminense,6,2,65,89,586,1,12,3,2,1
8389,37,Palmeiras,22,5,35,83,301,7,11,1,1,0
8390,37,Botafogo-Rj,16,2,61,86,523,6,17,3,4,0
8390,37,Cruzeiro,7,3,39,77,347,2,13,4,3,0
8391,37,America-Mg,,3,43,79,346,2,15,1,2,1
8391,37,Bahia,27,5,57,85,449,10,4,3,0,0
8392,37,Fortaleza,6,1,46,85,441,4,19,2,2,0
8392,37,Goias,5,1,54,87,531,2,14,0,4,0
8393,37,Bragantino,27,9,65,81,467,12,16,1,4,0
8393,37,Coritiba,,0,35,67,265,6,10,1,1,0
8394,37,Gremio,13,5,46,80,385,5,18,1,3,0
8394,37,Vasco,8,1,54,85,418,6,12,2,1,0
8395,37,Athletico-Pr,12,6,54,80,406,6,18,1,5,0
8395,37,Santos,13,3,46,81,337,6,15,0,4,0
8396,38,America-Mg,11,3,59,,499,7,13,2,2,0
8396,38,Goias,14,2,41,77,358,8,12,3,2,0
8397,38,Botafogo-Rj,,5,46,87,473,5,10,3,2,0
8397,38,Internacional,7,3,54,,569,1,10,2,1,0
8398,38,Corinthians,13,6,,90,538,6,12,1,0,0
8398,38,Coritiba,13,5,45,90,452,6,17,0,1,0
8399,38,Fluminense,23,7,,93,643,7,12,0,3,0
8399,38,Gremio,12,5,30,79,280,3,12,0,3,0
8400,38,Cruzeiro,14,6,56,82,445,3,9,0,1,0
8400,38,Palmeiras,8,5,44,80,349,4,19,0,1,0
8401,38,Atletico-Mg,7,5,64,84,550,5,10,3,2,0
8401,38,Bahia,15,6,36,75,318,3,16,2,2,0
8402,38,Athletico-Pr,17,3,57,87,506,9,15,2,3,0
8402,38,Cuiaba,14,6,43,85,400,5,9,3,2,1
8403,38,Fortaleza,14,7,45,70,,6,9,2,3,0
8403,38,Santos,15,6,55,77,353,10,15,4,2,0
8404,38,Flamengo,10,2,58,89,535,9,16,0,3,0
8404,38,Sao Paulo,9,3,42,84,406,4,13,2,0,0
8405,38,Bragantino,9,2,55,80,398,3,14,1,1,1
8405,38,Vasco,,6,45,78,321,2,8,0,3,0
8406,1,Bahia,0,0,,,0,0,0,0,0,0
8406,1,Internacional,0,0,,,0,0,0,0,0,0
8407,1,Criciuma,0,0,,,0,0,0,0,0,0
8407,1,Juventude,0,0,,,,0,0,0,0,0
8408,1,Bragantino,0,0,,,0,0,0,0,0,0
8408,1,Fluminense,0,0,,,0,0,0,0,0,0
8409,1,Fortaleza,0,0,,,0,0,0,0,0,0
8409,1,Sao Paulo,0,0,,,0,0,0,0,0,0
8410,1,Gremio,0,0,,,0,0,0,0,0,0
8410,1,Vasco,0,0,,,0,0,0,0,0,0
8411,1,Athletico-Pr,0,0,,,0,0,0,0,0,0
8411,1,Cuiaba,0,0,,,0,0,0,0,0,0
8412,1,Atletico-Go,0,0,,,0,0,0,0,0,0
8412,1,Flamengo,0,0,,,0,0,0,0,0,0
8413,1,Atletico-Mg,0,0,,,0,0,0,0,0,0
8413,1,Corinthians,0,0,,,0,0,0,0,0,0
8414,1,Botafogo-Rj,0,0,,,0,0,0,0,0,0
8414,1,Cruzeiro,0,0,,,0,0,0,0,0,0
8415,1,Palmeiras,0,0,,,0,0,0,0,0,0
8415,1,Vitoria,0,0,,,0,0,0,0,0,0
8416,2,Bahia,0,0,,,0,0,0,0,0,0
8416,2,Fluminense,0,0,,,0,0,0,0,0,0
8417,2,Bragantino,0,0,,,0,0,0,0,0,0
8417,2,Vasco,0,0,,,0,0,0,0,0,0
8418,2,Athletico-Pr,0,0,,,0,0,0,0,0,0
8418,2,Gremio,0,0,,,0,0,0,0,0,0
8419,2,Cruzeiro,0,0,,,0,0,0,0,0,0
8419,2,Fortaleza,0,0,,,0,0,0,0,0,0
8420,2,Internacional,0,0,,,0,0,0,0,0,0
8420,2,Palmeiras,0,0,,,0,0,0,0,0,0
8421,2,Atletico-Mg,0,0,,,0,0,0,0,0,0
8421,2,Criciuma,0,0,,,0,0,0,0,,0
8422,2,Corinthians,0,0,,,0,0,0,0,0,0
8422,2,Juventude,0,0,,,,0,0,0,0,0
8423,2,Flamengo,0,0,,,,0,0,0,0,0
8423,2,Sao Paulo,,0,,,0,0,0,0,0,0
8424,2,Atletico-Go,0,0,,,0,0,0,0,0,0
8424,2,Botafogo-Rj,0,0,,,0,0,0,0,0,0
8425,2,Cuiaba,0,0,,,0,0,0,0,0,0
8425,2,Vitoria,0,0,,,0,0,0,0,0,0
8426,3,Fluminense,0,0,,,0,0,0,0,0,0
8426,3,Vasco,0,0,,,0,0,0,0,0,0
8427,3,Bragantino,,0,,,0,0,0,0,0,0
8427,3,Corinthians,0,0,,,0,0,0,0,0,0
8428,3,Cuiaba,0,0,,,0,0,0,0,0,0
8428,3,Gremio,0,0,,,0,0,0,0,0,0
8429,3,Atletico-Mg,0,0,,,0,0,0,0,0,0
8429,3,Cruzeiro,0,0,,,0,0,0,0,0,0
8430,3,Flamengo,0,0,,,,0,0,0,0,0
8430,3,Palmeiras,0,0,,,0,0,0,0,0,0
8431,3,Bahia,,0,,,0,0,0,0,0,0
8431,3,Vitoria,0,0,,,0,0,0,0,0,0
8432,3,Athletico-Pr,0,0,,,0,0,0,0,0,0
8432,3,Internacional,0,0,,,,0,0,0,0,0
8433,3,Botafogo-Rj,0,0,,,0,0,0,0,0,0
8433,3,Juventude,0,0,,,0,0,0,0,0,0
8434,3,Atletico-Go,0,0,,,,0,0,0,0,0
8434,3,Sao Paulo,0,0,,,,0,0,0,0,0
8435,3,Criciuma,0,0,,,0,0,0,0,0,0
8435,3,Fortaleza,0,0,,,0,0,0,0,0,0
8436,4,Criciuma,0,0,,,0,0,0,0,0,0
8436,4,Vasco,0,0,,,0,0,0,0,0,0
8437,4,Atletico-Mg,0,0,,,0,0,0,0,0,0
8437,4,Cuiaba,0,0,,,0,0,0,0,,0
8438,4,Bahia,0,0,,,0,0,0,0,0,0
8438,4,Gremio,0,0,,,0,0,0,0,0,0
8439,4,Botafogo-Rj,0,0,,,0,0,0,0,0,0
8439,4,Flamengo,0,0,,,0,0,0,0,0,0
8440,4,Corinthians,0,0,,,0,0,0,0,0,0
8440,4,Fluminense,0,0,,,0,0,0,0,0,0
8441,4,Cruzeiro,0,0,,,0,0,0,0,0,0
8441,4,Vitoria,0,0,,,0,0,0,0,0,0
8442,4,Bragantino,0,0,,,0,0,0,0,0,0
8442,4,Fortaleza,0,0,,,0,0,0,0,0,0
8443,4,Athletico-Pr,,0,,,0,0,0,0,0,0
8443,4,Juventude,0,0,,,0,0,0,0,0,0
8444,4,Atletico-Go,0,0,,,0,0,0,0,0,0
8444,4,Internacional,0,0,,,0,0,0,0,0,0
8445,4,Palmeiras,0,0,,,0,0,0,0,0,0
8445,4,Sao Paulo,0,0,,,0,0,0,0,0,0
8446,5,Atletico-Mg,0,0,,,0,0,0,0,0,0
8446,5,Fluminense,0,0,,,0,0,0,0,0,0
8447,5,Bragantino,0,0,,,0,0,0,0,0,0
8447,5,Flamengo,0,0,,,0,0,0,0,0,0
8448,5,Corinthians,0,0,,,0,0,0,0,0,0
8448,5,Fortaleza,0,0,,,0,0,0,0,0,0
8449,5,Athletico-Pr,0,0,,,0,0,0,0,0,0
8449,5,Vasco,0,0,,,,0,0,0,0,0
8450,5,Sao  Paulo,0,0,,,0,0,0,0,0,0
8450,5,Vitoria,0,0,,,0,0,0,0,0,0
8451,5,Bahia,0,0,,,0,0,0,0,0,0
8451,5,Botafogo-Rj,0,0,,,0,0,0,0,0,0
8452,5,Cuiaba,0,0,,,0,0,0,0,0,0
8452,5,Palmeiras,0,0,,,0,0,0,0,0,0
8453,5,Atletico-Go,0,0,,,0,0,0,0,0,0
8453,5,Juventude,0,0,,,0,0,0,0,0,0
8454,5,Cruzeiro,0,0,,,0,0,0,0,0,0
8454,5,Internacional,0,0,,,0,0,0,0,0,0
8455,5,Criciuma,0,0,,,0,0,0,0,0,0
8455,5,Gremio,0,0,,,0,0,0,0,0,0
8456,6,Corinthians,,0,,,0,0,0,0,0,0
8456,6,Flamengo,0,0,,,0,0,0,0,0,0
8457,6,Athletico-Pr,0,0,,,0,0,0,0,0,0
8457,6,Palmeiras,0,0,,,0,0,0,0,0,0
8458,6,Atletico-Go,0,0,,,0,0,0,0,0,0
8458,6,Cruzeiro,0,0,,,0,0,0,0,0,0
8459,6,Botafogo-Rj,0,0,,,0,0,0,0,0,0
8459,6,Fortaleza,0,0,,,0,0,0,0,0,0
8460,6,Vasco,0,0,,,0,0,0,0,0,0
8460,6,Vitoria,0,0,,,0,0,0,0,0,0
8461,6,Bahia,0,0,,,,0,0,0,,0
8461,6,Bragantino,0,0,,,0,0,0,0,0,0
8462,6,Fluminense,0,0,,,0,0,0,0,0,0
8462,6,Sao Paulo,0,0,,,0,0,0,0,0,0
8463,6,Criciuma,0,0,,,0,0,0,0,0,0
8463,6,Cuiaba,0,0,,,0,0,0,0,0,0
8464,6,Internacional,0,0,,,0,0,0,0,0,0
8464,6,Juventude,0,0,,,0,0,0,0,0,0
8465,6,Atletico-Mg,0,0,,,0,0,0,0,0,0
8465,6,Gremio,0,0,,,0,0,0,0,0,0
8466,7,Bragantino,0,0,,,0,0,0,0,0,0
8466,7,Gremio,0,0,,,0,0,0,0,0,0
8467,7,Atletico-Go,0,0,,,0,0,0,0,0,0
8467,7,Vitoria,0,0,,,0,0,0,0,0,0
8468,7,Fluminense,,0,,,0,0,0,0,0,0
8468,7,Juventude,0,0,,,0,0,0,0,0,0
8469,7,Cuiaba,0,0,,,0,0,0,0,0,0
8469,7,Internacional,0,0,,,0,0,0,0,0,0
8470,7,Botafogo-Rj,,0,,,0,0,0,0,0,0
8470,7,Corinthians,0,0,,,0,0,0,0,0,0
8471,7,Flamengo,0,0,,,0,0,0,0,0,0
8471,7,Vasco,0,0,,,0,0,0,0,0,0
8472,7,Atletico-Mg,0,0,,,0,0,0,0,0,0
8472,7,Bahia,0,0,,,0,0,0,0,0,0
8473,7,Criciuma,0,0,,,0,0,0,0,0,0
8473,7,Palmeiras,0,0,,,0,0,0,0,0,0
8474,7,Cruzeiro,0,0,,,0,0,0,0,0,0
8474,7,Sao Paulo,0,0,,,0,0,0,0,0,0
8475,7,Athletico-Pr,0,0,,,,0,0,0,0,0
8475,7,Fortaleza,,0,,,0,0,0,0,0,0
8476,8,Atletico-Go,,0,,,0,0,0,0,0,0
8476,8,Corinthians,0,0,,,0,0,0,0,0,0
8477,8,Juventude,,0,,,0,0,0,0,0,0
8477,8,Vitoria,0,0,,,0,0,0,0,0,0
8478,8,Botafogo-Rj,0,0,,,0,0,0,0,0,0
8478,8,Fluminense,0,0,,,0,0,0,0,0,0
8479,8,Atletico-Mg,0,0,,,0,0,0,0,0,0
8479,8,Bragantino,0,0,,,0,0,0,0,0,0
8480,8,Cruzeiro,0,0,,,0,0,0,0,0,0
8480,8,Cuiaba,0,0,,,0,0,0,0,0,0
8481,8,Athletico-Pr,0,0,,,0,0,0,0,0,0
8481,8,Criciuma,0,0,,,0,0,0,0,0,0
8482,8,Internacional,0,0,,,0,0,0,0,0,0
8482,8,Sao Paulo,0,0,,,0,0,0,0,0,0
8483,8,Flamengo,0,0,,,0,0,0,0,0,0
8483,8,Gremio,0,0,,,0,0,0,0,0,0
8484,8,Bahia,0,0,,,0,0,0,0,0,0
8484,8,Fortaleza,0,0,,,0,0,0,0,0,0
8485,8,Palmeiras,0,0,,,0,0,0,0,0,0
8485,8,Vasco,0,0,,,0,0,0,0,0,0
8486,9,Bragantino,0,0,,,0,0,0,0,,0
8486,9,Juventude,0,0,,,0,0,0,0,0,0
8487,9,Atletico-Go,0,0,,,0,0,0,0,0,0
8487,9,Fluminense,0,0,,,0,0,0,0,0,0
8488,9,Corinthians,0,0,,,0,0,0,0,0,0
8488,9,Sao Paulo,0,0,,,0,0,0,0,0,0
8489,9,Internacional,0,0,,,0,0,0,0,0,0
8489,9,Vitoria,0,0,,,0,0,0,0,0,0
8490,9,Athletico-Pr,0,0,,,0,0,0,0,0,0
8490,9,Flamengo,0,0,,,0,0,0,0,0,0
8491,9,Cruzeiro,0,0,,,0,0,0,0,0,0
8491,9,Vasco,0,0,,,0,0,0,0,0,0
8492,9,Bahia,0,0,,,0,0,0,0,0,0
8492,9,Criciuma,,0,,,0,0,0,0,0,0
8493,9,Botafogo-Rj,,0,,,0,0,0,0,0,0
8493,9,Gremio,0,0,,,0,0,0,0,0,0
8494,9,Cuiaba,0,0,,,0,0,0,0,0,0
8494,9,Fortaleza,0,0,,,0,0,0,0,0,0
8495,9,Atletico-Mg,0,0,,,0,0,0,0,0,0
8495,9,Palmeiras,,0,,,0,0,0,0,0,0
8496,10,Athletico-Pr,0,0,,,0,0,0,0,0,0
8496,10,Botafogo-Rj,0,0,,,0,0,0,0,0,0
8497,10,Atletico-Go,0,0,,,,0,0,0,0,0
8497,10,Criciuma,0,0,,,,0,0,0,0,0
8498,10,Cuiaba,0,0,,,0,0,0,0,0,0
8498,10,Sao Paulo,0,0,,,0,0,0,0,0,0
8499,10,Juventude,0,0,,,0,0,0,0,0,0
8499,10,Vasco,,0,,,0,0,0,0,0,0
8500,10,Fortaleza,0,0,,,0,0,0,0,0,0
8500,10,Gremio,0,0,,,0,0,0,0,0,0
8501,10,Cruzeiro,0,0,,,,0,0,0,0,0
8501,10,Fluminense,0,0,,,0,0,0,0,0,0
8502,10,Corinthians,0,0,,,0,0,0,0,0,0
8502,10,Internacional,0,0,,,0,0,0,0,0,0
8503,10,Atletico-Mg,0,0,,,0,0,0,0,0,0
8503,10,Vitoria,0,0,,,0,0,0,0,0,0
8504,10,Bahia,0,0,,,,0,0,0,0,0
8504,10,Flamengo,0,0,,,0,0,0,0,0,0
8505,10,Bragantino,0,0,,,0,0,0,0,0,0
8505,10,Palmeiras,,0,,,0,0,0,0,0,0
8506,11,Botafogo-Rj,0,0,,,0,0,0,0,0,0
8506,11,Criciuma,0,0,,,0,0,0,0,0,0
8507,11,Gremio,0,0,,,0,0,0,0,0,0
8507,11,Internacional,0,0,,,0,0,0,0,,0
8508,11,Atletico-Go,0,0,,,0,0,0,0,0,0
8508,11,Cuiaba,0,0,,,0,0,0,0,0,0
8509,11,Sao  Paulo,0,0,,,0,0,0,0,0,0
8509,11,Vasco,0,0,,,0,0,0,0,0,0
8510,11,Bahia,0,0,,,0,0,0,0,0,0
8510,11,Cruzeiro,0,0,,,0,0,0,0,0,0
8511,11,Athletico-Pr,0,0,,,0,0,0,0,0,0
8511,11,Corinthians,0,0,,,0,0,0,0,0,0
8512,11,Flamengo,0,0,,,0,0,0,0,0,0
8512,11,Fluminense,0,0,,,0,0,0,0,0,0
8513,11,Bragantino,0,0,,,0,0,0,0,0,0
8513,11,Vitoria,0,0,,,0,0,0,0,0,0
8514,11,Atletico-Mg,,0,,,0,0,0,0,0,0
8514,11,Fortaleza,0,0,,,0,0,0,0,0,0
8515,11,Juventude,0,0,,,0,0,0,0,0,0
8515,11,Palmeiras,0,0,,,,0,0,0,0,0
8516,12,Botafogo-Rj,0,0,,,0,0,0,0,0,0
8516,12,Bragantino,,0,,,0,0,0,0,0,0
8517,12,Athletico-Pr,0,0,,,,0,0,0,0,0
8517,12,Cruzeiro,0,0,,,0,0,0,0,0,0
8518,12,Atletico-Go,0,0,,,0,0,0,0,0,0
8518,12,Gremio,0,0,,,0,0,0,0,0,0
8519,12,Corinthians,,0,,,0,0,0,0,0,0
8519,12,Cuiaba,0,0,,,0,0,0,0,0,0
8520,12,Flamengo,0,0,,,0,0,0,0,0,0
8520,12,Juventude,0,0,,,0,0,0,0,0,0
8521,12,Bahia,0,0,,,0,0,0,0,0,0
8521,12,Vasco,0,0,,,0,0,0,0,0,0
8522,12,Atletico-Mg,0,0,,,0,0,0,0,0,0
8522,12,Internacional,0,0,,,,0,0,0,0,0
8523,12,Fortaleza,0,0,,,0,0,0,0,0,0
8523,12,Palmeiras,0,0,,,0,0,0,0,0,0
8524,12,Fluminense,0,0,,,0,0,0,0,0,0
8524,12,Vitoria,0,0,,,0,0,0,0,0,0
8525,12,Criciuma,0,0,,,0,0,0,0,0,0
8525,12,Sao Paulo,0,0,,,0,0,0,0,0,0
8526,13,Botafogo-Rj,0,0,,,0,0,0,0,0,0
8526,13,Vasco,0,0,,,0,0,0,0,0,0
8527,13,Bragantino,0,0,,,0,0,0,0,0,0
8527,13,Cuiaba,0,0,,,0,0,0,0,0,0
8528,13,Atletico-Go,0,0,,,0,0,0,0,0,0
8528,13,Atletico-Mg,0,0,,,0,0,0,0,0,0
8529,13,Fluminense,0,0,,,0,0,0,0,0,0
8529,13,Gremio,0,0,,,0,0,0,0,0,0
8530,13,Bahia,,0,,,0,0,0,0,0,0
8530,13,Sao Paulo,0,0,,,0,0,0,0,0,0
8531,13,Fortaleza,0,0,,,0,0,0,0,0,0
8531,13,Juventude,0,0,,,,0,0,0,0,0
8532,13,Criciuma,0,0,,,0,0,0,0,0,0
8532,13,Internacional,0,0,,,0,0,0,0,0,0
8533,13,Athletico-Pr,,0,,,0,0,0,0,0,0
8533,13,Vitoria,0,0,,,0,0,0,0,0,0
8534,13,Cruzeiro,0,0,,,0,0,0,0,0,0
8534,13,Flamengo,0,0,,,0,0,0,0,0,0
8535,13,Corinthians,0,0,,,0,0,0,0,0,0
8535,13,Palmeiras,0,0,,,0,0,0,0,0,0
8536,14,Botafogo-Rj,,0,,,0,0,0,0,0,0
8536,14,Cuiaba,0,0,,,0,0,0,0,0,0
8537,14,Criciuma,0,0,,,0,0,0,0,0,0
8537,14,Cruzeiro,0,0,,,0,0,0,0,0,0
8538,14,Fortaleza,0,0,,,0,0,0,0,0,0
8538,14,Vasco,0,0,,,0,0,0,0,0,0
8539,14,Athletico-Pr,0,0,,,0,0,0,0,0,0
8539,14,Sao Paulo,0,0,,,0,0,0,0,0,0
8540,14,Atletico-Mg,0,0,,,,0,0,0,0,0
8540,14,Flamengo,0,0,,,0,0,0,0,0,0
8541,14,Atletico-Go,0,0,,,0,0,0,0,0,0
8541,14,Bragantino,0,0,,,0,0,0,0,0,0
8542,14,Gremio,0,0,,,0,0,0,0,0,0
8542,14,Palmeiras,0,0,,,0,0,0,0,0,0
8543,14,Bahia,0,0,,,0,0,0,0,0,0
8543,14,Juventude,0,0,,,0,0,0,0,0,0
8544,14,Fluminense,0,0,,,0,0,0,0,0,0
8544,14,Internacional,0,0,,,0,0,0,0,0,0
8545,14,Corinthians,0,0,,,0,0,0,0,0,0
8545,14,Vitoria,0,0,,,0,0,0,0,0,0
8546,15,Bragantino,0,0,,,0,0,0,0,0,0
8546,15,Sao Paulo,0,0,,,0,0,0,0,0,0
8547,15,Cuiaba,0,0,,,0,0,0,0,0,0
8547,15,Flamengo,0,0,,,0,0,0,0,0,0
8548,15,Fluminense,0,0,,,0,0,0,0,0,0
8548,15,Fortaleza,0,0,,,0,0,0,0,0,0
8549,15,Gremio,0,0,,,0,0,0,0,0,0
8549,15,Juventude,0,0,,,0,0,0,0,0,0
8550,15,Corinthians,0,0,,,0,0,0,0,0,0
8550,15,Cruzeiro,0,0,,,0,0,0,0,0,0
8551,15,Internacional,0,0,,,0,0,0,0,0,0
8551,15,Vasco,0,0,,,0,0,0,0,0,0
8552,15,Criciuma,0,0,,,0,0,0,0,0,0
8552,15,Vitoria,0,0,,,0,0,0,0,0,0
8553,15,Athletico-Pr,0,0,,,0,0,0,0,,0
8553,15,Atletico-Go,0,0,,,0,0,0,0,0,0
8554,15,Bahia,0,0,,,0,0,0,0,0,0
8554,15,Palmeiras,0,0,,,0,0,0,0,0,0
8555,15,Atletico-Mg,0,0,,,0,0,0,0,0,0
8555,15,Botafogo-Rj,0,0,,,0,0,0,0,0,0
8556,16,Cruzeiro,0,0,,,0,0,0,0,0,0
8556,16,Gremio,0,0,,,0,0,0,0,0,0
8557,16,Corinthians,0,0,,,0,0,0,0,0,0
8557,16,Vasco,0,0,,,0,0,0,0,0,0
8558,16,Athletico-Pr,0,0,,,0,0,0,0,0,0
8558,16,Bahia,0,0,,,0,0,0,0,0,0
8559,16,Atletico-Go,0,0,,,0,0,0,0,0,0
8559,16,Palmeiras,0,0,,,,0,0,0,0,0
8560,16,Criciuma,0,0,,,0,0,0,0,0,0
8560,16,Fluminense,0,0,,,0,0,0,0,0,0
8561,16,Flamengo,0,0,,,0,0,0,0,0,0
8561,16,Fortaleza,0,0,,,0,0,0,0,0,0
8562,16,Atletico-Mg,0,0,,,0,0,0,0,0,0
8562,16,Sao Paulo,0,0,,,0,0,0,0,0,0
8563,16,Botafogo-Rj,0,0,,,0,0,0,0,0,0
8563,16,Vitoria,0,0,,,0,0,0,0,0,0
8564,16,Cuiaba,0,0,,,0,0,0,0,0,0
8564,16,Juventude,0,0,,,0,0,0,0,0,0
8565,16,Bragantino,0,0,,,0,0,0,0,0,0
8565,16,Internacional,0,0,,,0,0,0,0,0,0
8566,17,Bahia,0,0,,,0,0,0,0,0,0
8566,17,Cuiaba,0,0,,,0,0,0,0,0,0
8567,17,Bragantino,0,0,,,0,0,0,0,0,0
8567,17,Cruzeiro,0,0,,,0,0,0,0,0,0
8568,17,Atletico-Mg,0,0,,,,0,0,0,0,0
8568,17,Juventude,0,0,,,0,0,0,0,0,0
8569,17,Corinthians,0,0,,,0,0,0,0,0,0
8569,17,Criciuma,0,0,,,0,0,0,0,0,0
8570,17,Atletico-Go,0,0,,,0,0,0,0,0,0
8570,17,Vasco,,0,,,0,0,0,0,0,0
8571,17,Gremio,0,0,,,0,0,0,0,0,0
8571,17,Sao Paulo,0,0,,,,0,0,0,0,0
8572,17,Botafogo-Rj,0,0,,,0,0,0,0,0,0
8572,17,Palmeiras,0,0,,,,0,0,0,0,0
8573,17,Fortaleza,0,0,,,0,0,0,0,0,0
8573,17,Vitoria,0,0,,,0,0,0,0,0,0
8574,17,Athletico-Pr,0,0,,,0,0,0,0,0,0
8574,17,Fluminense,,0,,,0,0,0,0,0,0
8575,17,Flamengo,0,0,,,0,0,0,0,0,0
8575,17,Internacional,0,0,,,0,0,0,0,0,0
8576,18,Criciuma,0,0,,,0,0,0,0,0,0
8576,18,Flamengo,0,0,,,0,0,0,0,0,0
8577,18,Botafogo-Rj,0,0,,,,0,0,0,0,0
8577,18,Internacional,0,0,,,0,0,0,0,0,0
8578,18,Cruzeiro,0,0,,,,0,0,0,0,0
8578,18,Palmeiras,0,0,,,0,0,0,0,0,0
8579,18,Gremio,0,0,,,0,0,0,0,0,0
8579,18,Vitoria,0,0,,,0,0,0,0,0,0
8580,18,Atletico-Mg,0,0,,,0,0,0,0,0,0
8580,18,Vasco,0,0,,,0,0,0,0,0,0
8581,18,Bahia,0,0,,,0,0,0,0,0,0
8581,18,Corinthians,0,0,,,0,0,0,0,0,0
8582,18,Athletico-Pr,0,0,,,0,0,0,0,0,0
8582,18,Bragantino,,0,,,0,0,0,0,0,0
8583,18,Juventude,0,0,,,0,0,0,0,0,0
8583,18,Sao Paulo,0,0,,,,0,0,0,0,0
8584,18,Atletico-Go,0,0,,,0,0,0,0,0,0
8584,18,Fortaleza,0,0,,,0,0,0,0,0,0
8585,18,Cuiaba,,0,,,0,0,0,0,0,0
8585,18,Fluminense,0,0,,,0,0,0,0,0,0
8586,19,Cruzeiro,0,0,,,0,0,0,0,0,0
8586,19,Juventude,0,0,,,0,0,0,0,0,0
8587,19,Botafogo-Rj,0,0,,,0,0,0,0,0,0
8587,19,Sao Paulo,0,0,,,0,0,0,0,0,0
8588,19,Flamengo,0,0,,,0,0,0,0,0,0
8588,19,Vitoria,0,0,,,0,0,0,0,0,0
8589,19,Atletico-Go,0,0,,,0,0,0,0,0,0
8589,19,Bahia,0,0,,,0,0,0,0,0,0
8590,19,Fluminense,0,0,,,0,0,0,0,0,0
8590,19,Palmeiras,0,0,,,0,0,0,0,0,0
8591,19,Corinthians,0,0,,,0,0,0,0,0,0
8591,19,Gremio,0,0,,,0,0,0,0,0,0
8592,19,Bragantino,0,0,,,0,0,0,0,0,0
8592,19,Criciuma,0,0,,,0,0,0,0,0,0
8593,19,Fortaleza,,0,,,0,0,0,0,0,0
8593,19,Internacional,0,0,,,,0,0,0,0,0
8594,19,Cuiaba,0,0,,,0,0,0,0,0,0
8594,19,Vasco,0,0,,,0,0,0,0,0,0
8595,19,Athletico-Pr,0,0,,,0,0,0,0,0,0
8595,19,Atletico-Mg,0,0,,,0,0,0,0,0,0
8596,20,Palmeiras,0,0,,,0,0,0,0,0,0
8596,20,Vitoria,0,0,,,0,0,0,0,0,0
8597,20,Criciuma,0,0,,,,0,0,0,0,0
8597,20,Juventude,0,0,,,0,0,0,0,,0
8598,20,Bahia,0,0,,,0,0,0,0,0,0
8598,20,Internacional,0,0,,,0,0,0,0,0,0
8599,20,Fortaleza,0,0,,,0,0,0,0,0,0
8599,20,Sao Paulo,0,0,,,0,0,0,0,,0
8600,20,Botafogo-Rj,0,0,,,0,0,0,0,0,0
8600,20,Cruzeiro,0,0,,,0,0,0,0,0,0
8601,20,Bragantino,0,0,,,0,0,0,0,0,0
8601,20,Fluminense,0,0,,,0,0,0,0,0,0
8602,20,Atletico-Go,0,0,,,0,0,0,0,0,0
8602,20,Flamengo,0,0,,,0,0,0,0,0,0
8603,20,Athletico-Pr,0,0,,,0,0,0,0,0,0
8603,20,Cuiaba,0,0,,,0,0,0,0,0,0
8604,20,Gremio,0,0,,,0,0,0,0,0,0
8604,20,Vasco,0,0,,,0,0,0,0,0,0
8605,20,Atletico-Mg,0,0,,,0,0,0,0,0,0
8605,20,Corinthians,0,0,,,0,0,0,0,0,0
8606,21,Cuiaba,0,0,,,0,0,0,0,0,0
8606,21,Vitoria,0,0,,,0,0,0,0,0,0
8607,21,Bragantino,0,0,,,0,0,0,0,0,0
8607,21,Vasco,0,0,,,0,0,0,0,0,0
8608,21,Atletico-Mg,0,0,,,0,0,0,0,0,0
8608,21,Criciuma,0,0,,,,0,0,0,0,0
8609,21,Atletico-Go,0,0,,,0,0,0,0,0,0
8609,21,Botafogo-Rj,0,0,,,0,0,0,0,0,0
8610,21,Flamengo,0,0,,,0,0,0,0,0,0
8610,21,Sao Paulo,0,0,,,0,0,0,0,0,0
8611,21,Corinthians,0,0,,,0,0,0,0,0,0
8611,21,Juventude,0,0,,,0,0,0,0,0,0
8612,21,Bahia,0,0,,,0,0,0,0,0,0
8612,21,Fluminense,0,0,,,0,0,0,0,0,0
8613,21,Athletico-Pr,0,0,,,0,0,0,0,0,0
8613,21,Gremio,0,0,,,0,0,0,0,0,0
8614,21,Internacional,0,0,,,0,0,0,0,0,0
8614,21,Palmeiras,0,0,,,0,0,0,0,0,0
8615,21,Cruzeiro,0,0,,,0,0,0,0,0,0
8615,21,Fortaleza,0,0,,,0,0,0,0,0,0
8616,22,Criciuma,0,0,,,0,0,0,0,0,0
8616,22,Fortaleza,0,0,,,0,0,0,0,0,0
8617,22,Cuiaba,0,0,,,,0,0,0,0,0
8617,22,Gremio,0,0,,,0,0,0,0,0,0
8618,22,Atletico-Mg,0,0,,,0,0,0,0,0,0
8618,22,Cruzeiro,0,0,,,0,0,0,0,0,0
8619,22,Bragantino,0,0,,,0,0,0,0,0,0
8619,22,Corinthians,0,0,,,0,0,0,0,0,0
8620,22,Fluminense,0,0,,,0,0,0,0,0,0
8620,22,Vasco,0,0,,,0,0,0,0,0,0
8621,22,Botafogo-Rj,0,0,,,0,0,0,0,,0
8621,22,Juventude,0,0,,,0,0,0,0,0,0
8622,22,Bahia,0,0,,,0,0,0,0,0,0
8622,22,Vitoria,0,0,,,0,0,0,0,0,0
8623,22,Atletico-Go,0,0,,,0,0,0,0,0,0
8623,22,Sao Paulo,0,0,,,0,0,0,0,,0
8624,22,Flamengo,0,0,,,0,0,0,0,0,0
8624,22,Palmeiras,0,0,,,0,0,0,0,0,0
8625,22,Athletico-Pr,,0,,,0,0,0,0,0,0
8625,22,Internacional,0,0,,,0,0,0,0,0,0
8626,23,Bahia,0,0,,,0,0,0,0,0,0
8626,23,Gremio,0,0,,,0,0,0,0,0,0
8627,23,Atletico-Mg,0,0,,,0,0,0,0,0,0
8627,23,Cuiaba,0,0,,,0,0,0,0,0,0
8628,23,Bragantino,0,0,,,0,0,0,0,0,0
8628,23,Fortaleza,0,0,,,0,0,0,0,0,0
8629,23,Corinthians,0,0,,,0,0,0,0,0,0
8629,23,Fluminense,0,0,,,,0,0,0,0,0
8630,23,Atletico-Go,0,0,,,0,0,0,0,0,0
8630,23,Internacional,0,0,,,0,0,0,0,0,0
8631,23,Criciuma,0,0,,,0,0,0,0,0,0
8631,23,Vasco,0,0,,,0,0,0,0,0,0
8632,23,Palmeiras,0,0,,,0,0,0,0,0,0
8632,23,Sao  Paulo,0,0,,,0,0,0,0,,0
8633,23,Athletico-Pr,0,0,,,0,0,0,0,0,0
8633,23,Juventude,0,0,,,0,0,0,0,0,0
8634,23,Botafogo-Rj,0,0,,,0,0,0,0,0,0
8634,23,Flamengo,0,0,,,0,0,0,0,0,0
8635,23,Cruzeiro,0,0,,,0,0,0,0,0,0
8635,23,Vitoria,0,0,,,,0,0,0,0,0
8636,24,Atletico-Go,0,0,,,0,0,0,0,0,0
8636,24,Juventude,0,0,,,0,0,0,0,,0
8637,24,Cuiaba,0,0,,,0,0,0,0,0,0
8637,24,Palmeiras,0,0,,,0,0,0,0,0,0
8638,24,Atletico-Mg,0,0,,,0,0,0,0,0,0
8638,24,Fluminense,0,0,,,0,0,0,0,0,0
8639,24,Bahia,0,0,,,0,0,0,0,0,0
8639,24,Botafogo-Rj,0,0,,,0,0,0,0,0,0
8640,24,Criciuma,,0,,,0,0,0,0,0,0
8640,24,Gremio,0,0,,,0,0,0,0,0,0
8641,24,Corinthians,0,0,,,0,0,0,0,0,0
8641,24,Fortaleza,0,0,,,0,0,0,0,0,0
8642,24,Sao Paulo,0,0,,,0,0,0,0,0,0
8642,24,Vitoria,0,0,,,0,0,0,0,0,0
8643,24,Cruzeiro,0,0,,,0,0,0,0,0,0
8643,24,Internacional,0,0,,,0,0,0,0,0,0
8644,24,Bragantino,0,0,,,0,0,0,0,0,0
8644,24,Flamengo,0,0,,,0,0,0,0,0,0
8645,24,Athletico-Pr,0,0,,,0,0,0,0,0,0
8645,24,Vasco,0,0,,,0,0,0,0,0,0
8646,25,Criciuma,0,0,,,0,0,0,0,0,0
8646,25,Cuiaba,0,0,,,0,0,0,0,0,0
8647,25,Botafogo-Rj,0,0,,,0,0,0,0,0,0
8647,25,Fortaleza,0,0,,,0,0,0,0,0,0
8648,25,Atletico-Mg,0,0,,,0,0,0,0,0,0
8648,25,Gremio,0,0,,,0,0,0,0,0,0
8649,25,Atletico-Go,0,0,,,0,0,0,0,0,0
8649,25,Cruzeiro,0,0,,,0,0,0,0,0,0
8650,25,Corinthians,0,0,,,0,0,0,0,0,0
8650,25,Flamengo,0,0,,,0,0,0,0,0,0
8651,25,Bahia,,0,,,0,0,0,0,0,0
8651,25,Bragantino,0,0,,,0,0,0,0,0,0
8652,25,Fluminense,0,0,,,0,0,0,0,0,0
8652,25,Sao Paulo,0,0,,,0,0,0,0,0,0
8653,25,Athletico-Pr,,0,,,,0,0,0,,0
8653,25,Palmeiras,0,0,,,0,0,0,0,0,0
8654,25,Internacional,0,0,,,0,0,0,0,0,0
8654,25,Juventude,0,0,,,0,0,0,0,0,0
8655,25,Vasco,0,0,,,0,0,0,0,0,0
8655,25,Vitoria,0,0,,,,0,0,0,0,0
8656,26,Atletico-Go,0,0,,,0,0,0,0,0,0
8656,26,Vitoria,0,0,,,0,0,0,0,0,0
8657,26,Athletico-Pr,0,0,,,0,0,0,0,0,0
8657,26,Fortaleza,0,0,,,0,0,0,0,0,0
8658,26,Botafogo-Rj,0,0,,,0,0,0,0,0,0
8658,26,Corinthians,0,0,,,0,0,0,0,0,0
8659,26,Bragantino,0,0,,,0,0,0,0,0,0
8659,26,Gremio,0,0,,,0,0,0,0,0,0
8660,26,Criciuma,0,0,,,0,0,0,0,0,0
8660,26,Palmeiras,0,0,,,0,0,0,0,0,0
8661,26,Fluminense,0,0,,,0,0,0,0,,0
8661,26,Juventude,0,0,,,0,0,0,0,0,0
8662,26,Atletico-Mg,0,0,,,0,0,0,0,0,0
8662,26,Bahia,0,0,,,0,0,0,0,0,0
8663,26,Flamengo,0,0,,,0,0,0,0,0,0
8663,26,Vasco,0,0,,,0,0,0,0,0,0
8664,26,Cruzeiro,0,0,,,0,0,0,0,0,0
8664,26,Sao Paulo,0,0,,,0,0,0,0,0,0
8665,26,Cuiaba,0,0,,,0,0,0,0,0,0
8665,26,Internacional,0,0,,,0,0,0,0,0,0
8666,27,Atletico-Go,0,0,,,0,0,0,0,0,0
8666,27,Corinthians,0,0,,,0,0,0,0,0,0
8667,27,Juventude,0,0,,,0,0,0,0,0,0
8667,27,Vitoria,0,0,,,0,0,0,0,0,0
8668,27,Botafogo-Rj,0,0,,,0,0,0,0,0,0
8668,27,Fluminense,,0,,,0,0,0,0,0,0
8669,27,Bahia,0,0,,,0,0,0,0,0,0
8669,27,Fortaleza,0,0,,,,0,0,0,0,0
8670,27,Atletico-Mg,0,0,,,0,0,0,0,0,0
8670,27,Bragantino,0,0,,,0,0,0,0,0,0
8671,27,Palmeiras,0,0,,,0,0,0,0,0,0
8671,27,Vasco,0,0,,,0,0,0,0,0,0
8672,27,Flamengo,0,0,,,0,0,0,0,0,0
8672,27,Gremio,0,0,,,0,0,0,0,0,0
8673,27,Cruzeiro,0,0,,,0,0,0,0,,0
8673,27,Cuiaba,0,0,,,0,0,0,0,0,0
8674,27,Internacional,0,0,,,0,0,0,0,0,0
8674,27,Sao Paulo,0,0,,,0,0,0,0,0,0
8675,27,Athletico-Pr,,0,,,0,0,0,0,0,0
8675,27,Criciuma,0,0,,,0,0,0,0,0,0
8676,28,Atletico-Mg,0,0,,,0,0,0,0,0,0
8676,28,Palmeiras,0,0,,,0,0,0,0,0,0
8677,28,Botafogo-Rj,0,0,,,0,0,0,0,0,0
8677,28,Gremio,0,0,,,0,0,0,0,0,0
8678,28,Bragantino,0,0,,,0,0,0,0,0,0
8678,28,Juventude,0,0,,,0,0,0,0,0,0
8679,28,Corinthians,,0,,,0,0,0,0,0,0
8679,28,Sao Paulo,0,0,,,0,0,0,0,0,0
8680,28,Cuiaba,0,0,,,0,0,0,0,0,0
8680,28,Fortaleza,0,0,,,0,0,0,0,0,0
8681,28,Atletico-Go,0,0,,,,0,0,0,0,0
8681,28,Fluminense,0,0,,,0,0,0,0,0,0
8682,28,Cruzeiro,0,0,,,0,0,0,0,0,0
8682,28,Vasco,0,0,,,0,0,0,0,0,0
8683,28,Internacional,0,0,,,0,0,0,0,0,0
8683,28,Vitoria,0,0,,,0,0,0,0,0,0
8684,28,Bahia,0,0,,,0,0,0,0,0,0
8684,28,Criciuma,0,0,,,0,0,0,0,0,0
8685,28,Athletico-Pr,0,0,,,0,0,0,0,0,0
8685,28,Flamengo,0,0,,,0,0,0,0,0,0
8686,29,Atletico-Go,0,0,,,0,0,0,0,0,0
8686,29,Criciuma,0,0,,,0,0,0,0,0,0
8687,29,Cruzeiro,,0,,,0,0,0,0,0,0
8687,29,Fluminense,,0,,,0,0,0,0,0,0
8688,29,Fortaleza,0,0,,,0,0,0,0,0,0
8688,29,Gremio,0,0,,,0,0,0,0,0,0
8689,29,Athletico-Pr,,0,,,0,0,0,0,0,0
8689,29,Botafogo-Rj,0,0,,,0,0,0,0,0,0
8690,29,Atletico-Mg,0,0,,,0,0,0,0,0,0
8690,29,Vitoria,0,0,,,0,0,0,0,,0
8691,29,Bragantino,0,0,,,0,0,0,0,0,0
8691,29,Palmeiras,0,0,,,0,0,0,0,0,0
8692,29,Bahia,0,0,,,0,0,0,0,0,0
8692,29,Flamengo,0,0,,,0,0,0,0,0,0
8693,29,Cuiaba,0,0,,,0,0,0,0,0,0
8693,29,Sao Paulo,0,0,,,0,0,0,0,0,0
8694,29,Corinthians,0,0,,,0,0,0,0,0,0
8694,29,Internacional,0,0,,,0,0,0,0,0,0
8695,29,Juventude,0,0,,,0,0,0,0,0,0
8695,29,Vasco,0,0,,,0,0,0,0,0,0
8696,30,Sao Paulo,0,0,,,0,0,0,0,0,0
8696,30,Vasco,,0,,,0,0,0,0,0,0
8697,30,Atletico-Mg,0,0,,,0,0,0,0,0,0
8697,30,Fortaleza,0,0,,,0,0,0,0,0,0
8698,30,Athletico-Pr,0,0,,,0,0,0,0,0,0
8698,30,Corinthians,0,0,,,0,0,0,0,0,0
8699,30,Flamengo,0,0,,,0,0,0,0,,0
8699,30,Fluminense,0,0,,,0,0,0,0,0,0
8700,30,Atletico-Go,0,0,,,0,0,0,0,0,0
8700,30,Cuiaba,,0,,,0,0,0,0,0,0
8701,30,Botafogo-Rj,0,0,,,0,0,0,0,0,0
8701,30,Criciuma,0,0,,,,0,0,0,0,0
8702,30,Bahia,0,0,,,0,0,0,0,0,0
8702,30,Cruzeiro,0,0,,,0,0,0,0,0,0
8703,30,Gremio,0,0,,,0,0,0,0,0,0
8703,30,Internacional,0,0,,,0,0,0,0,0,0
8704,30,Bragantino,0,0,,,0,0,0,0,0,0
8704,30,Vitoria,0,0,,,0,0,0,0,0,0
8705,30,Juventude,0,0,,,0,0,0,0,0,0
8705,30,Palmeiras,0,0,,,0,0,0,0,0,0
8706,31,Fortaleza,0,0,,,0,0,0,0,0,0
8706,31,Palmeiras,0,0,,,0,0,0,0,0,0
8707,31,Flamengo,,0,,,0,0,0,0,0,0
8707,31,Juventude,,0,,,0,0,0,0,0,0
8708,31,Atletico-Go,,0,,,,0,0,0,0,0
8708,31,Gremio,0,0,,,0,0,0,0,0,0
8709,31,Fluminense,0,0,,,0,0,0,0,0,0
8709,31,Vitoria,0,0,,,,0,0,0,0,0
8710,31,Athletico-Pr,0,0,,,0,0,0,0,0,0
8710,31,Cruzeiro,0,0,,,0,0,0,0,0,0
8711,31,Botafogo-Rj,,0,,,,0,0,0,0,0
8711,31,Bragantino,0,0,,,0,0,0,0,0,0
8712,31,Atletico-Mg,0,0,,,0,0,0,0,0,0
8712,31,Internacional,0,0,,,0,0,0,0,0,0
8713,31,Criciuma,0,0,,,0,0,0,0,0,0
8713,31,Sao Paulo,0,0,,,0,0,0,0,0,0
8714,31,Corinthians,0,0,,,0,0,0,0,0,0
8714,31,Cuiaba,0,0,,,0,0,0,0,0,0
8715,31,Bahia,0,0,,,0,0,0,0,0,0
8715,31,Vasco,0,0,,,0,0,0,0,0,0
8716,32,Fluminense,0,0,,,0,0,0,0,0,0
8716,32,Gremio,0,0,,,0,0,0,0,0,0
8717,32,Bragantino,0,0,,,0,0,0,0,0,0
8717,32,Cuiaba,0,0,,,0,0,0,0,0,0
8718,32,Fortaleza,0,0,,,0,0,0,0,0,0
8718,32,Juventude,0,0,,,0,0,0,0,0,0
8719,32,Athletico-Pr,0,0,,,0,0,0,0,0,0
8719,32,Vitoria,,0,,,0,0,0,0,0,0
8720,32,Corinthians,0,0,,,0,0,0,0,0,0
8720,32,Palmeiras,0,0,,,0,0,0,0,0,0
8721,32,Bahia,0,0,,,0,0,0,0,,0
8721,32,Sao Paulo,0,0,,,0,0,0,0,0,0
8722,32,Criciuma,0,0,,,0,0,0,0,0,0
8722,32,Internacional,0,0,,,0,0,0,0,0,0
8723,32,Botafogo-Rj,,0,,,0,0,0,0,0,0
8723,32,Vasco,0,0,,,0,0,0,0,0,0
8724,32,Cruzeiro,0,0,,,0,0,0,0,0,0
8724,32,Flamengo,0,0,,,0,0,0,0,0,0
8725,32,Atletico-Go,0,0,,,0,0,0,0,,0
8725,32,Atletico-Mg,0,0,,,0,0,0,0,0,0
8726,33,Fluminense,0,0,,,0,0,0,0,0,0
8726,33,Internacional,0,0,,,0,0,0,0,0,0
8727,33,Gremio,0,0,,,0,0,0,0,0,0
8727,33,Palmeiras,0,0,,,0,0,0,0,0,0
8728,33,Corinthians,0,0,,,0,0,0,0,0,0
8728,33,Vitoria,,0,,,0,0,0,0,0,0
8729,33,Botafogo-Rj,0,0,,,0,0,0,0,0,0
8729,33,Cuiaba,0,0,,,0,0,0,0,0,0
8730,33,Criciuma,0,0,,,0,0,0,0,0,0
8730,33,Cruzeiro,0,0,,,0,0,0,0,0,0
8731,33,Bahia,0,0,,,0,0,0,0,0,0
8731,33,Juventude,0,0,,,0,0,0,0,0,0
8732,33,Fortaleza,0,0,,,0,0,0,0,0,0
8732,33,Vasco,0,0,,,0,0,0,0,0,0
8733,33,Atletico-Go,0,0,,,0,0,0,0,0,0
8733,33,Bragantino,0,0,,,0,0,0,0,0,0
8734,33,Athletico-Pr,0,0,,,,0,0,0,0,0
8734,33,Sao Paulo,0,0,,,0,0,0,0,0,0
8735,33,Atletico-Mg,0,0,,,0,0,0,0,0,0
8735,33,Flamengo,0,0,,,0,0,0,0,0,0
8736,34,Corinthians,0,0,,,0,0,0,0,0,0
8736,34,Cruzeiro,0,0,,,,0,0,0,0,0
8737,34,Bragantino,0,0,,,0,0,0,0,0,0
8737,34,Sao Paulo,0,0,,,0,0,0,0,0,0
8738,34,Athletico-Pr,0,0,,,0,0,0,0,0,0
8738,34,Atletico-Go,0,0,,,0,0,0,0,0,0
8739,34,Criciuma,0,0,,,0,0,0,0,0,0
8739,34,Vitoria,0,0,,,0,0,0,0,0,0
8740,34,Bahia,0,0,,,0,0,0,0,0,0
8740,34,Palmeiras,,0,,,0,0,0,0,0,0
8741,34,Gremio,0,0,,,0,0,0,0,0,0
8741,34,Juventude,0,0,,,0,0,0,0,0,0
8742,34,Cuiaba,0,0,,,0,0,0,0,0,0
8742,34,Flamengo,0,0,,,0,0,0,0,0,0
8743,34,Atletico-Mg,0,0,,,,0,0,0,0,0
8743,34,Botafogo-Rj,0,0,,,0,0,0,0,0,0
8744,34,Internacional,0,0,,,0,0,0,0,0,0
8744,34,Vasco,0,0,,,0,0,0,0,0,0
8745,34,Fluminense,0,0,,,0,0,0,0,0,0
8745,34,Fortaleza,0,0,,,0,0,0,0,,0
8746,35,Cuiaba,0,0,,,0,0,0,0,0,0
8746,35,Juventude,0,0,,,0,0,0,0,0,0
8747,35,Botafogo-Rj,0,0,,,0,0,0,0,0,0
8747,35,Vitoria,0,0,,,0,0,0,0,0,0
8748,35,Atletico-Go,0,0,,,0,0,0,0,0,0
8748,35,Palmeiras,0,0,,,0,0,0,0,0,0
8749,35,Atletico-Mg,0,0,,,,0,0,0,0,0
8749,35,Sao Paulo,0,0,,,0,0,0,0,0,0
8750,35,Corinthians,0,0,,,0,0,0,0,0,0
8750,35,Vasco,0,0,,,0,0,0,0,0,0
8751,35,Bragantino,,0,,,0,0,0,0,0,0
8751,35,Internacional,0,0,,,0,0,0,0,0,0
8752,35,Athletico-Pr,0,0,,,,0,0,0,0,0
8752,35,Bahia,0,0,,,0,0,0,0,0,0
8753,35,Criciuma,0,0,,,0,0,0,0,0,0
8753,35,Fluminense,0,0,,,0,0,0,0,0,0
8754,35,Flamengo,0,0,,,0,0,0,0,0,0
8754,35,Fortaleza,0,0,,,0,0,0,0,0,0
8755,35,Cruzeiro,0,0,,,0,0,0,0,0,0
8755,35,Gremio,0,0,,,0,0,0,0,0,0
8756,36,Botafogo-Rj,0,0,,,0,0,0,0,0,0
8756,36,Palmeiras,0,0,,,0,0,0,0,0,0
8757,36,Atletico-Mg,0,0,,,0,0,0,0,0,0
8757,36,Juventude,0,0,,,0,0,0,0,0,0
8758,36,Corinthians,0,0,,,0,0,0,0,0,0
8758,36,Criciuma,0,0,,,0,0,0,0,0,0
8759,36,Bahia,0,0,,,0,0,0,0,0,0
8759,36,Cuiaba,0,0,,,0,0,0,0,0,0
8760,36,Atletico-Go,0,0,,,0,0,0,0,0,0
8760,36,Vasco,0,0,,,0,0,0,0,0,0
8761,36,Gremio,0,0,,,,0,0,0,0,0
8761,36,Sao Paulo,0,0,,,0,0,0,0,0,0
8762,36,Flamengo,0,0,,,0,0,0,0,0,0
8762,36,Internacional,0,0,,,0,0,0,0,0,0
8763,36,Bragantino,0,0,,,0,0,0,0,0,0
8763,36,Cruzeiro,0,0,,,0,0,0,0,0,0
8764,36,Athletico-Pr,0,0,,,0,0,0,0,0,0
8764,36,Fluminense,0,0,,,0,0,0,0,0,0
8765,36,Fortaleza,0,0,,,0,0,0,0,0,0
8765,36,Vitoria,0,0,,,0,0,0,0,0,0
8766,37,Bahia,0,0,,,0,0,0,0,0,0
8766,37,Corinthians,0,0,,,0,0,0,0,0,0
8767,37,Atletico-Mg,0,0,,,0,0,0,0,0,0
8767,37,Vasco,0,0,,,0,0,0,0,0,0
8768,37,Gremio,0,0,,,0,0,0,0,0,0
8768,37,Vitoria,0,0,,,0,0,0,0,0,0
8769,37,Criciuma,0,0,,,0,0,0,0,0,0
8769,37,Flamengo,0,0,,,0,0,0,0,0,0
8770,37,Juventude,0,0,,,0,0,0,0,0,0
8770,37,Sao Paulo,0,0,,,0,0,0,0,0,0
8771,37,Atletico-Go,0,0,,,0,0,0,0,0,0
8771,37,Fortaleza,0,0,,,0,0,0,0,0,0
8772,37,Botafogo-Rj,0,0,,,0,0,0,0,0,0
8772,37,Internacional,0,0,,,0,0,0,0,0,0
8773,37,Cruzeiro,0,0,,,0,0,0,0,0,0
8773,37,Palmeiras,0,0,,,0,0,0,0,0,0
8774,37,Cuiaba,0,0,,,0,0,0,0,0,0
8774,37,Fluminense,0,0,,,0,0,0,0,0,0
8775,37,Athletico-Pr,0,0,,,0,0,0,0,0,0
8775,37,Bragantino,0,0,,,0,0,0,0,0,0
8776,38,Fortaleza,0,0,,,0,0,0,0,0,0
8776,38,Internacional,0,0,,,0,0,0,0,0,0
8777,38,Cruzeiro,0,0,,,0,0,0,0,0,0
8777,38,Juventude,0,0,,,0,0,0,0,0,0
8778,38,Atletico-Go,0,0,,,0,0,0,0,0,0
8778,38,Bahia,0,0,,,0,0,0,0,0,0
8779,38,Flamengo,0,0,,,0,0,0,0,0,0
8779,38,Vitoria,0,0,,,0,0,0,0,0,0
8780,38,Bragantino,0,0,,,0,0,0,0,0,0
8780,38,Criciuma,0,0,,,0,0,0,0,0,0
8781,38,Athletico-Pr,0,0,,,,0,0,0,0,0
8781,38,Atletico-Mg,,0,,,0,0,0,0,0,0
8782,38,Botafogo-Rj,0,0,,,0,0,0,0,0,0
8782,38,Sao Paulo,0,0,,,0,0,0,0,0,0
8783,38,Cuiaba,0,0,,,0,0,0,0,0,0
8783,38,Vasco,0,0,,,0,0,0,0,0,0
8784,38,Fluminense,0,0,,,0,0,0,0,0,0
8784,38,Palmeiras,0,0,,,0,0,0,0,0,0
8785,38,Corinthians,0,0,,,0,0,0,0,0,0
8785,38,Gremio,0,0,,,,0,0,0,0,0
8786,1,Juventude,6,4,35,90,277,3,17,0,3,0
8786,1,Vitoria,9,4,64,92,479,5,15,0,4,0
8787,1,Fluminense,15,1,69,,98,5,5,1,0,0
8787,1,Fortaleza,6,4,31,,0,4,16,4,1,0
8788,1,Atletico-Mg,20,7,66,,0,11,5,4,0,0
8788,1,Gremio,14,5,34,,,1,17,1,4,0
8789,1,Sao Paulo,15,3,40,92,492,6,19,1,0,0
8789,1,Sport,8,2,60,86,275,2,18,2,2,0
8790,1,Cruzeiro,8,2,44,88,344,2,12,1,4,0
8790,1,Mirassol,13,7,56,,411,6,21,2,3,0
8791,1,Flamengo,16,6,57,93,524,4,10,5,2,0
8791,1,Internacional,4,1,43,84,,2,17,1,4,0
8792,1,Botafogo-Rj,13,5,42,88,323,2,21,0,3,0
8792,1,Palmeiras,15,4,58,94,481,2,17,1,3,0
8793,1,Santos,10,2,46,90,365,3,12,0,1,0
8793,1,Vasco,11,6,54,89,433,2,11,1,1,0
8794,1,Bahia,11,5,48,90,392,3,16,1,3,1
8794,1,Corinthians,8,2,52,94,561,5,15,1,2,0
8795,1,Bragantino,19,7,61,90,475,9,13,2,1,0
8795,1,Ceara,12,6,39,,271,2,14,1,3,0
8796,2,Ceara,14,6,39,89,199,3,9,3,1,0
8796,2,Gremio,13,3,61,89,335,10,17,3,3,0
8797,2,Corinthians,4,2,54,92,505,1,19,1,3,0
8797,2,Vasco,9,3,46,92,409,4,15,0,2,0
8798,2,Botafogo-Rj,17,6,55,92,459,3,13,1,2,0
8798,2,Juventude,,3,45,91,344,3,7,5,3,0
8799,2,Atletico-Mg,19,5,54,,407,12,15,0,1,1
8799,2,Sao Paulo,8,4,46,89,311,4,11,1,3,1
8800,2,Bragantino,15,5,55,91,405,6,12,2,0,0
8800,2,Fluminense,14,5,45,91,362,6,14,1,1,0
8801,2,Cruzeiro,6,1,32,89,250,2,11,3,1,1
8801,2,Internacional,23,11,68,95,562,9,19,3,1,0
8802,2,Fortaleza,7,3,41,77,217,1,10,3,3,0
8802,2,Mirassol,16,4,59,91,486,8,14,5,2,0
8803,2,Flamengo,11,6,,,614,6,17,0,0,0
8803,2,Vitoria,6,3,37,91,335,2,7,3,0,0
8804,2,Palmeiras,7,4,50,87,323,3,20,0,4,0
8804,2,Sport,5,2,50,88,317,6,15,1,6,0
8805,2,Bahia,8,2,45,88,348,3,16,0,2,0
8805,2,Santos,18,6,55,92,409,9,13,4,5,0
8806,3,Ceara,9,1,42,84,270,3,16,0,3,0
8806,3,Juventude,15,3,58,90,372,4,14,3,1,0
8807,3,Botafogo-Rj,11,2,63,89,512,8,11,2,2,0
8807,3,Bragantino,11,3,37,86,304,3,18,0,3,0
8808,3,Corinthians,6,1,66,92,546,3,17,0,5,0
8808,3,Palmeiras,14,6,34,90,263,1,15,3,6,0
8809,3,Sport,16,3,53,90,383,10,14,1,1,0
8809,3,Vasco,10,6,47,90,343,1,11,0,3,0
8810,3,Bahia,14,2,55,93,451,10,11,2,2,0
8810,3,Mirassol,5,3,45,90,346,2,11,3,5,0
8811,3,Flamengo,8,5,55,93,556,4,11,0,2,0
8811,3,Gremio,9,3,45,91,344,3,11,1,1,0
8812,3,Cruzeiro,10,2,43,84,263,6,21,0,6,0
8812,3,Sao Paulo,10,2,57,88,365,4,14,1,5,0
8813,3,Fluminense,8,5,53,91,470,3,14,1,2,0
8813,3,Santos,3,1,47,86,319,3,15,2,4,0
8814,3,Fortaleza,10,1,54,93,412,5,12,2,5,1
8814,3,Internacional,7,1,46,89,344,5,14,0,2,0
8815,3,Atletico-Mg,27,8,63,93,493,16,8,2,2,0
8815,3,Vitoria,,3,37,,254,3,10,0,3,0
8816,4,Ceara,6,2,35,90,304,1,14,1,3,0
8816,4,Vasco,8,4,65,93,577,2,13,2,4,0
8817,4,Botafogo-Rj,22,8,,91,,9,8,1,0,0
8817,4,Sao Paulo,12,4,45,90,373,4,5,2,4,0
8818,4,Bragantino,14,7,40,82,307,3,11,3,2,0
8818,4,Sport,20,5,60,,,9,10,4,3,0
8819,4,Gremio,11,4,51,93,478,7,14,0,4,0
8819,4,Mirassol,9,6,49,90,324,2,12,1,2,0
8820,4,Internacional,8,1,58,90,579,1,13,1,0,0
8820,4,Palmeiras,12,4,42,88,244,6,15,4,1,0
8821,4,Corinthians,8,2,58,89,474,7,7,0,2,0
8821,4,Fluminense,8,4,42,85,359,4,13,0,2,0
8822,4,Flamengo,16,7,61,95,581,6,14,0,1,0
8822,4,Juventude,4,1,39,90,276,0,10,1,1,0
8823,4,Fortaleza,9,5,57,95,539,5,9,4,1,0
8823,4,Vitoria,12,8,43,93,329,5,14,4,1,0
8824,4,Atletico-Mg,14,4,54,92,471,6,18,4,3,0
8824,4,Santos,11,5,46,88,270,3,10,0,3,0
8825,4,Bahia,5,1,60,,460,5,8,0,2,0
8825,4,Cruzeiro,15,7,40,90,326,4,14,2,5,0
8826,5,Corinthians,16,4,60,89,514,5,11,4,3,0
8826,5,Sport,9,2,40,87,359,4,13,0,2,0
8827,5,Flamengo,14,7,58,94,,11,11,1,1,0
8827,5,Vasco,,1,42,91,267,2,14,1,,0
8828,5,Gremio,7,3,39,78,247,3,14,1,6,1
8828,5,Internacional,12,5,61,86,436,7,12,1,,0
8829,5,Juventude,16,5,44,85,338,5,16,1,2,0
8829,5,Mirassol,20,7,56,88,421,3,9,0,2,0
8830,5,Santos,,3,53,91,423,5,14,1,3,0
8830,5,Sao Paulo,4,3,,85,310,5,16,2,7,0
8831,5,Atletico-Mg,13,7,52,92,359,8,10,1,3,0
8831,5,Botafogo-Rj,6,2,48,89,309,4,14,1,2,1
8832,5,Fluminense,10,6,55,94,644,6,12,1,0,0
8832,5,Vitoria,7,3,45,93,376,4,14,1,1,0
8833,5,Fortaleza,10,3,53,87,,8,13,1,1,0
8833,5,Palmeiras,6,3,47,90,304,2,13,4,1,0
8834,5,Bragantino,,7,,87,,4,18,0,2,0
8834,5,Cruzeiro,11,3,58,91,464,9,12,1,3,0
8835,5,Bahia,11,5,65,93,553,3,15,5,2,0
8835,5,Ceara,9,2,35,90,240,4,16,1,4,0
8836,6,Internacional,11,7,55,93,360,9,17,3,1,0
8836,6,Juventude,3,1,45,88,328,2,9,5,2,0
8837,6,Atletico-Mg,17,8,65,89,358,7,5,3,2,0
8837,6,Mirassol,17,6,35,,234,9,9,1,4,0
8838,6,Ceara,5,1,,88,286,3,12,1,2,0
8838,6,Sao Paulo,11,3,,90,388,2,18,1,5,0
8839,6,Fortaleza,9,1,42,86,320,6,8,3,3,1
8839,6,Sport,15,9,58,92,455,6,10,2,0,0
8840,6,Botafogo-Rj,14,7,40,91,,6,19,2,4,0
8840,6,Fluminense,8,1,60,93,576,3,9,2,4,0
8841,6,Corinthians,5,2,42,93,394,3,11,2,1,0
8841,6,Flamengo,15,7,58,94,500,10,13,2,2,0
8842,6,Gremio,6,5,46,,335,2,11,2,1,0
8842,6,Vitoria,8,3,54,,406,6,18,1,4,0
8843,6,Bahia,5,3,50,92,429,4,13,1,2,0
8843,6,Palmeiras,15,1,50,88,400,6,12,4,1,0
8844,6,Cruzeiro,12,5,46,87,298,4,18,1,0,0
8844,6,Vasco,13,4,54,92,378,8,12,0,0,0
8845,6,Bragantino,14,6,47,90,286,10,15,2,5,0
8845,6,Santos,,5,53,88,364,6,12,3,2,0
8846,7,Fortaleza,16,1,45,90,300,13,16,1,2,0
8846,7,Sao Paulo,9,3,55,92,379,5,15,2,2,0
8847,7,Ceara,18,9,54,87,298,3,15,4,0,0
8847,7,Vitoria,12,3,46,89,298,3,29,3,4,0
8848,7,Corinthians,21,10,63,92,545,3,9,3,3,0
8848,7,Internacional,6,4,37,87,270,7,13,3,2,1
8849,7,Fluminense,20,8,,88,519,10,12,0,1,0
8849,7,Sport,10,5,37,84,,6,13,6,5,0
8850,7,Bahia,9,3,51,92,364,3,11,2,3,0
8850,7,Botafogo-Rj,13,4,49,91,418,3,5,0,4,0
8851,7,Gremio,,3,47,88,333,3,10,0,5,0
8851,7,Santos,,2,53,91,414,6,20,2,3,0
8852,7,Palmeiras,15,2,50,92,350,11,8,2,0,0
8852,7,Vasco,9,3,50,,396,7,11,1,2,0
8853,7,Cruzeiro,14,10,41,88,328,6,17,2,4,0
8853,7,Flamengo,5,4,59,93,487,5,8,1,2,0
8854,7,Bragantino,15,4,,91,458,4,9,1,2,0
8854,7,Mirassol,12,4,48,87,441,4,12,0,3,0
8855,7,Atletico-Mg,25,7,55,91,366,5,13,3,2,0
8855,7,Juventude,12,5,45,82,297,3,12,2,2,0
8856,8,Fortaleza,18,11,48,93,280,5,13,0,3,0
8856,8,Juventude,3,1,52,85,313,4,12,3,4,0
8857,8,Vasco,14,5,63,93,606,3,16,0,3,0
8857,8,Vitoria,11,4,37,89,320,6,7,1,1,1
8858,8,Bragantino,11,4,60,91,432,4,8,4,3,0
8858,8,Gremio,,3,40,,265,6,12,1,1,0
8859,8,Corinthians,10,3,56,91,473,5,17,0,5,0
8859,8,Mirassol,11,4,44,90,270,4,12,4,2,0
8860,8,Bahia,7,2,39,89,346,2,9,1,1,0
8860,8,Flamengo,13,3,61,94,537,8,10,3,0,1
8861,8,Cruzeiro,13,6,56,90,456,4,5,2,0,0
8861,8,Sport,10,4,44,87,400,7,11,0,,0
8862,8,Palmeiras,14,3,58,88,,10,12,2,1,0
8862,8,Sao  Paulo,5,3,42,85,325,1,15,0,2,0
8863,8,Atletico-Mg,13,4,54,91,393,10,13,3,2,0
8863,8,Fluminense,5,2,46,87,379,0,7,0,2,0
8864,8,Botafogo-Rj,,5,42,87,363,2,11,2,0,0
8864,8,Internacional,17,5,58,91,502,7,10,1,1,0
8865,8,Ceara,11,6,38,82,219,6,19,3,2,0
8865,8,Santos,13,1,62,88,414,9,11,5,1,0
8866,9,Ceara,6,3,43,87,284,5,12,3,1,0
8866,9,Sport,9,4,57,89,431,8,17,2,4,0
8867,9,Fortaleza,8,3,49,91,370,7,10,1,1,1
8867,9,Vasco,12,6,51,93,370,4,12,3,2,1
8868,9,Gremio,3,3,39,81,278,3,12,0,4,0
8868,9,Sao Paulo,22,5,61,91,475,8,13,1,4,0
8869,9,Corinthians,9,2,60,94,510,5,8,0,2,0
8869,9,Santos,6,1,40,90,318,3,14,0,5,1
8870,9,Fluminense,15,5,,93,495,5,14,0,3,0
8870,9,Juventude,9,1,31,84,238,5,14,0,4,0
8871,9,Bahia,6,2,51,88,309,1,13,0,3,1
8871,9,Vitoria,19,8,49,94,369,10,21,2,4,1
8872,9,Bragantino,10,2,49,86,284,8,15,1,2,0
8872,9,Palmeiras,12,6,51,87,302,12,12,0,2,0
8873,9,Botafogo-Rj,7,2,45,,321,3,20,2,5,0
8873,9,Flamengo,,4,55,94,489,7,9,2,1,0
8874,9,Internacional,24,13,60,92,558,6,10,1,2,0
8874,9,Mirassol,7,2,40,85,310,2,9,3,4,0
8875,9,Atletico-Mg,7,3,,87,220,1,17,2,5,0
8875,9,Cruzeiro,15,3,54,87,274,15,17,1,1,0
8876,10,Fluminense,15,5,51,91,,6,11,0,4,0
8876,10,Vasco,7,2,49,91,383,2,16,1,3,0
8877,10,Mirassol,6,2,52,91,425,4,10,1,1,0
8877,10,Sao Paulo,11,3,48,88,461,5,18,0,4,0
8878,10,Atletico-Mg,12,2,50,92,378,1,21,0,2,0
8878,10,Corinthians,6,0,,88,382,1,14,0,4,0
8879,10,Bahia,13,1,58,94,515,17,9,1,4,0
8879,10,Gremio,9,3,42,87,,4,10,4,4,0
8880,10,Flamengo,,3,,90,335,3,16,1,2,0
8880,10,Palmeiras,11,1,48,90,340,3,12,1,4,0
8881,10,Internacional,13,5,,90,503,4,10,1,1,1
8881,10,Sport,10,3,38,82,281,6,11,1,2,0
8882,10,Santos,9,2,42,84,250,5,11,1,1,0
8882,10,Vitoria,16,7,58,94,389,5,13,2,3,0
8883,10,Cruzeiro,16,9,48,,401,8,9,2,1,0
8883,10,Fortaleza,8,1,52,89,,6,14,0,3,1
8884,10,Bragantino,11,4,48,89,348,6,14,1,4,1
8884,10,Juventude,5,1,52,88,343,2,20,0,4,0
8885,10,Botafogo-Rj,14,9,59,94,494,6,11,2,1,0
8885,10,Ceara,9,3,41,89,319,0,10,3,2,0
8886,11,Bahia,9,3,,93,465,5,12,2,1,0
8886,11,Sao Paulo,11,3,41,89,327,3,10,3,2,0
8887,11,Bragantino,4,3,35,87,288,3,10,2,2,0
8887,11,Vasco,20,6,65,93,635,7,13,1,1,0
8888,11,Mirassol,11,4,49,88,388,2,9,1,4,0
8888,11,Sport,11,5,,,414,7,21,0,1,0
8889,11,Gremio,21,9,41,88,310,7,15,0,2,0
8889,11,Juventude,15,4,59,90,,5,11,4,2,0
8890,11,Botafogo-Rj,,4,60,,520,4,16,1,2,0
8890,11,Santos,15,3,40,90,281,5,13,0,3,1
8891,11,Flamengo,12,10,64,93,597,2,8,2,1,0
8891,11,Fortaleza,12,4,36,89,299,4,10,2,1,0
8892,11,Atletico-Mg,12,4,55,87,356,8,16,3,3,1
8892,11,Ceara,9,2,45,85,289,8,15,3,1,0
8893,11,Corinthians,10,2,70,92,609,8,8,5,2,0
8893,11,Vitoria,7,3,30,85,224,3,13,2,4,0
8894,11,Cruzeiro,12,4,45,,,5,16,2,3,0
8894,11,Palmeiras,13,4,55,,404,13,14,0,3,0
8895,11,Fluminense,8,3,52,88,501,1,11,1,0,0
8895,11,Internacional,15,4,48,92,445,9,13,1,1,0
8896,12,Bahia,10,4,64,95,715,1,10,0,2,0
8896,12,Bragantino,9,2,36,88,305,4,3,1,2,1
8897,12,Cruzeiro,17,2,48,78,209,4,17,4,2,1
8897,12,Vitoria,8,2,52,,194,9,16,4,2,0
8898,12,Fortaleza,32,11,58,87,377,15,17,5,5,0
8898,12,Santos,7,3,42,88,285,0,13,2,3,0
8899,12,Corinthians,11,5,59,90,489,6,12,3,3,0
8899,12,Gremio,18,5,41,85,307,4,13,1,2,0
8900,12,Atletico-Mg,12,4,54,84,360,6,18,5,4,0
8900,12,Internacional,10,2,46,82,373,5,13,0,,0
8901,12,Sao Paulo,9,3,49,89,426,4,17,0,4,0
8901,12,Vasco,,8,51,,412,3,14,1,2,0
8902,12,Botafogo-Rj,13,4,51,91,431,6,17,1,4,0
8902,12,Mirassol,12,5,49,87,358,5,10,1,,0
8903,12,Juventude,6,1,38,84,251,0,15,0,2,0
8903,12,Palmeiras,16,10,62,88,513,6,8,1,1,0
8904,12,Ceara,6,0,40,90,333,3,10,2,2,0
8904,12,Fluminense,11,5,60,89,525,9,17,2,5,0
8905,12,Flamengo,32,9,,95,556,15,5,1,3,0
8905,12,Sport,6,3,,83,164,4,5,0,3,2
8906,13,Flamengo,19,8,59,92,610,7,13,0,2,0
8906,13,Sao Paulo,3,0,,,363,1,9,2,2,0
8907,13,Internacional,18,4,58,91,585,2,15,2,2,0
8907,13,Vitoria,4,4,,87,326,5,12,1,1,0
8908,13,Botafogo-Rj,,5,37,90,325,3,14,1,2,0
8908,13,Vasco,8,5,63,93,530,5,13,0,2,0
8909,13,Atletico-Mg,10,2,54,90,374,7,11,0,2,0
8909,13,Bahia,16,6,46,88,355,4,12,0,2,0
8910,13,Bragantino,,4,42,89,285,2,14,0,5,0
8910,13,Corinthians,13,9,58,90,458,10,17,3,6,0
8911,13,Cruzeiro,14,8,56,87,231,6,13,1,4,0
8911,13,Gremio,9,2,44,91,384,3,10,1,2,0
8912,13,Ceara,14,3,40,74,216,5,10,3,4,0
8912,13,Fortaleza,12,0,60,88,324,3,12,4,2,0
8913,13,Juventude,6,3,36,90,229,1,16,2,3,0
8913,13,Sport,18,3,64,91,484,8,16,2,3,0
8914,13,Fluminense,9,3,53,87,385,5,13,0,4,0
8914,13,Mirassol,11,6,47,86,282,5,12,3,3,0
8915,13,Palmeiras,13,4,45,89,348,5,15,2,1,0
8915,13,Santos,17,5,55,88,414,8,11,0,1,0
8916,14,Mirassol,1,1,50,84,319,3,17,2,3,0
8916,14,Palmeiras,18,5,,92,330,7,13,2,1,0
8917,14,Ceara,14,2,37,85,320,7,16,2,3,0
8917,14,Corinthians,5,2,63,91,338,3,13,2,2,0
8918,14,Flamengo,9,5,74,94,666,8,15,0,3,0
8918,14,Santos,8,3,,88,213,3,13,1,2,0
8919,14,Botafogo-Rj,22,7,66,93,572,6,10,1,1,0
8919,14,Vitoria,,1,34,85,290,5,17,1,5,0
8920,14,Bragantino,18,3,46,88,427,6,11,0,3,0
8920,14,Sao Paulo,,5,54,91,469,4,16,0,0,0
8921,14,Cruzeiro,8,5,33,,185,2,13,2,2,0
8921,14,Fluminense,25,6,67,96,567,7,12,0,,0
8922,14,Fortaleza,11,3,59,90,429,5,24,1,6,0
8922,14,Gremio,9,4,41,86,243,2,25,0,3,0
8923,14,Juventude,6,3,29,87,222,1,6,2,2,0
8923,14,Vasco,6,0,,95,,5,9,0,1,0
8924,14,Atletico-Mg,10,4,46,90,343,5,11,2,4,0
8924,14,Sport,12,2,54,,444,9,8,1,2,0
8925,14,Bahia,16,5,54,90,444,6,9,0,1,0
8925,14,Internacional,8,2,46,89,390,5,11,1,2,1
8926,15,Bahia,,4,70,91,471,3,6,2,3,0
8926,15,Fortaleza,11,2,30,89,223,9,16,3,5,0
8927,15,Gremio,8,4,36,91,204,2,15,1,3,0
8927,15,Vasco,27,7,,92,,12,17,0,2,0
8928,15,Mirassol,16,10,45,87,343,9,16,3,1,1
8928,15,Santos,8,0,55,91,454,2,9,2,1,0
8929,15,Corinthians,,4,47,90,470,5,9,0,2,0
8929,15,Sao Paulo,14,3,,89,400,6,18,0,2,0
8930,15,Ceara,12,6,53,87,393,5,6,5,2,0
8930,15,Internacional,,5,47,89,327,7,13,4,1,0
8931,15,Bragantino,16,5,65,92,542,5,13,0,2,0
8931,15,Vitoria,7,2,35,88,210,2,17,2,3,0
8932,15,Cruzeiro,12,6,48,92,302,8,17,1,1,0
8932,15,Juventude,4,1,52,91,334,3,8,0,2,0
8933,15,Botafogo-Rj,,5,58,89,509,4,10,1,2,0
8933,15,Sport,12,5,42,89,311,6,11,1,1,0
8934,15,Atletico-Mg,6,3,40,88,251,0,15,0,3,0
8934,15,Palmeiras,16,7,60,88,379,9,21,1,2,0
8935,15,Flamengo,9,3,68,92,595,8,13,1,3,0
8935,15,Fluminense,6,1,32,85,277,3,6,2,1,0
8936,16,Fluminense,17,1,44,89,377,5,13,0,1,0
8936,16,Palmeiras,8,5,56,94,337,3,13,1,2,1
8937,16,Ceara,23,8,56,88,406,14,13,1,,0
8937,16,Mirassol,,2,44,90,338,6,10,1,3,0
8938,16,Corinthians,7,3,48,,296,4,19,2,4,0
8938,16,Cruzeiro,12,4,52,87,417,2,17,1,2,0
8939,16,Sport,17,8,47,90,,10,17,1,3,0
8939,16,Vitoria,20,9,,90,333,6,11,1,4,0
8940,16,Internacional,11,4,,86,248,2,9,0,2,0
8940,16,Santos,18,4,66,94,485,8,15,1,4,0
8941,16,Bragantino,8,2,,90,314,2,10,2,1,0
8941,16,Flamengo,17,8,63,93,562,3,17,4,5,0
8942,16,Juventude,8,1,38,86,278,4,15,0,3,0
8942,16,Sao Paulo,14,3,62,94,495,8,12,0,2,0
8943,16,Bahia,11,3,34,87,208,2,12,1,2,1
8943,16,Vasco,18,8,66,91,,6,17,1,1,0
8944,16,Botafogo-Rj,7,4,,93,433,1,13,1,3,1
8944,16,Gremio,11,2,44,88,390,7,8,1,1,0
8945,16,Atletico-Mg,15,8,54,91,402,9,13,2,2,0
8945,16,Fortaleza,12,5,46,86,320,6,10,2,1,0
8946,17,Santos,7,5,58,92,441,3,16,3,2,1
8946,17,Sport,12,4,42,,286,4,24,4,3,0
8947,17,Botafogo-Rj,11,4,55,94,,6,17,1,3,0
8947,17,Corinthians,9,5,45,91,422,2,15,1,2,0
8948,17,Bragantino,9,4,58,90,438,5,13,2,4,0
8948,17,Fortaleza,19,8,42,85,316,9,12,1,4,0
8949,17,Mirassol,14,7,51,88,355,8,12,0,2,0
8949,17,Vitoria,14,7,49,86,353,5,14,2,1,0
8950,17,Gremio,5,2,39,,298,3,20,1,2,0
8950,17,Palmeiras,9,3,,92,537,2,20,0,1,0
8951,17,Ceara,6,3,39,84,228,3,11,4,2,0
8951,17,Cruzeiro,17,4,61,92,406,10,6,0,0,0
8952,17,Fluminense,5,1,,90,452,3,9,0,4,0
8952,17,Sao Paulo,10,6,48,87,392,7,12,3,3,0
8953,17,Bahia,,9,64,93,562,2,16,1,,0
8953,17,Juventude,3,0,36,90,266,1,13,1,2,1
8954,17,Internacional,19,5,48,90,,10,10,3,1,0
8954,17,Vasco,9,5,,92,357,5,14,1,3,1
8955,17,Atletico-Mg,11,5,39,90,256,7,14,2,4,0
8955,17,Flamengo,12,5,61,91,473,5,18,0,4,0
8956,18,Bahia,12,3,64,91,550,6,8,0,1,0
8956,18,Sport,5,1,36,85,286,3,13,2,1,0
8957,18,Mirassol,11,5,39,88,334,4,10,2,0,0
8957,18,Vasco,12,6,61,94,564,4,14,0,1,0
8958,18,Fluminense,8,1,55,87,391,6,11,0,1,0
8958,18,Gremio,9,0,45,85,316,4,15,1,3,0
8959,18,Corinthians,15,4,68,91,614,5,10,3,0,0
8959,18,Fortaleza,8,3,32,86,265,3,17,3,2,0
8960,18,Botafogo-Rj,10,2,56,,444,6,16,1,3,0
8960,18,Cruzeiro,11,4,44,86,330,5,7,2,2,0
8961,18,Ceara,7,4,31,85,224,3,14,3,3,0
8961,18,Flamengo,14,5,69,92,546,7,12,2,2,0
8962,18,Atletico-Mg,21,7,56,92,420,9,11,1,1,0
8962,18,Bragantino,,3,44,84,291,0,11,2,4,1
8963,18,Palmeiras,11,4,58,91,391,2,20,2,2,0
8963,18,Vitoria,15,6,42,83,269,6,12,3,4,0
8964,18,Internacional,9,4,47,89,418,4,23,0,2,0
8964,18,Sao Paulo,8,4,53,,353,5,18,3,2,0
8965,18,Juventude,18,10,51,91,371,8,15,3,3,0
8965,18,Santos,18,8,49,93,345,3,18,0,3,0
8966,19,Bragantino,17,8,49,86,414,8,7,1,1,0
8966,19,Internacional,13,5,51,90,442,6,8,3,2,0
8967,19,Sao  Paulo,23,4,57,91,486,4,16,0,3,0
8967,19,Vitoria,6,1,43,88,303,3,9,2,3,0
8968,19,Flamengo,,9,55,91,340,11,22,0,1,0
8968,19,Mirassol,10,5,45,,364,10,12,1,1,0
8969,19,Botafogo-Rj,20,12,64,91,349,8,12,1,0,0
8969,19,Fortaleza,8,1,36,88,279,2,7,1,2,1
8970,19,Bahia,16,5,59,95,387,8,16,0,2,0
8970,19,Fluminense,,5,41,86,235,2,12,1,2,1
8971,19,Ceara,7,4,45,81,297,3,11,3,3,0
8971,19,Palmeiras,8,5,55,91,460,3,7,5,1,0
8972,19,Atletico-Mg,18,4,44,89,321,10,9,2,1,0
8972,19,Vasco,18,4,,89,427,6,10,0,3,0
8973,19,Cruzeiro,17,4,56,86,335,15,17,2,5,0
8973,19,Santos,8,2,44,86,265,3,11,3,3,0
8974,19,Gremio,12,6,59,87,440,3,10,1,2,0
8974,19,Sport,12,4,41,85,281,2,19,2,0,0
8975,19,Corinthians,15,5,58,92,523,2,10,1,5,1
8975,19,Juventude,10,4,42,85,,3,20,1,6,0
8976,20,Fluminense,6,3,44,89,324,2,10,0,2,0
8976,20,Fortaleza,11,5,56,90,484,6,17,1,4,0
8977,20,Bragantino,8,1,59,93,402,4,16,1,4,0
8977,20,Ceara,9,4,41,89,299,3,19,2,3,0
8978,20,Juventude,7,5,50,91,344,6,14,2,3,1
8978,20,Vitoria,17,4,50,93,332,4,8,1,1,1
8979,20,Sao Paulo,14,7,67,90,454,10,17,1,1,0
8979,20,Sport,7,4,33,80,,4,13,0,4,0
8980,20,Bahia,6,5,34,85,199,1,19,1,4,0
8980,20,Corinthians,19,7,66,91,481,9,14,6,2,0
8981,20,Atletico-Mg,8,3,63,93,401,4,16,1,2,2
8981,20,Gremio,8,4,37,85,263,4,7,0,2,2
8982,20,Santos,6,2,41,89,286,3,10,4,2,0
8982,20,Vasco,,8,59,93,470,3,11,2,4,0
8983,20,Flamengo,15,3,58,93,535,5,6,3,0,0
8983,20,Internacional,14,6,42,90,366,10,11,1,2,0
8984,20,Botafogo-Rj,,6,,94,554,4,6,2,1,0
8984,20,Palmeiras,,2,42,92,370,3,6,3,2,0
8985,20,Cruzeiro,9,3,49,85,316,2,12,2,4,0
8985,20,Mirassol,20,5,51,,300,7,16,2,3,0
8986,21,Bragantino,,5,36,88,303,2,17,0,3,0
8986,21,Fluminense,12,4,64,93,540,11,8,1,4,0
8987,21,Cruzeiro,15,7,45,88,304,5,10,0,1,0
8987,21,Internacional,5,4,55,89,378,1,18,3,5,1
8988,21,Ceara,17,5,40,85,273,1,12,0,2,0
8988,21,Gremio,13,5,60,93,451,4,14,2,2,0
8989,21,Bahia,10,4,55,90,474,3,12,1,2,0
8989,21,Santos,,3,45,90,,0,17,1,1,0
8990,21,Corinthians,12,7,40,89,235,5,18,2,2,0
8990,21,Vasco,11,3,60,92,469,3,16,1,3,0
8991,21,Botafogo-Rj,13,6,57,93,437,3,17,0,,0
8991,21,Juventude,17,7,43,90,406,5,9,1,0,0
8992,21,Fortaleza,12,6,48,91,352,11,15,2,4,0
8992,21,Mirassol,8,4,52,89,393,3,11,1,2,0
8993,21,Atletico-Mg,3,0,49,91,423,1,17,2,2,0
8993,21,Sao Paulo,10,5,,91,441,5,20,0,1,0
8994,21,Palmeiras,19,8,45,89,333,6,12,1,0,0
8994,21,Sport,6,1,,89,356,3,10,1,2,0
8995,21,Flamengo,18,9,64,94,654,8,16,0,0,0
8995,21,Vitoria,2,2,36,,,1,5,2,0,0
8996,22,Ceara,12,6,55,89,441,4,17,2,0,0
8996,22,Juventude,8,2,45,88,313,5,26,0,6,0
8997,22,Botafogo-Rj,17,7,52,93,393,6,9,6,0,0
8997,22,Bragantino,7,3,48,89,360,8,14,1,2,0
8998,22,Cruzeiro,11,7,47,85,250,6,10,1,2,0
8998,22,Sao  Paulo,11,4,53,90,431,9,9,1,4,0
8999,22,Fluminense,7,1,51,87,421,1,17,0,4,0
8999,22,Santos,9,2,49,88,400,6,12,7,3,0
9000,22,Flamengo,19,5,67,93,577,13,16,1,1,0
9000,22,Gremio,,1,33,87,274,0,11,1,2,0
9001,22,Corinthians,9,1,42,87,286,3,16,1,2,0
9001,22,Palmeiras,15,5,58,91,377,10,16,3,3,0
9002,22,Bahia,13,5,61,92,471,2,7,0,0,0
9002,22,Mirassol,11,8,39,,310,4,13,2,0,0
9003,22,Atletico-Mg,21,5,60,93,469,5,13,3,3,0
9003,22,Vitoria,15,4,40,88,202,2,17,3,2,0
9004,22,Sport,15,3,55,,399,10,11,3,2,0
9004,22,Vasco,12,8,45,90,355,5,7,0,1,0
9005,22,Fortaleza,10,3,,90,420,5,12,3,1,0
9005,22,Internacional,10,5,53,90,423,4,16,1,1,0
9006,23,Fortaleza,11,3,48,90,301,4,12,0,3,0
9006,23,Vitoria,11,3,52,90,429,2,15,0,6,0
9007,23,Gremio,11,5,56,94,451,6,13,1,2,0
9007,23,Mirassol,12,5,,88,342,3,14,0,2,0
9008,23,Internacional,7,3,40,88,,1,16,0,2,0
9008,23,Palmeiras,21,10,60,92,540,7,10,5,1,0
9009,23,Corinthians,2,1,39,87,374,4,19,1,5,0
9009,23,Fluminense,15,4,61,93,575,5,16,0,1,0
9010,23,Bragantino,,8,52,89,275,5,11,2,2,0
9010,23,Sport,14,7,48,89,308,7,9,0,3,0
9011,23,Atletico-Mg,16,4,,93,,7,12,1,2,0
9011,23,Santos,12,5,,,388,3,14,0,3,1
9012,23,Flamengo,9,3,,95,593,7,11,0,2,0
9012,23,Juventude,3,1,35,90,207,6,15,2,2,0
9013,23,Botafogo-Rj,11,2,52,84,476,4,14,0,1,0
9013,23,Sao Paulo,11,3,,91,409,4,11,5,3,0
9014,23,Ceara,13,7,35,,262,3,10,2,2,1
9014,23,Vasco,17,5,,94,473,3,17,2,,0
9015,23,Bahia,14,4,62,92,454,6,10,1,1,0
9015,23,Cruzeiro,9,3,38,,245,5,12,1,3,0
9016,24,Fluminense,10,4,55,91,380,6,14,1,2,1
9016,24,Vitoria,12,4,45,91,334,10,19,3,2,1
9017,24,Bahia,15,6,62,91,505,6,10,3,1,0
9017,24,Ceara,14,3,38,84,219,3,10,0,3,0
9018,24,Atletico-Mg,10,2,56,94,,4,8,0,2,0
9018,24,Botafogo-Rj,7,2,44,89,272,7,12,1,5,1
9019,24,Fortaleza,11,6,29,82,180,2,12,3,1,0
9019,24,Palmeiras,24,9,71,93,427,11,10,2,1,0
9020,24,Juventude,11,3,44,89,409,11,10,0,2,0
9020,24,Mirassol,13,4,56,90,420,4,10,1,1,0
9021,24,Gremio,4,3,,88,250,1,8,2,2,1
9021,24,Internacional,16,6,51,,372,8,17,0,4,1
9022,24,Corinthians,19,3,55,92,291,7,8,1,1,0
9022,24,Sport,10,3,45,85,229,8,17,3,6,0
9023,24,Flamengo,,3,60,91,485,3,15,0,2,0
9023,24,Vasco,10,4,40,89,254,7,12,0,3,0
9024,24,Bragantino,8,6,40,90,228,4,18,1,6,0
9024,24,Cruzeiro,11,3,60,91,406,7,9,0,6,0
9025,24,Santos,18,4,44,87,,4,16,1,3,0
9025,24,Sao Paulo,3,1,56,88,429,3,16,2,3,0
9026,25,Fortaleza,15,4,57,90,354,8,15,1,2,0
9026,25,Sport,11,8,43,90,,5,12,3,3,0
9027,25,Cruzeiro,19,3,52,88,365,9,13,1,1,0
9027,25,Vasco,10,4,48,90,330,3,12,0,2,0
9028,25,Internacional,5,2,44,91,263,1,17,1,2,0
9028,25,Juventude,15,3,56,88,,7,20,1,2,0
9029,25,Atletico-Mg,10,5,32,86,195,4,11,0,,1
9029,25,Mirassol,20,4,68,93,515,11,7,2,3,0
9030,25,Gremio,,5,,93,384,1,5,1,1,0
9030,25,Vitoria,10,5,47,88,357,5,10,2,4,0
9031,25,Bahia,12,5,54,88,352,1,13,1,5,0
9031,25,Palmeiras,10,4,46,86,276,4,17,3,2,0
9032,25,Botafogo-Rj,9,1,44,91,429,2,11,1,2,0
9032,25,Fluminense,8,3,56,88,366,4,10,3,2,0
9033,25,Bragantino,,2,40,83,290,5,10,0,3,0
9033,25,Santos,17,8,60,92,484,7,11,1,2,0
9034,25,Corinthians,15,4,45,86,376,5,14,0,3,0
9034,25,Flamengo,,2,55,87,416,3,22,0,5,0
9035,25,Ceara,6,6,39,86,283,3,17,0,3,0
9035,25,Sao Paulo,15,3,61,89,474,7,14,0,2,0
9036,26,Atletico-Mg,9,1,60,92,585,5,12,2,3,0
9036,26,Juventude,5,3,40,78,189,1,15,2,4,0
9037,26,Palmeiras,11,6,37,93,359,1,7,2,1,0
9037,26,Vasco,9,3,63,93,460,3,15,0,1,0
9038,26,Bragantino,12,3,39,87,238,5,17,0,3,0
9038,26,Mirassol,18,7,61,90,401,12,13,2,2,0
9039,26,Fluminense,10,5,,87,387,1,13,2,1,0
9039,26,Sport,9,3,,91,352,3,14,3,3,0
9040,26,Corinthians,5,2,42,89,318,4,15,1,5,0
9040,26,Internacional,10,4,58,87,477,3,20,4,4,0
9041,26,Gremio,4,1,38,86,263,0,17,0,3,0
9041,26,Santos,,6,62,92,466,10,20,1,3,0
9042,26,Bahia,,2,49,87,326,4,11,0,5,1
9042,26,Botafogo-Rj,17,8,51,91,371,6,19,2,4,0
9043,26,Ceara,11,3,60,93,401,3,15,2,1,0
9043,26,Vitoria,4,2,,86,223,6,12,3,4,0
9044,26,Fortaleza,21,6,65,92,581,8,11,0,3,0
9044,26,Sao Paulo,8,3,35,81,147,6,7,0,0,1
9045,26,Cruzeiro,10,5,38,84,300,2,18,1,6,1
9045,26,Flamengo,12,2,,89,490,4,16,1,3,0
9046,27,Botafogo-Rj,12,3,59,90,433,4,11,0,2,0
9046,27,Internacional,15,6,41,91,,6,13,0,2,0
9047,27,Atletico-Mg,4,1,,94,537,2,14,2,4,0
9047,27,Fluminense,13,9,,92,447,4,12,3,2,0
9048,27,Bragantino,26,8,60,90,497,6,18,0,1,0
9048,27,Gremio,4,1,40,91,336,2,6,1,4,1
9049,27,Corinthians,10,3,36,81,,2,16,0,3,0
9049,27,Mirassol,17,1,64,90,392,6,13,1,3,0
9050,27,Vasco,14,7,69,94,535,5,11,1,1,0
9050,27,Vitoria,7,3,31,83,158,0,14,2,2,2
9051,27,Palmeiras,7,5,51,90,263,7,11,1,6,0
9051,27,Sao Paulo,9,4,49,82,249,4,13,1,3,0
9052,27,Bahia,11,4,52,91,430,3,21,1,3,0
9052,27,Flamengo,6,3,48,92,408,1,13,0,3,2
9053,27,Fortaleza,8,3,51,88,321,1,16,2,3,0
9053,27,Juventude,13,6,49,88,304,8,14,3,1,1
9054,27,Ceara,8,4,41,82,261,2,14,3,1,0
9054,27,Santos,18,7,59,90,416,7,15,1,3,0
9055,27,Cruzeiro,24,7,62,91,500,10,10,5,1,0
9055,27,Sport,17,6,38,89,,3,13,1,2,0
9056,28,Bragantino,8,2,,,280,3,12,1,4,0
9056,28,Palmeiras,24,12,60,92,460,8,8,2,2,0
9057,28,Botafogo-Rj,15,4,38,92,300,3,17,0,5,0
9057,28,Flamengo,12,4,62,94,502,2,17,0,,0
9058,28,Internacional,6,2,45,90,362,2,18,1,2,0
9058,28,Mirassol,15,6,55,90,495,9,11,2,3,0
9059,28,Ceara,15,8,42,88,263,4,16,2,2,0
9059,28,Sport,17,7,58,89,379,5,14,1,4,0
9060,28,Corinthians,,1,61,,399,4,11,2,5,0
9060,28,Santos,19,5,39,87,273,5,21,2,3,0
9061,28,Fortaleza,23,8,55,,363,10,15,2,5,1
9061,28,Vasco,,3,45,91,313,2,9,2,2,2
9062,28,Atletico-Mg,19,4,60,93,,2,19,1,4,0
9062,28,Cruzeiro,3,2,40,88,238,1,12,2,4,1
9063,28,Gremio,18,7,38,88,311,5,11,0,1,0
9063,28,Sao Paulo,13,1,62,93,575,3,15,0,3,0
9064,28,Bahia,11,6,64,94,400,3,6,3,2,0
9064,28,Vitoria,7,5,36,77,168,4,17,0,6,1
9065,28,Fluminense,13,1,64,93,530,8,12,0,2,0
9065,28,Juventude,10,1,36,90,242,2,15,1,6,0
9066,29,Atletico-Mg,7,1,,89,275,3,19,1,3,0
9066,29,Corinthians,9,1,65,92,519,5,15,3,3,0
9067,29,Cruzeiro,9,5,58,88,461,3,13,0,1,0
9067,29,Fortaleza,19,6,,94,332,6,16,0,5,0
9068,29,Flamengo,7,4,49,84,354,1,11,1,4,0
9068,29,Palmeiras,18,8,51,88,394,8,13,0,2,1
9069,29,Botafogo-Rj,10,4,52,88,330,5,13,1,3,0
9069,29,Ceara,17,3,48,,370,9,10,5,2,0
9070,29,Mirassol,12,8,38,87,280,3,9,0,3,0
9070,29,Sao Paulo,12,5,62,92,519,7,14,5,3,0
9071,29,Internacional,13,6,53,88,195,3,16,4,3,0
9071,29,Sport,8,1,47,92,493,6,14,2,2,0
9072,29,Bahia,22,10,58,95,477,11,8,0,2,0
9072,29,Gremio,13,1,42,92,329,5,11,0,1,0
9073,29,Bragantino,10,1,55,89,386,2,22,3,1,0
9073,29,Juventude,18,4,45,83,336,4,24,0,3,0
9074,29,Fluminense,9,4,52,89,452,4,16,0,1,0
9074,29,Vasco,10,5,48,90,395,1,13,0,1,0
9075,29,Santos,14,4,70,91,465,3,11,1,2,0
9075,29,Vitoria,10,3,30,,146,3,17,1,4,0
9076,30,Corinthians,9,4,60,90,365,6,13,2,4,1
9076,30,Vitoria,11,2,40,87,265,5,23,3,6,0
9077,30,Atletico-Mg,4,2,54,91,465,3,9,1,3,0
9077,30,Ceara,10,5,46,93,429,7,13,1,0,0
9078,30,Fluminense,19,7,60,92,522,6,13,1,0,0
9078,30,Internacional,7,0,40,87,362,3,9,1,2,0
9079,30,Mirassol,9,6,66,95,,1,7,3,2,0
9079,30,Sport,,3,34,87,294,7,6,1,1,1
9080,30,Flamengo,15,3,71,90,605,11,12,1,1,0
9080,30,Fortaleza,6,2,29,83,107,5,9,3,1,0
9081,30,Bahia,7,3,42,90,391,4,8,1,4,0
9081,30,Sao Paulo,10,5,58,,,5,10,2,2,0
9082,30,Gremio,,7,51,95,310,4,11,1,3,0
9082,30,Juventude,9,4,,89,316,3,31,0,,1
9083,30,Botafogo-Rj,14,7,49,93,,6,12,4,4,0
9083,30,Santos,8,7,51,89,298,6,8,0,4,0
9084,30,Bragantino,9,1,53,93,454,5,11,1,1,0
9084,30,Vasco,8,5,47,91,407,3,7,0,1,0
9085,30,Cruzeiro,10,4,49,88,269,8,16,1,5,1
9085,30,Palmeiras,15,3,51,86,251,4,25,1,2,0
9086,31,Cruzeiro,12,8,59,87,312,5,15,1,4,0
9086,31,Vitoria,7,5,41,89,377,3,7,1,4,0
9087,31,Fortaleza,12,7,32,81,171,4,21,2,,0
9087,31,Santos,19,7,68,91,460,7,17,2,4,0
9088,31,Botafogo-Rj,8,1,36,86,236,2,22,0,4,0
9088,31,Mirassol,8,1,64,91,500,7,12,1,1,0
9089,31,Flamengo,23,10,68,90,541,9,16,0,3,1
9089,31,Sport,5,3,32,84,222,8,15,3,2,0
9090,31,Ceara,13,4,46,87,335,4,13,2,3,0
9090,31,Fluminense,4,3,54,91,,5,15,1,0,1
9091,31,Bahia,13,6,69,89,374,4,10,1,3,0
9091,31,Bragantino,4,2,31,,178,3,19,2,5,0
9092,31,Corinthians,14,4,57,92,,5,13,0,3,0
9092,31,Gremio,12,2,43,91,361,8,7,1,3,0
9093,31,Juventude,,10,51,88,349,4,15,0,2,0
9093,31,Palmeiras,10,3,49,89,343,1,15,2,1,0
9094,31,Atletico-Mg,5,2,23,69,117,1,10,0,4,1
9094,31,Internacional,20,9,77,93,549,7,17,4,7,0
9095,31,Sao Paulo,11,6,41,92,319,5,15,2,2,0
9095,31,Vasco,24,10,59,95,507,6,10,0,2,0
9096,32,Juventude,,4,52,92,308,5,16,3,3,0
9096,32,Sport,7,2,48,91,412,4,22,4,3,0
9097,32,Internacional,8,4,,91,298,4,21,2,4,0
9097,32,Vitoria,12,3,,88,231,4,14,1,3,0
9098,32,Bragantino,13,6,57,87,356,6,19,1,7,0
9098,32,Corinthians,5,3,43,87,236,1,13,0,4,2
9099,32,Botafogo-Rj,20,7,,94,,8,10,3,3,0
9099,32,Vasco,12,1,50,90,406,3,10,0,2,0
9100,32,Cruzeiro,11,7,45,88,279,6,17,0,3,0
9100,32,Gremio,,6,,89,343,5,14,2,2,0
9101,32,Atletico-Mg,21,8,58,93,,13,6,2,2,0
9101,32,Bahia,10,4,42,89,,3,8,1,2,1
9102,32,Flamengo,10,2,57,91,389,5,17,1,3,1
9102,32,Sao Paulo,15,4,43,90,380,3,12,1,2,0
9103,32,Fluminense,14,6,43,86,299,4,21,1,4,0
9103,32,Mirassol,9,2,57,88,,3,10,3,2,0
9104,32,Ceara,11,3,,90,,5,18,1,3,0
9104,32,Fortaleza,6,4,,83,212,4,11,0,3,0
9105,32,Palmeiras,21,13,54,,318,13,11,0,1,0
9105,32,Santos,8,3,46,85,278,5,9,2,2,0
9106,33,Atletico-Mg,18,5,64,94,539,4,6,3,0,0
9106,33,Sport,6,4,36,85,248,4,12,2,1,0
9107,33,Juventude,10,6,30,90,208,1,13,3,4,0
9107,33,Vasco,10,3,70,94,558,7,18,3,3,1
9108,33,Bahia,15,4,62,90,418,5,14,3,2,0
9108,33,Internacional,14,6,38,82,211,6,22,2,4,0
9109,33,Bragantino,7,2,40,88,229,1,19,2,2,0
9109,33,Sao Paulo,11,4,60,90,497,7,10,1,1,0
9110,33,Botafogo-Rj,,3,57,93,374,7,17,2,1,0
9110,33,Vitoria,9,2,43,88,257,6,18,3,1,0
9111,33,Cruzeiro,14,4,,88,304,5,16,2,6,0
9111,33,Fluminense,8,2,52,90,349,1,16,1,3,0
9112,33,Ceara,7,3,23,82,151,4,21,4,7,0
9112,33,Corinthians,15,5,,92,655,9,7,2,1,0
9113,33,Flamengo,11,5,62,94,570,10,14,1,2,0
9113,33,Santos,16,4,38,,286,3,11,1,2,0
9114,33,Fortaleza,18,9,54,90,359,7,12,2,4,1
9114,33,Gremio,13,6,46,91,297,5,13,1,4,0
9115,33,Mirassol,10,4,59,87,392,8,11,2,3,0
9115,33,Palmeiras,9,6,41,86,276,8,13,0,2,0
9116,37,Atletico-Mg,10,5,47,90,267,7,11,1,1,1
9116,37,Bragantino,17,5,53,86,349,3,12,1,4,0
9117,37,Palmeiras,9,3,71,91,521,6,14,2,2,0
9117,37,Vitoria,4,1,29,73,200,3,12,0,3,0
9118,37,Mirassol,9,5,56,91,383,1,7,2,3,0
9118,37,Vasco,,7,44,90,421,10,21,0,2,0
9119,37,Fluminense,,2,,88,355,0,11,0,1,0
9119,37,Gremio,14,5,54,91,509,10,13,2,3,0
9120,37,Corinthians,20,8,70,95,476,7,16,0,1,0
9120,37,Fortaleza,10,3,30,85,184,0,15,5,5,0
9121,37,Juventude,10,3,55,87,283,5,11,2,2,0
9121,37,Santos,11,6,45,87,309,3,12,0,2,0
9122,37,Internacional,16,4,42,83,272,9,17,2,2,0
9122,37,Sao Paulo,8,6,58,87,354,4,12,0,1,0
9123,37,Bahia,28,11,62,92,558,6,11,2,1,0
9123,37,Sport,13,4,38,89,319,2,10,1,3,0
9124,37,Ceara,2,1,25,88,254,3,5,0,0,0
9124,37,Flamengo,16,4,75,94,637,4,13,0,0,0
9125,37,Botafogo-Rj,7,5,57,89,373,7,14,2,2,1
9125,37,Cruzeiro,,3,43,90,279,1,13,1,2,0
9126,34,Botafogo-Rj,24,9,60,90,471,7,11,1,2,0
9126,34,Sport,14,4,40,,302,5,7,3,4,0
9127,34,Flamengo,14,4,69,92,519,5,12,4,3,0
9127,34,Fluminense,10,3,31,84,228,3,12,2,4,0
9128,34,Mirassol,15,3,51,89,,7,11,1,,0
9128,34,Santos,16,7,49,89,392,5,11,2,1,0
9129,34,Gremio,25,9,37,92,323,5,13,3,4,0
9129,34,Vasco,5,2,63,93,570,3,16,1,3,0
9130,34,Cruzeiro,14,7,65,91,434,9,13,2,1,0
9130,34,Juventude,10,7,35,83,237,3,19,1,4,0
9131,34,Bahia,23,9,71,93,497,10,7,1,1,0
9131,34,Fortaleza,11,5,29,,164,2,13,2,5,0
9132,34,Corinthians,13,5,,88,308,4,16,0,1,0
9132,34,Sao Paulo,6,2,53,,344,5,15,2,2,0
9133,34,Ceara,12,3,30,70,,3,10,4,2,1
9133,34,Internacional,23,7,70,93,464,5,13,2,1,2
9134,34,Bragantino,22,11,54,,0,5,16,2,3,0
9134,34,Vitoria,6,2,,,0,0,13,4,0,0
9135,34,Atletico-Mg,30,10,53,,0,10,15,0,1,0
9135,34,Palmeiras,10,5,47,,,6,12,1,2,1
9136,35,Botafogo-Rj,15,9,45,90,420,7,15,2,1,0
9136,35,Gremio,11,6,,94,498,1,7,0,4,0
9137,35,Fluminense,18,4,,87,321,6,17,3,2,0
9137,35,Palmeiras,15,2,55,90,376,7,15,3,3,0
9138,35,Bragantino,5,1,42,92,334,6,11,0,3,0
9138,35,Flamengo,19,8,58,95,498,4,8,2,2,0
9139,35,Bahia,16,4,56,92,490,11,10,1,1,1
9139,35,Vasco,,1,44,90,331,1,11,0,3,1
9140,35,Juventude,11,4,47,90,328,8,20,2,1,1
9140,35,Sao Paulo,7,4,53,91,,3,14,0,5,0
9141,35,Sport,12,1,60,93,432,8,18,0,3,0
9141,35,Vitoria,13,5,40,85,293,2,13,0,1,0
9142,35,Corinthians,3,0,53,91,332,3,7,3,2,1
9142,35,Cruzeiro,17,7,47,88,,9,18,1,3,0
9143,35,Ceara,10,3,41,93,399,12,10,3,2,0
9143,35,Mirassol,7,5,59,92,461,6,9,3,2,0
9144,35,Internacional,20,4,53,89,421,5,10,0,0,0
9144,35,Santos,3,2,47,87,390,0,10,2,2,0
9145,35,Atletico-Mg,9,3,66,92,482,2,10,1,1,0
9145,35,Fortaleza,17,4,34,86,242,9,7,0,0,0
9146,36,Atletico-Mg,8,4,,87,236,2,10,2,3,1
9146,36,Flamengo,15,5,72,93,678,4,8,2,2,0
9147,36,Gremio,20,9,44,93,336,5,10,0,3,0
9147,36,Palmeiras,21,6,56,93,413,3,12,1,3,1
9148,36,Bragantino,,4,67,89,417,8,9,4,1,0
9148,36,Fortaleza,7,3,33,83,211,3,9,0,1,0
9149,36,Fluminense,14,11,,91,509,3,8,0,1,0
9149,36,Sao Paulo,5,1,,88,340,4,9,2,1,0
9150,36,Bahia,15,3,55,,391,5,15,2,3,0
9150,36,Juventude,19,5,45,89,294,7,17,4,2,0
9151,36,Internacional,15,6,57,90,,4,14,3,1,0
9151,36,Vasco,13,7,43,84,226,3,14,4,0,0
9152,36,Santos,17,7,53,90,,9,9,2,0,0
9152,36,Sport,11,2,47,86,253,3,14,2,2,0
9153,36,Mirassol,,6,74,93,,9,10,3,2,0
9153,36,Vitoria,,2,26,86,159,3,14,0,1,0
9154,36,Ceara,12,4,42,84,207,5,11,3,2,0
9154,36,Cruzeiro,14,4,58,94,406,8,15,3,4,0
9155,36,Botafogo-Rj,,3,,87,247,4,19,1,5,1
9155,36,Corinthians,11,4,61,89,391,7,14,2,3,0
9156,38,Flamengo,16,6,,90,231,3,10,1,1,0
9156,38,Mirassol,13,8,,92,476,2,10,4,1,0
9157,38,Bahia,12,5,48,92,353,4,21,2,3,0
9157,38,Fluminense,10,4,52,92,382,5,11,0,2,0
9158,38,Ceara,17,6,43,85,324,7,13,2,4,0
9158,38,Palmeiras,14,6,57,94,407,6,13,1,2,0
9159,38,Corinthians,11,6,55,90,443,4,15,3,0,0
9159,38,Juventude,13,3,45,85,315,7,14,4,1,0
9160,38,Cruzeiro,9,4,40,88,338,3,12,5,2,0
9160,38,Santos,18,6,60,90,414,9,8,1,2,0
9161,38,Gremio,13,9,56,95,578,5,15,2,4,0
9161,38,Sport,8,3,44,92,362,1,6,2,1,0
9162,38,Sao Paulo,8,2,62,92,432,1,18,2,1,0
9162,38,Vitoria,19,8,38,81,217,10,16,1,5,0
9163,38,Botafogo-Rj,16,7,71,94,563,2,9,0,1,0
9163,38,Fortaleza,10,5,29,,199,2,8,3,4,0
9164,38,Atletico-Mg,19,5,58,,614,6,11,3,,0
9164,38,Vasco,1,0,42,92,416,1,4,0,0,1
9165,38,Bragantino,5,3,46,83,283,4,15,4,4,0
9165,38,Internacional,14,4,54,83,,2,15,3,2,0
