vencedor,visitante_Estado,visitante_Placar,hora,formacao_mandante,ID,mandante,tecnico_mandante,mandante_Estado,arrecadacao,visitante,formacao_visitante,data,mandante_Placar,arena,tecnico_visitante,rodata
Empate,RJ,1.0,16:00,4-2-3-1,5839,Sao Paulo,R. Ceni,SP,,Fluminense,4-2-3-1,2017-06-25,1.0,Morumbi,A. Da Silva Braga,10
Empate,MG,1.0,19:30,,3059,Athletico-Pr,,PR,,Cruzeiro,,2009-11-21,1.0,Arena Da Baixada,,36
Palmeiras,SP,1.0,19:30,4-2-3-1,8748,Atletico-Go,A. Gomes,GO,,Palmeiras,,2024-11-23,0.0,Estádio Antônio Accioly - Atlético Goianiense,A. Moreira Ferreira,35
Internacional,MG,0.0,19:10,,2665,Internacional,,RS,,Ipatinga,,2008-11-09,4.0,Beira Rio,,34
Cruzeiro,SP,0.0,18:00,,47,Cruzeiro,,MG,,Ponte Preta,,2003-04-13,3.0,Mineirão,,3
Palmeiras,RJ,0.0,16:59,4-3-3,6079,Palmeiras,A. Valentim Do Carmo Neto,SP,,Flamengo,4-2-3-1,2017-11-12,2.0,Allianz Parque,R. Rueda Rivera,34
Empate,SC,1.0,16:00,,389,Bahia,,BA,,Figueirense,,2003-09-28,1.0,Fonte Nova,,33
Gremio,SP,0.0,16:00,,1570,Gremio,,RS,,Corinthians,,2006-04-16,2.0,Olímpico,,1
Fortaleza,CE,2.0,21:03,3-4-1-2,8409,Sao Paulo,T. Carpini Barbosa,SP,,Fortaleza,3-5-2,2024-04-13,1.0,Morumbis,J. Vojvoda,1
Parana,SC,1.0,20:30,,228,Parana,,PR,,Criciuma,NAN,2003-07-31,2.0,Pinheirão,,19
Parana,PR,1.0,18:10,,1684,Parana,,PR,,Athletico-Pr,,2006-07-16,2.0,Pinheirão,,12
Empate,SP,0.0,21:31,4-1-4-1,7260,Internacional,A. Da Silva Braga,RS,,Corinthians,4-2-3-1,2021-02-25,0.0,Estádio José Pinheiro Borda,V. Carmo Mancini,38
Fluminense,PE,0.0,18:30,,4018,Fluminense,,RJ,,Sport,,2012-08-18,1.0,Raulino De Oliveira,,18
Botafogo-Rj,PR,0.0,18:10,,1513,Botafogo-Rj,,RJ,,Parana,,2005-11-12,2.0,Luso Brasileiro,,38
Empate,PR,2.0,16:01,4-2-3-1,5064,Athletico-Pr,M. Mendes,PR,,Coritiba,4-2-3-1,2015-06-21,2.0,Estádio Joaquim Américo Guimarães,N. Da Silveira Júnior,8
Empate,PR,0.0,18:30,,4158,Gremio,,RS,,Coritiba,,2012-10-20,0.0,Olã­Mpico,,32
Empate,RJ,1.0,21:00,,4471,Fluminense,,RJ,,Botafogo-Rj,,2013-10-02,1.0,Maracanã,,25
Empate,RJ,1.0,21:45,,2043,Goias,,GO,,Botafogo-Rj,,2007-07-03,1.0,Serra Dourada,,9
Botafogo-Rj,RJ,2.0,16:00,4-2-3-1,6629,Avai,A. Valentim Do Carmo Neto,SC,,Botafogo-Rj,4-1-4-1,2019-08-04,0.0,Ressacada,E. De Souza Barroca,13
Goias,SP,1.0,18:30,,2914,Goias,,GO,,Santos,,2009-08-23,2.0,Serra Dourada,,21
Fluminense,MG,0.0,21:29,4-2-3-1,8687,Fluminense,L. Venker De Menezes,RJ,,Cruzeiro,4-2-3-1,2024-10-03,1.0,Maracanã,F. Diniz Silva,29
Vitoria,BA,3.0,16:00,,3312,Atletico-Mg,,MG,,Vitoria,NAN,2010-09-19,2.0,Arena Do Jacarã©,,23
Empate,SP,1.0,18:30,,3155,Internacional,,RS,,Palmeiras,,2010-06-06,1.0,Beira Rio,,7
Gremio,SP,0.0,19:30,,3358,Gremio,,RS,,Gremio Prudente,,2010-10-06,4.0,Olímpico,,28
Fortaleza,RJ,2.0,18:59,4-3-1-2,7921,Fortaleza,J. Vojvoda,CE,,Flamengo,4-3-3,2022-09-28,3.0,Arena Castelão,D. Silvestre Júnior,28
Corinthians,SP,4.0,21:45,,1881,Fortaleza,,CE,,Corinthians,,2006-11-01,0.0,Castelão,,32
Vasco,RJ,2.0,21:30,,484,Paysandu,,PA,,Vasco,,2003-11-05,1.0,Mangueirão,,41
Empate,SP,1.0,16:03,3-4-1-2,5151,Sao Paulo,J. Osorio,SP,,Corinthians,4-2-3-1,2015-08-09,1.0,Morumbi,A. Bacchi,17
Gremio,SP,0.0,18:00,4-2-3-1,7597,Gremio,V. Carmo Mancini,RS,,Bragantino,4-2-3-1,2021-11-16,3.0,Arena Do Grêmio,M. Nogueira Barbieri,33
Empate,GO,1.0,21:02,4-3-3,8227,Corinthians,V. Luxemburgo Da Silva,SP,,Goias,4-3-3,2023-08-26,1.0,Neo Química Arena,A. Evangelista Macedo Freitas,21
Empate,SP,1.0,21:33,4-3-2-1,5545,Chapecoense,L. Saroli Caio Júnior,SC,,Palmeiras,4-2-3-1,2016-08-04,1.0,Arena Condá,A. Stival,18
Sao Paulo,RJ,0.0,17:02,4-1-4-1,6040,Sao Paulo,D. Silvestre Júnior,SP,,Flamengo,4-4-2,2017-10-22,2.0,Estádio Municipal Paulo Machado De Carvalho,R. Rueda Rivera,30
Ponte Preta,SP,0.0,21:00,,4309,Ponte Preta,,SP,,Santos,,2013-07-27,1.0,Moisés Lucarelli,,9
Bahia,BA,1.0,16:00,,8871,Bahia,R. Ceni,BA,1772206.0,Vitoria,4-3-3,2025-05-18,2.0,"Arena Fonte Nova, Salvador",J. Ventura,9
Empate,RJ,2.0,16:00,,458,Bahia,,BA,,Fluminense,NAN,2003-10-25,2.0,Fonte Nova,,39
Empate,SP,1.0,18:00,,107,Flamengo,,RJ,,Guarani,,2003-05-18,1.0,Maracanã,,9
Atletico-Mg,SP,2.0,20:30,,28,Atletico-Mg,,MG,,Guarani,,2003-04-16,3.0,Mineirão,,4
Palmeiras,SC,2.0,16:00,4-2-3-1,5191,Palmeiras,M. De Oliveira Santos,SP,,Joinville,4-3-2-1,2015-08-30,3.0,Allianz Parque,P. Lopes De Gusmão,21
Santos,GO,0.0,18:30,,3247,Santos,,SP,,Goias,,2010-08-28,2.0,Pacaembu,,17
Fluminense,PR,2.0,19:00,4-2-3-1,7867,Fluminense,F. Diniz Silva,RJ,,Coritiba,4-3-3,2022-08-20,5.0,Maracanã,A. Ferreira,23
Palmeiras,SP,0.0,21:30,4-4-2,9105,Palmeiras,A. Ferreira,SP,2733570.0,Santos,4-2-3-1,2025-11-06,2.0,"Allianz Parque, São Paulo",J. Vojvoda,32
Flamengo,PE,0.0,17:00,4-2-3-1,5654,Flamengo,J. Mannarino,RJ,,Santa  Cruz,4-2-3-1,2016-10-09,3.0,Estádio Municipal Paulo Machado De Carvalho,D. Ghidoni Junior,29
Sao Paulo,SP,6.0,16:00,,1454,Flamengo,,RJ,,Sao Paulo,,2005-10-16,1.0,Luso Brasileiro,,32
Corinthians,SP,0.0,16:00,,786,Corinthians,,SP,,Sao Caetano,NAN,2004-08-01,2.0,Pacaembu,,20
Fluminense,RJ,1.0,18:30,,3173,Santos,,SP,,Fluminense,,2010-07-18,0.0,Vila Belmiro,,9
Parana,GO,0.0,18:10,,2287,Parana,,PR,,Goias,,2007-11-03,1.0,Durival De Brito,,35
Internacional,RS,3.0,18:10,,1157,Athletico-Pr,,PR,,Internacional,,2005-05-22,1.0,Arena Da Baixada,,5
Empate,RJ,1.0,16:00,,1085,Sao Paulo,,SP,,Flamengo,,2004-12-12,1.0,Morumbi,,45
Corinthians,SP,1.0,21:00,4-2-3-1,7438,Gremio,L. Scolari,RS,,Corinthians,4-5-1,2021-08-28,0.0,Arena Do Grêmio,S. Campos Junior,18
Empate,SP,1.0,16:00,,1149,Parana,,PR,,Ponte Preta,,2005-05-21,1.0,Pinheirão,,5
Athletico-Pr,SP,2.0,18:10,,1327,Athletico-Pr,,PR,,Sao Paulo,,2005-08-20,4.0,Arena Da Baixada,,21
Empate,SP,3.0,20:29,4-2-3-1,7821,Internacional,L. Venker De Menezes,RS,,Sao Paulo,3-1-4-2,2022-07-20,3.0,Estádio José Pinheiro Borda,R. Ceni,18
Empate,PE,1.0,21:00,,4045,Flamengo,,RJ,,Sport,,2012-08-30,1.0,Raulino De Oliveira,,20
Empate,PE,1.0,19:30,,4195,Figueirense,,SC,,Sport,,2012-11-11,1.0,Orlando Scarpelli,,35
Empate,PR,3.0,20:30,,971,Juventude,,RS,,Athletico-Pr,,2004-10-07,3.0,Alfredo Jaconi,,35
Empate,RJ,0.0,16:00,,4031,Botafogo-Rj,,RJ,,Flamengo,,2012-08-26,0.0,Engenhão,,19
Corinthians,BA,1.0,19:30,4-2-3-1,4898,Corinthians,L. Venker De Menezes,SP,,Vitoria,4-1-2-1-2,2014-10-22,2.0,Arena Pantanal,N. Da Silveira Júnior,30
Goias,BA,0.0,18:20,,2587,Goias,,GO,,Vitoria,,2008-09-27,3.0,Serra Dourada,,27
Atletico-Mg,MG,3.0,16:00,,1563,Juventude,,RS,,Atletico-Mg,,2005-12-04,1.0,Alfredo Jaconi,,42
Athletico-Pr,GO,0.0,18:31,4-2-3-1,8030,Athletico-Pr,P. Turra,PR,,Goias,4-2-3-1,2023-04-15,2.0,Ligga Arena,E. Rodrigues De Ávila,1
Botafogo-Rj,MG,0.0,11:00,4-3-3,6369,Botafogo-Rj,J. Mannarino,RJ,,America-Mg,4-4-2,2018-09-16,1.0,Estádio Nilton Santos,A. Batista,25
Empate,SP,0.0,16:30,3-4-2-1,7646,Fluminense,A. Da Silva Braga,RJ,,Santos,4-4-2,2022-04-09,0.0,Maracanã,F. Bustos,1
Empate,MG,1.0,17:00,3-5-2,7386,Gremio,L. Scolari,RS,,America-Mg,3-4-1-2,2021-07-24,1.0,Arena Do Grêmio,V. Carmo Mancini,13
Cruzeiro,PE,0.0,20:59,,4659,Cruzeiro,M. De Oliveira Santos,MG,,Sport,,2014-05-21,2.0,Mineirão,E. Baptista,6
Athletico-Pr,RJ,0.0,16:00,,4752,Athletico-Pr,D. Ghidoni Junior,PR,,Botafogo-Rj,,2014-08-10,2.0,Estádio Joaquim Américo Guimarães,V. Carmo Mancini,14
Fortaleza,PR,0.0,19:16,3-4-1-2,7539,Fortaleza,J. Vojvoda,CE,,Athletico-Pr,4-2-3-1,2021-10-23,3.0,Arena Castelão,A. Valentim Do Carmo Neto,28
Fortaleza,BA,1.0,21:33,3-4-1-2,7636,Fortaleza,J. Vojvoda,CE,,Bahia,4-2-3-1,2021-12-09,2.0,Arena Castelão,A. Ferreira,38
Flamengo,MG,1.0,18:29,4-2-3-1,8534,Flamengo,A. Bacchi,RJ,,Cruzeiro,4-3-3,2024-06-30,2.0,Maracanã£,F. Seabra,13
Santos,BA,0.0,18:59,4-2-3-1,8067,Santos,O. Hellmann,SP,,Bahia,3-4-2-1,2023-10-05,3.0,Estádio Urbano Caldeira,,5
Empate,SP,1.0,11:02,4-2-3-1,8678,Juventude,R. Squinalli,RS,,Bragantino,4-1-4-1,2024-09-29,1.0,Alfredo Jaconi,P. Faria Caixinha,28
Goias,BA,0.0,16:00,,3373,Goias,,GO,,Vitoria,,2010-10-10,1.0,Serra Dourada,,29
Empate,SP,0.0,18:10,,1716,Fortaleza,,CE,,Palmeiras,,2006-08-06,0.0,Presidente Vargas,,15
Gremio,MG,1.0,16:00,,2912,Gremio,,RS,,Atletico-Mg,,2009-08-23,4.0,Olímpico,,21
Internacional,PE,1.0,16:04,,4632,Internacional,A. Da Silva Braga,RS,,Sport,,2014-05-04,2.0,Estádio José Pinheiro Borda,E. Baptista,3
-,RJ,0.0,16:00,,4102,Ponte Preta,,SP,,Vasco,,2012-09-23,0.0,Moisés Lucarelli,,26
Empate,MG,1.0,19:30,,3561,Gremio,,RS,,America-Mg,,2011-07-27,1.0,Olímpico,,12
Empate,PA,1.0,16:00,,255,Athletico-Pr,,PR,,Paysandu,,2003-07-26,1.0,Arena Da Baixada,,22
Palmeiras,SP,2.0,16:01,4-3-3,6881,Cruzeiro,A. Batista,MG,,Palmeiras,4-2-3-1,2019-08-12,0.0,Mineirão,A. Lopes Dos Santos,38
Cruzeiro,MG,1.0,19:31,4-2-3-1,6252,Cruzeiro,L. Venker De Menezes,MG,,America-Mg,4-2-3-1,2018-07-19,3.0,Mineirão,S. Drubscky De Campos,13
Coritiba,PR,3.0,19:00,4-1-2-1-2,8347,America-Mg,F. Bustos,MG,,Coritiba,4-1-4-1,2023-11-08,0.0,Estádio Raimundo Sampaio,R. I. Do Nascimento,33
Athletico-Pr,RS,1.0,18:10,,1958,Athletico-Pr,,PR,,Internacional,,2007-05-19,2.0,Kyocera Arena,,2
Empate,RS,2.0,16:00,,1112,Corinthians,,SP,,Juventude,,2005-04-24,2.0,Pacaembu,,1
Mirassol,PE,0.0,11:00,4-2-3-1,8888,Mirassol,R. Guanaes,SP,112680.0,Sport,3-4-2-1,2025-06-01,1.0,"Campos Maia, Mirassol",C. De Lucena,11
Coritiba,RJ,0.0,21:45,,800,Coritiba,,PR,,Flamengo,,2004-08-04,1.0,Couto Pereira,,21
Palmeiras,RJ,1.0,15:58,4-2-3-1,5055,Palmeiras,A. Valentim Do Carmo Neto,SP,,Fluminense,4-3-2-1,2015-06-14,2.0,Allianz Parque,E. Alves Moreira,7
Vasco,DF,0.0,20:30,,1339,Vasco,,RJ,,Brasiliense,,2005-08-24,1.0,São Januário,,22
Santos,SP,1.0,19:30,,4217,Santos,,SP,,Palmeiras,,2012-12-01,3.0,Vila Belmiro,,38
Empate,SP,1.0,17:00,,3435,Vasco,,RJ,,Sao Paulo,,2010-11-14,1.0,São Januário,,35
Empate,MG,1.0,16:00,4-3-3,7881,America-Mg,V. Carmo Mancini,MG,,Atletico-Mg,4-1-4-1,2022-08-28,1.0,Estádio Raimundo Sampaio,A. Stival,24
Vasco,MG,0.0,20:30,,851,Vasco,,RJ,,Atletico-Mg,,2004-08-19,3.0,São Januário,,25
Atletico-Mg,SP,3.0,16:00,4-2-3-1,7628,Atletico-Mg,A. Stival,MG,,Bragantino,4-2-3-1,2021-12-05,4.0,Mineirão,M. Nogueira Barbieri,37
Bahia,BA,3.0,19:00,4-2-3-1,8558,Athletico-Pr,J. Antonello,PR,,Bahia,4-1-2-1-2,2024-07-10,1.0,Ligga Arena,R. Ceni,16
Vasco,SP,1.0,21:00,,3337,Vasco,,RJ,,Santos,,2010-09-28,3.0,Sã£O Januã¡Rio,,26
Empate,RJ,0.0,19:29,4-2-3-1,5504,Vitoria,V. Carmo Mancini,BA,,Fluminense,4-2-3-1,2016-07-10,0.0,Barradão,L. Culpi,14
Empate,RJ,1.0,16:00,,569,Atletico-Mg,,MG,,Vasco,,2004-04-25,1.0,Mineirão,,2
Atletico-Mg,MG,1.0,17:00,4-4-2,7126,Athletico-Pr,P. Autuori De Mello,PR,,Atletico-Mg,4-2-3-1,2020-12-12,0.0,Estã¡Dio Joaquim Amã©Rico Guimarã£Es,J. Sampaoli Moya,25
Empate,RS,1.0,18:01,4-2-3-1,7972,Coritiba,A. Ferreira,PR,,Internacional,4-1-2-1-2,2022-10-23,1.0,Couto Pereira,S. Lobo,33
Coritiba,SP,1.0,20:30,,1531,Coritiba,,PR,,Ponte Preta,,2005-11-17,2.0,Couto Pereira,,39
Santos,SP,3.0,21:45,,1472,Vasco,,RJ,,Santos,,2005-10-26,1.0,São Januário,,34
Empate,GO,1.0,16:00,,670,Juventude,,RS,,Goias,,2004-06-20,1.0,Alfredo Jaconi,,10
Athletico-Pr,RJ,0.0,16:00,,1703,Athletico-Pr,,PR,,Flamengo,,2006-07-30,1.0,Kyocera Arena,,14
Empate,SP,0.0,20:30,,2027,Figueirense,,SC,,Sao Paulo,,2007-06-28,0.0,Orlando Scarpelli,,8
Juventude,PR,0.0,16:00,,714,Juventude,,RS,,Coritiba,,2004-10-07,1.0,Alfredo Jaconi,,14
Atletico-Mg,MG,1.0,18:30,4-3-3,8108,Cruzeiro,P. Marques Da Costa Filipe,MG,,Atletico-Mg,4-2-3-1,2023-06-03,0.0,Estádio Municipal Parque Do Sabiá,E. Coudet,9
Cruzeiro,MG,1.0,16:00,,2418,Cruzeiro,,MG,,Atletico-Mg,,2008-07-06,2.0,Mineirão,,11
Sao Paulo,SP,1.0,16:00,,2820,Sao Paulo,,SP,,Santos,,2009-07-19,2.0,Morumbi,,12
Corinthians,PR,1.0,19:29,4-1-4-1,5318,Corinthians,A. Bacchi,SP,,Coritiba,4-4-2,2015-11-07,2.0,Neo Química Arena,E. Pacheco,34
Empate,CE,1.0,19:01,4-1-3-2,7524,Sao Paulo,R. Ceni,SP,,Ceara,4-2-3-1,2021-10-14,1.0,Morumbi,E. L. Fornari,26
Empate,RS,1.0,18:30,,4693,Fluminense,C. Borges Dos Santos,RJ,,Internacional,,2014-06-01,1.0,Moacyrzão,A. Da Silva Braga,9
Vasco,SP,1.0,22:00,,4083,Vasco,,RJ,,Palmeiras,,2012-09-12,3.0,São Januário,,24
Corinthians,GO,0.0,18:00,,3744,Corinthians,,SP,,Atletico-Go,,2011-10-09,3.0,Pacaembu,,28
Empate,SP,0.0,20:00,4-2-2-2,7114,Fluminense,O. Hellmann,RJ,,Bragantino,4-3-3,2020-11-30,0.0,Maracanã,M. Nogueira Barbieri,23
Coritiba,SP,0.0,19:32,4-4-2,5345,Coritiba,E. Pacheco,PR,,Santos,4-2-3-1,2015-11-22,1.0,Couto Pereira,D. Silvestre Júnior,36
Figueirense,RS,1.0,16:00,,501,Figueirense,,SC,,Juventude,,2003-11-09,2.0,Orlando Scarpelli,,42
Internacional,MT,0.0,19:59,4-2-3-1,8665,Internacional,R. Machado Marques,RS,,Cuiaba,4-2-3-1,2024-09-16,3.0,Estádio Beira-Rio,B. Franco,26
Fluminense,RJ,1.0,15:00,,322,Internacional,,RS,,Fluminense,,2003-08-21,0.0,Beira Rio,,27
Palmeiras,SC,1.0,18:30,,3915,Palmeiras,,SP,,Figueirense,,2012-07-01,3.0,Arena Barueri,,7
Empate,RS,1.0,21:02,4-2-3-1,5036,Palmeiras,O. De Oliveira Filho,SP,,Internacional,4-2-3-1,2015-06-04,,Allianz Parque,D. Aguirre Camblor,5
Atletico-Go,RJ,1.0,21:31,4-2-3-1,7137,Atletico-Go,M. Ribeiro Cabo,GO,,Fluminense,4-1-4-1,2020-12-16,2.0,Estádio Antônio Accioly,M. De Oliveira,26
-,RJ,1.0,16:00,,857,Guarani,,SP,,Vasco,,2004-08-22,1.0,Brinco De Ouro,,26
Sao Paulo,SP,1.0,21:50,,966,Ponte Preta,,SP,,Sao Paulo,,2004-10-06,0.0,Moisés Lucarelli,,35
Empate,PR,1.0,17:00,,4529,Bahia,,BA,,Athletico-Pr,,2013-10-27,1.0,Fonte Nova,,31
Empate,SP,1.0,21:31,3-4-1-2,7572,Fortaleza,J. Vojvoda,CE,,Sao Paulo,3-1-4-2,2021-11-10,1.0,Arena Castelão,R. Ceni,31
Palmeiras,PE,1.0,21:30,4-2-3-1,7545,Palmeiras,A. Moreira Ferreira,SP,,Sport,4-2-3-1,2021-10-25,2.0,Allianz Parque,G. Florentín,28
Palmeiras,GO,1.0,19:17,4-2-3-1,6873,Palmeiras,A. Lopes Dos Santos,SP,,Goias,4-3-3,2019-05-12,5.0,Estã¡Dio Brinco De Ouro,N. Da Silveira Júnior,37
Sao Paulo,SP,1.0,18:30,4-2-3-1,8268,Sao Paulo,D. Silvestre Júnior,SP,,Corinthians,4-2-3-1,2023-09-30,2.0,Morumbi,S. Lobo,25
Gremio,PR,0.0,18:00,,96,Gremio,,RS,,Coritiba,,2003-05-11,1.0,Olímpico,,8
Fluminense,SP,0.0,17:00,,3458,Fluminense,,RJ,,Guarani,,2010-05-12,1.0,Engenhão,,38
Cruzeiro,SP,2.0,21:00,,3019,Cruzeiro,,MG,,Santo Andre,,2009-10-28,3.0,Mineirã£O,,32
Criciuma,SC,1.0,16:00,,994,Criciuma,,SC,,Figueirense,,2004-10-24,2.0,Heriberto Hulse,,37
Cruzeiro,RS,1.0,20:30,,1836,Cruzeiro,,MG,,Internacional,,2006-10-05,2.0,Mineirão,,27
Vitoria,MG,1.0,18:00,,119,Vitoria,,BA,,Cruzeiro,,2003-05-25,2.0,Barradão,,10
Athletico-Pr,PR,2.0,19:00,4-2-3-1,8286,Gremio,Renato Gaúcho,RS,,Athletico-Pr,3-4-3,2023-10-18,1.0,Arena Do Grêmio,W. Carvalho,27
Criciuma,SC,1.0,20:30,,4555,Nautico,,PE,,Criciuma,,2013-11-10,0.0,Arena Pernambuco,,33
Guarani,PR,0.0,16:00,,45,Guarani,,SP,,Parana,,2003-04-13,2.0,Brinco De Ouro,,3
Vitoria,SP,0.0,16:00,,3383,Vitoria,,BA,,Gremio Prudente,,2010-10-17,2.0,Barradão,,30
Empate,SP,0.0,16:00,,4352,Cruzeiro,,MG,,Santos,,2013-08-11,0.0,Mineirão,,13
Empate,RJ,2.0,16:00,,1517,Ponte Preta,,SP,,Flamengo,,2005-11-13,2.0,Moisés Lucarelli,,38
Internacional,RS,0.0,16:00,4-2-3-1,8703,Internacional,R. Machado Marques,RS,,Gremio,4-2-3-1,2024-10-19,1.0,Estádio Beira-Rio,Renato Gaúcho,30
Palmeiras,GO,0.0,20:29,4-2-3-1,7571,Palmeiras,A. Moreira Ferreira,SP,,Atletico-Go,4-1-4-1,2021-11-10,,Allianz Parque,E. De Souza Barroca,31
Atletico-Mg,SP,0.0,18:30,,4076,Atletico-Mg,,MG,,Palmeiras,,2012-09-09,3.0,Independência,,23
Empate,MG,1.0,21:45,4-2-3-1,6089,Vasco,J. Mannarino,RJ,,Atletico-Mg,4-2-3-1,2017-11-15,1.0,Estádio Vasco Da Gama,O. De Oliveira Filho,35
Cuiaba,RJ,0.0,18:30,4-3-3,8269,Cuiaba,A. Cardoso De Oliveira,MT,,Fluminense,5-4-1,2023-09-30,3.0,Arena Pantanal,F. Diniz Silva,25
Santos,PE,0.0,18:10,,2147,Santos,,SP,,Sport,,2007-08-18,2.0,Vila Belmiro,,20
Gremio,MG,0.0,19:00,4-2-3-1,6557,Gremio,Renato Gaúcho,RS,,Atletico-Mg,4-2-3-1,2019-05-25,1.0,Arena Do Grêmio,R. Marques Santana,6
Corinthians,SP,1.0,19:00,4-3-3,7477,Corinthians,S. Campos Junior,SP,,Palmeiras,4-2-3-1,2021-09-25,2.0,Neo Química Arena,A. Moreira Ferreira,22
Sport,BA,0.0,21:00,,4656,Sport,E. Baptista,PE,,Bahia,,2014-06-04,1.0,Adelmar Da Costa Carvalho,M. Dos Santos Gonçalves,5
Empate,BA,0.0,18:30,,3127,Avai,,SC,,Vitoria,,2010-05-29,0.0,Ressacada,,5
Empate,SP,1.0,16:00,,43,Fortaleza,,CE,,Sao Caetano,,2003-04-13,1.0,Presidente Vargas,,3
Flamengo,PE,0.0,21:00,4-2-3-1,9089,Flamengo,F. Luís,RJ,4553955.0,Sport,4-3-3,2025-11-01,3.0,"Maracanã, Rio De Janeiro",C. De Lucena,31
Vitoria,RJ,1.0,16:00,,41,Vitoria,,BA,,Vasco,,2003-04-13,2.0,Barradão,,3
Gremio,RS,1.0,16:00,,4030,Internacional,,RS,,Gremio,,2012-08-26,0.0,Beira Rio,,19
Gremio,RS,4.0,18:59,3-5-2,8317,America-Mg,F. Bustos,MG,,Gremio,4-3-3,2023-10-28,3.0,Estádio Raimundo Sampaio,Renato Gaúcho,30
Corinthians,SP,1.0,16:00,,1220,Corinthians,,SP,,Palmeiras,,2005-07-10,3.0,Morumbi,,11
Sport,SC,0.0,19:30,5-4-1,5278,Sport,Falcao,PE,,Avai,4-3-1-2,2015-10-14,3.0,Adelmar Da Costa Carvalho,,30
Empate,BA,1.0,16:00,,106,Criciuma,,SC,,Vitoria,,2003-05-18,1.0,Heriberto Hulse,,9
Coritiba,RS,0.0,19:30,,4037,Coritiba,,PR,,Internacional,,2012-08-29,1.0,Couto Pereira,,20
Empate,MG,1.0,19:00,4-1-2-1-2,6663,Csa,A. Fucks,AL,,Cruzeiro,4-2-3-1,2019-08-25,1.0,Estádio Rei Pelé,R. Ceni,16
Chapecoense,RJ,1.0,11:02,4-2-3-1,5130,Chapecoense,V. Eutrópio,SC,,Fluminense,4-2-3-1,2015-07-26,2.0,Arena Condá,E. Alves Moreira,15
Athletico-Pr,SP,0.0,18:10,,1510,Athletico-Pr,,PR,,Palmeiras,,2005-11-06,4.0,Arena Da Baixada,,37
Sao Paulo,MG,0.0,15:59,4-2-3-1,5503,Sao Paulo,,SP,,America-Mg,4-2-3-1,2016-07-10,3.0,Morumbi,S. De Oliveira Vieira,14
Goias,GO,4.0,18:15,4-3-3,7203,Santos,,SP,,Goias,5-3-2,2021-01-24,3.0,Estádio Urbano Caldeira,A. César,32
Brasiliense,SP,2.0,16:00,,1349,Brasiliense,,DF,,Palmeiras,,2005-08-27,3.0,Boca Do Jacaré,,23
Athletico-Pr,PE,1.0,16:00,,1797,Athletico-Pr,,PR,,Santa Cruz,,2006-09-16,2.0,Kyocera Arena,,24
Flamengo,MG,0.0,11:00,,5501,Flamengo,J. Mannarino,RJ,,Atletico-Mg,4-2-3-1,2016-07-10,2.0,Estádio Nacional De Brasília,M. De Oliveira Santos,14
Sport,SP,0.0,16:02,4-2-3-1,5122,Sport,E. Baptista,PE,,Sao Paulo,3-4-1-2,2015-07-19,2.0,Arena De Pernambuco,J. Osorio,14
Fortaleza,MT,0.0,16:01,4-2-3-1,8680,Fortaleza,J. Vojvoda,CE,,Cuiaba,4-2-3-1,2024-09-29,1.0,Arena Castelão,B. Franco,28
Empate,RS,1.0,18:10,,2158,Fluminense,,RJ,,Gremio,,2007-08-25,1.0,Maracanã,,21
Cruzeiro,MG,2.0,18:10,,2144,America-Rn,,RN,,Cruzeiro,,2007-08-12,1.0,Machadão,,19
Santos,SP,2.0,20:30,,3707,America-Mg,,MG,,Santos,,2011-09-21,1.0,Parque Do Sabiá,,25
Empate,SP,1.0,16:01,4-4-1-1,5133,Coritiba,N. Da Silveira Júnior,PR,,Corinthians,4-2-3-1,2015-07-26,1.0,Couto Pereira,A. Bacchi,15
Portuguesa,SP,3.0,21:00,,4099,Santos,,SP,,Portuguesa,,2012-09-22,1.0,Pacaembu,,26
Athletico-Pr,PR,2.0,19:02,4-3-3,6729,Bahia,R. Machado Marques,BA,,Athletico-Pr,4-2-3-1,2019-05-10,1.0,Itaipava Arena Fonte Nova,T. Retzalff Nunes,23
Empate,MG,3.0,16:00,,4803,Fluminense,C. Borges Dos Santos,RJ,,Cruzeiro,,2014-09-07,3.0,Maracanã,M. De Oliveira Santos,19
Ponte Preta,PR,0.0,16:00,,1380,Ponte Preta,,SP,,Parana,NAN,2005-09-17,1.0,Moisés Lucarelli,,26
Empate,SP,2.0,18:10,,2276,Vasco,,RJ,,Palmeiras,,2007-10-28,2.0,São Januário,,33
Empate,RJ,1.0,16:00,4-2-3-1,7869,Palmeiras,,SP,,Flamengo,4-3-3,2022-08-21,1.0,Allianz Parque,D. Silvestre Júnior,23
Empate,RJ,1.0,16:22,4-1-4-1,7001,Palmeiras,V. Luxemburgo Da Silva,SP,,Flamengo,4-2-3-1,2020-09-27,1.0,Allianz Parque,J. Guerrero,12
Empate,MG,2.0,18:00,,3308,Botafogo-Rj,,RJ,,Cruzeiro,,2010-09-18,2.0,Engenhão,,23
Cruzeiro,RJ,2.0,16:00,,533,Cruzeiro,,MG,,Fluminense,,2003-12-07,5.0,Mineirão,,45
Cruzeiro,SP,0.0,21:45,,1673,Cruzeiro,,MG,,Corinthians,,2006-07-12,2.0,Mineirão,,11
Sport,PR,0.0,18:30,4-2-3-1,5528,Sport,O. De Oliveira Filho,PE,,Athletico-Pr,4-2-3-1,2016-07-30,2.0,Adelmar  Da  Costa  Carvalho,P. Autuori De Mello,17
Coritiba,PR,1.0,20:59,4-1-4-1,7178,Vasco,V. Luxemburgo Da Silva,RJ,,Coritiba,4-3-3,2021-01-16,0.0,Estádio Vasco Da Gama,J. Bertagnoli,30
Empate,SP,0.0,21:00,,3355,Avai,,SC,,Sao Paulo,,2010-10-02,0.0,Ressacada,,27
Flamengo,RJ,2.0,18:20,,2603,Nautico,,PE,,Flamengo,,2008-10-04,0.0,Aflitos,,28
Empate,SP,0.0,18:30,,2997,Barueri,,SP,,Santos,,2009-10-17,0.0,Arena Barueri,,30
Ponte Preta,SP,1.0,18:10,,1113,Athletico-Pr,,PR,,Ponte Preta,,2005-04-24,0.0,Arena Da Baixada,,1
Internacional,SC,1.0,18:30,,3524,Internacional,,RS,,Figueirense,,2011-06-26,4.0,Beira Rio,,6
Cruzeiro,MG,2.0,17:00,,3083,Santos,,SP,,Cruzeiro,,2009-12-06,1.0,Vila Belmiro,,38
Fluminense,RS,0.0,18:10,,1190,Fluminense,,RJ,,Internacional,,2005-06-19,3.0,Raulino De Oliveira,,8
Fluminense,SC,1.0,15:59,4-2-3-1,5172,Fluminense,E. Alves Moreira,RJ,,Figueirense,4-4-2,2015-08-16,2.0,Maracanã,H. Coutinho,19
Sao Paulo,PR,1.0,16:00,,3920,Sao  Paulo,,SP,,Coritiba,,2012-07-08,3.0,Morumbi,,8
Palmeiras,SP,3.0,18:34,4-3-1-2,5287,Avai,G. Kleina,SC,,Palmeiras,4-2-3-1,2015-10-17,1.0,Ressacada,M. De Oliveira Santos,31
Goias,GO,3.0,18:30,,2738,Coritiba,,PR,,Goias,,2009-05-30,1.0,Couto Pereira,,4
Athletico-Pr,PR,1.0,20:59,4-2-3-1,5201,Atletico-Mg,L. Culpi,MG,,Athletico-Pr,4-2-3-1,2015-09-02,0.0,Estádio Raimundo Sampaio,M. Mendes,22
Flamengo,SP,1.0,18:10,,1938,Flamengo,,RJ,,Sao Caetano,,2006-12-02,4.0,Raulino De Oliveira,,38
Empate,RJ,1.0,18:30,,4006,Portuguesa,,SP,,Botafogo-Rj,,2012-08-12,1.0,Canindé,,16
Internacional,RS,3.0,16:00,,3689,Palmeiras,,SP,,Internacional,,2011-09-11,0.0,Pacaembu,,23
Empate,RS,0.0,17:00,4-2-3-1,5682,Gremio,,RS,,Internacional,4-2-3-1,2016-10-23,0.0,Arena Do Grêmio,C. Juarez Roth,32
Bahia,RS,0.0,21:01,4-2-3-1,8438,Bahia,R. Ceni,BA,,Gremio,,2024-04-27,1.0,Arena Fonte Nova,Renato Gaúcho,4
Cruzeiro,BA,2.0,18:00,,263,Cruzeiro,,MG,,Bahia,,2003-07-27,5.0,Mineirão,,22
Santos,MG,2.0,18:30,4-3-3,8049,Santos,O. Hellmann,SP,,America-Mg,4-1-4-1,2023-04-29,3.0,Estã¡Dio Urbano Caldeira,V. Carmo Mancini,3
Avai,GO,1.0,16:00,,3203,Avai,,SC,,Goias,,2010-08-01,4.0,Ressacada,,12
Empate,CE,1.0,19:02,4-4-2,8435,Criciuma,C. Tencati,SC,,Fortaleza,4-2-3-1,2024-07-24,1.0,Estádio Heriberto Hülse,J. Vojvoda,3
Vasco,RJ,2.0,16:00,,3773,Bahia,,BA,,Vasco,,2011-10-23,0.0,Pituaçu,,31
Empate,MG,2.0,20:30,,577,Botafogo-Rj,,RJ,,Atletico-Mg,,2004-04-28,2.0,Caio Martins,,3
Portuguesa,SP,3.0,21:00,,4509,Criciuma,,SC,,Portuguesa,NAN,2013-10-16,1.0,Heriberto Hulse,,29
Vasco,RJ,2.0,21:29,4-2-3-1,9061,Fortaleza,T. Carpini,CE,627131.0,Vasco,4-2-3-1,2025-10-15,0.0,"Arena Castelão, Fortaleza",F. Diniz,28
Empate,MG,1.0,21:47,4-2-3-1,8697,Fortaleza,J. Vojvoda,CE,,Atletico-Mg,4-2-3-1,2024-10-16,1.0,Arena Castelão,G. Milito,30
Sao Paulo,RJ,2.0,16:00,,1384,Sao Paulo,,SP,,Vasco,,2005-09-18,4.0,Morumbi,,26
Gremio,SP,0.0,21:50,,4514,Gremio,,RS,,Corinthians,,2013-10-16,1.0,Arena Do Grêmio,,29
Fluminense,RJ,2.0,15:59,4-2-2-2,5072,Goias,,GO,,Fluminense,4-2-3-1,2015-06-28,1.0,Estádio Do Governo Do Estado De Goiás (Serra Dourada),E. Alves Moreira,9
Santos,RJ,0.0,16:00,,3151,Santos,,SP,,Vasco,NAN,2010-06-06,4.0,Vila Belmiro,,7
Internacional,AL,0.0,16:01,4-3-1-2,6550,Internacional,O. Hellmann,RS,,Csa,4-2-3-1,2019-05-19,2.0,Estádio José Pinheiro Borda,M. Ribeiro Cabo,5
Empate,PE,1.0,20:30,,2068,Juventude,,RS,,Nautico,,2007-07-12,1.0,Alfredo Jaconi,,11
Empate,SP,1.0,19:30,,3017,Athletico-Pr,,PR,,Santos,,2009-10-28,1.0,Arena Da Baixada,,32
Fluminense,RJ,3.0,18:20,,2615,Athletico-Pr,,PR,,Fluminense,,2008-10-11,1.0,Kyocera Arena,,29
Fluminense,RJ,2.0,21:30,4-4-2,7450,Chapecoense,L. De Oliveira Preto,SC,,Fluminense,4-3-3,2021-09-07,1.0,Arena Condá,M. De Oliveira,19
Empate,GO,2.0,18:18,4-2-3-1,7002,Ceara,A. Ferreira,CE,,Goias,4-1-4-1,2020-09-27,2.0,Arena Castelão,T. Mendes Larghi,12
Coritiba,PR,0.0,21:00,4-2-3-1,5480,Coritiba,M. Dias Noleto,PR,,Athletico-Pr,4-2-3-1,2016-06-29,1.0,Couto Pereira,P. Autuori De Mello,12
Sport,PE,2.0,19:01,4-2-3-1,6964,Gremio,Renato Gaúcho,RS,,Sport,4-2-3-1,2020-09-03,1.0,Arena Do Grêmio,J. Ribeiro Ventura,7
Gremio,RS,1.0,19:00,4-2-3-1,6013,Coritiba,M. De Oliveira Santos,PR,,Gremio,4-2-3-1,2017-10-15,0.0,Couto Pereira,Renato Gaúcho,28
Sao Paulo,GO,1.0,16:01,4-3-3,7472,Sao Paulo,H. Crespo,SP,,Atletico-Go,4-4-2,2021-09-19,2.0,Morumbi,E. De Souza Barroca,21
Empate,BA,2.0,16:59,4-2-3-1,6450,Vitoria,J. Burse,BA,,Bahia,4-2-3-1,2018-11-11,2.0,Barradão,E. Alves Moreira,33
Empate,RJ,1.0,19:15,4-2-3-1,6898,Bragantino,F. De Oliveira Conceição,SP,,Botafogo-Rj,4-2-3-1,2020-08-12,1.0,Nabizão,P. Autuori De Mello,2
Barueri,SC,1.0,18:30,,2764,Barueri,,SP,,Avai,,2009-05-31,3.0,Arena Barueri,,6
Goias,SP,0.0,18:20,,2487,Goias,,GO,,Portuguesa,,2008-08-02,4.0,Serra Dourada,,17
Ponte Preta,MG,1.0,16:00,,80,Ponte Preta,,SP,,Atletico-Mg,,2003-05-04,2.0,Moisés Lucarelli,,7
Coritiba,MG,1.0,18:30,4-1-4-1,8159,Coritiba,T. Kosloski,PR,,America-Mg,4-5-1,2023-07-08,3.0,Couto Pereira,V. Carmo Mancini,14
Cruzeiro,SP,0.0,20:34,4-2-3-1,9142,Cruzeiro,T. Tite,MG,1637835.5,Corinthians,5-3-2,2025-11-23,3.0,"Mineirão, Belo Horizonte",D. Junior,35
Empate,GO,1.0,11:01,4-1-2-1-2,7372,Juventude,M. Dos Santos Gonçalves,RS,,Atletico-Go,4-2-3-1,2021-07-11,1.0,Alfredo Jaconi,E. De Souza Barroca,11
Empate,MG,0.0,21:00,3-4-1-2,7478,Sao Paulo,H. Crespo,SP,,Atletico-Mg,3-5-2,2021-09-25,0.0,Morumbi,A. Stival,22
Cruzeiro,SP,0.0,16:00,,361,Cruzeiro,,MG,,Santos,,2003-09-20,3.0,Mineirão,,31
Sao Paulo,SP,1.0,21:00,,4325,Nautico,,PE,,Sao Paulo,,2013-09-03,0.0,Arena Pernambuco,,10
Sao Paulo,RJ,0.0,17:31,3-4-1-2,9013,Sao Paulo,Hernan Jorge Crespo,SP,1807524.0,Botafogo-Rj,4-2-3-1,2025-09-14,1.0,"Morumbis, São Paulo",Davide Ancelotti,23
Vasco,SP,0.0,18:14,4-3-3,5354,Vasco,J. De Amorim Campos,RJ,,Santos,,2015-11-29,1.0,Estádio Vasco Da Gama,D. Silvestre Júnior,37
Vitoria,CE,1.0,16:00,,92,Vitoria,,BA,,Fortaleza,,2003-05-11,2.0,Barradão,,8
Empate,SC,1.0,17:02,,4970,Sao Paulo,M. Ramalho,SP,,Figueirense,,2014-11-30,1.0,Morumbi,A. Fucks,37
Vasco,PE,1.0,18:10,,1966,Vasco,,RJ,,Sport,,2007-05-20,3.0,São Januário,,2
Gremio,RS,1.0,16:00,,3653,Gremio,,RS,,Internacional,,2011-08-28,2.0,Olímpico,,19
Empate,SP,0.0,16:00,,4162,Nautico,,PE,,Portuguesa,,2012-10-21,0.0,Aflitos,,32
Figueirense,SC,4.0,18:10,,1619,Internacional,,RS,,Figueirense,,2006-05-20,2.0,Beira Rio,,6
Flamengo,RJ,1.0,18:00,,312,Fluminense,,RJ,,Flamengo,,2003-08-17,0.0,Maracanã,,26
Flamengo,SC,0.0,18:30,,3468,Flamengo,,RJ,,Avai,,2011-05-21,4.0,Cláudio Moacyr,,1
Fluminense,SP,0.0,21:30,4-2-3-1,8345,Fluminense,F. Diniz Silva,RJ,,Sao Paulo,4-2-3-1,2023-11-22,1.0,Maracanã,D. Silvestre Júnior,32
Santos,SP,4.0,19:30,,3446,Goias,,GO,,Santos,,2010-11-21,1.0,Serra Dourada,,36
Corinthians,PE,0.0,16:00,,4113,Corinthians,,SP,,Sport,,2012-09-30,3.0,Pacaembu,,27
Empate,SC,1.0,16:00,,625,Botafogo-Rj,,RJ,,Figueirense,,2004-05-22,1.0,Caio Martins,,7
Figueirense,SC,2.0,18:20,,2488,Nautico,,PE,,Figueirense,,2008-02-08,1.0,Aflitos,,17
Gremio,BA,0.0,19:00,4-2-3-1,6313,Gremio,Renato Gaúcho,RS,,Vitoria,,2018-08-12,4.0,Arena Do Grêmio,J. Burse,18
Coritiba,CE,1.0,18:46,,7794,Coritiba,G. Morínigo,PR,,Fortaleza,3-4-1-2,2022-07-03,2.0,Couto Pereira,J. Vojvoda,15
Sao Caetano,SC,1.0,19:30,,1898,Sao Caetano,,SP,,Figueirense,,2006-11-08,3.0,Anacleto Campanella,,34
Avai,RJ,0.0,18:33,4-3-1-2,5147,Avai,,SC,,Fluminense,4-2-3-1,2015-08-08,1.0,Ressacada,E. Alves Moreira,17
Flamengo,RJ,0.0,18:30,,4026,Flamengo,,RJ,,Vasco,,2012-08-19,1.0,Engenhão,,18
Juventude,RJ,0.0,16:00,,1077,Juventude,,RS,,Botafogo-Rj,,2004-12-05,1.0,Alfredo Jaconi,,44
Bahia,BA,3.0,16:00,,3670,Flamengo,,RJ,,Bahia,,2011-04-09,1.0,Engenhão,,21
Sao Paulo,RJ,0.0,16:00,,2012,Sao Paulo,,SP,,Vasco,,2007-06-17,2.0,Morumbi,,6
Empate,RS,3.0,18:30,,3858,Flamengo,,RJ,,Internacional,,2012-05-26,3.0,Engenhão,,2
Santos,SP,1.0,21:50,,3122,Santos,,SP,,Guarani,,2010-05-26,3.0,Vila Belmiro,,4
Corinthians,SP,0.0,16:00,,1577,Corinthians,,SP,,Sao Caetano,,2006-04-22,3.0,Pacaembu,,2
Corinthians,MG,0.0,21:50,,3961,Corinthians,,SP,,Cruzeiro,,2012-07-25,2.0,Pacaembu,,12
Corinthians,SP,1.0,21:50,,2927,Corinthians,,SP,,Santos,,2009-09-02,2.0,Pacaembu,,23
Empate,RJ,2.0,18:30,,3624,Figueirense,,SC,,Flamengo,,2011-08-14,2.0,Orlando Scarpelli,,16
Vitoria,BA,1.0,16:33,4-2-2-2,8739,Criciuma,C. Tencati,SC,,Vitoria,4-2-3-1,2024-11-20,0.0,Estádio Heriberto Hülse,T. Carpini Barbosa,34
Palmeiras,DF,1.0,16:00,,1118,Palmeiras,,SP,,Brasiliense,NAN,2005-04-30,2.0,Parque Antártica,,2
Athletico-Pr,SP,1.0,17:00,,519,Athletico-Pr,,PR,,Guarani,,2003-11-29,3.0,Arena Da Baixada,,44
Atletico-Mg,BA,0.0,18:30,,3008,Atletico-Mg,,MG,,Vitoria,,2009-10-24,1.0,Mineirão,,31
Fluminense,PE,1.0,18:10,,2288,Fluminense,,RJ,,Nautico,,2007-11-03,2.0,Maracanã,,35
Ceara,PR,0.0,17:00,4-2-3-1,7376,Ceara,A. Ferreira,CE,,Athletico-Pr,4-2-3-1,2021-07-17,1.0,Arena Castelão,A. Cardoso De Oliveira,12
Corinthians,SP,0.0,19:01,4-2-3-1,5858,Corinthians,F. Carille,SP,,Ponte Preta,4-2-3-1,2017-07-08,2.0,Neo Quã­Mica Arena,G. Kleina,12
Athletico-Pr,PR,2.0,18:00,,305,Atletico-Mg,,MG,,Athletico-Pr,,2003-08-16,1.0,Mineirã£O,,26
Empate,RJ,1.0,21:45,,1340,Sao Paulo,,SP,,Fluminense,,2005-08-24,,Morumbi,,22
Fortaleza,CE,2.0,18:30,,9053,Juventude,M. Barbieri,RS,210680.0,Fortaleza,4-2-3-1,2025-10-05,1.0,"Alfredo Jaconi, Caxias Do Sul",T. Carpini,27
Palmeiras,RS,0.0,16:00,4-4-2,7529,Palmeiras,A. Moreira Ferreira,SP,,Internacional,4-2-3-1,2021-10-17,1.0,Allianz Parque,D. Aguirre Camblor,27
Fluminense,MG,0.0,18:30,4-2-3-1,9047,Fluminense,L. Luis Zubeldia,RJ,801633.5,Atletico-Mg,,2025-10-04,3.0,"Maracanã, Rio De Janeiro",J. Sampaoli,27
Corinthians,SC,0.0,18:00,,88,Corinthians,,SP,,Criciuma,,2003-05-10,3.0,Pacaembu,,8
Vasco,CE,1.0,18:00,,3658,Vasco,,RJ,,Ceara,,2011-08-31,3.0,São Januário,,20
Flamengo,RJ,5.0,18:13,4-2-3-1,7382,Bahia,L. Cavalcanti,BA,,Flamengo,4-2-3-1,2021-07-18,0.0,Itaipava Arena Fonte Nova,Renato Gaúcho,12
Flamengo,SP,1.0,18:10,,2336,Flamengo,,RJ,,Santos,,2008-05-11,3.0,Maracanã£,,1
Empate,RS,1.0,21:00,,4086,Botafogo-Rj,,RJ,,Internacional,,2012-09-13,1.0,Engenhão,,24
Flamengo,RJ,1.0,22:01,4-2-3-1,5081,Joinville,A. Batista,SC,,Flamengo,4-4-2,2015-07-01,0.0,Arena Joinville,C. Borges Dos Santos,10
Bragantino,SP,1.0,18:29,4-2-3-1,8274,Bragantino,P. Faria Caixinha,SP,,Palmeiras,4-2-3-1,2023-10-01,2.0,Nabizão,A. Moreira Ferreira,25
Corinthians,SC,0.0,11:00,4-1-4-1,5230,Corinthians,A. Bacchi,SP,,Joinville,4-2-3-1,2015-09-13,3.0,Neo Química Arena,P. Lopes De Gusmão,25
Cruzeiro,MG,0.0,20:30,,2612,Cruzeiro,,MG,,Ipatinga,,2008-10-09,1.0,Mineirão,,29
Empate,SP,3.0,20:30,,765,Goias,,GO,,Santos,,2004-07-24,3.0,Serra Dourada,,18
Empate,RJ,1.0,18:31,4-2-3-1,5683,Coritiba,P. Carpegiani,PR,,Fluminense,4-2-3-1,2016-10-23,1.0,Couto Pereira,L. Culpi,32
Gremio,RS,1.0,19:30,4-1-4-1,6066,Ponte Preta,E. Baptista,SP,,Gremio,4-2-3-1,2017-11-08,0.0,Moisés Lucarelli,Renato Gaúcho,33
Parana,RS,1.0,20:30,,1499,Parana,,PR,,Internacional,,2005-11-03,3.0,Olímpico Regional,,36
Athletico-Pr,RJ,0.0,16:03,4-1-4-1,8017,Athletico-Pr,L. Scolari,PR,,Botafogo-Rj,4-2-3-1,2022-11-13,3.0,Estádio Joaquim Américo Guimarães,L. Castro,38
Internacional,RS,2.0,18:10,,1234,Internacional,,RS,,Juventude,NAN,2005-07-17,5.0,Beira Rio,,12
Vasco,PR,1.0,16:00,,1692,Vasco,,RJ,,Athletico-Pr,,2006-07-23,2.0,São Januário,,13
Cruzeiro,RS,2.0,18:00,,177,Cruzeiro,,MG,,Internacional,NAN,2003-06-29,,Mineirão,,15
Empate,PR,2.0,18:30,,3956,Bahia,,BA,,Coritiba,,2012-07-22,2.0,Pituaçu,,11
Internacional,RS,2.0,20:05,4-2-3-1,7915,Atletico-Go,E. Baptista,GO,,Internacional,4-3-3,2022-09-19,1.0,Estádio Antônio Accioly,L. Venker De Menezes,27
Bahia,RJ,1.0,21:30,4-1-3-2,8521,Bahia,R. Ceni,BA,,Vasco,4-2-3-1,2024-06-26,2.0,Arena Fonte Nova,C. De Paiva,12
Athletico-Pr,RJ,0.0,18:30,4-2-3-1,8107,Athletico-Pr,P. Turra,PR,,Botafogo-Rj,4-2-3-1,2023-06-03,1.0,Ligga Arena,L. Ribeiro De Castro,9
Sao Paulo,PR,0.0,18:00,,108,Sao Paulo,,SP,,Parana,,2003-05-18,2.0,Morumbi,,9
Fluminense,PE,0.0,22:00,,4566,Fluminense,,RJ,,Nautico,,2013-11-14,2.0,Maracanã,,34
Figueirense,SC,2.0,18:29,,5095,Flamengo,C. Borges Dos Santos,RJ,,Figueirense,4-4-2,2015-07-05,1.0,Maracanã,A. Fucks,11
Gremio,SC,1.0,21:00,,3020,Gremio,,RS,,Avai,,2009-10-28,3.0,Olímpico,,32
Empate,PR,1.0,16:00,,674,Coritiba,,PR,,Parana,,2004-06-26,1.0,Couto Pereira,,11
Corinthians,SP,2.0,17:02,4-2-3-1,6060,Corinthians,F. Carille,SP,,Palmeiras,4-2-3-1,2017-11-05,3.0,Neo Quã­Mica Arena,A. Valentim Do Carmo Neto,32
Portuguesa,SP,0.0,16:00,,4462,Portuguesa,,SP,,Corinthians,,2013-09-29,4.0,Morenão,,24
Empate,SP,3.0,18:10,,1323,Botafogo-Rj,,RJ,,Santos,,2005-08-14,3.0,Luso Brasileiro,,20
Sao Paulo,RJ,0.0,21:30,4-4-2,7065,Sao Paulo,F. Diniz Silva,SP,,Botafogo-Rj,4-2-3-1,2020-12-09,4.0,Morumbi,F. Mercier De Lucena,18
Fluminense,PR,1.0,21:01,4-1-2-1-2,7710,Fluminense,F. Diniz Silva,RJ,,Athletico-Pr,4-3-3,2022-05-14,2.0,Estádio Municipal General Raulino De Oliveira,L. Scolari,6
Empate,PR,1.0,16:00,,1618,Fortaleza,,CE,,Parana,,2006-05-20,1.0,Castelão,,6
Empate,SP,0.0,16:00,,3380,Guarani,,SP,,Corinthians,,2010-10-17,0.0,Brinco De Ouro,,30
Cruzeiro,RS,0.0,21:40,,488,Cruzeiro,,MG,,Gremio,,2003-11-05,3.0,Mineirão,,41
Fluminense,RJ,2.0,16:01,4-2-3-1,5113,Athletico-Pr,M. Mendes,PR,,Fluminense,4-2-3-1,2015-12-07,1.0,Estádio Joaquim Américo Guimarães,E. Alves Moreira,13
Cruzeiro,SP,1.0,17:00,,3459,Cruzeiro,,MG,,Palmeiras,,2010-12-05,2.0,Arena Do Jacaré,,38
Empate,SP,2.0,22:02,,4683,Athletico-Pr,,PR,,Sao Paulo,,2014-05-28,2.0,Estádio Municipal Parque Do Sabiá,M. Ramalho,8
Corinthians,PR,0.0,21:00,,2749,Corinthians,,SP,,Coritiba,,2009-06-06,,Pacaembu,,5
Atletico-Mg,MG,1.0,16:00,4-2-3-1,6890,Flamengo,,RJ,,Atletico-Mg,3-5-2,2020-08-09,0.0,Maracanã,,1
Empate,RS,1.0,16:04,3-4-3,9159,Corinthians,D. Junior,SP,1888899.0,Juventude,4-2-3-1,2025-12-07,1.0,"Neo Química Arena, São Paulo",M. Barbieri,38
Empate,RJ,0.0,17:00,,3423,Avai,,SC,,Botafogo-Rj,,2010-11-07,0.0,Ressacada,,34
Internacional,BA,0.0,20:59,,4914,Internacional,,RS,,Bahia,,2014-10-25,2.0,Estádio José Pinheiro Borda,G. Kleina,31
Athletico-Pr,BA,0.0,18:29,,4824,Athletico-Pr,C. Dos Santos Oliveira,PR,,Vitoria,,2014-09-14,2.0,Estádio Joaquim Américo Guimarães,N. Da Silveira Júnior,21
Parana,PA,2.0,20:30,,417,Parana,,PR,,Paysandu,,2003-10-09,4.0,Couto Pereira,,35
Athletico-Pr,MG,0.0,16:00,4-2-3-1,5012,Athletico-Pr,M. Mendes,PR,,Atletico-Mg,4-2-3-1,2015-05-24,1.0,Estádio Joaquim Américo Guimarães,L. Culpi,3
Botafogo-Rj,MG,0.0,21:50,,2456,Botafogo-Rj,,RJ,,Atletico-Mg,,2008-07-23,4.0,Engenhã£O,,14
Corinthians,SP,0.0,16:00,,2180,Corinthians,,SP,,Santos,,2007-09-02,2.0,Pacaembu,,23
Goias,PE,2.0,18:10,,2052,Goias,,GO,,Sport,,2007-07-07,3.0,Serra Dourada,,10
Cruzeiro,BA,0.0,18:00,,1091,Cruzeiro,,MG,,Vitoria,,2004-12-12,4.0,Mineirão,,45
Botafogo-Rj,RS,1.0,21:01,4-2-3-1,8206,Botafogo-Rj,B. Nascimento,RJ,,Internacional,4-2-3-1,2023-08-12,3.0,Estádio Nilton Santos,E. Coudet,19
Empate,RJ,0.0,21:00,4-1-4-1,5895,Athletico-Pr,F. Soares Pessoa,PR,,Botafogo-Rj,4-2-3-1,2017-07-20,0.0,Estádio Joaquim Américo Guimarães,J. Ribeiro Ventura,15
Gremio,RS,1.0,16:00,4-2-3-1,9082,Gremio,L. Castro,RS,1681037.0,Juventude,4-4-1-1,2025-10-26,3.0,"Arena Do Grêmio, Porto Alegre",M. Barbieri,30
Empate,RS,0.0,16:01,4-3-3,5273,Cruzeiro,L. Venker De Menezes,MG,,Gremio,4-2-3-1,2015-10-04,0.0,Mineirão,R. Machado Marques,29
Gremio,RS,3.0,21:00,,4369,Vasco,,RJ,,Gremio,NAN,2013-08-17,2.0,São Januário,,15
Empate,PR,3.0,18:03,4-3-3,6978,Goias,,GO,,Coritiba,4-2-3-1,2020-09-09,3.0,Estádio Da Serrinha,J. De Amorim Campos,9
Palmeiras,MG,0.0,17:00,4-2-3-1,7074,Palmeiras,A. Lopes Dos Santos,SP,,Atletico-Mg,4-1-4-1,2020-11-02,3.0,Allianz Parque,J. Sampaoli Moya,19
Santos,SP,0.0,16:00,,3741,Santos,,SP,,Palmeiras,,2011-10-09,1.0,Vila Belmiro,,28
Athletico-Pr,RS,0.0,20:30,,2000,Athletico-Pr,,PR,,Juventude,,2007-07-18,4.0,Kyocera Arena,,12
Palmeiras,GO,0.0,21:30,4-2-3-1,8253,Palmeiras,A. Moreira Ferreira,SP,,Goias,4-3-3,2023-09-15,1.0,Allianz Parque,A. Evangelista Macedo Freitas,23
Cruzeiro,MG,2.0,18:10,,2329,Vitoria,,BA,,Cruzeiro,,2008-05-10,0.0,Barradão,,1
Corinthians,GO,0.0,16:00,,933,Corinthians,,SP,,Goias,,2004-09-26,1.0,Pacaembu,,32
Internacional,RS,2.0,18:10,,1257,Paysandu,,PA,,Internacional,,2005-07-24,1.0,Mangueirão,,14
Flamengo,SP,1.0,21:00,,4425,Flamengo,,RJ,,Santos,NAN,2013-09-12,2.0,Maracanã,,20
Athletico-Pr,BA,0.0,16:00,4-2-3-1,6280,Athletico-Pr,T. Retzalff Nunes,PR,,Vitoria,4-2-3-1,2018-07-29,4.0,Estádio Joaquim Américo Guimarães,V. Carmo Mancini,16
Criciuma,RS,0.0,16:00,,657,Criciuma,,SC,,Juventude,,2004-06-13,2.0,Heriberto Hulse,,9
Empate,RJ,2.0,17:00,3-1-4-2,6441,Sao Paulo,D. Aguirre Camblor,SP,,Flamengo,4-2-3-1,2018-11-04,2.0,Morumbi,D. Silvestre Júnior,32
Internacional,SP,1.0,19:30,,3056,Internacional,,RS,,Santos,,2009-11-15,3.0,Beira Rio,,35
Empate,SP,1.0,18:31,4-4-2,5126,Joinville,,SC,,Ponte Preta,4-2-3-1,2015-07-19,1.0,Arena Joinville,A. Ferreira,14
Gremio,RS,2.0,18:30,,2944,Nautico,,PE,,Gremio,,2009-09-13,0.0,Aflitos,,24
Gremio,RS,2.0,18:30,,3336,Atletico-Mg,,MG,,Gremio,,2010-09-26,1.0,Arena Do Jacarã©,,25
Empate,RJ,0.0,18:30,,3384,Fluminense,,RJ,,Botafogo-Rj,,2010-10-17,0.0,Engenhã£O,,30
Cruzeiro,SC,0.0,19:00,,460,Cruzeiro,,MG,,Figueirense,,2003-10-25,1.0,Mineirão,,39
Coritiba,RJ,0.0,18:30,,4067,Coritiba,,PR,,Flamengo,,2012-09-08,3.0,Couto Pereira,,23
Flamengo,GO,0.0,16:31,4-4-2,7698,Flamengo,P. Carvalho De Sousa,RJ,,Goias,5-4-1,2022-05-21,1.0,Maracanã,J. Ribeiro Ventura,7
Chapecoense,SC,1.0,19:05,4-2-3-1,6114,Bahia,P. Carpegiani,BA,,Chapecoense,4-2-3-1,2017-11-26,0.0,Itaipava Arena Fonte Nova,G. Kleina,37
Internacional,RS,2.0,16:59,,4920,Santos,E. Alves Moreira,SP,,Internacional,,2014-11-02,1.0,Estádio Urbano Caldeira,A. Da Silva Braga,32
Flamengo,PR,0.0,16:00,4-2-3-1,5961,Flamengo,R. Rueda Rivera,RJ,,Athletico-Pr,4-2-3-1,2017-08-27,2.0,Luso-Brasileiro,F. Soares Pessoa,22
Empate,SP,1.0,19:30,,2827,Flamengo,,RJ,,Barueri,NAN,2009-07-22,1.0,Maracanã,,13
Empate,RS,0.0,20:02,4-2-3-1,6625,Csa,A. Fucks,AL,,Gremio,4-2-3-1,2019-07-29,0.0,Estádio Rei Pelé,,12
Palmeiras,RJ,2.0,16:00,,1182,Palmeiras,,SP,,Vasco,,2005-06-18,5.0,Parque Antártica,,8
America-Rn,PR,2.0,20:30,,2065,America-Rn,,RN,,Parana,,2007-10-04,3.0,Machadão,,29
Figueirense,PR,0.0,16:00,4-1-2-1-2,4892,Figueirense,A. Fucks,SC,,Coritiba,4-3-2-1,2014-10-19,4.0,Orlando Scarpelli,M. Dos Santos Gonçalves,29
Empate,RS,1.0,20:01,4-1-2-1-2,8598,Bahia,R. Ceni,BA,,Internacional,4-4-1-1,2024-07-27,1.0,Arena Fonte Nova,R. Machado Marques,20
Cruzeiro,SC,0.0,18:28,,4728,Cruzeiro,M. De Oliveira Santos,MG,,Figueirense,,2014-07-26,5.0,Mineirão,A. Fucks,12
Vasco,BA,1.0,19:31,4-2-3-1,8943,Vasco,F. Diniz,RJ,1091238.0,Bahia,4-1-4-1,2025-09-24,3.0,"Estádio São Januário, Rio De Janeiro",R. Ceni,16
-,SP,1.0,20:30,,795,Figueirense,,SC,,Guarani,,2004-08-04,1.0,Orlando Scarpelli,,21
Palmeiras,SP,1.0,19:30,,3318,Gremio Prudente,,SP,,Palmeiras,,2010-09-22,0.0,Prudentão,,24
Cuiaba,SP,0.0,19:00,5-4-1,8693,Cuiaba,B. Franco,MT,,Sao Paulo,4-2-3-1,2024-05-10,2.0,Arena Pantanal,L. Zubeldía,29
Sao Paulo,RS,0.0,18:15,5-3-2,7562,Sao Paulo,R. Ceni,SP,,Internacional,4-3-3,2021-10-31,1.0,Morumbi,D. Aguirre Camblor,29
Palmeiras,PE,1.0,19:30,,2058,Palmeiras,,SP,,Nautico,,2007-10-03,2.0,Parque Antártica,,29
Guarani,SC,1.0,18:30,,3208,Guarani,,SP,,Avai,,2010-08-07,4.0,Brinco De Ouro,,13
Criciuma,RJ,1.0,16:00,,440,Criciuma,,SC,,Vasco,,2003-10-19,2.0,Heriberto Hulse,,37
Ceara,PE,1.0,19:01,4-2-3-1,7593,Ceara,T. Retzalff Nunes,CE,,Sport,4-1-4-1,2021-11-14,2.0,Arena Castelão,G. Florentín,32
Vasco,RJ,1.0,18:10,,1955,America-Rn,,RN,,Vasco,,2007-05-13,0.0,Machadão,,1
Internacional,SC,0.0,11:00,4-3-3,6700,Internacional,O. Hellmann,RS,,Chapecoense,4-1-4-1,2019-09-22,1.0,Estádio José Pinheiro Borda,M. Dos Santos Gonçalves,20
Empate,RJ,0.0,19:30,4-2-3-1,6914,Fortaleza,R. Ceni,CE,,Botafogo-Rj,4-2-3-1,2020-08-16,0.0,Arena Castelão,P. Autuori De Mello,3
Cruzeiro,SP,1.0,20:32,4-2-3-1,9024,Cruzeiro,T. Tite,MG,1942715.3,Bragantino,4-4-1-1,2025-09-21,2.0,"Mineirão, Belo Horizonte",V. Mancini,24
Santos,SC,1.0,16:01,4-3-3,6622,Santos,J. Sampaoli Moya,SP,,Avai,4-1-4-1,2019-07-28,3.0,Estádio Urbano Caldeira,A. Valentim Do Carmo Neto,12
Avai,SP,0.0,19:00,4-1-4-1,7808,Avai,E. De Souza Barroca,SC,,Santos,4-2-3-1,2022-07-16,1.0,Ressacada,M. Fernandes,17
Juventude,RN,0.0,16:00,,1982,Juventude,,RS,,America-Rn,,2007-06-03,3.0,Alfredo Jaconi,,4
Empate,SP,2.0,16:01,4-1-4-1,7781,Avai,E. De Souza Barroca,SC,,Palmeiras,4-2-3-1,2022-06-26,2.0,Ressacada,A. Moreira Ferreira,14
Empate,SP,0.0,18:10,,1192,Fortaleza,,CE,,Santos,,2005-06-19,0.0,Castelão,,8
Athletico-Pr,PR,2.0,19:00,4-2-3-1,8603,Cuiaba,A. Gonçalves Teixeira,MT,,Athletico-Pr,4-3-3,2024-07-28,1.0,Arena Pantanal,M. Varini Di Zioli,20
Ponte Preta,DF,1.0,16:00,,1559,Ponte Preta,,SP,,Brasiliense,,2005-12-04,3.0,Moisés Lucarelli,,42
Ceara,CE,1.0,16:00,,3152,Atletico-Mg,,MG,,Ceara,,2010-06-06,0.0,Mineirão,,7
Botafogo-Rj,SP,1.0,16:00,,1124,Botafogo-Rj,,RJ,,Corinthians,,2005-05-01,3.0,Luso Brasileiro*(Pf),,2
Sao Paulo,RS,1.0,16:00,,3150,Sao Paulo,,SP,,Gremio,,2010-06-06,3.0,Morumbi,,7
Empate,SP,1.0,18:30,,4116,Gremio,,RS,,Santos,,2012-09-30,1.0,Olímpico,,27
Palmeiras,RS,1.0,18:30,,2907,Palmeiras,,SP,,Internacional,,2009-08-22,2.0,Palestra Itália,,21
Gremio,RJ,0.0,16:00,4-2-2-2,5385,Gremio,R. Machado Marques,RS,,Flamengo,4-2-3-1,2016-05-22,1.0,Arena Do Grêmio,J. De Almeida Filho,2
Fluminense,BA,0.0,18:30,,4410,Fluminense,,RJ,,Bahia,,2013-09-07,1.0,Maracanã,,19
Cruzeiro,RJ,2.0,16:00,,1028,Cruzeiro,,MG,,Vasco,,2004-11-07,3.0,Mineirão,,40
Empate,PR,0.0,20:30,,2042,Fluminense,,RJ,,Parana,,2007-07-03,0.0,Raulino De Oliveira,,9
Sao Paulo,RJ,0.0,16:00,,1569,Sao Paulo,,SP,,Flamengo,,2006-04-16,1.0,Morumbi,,1
Internacional,RS,1.0,16:00,,15,Coritiba,,PR,,Internacional,,2003-04-05,0.0,Couto Pereira,,2
Empate,RJ,1.0,18:00,,3646,Vasco,,RJ,,Fluminense,,2011-08-21,1.0,Engenhã£O,,18
Coritiba,PR,1.0,21:00,,4346,Gremio,,RS,,Coritiba,,2013-08-08,0.0,Arena Do Grêmio,,12
Sao Caetano,GO,0.0,16:00,,953,Sao Caetano,,SP,,Goias,,2004-10-02,2.0,Anacleto Campanella,,34
Flamengo,SP,0.0,18:10,,2305,Flamengo,,RJ,,Santos,,2007-11-11,1.0,Maracanã,,36
Palmeiras,PR,1.0,18:29,4-2-3-1,8114,Palmeiras,A. Moreira Ferreira,SP,,Coritiba,3-4-1-2,2023-06-04,3.0,Allianz Parque,A. Zago,9
Empate,SP,1.0,16:03,4-2-2-2,7903,Sao Paulo,R. Ceni,SP,,Corinthians,4-1-4-1,2022-09-11,1.0,Morumbi,V. De Oliveira Lopes Pereira,26
Ponte Preta,RS,2.0,20:30,,1425,Ponte Preta,,SP,,Juventude,,2005-10-04,3.0,Moisés Lucarelli,,30
Ceara,PR,1.0,21:00,,3566,Ceara,,CE,,Athletico-Pr,,2011-07-28,2.0,Presidente Vargas,,12
Gremio,SP,1.0,20:00,4-2-3-1,7075,Gremio,,RS,,Bragantino,4-3-3,2020-11-02,2.0,Arena Do Grêmio,M. Nogueira Barbieri,19
Coritiba,PR,2.0,16:00,,334,Figueirense,,SC,,Coritiba,,2003-08-24,1.0,Orlando Scarpelli,,28
Santos,PE,1.0,18:30,,3040,Santos,,SP,,Nautico,,2009-11-07,3.0,Pacaembu,,34
Goias,RS,0.0,16:00,,1783,Goias,,GO,,Juventude,,2006-09-03,2.0,Serra Dourada,,22
Athletico-Pr,PE,0.0,20:30,,2499,Athletico-Pr,,PR,,Nautico,,2008-08-06,2.0,Kyocera Arena,,18
Empate,GO,0.0,19:29,,4707,Gremio,E. Alves Moreira,RS,,Goias,,2014-07-16,0.0,Arena Do Grêmio,S. Drubscky De Campos,10
Gremio,RS,3.0,16:00,,626,Paysandu,,PA,,Gremio,,2004-05-22,1.0,Mangueirão,,7
Atletico-Mg,MG,2.0,21:31,4-2-3-1,6522,Vasco,M. Gomes Valadares,RJ,,Atletico-Mg,4-1-4-1,2019-05-01,1.0,Estã¡Dio Vasco Da Gama,R. Marques Santana,2
Palmeiras,BA,0.0,21:00,4-2-3-1,6178,Palmeiras,R. Machado Marques,SP,,Bahia,4-2-3-1,2018-05-19,3.0,Allianz Parque,A. Ferreira,6
Santos,RJ,0.0,16:02,4-3-3,6540,Santos,J. Sampaoli Moya,SP,,Vasco,3-4-3,2019-05-12,3.0,Estádio Municipal Paulo Machado De Carvalho,M. Gomes Valadares,4
Atletico-Go,GO,3.0,17:00,4-2-3-1,7186,Botafogo-Rj,E. De Souza Barroca,RJ,,Atletico-Go,4-2-3-1,2021-01-20,1.0,Estádio Nilton Santos,M. Ribeiro Cabo,31
Ceara,CE,1.0,16:01,3-4-1-2,9112,Corinthians,D. Junior,SP,2881918.0,Ceara,4-2-3-1,2025-09-11,0.0,"Neo Química Arena, São Paulo",M. Mozart,33
Internacional,RS,3.0,10:13,4-2-3-1,6197,Vitoria,V. Carmo Mancini,BA,,Internacional,4-2-3-1,2018-05-30,2.0,Barradão,,8
Santos,RS,1.0,16:00,4-2-3-1,7031,Santos,A. Stival,SP,,Gremio,4-1-4-1,2020-10-11,2.0,Estádio Urbano Caldeira,Renato Gaúcho,15
Sao Paulo,SP,2.0,21:30,4-1-4-1,7363,Internacional,D. Aguirre Camblor,RS,,Sao Paulo,3-1-4-2,2021-07-07,0.0,Estádio José Pinheiro Borda,H. Crespo,10
Fortaleza,CE,2.0,16:00,,1385,Brasiliense,,DF,,Fortaleza,,2005-09-18,0.0,Boca Do Jacaré,,26
Flamengo,RJ,0.0,18:30,,2974,Flamengo,,RJ,,Fluminense,,2009-10-04,2.0,Maracanã,,27
Flamengo,PR,2.0,19:30,4-2-3-1,5158,Flamengo,C. Borges Dos Santos,RJ,,Athletico-Pr,4-2-3-1,2015-08-12,3.0,Maracanã,M. Mendes,18
Empate,SP,0.0,16:00,,4503,Sao Paulo,,SP,,Corinthians,,2013-10-13,0.0,Morumbi,,28
Parana,MG,0.0,16:01,4-1-4-1,6260,Parana,Ademir Fesan,PR,,America-Mg,4-3-3,2018-07-22,1.0,Vila Capanema,S. Drubscky De Campos,14
Fortaleza,PR,0.0,18:30,3-4-1-2,8164,Fortaleza,J. Vojvoda,CE,,Athletico-Pr,3-4-2-1,2023-07-09,1.0,Arena Castelão,W. Carvalho,14
Fortaleza,CE,2.0,20:31,4-1-4-1,7957,America-Mg,V. Carmo Mancini,MG,,Fortaleza,4-4-2,2022-10-15,1.0,Estádio Raimundo Sampaio,J. Vojvoda,32
Atletico-Go,GO,2.0,18:00,,3648,America-Mg,,MG,,Atletico-Go,,2011-08-27,1.0,Arena  Do  Jacaré,,19
Fortaleza,BA,0.0,16:00,,368,Fortaleza,,CE,,Vitoria,,2003-09-21,1.0,Plácido Castelo,,31
Empate,RJ,0.0,21:45,4-2-3-1,6201,Gremio,Renato Gaúcho,RS,,Fluminense,5-4-1,2018-05-30,0.0,Arena Do Grêmio,A. Da Silva Braga,8
Gremio,RS,3.0,21:32,4-2-3-1,8399,Fluminense,F. Diniz Silva,RJ,,Gremio,,2023-12-06,2.0,Maracanã,Renato Gaúcho,38
Empate,RJ,0.0,18:10,,2165,Sport,,PE,,Vasco,,2007-08-26,0.0,Ilha Do Retiro,,21
Palmeiras,SP,2.0,16:00,,2393,Vasco,,RJ,,Palmeiras,,2008-06-22,0.0,São Januário,,7
Ponte Preta,PR,1.0,21:00,,3929,Ponte Preta,,SP,,Coritiba,,2012-07-14,4.0,Moisés Lucarelli,,9
Juventude,RJ,0.0,22:00,,1771,Juventude,,RS,,Flamengo,,2006-08-30,1.0,Alfredo Jaconi,,21
Palmeiras,SC,0.0,16:00,4-2-3-1,8660,Palmeiras,A. Moreira Ferreira,SP,,Criciuma,4-1-2-1-2,2024-09-15,5.0,Allianz Parque,C. Tencati,26
Empate,CE,0.0,21:00,,3124,Goias,,GO,,Ceara,,2010-05-27,0.0,Serra Dourada,,4
Empate,SP,1.0,18:30,4-2-3-1,8038,Cuiaba,I. Abreu Vieira,MT,,Bragantino,4-3-3,2023-04-22,1.0,Arena Pantanal,P. Faria Caixinha,2
Empate,SP,1.0,16:00,3-4-2-1,8319,Athletico-Pr,W. Carvalho,PR,,Sao Paulo,,2023-10-29,1.0,Ligga Arena,,30
Empate,MG,1.0,16:19,,4907,Figueirense,A. Fucks,SC,,Cruzeiro,,2014-10-25,1.0,Orlando Scarpelli,M. De Oliveira Santos,31
Palmeiras,SP,5.0,18:31,4-2-3-1,8064,Goias,E. Rodrigues De Ávila,GO,,Palmeiras,3-4-2-1,2023-05-07,0.0,Estádio Hailé Pinheiro - Serrinha,A. Moreira Ferreira,4
Flamengo,RJ,1.0,16:00,,2271,America-Rn,,RN,,Flamengo,,2007-10-28,0.0,Machadão,,33
Fluminense,BA,0.0,18:30,,623,Fluminense,,RJ,,Vitoria,,2004-05-16,1.0,Maracanã,,6
Vitoria,PR,0.0,18:30,,3149,Vitoria,,BA,,Athletico-Pr,,2010-06-05,1.0,Barradão,,7
Palmeiras,RS,0.0,16:00,4-2-3-1,6412,Palmeiras,L. Scolari,SP,,Gremio,4-2-3-1,2018-10-14,2.0,Estádio Municipal Paulo Machado De Carvalho,,29
Goias,MG,0.0,21:30,5-3-2,7219,Goias,G. Ramos Da Silva,GO,,Atletico-Mg,3-5-2,2021-02-03,1.0,Estádio Da Serrinha,J. Sampaoli Moya,34
Cruzeiro,MG,3.0,16:00,,511,Parana,,PR,,Cruzeiro,,2003-11-23,1.0,Pinheirão,,43
Coritiba,PR,1.0,21:00,4-2-3-1,5768,Vitoria,D. Petkovic,BA,,Coritiba,4-3-3,2017-05-27,0.0,Itaipava Arena Fonte Nova,E. Pacheco,3
Botafogo-Rj,SP,2.0,17:00,,3060,Botafogo-Rj,,RJ,,Sao Paulo,,2009-11-22,3.0,Engenhão,,36
Goias,RS,0.0,18:00,,592,Goias,,GO,,Gremio,,2004-05-01,4.0,Serra Dourada,,4
Empate,PR,1.0,16:00,,101,Internacional,,RS,,Athletico-Pr,,2003-05-18,1.0,Beira Rio,,9
America-Mg,RJ,0.0,16:00,4-2-3-1,6181,America-Mg,E. Alves Moreira,MG,,Botafogo-Rj,4-1-4-1,2018-05-20,1.0,Estádio Raimundo Sampaio,A. Valentim Do Carmo Neto,6
Flamengo,MG,0.0,16:00,,4700,Flamengo,V. Luxemburgo Da Silva,RJ,,Cruzeiro,,2014-10-12,3.0,Maracanã,M. De Oliveira Santos,28
Coritiba,RS,0.0,16:00,,304,Coritiba,,PR,,Juventude,,2003-08-16,1.0,Couto Pereira,,26
Corinthians,SP,2.0,16:00,,76,Fortaleza,,CE,,Corinthians,,2003-05-04,1.0,Castelão,,7
Internacional,SC,1.0,18:30,,2746,Internacional,,RS,,Avai,NAN,2009-05-31,2.0,Beira Rio,,4
Palmeiras,SP,1.0,19:31,4-3-3,6918,Athletico-Pr,D. Silvestre Júnior,PR,,Palmeiras,4-2-3-1,2020-08-19,0.0,Estádio Joaquim Américo Guimarães,V. Luxemburgo Da Silva,4
Palmeiras,MG,1.0,18:30,,2765,Palmeiras,,SP,,Cruzeiro,,2009-05-31,3.0,Palestra Itália,,6
Corinthians,MG,1.0,11:06,4-3-1-2,8736,Corinthians,R. Díaz,SP,,Cruzeiro,4-2-3-1,2024-11-20,2.0,Neo Química Arena,F. Diniz Silva,34
Bahia,RS,0.0,19:32,,4976,Bahia,C. Fabian,BA,,Gremio,,2014-11-30,1.0,Itaipava Arena Fonte Nova,L. Scolari,37
Empate,PE,0.0,21:01,4-2-3-1,5465,Sao Paulo,E. Bauza,SP,,Sport,4-2-3-1,2016-06-23,0.0,Morumbi,O. De Oliveira Filho,10
Empate,RJ,0.0,16:01,4-2-3-1,8999,Santos,J. Vojvoda,SP,738351.62,Fluminense,4-2-3-1,2025-08-31,0.0,"Estádio Urbano Caldeira, Santos",L. Luis Zubeldia,22
Sport,BA,0.0,20:59,4-3-3,7605,Sport,,PE,,Bahia,4-2-3-1,2021-11-18,1.0,Arena De Pernambuco,A. Ferreira,33
Cruzeiro,SP,0.0,21:47,4-2-3-1,6202,Cruzeiro,L. Venker De Menezes,MG,,Palmeiras,4-2-3-1,2018-05-30,1.0,Mineirão,R. Machado Marques,8
Empate,SP,2.0,19:00,4-3-3,8476,Atletico-Go,J. Ribeiro Ventura,GO,,Corinthians,4-3-3,2024-06-11,2.0,Estádio Antônio Accioly - Atlético Goianiense,A. Cardoso De Oliveira,8
Parana,SP,0.0,18:10,,1744,Parana,,PR,,Sao Caetano,,2006-08-20,1.0,Pinheirão,,18
Criciuma,PR,0.0,18:00,,347,Criciuma,,SC,,Athletico-Pr,,2003-08-31,2.0,Heriberto Hulse,,29
Bahia,BA,2.0,18:30,,4623,Figueirense,V. Eutrópio,SC,,Bahia,,2014-04-27,0.0,Arena Barueri,M. Dos Santos Gonçalves,2
Bahia,PR,1.0,21:30,4-3-3,7324,Bahia,L. Cavalcanti,BA,,Athletico-Pr,5-4-1,2021-06-24,2.0,Estádio De Pituaçu,A. Cardoso De Oliveira,6
Goias,MG,2.0,21:45,,2130,Goias,,GO,,Atletico-Mg,,2007-08-08,3.0,Serra Dourada,,18
Fluminense,SP,0.0,16:00,,1069,Fluminense,,RJ,,Ponte Preta,,2004-12-04,1.0,Raulino De Oliveira,,44
Corinthians,SP,1.0,21:50,,3531,Bahia,,BA,,Corinthians,,2011-06-29,0.0,Pituaçu,,7
Vasco,SP,0.0,21:00,,4049,Vasco,,RJ,,Portuguesa,,2012-01-09,2.0,São Januário,,21
Athletico-Pr,PR,2.0,16:01,4-2-3-1,8457,Palmeiras,A. Moreira Ferreira,SP,,Athletico-Pr,4-2-3-1,2024-05-12,0.0,Arena Barueri,A. Stival,6
Cruzeiro,MG,4.0,19:30,4-2-3-1,5458,Ponte Preta,E. Baptista,SP,,Cruzeiro,4-3-2-1,2016-06-22,0.0,Moisés Lucarelli,P. Gomes Bento,10
Empate,PA,2.0,16:00,,4,Goias,,GO,,Paysandu,,2003-03-30,2.0,Serra Dourada,,1
Gremio,RJ,0.0,15:59,4-2-3-1,5783,Gremio,Renato Gaúcho,RS,,Vasco,,2017-06-04,2.0,Arena Do Grêmio,M. Mendes,4
Empate,MG,0.0,16:02,4-2-2-2,5154,Goias,J. Camargo,GO,,Atletico-Mg,4-2-3-1,2015-08-09,0.0,Estádio Do Governo Do Estado De Goiás (Serra Dourada),L. Culpi,17
Santos,SP,3.0,19:33,3-4-2-1,9121,Juventude,M. Barbieri,RS,685680.0,Santos,4-2-3-1,2025-12-03,0.0,"Alfredo Jaconi, Caxias Do Sul",J. Vojvoda,37
Empate,SC,0.0,18:30,4-2-3-1,5376,Internacional,A. Fucks,RS,,Chapecoense,4-3-3,2016-05-15,0.0,Estádio José Pinheiro Borda,A. Ferreira,1
Mirassol,BA,1.0,18:30,4-3-3,9002,Mirassol,R. Guanaes,SP,140580.0,Bahia,,2025-08-31,5.0,"Campos Maia, Mirassol",R. Ceni,22
Bahia,CE,2.0,20:59,4-2-3-1,7446,Bahia,D. Dabove,BA,,Fortaleza,3-4-3,2021-09-04,4.0,Estádio De Pituaçu,J. Vojvoda,19
Santos,SP,2.0,16:00,,291,Parana,,PR,,Santos,,2003-08-09,1.0,Couto Pereira,,25
Internacional,SP,1.0,18:10,,1210,Internacional,,RS,,Sao Caetano,,2005-07-03,2.0,Beira Rio,,10
Empate,RJ,0.0,21:30,4-4-2,6741,Cruzeiro,A. Da Silva Braga,MG,,Fluminense,4-1-4-1,2019-10-09,0.0,Mineirão,M. De Oliveira,24
Cruzeiro,MG,1.0,18:00,,4542,Santos,,SP,,Cruzeiro,,2013-11-03,0.0,Vila Belmiro,,32
Internacional,PR,0.0,16:00,,734,Internacional,,RS,,Athletico-Pr,,2004-07-17,6.0,Beira Rio,,16
Santos,SP,2.0,20:00,4-2-3-1,8330,Flamengo,A. Bacchi,RJ,,Santos,4-1-2-1-2,2023-11-01,1.0,Arena Brb Mané Garrincha,M. Fernandes,31
Sao Paulo,RS,0.0,20:30,,2038,Sao Paulo,,SP,,Internacional,,2007-07-03,1.0,Morumbi,,9
Gremio,RS,1.0,21:45,4-2-3-1,5921,Atletico-Go,J. P. Sanches,GO,,Gremio,4-1-4-1,2017-08-02,0.0,Estádio Olímpico Pedro Ludovico Teixeira,Renato Gaúcho,18
Goias,GO,1.0,16:30,,7866,Atletico-Mg,A. Stival,MG,,Goias,,2022-08-20,0.0,Mineirão,J. Ribeiro Ventura,23
Goias,RJ,1.0,19:30,,1768,Goias,,GO,,Fluminense,,2006-08-30,3.0,Serra Dourada,,21
Corinthians,SP,2.0,19:16,4-3-3,6958,Goias,T. Mendes Larghi,GO,,Corinthians,4-2-3-1,2020-09-02,1.0,Estádio Da Serrinha,T. Retzalff Nunes,7
Corinthians,RJ,1.0,21:50,,3540,Corinthians,,SP,,Vasco,,2011-07-06,2.0,Pacaembu,,8
Bahia,SP,0.0,18:01,4-1-4-1,6063,Bahia,P. Carpegiani,BA,,Ponte Preta,4-1-4-1,2017-05-11,2.0,Itaipava Arena Fonte Nova,E. Baptista,32
Cruzeiro,MG,3.0,22:50,,4563,Vitoria,,BA,,Cruzeiro,,2013-11-13,1.0,Barradão,,34
Fortaleza,SP,1.0,18:32,4-3-3,8948,Fortaleza,T. Carpini,CE,346249.0,Bragantino,4-2-3-1,2025-07-26,3.0,"Arena Castelão, Fortaleza",V. Mancini,17
Palmeiras,RS,1.0,18:30,,8515,Palmeiras,A. Moreira Ferreira,SP,,Juventude,4-2-3-1,2024-06-23,3.0,Allianz Parque,R. Machado Marques,11
Santos,SP,7.0,21:40,,451,Bahia,,BA,,Santos,,2003-10-22,4.0,Fonte Nova,,38
Mirassol,CE,0.0,20:16,,9143,Mirassol,R. Guanaes,SP,127820.0,Ceara,,2025-11-24,3.0,"Campos Maia, Mirassol",M. Mozart,35
Palmeiras,SP,2.0,17:00,,2650,Santos,,SP,,Palmeiras,,2008-11-02,1.0,Vila Belmiro,,33
Gremio,CE,1.0,16:00,,135,Gremio,,RS,,Fortaleza,,2003-06-07,3.0,Olímpico,,12
Internacional,RS,2.0,18:10,,1778,Flamengo,,RJ,,Internacional,,2006-09-02,1.0,Maracanã,,22
Fortaleza,RS,0.0,18:00,4-2-3-1,7853,Fortaleza,J. Vojvoda,CE,,Internacional,4-2-3-1,2022-08-07,3.0,Arena Castelão,L. Venker De Menezes,21
Athletico-Pr,PE,0.0,17:00,,2652,Athletico-Pr,,PR,,Sport,,2008-11-02,1.0,Kyocera Arena,,33
Santos,SP,1.0,18:30,4-2-3-1,8882,Vitoria,J. Ventura,BA,888117.0,Santos,4-2-3-1,2025-05-25,0.0,"Barradão, Salvador",J. Vojvoda,10
Botafogo-Rj,RJ,3.0,18:31,4-4-2,8991,Juventude,Thiago Carpini Barbosa,RS,429260.0,Botafogo-Rj,4-2-3-1,2025-08-24,1.0,"Alfredo Jaconi, Caxias Do Sul",Davide Ancelotti,21
Botafogo-Rj,MG,1.0,18:10,,1544,Botafogo-Rj,,RJ,,Cruzeiro,,2005-11-20,2.0,Luso Brasileiro,,40
Empate,RS,1.0,22:00,,4063,Sao Paulo,,SP,,Internacional,,2012-09-05,1.0,Morumbi,,22
Empate,GO,0.0,18:59,4-1-4-1,7598,America-Mg,M. Dos Santos Gonçalves,MG,,Atletico-Go,4-2-3-1,2021-11-17,0.0,Estádio Raimundo Sampaio,M. Ribeiro Cabo,33
Nautico,PR,0.0,18:10,,2227,Nautico,,PE,,Athletico-Pr,,2007-09-29,5.0,Aflitos,,28
Corinthians,SP,0.0,18:15,4-2-3-1,7133,Corinthians,V. Carmo Mancini,SP,,Sao Paulo,4-4-2,2020-12-13,1.0,Neo Química Arena,F. Diniz Silva,25
Fluminense,PE,0.0,16:00,,4784,Fluminense,C. Borges Dos Santos,RJ,,Sport,,2014-08-24,4.0,Maracanã,E. Baptista,17
Fluminense,RJ,2.0,18:10,,2225,Botafogo-Rj,,RJ,,Fluminense,,2007-09-23,0.0,Maracanã,,27
Flamengo,RS,0.0,19:30,,4899,Flamengo,V. Luxemburgo Da Silva,RJ,,Internacional,,2014-10-22,2.0,Maracanã,A. Da Silva Braga,30
Csa,AL,1.0,21:30,4-2-3-1,6855,Cruzeiro,A. Da Silva Braga,MG,,Csa,4-2-3-1,2019-11-28,0.0,Mineirão,A. Fucks,35
Criciuma,SC,0.0,15:59,,4631,Criciuma,W. Lopes,SC,,Figueirense,,2014-05-04,1.0,Estádio Heriberto Hülse,A. Ferreira,3
Gremio,RS,3.0,21:00,4-3-3,6699,Santos,J. Sampaoli Moya,SP,,Gremio,4-2-3-1,2019-09-21,0.0,Estã¡Dio Urbano Caldeira,Renato Gaúcho,20
Vitoria,BA,5.0,18:30,,4465,Athletico-Pr,,PR,,Vitoria,NAN,2013-09-29,3.0,Vila Capanema,,24
Empate,SP,1.0,16:00,,736,Vitoria,,BA,,Corinthians,,2004-07-17,1.0,Barradão,,16
Gremio,RS,1.0,16:00,,3483,Athletico-Pr,,PR,,Gremio,,2011-05-29,0.0,Arena Da Baixada,,2
Figueirense,SP,1.0,18:10,,1579,Figueirense,,SC,,Palmeiras,,2006-04-22,6.0,Orlando Scarpelli,,2
Atletico-Mg,MG,2.0,16:30,,5059,Flamengo,C. Borges Dos Santos,RJ,,Atletico-Mg,4-1-4-1,2015-06-20,0.0,Maracanã,L. Culpi,8
Coritiba,PR,3.0,16:00,,2890,Fluminense,,RJ,,Coritiba,,2009-08-16,1.0,Maracanã,,19
Parana,RJ,0.0,16:00,,331,Parana,,PR,,Fluminense,,2003-08-24,2.0,Willie Davids,,28
Empate,BA,1.0,18:30,,4314,Coritiba,,PR,,Vitoria,,2013-07-28,1.0,Couto Pereira,,9
Gremio,PR,0.0,18:15,4-3-3,7252,Gremio,Renato Gaúcho,RS,,Athletico-Pr,4-2-2-2,2021-02-21,1.0,Arena Do Grêmio,A. Cardoso De Oliveira,37
Empate,SP,1.0,16:02,3-4-1-2,7703,Corinthians,V. De Oliveira Lopes Pereira,SP,,Sao Paulo,3-4-3,2022-05-22,1.0,Neo Química Arena,R. Ceni,7
Nautico,GO,0.0,18:30,,4110,Nautico,,PE,,Atletico-Go,,2012-09-29,2.0,Aflitos,,27
Fluminense,RJ,3.0,18:30,,3034,Cruzeiro,,MG,,Fluminense,,2009-11-01,2.0,Mineirão,,33
Nautico,RJ,1.0,00:00,,2206,Nautico,,PE,,Botafogo-Rj,,2007-09-09,4.0,Aflitos,,25
Fluminense,RJ,2.0,19:30,,4077,Portuguesa,,SP,,Fluminense,,2012-09-12,0.0,Canindé,,24
Empate,RJ,0.0,16:00,,1371,Santos,,SP,,Flamengo,,2005-09-11,0.0,Vila Belmiro,,25
Figueirense,SP,1.0,21:45,,583,Figueirense,,SC,,Santos,,2004-04-28,2.0,Orlando Scarpelli,,3
Fortaleza,SP,0.0,21:30,4-2-3-1,8599,Fortaleza,J. Vojvoda,CE,,Sao Paulo,4-4-2,2024-07-27,1.0,Arena Castelão,L. Zubeldía,20
Vasco,MG,1.0,16:00,,1318,Vasco,,RJ,,Atletico-Mg,,2005-08-14,2.0,São Januário,,20
Flamengo,SP,1.0,18:30,4-2-3-1,8968,Flamengo,F. Luís,RJ,4289937.5,Mirassol,4-2-3-1,2025-08-09,2.0,"Maracanã, Rio De Janeiro",R. Guanaes,19
Vasco,SP,0.0,16:00,4-1-4-1,6659,Vasco,V. Luxemburgo Da Silva,RJ,,Sao Paulo,4-1-4-1,2019-08-25,2.0,Estádio Vasco Da Gama,A. Stival,16
Vasco,RS,0.0,16:00,4-1-4-1,8200,Vasco,R. Díaz,RJ,,Gremio,4-2-3-1,2023-08-06,1.0,Estádio São Januário,Renato Gaúcho,18
Goias,GO,2.0,20:30,,1457,Brasiliense,,DF,,Goias,,2005-10-21,1.0,Boca Do Jacaré,,33
Empate,PE,1.0,20:30,,2639,Internacional,,RS,,Nautico,,2008-10-29,1.0,Beira Rio,,32
Gremio,RS,1.0,17:02,,4931,Gremio,L. Scolari,RS,,Internacional,,2014-11-09,4.0,Arena Do Grêmio,A. Da Silva Braga,33
Empate,RJ,1.0,16:00,4-2-3-1,5770,Athletico-Pr,,PR,,Flamengo,4-2-3-1,2017-05-28,1.0,Estádio Joaquim Américo Guimarães,J. Mannarino,3
Santos,MG,0.0,21:31,4-2-3-1,8824,Santos,J. Vojvoda,SP,712568.75,Atletico-Mg,4-2-3-1,2025-04-16,2.0,"Estádio Urbano Caldeira, Santos",J. Sampaoli,4
Goias,GO,3.0,18:30,,3328,Sao Paulo,,SP,,Goias,,2010-09-25,0.0,Morumbi,,25
America-Mg,SC,0.0,21:01,4-2-3-1,7612,America-Mg,,MG,,Chapecoense,4-3-3,2021-11-30,3.0,Estádio Raimundo Sampaio,F. Paiva Endres,35
Bahia,SP,1.0,18:30,4-3-3,8886,Bahia,R. Ceni,BA,1512747.0,Sao  Paulo,4-5-1,2025-05-31,2.0,"Arena Fonte Nova, Salvador",H. Crespo,11
Flamengo,RJ,2.0,17:00,4-2-3-1,6697,Cruzeiro,R. Ceni,MG,,Flamengo,4-2-3-1,2019-09-21,1.0,Mineirão,J. Pinheiro De Jesus,20
Ceara,SP,1.0,20:29,4-2-3-1,7034,Ceara,A. Ferreira,CE,,Corinthians,4-4-2,2020-10-11,2.0,Arena Castelã£O,Coelho,15
Empate,CE,0.0,18:10,,1201,Athletico-Pr,,PR,,Fortaleza,,2005-06-26,0.0,Couto Pereira*(Pf),,9
Sport,SP,1.0,17:04,4-2-3-1,6501,Sport,M. Mendes,PE,,Santos,4-2-3-1,2018-02-12,2.0,Adelmar Da Costa Carvalho,A. Stival,38
Atletico-Mg,RJ,0.0,15:59,4-2-3-1,7768,Atletico-Mg,A. Mohamed Matijevich,MG,,Flamengo,4-2-3-1,2022-06-19,2.0,Mineirão,D. Silvestre Júnior,13
Athletico-Pr,PR,3.0,20:30,,796,Sao Caetano,,SP,,Athletico-Pr,,2004-08-04,0.0,Anacleto Campanella,,21
Empate,SP,0.0,20:30,3-5-2,7253,Goias,A. César,GO,,Bragantino,4-3-3,2021-02-21,0.0,Estádio Da Serrinha,M. Nogueira Barbieri,37
Empate,RJ,0.0,18:30,,3205,Flamengo,,RJ,,Vasco,,2010-08-01,0.0,Maracanã,,12
Empate,RJ,0.0,18:10,,2475,Flamengo,,RJ,,Botafogo-Rj,,2008-07-27,0.0,Maracanã,,15
Empate,SP,1.0,18:31,4-3-3,8527,Cuiaba,A. Gonçalves Teixeira,MT,,Bragantino,4-2-3-1,2024-06-29,1.0,Arena Pantanal,P. Faria Caixinha,13
Empate,RJ,1.0,21:00,4-3-3,6404,Botafogo-Rj,,RJ,,Vasco,4-2-3-1,2018-10-09,1.0,Estádio Nilton Santos,A. Valentim Do Carmo Neto,28
Vasco,RJ,1.0,16:20,,4122,Atletico-Go,,GO,,Vasco,,2012-10-06,0.0,Serra Dourada,,28
Fortaleza,RS,0.0,19:30,,1259,Fortaleza,,CE,,Juventude,,2005-07-27,2.0,Castelão,,15
Santos,SP,2.0,18:30,,3108,Atletico-Go,,GO,,Santos,,2010-05-22,1.0,Serra Dourada,,3
Atletico-Mg,CE,2.0,20:59,3-4-2-1,7780,Atletico-Mg,A. Mohamed Matijevich,MG,,Fortaleza,3-4-3,2022-06-25,3.0,Mineirão,G. Liendo,14
Empate,SP,1.0,16:00,4-2-3-1,6183,Sport,C. Dos Santos Oliveira,PE,,Corinthians,4-2-3-1,2018-05-20,1.0,Arena De Pernambuco,F. Carille,6
Bragantino,SP,3.0,20:00,,8294,Santos,,SP,,Bragantino,4-3-3,2023-10-19,1.0,Estádio Urbano Caldeira,P. Faria Caixinha,27
Empate,RS,2.0,18:30,,4227,Vitoria,,BA,,Internacional,,2013-05-25,2.0,Fonte Nova,,1
Goias,GO,3.0,16:00,,145,Fluminense,,RJ,,Goias,,2003-06-14,2.0,Maracanã,,13
Sao Caetano,SC,0.0,16:00,,604,Sao Caetano,,SP,,Criciuma,,2004-05-08,5.0,Anacleto Campanella,,5
Corinthians,SP,4.0,16:00,,5291,Athletico-Pr,C. Borges Dos Santos,PR,,Corinthians,4-2-3-1,2015-10-18,1.0,Estádio Joaquim Américo Guimarães,A. Bacchi,31
Empate,RJ,1.0,22:00,,1731,Figueirense,,SC,,Flamengo,NAN,2006-08-16,1.0,Orlando Scarpelli,,17
Cruzeiro,SP,1.0,19:30,,1627,Cruzeiro,,MG,,Ponte Preta,,2006-05-24,5.0,Mineirão,,7
Joinville,RJ,1.0,15:59,4-3-2-1,5182,Joinville,P. Lopes De Gusmão,SC,,Fluminense,4-2-3-1,2015-08-23,2.0,Arena Joinville,E. Alves Moreira,20
Athletico-Pr,PR,2.0,18:30,4-3-3,8184,Vasco,,RJ,,Athletico-Pr,3-4-2-1,2023-07-23,0.0,Estádio São Januário,W. Carvalho,16
Empate,SP,0.0,16:00,,3233,Guarani,,SP,,Palmeiras,,2010-08-22,0.0,Brinco De Ouro,,15
Cruzeiro,CE,0.0,19:15,4-2-3-1,6519,Cruzeiro,L. Venker De Menezes,MG,,Ceara,4-2-3-1,2019-05-01,1.0,Mineirão,E. Alves Moreira,2
Ponte Preta,SC,0.0,19:31,4-2-3-1,5309,Ponte Preta,F. Moreira,SP,,Joinville,4-3-2-1,2015-10-31,1.0,Moisés Lucarelli,P. Lopes De Gusmão,33
Empate,SC,1.0,18:10,,2516,Internacional,,RS,,Figueirense,,2008-08-10,1.0,Beira Rio,,19
Fluminense,PR,0.0,19:00,,2203,Fluminense,,RJ,,Athletico-Pr,,2007-09-09,2.0,Maracanã,,25
Gremio,SP,2.0,17:00,,3071,Gremio,,RS,,Barueri,,2009-11-29,4.0,Olímpico,,37
Empate,RS,2.0,19:30,,3419,Atletico-Go,,GO,,Internacional,,2010-11-06,2.0,Serra Dourada,,34
Santos,PR,0.0,18:10,,1357,Santos,,SP,,Coritiba,,2005-08-28,2.0,Vila Belmiro,,23
Empate,RJ,1.0,16:00,,1177,Santos,,SP,,Fluminense,,2005-06-12,1.0,Vila Belmiro,,7
Gremio,RS,1.0,19:29,4-2-3-1,5648,Vitoria,A. Fucks,BA,,Gremio,4-2-3-1,2016-10-05,0.0,Itaipava Arena Fonte Nova,Renato Gaúcho,29
Sao Paulo,SP,2.0,16:00,4-2-3-1,5232,Gremio,R. Machado Marques,RS,,Sao Paulo,4-1-4-1,2015-09-13,1.0,Arena Do Grêmio,J. Osorio,25
Atletico-Mg,MG,1.0,18:30,,3913,Gremio,,RS,,Atletico-Mg,,2012-07-01,0.0,Olímpico,,7
Empate,PE,2.0,20:01,4-1-4-1,5727,America-Mg,E. Alves Moreira,MG,,Sport,,2016-11-26,2.0,Estádio Raimundo Sampaio,D. Pollo Barioni,37
Figueirense,SC,1.0,18:30,4-2-3-1,5187,Vasco,J. De Amorim Campos,RJ,,Figueirense,4-3-2-1,2015-08-29,0.0,Maracanã,R. Rodrigues Simões,21
Santos,SP,2.0,21:00,,4391,Fluminense,,RJ,,Santos,,2013-08-31,0.0,Maracanã,,17
Atletico-Mg,RS,0.0,19:00,4-2-3-1,7547,Atletico-Mg,A. Stival,MG,,Juventude,5-4-1,2021-11-20,2.0,Mineirão,J. Ribeiro Ventura,34
Internacional,RS,5.0,16:00,,2103,Sport,,PE,,Internacional,,2007-07-29,1.0,Ilha Do Retiro,,15
Empate,BA,0.0,19:30,4-2-3-1,9117,Palmeiras,A. Ferreira,SP,2632317.0,Vitoria,3-4-2-1,2025-11-19,0.0,"Allianz Parque, São Paulo",J. Ventura,37
Ceara,RJ,0.0,16:02,4-2-3-1,7561,Ceara,T. Retzalff Nunes,CE,,Fluminense,4-2-3-1,2021-10-31,1.0,Arena Castelão,M. De Oliveira,29
Empate,SP,2.0,18:30,,2745,Barueri,,SP,,Palmeiras,NAN,2009-05-31,2.0,Arena Barueri,,4
Guarani,RJ,2.0,16:00,,1,Guarani,,SP,,Vasco,,2003-03-29,4.0,Brinco De Ouro,,1
Atletico-Mg,RS,1.0,21:00,,6999,Atletico-Mg,J. Sampaoli Moya,MG,,Gremio,4-2-3-1,2020-09-26,3.0,Mineirão,Renato Gaúcho,12
Figueirense,SP,0.0,16:00,,544,Figueirense,,SC,,Guarani,,2003-12-13,2.0,Orlando Scarpelli,,46
Cruzeiro,MG,4.0,16:00,,350,Athletico-Pr,,PR,,Cruzeiro,,2003-09-13,1.0,Arena Da Baixada,,30
Sao Paulo,RS,0.0,19:10,,2656,Sao Paulo,,SP,,Internacional,,2008-11-02,3.0,Morumbi,,33
Empate,SP,1.0,21:00,,4341,Flamengo,,RJ,,Portuguesa,,2013-08-07,10.0,Mané Garrincha,,12
Vitoria,RJ,0.0,16:00,,2511,Vitoria,,BA,,Vasco,,2008-08-10,5.0,Barradão,,19
Internacional,GO,0.0,20:29,4-3-3,6920,Internacional,E. Coudet,RS,,Atletico-Go,4-3-3,2020-08-19,3.0,Estádio José Pinheiro Borda,V. Carmo Mancini,4
Cruzeiro,MG,2.0,20:59,4-4-1-1,5595,America-Mg,,MG,,Cruzeiro,4-2-3-1,2016-08-09,0.0,Estádio Raimundo Sampaio,L. Venker De Menezes,23
Goias,RS,0.0,19:30,,4397,Goias,,GO,,Gremio,,2013-09-03,2.0,Serra Dourada,,18
Palmeiras,SP,0.0,16:30,4-2-3-1,7706,Palmeiras,A. Moreira Ferreira,SP,,Bragantino,4-2-3-1,2022-05-14,2.0,Allianz Parque,M. Nogueira Barbieri,6
Vitoria,PR,0.0,21:00,4-2-3-1,6247,Vitoria,V. Carmo Mancini,BA,,Parana,,2018-07-18,1.0,Barradão,Ademir Fesan,13
Figueirense,SC,1.0,21:01,4-2-3-1,5329,Ponte Preta,F. Moreira,SP,,Figueirense,4-2-4-0,2015-11-18,0.0,Moisés Lucarelli,H. Coutinho,35
Cruzeiro,MG,2.0,17:00,,3449,Flamengo,,RJ,,Cruzeiro,,2010-11-28,1.0,Raulino De Oliveira,,37
Corinthians,BA,0.0,18:00,,131,Corinthians,,SP,,Vitoria,,2003-06-01,4.0,Pacaembu,,11
Empate,SP,2.0,18:30,,3106,Athletico-Pr,,PR,,Guarani,,2010-05-16,2.0,Arena Da Baixada,,2
Palmeiras,SP,1.0,19:30,,4877,Botafogo-Rj,V. Carmo Mancini,RJ,,Palmeiras,,2014-08-10,0.0,Maracanã,D. Silvestre Júnior,27
Vitoria,RS,0.0,16:00,4-2-3-1,5422,Vitoria,V. Carmo Mancini,BA,,Internacional,4-2-3-1,2016-06-05,1.0,Barradão,A. Fucks,6
-,RS,1.0,21:00,4-2-3-1,6730,Cruzeiro,A. Da Silva Braga,MG,,Internacional,4-3-3,2019-10-05,1.0,Mineirão,O. Hellmann,23
Gremio,RS,3.0,19:01,5-3-2,8617,Cuiaba,A. Gonçalves Teixeira,MT,,Gremio,,2024-08-10,1.0,Arena Pantanal,Renato Gaúcho,22
Fluminense,SP,0.0,20:30,4-1-4-1,9149,Fluminense,L. Luis Zubeldia,RJ,1216940.0,Sao Paulo,3-4-1-2,2025-11-27,6.0,"Maracanã, Rio De Janeiro",H. Crespo,36
Botafogo-Rj,RJ,2.0,19:01,4-2-3-1,6582,Csa,M. Ribeiro Cabo,AL,,Botafogo-Rj,4-1-4-1,2019-06-09,1.0,Estádio Rei Pelé,E. De Souza Barroca,8
Athletico-Pr,MG,0.0,19:29,,4924,Athletico-Pr,C. Dos Santos Oliveira,PR,,Atletico-Mg,,2014-11-02,1.0,Estádio Joaquim Américo Guimarães,L. Culpi,32
Empate,SP,1.0,16:00,,649,Fluminense,,RJ,,Guarani,,2004-12-06,1.0,Raulino De Oliveira,,9
Coritiba,PR,1.0,18:30,,2772,Nautico,,PE,,Coritiba,,2009-06-20,0.0,Aflitos,,7
Bahia,PR,0.0,17:59,4-2-3-1,7187,Bahia,L. Cavalcanti,BA,,Athletico-Pr,4-2-3-1,2021-01-20,1.0,Itaipava Arena Fonte Nova,P. Autuori De Mello,31
Cruzeiro,MG,3.0,16:00,,594,Santos,,SP,,Cruzeiro,,2004-05-02,1.0,Vila Belmiro,,4
Empate,SC,1.0,18:30,,4738,Sao Paulo,,SP,,Criciuma,,2014-08-02,1.0,Morumbi,W. Lopes,13
Fluminense,SP,0.0,19:00,4-3-3,7304,Fluminense,R. Machado Marques,RJ,,Santos,4-2-3-1,2021-06-17,1.0,Maracanã,F. Diniz Silva,4
Vitoria,SP,2.0,17:00,,762,Vitoria,,BA,,Guarani,,2004-07-24,3.0,Barradão,,18
Empate,RJ,1.0,16:03,,4697,Corinthians,L. Venker De Menezes,SP,,Botafogo-Rj,,2014-06-01,1.0,Neo Química Arena,V. Carmo Mancini,28
Empate,RS,0.0,16:30,,7367,Gremio,L. Scolari,RS,,Internacional,4-1-4-1,2021-07-10,0.0,Arena Do Grêmio,D. Aguirre Camblor,11
Empate,RS,1.0,21:30,4-2-3-1,6901,Ceara,A. Ferreira,CE,,Gremio,4-2-3-1,2020-08-12,1.0,Arena Castelão,Renato Gaúcho,2
Flamengo,RS,0.0,18:30,4-2-2-2,8124,Flamengo,J. Sampaoli Moya,RJ,,Gremio,5-4-1,2023-06-11,3.0,Maracanã,Renato Gaúcho,10
Empate,SP,0.0,18:10,,1576,Goias,,GO,,Santos,,2006-04-16,0.0,Serra Dourada,,1
Empate,SP,2.0,16:01,4-2-3-1,5145,Flamengo,C. Borges Dos Santos,RJ,,Santos,4-2-3-1,2015-08-02,2.0,Maracanã,D. Silvestre Júnior,16
Cruzeiro,MG,2.0,15:58,,4612,Bahia,M. Dos Santos Gonçalves,BA,,Cruzeiro,,2014-04-20,1.0,Itaipava Arena Fonte Nova,M. De Oliveira Santos,1
Empate,RS,1.0,18:10,,1624,Ponte Preta,,SP,,Gremio,,2006-05-21,1.0,Moisés Lucarelli,,6
Athletico-Pr,RJ,0.0,16:00,,2241,Athletico-Pr,,PR,,Vasco,,2007-10-07,1.0,Kyocera Arena,,30
Botafogo-Rj,RS,1.0,16:00,,3522,Botafogo-Rj,,RJ,,Gremio,,2011-06-26,2.0,Engenhão,,6
Ponte Preta,SP,0.0,18:30,,4163,Ponte Preta,,SP,,Santos,,2012-10-21,1.0,Moisés Lucarelli,,32
Chapecoense,SC,1.0,20:00,4-3-3,6455,Santos,A. Stival,SP,,Chapecoense,4-2-3-1,2018-11-12,0.0,Estádio Municipal Paulo Machado De Carvalho,C. Dos Santos Oliveira,33
Gremio,SP,0.0,16:00,,266,Gremio,,RS,,Santos,,2003-08-02,2.0,Olímpico,,23
Empate,RJ,2.0,21:00,,3185,Palmeiras,,SP,,Botafogo-Rj,,2010-07-22,2.0,Pacaembu,,10
Corinthians,PR,1.0,21:02,4-1-4-1,7947,Corinthians,V. De Oliveira Lopes Pereira,SP,,Athletico-Pr,4-2-3-1,2022-10-08,2.0,Neo Química Arena,L. Scolari,31
Internacional,PR,0.0,19:30,,3537,Internacional,,RS,,Athletico-Pr,,2011-07-06,1.0,Beira Rio,,8
Atletico-Mg,BA,0.0,19:30,,4357,Atletico-Mg,,MG,,Bahia,,2013-08-14,2.0,Independência,,14
Fluminense,RJ,2.0,19:00,4-4-1-1,6057,Botafogo-Rj,J. Ribeiro Ventura,RJ,,Fluminense,4-2-3-1,2017-11-04,1.0,Estádio Nilton Santos,,32
Coritiba,BA,0.0,20:58,,4770,Coritiba,C. Juarez Roth,PR,,Vitoria,,2014-08-20,2.0,Couto Pereira,J. Da Silva,16
Empate,CE,0.0,19:00,3-4-3,7044,Vasco,R. Andrade Silva Sá Pinto,RJ,,Fortaleza,4-4-2,2020-11-19,0.0,Estádio  Vasco  Da  Gama,M. Oliveira Chamusca,16
Criciuma,SC,1.0,16:00,,189,Fortaleza,,CE,,Criciuma,NAN,2003-07-06,0.0,Presidente Vargas,,16
Empate,RJ,0.0,16:03,4-2-3-1,5092,Sao Paulo,J. Osorio,SP,,Fluminense,4-3-2-1,2015-07-05,0.0,Morumbi,E. Alves Moreira,11
Figueirense,SC,2.0,20:30,,317,Athletico-Pr,,PR,,Figueirense,,2003-08-20,1.0,Arena Da Baixada,,27
Gremio,SP,0.0,17:04,4-2-3-1,6499,Gremio,Renato Gaúcho,RS,,Corinthians,4-2-3-1,2018-12-02,1.0,Arena Do Grêmio,,38
Juventude,PR,0.0,16:00,,1122,Juventude,,RS,,Athletico-Pr,,2005-05-01,1.0,Alfredo Jaconi,,2
Gremio,MT,0.0,18:30,4-2-3-1,8428,Gremio,Renato Gaúcho,RS,,Cuiaba,5-4-1,2024-04-20,1.0,Arena Do Grêmio,L. Iubel,3
Sao Paulo,MG,0.0,21:50,,4441,Sao Paulo,,SP,,Atletico-Mg,,2013-09-18,1.0,Morumbi,,22
Empate,PA,0.0,16:00,,1072,Atletico-Mg,,MG,,Paysandu,,2004-12-04,0.0,Ipatingão,,44
Sao Paulo,PE,0.0,17:00,4-2-3-1,5307,Sao Paulo,,SP,,Sport,,2015-10-31,3.0,Morumbi,Falcao,33
Empate,RS,1.0,21:30,4-2-3-1,6427,Vasco,A. Valentim Do Carmo Neto,RJ,,Internacional,4-2-3-1,2018-10-26,1.0,Estádio Vasco Da Gama,O. Hellmann,31
Mirassol,SP,2.0,18:30,4-2-3-1,9079,Sport,C. De Lucena,PE,,Mirassol,4-3-3,2025-10-25,1.0,"Adelmar Da Costa Carvalho, Recife",R. Guanaes,30
Empate,SP,1.0,16:00,,103,Cruzeiro,,MG,,Corinthians,,2003-05-18,1.0,Mineirão,,9
Empate,RS,1.0,21:00,,3470,Santos,,SP,,Internacional,,2011-05-21,1.0,Vila Belmiro,,1
Empate,RJ,2.0,19:02,4-2-3-1,6127,Vitoria,V. Carmo Mancini,BA,,Flamengo,4-1-4-1,2018-04-14,2.0,Barradão,M. Nogueira Barbieri,1
Empate,SC,0.0,18:20,,2589,Atletico-Mg,,MG,,Figueirense,,2008-09-27,0.0,Mineirão,,27
Empate,SP,1.0,21:00,,3949,Corinthians,,SP,,Portuguesa,,2012-07-21,1.0,Pacaembu,,11
Empate,SC,2.0,18:00,,3688,America-Mg,,MG,,Avai,,2011-09-10,2.0,Arena Do Jacaré,,23
Empate,RJ,1.0,17:00,,3838,Vasco,,RJ,,Flamengo,,2011-12-04,1.0,Engenhão,,38
Empate,PR,2.0,16:00,,2933,Goias,,GO,,Coritiba,,2009-09-06,2.0,Serra Dourada,,23
Corinthians,PR,0.0,20:30,,1283,Corinthians,,SP,,Coritiba,,2005-08-03,3.0,Pacaembu,,17
Palmeiras,RS,0.0,16:59,4-2-3-1,5702,Palmeiras,A. Stival,SP,,Internacional,4-2-3-1,2016-11-06,1.0,Allianz Parque,C. Juarez Roth,34
Vasco,RJ,0.0,21:33,4-2-3-1,8620,Vasco,C. De Paiva,RJ,,Fluminense,4-2-3-1,2024-08-10,2.0,Estádio Nilton Santos,L. Venker De Menezes,22
Empate,SP,1.0,18:00,,3726,Atletico-Go,,GO,,Palmeiras,,2011-09-25,1.0,Serra Dourada,,26
Empate,SP,0.0,17:00,,2693,Vitoria,,BA,,Palmeiras,,2008-11-30,0.0,Barradão,,37
Ipatinga,BA,0.0,16:00,,2363,Ipatinga,,MG,,Vitoria,,2008-06-01,2.0,Ipatingão,,4
Flamengo,SP,0.0,16:00,4-2-2-2,8093,Flamengo,J. Sampaoli Moya,RJ,,Corinthians,4-4-2,2023-05-21,1.0,Maracanã,V. Luxemburgo Da Silva,7
Gremio,BA,0.0,11:00,4-4-2,8579,Gremio,Renato Gaúcho,RS,,Vitoria,3-4-3,2024-07-21,2.0,Estádio Francisco Stédile | Centenário,T. Carpini Barbosa,18
Empate,RS,3.0,21:00,,2866,Santos,,SP,,Internacional,,2009-08-26,3.0,Vila Belmiro,,16
Vitoria,PR,1.0,19:30,,2898,Vitoria,,BA,,Athletico-Pr,,2009-08-19,2.0,Barradão,,20
Atletico-Mg,RJ,0.0,21:59,,4943,Atletico-Mg,L. Culpi,MG,,Flamengo,NAN,2014-11-19,4.0,Estádio Raimundo Sampaio,,35
Corinthians,SP,2.0,16:31,4-3-2-1,5497,Chapecoense,L. Saroli Caio Júnior,SC,,Corinthians,4-2-3-1,2016-07-09,0.0,Arena Condá,C. Borges Dos Santos,14
Empate,SP,2.0,16:00,,9,Cruzeiro,,MG,,Sao Caetano,,2003-03-30,2.0,Mineirão,,1
Fluminense,RJ,2.0,21:50,,3683,Cruzeiro,,MG,,Fluminense,,2011-09-07,1.0,Parque Do Sabiá,,22
Sao Paulo,CE,1.0,17:02,4-1-4-1,6727,Sao Paulo,F. Diniz Silva,SP,,Fortaleza,4-2-3-1,2019-10-05,2.0,Estádio Municipal Paulo Machado De Carvalho,R. Ceni,23
Ponte Preta,BA,0.0,19:30,4-1-4-1,5662,Ponte Preta,E. Baptista,SP,,Vitoria,,2016-10-13,2.0,Moisés Lucarelli,A. Fucks,30
Internacional,BA,0.0,18:31,,4608,Internacional,A. Da Silva Braga,RS,,Vitoria,,2014-04-19,1.0,Estádio José Pinheiro Borda,N. Da Silveira Júnior,1
Coritiba,PE,2.0,11:04,4-2-3-1,5431,Coritiba,E. Pacheco,PR,,Sport,4-2-3-1,2016-06-12,3.0,Couto Pereira,O. De Oliveira Filho,7
Internacional,SP,0.0,16:00,,568,Internacional,,RS,,Palmeiras,,2004-04-25,1.0,Beira Rio,,2
Botafogo-Rj,RJ,1.0,19:00,,8711,Bragantino,P. Faria Caixinha,SP,,Botafogo-Rj,4-2-3-1,2024-10-26,0.0,Nabizão,A. Torres Gomes Araújo Amorim,31
Empate,SP,1.0,18:10,,1796,Fortaleza,,CE,,Santos,,2006-09-10,1.0,Castelão,,23
Empate,PR,1.0,19:00,4-2-3-1,8496,Botafogo-Rj,A. Torres Gomes Araújo Amorim,RJ,,Athletico-Pr,4-2-3-1,2024-06-19,1.0,Estádio Nilton Santos,D. D. S. Cerqueira,10
Santos,RJ,0.0,16:29,4-3-3,6428,Santos,A. Stival,SP,,Fluminense,4-3-1-2,2018-10-27,3.0,Estádio Urbano Caldeira,M. De Oliveira Santos,31
Empate,RS,1.0,17:01,4-2-3-1,6451,Ceara,L. Cirne Lima De Lorenzi,CE,,Internacional,4-4-1-1,2018-11-11,1.0,Arena Castelão,O. Hellmann,33
Empate,SC,1.0,15:11,4-3-3,6721,Athletico-Pr,T. Retzalff Nunes,PR,,Chapecoense,4-3-3,2019-09-29,1.0,Estádio Joaquim Américo Guimarães,M. Dos Santos Gonçalves,22
Paysandu,SP,0.0,16:00,,668,Paysandu,,PA,,Sao Paulo,,2004-06-20,1.0,Mangueirão,,10
Goias,RS,0.0,19:00,4-2-3-1,7999,Goias,J. Ribeiro Ventura,GO,,Juventude,4-2-3-1,2022-11-05,1.0,Estádio Da Serrinha,C. Juarez Roth,36
Ceara,SP,0.0,20:31,4-2-3-1,9054,Ceara,,CE,425775.0,Santos,4-2-3-1,2025-10-05,3.0,"Arena Castelão, Fortaleza",J. Vojvoda,27
Corinthians,CE,1.0,16:00,4-3-3,7420,Corinthians,S. Campos Junior,SP,,Ceara,4-2-3-1,2021-08-15,3.0,Neo Química Arena,A. Ferreira,16
Flamengo,MG,0.0,16:00,,4329,Flamengo,,RJ,,Atletico-Mg,,2013-08-04,3.0,Mané Garrincha,,11
Empate,SP,3.0,21:00,,2748,Santo Andre,,SP,,Santos,,2009-06-04,3.0,Bruno José Daniel,,5
Santos,SP,2.0,19:30,4-2-3-1,5826,Vitoria,A. Tadeu Gallo,BA,,Santos,4-2-3-1,2017-06-21,0.0,Barradão,L. Culpi,9
Corinthians,RJ,0.0,16:01,4-3-3,8440,Corinthians,,SP,,Fluminense,4-2-3-1,2024-04-28,3.0,Neo Química Arena,F. Diniz Silva,4
Corinthians,PR,0.0,19:00,4-2-3-1,6327,Corinthians,O. Loss,SP,,Parana,,2018-08-25,1.0,Neo Química Arena,,21
Fluminense,MG,0.0,17:01,4-3-3,7553,Fluminense,M. De Oliveira,RJ,,America-Mg,4-1-4-1,2021-11-21,2.0,Maracanã,M. Dos Santos Gonçalves,34
Athletico-Pr,BA,1.0,16:01,4-1-4-1,5840,Athletico-Pr,E. Baptista,PR,,Vitoria,4-2-3-1,2017-06-25,4.0,Estádio Joaquim Américo Guimarães,,10
Palmeiras,SP,4.0,16:01,4-2-3-1,5820,Bahia,J. De Amorim Campos,BA,,Palmeiras,4-2-3-1,2017-06-18,2.0,Itaipava Arena Fonte Nova,A. Stival,8
Athletico-Pr,PR,2.0,20:59,,4958,Bahia,C. Fabian,BA,,Athletico-Pr,,2014-11-22,1.0,Itaipava Arena Fonte Nova,C. Dos Santos Oliveira,36
Empate,MG,1.0,17:00,,4192,Vasco,,RJ,,Atletico-Mg,,2012-11-11,1.0,São Januário,,35
Vasco,PR,1.0,20:30,,1497,Vasco,,RJ,,Athletico-Pr,,2005-11-03,2.0,São Januário,,36
Botafogo-Rj,RJ,1.0,20:00,4-2-3-1,7795,Bragantino,M. Nogueira Barbieri,SP,,Botafogo-Rj,3-4-1-2,2022-07-04,0.0,Nabizão,L. Castro,15
Fortaleza,CE,3.0,19:30,,1727,Ponte Preta,,SP,,Fortaleza,,2006-08-16,1.0,Moisés Lucarelli,,17
Figueirense,SP,0.0,22:00,,4062,Figueirense,,SC,,Corinthians,,2012-09-05,1.0,Orlando Scarpelli,,22
Flamengo,RJ,1.0,18:00,,48,Flamengo,,RJ,,Fluminense,,2003-04-13,4.0,Maracanã,,3
Empate,SP,2.0,18:30,,4256,Nautico,,PE,,Portuguesa,,2013-06-02,,Aflitos,,3
Chapecoense,MG,1.0,16:00,4-3-2-1,5383,Chapecoense,A. Ferreira,SC,,America-Mg,3-4-2-1,2016-05-22,3.0,Arena Condá,G. De Oliveira,2
Santos,SP,1.0,21:45,,1395,Santos,,SP,,Palmeiras,,2005-09-21,2.0,Vila Belmiro,,27
Empate,SP,0.0,15:59,4-3-3,7412,Santos,F. Diniz Silva,SP,,Corinthians,4-1-4-1,2021-08-08,0.0,Estádio Urbano Caldeira,S. Campos Junior,15
Flamengo,RJ,2.0,21:50,,3991,Figueirense,,SC,,Flamengo,,2012-08-08,0.0,Orlando Scarpelli,,15
Atletico-Mg,MG,2.0,16:31,4-1-4-1,5642,Ponte Preta,E. Baptista,SP,,Atletico-Mg,4-2-3-1,2016-10-01,1.0,Moisã©S Lucarelli,M. De Oliveira Santos,28
Empate,SP,1.0,21:46,4-2-3-1,5393,Coritiba,E. Pacheco,PR,,Sao Paulo,4-2-3-1,2016-05-25,1.0,Couto Pereira,E. Bauza,3
Vasco,RS,0.0,18:30,,3547,Vasco,,RJ,,Internacional,,2011-07-09,2.0,São Januário,,9
Empate,RS,1.0,20:30,,578,Coritiba,,PR,,Internacional,,2004-04-28,1.0,Couto Pereira,,3
Sao Paulo,RJ,0.0,15:59,,4611,Sao Paulo,M. Ramalho,SP,,Botafogo-Rj,,2014-04-20,3.0,Morumbi,V. Carmo Mancini,1
Sao Paulo,SP,1.0,18:10,,1984,Parana,,PR,,Sao Paulo,NAN,2007-06-03,0.0,Durival De Brito,,4
Empate,MG,1.0,19:02,4-3-3,5764,Sport,N. Da Silveira Júnior,PE,,Cruzeiro,4-2-3-1,2017-05-21,1.0,Adelmar Da Costa Carvalho,L. Venker De Menezes,2
Empate,SP,2.0,18:00,,863,Vitoria,,BA,,Palmeiras,,2004-08-22,2.0,Barradão,,26
Empate,GO,1.0,17:00,,1480,Fortaleza,,CE,,Goias,,2005-10-29,1.0,Castelão,,35
Empate,SP,1.0,16:00,3-4-2-1,6152,Fluminense,A. Da Silva Braga,RJ,,Sao Paulo,,2018-04-29,1.0,Maracanã,D. Aguirre Camblor,3
Vasco,SC,0.0,19:00,,3818,Vasco,,RJ,,Avai,,2011-11-19,2.0,São Januário,,36
Palmeiras,SP,1.0,19:01,4-2-3-1,7166,Sport,J. Ribeiro Ventura,PE,,Palmeiras,3-4-2-1,2021-01-09,0.0,Adelmar Da Costa Carvalho,A. Moreira Ferreira,29
Goias,RJ,0.0,18:00,,4540,Goias,,GO,,Botafogo-Rj,,2013-11-03,1.0,Serra Dourada,,32
Internacional,BA,1.0,16:00,4-2-3-1,6393,Internacional,O. Hellmann,RS,,Vitoria,4-1-4-1,2018-09-30,2.0,Estádio José Pinheiro Borda,,27
Empate,RJ,0.0,21:30,,9137,Palmeiras,,SP,2986721.8,Fluminense,4-2-3-1,2025-11-22,0.0,"Allianz Parque, São Paulo",L. Luis Zubeldia,35
Atletico-Mg,MG,2.0,18:30,,2936,Santo Andre,,SP,,Atletico-Mg,,2009-09-06,1.0,Bruno José Daniel,,23
Empate,SC,0.0,20:30,,766,Palmeiras,,SP,,Figueirense,,2004-07-24,0.0,Parque Antártica,,18
Palmeiras,SP,1.0,16:00,,3651,Palmeiras,,SP,,Corinthians,,2011-08-28,2.0,Prudentão,,19
Sport,PE,2.0,17:00,4-2-3-1,6106,Fluminense,A. Da Silva Braga,RJ,,Sport,4-2-3-1,2017-11-25,1.0,Maracanã,D. Pollo Barioni,37
Athletico-Pr,PR,2.0,11:11,4-1-4-1,6765,Fluminense,,RJ,,Athletico-Pr,4-4-2,2019-10-17,1.0,Maracanã,T. Retzalff Nunes,26
Figueirense,SC,2.0,21:00,,3609,Atletico-Mg,,MG,,Figueirense,,2011-08-06,1.0,Ipatingão,,15
Empate,PA,1.0,16:00,,639,Figueirense,,SC,,Paysandu,,2004-05-29,1.0,Orlando Scarpelli,,8
Parana,GO,1.0,20:30,,36,Parana,,PR,,Goias,,2003-04-17,3.0,Pinheirão,,4
Vasco,RJ,1.0,20:00,3-4-1-2,8175,America-Mg,F. Bustos,MG,,Vasco,4-3-3,2023-09-25,0.0,Estádio Raimundo Sampaio,R. Díaz,15
Vasco,RJ,2.0,16:01,4-2-3-1,5123,Fluminense,E. Alves Moreira,RJ,,Vasco,4-2-3-1,2015-07-19,1.0,Maracanã,C. Juarez Roth,14
Fortaleza,SP,1.0,16:00,,1207,Fortaleza,,CE,,Corinthians,,2005-07-03,2.0,Castelão,,10
Gremio,SC,0.0,19:00,,6474,Gremio,Renato Gaúcho,RS,,Chapecoense,4-2-3-1,2018-11-18,2.0,Arena Do Grêmio,C. Dos Santos Oliveira,35
Vasco,MG,1.0,20:30,,2485,Vasco,,RJ,,Atletico-Mg,,2008-07-31,6.0,São Januário,,16
Empate,RS,0.0,16:01,4-3-3,6559,Santos,J. Sampaoli Moya,SP,,Internacional,,2019-05-26,0.0,Estádio Urbano Caldeira,O. Hellmann,6
Avai,SC,1.0,19:30,,3078,Nautico,,PE,,Avai,,2009-12-05,0.0,Aflitos,,38
Flamengo,RJ,2.0,17:00,,3051,Nautico,,PE,,Flamengo,,2009-11-15,0.0,Aflitos,,35
Atletico-Mg,RJ,1.0,19:30,,3430,Atletico-Mg,,MG,,Flamengo,,2010-11-13,4.0,Arena Do Jacaré,,35
Palmeiras,SP,1.0,17:01,4-2-3-1,6490,Vasco,A. Valentim Do Carmo Neto,RJ,,Palmeiras,4-2-3-1,2018-11-25,0.0,Estádio Vasco Da Gama,L. Scolari,37
Internacional,SP,0.0,18:30,,3354,Internacional,,RS,,Guarani,,2010-10-02,3.0,Beira Rio,,27
Empate,SP,1.0,21:00,,3545,America-Mg,,MG,,Palmeiras,,2011-07-07,1.0,Arena Do Jacaré,,8
Bahia,SP,0.0,21:31,,8130,Bahia,R. Alves Paiva,BA,,Palmeiras,4-2-3-1,2023-06-21,1.0,Itaipava Arena Fonte Nova,A. Moreira Ferreira,11
Fluminense,RJ,3.0,22:00,,2532,Nautico,,PE,,Fluminense,,2008-08-20,1.0,Aflitos,,21
Empate,SP,1.0,20:30,,972,Botafogo-Rj,,RJ,,Sao Caetano,,2004-10-07,1.0,Caio Martins,,35
Athletico-Pr,PR,2.0,16:00,4-2-3-1,7207,Ceara,A. Ferreira,CE,,Athletico-Pr,4-4-2,2021-01-31,0.0,Arena Castelão,P. Autuori De Mello,33
Empate,SP,1.0,20:00,,7453,Internacional,D. Aguirre Camblor,RS,,Bragantino,4-4-2,2021-10-21,1.0,Estádio José Pinheiro Borda,M. Nogueira Barbieri,19
Empate,SP,2.0,16:00,,2152,Juventude,,RS,,Corinthians,,2007-08-19,2.0,Alfredo Jaconi,,20
Sao Paulo,SP,3.0,19:00,4-2-3-1,6195,America-Mg,E. Alves Moreira,MG,,Sao Paulo,4-4-1-1,2018-05-27,1.0,Estádio Raimundo Sampaio,D. Aguirre Camblor,7
Cruzeiro,GO,1.0,20:00,,2073,Cruzeiro,,MG,,Goias,NAN,2007-07-14,2.0,Mineirão,,11
Palmeiras,SP,3.0,16:04,4-2-3-1,9158,Ceara,M. Mozart,CE,1088883.0,Palmeiras,4-4-2,2025-12-07,1.0,"Arena Castelão, Fortaleza",A. Ferreira,38
Empate,SP,1.0,16:00,,2471,Gremio,,RS,,Palmeiras,,2008-07-27,1.0,Olímpico,,15
Cruzeiro,SP,0.0,16:01,4-2-3-1,5749,Cruzeiro,L. Venker De Menezes,MG,,Sao Paulo,,2017-05-14,1.0,Mineirão,R. Ceni,1
Ponte Preta,RJ,2.0,20:30,,743,Ponte Preta,,SP,,Vasco,,2004-07-17,3.0,Moisés Lucarelli,,16
Empate,RJ,1.0,16:00,,2541,Internacional,,RS,,Flamengo,,2008-08-24,1.0,Beira Rio,,22
Corinthians,SP,2.0,22:00,,3301,Fluminense,,RJ,,Corinthians,,2010-09-15,1.0,Engenhão,,22
Empate,BA,0.0,16:00,,2992,Santos,,SP,,Vitoria,,2009-10-12,0.0,Pacaembu,,29
Empate,MG,2.0,19:16,4-2-3-1,6756,Csa,A. Fucks,AL,,Atletico-Mg,4-1-4-1,2019-10-16,2.0,Estádio Rei Pelé,V. Carmo Mancini,26
Vasco,RS,1.0,18:30,,3856,Vasco,,RJ,,Gremio,,2012-05-20,2.0,São Januário,,1
Athletico-Pr,MG,1.0,19:30,,3300,Athletico-Pr,,PR,,Atletico-Mg,,2010-09-15,2.0,Arena Da Baixada,,22
Empate,RS,2.0,18:00,,3769,America-Mg,,MG,,Gremio,,2011-10-22,2.0,Arena Do Jacaré,,31
Atletico-Mg,MG,3.0,16:01,4-2-3-1,6321,Botafogo-Rj,J. Mannarino,RJ,,Atletico-Mg,4-2-3-1,2018-08-19,0.0,Estádio Nilton Santos,T. Mendes Larghi,19
Athletico-Pr,MG,0.0,16:00,,1462,Athletico-Pr,,PR,,Atletico-Mg,,2005-10-22,2.0,Arena Da Baixada,,33
Corinthians,SP,1.0,19:01,4-2-3-1,8714,Cuiaba,B. Franco,MT,,Corinthians,4-3-1-2,2024-10-28,0.0,Arena Pantanal,R. Díaz,31
Empate,GO,1.0,16:00,,3692,Ceara,,CE,,Atletico-Go,,2011-09-11,1.0,Presidente Vargas,,23
Empate,RJ,2.0,18:30,,3488,Ceara,,CE,,Botafogo-Rj,,2011-06-04,2.0,Presidente Vargas,,3
Sao Paulo,SP,1.0,16:00,,2861,Vitoria,,BA,,Sao Paulo,,2009-08-02,0.0,Barradão,,16
Flamengo,SP,0.0,16:00,,1852,Flamengo,,RJ,,Corinthians,,2006-10-15,3.0,Maracanã,,29
Internacional,RS,2.0,16:33,,4978,Figueirense,A. Fucks,SC,,Internacional,,2014-12-06,1.0,Orlando Scarpelli,,38
Empate,PR,1.0,18:10,,1185,Flamengo,,RJ,,Athletico-Pr,,2005-06-18,1.0,Luso Brasileiro,,8
Flamengo,SP,0.0,18:00,,4581,Flamengo,,RJ,,Corinthians,,2013-11-24,1.0,Maracanã,,36
Empate,MG,2.0,17:02,4-2-3-1,6108,Corinthians,F. Carille,SP,,Atletico-Mg,4-2-3-1,2017-11-26,2.0,Neo Química Arena,O. De Oliveira Filho,37
Empate,PR,1.0,21:02,,4941,Vitoria,N. Da Silveira Júnior,BA,,Coritiba,,2014-11-19,1.0,Barradão,M. Dos Santos Gonçalves,35
Empate,SP,1.0,16:02,,4643,Sao Paulo,M. Ramalho,SP,,Corinthians,NAN,2014-05-11,1.0,Arena Barueri,L. Venker De Menezes,4
Cruzeiro,SP,1.0,17:00,,2702,Cruzeiro,,MG,,Portuguesa,,2008-12-07,4.0,Mineirão,,38
Goias,PE,0.0,16:00,,2523,Goias,,GO,,Nautico,,2008-08-17,3.0,Serra Dourada,,20
Empate,RS,2.0,11:01,4-2-3-1,7799,Coritiba,G. Morínigo,PR,,Juventude,4-4-2,2022-07-10,2.0,Couto Pereira,U. Louzer Filho,16
Bahia,RS,1.0,19:00,4-2-3-1,7616,Bahia,A. Ferreira,BA,,Gremio,4-2-3-1,2021-11-26,3.0,Itaipava Arena Fonte Nova,V. Carmo Mancini,36
Sao Paulo,SP,2.0,20:30,,891,Parana,,PR,,Sao Paulo,,2004-09-08,0.0,Pinheirão,,29
Sao Paulo,MG,0.0,16:00,,4101,Sao Paulo,,SP,,Cruzeiro,,2012-09-23,1.0,Morumbi,,26
Figueirense,RJ,0.0,19:30,,3599,Figueirense,,SC,,Botafogo-Rj,,2011-08-03,2.0,Orlando Scarpelli,,14
Empate,BA,2.0,20:30,,587,Palmeiras,,SP,,Vitoria,,2004-04-29,2.0,Parque Antártica,,3
Sao Paulo,SP,2.0,22:00,,4711,Bahia,M. Dos Santos Gonçalves,BA,,Sao Paulo,,2014-07-16,0.0,Itaipava Arena Fonte Nova,M. Ramalho,10
Empate,RJ,0.0,19:00,4-2-3-1,6583,Fluminense,F. Diniz Silva,RJ,,Flamengo,4-2-3-1,2019-06-09,0.0,Maracanã,M. Salles,8
Cruzeiro,RS,0.0,16:01,4-2-3-1,8932,Cruzeiro,T. Tite,MG,3567004.98,Juventude,4-2-3-1,2025-07-20,4.0,"Mineirão, Belo Horizonte",M. Barbieri,15
Flamengo,SC,1.0,20:03,4-2-3-1,6875,Flamengo,J. Pinheiro De Jesus,RJ,,Avai,5-4-1,2019-12-05,6.0,Maracanã,,37
Atletico-Mg,BA,0.0,18:00,,336,Atletico-Mg,,MG,,Bahia,,2003-08-24,1.0,Mineirão,,28
Empate,RJ,1.0,18:30,,3848,Sport,,PE,,Flamengo,,2012-05-19,1.0,Ilha Do Retiro,,1
Empate,SP,1.0,16:00,,3210,Goias,,GO,,Palmeiras,,2010-08-08,1.0,Serra Dourada,,13
Empate,PE,0.0,17:00,,2302,Athletico-Pr,,PR,,Sport,,2007-11-11,0.0,Kyocera Arena,,36
Gremio,SP,0.0,18:30,,4390,Gremio,,RS,,Ponte Preta,,2013-08-31,1.0,Arena Do Grêmio,,17
Flamengo,RJ,3.0,19:00,5-4-1,7509,Fortaleza,J. Vojvoda,CE,,Flamengo,4-2-3-1,2021-10-09,0.0,Arena Castelão,Renato Gaúcho,25
Nautico,SP,1.0,16:20,,4123,Nautico,,PE,,Corinthians,,2012-10-06,2.0,Aflitos,,28
Sao Paulo,RS,0.0,18:10,,2304,Sao Paulo,,SP,,Gremio,,2007-11-11,1.0,Morumbi,,36
Palmeiras,PE,1.0,17:00,,5681,Palmeiras,A. Stival,SP,,Sport,4-2-3-1,2016-10-23,2.0,Allianz Parque,D. Pollo Barioni,32
Vasco,GO,4.0,18:00,,24,Vasco,,RJ,,Goias,,2003-04-06,6.0,São Januário,,2
Parana,CE,0.0,19:30,,1810,Parana,,PR,,Fortaleza,,2006-09-20,2.0,Durival De Brito,,25
Internacional,RS,0.0,20:00,4-4-1-1,7884,Internacional,S. Lobo,RS,,Juventude,4-1-4-1,2022-08-29,4.0,Estádio José Pinheiro Borda,U. Louzer Filho,24
Flamengo,SP,0.0,20:30,,2056,Flamengo,,RJ,,Sao Paulo,,2007-10-04,1.0,Maracanã,,10
Empate,PR,1.0,18:32,,4765,Sport,E. Baptista,PE,,Athletico-Pr,,2014-08-17,1.0,Adelmar Da Costa Carvalho,D. Ghidoni Junior,15
Empate,RJ,3.0,16:00,,2910,Corinthians,,SP,,Botafogo-Rj,,2009-08-23,3.0,Pacaembu,,21
Empate,RJ,2.0,20:30,,382,Figueirense,,SC,,Fluminense,,2003-09-25,2.0,Orlando Scarpelli,,32
Empate,SC,1.0,21:01,,4830,Figueirense,A. Fucks,SC,,Criciuma,,2014-09-17,1.0,Orlando Scarpelli,G. Dal Pozzo,22
Sao Paulo,MG,1.0,18:32,,4688,Sao Paulo,M. Ramalho,SP,,Atletico-Mg,,2014-05-31,2.0,Morumbi,L. Culpi,9
Gremio,PR,0.0,21:00,,5834,Gremio,Renato Gaúcho,RS,,Coritiba,4-3-3,2017-06-22,2.0,Arena Do Grêmio,E. Pacheco,9
Santos,SP,1.0,18:10,,1609,Santos,,SP,,Ponte Preta,,2006-05-13,3.0,Vila Belmiro,,5
Empate,PR,2.0,17:00,,790,Vitoria,,BA,,Coritiba,,2004-08-01,2.0,Barradão,,20
Bragantino,PE,0.0,20:31,4-2-3-1,7052,Bragantino,M. Nogueira Barbieri,SP,,Sport,4-2-3-1,2020-10-18,2.0,Nabizão,J. Ribeiro Ventura,17
Empate,SP,0.0,21:50,,3711,Sao Paulo,,SP,,Corinthians,,2011-09-21,0.0,Morumbi,,25
Coritiba,PR,2.0,16:00,,3012,Coritiba,,PR,,Athletico-Pr,,2009-10-25,3.0,Couto Pereira,,31
Empate,RJ,1.0,18:30,,4316,Flamengo,,RJ,,Botafogo-Rj,NAN,2013-07-28,1.0,Maracanã,,9
Empate,RS,0.0,16:00,,6182,Parana,Ademir Fesan,PR,,Gremio,4-2-3-1,2018-05-20,0.0,Vila Capanema,Renato Gaúcho,6
Empate,MG,1.0,15:59,4-3-2-1,5580,Gremio,R. Machado Marques,RS,,Atletico-Mg,4-2-2-2,2016-08-28,1.0,Arena Do Grêmio,,22
Empate,RJ,2.0,19:00,4-2-3-1,6967,Corinthians,T. Retzalff Nunes,SP,,Botafogo-Rj,3-5-2,2020-09-05,2.0,Neo Química Arena,P. Autuori De Mello,8
Botafogo-Rj,PE,0.0,20:30,,1834,Botafogo-Rj,,RJ,,Santa Cruz,,2006-10-05,3.0,Maracanã,,27
Empate,SP,0.0,20:00,3-4-2-1,7245,Sport,J. Ribeiro Ventura,PE,,Bragantino,4-1-4-1,2021-02-15,0.0,Adelmar Da Costa Carvalho,,36
Vasco,RJ,2.0,16:00,,1600,Gremio,,RS,,Vasco,,2006-05-07,1.0,Olímpico,,4
Athletico-Pr,SP,0.0,16:00,,1663,Athletico-Pr,,PR,,Palmeiras,,2006-06-04,2.0,Kyocera Arena,,10
Sao Paulo,SP,2.0,16:00,4-2-3-1,5982,Vitoria,V. Carmo Mancini,BA,,Sao Paulo,4-1-4-1,2017-09-17,1.0,Barradão,D. Silvestre Júnior,24
Figueirense,RJ,0.0,17:02,4-2-3-1,5359,Figueirense,H. Coutinho,SC,,Fluminense,4-2-3-1,2015-12-06,1.0,Orlando Scarpelli,E. Baptista,38
Gremio,RS,2.0,16:00,,2233,Juventude,,RS,,Gremio,,2007-09-30,1.0,Alfredo Jaconi,,28
Empate,RJ,1.0,21:00,,4229,Corinthians,,SP,,Botafogo-Rj,,2013-05-25,1.0,Pacaembu,,1
Empate,CE,1.0,11:00,4-3-3,7890,Flamengo,,RJ,,Ceara,4-2-3-1,2022-09-04,1.0,Maracanã,,25
Sao Caetano,SP,3.0,18:10,,1916,Santa Cruz,,PE,,Sao Caetano,,2006-11-12,0.0,Arruda,,35
Sao Paulo,SP,0.0,20:01,4-2-3-1,8349,Sao Paulo,,SP,,Bragantino,4-2-3-1,2023-11-08,1.0,Estádio Urbano Caldeira,P. Faria Caixinha,33
Fluminense,SC,0.0,21:33,,7639,Fluminense,M. De Oliveira,RJ,,Chapecoense,5-3-2,2021-12-09,3.0,Maracanã,F. Paiva Endres,38
Ponte Preta,PE,1.0,19:30,,4130,Ponte Preta,,SP,,Nautico,,2012-10-10,2.0,Moisés Lucarelli,,29
Cruzeiro,RJ,0.0,19:30,,4507,Cruzeiro,,MG,,Fluminense,,2013-10-16,1.0,Mineirão,,29
Figueirense,PE,1.0,21:00,,3849,Figueirense,,SC,,Nautico,,2012-05-19,2.0,Orlando Scarpelli,,1
Sao Paulo,SC,1.0,11:02,4-2-3-1,5599,Sao Paulo,R. Gomes Raymundo,SP,,Figueirense,4-4-1-1,2016-09-11,3.0,Morumbi,T. Guimarães,24
Empate,GO,1.0,18:30,,4348,Botafogo-Rj,,RJ,,Goias,,2013-08-10,1.0,Mané Garrincha,,13
Palmeiras,PE,0.0,18:10,,2406,Palmeiras,,SP,,Nautico,,2008-06-29,2.0,Palestra Itália,,8
Palmeiras,SP,2.0,17:00,4-1-4-1,5655,America-Mg,E. Alves Moreira,MG,,Palmeiras,4-3-3,2016-10-09,0.0,Estádio Do Café,A. Stival,29
Portuguesa,RJ,1.0,20:30,,2479,Portuguesa,,SP,,Fluminense,,2008-07-30,3.0,Canindé,,16
Empate,RJ,2.0,16:31,4-2-3-1,5689,Atletico-Mg,M. De Oliveira Santos,MG,,Flamengo,4-2-3-1,2016-10-29,2.0,Mineirão,J. Mannarino,33
Empate,SC,2.0,16:00,,2996,Botafogo-Rj,,RJ,,Avai,,2009-10-12,2.0,Engenhão,,29
Atletico-Go,BA,1.0,19:00,4-2-3-1,7610,Atletico-Go,M. Ribeiro Cabo,GO,,Bahia,4-2-3-1,2021-11-29,,Estádio Antônio Accioly,A. Ferreira,35
Bragantino,GO,0.0,19:00,4-2-3-1,7516,Bragantino,M. Nogueira Barbieri,SP,,Atletico-Go,,2021-10-12,1.0,Nabizão,J. P. Sanches,26
Flamengo,SP,1.0,18:10,,1147,Flamengo,,RJ,,Santos,,2005-05-15,2.0,Luso Brasileiro,,4
Empate,RJ,0.0,16:00,,4460,Bahia,,BA,,Vasco,,2013-09-29,0.0,Fonte Nova,,24
Sao Paulo,SP,2.0,16:00,,3111,Internacional,,RS,,Sao Paulo,,2010-05-23,0.0,Beira Rio,,3
Palmeiras,SP,1.0,16:00,,783,Flamengo,,RJ,,Palmeiras,,2004-08-01,0.0,Raulino De Oliveira,,20
Empate,RJ,0.0,18:00,,4569,Corinthians,,SP,,Vasco,,2013-11-17,0.0,Pacaembu,,35
Internacional,CE,0.0,11:00,4-2-3-1,8930,Internacional,R. Díaz,RS,1728960.0,Ceara,4-2-3-1,2025-07-20,1.0,"Estádio Beira-Rio, Porto Alegre",M. Mozart,15
Athletico-Pr,SC,0.0,17:00,,3465,Athletico-Pr,,PR,,Avai,,2010-12-05,1.0,Arena Da Baixada,,38
Empate,PE,1.0,18:31,,4615,Santos,O. De Oliveira Filho,SP,,Sport,,2014-04-20,1.0,Estádio Urbano Caldeira,E. Baptista,1
Fortaleza,DF,0.0,16:00,,1151,Fortaleza,,CE,,Brasiliense,,2005-05-21,2.0,Presidente Vargas,,5
Sao Paulo,MG,2.0,21:59,4-1-2-1-2,5334,Sao Paulo,M. Cruz,SP,,Atletico-Mg,4-2-3-1,2015-11-19,4.0,Morumbi,L. Culpi,35
Vitoria,BA,2.0,16:01,4-2-3-1,8656,Atletico-Go,,GO,,Vitoria,4-2-3-1,2024-09-14,0.0,Estádio Antônio Accioly - Atlético Goianiense,T. Carpini Barbosa,26
Palmeiras,BA,1.0,16:00,,2750,Palmeiras,,SP,,Vitoria,NAN,2009-06-07,2.0,Palestra Itália,,5
Corinthians,SC,1.0,18:10,,1158,Corinthians,,SP,,Figueirense,,2005-05-22,2.0,Pacaembu,,5
Empate,PR,0.0,16:00,,1011,Paysandu,,PA,,Coritiba,,2004-10-30,0.0,Mangueirão,,39
Santa Cruz,RJ,0.0,16:00,,1693,Santa Cruz,,PE,,Flamengo,,2006-07-23,3.0,Arruda,,13
Empate,SP,1.0,16:30,4-3-3,7656,Goias,J. Ribeiro Ventura,GO,,Palmeiras,4-2-3-1,2022-04-16,1.0,Estádio Da Serrinha,A. Moreira Ferreira,2
Empate,GO,0.0,19:30,,3066,Flamengo,,RJ,,Goias,,2009-11-22,0.0,Maracanã,,36
Internacional,MG,0.0,18:00,,1079,Internacional,,RS,,Cruzeiro,,2004-12-05,2.0,Beira Rio,,44
Figueirense,SC,1.0,20:30,,286,Corinthians,,SP,,Figueirense,,2003-08-07,0.0,Pacaembu,,24
Atletico-Mg,PR,0.0,16:00,4-2-3-1,7400,Atletico-Mg,A. Stival,MG,,Athletico-Pr,4-2-3-1,2021-08-01,2.0,Mineirão,A. Cardoso De Oliveira,14
Flamengo,SC,0.0,19:28,,4925,Flamengo,V. Luxemburgo Da Silva,RJ,,Chapecoense,,2014-11-02,3.0,Maracanã,J. Da Silva,32
Brasiliense,DF,3.0,16:00,,1227,Goias,,GO,,Brasiliense,,2005-07-16,1.0,Serra Dourada,,12
Cruzeiro,RJ,0.0,19:00,4-2-3-1,6673,Cruzeiro,R. Ceni,MG,,Vasco,4-1-4-1,2019-01-09,1.0,Mineirão,V. Luxemburgo Da Silva,17
Empate,RJ,1.0,16:01,4-2-3-1,8870,Juventude,M. Barbieri,RS,314720.0,Fluminense,4-2-3-1,2025-05-18,1.0,"Alfredo Jaconi, Caxias Do Sul",L. Luis Zubeldia,9
Atletico-Go,GO,1.0,18:15,4-2-3-1,7391,Santos,F. Diniz Silva,SP,,Atletico-Go,4-2-3-1,2021-07-25,0.0,Estádio Urbano Caldeira,E. De Souza Barroca,13
Sport,SP,1.0,18:30,,3934,Sport,,PE,,Portuguesa,,2012-07-15,2.0,Ilha Do Retiro,,9
Gremio,MG,1.0,18:32,4-2-3-1,8788,Gremio,L. Castro,RS,1175509.0,Atletico-Mg,4-4-2,2025-03-29,2.0,"Arena Do Grêmio, Porto Alegre",J. Sampaoli,1
Flamengo,SP,0.0,16:01,4-2-3-1,5851,Flamengo,J. Mannarino,RJ,,Sao Paulo,4-3-2-1,2017-07-02,2.0,Luso-Brasileiro,R. Ceni,11
Goias,GO,3.0,19:30,,1878,Palmeiras,,SP,,Goias,,2006-11-01,1.0,Parque Antártica,,32
Sao Paulo,PR,0.0,20:30,,564,Sao Paulo,,SP,,Athletico-Pr,,2004-04-22,1.0,Morumbi,,1
Sao Paulo,RS,1.0,18:00,,292,Sao Paulo,,SP,,Juventude,,2003-08-09,3.0,Morumbi,,25
Bahia,BA,2.0,19:00,3-4-2-1,7510,Athletico-Pr,A. Valentim Do Carmo Neto,PR,,Bahia,4-2-3-1,2021-10-09,0.0,Estádio Joaquim Américo Guimarães,A. Ferreira,25
Sao Paulo,SP,1.0,20:30,4-2-3-1,7433,Sport,U. Louzer Filho,PE,,Sao Paulo,4-3-3,2021-08-22,0.0,Adelmar Da Costa Carvalho,H. Crespo,17
Gremio,RS,2.0,21:50,,4420,Nautico,,PE,,Gremio,,2013-09-11,0.0,Arena Pernambuco,,20
Juventude,RS,4.0,16:00,,170,Gremio,,RS,,Juventude,,2003-06-28,1.0,Olímpico,,15
Empate,RS,1.0,18:00,,268,Sao Caetano,,SP,,Juventude,,2003-08-02,1.0,Anacleto Campanella,,23
Sport,SC,1.0,18:29,,4626,Sport,E. Baptista,PE,,Chapecoense,,2014-04-27,2.0,Adelmar Da Costa Carvalho,G. Dal Pozzo,2
Santos,MG,0.0,18:00,,3687,Santos,,SP,,Cruzeiro,,2011-09-10,1.0,Vila Belmiro,,23
Corinthians,RJ,0.0,21:46,4-2-3-1,6248,Corinthians,O. Loss,SP,,Botafogo-Rj,4-2-3-1,2018-07-18,2.0,Neo Química Arena,M. Dias De Castro,13
Gremio,CE,0.0,19:00,4-2-3-1,6578,Gremio,Renato Gaúcho,RS,,Fortaleza,4-2-3-1,2019-06-08,1.0,Estádio Francisco Stédile (Centenário),R. Ceni,8
Empate,PR,2.0,20:30,,316,Cruzeiro,,MG,,Coritiba,,2003-08-20,2.0,Mineirão,,27
Atletico-Mg,MG,2.0,19:00,4-3-3,8306,Bragantino,P. Faria Caixinha,SP,,Atletico-Mg,4-4-2,2023-10-25,1.0,Nabizão,L. Scolari,29
Corinthians,PR,1.0,16:01,4-2-3-1,8209,Corinthians,,SP,,Coritiba,4-1-4-1,2023-08-13,3.0,Neo Química Arena,W. Alves,19
Goias,SP,2.0,16:00,,2461,Goias,,GO,,Palmeiras,,2008-07-20,3.0,Serra Dourada,,13
Criciuma,SC,2.0,20:30,,249,Gremio,,RS,,Criciuma,,2003-07-24,0.0,Olímpico,,21
Ponte Preta,SP,3.0,09:00,,256,Fortaleza,,CE,,Ponte Preta,,2003-07-27,2.0,Castelão,,22
Empate,GO,1.0,21:30,4-2-3-1,6908,Palmeiras,V. Luxemburgo Da Silva,SP,,Goias,3-4-3,2020-08-15,1.0,Allianz Parque,N. Da Silveira Júnior,3
Cuiaba,MT,2.0,11:01,4-1-4-1,8058,America-Mg,V. Carmo Mancini,MG,,Cuiaba,4-2-3-1,2023-05-07,1.0,Estádio Raimundo Sampaio,I. Abreu Vieira,4
Gremio Prudente,SP,3.0,18:30,,3394,Santos,,SP,,Gremio Prudente,,2010-10-24,2.0,Vila Belmiro,,31
Empate,RS,1.0,16:00,,50,Sao Caetano,,SP,,Gremio,,2003-04-19,1.0,Anacleto Campanella,,5
Empate,SP,0.0,16:00,,1736,Athletico-Pr,,PR,,Sao Paulo,,2006-09-30,0.0,Kyocera Arena,,17
Sao Paulo,RJ,0.0,16:01,4-1-2-1-2,8146,Sao Paulo,D. Silvestre Júnior,SP,,Fluminense,,2023-07-01,1.0,Morumbi,E. De Barros,13
Athletico-Pr,RS,1.0,18:15,,7392,Athletico-Pr,,PR,,Internacional,4-1-4-1,2021-07-25,2.0,Estádio Joaquim Américo Guimarães,D. Aguirre Camblor,13
Empate,GO,3.0,19:00,4-3-3,7226,Bahia,L. Cavalcanti,BA,,Goias,3-5-2,2021-02-06,3.0,Itaipava Arena Fonte Nova,A. César,35
Athletico-Pr,PR,2.0,16:00,,873,Coritiba,,PR,,Athletico-Pr,,2004-08-29,1.0,Couto Pereira,,27
Sao Caetano,SP,1.0,18:10,,1251,Sao Paulo,,SP,,Sao Caetano,,2005-07-23,0.0,Morumbi,,14
Cruzeiro,SP,1.0,19:31,4-2-3-1,8894,Cruzeiro,T. Tite,MG,3230728.5,Palmeiras,4-2-3-1,2025-06-01,2.0,"Mineirão, Belo Horizonte",A. Ferreira,11
Empate,PE,2.0,21:45,4-2-3-1,5831,Atletico-Mg,R. Machado Marques,MG,,Sport,4-2-3-1,2017-06-21,2.0,Estádio Raimundo Sampaio,V. Luxemburgo Da Silva,9
Santos,SP,3.0,18:10,,2311,Parana,,PR,,Santos,,2007-11-25,2.0,Durival De Brito,,37
Flamengo,RJ,3.0,16:00,3-4-1-2,8076,Bahia,R. Alves Paiva,BA,,Flamengo,4-1-4-1,2023-05-13,2.0,Itaipava Arena Fonte Nova,J. Sampaoli Moya,6
Corinthians,GO,1.0,18:30,,3268,Corinthians,,SP,,Goias,,2010-04-09,5.0,Pacaembu,,19
Empate,SP,0.0,21:45,,1901,Internacional,,RS,,Santos,NAN,2006-11-08,0.0,Beira Rio,,34
Ponte Preta,SP,2.0,20:30,,252,Sao Paulo,,SP,,Ponte Preta,,2003-07-24,1.0,Morumbi,,21
Figueirense,BA,1.0,16:00,,3783,Figueirense,,SC,,Bahia,,2011-10-30,2.0,Orlando Scarpelli,,32
Empate,RJ,2.0,18:30,4-2-3-1,8234,Athletico-Pr,W. Carvalho,PR,,Fluminense,3-4-3,2023-08-27,2.0,Ligga Arena,F. Diniz Silva,21
Atletico-Mg,RJ,0.0,16:00,,4001,Atletico-Mg,,MG,,Vasco,,2012-08-12,1.0,Independência,,16
Empate,BA,1.0,16:00,4-2-3-1,6322,Cruzeiro,L. Venker De Menezes,MG,,Bahia,4-2-3-1,2018-08-19,1.0,Mineirão,E. Alves Moreira,19
Athletico-Pr,PR,1.0,16:00,,1483,Athletico-Pr,,PR,,Parana,,2005-10-30,2.0,Arena Da Baixada,,35
Corinthians,PE,1.0,19:00,4-2-3-1,6374,Corinthians,,SP,,Sport,4-2-3-1,2018-09-16,2.0,Neo Química Arena,E. Baptista,25
Gremio,SC,0.0,18:30,4-1-4-1,4846,Gremio,L. Scolari,RS,,Chapecoense,4-2-3-1,2014-09-21,1.0,Arena Do Grêmio,J. Da Silva,23
Palmeiras,RJ,0.0,19:30,,1749,Palmeiras,,SP,,Fluminense,,2006-08-23,3.0,Parque Antártica,,19
Empate,GO,2.0,17:00,,3835,Gremio,,RS,,Atletico-Go,,2011-11-27,2.0,Olímpico,,37
Empate,SC,1.0,19:02,4-1-4-1,5747,Corinthians,F. Carille,SP,,Chapecoense,4-2-3-1,2017-05-13,1.0,Neo Química Arena,V. Carmo Mancini,1
Cuiaba,MT,2.0,19:02,4-2-3-1,7987,Botafogo-Rj,L. Castro,RJ,,Cuiaba,3-4-1-2,2022-11-01,0.0,Estádio Nilton Santos,A. Cardoso De Oliveira,35
Parana,PR,0.0,20:30,,959,Parana,,PR,,Coritiba,,2004-10-02,1.0,Pinheirão,,34
Athletico-Pr,SC,1.0,20:00,4-2-3-1,8481,Athletico-Pr,A. Stival,PR,,Criciuma,4-4-2,2024-06-13,3.0,Ligga Arena,C. Tencati,8
Empate,CE,3.0,20:31,3-4-2-1,8945,Atletico-Mg,J. Sampaoli,MG,1765397.14,Fortaleza,4-2-3-1,2025-11-12,3.0,"Arena Mrv, Belo Horizonte",T. Carpini,16
Mirassol,RS,1.0,19:00,4-2-3-1,8819,Mirassol,R. Guanaes,SP,124740.0,Gremio,4-2-3-1,2025-04-16,4.0,"Campos Maia, Mirassol",L. Castro,4
Flamengo,BA,1.0,21:50,,4512,Flamengo,,RJ,,Bahia,,2013-10-16,2.0,Maracanã£,,29
-,RJ,0.0,20:30,,448,Figueirense,,SC,,Flamengo,,2003-10-22,0.0,Orlando Scarpelli,,38
Sport,PE,2.0,16:01,4-2-3-1,6150,Parana,Ademir Fesan,PR,,Sport,4-2-3-1,2018-04-29,1.0,Vila Capanema,C. Dos Santos Oliveira,3
-,SP,2.0,17:00,,3072,Avai,,SC,,Santos,,2009-11-29,2.0,Ressacada,,37
Gremio,RJ,0.0,16:00,,2733,Gremio,,RS,,Botafogo-Rj,,2009-05-24,2.0,Olímpico,,3
Gremio,RS,2.0,16:00,,1761,Corinthians,,SP,,Gremio,,2006-08-27,0.0,Pacaembu,,20
Empate,MG,1.0,18:10,,1108,Flamengo,,RJ,,Cruzeiro,,2005-04-23,1.0,Maracanã,,1
Palmeiras,SP,3.0,16:00,4-2-3-1,7381,Atletico-Go,E. De Souza Barroca,GO,,Palmeiras,4-2-3-1,2021-07-18,0.0,Estádio Do Governo Do Estado De Goiás (Serra Dourada),A. Moreira Ferreira,12
Botafogo-Rj,RJ,1.0,19:00,4-2-3-1,6448,Botafogo-Rj,J. Mannarino,RJ,,Flamengo,4-1-4-1,2018-10-11,2.0,Estádio Nilton Santos,D. Silvestre Júnior,33
Empate,SP,1.0,21:50,,2946,Coritiba,,PR,,Corinthians,,2009-09-16,1.0,Couto Pereira,,24
Athletico-Pr,PR,1.0,18:00,,684,Atletico-Mg,,MG,,Athletico-Pr,,2004-06-27,0.0,Mineirão,,11
Vasco,RS,2.0,21:00,,3125,Vasco,,RJ,,Internacional,,2010-05-27,3.0,São Januário,,4
Atletico-Mg,SP,1.0,18:30,,4464,Atletico-Mg,,MG,,Santos,,2013-09-29,3.0,Independência,,24
Empate,RJ,3.0,16:00,,462,Parana,,PR,,Vasco,,2003-10-26,3.0,Orlando Scarpelli,,39
Empate,RJ,2.0,16:00,,2621,Vitoria,,BA,,Fluminense,,2008-10-19,,Barradão,,30
Empate,MG,1.0,18:30,,8305,Corinthians,L. Venker De Menezes,SP,,America-Mg,5-3-2,2023-10-22,1.0,Neo Química Arena,F. Bustos,28
Santos,PA,0.0,21:40,,319,Santos,,SP,,Paysandu,,2003-08-20,2.0,Vila Belmiro,,27
Palmeiras,BA,0.0,19:33,,4854,Palmeiras,D. Silvestre Júnior,SP,,Vitoria,,2014-09-25,2.0,Estádio Municipal Paulo Machado De Carvalho,N. Da Silveira Júnior,24
Bahia,BA,2.0,18:00,4-3-3,7094,Coritiba,E. Pacheco,PR,,Bahia,4-2-3-1,2020-11-16,1.0,Couto Pereira,L. Venker De Menezes,21
Bahia,BA,1.0,20:30,,4575,Nautico,,PE,,Bahia,,2013-11-17,0.0,Arena Pernambuco,,35
Santos,SP,3.0,18:14,4-1-4-1,7013,Goias,E. Alves Moreira,GO,,Santos,4-1-4-1,2020-10-04,2.0,Estádio Da Serrinha,,13
Palmeiras,MG,1.0,11:01,4-1-4-1,7307,Palmeiras,A. Moreira Ferreira,SP,,America-Mg,4-2-3-1,2021-06-20,2.0,Allianz Parque,C. De Almeida,5
Empate,RJ,1.0,11:04,4-2-3-1,5270,Avai,G. Kleina,SC,,Vasco,4-1-2-1-2,2015-10-04,1.0,Ressacada,J. De Amorim Campos,29
Empate,SC,1.0,20:30,,377,Vitoria,,BA,,Criciuma,,2003-09-24,1.0,Barradão,,32
Sao Caetano,SP,3.0,20:30,,411,Corinthians,,SP,,Sao Caetano,,2003-10-08,0.0,Pacaembu,,35
Sao Paulo,RJ,0.0,21:45,,1651,Sao Paulo,,SP,,Fluminense,,2006-05-31,1.0,Morumbi,,9
Bahia,RS,0.0,18:00,4-3-3,7357,Bahia,L. Cavalcanti,BA,,Juventude,,2021-07-07,1.0,Estádio De Pituaçu,M. Dos Santos Gonçalves,10
Internacional,RS,2.0,21:00,4-2-3-1,7025,Bragantino,M. Nogueira Barbieri,SP,,Internacional,4-1-2-1-2,2020-10-08,0.0,Nabizão,E. Coudet,14
Empate,MG,2.0,18:30,5-4-1,7669,Goias,J. Ribeiro Ventura,GO,,Atletico-Mg,4-3-3,2022-04-30,2.0,Estádio Da Serrinha,A. Mohamed Matijevich,4
Fluminense,PR,1.0,18:10,,1598,Fluminense,,RJ,,Parana,,2006-05-06,2.0,Maracanã,,4
Empate,SC,0.0,20:59,,5225,Joinville,P. Lopes De Gusmão,SC,,Chapecoense,4-1-4-1,2015-09-10,0.0,Arena Joinville,V. Eutrópio,24
Vitoria,SC,0.0,18:10,,2349,Vitoria,,BA,,Figueirense,,2008-05-24,4.0,Barradão,,3
Sao Paulo,SP,2.0,16:15,4-2-3-1,5551,Santa Cruz,,PE,,Sao Paulo,4-3-2-1,2016-08-07,1.0,Estádio Do Arruda,A. Soares Jardine,19
Santos,SP,2.0,18:10,,2238,Botafogo-Rj,,RJ,,Santos,,2007-10-06,1.0,Engenhão,,30
Fluminense,RJ,2.0,16:01,4-2-3-1,5762,Atletico-Mg,R. Machado Marques,MG,,Fluminense,,2017-05-21,1.0,Estádio  Raimundo  Sampaio,A. Da Silva Braga,2
Ponte Preta,SP,0.0,18:33,4-2-3-1,5005,Ponte Preta,A. Ferreira,SP,,Sao Paulo,4-2-3-1,2015-05-17,1.0,Moisés Lucarelli,,2
Empate,SP,1.0,18:10,,1659,Gremio,,RS,,Sao Caetano,,2006-06-03,1.0,Olímpico,,10
Santa Cruz,RS,1.0,19:29,4-3-3,5735,Santa Cruz,A. Felix Teixeira,PE,,Gremio,4-2-3-1,2016-11-27,5.0,Estádio Do Arruda,J. Freitas,37
Goias,BA,0.0,16:00,,4282,Goias,,GO,,Vitoria,,2013-07-07,1.0,Serra Dourada,,6
Sao Paulo,RJ,1.0,20:02,4-2-3-1,8462,Sao Paulo,L. Zubeldía,SP,,Fluminense,4-2-3-1,2024-05-13,2.0,Morumbis,F. Diniz Silva,6
Vasco,PR,1.0,18:00,,275,Vasco,,RJ,,Athletico-Pr,,2003-08-03,2.0,São Januário,,23
Empate,CE,2.0,16:02,4-2-3-1,6612,Atletico-Mg,R. Marques Santana,MG,,Fortaleza,4-2-3-1,2019-07-21,2.0,Estádio Raimundo Sampaio,R. Ceni,11
Empate,SP,1.0,16:02,4-3-3,8810,Bahia,R. Ceni,BA,1323694.0,Mirassol,4-2-3-1,2025-04-13,1.0,"Arena Fonte Nova, Salvador",R. Guanaes,3
Ponte Preta,SP,0.0,16:00,4-2-3-1,5492,Ponte Preta,E. Baptista,SP,,Sao Paulo,4-2-3-1,2016-07-03,1.0,Moisés Lucarelli,,13
Empate,SP,0.0,20:00,4-4-2,7515,Cuiaba,J. De Amorim Campos,MT,,Sao Paulo,4-2-3-1,2021-10-11,0.0,Arena Pantanal,H. Crespo,25
Figueirense,SC,2.0,18:10,,2289,Gremio,,RS,,Figueirense,,2007-11-03,1.0,Olímpico,,35
Flamengo,SP,1.0,19:00,4-3-1-2,7931,Flamengo,D. Silvestre Júnior,RJ,,Bragantino,,2022-10-01,4.0,Maracanã,M. Nogueira Barbieri,29
Sao Paulo,PE,0.0,21:00,,4511,Sao Paulo,,SP,,Nautico,,2013-10-16,3.0,Morumbi,,29
Corinthians,SP,2.0,21:45,,1902,Athletico-Pr,,PR,,Corinthians,,2006-11-08,1.0,Kyocera Arena,,34
Vasco,PR,0.0,16:00,,1088,Vasco,,RJ,,Athletico-Pr,,2004-12-12,1.0,São Januário,,45
Sport,MG,0.0,18:10,,2407,Sport,,PE,,Cruzeiro,,2008-07-05,1.0,Ilha Do Retiro,,9
Cruzeiro,GO,1.0,16:00,4-2-3-1,6533,Cruzeiro,L. Venker De Menezes,MG,,Goias,4-2-3-1,2019-05-05,2.0,Mineirão,C. Dos Santos Oliveira,3
Empate,GO,0.0,18:10,,2359,Figueirense,,SC,,Goias,,2008-05-31,0.0,Orlando Scarpelli,,4
Sao Paulo,SP,2.0,16:00,,3310,Palmeiras,,SP,,Sao Paulo,,2010-09-19,0.0,Pacaembu,,23
Atletico-Mg,MG,2.0,18:10,,1514,Paysandu,,PA,,Atletico-Mg,,2005-11-12,0.0,Mangueirão,,38
Gremio,PR,1.0,19:10,,2674,Gremio,,RS,,Coritiba,,2008-11-16,,Olímpico,,35
Goias,GO,1.0,16:00,4-2-3-1,7690,Atletico-Go,U. Louzer Filho,GO,,Goias,5-4-1,2022-05-08,0.0,Estádio Antônio Accioly,,5
Empate,SP,0.0,19:00,4-2-3-1,6716,Flamengo,J. Pinheiro De Jesus,RJ,,Sao Paulo,4-1-4-1,2019-09-28,0.0,Maracanã,F. Diniz Silva,22
Goias,GO,1.0,16:00,,2842,Atletico-Mg,,MG,,Goias,,2009-07-26,0.0,Mineirão,,14
Parana,RS,1.0,16:00,,2162,Parana,,PR,,Juventude,,2007-08-26,3.0,Durival De Brito,,21
Ceara,SP,1.0,16:29,4-2-3-1,7898,Ceara,L. González,CE,,Santos,4-3-3,2022-09-10,2.0,Arena Castelã£O,L. Cirne Lima De Lorenzi,26
Empate,SC,1.0,17:02,4-1-4-1,5363,Corinthians,A. Bacchi,SP,,Avai,4-4-2,2015-12-06,1.0,Neo Química Arena,R. Maia Cabral,38
Atletico-Mg,MG,2.0,19:01,4-2-3-1,6004,Athletico-Pr,F. Soares Pessoa,PR,,Atletico-Mg,4-2-3-1,2017-10-01,0.0,Estádio Joaquim Américo Guimarães,O. De Oliveira Filho,26
Empate,GO,2.0,18:10,,1923,Botafogo-Rj,,RJ,,Goias,,2006-11-19,2.0,Maracanã,,36
Empate,RJ,3.0,15:59,4-3-1-2,5507,Botafogo-Rj,R. Gomes Raymundo,RJ,,Flamengo,4-2-3-1,2016-07-16,3.0,Luso-Brasileiro,J. Mannarino,15
Vitoria,SP,1.0,19:30,,3064,Vitoria,,BA,,Barueri,,2009-11-22,2.0,Barradão,,36
Internacional,RS,1.0,17:31,4-2-3-1,8507,Gremio,Renato Gaúcho,RS,,Internacional,4-2-3-1,2024-06-22,0.0,Couto Pereira,E. Coudet,11
Flamengo,PR,1.0,20:30,,1489,Flamengo,,RJ,,Coritiba,,2005-10-31,,Luso Brasileiro,,35
Empate,MG,3.0,20:30,,1430,Vasco,,RJ,,Cruzeiro,,2005-10-05,3.0,São Januário,,30
Santos,MG,0.0,16:04,4-2-3-1,9160,Santos,,SP,743978.75,Cruzeiro,4-2-3-1,2025-12-07,3.0,"Estádio Urbano Caldeira, Santos",T. Tite,38
Cuiaba,MT,1.0,20:00,4-3-3,8095,Cruzeiro,P. Marques Da Costa Filipe,MG,,Cuiaba,4-3-3,2023-05-22,0.0,Estã¡Dio Joaquim Henrique Nogueira-Arena Do Jacarã©,A. Cardoso De Oliveira,7
Fluminense,RJ,1.0,21:00,,4618,Palmeiras,G. Kleina,SP,,Fluminense,,2014-04-26,0.0,Estádio Municipal Paulo Machado De Carvalho,C. Borges Dos Santos,2
Cuiaba,MG,1.0,21:42,3-5-2,7922,Cuiaba,A. Cardoso De Oliveira,MT,,America-Mg,4-1-4-1,2022-09-28,2.0,Arena Pantanal,V. Carmo Mancini,28
Bahia,BA,0.0,16:01,4-1-3-2,8622,Bahia,R. Ceni,BA,,Vitoria,4-3-3,2024-08-11,2.0,Arena Fonte Nova,T. Carpini Barbosa,22
Cuiaba,PR,0.0,18:14,4-4-2,7422,Cuiaba,J. De Amorim Campos,MT,,Athletico-Pr,,2021-08-15,1.0,Arena Pantanal,A. Cardoso De Oliveira,16
Sao Paulo,BA,1.0,18:00,,514,Sao Paulo,,SP,,Vitoria,,2003-11-23,3.0,Morumbi,,43
Portuguesa,SP,0.0,18:30,,3897,Portuguesa,,SP,,Sao Paulo,NAN,2012-06-23,1.0,Canindé,,6
Gremio,RS,1.0,20:30,,2486,Coritiba,,PR,,Gremio,,2008-07-31,0.0,Couto Pereira,,16
Fluminense,RJ,1.0,16:00,,4112,Flamengo,,RJ,,Fluminense,NAN,2012-09-30,0.0,Engenhão,,27
Empate,PR,1.0,20:58,,4749,Fluminense,,RJ,,Coritiba,,2014-09-08,1.0,Maracanã,C. Juarez Roth,14
Atletico-Mg,MG,3.0,16:00,,2320,Palmeiras,,SP,,Atletico-Mg,,2007-12-02,1.0,Parque Antártica,,38
Paysandu,SC,1.0,16:00,,922,Paysandu,,PA,,Figueirense,,2004-09-19,3.0,Mangueirão,,31
Empate,SP,1.0,21:50,,2886,Atletico-Mg,,MG,,Palmeiras,,2009-08-12,1.0,Mineirão,,18
Cruzeiro,MG,3.0,21:30,,8600,Botafogo-Rj,A. Torres Gomes Araújo Amorim,RJ,,Cruzeiro,4-2-3-1,2024-07-27,0.0,Estádio Nilton Santos,F. Seabra,20
Empate,RS,0.0,21:00,4-2-3-1,7168,Fortaleza,E. Alves Moreira,CE,,Gremio,4-2-3-1,2021-01-09,0.0,Arena Castelão,Renato Gaúcho,29
Santos,SP,0.0,19:32,,4714,Santos,O. De Oliveira Filho,SP,,Palmeiras,,2014-07-17,2.0,Estádio Urbano Caldeira,,10
Empate,RJ,0.0,16:00,,4451,Nautico,,PE,,Flamengo,,2013-09-22,0.0,Arena Pernambuco,,23
Palmeiras,SP,2.0,19:14,4-2-3-1,6983,Corinthians,T. Retzalff Nunes,SP,,Palmeiras,4-1-4-1,2020-09-10,0.0,Neo Química Arena,V. Luxemburgo Da Silva,9
Empate,RJ,2.0,16:00,,475,Juventude,,RS,,Flamengo,,2003-11-02,2.0,Alfredo Jaconi,,40
Cruzeiro,SP,0.0,16:00,4-3-3,8550,Cruzeiro,F. Seabra,MG,,Corinthians,4-2-3-1,2024-07-07,3.0,Mineirão,R. Laruccia,15
Criciuma,BA,1.0,16:00,,4231,Criciuma,,SC,,Bahia,,2013-05-26,3.0,Heriberto Hulse,,1
Vitoria,RS,2.0,17:00,,2681,Vitoria,,BA,,Gremio,,2008-11-23,4.0,Barradão,,36
Internacional,SP,0.0,21:50,,4401,Internacional,,RS,,Corinthians,,2013-09-04,1.0,Estádio Do Vale,,18
Botafogo-Rj,RJ,1.0,16:31,3-4-2-1,8689,Athletico-Pr,L. González,PR,,Botafogo-Rj,4-2-3-1,2024-10-05,0.0,Ligga Arena,A. Torres Gomes Araújo Amorim,29
Empate,GO,0.0,17:00,,3466,Vitoria,,BA,,Atletico-Go,,2010-12-05,0.0,Barradão,,38
Empate,MG,1.0,20:30,,961,Coritiba,,PR,,Cruzeiro,,2004-10-06,1.0,Couto Pereira,,35
Atletico-Go,MG,0.0,19:30,,3558,Atletico-Go,,GO,,Cruzeiro,,2011-07-27,2.0,Serra Dourada,,12
Empate,BA,1.0,18:32,,4719,Atletico-Mg,L. Culpi,MG,,Bahia,,2014-07-19,1.0,Estádio Raimundo Sampaio,M. Dos Santos Gonçalves,11
Empate,SP,0.0,18:32,4-3-3,8277,Vasco,R. Díaz,RJ,,Sao Paulo,4-2-3-1,2023-10-07,0.0,Estádio São Januário,D. Silvestre Júnior,26
Santos,SP,0.0,16:07,4-2-3-1,5474,Santos,D. Silvestre Júnior,SP,,Sao Paulo,4-2-3-1,2016-06-26,3.0,Estádio Municipal Paulo Machado De Carvalho,E. Bauza,11
Empate,PR,1.0,19:59,4-2-3-1,5786,Fluminense,A. Da Silva Braga,RJ,,Athletico-Pr,4-1-4-1,2017-06-06,1.0,Maracanã,E. Baptista,5
Athletico-Pr,PR,4.0,16:00,,1863,Fortaleza,,CE,,Athletico-Pr,,2006-10-22,3.0,Presidente Vargas,,30
Fortaleza,MG,2.0,18:30,4-2-3-1,8284,Fortaleza,J. Vojvoda,CE,,America-Mg,3-4-2-1,2023-10-08,3.0,Arena Castelão,F. Bustos,26
Gremio,RJ,1.0,17:00,4-2-3-1,6596,Gremio,Renato Gaúcho,RS,,Vasco,4-3-3,2019-07-13,2.0,Arena Do Grêmio,V. Luxemburgo Da Silva,10
Gremio,RS,2.0,16:00,,4004,Sao Paulo,,SP,,Gremio,,2012-08-12,1.0,Morumbi,,16
Empate,SP,2.0,11:04,4-3-3,8829,Juventude,M. Barbieri,RS,175570.0,Mirassol,4-3-3,2025-04-20,2.0,"Alfredo Jaconi, Caxias Do Sul",R. Guanaes,5
Empate,BA,0.0,16:00,,4303,Vitoria,,BA,,Bahia,,2013-07-21,0.0,Fonte Nova,,8
Coritiba,RJ,0.0,21:06,,4903,Coritiba,M. Dos Santos Gonçalves,PR,,Botafogo-Rj,,2014-10-22,2.0,Couto Pereira,V. Carmo Mancini,30
Coritiba,GO,0.0,19:00,4-3-3,7067,Coritiba,E. Pacheco,PR,,Atletico-Go,4-2-3-1,2020-10-31,1.0,Couto Pereira,E. Do Nascimento Souza,19
Sport,SP,0.0,18:34,4-2-3-1,5628,Sport,O. De Oliveira Filho,PE,,Santos,4-2-3-1,2016-09-24,1.0,Adelmar Da Costa Carvalho,D. Silvestre Júnior,27
Empate,SC,0.0,20:00,4-2-3-1,6664,Botafogo-Rj,E. De Souza Barroca,RJ,,Chapecoense,4-2-3-1,2019-08-26,0.0,Estádio Nilton Santos,E. Hartkopp,16
Empate,RS,2.0,18:14,4-2-3-1,7432,Santos,F. Diniz Silva,SP,,Internacional,4-4-2,2021-08-22,2.0,Estádio Urbano Caldeira,D. Aguirre Camblor,17
Empate,RS,0.0,20:01,4-2-3-1,8814,Fortaleza,T. Carpini,CE,169233.0,Internacional,4-2-3-1,2025-04-13,0.0,"Arena Castelão, Fortaleza",R. Díaz,3
Internacional,RS,1.0,16:00,,1892,Gremio,,RS,,Internacional,,2006-11-05,0.0,Olímpico,,33
Empate,RJ,0.0,20:02,4-2-3-1,8754,Fortaleza,J. Vojvoda,CE,,Flamengo,4-2-2-2,2024-11-26,0.0,Arena Castelão,F. Luís,35
Atletico-Mg,MG,2.0,16:02,4-2-3-1,8201,Sao Paulo,D. Silvestre Júnior,SP,,Atletico-Mg,4-2-3-1,2023-08-06,0.0,Morumbi,L. Scolari,18
Gremio,RJ,1.0,17:00,4-2-3-1,6453,Gremio,,RS,,Vasco,,2018-11-11,2.0,Arena Do Grêmio,A. Valentim Do Carmo Neto,33
Corinthians,SP,0.0,18:10,,1786,Corinthians,,SP,,Ponte Preta,,2006-09-03,1.0,Pacaembu,,22
Figueirense,MG,1.0,16:00,,1057,Figueirense,,SC,,Atletico-Mg,,2004-11-27,2.0,Santa Cruz,,43
Parana,RS,0.0,18:10,,2274,Parana,,PR,,Internacional,,2007-10-28,1.0,Durival De Brito,,33
Cruzeiro,PR,1.0,20:59,4-2-3-1,6433,Cruzeiro,L. Venker De Menezes,MG,,Parana,4-3-3,2018-10-27,3.0,Mineirão,L. Cavalcanti,31
Sao Paulo,SP,2.0,21:31,4-2-3-1,6521,Goias,C. Dos Santos Oliveira,GO,,Sao Paulo,4-2-3-1,2019-05-01,1.0,Estádio Do Governo Do Estado De Goiás (Serra Dourada),A. Stival,2
Empate,SP,0.0,20:59,4-2-3-1,7470,Ceara,T. Retzalff Nunes,CE,,Santos,3-4-3,2021-09-18,0.0,Arena Castelão,F. Carille,21
Goias,MG,0.0,17:00,,1022,Goias,,GO,,Atletico-Mg,,2004-11-06,1.0,Serra Dourada,,40
Empate,RJ,1.0,21:45,,706,Criciuma,,SC,,Flamengo,,2004-07-07,1.0,Heriberto Hulse,,13
Empate,RJ,1.0,19:30,4-2-3-1,8944,Gremio,James Francisco Freitas Iahnke,RS,895231.0,Botafogo-Rj,,2025-09-24,1.0,"Arena Do Grêmio, Porto Alegre",Davide Ancelotti,16
Empate,SP,1.0,21:44,4-2-3-1,5651,Sport,O. De Oliveira Filho,PE,,Sao Paulo,4-1-4-1,2016-10-05,1.0,Adelmar Da Costa Carvalho,R. Gomes Raymundo,29
Empate,SP,1.0,18:29,5-4-1,7954,Atletico-Go,E. Do Nascimento Souza,GO,,Palmeiras,4-2-3-1,2022-10-10,1.0,Estádio Antônio Accioly,A. Moreira Ferreira,31
Goias,GO,2.0,16:00,,4432,Corinthians,,SP,,Goias,,2013-09-15,1.0,Pacaembu,,21
Parana,PR,2.0,16:00,,909,Ponte Preta,,SP,,Parana,,2004-09-12,0.0,Moisés Lucarelli,,30
Vitoria,SC,0.0,16:59,4-2-3-1,5717,Vitoria,A. Fucks,BA,,Figueirense,4-2-3-1,2016-11-20,4.0,Barradão,M. Dos Santos Gonçalves,36
Fluminense,RJ,5.0,21:45,,1632,Fortaleza,,CE,,Fluminense,,2006-05-24,2.0,Castelã£O,,7
Cruzeiro,RJ,1.0,16:00,,1942,Cruzeiro,,MG,,Botafogo-Rj,,2006-12-03,3.0,Mineirão,,38
Palmeiras,SP,4.0,16:00,,596,Corinthians,,SP,,Palmeiras,,2004-05-02,0.0,Morumbi,,4
Empate,RJ,0.0,18:10,,2126,Parana,,PR,,Botafogo-Rj,,2007-08-05,0.0,Durival De Brito,,17
Empate,SC,1.0,17:00,,441,Fortaleza,,CE,,Figueirense,,2003-10-19,1.0,Presidente Vargas,,37
Empate,SP,1.0,16:00,,1025,Criciuma,,SC,,Santos,NAN,2004-11-07,1.0,Heriberto Hulse,,40
Bahia,BA,4.0,18:30,,4073,Vasco,,RJ,,Bahia,,2012-09-09,0.0,Sã£O Januã¡Rio,,23
Mirassol,RJ,2.0,18:30,4-3-3,8957,Mirassol,R. Guanaes,SP,202180.0,Vasco,4-2-3-1,2025-08-02,3.0,"Campos Maia, Mirassol",F. Diniz,18
Empate,PR,2.0,18:00,,11,Santos,,SP,,Parana,,2003-03-30,2.0,Vila  Belmiro,,1
Internacional,SC,0.0,21:31,4-2-3-1,8722,Internacional,R. Machado Marques,RS,,Criciuma,4-4-2,2024-11-05,2.0,Estádio Beira-Rio,C. Tencati,32
Empate,RJ,2.0,19:30,,4218,Flamengo,,RJ,,Botafogo-Rj,,2012-12-01,2.0,Engenhão,,38
Juventude,SP,0.0,20:01,4-2-3-1,8422,Juventude,R. Machado Marques,RS,,Corinthians,4-3-3,2024-04-17,2.0,Alfredo Jaconi,B. Lazaroni,2
Bahia,RJ,0.0,18:15,4-2-3-1,7083,Bahia,L. Venker De Menezes,BA,,Botafogo-Rj,4-3-3,2020-11-08,1.0,Itaipava Arena Fonte Nova,F. Tenius,20
Guarani,RS,0.0,16:00,,93,Guarani,,SP,,Internacional,,2003-05-11,3.0,Brinco De Ouro,,8
Bahia,BA,1.0,16:00,,154,Bahia,,BA,,Vitoria,NAN,2003-06-15,2.0,Fonte Nova,,13
Empate,RS,1.0,18:10,,1788,Vasco,,RJ,,Gremio,,2006-09-09,1.0,São Januário,,23
Empate,PE,2.0,10:59,4-2-3-1,5020,Santos,M. Fernandes,SP,,Sport,4-2-3-1,2015-05-31,2.0,Estádio Urbano Caldeira,E. Baptista,4
Santa Cruz,RS,0.0,16:00,4-2-3-1,5502,Santa Cruz,M. Mendes,PE,,Internacional,4-2-3-1,2016-07-10,1.0,Estádio Do Arruda,A. Fucks,14
Empate,MG,1.0,19:01,4-2-3-1,6755,Chapecoense,M. Dos Santos Gonçalves,SC,,Cruzeiro,4-2-3-1,2019-10-13,1.0,Arena Condá,A. Da Silva Braga,25
Internacional,SP,0.0,16:59,4-2-3-1,5317,Internacional,A. Fucks,RS,,Ponte Preta,4-2-3-1,2015-11-07,,Estádio José Pinheiro Borda,F. Moreira,34
Empate,GO,2.0,16:00,,293,Paysandu,,PA,,Goias,,2003-08-10,2.0,Mangueirão,,25
Empate,MT,2.0,19:01,4-2-3-1,7914,Athletico-Pr,L. Scolari,PR,,Cuiaba,5-4-1,2022-09-18,2.0,Estádio Joaquim Américo Guimarães,A. Cardoso De Oliveira,27
Coritiba,RJ,2.0,16:00,4-2-3-1,7673,Coritiba,G. Morínigo,PR,,Fluminense,4-1-2-1-2,2022-05-01,3.0,Couto Pereira,A. Da Silva Braga,4
Empate,RS,0.0,19:00,4-1-4-1,6353,Santos,A. Stival,SP,,Gremio,4-2-3-1,2018-09-06,0.0,Estádio Municipal Paulo Machado De Carvalho,Renato Gaúcho,23
Palmeiras,SP,0.0,18:30,,2818,Palmeiras,,SP,,Santo Andre,,2009-07-18,1.0,Palestra Itália,,12
Empate,RJ,1.0,18:31,4-2-3-1,8357,Flamengo,A. Bacchi,RJ,,Fluminense,4-2-3-1,2023-11-11,1.0,Maracanã,F. Diniz Silva,34
Empate,CE,1.0,20:00,3-4-3,8348,Athletico-Pr,W. Carvalho,PR,,Fortaleza,4-2-3-1,2023-11-08,1.0,Ligga Arena,J. Vojvoda,33
Flamengo,SP,1.0,16:00,4-2-2-2,6800,Flamengo,J. Pinheiro De Jesus,RJ,,Corinthians,4-4-2,2019-11-03,4.0,Maracanã£,F. Carille,30
Athletico-Pr,BA,0.0,21:00,,4340,Athletico-Pr,,PR,,Bahia,,2013-07-08,1.0,Vila Capanema,,12
Avai,SP,2.0,17:00,,3456,Avai,,SC,,Santos,,2010-11-28,3.0,Ressacada,,37
Juventude,RS,1.0,16:00,,1763,Parana,,PR,,Juventude,,2006-08-27,0.0,Pinheirão,,20
Athletico-Pr,BA,0.0,18:59,4-3-3,6997,Athletico-Pr,E. De Barros,PR,,Bahia,4-4-2,2020-09-26,1.0,Estádio Joaquim Américo Guimarães,L. Venker De Menezes,12
Coritiba,RS,0.0,19:30,,4534,Coritiba,,PR,,Gremio,,2013-10-27,4.0,Couto Pereira,,31
Empate,MG,2.0,18:30,,3498,Avai,,SC,,America-Mg,,2011-06-11,2.0,Ressacada,,4
Flamengo,SP,0.0,21:30,4-2-3-1,8350,Flamengo,A. Bacchi,RJ,,Palmeiras,3-4-1-2,2023-11-08,3.0,Maracanã,A. Moreira Ferreira,33
Athletico-Pr,PR,3.0,19:04,4-4-2,7738,Juventude,E. Baptista,RS,,Athletico-Pr,4-2-3-1,2022-06-08,1.0,Alfredo Jaconi,L. Scolari,10
Empate,RJ,3.0,16:00,,3482,Bahia,,BA,,Flamengo,,2011-05-29,3.0,Pituaçu,,2
Cruzeiro,SP,0.0,16:00,,2181,Cruzeiro,,MG,,Palmeiras,,2007-09-02,5.0,Mineirão,,23
Sport,SP,1.0,21:00,,4156,Sport,,PE,,Ponte Preta,NAN,2012-10-18,3.0,Ilha Do Retiro,,31
Sao Paulo,RS,1.0,21:30,4-1-4-1,6871,Sao Paulo,M. Longo De Araújo,SP,,Internacional,4-1-4-1,2019-12-04,2.0,Morumbi,J. Mannarino,37
Empate,SP,2.0,21:50,,3121,Gremio Prudente,,SP,,Corinthians,,2010-05-26,2.0,Prudentão,,4
Empate,BA,2.0,18:30,,3287,Flamengo,,RJ,,Vitoria,,2010-09-11,2.0,Raulino De Oliveira,,21
Empate,RS,1.0,19:30,,3048,Cruzeiro,,MG,,Gremio,,2009-11-14,1.0,Mineirão,,35
Internacional,CE,0.0,20:00,4-2-3-1,6265,Internacional,O. Hellmann,RS,,Ceara,4-4-2,2018-07-23,1.0,Estádio José Pinheiro Borda,L. Cirne Lima De Lorenzi,14
Sao Paulo,SP,0.0,20:30,,3120,Sao Paulo,,SP,,Palmeiras,,2010-05-26,1.0,Morumbi,,4
Internacional,RS,2.0,18:30,,3906,Sport,,PE,,Internacional,,2012-06-24,0.0,Ilha Do Retiro,,6
Sao Paulo,SP,4.0,21:30,,3564,Coritiba,,PR,,Sao Paulo,,2011-07-27,3.0,Couto Pereira,,12
Empate,PE,0.0,16:00,4-1-4-1,7059,Atletico-Mg,J. Sampaoli Moya,MG,,Sport,5-4-1,2020-10-24,0.0,Mineirão,J. Ribeiro Ventura,18
Internacional,MG,0.0,22:00,,4134,Internacional,,RS,,Atletico-Mg,,2012-10-10,3.0,Beira Rio,,29
Vasco,RJ,2.0,21:45,4-2-3-1,6070,Santos,Elano,SP,,Vasco,4-4-1-1,2017-11-08,1.0,Estádio Urbano Caldeira,J. Mannarino,33
Santos,PE,0.0,21:02,4-2-3-1,5440,Santos,D. Silvestre Júnior,SP,,Sport,4-2-3-1,2016-06-15,2.0,Estádio Urbano Caldeira,O. De Oliveira Filho,8
Coritiba,RJ,1.0,18:20,,2390,Coritiba,,PR,,Fluminense,,2008-06-21,2.0,Couto Pereira,,7
Empate,SP,0.0,21:50,,3161,Ceara,,CE,,Corinthians,,2010-07-14,0.0,Castelão,,8
Internacional,RS,1.0,21:01,,4730,Bahia,M. Dos Santos Gonçalves,BA,,Internacional,,2014-07-26,0.0,Itaipava Arena Fonte Nova,A. Da Silva Braga,12
Bahia,RJ,0.0,16:00,,7626,Bahia,A. Ferreira,BA,,Fluminense,4-3-3,2021-12-05,2.0,Itaipava Arena Fonte Nova,,37
Chapecoense,PR,0.0,21:00,,4850,Chapecoense,J. Da Silva,SC,,Athletico-Pr,,2014-09-24,3.0,Arena Condá,C. Dos Santos Oliveira,24
Flamengo,RJ,4.0,20:00,4-2-3-1,7115,Gremio,Renato Gaúcho,RS,,Flamengo,4-2-3-1,2021-01-28,,Arena Do Grêmio,R. Ceni,23
Goias,GO,3.0,18:30,,3136,Atletico-Go,,GO,,Goias,NAN,2010-05-23,1.0,Serra Dourada,,5
Empate,SC,1.0,19:59,4-2-3-1,8421,Atletico-Mg,,MG,,Criciuma,4-3-2-1,2024-04-17,1.0,Arena Mrv,C. Tencati,2
-,SP,1.0,21:31,4-4-2,7225,Sao Paulo,M. Vizolli,SP,,Palmeiras,4-2-3-1,2021-02-19,1.0,Morumbi,A. Moreira Ferreira,34
Chapecoense,SC,2.0,19:30,4-2-3-1,5708,Botafogo-Rj,J. Ribeiro Ventura,RJ,,Chapecoense,4-1-4-1,2016-11-16,0.0,Luso-Brasileiro,L. Saroli Caio Júnior,35
Bahia,PE,1.0,16:00,,3891,Bahia,,BA,,Sport,,2012-06-17,2.0,Pituaçu,,5
Empate,SP,2.0,11:01,4-2-3-1,5769,Atletico-Mg,R. Machado Marques,MG,,Ponte Preta,5-4-1,2017-05-28,2.0,Estádio Raimundo Sampaio,G. Kleina,3
Sport,PE,1.0,17:01,4-2-3-1,5361,Ponte Preta,F. Moreira,SP,,Sport,4-2-3-1,2015-12-06,0.0,Moisés Lucarelli,Falcao,38
Botafogo-Rj,SP,0.0,16:00,,3291,Botafogo-Rj,,RJ,,Sao Paulo,,2010-09-12,2.0,Engenhão,,21
Botafogo-Rj,RS,1.0,20:30,,701,Botafogo-Rj,,RJ,,Internacional,,2004-07-07,5.0,Caio Martins,,13
-,PA,0.0,20:30,,1266,Brasiliense,,DF,,Paysandu,,2005-07-28,0.0,Serejão,,15
Santos,MG,0.0,15:59,,7681,Santos,F. Bustos,SP,,America-Mg,4-1-4-1,2022-04-24,3.0,Estádio Urbano Caldeira,V. Carmo Mancini,3
Ponte Preta,PR,1.0,17:01,4-1-4-1,6086,Ponte Preta,E. Baptista,SP,,Athletico-Pr,4-2-3-1,2017-11-15,2.0,Moisã©S Lucarelli,F. Soares Pessoa,35
Fluminense,RJ,1.0,18:03,4-4-1-1,5315,Vasco,,RJ,,Fluminense,4-2-3-1,2015-11-01,0.0,Estádio Nilton Santos,E. Baptista,33
Ponte Preta,SC,2.0,16:00,4-2-3-1,5799,Ponte Preta,G. Kleina,SP,,Chapecoense,4-1-4-1,2017-06-11,3.0,Moisés Lucarelli,V. Carmo Mancini,6
Gremio,MG,0.0,19:00,4-2-3-1,5456,Gremio,R. Machado Marques,RS,,Cruzeiro,4-2-3-1,2016-06-19,2.0,Arena Do Grêmio,P. Gomes Bento,9
Empate,BA,1.0,16:01,3-5-2,8472,Atletico-Mg,G. Milito,MG,,Bahia,4-1-2-1-2,2024-06-02,1.0,Arena Mrv,R. Ceni,7
Santos,SP,0.0,19:00,4-3-3,6407,Santos,A. Stival,SP,,Corinthians,4-2-3-1,2018-10-13,1.0,Estádio Municipal Paulo Machado De Carvalho,J. Ribeiro Ventura,29
Corinthians,SP,1.0,16:00,,871,Palmeiras,,SP,,Corinthians,NAN,2004-08-29,0.0,Morumbi,,27
Atletico-Mg,MG,2.0,21:31,4-3-3,8479,Bragantino,,SP,,Atletico-Mg,3-5-2,2024-06-11,1.0,Nabizão,G. Milito,8
Santos,PE,2.0,18:30,4-2-3-1,5624,Santos,D. Silvestre Júnior,SP,,Santa Cruz,4-2-3-1,2016-09-18,3.0,Estádio Municipal Paulo Machado De Carvalho,D. Ghidoni Junior,26
Empate,MG,2.0,18:31,4-3-3,8837,Mirassol,R. Guanaes,SP,205180.0,Atletico-Mg,4-4-2,2025-04-26,2.0,"Campos Maia, Mirassol",J. Sampaoli,6
Vasco,SC,1.0,18:59,4-2-3-1,6335,Vasco,V. De Morais Filho,RJ,,Chapecoense,4-1-4-1,2018-08-26,3.0,Estádio Vasco Da Gama,A. Ferreira,21
Botafogo-Rj,RJ,1.0,21:30,4-2-2-2,8772,Internacional,R. Machado Marques,RS,,Botafogo-Rj,4-2-3-1,2024-12-04,0.0,Estádio Beira-Rio,A. Torres Gomes Araújo Amorim,37
Atletico-Mg,SC,1.0,18:59,4-4-2,7724,Atletico-Mg,A. Mohamed Matijevich,MG,,Avai,,2022-05-29,2.0,Mineirão,E. De Souza Barroca,8
Atletico-Mg,PE,0.0,19:30,4-4-2,5613,Atletico-Mg,M. De Oliveira Santos,MG,,Sport,4-2-3-1,2016-09-15,1.0,Estádio Raimundo Sampaio,O. De Oliveira Filho,25
Gremio,RS,1.0,20:30,4-2-3-1,7084,Fluminense,O. Hellmann,RJ,,Gremio,,2020-11-08,0.0,Maracanã,Renato Gaúcho,20
Internacional,BA,1.0,18:29,4-2-3-1,8683,Internacional,R. Machado Marques,RS,,Vitoria,4-2-3-1,2024-09-29,3.0,Estádio Beira-Rio,,28
Flamengo,RJ,1.0,21:01,4-2-3-1,8724,Cruzeiro,,MG,,Flamengo,4-2-3-1,2024-11-06,0.0,Estádio Independência,F. Luís,32
Internacional,RS,2.0,18:30,,2795,Nautico,,PE,,Internacional,,2009-07-05,0.0,Aflitos,,9
Palmeiras,RS,1.0,18:10,,2345,Palmeiras,,SP,,Internacional,,2008-05-18,2.0,Palestra Itã¡Lia,,2
Atletico-Mg,MG,1.0,18:30,,4436,Gremio,,RS,,Atletico-Mg,,2013-09-15,0.0,Arena Do Grêmio,,21
Gremio,GO,1.0,16:32,,8708,Gremio,Renato Gaúcho,RS,,Atletico-Go,4-2-3-1,2024-10-26,3.0,Arena Do Grêmio,U. Louzer Filho,31
Empate,RS,1.0,16:00,4-2-3-1,8611,Corinthians,R. Díaz,SP,,Juventude,4-2-3-1,2024-08-04,1.0,Neo Química Arena,J. Ribeiro Ventura,21
Empate,RS,1.0,18:00,,605,Vasco,,RJ,,Gremio,,2004-05-08,1.0,São Januário,,5
Figueirense,PR,0.0,18:10,,1449,Figueirense,,SC,,Parana,,2005-10-15,2.0,Orlando Scarpelli,,32
Sao Paulo,SP,1.0,19:00,4-4-2,6545,Fortaleza,R. Ceni,CE,,Sao Paulo,4-3-3,2019-05-12,0.0,Arena Castelão,A. Stival,4
Sao Caetano,PR,0.0,16:00,,394,Sao Caetano,,SP,,Parana,,2003-09-28,2.0,Anacleto Campanella,,33
Corinthians,RS,1.0,16:00,,2140,Corinthians,,SP,,Gremio,,2007-08-12,2.0,Pacaembu,,19
Fortaleza,MG,1.0,18:10,,1502,Fortaleza,,CE,,Cruzeiro,,2005-11-05,3.0,Castelão,,37
Empate,BA,2.0,19:30,4-2-3-1,5688,Fluminense,L. Culpi,RJ,,Vitoria,4-3-3,2016-10-28,2.0,Maracanã,A. Fucks,33
Empate,PE,1.0,18:20,,2549,Botafogo-Rj,,RJ,,Nautico,NAN,2008-08-30,1.0,Engenhão,,23
Figueirense,SP,0.0,16:00,,95,Figueirense,,SC,,Sao Caetano,,2003-05-11,3.0,Orlando Scarpelli,,8
Gremio,SP,0.0,16:00,,2520,Gremio,,RS,,Sao Paulo,,2008-08-17,1.0,Olímpico,,20
Portuguesa,RJ,0.0,21:50,,4422,Portuguesa,,SP,,Vasco,,2013-09-11,2.0,Canindé,,20
Empate,SP,0.0,19:33,4-3-2-1,5197,Joinville,P. Lopes De Gusmão,SC,,Sao Paulo,4-2-2-2,2015-09-02,0.0,Arena Joinville,J. Osorio,22
Athletico-Pr,DF,0.0,20:30,,1444,Athletico-Pr,,PR,,Brasiliense,,2005-10-11,4.0,Arena Da Baixada,,31
Atletico-Go,GO,3.0,21:00,,3246,Palmeiras,,SP,,Atletico-Go,,2010-08-26,0.0,Pacaembu,,16
Empate,CE,0.0,18:59,4-2-3-1,7027,Coritiba,,PR,,Fortaleza,4-2-3-1,2020-10-10,0.0,Couto Pereira,R. Ceni,15
Vasco,RJ,3.0,16:00,,3724,Cruzeiro,,MG,,Vasco,,2011-09-25,0.0,Arena Do Jacaré,,26
Parana,PR,3.0,16:00,,261,Vitoria,,BA,,Parana,NAN,2003-07-27,0.0,Barradão,,22
Flamengo,SP,0.0,21:30,,7604,Flamengo,Renato Gaúcho,RJ,,Corinthians,4-3-3,2021-11-17,1.0,Maracanã,,33
Empate,RJ,0.0,16:00,,2931,Athletico-Pr,,PR,,Flamengo,,2009-09-06,0.0,Arena Da Baixada,,23
Santos,SP,2.0,20:03,4-2-3-1,8256,Bahia,R. Ceni,BA,,Santos,3-4-1-2,2023-09-18,1.0,Itaipava Arena Fonte Nova,,24
Chapecoense,SP,0.0,19:31,4-1-4-1,5724,Chapecoense,L. Saroli Caio Júnior,SC,,Sao Paulo,4-2-3-1,2016-11-20,2.0,Arena Condá,,36
Empate,RJ,2.0,21:50,,2455,Portuguesa,,SP,,Flamengo,,2008-07-23,2.0,Canindé,,14
Gremio,RS,3.0,21:00,4-4-2,5396,Atletico-Mg,M. De Oliveira Santos,MG,,Gremio,4-2-3-1,2016-05-26,0.0,Estádio Raimundo Sampaio,R. Machado Marques,3
Chapecoense,RJ,0.0,19:01,4-1-4-1,6043,Chapecoense,E. Hartkopp,SC,,Fluminense,4-3-2-1,2017-10-22,2.0,Arena Condá,A. Da Silva Braga,30
Cruzeiro,SP,0.0,21:00,4-3-3,8139,Cruzeiro,P. Marques Da Costa Filipe,MG,,Sao Paulo,4-2-3-1,2023-06-24,1.0,Estádio Raimundo Sampaio,D. Silvestre Júnior,12
Vasco,RJ,1.0,19:00,4-2-3-1,6644,Goias,N. Da Silveira Júnior,GO,,Vasco,4-2-3-1,2019-11-08,0.0,Estádio Do Governo Do Estado De Goiás (Serra Dourada),V. Luxemburgo Da Silva,14
Vitoria,SP,0.0,18:10,,2376,Vitoria,,BA,,Santos,,2008-06-08,1.0,Barradão,,5
Palmeiras,SP,2.0,21:50,,2956,Cruzeiro,,MG,,Palmeiras,,2009-09-23,1.0,Mineirão,,25
Guarani,GO,0.0,18:30,,3095,Guarani,,SP,,Goias,,2010-05-09,1.0,Brinco De Ouro,,1
Flamengo,RJ,1.0,18:30,,3016,Botafogo-Rj,,RJ,,Flamengo,,2009-10-25,0.0,Engenhão,,31
Empate,SC,1.0,18:29,4-2-3-1,5248,Internacional,,RS,,Figueirense,4-3-1-2,2015-09-19,1.0,Estádio José Pinheiro Borda,H. Coutinho,27
Palmeiras,MG,0.0,19:10,,2686,Palmeiras,,SP,,Ipatinga,,2008-11-23,2.0,Palestra Itália,,36
Empate,RJ,1.0,21:45,,1672,Sao Caetano,,SP,,Botafogo-Rj,,2006-07-12,1.0,Anacleto Campanella,,11
Ponte Preta,RS,0.0,16:00,,20,Ponte Preta,,SP,,Juventude,,2003-04-06,1.0,Moisés Lucarelli,,2
Gremio,SC,1.0,21:00,4-2-2-2,5258,Gremio,R. Machado Marques,RS,,Avai,4-5-1,2015-09-26,3.0,Arena Do Grêmio,G. Kleina,28
Flamengo,SP,0.0,16:00,,2880,Flamengo,,RJ,,Corinthians,,2009-08-09,1.0,Maracanã,,18
Empate,BA,1.0,21:00,4-2-3-1,5390,America-Mg,G. De Oliveira,MG,,Vitoria,4-2-3-1,2016-05-25,1.0,Estádio Raimundo Sampaio,V. Carmo Mancini,3
Nautico,PR,1.0,17:00,,2690,Nautico,,PE,,Athletico-Pr,,2008-11-30,2.0,Aflitos,,37
Vasco,RJ,1.0,17:00,3-4-1-2,6436,Fluminense,M. De Oliveira Santos,RJ,,Vasco,4-2-3-1,2018-11-03,0.0,Maracanã,A. Valentim Do Carmo Neto,32
Empate,SP,2.0,21:45,,1365,Paysandu,,PA,,Ponte Preta,,2005-09-07,,Mangueirão,,24
Empate,RJ,2.0,16:00,,810,Corinthians,,SP,,Botafogo-Rj,,2004-08-08,2.0,Pacaembu,,22
Botafogo-Rj,RS,1.0,16:01,4-1-4-1,6146,Botafogo-Rj,,RJ,,Gremio,,2018-04-28,2.0,Estádio Nilton Santos,Renato Gaúcho,3
Figueirense,SC,1.0,16:00,,1197,Botafogo-Rj,,RJ,,Figueirense,NAN,2005-06-26,0.0,Luso Brasileiro,,9
Empate,SP,1.0,19:30,4-2-3-1,9040,Internacional,R. Díaz,RS,709971.0,Corinthians,3-5-2,2025-10-01,1.0,"Estádio Beira-Rio, Porto Alegre",D. Junior,26
Corinthians,SP,2.0,16:00,4-2-3-1,5802,Corinthians,F. Carille,SP,,Sao Paulo,3-1-4-2,2017-06-11,3.0,Neo Química Arena,R. Ceni,6
Internacional,RS,0.0,20:31,4-3-3,7383,Internacional,,RS,,Juventude,4-2-3-1,2021-07-18,10.0,Estádio José Pinheiro Borda,M. Dos Santos Gonçalves,12
Vasco,PR,1.0,18:30,,3567,Vasco,,RJ,,Athletico-Pr,,2011-07-16,2.0,São Januário,,10
Corinthians,SP,2.0,16:00,,1144,Athletico-Pr,,PR,,Corinthians,,2005-05-15,1.0,Arena Da Baixada,,4
Athletico-Pr,SC,0.0,18:30,,4704,Athletico-Pr,C. Dos Santos Oliveira,PR,,Figueirense,,2014-10-12,3.0,Estádio Joaquim Américo Guimarães,,28
Fluminense,RJ,2.0,20:30,,2196,Sport,,PE,,Fluminense,,2007-09-06,0.0,Ilha Do Retiro,,24
Atletico-Mg,SP,0.0,18:29,4-2-3-1,5369,Atletico-Mg,D. Aguirre Camblor,MG,,Santos,4-2-3-1,2016-05-14,1.0,Estádio Raimundo Sampaio,D. Silvestre Júnior,1
Empate,CE,0.0,18:00,4-2-3-1,7952,Atletico-Mg,A. Stival,MG,,Ceara,4-3-3,2022-10-09,0.0,Mineirão,L. González,31
Fluminense,GO,0.0,16:00,,2081,Fluminense,,RJ,,Goias,,2007-07-22,3.0,Engenheiro Araripe,,13
Sao Paulo,SP,1.0,17:00,,3839,Sao Paulo,,SP,,Santos,,2011-12-04,4.0,Romildo Ferreira,,38
Empate,RS,1.0,16:00,4-2-3-1,9000,Flamengo,F. Luís,RJ,4995950.0,Gremio,4-2-3-1,2025-08-31,1.0,"Maracanã, Rio De Janeiro",L. Castro,22
Vasco,PE,1.0,16:00,,1661,Vasco,,RJ,,Santa Cruz,,2006-06-04,2.0,São Januário,,10
Atletico-Mg,MG,3.0,11:04,4-2-3-1,8648,Gremio,Renato Gaúcho,RS,,Atletico-Mg,4-3-3,2024-09-01,2.0,Arena Do Grêmio,G. Milito,25
Empate,RS,1.0,20:30,4-2-3-1,7718,Fortaleza,J. Vojvoda,CE,,Juventude,4-4-2,2022-05-28,1.0,Arena Castelã£O,E. Baptista,8
Fortaleza,SP,0.0,21:30,4-2-3-1,8523,Fortaleza,J. Vojvoda,CE,,Palmeiras,3-4-2-1,2024-06-26,3.0,Arena Castelão,,12
Empate,PR,2.0,18:00,,622,Sao Paulo,,SP,,Parana,,2004-05-16,2.0,Morumbi,,6
Empate,PE,2.0,17:00,,2689,Portuguesa,,SP,,Sport,,2008-11-30,2.0,Canindé,,37
Empate,RS,1.0,21:30,4-2-3-1,7176,Palmeiras,A. Moreira Ferreira,SP,,Gremio,4-2-3-1,2021-01-15,1.0,Allianz Parque,Renato Gaúcho,30
Gremio,PE,0.0,20:30,,2628,Gremio,,RS,,Sport,,2008-10-23,1.0,Olímpico,,31
Corinthians,SP,2.0,22:00,,1732,Fluminense,,RJ,,Corinthians,,2006-08-16,1.0,Maracanã,,17
Guarani,SP,2.0,18:10,,1047,Palmeiras,,SP,,Guarani,,2004-11-20,0.0,Parque Antã¡Rtica,,42
Athletico-Pr,GO,0.0,18:30,,3046,Athletico-Pr,,PR,,Goias,,2009-11-08,2.0,Arena Da Baixada,,34
Botafogo-Rj,RJ,2.0,21:00,,4154,Botafogo-Rj,,RJ,,Vasco,,2012-10-18,3.0,Engenhão,,31
Empate,RS,1.0,18:30,4-4-2,9028,Juventude,M. Barbieri,RS,426222.0,Internacional,4-2-3-1,2025-09-27,1.0,"Alfredo Jaconi, Caxias Do Sul",R. Díaz,25
Sao Paulo,SC,1.0,20:30,,744,Sao Paulo,,SP,,Figueirense,,2004-07-17,2.0,Morumbi,,16
Empate,SP,1.0,21:40,,225,Goias,,GO,,Corinthians,,2003-07-16,1.0,Serra Dourada,,19
Palmeiras,SP,2.0,16:02,4-2-3-1,5842,Ponte Preta,G. Kleina,SP,,Palmeiras,4-1-4-1,2017-06-25,,Moisés Lucarelli,A. Stival,10
Internacional,GO,0.0,18:00,,627,Internacional,,RS,,Goias,,2004-05-22,1.0,Beira Rio,,7
Empate,SP,1.0,22:00,,3282,Vitoria,,BA,,Palmeiras,,2010-09-08,1.0,Barradão,,20
Barueri,RJ,0.0,21:50,,3022,Barueri,,SP,,Flamengo,,2009-10-28,2.0,Arena Barueri,,32
Cruzeiro,RS,1.0,18:31,,4874,Cruzeiro,M. De Oliveira Santos,MG,,Internacional,,2014-10-04,2.0,Mineirão,A. Da Silva Braga,26
Empate,MG,1.0,18:30,,4407,Vitoria,,BA,,Atletico-Mg,,2013-09-07,1.0,Barradão,,19
Juventude,RS,3.0,18:00,4-2-3-1,9107,Vasco,F. Diniz,RJ,1385588.0,Juventude,3-4-1-2,2025-11-08,1.0,"Estádio São Januário, Rio De Janeiro",M. Barbieri,33
Internacional,RS,0.0,19:00,4-2-3-1,7577,Internacional,D. Aguirre Camblor,RS,,Gremio,4-3-3,2021-11-06,1.0,Estã¡Dio Josã© Pinheiro Borda,V. Carmo Mancini,30
Empate,SP,0.0,18:30,,3886,Figueirense,,SC,,Ponte Preta,,2012-06-10,0.0,Orlando Scarpelli,,4
Empate,RS,1.0,21:30,4-2-3-1,7742,Santos,F. Bustos,SP,,Internacional,4-2-3-1,2022-06-08,1.0,Estádio Urbano Caldeira,L. Venker De Menezes,10
Atletico-Mg,SC,0.0,16:00,,3379,Atletico-Mg,,MG,,Avai,,2010-10-17,2.0,Arena Do Jacaré,,30
Empate,SP,2.0,16:00,,354,Figueirense,,SC,,Sao Paulo,,2003-09-14,2.0,Orlando Scarpelli,,30
Empate,RJ,1.0,21:00,4-3-3,8214,Bragantino,P. Faria Caixinha,SP,,Vasco,4-1-4-1,2023-08-14,1.0,Nabizão,R. Díaz,19
Fluminense,RJ,1.0,20:00,4-2-3-1,7986,Ceara,J. Antonello,CE,,Fluminense,4-2-2-2,2022-10-31,0.0,Arena Castelão,F. Diniz Silva,35
Flamengo,BA,0.0,20:59,4-2-3-1,5416,Flamengo,J. Mannarino,RJ,,Vitoria,4-2-3-1,2016-06-02,1.0,Estádio Municipal General Raulino De Oliveira,V. Carmo Mancini,5
Palmeiras,SP,0.0,21:00,,4111,Palmeiras,,SP,,Ponte Preta,,2012-09-29,3.0,Pacaembu,,27
Paysandu,MG,0.0,20:30,,243,Paysandu,,PA,,Cruzeiro,,2003-07-23,3.0,Mangueirão,,21
Botafogo-Rj,PR,0.0,21:01,4-2-3-1,7827,Botafogo-Rj,L. Castro,RJ,,Athletico-Pr,4-2-3-1,2022-07-23,2.0,Estã¡Dio Nilton Santos,L. Scolari,19
Empate,SP,0.0,21:50,,4364,Fluminense,,RJ,,Corinthians,,2013-08-14,0.0,Maracanã,,14
Ceara,CE,3.0,21:00,4-3-3,7648,Palmeiras,A. Moreira Ferreira,SP,,Ceara,,2022-04-09,2.0,Allianz Parque,D. Silvestre Júnior,1
Empate,RJ,1.0,21:50,,3182,Gremio,,RS,,Vasco,,2010-07-21,1.0,Olímpico,,10
Sao Paulo,PE,0.0,17:04,4-2-3-1,5740,Sao Paulo,L. De Oliveira Preto,SP,,Santa Cruz,4-2-3-1,2016-12-11,5.0,Estádio Municipal Paulo Machado De Carvalho,,38
Sao Caetano,SP,0.0,16:00,,1601,Sao Caetano,,SP,,Palmeiras,,2006-05-07,2.0,Anacleto Campanella,,4
Chapecoense,RS,0.0,20:21,4-2-3-1,5333,Chapecoense,A. Ferreira,SC,,Internacional,4-2-3-1,2015-11-19,1.0,Arena Condá,A. Fucks,35
Ponte Preta,MG,0.0,19:30,4-2-3-1,5833,Ponte Preta,,SP,,Cruzeiro,4-2-3-1,2017-06-22,1.0,Moisés Lucarelli,L. Venker De Menezes,9
Sao Paulo,SP,0.0,19:31,4-2-3-1,5698,Sao Paulo,R. Gomes Raymundo,SP,,Corinthians,4-1-4-1,2016-11-05,4.0,Morumbi,O. De Oliveira Filho,34
Sao Paulo,SP,2.0,20:30,,1008,Sao Paulo,,SP,,Sao Caetano,,2004-11-03,4.0,Morumbi,,38
Sao Paulo,PE,0.0,17:00,,3081,Sao Paulo,,SP,,Sport,,2009-12-06,4.0,Morumbi,,38
Palmeiras,SP,3.0,16:00,3-4-2-1,6161,Athletico-Pr,F. Diniz Silva,PR,,Palmeiras,4-2-3-1,2018-06-05,1.0,Estádio Joaquim Américo Guimarães,R. Machado Marques,4
Fortaleza,PR,1.0,18:30,4-2-3-1,7221,Fortaleza,E. Alves Moreira,CE,,Coritiba,5-4-1,2021-02-04,3.0,Arena Castelão,G. Morínigo,34
Atletico-Go,GO,2.0,21:00,4-2-3-1,8487,Fluminense,F. Diniz Silva,RJ,,Atletico-Go,4-3-3,2024-06-15,,Maracanã,J. Ribeiro Ventura,9
Santos,RJ,1.0,16:00,,1104,Santos,,SP,,Vasco,,2004-12-19,2.0,Teixeirão,,46
Sao Paulo,MG,1.0,16:00,,3680,Sao Paulo,,SP,,Atletico-Mg,,2011-09-07,2.0,Morumbi,,22
Internacional,SP,0.0,21:00,,7139,Internacional,A. Da Silva Braga,RS,,Palmeiras,4-2-3-1,2020-12-19,2.0,Estádio José Pinheiro Borda,A. Moreira Ferreira,26
Empate,PE,2.0,18:29,4-2-3-1,5378,Fluminense,L. Culpi,RJ,,Santa Cruz,4-2-3-1,2016-05-21,2.0,Estádio Municipal General Raulino De Oliveira,M. Mendes,2
Atletico-Mg,RJ,1.0,18:30,,4456,Atletico-Mg,,MG,,Vasco,,2013-09-22,2.0,Independência,,23
Goias,GO,3.0,16:00,,1617,Athletico-Pr,,PR,,Goias,,2006-05-20,2.0,Kyocera Arena,,6
Empate,BA,0.0,20:00,4-2-3-1,8425,Cuiaba,A. Gonçalves Teixeira,MT,,Vitoria,4-1-4-1,2024-06-05,0.0,Arena Pantanal,T. Carpini Barbosa,2
Corinthians,MG,0.0,21:46,,6268,Corinthians,O. Loss,SP,,Cruzeiro,4-2-3-1,2018-07-25,2.0,Neo Química Arena,,15
Bahia,RJ,0.0,21:50,,4321,Bahia,,BA,,Flamengo,,2013-07-31,3.0,Fonte Nova,,10
Sao Paulo,BA,0.0,19:31,3-4-2-1,5793,Sao Paulo,R. Ceni,SP,,Vitoria,4-2-3-1,2017-06-08,2.0,Morumbi,A. Tadeu Gallo,5
Atletico-Go,RJ,1.0,18:30,,3289,Atletico-Go,,GO,,Fluminense,,2010-09-11,2.0,Serra Dourada,,21
Empate,MG,0.0,21:30,4-2-3-1,7233,Fluminense,M. De Oliveira,RJ,,Atletico-Mg,3-4-3,2021-02-10,0.0,Maracanã,J. Sampaoli Moya,35
Fluminense,RS,0.0,21:00,,3398,Fluminense,,RJ,,Gremio,,2010-10-28,2.0,Engenhão,,32
Coritiba,RJ,0.0,20:30,,220,Coritiba,,PR,,Fluminense,,2003-07-16,3.0,Couto Pereira,,19
Goias,SP,1.0,16:00,,1414,Goias,,GO,,Ponte Preta,,2005-10-01,,Serra Dourada,,29
Sao Paulo,SP,2.0,15:59,4-2-3-1,7910,Ceara,L. González,CE,,Sao Paulo,,2022-09-18,0.0,Arena Castelão,R. Ceni,27
Vasco,RS,1.0,16:02,4-3-3,8410,Vasco,R. Díaz,RJ,,Gremio,4-2-3-1,2024-04-14,2.0,Estádio São Januário,Renato Gaúcho,1
Gremio,SP,1.0,18:10,,1035,Gremio,,RS,,Ponte Preta,,2004-11-13,6.0,Bento Freitas,,41
Corinthians,CE,0.0,16:00,4-3-3,7672,Corinthians,V. De Oliveira Lopes Pereira,SP,,Fortaleza,3-4-1-2,2022-05-01,1.0,Neo Química Arena,J. Vojvoda,4
Empate,MG,3.0,18:30,,2924,Vitoria,,BA,,Cruzeiro,,2009-08-30,3.0,Barradão,,22
Empate,SP,0.0,20:30,,1904,Fluminense,,RJ,,Ponte Preta,,2006-11-09,0.0,Maracanã,,34
Vitoria,BA,1.0,20:59,4-2-3-1,5616,Internacional,C. Juarez Roth,RS,,Vitoria,4-4-1-1,2016-09-15,0.0,Estádio José Pinheiro Borda,A. Fucks,25
Corinthians,SP,0.0,11:04,4-1-4-1,5251,Corinthians,A. Bacchi,SP,,Santos,4-2-3-1,2015-09-20,2.0,Neo Química Arena,D. Silvestre Júnior,27
Figueirense,RJ,1.0,16:00,,907,Figueirense,,SC,,Botafogo-Rj,,2004-09-12,3.0,Orlando Scarpelli,,30
Atletico-Mg,GO,1.0,18:15,4-3-3,7181,Atletico-Mg,J. Sampaoli Moya,MG,,Atletico-Go,4-2-3-1,2021-01-17,3.0,Mineirão,M. Ribeiro Cabo,30
Empate,BA,1.0,18:32,,4674,Botafogo-Rj,V. Carmo Mancini,RJ,,Vitoria,,2014-05-25,1.0,Moacyrzão,J. Da Silva,7
Vasco,RJ,2.0,18:01,4-2-3-1,8551,Internacional,E. Coudet,RS,,Vasco,4-2-3-1,2024-07-07,1.0,Estádio Beira-Rio,C. De Paiva,15
Flamengo,SP,0.0,21:50,,3542,Flamengo,,RJ,,Sao Paulo,,2011-07-06,1.0,Engenhão,,8
Empate,GO,0.0,18:10,,1798,Vasco,,RJ,,Goias,,2006-09-16,0.0,São Januário,,24
Portuguesa,MG,0.0,20:30,,4576,Portuguesa,,SP,,Atletico-Mg,,2013-11-17,2.0,Canindé,,35
Cuiaba,PR,1.0,16:03,4-1-4-1,8021,Cuiaba,,MT,,Coritiba,4-1-4-1,2022-11-13,2.0,Arena Pantanal,A. Ferreira,38
Fluminense,RJ,2.0,16:00,,3763,Palmeiras,,SP,,Fluminense,,2011-10-16,1.0,Canindé,,30
Empate,RJ,1.0,20:59,4-2-3-1,6241,Palmeiras,R. Machado Marques,SP,,Flamengo,4-1-4-1,2018-06-13,1.0,Allianz Parque,M. Nogueira Barbieri,12
Empate,SP,0.0,16:01,,4742,Coritiba,C. Juarez Roth,PR,,Corinthians,,2014-08-03,0.0,Couto Pereira,L. Venker De Menezes,13
Botafogo-Rj,RJ,1.0,19:30,4-1-4-1,6847,Chapecoense,M. Dos Santos Gonçalves,SC,,Botafogo-Rj,4-1-4-1,2019-11-27,0.0,Arena Condá,A. Valentim Do Carmo Neto,35
Atletico-Mg,SC,0.0,18:00,,3668,Atletico-Mg,,MG,,Avai,,2011-09-03,2.0,Arena Do Jacaré,,21
Flamengo,PR,1.0,16:00,,853,Flamengo,,RJ,,Parana,,2004-08-21,2.0,Raulino De Oliveira,,26
Ceara,CE,2.0,19:00,4-2-3-1,7120,Bahia,L. Venker De Menezes,BA,,Ceara,,2020-12-05,0.0,Itaipava Arena Fonte Nova,A. Ferreira,24
Gremio,PR,0.0,15:58,4-2-3-1,6367,Gremio,Renato Gaúcho,RS,,Parana,4-1-4-1,2018-09-15,2.0,Arena Do Grêmio,Ademir Fesan,25
Atletico-Go,RS,0.0,19:59,4-2-3-1,7544,Atletico-Go,E. Do Nascimento Souza,GO,,Gremio,4-2-3-1,2021-10-25,2.0,Estádio Antônio Accioly,V. Carmo Mancini,28
Vasco,RJ,2.0,16:00,,1740,Santos,,SP,,Vasco,,2006-08-20,0.0,Vila Belmiro,,18
Corinthians,BA,1.0,20:02,4-1-4-1,5576,Corinthians,C. Borges Dos Santos,SP,,Vitoria,4-2-3-1,2016-08-22,2.0,Neo  Química  Arena,V. Carmo Mancini,21
Botafogo-Rj,RJ,1.0,20:59,,4915,Botafogo-Rj,V. Carmo Mancini,RJ,,Flamengo,,2014-10-25,2.0,Arena Da Amazônia,,31
Empate,GO,1.0,11:02,4-4-1-1,5140,Coritiba,N. Da Silveira Júnior,PR,,Goias,4-1-2-1-2,2015-08-02,1.0,Couto Pereira,J. Camargo,16
Sao Paulo,MG,2.0,11:00,4-1-4-1,5938,Sao Paulo,D. Silvestre Júnior,SP,,Cruzeiro,4-4-2,2017-08-13,3.0,Morumbi,L. Venker De Menezes,20
Figueirense,SC,1.0,16:00,,2421,Ipatinga,,MG,,Figueirense,,2008-07-06,0.0,Ipatingão,,11
Palmeiras,RJ,0.0,20:03,4-2-3-1,6115,Palmeiras,A. Valentim Do Carmo Neto,SP,,Botafogo-Rj,4-2-3-1,2017-11-27,2.0,Allianz Parque,J. Ribeiro Ventura,37
Goias,GO,2.0,20:30,,748,Atletico-Mg,,MG,,Goias,,2004-07-20,0.0,Mineirão,,17
Corinthians,PR,0.0,16:01,4-3-3,7619,Corinthians,S. Campos Junior,SP,,Athletico-Pr,3-4-3,2021-11-28,1.0,Neo Química Arena,A. Valentim Do Carmo Neto,36
Empate,MG,2.0,18:00,,348,Coritiba,,PR,,Atletico-Mg,,2003-08-31,2.0,Couto Pereira,,29
Bahia,BA,1.0,16:01,4-1-4-1,6417,Botafogo-Rj,J. Mannarino,RJ,,Bahia,4-2-3-1,2018-10-20,0.0,Estádio Nilton Santos,E. Alves Moreira,30
Corinthians,SC,0.0,21:29,4-3-3,7565,Corinthians,S. Campos Junior,SP,,Chapecoense,4-5-1,2021-11-01,1.0,Neo Química Arena,F. Paiva Endres,29
Figueirense,RN,1.0,20:30,,2170,Figueirense,,SC,,America-Rn,,2007-08-29,3.0,Orlando Scarpelli,,22
Flamengo,RJ,2.0,19:00,4-1-4-1,7967,America-Mg,V. Carmo Mancini,MG,,Flamengo,4-3-3,2022-10-22,1.0,Estádio Raimundo Sampaio,D. Silvestre Júnior,33
Palmeiras,SP,0.0,16:00,,2222,Palmeiras,,SP,,Corinthians,,2007-09-23,1.0,Morumbi,,27
Empate,MG,1.0,16:02,,5403,Vitoria,V. Carmo Mancini,BA,,Atletico-Mg,4-3-3,2016-05-29,1.0,Itaipava Arena Fonte Nova,M. De Oliveira Santos,4
Santos,SP,0.0,21:03,4-3-3,8915,Santos,J. Vojvoda,SP,805116.25,Palmeiras,3-4-2-1,2025-11-15,1.0,"Estádio Urbano Caldeira, Santos",A. Ferreira,13
Fluminense,RJ,3.0,19:30,,3237,Goias,,GO,,Fluminense,,2010-08-25,0.0,Serra Dourada,,16
Cruzeiro,RS,1.0,20:32,4-2-3-1,8911,Cruzeiro,T. Tite,MG,1777275.0,Gremio,4-2-3-1,2025-07-13,4.0,"Mineirã£O, Belo Horizonte",L. Castro,13
Fluminense,SC,0.0,21:00,4-3-1-2,4989,Fluminense,S. Drubscky De Campos,RJ,,Joinville,4-4-1-1,2015-05-09,1.0,Maracanã,H. Maria,1
Fluminense,RJ,3.0,18:59,4-4-2,7818,Goias,,GO,,Fluminense,4-2-3-1,2022-07-20,2.0,Estádio Da Serrinha,F. Diniz Silva,18
Empate,RJ,1.0,16:00,,872,Vasco,,RJ,,Fluminense,NAN,2004-08-29,1.0,Maracanã,,27
Palmeiras,SP,2.0,16:01,4-2-3-1,5900,Sport,V. Luxemburgo Da Silva,PE,,Palmeiras,4-3-3,2017-07-23,0.0,Arena De Pernambuco,A. Stival,16
Gremio,PR,0.0,19:30,,4469,Gremio,,RS,,Athletico-Pr,,2013-10-02,1.0,Arena Do Grêmio,,25
Sao Caetano,SP,1.0,18:00,,764,Cruzeiro,,MG,,Sao Caetano,,2004-07-24,0.0,Mineirão,,18
Empate,BA,0.0,21:45,4-2-3-1,6459,Sport,M. Mendes,PE,,Vitoria,4-1-4-1,2018-11-14,0.0,Adelmar Da Costa Carvalho,J. Burse,34
Juventude,RS,2.0,18:10,,1607,Sao Caetano,,SP,,Juventude,,2006-05-13,0.0,Anacleto Campanella,,5
Cruzeiro,MG,1.0,18:10,,1225,Cruzeiro,,MG,,Atletico-Mg,,2005-07-10,2.0,Mineirão,,11
Ceara,MG,1.0,19:00,4-2-3-1,7323,Ceara,A. Ferreira,CE,,Atletico-Mg,4-1-4-1,2021-06-24,2.0,Arena Castelão,A. Stival,6
Internacional,MG,1.0,16:00,,5427,Internacional,A. Fucks,RS,,America-Mg,4-2-3-1,2016-06-11,3.0,Estádio José Pinheiro Borda,S. De Oliveira Vieira,7
Ceara,SC,0.0,21:00,,3140,Ceara,,CE,,Avai,,2010-06-02,2.0,Castelão,,6
Empate,PE,1.0,21:00,,4336,Santos,,SP,,Nautico,,2013-09-25,1.0,Vila Belmiro,,11
Chapecoense,PE,1.0,21:00,4-1-3-2,6485,Chapecoense,C. Dos Santos Oliveira,SC,,Sport,4-2-3-1,2018-11-22,2.0,Arena Condá,M. Mendes,36
Fluminense,RS,1.0,19:00,4-1-4-1,6627,Fluminense,F. Diniz Silva,RJ,,Internacional,4-3-3,2019-08-03,2.0,Maracanã£,O. Hellmann,13
Ponte Preta,SP,1.0,15:30,,709,Ponte Preta,,SP,,Guarani,,2004-07-10,3.0,Moisés Lucarelli,,14
Santos,RJ,1.0,16:00,,510,Santos,,SP,,Fluminense,,2003-11-23,3.0,Vila Belmiro,,43
Santo Andre,SC,2.0,17:00,,3062,Santo Andre,,SP,,Avai,,2009-11-22,4.0,Bruno José Daniel,,36
Empate,GO,0.0,18:29,4-2-3-1,4996,Vasco,D. Ghidoni Junior,RJ,,Goias,4-2-3-1,2015-05-10,0.0,Estádio Vasco Da Gama,H. Pinto Dos Anjos,1
America-Mg,MG,2.0,20:59,4-2-3-1,6300,Sport,E. Baptista,PE,,America-Mg,4-1-2-1-2,2018-08-22,0.0,Adelmar  Da  Costa  Carvalho,A. Batista,20
Gremio,PE,0.0,16:00,,4230,Gremio,,RS,,Nautico,,2013-05-26,2.0,Alfredo Jaconi,,1
Corinthians,RJ,0.0,16:00,,3209,Corinthians,,SP,,Flamengo,,2010-08-08,1.0,Pacaembu,,13
Empate,SP,0.0,16:00,,1116,Goias,,GO,,Sao Caetano,NAN,2005-04-30,0.0,Serra Dourada,,2
Empate,SP,0.0,20:29,,4836,Gremio,L. Scolari,RS,,Santos,,2014-09-18,0.0,Arena Do Grêmio,E. Alves Moreira,22
Empate,BA,1.0,19:00,4-2-3-1,6804,Cruzeiro,A. Da Silva Braga,MG,,Bahia,4-3-3,2019-11-03,1.0,Mineirão,R. Machado Marques,30
Flamengo,MG,0.0,20:30,4-2-3-1,8955,Flamengo,F. Luís,RJ,3222755.0,Atletico-Mg,3-4-2-1,2025-07-27,1.0,"Maracanã, Rio De Janeiro",J. Sampaoli,17
Gremio,RS,2.0,15:59,,4640,Chapecoense,G. Dal Pozzo,SC,,Gremio,,2014-05-11,1.0,Arena Condá,E. Alves Moreira,4
Palmeiras,RJ,0.0,19:00,4-2-3-1,6314,Palmeiras,,SP,,Vasco,4-2-3-1,2018-08-12,1.0,Allianz Parque,J. De Amorim Campos,18
Empate,MG,0.0,20:31,3-4-2-1,9085,Palmeiras,A. Ferreira,SP,,Cruzeiro,4-2-3-1,2025-10-26,0.0,"Allianz Parque, São Paulo",T. Tite,30
Vitoria,RJ,0.0,16:00,,712,Vitoria,,BA,,Botafogo-Rj,,2004-10-07,1.0,Barradão,,14
Empate,PR,1.0,19:30,4-2-3-1,6456,Vasco,A. Valentim Do Carmo Neto,RJ,,Athletico-Pr,,2018-11-14,1.0,Estádio Vasco Da Gama,T. Retzalff Nunes,34
Empate,SP,1.0,21:32,4-3-3,9128,Santos,J. Vojvoda,SP,767026.25,Mirassol,4-3-3,2025-11-19,1.0,"Estádio Urbano Caldeira, Santos",R. Guanaes,34
Gremio,CE,2.0,19:00,4-2-3-1,7091,Gremio,Renato Gaúcho,RS,,Ceara,4-4-2,2020-11-14,4.0,Arena Do Grêmio,,21
Vasco,RJ,2.0,16:00,4-5-1,8254,Vasco,R. Díaz,RJ,,Fluminense,4-4-2,2023-09-16,4.0,Estádio Nilton Santos,E. De Barros,23
Vasco,RJ,1.0,16:00,,713,Flamengo,,RJ,,Vasco,,2004-07-10,0.0,Maracanã£,,14
Internacional,RS,2.0,18:30,,2888,Santo Andre,,SP,,Internacional,,2009-08-15,0.0,Bruno José Daniel,,19
Empate,DF,1.0,16:00,,1249,Botafogo-Rj,,RJ,,Brasiliense,,2005-07-23,1.0,Luso Brasileiro,,14
Botafogo-Rj,SP,1.0,18:10,,1865,Botafogo-Rj,,RJ,,Sao Caetano,,2006-10-22,2.0,Maracanã,,30
Empate,RJ,2.0,20:00,4-2-3-1,7845,Santos,L. Cirne Lima De Lorenzi,SP,,Fluminense,4-2-3-1,2022-08-01,2.0,Estádio Urbano Caldeira,E. De Barros,20
Empate,SP,2.0,18:31,4-3-3,5115,Sport,,PE,,Palmeiras,4-2-3-1,2015-07-12,2.0,Arena De Pernambuco,M. De Oliveira Santos,13
Corinthians,PR,0.0,18:00,,716,Corinthians,,SP,,Parana,,2004-07-10,1.0,Pacaembu,,14
Brasiliense,DF,2.0,20:30,,1474,Sao Paulo,,SP,,Brasiliense,,2005-10-27,1.0,Morumbi,,34
Empate,MG,2.0,20:30,,2060,Gremio,,RS,,Atletico-Mg,,2007-10-03,2.0,Olímpico,,29
Cruzeiro,MG,1.0,16:00,,3582,Corinthians,,SP,,Cruzeiro,,2011-07-24,0.0,Pacaembu,,11
Internacional,RS,1.0,18:00,,3784,Atletico-Go,,GO,,Internacional,,2011-10-30,0.0,Serra Dourada,,32
Santo Andre,SP,0.0,21:50,,3007,Santo Andre,,SP,,Palmeiras,,2009-10-21,2.0,Bruno José Daniel,,31
Athletico-Pr,MG,0.0,18:20,,2517,Athletico-Pr,,PR,,Ipatinga,,2008-08-16,5.0,Kyocera Arena,,20
Cruzeiro,MG,1.0,18:00,,215,Gremio,,RS,,Cruzeiro,,2003-07-13,0.0,Olímpico,,18
Corinthians,SP,2.0,16:00,,2823,Cruzeiro,,MG,,Corinthians,,2009-07-19,1.0,Mineirão,,12
Empate,BA,0.0,18:59,,6354,Fluminense,M. De Oliveira Santos,RJ,,Vitoria,4-4-2,2018-09-06,0.0,Maracanã,P. Carpegiani,23
Botafogo-Rj,MG,1.0,16:00,,1012,Botafogo-Rj,,RJ,,Cruzeiro,,2004-10-30,2.0,Caio Martins,,39
Criciuma,SP,0.0,20:30,,324,Criciuma,,SC,,Ponte Preta,,2003-08-21,3.0,Heriberto Hulse,,27
Cruzeiro,MG,2.0,16:00,,3293,Avai,,SC,,Cruzeiro,,2010-09-12,1.0,Ressacada,,21
Bahia,BA,2.0,21:00,,3966,Palmeiras,,SP,,Bahia,NAN,2012-07-26,0.0,Arena Barueri,,12
Empate,RS,1.0,18:30,,4175,Bahia,,BA,,Gremio,,2012-10-27,1.0,Pituaçu,,33
Corinthians,RS,1.0,18:00,,335,Corinthians,,SP,,Internacional,,2003-08-24,3.0,Pacaembu,,28
Bahia,RS,0.0,19:02,4-2-3-1,5994,Bahia,M. De Almeida Copertino,BA,,Gremio,4-2-3-1,2017-09-24,1.0,Itaipava Arena Fonte Nova,Renato Gaúcho,25
Paysandu,RS,0.0,17:00,,1381,Paysandu,,PA,,Juventude,,2005-09-17,3.0,Mangueirão,,26
Empate,PE,0.0,19:30,4-2-3-1,5046,Fluminense,E. Alves Moreira,RJ,,Sport,4-2-3-1,2015-06-07,0.0,Maracanã,E. Baptista,6
Goias,SP,1.0,16:00,,237,Goias,,GO,,Sao Caetano,,2003-07-20,2.0,Serra Dourada,,20
Coritiba,SP,0.0,19:30,,2428,Coritiba,,PR,,Portuguesa,,2008-07-09,4.0,Couto Pereira,,10
Empate,SP,1.0,19:00,4-2-3-1,5912,Gremio,Renato Gaúcho,RS,,Santos,4-2-3-1,2017-07-30,1.0,Arena Do Grêmio,L. Culpi,17
Empate,MG,0.0,19:32,4-3-3,5661,Palmeiras,A. Stival,SP,,Cruzeiro,4-2-3-1,2016-10-13,0.0,Estádio Doutor Adhemar De Barros,L. Venker De Menezes,30
Empate,BA,0.0,18:10,,2338,Sport,,PE,,Vitoria,,2008-05-17,0.0,Ilha Do Retiro,,2
Empate,MG,1.0,18:10,,2032,Internacional,,RS,,Atletico-Mg,,2007-06-30,1.0,Beira Rio,,8
Avai,RJ,2.0,18:30,,2771,Avai,,SC,,Fluminense,,2009-06-20,3.0,Ressacada,,7
Gremio,MG,1.0,21:00,,3144,Gremio,,RS,,Atletico-Mg,,2010-06-03,2.0,Olímpico,,6
Goias,SP,0.0,21:01,4-2-3-1,7099,Goias,A. César,GO,,Palmeiras,3-4-1-2,2020-11-21,1.0,Estádio Da Serrinha,A. Moreira Ferreira,22
Sao Paulo,SP,2.0,16:01,,4760,Palmeiras,R. Gareca Nardi,SP,,Sao Paulo,,2014-08-17,1.0,Estádio Municipal Paulo Machado De Carvalho,M. Ramalho,15
Palmeiras,RJ,2.0,11:00,4-2-3-1,5170,Palmeiras,M. De Oliveira Santos,SP,,Flamengo,4-2-3-1,2015-08-16,4.0,Allianz Parque,C. Borges Dos Santos,19
Empate,SP,1.0,16:02,,4792,Figueirense,A. Fucks,SC,,Sao Paulo,,2014-08-31,1.0,Orlando Scarpelli,M. Ramalho,18
Empate,RS,1.0,18:30,,2754,Cruzeiro,,MG,,Internacional,,2009-06-07,1.0,Mineirão,,5
Guarani,SP,0.0,21:45,,775,Guarani,,SP,,Palmeiras,,2004-07-28,1.0,Brinco De Ouro,,19
-,RJ,0.0,16:00,,1405,Juventude,,RS,,Botafogo-Rj,,2005-09-25,0.0,Alfredo Jaconi,,28
Empate,SP,1.0,16:02,4-1-4-1,8082,Corinthians,V. Luxemburgo Da Silva,SP,,Sao Paulo,4-2-3-1,2023-05-14,1.0,Neo Química Arena,D. Silvestre Júnior,6
Empate,PR,0.0,20:30,,1268,Figueirense,,SC,,Coritiba,,2005-07-28,0.0,Orlando Scarpelli,,15
Vitoria,RJ,1.0,19:29,,4827,Vitoria,N. Da Silveira Júnior,BA,,Fluminense,,2014-09-17,3.0,Barradão,,22
Empate,RJ,1.0,21:50,,3874,Santos,,SP,,Fluminense,,2012-06-06,1.0,Vila Belmiro,,3
Gremio,PE,1.0,19:30,,3938,Gremio,,RS,,Sport,,2012-07-18,3.0,Olímpico,,10
Palmeiras,RJ,0.0,19:00,4-2-3-1,9037,Palmeiras,,SP,,Vasco,4-2-3-1,2025-10-01,3.0,"Allianz Parque, São Paulo",F. Diniz,26
Figueirense,RS,0.0,18:10,,1887,Figueirense,,SC,,Juventude,,2006-11-04,1.0,Orlando Scarpelli,,33
Internacional,RS,4.0,18:10,,1223,Vasco,,RJ,,Internacional,,2005-07-10,2.0,São Januário,,11
Corinthians,SP,0.0,20:03,3-4-1-2,8720,Corinthians,R. Díaz,SP,,Palmeiras,4-2-3-1,2024-11-04,2.0,Neo Química Arena,,32
Empate,SP,0.0,16:00,,1420,Vasco,,RJ,,Palmeiras,,2005-10-02,0.0,São Januário,,29
Empate,RS,1.0,19:00,,409,Vasco,,RJ,,Juventude,,2003-10-08,1.0,Maracanã,,35
Figueirense,MG,1.0,16:00,,2197,Figueirense,,SC,,Atletico-Mg,,2007-09-08,2.0,Orlando Scarpelli,,25
Empate,RS,1.0,21:00,,2873,Palmeiras,,SP,,Gremio,,2009-08-06,1.0,Palestra Itália,,17
Cruzeiro,MG,2.0,21:46,,5870,Athletico-Pr,,PR,,Cruzeiro,4-2-3-1,2017-07-12,0.0,Estádio Joaquim Américo Guimarães,L. Venker De Menezes,13
Vasco,RJ,0.0,19:01,4-1-4-1,8343,Vasco,R. Díaz,RJ,,Botafogo-Rj,4-2-3-1,2023-11-06,1.0,Estádio São Januário,L. Flávio,32
Empate,PE,1.0,18:10,,2178,Flamengo,,RJ,,Sport,,2007-09-01,1.0,Maracanã,,23
Empate,BA,0.0,11:00,4-1-4-1,6620,Chapecoense,E. Hartkopp,SC,,Bahia,4-3-3,2019-07-28,0.0,Arena Condá,R. Machado Marques,12
Ceara,BA,0.0,20:00,,6934,Ceara,A. Ferreira,CE,,Bahia,4-2-3-1,2020-08-23,2.0,Arena Castelão,R. Machado Marques,5
Empate,MG,0.0,18:30,,4347,Nautico,,PE,,Atletico-Mg,,2013-08-10,0.0,Arena Pernambuco,,13
Cruzeiro,RJ,0.0,22:01,4-2-3-1,5031,Cruzeiro,V. Luxemburgo Da Silva,MG,,Flamengo,4-2-3-1,2015-06-03,1.0,Mineirão,C. Borges Dos Santos,5
Empate,RJ,2.0,17:00,,4933,Sport,E. Baptista,PE,,Flamengo,,2014-11-09,2.0,Arena De Pernambuco,V. Luxemburgo Da Silva,33
Fluminense,SP,0.0,16:31,4-2-3-1,7787,Fluminense,F. Diniz Silva,RJ,,Corinthians,3-4-3,2022-07-02,4.0,Maracanã,V. De Oliveira Lopes Pereira,15
Cruzeiro,MG,2.0,16:02,4-2-3-1,8960,Botafogo-Rj,Davide Ancelotti,RJ,,Cruzeiro,4-2-3-1,2025-08-03,0.0,"Estádio Nilton Santos, Rio De Janeiro",,18
Atletico-Go,RJ,0.0,16:00,,3382,Atletico-Go,,GO,,Vasco,,2010-10-17,2.0,Serra Dourada,,30
Empate,RS,1.0,18:10,,2546,Nautico,,PE,,Gremio,,2008-08-24,1.0,Aflitos,,22
Atletico-Go,GO,1.0,18:30,,3388,Guarani,,SP,,Atletico-Go,,2010-10-23,0.0,Brinco De Ouro,,31
Flamengo,CE,1.0,16:59,4-2-3-1,6966,Flamengo,D. Torrent Font,RJ,,Fortaleza,4-2-3-1,2020-09-05,2.0,Maracanã,R. Ceni,8
Flamengo,MG,1.0,16:00,4-2-3-1,6379,Flamengo,M. Nogueira Barbieri,RJ,,Atletico-Mg,4-2-3-1,2018-09-23,2.0,Maracanã£,T. Mendes Larghi,26
Fluminense,SP,1.0,20:30,4-3-3,7464,Fluminense,M. De Oliveira,RJ,,Sao  Paulo,3-4-1-2,2021-09-12,2.0,Maracanã,H. Crespo,20
Athletico-Pr,PR,0.0,17:00,,3846,Athletico-Pr,,PR,,Coritiba,,2011-12-04,1.0,Arena Da Baixada,,38
Vitoria,PR,0.0,18:10,,2575,Vitoria,,BA,,Coritiba,,2008-09-14,1.0,Barradão,,25
Corinthians,MG,0.0,16:01,4-1-4-1,5184,Corinthians,A. Bacchi,SP,,Cruzeiro,4-3-3,2015-08-23,3.0,Neo Química Arena,V. Luxemburgo Da Silva,20
Internacional,RS,3.0,19:00,4-2-3-1,8712,Atletico-Mg,G. Milito,MG,,Internacional,4-2-3-1,2024-10-26,1.0,Arena Mrv,R. Machado Marques,31
Empate,CE,2.0,18:10,,1689,Corinthians,,SP,,Fortaleza,,2006-07-22,2.0,Morumbi,,13
Figueirense,SP,1.0,21:50,,3530,Figueirense,,SC,,Santos,,2011-06-29,2.0,Orlando Scarpelli,,7
Fluminense,RJ,3.0,17:00,,4190,Palmeiras,,SP,,Fluminense,,2012-11-11,2.0,Prudentão,,35
Empate,RS,1.0,17:02,,5738,Fluminense,M. De Oliveira,RJ,,Internacional,4-2-3-1,2016-11-12,1.0,Estádio Giulite Coutinho,L. Cirne Lima De Lorenzi,38
Sao Paulo,BA,1.0,18:30,,4756,Sao Paulo,,SP,,Vitoria,,2014-08-10,3.0,Morumbi,J. Da Silva,14
Fluminense,SP,0.0,19:30,4-3-3,6266,Fluminense,M. De Oliveira Santos,RJ,,Palmeiras,4-2-3-1,2018-07-25,1.0,Maracanã£,R. Machado Marques,15
Vitoria,SP,1.0,21:00,,4360,Vitoria,,BA,,Ponte Preta,,2013-08-14,3.0,Barradão,,14
Internacional,SP,1.0,16:04,4-4-2,9165,Internacional,R. Díaz,RS,1111157.0,Bragantino,4-2-3-1,2025-12-07,3.0,"Estádio Beira-Rio, Porto Alegre",,38
Figueirense,RS,0.0,19:30,,1808,Figueirense,,SC,,Internacional,,2006-09-20,1.0,Orlando Scarpelli,,25
Cuiaba,MT,2.0,16:02,4-4-1-1,8566,Bahia,R. Ceni,BA,,Cuiaba,4-5-1,2024-07-13,1.0,Arena Fonte Nova,,17
Goias,GO,1.0,20:30,,1656,Corinthians,,SP,,Goias,,2006-06-01,0.0,Morumbi,,9
Botafogo-Rj,RS,0.0,21:01,4-1-4-1,8798,Botafogo-Rj,Renato Manuel Alves Paiva,RJ,555450.0,Juventude,4-4-2,2025-04-05,2.0,"Estádio Nilton Santos, Rio De Janeiro",Fabio Henrique Matias,2
Flamengo,RJ,2.0,18:59,5-4-1,7946,Cuiaba,A. Cardoso De Oliveira,MT,,Flamengo,4-3-3,2022-10-08,1.0,Arena Pantanal,D. Silvestre Júnior,31
Empate,RS,0.0,20:30,,746,Corinthians,,SP,,Internacional,,2004-07-20,0.0,Pacaembu,,17
Santos,SP,1.0,16:00,,711,Santos,,SP,,Sao Paulo,,2004-07-10,2.0,Vila Belmiro,,14
-,RS,1.0,21:40,,380,Santos,,SP,,Juventude,,2003-09-24,1.0,Vila Belmiro,,32
Athletico-Pr,RJ,0.0,16:01,4-2-3-1,8449,Athletico-Pr,A. Stival,PR,,Vasco,4-3-3,2024-05-05,1.0,Ligga Arena,C. De Paiva,5
Empate,PR,1.0,21:00,,3024,Sport,,PE,,Coritiba,,2009-10-29,1.0,Ilha Do Retiro,,32
Fluminense,PE,1.0,18:30,4-2-3-1,8849,Fluminense,L. Luis Zubeldia,RJ,770363.0,Sport,4-2-3-1,2025-05-03,2.0,"Maracanã, Rio De Janeiro",C. De Lucena,7
Fluminense,MT,0.0,20:01,4-2-3-1,8774,Fluminense,L. Venker De Menezes,RJ,,Cuiaba,4-2-3-1,2024-12-05,1.0,Maracanã,B. Franco,37
Empate,RS,0.0,19:01,4-1-4-1,6537,Corinthians,F. Carille,SP,,Gremio,4-2-3-1,2019-05-11,0.0,Neo Química Arena,Renato Gaúcho,4
Internacional,BA,0.0,16:02,4-2-3-1,6131,Internacional,O. Hellmann,RS,,Bahia,4-2-3-1,2018-04-15,2.0,Estádio José Pinheiro Borda,A. Ferreira,1
Empate,SP,1.0,16:01,4-2-3-1,6371,Bahia,,BA,,Palmeiras,4-4-1-1,2018-09-16,1.0,Itaipava Arena Fonte Nova,L. Scolari,25
Empate,BA,2.0,18:00,,4599,Atletico-Mg,,MG,,Vitoria,,2013-12-08,2.0,Independência,,38
Sao Paulo,MG,0.0,17:00,,3464,Sao Paulo,,SP,,Atletico-Mg,,2010-12-05,4.0,Morumbi,,38
Goias,PR,1.0,14:08,4-2-3-1,6595,Goias,C. Dos Santos Oliveira,GO,,Athletico-Pr,4-1-2-1-2,2019-06-13,2.0,Estádio Do Governo Do Estado De Goiás (Serra Dourada),T. Retzalff Nunes,9
Internacional,RS,1.0,17:19,4-4-1-1,6647,Fortaleza,J. Mannarino,CE,,Internacional,4-3-3,2019-08-17,0.0,Arena Castelão,O. Hellmann,15
Empate,RS,1.0,19:31,,4657,Coritiba,C. Juarez Roth,PR,,Internacional,,2014-05-21,1.0,Couto Pereira,A. Da Silva Braga,6
Empate,RJ,0.0,15:59,4-2-3-1,5929,Cruzeiro,L. Venker De Menezes,MG,,Botafogo-Rj,4-2-3-1,2017-08-06,0.0,Mineirão,J. Ribeiro Ventura,19
Parana,PR,1.0,16:00,,1321,Cruzeiro,,MG,,Parana,,2005-08-14,0.0,Mineirão,,20
Palmeiras,SP,2.0,15:59,4-1-2-1-2,5959,Palmeiras,A. Stival,SP,,Sao Paulo,,2017-08-27,,Allianz Parque,D. Silvestre Júnior,22
Sport,MG,2.0,19:30,4-2-3-1,6198,Sport,C. Dos Santos Oliveira,PE,,Atletico-Mg,4-1-4-1,2018-05-30,3.0,Adelmar Da Costa Carvalho,T. Mendes Larghi,8
Empate,MG,2.0,20:01,4-2-3-1,6055,Palmeiras,A. Valentim Do Carmo Neto,SP,,Cruzeiro,4-2-3-1,2017-10-30,2.0,Allianz Parque,L. Venker De Menezes,31
Palmeiras,SP,2.0,18:31,4-5-1,8804,Sport,C. De Lucena,PE,1577490.0,Palmeiras,,2025-04-06,1.0,"Adelmar Da Costa Carvalho, Recife",A. Ferreira,2
Coritiba,PE,0.0,16:00,,2961,Coritiba,,PR,,Nautico,,2009-09-27,2.0,Couto Pereira,,26
Empate,SP,3.0,20:30,,1291,Sao Paulo,,SP,,Palmeiras,,2005-08-04,3.0,Morumbi,,17
Empate,SP,0.0,16:00,,4372,Flamengo,,RJ,,Sao Paulo,,2013-08-18,0.0,Mané Garrincha,,15
Coritiba,MG,1.0,18:00,,3785,Coritiba,,PR,,America-Mg,,2011-10-30,3.0,Couto Pereira,,32
Fortaleza,SP,2.0,16:00,,1359,Fortaleza,,CE,,Sao Caetano,,2005-09-07,5.0,Castelão,,24
Empate,GO,1.0,18:00,,868,Gremio,,RS,,Goias,NAN,2004-08-28,1.0,Olímpico,,27
Botafogo-Rj,RJ,0.0,11:01,4-1-4-1,6568,Botafogo-Rj,,RJ,,Vasco,4-1-4-1,2019-06-02,1.0,Estádio Nilton Santos,V. Luxemburgo Da Silva,7
Sport,RJ,0.0,18:30,4-2-2-2,5236,Sport,E. Baptista,PE,,Fluminense,4-2-3-1,2015-09-13,1.0,Arena De Pernambuco,E. Alves Moreira,25
Bragantino,GO,0.0,17:01,4-3-3,7057,Bragantino,M. Nogueira Barbieri,SP,,Goias,,2020-10-24,2.0,Nabizão,E. Alves Moreira,18
Goias,RJ,1.0,16:00,,428,Goias,,GO,,Fluminense,,2003-10-12,6.0,Serra  Dourada,,36
Cruzeiro,PA,0.0,16:00,,655,Cruzeiro,,MG,,Paysandu,,2004-06-13,1.0,Mineirão,,9
Empate,MG,2.0,21:45,4-1-4-1,7981,Goias,J. Ribeiro Ventura,GO,,America-Mg,,2022-10-26,2.0,Estádio Da Serrinha,V. Carmo Mancini,34
Botafogo-Rj,SP,0.0,18:30,,2759,Botafogo-Rj,,RJ,,Santos,,2009-06-13,2.0,Engenhão,,6
Palmeiras,SP,3.0,19:00,4-3-3,7700,Juventude,E. Baptista,RS,,Palmeiras,,2022-05-21,0.0,Alfredo  Jaconi,A. Moreira Ferreira,7
Atletico-Mg,CE,1.0,21:30,4-4-2,8331,Atletico-Mg,,MG,,Fortaleza,4-2-3-1,2023-11-01,3.0,Arena Mrv,J. Vojvoda,31
Botafogo-Rj,SC,0.0,20:00,4-2-3-1,6825,Botafogo-Rj,A. Valentim Do Carmo Neto,RJ,,Avai,4-1-4-1,2019-11-11,2.0,Estádio Nilton Santos,E. Spinassé Camillato,32
Cruzeiro,SP,1.0,16:00,4-2-3-1,6006,Cruzeiro,L. Venker De Menezes,MG,,Ponte Preta,4-2-3-1,2017-10-07,2.0,Mineirão,E. Baptista,28
Atletico-Mg,RJ,1.0,16:01,4-2-2-2,7620,Atletico-Mg,A. Stival,MG,,Fluminense,,2021-11-28,2.0,Mineirão,M. De Oliveira,36
Empate,RJ,2.0,19:30,,2848,Coritiba,,PR,,Botafogo-Rj,,2009-07-29,2.0,Couto Pereira,,15
Vasco,RJ,2.0,18:00,,613,Paysandu,,PA,,Vasco,,2004-05-15,1.0,Mangueirão,,6
Empate,SP,1.0,19:01,4-2-3-1,6599,Sao Paulo,A. Stival,SP,,Palmeiras,4-2-3-1,2019-07-13,1.0,Morumbi,L. Scolari,10
-,SC,0.0,20:30,,2247,Sport,,PE,,Figueirense,,2007-10-12,0.0,Ilha Do Retiro,,31
Vasco,RJ,2.0,19:30,,3628,Avai,,SC,,Vasco,,2011-08-17,0.0,Ressacada,,17
Criciuma,PR,1.0,21:00,,4380,Criciuma,,SC,,Coritiba,,2013-08-24,2.0,Heriberto Hulse,,16
Cruzeiro,MG,2.0,18:10,,1596,Figueirense,,SC,,Cruzeiro,,2006-04-30,0.0,Orlando Scarpelli,,3
America-Mg,PR,1.0,17:00,,3834,America-Mg,,MG,,Athletico-Pr,,2011-11-27,2.0,Parque Do Sabiá,,37
Sao Caetano,BA,0.0,16:00,,555,Sao Caetano,,SP,,Vitoria,,2004-04-21,1.0,Anacleto Campanella,,1
Fortaleza,SP,1.0,19:03,4-2-3-1,9120,Fortaleza,T. Carpini,CE,1433088.0,Corinthians,4-3-3,2025-12-03,2.0,"Arena Castelão, Fortaleza",D. Junior,37
Sao Caetano,GO,0.0,17:00,,512,Sao Caetano,,SP,,Goias,,2003-11-23,1.0,Anacleto Campanella,,43
Botafogo-Rj,RJ,2.0,18:30,,3405,Atletico-Mg,,MG,,Botafogo-Rj,,2010-10-30,0.0,Arena Do Jacaré,,32
Empate,RJ,0.0,21:00,3-5-2,7268,Sao Paulo,H. Crespo,SP,,Fluminense,4-2-3-1,2021-05-29,0.0,Morumbi,R. Machado Marques,1
Atletico-Mg,SP,2.0,20:30,,968,Atletico-Mg,,MG,,Guarani,,2004-10-07,3.0,Independência,,35
Flamengo,BA,1.0,21:00,4-2-3-1,6034,Flamengo,,RJ,,Bahia,4-2-3-1,2017-10-19,4.0,Luso-Brasileiro,P. Carpegiani,29
Palmeiras,SP,2.0,17:00,4-4-2,7466,Chapecoense,L. De Oliveira Preto,SC,,Palmeiras,4-2-3-1,2021-09-18,0.0,Arena Condá,,21
Vasco,CE,0.0,16:00,4-2-3-1,6752,Vasco,V. Luxemburgo Da Silva,RJ,,Fortaleza,4-2-3-1,2019-10-13,1.0,Estádio Vasco Da Gama,R. Ceni,25
Corinthians,SC,1.0,16:00,,3782,Corinthians,,SP,,Avai,,2011-10-30,2.0,Pacaembu,,32
Empate,SP,1.0,18:30,3-4-1-2,8004,Cuiaba,A. Cardoso De Oliveira,MT,,Palmeiras,4-2-3-1,2022-11-06,1.0,Arena Pantanal,A. Moreira Ferreira,36
Sao Paulo,RJ,0.0,20:31,4-2-3-1,6854,Sao Paulo,F. Diniz Silva,SP,,Vasco,4-2-3-1,2019-11-28,1.0,Morumbi,V. Luxemburgo Da Silva,35
Empate,SP,0.0,18:30,,4253,Atletico-Mg,,MG,,Sao  Paulo,,2013-06-02,0.0,Independência,,3
Empate,RS,0.0,21:46,,6031,Corinthians,F. Carille,SP,,Gremio,4-2-3-1,2017-10-18,0.0,Neo Química Arena,Renato Gaúcho,29
Empate,SC,0.0,20:58,4-3-2-1,5459,Botafogo-Rj,R. Gomes Raymundo,RJ,,Figueirense,4-2-3-1,2016-06-22,0.0,Helenão,V. Eutrópio,10
Coritiba,RJ,0.0,17:00,,3800,Coritiba,,PR,,Flamengo,,2011-11-13,2.0,Couto Pereira,,34
Athletico-Pr,PR,3.0,18:30,,2969,Corinthians,,SP,,Athletico-Pr,,2009-10-03,1.0,Pacaembu,,27
Empate,PR,0.0,16:01,4-2-3-1,5583,Sao Paulo,R. Gomes Raymundo,SP,,Coritiba,4-1-4-1,2016-08-28,0.0,Morumbi,P. Carpegiani,22
Cruzeiro,MG,2.0,18:30,,4379,Ponte Preta,,SP,,Cruzeiro,,2013-08-24,0.0,Moisés Lucarelli,,16
Coritiba,PR,1.0,16:00,,1110,Fortaleza,,CE,,Coritiba,,2005-04-24,0.0,Pres Vargas*(Pf),,1
Santos,PR,0.0,19:00,4-3-3,7238,Santos,A. Stival,SP,,Coritiba,4-4-2,2021-02-13,2.0,Estádio Urbano Caldeira,G. Morínigo,36
Atletico-Mg,RJ,1.0,16:00,,1039,Atletico-Mg,,MG,,Flamengo,,2004-11-14,6.0,Ipatingão,,41
Brasiliense,DF,4.0,18:10,,1196,Flamengo,,RJ,,Brasiliense,,2005-06-25,3.0,Giulite Coutinho,,9
Atletico-Mg,MG,1.0,18:15,4-4-2,7354,Cuiaba,J. De Amorim Campos,MT,,Atletico-Mg,4-2-3-1,2021-07-04,0.0,Arena Pantanal,A. Stival,9
Empate,CE,1.0,16:00,4-4-2,7309,Internacional,O. Loss,RS,,Ceara,4-2-3-1,2021-06-20,1.0,Estádio José Pinheiro Borda,A. Ferreira,5
Corinthians,PE,0.0,18:31,,4873,Corinthians,L. Venker De Menezes,SP,,Sport,,2014-10-04,3.0,Neo Química Arena,E. Baptista,26
Empate,GO,1.0,20:30,,2535,Atletico-Mg,,MG,,Goias,,2008-08-21,1.0,Mineirão,,21
Juventude,SP,1.0,20:01,4-2-3-1,8975,Juventude,M. Barbieri,RS,609810.0,Corinthians,4-3-1-2,2025-08-11,2.0,"Alfredo Jaconi, Caxias Do Sul",D. Junior,19
Sao Paulo,RJ,0.0,16:00,,2493,Sao Paulo,,SP,,Vasco,,2008-08-03,4.0,Morumbi,,17
Botafogo-Rj,PR,3.0,18:00,,935,Botafogo-Rj,,RJ,,Parana,,2004-09-26,4.0,Caio Martins,,32
Corinthians,RJ,1.0,16:02,4-2-4-0,6132,Corinthians,F. Carille,SP,,Fluminense,5-4-1,2018-04-15,2.0,Neo Química Arena,A. Da Silva Braga,1
Athletico-Pr,RJ,1.0,21:45,,755,Athletico-Pr,,PR,,Fluminense,NAN,2004-07-20,4.0,Arena Da Baixada,,17
Atletico-Mg,MG,1.0,18:00,,395,Fluminense,,RJ,,Atletico-Mg,,2003-09-28,0.0,Giulite Coutinho,,33
Vitoria,CE,1.0,11:02,4-2-3-1,6179,Vitoria,V. Carmo Mancini,BA,,Ceara,4-2-3-1,2018-05-20,2.0,Barradão,M. Oliveira Chamusca,6
Empate,PR,0.0,16:00,,3772,Sao Paulo,,SP,,Coritiba,,2011-10-23,0.0,Morumbi,,31
Empate,RJ,2.0,19:32,4-2-3-1,9125,Cruzeiro,Jose Leonardo Nunes Alves Sousa Jardim,MG,1038832.5,Botafogo-Rj,4-2-3-1,2025-12-04,2.0,"Mineirão, Belo Horizonte",Davide Ancelotti,37
Empate,SC,0.0,19:30,,5658,Coritiba,P. Carpegiani,PR,,Figueirense,,2016-10-12,0.0,Couto Pereira,M. Dos Santos Gonçalves,30
Sport,SP,0.0,20:30,,2500,Sport,,PE,,Portuguesa,,2008-08-06,2.0,Ilha Do Retiro,,18
Sao Paulo,SP,1.0,21:46,4-3-3,6250,Flamengo,M. Nogueira Barbieri,RJ,,Sao Paulo,4-4-1-1,2018-07-18,0.0,Maracanã,D. Aguirre Camblor,13
Vasco,RJ,2.0,20:30,,1304,Paysandu,,PA,,Vasco,,2005-08-10,0.0,Mangueirão,,19
Athletico-Pr,SC,0.0,19:31,4-4-1-1,5027,Athletico-Pr,M. Mendes,PR,,Figueirense,4-1-2-1-2,2015-06-03,1.0,Estádio Joaquim Américo Guimarães,A. Fucks,5
Empate,RJ,0.0,16:00,,1164,Flamengo,,RJ,,Fluminense,,2005-05-29,0.0,Raulino De Oliveira,,6
Vitoria,BA,3.0,21:00,,4242,Nautico,,PE,,Vitoria,,2013-05-29,0.0,Aflitos,,2
Empate,GO,0.0,16:00,,3211,Ceara,,CE,,Atletico-Go,,2010-08-08,0.0,Castelão,,13
Empate,PR,0.0,21:45,,1528,Santos,,SP,,Parana,,2005-11-16,0.0,Pacaembu*(Pf),,39
Athletico-Pr,GO,0.0,16:00,,4332,Athletico-Pr,,PR,,Goias,,2013-08-04,2.0,Vila Capanema,,11
Vasco,RJ,3.0,21:00,,4405,Nautico,,PE,,Vasco,,2013-09-05,0.0,Arena Pernambuco,,18
Empate,CE,2.0,20:01,4-2-3-1,8795,Bragantino,V. Mancini,SP,61875.0,Ceara,4-2-3-1,2025-03-31,2.0,"Nabizão, Bragança Paulista",M. Mozart,1
Cruzeiro,GO,1.0,18:00,,58,Cruzeiro,,MG,,Goias,,2003-04-20,4.0,Mineirão,,5
Atletico-Mg,MG,3.0,19:30,,4835,Goias,S. Drubscky De Campos,GO,,Atletico-Mg,,2014-09-18,2.0,Estádio Do Governo Do Estado De Goiás (Serra Dourada),L. Culpi,22
Juventude,RS,0.0,18:10,,1685,Juventude,,RS,,Internacional,,2006-07-16,2.0,Alfredo Jaconi,,12
Empate,SP,1.0,16:00,,4517,Fluminense,,RJ,,Ponte Preta,,2013-10-19,1.0,Maracanã,,30
Atletico-Mg,RS,0.0,18:30,,4245,Atletico-Mg,,MG,,Gremio,,2013-06-09,2.0,Arena Do Jacaré,,2
Empate,RJ,1.0,11:04,4-2-3-1,7479,America-Mg,V. Carmo Mancini,MG,,Flamengo,4-3-3,2021-09-26,1.0,Estã¡Dio Raimundo Sampaio,Renato Gaúcho,22
-,GO,2.0,19:30,4-2-3-1,6016,Athletico-Pr,F. Soares Pessoa,PR,,Atletico-Go,4-2-3-1,2017-10-11,2.0,Estádio Joaquim Américo Guimarães,J. P. Sanches,27
Flamengo,RJ,1.0,18:10,,2626,Vasco,,RJ,,Flamengo,,2008-10-19,0.0,Sã£O Januã¡Rio,,30
Empate,RS,1.0,18:30,4-2-3-1,5429,Fluminense,L. Culpi,RJ,,Gremio,4-2-3-1,2016-06-11,1.0,Estádio Municipal General Raulino De Oliveira,R. Machado Marques,7
Empate,RS,2.0,16:20,,4267,Cruzeiro,,MG,,Internacional,,2013-06-08,2.0,Arena Do Jacaré,,5
Empate,RJ,1.0,18:10,,1594,Vasco,,RJ,,Fluminense,,2006-04-30,1.0,São  Januário,,3
Vasco,RJ,3.0,16:00,,677,Internacional,,RS,,Vasco,,2004-06-27,1.0,Beira Rio,,11
Criciuma,MG,1.0,18:30,,4875,Criciuma,G. Dal Pozzo,SC,,Atletico-Mg,,2014-10-04,3.0,Estádio Heriberto Hülse,L. Culpi,26
Goias,SP,1.0,18:30,,4304,Goias,,GO,,Portuguesa,,2013-07-21,2.0,Serra Dourada,,8
Fluminense,PR,1.0,16:20,,4909,Fluminense,C. Borges Dos Santos,RJ,,Athletico-Pr,NAN,2014-10-25,2.0,Maracanã,C. Dos Santos Oliveira,31
Avai,CE,0.0,19:02,4-5-1,8009,Avai,F. Bento Da Cunha,SC,,Ceara,4-2-3-1,2022-11-09,2.0,Ressacada,J. Antonello,37
Palmeiras,SP,3.0,18:30,,3331,Flamengo,,RJ,,Palmeiras,,2010-09-25,1.0,Engenhão,,25
Sao Paulo,SP,1.0,18:30,4-2-3-1,8664,Cruzeiro,F. Seabra,MG,,Sao Paulo,3-4-2-1,2024-09-15,0.0,Mineirão,L. Zubeldía,26
Botafogo-Rj,RJ,1.0,18:30,,4505,Botafogo-Rj,,RJ,,Flamengo,,2013-10-13,2.0,Maracanã,,28
Corinthians,SP,1.0,16:00,,3553,Atletico-Go,,GO,,Corinthians,,2011-07-10,0.0,Serra Dourada,,9
Fluminense,RJ,0.0,16:00,4-3-2-1,6361,Fluminense,M. De Oliveira Santos,RJ,,Botafogo-Rj,4-3-3,2018-09-09,1.0,Maracanã,J. Mannarino,24
Atletico-Go,SP,0.0,19:00,4-2-3-1,7276,Atletico-Go,E. De Souza Barroca,GO,,Sao Paulo,3-5-2,2021-06-05,2.0,Estádio Antônio Accioly,J. Branda,2
Palmeiras,SC,0.0,20:59,4-2-3-1,5228,Palmeiras,M. De Oliveira Santos,SP,,Figueirense,4-3-3,2015-09-12,2.0,Allianz Parque,R. Rodrigues Simões,25
-,SP,3.0,16:00,,867,Sao Paulo,,SP,,Guarani,,2004-08-28,3.0,Morumbi,,27
Bragantino,GO,0.0,18:00,4-2-3-1,7664,Bragantino,M. Nogueira Barbieri,SP,,Atletico-Go,4-2-3-1,2022-04-17,4.0,Nabizão,U. Louzer Filho,2
Avai,RJ,1.0,16:02,4-3-1-2,5014,Avai,G. Kleina,SC,,Flamengo,4-3-2-1,2015-05-24,2.0,Ressacada,V. Luxemburgo Da Silva,3
Internacional,RS,1.0,18:30,4-3-3,8469,Cuiaba,A. Gonçalves Teixeira,MT,,Internacional,4-1-3-2,2024-06-01,0.0,Arena Pantanal,E. Coudet,7
Gremio,RS,5.0,20:00,4-4-2,7229,Botafogo-Rj,L. Flávio,RJ,,Gremio,4-2-3-1,2021-08-02,2.0,Estádio Nilton Santos,Renato Gaúcho,35
Empate,PR,0.0,18:30,,4416,Vasco,,RJ,,Athletico-Pr,,2013-09-08,0.0,São Januário,,19
Empate,CE,0.0,21:31,4-2-3-1,8846,Sao Paulo,H. Crespo,SP,2015029.0,Fortaleza,4-3-3,2025-02-05,0.0,"Morumbis, São Paulo",T. Carpini,7
Bragantino,RS,0.0,21:30,4-2-3-1,8251,Bragantino,P. Faria Caixinha,SP,,Gremio,4-1-3-2,2023-09-14,2.0,Nabizão,Renato Gaúcho,23
Atletico-Mg,MG,2.0,16:00,,2123,Juventude,,RS,,Atletico-Mg,,2007-08-05,1.0,Alfredo Jaconi,,17
Empate,SP,1.0,18:34,4-3-1-2,4995,Avai,G. Kleina,SC,,Santos,4-2-3-1,2015-05-10,1.0,Ressacada,M. Fernandes,1
Atletico-Mg,MG,1.0,20:32,4-2-3-1,6975,Coritiba,J. De Amorim Campos,PR,,Atletico-Mg,4-1-4-1,2020-09-06,0.0,Couto Pereira,J. Sampaoli Moya,8
Flamengo,RJ,2.0,21:30,4-1-4-1,6980,Fluminense,O. Hellmann,RJ,,Flamengo,4-2-3-1,2020-09-09,1.0,Maracanã,D. Torrent Font,9
Flamengo,RJ,3.0,20:00,3-5-2,7184,Goias,G. Ramos Da Silva,GO,,Flamengo,4-4-2,2021-01-18,0.0,Estádio Da Serrinha,R. Ceni,30
-,RS,0.0,18:10,,1212,Santos,,SP,,Juventude,,2005-07-03,0.0,Vila Belmiro,,10
Santos,PR,1.0,11:00,4-4-2,7660,Santos,F. Bustos,SP,,Coritiba,4-2-3-1,2022-04-17,2.0,Estádio Urbano Caldeira,G. Morínigo,2
Sao Paulo,RJ,2.0,18:30,4-2-3-1,8088,Sao Paulo,D. Silvestre Júnior,SP,,Vasco,4-3-3,2023-05-20,4.0,Morumbi,M. Nogueira Barbieri,7
Cruzeiro,SP,2.0,19:30,,3298,Cruzeiro,,MG,,Guarani,,2010-09-15,4.0,Arena Do Jacaré,,22
Santos,MG,1.0,21:01,4-3-3,6827,Santos,J. Sampaoli Moya,SP,,Cruzeiro,4-1-4-1,2019-11-23,4.0,Estádio Urbano Caldeira,A. Da Silva Braga,34
Empate,MG,0.0,20:31,4-2-3-1,8875,Cruzeiro,T. Tite,MG,3401335.5,Atletico-Mg,4-2-3-1,2025-05-18,0.0,"Mineirão, Belo Horizonte",J. Sampaoli,9
Internacional,PR,1.0,16:00,,3132,Internacional,,RS,,Athletico-Pr,,2010-05-23,4.0,Beira Rio,,5
Cruzeiro,GO,0.0,19:30,,3341,Cruzeiro,,MG,,Atletico-Go,,2010-09-29,,Arena Do Jacaré,,26
Atletico-Mg,MG,2.0,21:30,4-2-3-1,7942,Santos,,SP,,Atletico-Mg,4-2-3-1,2022-10-05,1.0,Estádio Urbano Caldeira,A. Stival,30
Empate,MG,0.0,18:30,,2949,Nautico,,PE,,Atletico-Mg,,2009-09-19,0.0,Aflitos,,25
Empate,SP,1.0,16:01,4-3-3,6839,Bahia,R. Machado Marques,BA,,Palmeiras,,2019-11-17,1.0,Itaipava Arena Fonte Nova,L. Venker De Menezes,33
Empate,MG,1.0,16:00,,619,Juventude,,RS,,Atletico-Mg,,2004-05-16,1.0,Alfredo Jaconi,,6
Coritiba,RJ,0.0,16:00,,2762,Coritiba,,PR,,Flamengo,,2009-05-31,5.0,Couto Pereira,,6
Empate,SP,0.0,18:29,4-2-3-1,5605,Gremio,R. Machado Marques,RS,,Palmeiras,4-3-3,2016-09-11,0.0,Arena Do Grêmio,,24
Atletico-Mg,SP,1.0,18:30,,2964,Atletico-Mg,,MG,,Santos,,2009-09-27,3.0,Mineirão,,26
Gremio,RS,1.0,21:00,4-2-3-1,7379,Fluminense,R. Machado Marques,RJ,,Gremio,4-4-2,2021-07-17,0.0,Maracanã,L. Scolari,12
Ponte Preta,RS,0.0,20:30,,767,Ponte Preta,,SP,,Gremio,,2004-07-24,1.0,Moisés Lucarelli,,18
Fluminense,RJ,2.0,16:00,4-4-2,6876,Corinthians,Coelho,SP,,Fluminense,4-2-3-1,2019-12-08,1.0,Neo Química Arena,M. De Oliveira,38
Coritiba,PR,0.0,16:01,4-3-3,5776,Coritiba,E. Pacheco,PR,,Athletico-Pr,4-2-3-1,2017-06-03,1.0,Couto Pereira,E. Baptista,4
Flamengo,RJ,4.0,18:10,,1806,Fortaleza,,CE,,Flamengo,,2006-09-17,3.0,Castelão,,24
Parana,PR,2.0,18:10,,1146,Palmeiras,,SP,,Parana,,2005-05-15,1.0,Parque Antártica,,4
Botafogo-Rj,MG,0.0,20:30,,1750,Botafogo-Rj,,RJ,,Cruzeiro,,2006-08-23,1.0,Maracanã,,19
Empate,BA,0.0,19:00,4-2-3-1,5913,Cruzeiro,L. Venker De Menezes,MG,,Vitoria,4-2-3-1,2017-07-30,0.0,Mineirão,,17
Goias,SP,0.0,16:00,,463,Goias,,GO,,Guarani,,2003-10-26,3.0,Serra Dourada,,39
Empate,BA,1.0,19:30,,4526,Portuguesa,,SP,,Vitoria,,2013-10-20,1.0,Canindé,,30
Guarani,RJ,3.0,21:40,,378,Guarani,,SP,,Flamengo,NAN,2003-09-24,5.0,Brinco De Ouro,,32
Empate,SC,1.0,21:00,4-1-4-1,6350,Parana,Ademir Fesan,PR,,Chapecoense,,2018-09-05,1.0,Vila Capanema,A. Ferreira,23
Flamengo,RJ,1.0,16:00,,1503,Flamengo,,RJ,,Botafogo-Rj,NAN,2005-11-06,3.0,Raulino De Oliveira,,37
Fluminense,SP,0.0,22:00,4-2-3-1,5282,Fluminense,E. Baptista,RJ,,Sao Paulo,,2015-10-14,2.0,Maracanã£,D. Ghidoni Junior,30
Empate,RJ,1.0,21:40,,31,Sao Caetano,,SP,,Flamengo,NAN,2003-04-16,1.0,Anacleto Campanella,,4
Gremio,SP,1.0,17:00,,4191,Gremio,,RS,,Sao Paulo,,2012-11-11,2.0,Olímpico,,35
Santos,SP,1.0,17:01,,5312,Santos,D. Silvestre Júnior,SP,,Palmeiras,4-2-3-1,2015-11-01,2.0,Estádio Urbano Caldeira,M. De Oliveira Santos,33
Athletico-Pr,SP,1.0,16:00,,2211,Athletico-Pr,,PR,,Palmeiras,,2007-09-16,2.0,Kyocera Arena,,26
Sao Paulo,SP,4.0,16:00,4-2-3-1,7070,Flamengo,D. Torrent Font,RJ,,Sao Paulo,4-4-2,2020-11-01,1.0,Maracanã,F. Diniz Silva,19
Internacional,SC,0.0,16:00,,829,Internacional,,RS,,Figueirense,,2004-08-14,4.0,Beira Rio,,24
Empate,RS,1.0,18:59,4-2-3-1,6464,Sao Paulo,A. Soares Jardine,SP,,Gremio,4-2-3-1,2018-11-15,1.0,Morumbi,Renato Gaúcho,34
Nautico,SP,0.0,21:50,,2870,Nautico,,PE,,Corinthians,,2009-08-05,1.0,Aflitos,,17
Chapecoense,SC,2.0,19:00,4-1-4-1,6561,Cruzeiro,,MG,,Chapecoense,4-4-1-1,2019-05-26,1.0,Estádio Raimundo Sampaio,N. Da Silveira Júnior,6
Avai,PR,0.0,17:01,4-2-4-0,6107,Avai,C. Dos Santos Oliveira,SC,,Athletico-Pr,4-2-3-1,2017-11-26,1.0,Ressacada,F. Soares Pessoa,37
Atletico-Mg,SP,1.0,22:01,4-3-2-1,5138,Atletico-Mg,L. Culpi,MG,,Sao Paulo,3-4-1-2,2015-07-29,3.0,Mineirão,J. Osorio,16
Parana,SP,0.0,18:10,,2084,Parana,,PR,,Palmeiras,,2007-07-22,1.0,Durival De Brito,,13
Botafogo-Rj,SC,0.0,21:01,,4639,Botafogo-Rj,V. Carmo Mancini,RJ,,Criciuma,,2014-05-10,6.0,Maracanã,,4
Nautico,PE,3.0,19:30,,3058,Corinthians,,SP,,Nautico,,2009-11-21,2.0,Pacaembu,,36
Palmeiras,RJ,2.0,20:30,,828,Palmeiras,,SP,,Fluminense,NAN,2004-08-12,3.0,Parque Antártica,,23
Parana,PR,0.0,16:00,,21,Parana,,PR,,Athletico-Pr,,2003-04-06,3.0,Pinheirão,,2
Corinthians,RJ,0.0,16:00,,3502,Corinthians,,SP,,Fluminense,,2011-12-06,2.0,Pacaembu,,4
Empate,RS,1.0,16:20,,4248,Santos,,SP,,Gremio,,2013-06-01,1.0,Vila Belmiro,,3
Sao Paulo,PE,0.0,16:01,4-4-2,7122,Sao Paulo,F. Diniz Silva,SP,,Sport,5-4-1,2020-12-06,1.0,Morumbi,J. Ribeiro Ventura,24
Ponte  Preta,RJ,0.0,18:10,,1714,Ponte Preta,,SP,,Fluminense,,2006-08-06,3.0,Moisés Lucarelli,,15
Empate,PE,1.0,18:31,4-2-3-1,5553,Figueirense,A. Fucks,SC,,Sport,4-2-3-1,2016-08-07,1.0,Orlando Scarpelli,O. De Oliveira Filho,19
Goias,GO,1.0,18:10,,1301,Sao Paulo,,SP,,Goias,,2005-08-07,0.0,Morumbi,,18
Palmeiras,RS,2.0,18:32,4-2-3-1,5247,Palmeiras,M. De Oliveira Santos,SP,,Gremio,4-2-3-1,2015-09-19,3.0,Estádio Municipal Paulo Machado De Carvalho,R. Machado Marques,27
Empate,SP,1.0,16:00,,593,Flamengo,,RJ,,Sao Caetano,,2004-05-02,1.0,Raulino De Oliveira,,4
Empate,CE,0.0,18:10,,1418,Santos,,SP,,Fortaleza,,2005-10-01,0.0,Vila Belmiro,,29
Cruzeiro,RJ,1.0,21:40,,224,Cruzeiro,,MG,,Vasco,,2003-07-16,4.0,Mineirão,,19
Empate,SP,1.0,20:00,4-1-4-1,6135,Botafogo-Rj,A. Valentim Do Carmo Neto,RJ,,Palmeiras,4-2-3-1,2018-04-16,1.0,Estádio Nilton Santos,R. Machado Marques,1
Vasco,PE,2.0,19:00,,6228,Vasco,J. De Amorim Campos,RJ,,Sport,4-2-3-1,2018-06-09,3.0,Estádio Vasco Da Gama,C. Dos Santos Oliveira,11
Empate,SP,0.0,16:01,4-2-3-1,5024,Internacional,D. Aguirre Camblor,RS,,Sao Paulo,4-2-2-2,2015-05-31,0.0,Estádio José Pinheiro Borda,J. Osorio,4
Empate,PR,1.0,16:00,,859,Internacional,,RS,,Coritiba,,2004-08-22,1.0,Beira Rio,,26
Empate,SP,1.0,22:00,,4276,Gremio,,RS,,Sao Paulo,,2013-06-12,1.0,Arena Do Grêmio,,5
Athletico-Pr,PR,2.0,19:00,4-2-3-1,8066,Internacional,L. Venker De Menezes,RS,,Athletico-Pr,4-3-3,2023-05-10,0.0,Estã¡Dio Beira-Rio,P. Turra,5
Empate,SP,1.0,16:00,4-2-3-1,6517,Csa,M. Ribeiro Cabo,AL,,Palmeiras,4-2-3-1,2019-05-01,1.0,Estádio Rei Pelé,L. Scolari,2
Ponte Preta,SP,2.0,18:30,,3903,Botafogo-Rj,,RJ,,Ponte Preta,,2012-06-24,1.0,Engenhão,,6
Empate,GO,1.0,19:30,,3543,Botafogo-Rj,,RJ,,Atletico-Go,,2011-07-07,1.0,Engenhão,,8
Empate,SP,1.0,16:00,,2341,Athletico-Pr,,PR,,Sao Paulo,,2008-05-18,1.0,Kyocera Arena,,2
Goias,BA,1.0,18:30,,4506,Goias,,GO,,Bahia,,2013-10-13,3.0,Serra Dourada,,28
Coritiba,SP,0.0,19:30,4-5-1,7235,Coritiba,G. Morínigo,PR,,Palmeiras,4-2-3-1,2021-02-17,1.0,Couto Pereira,A. Moreira Ferreira,35
Corinthians,SP,2.0,18:00,,995,Parana,,PR,,Corinthians,,2004-10-24,1.0,Pinheirão,,37
Atletico-Go,BA,1.0,18:30,,3275,Atletico-Go,,GO,,Vitoria,,2010-05-09,4.0,Serra Dourada,,19
Empate,SP,1.0,21:45,,731,Botafogo-Rj,,RJ,,Palmeiras,,2004-07-13,1.0,Caio Martins,,15
Empate,SP,1.0,21:50,,4344,Santos,,SP,,Corinthians,,2013-08-07,1.0,Vila Belmiro,,12
Atletico-Mg,RS,1.0,22:00,,4565,Atletico-Mg,,MG,,Internacional,,2013-11-14,2.0,Independência,,34
Flamengo,SP,0.0,16:00,4-2-3-1,8456,Flamengo,A. Bacchi,RJ,,Corinthians,3-4-3,2024-05-11,2.0,Maracanã,A. Cardoso De Oliveira,6
Palmeiras,SP,2.0,16:00,,2163,Figueirense,,SC,,Palmeiras,,2007-08-26,1.0,Orlando Scarpelli,,21
Sport,PR,0.0,21:00,4-2-3-1,6220,Sport,C. Dos Santos Oliveira,PE,,Athletico-Pr,3-4-3,2018-06-06,1.0,Adelmar Da Costa Carvalho,F. Diniz Silva,10
Cruzeiro,RJ,1.0,16:00,,2030,Cruzeiro,,MG,,Vasco,,2007-06-30,3.0,Mineirã£O,,8
Palmeiras,SP,3.0,16:00,,2971,Santos,,SP,,Palmeiras,,2009-10-04,1.0,Vila Belmiro,,27
Chapecoense,SC,1.0,18:30,,4717,Sao Paulo,,SP,,Chapecoense,,2014-07-19,0.0,Morumbi,C. Rodrigues,11
Paysandu,MG,0.0,17:00,,466,Paysandu,,PA,,Atletico-Mg,,2003-10-26,1.0,Mangueirã£O,,39
Fluminense,RJ,1.0,16:04,4-2-3-1,8784,Palmeiras,A. Moreira Ferreira,SP,,Fluminense,4-2-3-1,2024-12-08,0.0,Allianz Parque,L. Venker De Menezes,38
Csa,SC,1.0,19:00,4-3-3,6735,Csa,A. Fucks,AL,,Avai,4-1-4-1,2019-10-06,3.0,Estádio Rei Pelé,A. Valentim Do Carmo Neto,23
Sao Paulo,PR,1.0,20:00,3-5-2,7935,Sao Paulo,R. Ceni,SP,,Coritiba,4-4-2,2022-10-20,3.0,Morumbi,A. Ferreira,29
Vasco,SC,0.0,16:00,,158,Vasco,,RJ,,Criciuma,,2003-06-21,,São Januário,,14
Atletico-Go,GO,1.0,18:15,4-2-3-1,7272,Corinthians,S. Campos Junior,SP,,Atletico-Go,4-2-3-1,2021-05-30,0.0,Neo Química Arena,E. De Souza Barroca,1
Fluminense,MT,0.0,18:30,4-2-3-1,8077,Fluminense,F. Diniz Silva,RJ,,Cuiaba,4-2-3-1,2023-05-13,2.0,Maracanã,L. Iubel,6
Empate,RS,0.0,17:00,,3881,Fluminense,,RJ,,Internacional,,2012-06-10,0.0,Engenhão,,4
Empate,RS,1.0,16:00,,188,Juventude,,RS,,Internacional,,2003-07-06,1.0,Alfredo Jaconi,,16
Fluminense,RS,1.0,20:30,,1003,Fluminense,,RJ,,Juventude,,2004-10-27,7.0,Raulino De Oliveira,,38
Corinthians,SP,1.0,21:30,4-2-3-1,7039,Athletico-Pr,E. De Barros,PR,,Corinthians,4-3-3,2020-10-14,0.0,Estádio Joaquim Américo Guimarães,V. Carmo Mancini,16
Cruzeiro,BA,0.0,19:00,4-2-3-1,5984,Cruzeiro,L. Venker De Menezes,MG,,Bahia,4-2-3-1,2017-09-17,1.0,Mineirão,C. Casagrande,24
Santos,SP,2.0,18:00,,401,Sao Paulo,,SP,,Santos,,2003-04-10,1.0,Morumbi,,34
Empate,SP,0.0,16:00,,3980,Vasco,,RJ,,Corinthians,,2012-08-05,0.0,São Januário,,14
Sport,RJ,2.0,16:00,,2752,Sport,,PE,,Flamengo,,2009-06-07,4.0,Ilha Do Retiro,,5
Figueirense,MG,0.0,19:30,,4078,Figueirense,,SC,,Cruzeiro,,2012-09-12,2.0,Orlando Scarpelli,,24
Internacional,RS,3.0,18:32,4-2-3-1,8654,Juventude,J. Ribeiro Ventura,RS,,Internacional,4-2-3-1,2024-09-01,1.0,Alfredo Jaconi,R. Machado Marques,25
Empate,MG,0.0,19:03,4-2-3-1,6623,Goias,C. Dos Santos Oliveira,GO,,Atletico-Mg,4-1-4-1,2019-07-28,0.0,Estádio Do Governo Do Estado De Goiás (Serra Dourada),R. Marques Santana,12
Empate,SP,2.0,16:00,,3731,Vasco,,RJ,,Corinthians,,2011-10-02,2.0,São Januário,,27
Ipatinga,RJ,1.0,18:10,,2514,Ipatinga,,MG,,Fluminense,,2008-08-10,2.0,Ipatingão,,19
Athletico-Pr,CE,0.0,20:30,4-2-3-1,7687,Athletico-Pr,,PR,,Ceara,4-2-3-1,2022-05-07,1.0,Estádio Joaquim Américo Guimarães,D. Silvestre Júnior,5
Palmeiras,MG,0.0,16:00,,1254,Palmeiras,,SP,,Atletico-Mg,,2005-07-24,1.0,Parque Antártica,,14
Sao Paulo,CE,0.0,11:03,4-2-3-1,6331,Sao Paulo,D. Aguirre Camblor,SP,,Ceara,4-2-3-1,2018-08-26,1.0,Morumbi,L. Cirne Lima De Lorenzi,21
Vasco,RJ,1.0,19:29,4-3-1-2,5217,Ponte Preta,D. Ghidoni Junior,SP,,Vasco,4-2-2-2,2015-09-09,0.0,Moisés Lucarelli,J. De Amorim Campos,24
Empate,PR,0.0,18:00,,59,Fluminense,,RJ,,Parana,,2003-04-20,0.0,Maracanã£,,5
Figueirense,RS,1.0,17:00,,2699,Figueirense,,SC,,Internacional,,2008-12-07,3.0,Orlando Scarpelli,,38
Empate,RJ,2.0,18:10,,1114,Brasiliense,,DF,,Vasco,,2005-04-24,2.0,Mané Garrincha,,1
Empate,RS,1.0,18:30,,3044,Barueri,,SP,,Internacional,,2009-11-08,1.0,Arena Barueri,,34
Figueirense,MG,0.0,16:00,,3474,Figueirense,,SC,,Cruzeiro,,2011-05-22,1.0,Orlando Scarpelli,,1
Empate,PR,1.0,20:30,,1338,Goias,,GO,,Parana,,2005-08-24,1.0,Serra Dourada,,22
Vasco,MG,0.0,18:10,,2079,Vasco,,RJ,,Atletico-Mg,,2007-07-21,4.0,São Januário,,13
Empate,SP,1.0,20:00,4-2-3-1,7042,Flamengo,D. Torrent Font,RJ,,Bragantino,4-2-3-1,2020-10-15,1.0,Maracanã,M. Nogueira Barbieri,16
Gremio,RS,1.0,18:30,,4378,Flamengo,,RJ,,Gremio,,2013-08-24,0.0,Mané Garrincha,,16
Atletico-Mg,RJ,0.0,16:00,4-2-3-1,8831,Atletico-Mg,Alexi Stival,MG,889771.68,Botafogo-Rj,4-2-3-1,2025-04-20,1.0,"Arena Mrv, Belo Horizonte",Renato Manuel Alves Paiva,5
Botafogo-Rj,SP,0.0,21:50,,4421,Botafogo-Rj,,RJ,,Corinthians,,2013-09-11,1.0,Maracanã,,20
Avai,SC,1.0,18:30,,3038,Vitoria,,BA,,Avai,,2009-11-07,0.0,Barradão,,34
Empate,SP,2.0,16:00,4-2-3-1,5453,Flamengo,J. Mannarino,RJ,,Sao Paulo,4-2-3-1,2016-06-19,2.0,Estádio Nacional De Brasília,E. Bauza,9
Santos,RJ,0.0,18:59,,7494,Santos,F. Carille,SP,,Fluminense,4-2-3-1,2021-10-27,2.0,Estádio Urbano Caldeira,M. De Oliveira,23
Flamengo,SC,1.0,21:00,4-2-3-1,5835,Flamengo,J. Mannarino,RJ,,Chapecoense,4-1-4-1,2017-06-22,5.0,Luso-Brasileiro,V. Carmo Mancini,9
Juventude,RS,2.0,16:00,,1551,Fluminense,,RJ,,Juventude,,2005-11-27,1.0,Raulino De Oliveira,,41
Coritiba,RJ,1.0,18:00,,4589,Coritiba,,PR,,Botafogo-Rj,,2013-12-01,2.0,Couto  Pereira,,37
Vitoria,PR,2.0,18:30,,4272,Vitoria,,BA,,Athletico-Pr,,2013-06-09,3.0,Jóia Da Princesa,,5
Empate,SP,2.0,18:59,4-2-3-1,5968,Sao Paulo,D. Silvestre Júnior,SP,,Ponte Preta,4-1-4-1,2017-09-09,2.0,Morumbi,Juninho,23
Empate,PE,2.0,21:30,4-2-3-1,8939,Vitoria,J. Ventura,BA,291614.0,Sport,4-2-3-1,2025-07-23,2.0,"Barradão, Salvador",C. De Lucena,16
Palmeiras,SP,3.0,15:59,4-1-4-1,6320,Vitoria,P. Carpegiani,BA,,Palmeiras,4-2-3-1,2018-08-19,0.0,Barradão,L. Scolari,19
Sport,PE,3.0,16:01,4-2-3-1,5601,Sport,O. De Oliveira Filho,PE,,Santa Cruz,,2016-09-11,5.0,Adelmar Da Costa Carvalho,D. Ghidoni Junior,24
Empate,RJ,1.0,19:30,,4359,Santos,,SP,,Vasco,,2013-08-14,1.0,Vila Belmiro,,14
Empate,RJ,2.0,18:30,,4048,Figueirense,,SC,,Fluminense,,2012-09-01,,Orlando Scarpelli,,21
Athletico-Pr,SP,0.0,21:45,4-1-4-1,5830,Athletico-Pr,E. Baptista,PR,,Sao Paulo,3-4-3,2017-06-21,1.0,Estádio Joaquim Américo Guimarães,R. Ceni,9
Juventude,SP,0.0,21:33,3-4-3,7643,Juventude,J. Ribeiro Ventura,RS,,Corinthians,4-3-3,2021-12-09,1.0,Alfredo Jaconi,S. Campos Junior,38
Bragantino,RS,0.0,18:30,4-2-3-1,9048,Bragantino,V. Mancini,SP,137070.0,Gremio,,2025-10-04,1.0,"Estádio Municipal Cicero De Souza Marques, Bragança Paulista",L. Castro,27
Figueirense,GO,2.0,20:30,,880,Figueirense,,SC,,Goias,,2004-09-01,3.0,Orlando Scarpelli,,28
Internacional,RS,3.0,18:31,4-2-3-1,8674,Sao Paulo,L. Zubeldía,SP,,Internacional,4-2-3-1,2024-09-22,1.0,Morumbis,R. Machado Marques,27
Empate,SP,1.0,19:00,4-2-3-1,6998,Internacional,,RS,,Sao Paulo,4-2-3-1,2020-09-26,1.0,Estádio José Pinheiro Borda,F. Diniz Silva,12
Cruzeiro,MG,2.0,19:30,,2828,Santo Andre,,SP,,Cruzeiro,,2009-07-22,0.0,Bruno José Daniel,,13
Corinthians,SC,1.0,21:01,4-2-3-1,8569,Corinthians,R. Díaz,SP,,Criciuma,4-4-2,2024-07-16,2.0,Neo Química Arena,C. Tencati,17
Palmeiras,SP,1.0,18:30,4-2-3-1,8048,Palmeiras,A. Moreira Ferreira,SP,,Corinthians,4-2-3-1,2023-04-29,2.0,Allianz  Parque,Danilo,3
Nautico,SP,0.0,20:30,,4598,Nautico,,PE,,Corinthians,,2013-12-07,1.0,Arena Pernambuco,,38
Atletico-Mg,BA,1.0,18:10,,2474,Atletico-Mg,,MG,,Vitoria,,2008-07-27,2.0,Mineirão,,15
Santos,MG,0.0,20:30,,1733,Santos,,SP,,Cruzeiro,,2006-08-17,2.0,Vila Belmiro,,17
Santos,SP,2.0,21:50,,884,Juventude,,RS,,Santos,,2004-09-01,1.0,Alfredo Jaconi,,28
Athletico-Pr,SP,1.0,16:00,,2317,Athletico-Pr,,PR,,Sao  Paulo,,2007-12-02,2.0,Kyocera  Arena,,38
Coritiba,SP,0.0,19:30,,4487,Coritiba,,PR,,Santos,,2013-10-09,1.0,Couto Pereira,,27
Empate,BA,2.0,18:31,4-3-1-2,8492,Criciuma,C. Tencati,SC,,Bahia,4-1-3-2,2024-06-16,2.0,Estádio Heriberto Hülse,R. Ceni,9
Sao Paulo,SP,3.0,16:00,,214,Fluminense,,RJ,,Sao Paulo,,2003-07-13,1.0,Maracanã,,18
Gremio,PE,0.0,21:00,,2747,Gremio,,RS,,Nautico,,2009-06-04,3.0,Olímpico,,5
Empate,PR,2.0,17:00,,2292,Corinthians,,SP,,Athletico-Pr,,2007-11-04,2.0,Pacaembu,,35
Sao Paulo,MG,0.0,16:00,,3890,Sao Paulo,,SP,,Atletico-Mg,,2012-06-17,1.0,Morumbi,,5
Fluminense,MG,1.0,18:30,,8219,Fluminense,F. Diniz Silva,RJ,,America-Mg,4-3-3,2023-08-19,3.0,Maracanã£,F. Bustos,20
Sao Paulo,SP,2.0,21:02,4-2-3-1,5030,Sao Paulo,J. Osorio,SP,,Santos,4-2-3-1,2015-06-03,3.0,Morumbi,M. Fernandes,5
Athletico-Pr,SP,0.0,16:00,4-2-3-1,5623,Athletico-Pr,,PR,,Sao Paulo,4-2-3-1,2016-09-18,1.0,Estádio Joaquim Américo Guimarães,R. Gomes Raymundo,26
Fluminense,RJ,2.0,16:00,,1446,Fluminense,,RJ,,Botafogo-Rj,,2005-10-15,3.0,Raulino De Oliveira,,32
Empate,RS,0.0,18:00,,468,Internacional,,RS,,Juventude,,2003-10-26,0.0,Beira Rio,,39
Athletico-Pr,SP,0.0,18:02,4-2-3-1,5448,Athletico-Pr,P. Autuori De Mello,PR,,Santos,4-2-3-1,2016-06-18,1.0,Estádio Joaquim Américo Guimarães,D. Silvestre Júnior,9
Sao Paulo,SP,0.0,21:00,3-5-2,8929,Sao Paulo,H. Crespo,SP,2667868.0,Corinthians,4-3-1-2,2025-07-19,2.0,"Morumbis, São Paulo",D. Junior,15
Empate,RJ,0.0,17:00,,4533,Portuguesa,,SP,,Flamengo,,2013-10-27,0.0,Castelão (Ce),,31
Criciuma,MG,1.0,20:02,4-2-3-1,8608,Criciuma,C. Tencati,SC,,Atletico-Mg,3-4-1-2,2024-08-03,2.0,Estádio Heriberto Hülse,G. Milito,21
Sao Paulo,MG,0.0,20:30,,697,Sao Paulo,,SP,,Atletico-Mg,,2004-07-06,1.0,Morumbi,,13
Internacional,PR,1.0,18:59,4-1-4-1,6443,Internacional,O. Hellmann,RS,,Athletico-Pr,4-2-3-1,2018-11-04,2.0,Estádio José Pinheiro Borda,T. Retzalff Nunes,32
Empate,SP,1.0,21:00,4-2-3-1,9144,Internacional,R. Díaz,RS,1796000.0,Santos,4-3-3,2025-11-24,1.0,"Estádio Beira-Rio, Porto Alegre",J. Vojvoda,35
Sao Paulo,SC,0.0,20:01,4-4-2,7916,Sao Paulo,R. Ceni,SP,,Avai,4-2-3-1,2022-09-25,4.0,Morumbi,L. Cirne Lima De Lorenzi,28
Empate,MG,1.0,21:02,4-2-3-1,6848,Bahia,R. Machado Marques,BA,,Atletico-Mg,4-2-3-1,2019-11-27,1.0,Itaipava Arena Fonte Nova,V. Carmo Mancini,35
Sao Paulo,CE,2.0,18:10,,1322,Sao Paulo,,SP,,Fortaleza,,2005-08-14,3.0,Morumbi,,20
Empate,SP,0.0,21:30,4-2-3-1,7341,Corinthians,,SP,,Sao Paulo,3-1-4-2,2021-06-30,0.0,Neo Química Arena,J. Branda,8
Cruzeiro,MG,3.0,19:01,4-2-3-1,8248,Santos,D. Aguirre Camblor,SP,,Cruzeiro,4-2-3-1,2023-09-14,0.0,Estádio Urbano Caldeira,J. Mannarino,23
Palmeiras,SP,2.0,16:02,4-1-4-1,5617,Corinthians,C. Borges Dos Santos,SP,,Palmeiras,4-3-3,2016-09-17,0.0,Neo Química Arena,A. Stival,26
Botafogo-Rj,RJ,2.0,18:00,,3649,Fluminense,,RJ,,Botafogo-Rj,,2011-08-27,1.0,Engenhão,,19
Santos,MG,0.0,18:00,,915,Santos,,SP,,Atletico-Mg,,2004-09-18,2.0,Vila Belmiro,,31
Empate,CE,1.0,16:00,,13,Fluminense,,RJ,,Fortaleza,,2003-04-05,1.0,Maracanã,,2
Empate,RS,1.0,17:00,4-4-2,6502,Parana,L. Cavalcanti,PR,,Internacional,4-2-3-1,2018-12-02,1.0,Vila Capanema,O. Hellmann,38
Atletico-Go,GO,3.0,17:01,3-4-1-2,7487,Fortaleza,J. Vojvoda,CE,,Atletico-Go,4-2-3-1,2021-10-02,0.0,Arena Castelão,E. De Souza Barroca,23
Flamengo,RJ,1.0,16:00,,1537,Parana,,PR,,Flamengo,,2005-11-20,0.0,Pinheirão,,40
Sao Caetano,SP,1.0,16:00,,737,Parana,,PR,,Sao Caetano,,2004-07-17,0.0,Pinheirão,,16
Corinthians,SP,1.0,22:50,,4561,Coritiba,,PR,,Corinthians,,2013-11-13,0.0,Couto Pereira,,34
Bragantino,BA,1.0,18:30,3-4-2-1,8651,Bragantino,,SP,,Bahia,4-3-1-2,2024-09-01,2.0,Nabizão,R. Ceni,25
Gremio,RS,2.0,20:30,,455,Juventude,,RS,,Gremio,,2003-10-23,1.0,Alfredo Jaconi,,38
Vitoria,SP,1.0,18:30,,4335,Vitoria,,BA,,Portuguesa,,2013-08-04,,Barradão,,11
Sao Caetano,PR,0.0,16:00,,928,Sao Caetano,,SP,,Coritiba,,2004-09-25,1.0,Anacleto Campanella,,32
Empate,MG,0.0,18:30,,4376,Internacional,,RS,,Atletico-Mg,,2013-08-18,0.0,Estádio Do Vale,,15
Empate,MG,0.0,21:00,4-2-3-1,8149,Internacional,L. Venker De Menezes,RS,,Cruzeiro,4-1-4-1,2023-07-01,0.0,Estádio Beira-Rio,P. Marques Da Costa Filipe,13
Fluminense,SP,0.0,18:10,,2145,Fluminense,,RJ,,Santos,,2007-08-12,3.0,Maracanã,,19
Corinthians,RJ,0.0,21:30,4-2-3-1,7175,Corinthians,,SP,,Fluminense,,2021-01-13,5.0,Neo Química Arena,A. Dos Santos Ferraz,29
Bahia,RS,1.0,20:30,,26,Bahia,,BA,,Juventude,,2003-04-16,3.0,Fonte Nova,,4
Botafogo-Rj,MG,1.0,18:00,,3638,Botafogo-Rj,,RJ,,Atletico-Mg,,2011-08-20,3.0,Engenhão,,18
Ipatinga,GO,0.0,16:00,,2543,Ipatinga,,MG,,Goias,,2008-08-24,1.0,Ipatingã£O,,22
Atletico-Mg,MG,3.0,18:00,4-2-3-1,7595,Bahia,A. Ferreira,BA,,Atletico-Mg,4-2-3-1,2021-12-02,2.0,Itaipava Arena Fonte Nova,A. Stival,32
Empate,PE,0.0,20:01,4-2-3-1,6495,Sao Paulo,A. Soares Jardine,SP,,Sport,4-2-3-1,2018-11-26,0.0,Morumbi,M. Mendes,37
Empate,RJ,1.0,16:00,,4481,Flamengo,,RJ,,Vasco,,2013-10-06,1.0,Mané Garrincha,,26
Palmeiras,SP,1.0,20:30,,941,Palmeiras,,SP,,Sao Caetano,,2004-09-29,3.0,Parque Antártica,,33
Empate,SP,1.0,19:00,4-2-3-1,7747,Atletico-Mg,A. Mohamed Matijevich,MG,,Santos,4-2-3-1,2022-06-11,1.0,Mineirão,F. Bustos,11
Corinthians,SP,1.0,21:00,,7365,Chapecoense,J. Ribeiro Ventura,SC,,Corinthians,4-2-3-1,2021-07-08,0.0,Arena Condá,S. Campos Junior,10
Empate,SP,1.0,18:10,,2254,Santos,,SP,,Palmeiras,,2007-10-13,1.0,Vila Belmiro,,31
Empate,RS,1.0,19:00,4-1-4-1,6610,Internacional,O. Hellmann,RS,,Gremio,4-2-3-1,2019-07-20,1.0,Estádio José Pinheiro Borda,Renato Gaúcho,11
Fluminense,RJ,2.0,19:31,4-3-3,8821,Corinthians,D. Junior,SP,2838164.2,Fluminense,4-2-3-1,2025-04-16,0.0,"Neo Química Arena, São Paulo",L. Luis Zubeldia,4
Botafogo-Rj,PR,0.0,18:30,,3045,Botafogo-Rj,,RJ,,Coritiba,,2009-08-11,2.0,Engenhão,,34
Athletico-Pr,RJ,0.0,18:30,,4386,Athletico-Pr,,PR,,Botafogo-Rj,,2013-08-25,2.0,Vila Capanema,,16
Juventude,RS,1.0,18:00,,739,Flamengo,,RJ,,Juventude,,2004-07-17,0.0,Raulino De Oliveira,,16
Empate,SP,1.0,18:00,,539,Internacional,,RS,,Sao Paulo,,2003-12-07,1.0,Beira Rio,,45
Flamengo,SP,0.0,16:00,,3892,Flamengo,,RJ,,Santos,,2012-06-17,1.0,Engenhão,,5
Empate,RS,1.0,18:10,,1412,Atletico-Mg,,MG,,Internacional,,2005-09-25,1.0,Mineirão,,28
Fluminense,RJ,2.0,16:00,4-1-4-1,6262,Sport,C. Dos Santos Oliveira,PE,,Fluminense,4-3-2-1,2018-07-22,1.0,Adelmar Da Costa Carvalho,M. De Oliveira Santos,14
Corinthians,MG,0.0,21:05,4-2-3-1,5119,Corinthians,A. Bacchi,SP,,Atletico-Mg,4-2-3-1,2015-07-18,1.0,Neo Química Arena,L. Culpi,14
Empate,CE,1.0,11:04,4-2-3-1,6780,Cruzeiro,A. Da Silva Braga,MG,,Fortaleza,4-4-1-1,2019-10-26,1.0,Mineirão,R. Ceni,28
Athletico-Pr,PR,4.0,18:30,,4387,Nautico,,PE,,Athletico-Pr,,2013-08-31,1.0,Arena Pernambuco,,17
Corinthians,SP,0.0,19:01,4-1-4-1,6563,Corinthians,F. Carille,SP,,Sao Paulo,,2019-05-26,1.0,Neo Química Arena,A. Stival,6
Coritiba,PR,1.0,18:30,4-2-3-1,5518,Santa Cruz,,PE,,Coritiba,4-1-4-1,2016-07-23,0.0,Estádio Do Arruda,,16
Corinthians,PR,1.0,21:30,4-2-3-1,6921,Corinthians,T. Retzalff Nunes,SP,,Coritiba,4-2-3-1,2020-08-19,3.0,Neo Química Arena,E. De Souza Barroca,4
Cruzeiro,SP,1.0,17:00,,5323,Cruzeiro,L. Venker De Menezes,MG,,Sao Paulo,4-2-3-1,2015-08-11,2.0,Mineirão,D. Ghidoni Junior,34
Botafogo-Rj,BA,1.0,20:30,,2610,Botafogo-Rj,,RJ,,Vitoria,,2008-10-09,3.0,Engenhão,,29
Santos,RS,1.0,11:01,4-2-3-1,5260,Santos,D. Silvestre Júnior,SP,,Internacional,4-2-2-2,2015-09-27,3.0,Estádio Urbano Caldeira,A. Fucks,28
Gremio,SP,0.0,18:30,4-2-3-1,8035,Gremio,Renato Gaúcho,RS,,Santos,4-3-3,2023-04-16,1.0,Alfredo Jaconi,O. Hellmann,1
Cruzeiro,MG,2.0,16:00,,3092,Internacional,,RS,,Cruzeiro,,2010-09-05,1.0,Beira Rio,,1
Empate,RS,2.0,20:00,3-4-1-2,8591,Corinthians,R. Díaz,SP,,Gremio,3-4-3,2024-07-25,2.0,Neo Química Arena,Renato Gaúcho,19
Palmeiras,SP,2.0,19:00,4-2-3-1,6573,Chapecoense,N. Da Silveira Júnior,SC,,Palmeiras,4-2-3-1,2019-06-02,1.0,Arena Condá,L. Scolari,7
Empate,CE,1.0,19:30,,3439,Gremio Prudente,,SP,,Ceara,,2010-11-20,1.0,Prudentão,,36
Internacional,GO,0.0,16:00,,2143,Internacional,,RS,,Goias,,2007-08-12,1.0,Beira Rio,,19
Flamengo,RS,1.0,21:30,4-2-3-1,6708,Flamengo,,RJ,,Internacional,4-3-3,2019-09-25,3.0,Maracanã,O. Hellmann,21
Cruzeiro,MG,3.0,18:30,,3039,Sport,,PE,,Cruzeiro,,2009-11-07,2.0,Ilha Do Retiro,,34
Parana,BA,0.0,20:00,,6223,Parana,Ademir Fesan,PR,,Bahia,4-1-4-1,2018-06-07,1.0,Vila Capanema,C. Prates,10
Sport,MG,0.0,19:10,,2685,Sport,,PE,,Atletico-Mg,,2008-11-23,3.0,Ilha Do Retiro,,36
Cruzeiro,MG,1.0,18:30,,3997,Bahia,,BA,,Cruzeiro,,2012-08-11,0.0,Pituaçu,,16
Atletico-Mg,MG,2.0,19:01,4-2-3-1,8292,Palmeiras,,SP,,Atletico-Mg,4-4-2,2023-10-19,0.0,Allianz Parque,L. Scolari,27
Vitoria,BA,2.0,20:59,,4630,Fluminense,C. Borges Dos Santos,RJ,,Vitoria,,2014-05-03,1.0,Maracanã,N. Da Silveira Júnior,3
Fluminense,RJ,1.0,15:59,3-4-1-2,7704,Fortaleza,J. Vojvoda,CE,,Fluminense,,2022-05-22,0.0,Arena Castelão,F. Diniz Silva,7
Palmeiras,MG,0.0,21:00,4-2-3-1,8578,Palmeiras,A. Moreira Ferreira,SP,,Cruzeiro,4-3-3,2024-07-20,2.0,Allianz Parque,F. Seabra,18
Empate,MG,2.0,18:59,4-4-2,7497,Chapecoense,L. De Oliveira Preto,SC,,Atletico-Mg,4-2-3-1,2021-10-06,2.0,Arena Condá,A. Stival,24
Empate,SP,2.0,16:00,,1742,Cruzeiro,,MG,,Sao Paulo,,2006-08-20,2.0,Mineirão,,18
Fluminense,MG,1.0,21:00,,3025,Fluminense,,RJ,,Atletico-Mg,,2009-10-29,2.0,Maracanã,,32
Gremio,RJ,1.0,20:30,,4574,Gremio,,RS,,Flamengo,,2013-11-17,2.0,Arena Do Grêmio,,35
Corinthians,RJ,0.0,16:00,,3112,Corinthians,,SP,,Fluminense,,2010-05-23,1.0,Pacaembu,,3
Botafogo-Rj,RJ,2.0,16:00,,2160,Atletico-Mg,,MG,,Botafogo-Rj,,2007-08-26,1.0,Mineirão,,21
Empate,RJ,1.0,16:01,4-2-3-1,6142,Chapecoense,G. Kleina,SC,,Vasco,4-2-3-1,2018-04-22,1.0,Arena Condá,J. Mannarino,2
Atletico-Mg,SP,0.0,19:00,4-2-3-1,7417,Atletico-Mg,A. Stival,MG,,Palmeiras,4-2-3-1,2021-08-14,2.0,Mineirão,A. Moreira Ferreira,16
Athletico-Pr,CE,1.0,18:31,3-4-3,7568,Athletico-Pr,A. Valentim Do Carmo Neto,PR,,Ceara,4-2-3-1,2021-11-10,2.0,Estádio Joaquim Américo Guimarães,T. Retzalff Nunes,31
Fluminense,MG,0.0,21:30,4-4-2,8259,Fluminense,F. Diniz Silva,RJ,,Cruzeiro,4-2-3-1,2023-09-20,1.0,Maracanã,J. Mannarino,24
Corinthians,SC,0.0,21:50,,3413,Corinthians,,SP,,Avai,,2010-11-03,4.0,Pacaembu,,33
Palmeiras,SP,1.0,18:30,,2857,Sport,,PE,,Palmeiras,,2009-08-01,0.0,Ilha Do Retiro,,16
Goias,GO,1.0,16:00,,4371,Ponte Preta,,SP,,Goias,,2013-08-18,0.0,Moisés Lucarelli,,15
Palmeiras,PR,0.0,16:30,,6577,Palmeiras,L. Scolari,SP,,Athletico-Pr,4-1-4-1,2019-06-08,1.0,Allianz Parque,T. Retzalff Nunes,8
Empate,RJ,1.0,16:00,,2049,Corinthians,,SP,,Fluminense,,2007-07-07,1.0,Pacaembu,,10
Ceara,CE,4.0,18:00,3-4-2-1,7113,Vasco,R. Andrade Silva Sá Pinto,RJ,,Ceara,4-2-3-1,2020-11-30,1.0,Estádio Vasco Da Gama,A. Ferreira,23
Flamengo,SC,0.0,11:03,4-2-3-1,5618,Flamengo,J. Mannarino,RJ,,Figueirense,4-2-3-1,2016-09-18,2.0,Estádio Municipal Paulo Machado De Carvalho,T. Guimarães,26
Palmeiras,SP,2.0,18:00,,6401,Sao Paulo,D. Aguirre Camblor,SP,,Palmeiras,4-2-3-1,2018-10-06,0.0,Morumbi,L. Scolari,28
Internacional,BA,1.0,18:30,4-4-2,8406,Internacional,E. Coudet,RS,,Bahia,,2024-04-13,2.0,Estádio Beira-Rio,R. Ceni,1
Athletico-Pr,PR,2.0,19:30,,2867,Cruzeiro,,MG,,Athletico-Pr,,2009-08-05,0.0,Mineirão,,17
Empate,PR,1.0,22:03,,4661,Corinthians,L. Venker De Menezes,SP,,Athletico-Pr,,2014-05-21,1.0,Estádio Dr. Oswaldo Teixeira Duarte,,6
Bragantino,SP,0.0,19:01,4-2-3-1,8854,Bragantino,V. Mancini,SP,173040.0,Mirassol,4-3-3,2025-05-05,1.0,"Estádio Municipal Cicero De Souza Marques, Bragança Paulista",R. Guanaes,7
Sao Paulo,RS,0.0,20:02,4-2-3-1,8571,Sao Paulo,L. Zubeldía,SP,,Gremio,4-3-3,2024-07-17,1.0,Morumbis,A. P. Mendes,17
Bahia,BA,2.0,18:30,4-2-3-1,8451,Botafogo-Rj,A. Torres Gomes Araújo Amorim,RJ,,Bahia,4-1-2-1-2,2024-05-05,1.0,Estã¡Dio Nilton Santos,R. Ceni,5
Cruzeiro,PR,0.0,19:31,,4828,Cruzeiro,M. De Oliveira Santos,MG,,Athletico-Pr,,2014-09-17,2.0,Mineirão,C. Dos Santos Oliveira,22
Empate,MG,1.0,16:00,,3503,Bahia,,BA,,Atletico-Mg,,2011-06-12,1.0,Pituaã§U,,4
Vitoria,SP,2.0,18:30,,3225,Vitoria,,BA,,Santos,,2010-08-15,4.0,Barradão,,14
Empate,MG,2.0,19:30,,2087,Athletico-Pr,,PR,,Cruzeiro,,2007-07-25,2.0,Kyocera Arena,,14
Cruzeiro,MG,1.0,17:59,4-2-3-1,5305,Goias,D. Sérgio,GO,,Cruzeiro,4-3-3,2015-10-25,0.0,Estádio Do Governo Do Estado De Goiás (Serra Dourada),L. Venker De Menezes,32
Empate,BA,2.0,16:02,4-4-1-1,8431,Vitoria,L. Condé,BA,,Bahia,4-3-3,2024-04-21,2.0,Barradão,R. Ceni,3
Fluminense,PA,2.0,18:10,,1356,Fluminense,,RJ,,Paysandu,,2005-08-28,5.0,Raulino De Oliveira,,23
Palmeiras,RS,0.0,21:00,4-2-3-1,8950,Palmeiras,A. Ferreira,SP,2985573.2,Gremio,4-2-3-1,2025-07-26,1.0,"Allianz Parque, São Paulo",L. Castro,17
Internacional,CE,0.0,11:01,,7471,Internacional,D. Aguirre Camblor,RS,,Fortaleza,3-4-1-2,2021-09-19,1.0,Estádio José Pinheiro Borda,J. Vojvoda,21
Portuguesa,PE,2.0,20:30,,2440,Portuguesa,,SP,,Nautico,NAN,2008-07-16,3.0,Canindé,,12
Internacional,PR,0.0,18:10,,1794,Internacional,,RS,,Athletico-Pr,,2006-09-10,2.0,Beira Rio,,23
Empate,RS,0.0,18:30,,3608,Palmeiras,,SP,,Gremio,,2011-08-06,0.0,Canindé,,15
Botafogo-Rj,RJ,1.0,17:30,4-1-4-1,8933,Sport,Daniel Pollo Barioni,PE,408735.0,Botafogo-Rj,4-2-3-1,2025-07-20,0.0,"Adelmar Da Costa Carvalho, Recife",Davide Ancelotti,15
Vitoria,BA,1.0,21:31,4-2-3-1,9075,Santos,J. Vojvoda,SP,611353.0,Vitoria,5-4-1,2025-10-20,0.0,"Estádio Urbano Caldeira, Santos",J. Ventura,29
Atletico-Mg,RJ,0.0,16:00,,2261,Atletico-Mg,,MG,,Vasco,,2007-10-21,1.0,Mineirão,,32
Gremio,RJ,0.0,18:10,,1964,Gremio,,RS,,Fluminense,,2007-05-20,2.0,Olímpico,,2
Athletico-Pr,GO,1.0,21:00,,3126,Athletico-Pr,,PR,,Atletico-Go,,2010-05-27,2.0,Arena Da Baixada,,4
Ponte Preta,SP,2.0,21:00,,4240,Flamengo,,RJ,,Ponte Preta,,2013-05-29,0.0,Juiz De Fora,,2
Internacional,RS,0.0,16:02,,4753,Internacional,A. Da Silva Braga,RS,,Gremio,,2014-08-10,2.0,Estádio José Pinheiro Borda,L. Scolari,14
Palmeiras,SP,2.0,16:00,,834,Atletico-Mg,,MG,,Palmeiras,,2004-08-15,1.0,Mineirão,,24
Atletico-Mg,MG,2.0,19:30,4-2-3-1,6476,Internacional,O. Hellmann,RS,,Atletico-Mg,,2018-11-21,1.0,Estádio José Pinheiro Borda,L. Culpi,36
Fluminense,SP,0.0,10:59,4-2-3-1,5531,Fluminense,L. Culpi,RJ,,Ponte Preta,4-2-3-1,2016-07-31,3.0,Estádio Giulite Coutinho,E. Baptista,17
Avai,CE,2.0,19:00,4-1-4-1,7765,Avai,E. De Souza Barroca,SC,,Fortaleza,4-4-1-1,2022-06-16,3.0,Ressacada,J. Vojvoda,12
Santos,BA,1.0,18:33,,4797,Santos,E. Alves Moreira,SP,,Vitoria,,2014-09-06,3.0,Estádio Municipal Paulo Machado De Carvalho,N. Da Silveira Júnior,19
Corinthians,SP,2.0,16:00,,4003,Coritiba,,PR,,Corinthians,,2012-08-12,1.0,Couto Pereira,,16
Athletico-Pr,PR,2.0,21:00,4-4-2,5019,Joinville,H. Maria,SC,,Athletico-Pr,,2015-05-30,1.0,Arena Joinville,M. Mendes,4
Internacional,RS,3.0,16:00,,3103,Goias,,GO,,Internacional,,2010-05-16,2.0,Serra Dourada,,2
Vasco,RJ,2.0,17:00,,3827,Fluminense,,RJ,,Vasco,,2011-11-27,1.0,Engenhão,,37
Sao Paulo,MT,1.0,16:00,4-1-2-1-2,7711,Sao Paulo,R. Ceni,SP,,Cuiaba,4-2-3-1,2022-05-15,2.0,Morumbi,,6
Ceara,MG,1.0,20:01,4-2-3-1,6435,Ceara,L. Cirne Lima De Lorenzi,CE,,Atletico-Mg,4-2-3-1,2018-10-29,2.0,Arena Castelão,L. Culpi,31
Empate,RJ,0.0,17:00,4-2-3-1,5697,Flamengo,J. Mannarino,RJ,,Botafogo-Rj,4-3-1-2,2016-11-05,0.0,Maracanã,J. Ribeiro Ventura,34
Botafogo-Rj,BA,1.0,21:30,4-2-3-1,9042,Botafogo-Rj,Davide Ancelotti,RJ,303460.0,Bahia,4-3-2-1,2025-10-01,2.0,"Estã¡Dio Nilton Santos, Rio De Janeiro",Rogerio Ceni,26
Goias,GO,2.0,19:30,,4495,Portuguesa,,SP,,Goias,NAN,2013-10-10,1.0,Canindé,,27
Empate,SP,2.0,18:32,4-4-2,8374,Fortaleza,J. Vojvoda,CE,,Palmeiras,3-4-1-2,2023-11-26,2.0,Arena Castelão,A. Moreira Ferreira,35
Empate,MT,1.0,20:00,4-4-2,8547,Flamengo,A. Bacchi,RJ,,Cuiaba,4-5-1,2024-07-06,1.0,Maracanã,A. Gonçalves Teixeira,15
Goias,GO,2.0,20:31,4-3-3,7158,Coritiba,J. Bertagnoli,PR,,Goias,5-3-2,2021-01-06,1.0,Couto Pereira,G. Ramos Da Silva,28
Internacional,SP,2.0,21:00,,2850,Internacional,,RS,,Barueri,,2009-07-29,3.0,Beira Rio,,15
Santos,SP,3.0,16:00,,1199,Sao Caetano,,SP,,Santos,,2005-06-26,1.0,Anacleto Campanella,,9
Santos,RS,1.0,21:45,,2191,Santos,,SP,,Internacional,,2007-09-05,2.0,Vila Belmiro,,24
Santos,MG,1.0,17:01,4-2-3-1,6056,Santos,Elano,SP,,Atletico-Mg,4-2-3-1,2017-11-04,3.0,Estádio Urbano Caldeira,O. De Oliveira Filho,32
Empate,RJ,2.0,20:03,4-1-4-1,6793,Goias,N. Da Silveira Júnior,GO,,Flamengo,4-2-3-1,2019-10-31,2.0,Estádio Do Governo Do Estado De Goiás (Serra Dourada),J. Pinheiro De Jesus,29
Empate,RJ,0.0,21:00,4-2-3-1,6388,Bahia,E. Alves Moreira,BA,,Flamengo,4-2-3-1,2018-09-29,0.0,Itaipava Arena Fonte Nova,D. Silvestre Júnior,27
Empate,RS,1.0,20:30,,1441,Sao Caetano,,SP,,Internacional,,2005-11-10,1.0,Anacleto Campanella,,31
Empate,CE,0.0,20:30,4-2-3-1,7393,Sport,U. Louzer Filho,PE,,Ceara,4-2-3-1,2021-07-25,0.0,Adelmar Da Costa Carvalho,A. Ferreira,13
Fluminense,SP,0.0,16:00,,757,Fluminense,,RJ,,Corinthians,NAN,2004-07-24,2.0,Maracanã,,18
Atletico-Mg,MG,1.0,18:30,,2998,Sao Paulo,,SP,,Atletico-Mg,,2009-10-17,0.0,Morumbi,,30
Fluminense,RJ,2.0,21:30,4-4-2,7160,Flamengo,R. Ceni,RJ,,Fluminense,4-2-3-1,2021-01-06,1.0,Maracanã,A. Dos Santos Ferraz,28
Corinthians,SC,0.0,19:00,4-2-3-1,6077,Corinthians,F. Carille,SP,,Avai,4-2-3-1,2017-11-11,1.0,Neo Química Arena,C. Dos Santos Oliveira,34
Athletico-Pr,RJ,1.0,16:00,4-2-3-1,6372,Athletico-Pr,T. Retzalff Nunes,PR,,Fluminense,4-4-1-1,2018-09-16,3.0,Estádio Joaquim Américo Guimarães,M. De Oliveira Santos,25
Sao Caetano,RJ,0.0,16:00,,1155,Sao Caetano,,SP,,Flamengo,,2005-05-22,1.0,Anacleto Campanella,,5
Atletico-Mg,PR,1.0,19:59,,5516,Atletico-Mg,M. De Oliveira Santos,MG,,Coritiba,4-1-4-1,2016-07-18,2.0,Estádio Raimundo Sampaio,E. Pacheco,15
Juventude,RJ,1.0,20:00,4-2-3-1,8520,Juventude,R. Machado Marques,RS,,Flamengo,4-2-3-1,2024-06-26,2.0,Alfredo Jaconi,A. Bacchi,12
Empate,RJ,1.0,17:00,,4216,Sport,,PE,,Fluminense,,2012-11-25,1.0,Ilha Do Retiro,,37
Ponte Preta,SP,0.0,17:01,4-1-4-1,6049,Ponte Preta,E. Baptista,SP,,Corinthians,4-2-3-1,2017-10-29,1.0,Moisés Lucarelli,F. Carille,31
Fluminense,SP,0.0,17:00,4-2-3-1,6104,Fluminense,A. Da Silva Braga,RJ,,Ponte Preta,4-1-4-1,2017-11-20,2.0,Maracanã,E. Baptista,36
Empate,GO,2.0,18:30,,3578,Sao Paulo,,SP,,Atletico-Go,,2011-07-23,2.0,Morumbi,,11
Sao Paulo,BA,2.0,21:00,,4478,Sao Paulo,,SP,,Vitoria,,2013-10-05,3.0,Morumbi,,26
Athletico-Pr,SP,0.0,18:10,,2408,Athletico-Pr,,PR,,Santos,,2008-07-05,1.0,Kyocera Arena,,9
Coritiba,MG,0.0,21:01,4-2-3-1,5370,Coritiba,G. Kleina,PR,,Cruzeiro,4-2-3-1,2016-05-14,1.0,Couto Pereira,G. Delamore,1
Botafogo-Rj,SP,0.0,21:30,4-2-3-1,8572,Botafogo-Rj,A. Torres Gomes Araújo Amorim,RJ,,Palmeiras,4-2-3-1,2024-07-17,1.0,Estádio Nilton Santos,,17
Corinthians,SP,1.0,18:28,,4635,Chapecoense,G. Dal Pozzo,SC,,Corinthians,,2014-05-04,0.0,Arena Condá,L. Venker De Menezes,3
Empate,RJ,0.0,16:00,,607,Internacional,,RS,,Fluminense,,2004-05-09,0.0,Beira Rio,,5
Empate,SP,1.0,16:00,4-2-3-1,5571,Internacional,C. Juarez Roth,RS,,Sao Paulo,4-2-3-1,2016-08-21,1.0,Estádio José Pinheiro Borda,R. Gomes Raymundo,21
Gremio,GO,1.0,15:59,4-2-3-1,5212,Gremio,R. Machado Marques,RS,,Goias,,2015-09-06,2.0,Arena Do Grêmio,,23
Vitoria,BA,2.0,17:00,,2698,Vasco,,RJ,,Vitoria,,2008-12-07,0.0,São Januário,,38
Vasco,RJ,0.0,18:31,,5075,Vasco,C. Juarez Roth,RJ,,Flamengo,4-2-3-1,2015-06-28,1.0,Arena Pantanal,C. Borges Dos Santos,9
Empate,RJ,1.0,16:00,,1484,Corinthians,,SP,,Vasco,,2005-10-30,1.0,Pacaembu,,35
Palmeiras,PE,0.0,19:00,4-2-3-1,8994,Palmeiras,A. Ferreira,SP,2037867.35,Sport,4-2-3-1,2025-08-25,3.0,"Allianz Parque, São Paulo",C. De Lucena,21
Nautico,SP,1.0,18:30,,2878,Nautico,,PE,,Santo Andre,,2009-08-08,2.0,Luiz Lacerda,,18
Botafogo-Rj,SC,0.0,18:29,,4778,Botafogo-Rj,,RJ,,Chapecoense,,2014-08-23,1.0,Maracanã,C. Rodrigues,17
Ceara,RJ,0.0,21:31,4-4-2,6789,Ceara,A. Batista,CE,,Fluminense,4-1-4-1,2019-10-30,2.0,Arena Castelão,M. De Oliveira,29
Internacional,BA,1.0,18:30,,4104,Internacional,,RS,,Bahia,,2012-09-23,3.0,Beira Rio,,26
Juventude,SP,1.0,18:10,,1438,Juventude,,RS,,Santos,,2005-10-08,3.0,Alfredo Jaconi,,31
Cruzeiro,MG,1.0,16:00,,497,Vasco,,RJ,,Cruzeiro,,2003-11-09,0.0,Pedro Pedrossian,,42
Fluminense,CE,1.0,19:05,4-2-3-1,7797,Fluminense,F. Diniz Silva,RJ,,Ceara,4-2-4-0,2022-07-09,2.0,Maracanã,M. Dos Santos Gonçalves,16
Fortaleza,BA,1.0,21:00,4-2-3-1,8669,Fortaleza,J. Vojvoda,CE,,Bahia,4-3-1-2,2024-09-21,4.0,Arena Castelão,R. Ceni,27
Sao Paulo,RJ,0.0,16:00,,759,Sao Paulo,,SP,,Vasco,,2004-07-24,1.0,Morumbi,,18
Sao Caetano,SP,2.0,17:00,,838,Vitoria,,BA,,Sao Caetano,,2004-08-15,1.0,Barradão,,24
Nautico,RS,0.0,16:00,,4313,Nautico,,PE,,Internacional,,2013-07-28,3.0,Arena Pernambuco,,9
Coritiba,MG,1.0,19:30,,2638,Coritiba,,PR,,Atletico-Mg,NAN,2008-10-29,2.0,Couto Pereira,,32
Parana,RS,0.0,18:00,,1024,Parana,,PR,,Gremio,,2004-11-06,1.0,Pinheirão,,40
Empate,PR,1.0,16:01,4-3-3,8752,Bahia,R. Ceni,BA,,Athletico-Pr,4-2-3-1,2024-11-24,1.0,Arena Fonte Nova,L. González,35
Figueirense,SC,1.0,18:29,,4755,Chapecoense,C. Rodrigues,SC,,Figueirense,NAN,2014-08-10,0.0,Arena Condá,,14
Empate,PR,2.0,15:59,4-2-3-1,5561,Cruzeiro,L. Venker De Menezes,MG,,Coritiba,4-4-2,2016-08-14,2.0,Estádio Raimundo Sampaio,P. Carpegiani,20
Botafogo-Rj,SP,0.0,16:00,,1058,Botafogo-Rj,,RJ,,Guarani,,2004-11-27,1.0,Caio Martins,,43
Empate,PR,2.0,18:30,,3904,Santos,,SP,,Coritiba,,2012-06-24,2.0,Vila Belmiro,,6
Empate,SP,3.0,21:50,,3664,Internacional,,RS,,Santos,,2011-08-31,3.0,Beira Rio,,20
Barueri,MG,2.0,16:10,,2778,Barueri,,SP,,Atletico-Mg,,2009-06-27,4.0,Arena Barueri,,8
Botafogo-Rj,SP,0.0,16:00,3-4-3,7763,Botafogo-Rj,L. Castro,RJ,,Sao Paulo,3-4-1-2,2022-06-16,1.0,Estã¡Dio Nilton Santos,R. Ceni,12
Santos,SP,1.0,16:00,,1971,Athletico-Pr,,PR,,Santos,NAN,2007-05-27,0.0,Kyocera Arena,,3
Fortaleza,SC,0.0,16:02,,8616,Fortaleza,J. Vojvoda,CE,,Criciuma,4-2-3-1,2024-08-10,1.0,Arena Castelão,C. Tencati,22
Vasco,RJ,2.0,21:45,,2113,Internacional,,RS,,Vasco,,2007-08-01,0.0,Beira Rio,,16
Flamengo,RJ,1.0,21:50,,3601,Cruzeiro,,MG,,Flamengo,,2011-08-03,0.0,Arena Do Jacaré,,14
Empate,RJ,0.0,16:00,,1545,Atletico-Mg,,MG,,Vasco,,2005-11-27,0.0,Mineirão,,41
Empate,SP,2.0,16:10,,2767,Athletico-Pr,,PR,,Palmeiras,,2009-06-20,2.0,Arena Da Baixada,,7
Figueirense,SC,3.0,18:10,,1719,Corinthians,,SP,,Figueirense,,2006-08-12,1.0,Pacaembu,,16
Palmeiras,MG,0.0,21:30,4-2-3-1,8382,Palmeiras,V. Castanheira Penas,SP,,America-Mg,3-4-1-2,2023-11-29,4.0,Allianz Parque,D. Giacomini,36
Flamengo,PR,0.0,16:00,4-3-3,7862,Flamengo,D. Silvestre Júnior,RJ,,Athletico-Pr,4-2-3-1,2022-08-14,5.0,Maracanã,L. Scolari,22
Gremio,RS,2.0,16:01,4-2-3-1,6211,Bahia,A. Ferreira,BA,,Gremio,4-2-3-1,2018-06-03,0.0,Itaipava Arena Fonte Nova,Renato Gaúcho,9
Guarani,RS,1.0,20:30,,725,Guarani,,SP,,Internacional,,2004-07-13,2.0,Brinco De Ouro,,15
Empate,GO,1.0,20:30,,3816,Santos,,SP,,Atletico-Go,,2011-11-17,1.0,Pacaembu,,35
Parana,PR,4.0,16:00,,181,Vasco,,RJ,,Parana,,2003-07-05,1.0,São Januário,,16
Botafogo-Rj,RJ,3.0,16:00,4-2-3-1,5473,Internacional,A. Fucks,RS,,Botafogo-Rj,4-2-3-1,2016-06-26,2.0,Estádio José Pinheiro Borda,R. Gomes Raymundo,11
Empate,SC,0.0,16:00,,1128,Goias,,GO,,Figueirense,,2005-05-07,0.0,Serra Dourada,,3
Palmeiras,GO,0.0,21:00,,3026,Palmeiras,,SP,,Goias,,2009-10-29,4.0,Palestra Itália,,32
Empate,SP,0.0,16:01,4-3-3,8799,Atletico-Mg,,MG,1507606.5,Sao Paulo,4-2-3-1,2025-04-06,0.0,"Arena Mrv, Belo Horizonte",H. Crespo,2
Fortaleza,SC,0.0,16:59,4-4-2,6597,Fortaleza,R. Ceni,CE,,Avai,4-2-3-1,2019-07-13,2.0,Arena Castelão,A. Valentim Do Carmo Neto,10
Empate,MG,0.0,17:00,,4982,Botafogo-Rj,V. Carmo Mancini,RJ,,Atletico-Mg,,2014-12-07,0.0,Estádio Nacional De Brasília,L. Culpi,38
Empate,RS,0.0,16:00,4-3-3,5173,Cruzeiro,V. Luxemburgo Da Silva,MG,,Internacional,4-3-2-1,2015-08-16,0.0,Mineirão,A. Fucks,19
Sao Paulo,SP,2.0,16:00,,3953,Figueirense,,SC,,Sao Paulo,,2012-07-22,0.0,Orlando Scarpelli,,11
Empate,SC,0.0,17:00,4-2-3-1,5668,Cruzeiro,L. Venker De Menezes,MG,,Chapecoense,4-1-4-1,2016-10-16,0.0,Mineirã£O,L. Saroli Caio Júnior,31
Vasco,RJ,2.0,19:00,4-2-3-1,5904,Atletico-Mg,D. Giacomini,MG,,Vasco,,2017-07-23,1.0,Estádio Raimundo Sampaio,M. Mendes,16
Botafogo-Rj,RJ,2.0,20:00,4-1-4-1,7945,Avai,L. Cirne Lima De Lorenzi,SC,,Botafogo-Rj,4-2-3-1,2022-10-06,1.0,Ressacada,L. Castro,30
Empate,RJ,1.0,20:31,4-2-3-1,7073,Goias,E. Alves Moreira,GO,,Vasco,4-2-3-1,2020-01-11,1.0,Estádio Da Serrinha,R. Andrade Silva Sá Pinto,19
Juventude,RS,2.0,16:00,,150,Parana,,PR,,Juventude,,2003-06-15,1.0,Pinheirão,,13
Empate,MT,1.0,16:00,3-4-3,7958,Ceara,L. González,CE,,Cuiaba,5-4-1,2022-10-16,1.0,Arena Castelão,A. Cardoso De Oliveira,32
Cruzeiro,BA,1.0,19:30,,4193,Cruzeiro,,MG,,Bahia,,2012-11-11,3.0,Independência,,35
Atletico-Mg,PE,0.0,19:01,4-2-3-1,7468,Atletico-Mg,A. Stival,MG,,Sport,4-2-3-1,2021-09-18,3.0,Mineirão,G. Florentín,21
Empate,SP,1.0,16:00,4-2-3-1,5999,Cruzeiro,L. Venker De Menezes,MG,,Corinthians,4-2-3-1,2017-10-01,1.0,Mineirão,F. Carille,26
Empate,RS,1.0,16:00,,2463,Nautico,,PE,,Internacional,,2008-07-20,1.0,Aflitos,,13
Empate,PR,1.0,20:30,,842,Figueirense,,SC,,Athletico-Pr,,2004-08-18,1.0,Orlando Scarpelli,,25
Empate,SP,1.0,16:02,4-3-3,6889,Santos,A. Stival,SP,,Bragantino,4-2-3-1,2020-08-09,1.0,Estádio Urbano Caldeira,F. De Oliveira Conceição,1
Palmeiras,MT,0.0,18:32,4-2-3-1,8637,Palmeiras,A. Moreira Ferreira,SP,,Cuiaba,5-3-2,2024-08-24,5.0,Estádio Brinco De Ouro,A. Gonçalves Teixeira,24
Flamengo,RJ,2.0,16:02,4-4-1-1,9012,Juventude,M. Barbieri,RS,1991410.0,Flamengo,4-2-3-1,2025-09-14,0.0,"Alfredo Jaconi, Caxias Do Sul",,23
Palmeiras,MG,0.0,19:01,4-2-3-1,8213,Palmeiras,A. Moreira Ferreira,SP,,Cruzeiro,4-2-3-1,2023-08-14,1.0,Allianz Parque,,19
Palmeiras,SP,3.0,16:00,4-2-3-1,7060,Atletico-Go,E. Do Nascimento Souza,GO,,Palmeiras,4-2-3-1,2020-10-25,0.0,Estádio Olímpico Pedro Ludovico Teixeira,A. Lopes Dos Santos,18
Empate,CE,0.0,16:00,4-2-3-1,8080,Gremio,Renato Gaúcho,RS,,Fortaleza,4-2-3-1,2023-05-14,0.0,Arena Do Grêmio,J. Vojvoda,6
Ponte Preta,RJ,0.0,19:59,4-1-4-1,6005,Ponte Preta,E. Baptista,SP,,Flamengo,4-2-3-1,2017-10-02,1.0,Moisés Lucarelli,R. Rueda Rivera,26
Corinthians,RS,0.0,16:31,4-2-3-1,7746,Corinthians,V. De Oliveira Lopes Pereira,SP,,Juventude,4-4-2,2022-06-11,2.0,Neo Química Arena,E. Baptista,11
Sao Paulo,SC,0.0,20:02,4-2-3-1,6615,Sao Paulo,A. Stival,SP,,Chapecoense,4-2-3-1,2019-07-22,4.0,Morumbi,N. Da Silveira Júnior,11
Empate,SP,1.0,20:33,4-3-3,5506,Palmeiras,A. Stival,SP,,Santos,4-2-3-1,2016-07-12,1.0,Allianz Parque,D. Silvestre Júnior,14
Empate,PR,2.0,17:00,,1404,Fortaleza,,CE,,Parana,,2005-09-24,2.0,Castelão,,28
Juventude,SP,2.0,16:00,,1922,Juventude,,RS,,Palmeiras,,2006-11-19,3.0,Alfredo Jaconi,,36
Coritiba,RS,1.0,19:30,,2808,Coritiba,,PR,,Gremio,,2009-07-15,2.0,Couto Pereira,,11
Athletico-Pr,PR,3.0,21:00,,3606,Atletico-Go,,GO,,Athletico-Pr,,2011-04-08,0.0,Serra Dourada,,14
Gremio,RS,2.0,16:00,4-2-3-1,8889,Juventude,M. Barbieri,RS,1076710.0,Gremio,4-2-3-1,2025-06-01,0.0,"Alfredo Jaconi, Caxias Do Sul",L. Castro,11
Empate,RJ,1.0,16:03,4-4-2,7100,Sao Paulo,F. Diniz Silva,SP,,Vasco,3-4-2-1,2020-11-22,1.0,Morumbi,R. Andrade Silva Sá Pinto,22
Botafogo-Rj,MG,1.0,16:20,,4249,Botafogo-Rj,,RJ,,Cruzeiro,,2013-06-01,2.0,Raulino De Oliveira,,3
Empate,SP,1.0,18:00,,551,Vasco,,RJ,,Santos,,2003-12-14,1.0,São Januário,,46
Empate,PR,3.0,18:10,,1743,Figueirense,,SC,,Athletico-Pr,,2006-08-20,3.0,Orlando  Scarpelli,,18
Sao Paulo,SC,0.0,19:00,,3799,Sao Paulo,,SP,,Avai,,2011-11-12,2.0,Morumbi,,34
Palmeiras,SP,1.0,16:00,,1820,Palmeiras,,SP,,Sao Paulo,,2006-09-24,3.0,Prudentão,,26
Atletico-Go,GO,2.0,19:00,4-1-2-1-2,7929,Avai,L. Cirne Lima De Lorenzi,SC,,Atletico-Go,4-2-3-1,2022-10-01,1.0,Ressacada,E. Do Nascimento Souza,29
Vitoria,BA,1.0,16:01,4-2-3-1,5946,Corinthians,F. Carille,SP,,Vitoria,4-2-3-1,2017-08-19,0.0,Neo Química Arena,V. Carmo Mancini,21
Juventude,SP,0.0,16:00,3-4-2-1,7482,Juventude,M. Dos Santos Gonçalves,RS,,Santos,3-4-1-2,2021-09-26,3.0,Alfredo Jaconi,F. Carille,22
Empate,SP,3.0,16:00,,18,Figueirense,,SC,,Corinthians,,2003-04-06,3.0,Orlando Scarpelli,,2
Athletico-Pr,SP,1.0,22:00,,1773,Athletico-Pr,,PR,,Santos,,2006-08-30,2.0,Kyocera Arena,,21
Cruzeiro,RJ,1.0,16:00,,1889,Cruzeiro,,MG,,Vasco,,2006-11-05,2.0,Mineirão,,33
Fluminense,RJ,0.0,16:30,,1643,Fluminense,,RJ,,Flamengo,,2006-05-28,1.0,Maracanã,,8
Botafogo-Rj,RJ,2.0,18:30,,4415,Criciuma,,SC,,Botafogo-Rj,,2013-09-08,1.0,Heriberto Hulse,,19
Sport,PE,3.0,17:00,,4181,Vasco,,RJ,,Sport,,2012-11-04,0.0,São Januário,,34
Palmeiras,SP,1.0,16:01,4-2-3-1,7351,Sport,U. Louzer Filho,PE,,Palmeiras,4-2-3-1,2021-04-07,0.0,Adelmar Da Costa Carvalho,A. Moreira Ferreira,9
Flamengo,RJ,3.0,18:30,4-2-3-1,8371,America-Mg,,MG,,Flamengo,4-2-3-1,2023-11-26,0.0,Estádio Municipal Parque Do Sabiá,A. Bacchi,35
Guarani,PA,1.0,16:00,,534,Guarani,,SP,,Paysandu,,2003-12-07,2.0,Brinco De Ouro,,45
Empate,MG,2.0,18:00,,132,Vasco,,RJ,,Atletico-Mg,,2003-06-01,2.0,São Januário,,11
Fluminense,RJ,3.0,21:01,,4859,Sao Paulo,M. Ramalho,SP,,Fluminense,,2014-09-27,1.0,Morumbi,C. Borges Dos Santos,25
Sao Paulo,SP,3.0,16:01,3-4-1-2,8450,Vitoria,L. Condé,BA,,Sao Paulo,3-4-1-2,2024-05-05,1.0,Barradã£O,L. Zubeldía,5
Fluminense,RJ,3.0,21:50,,965,Gremio,,RS,,Fluminense,,2004-10-06,2.0,Olímpico,,35
Atletico-Mg,MG,1.0,18:10,,2253,America-Rn,,RN,,Atletico-Mg,,2007-10-13,0.0,Machadão,,31
Empate,RJ,0.0,18:30,,4096,Ponte Preta,,SP,,Botafogo-Rj,,2012-09-16,0.0,Moisés Lucarelli,,25
Empate,GO,1.0,20:00,4-2-3-1,8275,Botafogo-Rj,B. Nascimento,RJ,,Goias,4-3-3,2023-10-02,1.0,Estádio Nilton Santos,A. Evangelista Macedo Freitas,25
Empate,GO,3.0,18:59,4-4-2,7826,Sao Paulo,R. Ceni,SP,,Goias,4-4-2,2022-07-23,3.0,Morumbi,J. Ribeiro Ventura,19
Guarani,RS,0.0,16:00,,1096,Guarani,,SP,,Gremio,,2004-12-19,2.0,Brinco De Ouro,,46
Coritiba,MG,0.0,16:00,,3623,Coritiba,,PR,,Atletico-Mg,,2011-08-14,3.0,Couto Pereira,,16
Gremio,SP,0.0,17:00,,3880,Gremio,,RS,,Corinthians,,2012-06-10,2.0,Olímpico,,4
Palmeiras,RJ,2.0,16:00,,1562,Palmeiras,,SP,,Fluminense,,2005-12-04,3.0,Parque Antártica,,42
Figueirense,SP,1.0,21:45,,1671,Figueirense,,SC,,Santos,,2006-07-12,2.0,Orlando Scarpelli,,11
Bragantino,SC,1.0,16:05,4-2-3-1,8780,Bragantino,F. Seabra,SP,,Criciuma,4-1-2-1-2,2024-12-08,5.0,Nabizã£O,C. Tencati,38
Flamengo,RJ,2.0,21:30,4-1-4-1,6589,Csa,M. Ribeiro Cabo,AL,,Flamengo,4-2-3-1,2019-06-12,0.0,Estádio Nacional De Brasília,M. Salles,9
Empate,RJ,1.0,16:00,,4091,Cruzeiro,,MG,,Vasco,,2012-09-16,1.0,Melão,,25
Santos,SP,2.0,18:30,,3206,Gremio Prudente,,SP,,Santos,,2010-08-01,1.0,Prudentã£O,,12
America-Mg,PR,1.0,16:00,,6212,America-Mg,E. Alves Moreira,MG,,Athletico-Pr,3-4-2-1,2018-06-03,3.0,Estádio Raimundo Sampaio,F. Diniz Silva,9
Coritiba,PE,0.0,16:00,,2510,Coritiba,,PR,,Sport,,2008-08-10,3.0,Couto Pereira,,19
Coritiba,SP,0.0,16:00,,169,Coritiba,,PR,,Sao Caetano,,2003-06-28,2.0,Couto Pereira,,15
Vitoria,PE,0.0,18:30,,2725,Vitoria,,BA,,Sport,,2009-05-17,1.0,Barradã£O,,2
Cuiaba,MT,3.0,20:03,4-2-3-1,8353,Bahia,R. Ceni,BA,,Cuiaba,3-4-3,2023-11-09,0.0,Itaipava Arena Fonte Nova,A. Cardoso De Oliveira,33
Fluminense,RJ,3.0,16:00,,3131,Atletico-Mg,,MG,,Fluminense,NAN,2010-05-23,1.0,Mineirão,,5
Palmeiras,SP,3.0,16:01,3-5-2,9051,Sao Paulo,H. Crespo,SP,1612461.0,Palmeiras,4-4-2,2025-10-05,2.0,"Morumbis, São Paulo",A. Ferreira,27
Flamengo,PA,1.0,18:10,,1333,Flamengo,,RJ,,Paysandu,,2005-08-21,2.0,Luso Brasileiro,,21
Fluminense,RJ,1.0,16:00,,2022,America-Rn,,RN,,Fluminense,,2007-06-24,0.0,Machadão,,7
Empate,GO,0.0,18:28,,4614,Flamengo,J. De Almeida Filho,RJ,,Goias,,2014-04-20,0.0,Estádio Nacional De Brasília,S. Drubscky De Campos,1
-,PR,2.0,18:30,,3617,Sao Paulo,,SP,,Athletico-Pr,,2011-08-13,2.0,Morumbi,,16
Empate,RJ,2.0,17:00,,4961,Sport,E. Baptista,PE,,Fluminense,,2014-11-23,2.0,Arena De Pernambuco,C. Borges Dos Santos,36
Empate,RJ,2.0,16:00,,3013,Goias,,GO,,Fluminense,,2009-10-25,2.0,Serra Dourada,,31
Atletico-Mg,PR,0.0,19:00,4-2-3-1,6102,Atletico-Mg,,MG,,Coritiba,4-2-3-1,2017-11-19,3.0,Estádio Raimundo Sampaio,M. De Oliveira Santos,36
Palmeiras,PR,0.0,21:01,,4779,Palmeiras,R. Gareca Nardi,SP,,Coritiba,,2014-08-23,1.0,Estádio Municipal Paulo Machado De Carvalho,C. Juarez Roth,17
Sao Paulo,SP,2.0,17:02,,4923,Criciuma,A. Cecílio Sobrinho,SC,,Sao Paulo,,2014-11-02,1.0,Estádio Heriberto Hülse,M. Ramalho,32
Guarani,SP,2.0,16:00,,213,Sao Caetano,,SP,,Guarani,,2003-07-13,0.0,Anacleto Campanella,,18
Empate,RJ,1.0,16:01,4-2-3-1,6343,Sao Paulo,D. Aguirre Camblor,SP,,Fluminense,4-1-4-1,2018-09-02,1.0,Morumbi,M. De Oliveira Santos,22
Parana,RS,0.0,16:00,,1920,Parana,,PR,,Internacional,,2006-11-19,1.0,Durival De Brito,,36
Fluminense,SP,0.0,20:30,,719,Fluminense,,RJ,,Sao Caetano,,2004-07-10,1.0,Raulino De Oliveira,,14
Empate,RJ,1.0,18:14,4-3-3,7251,Santos,A. Stival,SP,,Fluminense,4-2-3-1,2021-02-21,1.0,Estádio Urbano Caldeira,M. De Oliveira,37
Fluminense,RJ,1.0,16:00,4-2-3-1,9016,Vitoria,J. Ventura,BA,608557.0,Fluminense,4-2-3-1,2025-09-20,0.0,"Barradão, Salvador",L. Luis Zubeldia,24
Coritiba,MG,0.0,20:30,,1305,Coritiba,,PR,,Atletico-Mg,,2005-08-10,1.0,Couto Pereira,,19
Fluminense,CE,0.0,21:30,4-2-3-1,7265,Fluminense,M. De Oliveira,RJ,,Fortaleza,4-2-3-1,2021-02-25,2.0,Maracanã,,38
Coritiba,SC,0.0,19:30,,3544,Coritiba,,PR,,Figueirense,,2011-07-07,3.0,Couto Pereira,,8
Empate,PR,0.0,20:02,4-1-4-1,8675,Criciuma,C. Tencati,SC,,Athletico-Pr,4-3-3,2024-09-22,0.0,Estádio Heriberto Hülse,M. Varini Di Zioli,27
America-Mg,SP,0.0,18:33,4-1-3-2,8109,America-Mg,V. Carmo Mancini,MG,,Corinthians,3-4-2-1,2023-06-03,2.0,Estádio Raimundo Sampaio,V. Luxemburgo Da Silva,9
Santos,SP,1.0,19:02,5-4-1,6668,Chapecoense,E. Hartkopp,SC,,Santos,3-4-3,2019-08-31,0.0,Arena Condá,,17
Athletico-Pr,SP,0.0,16:00,,4861,Athletico-Pr,C. Dos Santos Oliveira,PR,,Corinthians,,2014-09-28,1.0,Estádio Joaquim Américo Guimarães,L. Venker De Menezes,25
Criciuma,SP,0.0,18:30,,4706,Criciuma,G. Dal Pozzo,SC,,Santos,,2014-10-12,3.0,Estádio Heriberto Hülse,,28
Sao Caetano,SP,2.0,16:00,,1293,Corinthians,,SP,,Sao Caetano,,2005-08-06,0.0,Pacaembu,,18
Empate,SP,2.0,16:00,,2620,Palmeiras,,SP,,Sao Paulo,,2008-10-19,,Palestra Itália,,30
Empate,SP,2.0,20:03,4-2-3-1,6425,Internacional,O. Hellmann,RS,,Santos,4-2-3-1,2018-10-22,2.0,Estádio José Pinheiro Borda,A. Stival,30
Internacional,SP,1.0,18:15,4-1-4-1,7211,Internacional,A. Da Silva Braga,RS,,Bragantino,4-3-3,2021-01-31,2.0,Estádio José Pinheiro Borda,M. Nogueira Barbieri,33
Gremio,SP,2.0,18:30,,2837,Gremio,,RS,,Santo Andre,,2009-07-25,3.0,Olímpico,,14
Sport,PE,3.0,16:00,,3910,Coritiba,,PR,,Sport,,2012-07-01,2.0,Couto Pereira,,7
Juventude,RJ,1.0,16:02,4-2-3-1,8661,Juventude,J. Ribeiro Ventura,RS,,Fluminense,,2024-09-15,2.0,Alfredo Jaconi,L. Venker De Menezes,26
Gremio,RS,2.0,18:10,,2023,Internacional,,RS,,Gremio,,2007-06-24,0.0,Beira Rio,,7
Coritiba,GO,0.0,18:30,,3895,Coritiba,,PR,,Atletico-Go,,2012-06-17,3.0,Couto Pereira,,5
Santos,SP,1.0,21:50,,2871,Coritiba,,PR,,Santos,,2009-08-05,0.0,Olímpico Regional,,17
Botafogo-Rj,RJ,2.0,16:00,,3101,Sao Paulo,,SP,,Botafogo-Rj,,2010-05-16,1.0,Morumbi,,2
Fluminense,RJ,1.0,20:00,4-5-1,8585,Cuiaba,A. Gonçalves Teixeira,MT,,Fluminense,4-5-1,2024-07-21,0.0,Arena Pantanal,L. Venker De Menezes,18
Corinthians,SP,1.0,16:01,,8360,Gremio,Renato Gaúcho,RS,,Corinthians,,2023-11-12,0.0,Arena Do Grêmio,L. Venker De Menezes,34
Flamengo,RJ,1.0,16:00,,2251,Parana,,PR,,Flamengo,,2007-10-13,0.0,Durival De Brito,,31
Empate,PE,1.0,21:00,,2835,Coritiba,,PR,,Sport,,2009-07-23,1.0,Couto Pereira,,13
Sao Paulo,PR,0.0,18:10,,2138,Sao Paulo,,SP,,Athletico-Pr,,2007-08-11,2.0,Morumbi,,19
Empate,CE,2.0,20:29,4-2-3-1,9014,Vasco,F. Diniz,RJ,1213824.0,Ceara,4-2-3-1,2025-09-14,2.0,"Estádio São Januário, Rio De Janeiro",M. Mozart,23
Internacional,PR,0.0,19:29,,5652,Internacional,C. Juarez Roth,RS,,Coritiba,,2016-10-06,1.0,Estádio José Pinheiro Borda,P. Carpegiani,29
Empate,PR,0.0,11:00,4-1-4-1,6189,Parana,Ademir Fesan,PR,,Athletico-Pr,,2018-05-27,0.0,Vila Capanema,F. Diniz Silva,7
Empate,SP,0.0,18:30,4-2-3-1,8243,Cruzeiro,F. Seabra,MG,,Bragantino,4-2-3-1,2023-09-03,0.0,Mineirão,P. Faria Caixinha,22
Empate,PR,1.0,18:30,,4251,Goias,,GO,,Coritiba,,2013-06-01,1.0,Serra Dourada,,3
Palmeiras,GO,2.0,17:59,4-2-3-1,7764,Palmeiras,A. Moreira Ferreira,SP,,Atletico-Go,4-2-3-1,2022-06-16,4.0,Allianz Parque,J. De Amorim Campos,12
Internacional,MG,0.0,21:40,,450,Internacional,,RS,,Cruzeiro,,2003-10-22,1.0,Beira Rio,,38
Empate,SP,1.0,16:00,4-2-3-1,7327,Fluminense,R. Machado Marques,RJ,,Corinthians,,2021-06-27,1.0,Estádio Vasco Da Gama,S. Campos Junior,7
Ponte Preta,SP,3.0,19:32,4-2-3-1,5028,Vasco,D. Ghidoni Junior,RJ,,Ponte Preta,4-2-3-1,2015-06-03,0.0,Estádio Vasco Da Gama,,5
Ponte Preta,SP,2.0,16:00,,811,Internacional,,RS,,Ponte Preta,,2004-08-08,1.0,Beira Rio,,22
Palmeiras,SP,1.0,18:30,,2928,Palmeiras,,SP,,Barueri,,2009-09-05,2.0,Palestra Itália,,23
Sao Caetano,MG,1.0,16:00,,1572,Sao Caetano,,SP,,Cruzeiro,NAN,2006-04-16,2.0,Anacleto Campanella,,1
Juventude,RS,3.0,18:10,,1996,Cruzeiro,,MG,,Juventude,,2007-06-10,2.0,Mineirão,,5
Corinthians,SP,2.0,21:46,4-2-3-1,5869,Palmeiras,A. Stival,SP,,Corinthians,4-2-3-1,2017-07-12,0.0,Allianz Parque,F. Carille,13
Goias,SP,0.0,18:59,,7715,Goias,J. Ribeiro Ventura,GO,,Santos,4-2-3-1,2022-05-15,1.0,Estádio Da Serrinha,F. Bustos,6
Sport,CE,2.0,10:40,4-2-3-1,6888,Sport,D. Pollo Barioni,PE,,Ceara,4-2-3-1,2020-08-08,3.0,Adelmar Da Costa Carvalho,A. Ferreira,1
Sao Caetano,SP,3.0,16:00,,1478,Parana,,PR,,Sao Caetano,,2005-10-28,,Pinheirão,,34
Empate,GO,2.0,16:00,,1793,Figueirense,,SC,,Goias,,2006-09-10,2.0,Orlando Scarpelli,,23
Empate,SC,1.0,18:10,,2018,Juventude,,RS,,Figueirense,,2007-06-23,1.0,Alfredo Jaconi,,7
Ponte Preta,MG,0.0,18:00,,683,Ponte Preta,,SP,,Cruzeiro,,2004-06-27,1.0,Moisés Lucarelli,,11
Empate,RJ,2.0,16:00,,2803,Sao Paulo,,SP,,Flamengo,,2009-07-12,2.0,Morumbi,,10
Internacional,SP,1.0,16:20,,4170,Internacional,,RS,,Palmeiras,,2012-10-27,2.0,Beira Rio,,33
Flamengo,MT,0.0,20:30,4-3-3,7760,Flamengo,D. Silvestre Júnior,RJ,,Cuiaba,4-4-2,2022-06-15,2.0,Maracanã,A. Cardoso De Oliveira,12
Fluminense,BA,0.0,21:00,,3945,Fluminense,,RJ,,Bahia,,2012-07-19,4.0,Engenhão,,10
Bahia,SC,0.0,19:00,4-2-3-1,6444,Bahia,E. Alves Moreira,BA,,Chapecoense,,2018-11-04,1.0,Itaipava Arena Fonte Nova,,32
Fluminense,RJ,2.0,19:30,,4131,Bahia,,BA,,Fluminense,,2012-10-10,0.0,Pituaçu,,29
Empate,SP,2.0,16:00,4-5-1,6233,Ceara,,CE,,Palmeiras,4-2-3-1,2018-06-10,2.0,Arena Castelão,,11
Ponte Preta,PE,0.0,16:01,4-2-3-1,5751,Ponte Preta,G. Kleina,SP,,Sport,4-2-3-1,2017-05-14,4.0,Moisés Lucarelli,N. Da Silveira Júnior,1
Sao Paulo,CE,1.0,20:30,,35,Sao  Paulo,,SP,,Fortaleza,,2003-04-17,3.0,Morumbi,,4
Empate,SP,1.0,16:00,,42,Criciuma,,SC,,Sao Paulo,,2003-04-13,1.0,Heriberto Hulse,,3
Sao Paulo,SP,2.0,20:29,3-4-1-2,8964,Internacional,R. Díaz,RS,603086.0,Sao Paulo,3-5-2,2025-08-03,1.0,"Estádio Beira-Rio, Porto Alegre",H. Crespo,18
Fortaleza,CE,3.0,20:30,,1470,Atletico-Mg,,MG,,Fortaleza,,2005-10-26,2.0,Mineirão,,34
Empate,RJ,0.0,18:10,,1666,Santos,,SP,,Botafogo-Rj,,2006-06-04,0.0,Vila Belmiro,,10
Figueirense,RJ,0.0,19:30,,1428,Figueirense,,SC,,Botafogo-Rj,,2005-10-05,1.0,Orlando Scarpelli,,30
Empate,SP,2.0,18:31,4-2-3-1,8817,Botafogo-Rj,Renato Manuel Alves Paiva,RJ,696360.0,Sao Paulo,3-4-2-1,2025-04-16,2.0,"Estádio Nilton Santos, Rio De Janeiro",Luis Francisco Zubeldã­A,4
Empate,GO,0.0,16:00,,3972,Sport,,PE,,Atletico-Go,,2012-07-29,0.0,Ilha Do Retiro,,13
Atletico-Mg,PR,2.0,18:10,,2466,Atletico-Mg,,MG,,Coritiba,,2008-07-20,3.0,Mineirão,,13
Empate,SP,1.0,21:00,,3946,Coritiba,,PR,,Palmeiras,,2012-07-19,1.0,Couto Pereira,,10
Palmeiras,PR,1.0,18:30,,2708,Palmeiras,,SP,,Coritiba,,2009-05-09,2.0,Palestra Itália,,1
Flamengo,RJ,1.0,18:00,,430,Flamengo,,RJ,,Vasco,,2003-10-12,2.0,Maracanã,,36
Flamengo,MG,0.0,21:00,4-2-3-1,5226,Flamengo,O. De Oliveira Filho,RJ,,Cruzeiro,4-3-3,2015-09-10,2.0,Maracanã,L. Venker De Menezes,24
Empate,SC,2.0,18:10,,2125,Vasco,,RJ,,Figueirense,,2007-08-05,2.0,São Januário,,17
Sao Paulo,RS,1.0,16:00,,386,Sao Paulo,,SP,,Gremio,,2003-09-27,3.0,Morumbi,,33
Santos,PE,1.0,18:10,,1946,Santos,,SP,,Santa Cruz,,2006-12-03,3.0,Vila Belmiro,,38
Goias,GO,1.0,16:00,4-1-4-1,8183,Cruzeiro,P. Marques Da Costa Filipe,MG,,Goias,4-2-3-1,2023-07-23,0.0,Estádio Raimundo Sampaio,A. Evangelista Macedo Freitas,16
Santos,SP,1.0,16:00,,474,Santos,,SP,,Corinthians,,2003-11-02,3.0,Vila Belmiro,,40
Empate,RS,1.0,20:30,,2135,Palmeiras,,SP,,Internacional,,2007-08-09,1.0,Parque Antártica,,18
Fluminense,RJ,5.0,19:00,4-2-3-1,6534,Gremio,Renato Gaúcho,RS,,Fluminense,4-1-4-1,2019-05-05,4.0,Arena Do Grêmio,,3
Fluminense,SP,1.0,16:00,4-2-3-1,6988,Fluminense,O. Hellmann,RJ,,Corinthians,4-1-4-1,2020-09-13,2.0,Maracanã,Coelho,10
Sao Paulo,RS,0.0,18:00,,1056,Sao Paulo,,SP,,Juventude,,2004-11-21,4.0,Morumbi,,42
Vasco,SC,0.0,19:00,4-2-3-1,5817,Vasco,M. Mendes,RJ,,Avai,4-2-3-1,2017-06-17,1.0,Estádio Vasco Da Gama,C. Dos Santos Oliveira,8
Flamengo,RJ,2.0,22:00,,4883,Figueirense,,SC,,Flamengo,,2014-10-08,1.0,Orlando Scarpelli,V. Luxemburgo Da Silva,27
Sport,RJ,1.0,19:00,4-2-3-1,6419,Sport,M. Mendes,PE,,Vasco,4-3-2-1,2018-10-20,2.0,Adelmar Da Costa Carvalho,A. Valentim Do Carmo Neto,30
Bahia,MG,0.0,21:00,4-2-3-1,5795,Bahia,J. De Amorim Campos,BA,,Cruzeiro,4-2-3-1,2017-06-08,1.0,Itaipava Arena Fonte Nova,L. Venker De Menezes,5
Empate,PA,0.0,16:00,,812,Guarani,,SP,,Paysandu,,2004-08-08,0.0,Brinco De Ouro,,22
Santos,SP,2.0,19:00,4-1-4-1,5804,Athletico-Pr,E. Baptista,PR,,Santos,4-2-3-1,2017-06-11,0.0,Estádio Joaquim Américo Guimarães,Elano,6
Empate,CE,1.0,20:02,4-2-3-1,9104,Ceara,M. Mozart,CE,,Fortaleza,4-2-3-1,2025-11-06,1.0,"Arena Castelão, Fortaleza",T. Carpini,32
Palmeiras,MG,2.0,20:30,,2378,Palmeiras,,SP,,Cruzeiro,,2008-06-12,5.0,Palestra Itália,,6
Palmeiras,SP,3.0,20:00,4-2-3-1,7934,Botafogo-Rj,L. Castro,RJ,,Palmeiras,4-2-3-1,2022-10-03,1.0,Estádio Nilton Santos,,29
Corinthians,MG,0.0,18:00,,6204,Corinthians,O. Loss,SP,,America-Mg,4-2-3-1,2018-05-31,1.0,Neo Química Arena,E. Alves Moreira,8
Corinthians,RS,0.0,16:00,,111,Corinthians,,SP,,Juventude,,2003-05-24,3.0,Pacaembu,,10
Empate,SP,1.0,20:00,4-2-3-1,8899,Gremio,L. Castro,RS,1261576.0,Corinthians,4-2-3-1,2025-06-12,1.0,"Arena Do Grêmio, Porto Alegre",D. Junior,12
Empate,RS,2.0,19:30,,1748,Goias,,GO,,Internacional,,2006-08-23,2.0,Serra Dourada,,19
Sao Paulo,SP,2.0,18:10,,2124,Gremio,,RS,,Sao Paulo,,2007-08-05,0.0,Olímpico,,17
Empate,SC,2.0,20:30,,1258,Juventude,,RS,,Figueirense,,2005-10-19,2.0,Alfredo Jaconi,,14
Sao Paulo,SP,2.0,21:40,,320,Fortaleza,,CE,,Sao Paulo,,2003-08-20,0.0,Castelão,,27
Athletico-Pr,SC,1.0,18:31,4-2-3-1,5398,Athletico-Pr,P. Autuori De Mello,PR,,Figueirense,4-2-3-1,2016-05-28,2.0,Estã¡Dio Joaquim Amã©Rico Guimarã£Es,,4
Corinthians,RS,1.0,21:00,,4069,Corinthians,,SP,,Gremio,,2012-09-08,3.0,Pacaembu,,23
Empate,PR,1.0,16:00,,1926,Sao Paulo,,SP,,Athletico-Pr,,2006-11-19,1.0,Morumbi,,36
Atletico-Mg,MG,1.0,19:00,4-1-4-1,5844,Chapecoense,V. Carmo Mancini,SC,,Atletico-Mg,4-2-3-1,2017-06-25,0.0,Arena Condá,,10
Cuiaba,PE,0.0,18:59,4-4-2,7525,Cuiaba,J. De Amorim Campos,MT,,Sport,4-2-3-1,2021-10-14,1.0,Arena Pantanal,G. Florentín,26
Atletico-Mg,PE,1.0,21:58,4-2-3-1,5102,Atletico-Mg,L. Culpi,MG,,Sport,4-2-3-1,2015-07-08,2.0,Mineirão,E. Baptista,12
Cruzeiro,SP,0.0,22:00,,4265,Cruzeiro,,MG,,Corinthians,,2013-06-05,1.0,Arena Do Jacaré,,4
Sao Paulo,SP,0.0,16:00,,4120,Sao Paulo,,SP,,Palmeiras,,2012-10-06,3.0,Morumbi,,28
Cruzeiro,SC,0.0,18:20,,2389,Cruzeiro,,MG,,Figueirense,,2008-06-21,3.0,Mineirão,,7
Cuiaba,SP,1.0,21:00,4-2-3-1,7447,Cuiaba,J. De Amorim Campos,MT,,Santos,4-3-3,2021-09-04,2.0,Arena Pantanal,F. Diniz Silva,19
Corinthians,MT,2.0,21:00,4-5-1,7590,Corinthians,S. Campos Junior,SP,,Cuiaba,4-2-3-1,2021-11-13,3.0,Neo Química Arena,J. De Amorim Campos,32
Santos,SP,1.0,16:00,,1053,Coritiba,,PR,,Santos,,2004-11-21,0.0,Couto Pereira,,42
Empate,BA,3.0,20:59,4-4-2,7278,Bragantino,,SP,,Bahia,4-3-3,2021-06-05,3.0,Nabizão,L. Cavalcanti,2
Empate,SC,1.0,17:00,,3843,Avai,,SC,,Figueirense,,2011-12-04,1.0,Ressacada,,38
Empate,SP,1.0,18:00,,99,Juventude,,RS,,Santos,,2003-05-17,1.0,Alfredo Jaconi,,9
Empate,MG,2.0,16:00,4-3-3,8152,Atletico-Mg,L. Scolari,MG,,America-Mg,4-4-2,2023-07-02,2.0,Mineirão,V. Carmo Mancini,13
Corinthians,PR,0.0,16:00,,1460,Corinthians,,SP,,Parana,,2005-10-22,1.0,Pacaembu,,33
Flamengo,SP,1.0,16:00,3-4-2-1,7661,Flamengo,P. Carvalho De Sousa,RJ,,Sao Paulo,4-1-4-1,2022-04-17,3.0,Maracanã,R. Ceni,2
Juventude,SP,0.0,19:03,,7611,Juventude,J. Ribeiro Ventura,RS,,Bragantino,4-2-3-1,2021-11-30,1.0,Alfredo Jaconi,M. Nogueira Barbieri,35
Bragantino,MT,0.0,11:00,4-2-3-1,8228,Bragantino,P. Faria Caixinha,SP,,Cuiaba,4-3-3,2023-08-27,2.0,Nabizão,A. Cardoso De Oliveira,21
Empate,CE,1.0,15:59,4-2-3-1,8959,Corinthians,D. Junior,SP,2390031.8,Fortaleza,4-2-3-1,2025-08-03,1.0,"Neo Química Arena, São Paulo",,18
Empate,BA,1.0,17:00,,3434,Guarani,,SP,,Vitoria,,2010-11-14,1.0,Brinco De Ouro,,35
Sport,GO,0.0,21:01,4-2-3-1,5035,Sport,E. Baptista,PE,,Goias,4-3-1-2,2015-06-04,1.0,Adelmar Da Costa Carvalho,H. Pinto Dos Anjos,5
Empate,CE,1.0,17:59,3-4-3,7912,Juventude,U. Louzer Filho,RS,,Fortaleza,4-3-3,2022-09-18,1.0,Alfredo Jaconi,J. Vojvoda,27
Empate,PR,0.0,19:02,4-2-3-1,6144,Gremio,Renato Gaúcho,RS,,Athletico-Pr,3-4-3,2018-04-22,0.0,Arena Do Grêmio,F. Diniz Silva,2
Athletico-Pr,PR,1.0,12:01,4-1-4-1,6820,Sao Paulo,F. Diniz Silva,SP,,Athletico-Pr,4-2-3-1,2019-10-11,0.0,Morumbi,E. De Barros,32
Empate,SP,2.0,16:02,4-1-4-1,6392,Botafogo-Rj,,RJ,,Sao Paulo,4-2-3-1,2018-09-30,2.0,Estádio Nilton Santos,D. Aguirre Camblor,27
Goias,GO,2.0,20:30,,1426,Coritiba,,PR,,Goias,,2005-10-04,0.0,Couto Pereira,,30
Parana,BA,0.0,16:00,,541,Parana,,PR,,Vitoria,,2003-12-13,2.0,Pinheirão,,46
Vitoria,BA,1.0,11:00,4-2-3-1,6409,Chapecoense,A. Ferreira,SC,,Vitoria,4-2-3-1,2018-10-14,0.0,Arena Condá,P. Carpegiani,29
Empate,GO,0.0,18:30,,3854,Cruzeiro,,MG,,Atletico-Go,,2012-05-20,0.0,Parque Do Sabiá,,1
Botafogo-Rj,SP,1.0,21:50,,3663,Botafogo-Rj,,RJ,,Palmeiras,,2011-08-31,3.0,Engenhão,,20
Internacional,PR,0.0,20:59,4-4-1-1,8001,Internacional,L. Venker De Menezes,RS,,Athletico-Pr,4-2-3-1,2022-11-05,2.0,Estã¡Dio Josã© Pinheiro Borda,L. Scolari,36
Vitoria,BA,1.0,20:01,4-4-2,5736,Coritiba,P. Carpegiani,PR,,Vitoria,4-2-3-1,2016-11-28,0.0,Couto Pereira,A. Fucks,37
Empate,SP,1.0,20:59,4-2-3-1,5715,Internacional,C. Juarez Roth,RS,,Ponte Preta,4-1-4-1,2016-11-17,1.0,Estádio José Pinheiro Borda,E. Baptista,35
Empate,MG,1.0,21:50,,4897,Bahia,G. Kleina,BA,,Atletico-Mg,NAN,2014-10-21,1.0,Itaipava Arena Fonte Nova,L. Culpi,30
Atletico-Mg,SC,0.0,19:29,4-2-3-1,5787,Atletico-Mg,R. Machado Marques,MG,,Avai,4-2-3-1,2017-06-07,1.0,Estádio Raimundo Sampaio,C. Dos Santos Oliveira,5
Empate,SP,1.0,19:00,4-2-3-1,5962,Cruzeiro,L. Venker De Menezes,MG,,Santos,4-2-3-1,2017-08-27,1.0,Mineirão,L. Culpi,22
Goias,PR,1.0,20:30,3-5-2,7798,Goias,J. Ribeiro Ventura,GO,,Athletico-Pr,4-2-3-1,2022-07-09,2.0,Estádio Da Serrinha,L. Scolari,16
Botafogo-Rj,RJ,1.0,20:02,4-2-3-1,6174,Botafogo-Rj,A. Valentim Do Carmo Neto,RJ,,Fluminense,3-4-2-1,2018-05-14,2.0,Estádio Nilton Santos,A. Da Silva Braga,5
Internacional,RS,2.0,16:01,4-2-2-2,5111,Joinville,A. Batista,SC,,Internacional,4-2-3-1,2015-07-12,0.0,Arena Joinville,,13
Fluminense,MG,0.0,18:10,,2524,Fluminense,,RJ,,Atletico-Mg,,2008-08-17,1.0,Maracanã,,20
Gremio,GO,1.0,18:00,4-2-3-1,6955,Gremio,Renato Gaúcho,RS,,Goias,4-3-3,2020-11-30,2.0,Arena Do Grêmio,A. César,6
Empate,SP,0.0,15:59,4-3-3,7308,Bahia,L. Cavalcanti,BA,,Corinthians,4-1-4-1,2021-06-20,0.0,Estádio De Pituaçu,S. Campos Junior,5
Empate,RJ,1.0,16:00,,3510,Gremio,,RS,,Vasco,,2011-06-19,1.0,Olímpico,,5
Santos,SP,3.0,17:02,4-1-4-1,6816,Goias,N. Da Silveira Júnior,GO,,Santos,4-3-3,2019-11-09,0.0,Estádio Do Governo Do Estado De Goiás (Serra Dourada),J. Sampaoli Moya,32
Empate,MG,0.0,21:00,4-1-4-1,5649,Corinthians,F. Carille,SP,,Atletico-Mg,4-2-3-1,2016-10-05,0.0,Neo Química Arena,M. De Oliveira Santos,29
Empate,PR,0.0,16:00,,603,Guarani,,SP,,Athletico-Pr,,2004-05-08,0.0,Brinco De Ouro,,5
Empate,RS,1.0,21:00,4-2-3-1,8755,Cruzeiro,F. Diniz Silva,MG,,Gremio,4-2-3-1,2024-11-27,1.0,Mineirão,Renato Gaúcho,35
Juventude,PE,0.0,20:04,,8913,Juventude,M. Barbieri,RS,234920.0,Sport,,2025-07-14,2.0,"Alfredo Jaconi, Caxias Do Sul",C. De Lucena,13
Vitoria,MT,0.0,16:01,4-3-3,8606,Vitoria,E. K. Neto,BA,,Cuiaba,4-2-3-1,2024-08-03,1.0,Barradão,A. Gonçalves Teixeira,21
Empate,RJ,4.0,21:30,4-2-3-1,6826,Flamengo,,RJ,,Vasco,4-1-2-1-2,2019-11-13,4.0,Maracanã,V. Luxemburgo Da Silva,34
Internacional,RJ,1.0,16:00,,4050,Internacional,,RS,,Flamengo,,2012-09-02,4.0,Beira Rio,,21
America-Mg,CE,1.0,16:00,,3747,America-Mg,,MG,,Ceara,,2011-10-12,4.0,Arena Do Jacaré,,29
Figueirense,SC,2.0,16:00,,1045,Fluminense,,RJ,,Figueirense,,2004-11-20,0.0,Raulino De Oliveira,,42
Athletico-Pr,GO,1.0,18:14,3-4-2-1,7311,Athletico-Pr,A. Cardoso De Oliveira,PR,,Atletico-Go,4-2-3-1,2021-06-20,2.0,Estádio Joaquim Américo Guimarães,E. De Souza Barroca,5
Figueirense,SP,1.0,16:00,,1558,Figueirense,,SC,,Santos,,2005-12-04,3.0,Orlando Scarpelli,,42
Gremio,RS,2.0,16:00,,3723,Avai,,SC,,Gremio,,2011-09-25,1.0,Ressacada,,26
Sao Paulo,SP,4.0,16:01,4-2-3-1,5906,Botafogo-Rj,J. Ribeiro Ventura,RJ,,Sao Paulo,4-1-4-1,2017-07-29,3.0,Estádio Nilton Santos,D. Silvestre Júnior,17
Figueirense,MG,0.0,16:00,,183,Figueirense,,SC,,Cruzeiro,,2003-07-05,1.0,Orlando Scarpelli,,16
Athletico-Pr,RJ,0.0,21:45,,2131,Athletico-Pr,,PR,,Flamengo,,2007-08-08,2.0,Kyocera Arena,,18
Santos,SP,4.0,16:00,,1700,Sao Paulo,,SP,,Santos,,2006-07-30,0.0,Morumbi,,14
Figueirense,SC,1.0,19:30,,1391,Sao Caetano,,SP,,Figueirense,,2005-09-21,0.0,Anacleto Campanella,,27
Empate,RJ,1.0,20:00,4-1-4-1,6895,Palmeiras,A. Moreira Ferreira,SP,,Vasco,4-2-3-1,2021-01-26,1.0,Allianz Parque,V. Luxemburgo Da Silva,1
Sao Paulo,MG,0.0,20:00,4-2-3-1,8335,Sao Paulo,D. Silvestre Júnior,SP,,Cruzeiro,4-3-3,2023-11-02,1.0,Morumbi,J. Mannarino,31
Empate,PR,0.0,16:00,,620,Ponte Preta,,SP,,Coritiba,,2004-05-16,0.0,Moisés Lucarelli,,6
Goias,GO,1.0,18:29,,4636,Atletico-Mg,L. Culpi,MG,,Goias,,2014-05-04,0.0,Estádio Raimundo Sampaio,S. Drubscky De Campos,3
Coritiba,RJ,0.0,19:29,3-4-3,4927,Coritiba,M. Dos Santos Gonçalves,PR,,Fluminense,4-2-2-2,2014-08-11,1.0,Couto Pereira,,33
Corinthians,RS,2.0,18:31,4-3-1-2,8848,Corinthians,D. Junior,SP,3041403.0,Internacional,4-2-3-1,2025-05-03,4.0,"Neo Química Arena, São Paulo",R. Díaz,7
Goias,RJ,0.0,18:10,,1616,Goias,,GO,,Vasco,,2006-05-14,2.0,Serra Dourada,,5
Avai,MG,0.0,16:00,4-2-3-1,5899,Avai,C. Dos Santos Oliveira,SC,,Cruzeiro,4-2-3-1,2017-07-23,1.0,Ressacada,L. Venker De Menezes,16
Corinthians,MG,0.0,16:00,,4051,Corinthians,,SP,,Atletico-Mg,,2012-09-02,1.0,Pacaembu,,21
Atletico-Mg,SP,0.0,21:00,,3964,Atletico-Mg,,MG,,Santos,,2012-07-26,,Independência,,12
Vasco,GO,1.0,18:10,,2098,Vasco,,RJ,,Goias,,2007-07-28,4.0,São Januário,,15
Empate,PE,2.0,18:30,,3015,Avai,,SC,,Sport,,2009-10-25,2.0,Ressacada,,31
Fluminense,RJ,3.0,17:00,,3061,Sport,,PE,,Fluminense,,2009-11-22,0.0,Ilha Do Retiro,,36
Palmeiras,MG,2.0,16:01,4-2-3-1,6259,Palmeiras,R. Machado Marques,SP,,Atletico-Mg,4-2-3-1,2018-07-22,3.0,Allianz Parque,T. Mendes Larghi,14
Goias,RS,1.0,20:30,,4573,Goias,,GO,,Internacional,,2013-11-17,3.0,Serra Dourada,,35
Vitoria,BA,2.0,18:32,,4705,Sport,E. Baptista,PE,,Vitoria,,2014-10-12,1.0,Adelmar Da Costa Carvalho,N. Da Silveira Júnior,28
Empate,PR,1.0,19:59,,8225,Goias,A. Evangelista Macedo Freitas,GO,,Athletico-Pr,3-4-2-1,2023-08-21,1.0,Estádio Hailé Pinheiro - Serrinha,W. Carvalho,20
Vasco,RJ,1.0,16:00,,2256,Vasco,,RJ,,Botafogo-Rj,,2007-10-14,2.0,Maracanã,,31
Coritiba,BA,2.0,17:02,,4979,Coritiba,M. Dos Santos Gonçalves,PR,,Bahia,,2014-12-07,3.0,Couto Pereira,C. Fabian,38
Empate,MG,1.0,19:00,4-2-3-1,8327,Internacional,E. Coudet,RS,,America-Mg,3-5-2,2023-11-01,1.0,Estádio Beira-Rio,F. Bustos,31
Empate,RJ,1.0,18:10,,1919,Corinthians,,SP,,Fluminense,,2006-11-18,1.0,Pacaembu,,36
Cruzeiro,RS,0.0,18:10,,2200,Cruzeiro,,MG,,Gremio,,2007-08-09,2.0,Mineirão,,25
Flamengo,RJ,0.0,16:00,4-2-3-1,8301,Flamengo,A. Bacchi,RJ,,Vasco,4-1-4-1,2023-10-22,1.0,Maracanã,,28
Empate,RJ,0.0,17:03,4-2-3-1,5366,Coritiba,E. Pacheco,PR,,Vasco,4-1-2-1-2,2015-12-06,0.0,Couto Pereira,J. De Amorim Campos,38
Ceara,CE,2.0,19:31,4-1-4-1,6774,Bahia,R. Machado Marques,BA,,Ceara,4-3-1-2,2019-10-21,1.0,Estã¡Dio De Pituaã§U,A. Batista,27
Atletico-Mg,RN,1.0,20:30,,1999,Atletico-Mg,,MG,,America-Rn,,2007-07-18,4.0,Mineirão,,12
Empate,RJ,1.0,18:30,,2889,Palmeiras,,SP,,Botafogo-Rj,,2009-08-15,1.0,Palestra Itália,,19
Atletico-Mg,MG,1.0,18:31,4-2-3-1,8892,Ceara,M. Mozart,CE,765662.0,Atletico-Mg,3-4-2-1,2025-06-01,0.0,"Arena Castelão, Fortaleza",J. Sampaoli,11
Corinthians,SP,3.0,21:50,,3943,Flamengo,,RJ,,Corinthians,,2012-07-18,0.0,Engenhão,,10
Empate,RS,2.0,16:00,,1127,Parana,,PR,,Juventude,,2005-05-07,2.0,Pinheirã£O,,3
Sao Paulo,SP,2.0,21:50,,3412,Cruzeiro,,MG,,Sao Paulo,,2010-11-03,0.0,Parque Do Sabiá,,33
Botafogo-Rj,RJ,0.0,18:30,,8091,Botafogo-Rj,L. Ribeiro De Castro,RJ,,Fluminense,4-2-3-1,2023-05-20,1.0,Estádio Nilton Santos,F. Diniz Silva,7
Botafogo-Rj,SP,0.0,16:59,4-2-3-1,6442,Botafogo-Rj,J. Mannarino,RJ,,Corinthians,4-2-3-1,2018-11-04,1.0,Estádio Nilton Santos,J. Ribeiro Ventura,32
Empate,RS,1.0,21:50,,3713,Figueirense,,SC,,Internacional,,2011-09-21,1.0,Orlando Scarpelli,,25
Brasiliense,SP,0.0,16:00,,1331,Brasiliense,,DF,,Ponte  Preta,,2005-08-21,4.0,Boca Do Jacaré,,21
Flamengo,RJ,0.0,18:10,,1604,Flamengo,,RJ,,Botafogo-Rj,,2006-05-07,1.0,Maracanã,,4
Sao Paulo,GO,1.0,19:01,4-1-2-1-2,7077,Sao Paulo,F. Diniz Silva,SP,,Goias,,2020-11-07,2.0,Morumbi,E. Alves Moreira,20
Fluminense,SP,1.0,21:00,4-4-2,8199,Fluminense,F. Diniz Silva,RJ,,Palmeiras,4-2-3-1,2023-08-05,2.0,Maracanã,A. Moreira Ferreira,18
Atletico-Go,RS,0.0,16:00,4-2-3-1,8630,Atletico-Go,U. Louzer Filho,GO,,Internacional,4-2-3-1,2024-08-18,1.0,Estádio Antônio Accioly - Atlético Goianiense,R. Machado Marques,23
Empate,RJ,0.0,18:30,4-3-3,8204,Cruzeiro,S. De Azevedo Correia,MG,,Botafogo-Rj,4-2-3-1,2023-08-06,0.0,Mineirão,B. Nascimento,18
Empate,RJ,2.0,21:50,,4402,Atletico-Mg,,MG,,Fluminense,,2013-09-04,2.0,Independência,,18
Internacional,RS,1.0,19:59,4-3-3,6295,Atletico-Mg,T. Mendes Larghi,MG,,Internacional,4-3-3,2018-08-06,0.0,Estádio Raimundo Sampaio,O. Hellmann,17
Empate,SP,0.0,21:50,,883,Ponte Preta,,SP,,Palmeiras,NAN,2004-09-01,0.0,Moisés Lucarelli,,28
Atletico-Mg,MG,2.0,16:01,4-2-3-1,5909,Coritiba,M. De Oliveira Santos,PR,,Atletico-Mg,4-2-3-1,2017-07-30,0.0,Couto Pereira,M. Reis Micale,17
Vasco,PR,1.0,16:00,,1560,Vasco,,RJ,,Parana,,2005-12-04,3.0,São Januário,,42
Empate,PR,2.0,18:10,,1180,Vasco,,RJ,,Coritiba,,2005-06-12,2.0,São Januário,,7
America-Mg,MG,2.0,16:59,4-2-3-1,7536,Santos,F. Carille,SP,,America-Mg,4-2-3-1,2021-10-23,0.0,Estádio Urbano Caldeira,M. Dos Santos Gonçalves,28
Fluminense,PR,1.0,20:30,,3755,Fluminense,,RJ,,Coritiba,,2011-10-13,3.0,Engenhão,,29
Sao Paulo,SP,2.0,16:00,,4431,Vasco,,RJ,,Sao Paulo,,2013-09-15,0.0,São Januário,,21
America-Mg,SP,0.0,18:03,4-3-3,7864,America-Mg,V. Carmo Mancini,MG,,Santos,4-2-3-1,2022-08-14,1.0,Estádio Raimundo Sampaio,,22
Empate,MT,0.0,18:32,4-2-3-1,8372,Sao Paulo,D. Silvestre Júnior,SP,,Cuiaba,3-4-2-1,2023-11-26,0.0,Morumbi,B. Lazaroni,35
Empate,SP,3.0,21:45,,1364,Athletico-Pr,,PR,,Santos,,2005-09-07,3.0,Arena Da Baixada,,24
Fluminense,RS,1.0,20:30,,34,Fluminense,,RJ,,Internacional,,2003-04-17,3.0,Maracanã,,4
Empate,RJ,1.0,19:30,,4417,Athletico-Pr,,PR,,Fluminense,,2013-09-11,1.0,Vila Capanema,,20
Flamengo,RJ,1.0,20:30,,749,Guarani,,SP,,Flamengo,,2004-07-20,0.0,Brinco De Ouro,,17
Empate,RJ,2.0,22:01,,4832,Palmeiras,D. Silvestre Júnior,SP,,Flamengo,,2014-09-17,2.0,Estádio Municipal Paulo Machado De Carvalho,V. Luxemburgo Da Silva,22
Empate,MG,1.0,18:30,4-2-3-1,8763,Bragantino,F. Seabra,SP,,Cruzeiro,4-2-3-1,2024-01-12,1.0,Nabizã£O,F. Diniz Silva,36
America-Mg,CE,1.0,22:01,4-1-3-2,7559,America-Mg,M. Dos Santos Gonçalves,MG,,Fortaleza,3-4-1-2,2021-10-30,2.0,Estádio Raimundo Sampaio,J. Vojvoda,29
Fluminense,RJ,0.0,16:00,,4641,Fluminense,C. Borges Dos Santos,RJ,,Flamengo,,2014-05-11,2.0,Maracanã,J. De Almeida Filho,4
Santos,MG,0.0,17:06,4-2-3-1,5737,Santos,D. Silvestre Júnior,SP,,America-Mg,4-1-4-1,2016-12-11,1.0,Estádio Urbano Caldeira,E. Alves Moreira,38
Cruzeiro,RJ,1.0,19:30,,3444,Cruzeiro,,MG,,Vasco,,2010-11-21,3.0,Arena Do Jacarã©,,36
Coritiba,SP,1.0,19:34,4-4-1-1,5157,Coritiba,N. Da Silveira Júnior,PR,,Palmeiras,4-2-3-1,2015-12-08,2.0,Couto Pereira,M. De Oliveira Santos,18
America-Mg,CE,0.0,11:01,4-2-3-1,7440,America-Mg,V. Carmo Mancini,MG,,Ceara,4-2-3-1,2021-08-29,2.0,Estádio Raimundo Sampaio,A. Ferreira,18
Sao Paulo,SP,0.0,16:02,3-4-1-2,7863,Sao Paulo,R. Ceni,SP,,Bragantino,4-2-3-1,2022-08-14,3.0,Morumbi,M. Nogueira Barbieri,22
Empate,PR,1.0,18:10,,2555,Cruzeiro,,MG,,Coritiba,,2008-08-31,1.0,Mineirão,,23
Empate,RS,0.0,16:00,4-1-4-1,6930,Vasco,R. Menezes Hubner,RJ,,Gremio,4-2-3-1,2020-08-23,0.0,Estádio Vasco Da Gama,Renato Gaúcho,5
Empate,SP,1.0,16:03,4-2-3-1,5264,Sao Paulo,J. Osorio,SP,,Palmeiras,4-2-3-1,2015-09-27,1.0,Morumbi,M. De Oliveira Santos,28
Empate,SP,2.0,19:31,4-4-1-1,5387,Figueirense,V. Eutrópio,SC,,Santos,4-2-3-1,2016-05-25,2.0,Orlando Scarpelli,D. Silvestre Júnior,3
Empate,SP,1.0,19:01,4-2-3-1,8916,Palmeiras,A. Ferreira,SP,2115948.15,Mirassol,4-2-3-1,2025-07-16,1.0,"Allianz Parque, São Paulo",R. Guanaes,14
Empate,MG,1.0,16:00,,2361,Coritiba,,PR,,Cruzeiro,,2008-06-01,1.0,Couto Pereira,,4
Palmeiras,SP,1.0,16:02,4-2-3-1,6931,Palmeiras,V. Luxemburgo Da Silva,SP,,Santos,4-3-3,2020-08-23,2.0,Morumbi,A. Stival,5
Empate,RS,1.0,18:32,4-2-2-2,8031,Fortaleza,J. Vojvoda,CE,,Internacional,4-2-3-1,2023-04-15,1.0,Arena Castelão,,1
Empate,RS,1.0,22:00,,4937,Sao Paulo,M. Ramalho,SP,,Internacional,,2014-11-12,1.0,Morumbi,A. Da Silva Braga,35
Empate,RJ,1.0,16:00,,666,Corinthians,,SP,,Flamengo,,2004-06-20,1.0,Mj José Levi Sobrinho,,10
Atletico-Mg,SP,1.0,18:00,3-5-2,6990,Atletico-Mg,J. Desio,MG,,Bragantino,5-4-1,2020-09-13,2.0,Mineirão,M. Nogueira Barbieri,10
Santos,SP,3.0,16:00,,3701,Corinthians,,SP,,Santos,,2011-09-18,1.0,Pacaembu,,24
Athletico-Pr,CE,0.0,16:00,,3774,Athletico-Pr,,PR,,Ceara,,2011-10-23,1.0,Arena Da Baixada,,31
Santos,CE,0.0,19:00,3-4-3,7608,Santos,F. Carille,SP,,Fortaleza,3-4-1-2,2021-11-25,2.0,Estádio Urbano Caldeira,J. Vojvoda,35
Atletico-Mg,MG,3.0,18:20,,2616,Flamengo,,RJ,,Atletico-Mg,,2008-10-11,0.0,Maracanã,,29
Santos,SP,1.0,18:00,,676,Santos,,SP,,Guarani,,2004-06-26,2.0,Pacaembu,,11
Empate,SP,1.0,20:00,4-2-3-1,6594,Atletico-Mg,R. Marques Santana,MG,,Sao Paulo,4-2-3-1,2019-06-13,1.0,Estádio Raimundo Sampaio,,9
Empate,PR,0.0,20:59,4-1-4-1,5729,Corinthians,O. De Oliveira Filho,SP,,Athletico-Pr,4-2-3-1,2016-11-26,0.0,Neo Química Arena,P. Autuori De Mello,37
Corinthians,SP,1.0,19:31,4-2-3-1,6867,Ceara,A. Fucks,CE,,Corinthians,4-1-4-1,2019-12-04,0.0,Arena Castelão,Coelho,37
Botafogo-Rj,MG,1.0,16:00,,1963,Botafogo-Rj,,RJ,,Atletico-Mg,,2007-05-20,2.0,Maracanã,,2
Parana,PR,3.0,16:00,,1841,Santa Cruz,,PE,,Parana,,2006-10-08,1.0,Arruda,,28
Empate,RJ,2.0,16:00,,654,Palmeiras,,SP,,Vasco,NAN,2004-06-13,2.0,Parque Antártica,,9
Botafogo-Rj,SP,1.0,19:30,,4238,Botafogo-Rj,,RJ,,Santos,,2013-05-29,2.0,Raulino De Oliveira,,2
Corinthians,SP,0.0,16:00,,3521,Corinthians,,SP,,Sao Paulo,,2011-06-26,5.0,Pacaembu,,6
Sao Paulo,MG,0.0,21:01,4-1-4-1,5615,Sao Paulo,R. Gomes Raymundo,SP,,Cruzeiro,,2016-09-15,1.0,Morumbi,L. Venker De Menezes,25
Palmeiras,RJ,0.0,16:00,,3471,Palmeiras,,SP,,Botafogo-Rj,,2011-05-22,1.0,Teixeirão,,1
Internacional,SP,1.0,16:00,4-2-3-1,6190,Internacional,,RS,,Corinthians,4-2-3-1,2018-05-27,2.0,Estádio José Pinheiro Borda,O. Loss,7
Cruzeiro,SP,0.0,16:00,,4762,Cruzeiro,,MG,,Santos,,2014-08-17,3.0,Mineirão,O. De Oliveira Filho,15
Coritiba,GO,0.0,20:30,,412,Coritiba,,PR,,Goias,,2003-10-08,1.0,Couto Pereira,,35
Cruzeiro,SP,1.0,16:00,,615,Cruzeiro,,MG,,Palmeiras,,2004-05-16,2.0,Independência,,6
Empate,PR,2.0,21:00,4-2-3-1,6075,Fluminense,,RJ,,Coritiba,4-2-3-1,2017-11-09,2.0,Maracanã,,33
Empate,RJ,1.0,11:00,4-2-3-1,6308,Parana,,PR,,Botafogo-Rj,4-2-3-1,2018-08-12,1.0,Vila Capanema,J. Mannarino,18
Sao Paulo,SP,2.0,20:30,,1442,Sao Paulo,,SP,,Ponte Preta,,2005-10-11,3.0,Morumbi,,31
Sao Paulo,SP,2.0,17:00,4-2-3-1,5730,Atletico-Mg,D. Giacomini,MG,,Sao Paulo,4-2-3-1,2016-11-27,1.0,Estádio Raimundo Sampaio,L. De Oliveira Preto,37
Atletico-Mg,MG,1.0,11:01,4-3-3,7860,Coritiba,G. Morínigo,PR,,Atletico-Mg,4-1-4-1,2022-08-14,0.0,Couto Pereira,A. Stival,22
Atletico-Mg,PR,1.0,20:30,,3814,Atletico-Mg,,MG,,Coritiba,,2011-11-17,2.0,Arena Do Jacaré,,35
Goias,SC,1.0,20:01,4-2-3-1,6585,Goias,C. Dos Santos Oliveira,GO,,Chapecoense,,2019-06-10,3.0,Estádio Do Governo Do Estado De Goiás (Serra Dourada),N. Da Silveira Júnior,8
Flamengo,SP,2.0,18:31,4-2-3-1,9113,Flamengo,F. Luís,RJ,5118212.5,Santos,,2025-11-09,3.0,"Maracanã, Rio De Janeiro",J. Vojvoda,33
Athletico-Pr,PR,4.0,20:30,,1429,Fortaleza,,CE,,Athletico-Pr,,2005-10-05,1.0,Castelão,,30
Fluminense,RJ,0.0,18:30,,4124,Fluminense,,RJ,,Botafogo-Rj,,2012-10-06,1.0,Engenhão,,28
Palmeiras,SP,0.0,18:00,,606,Palmeiras,,SP,,Ponte Preta,,2004-05-08,3.0,Parque Antártica,,5
Parana,PR,4.0,18:10,,1277,Paysandu,,PA,,Parana,,2005-07-31,3.0,Mangueirão,,16
Internacional,RS,2.0,18:30,4-3-3,8142,America-Mg,V. Carmo Mancini,MG,,Internacional,4-2-3-1,2023-06-25,1.0,Estádio Raimundo Sampaio,L. Venker De Menezes,12
Ceara,RS,2.0,15:59,4-2-3-1,7271,Ceara,A. Ferreira,CE,,Gremio,4-3-3,2021-05-30,3.0,Arena Castelão,T. Retzalff Nunes,1
America-Mg,SP,1.0,17:00,,3791,America-Mg,,MG,,Corinthians,,2011-11-06,2.0,Parque Do Sabiá,,33
Sao Caetano,RJ,0.0,20:30,,251,Sao Caetano,,SP,,Fluminense,,2003-07-24,2.0,Anacleto Campanella,,21
Santos,RJ,1.0,19:00,4-3-3,6803,Santos,J. Sampaoli Moya,SP,,Botafogo-Rj,4-2-3-1,2019-11-03,4.0,Estádio Urbano Caldeira,A. Valentim Do Carmo Neto,30
Empate,RJ,2.0,16:00,,1983,Sport,,PE,,Flamengo,,2007-06-03,2.0,Ilha Do Retiro,,4
Empate,SC,2.0,18:31,4-3-2-1,5156,Chapecoense,V. Eutrópio,SC,,Figueirense,,2015-08-09,2.0,Arena Condá,A. Fucks,17
Empate,RJ,2.0,16:00,,2420,Santos,,SP,,Botafogo-Rj,,2008-07-06,2.0,Vila Belmiro,,11
Ponte Preta,RJ,0.0,20:30,,202,Ponte Preta,,SP,,Fluminense,,2003-07-10,3.0,Moisés Lucarelli,,17
Coritiba,SP,0.0,21:40,,486,Coritiba,,PR,,Corinthians,,2003-11-05,1.0,Couto Pereira,,41
Gremio,RJ,1.0,17:01,4-2-3-1,6062,Gremio,Renato Gaúcho,RS,,Flamengo,4-2-3-1,2017-11-05,3.0,Arena Do Grêmio,R. Rueda Rivera,32
Athletico-Pr,RS,0.0,22:00,,3322,Athletico-Pr,,PR,,Internacional,,2010-09-22,1.0,Arena Da Baixada,,24
Paysandu,SC,0.0,21:30,,452,Paysandu,,PA,,Criciuma,,2003-10-23,4.0,Mangueirão,,38
Empate,SC,0.0,19:01,4-2-3-1,6493,Corinthians,J. Ribeiro Ventura,SP,,Chapecoense,4-1-3-2,2018-11-25,0.0,Neo Química Arena,C. Dos Santos Oliveira,37
Gremio,PR,0.0,16:00,,1722,Gremio,,RS,,Athletico-Pr,,2006-08-13,2.0,Centenário (*Pf),,16
Palmeiras,SP,4.0,18:33,4-2-3-1,5136,Vasco,C. Juarez Roth,RJ,,Palmeiras,,2015-07-26,1.0,Estádio Vasco Da Gama,M. De Oliveira Santos,15
Palmeiras,SC,2.0,19:30,,4867,Palmeiras,D. Silvestre Júnior,SP,,Chapecoense,,2014-10-02,4.0,Estádio Municipal Paulo Machado De Carvalho,J. Da Silva,26
Fluminense,BA,1.0,18:30,,8137,Fluminense,E. De Barros,RJ,,Bahia,4-4-2,2023-06-24,2.0,Maracanã,R. Alves Paiva,12
Bahia,SP,0.0,21:30,3-4-2-1,7257,Bahia,L. Cavalcanti,BA,,Santos,4-4-1-1,2021-02-25,2.0,Itaipava Arena Fonte Nova,M. Fernandes,38
Empate,GO,2.0,16:00,,3748,Avai,,SC,,Atletico-Go,,2011-10-12,2.0,Ressacada,,29
Sport,PE,2.0,20:30,,2109,Palmeiras,,SP,,Sport,,2007-08-01,1.0,Parque Antártica,,16
Empate,SP,0.0,21:50,,948,Flamengo,,RJ,,Corinthians,,2004-09-29,0.0,Maracanã,,33
Flamengo,RJ,1.0,18:10,,2424,Flamengo,,RJ,,Vasco,,2008-07-06,3.0,Maracanã,,11
Empate,SP,1.0,16:00,,1452,Palmeiras,,SP,,Corinthians,,2005-10-16,1.0,Morumbi,,32
Santos,SP,1.0,21:45,,1286,Internacional,,RS,,Santos,,2005-08-03,0.0,Beira Rio,,17
Empate,PR,2.0,20:30,,1886,Cruzeiro,,MG,,Parana,NAN,2006-11-02,2.0,Mineirão,,32
Empate,GO,2.0,17:00,,4202,Atletico-Mg,,MG,,Atletico-Go,,2012-11-18,2.0,Independência,,36
Atletico-Mg,RJ,0.0,22:00,4-4-2,8318,Atletico-Mg,L. Scolari,MG,,Fluminense,5-4-1,2023-10-28,2.0,Arena Mrv,F. Diniz Silva,30
Empate,PR,1.0,16:00,4-3-3,8196,Santos,P. Turra,SP,,Athletico-Pr,4-2-3-1,2023-08-05,1.0,Estádio Urbano Caldeira,W. Carvalho,18
Flamengo,RJ,2.0,16:10,,3003,Palmeiras,,SP,,Flamengo,,2009-10-18,0.0,Palestra Itália,,30
Atletico-Mg,RS,1.0,18:10,,2303,Atletico-Mg,,MG,,Juventude,,2007-11-11,4.0,Mineirão,,36
Botafogo-Rj,PE,1.0,18:10,,2014,Botafogo-Rj,,RJ,,Nautico,,2007-06-17,3.0,Maracanã,,6
Palmeiras,SP,2.0,18:33,4-4-1-1,9093,Juventude,M. Barbieri,RS,321230.0,Palmeiras,4-2-3-1,2025-11-02,0.0,"Alfredo Jaconi, Caxias Do Sul",A. Ferreira,31
Fluminense,RJ,2.0,20:00,4-2-3-1,8699,Flamengo,F. Luís,RJ,,Fluminense,4-2-3-1,2024-10-17,0.0,Maracanã,L. Venker De Menezes,30
Empate,SP,1.0,21:50,,1006,Flamengo,,RJ,,Santos,,2004-10-27,,Maracanã,,38
Bahia,MG,1.0,16:02,4-1-3-2,8510,Bahia,R. Ceni,BA,,Cruzeiro,4-3-2-1,2024-06-23,4.0,Arena Fonte Nova,F. Seabra,11
Atletico-Go,SP,0.0,18:30,,3618,Atletico-Go,,GO,,Santos,,2011-08-13,2.0,Serra Dourada,,16
Empate,RJ,1.0,16:00,,2743,Nautico,,PE,,Fluminense,,2009-05-31,1.0,Aflitos,,4
Goias,GO,2.0,19:30,,4536,Nautico,,PE,,Goias,,2013-10-27,0.0,Arena Pernambuco,,31
Flamengo,RJ,1.0,20:30,,2076,Fluminense,,RJ,,Flamengo,,2007-08-16,0.0,Maracanã,,11
Bahia,BA,2.0,18:30,,4255,Internacional,,RS,,Bahia,,2013-02-06,1.0,Centenário (Rs),,3
Cruzeiro,MG,4.0,21:45,,2002,Nautico,,PE,,Cruzeiro,,2007-07-18,1.0,Aflitos,,12
Empate,CE,1.0,21:00,,3400,Atletico-Go,,GO,,Ceara,,2010-10-28,1.0,Serra Dourada,,32
Juventude,PA,0.0,16:00,,233,Juventude,,RS,,Paysandu,,2003-07-20,2.0,Alfredo Jaconi,,20
Santos,RJ,1.0,16:03,4-2-3-1,5272,Santos,,SP,,Fluminense,4-2-3-1,2015-10-04,3.0,Estádio Urbano Caldeira,E. Baptista,29
Empate,RJ,0.0,22:00,,4152,Portuguesa,,SP,,Flamengo,,2012-10-17,0.0,Canindé,,31
Empate,BA,1.0,20:00,4-2-3-1,5975,Atletico-Go,J. P. Sanches,GO,,Bahia,4-2-3-1,2017-09-11,1.0,Estádio Olímpico Pedro Ludovico Teixeira,C. Casagrande,23
Santos,SP,1.0,19:30,4-3-1-2,5607,Botafogo-Rj,J. Ribeiro Ventura,RJ,,Santos,4-2-3-1,2016-09-14,0.0,Luso-Brasileiro,D. Silvestre Júnior,25
Empate,SP,1.0,22:00,,3397,Flamengo,,RJ,,Corinthians,,2010-10-27,1.0,Engenhão,,32
Internacional,SP,0.0,18:29,4-4-2,8373,Internacional,E. Coudet,RS,,Bragantino,4-2-3-1,2023-11-26,1.0,Estádio Beira-Rio,P. Faria Caixinha,35
Figueirense,PR,2.0,16:00,,212,Figueirense,,SC,,Parana,,2003-07-13,4.0,Orlando Scarpelli,,18
Sport,SP,0.0,17:01,4-2-3-1,5350,Sport,Falcao,PE,,Corinthians,4-2-3-1,2015-11-29,2.0,Arena De Pernambuco,A. Bacchi,37
Goias,SP,0.0,18:29,,4845,Goias,S. Drubscky De Campos,GO,,Palmeiras,,2014-09-21,6.0,Estádio Do Governo Do Estado De Goiás (Serra Dourada),D. Silvestre Júnior,23
Palmeiras,GO,0.0,16:00,4-2-3-1,7852,Palmeiras,A. Moreira Ferreira,SP,,Goias,3-5-2,2022-08-07,3.0,Allianz Parque,J. Ribeiro Ventura,21
Empate,SC,2.0,19:29,4-2-3-1,6087,Cruzeiro,L. Venker De Menezes,MG,,Avai,,2017-11-15,2.0,Mineirão,C. Dos Santos Oliveira,35
Sao Caetano,SP,2.0,19:30,,1729,Vasco,,RJ,,Sao  Caetano,,2006-08-16,1.0,São Januário,,17
Vasco,RJ,2.0,19:00,4-1-4-1,6687,Chapecoense,E. Hartkopp,SC,,Vasco,4-2-3-1,2019-09-14,1.0,Arena Condá,V. Luxemburgo Da Silva,19
Empate,SP,0.0,16:00,,338,Fortaleza,,CE,,Santos,,2003-08-30,0.0,Castelão,,29
Gremio,RS,3.0,19:00,,7549,Chapecoense,F. Paiva Endres,SC,,Gremio,4-2-3-1,2021-11-20,1.0,Arena Condá,V. Carmo Mancini,34
Gremio,RS,7.0,20:30,,2448,Figueirense,,SC,,Gremio,,2008-07-17,1.0,Orlando Scarpelli,,14
Flamengo,RJ,0.0,20:59,4-4-2,7222,Flamengo,R. Ceni,RJ,,Vasco,,2021-02-04,2.0,Maracanã,V. Luxemburgo Da Silva,34
Corinthians,SP,1.0,19:30,4-2-3-1,8917,Ceara,M. Mozart,CE,985005.0,Corinthians,4-2-3-1,2025-07-16,0.0,"Arena Castelão, Fortaleza",D. Junior,14
Corinthians,SP,3.0,18:10,,1229,Parana,,PR,,Corinthians,,2005-07-16,2.0,Willie Davids,,12
Internacional,SP,1.0,16:00,4-2-3-1,8302,Internacional,E. Coudet,RS,,Santos,3-4-1-2,2023-10-22,7.0,Estádio Beira-Rio,M. Fernandes,28
Coritiba,SC,0.0,19:31,,4878,Coritiba,M. Dos Santos Gonçalves,PR,,Criciuma,,2014-10-08,1.0,Couto Pereira,G. Dal Pozzo,27
Empate,SP,1.0,18:31,4-2-3-1,5216,Sport,E. Baptista,PE,,Santos,4-2-3-1,2015-09-06,1.0,Adelmar Da Costa Carvalho,D. Silvestre Júnior,23
Empate,RJ,1.0,16:01,4-2-3-1,5860,Bahia,J. De Amorim Campos,BA,,Fluminense,4-2-3-1,2017-07-09,1.0,Itaipava Arena Fonte Nova,A. Da Silva Braga,12
Cruzeiro,PE,0.0,19:30,,2127,Cruzeiro,,MG,,Sport,,2007-08-08,2.0,Mineirão,,18
Empate,GO,0.0,18:30,,2679,Portuguesa,,SP,,Goias,,2008-11-22,0.0,Canindé,,36
Empate,SP,1.0,18:59,4-2-3-1,5847,Atletico-Go,D. Ghidoni Junior,GO,,Santos,4-2-3-1,2017-07-01,1.0,Estádio Olímpico Pedro Ludovico Teixeira,,11
Fluminense,SP,0.0,16:00,,3691,Fluminense,,RJ,,Corinthians,,2011-09-11,1.0,Engenhão,,23
Empate,SP,2.0,16:00,,1019,Vasco,,RJ,,Ponte Preta,,2004-10-31,2.0,São Januário,,39
Avai,PR,0.0,18:30,,3028,Avai,,SC,,Athletico-Pr,,2009-10-31,2.0,Ressacada,,33
Vitoria,MG,3.0,19:30,,3117,Vitoria,,BA,,Atletico-Mg,,2010-05-26,4.0,Barradão,,4
Vasco,GO,0.0,10:59,4-2-3-1,5837,Vasco,M. Mendes,RJ,,Atletico-Go,4-2-3-1,2017-06-25,1.0,Estádio Vasco Da Gama,,10
Gremio,RJ,0.0,16:00,,1929,Gremio,,RS,,Flamengo,,2006-11-26,3.0,Olímpico,,37
Empate,BA,1.0,18:00,,351,Gremio,,RS,,Bahia,,2003-09-13,1.0,Olímpico,,30
Botafogo-Rj,RJ,2.0,22:00,,4166,Figueirense,,SC,,Botafogo-Rj,,2012-10-24,0.0,Orlando Scarpelli,,32
Atletico-Mg,RJ,0.0,16:00,3-4-2-1,8580,Atletico-Mg,G. Milito,MG,,Vasco,4-2-3-1,2024-07-21,2.0,Arena Mrv,C. De Paiva,18
Fluminense,RJ,2.0,16:00,,1935,Santa Cruz,,PE,,Fluminense,,2006-11-26,1.0,Arruda,,37
Empate,CE,1.0,16:00,4-1-4-1,6878,Botafogo-Rj,A. Valentim Do Carmo Neto,RJ,,Ceara,4-1-4-1,2019-12-08,1.0,Estádio Nilton Santos,A. Fucks,38
Cruzeiro,BA,0.0,20:00,4-3-3,8309,Cruzeiro,J. Mannarino,MG,,Bahia,,2023-10-25,3.0,Mineirão,R. Ceni,29
Empate,SP,0.0,16:00,,565,Flamengo,,RJ,,Ponte Preta,,2004-04-24,0.0,Raulino De Oliveira,,2
Flamengo,RS,1.0,16:00,,1583,Flamengo,,RJ,,Juventude,,2006-04-23,3.0,Maracanã£,,2
Corinthians,RJ,0.0,22:00,4-2-3-1,5203,Corinthians,A. Bacchi,SP,,Fluminense,4-2-3-1,2015-09-02,2.0,Neo Química Arena,E. Alves Moreira,22
Athletico-Pr,PR,3.0,19:30,,2188,Goias,,GO,,Athletico-Pr,,2007-09-05,2.0,Serra Dourada,,24
Athletico-Pr,RS,0.0,16:00,4-2-3-1,4991,Athletico-Pr,M. Mendes,PR,,Internacional,4-2-3-1,2015-05-10,3.0,Estádio Joaquim Américo Guimarães,D. Aguirre Camblor,1
Nautico,SP,0.0,18:30,,3985,Nautico,,PE,,Santos,,2012-08-05,3.0,Aflitos,,14
Juventude,RS,1.0,20:30,,2061,Vasco,,RJ,,Juventude,,2007-10-03,0.0,São Januário,,29
Ipatinga,RJ,1.0,16:00,,2593,Ipatinga,,MG,,Vasco,,2008-09-28,3.0,Ipatingão,,27
Nautico,MG,0.0,18:20,,2565,Nautico,,PE,,Ipatinga,,2008-09-06,2.0,Aflitos,,24
Gremio,SP,1.0,21:59,4-4-2,5033,Gremio,R. Machado Marques,RS,,Corinthians,4-2-3-1,2015-06-03,3.0,Arena Do Grêmio,A. Bacchi,5
America-Mg,PR,0.0,16:00,3-4-1-2,7456,America-Mg,V. Carmo Mancini,MG,,Athletico-Pr,4-4-2,2021-09-11,2.0,Estádio Raimundo Sampaio,P. Autuori De Mello,20
Corinthians,SP,1.0,21:45,,822,Figueirense,,SC,,Corinthians,,2004-08-11,0.0,Orlando Scarpelli,,23
Gremio,RS,2.0,19:30,,3411,Goias,,GO,,Gremio,,2010-11-03,0.0,Serra Dourada,,33
Corinthians,SC,1.0,17:00,,2273,Corinthians,,SP,,Figueirense,,2007-10-28,,Pacaembu,,33
Empate,MG,2.0,19:00,4-3-3,8068,Bragantino,P. Faria Caixinha,SP,,America-Mg,4-1-4-1,2023-05-10,2.0,Nabizão,,5
Empate,SP,1.0,16:00,,81,Juventude,,RS,,Guarani,,2003-05-04,1.0,Alfredo Jaconi,,7
Fortaleza,RJ,1.0,18:10,,1332,Fortaleza,,CE,,Botafogo-Rj,,2005-08-21,3.0,Castelão,,21
Sao Paulo,PE,0.0,16:01,4-1-4-1,6001,Sao Paulo,D. Silvestre Júnior,SP,,Sport,4-4-2,2017-10-01,1.0,Morumbi,V. Luxemburgo Da Silva,26
Corinthians,SP,2.0,18:10,,1615,Parana,,PR,,Corinthians,,2006-05-14,1.0,Willie Davids,,5
Corinthians,SP,0.0,18:00,,832,Corinthians,,SP,,Ponte Preta,,2004-08-14,2.0,Pacaembu,,24
Empate,SP,0.0,19:00,4-2-3-1,6387,America-Mg,A. Batista,MG,,Corinthians,,2018-09-29,0.0,Estádio Raimundo Sampaio,J. Ribeiro Ventura,27
Gremio,RS,1.0,19:00,5-4-1,6822,Chapecoense,M. Dos Santos Gonçalves,SC,,Gremio,4-2-3-1,2019-11-10,0.0,Arena  Condá,Renato Gaúcho,32
Empate,MG,0.0,16:00,,4453,Corinthians,,SP,,Cruzeiro,,2013-09-22,0.0,Pacaembu,,23
Flamengo,RJ,1.0,18:00,,3757,Ceara,,CE,,Flamengo,,2011-10-15,0.0,Presidente Vargas,,30
Figueirense,SP,1.0,18:20,,2518,Figueirense,,SC,,Portuguesa,,2008-08-16,2.0,Orlando Scarpelli,,20
Empate,RS,1.0,20:30,,1650,Sao Caetano,,SP,,Internacional,,2006-05-31,1.0,Anacleto Campanella,,9
Empate,RJ,0.0,17:04,,6498,Ceara,L. Cirne Lima De Lorenzi,CE,,Vasco,4-2-3-1,2018-12-02,0.0,Arena Castelão,A. Valentim Do Carmo Neto,38
Goias,GO,2.0,18:30,,2863,Santo Andre,,SP,,Goias,,2009-02-08,1.0,Anacleto Campanella,,16
Empate,GO,2.0,21:00,,4439,Coritiba,,PR,,Goias,,2013-09-18,2.0,Couto Pereira,,22
Sao Paulo,RJ,0.0,21:32,4-2-3-1,8404,Sao Paulo,D. Silvestre Júnior,SP,,Flamengo,4-2-3-1,2023-06-12,1.0,Morumbi,A. Bacchi,38
Vasco,MG,0.0,20:01,,6865,Vasco,V. Luxemburgo Da Silva,RJ,,Cruzeiro,4-3-3,2019-12-02,1.0,Estádio Vasco Da Gama,,36
Flamengo,RS,2.0,16:01,4-2-3-1,8762,Flamengo,F. Luís,RJ,,Internacional,4-2-3-1,2024-12-01,3.0,Maracanã,R. Machado Marques,36
Palmeiras,SP,3.0,21:30,3-4-2-1,9135,Atletico-Mg,J. Sampaoli,MG,535000.17,Palmeiras,4-2-3-1,2025-12-03,0.0,"Arena Mrv, Belo Horizonte",A. Ferreira,34
Internacional,PR,0.0,16:00,,2413,Internacional,,RS,,Coritiba,,2008-07-06,3.0,Beira Rio,,9
Empate,PR,1.0,20:30,,750,Figueirense,,SC,,Coritiba,,2004-07-20,1.0,Orlando Scarpelli,,17
Empate,SP,3.0,21:30,4-2-3-1,8295,Fluminense,F. Diniz Silva,RJ,,Corinthians,4-1-4-1,2023-10-19,3.0,Maracanã,L. Venker De Menezes,27
Botafogo-Rj,PR,1.0,18:10,,2374,Botafogo-Rj,,RJ,,Coritiba,,2008-06-08,2.0,Engenhão,,5
Gremio,RS,1.0,19:31,4-2-3-1,5874,Flamengo,J. Mannarino,RJ,,Gremio,4-2-3-1,2017-07-13,0.0,Luso-Brasileiro,Renato Gaúcho,13
Palmeiras,PE,1.0,21:00,,4066,Palmeiras,,SP,,Sport,,2012-09-06,3.0,Pacaembu,,22
Empate,PR,1.0,18:31,5-4-1,8364,Bahia,R. Ceni,BA,,Athletico-Pr,3-4-3,2023-11-12,1.0,Itaipava Arena Fonte Nova,W. Carvalho,34
Joinville,PR,1.0,21:00,4-2-2-2,5279,Joinville,P. Lopes De Gusmão,SC,,Coritiba,,2015-10-14,3.0,Arena Joinville,N. Da Silveira Júnior,30
Santos,SP,2.0,16:00,,4089,Coritiba,,PR,,Santos,,2012-09-16,1.0,Couto Pereira,,25
Atletico-Mg,PE,1.0,16:00,,4140,Atletico-Mg,,MG,,Sport,,2012-10-14,2.0,Independência,,30
Bahia,RS,0.0,21:00,,4445,Bahia,,BA,,Internacional,,2013-09-19,2.0,Fonte Nova,,22
Internacional,RS,2.0,18:10,,1141,Figueirense,,SC,,Internacional,,2005-05-14,1.0,Orlando Scarpelli,,4
Empate,MG,0.0,16:00,4-4-2,8041,Santos,O. Hellmann,SP,,Atletico-Mg,,2023-04-23,0.0,Estádio Urbano Caldeira,E. Coudet,2
Santos,SP,1.0,21:45,,2064,Cruzeiro,,MG,,Santos,,2007-10-03,0.0,Mineirão,,29
Sao Paulo,PR,0.0,18:10,,2177,Sao Paulo,,SP,,Parana,,2007-09-01,6.0,Morumbi,,23
Flamengo,BA,0.0,19:01,4-2-3-1,7575,Flamengo,Renato Gaúcho,RJ,,Bahia,4-2-3-1,2021-11-11,3.0,Maracanã,A. Ferreira,31
Internacional,MG,0.0,21:00,4-1-4-1,6465,Internacional,O. Hellmann,RS,,America-Mg,4-2-3-1,2018-11-15,2.0,Estã¡Dio Josã© Pinheiro Borda,G. De Oliveira,34
Fluminense,PR,0.0,19:29,4-2-3-1,8574,Fluminense,L. Venker De Menezes,RJ,,Athletico-Pr,3-4-2-1,2024-10-22,1.0,Maracanã,L. González,17
Botafogo-Rj,CE,0.0,16:00,,1571,Botafogo-Rj,,RJ,,Fortaleza,,2006-04-16,1.0,Maracanã,,1
Corinthians,RJ,0.0,16:00,,173,Corinthians,,SP,,Fluminense,,2003-06-29,1.0,Pacaembu,,15
Empate,RS,1.0,19:00,4-2-3-1,7138,Sport,J. Ribeiro Ventura,PE,,Gremio,4-2-3-1,2020-12-19,1.0,Adelmar Da Costa Carvalho,Renato Gaúcho,26
Empate,SP,1.0,16:00,,2102,Juventude,,RS,,Palmeiras,,2007-07-29,,Alfredo Jaconi,,15
Corinthians,SP,1.0,19:30,,9132,Corinthians,D. Junior,SP,3539617.2,Sao Paulo,3-5-2,2025-11-20,3.0,"Neo Química Arena, São Paulo",H. Crespo,34
Cruzeiro,PR,0.0,18:30,4-3-3,5266,Cruzeiro,L. Venker De Menezes,MG,,Coritiba,4-2-3-1,2015-09-27,2.0,Mineirão,N. Da Silveira Júnior,28
Empate,SP,1.0,19:30,,6298,Parana,Ademir Fesan,PR,,Sao Paulo,4-2-3-1,2018-08-22,1.0,Vila Capanema,D. Aguirre Camblor,20
Athletico-Pr,RJ,1.0,16:02,4-2-3-1,5981,Athletico-Pr,F. Soares Pessoa,PR,,Fluminense,4-2-3-1,2017-09-17,3.0,Estádio Joaquim Américo Guimarães,A. Da Silva Braga,24
Atletico-Mg,MG,1.0,15:58,,4642,Atletico-Mg,L. Culpi,MG,,Cruzeiro,,2014-11-05,2.0,Estádio Raimundo Sampaio,M. De Oliveira Santos,4
Sao Paulo,RJ,1.0,22:00,,1833,Sao Paulo,,SP,,Vasco,,2006-10-04,5.0,Morumbi,,27
Empate,SP,0.0,15:59,4-2-2-2,5091,Goias,A. César,GO,,Corinthians,4-2-3-1,2015-07-05,0.0,Estádio Do Governo Do Estado De Goiás (Serra Dourada),A. Bacchi,11
Flamengo,RJ,1.0,18:30,,4296,Vasco,,RJ,,Flamengo,,2013-07-14,0.0,Mané Garrincha,,7
Fluminense,RJ,1.0,21:35,4-2-3-1,9127,Fluminense,L. Luis Zubeldia,RJ,4117072.5,Flamengo,4-2-3-1,2025-11-19,2.0,"Maracanã, Rio De Janeiro",F. Luís,34
Palmeiras,SP,2.0,16:00,,3253,Atletico-Mg,,MG,,Palmeiras,,2010-08-29,1.0,Ipatingão,,17
Cruzeiro,MG,1.0,18:30,,4785,Goias,S. Drubscky De Campos,GO,,Cruzeiro,,2014-08-24,0.0,Estádio Do Governo Do Estado De Goiás (Serra Dourada),M. De Oliveira Santos,17
Empate,MG,2.0,20:01,4-3-3,7174,Bragantino,M. Nogueira Barbieri,SP,,Atletico-Mg,4-3-3,2021-01-11,2.0,Nabizão,J. Sampaoli Moya,29
Empate,PA,1.0,16:00,,835,Fluminense,,RJ,,Paysandu,,2004-08-15,1.0,Maracanã,,24
Fortaleza,SP,0.0,21:00,4-2-3-1,6949,Fortaleza,R. Ceni,CE,,Bragantino,4-1-4-1,2020-08-29,3.0,Arena Castelão,F. De Oliveira Conceição,6
Atletico-Mg,MG,2.0,21:34,4-3-3,8522,Internacional,E. Coudet,RS,,Atletico-Mg,4-1-4-1,2024-06-26,1.0,Estádio Heriberto Hülse,G. Milito,12
Empate,BA,0.0,21:00,4-2-3-1,7527,America-Mg,D. Giacomini,MG,,Bahia,4-1-4-1,2021-10-16,0.0,Estádio Raimundo Sampaio,A. Ferreira,27
Sao Paulo,RJ,0.0,22:50,,4562,Sao Paulo,,SP,,Flamengo,,2013-11-13,2.0,Novelli Júnior,,34
Fluminense,RJ,3.0,21:46,4-2-3-1,5829,Avai,C. Dos Santos Oliveira,SC,,Fluminense,4-2-3-1,2017-06-21,0.0,Ressacada,A. Da Silva Braga,9
Empate,RJ,1.0,16:00,,65,Corinthians,,SP,,Flamengo,,2003-04-27,1.0,Pacaembu,,6
Fluminense,MG,0.0,19:30,,4317,Fluminense,,RJ,,Cruzeiro,,2013-07-31,1.0,Maracanã,,10
Avai,SC,3.0,18:00,,3655,Figueirense,,SC,,Avai,,2011-08-28,2.0,Orlando Scarpelli,,19
Atletico-Mg,PR,0.0,21:00,4-2-3-1,5080,Atletico-Mg,L. Culpi,MG,,Coritiba,4-2-2-2,2015-07-01,2.0,Estádio Raimundo Sampaio,N. Da Silveira Júnior,10
Goias,RS,1.0,16:00,,355,Goias,,GO,,Internacional,,2003-09-14,3.0,Serra Dourada,,30
Cruzeiro,PR,0.0,15:59,4-2-3-1,5841,Cruzeiro,L. Venker De Menezes,MG,,Coritiba,4-3-3,2017-06-25,2.0,Mineirão,E. Pacheco,10
Bahia,SP,1.0,21:02,4-2-3-1,6095,Bahia,P. Carpegiani,BA,,Santos,4-2-3-1,2017-11-16,3.0,Itaipava Arena Fonte Nova,,35
Empate,SP,1.0,20:01,4-2-3-1,6254,Santos,J. Ribeiro Ventura,SP,,Palmeiras,4-2-3-1,2018-07-19,1.0,Estádio Municipal Paulo Machado De Carvalho,R. Machado Marques,13
Sao Paulo,SP,2.0,19:31,4-2-3-1,9044,Fortaleza,T. Carpini,CE,,Sao  Paulo,4-2-3-1,2025-10-02,0.0,"Arena Castelão, Fortaleza",H. Crespo,26
Corinthians,RJ,0.0,11:03,4-1-4-1,6717,Corinthians,F. Carille,SP,,Vasco,4-3-3,2019-09-29,1.0,Neo Química Arena,V. Luxemburgo Da Silva,22
Botafogo-Rj,RJ,1.0,21:00,,3284,Santos,,SP,,Botafogo-Rj,,2010-09-09,0.0,Pacaembu,,20
Avai,SC,2.0,16:01,4-3-3,8016,Flamengo,D. Silvestre Júnior,RJ,,Avai,,2022-11-12,1.0,Maracanã,F. Bento Da Cunha,38
Sport,PR,0.0,18:30,,4106,Sport,,PE,,Coritiba,,2012-09-23,1.0,Ilha Do Retiro,,26
Empate,SC,1.0,18:00,,473,Atletico-Mg,,MG,,Criciuma,,2003-11-01,1.0,Independência,,40
Fluminense,MG,3.0,21:30,4-4-1-1,7741,Fluminense,F. Diniz Silva,RJ,,Atletico-Mg,,2022-06-08,5.0,Maracanã,A. Mohamed Matijevich,10
Sport,MG,1.0,20:30,,2484,Sport,,PE,,Ipatinga,,2008-07-31,3.0,Ilha Do Retiro,,16
Coritiba,SP,0.0,19:32,,4966,Coritiba,M. Dos Santos Gonçalves,PR,,Palmeiras,,2014-11-23,2.0,Couto Pereira,D. Silvestre Júnior,36
Paysandu,RS,1.0,18:00,,869,Paysandu,,PA,,Internacional,,2004-08-28,2.0,Mangueirão,,27
Palmeiras,BA,2.0,17:00,4-2-3-1,6505,Palmeiras,,SP,,Vitoria,,2018-12-02,3.0,Allianz Parque,J. Burse,38
Atletico-Go,PR,1.0,21:30,4-2-3-1,7259,Atletico-Go,M. Ribeiro Cabo,GO,,Coritiba,5-4-1,2021-02-25,3.0,Estádio Antônio Accioly,J. Bertagnoli,38
Figueirense,PR,1.0,16:00,,4033,Figueirense,,SC,,Coritiba,,2012-08-26,3.0,Orlando Scarpelli,,19
Empate,RJ,1.0,17:00,4-2-3-1,6616,Palmeiras,L. Scolari,SP,,Vasco,4-3-3,2019-07-27,1.0,Allianz Parque,V. Luxemburgo Da Silva,12
Sport,SP,0.0,16:30,4-1-4-1,7508,Sport,G. Florentín,PE,,Corinthians,,2021-10-09,1.0,Arena De Pernambuco,S. Campos Junior,25
Fortaleza,CE,3.0,16:00,4-1-4-1,6553,Chapecoense,N. Da Silveira Júnior,SC,,Fortaleza,4-4-2,2019-05-19,1.0,Arena Condá,R. Ceni,5
Empate,BA,2.0,16:00,,4433,Coritiba,,PR,,Bahia,NAN,2013-09-15,2.0,Couto Pereira,,21
Gremio,GO,0.0,16:00,4-2-3-1,6693,Gremio,Renato Gaúcho,RS,,Goias,4-3-3,2019-09-15,3.0,Arena Do Grêmio,N. Da Silveira Júnior,19
Ponte Preta,SP,1.0,11:02,4-2-3-1,5229,Ponte Preta,D. Ghidoni Junior,SP,,Santos,4-2-3-1,2015-09-13,3.0,Moisés Lucarelli,D. Silvestre Júnior,25
Athletico-Pr,RJ,0.0,20:00,4-2-3-1,5586,Athletico-Pr,P. Autuori De Mello,PR,,Botafogo-Rj,4-3-1-2,2016-08-29,1.0,Estádio Joaquim Américo Guimarães,J. Ribeiro Ventura,22
Santos,RS,1.0,16:00,,1076,Santos,,SP,,Gremio,,2004-12-05,5.0,Benedito Teixeira,,44
Botafogo-Rj,RJ,3.0,18:00,4-1-2-1-2,7771,Internacional,L. Venker De Menezes,RS,,Botafogo-Rj,3-4-3,2022-06-19,2.0,Estádio José Pinheiro Borda,L. Castro,13
Empate,SP,0.0,19:00,4-2-3-1,6728,Gremio,Renato Gaúcho,RS,,Corinthians,4-4-1-1,2019-10-05,0.0,Arena Do Grêmio,F. Carille,23
Sao Paulo,PE,0.0,16:00,,4800,Sao Paulo,M. Ramalho,SP,,Sport,,2014-09-07,2.0,Morumbi,E. Baptista,19
Avai,SP,1.0,20:02,4-2-3-1,6105,Avai,C. Dos Santos Oliveira,SC,,Palmeiras,4-3-3,2017-11-20,2.0,Ressacada,A. Valentim Do Carmo Neto,36
Coritiba,SC,0.0,21:01,,6059,Coritiba,M. De Oliveira Santos,PR,,Avai,4-2-3-1,2017-11-04,4.0,Couto Pereira,C. Dos Santos Oliveira,32
Empate,SC,1.0,19:00,4-2-3-1,5883,Bahia,J. De Amorim Campos,BA,,Avai,4-2-3-1,2017-07-16,1.0,Estã¡Dio De Pituaã§U,C. Dos Santos Oliveira,14
Atletico-Mg,RS,0.0,21:00,4-4-2,7489,Atletico-Mg,A. Stival,MG,,Internacional,4-2-3-1,2021-10-02,1.0,Mineirão,D. Aguirre Camblor,23
Flamengo,BA,1.0,16:00,,73,Flamengo,,RJ,,Vitoria,,2003-05-03,2.0,Maracanã,,7
Empate,PR,2.0,21:00,,4014,Vasco,,RJ,,Coritiba,,2012-08-16,2.0,São Januário,,17
Fluminense,RJ,1.0,18:30,,4367,Nautico,,PE,,Fluminense,,2013-08-17,0.0,Arena Pernambuco,,15
Avai,SC,1.0,20:00,4-1-4-1,6675,Fluminense,O. De Oliveira Filho,RJ,,Avai,,2019-09-02,0.0,Maracanã,A. Valentim Do Carmo Neto,17
Empate,SP,1.0,16:00,,4381,Vasco,,RJ,,Corinthians,,2013-08-25,1.0,Mané Garrincha,,16
Paysandu,PA,2.0,16:00,,1102,Juventude,,RS,,Paysandu,,2004-12-19,1.0,Alfredo Jaconi,,46
Juventude,RS,4.0,20:30,,841,Gremio,,RS,,Juventude,NAN,2004-08-18,2.0,Olímpico,,25
Empate,RS,1.0,16:01,4-1-4-1,7627,Corinthians,S. Campos Junior,SP,,Gremio,4-2-3-1,2021-12-05,1.0,Neo Química Arena,V. Carmo Mancini,37
Empate,MG,1.0,16:00,,8972,Vasco,F. Diniz,RJ,1128000.0,Atletico-Mg,4-2-3-1,2025-08-10,1.0,"Estádio São Januário, Rio De Janeiro",J. Sampaoli,19
Figueirense,BA,0.0,16:00,,118,Figueirense,,SC,,Bahia,,2003-05-25,,Orlando Scarpelli,,10
Botafogo-Rj,RJ,2.0,18:10,,2034,Fluminense,,RJ,,Botafogo-Rj,,2007-06-30,1.0,Olímpico Engenhão,,8
Palmeiras,RS,2.0,19:30,,1523,Palmeiras,,SP,,Juventude,,2005-11-16,3.0,Parque Antártica,,39
Fortaleza,RS,1.0,17:00,4-2-3-1,6766,Fortaleza,R. Ceni,CE,,Gremio,4-2-3-1,2019-10-19,2.0,Arena Castelão,Renato Gaúcho,27
America-Rn,RN,1.0,20:30,,2047,Parana,,PR,,America-Rn,,2007-07-06,0.0,Durival De Brito,,10
Gremio,MG,0.0,15:59,4-2-3-1,5930,Gremio,Renato Gaúcho,RS,,Atletico-Mg,4-1-4-1,2017-08-06,2.0,Arena Do Grãªmio,M. Reis Micale,19
Empate,RJ,1.0,18:30,4-2-3-1,8663,Flamengo,A. Bacchi,RJ,,Vasco,4-2-3-1,2024-09-15,1.0,Maracanã,C. De Paiva,26
Cruzeiro,MG,3.0,19:30,,3527,Vasco,,RJ,,Cruzeiro,,2011-06-29,0.0,São Januário,,7
Santos,SP,4.0,16:00,,1222,Goias,,GO,,Santos,,2005-07-10,3.0,Serra Dourada,,11
Empate,RJ,2.0,19:00,4-3-2-1,8355,Cruzeiro,P. Autuori De Mello,MG,,Vasco,4-1-4-1,2023-11-22,2.0,Mineirão,R. Díaz,33
Internacional,RS,1.0,16:01,4-1-3-2,8836,Internacional,R. Díaz,RS,1735379.0,Juventude,,2025-04-26,3.0,"Estádio Beira-Rio, Porto Alegre",M. Barbieri,6
Sao Paulo,SP,2.0,16:00,,2893,Sport,,PE,,Sao Paulo,,2009-08-16,1.0,Ilha Do Retiro,,19
Gremio,RJ,0.0,16:00,4-2-3-1,8529,Gremio,,RS,,Fluminense,3-4-2-1,2024-06-30,1.0,Estádio Francisco Stédile | Centenário,M. A. De Oliveira,13
Mirassol,RS,1.0,20:00,4-2-3-1,9058,Mirassol,R. Guanaes,SP,147920.0,Internacional,3-4-2-1,2025-10-15,3.0,"Campos Maia, Mirassol",R. Díaz,28
Santos,PR,1.0,11:02,4-2-3-1,5380,Santos,D. Silvestre Júnior,SP,,Coritiba,4-4-2,2016-05-22,2.0,Estádio Urbano Caldeira,G. Kleina,2
Vasco,RS,1.0,21:00,,4476,Vasco,,RJ,,Internacional,,2013-10-03,3.0,Moacyrzão,,25
Empate,SP,1.0,16:01,4-3-3,9011,Atletico-Mg,J. Sampaoli,MG,2039408.79,Santos,4-2-3-1,2025-09-14,1.0,"Arena Mrv, Belo Horizonte",J. Vojvoda,23
Atletico-Mg,SP,0.0,19:59,4-2-3-1,7165,Atletico-Mg,J. Sampaoli Moya,MG,,Santos,4-1-4-1,2021-01-26,2.0,Mineirão,A. Stival,28
Empate,MG,1.0,18:00,,178,Parana,,PR,,Atletico-Mg,,2003-06-29,1.0,Pinheirão,,15
Gremio,RS,1.0,18:10,,1644,Palmeiras,,SP,,Gremio,,2006-05-28,0.0,Parque Antártica,,8
Santos,RJ,2.0,21:49,4-2-3-1,5920,Santos,L. Culpi,SP,,Flamengo,4-2-3-1,2017-02-08,3.0,Estádio Municipal Paulo Machado De Carvalho,J. Mannarino,18
Athletico-Pr,SP,0.0,16:00,,2911,Athletico-Pr,,PR,,Sao Paulo,,2009-08-23,1.0,Arena Da Baixada,,21
Internacional,PR,2.0,16:00,,1386,Internacional,,RS,,Athletico-Pr,,2005-09-18,3.0,Beira Rio,,26
Palmeiras,SP,3.0,16:00,,1721,Botafogo-Rj,,RJ,,Palmeiras,,2006-08-13,1.0,Maracanã,,16
Palmeiras,RJ,0.0,21:50,,2481,Palmeiras,,SP,,Flamengo,NAN,2008-07-30,1.0,Palestra Itália,,16
Empate,RS,1.0,16:00,4-2-3-1,8881,Sport,C. De Lucena,PE,,Internacional,4-2-3-1,2025-05-25,1.0,"Adelmar Da Costa Carvalho, Recife",R. Díaz,10
Internacional,RS,0.0,18:10,,2265,Internacional,,RS,,Juventude,,2007-10-21,3.0,Beira Rio,,32
Parana,SP,2.0,16:00,,87,Parana,,PR,,Ponte Preta,,2003-05-10,3.0,Pinheirão,,8
Bragantino,SP,0.0,18:31,4-3-3,8104,Bragantino,P. Faria Caixinha,SP,,Santos,4-2-3-1,2023-05-28,2.0,Nabizão,O. Hellmann,8
Empate,RJ,1.0,18:29,4-2-3-1,8682,Cruzeiro,E. De Barros,MG,,Vasco,4-2-3-1,2024-09-29,1.0,Mineirão,C. De Paiva,28
Atletico-Mg,RJ,1.0,16:00,,404,Atletico-Mg,,MG,,Vasco,,2003-05-10,,Independência,,34
Empate,CE,1.0,16:02,4-2-3-1,6692,Bahia,R. Machado Marques,BA,,Fortaleza,4-2-3-1,2019-09-15,1.0,Itaipava Arena Fonte Nova,J. Mannarino,19
Empate,SP,1.0,16:00,,4301,Athletico-Pr,,PR,,Corinthians,,2013-07-21,1.0,Vila Capanema,,8
Empate,SC,1.0,21:30,4-3-3,6811,Bahia,R. Machado Marques,BA,,Chapecoense,3-4-2-1,2019-11-06,1.0,Itaipava Arena Fonte Nova,M. Dos Santos Gonçalves,31
Empate,BA,1.0,18:30,4-2-3-1,9017,Ceara,M. Mozart,CE,383002.0,Bahia,4-2-3-1,2025-09-20,1.0,"Arena Castelão, Fortaleza",R. Ceni,24
Vitoria,BA,1.0,18:10,,2464,Flamengo,,RJ,,Vitoria,,2008-07-20,0.0,Maracanã,,13
Juventude,PE,0.0,20:32,4-4-2,7313,Juventude,M. Dos Santos Gonçalves,RS,,Sport,5-4-1,2021-06-20,1.0,Alfredo Jaconi,U. Louzer Filho,5
Cruzeiro,MG,2.0,18:10,,2226,Vasco,,RJ,,Cruzeiro,,2007-09-23,0.0,São Januário,,27
Coritiba,SC,0.0,16:00,,1029,Coritiba,,PR,,Figueirense,,2004-11-07,2.0,Couto Pereira,,40
Flamengo,RS,0.0,21:29,4-2-3-1,8822,Flamengo,,RJ,2296245.0,Juventude,4-3-3,2025-04-16,6.0,"Maracanã, Rio De Janeiro",M. Barbieri,4
Corinthians,SP,2.0,21:50,,1433,Fluminense,,RJ,,Corinthians,,2005-10-05,0.0,Raulino De Oliveira,,30
Empate,RS,2.0,19:30,,2437,Sport,,PE,,Gremio,,2008-07-16,2.0,Ilha Do Retiro,,12
Cruzeiro,GO,2.0,18:00,,3775,Cruzeiro,,MG,,Atletico-Go,,2011-10-23,3.0,Arena Do Jacaré,,31
Sao  Paulo,BA,0.0,21:33,3-4-1-2,9081,Sao Paulo,H. Crespo,SP,686708.0,Bahia,4-2-3-1,2025-10-25,2.0,"Morumbis, São Paulo",R. Ceni,30
Athletico-Pr,GO,0.0,20:30,,1284,Athletico-Pr,,PR,,Goias,,2005-08-03,1.0,Arena Da Baixada,,17
Empate,MG,0.0,16:02,4-2-3-1,8413,Corinthians,A. Cardoso De Oliveira,SP,,Atletico-Mg,,2024-04-14,0.0,Neo Química Arena,G. Milito,1
Athletico-Pr,RJ,1.0,16:00,4-3-3,4891,Athletico-Pr,C. Dos Santos Oliveira,PR,,Flamengo,4-2-3-1,2014-10-19,2.0,Estádio Joaquim Américo Guimarães,V. Luxemburgo Da Silva,29
Empate,SP,2.0,19:30,4-2-3-1,5047,Atletico-Mg,L. Culpi,MG,,Santos,,2015-06-10,2.0,Estádio Raimundo Sampaio,M. Fernandes,7
Figueirense,GO,1.0,18:10,,1979,Figueirense,,SC,,Goias,,2007-06-02,2.0,Orlando Scarpelli,,4
Empate,SP,1.0,16:00,,1062,Paysandu,,PA,,Santos,,2004-11-28,1.0,Mangueirão,,43
Cruzeiro,SC,0.0,18:30,,3888,Cruzeiro,,MG,,Figueirense,,2012-06-16,1.0,Independência,,5
Goias,PR,0.0,17:00,,4522,Goias,,GO,,Athletico-Pr,,2013-10-20,3.0,Serra Dourada,,30
Internacional,CE,0.0,19:15,4-3-1-2,6982,Internacional,E. Coudet,RS,,Ceara,4-2-3-1,2020-09-10,2.0,Estádio José Pinheiro Borda,A. Ferreira,9
Vasco,RJ,3.0,21:32,4-2-3-1,8901,Sao Paulo,H. Crespo,SP,966013.0,Vasco,4-2-3-1,2025-12-06,1.0,"Morumbis, São Paulo",F. Diniz,12
Botafogo-Rj,RJ,1.0,21:30,4-1-4-1,8563,Vitoria,T. Carpini Barbosa,BA,,Botafogo-Rj,4-4-2,2024-07-11,0.0,Barradão,A. Torres Gomes Araújo Amorim,16
Empate,RS,1.0,18:30,,4024,Portuguesa,,SP,,Internacional,,2012-08-19,1.0,Canindé,,18
Sao Paulo,BA,1.0,18:32,4-3-3,8642,Sao Paulo,L. Zubeldía,SP,,Vitoria,4-1-4-1,2024-08-25,2.0,Morumbis,T. Carpini Barbosa,24
Cruzeiro,MG,1.0,17:01,,4952,Santos,E. Alves Moreira,SP,,Cruzeiro,,2014-11-16,0.0,Estádio Urbano Caldeira,M. De Oliveira Santos,34
Gremio,SC,0.0,20:58,,4902,Gremio,L. Scolari,RS,,Figueirense,,2014-10-22,1.0,Arena Do Grêmio,A. Fucks,30
Empate,RJ,3.0,16:00,,679,Botafogo-Rj,,RJ,,Fluminense,,2004-06-27,3.0,Maracanã,,11
Avai,SC,3.0,18:30,,2825,Sport,,PE,,Avai,,2009-07-19,1.0,Ilha Do Retiro,,12
Athletico-Pr,RJ,0.0,19:02,4-2-3-1,7888,Athletico-Pr,L. Scolari,PR,,Fluminense,4-2-3-1,2022-09-03,1.0,Estádio Joaquim Américo Guimarães,F. Diniz Silva,25
Empate,CE,1.0,19:00,4-1-4-1,7495,Bahia,A. Ferreira,BA,,Ceara,4-4-2,2021-10-27,1.0,Itaipava Arena Fonte Nova,T. Retzalff Nunes,23
Empate,RJ,1.0,16:00,,102,Coritiba,,PR,,Vasco,,2003-05-18,1.0,Couto Pereira,,9
Gremio,SC,0.0,20:30,,958,Gremio,,RS,,Criciuma,,2004-10-02,2.0,Olímpico,,34
Santos,SP,1.0,19:15,4-2-3-1,6923,Sport,D. Pollo Barioni,PE,,Santos,4-3-3,2020-08-20,0.0,Adelmar Da Costa Carvalho,A. Stival,4
Flamengo,RJ,3.0,16:01,4-1-4-1,8222,Coritiba,T. Kosloski,PR,,Flamengo,4-2-2-2,2023-08-20,2.0,Couto Pereira,J. Sampaoli Moya,20
Empate,SP,0.0,19:00,4-2-3-1,6906,Gremio,Renato Gaúcho,RS,,Corinthians,4-2-3-1,2020-08-15,0.0,Arena Do Grêmio,T. Retzalff Nunes,3
Empate,RJ,0.0,19:00,4-2-3-1,7148,Fortaleza,M. Oliveira Chamusca,CE,,Flamengo,4-4-2,2020-12-26,0.0,Arena Castelão,R. Ceni,27
Empate,SP,1.0,18:59,3-4-3,7894,Cuiaba,A. Cardoso De Oliveira,MT,,Sao Paulo,4-2-3-1,2022-09-04,1.0,Arena Pantanal,R. Ceni,25
Empate,GO,2.0,18:30,,2770,Gremio,,RS,,Goias,,2009-06-20,2.0,Olímpico,,7
Empate,SP,2.0,21:00,4-2-3-1,7767,Santos,F. Bustos,SP,,Bragantino,,2022-06-18,2.0,Estã¡Dio Urbano Caldeira,M. Nogueira Barbieri,13
Bahia,BA,3.0,19:30,4-2-3-1,5866,Ponte Preta,G. Kleina,SP,,Bahia,4-2-3-1,2017-07-12,0.0,Moisés Lucarelli,J. De Amorim Campos,13
Gremio,SP,1.0,19:00,4-2-3-1,6163,Gremio,Renato Gaúcho,RS,,Santos,4-3-3,2018-05-06,5.0,Arena Do Grêmio,J. Ribeiro Ventura,4
Atletico-Mg,MG,2.0,18:00,,3768,Fluminense,,RJ,,Atletico-Mg,,2011-10-22,0.0,Engenhão,,31
Empate,RS,2.0,17:00,,4523,Internacional,,RS,,Gremio,,2013-10-20,2.0,Centenário (Rs),,30
America-Mg,RJ,0.0,16:00,4-2-3-1,7411,America-Mg,V. Carmo Mancini,MG,,Fluminense,4-2-3-1,2021-08-08,1.0,Estã¡Dio Raimundo Sampaio,R. Machado Marques,15
Bahia,BA,1.0,18:31,3-4-2-1,8843,Palmeiras,A. Ferreira,SP,2611886.9,Bahia,4-2-3-1,2025-04-27,0.0,"Allianz Parque, São Paulo",R. Ceni,6
Internacional,RS,2.0,19:00,4-2-3-1,7162,Ceara,A. Ferreira,CE,,Internacional,4-2-3-1,2021-01-07,0.0,Arena Castelão,A. Da Silva Braga,28
Sao Paulo,GO,0.0,18:10,,1948,Sao Paulo,,SP,,Goias,,2007-05-12,2.0,Morumbi,,1
Gremio,MG,0.0,18:59,4-3-1-2,8235,Gremio,A. P. Mendes,RS,,Cruzeiro,4-2-3-1,2023-08-27,3.0,Arena Do Grêmio,P. Marques Da Costa Filipe,21
Empate,SP,1.0,16:00,,2300,Goias,,GO,,Corinthians,,2007-11-11,1.0,Serra Dourada,,36
Empate,SC,5.0,18:10,,2334,Portuguesa,,SP,,Figueirense,NAN,2008-05-11,5.0,Canindé,,1
Empate,RS,2.0,19:03,4-2-3-1,6054,Avai,C. Dos Santos Oliveira,SC,,Gremio,4-2-3-1,2017-10-29,2.0,Ressacada,Renato Gaúcho,31
Figueirense,SC,1.0,19:00,,3788,Botafogo-Rj,,RJ,,Figueirense,,2011-11-05,0.0,Engenhão,,33
Coritiba,MG,0.0,19:30,,4185,Coritiba,,PR,,Atletico-Mg,,2012-11-04,1.0,Couto Pereira,,34
Palmeiras,SP,3.0,22:00,4-4-2,7623,Cuiaba,J. De Amorim Campos,MT,,Palmeiras,3-4-3,2021-11-30,1.0,Arena Pantanal,J. M. Barreto Martins,36
Atletico-Mg,MG,1.0,17:00,,529,Vitoria,,BA,,Atletico-Mg,,2003-12-06,0.0,Barradão,,45
Empate,PR,1.0,19:30,,1237,Sao Caetano,,SP,,Parana,,2005-07-20,1.0,Anacleto Campanella,,13
Santos,PR,2.0,20:30,,780,Santos,,SP,,Coritiba,,2004-07-29,4.0,Vila Belmiro,,19
Fluminense,RJ,2.0,16:01,4-2-3-1,6162,Vitoria,V. Carmo Mancini,BA,,Fluminense,3-1-4-2,2018-06-05,1.0,Barradão,A. Da Silva Braga,4
Bahia,BA,2.0,19:32,4-2-3-1,6067,Avai,C. Dos Santos Oliveira,SC,,Bahia,4-2-3-1,2017-11-08,1.0,Ressacada,P. Carpegiani,33
Cruzeiro,MG,1.0,18:30,,2958,Barueri,,SP,,Cruzeiro,,2009-09-26,0.0,Arena Barueri,,26
Empate,SP,1.0,16:00,,1861,Gremio,,RS,,Sao Paulo,,2006-10-22,1.0,Olímpico,,30
Empate,RJ,0.0,18:30,4-4-2,8873,Flamengo,Filipe Luis Kasmirski,RJ,3874750.0,Botafogo-Rj,4-4-2,2025-05-18,0.0,"Maracanã, Rio De Janeiro",Renato Manuel Alves Paiva,9
Cuiaba,MT,3.0,11:03,3-4-3,7380,Chapecoense,J. Ribeiro Ventura,SC,,Cuiaba,4-2-3-1,2021-07-18,2.0,Arena Condá,J. De Amorim Campos,12
Athletico-Pr,CE,1.0,21:31,4-1-4-1,6713,Athletico-Pr,T. Retzalff Nunes,PR,,Fortaleza,4-2-3-1,2019-09-26,4.0,Estádio Joaquim Américo Guimarães,,21
Bragantino,RS,0.0,20:01,4-2-3-1,8884,Bragantino,V. Mancini,SP,104765.0,Juventude,4-4-2,2025-05-26,1.0,"Estádio Municipal Cicero De Souza Marques, Bragança Paulista",M. Barbieri,10
Goias,GO,3.0,16:00,,1993,Athletico-Pr,,PR,,Goias,,2007-06-10,0.0,Kyocera Arena,,5
Empate,SP,0.0,18:31,4-3-1-2,8179,Bahia,R. Alves Paiva,BA,,Corinthians,3-4-2-1,2023-07-22,0.0,Itaipava Arena Fonte Nova,V. Luxemburgo Da Silva,16
Fluminense,GO,0.0,20:30,4-2-3-1,7212,Fluminense,M. De Oliveira,RJ,,Goias,4-3-3,2021-01-31,3.0,Estádio Nilton Santos,G. Ramos Da Silva,33
Empate,SC,1.0,19:31,4-1-2-1-2,5284,Vasco,J. De Amorim Campos,RJ,,Chapecoense,4-2-3-1,2015-10-15,1.0,Maracanã£,A. Ferreira,30
Athletico-Pr,MG,0.0,18:30,4-2-3-1,8595,Athletico-Pr,L. González,PR,,Atletico-Mg,3-4-2-1,2024-11-16,1.0,Ligga Arena,G. Milito,19
Santos,SP,2.0,19:30,,4128,Botafogo-Rj,,RJ,,Santos,,2012-10-10,0.0,Engenhão,,29
Empate,SC,0.0,16:00,,2472,Athletico-Pr,,PR,,Figueirense,,2008-07-27,0.0,Kyocera Arena,,15
Atletico-Mg,RJ,0.0,15:59,4-2-3-1,5022,Atletico-Mg,L. Culpi,MG,,Vasco,4-2-3-1,2015-05-31,3.0,Estádio Raimundo Sampaio,D. Ghidoni Junior,4
Atletico-Mg,MG,3.0,16:00,,3033,Goias,,GO,,Atletico-Mg,,2009-11-01,2.0,Serra Dourada,,33
Botafogo-Rj,MG,1.0,21:30,4-4-2,6922,Botafogo-Rj,P. Autuori De Mello,RJ,,Atletico-Mg,4-2-3-1,2020-08-19,2.0,Estádio Nilton Santos,J. Sampaoli Moya,4
Coritiba,RJ,0.0,16:00,,1408,Coritiba,,PR,,Vasco,,2005-09-25,2.0,Couto Pereira,,28
Empate,RJ,1.0,17:00,,4182,Sao Paulo,,SP,,Fluminense,,2012-11-04,1.0,Morumbi,,34
Empate,RJ,1.0,19:00,,6368,Vasco,A. Valentim Do Carmo Neto,RJ,,Flamengo,4-1-4-1,2018-09-15,1.0,Estádio Nacional De Brasília,M. Nogueira Barbieri,25
Cruzeiro,RS,0.0,18:29,4-2-3-1,5643,Cruzeiro,L. Venker De Menezes,MG,,Gremio,4-2-3-1,2016-10-01,1.0,Mineirão,,28
Palmeiras,SP,1.0,18:00,,1043,Figueirense,,SC,,Palmeiras,,2004-11-14,0.0,Orlando Scarpelli,,41
Empate,MG,1.0,21:00,,3285,Vasco,,RJ,,Atletico-Mg,,2010-09-09,1.0,São Januário,,20
Fortaleza,RJ,0.0,19:15,,7231,Fortaleza,E. Alves Moreira,CE,,Vasco,4-2-3-1,2021-02-10,3.0,Arena Castelão,V. Luxemburgo Da Silva,35
Athletico-Pr,PE,0.0,21:30,4-2-2-2,7258,Athletico-Pr,A. Cardoso De Oliveira,PR,,Sport,5-4-1,2021-02-25,2.0,Estádio Joaquim Américo Guimarães,J. Ribeiro Ventura,38
Empate,MG,0.0,21:30,4-2-3-1,8618,Cruzeiro,F. Seabra,MG,,Atletico-Mg,3-4-1-2,2024-08-10,0.0,Mineirão,G. Milito,22
America-Mg,MG,1.0,17:59,4-2-3-1,7833,Atletico-Go,J. De Amorim Campos,GO,,America-Mg,,2022-07-24,0.0,Estádio Antônio Accioly,V. Carmo Mancini,19
Gremio,RS,2.0,16:00,3-3-3-1,8613,Athletico-Pr,M. Varini Di Zioli,PR,,Gremio,4-2-3-1,2024-08-04,0.0,Ligga Arena,Renato Gaúcho,21
Cruzeiro,RJ,2.0,18:10,,2104,Cruzeiro,,MG,,Botafogo-Rj,,2007-07-29,3.0,Mineirão,,15
Corinthians,PE,1.0,16:00,,8826,Corinthians,D. Junior,SP,3041600.7,Sport,4-5-1,2025-04-19,2.0,"Neo Química Arena, São Paulo",C. De Lucena,5
Internacional,RS,2.0,18:00,,504,Atletico-Mg,,MG,,Internacional,,2003-09-11,1.0,Independência,,42
Atletico-Mg,MG,3.0,21:00,,3356,Atletico-Go,,GO,,Atletico-Mg,,2010-10-02,2.0,Serra Dourada,,27
Internacional,MG,0.0,18:32,4-2-3-1,8801,Internacional,R. Díaz,RS,1628212.0,Cruzeiro,4-3-3,2025-04-06,3.0,"Estádio Beira-Rio, Porto Alegre",T. Tite,2
Fortaleza,RJ,2.0,18:10,,1355,Fortaleza,,CE,,Vasco,,2005-08-28,4.0,Castelão,,23
Empate,SP,1.0,21:46,4-1-4-1,5611,Coritiba,P. Carpegiani,PR,,Corinthians,4-1-4-1,2016-09-14,1.0,Couto Pereira,C. Borges Dos Santos,25
Chapecoense,SC,0.0,19:32,4-3-1-2,5029,Chapecoense,V. Eutrópio,SC,,Joinville,4-2-3-1,2015-06-03,2.0,Arena Condá,,5
Empate,RS,1.0,16:00,,2250,Corinthians,,SP,,Internacional,,2007-10-13,1.0,Pacaembu,,31
Chapecoense,RJ,0.0,19:29,,4965,Chapecoense,C. Rodrigues,SC,,Botafogo-Rj,,2014-11-23,2.0,Arena Condá,V. Carmo Mancini,36
Athletico-Pr,RS,1.0,19:00,,373,Athletico-Pr,,PR,,Internacional,,2003-09-24,2.0,Arena Da Baixada,,32
Empate,MG,2.0,16:02,4-2-3-1,8446,Fluminense,F. Diniz Silva,RJ,,Atletico-Mg,4-4-2,2024-05-04,2.0,Kléber Andrade,G. Milito,5
Corinthians,RJ,0.0,16:20,,4171,Corinthians,,SP,,Vasco,,2012-10-27,1.0,Pacaembu,,33
Santos,SP,2.0,18:10,,2016,Juventude,,RS,,Santos,,2007-06-17,0.0,Alfredo Jaconi,,6
Cruzeiro,PE,0.0,18:30,,4294,Cruzeiro,,MG,,Nautico,,2013-07-14,3.0,Mineirão,,7
Atletico-Mg,BA,0.0,18:00,,3696,Atletico-Mg,,MG,,Bahia,,2011-09-11,2.0,Arena Do Jacaré,,23
Sao Paulo,MG,0.0,19:00,4-2-3-1,6473,Sao Paulo,A. Soares Jardine,SP,,Cruzeiro,4-2-3-1,2018-11-18,1.0,Morumbi,L. Venker De Menezes,35
Corinthians,RS,0.0,21:00,,3146,Corinthians,,SP,,Internacional,,2010-06-03,2.0,Pacaembu,,6
Internacional,RS,2.0,16:00,4-2-3-1,8279,Internacional,E. Coudet,RS,,Gremio,4-3-3,2023-10-08,3.0,Estádio Beira-Rio,Renato Gaúcho,26
Empate,SP,0.0,15:59,4-3-3,8163,Bragantino,P. Faria Caixinha,SP,,Sao  Paulo,4-3-3,2023-07-09,0.0,Nabizão,D. Silvestre Júnior,14
Goias,PR,0.0,20:30,,998,Goias,,GO,,Athletico-Pr,,2004-10-26,2.0,Serra Dourada,,38
Fluminense,CE,1.0,19:30,,3277,Fluminense,,RJ,,Ceara,,2010-09-08,3.0,Engenhão,,20
Empate,MG,1.0,16:00,,1178,Internacional,,RS,,Atletico-Mg,,2005-12-06,1.0,Beira Rio,,7
Flamengo,RJ,3.0,18:00,,552,Sao Paulo,,SP,,Flamengo,,2003-12-14,1.0,Morumbi,,46
Gremio,PR,0.0,19:00,,745,Gremio,,RS,,Parana,,2004-07-20,4.0,Olímpico,,17
Empate,SP,1.0,21:50,,3602,Coritiba,,PR,,Palmeiras,NAN,2011-08-03,1.0,Couto Pereira,,14
Corinthians,SP,4.0,16:00,,4671,Sport,E. Baptista,PE,,Corinthians,,2014-05-25,1.0,Adelmar Da Costa Carvalho,L. Venker De Menezes,7
Internacional,MG,0.0,17:00,,2692,Internacional,,RS,,Cruzeiro,,2008-11-30,,Beira Rio,,37
Chapecoense,SC,1.0,19:00,4-3-3,6834,Avai,E. Spinassé Camillato,SC,,Chapecoense,4-2-3-1,2019-11-24,0.0,Ressacada,M. Dos Santos Gonçalves,34
Vitoria,SP,0.0,16:00,4-2-3-1,8704,Vitoria,,BA,,Bragantino,,2024-10-19,1.0,Barradão,P. Faria Caixinha,30
Botafogo-Rj,RJ,3.0,19:01,4-3-3,7665,Ceara,D. Silvestre Júnior,CE,,Botafogo-Rj,4-2-3-1,2022-04-17,1.0,Arena Castelã£O,L. Castro,2
Cruzeiro,RJ,0.0,16:00,,3370,Cruzeiro,,MG,,Fluminense,NAN,2010-10-10,1.0,Arena Do Jacaré,,29
Empate,RJ,2.0,16:00,4-2-3-1,8359,Bragantino,P. Faria Caixinha,SP,,Botafogo-Rj,4-2-3-1,2023-11-12,2.0,Nabizão,,34
Vitoria,RJ,1.0,18:30,4-2-3-1,8857,Vitoria,J. Ventura,BA,446300.0,Vasco,4-3-3,2025-10-05,2.0,"Barradão, Salvador",F. Diniz,8
Empate,SP,0.0,21:00,4-2-3-1,8092,Santos,O. Hellmann,SP,,Palmeiras,4-2-3-1,2023-05-20,0.0,Estádio Urbano Caldeira,J. M. Barreto Martins,7
Corinthians,SP,1.0,17:00,,5342,Corinthians,A. Bacchi,SP,,Sao Paulo,4-2-3-1,2015-11-22,6.0,Neo Química Arena,M. Cruz,36
Goias,GO,4.0,18:30,,2955,Corinthians,,SP,,Goias,,2009-09-20,1.0,Pacaembu,,25
Santos,SP,3.0,16:00,,694,Corinthians,,SP,,Santos,,2004-07-04,2.0,Pacaembu,,12
Vasco,RJ,1.0,20:30,,2534,Portuguesa,,SP,,Vasco,,2008-08-21,0.0,Antônio Guimarães,,21
Bahia,RJ,0.0,16:02,4-2-3-1,5950,Bahia,C. Casagrande,BA,,Vasco,3-4-3,2017-08-20,3.0,Itaipava Arena Fonte Nova,M. Mendes,21
Flamengo,SC,1.0,18:00,,983,Flamengo,,RJ,,Criciuma,,2004-10-17,3.0,Raulino De Oliveira,,36
Atletico-Go,GO,3.0,19:30,,3320,Goias,,GO,,Atletico-Go,,2010-09-22,1.0,Serra Dourada,,24
Internacional,GO,1.0,16:00,,79,Internacional,,RS,,Goias,,2003-05-04,2.0,Beira Rio,,7
Empate,MG,2.0,18:30,,4034,Cruzeiro,,MG,,Atletico-Mg,,2012-08-26,2.0,Independência,,19
Corinthians,SP,3.0,16:01,4-3-2-1,5194,Chapecoense,V. Eutrópio,SC,,Corinthians,4-1-4-1,2015-08-30,1.0,Arena Condá,A. Bacchi,21
Botafogo-Rj,RJ,1.0,17:00,4-2-3-1,6462,Chapecoense,C. Dos Santos Oliveira,SC,,Botafogo-Rj,4-2-3-1,2018-11-15,0.0,Arena Condá,J. Mannarino,34
Empate,SP,1.0,16:00,,3401,Internacional,,RS,,Santos,,2010-10-30,1.0,Beira Rio,,32
Gremio,RS,2.0,21:00,4-2-3-1,5815,Fluminense,A. Da Silva Braga,RJ,,Gremio,,2017-06-15,0.0,Maracanã,Renato Gaúcho,7
Empate,SP,1.0,21:00,4-2-3-1,6650,Gremio,Renato Gaúcho,RS,,Palmeiras,4-1-4-1,2019-08-17,1.0,Arena Do Grêmio,L. Scolari,15
Fluminense,RJ,0.0,19:30,,4948,Fluminense,C. Borges Dos Santos,RJ,,Botafogo-Rj,,2014-11-15,1.0,Maracanã,V. Carmo Mancini,34
Empate,MG,1.0,18:31,4-3-1-2,8098,Flamengo,J. Sampaoli Moya,RJ,,Cruzeiro,4-3-3,2023-05-27,1.0,Maracanã,P. Marques Da Costa Filipe,8
Empate,SP,0.0,18:10,,2156,Goias,,GO,,Sao Paulo,,2007-08-19,0.0,Serra Dourada,,20
Empate,RJ,1.0,16:02,,4789,Corinthians,L. Venker De Menezes,SP,,Fluminense,,2014-08-31,1.0,Neo Química Arena,C. Borges Dos Santos,18
Santos,GO,0.0,18:10,,2269,Santos,,SP,,Goias,,2007-10-27,3.0,Vila Belmiro,,33
Sao Caetano,PR,0.0,20:30,,446,Sao Caetano,,SP,,Coritiba,,2003-10-22,2.0,Anacleto Campanella,,38
Sao Paulo,PR,0.0,19:29,,4879,Sao Paulo,M. Ramalho,SP,,Athletico-Pr,,2014-10-08,1.0,Morumbi,C. Dos Santos Oliveira,27
Gremio,RJ,0.0,16:00,,2082,Gremio,,RS,,Flamengo,NAN,2007-07-22,1.0,Olímpico,,13
Empate,SP,1.0,17:00,,3460,Goias,,GO,,Corinthians,,2010-12-05,1.0,Serra Dourada,,38
Corinthians,SP,3.0,16:05,4-4-2,8785,Gremio,Renato Gaúcho,RS,,Corinthians,4-3-1-2,2024-12-08,0.0,Arena Do Grêmio,R. Díaz,38
Juventude,SP,0.0,16:00,,1803,Juventude,,RS,,Sao Caetano,NAN,2006-09-17,1.0,Alfredo Jaconi,,24
Vasco,MG,0.0,16:00,,1702,Vasco,,RJ,,Cruzeiro,,2006-07-30,1.0,São Januário,,14
Empate,PE,0.0,19:30,,2527,Vitoria,,BA,,Sport,,2008-08-20,0.0,Barradão,,21
Santos,CE,0.0,16:00,,68,Santos,,SP,,Fortaleza,,2003-04-27,4.0,Vila Belmiro,,6
Internacional,CE,0.0,18:10,,1170,Internacional,,RS,,Fortaleza,,2005-05-29,1.0,Beira Rio,,6
Flamengo,MG,0.0,20:30,,144,Flamengo,,RJ,,Cruzeiro,,2003-04-18,3.0,Maracanã,,12
Criciuma,PA,0.0,16:00,,1054,Criciuma,,SC,,Paysandu,,2004-11-21,1.0,Heriberto Hulse,,42
America-Mg,SC,0.0,11:00,,5420,America-Mg,C. Prates,MG,,Figueirense,4-1-4-1,2016-06-05,1.0,Estádio Raimundo Sampaio,V. Eutrópio,6
Sao Caetano,SP,4.0,20:30,,881,Criciuma,,SC,,Sao Caetano,,2004-09-01,0.0,Heriberto Hulse,,28
Atletico-Mg,RJ,1.0,17:00,,2653,Atletico-Mg,,MG,,Botafogo-Rj,,2008-11-02,2.0,Mineirão,,33
Cruzeiro,MG,3.0,18:27,,4628,Athletico-Pr,M. Portugal Vicario,PR,,Cruzeiro,,2014-05-03,2.0,Estádio Nacional De Brasília,M. De Oliveira Santos,3
Athletico-Pr,PR,3.0,18:30,,4695,Figueirense,A. Ferreira,SC,,Athletico-Pr,,2014-06-01,1.0,Orlando Scarpelli,,9
Internacional,RS,1.0,20:30,,1469,Goias,,GO,,Internacional,,2005-10-25,0.0,Serra Dourada,,34
Empate,RJ,0.0,16:00,4-1-3-2,8639,Bahia,R. Ceni,BA,,Botafogo-Rj,4-2-3-1,2024-08-25,0.0,Arena Fonte Nova,A. Torres Gomes Araújo Amorim,24
Botafogo-Rj,PE,0.0,19:30,,3018,Botafogo-Rj,,RJ,,Nautico,,2009-10-28,1.0,Engenhão,,32
Palmeiras,RJ,1.0,21:45,,2442,Palmeiras,,SP,,Fluminense,,2008-07-16,3.0,Palestra Itália,,12
Chapecoense,CE,0.0,18:00,4-2-3-1,6840,Chapecoense,M. Dos Santos Gonçalves,SC,,Ceara,4-2-3-1,2019-11-17,1.0,Arena Condá,A. Batista,33
Athletico-Pr,BA,1.0,16:00,,234,Athletico-Pr,,PR,,Bahia,,2003-07-20,2.0,Arena Da Baixada,,20
Empate,RJ,0.0,16:00,,1329,Parana,,PR,,Vasco,,2005-08-21,0.0,Pinheirão,,21
Empate,SC,1.0,20:30,,30,Ponte Preta,,SP,,Criciuma,,2003-04-16,1.0,Moisés Lucarelli,,4
Sao Caetano,RS,0.0,20:30,,778,Sao Caetano,,SP,,Internacional,,2004-07-29,2.0,Anacleto Campanella,,19
Empate,RJ,1.0,18:30,4-2-3-1,8954,Internacional,R. Díaz,RS,755902.0,Vasco,4-2-3-1,2025-07-27,,"Estádio Beira-Rio, Porto Alegre",F. Diniz,17
Palmeiras,SP,0.0,18:31,3-4-2-1,8808,Palmeiras,A. Ferreira,SP,1172275.0,Corinthians,4-3-1-2,2025-04-12,2.0,"Allianz Parque, São Paulo",D. Junior,3
Empate,RJ,2.0,20:30,,1730,Goias,,GO,,Botafogo-Rj,,2006-08-16,2.0,Serra Dourada,,17
Fluminense,RJ,1.0,16:00,,3520,Avai,,SC,,Fluminense,,2011-06-26,0.0,Ressacada,,6
Empate,SC,2.0,20:30,,580,Cruzeiro,,MG,,Criciuma,,2004-04-28,2.0,Independência,,3
Empate,RJ,1.0,19:30,,4338,Vitoria,,BA,,Fluminense,,2013-08-07,1.0,Barradão,,12
Empate,SP,0.0,21:01,4-2-3-1,5818,Santos,L. Culpi,SP,,Ponte Preta,4-2-3-1,2017-06-17,0.0,Estádio Municipal Paulo Machado De Carvalho,G. Kleina,8
Santos,MT,1.0,18:00,4-2-3-1,7692,Santos,F. Bustos,SP,,Cuiaba,,2022-05-08,4.0,Estádio Urbano Caldeira,L. De Oliveira Preto,5
Santo Andre,RS,0.0,18:30,,3035,Santo Andre,,SP,,Gremio,,2009-11-01,2.0,Bruno José Daniel,,33
Ponte Preta,SP,1.0,21:45,,1492,Ponte Preta,,SP,,Santos,,2005-11-02,2.0,Moisés Lucarelli,,36
Fluminense,RJ,1.0,16:03,3-4-3,7782,Botafogo-Rj,V. Severino,RJ,,Fluminense,4-2-3-1,2022-06-26,0.0,Estádio Nilton Santos,F. Diniz Silva,14
Atletico-Mg,BA,1.0,19:30,4-2-3-1,5590,Atletico-Mg,M. De Oliveira Santos,MG,,Vitoria,4-2-3-1,2016-09-07,2.0,Estádio Raimundo Sampaio,V. Carmo Mancini,23
Coritiba,PR,2.0,16:00,,61,Atletico-Mg,,MG,,Coritiba,,2003-04-26,1.0,Mineirão,,6
Criciuma,SC,1.0,16:00,,4392,Vitoria,,BA,,Criciuma,,2013-09-01,0.0,Barradão,,17
Empate,PR,3.0,21:30,4-2-3-1,7234,Corinthians,V. Carmo Mancini,SP,,Athletico-Pr,4-2-2-2,2021-02-10,3.0,Neo Quã­Mica Arena,P. Autuori De Mello,35
Flamengo,MG,1.0,21:00,4-2-3-1,6509,Flamengo,,RJ,,Cruzeiro,4-2-3-1,2019-04-27,3.0,Maracanã£,L. Venker De Menezes,1
Goias,BA,1.0,16:00,,403,Goias,,GO,,Bahia,,2003-10-05,3.0,Serra Dourada,,34
Guarani,SC,0.0,16:00,,333,Guarani,,SP,,Criciuma,,2003-08-24,1.0,Brinco De Ouro,,28
Empate,PR,1.0,18:10,,2099,Gremio,,RS,,Athletico-Pr,,2007-07-28,1.0,Olímpico,,15
Santos,SP,2.0,21:00,3-4-2-1,6808,Avai,E. Spinassé Camillato,SC,,Santos,4-3-3,2019-11-06,1.0,Ressacada,J. Sampaoli Moya,31
Empate,CE,2.0,16:00,,165,Figueirense,,SC,,Fortaleza,,2003-06-22,2.0,Orlando Scarpelli,,14
Palmeiras,CE,1.0,21:00,4-2-3-1,9019,Palmeiras,A. Ferreira,SP,2678628.0,Fortaleza,4-2-3-1,2025-09-20,4.0,"Allianz Parque, São Paulo",T. Carpini,24
Empate,PE,3.0,18:30,,2716,Goias,,GO,,Nautico,,2009-05-10,3.0,Serra Dourada,,1
Empate,BA,0.0,21:32,4-2-3-1,8919,Botafogo-Rj,Davide Ancelotti,RJ,1098050.0,Vitoria,4-3-3,2025-07-16,0.0,"Estádio Nilton Santos, Rio De Janeiro",Fabio Luiz Carille De Araujo,14
Goias,GO,3.0,21:02,3-4-1-2,5169,Sao Paulo,J. Osorio,SP,,Goias,4-3-1-2,2015-08-15,0.0,Morumbi,J. Camargo,19
Figueirense,RJ,0.0,16:02,4-4-1-1,5435,Figueirense,V. Eutrópio,SC,,Flamengo,4-2-3-1,2016-06-12,1.0,Orlando Scarpelli,J. Mannarino,7
Flamengo,RJ,2.0,17:00,4-2-3-1,7026,Vasco,A. Grasselli,RJ,,Flamengo,4-2-3-1,2020-10-10,1.0,Estádio Vasco Da Gama,D. Torrent Font,15
Internacional,RS,1.0,20:30,,1344,Botafogo-Rj,,RJ,,Internacional,,2005-08-25,0.0,Luso Brasileiro,,22
Atletico-Mg,SP,0.0,22:00,,4082,Atletico-Mg,,MG,,Sao Paulo,,2012-09-12,1.0,Independência,,24
Flamengo,RJ,2.0,16:00,,1660,Corinthians,,SP,,Flamengo,,2006-06-04,0.0,Morumbi,,10
Botafogo-Rj,RJ,1.0,16:01,4-2-3-1,6536,Fluminense,F. Diniz Silva,RJ,,Botafogo-Rj,4-1-4-1,2019-05-11,0.0,Maracanã,E. De Souza Barroca,4
Botafogo-Rj,SP,0.0,21:45,,754,Botafogo-Rj,,RJ,,Sao Paulo,,2004-07-20,1.0,Caio Martins,,17
Empate,SP,1.0,19:30,,4079,Corinthians,,SP,,Ponte Preta,,2012-09-12,1.0,Pacaembu,,24
Santos,SP,4.0,21:45,,707,Ponte Preta,,SP,,Santos,,2004-07-07,0.0,Moisés Lucarelli,,13
Gremio,PR,0.0,16:00,,3001,Gremio,,RS,,Coritiba,,2009-10-18,2.0,Olímpico,,30
Palmeiras,BA,0.0,18:30,4-2-3-1,8554,Palmeiras,A. Moreira Ferreira,SP,,Bahia,4-1-3-2,2024-07-07,2.0,Allianz Parque,R. Ceni,15
Botafogo-Rj,RJ,1.0,21:44,4-2-3-1,7925,Goias,J. Ribeiro Ventura,GO,,Botafogo-Rj,4-2-3-1,2022-09-28,0.0,Estádio Da Serrinha,L. Castro,28
Gremio,RJ,0.0,17:00,,3461,Gremio,,RS,,Botafogo-Rj,,2010-12-05,3.0,Olímpico,,38
Atletico-Mg,MG,0.0,19:30,4-2-3-1,5663,Atletico-Mg,M. De Oliveira Santos,MG,,America-Mg,4-1-4-1,2016-10-13,3.0,Mineirão,E. Alves Moreira,30
Empate,MG,1.0,20:02,4-2-3-1,8985,Mirassol,R. Guanaes,SP,247960.0,Cruzeiro,4-2-3-1,2025-08-18,1.0,"Campos Maia, Mirassol",T. Tite,20
Santos,SP,3.0,20:30,,1835,Corinthians,,SP,,Santos,,2006-10-05,0.0,Pacaembu,,27
Internacional,PE,1.0,21:50,,2983,Internacional,,RS,,Nautico,,2009-10-07,3.0,Beira Rio,,28
Palmeiras,RJ,0.0,21:45,4-2-3-1,6460,Palmeiras,,SP,,Fluminense,4-2-3-1,2018-11-14,3.0,Allianz Parque,M. De Oliveira Santos,34
Empate,SC,1.0,18:30,,4485,Goias,,GO,,Criciuma,,2013-10-06,1.0,Serra Dourada,,26
Joinville,GO,1.0,15:59,4-2-3-1,5063,Joinville,A. Batista,SC,,Goias,,2015-06-21,2.0,Arena Joinville,H. Pinto Dos Anjos,8
Fortaleza,CE,3.0,20:31,3-4-3,6919,Goias,N. Da Silveira Júnior,GO,,Fortaleza,4-2-3-1,2020-08-19,1.0,Estádio Da Serrinha,R. Ceni,4
Corinthians,CE,1.0,21:30,4-2-3-1,7218,Corinthians,V. Carmo Mancini,SP,,Ceara,4-2-3-1,2021-02-03,2.0,Neo Química Arena,A. Ferreira,34
Gremio,BA,0.0,19:59,4-2-3-1,5805,Gremio,Renato Gaúcho,RS,,Bahia,4-2-3-1,2017-06-12,1.0,Arena Do Grêmio,J. De Amorim Campos,6
Ponte Preta,SP,1.0,16:02,4-2-3-1,5377,Ponte Preta,E. Baptista,SP,,Palmeiras,4-2-3-1,2016-05-21,2.0,Moisés Lucarelli,A. Stival,2
Internacional,RS,1.0,18:30,4-2-3-1,5406,Santos,,SP,,Internacional,4-2-3-1,2016-05-29,0.0,Estádio Urbano Caldeira,A. Fucks,4
Empate,PE,2.0,20:30,,2248,Cruzeiro,,MG,,Nautico,,2007-10-12,2.0,Mineirão,,31
Goias,RJ,1.0,16:00,,836,Goias,,GO,,Botafogo-Rj,,2004-08-15,3.0,Serra Dourada,,24
Empate,PR,1.0,20:00,4-3-2-1,8384,Cruzeiro,P. Autuori De Mello,MG,,Athletico-Pr,3-4-2-1,2023-11-30,1.0,Mineirão,W. Carvalho,36
Flamengo,RJ,3.0,16:00,,4349,Fluminense,,RJ,,Flamengo,,2013-08-11,2.0,Maracanã,,13
Goias,SP,1.0,16:00,,433,Goias,,GO,,Sao Paulo,,2003-10-18,3.0,Serra Dourada,,37
Cruzeiro,MG,2.0,18:00,,3656,Atletico-Mg,,MG,,Cruzeiro,NAN,2011-08-28,1.0,Arena Do Jacaré,,19
Vitoria,SC,1.0,18:29,,4910,Vitoria,N. Da Silveira Júnior,BA,,Criciuma,,2014-10-25,3.0,Barradão,G. Dal Pozzo,31
Empate,RS,0.0,21:00,,4829,Sport,E. Baptista,PE,,Internacional,,2014-09-17,0.0,Arena De Pernambuco,A. Da Silva Braga,22
Flamengo,PR,0.0,20:00,4-2-3-1,8685,Flamengo,F. Luís,RJ,,Athletico-Pr,3-4-2-1,2024-09-29,1.0,Maracanã,L. González,28
Santos,SP,1.0,19:31,4-2-3-1,5867,Atletico-Mg,R. Machado Marques,MG,,Santos,4-2-3-1,2017-07-12,0.0,Estádio Raimundo Sampaio,L. Culpi,13
Internacional,RS,3.0,18:10,,1195,Sao Paulo,,SP,,Internacional,,2005-06-25,1.0,Morumbi,,9
Empate,PE,1.0,19:00,4-2-3-1,6913,Atletico-Go,V. Carmo Mancini,GO,,Sport,4-2-3-1,2020-08-16,1.0,Estádio Olímpico Pedro Ludovico Teixeira,,3
Empate,MG,1.0,16:00,4-3-3,6571,Sao Paulo,A. Stival,SP,,Cruzeiro,4-2-3-1,2019-06-02,1.0,Estádio Municipal Paulo Machado De Carvalho,L. Venker De Menezes,7
Internacional,RJ,1.0,21:44,4-2-2-2,6244,Internacional,O. Hellmann,RS,,Vasco,4-2-3-1,2018-06-13,3.0,Estádio José Pinheiro Borda,J. De Amorim Campos,12
Empate,MG,0.0,18:30,,3188,Avai,,SC,,Atletico-Mg,,2010-07-24,0.0,Ressacada,,11
Empate,SP,0.0,16:00,,2730,Palmeiras,,SP,,Sao Paulo,,2009-05-24,0.0,Palestra Itália,,3
Empate,RJ,0.0,20:31,4-2-3-1,5418,Chapecoense,A. Ferreira,SC,,Fluminense,4-2-3-1,2016-06-04,0.0,Arena Condá,L. Culpi,6
Guarani,RJ,0.0,16:00,,434,Guarani,,SP,,Fluminense,,2003-10-18,2.0,Brinco De Ouro,,37
Botafogo-Rj,RJ,1.0,19:30,,3259,Gremio Prudente,,SP,,Botafogo-Rj,,2010-09-01,0.0,Prudentão,,18
Atletico-Go,GO,1.0,18:00,4-1-4-1,6991,Bahia,L. Venker De Menezes,BA,,Atletico-Go,4-2-3-1,2020-09-13,0.0,Estádio De Pituaçu,V. Carmo Mancini,10
Empate,CE,1.0,16:01,4-2-3-1,9087,Santos,J. Vojvoda,SP,743510.5,Fortaleza,4-2-3-1,2025-11-01,1.0,"Estádio Urbano Caldeira, Santos",T. Carpini,31
Fortaleza,GO,0.0,16:00,,104,Fortaleza,,CE,,Goias,,2003-05-18,1.0,Castelão,,9
Flamengo,RJ,2.0,22:00,,3302,Gremio Prudente,,SP,,Flamengo,,2010-09-15,1.0,Prudentão,,22
Internacional,RS,3.0,16:00,,1657,Fluminense,,RJ,,Internacional,,2006-03-06,2.0,Maracanã,,10
Sao Paulo,SC,2.0,16:00,,1534,Sao Paulo,,SP,,Figueirense,,2005-11-19,4.0,Morumbi,,40
Sao Paulo,SC,0.0,20:00,4-3-2-1,5765,Sao Paulo,R. Ceni,SP,,Avai,4-2-3-1,2017-05-22,2.0,Morumbi,C. Dos Santos Oliveira,2
Empate,SC,1.0,21:02,4-2-3-1,5310,Coritiba,N. Da Silveira Júnior,PR,,Figueirense,4-4-1-1,2015-10-31,1.0,Couto Pereira,H. Coutinho,33
Coritiba,PR,2.0,16:02,4-2-3-1,5214,Avai,G. Kleina,SC,,Coritiba,,2015-09-06,0.0,Ressacada,N. Da Silveira Júnior,23
Sao Paulo,GO,1.0,21:00,,3265,Sao Paulo,,SP,,Atletico-Go,,2010-09-02,2.0,Morumbi,,18
Internacional,RJ,1.0,16:00,,1451,Internacional,,RS,,Vasco,,2005-10-16,3.0,Beira Rio,,32
Fortaleza,CE,2.0,20:30,,217,Flamengo,,RJ,,Fortaleza,,2003-07-16,0.0,Maracanã,,19
Empate,GO,2.0,16:59,4-2-3-1,5339,Atletico-Mg,L. Culpi,MG,,Goias,4-3-1-2,2015-11-22,2.0,Estádio Raimundo Sampaio,D. Sérgio,36
Internacional,SP,2.0,16:00,,3332,Internacional,,RS,,Corinthians,,2010-09-26,3.0,Beira Rio,,25
Coritiba,PR,2.0,16:01,,6932,Bragantino,F. De Oliveira Conceição,SP,,Coritiba,4-2-3-1,2020-08-23,1.0,Nabizão,M. Santos Batista Júnior,5
Cuiaba,SC,1.0,18:30,4-2-3-1,8646,Cuiaba,,MT,,Criciuma,4-1-4-1,2024-08-31,2.0,Arena Pantanal,C. Tencati,25
Palmeiras,PA,3.0,20:30,,1431,Palmeiras,,SP,,Paysandu,,2005-10-05,5.0,Parque Antártica,,30
Athletico-Pr,PR,3.0,18:59,4-2-3-1,7854,Atletico-Mg,A. Stival,MG,,Athletico-Pr,4-2-3-1,2022-08-07,2.0,Mineirão,L. Scolari,21
Empate,MG,1.0,18:15,4-3-3,7473,Corinthians,S. Campos Junior,SP,,America-Mg,4-2-3-1,2021-09-19,1.0,Neo Química Arena,V. Carmo Mancini,21
Atletico-Mg,PA,2.0,16:00,,184,Atletico-Mg,,MG,,Paysandu,,2003-07-05,3.0,Independência,,16
Sao Paulo,SP,4.0,22:00,,4813,Botafogo-Rj,V. Carmo Mancini,RJ,,Sao Paulo,,2014-09-10,2.0,Estádio Nacional De Brasília,M. Ramalho,20
Empate,RS,1.0,21:01,4-2-3-1,8695,Vasco,,RJ,,Juventude,4-2-3-1,2024-10-05,1.0,Estádio São Januário,J. Ribeiro Ventura,29
Palmeiras,SP,2.0,20:30,,2447,Palmeiras,,SP,,Santos,,2008-07-17,4.0,Palestra Itália,,14
Empate,SP,2.0,21:31,4-1-4-1,7936,Juventude,L. Palavro Zanella,RS,,Corinthians,4-1-4-1,2022-10-04,2.0,Alfredo Jaconi,V. De Oliveira Lopes Pereira,30
Ceara,CE,2.0,18:01,4-2-3-1,6953,Atletico-Go,V. Carmo Mancini,GO,,Ceara,4-2-3-1,2020-08-30,0.0,Estádio Olímpico Pedro Ludovico Teixeira,A. Ferreira,6
Gremio,PR,0.0,20:59,,5666,Gremio,Renato Gaúcho,RS,,Athletico-Pr,4-2-3-1,2016-10-13,1.0,Arena  Do  Grêmio,,30
Flamengo,SP,0.0,18:30,,3027,Flamengo,,RJ,,Santos,,2009-10-31,1.0,Maracanã,,33
Botafogo-Rj,RJ,1.0,16:02,3-4-1-2,7949,Sao Paulo,R. Ceni,SP,,Botafogo-Rj,4-2-3-1,2022-10-09,0.0,Morumbi,L. Castro,31
Fortaleza,CE,2.0,16:03,4-2-3-1,8020,Santos,,SP,,Fortaleza,4-4-2,2022-11-13,0.0,Estádio Urbano Caldeira,J. Vojvoda,38
Athletico-Pr,SC,2.0,16:00,,70,Athletico-Pr,,PR,,Criciuma,,2003-04-27,4.0,Arena Da Baixada,,6
Sao Caetano,RS,0.0,16:00,,545,Sao Caetano,,SP,,Internacional,,2003-12-13,5.0,Anacleto Campanella,,46
Goias,GO,2.0,18:10,,1206,Vasco,,RJ,,Goias,,2005-02-07,1.0,São Januário,,10
Internacional,RS,1.0,19:30,,3065,Atletico-Mg,,MG,,Internacional,,2009-11-22,0.0,Mineirão,,36
Botafogo-Rj,RJ,0.0,19:31,4-4-2,9099,Botafogo-Rj,Davide Ancelotti,RJ,736970.0,Vasco,4-2-3-1,2025-11-05,3.0,"Estádio Nilton Santos, Rio De Janeiro",Fernando Diniz Silva,32
Vasco,SP,0.0,22:00,,3266,Vasco,,RJ,,Corinthians,,2010-10-13,2.0,São  Januário,,18
Empate,RS,0.0,18:01,3-1-4-2,7785,Sao Paulo,R. Ceni,SP,,Juventude,4-2-3-1,2022-06-26,0.0,Morumbi,U. Louzer Filho,14
Athletico-Pr,PR,1.0,21:00,,3240,Gremio Prudente,,SP,,Athletico-Pr,,2010-08-25,0.0,Prudentão,,16
Empate,RJ,1.0,16:00,4-4-2,8320,Goias,A. Evangelista Macedo Freitas,GO,,Vasco,4-1-4-1,2023-10-29,1.0,Estádio Hailé Pinheiro - Serrinha,R. Díaz,30
Coritiba,PE,0.0,18:30,,4273,Coritiba,,PR,,Nautico,,2013-06-09,1.0,Couto Pereira,,5
Empate,MT,2.0,21:29,4-2-3-1,7504,Gremio,L. Scolari,RS,,Cuiaba,4-4-2,2021-06-10,2.0,Arena Do Grêmio,J. De Amorim Campos,24
Coritiba,PR,2.0,19:30,,2498,Vasco,,RJ,,Coritiba,,2008-08-06,0.0,Sã£O Januã¡Rio,,18
Coritiba,PR,3.0,20:30,,878,Sao Paulo,,SP,,Coritiba,,2004-09-01,2.0,Morumbi,,28
Cruzeiro,PR,0.0,19:00,4-3-3,8517,Cruzeiro,,MG,,Athletico-Pr,4-2-3-1,2024-06-26,2.0,Mineirão,J. Antonello,12
Flamengo,RS,1.0,20:30,,199,Flamengo,,RJ,,Juventude,,2003-07-09,2.0,Maracanã,,17
Santa Cruz,PR,0.0,21:00,4-2-3-1,5610,Santa Cruz,D. Ghidoni Junior,PE,,Athletico-Pr,4-2-3-1,2016-09-14,1.0,Estádio Do Arruda,P. Autuori De Mello,25
Juventude,RS,2.0,17:02,4-3-3,7416,Bragantino,M. Nogueira Barbieri,SP,,Juventude,4-2-3-1,2021-08-14,1.0,Nabizão,M. Dos Santos Gonçalves,16
Empate,BA,1.0,20:30,,3870,Atletico-Mg,,MG,,Bahia,,2012-06-06,1.0,Independência,,3
Sport,SC,0.0,16:00,,2572,Sport,,PE,,Figueirense,,2008-09-14,5.0,Ilha Do Retiro,,25
Ponte Preta,SP,1.0,19:30,,4057,Flamengo,,RJ,,Ponte Preta,,2012-05-09,0.0,Raulino De Oliveira,,22
Flamengo,RJ,3.0,19:59,4-2-3-1,7213,Sport,J. Ribeiro Ventura,PE,,Flamengo,4-4-2,2021-01-02,0.0,Adelmar Da Costa Carvalho,R. Ceni,33
Empate,SP,0.0,21:00,4-2-3-1,8629,Fluminense,S. Lobo,RJ,,Corinthians,3-4-2-1,2024-08-17,0.0,Maracanã,,23
Empate,SP,1.0,18:30,4-2-3-1,8858,Gremio,L. Castro,RS,,Bragantino,4-2-3-1,2025-05-10,1.0,"Arena Do Grêmio, Porto Alegre",V. Mancini,8
Flamengo,RJ,1.0,16:33,4-2-2-2,5048,Coritiba,N. Da Silveira Júnior,PR,,Flamengo,4-2-3-1,2015-06-13,0.0,Couto  Pereira,C. Borges Dos Santos,7
Sao Paulo,SP,1.0,18:29,4-2-3-1,5426,Cruzeiro,P. Gomes Bento,MG,,Sao Paulo,4-2-3-1,2016-06-05,0.0,Mineirão,E. Bauza,6
Fluminense,RJ,3.0,18:30,,3147,Avai,,SC,,Fluminense,,2010-06-05,0.0,Ressacada,,7
Empate,SC,0.0,18:30,,2719,Flamengo,,RJ,,Avai,,2009-05-16,0.0,Maracanã,,2
Vasco,RJ,1.0,18:31,4-3-3,8655,Vitoria,,BA,,Vasco,4-2-3-1,2024-09-01,0.0,Barradão,C. De Paiva,25
Athletico-Pr,PR,4.0,19:30,,4444,Flamengo,,RJ,,Athletico-Pr,,2013-09-19,2.0,Maracanã,,22
Corinthians,SP,2.0,20:59,4-2-3-1,5918,Atletico-Mg,,MG,,Corinthians,4-2-3-1,2017-08-02,0.0,Mineirão,F. Carille,18
Chapecoense,MG,0.0,20:18,4-1-4-1,6227,Chapecoense,G. Kleina,SC,,Cruzeiro,4-2-3-1,2018-06-09,2.0,Arena Condá,L. Venker De Menezes,11
Empate,SP,1.0,20:30,4-2-3-1,7334,Ceara,A. Ferreira,CE,,Sao Paulo,3-1-4-2,2021-06-27,1.0,Arena Castelão,J. Branda,7
Empate,PE,1.0,19:01,4-1-4-1,6065,Chapecoense,G. Kleina,SC,,Sport,4-2-3-1,2017-11-05,1.0,Arena Condá,D. Pollo Barioni,32
Sao Paulo,SP,2.0,17:00,,2683,Vasco,,RJ,,Sao Paulo,,2008-11-23,1.0,São Januário,,36
Fluminense,SP,0.0,18:30,,4005,Fluminense,,RJ,,Palmeiras,,2012-08-12,1.0,Engenhão,,16
Ponte Preta,GO,1.0,18:30,,4054,Ponte Preta,,SP,,Atletico-Go,,2012-09-02,3.0,Moisés Lucarelli,,21
Gremio,SC,0.0,19:30,,3119,Gremio,,RS,,Avai,,2010-05-26,3.0,Olímpico,,4
Atletico-Mg,PE,2.0,15:59,4-3-3,6390,Atletico-Mg,T. Mendes Larghi,MG,,Sport,4-2-3-1,2018-09-30,5.0,Estádio Raimundo Sampaio,M. Mendes,27
Empate,BA,2.0,20:30,,221,Guarani,,SP,,Vitoria,,2003-07-16,2.0,Brinco De Ouro,,19
Empate,PR,0.0,18:28,,4804,Bahia,G. Kleina,BA,,Coritiba,,2014-09-07,0.0,Itaipava Arena Fonte Nova,M. Dos Santos Gonçalves,19
Flamengo,RJ,2.0,21:30,4-2-3-1,7551,Internacional,D. Aguirre Camblor,RS,,Flamengo,4-2-3-1,2021-11-20,1.0,Estádio José Pinheiro Borda,Renato Gaúcho,34
Botafogo-Rj,MG,0.0,19:01,4-2-3-1,8105,Botafogo-Rj,L. Ribeiro De Castro,RJ,,America-Mg,4-1-4-1,2023-05-28,2.0,Estádio Nilton Santos,V. Carmo Mancini,8
Empate,RJ,1.0,18:10,,2544,Vasco,,RJ,,Botafogo-Rj,,2008-08-24,1.0,São Januário,,22
Gremio,RS,1.0,20:30,4-2-3-1,7474,Flamengo,Renato Gaúcho,RJ,,Gremio,4-2-3-1,2021-09-19,0.0,Maracanã,L. Scolari,21
Parana,PR,0.0,16:00,,1248,Parana,,PR,,Athletico-Pr,,2005-07-23,2.0,Pinheirão,,14
Athletico-Pr,PR,0.0,16:00,,421,Athletico-Pr,,PR,,Coritiba,,2003-10-11,2.0,Arena Da Baixada,,36
Empate,PE,0.0,15:59,4-2-3-1,6206,Internacional,O. Hellmann,RS,,Sport,4-2-3-1,2018-06-02,0.0,Estã¡Dio Josã© Pinheiro Borda,C. Dos Santos Oliveira,9
Fluminense,RJ,1.0,21:45,,2003,Sao Paulo,,SP,,Fluminense,,2007-07-18,0.0,Morumbi,,12
Empate,RJ,1.0,16:00,4-2-3-1,8490,Athletico-Pr,A. Stival,PR,,Flamengo,4-2-3-1,2024-06-16,1.0,Ligga Arena,M. Rizzi Bacchi,9
Bragantino,SP,2.0,21:30,3-5-2,8257,America-Mg,F. Bustos,MG,,Bragantino,,2023-09-19,0.0,Estádio Raimundo Sampaio,P. Faria Caixinha,24
Avai,SP,0.0,18:30,,3406,Avai,,SC,,Guarani,,2010-10-30,1.0,Ressacada,,32
Brasiliense,PR,1.0,18:10,,1213,Brasiliense,,DF,,Athletico-Pr,,2005-07-03,2.0,Boca Do Jacaré,,10
Botafogo-Rj,PR,0.0,18:10,,1168,Botafogo-Rj,,RJ,,Athletico-Pr,,2005-05-29,2.0,Luso Brasileiro,,6
Empate,SP,1.0,16:00,,258,Flamengo,,RJ,,Sao Paulo,,2003-07-27,1.0,Maracanã,,22
Cruzeiro,RJ,0.0,21:40,,416,Cruzeiro,,MG,,Flamengo,,2003-10-08,2.0,Mineirão,,35
Santos,SP,1.0,16:03,4-4-2,6569,Ceara,,CE,,Santos,,2019-06-02,0.0,Arena Castelão,J. Sampaoli Moya,7
Empate,RJ,1.0,16:00,,4840,Flamengo,V. Luxemburgo Da Silva,RJ,,Fluminense,,2014-09-21,1.0,Maracanã,C. Borges Dos Santos,23
Coritiba,RJ,0.0,16:00,,760,Coritiba,,PR,,Botafogo-Rj,,2004-07-24,1.0,Couto Pereira,,18
-,RJ,2.0,21:45,,1397,Fluminense,,RJ,,Flamengo,,2005-09-21,2.0,Raulino De Oliveira,,27
Coritiba,SP,0.0,16:00,,656,Coritiba,,PR,,Sao Caetano,,2004-06-13,1.0,Couto Pereira,,9
Empate,RJ,3.0,18:10,,1203,Cruzeiro,,MG,,Vasco,,2005-06-26,3.0,Mineirão,,9
Botafogo-Rj,RS,0.0,18:10,,2414,Botafogo-Rj,,RJ,,Gremio,,2008-07-06,2.0,Engenhão,,9
Internacional,PR,0.0,10:59,4-2-3-1,6319,Internacional,O. Hellmann,RS,,Parana,4-4-1-1,2018-08-19,1.0,Estádio José Pinheiro Borda,Ademir Fesan,19
Flamengo,BA,0.0,21:00,4-2-3-1,8860,Flamengo,F. Luís,RJ,3504542.5,Bahia,4-3-3,2025-05-10,1.0,"Maracanã, Rio De Janeiro",R. Ceni,8
Empate,SC,1.0,19:30,4-2-3-1,6779,Fluminense,,RJ,,Chapecoense,4-2-3-1,2019-10-26,1.0,Maracanã£,M. Dos Santos Gonçalves,28
Criciuma,RJ,1.0,16:01,5-3-2,8506,Criciuma,C. Tencati,SC,,Botafogo-Rj,,2024-06-22,2.0,Estádio Heriberto Hülse,A. Torres Gomes Araújo Amorim,11
Empate,SP,2.0,21:50,,2832,Internacional,,RS,,Sao Paulo,,2009-07-22,2.0,Beira Rio,,13
Palmeiras,PR,1.0,18:30,,2957,Palmeiras,,SP,,Athletico-Pr,,2009-09-26,2.0,Palestra Itã¡Lia,,26
Vasco,SP,2.0,16:00,,329,Vasco,,RJ,,Sao Paulo,,2003-08-24,3.0,São Januário,,28
Empate,CE,2.0,17:01,4-2-3-1,6487,Athletico-Pr,T. Retzalff Nunes,PR,,Ceara,5-4-1,2018-11-25,2.0,Estádio Joaquim Américo Guimarães,L. Cirne Lima De Lorenzi,37
Botafogo-Rj,RJ,0.0,18:59,4-2-3-1,5974,Botafogo-Rj,J. Ribeiro Ventura,RJ,,Flamengo,4-2-3-1,2017-09-10,2.0,Estádio Nilton Santos,R. Rueda Rivera,23
Sao Paulo,RJ,1.0,16:00,,4384,Sao Paulo,,SP,,Fluminense,,2013-08-25,2.0,Morumbi,,16
Atletico-Mg,RJ,0.0,20:30,,2095,Atletico-Mg,,MG,,Fluminense,,2007-07-19,3.0,Mineirão,,14
Palmeiras,SP,0.0,19:01,4-2-3-1,6547,Palmeiras,L. Scolari,SP,,Santos,3-5-2,2019-05-18,4.0,Estádio Municipal Paulo Machado De Carvalho,J. Sampaoli Moya,5
Gremio,GO,1.0,18:59,4-3-3,8383,Gremio,Renato Gaúcho,RS,,Goias,4-3-3,2023-11-30,2.0,Arena Do Grêmio,M. Henrique,36
Atletico-Mg,MG,1.0,11:00,4-2-3-1,5519,Palmeiras,A. Stival,SP,,Atletico-Mg,4-3-2-1,2016-07-24,0.0,Allianz Parque,M. De Oliveira Santos,16
Botafogo-Rj,MG,0.0,18:30,,3207,Botafogo-Rj,,RJ,,Atletico-Mg,,2010-08-07,3.0,Engenhão,,13
Fluminense,RJ,1.0,16:00,4-1-4-1,5633,Corinthians,F. Carille,SP,,Fluminense,4-3-3,2016-09-25,0.0,Neo Química Arena,L. Culpi,27
Flamengo,SP,0.0,21:45,,1287,Flamengo,,RJ,,Ponte Preta,,2005-08-03,1.0,Luso Brasileiro,,17
Palmeiras,MG,0.0,18:30,,4157,Palmeiras,,SP,,Cruzeiro,,2012-10-20,2.0,Fonte Luminosa,,32
Portuguesa,MG,0.0,19:30,,2637,Portuguesa,,SP,,Ipatinga,,2008-10-29,2.0,Canindé,,32
Gremio,RS,3.0,18:30,,3315,Avai,,SC,,Gremio,,2010-09-19,0.0,Ressacada,,23
Empate,BA,2.0,18:30,,9108,Internacional,R. Díaz,RS,824174.0,Bahia,4-3-3,2025-11-08,2.0,"Estádio Beira-Rio, Porto Alegre",R. Ceni,33
Sao Paulo,SP,2.0,16:00,,3512,Ceara,,CE,,Sao Paulo,NAN,2011-06-19,0.0,Presidente Vargas,,5
Atletico-Mg,BA,0.0,16:01,,4863,Atletico-Mg,L. Culpi,MG,,Vitoria,,2014-09-28,2.0,Estádio Raimundo Sampaio,N. Da Silveira Júnior,25
Santos,PR,1.0,18:00,,3777,Santos,,SP,,Athletico-Pr,,2011-10-29,4.0,Pacaembu,,32
Flamengo,RJ,1.0,19:10,,2664,Botafogo-Rj,,RJ,,Flamengo,,2008-11-09,0.0,Maracanã,,34
Santos,RJ,1.0,16:00,3-4-1-2,8273,Santos,M. Fernandes,SP,,Vasco,4-3-3,2023-10-01,4.0,Estádio Urbano Caldeira,R. Díaz,25
Parana,RJ,0.0,21:45,,1288,Parana,,PR,,Botafogo-Rj,,2005-08-03,2.0,Pinheirão,,17
Fortaleza,RJ,0.0,15:59,4-2-3-1,8548,Fortaleza,J. Vojvoda,CE,,Fluminense,4-2-3-1,2024-07-07,1.0,Arena Castelão,L. Venker De Menezes,15
Vasco,RS,2.0,16:00,,1373,Vasco,,RJ,,Juventude,,2005-09-11,5.0,São Januário,,25
Corinthians,SP,3.0,20:30,,1280,Santos,,SP,,Corinthians,,2005-10-13,2.0,Vila Belmiro,,16
Gremio,RS,3.0,18:30,,4356,Bahia,,BA,,Gremio,,2013-08-11,0.0,Fonte Nova,,13
Palmeiras,SP,0.0,19:30,,3425,Palmeiras,,SP,,Guarani,,2010-11-07,1.0,Arena Barueri,,34
Fortaleza,PR,0.0,16:00,,56,Fortaleza,,CE,,Athletico-Pr,,2003-04-20,1.0,Presidente Vargas,,5
Ponte Preta,PR,1.0,16:02,4-2-3-1,5073,Ponte Preta,A. Ferreira,SP,,Athletico-Pr,4-2-3-1,2015-06-28,2.0,Moisés Lucarelli,M. Mendes,9
Juventude,GO,0.0,19:01,4-2-3-1,8453,Juventude,R. Machado Marques,RS,,Atletico-Go,4-3-3,2024-06-05,1.0,Alfredo Jaconi,J. Ribeiro Ventura,5
Palmeiras,SP,0.0,17:30,3-4-2-1,8862,Palmeiras,A. Ferreira,SP,990708.0,Sao Paulo,4-2-3-1,2025-05-11,1.0,"Arena Barueri, Barueri",H. Crespo,8
Santos,RS,0.0,18:10,,1845,Santos,,SP,,Gremio,,2006-10-08,1.0,Vila Belmiro,,28
Fluminense,PR,1.0,19:30,,3054,Fluminense,,RJ,,Athletico-Pr,,2009-11-15,2.0,Maracanã,,35
Vasco,RJ,1.0,18:59,4-3-3,8570,Atletico-Go,V. Carmo Mancini,GO,,Vasco,4-2-3-1,2024-07-17,0.0,Estádio Antônio Accioly - Atlético Goianiense,C. De Paiva,17
Sport,RJ,0.0,15:59,4-2-3-1,5557,Sport,O. De Oliveira Filho,PE,,Flamengo,4-2-3-1,2016-08-13,1.0,Arena De Pernambuco,J. Mannarino,20
Barueri,RS,0.0,18:30,,2884,Barueri,,SP,,Gremio,,2009-08-09,1.0,Arena Barueri,,18
Corinthians,RJ,0.0,18:10,,1746,Corinthians,,SP,,Botafogo-Rj,,2006-08-20,1.0,Pacaembu,,18
Flamengo,MT,1.0,16:01,4-2-3-1,8388,Flamengo,A. Bacchi,RJ,,Cuiaba,3-4-2-1,2023-12-03,2.0,Maracanã,A. Cardoso De Oliveira,37
Internacional,RS,4.0,21:00,,3536,Atletico-Mg,,MG,,Internacional,,2011-06-30,0.0,Arena Do Jacaré,,7
Coritiba,PR,0.0,16:01,4-1-4-1,8272,Coritiba,T. Kosloski,PR,,Athletico-Pr,4-2-3-1,2023-10-01,2.0,Couto Pereira,W. Carvalho,25
Criciuma,MG,2.0,20:30,,741,Criciuma,,SC,,Atletico-Mg,,2004-07-17,4.0,Heriberto Hulse,,16
Atletico-Mg,SP,0.0,21:45,4-1-4-1,6351,Atletico-Mg,T. Mendes Larghi,MG,,Sao Paulo,4-2-3-1,2018-09-05,1.0,Estádio Raimundo Sampaio,D. Aguirre Camblor,23
Fluminense,SP,0.0,18:10,,1625,Fluminense,,RJ,,Santos,,2006-05-21,1.0,Maracanã,,6
Cruzeiro,PA,1.0,16:00,,528,Cruzeiro,,MG,,Paysandu,,2003-11-30,2.0,Mineirão,,44
Goias,RJ,2.0,21:50,,2872,Goias,,GO,,Flamengo,NAN,2009-08-05,3.0,Serra Dourada,,17
Sport,RJ,0.0,19:30,,4206,Sport,,PE,,Botafogo-Rj,,2012-11-18,2.0,Ilha Do Retiro,,36
Chapecoense,SC,4.0,20:59,,5410,Coritiba,G. Kleina,PR,,Chapecoense,,2016-06-01,3.0,Vila Capanema,A. Ferreira,5
Empate,RS,0.0,11:02,4-2-3-1,6666,Sao Paulo,A. Stival,SP,,Gremio,4-2-3-1,2019-08-31,0.0,Morumbi,Renato Gaúcho,17
Fluminense,SC,1.0,20:30,,3710,Fluminense,,RJ,,Avai,,2011-09-21,3.0,Engenhão,,25
Empate,MG,2.0,18:00,,436,Gremio,,RS,,Atletico-Mg,,2003-10-18,2.0,Olímpico,,37
Empate,SC,0.0,17:01,4-4-2,5341,Figueirense,H. Coutinho,SC,,Chapecoense,4-2-3-1,2015-11-22,0.0,Orlando Scarpelli,A. Ferreira,36
Cruzeiro,MG,3.0,16:00,,309,Ponte Preta,,SP,,Cruzeiro,,2003-08-17,1.0,Moisés Lucarelli,,26
Goias,SP,2.0,16:00,,1566,Goias,,GO,,Corinthians,,2005-12-04,3.0,Serra Dourada,,42
Botafogo-Rj,RJ,3.0,16:00,,2632,Ipatinga,,MG,,Botafogo-Rj,,2008-10-25,0.0,Ipatingão,,31
Cruzeiro,PE,0.0,11:01,4-2-3-1,5578,Cruzeiro,L. Venker De Menezes,MG,,Santa Cruz,4-2-3-1,2016-08-28,2.0,Mineirão,D. Ghidoni Junior,22
Atletico-Mg,PR,0.0,21:00,,4426,Atletico-Mg,,MG,,Coritiba,,2013-09-12,3.0,Independência,,20
Corinthians,SP,2.0,16:00,,402,Vitoria,,BA,,Corinthians,,2003-10-05,1.0,Barradão,,34
Atletico-Mg,RS,0.0,18:29,,4777,Atletico-Mg,,MG,,Internacional,,2014-08-23,1.0,Estádio Raimundo Sampaio,A. Da Silva Braga,17
Corinthians,MG,0.0,21:50,,882,Corinthians,,SP,,Atletico-Mg,,2004-09-01,1.0,Pacaembu,,28
Empate,SP,0.0,16:01,4-2-3-1,6333,Internacional,,RS,,Palmeiras,4-2-3-1,2018-08-26,0.0,Estádio José Pinheiro Borda,L. Scolari,21
Bragantino,BA,0.0,20:01,4-4-2,7096,Bragantino,M. Nogueira Barbieri,SP,,Bahia,4-2-3-1,2020-11-20,4.0,Nabizã£O,L. Venker De Menezes,22
Cruzeiro,GO,0.0,18:29,4-2-3-1,5803,Cruzeiro,L. Venker De Menezes,MG,,Atletico-Go,4-2-3-1,2017-06-11,2.0,Mineirão,D. Ghidoni Junior,6
Goias,MG,0.0,19:00,4-1-4-1,8396,Goias,M. Henrique,GO,,America-Mg,4-5-1,2023-12-06,1.0,Estádio Hailé Pinheiro - Serrinha,D. Giacomini,38
Vitoria,RS,0.0,22:00,,4814,Vitoria,N. Da Silveira Júnior,BA,,Internacional,,2014-09-10,2.0,Barradão,A. Da Silva Braga,20
Empate,SP,1.0,21:01,4-2-3-1,5716,Atletico-Mg,M. De Oliveira Santos,MG,,Palmeiras,4-3-3,2016-11-17,1.0,Estádio Raimundo Sampaio,A. Stival,35
Internacional,MG,0.0,16:57,4-2-3-1,5733,Internacional,L. Cirne Lima De Lorenzi,RS,,Cruzeiro,,2016-11-27,1.0,Estádio José Pinheiro Borda,L. Venker De Menezes,37
Empate,SC,1.0,16:00,,289,Fluminense,,RJ,,Criciuma,,2003-08-09,1.0,Maracanã,,25
Cruzeiro,MG,1.0,21:45,4-4-2,5413,Botafogo-Rj,R. Gomes Raymundo,RJ,,Cruzeiro,4-2-2-2,2016-06-01,0.0,Estádio Nacional De Brasília,P. Gomes Bento,5
Santos,PR,1.0,21:30,3-4-2-1,8314,Santos,M. Fernandes,SP,,Coritiba,4-1-4-1,2023-10-26,2.0,Estádio Urbano Caldeira,T. Kosloski,29
Portuguesa,RS,0.0,18:10,,2624,Portuguesa,,SP,,Gremio,,2008-10-19,2.0,Canindé,,30
Sao Paulo,GO,0.0,20:30,,817,Sao Paulo,,SP,,Goias,,2004-08-11,4.0,Morumbi,,23
Figueirense,PA,0.0,16:00,,477,Figueirense,,SC,,Paysandu,,2003-11-02,6.0,Orlando Scarpelli,,40
Palmeiras,CE,1.0,19:00,4-2-3-1,7007,Palmeiras,,SP,,Ceara,4-2-3-1,2020-10-03,2.0,Allianz Parque,A. Ferreira,13
Santos,PE,0.0,21:33,4-2-3-1,9152,Santos,J. Vojvoda,SP,774742.5,Sport,4-3-3,2025-11-28,3.0,"Estádio Urbano Caldeira, Santos",C. De Lucena,36
Gremio,SC,1.0,19:59,4-2-3-1,7415,Gremio,L. Scolari,RS,,Chapecoense,4-4-2,2021-08-09,2.0,Arena Do Grêmio,L. De Oliveira Preto,15
Atletico-Mg,RJ,0.0,21:01,,8255,Atletico-Mg,L. Scolari,MG,,Botafogo-Rj,,2023-09-16,1.0,Arena Mrv,B. Nascimento,23
Cuiaba,SP,0.0,20:00,4-1-2-1-2,7564,Cuiaba,J. De Amorim Campos,MT,,Bragantino,4-4-2,2021-11-01,1.0,Arena Pantanal,M. Nogueira Barbieri,29
Goias,SP,0.0,17:00,,738,Goias,,GO,,Guarani,,2004-07-17,2.0,Serra Dourada,,16
Empate,SP,0.0,19:00,4-2-3-1,6579,Cruzeiro,L. Venker De Menezes,MG,,Corinthians,4-1-4-1,2019-06-08,0.0,Mineirão,F. Carille,8
Fluminense,RJ,2.0,21:50,,3662,Sao  Paulo,,SP,,Fluminense,,2011-08-31,1.0,Morumbi,,20
Empate,PR,0.0,21:00,4-2-3-1,7879,Ceara,J. Antonello,CE,,Athletico-Pr,4-2-3-1,2022-08-27,0.0,Arena Castelão,L. Scolari,24
Figueirense,RS,2.0,16:02,4-4-1-1,5454,Figueirense,V. Eutrópio,SC,,Internacional,4-2-3-1,2016-06-19,3.0,Orlando Scarpelli,A. Fucks,9
Palmeiras,SP,3.0,21:30,4-1-2-1-2,7299,Juventude,,RS,,Palmeiras,4-1-4-1,2021-06-16,0.0,Alfredo Jaconi,A. Moreira Ferreira,4
Internacional,RJ,0.0,16:00,,4302,Internacional,,RS,,Flamengo,,2013-07-21,1.0,Centenário (Rs),,8
Empate,BA,2.0,20:32,4-2-3-1,8805,Santos,J. Vojvoda,SP,499201.25,Bahia,,2025-04-06,2.0,"Estádio Urbano Caldeira, Santos",R. Ceni,2
Empate,CE,0.0,17:00,4-3-3,7537,Juventude,J. Ribeiro Ventura,RS,,Ceara,4-2-3-1,2021-10-23,0.0,Alfredo Jaconi,T. Retzalff Nunes,28
Empate,SC,1.0,16:01,4-2-3-1,5517,Corinthians,C. Borges Dos Santos,SP,,Figueirense,4-2-3-1,2016-07-23,1.0,Neo Química Arena,A. Fucks,16
Fluminense,PR,0.0,20:00,4-2-3-1,7005,Fluminense,O. Hellmann,RJ,,Coritiba,4-2-3-1,2020-09-28,4.0,Estádio Nilton Santos,J. De Amorim Campos,12
Palmeiras,RJ,1.0,16:00,,1840,Palmeiras,,SP,,Flamengo,,2006-10-08,3.0,Parque Antártica,,28
Empate,SP,1.0,16:00,,2400,Cruzeiro,,MG,,Sao Paulo,,2008-06-29,1.0,Mineirão,,8
Empate,SC,1.0,19:27,,4834,Corinthians,L. Venker De Menezes,SP,,Chapecoense,,2014-09-18,1.0,Neo Química Arena,,22
Empate,PR,0.0,17:01,,5311,Chapecoense,A. Ferreira,SC,,Athletico-Pr,4-2-3-1,2015-01-11,0.0,Arena Condá,C. Borges Dos Santos,33
Fortaleza,SP,0.0,19:00,4-2-3-1,7193,Fortaleza,E. Alves Moreira,CE,,Santos,4-1-4-1,2021-01-21,2.0,Arena Castelão,A. Stival,31
Sao Paulo,SP,1.0,21:50,,3496,Atletico-Mg,,MG,,Sao Paulo,,2011-06-08,0.0,Arena Do Jacarã©,,3
Gremio,SP,1.0,21:45,,801,Gremio,,RS,,Santos,,2004-08-04,3.0,Olímpico,,21
Athletico-Pr,RS,0.0,19:51,4-1-4-1,6849,Athletico-Pr,E. De Barros,PR,,Gremio,4-2-3-1,2019-11-27,2.0,Estádio Joaquim Américo Guimarães,Renato Gaúcho,35
Cruzeiro,SP,1.0,16:00,4-2-3-1,8056,Cruzeiro,P. Marques Da Costa Filipe,MG,,Santos,4-2-3-1,2023-05-06,2.0,Estã¡Dio Raimundo Sampaio,O. Hellmann,4
Sao Caetano,MG,1.0,18:10,,1417,Sao Caetano,,SP,,Atletico-Mg,,2005-10-01,3.0,Anacleto Campanella,,29
Figueirense,SP,0.0,21:46,4-1-4-1,5412,Figueirense,V. Eutrópio,SC,,Sao Paulo,4-2-3-1,2016-01-06,1.0,Orlando Scarpelli,E. Bauza,5
Fluminense,RJ,1.0,16:00,,69,Gremio,,RS,,Fluminense,,2003-04-27,0.0,Olímpico,,6
Sport,PE,3.0,20:00,4-2-3-1,5706,Gremio,Renato Gaúcho,RS,,Sport,4-2-3-1,2016-11-07,0.0,Arena Do Grêmio,D. Pollo Barioni,34
Empate,SP,0.0,16:00,,2753,Avai,,SC,,Sao Paulo,,2009-06-07,0.0,Ressacada,,5
Palmeiras,SP,1.0,16:01,4-2-3-1,8671,Vasco,C. De Paiva,RJ,,Palmeiras,4-2-3-1,2024-09-22,0.0,Arena Brb Mané Garrincha,A. Moreira Ferreira,27
Fortaleza,SP,1.0,16:00,,1587,Fortaleza,,CE,,Sao Caetano,,2006-04-29,2.0,Castelão,,3
Atletico-Mg,SP,2.0,20:29,4-2-3-1,4856,Atletico-Mg,L. Culpi,MG,,Santos,4-2-3-1,2014-09-25,3.0,Estádio Raimundo Sampaio,E. Alves Moreira,24
Goias,RJ,0.0,22:02,,4647,Goias,S. Drubscky De Campos,GO,,Botafogo-Rj,NAN,2014-05-14,2.0,Helenão,V. Carmo Mancini,5
Sao Paulo,SP,4.0,16:00,,1075,Vitoria,,BA,,Sao Paulo,,2004-12-05,1.0,Barradão,,44
Bahia,RJ,1.0,16:00,,4860,Bahia,G. Kleina,BA,,Flamengo,,2014-09-28,2.0,Itaipava Arena Fonte Nova,V. Luxemburgo Da Silva,25
Flamengo,RS,1.0,17:00,,3079,Flamengo,,RJ,,Gremio,,2009-12-06,2.0,Maracanã£,,38
Fortaleza,BA,1.0,21:31,4-2-3-1,8573,Fortaleza,J. Vojvoda,CE,,Vitoria,4-1-4-1,2024-07-17,3.0,Arena Castelão,T. Carpini Barbosa,17
Vitoria,BA,1.0,21:30,4-4-2,9064,Vitoria,J. Ventura,BA,767530.0,Bahia,,2025-10-16,2.0,"Barradão, Salvador",R. Ceni,28
Santos,PR,0.0,18:20,,2604,Santos,,SP,,Athletico-Pr,,2008-04-10,4.0,Vila Belmiro,,28
Santos,RS,0.0,19:00,4-2-3-1,6103,Santos,Elano,SP,,Gremio,4-2-3-1,2017-11-19,1.0,Estádio Urbano Caldeira,C. Bueno,36
Internacional,PE,0.0,16:00,,1580,Internacional,,RS,,Santa Cruz,,2006-04-23,1.0,Beira Rio,,2
Avai,SP,1.0,18:30,,3096,Avai,,SC,,Gremio Prudente,,2010-05-09,6.0,Ressacada,,1
Empate,PE,2.0,21:50,,3047,Palmeiras,,SP,,Sport,NAN,2009-11-11,,Palestra Itália,,35
Botafogo-Rj,RJ,2.0,21:50,,3532,Sao Paulo,,SP,,Botafogo-Rj,,2011-06-29,0.0,Morumbi,,7
-,RS,2.0,20:30,,410,Fortaleza,,CE,,Gremio,,2003-10-08,2.0,Castelão,,35
Fluminense,SP,1.0,18:15,4-2-3-1,7592,Fluminense,M. De Oliveira,RJ,,Palmeiras,4-2-3-1,2021-11-14,2.0,Maracanã,A. Moreira Ferreira,32
Empate,RJ,1.0,18:30,4-1-4-1,8242,Bahia,R. Alves Paiva,BA,,Vasco,4-1-4-1,2023-09-03,1.0,Itaipava Arena Fonte Nova,,22
Flamengo,RJ,3.0,16:02,4-3-2-1,5582,Chapecoense,L. Saroli Caio Júnior,SC,,Flamengo,,2016-08-28,1.0,Arena Condá,J. Mannarino,22
Empate,SP,3.0,15:59,4-2-3-1,5213,Palmeiras,M. De Oliveira Santos,SP,,Corinthians,4-1-4-1,2015-09-06,3.0,Allianz Parque,A. Bacchi,23
Empate,BA,1.0,20:58,,4758,Corinthians,L. Venker De Menezes,SP,,Bahia,,2014-08-16,1.0,Neo Química Arena,G. Kleina,15
Corinthians,SP,1.0,18:30,,2727,Corinthians,,SP,,Barueri,,2009-05-23,2.0,Pacaembu,,3
Goias,GO,4.0,17:00,,478,Vitoria,,BA,,Goias,,2003-11-02,3.0,Barradão,,40
Santos,PR,0.0,16:01,4-2-3-1,5756,Santos,,SP,,Coritiba,4-3-3,2017-05-20,1.0,Estádio Urbano Caldeira,E. Pacheco,2
Gremio,PR,1.0,16:00,,1780,Gremio,,RS,,Parana,,2006-09-03,2.0,Olímpico,,22
Empate,SC,2.0,20:01,4-1-4-1,6073,Sao Paulo,D. Silvestre Júnior,SP,,Chapecoense,4-4-1-1,2017-11-09,2.0,Estádio Municipal Paulo Machado De Carvalho,G. Kleina,33
Ponte Preta,SP,1.0,20:30,,752,Sao Caetano,,SP,,Ponte Preta,,2004-07-20,0.0,Anacleto Campanella,,17
Corinthians,SP,1.0,16:00,4-2-3-1,5772,Atletico-Go,M. Ribeiro Cabo,GO,,Corinthians,4-1-4-1,2017-05-28,0.0,Estádio Do Governo Do Estado De Goiás (Serra Dourada),F. Carille,3
Empate,RJ,2.0,21:50,,4342,Atletico-Mg,,MG,,Botafogo-Rj,,2013-08-07,2.0,Independência,,12
Fortaleza,RJ,0.0,18:30,3-4-3,8787,Fortaleza,T. Carpini,CE,267643.0,Fluminense,4-3-3,2025-03-29,2.0,"Arena Castelão, Fortaleza",L. Luis Zubeldia,1
Empate,SP,0.0,21:45,4-2-3-1,7923,Internacional,L. Venker De Menezes,RS,,Bragantino,4-2-3-1,2022-09-28,0.0,Estádio José Pinheiro Borda,M. Nogueira Barbieri,28
Palmeiras,BA,2.0,11:02,4-2-3-1,5877,Palmeiras,A. Stival,SP,,Vitoria,4-2-3-1,2017-07-16,4.0,Allianz Parque,A. Tadeu Gallo,14
Botafogo-Rj,RJ,2.0,18:30,,3887,Internacional,,RS,,Botafogo-Rj,,2012-06-16,1.0,Beira Rio,,5
Atletico-Mg,MG,1.0,16:03,4-1-4-1,8023,Corinthians,F. J. Monteiro Almeida,SP,,Atletico-Mg,4-2-3-1,2022-11-13,0.0,Neo Química Arena,A. Stival,38
Cruzeiro,SP,0.0,21:45,4-4-2,6461,Cruzeiro,L. Venker De Menezes,MG,,Corinthians,4-2-3-1,2018-11-14,1.0,Mineirão,J. Ribeiro Ventura,34
Internacional,RJ,1.0,21:46,,6352,Internacional,,RS,,Flamengo,4-2-3-1,2018-09-05,2.0,Estádio José Pinheiro Borda,M. Nogueira Barbieri,23
Guarani,BA,2.0,16:00,,469,Guarani,,SP,,Bahia,,2003-11-01,3.0,Brinco De Ouro,,40
Figueirense,SC,2.0,16:00,,1546,Brasiliense,,DF,,Figueirense,,2005-11-27,0.0,Boca Do Jacaré,,41
Internacional,RS,3.0,18:30,4-2-3-1,8966,Bragantino,V. Mancini,SP,106080.0,Internacional,,2025-08-09,1.0,"Estádio Municipal Cicero De Souza Marques, Bragança Paulista",R. Díaz,19
Fluminense,RJ,2.0,19:10,,2684,Internacional,,RS,,Fluminense,,2008-11-23,0.0,Beira Rio,,36
Palmeiras,SC,0.0,18:59,4-2-3-1,5907,Palmeiras,A. Stival,SP,,Avai,4-2-3-1,2017-07-29,2.0,Allianz Parque,C. Dos Santos Oliveira,17
Bahia,GO,1.0,16:00,,127,Bahia,,BA,,Goias,,2003-06-01,2.0,Fonte Nova,,11
Athletico-Pr,PR,2.0,16:00,,1027,Fluminense,,RJ,,Athletico-Pr,,2004-11-07,1.0,Maracanã,,40
Empate,SP,0.0,21:00,,3965,Flamengo,,RJ,,Portuguesa,,2012-07-26,0.0,Engenhão,,12
Gremio,RS,1.0,19:17,4-1-4-1,6586,Botafogo-Rj,E. De Souza Barroca,RJ,,Gremio,4-2-3-1,2019-06-12,0.0,Estádio Nilton Santos,Renato Gaúcho,9
Cruzeiro,SC,0.0,17:00,,5351,Cruzeiro,,MG,,Joinville,4-2-3-1,2015-11-29,3.0,Mineirão,P. Lopes De Gusmão,37
Empate,SP,1.0,18:10,,2355,Portuguesa,,SP,,Palmeiras,,2008-05-25,1.0,Pacaembu,,3
Empate,RS,0.0,18:31,4-2-3-1,8226,Flamengo,J. Sampaoli Moya,RJ,,Internacional,4-3-3,2023-08-26,0.0,Maracanã,L. González,21
Empate,SC,1.0,16:59,4-2-3-1,6099,Atletico-Go,,GO,,Chapecoense,4-2-3-1,2017-11-19,1.0,Estádio Olímpico Pedro Ludovico Teixeira,G. Kleina,36
Figueirense,RJ,1.0,21:45,,774,Figueirense,,SC,,Fluminense,,2004-07-28,2.0,Orlando Scarpelli,,19
Empate,RS,0.0,15:59,,8236,Goias,A. Evangelista Macedo Freitas,GO,,Internacional,4-2-3-1,2023-09-02,0.0,Estádio Hailé Pinheiro - Serrinha,E. Coudet,22
Fluminense,SP,1.0,16:00,4-2-3-1,8800,Fluminense,,RJ,866231.5,Bragantino,4-2-3-1,2025-04-06,2.0,"Maracanã, Rio De Janeiro",V. Mancini,2
Empate,RJ,0.0,17:05,4-2-3-1,5743,Athletico-Pr,,PR,,Flamengo,4-2-3-1,2016-11-12,0.0,Estádio Joaquim Américo Guimarães,J. Mannarino,38
Vasco,RJ,0.0,16:00,,643,Vasco,,RJ,,Botafogo-Rj,,2004-05-30,4.0,Maracanã,,8
Atletico-Mg,MG,2.0,17:00,,4221,Atletico-Mg,,MG,,Cruzeiro,,2012-12-02,3.0,Independência,,38
Coritiba,PR,2.0,19:00,,3796,Palmeiras,,SP,,Coritiba,,2011-11-06,0.0,Arena Barueri,,33
Flamengo,RJ,2.0,18:31,,4796,Vitoria,N. Da Silveira Júnior,BA,,Flamengo,,2014-08-31,1.0,Barradão,V. Luxemburgo Da Silva,18
Vitoria,BA,1.0,19:00,4-2-3-1,8524,Fluminense,M. A. De Oliveira,RJ,,Vitoria,4-1-4-1,2024-06-27,0.0,Maracanã,T. Carpini Barbosa,12
Botafogo-Rj,RJ,2.0,16:00,,1109,Internacional,,RS,,Botafogo-Rj,,2005-04-24,0.0,Beira Rio,,1
Palmeiras,SC,0.0,16:00,,3509,Palmeiras,,SP,,Avai,,2011-06-19,5.0,Canindé,,5
Flamengo,RJ,3.0,21:50,,1432,Brasiliense,,DF,,Flamengo,,2005-10-05,2.0,Boca Do Jacaré,,30
Empate,PR,1.0,17:05,,4983,Palmeiras,,SP,,Athletico-Pr,,2014-12-07,1.0,Allianz Parque,C. Dos Santos Oliveira,38
Sao Paulo,BA,0.0,16:00,,3861,Sao Paulo,,SP,,Bahia,,2012-05-27,1.0,Morumbi,,2
Juventude,RS,1.0,21:30,4-4-2,7574,Juventude,J. Ribeiro Ventura,RS,,Internacional,4-2-3-1,2021-11-10,2.0,Alfredo Jaconi,D. Aguirre Camblor,31
Santos,SC,1.0,19:32,4-2-3-1,5205,Santos,D. Silvestre Júnior,SP,,Chapecoense,4-3-3,2015-09-03,3.0,Estádio Urbano Caldeira,V. Eutrópio,22
Sao Paulo,BA,0.0,19:00,3-1-4-2,7370,Sao Paulo,H. Crespo,SP,,Bahia,,2021-10-07,1.0,Morumbi,L. Cavalcanti,11
Gremio,SP,2.0,19:30,4-2-3-1,5479,Gremio,R. Machado Marques,RS,,Santos,4-2-3-1,2016-06-29,3.0,Arena Do Grêmio,D. Silvestre Júnior,12
Sao Caetano,SP,0.0,16:00,,1681,Sao Caetano,,SP,,Santos,,2006-07-16,2.0,Anacleto Campanella,,12
Avai,SC,1.0,11:21,,6690,Athletico-Pr,T. Retzalff Nunes,PR,,Avai,4-1-4-1,2019-09-15,0.0,Estádio Joaquim Américo Guimarães,A. Valentim Do Carmo Neto,19
Athletico-Pr,PR,5.0,18:00,,635,Corinthians,,SP,,Athletico-Pr,,2004-05-23,0.0,Pacaembu,,7
Palmeiras,SP,1.0,16:00,,2570,Cruzeiro,,MG,,Palmeiras,,2008-09-14,0.0,Mineirão,,25
Empate,RJ,2.0,22:00,,3323,Gremio,,RS,,Flamengo,,2010-09-22,2.0,Olímpico,,24
Juventude,RS,3.0,18:10,,2179,America-Rn,,RN,,Juventude,,2007-09-01,0.0,Machadão,,23
Gremio,PR,1.0,16:01,4-2-3-1,8141,Gremio,Renato Gaúcho,RS,,Coritiba,3-1-4-2,2023-06-25,5.0,Arena Do Grêmio,A. Zago,12
Sao Paulo,RS,1.0,19:02,4-3-3,7630,Sao Paulo,R. Ceni,SP,,Juventude,4-4-2,2021-12-06,3.0,Morumbi,J. Ribeiro Ventura,37
Empate,CE,1.0,20:01,4-3-3,6605,Fluminense,F. Diniz Silva,RJ,,Ceara,4-1-4-1,2019-07-15,1.0,Maracanã,E. Alves Moreira,10
Empate,RJ,1.0,21:45,,6222,Cruzeiro,L. Venker De Menezes,MG,,Vasco,4-2-3-1,2018-06-06,1.0,Mineirão,V. De Morais Filho,10
Empate,SP,1.0,21:30,4-1-2-1-2,8619,Corinthians,R. Díaz,SP,,Bragantino,4-3-3,2024-08-10,1.0,Neo Química Arena,P. Faria Caixinha,22
Empate,PR,1.0,11:01,4-1-4-1,5859,Chapecoense,V. Eutrópio,SC,,Athletico-Pr,4-1-4-1,2017-07-09,1.0,Arena Condá,E. Baptista,12
Flamengo,RS,0.0,16:00,4-1-4-1,6159,Flamengo,M. Nogueira Barbieri,RJ,,Internacional,4-1-4-1,2018-05-06,2.0,Maracanã,O. Hellmann,4
Palmeiras,PE,0.0,16:00,,3950,Palmeiras,,SP,,Nautico,,2012-07-22,3.0,Arena Barueri,,11
Flamengo,RJ,1.0,19:30,,4194,Nautico,,PE,,Flamengo,,2012-11-11,0.0,Aflitos,,35
Botafogo-Rj,MG,1.0,20:59,4-2-3-1,5442,Botafogo-Rj,R. Gomes Raymundo,RJ,,America-Mg,4-2-3-1,2016-06-15,3.0,Estádio Municipal General Raulino De Oliveira,S. De Oliveira Vieira,8
Empate,SC,0.0,16:00,,1174,Athletico-Pr,,PR,,Figueirense,,2005-06-11,0.0,Couto Pereira*(Pf),,7
Cruzeiro,SP,1.0,19:01,4-3-2-1,5467,Cruzeiro,P. Gomes Bento,MG,,Palmeiras,4-2-3-1,2016-06-25,2.0,Mineirão,A. Stival,11
Gremio,RS,4.0,17:00,,4210,Figueirense,,SC,,Gremio,,2012-11-25,2.0,Orlando Scarpelli,,37
Santos,SP,1.0,13:00,,6968,Ceara,A. Ferreira,CE,,Santos,4-2-3-1,2020-09-05,0.0,Arena Castelã£O,A. Stival,8
Goias,SP,1.0,18:20,,2577,Goias,,GO,,Santos,,2008-09-20,4.0,Serra Dourada,,26
Figueirense,RJ,0.0,16:00,,1990,Figueirense,,SC,,Flamengo,,2007-06-10,4.0,Orlando Scarpelli,,5
Empate,RJ,2.0,21:29,,6963,Santos,A. Stival,SP,,Vasco,4-1-4-1,2020-09-02,2.0,Estádio Urbano Caldeira,R. Menezes Hubner,7
Botafogo-Rj,SP,1.0,17:00,,3080,Botafogo-Rj,,RJ,,Palmeiras,,2009-12-06,2.0,Engenhão,,38
Corinthians,SC,0.0,21:00,,4519,Corinthians,,SP,,Criciuma,,2013-10-19,1.0,Novelli Júnior,,30
Corinthians,SP,1.0,18:30,,3195,Corinthians,,SP,,Guarani,,2010-07-25,3.0,Pacaembu,,11
Empate,MG,0.0,13:23,4-2-3-1,6809,Athletico-Pr,E. De Barros,PR,,Cruzeiro,4-2-3-1,2019-11-06,0.0,Estádio Joaquim Américo Guimarães,A. Da Silva Braga,31
Flamengo,PR,0.0,20:30,,2629,Flamengo,,RJ,,Coritiba,,2008-10-23,5.0,Maracanã,,31
Internacional,PR,0.0,21:29,4-3-3,7776,Internacional,L. Venker De Menezes,RS,,Coritiba,4-2-3-1,2022-06-24,3.0,Estádio José Pinheiro Borda,G. Morínigo,14
Empate,SP,1.0,18:10,,1422,Botafogo-Rj,,RJ,,Sao Paulo,,2005-10-02,1.0,Luso Brasileiro,,29
Coritiba,GO,0.0,16:02,4-2-3-1,7904,Coritiba,A. Ferreira,PR,,Atletico-Go,4-2-3-1,2022-09-11,2.0,Couto Pereira,E. Baptista,26
Coritiba,PR,1.0,19:00,4-2-3-1,7991,Juventude,C. Juarez Roth,RS,,Coritiba,4-1-4-1,2022-02-11,0.0,Alfredo Jaconi,A. Ferreira,35
Santos,SP,1.0,18:33,4-2-3-1,5508,Santos,D. Silvestre Júnior,SP,,Ponte Preta,4-3-2-1,2016-07-16,3.0,Estádio Urbano Caldeira,E. Baptista,15
Santos,SP,1.0,17:00,,6726,Vasco,V. Luxemburgo Da Silva,RJ,,Santos,3-4-3,2019-10-05,0.0,Estádio Vasco Da Gama,J. Sampaoli Moya,23
Empate,RJ,1.0,16:01,4-3-3,6530,Sao Paulo,A. Stival,SP,,Flamengo,4-1-4-1,2019-05-05,1.0,Morumbi,A. Da Silva Braga,3
Athletico-Pr,RJ,0.0,18:00,,816,Athletico-Pr,,PR,,Vasco,,2004-08-08,2.0,Arena Da Baixada,,22
Empate,RJ,0.0,18:10,,2405,Fluminense,,RJ,,Botafogo-Rj,,2008-06-29,0.0,Maracanã,,8
Empate,SC,2.0,21:00,4-2-3-1,5379,Cruzeiro,P. Gomes Bento,MG,,Figueirense,4-1-4-1,2016-05-21,2.0,Mineirão,V. Eutrópio,2
Cruzeiro,RJ,0.0,11:00,4-3-3,5290,Cruzeiro,L. Venker De Menezes,MG,,Fluminense,4-2-3-1,2015-10-18,2.0,Mineirão,E. Baptista,31
Corinthians,SP,3.0,21:45,,2025,Botafogo-Rj,,RJ,,Corinthians,,2007-08-15,2.0,Maracanã,,7
Cruzeiro,SP,0.0,16:00,,1800,Cruzeiro,,MG,,Palmeiras,,2006-09-17,1.0,Mineirão,,24
Atletico-Mg,RJ,1.0,16:00,,3091,Atletico-Mg,,MG,,Vasco,,2010-05-09,2.0,Mineirão,,1
Corinthians,RJ,0.0,20:30,,4554,Corinthians,,SP,,Fluminense,,2013-11-10,1.0,Fonte Luminosa,,33
Athletico-Pr,SP,0.0,18:00,,4550,Athletico-Pr,,PR,,Sao Paulo,,2013-11-10,3.0,Vila Capanema,,33
Empate,SP,0.0,16:00,4-2-3-1,5013,Fluminense,E. Alves Moreira,RJ,,Corinthians,4-2-3-1,2015-05-24,0.0,Maracanã,A. Bacchi,3
Empate,SP,0.0,17:00,,4211,Ponte Preta,,SP,,Sao Paulo,,2012-11-25,0.0,Moisés Lucarelli,,37
Cruzeiro,SC,0.0,16:00,,122,Cruzeiro,,MG,,Criciuma,,2003-05-31,2.0,Mineirão,,11
Empate,SP,1.0,16:00,,182,Sao Paulo,,SP,,Sao Caetano,,2003-07-05,1.0,Morumbi,,16
Athletico-Pr,PR,3.0,20:00,4-3-3,5505,Cruzeiro,P. Gomes Bento,MG,,Athletico-Pr,4-2-3-1,2016-11-07,0.0,Mineirão,P. Autuori De Mello,14
Ponte Preta,PR,0.0,21:00,,4510,Ponte Preta,,SP,,Coritiba,,2013-10-16,1.0,Moisés Lucarelli,,29
Sao Paulo,RS,0.0,16:02,4-2-3-1,8060,Sao Paulo,D. Silvestre Júnior,SP,,Internacional,,2023-05-07,2.0,Morumbi,L. Venker De Menezes,4
Coritiba,PR,2.0,19:30,,4974,Atletico-Mg,L. Culpi,MG,,Coritiba,,2014-11-30,1.0,Estádio Raimundo Sampaio,M. Dos Santos Gonçalves,37
Cruzeiro,SP,0.0,18:10,,1159,Cruzeiro,,MG,,Palmeiras,,2005-05-22,2.0,Mineirão,,5
Fortaleza,CE,3.0,18:31,3-1-4-2,8043,Coritiba,L. De Souza,PR,,Fortaleza,4-4-2,2023-04-23,0.0,Couto Pereira,J. Vojvoda,2
Atletico-Mg,MG,2.0,20:30,,1533,Fluminense,,RJ,,Atletico-Mg,,2005-11-17,0.0,Raulino De Oliveira,,39
Fluminense,PR,1.0,21:00,,3535,Fluminense,,RJ,,Athletico-Pr,,2011-06-30,3.0,Engenhão,,7
Internacional,MG,1.0,21:30,4-2-3-1,7523,Internacional,D. Aguirre Camblor,RS,,America-Mg,4-2-3-1,2021-10-13,3.0,Estádio José Pinheiro Borda,,26
Fluminense,SP,0.0,19:30,4-2-3-1,9103,Fluminense,L. Luis Zubeldia,RJ,595653.5,Mirassol,4-2-3-1,2025-11-06,1.0,"Maracanã, Rio De Janeiro",R. Guanaes,32
Brasiliense,SP,0.0,18:10,,1536,Brasiliense,,DF,,Santos,,2005-11-19,1.0,Mané Garrincha,,40
Santos,SP,1.0,17:00,3-4-3,7556,Athletico-Pr,A. Valentim Do Carmo Neto,PR,,Santos,3-4-3,2021-10-30,0.0,Estã¡Dio Joaquim Amã©Rico Guimarã£Es,F. Carille,29
Empate,MG,0.0,18:00,,3706,Cruzeiro,,MG,,America-Mg,,2011-09-18,0.0,Arena Do Jacaré,,24
Figueirense,SC,4.0,18:20,,2606,Vasco,,RJ,,Figueirense,,2008-10-04,2.0,São Januário,,28
Fluminense,RJ,4.0,20:31,4-4-2,7021,Goias,E. Alves Moreira,GO,,Fluminense,4-2-3-1,2020-10-07,2.0,Estádio Da Serrinha,O. Hellmann,14
-,MG,1.0,19:59,4-2-3-1,7435,Fluminense,M. De Oliveira,RJ,,Atletico-Mg,4-2-3-1,2021-08-23,1.0,Estádio Vasco Da Gama,A. Stival,17
Juventude,MG,0.0,20:30,,2190,Juventude,,RS,,Cruzeiro,,2007-09-05,1.0,Alfredo Jaconi,,24
Santos,SP,2.0,20:00,4-2-3-1,7964,Bragantino,M. Nogueira Barbieri,SP,,Santos,4-2-3-1,2022-10-17,0.0,Nabizão,O. Ribeiro,32
Sport,RJ,1.0,16:00,,2352,Sport,,PE,,Fluminense,,2008-05-25,2.0,Ilha Do Retiro,,3
Corinthians,PR,1.0,21:00,4-2-3-1,6018,Corinthians,F. Carille,SP,,Coritiba,4-1-4-1,2017-10-11,3.0,Neo Química Arena,M. De Oliveira Santos,27
Fluminense,RJ,1.0,18:30,,3486,Atletico-Go,,GO,,Fluminense,,2011-05-29,0.0,Serra Dourada,,2
Empate,SC,1.0,18:10,,2148,Athletico-Pr,,PR,,Figueirense,,2007-08-18,1.0,Kyocera Arena,,20
Palmeiras,SP,3.0,16:00,,1481,Atletico-Mg,,MG,,Palmeiras,,2005-10-30,1.0,Mineirã£O,,35
Palmeiras,SP,3.0,18:30,,2794,Avai,,SC,,Palmeiras,,2009-07-05,0.0,Ressacada,,9
Internacional,RS,1.0,18:31,,4837,Athletico-Pr,C. Dos Santos Oliveira,PR,,Internacional,,2014-09-20,0.0,Estádio Joaquim Américo Guimarães,A. Da Silva Braga,23
Empate,MG,0.0,21:00,,3860,Nautico,,PE,,Cruzeiro,,2012-05-26,0.0,Aflitos,,2
Empate,PR,0.0,20:59,,4609,Chapecoense,G. Dal Pozzo,SC,,Coritiba,,2014-04-19,0.0,Arena  Condá,C. Juarez Roth,1
America-Mg,BA,1.0,20:02,4-2-3-1,6154,America-Mg,E. Alves Moreira,MG,,Vitoria,4-2-3-1,2018-04-30,2.0,Estádio Raimundo Sampaio,V. Carmo Mancini,3
Palmeiras,SP,3.0,17:00,4-2-3-1,6010,Atletico-Go,,GO,,Palmeiras,4-2-3-1,2017-10-15,1.0,Estádio Olímpico Pedro Ludovico Teixeira,A. Valentim Do Carmo Neto,28
Sport,RJ,1.0,15:59,4-2-3-1,5455,Sport,O. De Oliveira Filho,PE,,Fluminense,4-2-3-1,2016-06-19,2.0,Adelmar Da Costa Carvalho,L. Culpi,9
Empate,RS,0.0,19:30,,3429,Santos,,SP,,Gremio,,2010-11-13,0.0,Vila Belmiro,,35
Bahia,PR,0.0,20:30,,3709,Bahia,,BA,,Athletico-Pr,,2011-09-21,1.0,Pituaçu,,25
Corinthians,SP,3.0,16:00,4-4-2,5263,Figueirense,H. Coutinho,SC,,Corinthians,4-1-4-1,2015-09-27,1.0,Orlando Scarpelli,,28
Fluminense,RS,0.0,21:00,,3605,Fluminense,,RJ,,Internacional,,2011-08-04,2.0,Engenhão,,14
Atletico-Mg,PE,1.0,16:00,,1953,Atletico-Mg,,MG,,Nautico,,2007-05-13,2.0,Mineirão,,1
Cruzeiro,RS,1.0,18:00,,556,Cruzeiro,,MG,,Juventude,,2004-04-21,2.0,Ipatingão,,1
-,SP,0.0,18:31,4-4-1-1,5299,Figueirense,H. Coutinho,SC,,Santos,4-2-3-1,2015-10-24,0.0,Orlando Scarpelli,D. Silvestre Júnior,32
Ponte Preta,RJ,2.0,16:00,,1165,Ponte Preta,,SP,,Vasco,,2005-05-29,4.0,Moisés Lucarelli,,6
Empate,RJ,0.0,18:10,,1585,Parana,,PR,,Botafogo-Rj,,2006-04-23,0.0,Pinheirã£O,,2
America-Mg,PE,0.0,11:00,4-1-4-1,6129,America-Mg,E. Alves Moreira,MG,,Sport,4-3-2-1,2018-04-15,3.0,Estádio Raimundo Sampaio,N. Baptista Júnior,1
Athletico-Pr,PR,1.0,15:59,4-2-3-1,5816,Atletico-Go,D. Ghidoni Junior,GO,,Athletico-Pr,4-2-3-1,2017-06-17,0.0,Estádio Olímpico Pedro Ludovico Teixeira,E. Baptista,8
Fluminense,RJ,2.0,20:00,4-2-3-1,6384,Chapecoense,A. Ferreira,SC,,Fluminense,5-4-1,2018-09-24,1.0,Arena Condá,M. De Oliveira Santos,26
Empate,SC,1.0,16:29,3-4-2-1,7886,Juventude,U. Louzer Filho,RS,,Avai,4-2-3-1,2022-09-03,1.0,Alfredo Jaconi,E. De Souza Barroca,25
Goias,RS,1.0,16:00,,2323,Goias,,GO,,Internacional,NAN,2007-12-02,2.0,Serra Dourada,,38
Santos,CE,0.0,18:10,,1599,Santos,,SP,,Fortaleza,,2006-05-06,2.0,Bruno J.Daniel (*Pf),,4
Corinthians,CE,0.0,20:33,4-2-3-1,8000,Corinthians,V. De Oliveira Lopes Pereira,SP,,Ceara,4-5-1,2022-11-05,1.0,Neo Quã­Mica Arena,J. Antonello,36
Vasco,BA,0.0,16:00,,301,Vasco,,RJ,,Vitoria,,2003-08-16,1.0,São Januário,,26
Empate,SP,2.0,16:00,,423,Sao Caetano,,SP,,Santos,,2003-10-11,2.0,Anacleto Campanella,,36
Corinthians,SC,0.0,21:30,4-1-4-1,6851,Corinthians,Coelho,SP,,Avai,4-3-3,2019-11-27,3.0,Neo Química Arena,E. Spinassé Camillato,35
America-Mg,MG,2.0,16:30,4-4-2,7686,Atletico-Mg,A. Mohamed Matijevich,MG,,America-Mg,4-1-4-1,2022-05-07,1.0,Estádio Raimundo Sampaio,V. Carmo Mancini,5
Vasco,RJ,2.0,21:45,4-2-3-1,6020,Avai,C. Dos Santos Oliveira,SC,,Vasco,4-2-3-1,2017-10-11,1.0,Ressacada,J. Mannarino,27
Athletico-Pr,PR,1.0,19:31,,4900,Criciuma,G. Dal Pozzo,SC,,Athletico-Pr,,2014-10-22,0.0,Estádio Heriberto Hülse,C. Dos Santos Oliveira,30
Empate,SC,0.0,16:00,,2860,Corinthians,,SP,,Avai,,2009-08-02,0.0,Pacaembu,,16
Empate,SP,2.0,21:29,4-2-3-1,7325,Gremio,T. Retzalff Nunes,RS,,Santos,4-2-3-1,2021-06-24,2.0,Arena Do Grêmio,F. Diniz Silva,6
Goias,SP,1.0,21:50,,3143,Goias,,GO,,Sao Paulo,,2010-06-02,2.0,Serra Dourada,,6
Goias,MG,0.0,16:00,,1370,Goias,,GO,,Cruzeiro,,2005-09-10,1.0,Serra Dourada,,25
Empate,RS,1.0,18:30,,4094,Flamengo,,RJ,,Gremio,,2012-09-16,1.0,Engenhão,,25
Flamengo,PE,0.0,16:00,4-2-3-1,5983,Flamengo,,RJ,,Sport,4-3-3,2017-09-17,2.0,Luso-Brasileiro,V. Luxemburgo Da Silva,24
Botafogo-Rj,MG,2.0,17:00,4-3-1-2,5667,Botafogo-Rj,J. Ribeiro Ventura,RJ,,Atletico-Mg,4-2-3-1,2016-10-16,3.0,Luso-Brasileiro,M. De Oliveira Santos,31
Santos,BA,1.0,21:40,,487,Santos,,SP,,Vitoria,,2003-11-05,3.0,Vila Belmiro,,41
Ceara,SP,1.0,21:00,4-4-2,7809,Ceara,M. Dos Santos Gonçalves,CE,,Corinthians,4-2-3-1,2022-07-16,3.0,Arena Castelão,F. J. Monteiro Almeida,17
Atletico-Mg,RJ,0.0,19:30,4-2-3-1,6868,Atletico-Mg,V. Carmo Mancini,MG,,Botafogo-Rj,,2019-12-04,2.0,Mineirão,A. Valentim Do Carmo Neto,37
Empate,RJ,2.0,16:17,4-2-3-1,5552,Internacional,Falcao,RS,,Fluminense,4-2-3-1,2016-08-07,2.0,Estádio José Pinheiro Borda,L. Culpi,19
Bahia,SC,1.0,16:00,,4093,Bahia,,BA,,Figueirense,,2012-09-16,2.0,Pituaçu,,25
America-Mg,MG,4.0,19:00,4-1-4-1,7339,Bahia,,BA,,America-Mg,4-2-3-1,2021-06-30,3.0,Estádio De Pituaçu,V. Carmo Mancini,8
Santos,MG,0.0,16:00,,1154,Santos,,SP,,Atletico-Mg,,2005-05-22,3.0,Vila Belmiro,,5
Sao Paulo,SP,1.0,17:02,4-3-3,5362,Goias,,GO,,Sao Paulo,4-2-3-1,2015-12-06,0.0,Estádio Do Governo Do Estado De Goiás (Serra Dourada),M. Cruz,38
Ponte Preta,RJ,0.0,19:15,4-2-3-1,5541,Ponte Preta,E. Baptista,SP,,Botafogo-Rj,4-2-3-1,2016-08-04,2.0,Moisés Lucarelli,R. Gomes Raymundo,18
Santa Cruz,SC,0.0,21:00,4-2-3-1,5441,Santa Cruz,M. Mendes,PE,,Figueirense,4-2-3-1,2016-06-15,1.0,Estádio Do Arruda,V. Eutrópio,8
Juventude,CE,0.0,16:00,4-1-4-1,7831,Juventude,U. Louzer Filho,RS,,Ceara,4-2-3-1,2022-07-24,1.0,Alfredo Jaconi,M. Dos Santos Gonçalves,19
Empate,SP,1.0,18:30,,4484,Bahia,,BA,,Ponte Preta,,2013-10-06,1.0,Fonte Nova,,26
Corinthians,SP,0.0,21:00,4-3-1-2,9049,Corinthians,D. Junior,SP,2727985.4,Mirassol,4-3-3,2025-10-04,3.0,"Neo Química Arena, São Paulo",R. Guanaes,27
Goias,GO,1.0,16:01,4-4-2,6732,Ceara,A. Batista,CE,,Goias,4-3-3,2019-10-06,0.0,Arena Castelão,N. Da Silveira Júnior,23
Atletico-Mg,MG,3.0,16:00,,2101,Parana,,PR,,Atletico-Mg,NAN,2007-07-29,1.0,Durival De Brito,,15
Botafogo-Rj,RJ,1.0,18:30,4-2-3-1,8668,Fluminense,L. Venker De Menezes,RJ,,Botafogo-Rj,4-2-3-1,2024-09-21,0.0,Maracanã,A. Torres Gomes Araújo Amorim,27
Flamengo,RJ,3.0,15:59,4-2-3-1,7462,Palmeiras,A. Moreira Ferreira,SP,,Flamengo,4-2-3-1,2021-09-12,1.0,Allianz Parque,Renato Gaúcho,20
Ponte Preta,SP,1.0,16:00,,667,Botafogo-Rj,,RJ,,Ponte Preta,,2004-06-20,0.0,Caio Martins,,10
Gremio Prudente,SP,2.0,19:30,,3340,Gremio Prudente,,SP,,Guarani,,2010-09-29,4.0,Prudentão,,26
Empate,MG,1.0,15:59,4-1-2-1-2,5397,Cruzeiro,P. Gomes Bento,MG,,America-Mg,4-2-3-1,2016-05-28,1.0,Mineirão,G. De Oliveira,4
Bragantino,RS,0.0,21:30,4-3-3,7256,Bragantino,M. Nogueira Barbieri,SP,,Gremio,4-2-3-1,2021-02-25,1.0,Nabizão,Renato Gaúcho,38
Empate,SP,1.0,16:00,,644,Sao Paulo,,SP,,Corinthians,,2004-05-30,1.0,Morumbi,,8
Empate,RJ,0.0,18:59,4-2-3-1,8346,Internacional,E. Coudet,RS,,Fluminense,4-2-3-1,2023-11-08,0.0,Estádio Beira-Rio,,33
Avai,MG,0.0,19:00,4-3-3,7653,Avai,E. De Souza Barroca,SC,,America-Mg,4-1-4-1,2022-04-10,1.0,Ressacada,M. Dos Santos Gonçalves,1
Bahia,CE,0.0,16:00,,298,Bahia,,BA,,Fortaleza,,2003-08-10,1.0,Fonte Nova,,25
Internacional,RJ,1.0,16:00,4-2-3-1,6818,Internacional,J. Mannarino,RS,,Fluminense,4-4-1-1,2019-11-10,2.0,Estádio José Pinheiro Borda,M. De Oliveira,32
Santos,PA,0.0,16:00,,787,Santos,,SP,,Paysandu,,2004-08-01,6.0,Vila Belmiro,,20
Bragantino,BA,1.0,18:31,4-3-3,8513,Bragantino,P. Faria Caixinha,SP,,Vitoria,5-3-2,2024-06-23,2.0,Nabizão,T. Carpini Barbosa,11
Empate,MG,1.0,21:00,4-2-3-1,6339,Corinthians,O. Loss,SP,,Atletico-Mg,4-2-3-1,2018-09-01,1.0,Neo Química Arena,T. Mendes Larghi,22
Gremio,RS,2.0,16:00,4-2-3-1,6828,Palmeiras,,SP,,Gremio,4-2-3-1,2019-11-24,1.0,Allianz Parque,,34
Gremio,RS,1.0,18:29,,4798,Flamengo,V. Luxemburgo Da Silva,RJ,,Gremio,,2014-09-06,0.0,Maracanã,L. Scolari,19
Internacional,MG,0.0,17:02,4-3-2-1,5357,Internacional,A. Fucks,RS,,Cruzeiro,4-3-3,2015-12-06,2.0,Estádio José Pinheiro Borda,L. Venker De Menezes,38
Palmeiras,SP,0.0,18:30,4-2-3-1,7913,Palmeiras,A. Moreira Ferreira,SP,,Santos,4-4-2,2022-09-18,1.0,Allianz Parque,O. Ribeiro,27
Empate,SP,2.0,16:00,,91,Atletico-Mg,,MG,,Sao Paulo,,2003-11-05,2.0,Mineirão,,8
Palmeiras,SP,2.0,17:05,4-2-3-1,5744,Vitoria,A. Fucks,BA,,Palmeiras,4-3-3,2016-12-11,1.0,Barradão,A. Stival,38
Empate,SP,1.0,21:45,3-5-1-1,5712,Figueirense,M. Dos Santos Gonçalves,SC,,Corinthians,,2016-11-16,1.0,Orlando Scarpelli,O. De Oliveira Filho,35
Empate,RJ,0.0,16:00,,1717,Juventude,,RS,,Vasco,NAN,2006-08-12,0.0,Alfredo Jaconi,,16
Empate,RJ,1.0,18:30,,3393,Vasco,,RJ,,Flamengo,,2010-10-24,1.0,Engenhão,,31
Gremio,PE,0.0,16:00,,1972,Gremio,,RS,,Sport,,2007-05-27,1.0,Olímpico,,3
Sport,BA,0.0,18:30,,2909,Sport,,PE,,Vitoria,,2009-08-22,2.0,Ilha Do Retiro,,21
Empate,RJ,2.0,18:00,,531,Athletico-Pr,,PR,,Vasco,,2003-12-06,2.0,Arena Da Baixada,,45
Cruzeiro,SC,0.0,18:30,,3619,Cruzeiro,,MG,,Avai,,2011-08-13,5.0,Parque Do Sabiá,,16
Palmeiras,RJ,1.0,20:30,,997,Palmeiras,,SP,,Botafogo-Rj,,2004-10-26,2.0,Parque Antártica,,38
Empate,SP,0.0,16:00,4-3-3,6749,Internacional,R. Colbachini,RS,,Santos,4-3-3,2019-10-13,0.0,Estádio José Pinheiro Borda,J. Sampaoli Moya,25
Empate,GO,0.0,18:30,,4295,Criciuma,,SC,,Goias,,2013-07-14,0.0,Heriberto Hulse,,7
Empate,SP,1.0,16:00,4-2-3-1,5471,Vitoria,V. Carmo Mancini,BA,,Ponte Preta,4-1-4-1,2016-06-26,1.0,Barradão,E. Baptista,11
Flamengo,PR,0.0,18:10,,2313,Flamengo,,RJ,,Athletico-Pr,,2007-11-25,2.0,Maracanã,,37
Empate,MG,2.0,19:30,,2167,Parana,,PR,,Cruzeiro,,2007-08-29,2.0,Durival De Brito,,22
Sao Paulo,RJ,1.0,19:30,,4239,Sao Paulo,,SP,,Vasco,,2013-05-29,5.0,Morumbi,,2
Goias,RJ,3.0,18:10,,1439,Goias,,GO,,Vasco,,2005-10-08,4.0,Serra Dourada,,31
Empate,PR,0.0,20:30,,4585,Internacional,,RS,,Coritiba,,2013-11-24,0.0,Centenário (Rs),,36
Cruzeiro,MG,1.0,21:45,4-2-3-1,6019,Gremio,Renato Gaúcho,RS,,Cruzeiro,4-2-3-1,2017-10-11,0.0,Arena Do Grêmio,S. Lobo,27
Fluminense,RJ,2.0,19:00,,3795,Internacional,,RS,,Fluminense,,2011-11-06,1.0,Beira Rio,,33
Atletico-Mg,MG,2.0,21:00,4-3-1-2,8270,Internacional,E. Coudet,RS,,Atletico-Mg,4-2-3-1,2023-09-30,0.0,Estã¡Dio Beira-Rio,L. Scolari,25
Empate,RJ,1.0,17:00,,3086,Coritiba,,PR,,Fluminense,,2009-12-06,1.0,Couto Pereira,,38
Empate,PR,2.0,19:01,4-2-3-1,5876,Corinthians,,SP,,Athletico-Pr,4-2-3-1,2017-07-15,2.0,Neo Química Arena,F. Soares Pessoa,14
Santos,BA,2.0,16:00,4-3-3,6213,Santos,J. Ribeiro Ventura,SP,,Vitoria,4-2-3-1,2018-06-03,5.0,Estádio Urbano Caldeira,V. Carmo Mancini,9
Cruzeiro,PE,0.0,17:02,4-3-3,5327,Cruzeiro,L. Venker De Menezes,MG,,Sport,4-3-3,2015-11-15,3.0,Mineirão,Falcao,35
Figueirense,SC,3.0,19:30,,4148,Internacional,,RS,,Figueirense,,2012-10-17,2.0,Beira Rio,,31
Athletico-Pr,MG,0.0,19:01,4-2-3-1,6449,Athletico-Pr,T. Retzalff Nunes,PR,,Cruzeiro,4-2-3-1,2018-11-10,2.0,Estádio Joaquim Américo Guimarães,L. Venker De Menezes,33
Santos,SP,4.0,16:00,,496,Ponte Preta,,SP,,Santos,,2003-11-09,3.0,Moisés Lucarelli,,42
Ceara,SC,1.0,17:01,4-2-3-1,6636,Ceara,E. Alves Moreira,CE,,Chapecoense,4-4-1-1,2019-08-10,4.0,Arena Castelão,E. Hartkopp,14
Empate,SP,1.0,16:00,,2322,Gremio,,RS,,Corinthians,,2007-12-02,1.0,Olímpico,,38
Goias,GO,1.0,19:30,,4257,Sao Paulo,,SP,,Goias,,2013-06-05,0.0,Morumbi,,4
Goias,GO,0.0,21:00,4-3-3,6928,Goias,,GO,,Atletico-Go,4-2-3-1,2020-08-22,2.0,Estádio Da Serrinha,V. Carmo Mancini,5
Sao Caetano,SP,1.0,16:00,,152,Santos,,SP,,Sao Caetano,,2003-06-15,0.0,Vila Belmiro,,13
Empate,RJ,0.0,19:01,4-3-1-2,6797,Fluminense,,RJ,,Vasco,4-2-3-1,2019-11-02,0.0,Maracanã,V. Luxemburgo Da Silva,30
Flamengo,PA,1.0,18:00,,695,Flamengo,,RJ,,Paysandu,,2004-07-04,4.0,Raulino De Oliveira,,12
Internacional,RS,3.0,18:30,,4408,Ponte Preta,,SP,,Internacional,,2013-09-07,10.0,Moisés Lucarelli,,19
Botafogo-Rj,RJ,1.0,21:45,4-2-3-1,5677,Santa  Cruz,D. Ghidoni Junior,PE,,Botafogo-Rj,4-3-1-2,2016-10-19,0.0,Estádio Do Arruda,J. Ribeiro Ventura,32
Fortaleza,RS,1.0,16:00,,1741,Fortaleza,,CE,,Juventude,,2006-08-20,4.0,Presidente Vargas,,18
Empate,RS,2.0,16:00,,3002,Fluminense,,RJ,,Internacional,,2009-10-18,2.0,Maracanã,,30
Vasco,RJ,1.0,16:00,,168,Fortaleza,,CE,,Vasco,,2003-06-28,0.0,Castelão,,15
Corinthians,SP,1.0,21:00,,4940,Goias,S. Drubscky De Campos,GO,,Corinthians,,2014-11-19,0.0,Mangueirão,L. Venker De Menezes,35
Fluminense,SC,0.0,18:28,,4607,Fluminense,C. Borges Dos Santos,RJ,,Figueirense,,2014-04-19,3.0,Maracanã,V. Eutrópio,1
Avai,SP,0.0,21:00,,2868,Avai,,SC,,Santo Andre,,2009-08-05,1.0,Ressacada,,17
Vasco,RJ,6.0,16:05,4-2-3-1,8982,Santos,J. Vojvoda,SP,4344635.0,Vasco,4-2-3-1,2025-08-17,0.0,"Estádio Urbano Caldeira, Santos",F. Diniz,20
Empate,RS,0.0,21:00,,3994,Ponte Preta,,SP,,Gremio,,2012-08-09,0.0,Moisés Lucarelli,,15
Avai,PE,1.0,18:30,,2887,Avai,,SC,,Nautico,,2009-08-15,,Ressacada,,19
Coritiba,BA,0.0,16:00,,3032,Coritiba,,PR,,Vitoria,,2009-01-11,1.0,Couto Pereira,,33
Flamengo,RJ,3.0,18:59,4-5-1,5757,Atletico-Go,M. Ribeiro Cabo,GO,,Flamengo,4-2-3-1,2017-05-20,0.0,Estádio Do Governo Do Estado De Goiás (Serra Dourada),J. Mannarino,2
Empate,GO,1.0,11:02,3-4-2-1,8528,Atletico-Mg,G. Milito,MG,,Atletico-Go,4-3-3,2024-06-30,1.0,Arena Mrv,A. Gomes,13
Botafogo-Rj,RJ,2.0,18:33,,8908,Vasco,Fernando Diniz Silva,RJ,2707814.0,Botafogo-Rj,4-2-3-1,2025-07-12,0.0,"Mané Garrincha, Brasília",Claudio Roberto Da Silva,13
Sport,SC,0.0,19:30,4-2-3-1,5873,Sport,V. Luxemburgo Da Silva,PE,,Chapecoense,4-1-4-1,2017-07-13,3.0,Arena De Pernambuco,V. Eutrópio,13
Atletico-Mg,RS,1.0,19:31,3-4-3,8465,Atletico-Mg,G. Milito,MG,,Gremio,,2024-10-09,2.0,Arena Mrv,Renato Gaúcho,6
Empate,PR,1.0,11:02,4-2-3-1,5969,Athletico-Pr,F. Soares Pessoa,PR,,Coritiba,4-1-4-1,2017-09-10,1.0,Estádio Joaquim Américo Guimarães,M. De Oliveira Santos,23
Athletico-Pr,RS,0.0,19:30,,2277,Athletico-Pr,,PR,,Gremio,,2007-10-31,2.0,Kyocera Arena,,34
Bahia,SP,0.0,18:31,4-1-2-1-2,8461,Bahia,R. Ceni,BA,,Bragantino,4-3-3,2024-05-12,1.0,Arena Fonte Nova,P. Faria Caixinha,6
Santos,SP,1.0,19:32,4-1-4-1,5685,Chapecoense,,SC,,Santos,4-2-3-1,2016-10-23,0.0,Arena Condá,D. Silvestre Júnior,32
Empate,MG,1.0,17:33,4-2-3-1,8812,Sao Paulo,H. Crespo,SP,1834528.0,Cruzeiro,4-2-3-1,2025-04-13,1.0,"Morumbis, São Paulo",T. Tite,3
Empate,SP,2.0,16:02,4-2-3-1,5275,Ponte Preta,D. Ghidoni Junior,SP,,Corinthians,4-1-4-1,2015-10-04,2.0,Moisã©S Lucarelli,A. Bacchi,29
Atletico-Mg,MG,1.0,16:00,,4291,Corinthians,,SP,,Atletico-Mg,,2013-07-14,0.0,Pacaembu,,7
Athletico-Pr,CE,1.0,19:00,4-2-3-1,7346,Athletico-Pr,A. Cardoso De Oliveira,PR,,Fortaleza,3-4-3,2021-07-03,2.0,Estádio Joaquim Américo Guimarães,J. Vojvoda,9
Empate,PR,1.0,16:00,,429,Juventude,,RS,,Parana,,2003-10-12,1.0,Alfredo Jaconi,,36
Empate,RS,0.0,21:00,4-2-3-1,7049,Sao Paulo,F. Diniz Silva,SP,,Gremio,4-2-3-1,2020-10-17,0.0,Morumbi,Renato Gaúcho,17
Empate,RS,0.0,19:00,4-2-3-1,6344,Cruzeiro,L. Venker De Menezes,MG,,Internacional,4-2-3-1,2018-09-02,0.0,Mineirão,O. Hellmann,22
Bahia,SP,0.0,17:00,,4203,Bahia,,BA,,Ponte Preta,,2012-11-18,1.0,Pituaçu,,36
Vitoria,BA,1.0,16:00,,427,Vitoria,,BA,,Bahia,,2003-10-12,2.0,Barradão,,36
Empate,SP,0.0,18:10,,2235,America-Rn,,RN,,Palmeiras,,2007-09-30,0.0,Machadão,,28
Bahia,PA,0.0,16:00,,100,Bahia,,BA,,Paysandu,,2003-05-18,2.0,Fonte Nova,,9
Empate,RS,1.0,22:00,4-1-4-1,5223,Corinthians,A. Bacchi,SP,,Gremio,,2015-09-09,1.0,Neo Química Arena,R. Machado Marques,24
Bragantino,SP,1.0,11:00,4-3-3,8150,Corinthians,,SP,,Bragantino,4-1-2-1-2,2023-07-02,0.0,Neo Química Arena,P. Faria Caixinha,13
Fluminense,RJ,0.0,18:30,,2756,Fluminense,,RJ,,Botafogo-Rj,,2009-06-07,1.0,Maracanã,,5
Athletico-Pr,RJ,1.0,19:59,4-2-3-1,6434,Athletico-Pr,T. Retzalff Nunes,PR,,Botafogo-Rj,4-2-3-1,2018-10-27,2.0,Estádio Joaquim Américo Guimarães,J. Mannarino,31
Fluminense,RJ,3.0,16:02,,4732,Athletico-Pr,D. Ghidoni Junior,PR,,Fluminense,,2014-07-27,0.0,Estádio Joaquim Américo Guimarães,C. Borges Dos Santos,12
Empate,BA,1.0,19:30,4-1-3-2,8747,Botafogo-Rj,A. Torres Gomes Araújo Amorim,RJ,,Vitoria,5-3-2,2024-11-23,1.0,Estádio Nilton Santos,T. Carpini Barbosa,35
Bahia,BA,2.0,17:58,4-2-3-1,6861,Csa,G. Santos Vasconcelo,AL,,Bahia,4-3-3,2019-12-01,1.0,Estádio Rei Pelé,R. Machado Marques,36
Empate,GO,1.0,16:02,3-4-3,8086,Bahia,R. Alves Paiva,BA,,Goias,4-4-2,2023-05-20,1.0,Itaipava Arena Fonte Nova,E. Rodrigues De Ávila,7
Empate,SC,3.0,20:00,4-2-3-1,6634,Gremio,Renato Gaúcho,RS,,Chapecoense,4-4-1-1,2019-08-05,3.0,Arena Do Grêmio,E. Hartkopp,13
Corinthians,SP,0.0,21:30,4-3-3,7885,Corinthians,V. De Oliveira Lopes Pereira,SP,,Bragantino,4-2-3-1,2022-08-29,1.0,Neo Química Arena,M. Nogueira Barbieri,24
Corinthians,RS,0.0,18:10,,1954,Corinthians,,SP,,Juventude,NAN,2007-05-13,1.0,Morumbi,,1
Empate,MT,1.0,16:01,3-4-2-1,8627,Atletico-Mg,G. Milito,MG,,Cuiaba,,2024-08-17,1.0,Arena Mrv,A. Gonçalves Teixeira,23
Empate,DF,1.0,20:30,,1379,Fluminense,,RJ,,Brasiliense,,2005-10-24,1.0,Raulino De Oliveira,,25
Palmeiras,MG,0.0,21:30,,5457,Palmeiras,A. Stival,SP,,America-Mg,4-2-3-1,2016-06-21,2.0,Allianz Parque,S. De Oliveira Vieira,10
Empate,RS,0.0,20:30,,2066,Figueirense,,SC,,Internacional,,2007-10-04,0.0,Orlando Scarpelli,,29
Athletico-Pr,SP,0.0,19:30,,1747,Athletico-Pr,,PR,,Ponte Preta,,2006-08-23,3.0,Kyocera Arena,,19
Coritiba,MG,0.0,19:30,4-2-3-1,6027,Coritiba,M. De Oliveira Santos,PR,,Cruzeiro,4-2-3-1,2017-10-18,1.0,Couto Pereira,L. Venker De Menezes,29
Flamengo,MG,0.0,21:45,4-2-3-1,6071,Flamengo,R. Rueda Rivera,RJ,,Cruzeiro,4-2-3-1,2017-08-11,2.0,Luso-Brasileiro,L. Venker De Menezes,33
Corinthians,SP,1.0,17:00,,3828,Figueirense,,SC,,Corinthians,,2011-11-27,0.0,Orlando Scarpelli,,37
Sao Paulo,SP,1.0,19:30,,3317,Sao Paulo,,SP,,Guarani,,2010-09-22,2.0,Morumbi,,24
Cruzeiro,SP,2.0,17:01,4-2-3-1,5741,Cruzeiro,L. Venker De Menezes,MG,,Corinthians,4-1-4-1,2016-12-11,3.0,Mineirão,O. De Oliveira Filho,38
Goias,GO,1.0,11:02,4-2-3-1,5010,Palmeiras,O. De Oliveira Filho,SP,,Goias,4-3-1-2,2015-05-24,0.0,Allianz Parque,H. Pinto Dos Anjos,3
Coritiba,RS,0.0,18:33,4-2-3-1,4998,Coritiba,M. Dos Santos Gonçalves,PR,,Gremio,4-2-3-1,2015-05-16,2.0,Couto Pereira,L. Scolari,2
Empate,RJ,2.0,16:00,,9155,Corinthians,Dorival Silvestre Junior,SP,2694558.5,Botafogo-Rj,4-2-3-1,2025-11-30,2.0,"Neo Química Arena, São Paulo",Davide Ancelotti,36
Athletico-Pr,PR,1.0,14:12,4-4-2,6829,Atletico-Mg,V. Carmo Mancini,MG,,Athletico-Pr,4-2-3-1,2019-11-24,0.0,Mineirão,E. De Barros,34
Gremio,RJ,0.0,19:31,4-2-3-1,5332,Gremio,R. Machado Marques,RS,,Fluminense,4-2-3-1,2015-11-19,1.0,Arena Do Grãªmio,E. Baptista,35
Sport,RS,0.0,18:10,,2137,Sport,,PE,,Juventude,,2007-08-11,3.0,Ilha Do Retiro,,19
Empate,PR,0.0,16:00,,3642,Avai,,SC,,Coritiba,,2011-08-21,0.0,Ressacada,,18
Coritiba,SC,0.0,16:02,4-3-3,5931,Coritiba,M. De Oliveira Santos,PR,,Chapecoense,4-4-1-1,2017-08-06,2.0,Couto Pereira,V. Eutrópio,19
Corinthians,SP,2.0,21:30,4-2-3-1,7056,Vasco,R. Andrade Silva Sá Pinto,RJ,,Corinthians,4-1-4-1,2020-10-21,1.0,Estádio Vasco Da Gama,V. Carmo Mancini,18
Cruzeiro,SP,0.0,21:02,4-2-2-2,8998,Cruzeiro,T. Tite,MG,2175177.3,Sao Paulo,3-5-2,2025-08-30,1.0,"Mineirã£O, Belo Horizonte",H. Crespo,22
Flamengo,GO,0.0,16:00,,917,Flamengo,,RJ,,Goias,,2004-09-19,4.0,Raulino De Oliveira,,31
-,RS,1.0,20:00,4-2-3-1,8544,Fluminense,L. Venker De Menezes,RJ,,Internacional,4-2-3-1,2024-07-04,1.0,Maracanã,E. Coudet,14
Empate,SP,1.0,21:00,4-2-3-1,7227,Atletico-Go,M. Ribeiro Cabo,GO,,Santos,4-2-3-1,2021-02-06,1.0,Estádio Antônio Accioly,A. Stival,35
Empate,PE,2.0,15:58,4-2-3-1,5563,Vitoria,V. Carmo Mancini,BA,,Santa Cruz,4-2-3-1,2016-08-14,2.0,Barradão,,20
Flamengo,RJ,2.0,16:00,,4781,Criciuma,W. Lopes,SC,,Flamengo,,2014-08-24,0.0,Estádio Heriberto Hülse,V. Luxemburgo Da Silva,17
Cruzeiro,CE,0.0,19:30,,3319,Cruzeiro,,MG,,Ceara,,2010-09-22,2.0,Arena Do Jacaré,,24
Fluminense,RJ,3.0,18:10,,1148,Brasiliense,,DF,,Fluminense,NAN,2005-05-15,0.0,Boca Do Jacaré,,4
Empate,SP,1.0,16:00,4-2-3-1,8511,Athletico-Pr,A. Stival,PR,,Corinthians,4-2-3-1,2024-06-23,1.0,Ligga Arena,A. Cardoso De Oliveira,11
Sao Paulo,SP,0.0,16:02,4-2-3-1,5404,Sao Paulo,E. Bauza,SP,,Palmeiras,4-2-3-1,2016-05-29,1.0,Morumbi,A. Stival,4
Empate,MG,1.0,19:01,4-2-3-1,8352,Corinthians,L. Venker De Menezes,SP,,Atletico-Mg,4-2-3-1,2023-11-09,1.0,Neo Química Arena,L. Scolari,33
Parana,PR,1.0,16:00,,1205,Fluminense,,RJ,,Parana,,2005-07-02,0.0,Raulino De Oliveira,,10
Empate,MG,0.0,21:50,,3751,Bahia,,BA,,Cruzeiro,,2011-10-12,0.0,Pituaçu,,29
Vasco,RJ,1.0,16:01,4-3-2-1,5956,Fluminense,A. Da Silva Braga,RJ,,Vasco,4-2-3-1,2017-08-26,0.0,Maracanã,V. De Morais Filho,22
Avai,SC,1.0,10:50,4-3-3,5971,Sport,V. Luxemburgo Da Silva,PE,,Avai,4-2-3-1,2017-09-10,0.0,Adelmar Da Costa Carvalho,C. Dos Santos Oliveira,23
Empate,SP,0.0,16:00,,1927,Botafogo-Rj,,RJ,,Corinthians,,2006-11-26,0.0,Maracanã,,37
Empate,MG,2.0,18:30,,3114,Guarani,,SP,,Cruzeiro,,2010-05-23,2.0,Brinco De Ouro,,3
Cruzeiro,RS,0.0,21:50,,2642,Cruzeiro,,MG,,Gremio,,2008-10-29,3.0,Mineirão,,32
Fluminense,SP,0.0,16:00,4-2-3-1,8186,Fluminense,F. Diniz Silva,RJ,,Santos,4-2-3-1,2023-07-29,1.0,Maracanã,P. Turra,17
Fortaleza,SC,2.0,16:01,3-4-1-2,7337,Fortaleza,J. Vojvoda,CE,,Chapecoense,5-4-1,2021-06-30,3.0,Arena  Castelão,J. Ribeiro Ventura,8
Cuiaba,SP,0.0,18:32,4-3-3,8154,Cuiaba,B. Lazaroni,MT,,Santos,4-2-3-1,2023-07-02,3.0,Arena Pantanal,P. Turra,13
Juventude,RS,2.0,19:03,4-3-3,7594,Chapecoense,F. Paiva Endres,SC,,Juventude,4-2-3-1,2021-11-14,0.0,Arena Condá,J. Ribeiro Ventura,32
Internacional,RS,1.0,18:30,,2729,Goias,,GO,,Internacional,,2009-05-23,0.0,Serra Dourada,,3
Joinville,MG,0.0,20:59,4-3-2-1,5165,Joinville,P. Lopes De Gusmão,SC,,Cruzeiro,4-2-3-1,2015-08-13,3.0,Arena Joinville,V. Luxemburgo Da Silva,18
Flamengo,RJ,3.0,19:30,,3529,America-Mg,,MG,,Flamengo,,2011-06-29,2.0,Arena Do Jacaré,,7
Goias,RJ,0.0,16:01,,6552,Goias,C. Dos Santos Oliveira,GO,,Botafogo-Rj,4-1-4-1,2019-05-19,1.0,Estádio Do Governo Do Estado De Goiás (Serra Dourada),E. De Souza Barroca,5
Empate,PR,2.0,20:59,4-2-3-1,7680,Atletico-Mg,A. Mohamed Matijevich,MG,,Coritiba,4-2-3-1,2022-04-23,2.0,Estádio Raimundo Sampaio,G. Morínigo,3
Santos,MG,2.0,21:50,,3993,Santos,,SP,,Cruzeiro,,2012-08-08,4.0,Vila Belmiro,,15
Vasco,RJ,4.0,22:00,,2627,Goias,,GO,,Vasco,,2008-10-22,2.0,Serra Dourada,,31
Botafogo-Rj,SC,0.0,18:30,,3229,Botafogo-Rj,,RJ,,Avai,,2010-08-21,1.0,Engenhão,,15
Atletico-Go,GO,2.0,18:15,,7421,Bahia,L. Cavalcanti,BA,,Atletico-Go,4-2-3-1,2021-08-15,1.0,Estádio De Pituaçu,E. De Souza Barroca,16
Sao Caetano,SP,1.0,16:00,,806,Santos,,SP,,Sao Caetano,,2004-08-07,0.0,Vila Belmiro,,22
Empate,PR,2.0,16:00,,4620,Vitoria,N. Da Silveira Júnior,BA,,Athletico-Pr,,2014-04-27,2.0,Estádio  De  Pituaçu,M. Portugal Vicario,2
Botafogo-Rj,SC,0.0,18:00,,4602,Botafogo-Rj,,RJ,,Criciuma,,2013-12-08,3.0,Maracanã,,38
Flamengo,PR,0.0,18:30,4-2-3-1,5547,Flamengo,J. Mannarino,RJ,,Athletico-Pr,4-2-3-1,2016-08-06,1.0,Kléber Andrade,P. Autuori De Mello,19
Sport,PR,0.0,16:01,,4841,Sport,E. Baptista,PE,,Coritiba,,2014-09-21,1.0,Adelmar Da Costa Carvalho,M. Dos Santos Gonçalves,23
Atletico-Mg,SP,1.0,18:00,,3786,Atletico-Mg,,MG,,Palmeiras,,2011-10-30,2.0,Arena Do Jacaré,,32
Gremio,PR,0.0,16:00,,3551,Gremio,,RS,,Coritiba,,2011-07-10,2.0,Olímpico,,9
Empate,MG,1.0,16:00,4-2-3-1,8271,Cruzeiro,J. Mannarino,MG,,America-Mg,5-4-1,2023-10-01,1.0,Mineirão,F. Bustos,25
Empate,PR,2.0,20:30,,1246,Cruzeiro,,MG,,Coritiba,,2005-07-21,2.0,Mineirão,,13
Vasco,RJ,3.0,20:00,4-1-4-1,6924,Ceara,A. Ferreira,CE,,Vasco,4-4-2,2020-08-20,0.0,Arena Castelão,R. Menezes Hubner,4
Palmeiras,SP,1.0,18:10,,2054,Nautico,,PE,,Palmeiras,NAN,2007-07-07,0.0,Aflitos,,10
Coritiba,CE,0.0,20:30,,1346,Coritiba,,PR,,Fortaleza,NAN,2005-08-25,2.0,Couto Pereira,,22
Cruzeiro,MG,7.0,16:00,,548,Bahia,,BA,,Cruzeiro,,2003-12-14,0.0,Fonte Nova,,46
Sao Paulo,RS,0.0,21:50,,3023,Sao Paulo,,SP,,Internacional,,2009-10-28,1.0,Morumbi,,32
Empate,RJ,1.0,18:30,,3353,Botafogo-Rj,,RJ,,Flamengo,,2010-10-02,1.0,Engenhão,,27
Nautico,SP,0.0,21:50,,4012,Nautico,,PE,,Sao Paulo,,2012-08-15,3.0,Aflitos,,17
Santos,SC,0.0,16:00,,38,Santos,,SP,,Figueirense,,2003-04-12,2.0,Vila Belmiro,,3
Goias,BA,0.0,19:29,,4936,Goias,S. Drubscky De Campos,GO,,Bahia,,2014-11-09,3.0,Estádio Do Governo Do Estado De Goiás (Serra Dourada),G. Kleina,33
Empate,SP,2.0,19:30,4-3-3,8963,Vitoria,J. Ventura,BA,573808.0,Palmeiras,4-2-3-1,2025-08-03,2.0,"Barradão, Salvador",A. Ferreira,18
Gremio,RS,4.0,18:20,,2509,Atletico-Mg,,MG,,Gremio,,2008-08-09,0.0,Mineirão,,19
Paysandu,PR,1.0,20:30,,1445,Paysandu,,PA,,Coritiba,,2005-10-11,2.0,Curuzu*(Pf),,31
Cruzeiro,MG,4.0,16:00,,2583,Figueirense,,SC,,Cruzeiro,,2008-09-21,3.0,Orlando Scarpelli,,26
Empate,DF,1.0,20:30,,1309,Santos,,SP,,Brasiliense,,2005-08-11,1.0,Vila Belmiro,,19
Sport,RJ,0.0,21:45,4-3-3,5791,Sport,V. Luxemburgo Da Silva,PE,,Flamengo,4-2-3-1,2017-06-07,2.0,Adelmar Da Costa Carvalho,J. Mannarino,5
Atletico-Mg,RJ,0.0,19:00,4-2-3-1,6497,Atletico-Mg,L. Culpi,MG,,Botafogo-Rj,4-2-3-1,2018-12-01,1.0,Estádio Raimundo Sampaio,J. Mannarino,38
Empate,RJ,0.0,19:30,,3937,Santos,,SP,,Botafogo-Rj,,2012-07-18,0.0,Vila Belmiro,,10
Goias,PE,1.0,21:50,,4343,Goias,,GO,,Nautico,,2013-08-07,2.0,Serra Dourada,,12
Athletico-Pr,PR,0.0,18:10,,1224,Athletico-Pr,,PR,,Coritiba,,2005-07-10,1.0,Arena Da Baixada,,11
Paysandu,SP,0.0,20:30,,751,Paysandu,,PA,,Palmeiras,,2004-07-20,1.0,Mangueirão,,17
Parana,RS,0.0,16:00,,438,Parana,,PR,,Internacional,,2003-10-19,4.0,Couto Pereira,,37
Vasco,MG,0.0,11:00,,8221,Vasco,R. Díaz,RJ,,Atletico-Mg,4-2-3-1,2023-08-20,1.0,Maracanã,A. C. Pracidelli,20
Athletico-Pr,PR,1.0,18:31,4-1-4-1,8533,Vitoria,T. Carpini Barbosa,BA,,Athletico-Pr,4-2-3-1,2024-06-30,0.0,Barradão,J. Antonello,13
Goias,PR,0.0,21:00,,2849,Goias,,GO,,Athletico-Pr,,2009-07-29,3.0,Serra Dourada,,15
Goias,SP,1.0,18:10,,1175,Goias,,GO,,Palmeiras,,2005-06-11,2.0,Serra Dourada,,7
Empate,RJ,2.0,20:00,4-2-3-1,7475,Cuiaba,,MT,,Fluminense,4-3-3,2021-09-20,2.0,Arena Pantanal,M. De Oliveira,21
Athletico-Pr,RJ,3.0,17:00,,2700,Athletico-Pr,,PR,,Flamengo,,2008-12-07,5.0,Kyocera Arena,,38
Empate,SP,0.0,17:00,,4225,Portuguesa,,SP,,Ponte Preta,,2012-02-12,0.0,Canindé,,38
Fluminense,MG,0.0,16:01,,6421,Fluminense,M. De Oliveira Santos,RJ,,Atletico-Mg,4-2-3-1,2018-10-21,1.0,Estã¡Dio Nilton Santos,L. Culpi,30
Santos,PR,0.0,20:30,,2136,Santos,,SP,,Parana,,2007-08-09,2.0,Vila Belmiro,,18
Empate,SP,1.0,21:50,,2482,Figueirense,,SC,,Sao Paulo,,2008-07-30,1.0,Orlando Scarpelli,,16
Empate,RJ,2.0,21:50,,3873,Ponte Preta,,SP,,Flamengo,,2012-06-06,2.0,Moisés Lucarelli,,3
Empate,SP,1.0,18:30,,2707,Sport,,PE,,Barueri,,2009-05-09,1.0,Ilha Do Retiro,,1
Empate,BA,1.0,18:33,,4646,Bahia,M. Dos Santos Gonçalves,BA,,Vitoria,,2014-05-11,10.0,Itaipava Arena Fonte Nova,N. Da Silveira Júnior,4
Goias,MG,0.0,16:00,,327,Goias,,GO,,Cruzeiro,,2003-08-23,1.0,Serra Dourada,,28
Athletico-Pr,SC,1.0,16:00,,1040,Athletico-Pr,,PR,,Criciuma,,2004-11-14,6.0,Arena Da Baixada,,41
Empate,SP,1.0,20:30,,2075,Corinthians,,SP,,Sao Paulo,,2007-07-14,1.0,Morumbi,,11
Vasco,RJ,1.0,21:50,,1005,Coritiba,,PR,,Vasco,,2004-10-27,0.0,Couto Pereira,,38
Atletico-Mg,PR,2.0,16:00,,2865,Atletico-Mg,,MG,,Coritiba,,2009-08-02,3.0,Mineirão,,16
Empate,RJ,2.0,18:30,,3235,Vasco,,RJ,,Fluminense,,2010-08-22,2.0,Maracanã,,15
Fortaleza,CE,1.0,20:30,,1871,Santa Cruz,,PE,,Fortaleza,,2006-10-26,0.0,Arruda,,31
Empate,RJ,1.0,16:00,,4331,Ponte Preta,,SP,,Fluminense,,2013-08-04,1.0,Moisés Lucarelli,,11
Cruzeiro,MG,1.0,21:01,4-2-3-1,8375,Goias,M. Henrique,GO,,Cruzeiro,4-3-2-1,2023-11-27,0.0,Estádio Hailé Pinheiro - Serrinha,P. Autuori De Mello,35
Empate,RS,2.0,16:00,,535,Santos,,SP,,Gremio,,2003-12-07,2.0,Vila Belmiro,,45
Empate,RJ,1.0,19:00,4-2-3-1,7647,Atletico-Go,U. Louzer Filho,GO,,Flamengo,3-2-4-1,2022-04-09,1.0,Estã¡Dio Antã´Nio Accioly,P. Carvalho De Sousa,1
Chapecoense,BA,1.0,20:02,4-1-4-1,6092,Chapecoense,G. Kleina,SC,,Vitoria,4-2-3-1,2017-11-16,2.0,Arena Condá,V. Carmo Mancini,35
Juventude,RS,0.0,21:30,4-2-3-1,7342,Juventude,M. Dos Santos Gonçalves,RS,,Gremio,4-3-3,2021-06-30,2.0,Alfredo Jaconi,T. Retzalff Nunes,8
Guarani,SP,1.0,20:30,,586,Vasco,,RJ,,Guarani,,2004-04-29,0.0,São Januário,,3
Nautico,PE,2.0,18:30,,3036,Nautico,,PE,,Sport,,2009-11-01,3.0,Aflitos,,33
Cruzeiro,MG,2.0,21:00,,4418,Goias,,GO,,Cruzeiro,,2013-09-11,1.0,Serra Dourada,,20
Empate,SC,1.0,16:00,4-2-3-1,5511,Figueirense,A. Fucks,SC,,Chapecoense,4-3-2-1,2016-07-17,1.0,Orlando Scarpelli,L. Saroli Caio Júnior,15
Empate,CE,1.0,18:10,,1704,Goias,,GO,,Fortaleza,,2006-07-30,1.0,Serra Dourada,,14
Flamengo,RJ,1.0,12:57,4-4-2,6907,Coritiba,E. De Souza Barroca,PR,,Flamengo,4-2-3-1,2020-08-15,0.0,Couto Pereira,D. Torrent Font,3
Palmeiras,BA,1.0,15:59,4-2-3-1,5550,Palmeiras,A. Stival,SP,,Vitoria,4-2-3-1,2016-08-07,,Allianz Parque,V. Carmo Mancini,19
Flamengo,MG,2.0,21:30,,491,Flamengo,,RJ,,Atletico-Mg,,2003-11-06,3.0,Maracanã,,41
Fluminense,BA,0.0,19:00,4-1-4-1,6747,Fluminense,M. De Oliveira,RJ,,Bahia,4-3-3,2019-10-12,2.0,Maracanã,R. Machado Marques,25
Gremio,MG,0.0,19:15,4-2-3-1,6872,Gremio,Renato Gaúcho,RS,,Cruzeiro,4-1-4-1,2019-05-12,2.0,Arena Do Grêmio,A. Batista,37
Avai,SC,3.0,18:30,,2838,Athletico-Pr,,PR,,Avai,,2009-07-25,1.0,Arena Da Baixada,,14
Empate,MG,1.0,18:10,,2267,Fluminense,,RJ,,Atletico-Mg,,2007-10-27,1.0,Maracanã,,33
Flamengo,MG,1.0,22:00,,4773,Flamengo,V. Luxemburgo Da Silva,RJ,,Atletico-Mg,,2014-08-20,2.0,Maracanã,L. Culpi,16
Gremio,RS,1.0,16:00,,6386,Fluminense,M. De Oliveira Santos,RJ,,Gremio,4-2-3-1,2018-09-29,0.0,Estádio Nilton Santos,Renato Gaúcho,27
Flamengo,RJ,2.0,17:00,4-2-3-1,6488,Cruzeiro,L. Venker De Menezes,MG,,Flamengo,4-2-3-1,2018-11-25,0.0,Mineirão,D. Silvestre Júnior,37
Atletico-Mg,CE,1.0,16:30,4-2-3-1,7507,Atletico-Mg,A. Stival,MG,,Ceara,4-2-3-1,2021-10-09,3.0,Mineirão,T. Retzalff Nunes,25
Cruzeiro,MG,2.0,21:00,,2904,Flamengo,,RJ,,Cruzeiro,,2009-08-20,1.0,Maracanã,,20
Internacional,RS,1.0,18:00,4-2-3-1,7961,Botafogo-Rj,L. Castro,RJ,,Internacional,4-2-3-1,2022-10-16,0.0,Estádio Nilton Santos,L. Venker De Menezes,32
Barueri,GO,1.0,18:30,,2945,Barueri,,SP,,Goias,,2009-09-13,3.0,Arena Barueri,,24
Gremio,PE,1.0,18:10,,1917,Gremio,,RS,,Santa Cruz,,2006-11-18,3.0,Olímpico,,36
Fluminense,MG,0.0,21:00,,3186,Fluminense,,RJ,,Cruzeiro,,2010-07-22,1.0,Maracanã,,10
Flamengo,SP,0.0,17:00,4-2-3-1,5732,Flamengo,J. Mannarino,RJ,,Santos,4-2-3-1,2016-11-27,2.0,Maracanã,D. Silvestre Júnior,37
Atletico-Mg,CE,0.0,16:00,3-4-2-1,9077,Atletico-Mg,J. Sampaoli,MG,1576358.69,Ceara,4-2-3-1,2025-10-25,1.0,"Arena Mrv, Belo Horizonte",M. Mozart,30
Botafogo-Rj,SP,1.0,16:04,,8782,Botafogo-Rj,A. Torres Gomes Araújo Amorim,RJ,,Sao Paulo,,2024-12-08,2.0,Estádio Nilton Santos,L. Zubeldía,38
Coritiba,MG,1.0,18:30,,4234,Coritiba,,PR,,Atletico-Mg,,2013-05-26,2.0,Couto Pereira,,1
Empate,SP,1.0,16:30,3-4-3,8047,Coritiba,A. Zago,PR,,Sao Paulo,4-2-3-1,2023-04-29,1.0,Couto Pereira,D. Silvestre Júnior,3
Empate,CE,1.0,20:00,4-2-3-1,8065,Corinthians,,SP,,Fortaleza,4-2-3-1,2023-05-08,1.0,Neo Química Arena,J. Vojvoda,4
Internacional,RJ,0.0,18:30,3-4-1-2,9046,Internacional,Ramon Angel Diaz,RS,992481.5,Botafogo-Rj,4-2-3-1,2025-10-04,2.0,"Estádio  Beira-Rio,  Porto  Alegre",Davide Ancelotti,27
Cruzeiro,BA,1.0,18:20,,2519,Cruzeiro,,MG,,Vitoria,,2008-08-16,2.0,Mineirão,,20
Empate,RS,0.0,16:00,,398,Paysandu,,PA,,Internacional,,2003-10-04,0.0,Mangueirão,,34
Cruzeiro,MG,1.0,18:10,,1326,Sao Caetano,,SP,,Cruzeiro,,2005-08-20,0.0,Anacleto Campanella,,21
Empate,PR,2.0,18:30,,4278,Flamengo,,RJ,,Coritiba,,2013-07-06,2.0,Manã© Garrincha,,6
Fluminense,PR,1.0,16:00,,121,Fluminense,,RJ,,Athletico-Pr,,2003-05-31,2.0,Édson Passos,,11
Ipatinga,SP,1.0,18:20,,2457,Ipatinga,,MG,,Portuguesa,,2008-07-19,4.0,Ipatingã£O,,13
Internacional,GO,1.0,16:00,,3951,Internacional,,RS,,Atletico-Go,,2012-07-22,4.0,Beira Rio,,11
Santos,SP,1.0,16:00,4-3-3,8081,Vasco,M. Nogueira Barbieri,RJ,,Santos,4-2-3-1,2023-05-14,0.0,Estádio São Januário,O. Hellmann,6
Juventude,PR,0.0,18:10,,1567,Juventude,,RS,,Parana,,2006-04-15,1.0,Alfredo Jaconi,,1
Empate,RJ,1.0,18:10,,1985,Vasco,,RJ,,Fluminense,,2007-06-03,1.0,Maracanã£,,4
Atletico-Mg,CE,1.0,21:45,4-1-4-1,6245,Atletico-Mg,T. Mendes Larghi,MG,,Ceara,5-4-1,2018-06-13,2.0,Estádio Raimundo Sampaio,L. Cirne Lima De Lorenzi,12
Empate,SP,0.0,18:00,3-4-3,7883,Cuiaba,A. Cardoso De Oliveira,MT,,Santos,4-3-3,2022-08-28,0.0,Arena Pantanal,L. Cirne Lima De Lorenzi,24
Gremio,SP,2.0,21:30,4-2-3-1,9147,Gremio,L. Castro,RS,1314249.0,Palmeiras,4-2-3-1,2025-11-25,3.0,"Arena Do Grêmio, Porto Alegre",A. Ferreira,36
Santos,RJ,0.0,21:30,,7822,Santos,M. Fernandes,SP,,Botafogo-Rj,4-2-3-1,2022-07-20,2.0,Estádio Urbano Caldeira,L. Castro,18
Empate,RS,1.0,18:10,,2186,Nautico,,PE,,Internacional,,2007-09-02,1.0,Aflitos,,23
Empate,SC,1.0,21:00,,3286,Gremio Prudente,,SP,,Avai,,2010-09-09,1.0,Prudentão,,20
Vitoria,RS,1.0,16:01,4-1-4-1,8489,Vitoria,T. Carpini Barbosa,BA,,Internacional,4-2-3-1,2024-06-16,2.0,Barradão,E. Coudet,9
Bragantino,PR,0.0,18:31,4-2-3-1,8582,Bragantino,P. Faria Caixinha,SP,,Athletico-Pr,4-2-3-1,2024-07-21,1.0,Nabizão,M. Varini Di Zioli,18
Vitoria,PR,1.0,17:00,,574,Vitoria,,BA,,Parana,,2004-04-25,,Barradão,,2
Internacional,SP,1.0,21:00,4-2-3-1,5596,Internacional,C. Juarez Roth,RS,,Santos,4-2-3-1,2016-09-08,2.0,Estádio José Pinheiro Borda,D. Silvestre Júnior,23
Bragantino,SP,1.0,21:01,3-5-2,9109,Sao Paulo,H. Crespo,SP,645135.0,Bragantino,4-2-3-1,2025-11-08,0.0,"Estádio Urbano Caldeira, Santos",V. Mancini,33
Empate,PR,1.0,16:00,,982,Athletico-Pr,,PR,,Parana,,2004-10-17,1.0,Arena Da Baixada,,36
Empate,SP,0.0,21:30,4-2-3-1,7517,Bahia,A. Ferreira,BA,,Palmeiras,4-4-2,2021-10-12,0.0,Itaipava Arena Fonte Nova,A. Moreira Ferreira,26
Empate,RJ,2.0,16:00,,1419,Internacional,,RS,,Fluminense,,2005-10-02,2.0,Beira Rio,,29
Empate,SP,1.0,16:00,,536,Flamengo,,RJ,,Ponte Preta,,2003-12-07,1.0,Maracanã,,45
Figueirense,GO,1.0,19:30,,4129,Figueirense,,SC,,Atletico-Go,,2012-10-10,3.0,Orlando Scarpelli,,29
Santos,RJ,0.0,18:00,,4583,Santos,,SP,,Fluminense,,2013-11-24,1.0,Prudentão,,36
Fluminense,SP,0.0,19:30,4-2-3-1,5066,Fluminense,E. Alves Moreira,RJ,,Ponte Preta,,2015-06-24,2.0,Maracanã,A. Ferreira,8
Ceara,SP,0.0,19:01,4-4-2,6608,Ceara,E. Alves Moreira,CE,,Palmeiras,4-2-3-1,2019-07-20,2.0,Arena Castelão,L. Scolari,11
Empate,SC,3.0,16:00,,1302,Vasco,,RJ,,Figueirense,,2005-10-12,3.0,São Januário,,18
Gremio,RS,2.0,19:16,4-3-1-2,6984,Bahia,C. Prates,BA,,Gremio,4-2-3-1,2020-09-10,0.0,Estádio De Pituaçu,Renato Gaúcho,9
Empate,SP,0.0,16:00,,2580,Sport,,PE,,Sao Paulo,,2008-09-21,0.0,Ilha Do Retiro,,26
Bragantino,SP,0.0,18:31,4-3-3,8427,Bragantino,,SP,,Corinthians,4-2-3-1,2024-04-20,1.0,Nabizão,A. Cardoso De Oliveira,3
Cruzeiro,MG,3.0,16:00,,3272,Palmeiras,,SP,,Cruzeiro,,2010-09-05,2.0,Pacaembu,,19
Empate,SP,1.0,18:20,,2635,Nautico,,PE,,Portuguesa,NAN,2008-10-25,1.0,Aflitos,,31
Juventude,RS,2.0,20:04,4-2-3-1,8770,Sao Paulo,L. Zubeldía,SP,,Juventude,4-2-3-1,2024-12-04,1.0,Morumbis,F. Matias,37
Vasco,RJ,1.0,20:30,,1868,Vasco,,RJ,,Flamengo,,2006-10-26,3.0,Maracanã£,,31
Empate,RJ,2.0,20:30,,1458,Sao Caetano,,SP,,Fluminense,,2005-10-21,2.0,Anacleto Campanella,,33
Palmeiras,SP,1.0,18:10,,1789,Palmeiras,,SP,,Sao Caetano,,2006-09-09,3.0,Parque Antártica,,23
Empate,CE,2.0,16:00,,1928,Juventude,,RS,,Fortaleza,,2006-11-26,2.0,Alfredo Jaconi,,37
Bahia,RJ,0.0,16:00,,4114,Bahia,,BA,,Botafogo-Rj,,2012-09-30,2.0,Pituaçu,,27
Vasco,RS,0.0,16:00,,2522,Vasco,,RJ,,Internacional,,2008-08-17,4.0,São Januário,,20
Empate,SP,2.0,21:33,4-2-3-1,8920,Bragantino,V. Mancini,SP,236340.0,Sao Paulo,5-3-2,2025-07-16,2.0,"Estádio  Municipal  Cicero  De  Souza  Marques,  Bragança  Paulista",H. Crespo,14
Santa Cruz,RS,0.0,16:00,,1823,Santa Cruz,,PE,,Juventude,,2006-09-24,1.0,Arruda,,26
Empate,BA,1.0,16:59,4-2-3-1,6081,Gremio,,RS,,Vitoria,4-3-3,2017-11-12,1.0,Alfredo Jaconi,V. Carmo Mancini,34
Sport,RJ,1.0,18:30,,2930,Sport,,PE,,Botafogo-Rj,,2009-09-05,2.0,Ilha Do Retiro,,23
Santos,SP,2.0,18:00,,51,Flamengo,,RJ,,Santos,,2003-04-19,0.0,Maracanã,,5
Empate,MT,0.0,19:00,4-3-3,8700,Atletico-Go,U. Louzer Filho,GO,,Cuiaba,3-4-3,2024-10-18,0.0,Estã¡Dio Antã´Nio Accioly - Atlã©Tico Goianiense,,30
America-Mg,SP,0.0,20:02,4-1-4-1,5696,America-Mg,,MG,,Sao Paulo,4-2-3-1,2016-10-31,1.0,Estádio Raimundo Sampaio,R. Gomes Raymundo,33
Palmeiras,PE,1.0,15:59,4-2-3-1,5447,Palmeiras,A. Stival,SP,,Santa Cruz,4-2-3-1,2016-06-18,3.0,Allianz Parque,M. Mendes,9
Athletico-Pr,SP,0.0,16:00,,470,Athletico-Pr,,PR,,Sao Caetano,,2003-11-01,1.0,Arena Da Baixada,,40
Sao Paulo,BA,1.0,20:30,,2630,Sao Paulo,,SP,,Vitoria,,2008-10-23,2.0,Morumbi,,31
Santos,RJ,1.0,21:01,4-2-3-1,5650,Santos,D. Silvestre Júnior,SP,,Fluminense,4-3-3,2016-10-05,2.0,Estádio  Urbano  Caldeira,L. Culpi,29
Empate,MG,1.0,20:31,4-2-3-1,7443,Bragantino,M. Nogueira Barbieri,SP,,Atletico-Mg,4-2-3-1,2021-08-29,1.0,Nabizão,A. Stival,18
Empate,RJ,0.0,19:19,4-2-3-1,6744,Avai,A. Valentim Do Carmo Neto,SC,,Vasco,4-2-3-1,2019-10-10,0.0,Ressacada,V. Luxemburgo Da Silva,24
Sao Paulo,SP,0.0,16:01,4-2-3-1,6180,Sao Paulo,D. Aguirre Camblor,SP,,Santos,4-2-3-1,2018-05-20,1.0,Morumbi,J. Ribeiro Ventura,6
Palmeiras,RJ,0.0,21:30,4-2-3-1,7092,Palmeiras,A. Moreira Ferreira,SP,,Fluminense,4-3-3,2020-11-14,2.0,Allianz Parque,O. Hellmann,21
Santos,SC,1.0,18:10,,1859,Santos,,SP,,Figueirense,,2006-10-21,2.0,Vila Belmiro,,30
Juventude,RS,2.0,16:00,,866,Parana,,PR,,Juventude,,2004-08-28,1.0,Pinheirã£O,,27
Sport,GO,0.0,20:03,4-2-3-1,5894,Sport,V. Luxemburgo Da Silva,PE,,Atletico-Go,4-3-3,2017-07-20,4.0,Adelmar Da Costa Carvalho,D. Ghidoni Junior,15
Corinthians,SP,0.0,16:00,3-5-1-1,8869,Corinthians,D. Junior,SP,3429158.0,Santos,4-2-3-1,2025-05-18,1.0,"Neo Química Arena, São Paulo",J. Vojvoda,9
Fluminense,RJ,1.0,22:01,,4905,Santos,E. Alves Moreira,SP,,Fluminense,,2014-10-22,0.0,Estádio Urbano Caldeira,C. Borges Dos Santos,30
Atletico-Mg,PE,1.0,21:00,,3899,Atletico-Mg,,MG,,Nautico,,2012-06-23,5.0,Independência,,6
Empate,PR,1.0,18:32,,8099,Cuiaba,A. Cardoso De Oliveira,MT,,Coritiba,3-4-1-2,2023-05-27,1.0,Arena Pantanal,A. Zago,8
Empate,BA,0.0,21:01,4-2-3-1,6229,Corinthians,O. Loss,SP,,Vitoria,4-2-3-1,2018-06-09,0.0,Neo Quã­Mica Arena,V. Carmo Mancini,11
Empate,BA,1.0,19:30,4-2-3-1,5917,Chapecoense,V. Eutrópio,SC,,Bahia,4-2-3-1,2017-08-02,1.0,Arena Condá,C. Casagrande,18
Sao Paulo,SP,0.0,16:00,,426,Sao Paulo,,SP,,Corinthians,,2003-10-12,3.0,Morumbi,,36
Santos,PR,1.0,18:00,,191,Santos,,SP,,Coritiba,,2003-07-06,3.0,Vila Belmiro,,16
Athletico-Pr,GO,0.0,16:29,4-2-3-1,8738,Athletico-Pr,L. González,PR,,Atletico-Go,4-2-3-1,2024-11-20,2.0,Ligga Arena,A. Gomes,34
Internacional,SC,0.0,18:00,,232,Internacional,,RS,,Figueirense,,2003-07-19,3.0,Beira Rio,,20
Corinthians,SP,1.0,20:31,4-2-3-1,7730,Atletico-Go,J. De Amorim Campos,GO,,Corinthians,4-2-3-1,2022-06-04,0.0,Estádio Do Governo Do Estado De Goiás (Serra Dourada),,9
Corinthians,PR,0.0,16:00,,4373,Corinthians,,SP,,Coritiba,,2013-08-18,1.0,Pacaembu,,15
Flamengo,PR,1.0,16:00,,2742,Flamengo,,RJ,,Athletico-Pr,,2009-05-31,2.0,Maracanã,,4
Empate,PR,1.0,17:00,,1042,Paysandu,,PA,,Parana,,2004-11-14,1.0,Mangueirão,,41
Bahia,RJ,0.0,16:02,4-2-3-1,9139,Bahia,R. Ceni,BA,1771523.0,Vasco,4-2-3-1,2025-11-23,1.0,"Arena Fonte Nova, Salvador",F. Diniz,35
Empate,BA,1.0,21:30,4-2-3-1,8702,Cruzeiro,F. Diniz Silva,MG,,Bahia,4-3-3,2024-10-18,1.0,Mineirão,R. Ceni,30
America-Mg,CE,1.0,18:30,4-2-3-1,8090,America-Mg,V. Carmo Mancini,MG,,Fortaleza,4-2-3-1,2023-05-20,2.0,Estádio Raimundo Sampaio,J. Vojvoda,7
Empate,SP,2.0,18:00,,472,Fluminense,,RJ,,Ponte Preta,,2003-11-01,2.0,Maracanã,,40
Empate,PE,1.0,16:00,,2923,Atletico-Mg,,MG,,Sport,,2009-08-30,1.0,Mineirão,,22
Santa Cruz,MG,1.0,20:30,,1906,Santa Cruz,,PE,,Cruzeiro,,2006-11-09,4.0,Arruda,,34
Ceara,SC,0.0,22:17,4-2-3-1,7816,Ceara,M. Dos Santos Gonçalves,CE,,Avai,4-1-4-1,2022-07-19,1.0,Arena Castelão,E. De Souza Barroca,18
Juventude,RS,1.0,20:30,,802,Botafogo-Rj,,RJ,,Juventude,,2004-08-05,0.0,Caio Martins,,21
Internacional,PA,0.0,20:30,,1488,Internacional,,RS,,Paysandu,,2005-10-31,1.0,Beira Rio,,35
Athletico-Pr,RS,0.0,18:06,,8432,Athletico-Pr,A. Stival,PR,,Internacional,4-2-3-1,2024-04-21,1.0,Ligga Arena,E. Coudet,3
Fortaleza,MG,3.0,16:00,,231,Fortaleza,,CE,,Atletico-Mg,,2003-07-19,4.0,Castelão,,20
Ponte Preta,PA,0.0,18:10,,1129,Ponte Preta,,SP,,Paysandu,,2005-05-07,2.0,Moisés Lucarelli,,3
Fluminense,SP,2.0,22:00,,4662,Fluminense,C. Borges Dos Santos,RJ,,Sao Paulo,NAN,2014-05-21,5.0,Maracanã,M. Ramalho,6
Empate,SP,1.0,18:16,4-2-3-1,7081,Bragantino,M. Nogueira Barbieri,SP,,Santos,4-1-4-1,2020-11-08,1.0,Nabizã£O,A. Stival,20
Empate,RJ,2.0,16:00,,2220,Juventude,,RS,,Flamengo,,2007-09-23,2.0,Alfredo Jaconi,,27
Internacional,SC,0.0,18:30,,5006,Internacional,D. Aguirre Camblor,RS,,Avai,4-4-2,2015-05-17,1.0,Estádio José Pinheiro Borda,G. Kleina,2
Flamengo,CE,0.0,18:30,4-2-3-1,8891,Flamengo,F. Luís,RJ,3821110.0,Fortaleza,4-3-3,2025-06-01,5.0,"Maracanã, Rio De Janeiro",T. Carpini,11
Palmeiras,RJ,0.0,17:00,4-2-3-1,5719,Palmeiras,A. Stival,SP,,Botafogo-Rj,4-4-2,2016-11-20,1.0,Allianz Parque,J. Ribeiro Ventura,36
Empate,RJ,2.0,22:01,,4851,Sao Paulo,M. Ramalho,SP,,Flamengo,,2014-09-24,2.0,Morumbi,V. Luxemburgo Da Silva,24
Guarani,SP,0.0,18:30,,3154,Guarani,,SP,,Gremio Prudente,,2010-06-06,1.0,Brinco De Ouro,,7
Empate,RJ,1.0,16:00,,4430,Ponte Preta,,SP,,Flamengo,,2013-09-15,1.0,Moisés Lucarelli,,21
Fortaleza,CE,1.0,18:16,4-2-3-1,7483,Sport,,PE,,Fortaleza,3-4-1-2,2021-09-26,0.0,Arena De Pernambuco,J. Vojvoda,22
Bragantino,SP,2.0,20:00,4-2-3-1,7205,Corinthians,V. Carmo Mancini,SP,,Bragantino,4-4-2,2021-01-25,0.0,Neo Química Arena,M. Nogueira Barbieri,32
Gremio,RS,1.0,18:59,4-2-3-1,6194,Ceara,J. De Amorim Campos,CE,,Gremio,4-2-3-1,2018-05-27,0.0,Arena Castelão,Renato Gaúcho,7
Cruzeiro,MG,3.0,18:10,,2157,Corinthians,,SP,,Cruzeiro,,2007-08-25,0.0,Pacaembu,,21
Palmeiras,RJ,0.0,19:00,4-2-3-1,7387,Palmeiras,J. M. Barreto Martins,SP,,Fluminense,4-2-3-1,2021-07-24,1.0,Allianz Parque,R. Machado Marques,13
Sao Paulo,SP,1.0,17:03,4-1-4-1,6046,Sao Paulo,D. Silvestre Júnior,SP,,Santos,4-2-3-1,2017-10-28,2.0,Estádio Municipal Paulo Machado De Carvalho,L. Culpi,31
Cruzeiro,RJ,0.0,18:10,,2375,Cruzeiro,,MG,,Vasco,,2008-06-08,1.0,Mineirão,,5
Coritiba,PR,3.0,18:20,,2578,Fluminense,,RJ,,Coritiba,,2008-09-20,2.0,Maracanã,,26
Empate,SP,2.0,21:45,,1633,Flamengo,,RJ,,Santos,,2006-05-24,2.0,Maracanã,,7
Bahia,BA,4.0,20:03,4-1-4-1,8250,Coritiba,T. Kosloski,PR,,Bahia,4-2-3-1,2023-09-14,2.0,Couto Pereira,R. Ceni,23
Internacional,MG,0.0,18:10,,2299,Internacional,,RS,,Cruzeiro,,2007-11-10,1.0,Beira Rio,,36
Sport,PR,0.0,18:31,4-2-3-1,5016,Sport,E. Baptista,PE,,Coritiba,4-3-2-1,2015-05-24,1.0,Adelmar  Da  Costa  Carvalho,M. Dos Santos Gonçalves,3
Empate,PR,2.0,16:00,,157,Bahia,,BA,,Coritiba,,2003-06-19,2.0,Fonte Nova,,14
Empate,GO,1.0,20:00,4-4-2,8444,Internacional,E. Coudet,RS,,Atletico-Go,4-2-3-1,2024-04-28,1.0,Estádio Beira-Rio,J. Ribeiro Ventura,4
Empate,PR,1.0,16:00,3-4-3,6683,Santos,J. Sampaoli Moya,SP,,Athletico-Pr,4-2-3-1,2019-09-08,1.0,Estádio Urbano Caldeira,T. Retzalff Nunes,18
Empate,PR,0.0,18:30,,3352,Cruzeiro,,MG,,Athletico-Pr,,2010-10-02,0.0,Arena Do Jacaré,,27
Sao Paulo,GO,1.0,18:30,,2883,Sao Paulo,,SP,,Goias,,2009-08-09,3.0,Morumbi,,18
Empate,RJ,2.0,21:50,,3414,Ceara,,CE,,Flamengo,,2010-11-03,2.0,Castelão,,33
Empate,SP,1.0,19:15,4-2-3-1,7045,Ceara,A. Ferreira,CE,,Sao Paulo,4-4-2,2020-11-25,1.0,Arena Castelão,F. Diniz Silva,16
Santos,SP,4.0,19:30,,4177,Cruzeiro,,MG,,Santos,,2012-11-03,0.0,Independência,,34
Empate,GO,1.0,17:00,4-2-3-1,6112,Gremio,Renato Gaúcho,RS,,Atletico-Go,4-2-3-1,2017-11-26,1.0,Arena Do Grêmio,J. P. Sanches,37
Fluminense,SC,0.0,18:10,,1804,Fluminense,,RJ,,Figueirense,NAN,2006-09-17,2.0,Maracanã£,,24
Empate,RS,1.0,18:29,4-2-3-1,5584,Sport,O. De Oliveira Filho,PE,,Internacional,4-2-3-1,2016-08-28,1.0,Arena De Pernambuco,C. Juarez Roth,22
Santos,SC,0.0,16:00,4-2-3-1,5491,Santos,D. Silvestre Júnior,SP,,Chapecoense,4-3-2-1,2016-07-03,3.0,Estádio Urbano Caldeira,L. Saroli Caio Júnior,13
Santos,SP,2.0,20:04,4-3-3,7855,Coritiba,G. Morínigo,PR,,Santos,4-2-3-1,2022-08-08,1.0,Couto Pereira,L. Cirne Lima De Lorenzi,21
Vasco,RJ,3.0,20:29,4-2-3-1,9004,Sport,C. De Lucena,PE,601680.0,Vasco,4-2-3-1,2025-08-31,2.0,"Adelmar Da Costa Carvalho, Recife",F. Diniz,22
Empate,SP,0.0,19:00,4-1-4-1,7779,Corinthians,V. De Oliveira Lopes Pereira,SP,,Santos,4-2-3-1,2022-06-25,0.0,Neo Química Arena,L. Ochandorena,14
Empate,MT,1.0,19:32,4-3-3,8746,Juventude,F. Matias,RS,,Cuiaba,3-4-3,2024-11-23,1.0,Alfredo Jaconi,B. Franco,35
Flamengo,RJ,1.0,11:01,4-1-4-1,6731,Chapecoense,M. Dos Santos Gonçalves,SC,,Flamengo,4-2-3-1,2019-10-06,0.0,Arena Condá,J. Pinheiro De Jesus,23
Botafogo-Rj,RJ,3.0,18:10,,2496,Athletico-Pr,,PR,,Botafogo-Rj,,2008-08-03,0.0,Kyocera Arena,,17
Flamengo,SP,0.0,17:01,4-2-3-1,6686,Flamengo,J. Pinheiro De Jesus,RJ,,Santos,4-3-3,2019-09-14,1.0,Maracanã,J. Sampaoli Moya,19
Athletico-Pr,GO,0.0,16:00,,2373,Athletico-Pr,,PR,,Goias,,2008-06-08,5.0,Kyocera Arena,,5
Sport,SP,1.0,19:30,,3868,Sport,,PE,,Palmeiras,,2012-06-06,2.0,Ilha Do Retiro,,3
Coritiba,PR,4.0,18:30,4-2-3-1,8321,Internacional,E. Coudet,RS,,Coritiba,4-2-3-1,2023-10-29,3.0,Estã¡Dio Beira-Rio,T. Kosloski,30
Vasco,CE,0.0,17:00,,3462,Vasco,,RJ,,Ceara,,2010-12-05,2.0,São Januário,,38
Empate,SP,0.0,16:02,4-2-3-1,6286,Botafogo-Rj,B. Lazaroni,RJ,,Santos,4-3-3,2018-08-04,0.0,Estádio Nilton Santos,,17
Goias,PE,0.0,19:00,5-3-2,7147,Goias,G. Ramos Da Silva,GO,,Sport,4-2-3-1,2020-12-26,1.0,Estádio Da Serrinha,J. Ribeiro Ventura,27
Santa Cruz,PE,3.0,11:01,4-4-2,5509,America-Mg,S. De Oliveira Vieira,MG,,Santa Cruz,4-4-2,2016-07-17,0.0,Estádio Raimundo Sampaio,M. Mendes,15
Cruzeiro,RJ,1.0,21:01,4-2-3-1,6329,Cruzeiro,L. Venker De Menezes,MG,,Fluminense,,2018-08-25,2.0,Mineirão,M. De Oliveira Santos,21
Bahia,BA,0.0,21:00,,4490,Bahia,,BA,,Vitoria,,2013-10-09,2.0,Fonte Nova,,27
Sport,RS,0.0,16:00,,2551,Sport,,PE,,Internacional,,2008-08-31,1.0,Ilha Do Retiro,,23
Cuiaba,GO,1.0,19:00,4-4-2,7295,Cuiaba,J. De Amorim Campos,MT,,Atletico-Go,4-2-3-1,2021-07-21,2.0,Arena Pantanal,E. De Souza Barroca,3
Paysandu,SP,1.0,21:50,,848,Paysandu,,PA,,Corinthians,,2004-08-18,2.0,Mangueirão,,25
Vasco,GO,2.0,21:00,,3347,Vasco,,RJ,,Goias,,2010-10-01,3.0,Sã£O Januã¡Rio,,27
Empate,MG,1.0,20:30,,939,Fluminense,,RJ,,Atletico-Mg,,2004-09-28,1.0,Maracanã,,33
Santos,PR,1.0,20:59,,4819,Santos,E. Alves Moreira,SP,,Coritiba,,2014-09-13,2.0,Estádio Urbano Caldeira,M. Dos Santos Gonçalves,21
Cruzeiro,MG,2.0,18:33,4-2-3-1,5575,Figueirense,A. Fucks,SC,,Cruzeiro,4-2-3-1,2016-08-21,1.0,Orlando Scarpelli,L. Venker De Menezes,21
Cruzeiro,RJ,1.0,18:31,4-2-3-1,8853,Cruzeiro,T. Tite,MG,3079743.0,Flamengo,4-2-3-1,2025-05-04,2.0,"Mineirão, Belo Horizonte",F. Luís,7
Fluminense,BA,0.0,16:00,4-2-3-1,8612,Fluminense,L. Venker De Menezes,RJ,,Bahia,,2024-08-04,1.0,Maracanã,R. Ceni,21
Athletico-Pr,RS,0.0,16:00,4-2-3-1,6602,Athletico-Pr,T. Retzalff Nunes,PR,,Internacional,4-3-3,2019-07-14,1.0,Estádio Joaquim Américo Guimarães,,10
Atletico-Mg,SP,1.0,16:00,,4382,Atletico-Mg,,MG,,Portuguesa,,2013-08-25,2.0,Independência,,16
Atletico-Mg,MG,3.0,21:00,,3260,Goias,,GO,,Atletico-Mg,,2010-09-01,1.0,Serra Dourada,,18
Atletico-Mg,PR,1.0,18:29,,4746,Atletico-Mg,L. Culpi,MG,,Athletico-Pr,,2014-08-03,3.0,Estádio Raimundo Sampaio,D. Ghidoni Junior,13
Empate,PR,2.0,20:30,,2645,Vasco,,RJ,,Athletico-Pr,,2008-10-30,2.0,São Januário,,32
Palmeiras,SP,1.0,19:30,,4150,Bahia,,BA,,Palmeiras,,2012-10-17,0.0,Pituaçu,,31
Portuguesa,RJ,1.0,22:00,,4246,Portuguesa,,SP,,Fluminense,,2013-06-12,2.0,Canindé,,2
Empate,SP,1.0,21:00,,3166,Fluminense,,RJ,,Gremio Prudente,,2010-07-15,1.0,Maracanã,,8
Empate,CE,0.0,20:00,4-2-3-1,6475,Fluminense,M. De Oliveira Santos,RJ,,Ceara,4-2-2-2,2018-11-19,0.0,Maracanã,L. Cirne Lima De Lorenzi,35
Empate,SP,1.0,16:00,4-2-3-1,5966,Atletico-Mg,M. Reis Micale,MG,,Palmeiras,4-2-2-2,2017-09-09,1.0,Estádio Raimundo Sampaio,A. Stival,23
Atletico-Mg,MG,1.0,16:00,,3853,Ponte Preta,,SP,,Atletico-Mg,,2012-05-20,0.0,Moisés Lucarelli,,1
Empate,GO,0.0,20:00,4-3-3,7055,Botafogo-Rj,B. Lazaroni,RJ,,Goias,4-2-3-1,2020-10-19,0.0,Estádio Nilton Santos,E. Alves Moreira,17
Atletico-Go,SP,1.0,18:30,,4025,Atletico-Go,,GO,,Palmeiras,,2012-08-19,2.0,Serra Dourada,,18
Corinthians,SP,3.0,19:30,,3077,Atletico-Mg,,MG,,Corinthians,,2009-12-05,0.0,Mineirã£O,,38
Empate,SP,2.0,20:30,,2006,Palmeiras,,SP,,Santos,,2007-07-19,2.0,Parque Antártica,,12
Empate,PR,2.0,16:00,,550,Paysandu,,PA,,Athletico-Pr,,2003-12-14,2.0,Mangueirão,,46
Fluminense,SP,1.0,16:00,4-3-3,7481,Fluminense,M. De Oliveira,RJ,,Bragantino,4-2-3-1,2021-09-26,2.0,Maracanã,M. Nogueira Barbieri,22
Atletico-Mg,SP,0.0,21:00,,2813,Atletico-Mg,,MG,,Sao Paulo,,2009-07-16,2.0,Mineirão,,11
Corinthians,SP,1.0,21:00,4-2-3-1,9009,Fluminense,L. Luis Zubeldia,RJ,965207.5,Corinthians,3-4-2-1,2025-09-13,0.0,"Maracanã, Rio De Janeiro",D. Junior,23
Juventude,RS,1.0,16:00,4-2-3-1,8996,Ceara,M. Mozart,CE,573516.0,Juventude,4-2-3-1,2025-08-30,0.0,"Arena Castelão, Fortaleza",M. Barbieri,22
Gremio,RJ,1.0,16:00,,2550,Gremio,,RS,,Vasco,,2008-08-31,2.0,Olímpico,,23
Palmeiras,SP,2.0,18:59,4-2-3-1,6438,Palmeiras,L. Scolari,SP,,Santos,,2018-11-03,3.0,Allianz Parque,A. Stival,32
Flamengo,RJ,1.0,16:00,,3170,Atletico-Go,,GO,,Flamengo,,2010-07-18,0.0,Serra Dourada,,9
Flamengo,PR,2.0,16:02,4-1-4-1,6558,Flamengo,A. Da Silva Braga,RJ,,Athletico-Pr,4-4-2,2019-05-26,3.0,Maracanã,T. Retzalff Nunes,6
Empate,SP,2.0,19:01,4-2-3-1,8607,Vasco,C. De Paiva,RJ,,Bragantino,4-3-3,2024-08-03,2.0,Estádio São Januário,P. Faria Caixinha,21
Corinthians,SP,2.0,16:00,,4281,Bahia,,BA,,Corinthians,,2013-07-07,0.0,Fonte Nova,,6
Ponte Preta,SP,1.0,21:45,,1264,Santos,,SP,,Ponte Preta,,2005-07-27,0.0,Vila Belmiro,,15
Fluminense,MT,0.0,16:00,4-2-3-1,7851,Fluminense,F. Diniz Silva,RJ,,Cuiaba,3-4-3,2022-08-07,1.0,Maracanã,A. Cardoso De Oliveira,21
Athletico-Pr,SC,0.0,19:30,,5923,Athletico-Pr,F. Soares Pessoa,PR,,Avai,4-2-3-1,2017-08-03,5.0,Estádio Joaquim Américo Guimarães,C. Dos Santos Oliveira,18
Goias,GO,2.0,19:59,,7895,Santos,L. Cirne Lima De Lorenzi,SP,,Goias,4-1-4-1,2022-09-05,1.0,Estádio Urbano Caldeira,,25
Internacional,SP,0.0,16:00,,1026,Internacional,,RS,,Corinthians,,2004-11-07,3.0,Beira Rio,,40
Empate,SP,1.0,19:30,,4939,Athletico-Pr,C. Dos Santos Oliveira,PR,,Santos,,2014-11-19,1.0,Estádio Joaquim Américo Guimarães,,35
Vasco,MG,2.0,20:30,,753,Vasco,,RJ,,Cruzeiro,,2004-07-20,3.0,São Januário,,17
Santos,RS,2.0,16:00,,3923,Santos,,SP,,Gremio,,2012-07-08,4.0,Vila Belmiro,,8
Gremio,RJ,1.0,19:15,4-2-3-1,7037,Gremio,Renato Gaúcho,RS,,Botafogo-Rj,4-3-3,2020-10-14,3.0,Arena Do Grêmio,B. Lazaroni,16
Parana,RS,0.0,16:00,,1952,Parana,,PR,,Gremio,,2007-05-13,3.0,Durival De Brito,,1
Cruzeiro,GO,1.0,17:01,,4962,Cruzeiro,M. De Oliveira Santos,MG,,Goias,,2014-11-23,2.0,Mineirão,S. Drubscky De Campos,36
Corinthians,CE,0.0,18:00,,352,Corinthians,,SP,,Fortaleza,,2003-09-13,2.0,Pacaembu,,30
Palmeiras,SP,1.0,18:10,,1512,Palmeiras,,SP,,Sao Paulo,,2005-11-12,2.0,Pacaembu,,38
Sao Paulo,MG,0.0,16:02,,4823,Sao Paulo,M. Ramalho,SP,,Cruzeiro,,2014-09-14,2.0,Morumbi,M. De Oliveira Santos,21
Empate,SP,1.0,19:00,4-2-3-1,9038,Mirassol,R. Guanaes,SP,104360.0,Bragantino,4-2-3-1,2025-10-01,1.0,"Campos Maia, Mirassol",V. Mancini,26
Fluminense,RJ,1.0,20:59,4-4-2,7659,Cuiaba,L. De Oliveira Preto,MT,,Fluminense,4-3-3,2022-04-16,0.0,Arena Pantanal,A. Da Silva Braga,2
Empate,SC,2.0,19:59,5-4-1,7329,Athletico-Pr,A. Cardoso De Oliveira,PR,,Chapecoense,3-4-3,2021-06-27,2.0,Estádio Joaquim Américo Guimarães,J. Ribeiro Ventura,7
Parana,PR,0.0,20:30,,702,Parana,,PR,,Athletico-Pr,,2004-07-07,1.0,Pinheirão,,13
Empate,SP,2.0,16:00,4-1-4-1,6420,Vitoria,P. Carpegiani,BA,,Corinthians,4-2-3-1,2018-10-21,2.0,Barradão,J. Ribeiro Ventura,30
Empate,SP,1.0,18:30,,3847,Palmeiras,,SP,,Portuguesa,,2012-05-19,1.0,Pacaembu,,1
Goias,SP,0.0,20:30,,4557,Goias,,GO,,Ponte Preta,,2013-11-13,2.0,Serra Dourada,,34
Criciuma,SC,1.0,20:30,,562,Vasco,,RJ,,Criciuma,,2004-04-22,0.0,São Januário,,1
Nautico,RJ,0.0,16:00,,2319,Nautico,,PE,,Flamengo,,2007-12-02,1.0,Aflitos,,38
Empate,RJ,1.0,18:30,,3099,Vitoria,,BA,,Flamengo,,2010-05-15,1.0,Barradão,,2
Fluminense,RJ,2.0,18:00,,3778,Ceara,,CE,,Fluminense,,2011-10-29,1.0,Presidente Vargas,,32
Athletico-Pr,MT,0.0,19:01,3-4-2-1,7614,Athletico-Pr,A. Valentim Do Carmo Neto,PR,,Cuiaba,4-1-4-1,2021-12-03,1.0,Estádio Joaquim Américo Guimarães,J. De Amorim Campos,35
Botafogo-Rj,CE,0.0,21:00,4-2-3-1,8647,Botafogo-Rj,,RJ,,Fortaleza,4-2-3-1,2024-08-31,2.0,Estádio Nilton Santos,J. Vojvoda,25
Santos,SP,3.0,18:00,,4603,Goias,,GO,,Santos,,2013-12-08,0.0,Serra Dourada,,38
Cruzeiro,PE,0.0,18:30,,4055,Cruzeiro,,MG,,Nautico,,2012-09-02,3.0,Independência,,21
Cruzeiro,SP,1.0,18:30,,3974,Cruzeiro,,MG,,Palmeiras,,2012-07-29,2.0,Independência,,13
Goias,SC,0.0,18:32,,4625,Goias,S. Drubscky De Campos,GO,,Criciuma,,2014-04-27,1.0,Estádio Municipal Juscelino Kubitschek,L. Saroli Caio Júnior,2
Sao Paulo,SP,2.0,21:31,4-2-3-1,8539,Athletico-Pr,J. Antonello,PR,,Sao Paulo,4-2-3-1,2024-07-03,1.0,Ligga Arena,L. Zubeldía,14
Vitoria,RS,0.0,18:10,,1048,Vitoria,,BA,,Gremio,,2004-11-20,2.0,Barradão,,42
Atletico-Mg,PR,1.0,16:00,,2940,Atletico-Mg,,MG,,Athletico-Pr,,2009-09-13,2.0,Mineirão,,24
Empate,PR,2.0,20:30,,1811,Goias,,GO,,Athletico-Pr,,2006-09-20,2.0,Serra Dourada,,25
Vasco,PR,1.0,18:30,,3167,Vasco,,RJ,,Athletico-Pr,,2010-07-17,3.0,Sã£O Januã¡Rio,,9
Bahia,SP,0.0,21:40,,415,Bahia,,BA,,Sao Paulo,,2003-10-08,3.0,Fonte Nova,,35
Sao Paulo,SP,4.0,16:00,,1350,Parana,,PR,,Sao Paulo,,2005-08-28,0.0,Willie Davids,,23
Juventude,RJ,0.0,19:01,4-2-3-1,8923,Juventude,M. Barbieri,RS,413020.0,Vasco,4-2-3-1,2025-08-20,2.0,"Alfredo Jaconi, Caxias Do Sul",F. Diniz,14
Gremio,RJ,0.0,16:00,4-2-3-1,6002,Gremio,Renato Gaúcho,RS,,Fluminense,4-3-2-1,2017-10-01,1.0,Arena Do Grêmio,A. Da Silva Braga,26
Empate,MG,1.0,17:02,4-2-3-1,6012,Sport,V. Luxemburgo Da Silva,PE,,Atletico-Mg,4-2-3-1,2017-10-15,1.0,Adelmar Da Costa Carvalho,O. De Oliveira Filho,28
Vitoria,RJ,2.0,18:00,,4594,Vitoria,,BA,,Flamengo,,2013-12-01,4.0,Barradão,,37
Empate,CE,0.0,16:00,4-2-3-1,7343,Bragantino,M. Nogueira Barbieri,SP,,Ceara,4-2-3-1,2021-07-01,0.0,Nabizão,,8
Empate,SC,2.0,20:30,,1471,Palmeiras,,SP,,Figueirense,,2005-10-26,2.0,Parque Antártica,,34
Santos,RS,1.0,16:00,,1711,Santos,,SP,,Internacional,,2006-08-06,2.0,Vila Belmiro,,15
Sao Paulo,RJ,0.0,20:30,,1905,Sao Paulo,,SP,,Botafogo-Rj,,2006-11-09,3.0,Morumbi,,34
Sao Paulo,SP,3.0,21:32,4-2-3-1,8721,Bahia,R. Ceni,BA,,Sao Paulo,4-2-3-1,2024-11-05,0.0,Arena Fonte Nova,L. Zubeldía,32
Gremio,PE,3.0,16:00,,2272,Gremio,,RS,,Nautico,,2007-10-28,4.0,Olímpico,,33
Cruzeiro,RS,1.0,18:10,,1584,Cruzeiro,,MG,,Gremio,,2006-04-23,3.0,Mineirão,,2
Santos,SP,0.0,20:30,,1424,Santos,,SP,,Sao Caetano,,2005-10-04,2.0,Vila Belmiro,,30
Empate,SP,2.0,16:00,,4100,Botafogo-Rj,,RJ,,Corinthians,,2012-09-23,2.0,Engenhão,,26
Fortaleza,RS,0.0,21:03,3-5-2,7625,Fortaleza,J. Vojvoda,CE,,Juventude,3-4-3,2021-12-03,1.0,Arena Castelão,E. Rodrigues De Ávila,36
Empate,SP,0.0,15:59,,4801,Criciuma,G. Dal Pozzo,SC,,Corinthians,,2014-09-07,0.0,Estádio Heriberto Hülse,L. Venker De Menezes,19
Fluminense,RJ,3.0,16:00,,1723,Cruzeiro,,MG,,Fluminense,,2006-08-13,2.0,Mineirão,,16
Palmeiras,RN,0.0,19:30,,2037,Palmeiras,,SP,,America-Rn,,2007-07-03,2.0,Parque Antártica,,9
Athletico-Pr,PR,1.0,18:10,,2224,Athletico-Pr,,PR,,Parana,,2007-09-23,2.0,Kyocera Arena,,27
Goias,GO,2.0,18:10,,1508,Atletico-Mg,,MG,,Goias,,2005-11-06,1.0,Mineirão,,37
Cruzeiro,MG,2.0,16:00,,2623,Atletico-Mg,,MG,,Cruzeiro,,2008-10-19,0.0,Mineirão,,30
Figueirense,SC,3.0,16:00,4-2-3-1,5274,Goias,A. Alves Da Silva Neto,GO,,Figueirense,4-3-1-2,2015-10-04,2.0,Estádio Do Governo Do Estado De Goiás (Serra Dourada),H. Coutinho,29
Gremio,RJ,0.0,21:30,4-2-3-1,9129,Gremio,L. Castro,RS,1857686.0,Vasco,4-2-3-1,2025-11-19,2.0,"Arena Do Grêmio, Porto Alegre",F. Diniz,34
Empate,SP,2.0,16:00,,1330,Fluminense,,RJ,,Palmeiras,,2005-08-21,2.0,Raulino De Oliveira,,21
Sao Caetano,SP,0.0,20:30,,843,Sao Caetano,,SP,,Guarani,,2004-08-18,,Anacleto Campanella,,25
Athletico-Pr,MG,1.0,19:30,,3627,Athletico-Pr,,PR,,Cruzeiro,,2011-08-17,2.0,Arena Da Baixada,,17
Empate,BA,1.0,18:30,,4270,Vasco,,RJ,,Bahia,,2013-06-08,1.0,Raulino De Oliveira,,5
Empate,PE,1.0,18:30,,4896,Botafogo-Rj,V. Carmo Mancini,RJ,,Sport,,2014-10-19,1.0,Estádio Municipal General Raulino De Oliveira,E. Baptista,29
Cruzeiro,RS,1.0,18:31,4-2-3-1,8987,Cruzeiro,T. Tite,MG,2711399.7,Internacional,4-2-3-1,2025-08-23,2.0,"Mineirão, Belo Horizonte",R. Díaz,21
Fluminense,RJ,1.0,18:33,,4667,Bahia,M. Dos Santos Gonçalves,BA,,Fluminense,,2014-05-24,0.0,Arena Barueri,C. Borges Dos Santos,7
Empate,CE,2.0,16:00,,464,Criciuma,,SC,,Fortaleza,,2003-10-26,2.0,Heriberto Hulse,,39
Athletico-Pr,PR,2.0,16:00,,1757,Fluminense,,RJ,,Athletico-Pr,,2006-08-26,1.0,Maracanã,,20
Santos,PR,0.0,16:03,4-2-3-1,5640,Santos,D. Silvestre Júnior,SP,,Athletico-Pr,4-3-2-1,2016-10-01,2.0,Estádio Urbano Caldeira,P. Autuori De Mello,28
Bragantino,RJ,1.0,21:29,4-3-3,7191,Bragantino,M. Nogueira Barbieri,SP,,Vasco,4-1-4-1,2021-01-20,4.0,Nabizão,,31
Coritiba,SP,0.0,16:00,,1132,Coritiba,,PR,,Palmeiras,NAN,2005-05-08,1.0,Couto Pereira,,3
Internacional,RJ,1.0,16:01,,4702,Internacional,A. Da Silva Braga,RS,,Fluminense,,2014-10-12,2.0,Estádio José Pinheiro Borda,C. Borges Dos Santos,28
Santos,SP,2.0,21:02,,4686,Bahia,M. Dos Santos Gonçalves,BA,,Santos,,2014-05-29,0.0,Estádio Alberto Oliveira,O. De Oliveira Filho,8
Flamengo,MG,0.0,16:00,4-1-4-1,6311,Flamengo,M. Nogueira Barbieri,RJ,,Cruzeiro,4-2-3-1,2018-08-12,1.0,Maracanã,L. Venker De Menezes,18
Parana,SP,2.0,21:40,,379,Parana,,PR,,Sao Paulo,,2003-09-24,4.0,Pinheirão,,32
Botafogo-Rj,GO,0.0,16:00,,3107,Botafogo-Rj,,RJ,,Goias,,2010-05-22,3.0,Engenhão,,3
Atletico-Mg,BA,0.0,11:00,4-2-3-1,8207,Atletico-Mg,L. Scolari,MG,,Bahia,4-2-3-1,2023-08-13,1.0,Mineirão,R. Alves Paiva,19
Atletico-Mg,MG,1.0,20:30,,1345,Figueirense,,SC,,Atletico-Mg,,2005-08-25,0.0,Orlando Scarpelli,,22
Ponte Preta,SC,1.0,16:00,,1226,Ponte Preta,,SP,,Figueirense,,2005-07-16,2.0,Moisés Lucarelli,,12
Fluminense,SP,1.0,16:30,,7997,Fluminense,F. Diniz Silva,RJ,,Sao Paulo,3-1-4-2,2022-11-05,3.0,Maracanã,R. Ceni,36
Santo Andre,SP,4.0,18:30,,2717,Coritiba,,PR,,Santo Andre,,2009-05-16,2.0,Couto Pereira,,2
Portuguesa,SP,1.0,18:30,,4355,Portuguesa,,SP,,Sao Paulo,,2013-08-11,2.0,Canindé,,13
Flamengo,PR,0.0,18:30,,2953,Flamengo,,RJ,,Coritiba,,2009-09-20,3.0,Maracanã,,25
Atletico-Mg,MG,2.0,16:00,,1360,Brasiliense,,DF,,Atletico-Mg,,2005-09-07,1.0,Boca Do Jacaré,,24
Palmeiras,SC,2.0,18:10,,1083,Palmeiras,,SP,,Criciuma,,2004-12-11,3.0,Parque Antártica,,45
Empate,PE,1.0,16:01,4-3-1-2,5068,Chapecoense,,SC,,Sport,4-2-3-1,2015-06-27,1.0,Arena Condá,E. Baptista,9
Empate,RJ,1.0,22:00,,1814,Corinthians,,SP,,Vasco,,2006-09-20,1.0,Pacaembu,,25
Figueirense,GO,0.0,16:00,,1361,Figueirense,,SC,,Goias,,2005-09-07,3.0,Orlando Scarpelli,,24
Ceara,CE,1.0,20:01,3-4-1-2,9035,Sao Paulo,H. Crespo,SP,480951.0,Ceara,4-2-3-1,2025-09-29,0.0,"Morumbis, São Paulo",M. Mozart,25
Empate,SC,0.0,16:59,4-2-3-1,5303,Chapecoense,A. Ferreira,SC,,Avai,,2015-10-25,0.0,Arena Condá,G. Kleina,32
Botafogo-Rj,RJ,1.0,18:10,,1895,Botafogo-Rj,,RJ,,Fluminense,,2006-11-05,2.0,Maracanã,,33
Empate,MG,2.0,16:00,,566,Goias,,GO,,Cruzeiro,,2004-04-24,2.0,Serra Dourada,,2
Cruzeiro,SP,1.0,16:01,,5152,Cruzeiro,V. Luxemburgo Da Silva,MG,,Palmeiras,4-2-3-1,2015-08-09,2.0,Mineirão,M. De Oliveira Santos,17
Fluminense,SP,1.0,18:30,,4145,Fluminense,,RJ,,Ponte Preta,,2012-10-14,2.0,São Januário,,30
Empate,RS,1.0,18:00,,3675,Ceara,,CE,,Internacional,,2011-09-04,1.0,Presidente Vargas,,21
Criciuma,PE,0.0,19:30,,4358,Criciuma,,SC,,Nautico,,2013-08-14,3.0,Heriberto Hulse,,14
Fortaleza,CE,2.0,18:59,5-3-2,7526,Chapecoense,L. De Oliveira Preto,SC,,Fortaleza,3-4-1-2,2021-10-16,1.0,Arena Condá,J. Vojvoda,27
Parana,SC,0.0,16:00,,1215,Parana,,PR,,Figueirense,,2005-07-09,3.0,Pinheirão,,11
Empate,MG,0.0,18:10,,1191,Juventude,,RS,,Cruzeiro,,2005-06-19,0.0,Alfredo Jaconi,,8
Vasco,GO,0.0,18:30,,3935,Vasco,,RJ,,Atletico-Go,,2012-07-15,1.0,São Januário,,9
Botafogo-Rj,RS,1.0,20:30,,899,Botafogo-Rj,,RJ,,Gremio,,2004-09-09,2.0,Caio Martins,,29
Coritiba,GO,0.0,18:29,,4687,Coritiba,C. Juarez Roth,PR,,Goias,,2014-05-31,3.0,Vila Capanema,S. Drubscky De Campos,9
Sao Paulo,RS,0.0,19:29,4-2-3-1,5207,Sao Paulo,J. Osorio,SP,,Internacional,4-2-2-2,2015-09-05,2.0,Morumbi,A. Fucks,23
Empate,MG,2.0,20:30,,4587,Fluminense,,RJ,,Atletico-Mg,,2013-11-30,2.0,Maracanã,,37
Bragantino,SP,2.0,21:01,4-2-3-1,8887,Vasco,F. Diniz,RJ,1046382.0,Bragantino,4-2-3-1,2025-05-31,0.0,"Estádio São Januário, Rio De Janeiro",V. Mancini,11
Empate,SP,1.0,17:00,,3455,Atletico-Go,,GO,,Sao Paulo,,2010-11-28,1.0,Serra Dourada,,37
America-Mg,RJ,0.0,16:00,,3613,America-Mg,,MG,,Fluminense,,2011-08-07,3.0,Arena Do Jacaré,,15
Empate,MG,2.0,16:00,4-2-3-1,5262,Joinville,P. Lopes De Gusmão,SC,,Atletico-Mg,4-2-3-1,2015-09-27,2.0,Arena Joinville,L. Culpi,28
Vasco,SP,1.0,21:32,4-4-2,8405,Vasco,R. Díaz,RJ,,Bragantino,4-3-3,2023-12-06,2.0,Estádio São Januário,P. Faria Caixinha,38
Flamengo,RJ,3.0,16:20,,4268,Criciuma,,SC,,Flamengo,,2013-06-08,0.0,Heriberto Hulse,,5
Bahia,SP,0.0,18:15,4-1-4-1,7582,Bahia,A. Ferreira,BA,,Sao Paulo,3-5-2,2021-11-07,1.0,Itaipava Arena Fonte Nova,R. Ceni,30
Empate,MG,1.0,20:30,,4009,Atletico-Go,,GO,,Atletico-Mg,,2012-08-15,1.0,Serra Dourada,,17
Empate,RS,1.0,16:00,,3911,Bahia,,BA,,Internacional,,2012-07-01,1.0,Pituaçu,,7
Athletico-Pr,PR,1.0,16:00,,2333,Ipatinga,,MG,,Athletico-Pr,,2008-05-11,0.0,Ipatingão,,1
Vasco,RJ,1.0,21:50,,3942,Sao Paulo,,SP,,Vasco,,2012-07-18,0.0,Morumbi,,10
Athletico-Pr,RN,0.0,17:00,,2263,Athletico-Pr,,PR,,America-Rn,,2007-10-21,2.0,Kyocera Arena,,32
Sao Paulo,SP,0.0,18:02,4-1-4-1,6753,Sao Paulo,F. Diniz Silva,SP,,Corinthians,,2019-10-13,1.0,Morumbi,F. Carille,25
Empate,RJ,1.0,18:10,,2596,Botafogo-Rj,,RJ,,Fluminense,,2008-09-28,1.0,Engenhão,,27
Fluminense,PE,0.0,19:00,4-2-3-1,7177,Fluminense,M. De Oliveira,RJ,,Sport,4-1-4-1,2021-01-16,1.0,Estádio Nilton Santos,J. Ribeiro Ventura,30
Corinthians,MG,1.0,19:30,,3597,Corinthians,,SP,,America-Mg,,2011-03-08,2.0,Pacaembu,,14
Internacional,RJ,0.0,19:30,4-2-3-1,5199,Internacional,A. Fucks,RS,,Vasco,4-2-3-1,2015-09-02,6.0,Estádio José Pinheiro Borda,J. De Amorim Campos,22
Sao Caetano,SP,3.0,18:00,,1032,Ponte Preta,,SP,,Sao Caetano,,2004-11-07,0.0,Moisés Lucarelli,,40
Santos,SC,0.0,18:32,,4727,Santos,O. De Oliveira Filho,SP,,Chapecoense,,2014-07-26,3.0,Estádio Urbano Caldeira,C. Rodrigues,12
Atletico-Mg,RJ,0.0,18:15,3-4-3,7082,Atletico-Mg,J. Desio,MG,,Flamengo,4-1-4-1,2020-11-08,4.0,Mineirão,D. Torrent Font,20
Vasco,SP,1.0,17:05,4-2-3-1,6124,Vasco,J. Mannarino,RJ,,Ponte Preta,4-2-3-1,2017-12-03,2.0,Estádio Vasco Da Gama,E. Baptista,38
Empate,CE,0.0,19:00,4-2-3-1,7303,Atletico-Go,E. De Souza Barroca,GO,,Fortaleza,3-4-1-2,2021-06-17,0.0,Estádio Antônio Accioly,J. Vojvoda,4
Santos,BA,2.0,19:32,4-2-3-1,5713,Santos,D. Silvestre Júnior,SP,,Vitoria,4-2-3-1,2016-11-17,3.0,Estádio Urbano Caldeira,A. Fucks,35
Atletico-Mg,SC,0.0,17:00,4-2-3-1,5364,Atletico-Mg,D. Giacomini,MG,,Chapecoense,4-2-3-1,2015-12-06,3.0,Mineirão,A. Ferreira,38
Empate,RJ,2.0,16:01,4-2-3-1,5821,Fluminense,A. Da Silva Braga,RJ,,Flamengo,4-2-3-1,2017-06-18,2.0,Maracanã,J. Mannarino,8
Santos,GO,1.0,18:10,,1758,Santos,,SP,,Goias,,2006-08-26,2.0,Vila Belmiro,,20
Fluminense,MG,0.0,17:04,4-1-4-1,6503,Fluminense,F. Ribeiro Moreno,RJ,,America-Mg,4-2-3-1,2018-12-02,1.0,Maracanã,G. De Oliveira,38
Coritiba,PE,1.0,19:30,,4149,Coritiba,,PR,,Nautico,,2012-10-17,2.0,Couto Pereira,,31
Empate,PR,1.0,16:00,,235,Ponte Preta,,SP,,Coritiba,,2003-07-20,1.0,Moisés Lucarelli,,20
Empate,RJ,2.0,21:01,4-2-3-1,7285,Gremio,V. Carmo Mancini,RS,,Flamengo,4-2-3-1,2021-11-23,2.0,Arena Do Grêmio,Renato Gaúcho,2
Empate,SP,1.0,16:00,,110,Parana,,PR,,Sao Caetano,,2003-05-24,1.0,Pinheirão,,10
Sao Paulo,BA,0.0,19:34,4-2-3-1,5437,Sao Paulo,E. Bauza,SP,,Vitoria,4-2-3-1,2016-06-15,2.0,Morumbi,V. Carmo Mancini,8
Fortaleza,RJ,2.0,16:31,4-4-2,8046,Fortaleza,J. Vojvoda,CE,,Fluminense,4-2-3-1,2023-04-29,4.0,Arena Castelão,F. Diniz Silva,3
Nautico,SP,0.0,18:10,,2515,Nautico,,PE,,Santos,,2008-08-10,1.0,Aflitos,,19
Fluminense,PR,0.0,19:00,5-4-1,6184,Fluminense,A. Da Silva Braga,RJ,,Athletico-Pr,3-4-2-1,2018-05-20,2.0,Maracanã,F. Diniz Silva,6
Palmeiras,RJ,0.0,19:00,4-2-3-1,7743,Palmeiras,A. Moreira Ferreira,SP,,Botafogo-Rj,,2022-09-06,4.0,Allianz Parque,L. Castro,10
Cruzeiro,BA,1.0,20:59,,4715,Cruzeiro,M. De Oliveira Santos,MG,,Vitoria,,2014-07-17,3.0,Mineirão,J. Da Silva,10
Flamengo,SP,0.0,18:30,,2919,Flamengo,,RJ,,Santo Andre,,2009-08-29,3.0,Maracanã,,22
Internacional,SC,0.0,19:30,,4847,Internacional,A. Da Silva Braga,RS,,Criciuma,,2014-09-24,3.0,Estádio José Pinheiro Borda,G. Dal Pozzo,24
Cruzeiro,MG,1.0,16:00,,2993,Atletico-Mg,,MG,,Cruzeiro,,2009-10-12,0.0,Mineirão,,29
Fluminense,RJ,4.0,16:00,,2318,Santos,,SP,,Fluminense,,2007-12-02,2.0,Vila Belmiro,,38
Empate,MG,1.0,21:00,,4280,Portuguesa,,SP,,Cruzeiro,,2013-07-06,1.0,Canindé,,6
Botafogo-Rj,RJ,3.0,16:00,3-4-2-1,8052,Flamengo,J. Sampaoli Moya,RJ,,Botafogo-Rj,4-2-3-1,2023-04-30,2.0,Maracanã,L. Ribeiro De Castro,3
Goias,PR,2.0,16:00,,1516,Goias,,GO,,Athletico-Pr,,2005-11-13,4.0,Serra Dourada,,38
Empate,SP,0.0,20:30,,219,Bahia,,BA,,Sao Caetano,,2003-07-16,0.0,Fonte Nova,,19
Palmeiras,SP,1.0,19:00,3-4-2-1,9056,Palmeiras,A. Ferreira,SP,2235507.8,Bragantino,4-2-3-1,2025-10-15,5.0,"Allianz Parque, São Paulo",V. Mancini,28
Empate,RS,1.0,18:33,4-3-1-2,8407,Criciuma,,SC,,Juventude,4-4-2,2024-04-13,1.0,Estádio Heriberto Hülse,R. Machado Marques,1
Figueirense,SP,0.0,18:10,,2264,Figueirense,,SC,,Santos,,2007-10-21,1.0,Orlando Scarpelli,,32
Corinthians,PE,0.0,19:32,4-1-4-1,5594,Corinthians,C. Borges Dos Santos,SP,,Sport,4-2-3-1,2016-09-08,3.0,Neo Química Arena,,23
Empate,MG,2.0,22:01,4-2-3-1,5283,Athletico-Pr,C. Borges Dos Santos,PR,,Cruzeiro,4-3-3,2015-10-14,2.0,Estádio Joaquim Américo Guimarães,L. Venker De Menezes,30
Empate,MG,0.0,18:31,4-2-3-1,8491,Vasco,Á. Teixeira Pacheco,RJ,,Cruzeiro,4-3-2-1,2024-06-16,0.0,Estádio São Januário,F. Seabra,9
Flamengo,SP,0.0,16:00,4-2-3-1,6671,Flamengo,J. Pinheiro De Jesus,RJ,,Palmeiras,4-1-4-1,2019-09-01,3.0,Maracanã,L. Scolari,17
Sao Caetano,SC,0.0,20:30,,894,Sao Caetano,,SP,,Figueirense,,2004-09-08,1.0,Anacleto Campanella,,29
Juventude,CE,0.0,20:30,,1491,Juventude,,RS,,Fortaleza,,2005-11-02,2.0,Alfredo Jaconi,,36
Athletico-Pr,SP,0.0,18:30,,3004,Athletico-Pr,,PR,,Santo Andre,,2009-10-18,3.0,Arena Da Baixada,,30
Parana,GO,0.0,16:00,,1851,Parana,,PR,,Goias,,2006-10-15,1.0,Durival De Brito,,29
Empate,RS,0.0,11:01,4-2-3-1,5181,Ponte Preta,D. Ghidoni Junior,SP,,Gremio,4-2-3-1,2015-08-23,0.0,Moisés Lucarelli,R. Machado Marques,20
Flamengo,SP,2.0,16:01,,4634,Flamengo,J. De Almeida Filho,RJ,,Palmeiras,,2014-05-04,4.0,Maracanã,G. Kleina,3
Santos,RJ,1.0,16:00,,325,Santos,,SP,,Flamengo,,2003-08-23,2.0,Vila Belmiro,,28
Sao Paulo,RJ,0.0,18:10,,1218,Sao Paulo,,SP,,Flamengo,,2005-07-09,2.0,Morumbi,,11
Corinthians,SP,2.0,21:50,,2903,Internacional,,RS,,Corinthians,,2009-08-19,1.0,Beira Rio,,20
Internacional,RS,2.0,18:30,,2934,Avai,,SC,,Internacional,,2009-06-09,0.0,Ressacada,,23
Atletico-Mg,MG,1.0,20:30,,3660,Athletico-Pr,,PR,,Atletico-Mg,,2011-08-31,0.0,Arena Da Baixada,,20
Empate,PR,1.0,19:00,4-2-3-1,6857,Ceara,A. Fucks,CE,,Athletico-Pr,4-2-3-1,2019-11-30,1.0,Arena Castelão,E. De Barros,36
Csa,AL,1.0,16:00,4-1-4-1,6651,Fluminense,F. Diniz Silva,RJ,,Csa,,2019-08-18,0.0,Maracanã,A. Fucks,15
Sao Paulo,SP,2.0,15:59,4-2-3-1,6282,Cruzeiro,L. Venker De Menezes,MG,,Sao Paulo,4-2-3-1,2018-07-29,0.0,Mineirão,D. Aguirre Camblor,16
Sport,BA,0.0,19:01,4-1-4-1,6164,Sport,C. Dos Santos Oliveira,PE,,Bahia,4-2-3-1,2018-05-06,2.0,Adelmar Da Costa Carvalho,A. Ferreira,4
Santos,PR,1.0,18:10,,1130,Santos,,SP,,Athletico-Pr,,2005-05-07,2.0,Vila Belmiro,,3
Figueirense,SC,1.0,16:00,,4782,Vitoria,N. Da Silveira Júnior,BA,,Figueirense,,2014-08-24,0.0,Barradão,A. Fucks,17
Nautico,PR,0.0,18:30,,2920,Nautico,,PE,,Athletico-Pr,,2009-08-29,3.0,Aflitos,,22
Vasco,RJ,2.0,17:00,,3882,Bahia,,BA,,Vasco,,2012-06-10,1.0,Pituaçu,,4
Fluminense,RS,0.0,19:00,4-2-3-1,7920,Fluminense,F. Diniz Silva,RJ,,Juventude,3-5-2,2022-09-28,4.0,Maracanã,U. Louzer Filho,28
Empate,MG,0.0,17:00,4-1-4-1,6607,Bahia,R. Machado Marques,BA,,Cruzeiro,4-3-3,2019-07-20,0.0,Itaipava Arena Fonte Nova,L. Venker De Menezes,11
Internacional,PR,0.0,19:30,4-2-3-1,5407,Internacional,,RS,,Athletico-Pr,4-2-3-1,2016-06-01,1.0,Estádio José Pinheiro Borda,,5
Goias,GO,1.0,22:29,,4906,Sport,E. Baptista,PE,,Goias,,2014-10-22,0.0,Adelmar Da Costa Carvalho,S. Drubscky De Campos,30
Criciuma,RS,0.0,16:00,,211,Criciuma,,SC,,Juventude,,2003-07-13,3.0,Heriberto Hulse,,18
Empate,RS,1.0,18:30,,3256,Athletico-Pr,,PR,,Gremio,,2010-08-29,1.0,Arena Da Baixada,,17
Corinthians,RJ,2.0,21:50,,2796,Corinthians,,SP,,Fluminense,,2009-07-08,4.0,Pacaembu,,9
Bahia,CE,1.0,17:00,,3845,Bahia,,BA,,Ceara,,2011-12-04,2.0,Pituaçu,,38
Empate,MG,2.0,20:30,,1490,Sao Paulo,,SP,,Atletico-Mg,,2005-11-02,2.0,Morumbi,,36
Corinthians,SP,3.0,21:45,,799,Vasco,,RJ,,Corinthians,,2004-08-04,1.0,Sã£O Januã¡Rio,,21
Bragantino,SP,1.0,19:01,4-2-3-1,9098,Bragantino,V. Mancini,SP,395515.0,Corinthians,,2025-11-05,2.0,"Estádio Municipal Cicero De Souza Marques, Bragança Paulista",D. Junior,32
Palmeiras,RS,0.0,16:00,,735,Palmeiras,,SP,,Gremio,,2004-07-17,2.0,Parque Antártica,,16
Fluminense,RJ,2.0,18:10,,2246,Flamengo,,RJ,,Fluminense,,2007-10-07,0.0,Maracanã,,30
Empate,MG,0.0,21:00,4-3-3,8285,Cuiaba,A. Cardoso De Oliveira,MT,,Cruzeiro,4-3-3,2023-10-14,0.0,Arena Pantanal,J. Mannarino,26
Bragantino,CE,2.0,19:01,4-3-3,6939,Bragantino,M. Nogueira Barbieri,SP,,Ceara,4-2-3-1,2020-09-19,4.0,Nabizã£O,A. Ferreira,11
Botafogo-Rj,RS,2.0,18:10,,1176,Botafogo-Rj,,RJ,,Juventude,,2005-06-11,3.0,Luso Brasileiro,,7
Botafogo-Rj,RJ,1.0,20:59,4-2-3-1,5828,Botafogo-Rj,J. Ribeiro Ventura,RJ,,Vasco,4-2-3-1,2017-06-21,3.0,Estádio Nilton Santos,M. Mendes,9
Goias,GO,2.0,22:00,,1832,Sao Caetano,,SP,,Goias,,2006-10-04,1.0,Anacleto Campanella,,27
Fluminense,RJ,1.0,16:03,4-2-3-1,8022,Bragantino,M. Nogueira Barbieri,SP,,Fluminense,4-2-3-1,2022-11-13,0.0,Nabizão,F. Diniz Silva,38
Parana,GO,1.0,16:00,,1059,Parana,,PR,,Goias,,2004-11-27,2.0,Pinheirão,,43
Palmeiras,CE,0.0,18:15,3-4-2-1,7242,Palmeiras,A. Moreira Ferreira,SP,,Fortaleza,4-2-3-1,2021-02-14,3.0,Allianz Parque,E. Alves Moreira,36
Sao Paulo,SP,2.0,21:40,,201,Coritiba,,PR,,Sao Paulo,,2003-07-09,0.0,Couto Pereira,,17
Empate,PR,1.0,11:01,4-2-3-1,7901,Avai,E. De Souza Barroca,SC,,Athletico-Pr,4-2-3-1,2022-09-11,1.0,Ressacada,L. Scolari,26
Internacional,RJ,1.0,17:00,4-2-3-1,5670,Internacional,C. Juarez Roth,RS,,Flamengo,4-2-3-1,2016-10-16,2.0,Estádio José Pinheiro Borda,J. Mannarino,31
Empate,BA,1.0,19:30,,4658,Flamengo,N. Da Silveira Júnior,RJ,,Bahia,NAN,2014-05-21,1.0,Moacyrzã£O,M. Dos Santos Gonçalves,6
Atletico-Mg,SP,0.0,16:00,,1098,Atletico-Mg,,MG,,Sao Caetano,,2004-12-19,3.0,Mineirão,,46
Fluminense,RS,0.0,16:00,,549,Fluminense,,RJ,,Juventude,,2003-12-14,1.0,Maracanã,,46
Santos,RJ,0.0,16:02,4-3-3,6877,Santos,J. Sampaoli Moya,SP,,Flamengo,4-2-3-1,2019-12-08,4.0,Estádio Urbano Caldeira,J. Pinheiro De Jesus,38
Corinthians,BA,0.0,16:00,,4350,Corinthians,,SP,,Vitoria,,2013-08-11,2.0,Pacaembu,,13
Vasco,PR,1.0,20:30,,4538,Vasco,,RJ,,Coritiba,,2013-11-02,,Moacyrzão,,32
Empate,SP,0.0,16:00,,3372,Botafogo-Rj,,RJ,,Palmeiras,,2010-10-10,0.0,Engenhão,,29
Atletico-Mg,SP,0.0,16:00,4-1-4-1,6770,Atletico-Mg,V. Carmo Mancini,MG,,Santos,4-3-3,2019-10-20,2.0,Estádio Raimundo Sampaio,J. Sampaoli Moya,27
Empate,SP,1.0,22:00,,2533,Ipatinga,,MG,,Santos,,2008-08-20,1.0,Ipatingão,,21
Figueirense,PE,0.0,21:45,,2315,Figueirense,,SC,,Nautico,,2007-11-28,2.0,Orlando Scarpelli,,37
Empate,AL,0.0,19:00,4-2-3-1,6632,Vasco,V. Luxemburgo Da Silva,RJ,,Csa,4-2-3-1,2019-08-04,0.0,Kléber Andrade,A. Fucks,13
Internacional,RS,2.0,17:00,4-3-3,6946,Botafogo-Rj,P. Autuori De Mello,RJ,,Internacional,4-1-2-1-2,2020-08-29,0.0,Estádio Nilton Santos,E. Coudet,6
Goias,GO,4.0,18:30,,2817,Fluminense,,RJ,,Goias,,2009-07-18,1.0,Maracanã,,12
Flamengo,SP,1.0,19:30,,3438,Flamengo,,RJ,,Guarani,,2010-11-20,2.0,Engenhão,,36
Goias,SC,0.0,19:31,4-2-3-1,6805,Goias,N. Da Silveira Júnior,GO,,Avai,4-4-2,2019-11-03,2.0,Estádio Do Governo Do Estado De Goiás (Serra Dourada),E. Spinassé Camillato,30
Goias,RS,0.0,16:00,,66,Goias,,GO,,Juventude,,2003-04-27,7.0,Serra Dourada,,6
Flamengo,GO,1.0,20:29,4-4-2,7839,Flamengo,D. Silvestre Júnior,RJ,,Atletico-Go,4-1-4-1,2022-07-30,4.0,Maracanã,J. De Amorim Campos,20
Criciuma,GO,2.0,16:00,,618,Criciuma,,SC,,Goias,,2004-05-16,7.0,Heriberto Hulse,,6
Empate,MG,3.0,18:10,,1119,Ponte Preta,,SP,,Atletico-Mg,,2005-04-30,3.0,Moisés Lucarelli,,2
Athletico-Pr,CE,1.0,22:00,,3262,Athletico-Pr,,PR,,Ceara,,2010-09-01,2.0,Arena Da Baixada,,18
Vitoria,RJ,2.0,16:00,,3402,Vitoria,,BA,,Vasco,,2010-10-30,4.0,Barradão,,32
Gremio,SP,0.0,18:00,,3695,Gremio,,RS,,Sao Paulo,,2011-09-11,1.0,Olímpico,,23
Coritiba,RS,1.0,20:30,,938,Coritiba,,PR,,Gremio,,2004-09-28,2.0,Couto Pereira,,33
Empate,GO,0.0,21:30,4-4-2,6892,Corinthians,Coelho,SP,,Atletico-Go,4-2-3-1,2020-09-30,0.0,Neo Química Arena,V. Carmo Mancini,1
Nautico,PE,3.0,16:00,,2573,Vasco,,RJ,,Nautico,,2008-09-14,1.0,São Januário,,25
Corinthians,SP,1.0,19:00,4-2-3-1,7968,Santos,O. Ribeiro,SP,,Corinthians,4-3-3,2022-10-22,0.0,Estádio Urbano Caldeira,V. De Oliveira Lopes Pereira,33
Corinthians,SP,0.0,19:00,,624,Corinthians,,SP,,Guarani,,2004-05-16,1.0,Pacaembu,,6
Empate,GO,0.0,16:00,,1682,Cruzeiro,,MG,,Goias,,2006-07-16,0.0,Mineirão,,12
Empate,RJ,1.0,16:00,,2142,Figueirense,,SC,,Botafogo-Rj,,2007-08-12,1.0,Orlando Scarpelli,,19
Atletico-Mg,SC,1.0,16:00,,788,Atletico-Mg,,MG,,Figueirense,,2004-08-01,3.0,Independência,,20
Avai,CE,0.0,18:30,,3335,Avai,,SC,,Ceara,,2010-09-26,5.0,Ressacada,,25
Sao Paulo,SC,0.0,18:33,4-2-3-1,5007,Sao Paulo,,SP,,Joinville,4-4-2,2015-05-23,3.0,Morumbi,H. Maria,3
Empate,SP,1.0,16:00,,1093,Fluminense,,RJ,,Palmeiras,,2004-12-19,1.0,Maracanã,,46
Cruzeiro,MG,3.0,18:30,,4299,Sao Paulo,,SP,,Cruzeiro,,2013-07-20,0.0,Morumbi,,8
Bahia,RJ,0.0,18:32,4-3-3,9052,Bahia,R. Ceni,BA,2599289.0,Flamengo,4-2-3-1,2025-10-05,1.0,"Arena Fonte Nova, Salvador",F. Luís,27
Bragantino,RJ,2.0,16:00,4-2-3-1,8986,Bragantino,V. Mancini,SP,158295.0,Fluminense,4-2-3-1,2025-08-23,4.0,"Estádio Municipal Cicero De Souza Marques, Bragança Paulista",L. Luis Zubeldia,21
Coritiba,PR,2.0,19:30,4-3-3,5924,Sao Paulo,D. Silvestre Júnior,SP,,Coritiba,4-5-1,2017-08-03,10.0,Morumbi,M. De Oliveira Santos,18
Empate,SP,1.0,22:00,,3283,Athletico-Pr,,PR,,Corinthians,,2010-09-08,1.0,Arena Da Baixada,,20
Empate,RJ,0.0,21:47,4-2-3-1,5539,Santos,D. Silvestre Júnior,SP,,Flamengo,4-2-3-1,2016-08-03,0.0,Arena Pantanal,J. Mannarino,18
Cruzeiro,MG,4.0,16:00,,2213,Atletico-Mg,,MG,,Cruzeiro,,2007-09-16,3.0,Mineirão,,26
Figueirense,SP,0.0,18:10,,1162,Figueirense,,SC,,Sao Caetano,,2005-05-28,2.0,Orlando Scarpelli,,6
Corinthians,BA,1.0,19:01,4-2-3-1,6430,Corinthians,J. Ribeiro Ventura,SP,,Bahia,4-2-3-1,2018-10-27,2.0,Neo Química Arena,E. Alves Moreira,31
Bahia,SC,1.0,18:30,,3596,Bahia,,BA,,Figueirense,,2011-07-31,3.0,Pituaçu,,13
Flamengo,RJ,2.0,16:00,,3932,Bahia,,BA,,Flamengo,,2012-07-15,1.0,Pituaçu,,9
Vitoria,BA,3.0,18:34,,4729,Criciuma,W. Lopes,SC,,Vitoria,,2014-07-26,1.0,Estádio Heriberto Hülse,J. Da Silva,12
Sao Paulo,SP,1.0,16:01,3-4-2-1,6226,Athletico-Pr,F. Diniz Silva,PR,,Sao Paulo,4-4-1-1,2018-06-09,0.0,Estádio Joaquim Américo Guimarães,D. Aguirre Camblor,11
Santos,RJ,0.0,16:00,,4141,Santos,,SP,,Vasco,,2012-10-14,2.0,Vila Belmiro,,30
Internacional,RS,1.0,18:00,,479,Vasco,,RJ,,Internacional,,2003-11-02,0.0,Batistão,,40
Juventude,PR,0.0,18:10,,1362,Juventude,,RS,,Parana,,2005-09-07,2.0,Alfredo Jaconi,,24
Ponte Preta,SP,0.0,21:50,,4442,Ponte Preta,,SP,,Corinthians,,2013-09-18,2.0,Moisés Lucarelli,,22
Bahia,BA,1.0,17:03,4-2-3-1,6038,Bahia,P. Carpegiani,BA,,Vitoria,4-2-3-1,2017-10-22,2.0,Itaipava Arena Fonte Nova,V. Carmo Mancini,30
Ipatinga,PR,0.0,18:20,,2649,Ipatinga,,MG,,Coritiba,,2008-11-01,2.0,Ipatingão,,33
Palmeiras,SP,2.0,18:30,3-4-1-2,8452,Cuiaba,R. Colbachini,MT,,Palmeiras,3-4-2-1,2024-05-05,0.0,Arena Pantanal,A. Moreira Ferreira,5
Cruzeiro,MG,3.0,18:30,,4673,Internacional,A. Da Silva Braga,RS,,Cruzeiro,,2014-05-25,1.0,Estádio Francisco Stédile (Centenário),M. De Oliveira Santos,7
Empate,SP,1.0,16:00,3-4-2-1,8370,Botafogo-Rj,T. Retzalff Nunes,RJ,,Santos,4-1-2-1-2,2023-11-26,1.0,Estádio Nilton Santos,M. Fernandes,35
Empate,PR,1.0,16:00,,2590,Coritiba,,PR,,Athletico-Pr,,2008-09-28,1.0,Couto Pereira,,27
Sao Caetano,MG,1.0,16:00,,1034,Sao Caetano,,SP,,Cruzeiro,,2004-11-13,4.0,Anacleto Campanella,,41
Internacional,RJ,0.0,16:04,,4721,Internacional,A. Da Silva Braga,RS,,Flamengo,,2014-07-20,4.0,Estádio José Pinheiro Borda,N. Da Silveira Júnior,11
Sao Paulo,RJ,1.0,16:02,4-2-3-1,4992,Sao Paulo,M. Cruz,SP,,Flamengo,4-3-2-1,2015-05-10,2.0,Morumbi,V. Luxemburgo Da Silva,1
Cruzeiro,PE,0.0,20:30,,2599,Cruzeiro,,MG,,Sport,,2008-10-02,1.0,Mineirão,,28
Corinthians,RJ,2.0,22:00,,4133,Corinthians,,SP,,Flamengo,,2012-10-10,3.0,Pacaembu,,29
Avai,MG,0.0,16:32,4-2-3-1,7906,Avai,L. Cirne Lima De Lorenzi,SC,,Atletico-Mg,4-2-3-1,2022-09-17,1.0,Ressacada,A. Stival,27
Empate,RS,1.0,18:30,4-2-3-1,8468,Fluminense,E. De Barros,RJ,,Juventude,4-2-3-1,2024-06-01,1.0,Maracanã,R. Machado Marques,7
Empate,SC,1.0,17:00,4-4-2,7426,Atletico-Go,E. De Souza Barroca,GO,,Chapecoense,4-2-3-1,2021-08-21,1.0,Estádio Antônio Accioly,L. De Oliveira Preto,17
Atletico-Mg,MG,3.0,20:59,4-2-3-1,6225,America-Mg,E. Alves Moreira,MG,,Atletico-Mg,,2018-06-07,1.0,Estádio Raimundo Sampaio,T. Mendes Larghi,10
Gremio,MG,0.0,17:00,4-2-3-1,5721,Gremio,Renato Gaúcho,RS,,America-Mg,4-1-4-1,2016-11-20,3.0,Arena Do Grãªmio,E. Alves Moreira,36
Empate,SP,2.0,16:00,,3720,Botafogo-Rj,,RJ,,Sao Paulo,,2011-09-25,2.0,Engenhão,,26
Bragantino,SP,2.0,18:14,3-4-1-2,7353,Sao Paulo,J. Branda,SP,,Bragantino,4-2-3-1,2021-07-04,1.0,Morumbi,M. Nogueira Barbieri,9
Chapecoense,BA,1.0,16:01,,4691,Chapecoense,C. Rodrigues,SC,,Bahia,,2014-06-01,2.0,Arena Condá,M. Dos Santos Gonçalves,9
Botafogo-Rj,MG,2.0,21:00,,3620,Botafogo-Rj,,RJ,,America-Mg,,2011-08-13,4.0,Engenhão,,16
Parana,RJ,1.0,16:00,,1437,Parana,,PR,,Fluminense,,2005-10-08,6.0,Pinheirão,,31
America-Mg,SP,0.0,18:59,4-2-2-2,7347,America-Mg,V. Carmo Mancini,MG,,Santos,4-2-3-1,2021-07-03,2.0,Estádio Raimundo Sampaio,F. Diniz Silva,9
Empate,SP,0.0,16:00,,2921,Sao Paulo,,SP,,Palmeiras,,2009-08-30,0.0,Morumbi,,22
Empate,RJ,0.0,17:00,,3820,Atletico-Go,,GO,,Flamengo,,2011-11-20,0.0,Serra Dourada,,36
Athletico-Pr,PR,0.0,16:00,,1872,Athletico-Pr,,PR,,Parana,,2006-10-28,4.0,Kyocera Arena,,31
Corinthians,BA,1.0,21:30,4-1-4-1,7496,Corinthians,S. Campos Junior,SP,,Bahia,4-4-2,2021-10-05,,Neo Química Arena,,24
Empate,SC,1.0,20:30,,481,Parana,,PR,,Figueirense,,2003-11-05,1.0,Estádio Do Café,,41
Cruzeiro,RJ,1.0,17:01,,4922,Cruzeiro,M. De Oliveira Santos,MG,,Botafogo-Rj,,2014-11-02,2.0,Mineirão,V. Carmo Mancini,32
Empate,SP,0.0,19:01,3-4-2-1,7631,Athletico-Pr,A. Valentim Do Carmo Neto,PR,,Palmeiras,3-4-3,2021-12-06,0.0,Estádio Joaquim Américo Guimarães,P. V. Rodrigues Gomes,37
Corinthians,MG,0.0,16:00,,2892,Corinthians,,SP,,Atletico-Mg,,2009-08-16,2.0,Pacaembu,,19
Flamengo,RJ,3.0,19:01,4-2-3-1,6661,Ceara,E. Alves Moreira,CE,,Flamengo,4-1-4-1,2019-08-25,0.0,Arena Castelão,J. Pinheiro De Jesus,16
Empate,SP,1.0,19:30,4-2-3-1,6296,Ceara,L. Cirne Lima De Lorenzi,CE,,Santos,4-3-3,2018-08-08,1.0,Estádio Presidente Vargas,A. Stival,20
Bahia,BA,2.0,18:00,,527,Corinthians,,SP,,Bahia,,2003-11-30,1.0,Pacaembu,,44
Fortaleza,GO,1.0,18:30,4-2-3-1,8584,Fortaleza,J. Vojvoda,CE,,Atletico-Go,5-4-1,2024-07-21,3.0,Arena Castelão,,18
Juventude,RJ,1.0,20:30,,723,Juventude,,RS,,Fluminense,,2004-07-13,2.0,Alfredo Jaconi,,15
Gremio,RS,1.0,18:30,,4718,Figueirense,A. Ferreira,SC,,Gremio,,2014-07-19,0.0,Orlando Scarpelli,E. Alves Moreira,11
Santos,SP,1.0,21:40,,223,Santos,,SP,,Ponte Preta,,2003-07-16,2.0,Vila Belmiro,,19
Internacional,RS,4.0,16:00,,1936,Palmeiras,,SP,,Internacional,,2006-11-26,1.0,Parque Antártica,,37
Bahia,PR,2.0,16:00,,345,Bahia,,BA,,Parana,,2003-08-31,4.0,Fonte Nova,,29
Botafogo-Rj,GO,0.0,21:31,4-4-2,8424,Botafogo-Rj,A. Torres Gomes Araújo Amorim,RJ,,Atletico-Go,,2024-04-18,1.0,Estádio Nilton Santos,E. C. Tannus Faro,2
Fortaleza,RS,0.0,16:05,4-2-3-1,8776,Fortaleza,J. Vojvoda,CE,,Internacional,4-1-2-1-2,2024-12-08,3.0,Arena Castelão,R. Machado Marques,38
Nautico,SC,2.0,20:30,,4040,Nautico,,PE,,Figueirense,,2012-08-29,3.0,Aflitos,,20
Santos,RJ,0.0,20:01,4-2-3-1,8918,Santos,J. Vojvoda,SP,1270130.0,Flamengo,4-2-3-1,2025-07-16,1.0,"Estádio Urbano Caldeira, Santos",F. Luís,14
Fortaleza,PR,1.0,21:31,4-2-2-2,6523,Fortaleza,R. Ceni,CE,,Athletico-Pr,,2019-05-01,2.0,Arena Castelão,T. Retzalff Nunes,2
Empate,RS,1.0,16:02,4-2-4-0,6380,Corinthians,J. Ribeiro Ventura,SP,,Internacional,4-3-3,2018-09-23,1.0,Neo Química Arena,O. Hellmann,26
Sao Paulo,SP,2.0,17:01,4-2-3-1,6110,Coritiba,M. De Oliveira Santos,PR,,Sao Paulo,4-3-3,2017-11-26,1.0,Couto Pereira,D. Silvestre Júnior,37
Fortaleza,MG,0.0,18:33,4-4-2,9145,Fortaleza,T. Carpini,CE,886176.0,Atletico-Mg,3-4-2-1,2025-11-30,1.0,"Arena Castelão, Fortaleza",J. Sampaoli,35
Empate,SP,0.0,16:00,4-2-3-1,5939,Sport,V. Luxemburgo Da Silva,PE,,Ponte Preta,4-4-2,2017-08-13,0.0,Adelmar Da Costa Carvalho,G. Kleina,20
Sport,PE,2.0,18:15,4-4-2,7014,Bahia,,BA,,Sport,4-2-3-1,2020-10-04,1.0,Estádio De Pituaçu,J. Ribeiro Ventura,13
Gremio,SP,0.0,19:01,,9063,Gremio,,RS,1067568.0,Sao Paulo,3-4-1-2,2025-10-16,2.0,"Arena Do Grêmio, Porto Alegre",H. Crespo,28
Vitoria,RS,1.0,16:00,,2392,Vitoria,,BA,,Internacional,,2008-06-22,2.0,Barradão,,7
Gremio,BA,1.0,19:15,4-2-3-1,7156,Gremio,Renato Gaúcho,RS,,Bahia,4-1-4-1,2021-01-06,2.0,Arena Do Grêmio,,28
Bahia,GO,1.0,18:30,,4315,Bahia,,BA,,Goias,,2013-07-28,2.0,Fonte Nova,,9
Chapecoense,MG,0.0,19:00,4-1-4-1,6431,Chapecoense,C. Dos Santos Oliveira,SC,,America-Mg,4-2-3-1,2018-10-27,1.0,Arena Condá,A. Batista,31
Flamengo,RJ,2.0,21:18,4-2-3-1,8238,Botafogo-Rj,B. Nascimento,RJ,,Flamengo,4-2-3-1,2023-09-02,1.0,Estã¡Dio Nilton Santos,J. Sampaoli Moya,22
Santos,RJ,1.0,16:00,,1555,Santos,,SP,,Botafogo-Rj,,2005-11-27,,Vila Belmiro,,41
Coritiba,SC,0.0,17:00,,4223,Coritiba,,PR,,Figueirense,,2012-12-02,3.0,Couto Pereira,,38
Empate,RJ,0.0,18:00,4-3-3,9088,Mirassol,Rafael Silva Guanaes,SP,,Botafogo-Rj,4-2-3-1,2025-11-01,0.0,"Campos Maia, Mirassol",Davide Ancelotti,31
Gremio,PE,0.0,21:59,,4882,Gremio,L. Scolari,RS,,Sport,,2014-10-08,2.0,Arena Do Grêmio,E. Baptista,27
Sport,SC,1.0,20:58,4-2-2-2,5051,Sport,E. Baptista,PE,,Joinville,4-2-3-1,2015-06-13,2.0,Adelmar Da Costa Carvalho,A. Batista,7
Athletico-Pr,RJ,0.0,12:06,4-2-3-1,6841,Athletico-Pr,E. De Barros,PR,,Botafogo-Rj,4-2-3-1,2019-11-17,1.0,Estã¡Dio Joaquim Amã©Rico Guimarã£Es,A. Valentim Do Carmo Neto,33
Sao Paulo,SP,2.0,16:00,,4032,Corinthians,,SP,,Sao Paulo,,2012-08-26,1.0,Pacaembu,,19
Internacional,PE,0.0,21:00,,2885,Internacional,,RS,,Sport,,2009-08-10,3.0,Beira Rio,,18
Sao Paulo,SC,1.0,18:10,,1678,Sao Paulo,,SP,,Figueirense,,2006-07-15,2.0,Morumbi,,12
Coritiba,PR,0.0,16:00,,4292,Coritiba,,PR,,Athletico-Pr,,2013-07-14,1.0,Couto Pereira,,7
Nautico,SP,0.0,18:10,,1965,Nautico,,PE,,Sao Paulo,,2007-05-20,1.0,Aflitos,,2
Sao Caetano,SP,2.0,16:00,,902,Vasco,,RJ,,Sao Caetano,,2004-09-11,1.0,Maracanã,,30
Flamengo,BA,0.0,16:00,4-2-3-1,8266,Flamengo,M. J,RJ,,Bahia,4-2-3-1,2023-09-30,1.0,Maracanã,R. Ceni,25
Palmeiras,MG,1.0,17:00,,3069,Palmeiras,,SP,,Atletico-Mg,,2009-11-29,3.0,Palestra Itália,,37
Botafogo-Rj,PR,2.0,18:10,,2297,Botafogo-Rj,,RJ,,Parana,,2007-11-10,3.0,Maracanã,,36
Empate,RS,0.0,21:30,4-1-4-1,6216,Sao Paulo,D. Aguirre Camblor,SP,,Internacional,4-2-3-1,2018-06-05,0.0,Morumbi,O. Hellmann,10
Empate,GO,1.0,16:03,4-3-3,8019,America-Mg,V. Carmo Mancini,MG,,Atletico-Go,4-2-3-1,2022-11-13,1.0,Estádio Raimundo Sampaio,E. Do Nascimento Souza,38
Vitoria,BA,2.0,16:00,,297,Figueirense,,SC,,Vitoria,,2003-08-10,1.0,Orlando Scarpelli,,25
Empate,RS,1.0,20:01,5-3-2,8768,Vitoria,T. Carpini Barbosa,BA,,Gremio,4-2-3-1,2024-12-04,1.0,Barradã£O,Renato Gaúcho,37
Empate,PA,4.0,16:00,,57,Ponte Preta,,SP,,Paysandu,,2003-04-20,4.0,Moisés Lucarelli,,5
Flamengo,RJ,2.0,19:02,4-1-3-2,8692,Bahia,R. Ceni,BA,,Flamengo,4-2-3-1,2024-10-05,0.0,Arena Fonte Nova,F. Luís,29
Santos,BA,0.0,18:30,,4377,Santos,,SP,,Vitoria,,2013-08-24,2.0,Vila Belmiro,,16
Empate,SC,2.0,21:00,,2985,Palmeiras,,SP,,Avai,,2009-10-08,2.0,Palestra Itália,,28
Atletico-Mg,MG,2.0,16:00,,39,Athletico-Pr,,PR,,Atletico-Mg,,2003-04-12,1.0,Arena Da Baixada,,3
Flamengo,BA,1.0,19:30,,4398,Flamengo,,RJ,,Vitoria,,2013-09-04,2.0,Maracanã,,18
Empate,RJ,1.0,20:30,4-2-3-1,7135,Vasco,R. Andrade Silva Sá Pinto,RJ,,Fluminense,4-4-2,2020-12-13,1.0,Estádio Vasco Da Gama,M. De Oliveira,25
Figueirense,PE,3.0,20:30,,2677,Figueirense,,SC,,Nautico,,2008-11-20,4.0,Orlando Scarpelli,,36
Corinthians,SP,3.0,19:00,4-4-2,6624,Fortaleza,R. Ceni,CE,,Corinthians,4-1-4-1,2019-07-28,1.0,Arena Castelão,F. Carille,12
Palmeiras,SP,2.0,17:00,,5358,Flamengo,J. De Almeida Filho,RJ,,Palmeiras,4-2-3-1,2015-12-06,1.0,Maracanã,M. De Oliveira Santos,38
Botafogo-Rj,RJ,2.0,16:00,4-1-4-1,5822,Chapecoense,V. Carmo Mancini,SC,,Botafogo-Rj,,2017-06-18,0.0,Arena Condá,J. Ribeiro Ventura,8
Empate,SP,2.0,18:30,,3250,Ceara,,CE,,Gremio Prudente,,2010-08-28,2.0,Castelão,,17
Fluminense,SP,1.0,21:00,,3996,Fluminense,,RJ,,Sao Paulo,,2012-08-09,2.0,São Januário,,15
Cruzeiro,PE,0.0,18:30,,3885,Cruzeiro,,MG,,Sport,,2012-06-10,1.0,Melão,,4
Empate,PR,1.0,21:30,4-2-3-1,7642,Sport,G. Florentín,PE,,Athletico-Pr,3-4-2-1,2021-12-09,1.0,Arena De Pernambuco,J. Freitas,38
Corinthians,SP,3.0,16:00,,296,Atletico-Mg,,MG,,Corinthians,,2003-08-10,2.0,Mineirão,,25
Empate,RJ,0.0,21:50,,3162,Goias,,GO,,Vasco,,2010-07-14,0.0,Serra Dourada,,8
Empate,RS,0.0,16:00,,2581,Athletico-Pr,,PR,,Gremio,,2008-09-21,0.0,Kyocera Arena,,26
Coritiba,SP,0.0,20:30,,3871,Coritiba,,PR,,Portuguesa,,2012-06-06,2.0,Couto Pereira,,3
Gremio,PE,0.0,16:01,4-2-3-1,5965,Gremio,Renato Gaúcho,RS,,Sport,4-3-3,2017-09-02,5.0,Arena Do Grêmio,V. Luxemburgo Da Silva,22
Sport,CE,0.0,20:01,4-2-3-1,6445,Sport,M. Mendes,PE,,Ceara,4-2-3-1,2018-11-05,1.0,Adelmar Da Costa Carvalho,L. Cirne Lima De Lorenzi,32
Goias,SP,1.0,15:59,,4731,Goias,S. Drubscky De Campos,GO,,Sao Paulo,,2014-07-27,2.0,Estádio Do Governo Do Estado De Goiás (Serra Dourada),M. Ramalho,12
Empate,RJ,1.0,16:00,,650,Parana,,PR,,Botafogo-Rj,,2004-06-12,1.0,Pinheirão,,9
Palmeiras,MG,1.0,18:10,,1382,Palmeiras,,SP,,Cruzeiro,,2005-09-17,2.0,Parque Antártica,,26
Chapecoense,SC,3.0,21:01,4-2-3-1,6028,Atletico-Mg,O. De Oliveira Filho,MG,,Chapecoense,4-1-4-1,2017-10-18,2.0,Estádio Raimundo Sampaio,E. Hartkopp,29
Empate,MG,0.0,18:29,4-2-3-1,5146,Sport,E. Baptista,PE,,Cruzeiro,4-3-3,2015-08-02,0.0,Arena De Pernambuco,V. Luxemburgo Da Silva,16
Ceara,CE,0.0,19:02,4-2-3-1,6956,Ceara,A. Ferreira,CE,,Fortaleza,4-2-3-1,2020-09-02,1.0,Arena Castelão,R. Ceni,7
Vasco,RJ,2.0,17:00,4-3-3,8333,Cuiaba,A. Cardoso De Oliveira,MT,,Vasco,4-1-4-1,2023-11-02,0.0,Arena Pantanal,R. Díaz,31
Santos,SC,0.0,19:30,,4197,Santos,,SP,,Figueirense,,2012-11-17,2.0,Vila Belmiro,,36
Goias,SP,2.0,17:00,,682,Goias,,GO,,Sao Caetano,,2004-06-27,3.0,Serra Dourada,,11
Flamengo,PA,0.0,18:00,,435,Flamengo,,RJ,,Paysandu,,2003-10-18,2.0,Maracanã,,37
Atletico-Mg,MT,0.0,21:00,4-2-3-1,8265,Atletico-Mg,L. Scolari,MG,,Cuiaba,,2023-09-23,1.0,Arena Mrv,B. Lazaroni,24
Chapecoense,PE,1.0,18:30,,4818,Chapecoense,J. Da Silva,SC,,Sport,,2014-09-13,3.0,Arena Condá,E. Baptista,21
Sao Paulo,PR,1.0,21:01,4-1-4-1,6008,Sao Paulo,D. Silvestre Júnior,SP,,Athletico-Pr,,2017-10-14,2.0,Estádio Municipal Paulo Machado De Carvalho,,28
Flamengo,RJ,0.0,21:00,,3160,Flamengo,,RJ,,Botafogo-Rj,,2010-07-14,1.0,Maracanã,,8
Flamengo,SP,1.0,16:10,,2988,Flamengo,,RJ,,Sao Paulo,,2009-10-10,2.0,Maracanã,,29
Empate,SC,0.0,16:00,,813,Juventude,,RS,,Figueirense,,2004-08-08,0.0,Alfredo Jaconi,,22
Empate,RJ,1.0,21:45,,1883,Sao Caetano,,SP,,Fluminense,,2006-11-01,1.0,Anacleto Campanella,,32
Empate,GO,2.0,18:30,,3999,Santos,,SP,,Atletico-Go,,2012-08-11,2.0,Pacaembu,,16
Empate,PR,2.0,20:59,,4919,Corinthians,L. Venker De Menezes,SP,,Coritiba,,2014-11-01,2.0,Neo Química Arena,M. Dos Santos Gonçalves,32
Atletico-Mg,SC,2.0,18:30,,4285,Atletico-Mg,,MG,,Criciuma,,2013-07-07,3.0,Independência,,6
Empate,RJ,0.0,16:00,,1941,Figueirense,,SC,,Vasco,,2006-12-03,0.0,Orlando Scarpelli,,38
Goias,RJ,1.0,19:30,,3299,Goias,,GO,,Botafogo-Rj,,2010-09-15,4.0,Serra Dourada,,22
Santos,MG,0.0,18:30,,3526,Santos,,SP,,America-Mg,,2011-07-02,1.0,Pacaembu,,6
Empate,CE,1.0,16:00,,3732,Atletico-Mg,,MG,,Ceara,,2011-10-02,1.0,Arena Do Jacaré,,27
Vasco,PR,0.0,19:29,4-4-2,6196,Vasco,J. Mannarino,RJ,,Parana,4-1-4-1,2018-05-30,1.0,Estádio Vasco Da Gama,Ademir Fesan,8
Empate,MG,1.0,16:00,,1613,Palmeiras,,SP,,Cruzeiro,,2006-05-14,1.0,Parque Antártica,,5
Corinthians,SP,4.0,16:00,,1183,Brasiliense,,DF,,Corinthians,,2005-06-18,2.0,Mané Garrincha,,8
Corinthians,SP,3.0,16:00,,1387,Figueirense,,SC,,Corinthians,,2005-09-18,2.0,Orlando Scarpelli,,26
Atletico-Mg,MG,4.0,18:30,,3947,Sport,,PE,,Atletico-Mg,,2012-07-21,1.0,Ilha Do Retiro,,11
Empate,MG,0.0,19:30,,4060,Bahia,,BA,,Atletico-Mg,,2012-09-05,0.0,Pituaçu,,22
Flamengo,RJ,1.0,16:00,4-2-3-1,5193,Sport,E. Baptista,PE,,Flamengo,4-2-3-1,2015-08-30,0.0,Arena De Pernambuco,O. De Oliveira Filho,21
Internacional,RS,3.0,16:00,,63,Vitoria,,BA,,Internacional,,2003-04-26,0.0,Barradão,,6
Atletico-Mg,MG,1.0,18:00,,628,Coritiba,,PR,,Atletico-Mg,,2004-05-22,0.0,Couto Pereira,,7
Corinthians,MG,0.0,21:47,4-2-3-1,5813,Corinthians,F. Carille,SP,,Cruzeiro,4-3-2-1,2017-06-14,1.0,Neo Química Arena,L. Venker De Menezes,7
Sao Paulo,RS,1.0,20:30,,1670,Sao Paulo,,SP,,Gremio,,2006-07-12,2.0,Morumbi,,11
Empate,RJ,0.0,19:30,,2128,Juventude,,RS,,Fluminense,,2007-08-08,0.0,Alfredo Jaconi,,18
Empate,MG,2.0,18:31,3-4-2-1,8117,Bahia,R. Alves Paiva,BA,,Cruzeiro,4-3-3,2023-06-10,2.0,Itaipava Arena Fonte Nova,P. Marques Da Costa Filipe,10
Corinthians,PR,1.0,21:33,4-2-3-1,7823,Corinthians,V. De Oliveira Lopes Pereira,SP,,Coritiba,4-1-4-1,2022-07-20,3.0,Neo Química Arena,G. Morínigo,18
Botafogo-Rj,PE,0.0,21:50,,4013,Botafogo-Rj,,RJ,,Sport,,2012-08-15,,Engenhão,,17
Fluminense,SP,0.0,19:32,4-2-3-1,8813,Fluminense,L. Luis Zubeldia,RJ,2031750.0,Santos,4-2-3-1,2025-04-13,1.0,"Maracanã, Rio De Janeiro",J. Vojvoda,3
Empate,RJ,0.0,18:00,,84,Fluminense,,RJ,,Vasco,,2003-05-04,0.0,Maracanã,,7
Mirassol,SP,1.0,18:31,4-2-3-1,8859,Mirassol,R. Guanaes,SP,1170660.0,Corinthians,4-4-2,2025-05-10,2.0,"Campos Maia, Mirassol",D. Junior,8
Botafogo-Rj,PR,0.0,20:30,,1466,Botafogo-Rj,,RJ,,Coritiba,,2005-10-22,2.0,Luso Brasileiro,,33
Botafogo-Rj,MG,1.0,20:30,,2284,Botafogo-Rj,,RJ,,Cruzeiro,,2007-11-01,4.0,Engenhão,,34
Gremio,RJ,1.0,16:00,,2891,Gremio,,RS,,Flamengo,,2009-08-16,4.0,Olímpico,,19
Athletico-Pr,SP,1.0,19:30,,4399,Athletico-Pr,,PR,,Santos,,2013-09-04,2.0,Vila Capanema,,18
Internacional,SC,0.0,16:00,,685,Internacional,,RS,,Criciuma,,2004-07-03,3.0,Beira Rio,,12
Joinville,SC,2.0,21:02,4-3-1-2,5100,Figueirense,A. Fucks,SC,,Joinville,4-2-2-2,2015-07-08,0.0,Orlando Scarpelli,A. Batista,12
Fluminense,BA,0.0,20:30,,419,Fluminense,,RJ,,Vitoria,,2003-10-09,2.0,Maracanã,,35
Coritiba,CE,0.0,19:01,4-2-3-1,7918,Coritiba,A. Ferreira,PR,,Ceara,4-2-3-1,2022-09-28,1.0,Couto Pereira,L. González,28
Internacional,BA,1.0,21:30,4-3-3,6588,Internacional,O. Hellmann,RS,,Bahia,4-1-4-1,2019-06-12,3.0,Estádio José Pinheiro Borda,R. Machado Marques,9
Internacional,RS,1.0,16:00,,2710,Corinthians,,SP,,Internacional,,2009-05-10,0.0,Pacaembu,,1
Empate,PE,1.0,18:10,,2358,Internacional,,RS,,Sport,,2008-05-31,1.0,Beira Rio,,4
Fluminense,RJ,1.0,19:00,4-2-3-1,7538,Fluminense,M. De Oliveira,RJ,,Flamengo,4-2-3-1,2021-10-23,3.0,Maracanã,Renato Gaúcho,28
Sao Paulo,SP,4.0,18:10,,1377,Coritiba,,PR,,Sao Paulo,,2005-09-11,1.0,Couto Pereira,,25
Empate,RJ,3.0,20:30,,563,Paysandu,,PA,,Fluminense,NAN,2004-04-22,3.0,Mangueirão,,1
Internacional,MG,1.0,18:30,,3918,Internacional,,RS,,Cruzeiro,,2012-07-07,2.0,Beira Rio,,8
Internacional,RS,4.0,16:00,,294,Ponte Preta,,SP,,Internacional,,2003-08-10,1.0,Moisés Lucarelli,,25
Palmeiras,GO,0.0,20:30,,2640,Palmeiras,,SP,,Goias,,2008-10-29,1.0,Palestra Itália,,32
Figueirense,SP,0.0,20:30,,2439,Figueirense,,SC,,Santos,NAN,2008-07-16,3.0,Orlando Scarpelli,,12
Parana,PA,0.0,16:00,,1507,Parana,,PR,,Paysandu,,2005-11-06,2.0,Pinheirão,,37
Fluminense,RJ,2.0,19:01,,7369,Sport,U. Louzer Filho,PE,,Fluminense,4-2-3-1,2021-07-10,1.0,Adelmar Da Costa Carvalho,R. Machado Marques,11
Gremio,GO,0.0,20:30,,1635,Gremio,,RS,,Goias,,2006-05-25,2.0,Olímpico,,7
Sao Paulo,RJ,1.0,18:10,,2465,Sao Paulo,,SP,,Botafogo-Rj,,2008-07-20,2.0,Morumbi,,13
Atletico-Mg,RJ,1.0,18:00,,672,Atletico-Mg,,MG,,Fluminense,,2004-06-20,2.0,Mineirão,,10
Empate,MG,1.0,19:31,,5538,Sport,O. De Oliveira Filho,PE,,America-Mg,4-1-4-1,2016-08-03,1.0,Adelmar Da Costa Carvalho,E. Alves Moreira,18
Atletico-Mg,GO,2.0,20:00,4-2-3-1,6074,Atletico-Mg,O. De Oliveira Filho,MG,,Atletico-Go,4-2-3-1,2017-11-09,3.0,Estádio Raimundo Sampaio,J. P. Sanches,33
Empate,RJ,3.0,16:00,,2301,Figueirense,,SC,,Vasco,,2007-11-11,3.0,Orlando Scarpelli,,36
Flamengo,SP,2.0,21:44,4-3-3,7976,Flamengo,D. Silvestre Júnior,RJ,,Santos,4-2-3-1,2022-10-25,3.0,Maracanã,O. Ribeiro,34
Santos,SP,0.0,16:00,,2939,Santos,,SP,,Santo Andre,,2009-09-13,1.0,Vila Belmiro,,24
Sao Caetano,SP,3.0,16:00,,1564,Cruzeiro,,MG,,Sao Caetano,,2005-12-04,1.0,Mineirão,,42
Empate,CE,0.0,19:59,4-2-3-1,8865,Santos,J. Vojvoda,SP,2812198.5,Ceara,4-2-3-1,2025-05-12,0.0,"Allianz Parque, São Paulo",M. Mozart,8
Empate,RJ,0.0,11:03,4-1-2-1-2,5000,Figueirense,A. Fucks,SC,,Vasco,4-2-3-1,2015-05-17,0.0,Orlando Scarpelli,D. Ghidoni Junior,2
Empate,SP,1.0,16:00,,1980,Santos,,SP,,Corinthians,,2007-06-03,1.0,Vila Belmiro,,4
Internacional,RS,1.0,20:30,,1884,Botafogo-Rj,,RJ,,Internacional,,2006-11-02,0.0,Maracanã,,32
Vasco,RJ,0.0,19:00,,3804,Vasco,,RJ,,Botafogo-Rj,,2011-11-13,2.0,Engenhão,,34
Santos,PR,2.0,16:00,,439,Santos,,SP,,Athletico-Pr,,2003-10-19,3.0,Vila Belmiro,,37
Empate,SP,1.0,16:00,,4622,Cruzeiro,M. De Oliveira Santos,MG,,Sao Paulo,,2014-04-27,1.0,Estádio Municipal Parque Do Sabiá,M. Ramalho,2
Goias,GO,2.0,19:30,,4515,Vasco,,RJ,,Goias,,2013-10-17,0.0,Moacyrzão,,29
Vitoria,BA,3.0,19:30,,4535,Fluminense,,RJ,,Vitoria,,2013-10-27,2.0,Maracanã,,31
Vasco,RJ,2.0,16:00,,3585,Atletico-Mg,,MG,,Vasco,,2011-07-24,1.0,Ipatingão,,11
Fortaleza,RJ,0.0,19:00,4-2-2-2,8732,Fortaleza,J. Vojvoda,CE,,Vasco,4-3-3,2024-11-09,3.0,Arena Castelão,C. De Paiva,33
Athletico-Pr,PR,2.0,19:00,4-2-3-1,6886,Fortaleza,R. Ceni,CE,,Athletico-Pr,4-3-3,2020-08-08,0.0,Arena Castelão,D. Silvestre Júnior,1
Coritiba,SC,0.0,21:02,,4811,Coritiba,,PR,,Chapecoense,,2014-09-10,3.0,Couto Pereira,C. Rodrigues,20
Athletico-Pr,SC,0.0,18:30,,4724,Athletico-Pr,D. Ghidoni Junior,PR,,Criciuma,,2014-07-20,2.0,Estádio Joaquim Américo Guimarães,W. Lopes,11
Corinthians,RS,1.0,16:10,,2987,Corinthians,,SP,,Gremio,,2009-10-10,2.0,Pacaembu,,29
Empate,RJ,2.0,16:03,4-4-2,7811,Sao Paulo,R. Ceni,SP,,Fluminense,4-2-3-1,2022-07-17,2.0,Morumbi,F. Diniz Silva,17
Empate,SP,0.0,20:30,,705,Paysandu,,PA,,Sao Caetano,,2004-07-07,0.0,Mangueirão,,13
Santos,SP,2.0,21:45,,2281,Nautico,,PE,,Santos,,2007-10-31,1.0,Aflitos,,34
Sao Paulo,SP,0.0,21:00,,4424,Sao Paulo,,SP,,Ponte Preta,,2013-09-12,1.0,Morumbi,,20
Fluminense,RJ,1.0,19:00,4-2-3-1,6947,Fluminense,O. Hellmann,RJ,,Vasco,4-1-4-1,2020-08-29,2.0,Maracanã,R. Menezes Hubner,6
Empate,PR,1.0,21:50,,895,Santos,,SP,,Athletico-Pr,,2004-09-08,1.0,Vila Belmiro,,29
Empate,SP,2.0,20:30,,374,Gremio,,RS,,Ponte Preta,,2003-09-24,2.0,Olímpico,,32
Empate,SP,0.0,18:59,4-2-3-1,7406,Sport,U. Louzer Filho,PE,,Bragantino,,2021-08-06,0.0,Adelmar Da Costa Carvalho,C. Maldonado,15
Fluminense,GO,2.0,18:00,,3669,Fluminense,,RJ,,Atletico-Go,NAN,2011-09-03,3.0,Engenhão,,21
Flamengo,MG,0.0,18:10,,2586,Flamengo,,RJ,,Ipatinga,,2008-09-21,1.0,Maracanã,,26
Juventude,SP,0.0,21:45,,1342,Juventude,,RS,,Corinthians,,2005-08-24,1.0,Alfredo Jaconi,,22
Botafogo-Rj,PR,1.0,16:01,4-1-4-1,6643,Botafogo-Rj,,RJ,,Athletico-Pr,4-2-3-1,2019-08-11,2.0,Estádio Nilton Santos,T. Retzalff Nunes,14
Empate,BA,0.0,18:00,,4541,Gremio,,RS,,Bahia,,2013-11-03,0.0,Arena Do Grêmio,,32
Athletico-Pr,SP,0.0,18:30,,4504,Athletico-Pr,,PR,,Portuguesa,,2013-10-13,1.0,Vila Capanema,,28
Empate,RS,0.0,20:30,4-2-3-1,7104,Corinthians,V. Carmo Mancini,SP,,Gremio,4-2-3-1,2020-11-22,0.0,Neo Química Arena,Renato Gaúcho,22
Sao Paulo,SP,2.0,17:03,4-2-3-1,6637,Sao Paulo,A. Stival,SP,,Santos,4-3-3,2019-08-10,3.0,Morumbi,J. Sampaoli Moya,14
Ponte Preta,PE,0.0,16:00,,1787,Ponte Preta,,SP,,Santa Cruz,,2006-09-09,2.0,Moisés Lucarelli,,23
Athletico-Pr,SP,0.0,21:50,,3183,Athletico-Pr,,PR,,Santos,,2010-07-21,2.0,Arena Da Baixada,,10
Bahia,RJ,2.0,19:01,4-1-4-1,6562,Bahia,R. Machado Marques,BA,,Fluminense,4-1-4-1,2019-05-26,3.0,Itaipava Arena Fonte Nova,F. Diniz Silva,6
Empate,SC,0.0,21:00,4-2-3-1,5160,Goias,J. Camargo,GO,,Chapecoense,4-3-2-1,2015-08-12,0.0,Estádio Do Governo Do Estado De Goiás (Serra Dourada),V. Eutrópio,18
Parana,PR,2.0,18:00,,495,Criciuma,,SC,,Parana,,2003-11-08,1.0,Ressacada,,42
Sao Paulo,BA,0.0,18:31,3-5-2,8967,Sao Paulo,H. Crespo,SP,2016146.0,Vitoria,4-2-3-1,2025-08-09,2.0,"Morumbis, São Paulo",J. Ventura,19
Empate,PE,0.0,20:30,4-3-3,7340,Santos,F. Diniz Silva,SP,,Sport,4-2-3-1,2021-06-30,0.0,Estádio Urbano Caldeira,U. Louzer Filho,8
Empate,MG,1.0,19:00,4-2-3-1,5864,Botafogo-Rj,J. Ribeiro Ventura,RJ,,Atletico-Mg,4-2-3-1,2017-07-09,1.0,Estádio Nilton Santos,R. Machado Marques,12
Atletico-Mg,MG,2.0,17:00,,3442,Palmeiras,,SP,,Atletico-Mg,,2010-11-21,0.0,Fonte Luminosa,,36
Athletico-Pr,RJ,0.0,16:00,,2862,Athletico-Pr,,PR,,Fluminense,,2009-08-02,1.0,Estádio Do Café,,16
Sport,PE,2.0,17:01,4-2-3-1,6022,Vitoria,V. Carmo Mancini,BA,,Sport,4-2-3-1,2017-10-12,1.0,Barradão,V. Luxemburgo Da Silva,27
Gremio,RJ,0.0,22:00,,4043,Gremio,,RS,,Vasco,,2012-08-29,2.0,Olímpico,,20
Palmeiras,SP,0.0,18:15,4-2-3-1,7153,Palmeiras,A. Moreira Ferreira,SP,,Bragantino,4-2-3-1,2020-12-27,1.0,Allianz Parque,M. Nogueira Barbieri,27
Sao Paulo,RJ,0.0,21:50,,2901,Sao Paulo,,SP,,Fluminense,,2009-08-19,1.0,Morumbi,,20
Criciuma,SP,0.0,16:00,,367,Criciuma,,SC,,Corinthians,,2003-09-21,1.0,Heriberto Hulse,,31
Coritiba,RJ,0.0,20:30,,850,Coritiba,,PR,,Fluminense,,2004-08-19,2.0,Couto Pereira,,25
Atletico-Mg,RJ,0.0,17:00,,4520,Atletico-Mg,,MG,,Flamengo,,2013-10-20,1.0,Independência,,30
Empate,SP,1.0,16:00,,3612,Athletico-Pr,,PR,,Corinthians,,2011-08-07,1.0,Arena Da Baixada,,15
Gremio,RJ,2.0,16:00,,3781,Gremio,,RS,,Flamengo,,2011-10-30,4.0,Olímpico,,32
America-Mg,RS,1.0,20:00,4-2-3-1,6273,America-Mg,A. Batista,MG,,Internacional,4-2-3-1,2018-07-26,2.0,Estádio Raimundo Sampaio,O. Hellmann,15
Internacional,RS,3.0,18:30,,4288,Fluminense,,RJ,,Internacional,,2013-07-13,2.0,Moacyrzão,,7
Empate,SC,1.0,19:10,,2655,Gremio,,RS,,Figueirense,,2008-11-02,1.0,Olímpico,,33
Atletico-Go,CE,1.0,16:00,,3504,Atletico-Go,,GO,,Ceara,,2011-06-12,4.0,Serra Dourada,,4
Fortaleza,RJ,1.0,18:10,,1542,Fortaleza,,CE,,Fluminense,,2005-11-20,5.0,Castelão,,40
Fortaleza,RS,0.0,16:00,4-3-3,8856,Fortaleza,T. Carpini,CE,151633.0,Juventude,4-2-3-1,2025-05-10,5.0,"Estádio Presidente Vargas, Fortaleza",M. Barbieri,8
Empate,MG,2.0,20:30,,323,Guarani,,SP,,Atletico-Mg,,2003-08-21,2.0,Brinco De Ouro,,27
Sport,SP,1.0,16:00,,2044,Sport,,PE,,Corinthians,,2007-07-04,2.0,Ilha Do Retiro,,9
Vitoria,MG,2.0,17:00,,814,Vitoria,,BA,,Cruzeiro,,2004-08-08,3.0,Barradão,,22
Bragantino,PE,0.0,19:00,4-4-2,7546,Bragantino,M. Nogueira Barbieri,SP,,Sport,4-2-3-1,2021-10-28,3.0,Nabizão,G. Florentín,34
Flamengo,RJ,1.0,20:30,,1830,Flamengo,,RJ,,Fluminense,NAN,2006-10-04,4.0,Maracanã,,27
Empate,PR,0.0,18:00,,1080,Flamengo,,RJ,,Coritiba,,2004-12-05,0.0,Raulino De Oliveira,,44
Sport,GO,0.0,19:30,,2059,Sport,,PE,,Goias,,2007-10-03,,Ilha Do Retiro,,29
Botafogo-Rj,RS,2.0,19:32,4-2-3-1,9136,Botafogo-Rj,Davide Ancelotti,RJ,550830.0,Gremio,4-2-3-1,2025-11-22,3.0,"Estádio Nilton Santos, Rio De Janeiro",Luiz Antonio Venker Menezes,35
Fluminense,RJ,0.0,20:30,4-2-3-1,7204,Fluminense,M. De Oliveira,RJ,,Botafogo-Rj,4-1-4-1,2021-01-24,2.0,Estádio Vasco Da Gama,E. De Souza Barroca,32
Sao Paulo,SP,1.0,17:00,,2706,Goias,,GO,,Sao Paulo,,2008-12-07,0.0,Bezerrão,,38
Santos,GO,0.0,17:00,4-2-3-1,6037,Santos,L. Culpi,SP,,Atletico-Go,,2017-10-22,1.0,Estádio Urbano Caldeira,J. P. Sanches,30
Corinthians,SP,1.0,16:00,,1166,Atletico-Mg,,MG,,Corinthians,,2005-05-29,0.0,Mineirão,,6
-,SP,1.0,22:00,,3263,Fluminense,,RJ,,Palmeiras,,2010-09-01,1.0,Maracanã,,18
Nautico,RS,0.0,19:30,,4186,Nautico,,PE,,Internacional,,2012-11-04,3.0,Aflitos,,34
Ponte Preta,SP,0.0,21:50,,1214,Ponte Preta,,SP,,Sao Paulo,,2005-10-19,2.0,Moisés Lucarelli,,10
Botafogo-Rj,RJ,3.0,16:00,,3863,Coritiba,,PR,,Botafogo-Rj,,2012-05-27,2.0,Couto Pereira,,2
Empate,SP,1.0,17:02,4-2-3-1,6078,Vasco,J. Mannarino,RJ,,Sao Paulo,4-2-3-1,2017-11-12,1.0,Estádio  Vasco  Da  Gama,D. Silvestre Júnior,34
Flamengo,RJ,3.0,15:59,4-2-2-2,6859,Palmeiras,L. Venker De Menezes,SP,,Flamengo,,2019-12-01,1.0,Allianz Parque,J. Pinheiro De Jesus,36
Flamengo,PR,1.0,19:00,4-4-2,7098,Flamengo,R. Ceni,RJ,,Coritiba,3-4-3,2020-11-21,3.0,Maracanã,R. Marques Santana,22
Corinthians,SP,1.0,22:00,,4881,Cruzeiro,M. De Oliveira Santos,MG,,Corinthians,,2014-10-08,0.0,Mineirão,L. Venker De Menezes,27
Corinthians,RJ,0.0,16:04,4-4-2,8101,Corinthians,V. Luxemburgo Da Silva,SP,,Fluminense,4-2-3-1,2023-05-28,2.0,Neo Química Arena,E. De Barros,8
Cruzeiro,MG,1.0,16:03,4-3-3,6192,Santos,J. Ribeiro Ventura,SP,,Cruzeiro,4-2-3-1,2018-05-27,0.0,Estádio Municipal Paulo Machado De Carvalho,L. Venker De Menezes,7
Fluminense,RS,1.0,16:00,4-1-4-1,6720,Fluminense,M. De Oliveira,RJ,,Gremio,4-2-3-1,2019-09-29,2.0,Maracanã,Renato Gaúcho,22
Gremio,RS,1.0,18:30,,4477,Botafogo-Rj,,RJ,,Gremio,,2013-10-05,0.0,Maracanã,,26
Portuguesa,PR,0.0,19:30,,4058,Portuguesa,,SP,,Coritiba,,2012-09-05,3.0,Canindé,,22
Sport,SP,0.0,16:00,,3000,Sport,,PE,,Corinthians,,2009-10-18,2.0,Ilha Do Retiro,,30
Santos,SP,0.0,20:31,4-2-3-1,9025,Santos,J. Vojvoda,SP,,Sao Paulo,3-4-1-2,2025-09-21,1.0,"Estádio Urbano Caldeira, Santos",,24
Figueirense,CE,0.0,18:10,,1515,Figueirense,,SC,,Fortaleza,,2005-11-12,1.0,Orlando Scarpelli,,38
Atletico-Mg,GO,1.0,21:45,,2314,Atletico-Mg,,MG,,Goias,,2007-11-28,4.0,Mineirão,,37
Paysandu,MG,1.0,21:50,,1236,Paysandu,,PA,,Cruzeiro,,2005-10-19,4.0,Mangueirão,,12
Gremio,BA,0.0,19:29,3-4-1-2,8336,Gremio,Renato Gaúcho,RS,,Bahia,3-5-1-1,2023-11-04,1.0,Arena Do Grêmio,R. Ceni,32
Empate,RJ,1.0,18:30,4-2-3-1,8526,Vasco,C. De Paiva,RJ,,Botafogo-Rj,4-4-2,2024-06-29,1.0,Estádio São Januário,,13
Athletico-Pr,RJ,1.0,16:01,4-1-4-1,7199,Athletico-Pr,P. Autuori De Mello,PR,,Flamengo,4-4-2,2021-01-24,,Estádio Joaquim Américo Guimarães,R. Ceni,32
Santos,PR,1.0,18:00,,839,Santos,,SP,,Parana,,2004-08-15,5.0,Vila Belmiro,,24
Ceara,RJ,0.0,16:01,4-2-3-1,9090,Ceara,M. Mozart,CE,372946.0,Fluminense,,2025-11-02,2.0,"Arena Castelão, Fortaleza",L. Luis Zubeldia,31
Atletico-Mg,MG,4.0,21:00,4-2-3-1,6940,Atletico-Go,V. Carmo Mancini,GO,,Atletico-Mg,,2020-09-19,3.0,Estádio Olímpico Pedro Ludovico Teixeira,J. Sampaoli Moya,11
Santos,PR,0.0,16:01,4-2-3-1,6391,Santos,A. Stival,SP,,Athletico-Pr,4-2-3-1,2018-09-30,1.0,Estádio Urbano Caldeira,T. Retzalff Nunes,27
Cuiaba,MT,1.0,20:01,4-2-3-1,8498,Sao Paulo,L. Zubeldía,SP,,Cuiaba,,2024-06-19,0.0,Morumbis,,10
Athletico-Pr,RJ,1.0,18:30,,3579,Athletico-Pr,,PR,,Botafogo-Rj,,2011-07-23,2.0,Arena Da Baixada,,11
Empate,RS,0.0,18:30,,3088,Atletico-Go,,GO,,Gremio,,2010-05-08,0.0,Serra Dourada,,1
Flamengo,SP,1.0,20:00,4-2-3-1,8644,Flamengo,M. Rizzi Bacchi,RJ,,Bragantino,4-2-3-1,2024-08-25,2.0,Maracanã,P. Faria Caixinha,24
Empate,PE,3.0,18:10,,1715,Cruzeiro,,MG,,Santa Cruz,,2006-08-06,3.0,Mineirão,,15
Cruzeiro,SP,1.0,18:00,,340,Cruzeiro,,MG,,Guarani,,2003-08-30,4.0,Mineirão,,29
Bahia,RJ,0.0,21:30,4-1-4-1,6707,Bahia,R. Machado Marques,BA,,Botafogo-Rj,4-4-1-1,2019-09-25,2.0,Itaipava Arena Fonte Nova,E. De Souza Barroca,21
Empate,PR,0.0,18:32,4-2-3-1,5476,Figueirense,V. Eutrópio,SC,,Coritiba,4-2-3-1,2016-06-26,0.0,Orlando Scarpelli,E. Pacheco,11
-,SP,0.0,20:00,4-4-2,8075,Fortaleza,J. Vojvoda,CE,,Sao Paulo,4-3-3,2023-05-11,0.0,Arena Castelão,D. Silvestre Júnior,5
Criciuma,RJ,0.0,16:00,,590,Criciuma,,SC,,Botafogo-Rj,,2004-05-01,1.0,Heriberto  Hulse,,4
Sao Paulo,SP,3.0,18:30,,3368,Gremio Prudente,,SP,,Sao Paulo,,2010-10-09,2.0,Prudentão,,29
Flamengo,SP,2.0,17:00,,2671,Flamengo,,RJ,,Palmeiras,,2008-11-16,5.0,Maracanã,,35
Avai,SP,2.0,16:00,,3593,Avai,,SC,,Corinthians,,2011-07-31,3.0,Ressacada,,13
Empate,RS,1.0,16:00,,46,Goias,,GO,,Gremio,,2003-04-13,1.0,Serra Dourada,,3
Corinthians,PA,1.0,18:00,,40,Corinthians,,SP,,Paysandu,,2003-04-12,6.0,Pacaembu,,3
Goias,RS,0.0,18:01,4-1-4-1,6993,Goias,T. Mendes Larghi,GO,,Internacional,,2020-09-13,1.0,Estádio Da Serrinha,E. Coudet,10
Vitoria,BA,3.0,19:00,4-2-3-1,5993,Atletico-Mg,M. Reis Micale,MG,,Vitoria,4-2-3-1,2017-09-24,1.0,Estádio Raimundo Sampaio,V. Carmo Mancini,25
Gremio,RJ,0.0,16:00,,2183,Gremio,,RS,,Botafogo-Rj,,2007-09-02,3.0,Olímpico,,23
Empate,PR,0.0,16:01,4-4-2,5121,Figueirense,A. Fucks,SC,,Coritiba,4-2-3-1,2015-07-19,0.0,Orlando Scarpelli,N. Da Silveira Júnior,14
Cruzeiro,PR,1.0,18:59,4-2-3-1,6263,Cruzeiro,L. Venker De Menezes,MG,,Athletico-Pr,4-2-3-1,2018-07-22,2.0,Mineirão,T. Retzalff Nunes,14
Cruzeiro,MG,3.0,16:00,,890,Palmeiras,,SP,,Cruzeiro,,2004-07-09,1.0,Parque Antártica,,29
Athletico-Pr,PR,2.0,18:59,4-3-3,6467,Vitoria,J. Burse,BA,,Athletico-Pr,4-2-3-1,2018-11-17,1.0,Barradão,T. Retzalff Nunes,35
Fluminense,MG,1.0,21:00,,3325,Fluminense,,RJ,,Atletico-Mg,,2010-09-23,5.0,Engenhão,,24
Vitoria,SC,0.0,16:00,,910,Vitoria,,BA,,Criciuma,NAN,2004-09-12,1.0,Barradão,,30
-,GO,2.0,18:30,,3514,Atletico-Mg,,MG,,Atletico-Go,,2011-06-19,2.0,Arena Do Jacaré,,5
Gremio,SP,2.0,21:00,,4411,Gremio,,RS,,Portuguesa,,2013-09-07,3.0,Arena Do Grêmio,,19
Cruzeiro,RJ,0.0,18:30,4-2-3-1,8844,Cruzeiro,T. Tite,MG,1315918.0,Vasco,4-2-3-1,2025-04-27,1.0,"Estádio Parque Do Sabiá, Uberlândia",F. Diniz,6
Atletico-Mg,RS,0.0,16:00,4-4-2,8369,Atletico-Mg,L. Scolari,MG,,Gremio,3-4-3,2023-11-26,3.0,Arena Mrv,Renato Gaúcho,35
Atletico-Go,RJ,0.0,18:00,,3736,Atletico-Go,,GO,,Botafogo-Rj,,2011-10-02,2.0,Serra Dourada,,27
Parana,MG,0.0,16:00,,1550,Parana,,PR,,Cruzeiro,NAN,2005-11-27,2.0,Pinheirão,,41
Gremio,RS,2.0,18:15,4-2-3-1,7062,Athletico-Pr,P. Autuori De Mello,PR,,Gremio,4-2-3-1,2020-10-25,1.0,Estádio Joaquim Américo Guimarães,Renato Gaúcho,18
Parana,PE,0.0,20:30,,1655,Parana,,PR,,Santa Cruz,,2006-06-01,3.0,Pinheirão,,9
Empate,SP,1.0,18:30,4-3-2-1,5015,Cruzeiro,M. De Oliveira Santos,MG,,Ponte Preta,4-2-3-1,2015-05-24,1.0,Mineirão,A. Ferreira,3
Empate,RS,1.0,20:30,,226,Paysandu,,PA,,Gremio,,2003-07-17,1.0,Mangueirão,,19
Bahia,BA,2.0,16:00,,8626,Gremio,Renato Gaúcho,RS,,Bahia,4-1-4-1,2024-08-17,0.0,Alfredo Jaconi,R. Ceni,23
Empate,BA,2.0,19:30,,4423,Internacional,,RS,,Vitoria,,2013-09-12,2.0,Estádio Do Vale,,20
Internacional,RJ,0.0,16:00,,1591,Internacional,,RS,,Flamengo,,2006-04-30,1.0,Beira Rio,,3
Botafogo-Rj,RJ,2.0,16:02,4-2-3-1,5960,Bahia,C. Casagrande,BA,,Botafogo-Rj,4-2-3-1,2017-08-27,1.0,Itaipava Arena Fonte Nova,J. Ribeiro Ventura,22
Empate,RS,0.0,19:30,,3258,Vitoria,,BA,,Internacional,,2010-09-01,0.0,Barradão,,18
Empate,RS,0.0,18:00,,4605,Portuguesa,,SP,,Gremio,,2013-12-08,0.0,Canindé,,38
Empate,SP,1.0,11:01,4-2-3-1,7000,Vasco,R. Menezes Hubner,RJ,,Bragantino,4-3-3,2020-09-27,1.0,Estádio Vasco Da Gama,M. Nogueira Barbieri,12
Nautico,PE,4.0,20:30,,2194,Parana,,PR,,Nautico,,2007-09-06,2.0,Durival De Brito,,24
Internacional,RS,3.0,19:02,4-3-3,6778,Bahia,R. Machado Marques,BA,,Internacional,4-2-3-1,2019-10-26,2.0,Itaipava Arena Fonte Nova,J. Mannarino,28
Fortaleza,RS,0.0,20:00,4-2-3-1,8500,Fortaleza,J. Vojvoda,CE,,Gremio,4-3-3,2024-06-19,1.0,Arena Castelão,Renato Gaúcho,10
Sao Paulo,SP,1.0,16:00,,4783,Sao Paulo,M. Ramalho,SP,,Santos,,2014-08-24,2.0,Morumbi,O. De Oliveira Filho,17
Palmeiras,RJ,1.0,18:10,,1211,Palmeiras,,SP,,Botafogo-Rj,,2005-07-03,4.0,Parque Antártica,,10
Ponte Preta,SP,3.0,16:00,,422,Guarani,,SP,,Ponte Preta,,2003-10-11,1.0,Brinco De Ouro,,36
Empate,SP,0.0,18:59,4-2-3-1,8733,Atletico-Go,A. Gomes,GO,,Bragantino,4-2-3-1,2024-11-09,0.0,Estádio Antônio Accioly - Atlético Goianiense,F. Seabra,33
Empate,SP,1.0,16:00,,1707,Figueirense,,SC,,Sao Caetano,,2006-08-05,1.0,Orlando Scarpelli,,15
Paysandu,GO,0.0,16:00,,1160,Paysandu,,PA,,Goias,,2005-05-28,1.0,Mangueirão,,6
Gremio,RS,3.0,18:10,,2307,America-Rn,,RN,,Gremio,,2007-11-24,0.0,Machadão,,37
Empate,RJ,1.0,16:00,,274,Ponte Preta,,SP,,Flamengo,,2003-08-03,1.0,Moisés Lucarelli,,23
Figueirense,SC,2.0,18:00,,172,Flamengo,,RJ,,Figueirense,,2003-06-28,0.0,Maracanã,,15
Internacional,RS,1.0,19:30,,3957,Figueirense,,SC,,Internacional,,2012-07-25,0.0,Orlando Scarpelli,,12
Bahia,SP,0.0,16:02,4-2-3-1,6136,Bahia,A. Ferreira,BA,,Santos,4-2-3-1,2018-04-21,1.0,Itaipava Arena Fonte Nova,J. Ribeiro Ventura,2
Empate,BA,0.0,18:30,,3189,Gremio Prudente,,SP,,Vitoria,,2010-07-24,0.0,Prudentão,,11
Empate,SP,1.0,18:32,4-1-3-2,8103,Atletico-Mg,E. Coudet,MG,,Palmeiras,4-2-3-1,2023-05-28,1.0,Mineirão,A. Moreira Ferreira,8
Fluminense,SC,0.0,19:01,4-2-3-1,7774,Fluminense,F. Diniz Silva,RJ,,Avai,4-1-4-1,2022-06-19,2.0,Maracanã,E. De Souza Barroca,13
Atletico-Mg,RS,1.0,18:31,4-2-3-1,5636,Atletico-Mg,M. De Oliveira Santos,MG,,Internacional,4-2-3-1,2016-09-25,3.0,Estádio Raimundo Sampaio,C. Juarez Roth,27
Botafogo-Rj,CE,0.0,16:00,,1565,Botafogo-Rj,,RJ,,Fortaleza,,2005-12-04,2.0,Luso Brasileiro,,42
Sao Paulo,SP,3.0,18:10,,1785,Santa  Cruz,,PE,,Sao Paulo,,2006-09-03,1.0,Arruda,,22
Goias,GO,3.0,20:30,,844,Cruzeiro,,MG,,Goias,,2004-08-18,1.0,Mineirão,,25
Portuguesa,SP,1.0,16:00,,4450,Internacional,,RS,,Portuguesa,,2013-09-22,0.0,Estádio Do Vale,,23
Fluminense,RJ,1.0,16:00,,905,Fluminense,,RJ,,Flamengo,,2004-09-12,2.0,Maracanã,,30
Empate,SP,1.0,19:02,4-1-4-1,6832,Ceara,A. Batista,CE,,Sao Paulo,4-1-4-1,2019-11-24,1.0,Arena Castelão,F. Diniz Silva,34
Empate,RJ,0.0,18:10,,1695,Internacional,,RS,,Botafogo-Rj,,2006-07-23,0.0,Beira Rio,,13
Fluminense,RJ,2.0,18:30,,4457,Goias,,GO,,Fluminense,NAN,2013-09-28,1.0,Serra Dourada,,24
Empate,PR,1.0,16:00,,1548,Sao Caetano,,SP,,Coritiba,,2005-11-27,1.0,Anacleto Campanella,,41
Empate,SP,2.0,21:45,,2092,Figueirense,,SC,,Corinthians,,2007-07-25,2.0,Orlando Scarpelli,,14
Atletico-Mg,SP,0.0,19:30,,4306,Atletico-Mg,,MG,,Ponte Preta,,2013-10-03,4.0,Independência,,8
Vasco,RJ,2.0,19:30,,3987,Sport,,PE,,Vasco,,2012-08-08,0.0,Ilha Do Retiro,,15
Atletico-Mg,SC,0.0,19:30,4-2-3-1,5218,Atletico-Mg,L. Culpi,MG,,Avai,5-4-1,2015-09-09,2.0,Estádio Raimundo Sampaio,G. Kleina,24
Corinthians,SP,0.0,16:01,4-2-4-0,6170,Corinthians,F. Carille,SP,,Palmeiras,4-2-3-1,2018-05-13,1.0,Neo Química Arena,R. Machado Marques,5
Fluminense,BA,0.0,16:04,4-2-3-1,9157,Fluminense,L. Luis Zubeldia,RJ,1927662.5,Bahia,4-3-3,2025-12-07,2.0,"Maracanã, Rio De Janeiro",R. Ceni,38
Corinthians,MG,1.0,17:00,,3821,Corinthians,,SP,,Atletico-Mg,,2011-11-20,2.0,Pacaembu,,36
Nautico,BA,0.0,18:20,,2648,Nautico,,PE,,Vitoria,,2008-11-01,1.0,Aflitos,,33
Empate,SP,1.0,18:30,,4805,Athletico-Pr,C. Dos Santos Oliveira,PR,,Palmeiras,,2014-09-07,1.0,Estádio Joaquim Américo Guimarães,D. Silvestre Júnior,19
Sport,PR,0.0,18:16,4-2-3-1,7134,Sport,J. Ribeiro Ventura,PE,,Coritiba,4-2-3-1,2020-12-13,1.0,Adelmar Da Costa Carvalho,R. Marques Santana,25
Athletico-Pr,SP,1.0,22:01,4-2-3-1,5083,Athletico-Pr,M. Mendes,PR,,Sao Paulo,,2015-07-01,2.0,Estádio Joaquim Américo Guimarães,J. Osorio,10
Corinthians,SC,0.0,16:01,4-1-4-1,6518,Corinthians,F. Carille,SP,,Chapecoense,4-4-1-1,2019-05-01,1.0,Neo Química Arena,N. Da Silveira Júnior,2
Empate,PE,2.0,19:46,4-2-3-1,6994,Palmeiras,V. Luxemburgo Da Silva,SP,,Sport,4-2-3-1,2020-09-13,2.0,Allianz Parque,J. Ribeiro Ventura,10
Goias,RS,2.0,16:01,4-3-3,6882,Goias,N. Da Silveira Júnior,GO,,Gremio,,2019-12-08,3.0,Estádio Do Governo Do Estado De Goiás (Serra Dourada),Renato Gaúcho,38
Juventude,GO,0.0,19:30,,2168,Juventude,,RS,,Goias,,2007-08-29,2.0,Alfredo Jaconi,,22
Palmeiras,MG,0.0,19:00,4-2-3-1,6688,Palmeiras,L. Venker De Menezes,SP,,Cruzeiro,4-2-3-1,2019-09-14,1.0,Allianz Parque,R. Ceni,19
Figueirense,SC,3.0,18:00,,3718,Santos,,SP,,Figueirense,,2011-09-24,2.0,Vila Belmiro,,26
Empate,RJ,1.0,19:30,,4059,Nautico,,PE,,Vasco,,2012-09-05,1.0,Aflitos,,22
Empate,BA,1.0,17:05,4-2-3-1,6122,Sao Paulo,D. Silvestre Júnior,SP,,Bahia,4-2-3-1,2017-12-03,1.0,Morumbi,P. Carpegiani,38
Corinthians,SP,2.0,18:30,,3102,Gremio,,RS,,Corinthians,,2010-05-16,1.0,Olã­Mpico,,2
Ponte Preta,SP,2.0,21:45,,559,Ponte Preta,,SP,,Corinthians,,2004-04-21,3.0,Moisés Lucarelli,,1
Gremio,RS,2.0,21:01,4-2-3-1,5241,Athletico-Pr,M. Mendes,PR,,Gremio,4-2-3-1,2015-09-16,1.0,Couto Pereira,R. Machado Marques,26
Juventude,RJ,0.0,20:31,4-4-2,7603,Juventude,J. Ribeiro Ventura,RS,,Fluminense,4-3-3,2021-11-17,1.0,Alfredo Jaconi,M. De Oliveira,33
Fluminense,RJ,4.0,16:00,,1324,Juventude,,RS,,Fluminense,,2005-10-12,3.0,Alfredo Jaconi,,20
Gremio,RJ,3.0,18:00,,508,Gremio,,RS,,Vasco,,2003-11-22,4.0,Olímpico,,43
Internacional,RS,0.0,20:30,,1870,Internacional,,RS,,Juventude,,2006-10-26,1.0,Beira Rio,,31
Santos,SC,2.0,21:45,,756,Santos,,SP,,Criciuma,,2004-07-20,5.0,Vila Belmiro,,17
Corinthians,SP,2.0,11:03,4-2-3-1,5401,Sport,O. De Oliveira Filho,PE,,Corinthians,4-2-3-1,2016-05-29,0.0,Adelmar Da Costa Carvalho,A. Bacchi,4
Bahia,SP,0.0,16:00,,4052,Bahia,,BA,,Sao Paulo,,2012-09-02,1.0,Pituaçu,,21
Flamengo,CE,1.0,21:31,4-2-3-1,6850,Flamengo,J. Pinheiro De Jesus,RJ,,Ceara,4-5-1,2019-11-27,4.0,Maracanã,A. Batista,35
Empate,SP,0.0,17:00,,3837,Corinthians,,SP,,Palmeiras,,2011-12-04,0.0,Pacaembu,,38
Gremio,RN,0.0,20:30,,2134,Gremio,,RS,,America-Rn,,2007-08-09,3.0,Olímpico,,18
Vasco,MG,1.0,16:01,4-1-4-1,6130,Vasco,J. Mannarino,RJ,,Atletico-Mg,4-1-4-1,2018-04-15,2.0,Estádio Vasco Da Gama,,1
Palmeiras,SP,2.0,11:01,4-2-3-1,6969,Bragantino,M. Nogueira Barbieri,SP,,Palmeiras,4-1-4-1,2020-09-06,1.0,Nabizão,V. Luxemburgo Da Silva,8
Empate,SP,0.0,17:00,,502,Vitoria,,BA,,Guarani,,2003-11-09,0.0,Barradão,,42
Bragantino,SP,2.0,16:01,4-2-3-1,8466,Gremio,,RS,,Bragantino,4-3-3,2024-06-01,0.0,Couto Pereira,,7
Cruzeiro,MG,2.0,21:50,,4946,Gremio,L. Scolari,RS,,Cruzeiro,,2014-11-20,1.0,Arena Do Grêmio,M. De Oliveira Santos,35
Vasco,PA,0.0,16:00,,1540,Vasco,,RJ,,Paysandu,,2005-11-20,4.0,São Januário,,40
Empate,SC,1.0,17:05,4-2-3-1,6118,Santos,Elano,SP,,Avai,4-2-4-0,2017-12-03,1.0,Estã¡Dio Urbano Caldeira,C. Dos Santos Oliveira,38
Botafogo-Rj,CE,2.0,16:04,4-2-3-1,9163,Botafogo-Rj,Davide Ancelotti,RJ,905640.0,Fortaleza,4-4-2,2025-12-07,,"Estádio Nilton Santos, Rio De Janeiro",Martin Palermo,38
Gremio,RS,2.0,16:00,,673,Criciuma,,SC,,Gremio,,2004-06-26,1.0,Heriberto Hulse,,11
Athletico-Pr,GO,1.0,18:30,,3378,Athletico-Pr,,PR,,Goias,,2010-10-16,2.0,Arena Da Baixada,,30
Palmeiras,SP,2.0,21:30,4-3-2-1,8773,Cruzeiro,F. Diniz Silva,MG,,Palmeiras,4-2-3-1,2024-12-04,1.0,Mineirão,A. Moreira Ferreira,37
Empate,SP,1.0,20:30,,1368,Sao Paulo,,SP,,Corinthians,,2005-10-24,1.0,Morumbi,,24
Ponte Preta,SP,3.0,16:00,,1194,Juventude,,RS,,Ponte Preta,,2005-06-25,1.0,Alfredo Jaconi,,9
Sport,GO,1.0,20:32,4-2-3-1,6974,Sport,J. Ribeiro Ventura,PE,,Goias,4-3-3,2020-09-06,2.0,Adelmar Da Costa Carvalho,T. Mendes Larghi,8
Sao Paulo,SP,2.0,16:00,,1873,Figueirense,,SC,,Sao Paulo,,2006-10-28,0.0,Orlando Scarpelli,,31
Athletico-Pr,SP,2.0,18:30,,3594,Athletico-Pr,,PR,,Santos,,2011-07-31,3.0,Arena Da Baixada,,13
Empate,GO,1.0,19:59,4-4-2,7108,Fortaleza,M. Oliveira Chamusca,CE,,Goias,4-3-3,2020-11-26,1.0,Arena Castelão,A. César,23
Atletico-Mg,CE,0.0,17:00,,506,Atletico-Mg,,MG,,Fortaleza,,2003-11-22,2.0,Ipatingão,,43
Atletico-Mg,MG,2.0,18:31,,8089,Coritiba,,PR,,Atletico-Mg,4-1-2-1-2,2023-05-20,1.0,Couto Pereira,E. Coudet,7
Empate,SP,1.0,17:00,,507,Coritiba,,PR,,Ponte Preta,,2003-11-22,1.0,Couto Pereira,,43
Botafogo-Rj,SP,0.0,21:00,4-2-3-1,8166,Botafogo-Rj,C. Da Silva,RJ,,Bragantino,4-2-2-2,2023-07-15,2.0,Estã¡Dio Nilton Santos,P. Faria Caixinha,15
Flamengo,RJ,2.0,21:32,4-3-3,8941,Bragantino,V. Mancini,SP,391640.0,Flamengo,4-3-3,2025-07-23,1.0,"Estã¡Dio Municipal Cicero De Souza Marques, Braganã§A Paulista",F. Luís,16
Sport,SP,0.0,17:01,,4981,Sport,E. Baptista,PE,,Sao Paulo,,2014-12-07,1.0,Arena De Pernambuco,,38
Empate,SP,2.0,20:30,,1776,Vasco,,RJ,,Ponte Preta,,2006-08-31,2.0,São Januário,,21
Vitoria,BA,4.0,16:00,4-1-4-1,5639,Chapecoense,,SC,,Vitoria,4-2-3-1,2016-10-01,1.0,Arena Condá,A. Fucks,28
Atletico-Mg,SC,0.0,21:00,,4890,Atletico-Mg,L. Culpi,MG,,Chapecoense,,2014-10-18,1.0,Estádio Raimundo Sampaio,J. Da Silva,29
Criciuma,SC,3.0,20:30,,798,Parana,,PR,,Criciuma,,2004-08-04,0.0,Pinheirão,,21
Internacional,RJ,0.0,18:15,,7051,Internacional,E. Coudet,RS,,Vasco,4-2-3-1,2020-10-18,2.0,Estádio José Pinheiro Borda,A. Grasselli,17
Goias,SP,1.0,21:50,,2831,Goias,,GO,,Palmeiras,,2009-07-22,2.0,Serra Dourada,,13
Botafogo-Rj,BA,0.0,19:00,4-2-3-1,5774,Botafogo-Rj,J. Ribeiro Ventura,RJ,,Bahia,4-2-3-1,2017-05-28,1.0,Estádio Nilton Santos,A. Ferreira,3
Empate,MT,0.0,16:31,4-2-3-1,8729,Botafogo-Rj,A. Torres Gomes Araújo Amorim,RJ,,Cuiaba,4-1-4-1,2024-09-11,0.0,Estádio Nilton Santos,B. Franco,33
Flamengo,SP,0.0,20:30,,313,Flamengo,,RJ,,Sao Caetano,,2003-08-20,1.0,Maracanã,,27
Juventude,BA,2.0,20:30,,747,Juventude,,RS,,Vitoria,,2004-07-20,3.0,Alfredo Jaconi,,17
Empate,CE,1.0,21:00,,3581,Flamengo,,RJ,,Ceara,,2011-07-23,1.0,Cláudio Moacyr,,11
Empate,SP,1.0,18:00,,791,Internacional,,RS,,Sao Paulo,,2004-08-01,1.0,Beira Rio,,20
Cruzeiro,PE,2.0,19:30,,2477,Cruzeiro,,MG,,Nautico,,2008-07-30,4.0,Mineirão,,16
Sao Paulo,RJ,0.0,16:00,,2571,Sao Paulo,,SP,,Flamengo,,2008-09-14,2.0,Morumbi,,25
Atletico-Mg,MG,3.0,18:31,4-2-3-1,5268,Coritiba,N. Da Silveira Júnior,PR,,Atletico-Mg,4-2-3-1,2015-10-03,0.0,Couto Pereira,L. Culpi,29
Cruzeiro,MG,2.0,19:29,4-2-3-1,5198,Ponte Preta,D. Ghidoni Junior,SP,,Cruzeiro,4-3-2-1,2015-09-02,1.0,Moisés Lucarelli,D. De Souza,22
Vasco,PE,1.0,20:30,,2176,Vasco,,RJ,,Nautico,,2007-08-30,4.0,São Januário,,22
Ceara,RS,1.0,19:00,4-4-2,6555,Ceara,E. Alves Moreira,CE,,Gremio,4-2-3-1,2019-05-19,2.0,Arena Castelão,Renato Gaúcho,5
-,CE,1.0,20:01,4-2-3-1,6325,Vasco,V. De Morais Filho,RJ,,Ceara,4-2-3-1,2018-08-20,1.0,Estádio Vasco Da Gama,L. Cirne Lima De Lorenzi,19
Cruzeiro,MG,1.0,21:40,,381,Corinthians,,SP,,Cruzeiro,,2003-09-24,0.0,Pacaembu,,32
Botafogo-Rj,RJ,2.0,21:00,4-2-3-1,6068,Sport,D. Pollo Barioni,PE,,Botafogo-Rj,4-4-1-1,2017-11-08,1.0,Adelmar Da Costa Carvalho,J. Ribeiro Ventura,33
Empate,RS,0.0,18:10,,1298,Brasiliense,,DF,,Internacional,,2005-08-07,0.0,Boca  Do  Jacaré,,18
Sao Paulo,SP,2.0,16:00,,1913,Goias,,GO,,Sao Paulo,,2006-11-12,0.0,Serra Dourada,,35
Santos,RS,1.0,16:00,,601,Santos,,SP,,Juventude,,2004-05-08,2.0,Vila Belmiro,,5
Empate,RJ,1.0,16:00,,3893,Palmeiras,,SP,,Vasco,,2012-06-17,1.0,Arena Barueri,,5
Sao Paulo,SC,0.0,16:00,,4142,Sao Paulo,,SP,,Figueirense,,2012-10-14,2.0,Morumbi,,30
Flamengo,SP,1.0,21:45,,1653,Flamengo,,RJ,,Palmeiras,,2006-05-31,2.0,Maracanã,,9
Gremio,RS,2.0,21:01,4-3-1-2,5206,Figueirense,R. Rodrigues Simões,SC,,Gremio,4-2-3-1,2015-09-03,0.0,Orlando Scarpelli,R. Machado Marques,22
Corinthians,PE,0.0,18:10,,1894,Corinthians,,SP,,Santa Cruz,,2006-11-05,1.0,Pacaembu,,33
Fortaleza,RS,0.0,18:10,,1945,Fortaleza,,CE,,Gremio,,2006-12-03,1.0,Presidente Vargas,,38
Empate,RS,2.0,18:30,,3396,Gremio,,RS,,Internacional,,2010-10-24,2.0,Olímpico,,31
Santos,SP,2.0,11:01,4-1-4-1,5699,Ponte Preta,E. Baptista,SP,,Santos,4-2-3-1,2016-06-11,1.0,Moisés Lucarelli,D. Silvestre Júnior,34
Fortaleza,PR,0.0,18:31,4-3-3,8475,Fortaleza,J. Vojvoda,CE,,Athletico-Pr,4-1-4-1,2024-06-02,1.0,Estádio Presidente Vargas,A. Stival,7
Paysandu,BA,0.0,20:30,,376,Paysandu,,PA,,Bahia,,2003-09-24,4.0,Mangueirão,,32
Figueirense,SC,1.0,18:10,,1967,America-Rn,,RN,,Figueirense,,2007-05-26,0.0,Machadã£O,,3
Empate,PE,1.0,19:30,,3958,Ponte Preta,,SP,,Sport,,2012-07-25,1.0,Moisés Lucarelli,,12
Empate,RS,0.0,21:00,4-2-3-1,7112,Atletico-Go,M. Ribeiro Cabo,GO,,Internacional,4-1-3-2,2020-11-28,0.0,Estádio Antônio Accioly,L. De Souza,23
Chapecoense,SC,2.0,18:59,4-2-3-1,7458,Bragantino,M. Nogueira Barbieri,SP,,Chapecoense,4-1-4-1,2021-09-11,1.0,Nabizão,L. De Oliveira Preto,20
Atletico-Mg,RS,0.0,21:30,4-3-3,8900,Atletico-Mg,J. Sampaoli,MG,,Internacional,4-3-3,2025-06-12,2.0,"Arena Mrv, Belo Horizonte",R. Díaz,12
Figueirense,SP,1.0,16:01,4-4-2,5144,Figueirense,A. Fucks,SC,,Ponte Preta,4-2-3-1,2015-08-02,3.0,Orlando Scarpelli,A. Ferreira,16
Flamengo,SC,0.0,11:01,4-2-3-1,5271,Flamengo,O. De Oliveira Filho,RJ,,Joinville,4-2-3-1,2015-10-04,2.0,Maracanã,P. Lopes De Gusmão,29
Empate,RJ,2.0,21:45,,1473,Juventude,,RS,,Flamengo,,2005-10-26,2.0,Alfredo Jaconi,,34
Empate,CE,2.0,16:00,,3349,Corinthians,,SP,,Ceara,,2010-10-02,2.0,Pacaembu,,27
Athletico-Pr,SP,0.0,16:01,4-2-3-1,7840,Athletico-Pr,L. Scolari,PR,,Sao Paulo,4-1-3-2,2022-07-31,1.0,Estádio Joaquim Américo Guimarães,R. Ceni,20
Flamengo,MG,1.0,21:00,,2855,Flamengo,,RJ,,Atletico-Mg,,2009-07-30,3.0,Maracanã,,15
Bahia,SP,0.0,16:00,4-2-3-1,8989,Bahia,R. Ceni,BA,1912336.0,Santos,4-3-3,2025-08-24,2.0,"Arena Fonte Nova, Salvador",J. Vojvoda,21
Internacional,MG,0.0,19:59,4-3-1-2,7805,Internacional,L. Venker De Menezes,RS,,America-Mg,4-1-4-1,2022-07-11,1.0,Estádio José Pinheiro Borda,V. Carmo Mancini,16
Gremio,RS,1.0,17:00,4-3-3,6437,Atletico-Mg,L. Culpi,MG,,Gremio,4-2-3-1,2018-03-11,0.0,Estádio Raimundo Sampaio,Renato Gaúcho,32
Botafogo-Rj,RJ,3.0,22:00,,4064,Cruzeiro,,MG,,Botafogo-Rj,,2012-09-05,1.0,Independência,,22
Empate,MG,0.0,16:00,,4790,Coritiba,M. Dos Santos Gonçalves,PR,,Atletico-Mg,,2014-08-31,0.0,Couto Pereira,L. Culpi,18
Internacional,RS,1.0,21:00,,4337,Sao Paulo,,SP,,Internacional,,2013-07-24,0.0,Morumbi,,12
Sao Paulo,SP,1.0,16:22,,4872,Gremio,L. Scolari,RS,,Sao Paulo,,2014-10-04,0.0,Arena Do Grêmio,M. Ramalho,26
Empate,SP,1.0,18:30,,8947,Botafogo-Rj,Davide Ancelotti,RJ,1807000.0,Corinthians,4-3-1-2,2025-07-26,1.0,"Estádio Nilton Santos, Rio De Janeiro",Dorival Silvestre Junior,17
Coritiba,PR,0.0,18:30,4-3-3,5256,Coritiba,N. Da Silveira Júnior,PR,,Athletico-Pr,4-2-3-1,2015-09-20,2.0,Couto Pereira,M. Mendes,27
Palmeiras,SP,2.0,21:50,,3992,Botafogo-Rj,,RJ,,Palmeiras,,2012-08-08,1.0,Engenhão,,15
Athletico-Pr,PR,3.0,16:00,,1050,Ponte Preta,,SP,,Athletico-Pr,,2004-11-21,2.0,Moisés Lucarelli,,42
Empate,MG,0.0,19:00,4-2-3-1,6153,Internacional,O. Hellmann,RS,,Cruzeiro,4-4-2,2018-04-29,0.0,Estádio José Pinheiro Borda,L. Venker De Menezes,3
Corinthians,SP,1.0,16:00,4-2-3-1,5901,Fluminense,A. Da Silva Braga,RJ,,Corinthians,4-2-3-1,2017-07-23,0.0,Maracanã,,16
Palmeiras,SP,2.0,16:32,,7837,Ceara,M. Dos Santos Gonçalves,CE,,Palmeiras,4-2-3-1,2022-07-30,1.0,Arena Castelão,A. Moreira Ferreira,20
Santos,MG,1.0,16:00,,2048,Santos,,SP,,Cruzeiro,,2007-07-07,4.0,Vila Belmiro,,10
Empate,SP,2.0,20:30,,4041,Atletico-Mg,,MG,,Ponte Preta,,2012-08-29,2.0,Independência,,20
Flamengo,RJ,3.0,15:59,4-3-3,5215,Fluminense,E. Alves Moreira,RJ,,Flamengo,4-2-3-1,2015-09-06,1.0,Maracanã,O. De Oliveira Filho,23
Sao Paulo,RS,0.0,20:00,3-4-1-2,9122,Sao Paulo,,SP,392052.5,Internacional,4-3-1-2,2025-12-03,3.0,"Estádio Urbano Caldeira, Santos",R. Díaz,37
Empate,RJ,2.0,16:00,,1973,Nautico,,PE,,Vasco,,2007-05-27,2.0,Aflitos,,3
Empate,CE,0.0,18:29,4-2-3-1,7699,Santos,F. Bustos,SP,,Ceara,4-3-3,2022-05-21,0.0,Arena Barueri,D. Silvestre Júnior,7
Sao Paulo,RS,1.0,20:30,,2114,Sao Paulo,,SP,,Juventude,,2007-08-02,3.0,Morumbi,,16
Paysandu,DF,1.0,21:30,,1500,Paysandu,,PA,,Brasiliense,,2005-11-03,2.0,Mangueirão,,36
Empate,SC,3.0,16:00,4-1-4-1,6207,Atletico-Mg,T. Mendes Larghi,MG,,Chapecoense,4-2-3-1,2018-06-02,3.0,Estádio Raimundo Sampaio,G. Kleina,9
Santos,BA,0.0,16:00,,171,Santos,,SP,,Bahia,,2003-06-28,4.0,Vila Belmiro,,15
Atletico-Go,GO,2.0,18:30,,4087,Fluminense,,RJ,,Atletico-Go,,2012-09-15,1.0,Raulino De Oliveira,,25
Empate,GO,3.0,21:40,,246,Santos,,SP,,Goias,,2003-07-23,3.0,Vila Belmiro,,21
Empate,SC,1.0,16:31,4-1-4-1,5691,Corinthians,O. De Oliveira Filho,SP,,Chapecoense,4-1-4-1,2016-10-29,1.0,Neo  Química  Arena,L. Saroli Caio Júnior,33
Empate,RS,1.0,21:29,4-3-2-1,6962,Palmeiras,V. Luxemburgo Da Silva,SP,,Internacional,4-1-2-1-2,2020-09-02,1.0,Allianz Parque,E. Coudet,7
Fortaleza,CE,2.0,16:02,,6860,Goias,N. Da Silveira Júnior,GO,,Fortaleza,4-2-3-1,2019-12-01,1.0,Estádio Do Governo Do Estado De Goiás (Serra Dourada),R. Ceni,36
Ponte Preta,SC,1.0,16:00,4-2-3-1,5428,Ponte Preta,,SP,,Chapecoense,4-2-3-1,2016-06-11,2.0,Moisés Lucarelli,,7
Goias,SP,0.0,19:30,,2088,Goias,,GO,,Santos,,2007-07-25,1.0,Serra Dourada,,14
Empate,RS,0.0,18:30,,4105,Atletico-Mg,,MG,,Gremio,,2012-09-23,0.0,Independência,,26
Empate,MG,1.0,21:01,4-2-3-1,9154,Ceara,M. Mozart,CE,385906.0,Cruzeiro,4-2-3-1,2025-11-29,1.0,"Arena Castelão, Fortaleza",T. Tite,36
Vitoria,BA,1.0,15:59,,4843,Vitoria,N. Da Silveira Júnior,BA,,Bahia,,2014-09-21,2.0,Itaipava Arena Fonte Nova,G. Kleina,23
Goias,PR,0.0,18:30,4-4-2,4698,Goias,S. Drubscky De Campos,GO,,Coritiba,4-2-2-2,2014-10-11,3.0,Estádio Do Governo Do Estado De Goiás (Serra Dourada),M. Dos Santos Gonçalves,28
Athletico-Pr,RS,1.0,18:45,3-4-2-1,7467,Athletico-Pr,P. Autuori De Mello,PR,,Juventude,4-2-3-1,2021-09-18,2.0,Estádio Joaquim Américo Guimarães,M. Dos Santos Gonçalves,21
Chapecoense,RS,1.0,20:00,4-2-3-1,6375,Chapecoense,A. Ferreira,SC,,Internacional,4-3-3,2018-09-17,2.0,Arena Condá,O. Hellmann,25
Palmeiras,SC,0.0,19:30,4-2-2-2,4808,Palmeiras,D. Silvestre Júnior,SP,,Criciuma,4-2-3-1,2014-09-10,1.0,Estádio Municipal Paulo Machado De Carvalho,G. Dal Pozzo,20
Corinthians,SP,0.0,15:59,,4733,Corinthians,L. Venker De Menezes,SP,,Palmeiras,,2014-07-27,2.0,Neo Química Arena,R. Gareca Nardi,12
Coritiba,PR,3.0,19:30,4-2-3-1,5328,Goias,D. Sérgio,GO,,Coritiba,4-2-3-1,2015-11-18,1.0,Estádio Do Governo Do Estado De Goiás (Serra Dourada),E. Pacheco,35
Nautico,PE,2.0,19:30,,4468,Ponte Preta,,SP,,Nautico,,2013-10-01,1.0,Moisés Lucarelli,,25
Palmeiras,BA,0.0,19:00,4-3-1-2,8316,Palmeiras,A. Moreira Ferreira,SP,,Bahia,3-4-2-1,2023-10-28,1.0,Allianz Parque,R. Ceni,30
Coritiba,PR,2.0,20:30,,4080,Atletico-Go,,GO,,Coritiba,,2012-09-12,1.0,Serra Dourada,,24
Empate,SP,3.0,16:00,,642,Atletico-Mg,,MG,,Santos,,2004-05-30,3.0,Mineirão,,8
Flamengo,RJ,2.0,16:00,,1275,Botafogo-Rj,,RJ,,Flamengo,,2005-07-31,0.0,Luso Brasileiro,,16
Sao Paulo,PE,0.0,16:10,,2779,Sao Paulo,,SP,,Nautico,,2009-06-27,2.0,Morumbi,,8
Bahia,BA,1.0,20:00,4-3-3,8055,Vasco,M. Nogueira Barbieri,RJ,,Bahia,5-4-1,2023-05-01,0.0,Estádio São Januário,R. Alves Paiva,3
Atletico-Mg,SP,0.0,16:00,,3862,Atletico-Mg,,MG,,Corinthians,,2012-05-27,1.0,Independência,,2
Corinthians,PR,1.0,16:00,,3481,Corinthians,,SP,,Coritiba,,2011-05-29,2.0,Fonte Luminosa,,2
Juventude,GO,1.0,16:00,,1535,Juventude,,RS,,Goias,,2005-11-19,2.0,Alfredo Jaconi,,40
Athletico-Pr,CE,1.0,16:00,,326,Athletico-Pr,,PR,,Fortaleza,,2003-08-23,3.0,Arena Da Baixada,,28
Vasco,SP,1.0,18:10,,2339,Vasco,,RJ,,Portuguesa,,2008-05-17,,São Januário,,2
Gremio,BA,1.0,16:00,,3981,Gremio,,RS,,Bahia,,2012-08-05,3.0,Olímpico,,14
Fortaleza,PE,0.0,20:29,3-4-1-2,7292,Fortaleza,J. Vojvoda,CE,,Sport,4-2-3-1,2021-06-13,1.0,Arena Castelão,U. Louzer Filho,3
Botafogo-Rj,PR,0.0,18:30,,4056,Botafogo-Rj,,RJ,,Coritiba,,2012-09-02,2.0,Engenhão,,21
Nautico,RS,1.0,18:10,,2239,Nautico,,PE,,Juventude,,2007-10-06,4.0,Aflitos,,30
Vasco,RJ,2.0,16:30,4-2-3-1,7086,Sport,J. Ribeiro Ventura,PE,,Vasco,3-4-2-1,2020-11-14,0.0,Adelmar Da Costa Carvalho,R. Andrade Silva Sá Pinto,21
Coritiba,SP,0.0,16:00,,2330,Coritiba,,PR,,Palmeiras,,2008-05-11,2.0,Couto Pereira,,1
Botafogo-Rj,PE,1.0,20:00,4-4-1-1,5885,Botafogo-Rj,J. Ribeiro Ventura,RJ,,Sport,4-2-3-1,2017-07-17,2.0,Estádio Nilton Santos,V. Luxemburgo Da Silva,14
Empate,SC,1.0,16:00,,865,Botafogo-Rj,,RJ,,Criciuma,,2004-08-28,1.0,Caio Martins,,27
Flamengo,RJ,2.0,21:00,4-2-3-1,5664,Fluminense,L. Culpi,RJ,,Flamengo,4-2-3-1,2016-10-13,1.0,Estádio Municipal General Raulino De Oliveira,,30
Empate,CE,0.0,18:59,4-4-2,7766,Cuiaba,A. Cardoso De Oliveira,MT,,Ceara,4-3-3,2022-06-18,0.0,Arena Pantanal,M. Dos Santos Gonçalves,13
Gremio,RS,3.0,16:01,4-2-3-1,8981,Atletico-Mg,J. Sampaoli,MG,1942092.93,Gremio,4-3-3,2025-08-17,1.0,"Arena Mrv, Belo Horizonte",L. Castro,20
Empate,GO,1.0,18:00,,372,Flamengo,,RJ,,Goias,,2003-09-21,1.0,Maracanã,,31
Palmeiras,PR,0.0,11:00,4-2-3-1,6277,Palmeiras,L. Scolari,SP,,Parana,4-1-4-1,2018-07-29,3.0,Allianz Parque,Ademir Fesan,16
Atletico-Go,PR,0.0,15:59,4-2-3-1,5936,Atletico-Go,J. P. Sanches,GO,,Coritiba,4-3-3,2017-08-12,1.0,Estádio Olímpico Pedro Ludovico Teixeira,M. De Oliveira Santos,20
Cruzeiro,RJ,2.0,17:00,4-2-3-1,5701,Cruzeiro,L. Venker De Menezes,MG,,Fluminense,4-2-3-1,2016-11-06,4.0,Mineirão,L. Culpi,34
Gremio,BA,0.0,10:59,4-2-3-1,8879,Gremio,L. Castro,RS,883424.0,Bahia,4-3-3,2025-05-25,1.0,"Arena Do Grêmio, Porto Alegre",,10
Atletico-Mg,SP,0.0,21:00,3-4-1-2,9029,Atletico-Mg,J. Sampaoli,MG,885689.88,Mirassol,4-3-3,2025-09-27,,"Arena Mrv, Belo Horizonte",R. Guanaes,25
Atletico-Mg,SP,0.0,18:10,,2365,Atletico-Mg,,MG,,Portuguesa,,2008-06-01,2.0,Mineirão,,4
Fluminense,RJ,2.0,18:30,,3214,Gremio,,RS,,Fluminense,,2010-08-08,1.0,Olímpico,,13
Atletico-Mg,PR,1.0,18:00,,912,Atletico-Mg,,MG,,Coritiba,,2004-09-12,2.0,Mineirão,,30
Empate,MG,0.0,20:30,4-3-3,9045,Flamengo,F. Luís,RJ,5835870.0,Cruzeiro,4-2-3-1,2025-10-02,0.0,"Maracanã, Rio De Janeiro",T. Tite,26
Mirassol,SP,1.0,16:00,4-3-1-2,9007,Gremio,L. Castro,RS,2675320.0,Mirassol,,2025-09-13,0.0,"Arena Do Grêmio, Porto Alegre",R. Guanaes,23
Chapecoense,RS,0.0,19:01,4-2-3-1,6508,Chapecoense,N. Da Silveira Júnior,SC,,Internacional,4-3-3,2019-04-27,2.0,Arena Condá,O. Hellmann,1
Flamengo,SP,1.0,21:30,4-2-3-1,8423,Flamengo,A. Bacchi,RJ,,Sao Paulo,3-4-2-1,2024-04-17,2.0,Maracanã,T. Carpini Barbosa,2
Palmeiras,CE,0.0,19:00,,6514,Palmeiras,L. Scolari,SP,,Fortaleza,4-4-2,2019-04-28,4.0,Allianz Parque,R. Ceni,1
Corinthians,PE,1.0,19:02,4-2-3-1,5926,Corinthians,F. Carille,SP,,Sport,4-4-1-1,2017-08-05,3.0,Neo Química Arena,V. Luxemburgo Da Silva,19
Palmeiras,SP,2.0,16:00,,1435,Botafogo-Rj,,RJ,,Palmeiras,,2005-10-08,1.0,Luso Brasileiro,,31
Internacional,PA,1.0,18:00,,125,Internacional,,RS,,Paysandu,,2003-05-31,2.0,Beira Rio,,11
Sao Paulo,PR,0.0,18:00,,480,Sao Paulo,,SP,,Coritiba,,2003-11-02,1.0,Morumbi,,40
Empate,MG,0.0,18:00,,664,Figueirense,,SC,,Cruzeiro,,2004-06-19,0.0,Orlando Scarpelli,,10
Atletico-Mg,SP,0.0,16:00,,1354,Atletico-Mg,,MG,,Ponte Preta,,2005-08-28,1.0,Mineirã£O,,23
Palmeiras,SP,1.0,20:31,4-2-3-1,8984,Botafogo-Rj,Davide Ancelotti,RJ,1052565.0,Palmeiras,4-2-3-1,2025-08-17,0.0,"Estádio Nilton Santos, Rio De Janeiro",Abel Fernando Moreira Ferreira,20
Cruzeiro,MG,3.0,18:30,,8050,Bragantino,P. Faria Caixinha,SP,,Cruzeiro,4-2-3-1,2023-04-29,0.0,Nabizão,P. Marques Da Costa Filipe,3
Fluminense,RJ,2.0,18:10,,2989,Santo Andre,,SP,,Fluminense,,2009-10-10,1.0,Bruno José Daniel,,29
Empate,PR,1.0,18:10,,1120,Sao Paulo,,SP,,Parana,,2005-04-30,1.0,Morumbi,,2
Athletico-Pr,SP,0.0,16:10,,2777,Athletico-Pr,,PR,,Corinthians,,2009-06-27,1.0,Arena Da Baixada,,8
Cruzeiro,RJ,1.0,17:05,,4985,Cruzeiro,M. De Oliveira Santos,MG,,Fluminense,,2014-12-07,2.0,Mineirão,C. Borges Dos Santos,38
Fortaleza,CE,2.0,21:32,3-4-1-2,8403,Santos,M. Fernandes,SP,,Fortaleza,4-2-3-1,2023-12-06,1.0,Estádio Urbano Caldeira,J. Vojvoda,38
Empate,SP,0.0,11:00,,5211,Chapecoense,V. Eutrópio,SC,,Ponte Preta,,2015-09-06,0.0,Arena Condá,D. Ghidoni Junior,23
Fortaleza,CE,3.0,21:00,4-2-3-1,7408,Palmeiras,A. Moreira Ferreira,SP,,Fortaleza,3-5-2,2021-08-07,2.0,Allianz Parque,J. Vojvoda,15
Fluminense,RJ,2.0,16:00,,3982,Coritiba,,PR,,Fluminense,,2012-05-08,0.0,Couto Pereira,,14
Vitoria,MG,0.0,16:00,4-2-3-1,6334,Vitoria,P. Carpegiani,BA,,Atletico-Mg,4-2-3-1,2018-08-26,1.0,Barradão,T. Mendes Larghi,21
Santos,RS,0.0,19:30,,2897,Santos,,SP,,Gremio,,2009-08-19,1.0,Vila Belmiro,,20
Nautico,MG,2.0,18:30,,2670,Nautico,,PE,,Cruzeiro,,2008-11-15,5.0,Aflitos,,35
Botafogo-Rj,RJ,2.0,18:30,,3978,Atletico-Go,,GO,,Botafogo-Rj,,2012-08-04,1.0,Serra Dourada,,14
Chapecoense,MG,1.0,18:31,4-3-2-1,5176,Chapecoense,V. Eutrópio,SC,,Atletico-Mg,4-2-3-1,2015-08-16,2.0,Arena Condá,L. Culpi,19
Fortaleza,RJ,1.0,20:30,,280,Fortaleza,,CE,,Fluminense,,2003-08-06,3.0,Castelão,,24
-,MG,0.0,19:30,4-2-3-1,6706,Ceara,E. Alves Moreira,CE,,Cruzeiro,4-1-4-1,2019-09-25,0.0,Arena Castelão,R. Ceni,21
Empate,MG,2.0,18:02,4-2-3-1,6082,Bahia,P. Carpegiani,BA,,Atletico-Mg,4-2-3-1,2017-11-12,2.0,Itaipava Arena Fonte Nova,O. De Oliveira Filho,34
Empate,RJ,1.0,18:14,4-2-3-1,7003,Atletico-Go,V. Carmo Mancini,GO,,Botafogo-Rj,3-4-2-1,2020-09-27,1.0,Estádio Olímpico Pedro Ludovico Teixeira,P. Autuori De Mello,12
Nautico,PE,1.0,21:00,,3919,Atletico-Go,,GO,,Nautico,,2012-07-07,0.0,Serra Dourada,,8
Sao Paulo,SC,0.0,21:00,,3480,Sao Paulo,,SP,,Figueirense,,2011-05-28,1.0,Morumbi,,2
Empate,SC,2.0,21:00,,4419,Bahia,,BA,,Criciuma,,2013-09-11,2.0,Fonte Nova,,20
Flamengo,RJ,2.0,19:01,5-3-2,8742,Cuiaba,J. Bertazzo Tobar,MT,,Flamengo,3-4-2-1,2024-11-20,1.0,Arena Pantanal,F. Luís,34
Empate,RJ,1.0,19:01,4-1-4-1,6177,Flamengo,M. Nogueira Barbieri,RJ,,Vasco,4-2-3-1,2018-05-19,1.0,Maracanã,,6
Juventude,RJ,2.0,11:02,4-4-2,8621,Juventude,J. Ribeiro Ventura,RS,,Botafogo-Rj,4-2-3-1,2024-08-11,3.0,Alfredo Jaconi,A. Torres Gomes Araújo Amorim,22
Palmeiras,SP,2.0,18:01,5-4-1,7753,Coritiba,G. Morínigo,PR,,Palmeiras,4-2-3-1,2022-06-12,0.0,Couto Pereira,A. Moreira Ferreira,11
Flamengo,PR,1.0,16:00,4-2-3-1,7011,Flamengo,J. Gris Vila,RJ,,Athletico-Pr,4-3-3,2020-10-04,3.0,Maracanã,,13
Empate,RJ,1.0,21:00,,4838,Criciuma,G. Dal Pozzo,SC,,Botafogo-Rj,,2014-09-20,1.0,Estádio Heriberto Hülse,V. Carmo Mancini,23
Nautico,PE,0.0,16:00,,2221,Nautico,,PE,,Sport,,2007-09-23,2.0,Aflitos,,27
Empate,RJ,2.0,21:31,3-5-2,9102,Sao Paulo,H. Crespo,SP,884193.5,Flamengo,4-2-3-1,2025-11-05,2.0,"Estádio Urbano Caldeira, Santos",F. Luís,32
Corinthians,SP,2.0,21:44,4-4-2,5483,America-Mg,S. De Oliveira Vieira,MG,,Corinthians,4-2-3-1,2016-06-29,0.0,Estádio Raimundo Sampaio,C. Borges Dos Santos,12
Athletico-Pr,SP,1.0,16:00,,187,Athletico-Pr,,PR,,Corinthians,,2003-07-06,3.0,Arena Da Baixada,,16
Gremio,BA,0.0,18:29,,4794,Gremio,L. Scolari,RS,,Bahia,,2014-08-31,1.0,Arena Do Grêmio,G. Kleina,18
Atletico-Mg,MG,3.0,15:59,,4839,Cruzeiro,M. De Oliveira Santos,MG,,Atletico-Mg,,2014-09-21,2.0,Mineirão,L. Culpi,23
Empate,PR,1.0,16:00,,2351,Sao Paulo,,SP,,Coritiba,,2008-05-25,1.0,Morumbi,,3
Figueirense,RS,0.0,16:00,,554,Figueirense,,SC,,Internacional,,2004-04-21,1.0,Orlando Scarpelli,,1
Corinthians,SP,3.0,16:00,,1409,Flamengo,,RJ,,Corinthians,,2005-09-25,1.0,Luso Brasileiro,,28
Sao Paulo,SP,3.0,21:45,,1396,Cruzeiro,,MG,,Sao Paulo,,2005-09-21,2.0,Mineirão,,27
Empate,MG,0.0,19:00,,6413,Atletico-Mg,T. Mendes Larghi,MG,,America-Mg,4-2-4-0,2018-10-14,0.0,Estádio Raimundo Sampaio,A. Batista,29
Palmeiras,RS,1.0,21:29,4-2-3-1,8072,Palmeiras,A. Moreira Ferreira,SP,,Gremio,3-4-1-2,2023-05-10,4.0,Allianz Parque,,5
Juventude,RS,2.0,18:00,,444,Cruzeiro,,MG,,Juventude,,2003-10-19,1.0,Mineirão,,37
Empate,SC,1.0,20:00,4-3-3,7314,Atletico-Mg,,MG,,Chapecoense,4-4-2,2021-06-21,1.0,Mineirão,J. Ribeiro Ventura,5
Gremio,RS,2.0,20:30,,2089,Nautico,,PE,,Gremio,,2007-07-25,0.0,Aflitos,,14
Flamengo,RJ,2.0,19:00,4-2-3-1,7788,Santos,,SP,,Flamengo,4-3-3,2022-07-02,1.0,Estádio Urbano Caldeira,D. Silvestre Júnior,15
Athletico-Pr,RJ,0.0,21:45,,2062,Athletico-Pr,,PR,,Botafogo-Rj,,2007-10-03,2.0,Kyocera Arena,,29
Empate,MG,1.0,18:30,,2844,Fluminense,,RJ,,Cruzeiro,,2009-07-26,1.0,Maracanã£,,14
Vitoria,BA,2.0,18:20,,2538,Figueirense,,SC,,Vitoria,,2008-08-23,1.0,Orlando Scarpelli,,22
Sao Paulo,BA,0.0,21:31,4-2-3-1,6236,Sao Paulo,D. Aguirre Camblor,SP,,Vitoria,4-2-3-1,2018-12-06,3.0,Morumbi,V. Carmo Mancini,12
Empate,GO,1.0,18:30,4-3-3,8296,Cuiaba,A. Cardoso De Oliveira,MT,,Goias,4-3-3,2023-10-21,1.0,Arena Pantanal,A. Evangelista Macedo Freitas,28
Empate,MG,1.0,18:59,,7824,Cuiaba,A. Cardoso De Oliveira,MT,,Atletico-Mg,4-2-3-1,2022-07-21,1.0,Arena Pantanal,A. Mohamed Matijevich,18
Corinthians,BA,0.0,21:50,,4474,Corinthians,,SP,,Bahia,,2013-10-02,2.0,Romildão,,25
Atletico-Mg,PE,1.0,18:20,,2579,Atletico-Mg,,MG,,Nautico,,2008-09-20,2.0,Mineirão,,26
Goias,RJ,0.0,22:00,,4812,Goias,S. Drubscky De Campos,GO,,Flamengo,,2014-09-10,1.0,Arena Pantanal,V. Luxemburgo Da Silva,20
Empate,RJ,0.0,21:40,,321,Corinthians,,SP,,Vasco,,2003-08-20,0.0,Pacaembu,,27
Flamengo,SP,0.0,18:10,,1383,Flamengo,,RJ,,Sao Caetano,,2005-09-17,2.0,Luso Brasileiro,,26
Cruzeiro,MG,2.0,22:00,,4044,Atletico-Go,,GO,,Cruzeiro,,2012-08-29,0.0,Serra Dourada,,20
Empate,RS,0.0,22:00,,4588,Corinthians,,SP,,Internacional,,2013-11-30,0.0,Pacaembu,,37
Empate,SP,0.0,16:00,3-4-2-1,6139,Ceara,M. Oliveira Chamusca,CE,,Sao Paulo,4-1-4-1,2018-04-22,0.0,Arena Castelão,D. Aguirre Camblor,2
Athletico-Pr,SP,1.0,16:00,,908,Athletico-Pr,,PR,,Corinthians,,2004-09-12,3.0,Arena Da Baixada,,30
Empate,SP,1.0,16:02,4-2-3-1,5941,Vasco,M. Mendes,RJ,,Palmeiras,4-2-3-1,2017-08-13,1.0,Estádio Municipal General Raulino De Oliveira,A. Stival,20
Figueirense,SC,2.0,19:34,,4708,Coritiba,C. Juarez Roth,PR,,Figueirense,,2014-07-16,0.0,Couto Pereira,A. Ferreira,10
Fluminense,RJ,1.0,18:30,4-2-3-1,8876,Fluminense,,RJ,2576612.5,Vasco,4-3-3,2025-05-24,2.0,"Maracanã£, Rio De Janeiro",F. Diniz,10
Fortaleza,GO,0.0,16:02,4-2-3-1,6672,Fortaleza,J. Mannarino,CE,,Goias,4-4-1-1,2019-09-01,2.0,Arena Castelã£O,N. Da Silveira Júnior,17
Athletico-Pr,PR,4.0,16:10,4-3-1-2,6609,Csa,A. Fucks,AL,,Athletico-Pr,4-2-3-1,2019-07-20,0.0,Estádio Rei Pelé,T. Retzalff Nunes,11
Vitoria,SP,1.0,21:44,4-1-2-1-2,6072,Vitoria,V. Carmo Mancini,BA,,Palmeiras,4-3-3,2017-11-08,3.0,Barradão,A. Valentim Do Carmo Neto,33
Corinthians,SP,2.0,21:32,4-2-3-1,8398,Coritiba,A. Ferreira,PR,,Corinthians,4-3-3,2023-12-06,0.0,Couto Pereira,L. Venker De Menezes,38
Empate,RS,1.0,16:00,,927,Atletico-Mg,,MG,,Internacional,,2004-09-25,1.0,Mineirão,,32
Empate,RJ,1.0,17:05,4-2-3-1,6121,Atletico-Go,J. P. Sanches,GO,,Fluminense,4-1-4-1,2017-12-03,1.0,Estádio Olímpico Pedro Ludovico Teixeira,A. Da Silva Braga,38
Gremio,SP,1.0,18:00,,16,Gremio,,RS,,Guarani,,2003-04-05,3.0,Olímpico,,2
Empate,BA,2.0,18:00,,143,Sao Paulo,,SP,,Bahia,,2003-06-08,2.0,Morumbi,,12
Palmeiras,PR,0.0,18:10,,2364,Palmeiras,,SP,,Athletico-Pr,,2008-06-01,1.0,Palestra Itália,,4
Figueirense,RS,1.0,16:00,,129,Figueirense,,SC,,Gremio,,2003-06-01,2.0,Orlando Scarpelli,,11
Palmeiras,SP,1.0,16:00,,1163,Palmeiras,,SP,,Santos,,2005-05-29,2.0,Parque Antártica,,6
Corinthians,RJ,0.0,16:00,4-2-3-1,5852,Corinthians,F. Carille,SP,,Botafogo-Rj,4-1-4-1,2017-07-02,1.0,Neo Química Arena,J. Ribeiro Ventura,11
Gremio,BA,0.0,19:00,4-2-3-1,7427,Gremio,L. Scolari,RS,,Bahia,4-1-4-1,2021-08-21,2.0,Arena Do Grêmio,B. Lopes,17
Gremio,RJ,0.0,16:00,,4649,Gremio,E. Alves Moreira,RS,,Fluminense,,2014-05-18,1.0,Arena Do Grêmio,C. Borges Dos Santos,5
Palmeiras,SP,2.0,16:03,4-2-3-1,5023,Corinthians,A. Bacchi,SP,,Palmeiras,4-3-1-2,2015-05-31,0.0,Neo Química Arena,O. De Oliveira Filho,4
Figueirense,PE,0.0,16:00,,4743,Figueirense,A. Fucks,SC,,Sport,,2014-08-03,3.0,Orlando Scarpelli,E. Baptista,13
Athletico-Pr,RJ,4.0,19:30,,1877,Athletico-Pr,,PR,,Vasco,,2006-11-01,6.0,Kyocera Arena,,32
Internacional,RS,2.0,18:20,,2489,Fluminense,,RJ,,Internacional,,2008-08-02,1.0,Maracanã,,17
Corinthians,SP,2.0,21:30,4-3-3,7995,Flamengo,D. Silvestre Júnior,RJ,,Corinthians,,2022-11-02,1.0,Maracanã£,F. J. Monteiro Almeida,35
Empate,PA,3.0,16:00,,1184,Figueirense,,SC,,Paysandu,,2005-06-18,3.0,Orlando Scarpelli,,8
Santos,SP,2.0,19:00,4-2-3-1,6113,Flamengo,R. Rueda Rivera,RJ,,Santos,4-2-3-1,2017-11-26,1.0,Luso-Brasileiro,Elano,37
Empate,MG,1.0,19:31,,5337,Palmeiras,M. De Oliveira Santos,SP,,Cruzeiro,4-3-3,2015-11-21,1.0,Allianz Parque,L. Venker De Menezes,36
Ponte Preta,SP,2.0,16:00,,1172,Cruzeiro,,MG,,Ponte Preta,,2005-06-11,1.0,Mineirão,,7
Empate,SP,1.0,20:30,,2195,Botafogo-Rj,,RJ,,Palmeiras,,2007-09-06,1.0,Maracanã,,24
Empate,RJ,2.0,16:00,,3374,Avai,,SC,,Flamengo,,2010-10-10,2.0,Ressacada,,29
Palmeiras,MG,1.0,21:30,,8012,Palmeiras,A. Moreira Ferreira,SP,,America-Mg,4-1-4-1,2022-11-09,2.0,Allianz Parque,V. Carmo Mancini,37
Internacional,RS,2.0,18:10,,1860,Ponte Preta,,SP,,Internacional,,2006-10-21,0.0,Moisés Lucarelli,,30
Botafogo-Rj,GO,0.0,19:29,,4855,Botafogo-Rj,V. Carmo Mancini,RJ,,Goias,,2014-09-25,1.0,Maracanã,S. Drubscky De Campos,24
-,MG,1.0,21:31,4-2-3-1,8129,Fluminense,F. Diniz Silva,RJ,,Atletico-Mg,4-3-3,2023-06-21,1.0,Estádio Municipal General Raulino De Oliveira,L. Scolari,11
Gremio,RJ,0.0,16:00,4-2-3-1,6337,Gremio,Renato Gaúcho,RS,,Botafogo-Rj,4-2-3-1,2018-09-01,4.0,Arena Do Grêmio,,22
Empate,SC,1.0,18:30,,4857,Chapecoense,J. Da Silva,SC,,Criciuma,,2014-09-27,1.0,Arena Condá,G. Dal Pozzo,25
Vitoria,PA,1.0,17:00,,955,Vitoria,,BA,,Paysandu,,2004-10-02,4.0,Barradão,,34
Empate,RJ,1.0,18:30,,3135,Botafogo-Rj,,RJ,,Vasco,,2010-05-23,1.0,Engenhão,,5
Cruzeiro,BA,0.0,16:00,,388,Cruzeiro,,MG,,Vitoria,,2003-09-28,1.0,Mineirão,,33
Bragantino,PR,2.0,19:00,4-2-3-1,7758,Bragantino,C. Maldonado,SP,,Coritiba,4-2-3-1,2022-06-15,4.0,Nabizão,G. Morínigo,12
Botafogo-Rj,PR,1.0,16:00,,1033,Botafogo-Rj,,RJ,,Coritiba,,2004-11-13,4.0,Caio Martins,,41
Palmeiras,SP,1.0,20:00,4-3-3,7825,America-Mg,V. Carmo Mancini,MG,,Palmeiras,4-2-3-1,2022-07-21,0.0,Estádio Raimundo Sampaio,A. Moreira Ferreira,18
Flamengo,RJ,2.0,11:01,4-4-2,5400,Ponte Preta,E. Baptista,SP,,Flamengo,4-2-3-1,2016-05-29,,Moisés Lucarelli,J. Mannarino,4
Athletico-Pr,RJ,1.0,16:00,,932,Athletico-Pr,,PR,,Flamengo,,2004-09-26,2.0,Arena Da Baixada,,32
Coritiba,MG,0.0,16:00,,4021,Coritiba,,PR,,Cruzeiro,,2012-08-19,4.0,Couto Pereira,,18
Palmeiras,SP,2.0,16:00,,692,Parana,,PR,,Palmeiras,,2004-07-04,1.0,Pinheirão,,12
Figueirense,RJ,0.0,21:00,4-4-2,5280,Figueirense,,SC,,Flamengo,4-2-3-1,2015-10-14,3.0,Orlando Scarpelli,O. De Oliveira Filho,30
Empate,MG,1.0,19:01,4-2-3-1,8568,Juventude,R. Machado Marques,RS,,Atletico-Mg,4-2-3-1,2024-07-16,1.0,Arena Brb Mané Garrincha,G. Milito,17
Juventude,MG,0.0,16:00,,830,Juventude,,RS,,Cruzeiro,,2004-08-14,1.0,Alfredo Jaconi,,24
Sao Paulo,RS,1.0,18:30,,3499,Sao Paulo,,SP,,Gremio,,2011-06-11,3.0,Morumbi,,4
Internacional,PR,0.0,21:45,,2093,Internacional,,RS,,Parana,,2007-07-25,1.0,Beira Rio,,14
Coritiba,MG,0.0,16:03,4-1-3-2,5074,Coritiba,N. Da Silveira Júnior,PR,,Cruzeiro,4-2-3-1,2015-06-28,1.0,Couto Pereira,V. Luxemburgo Da Silva,9
Cruzeiro,MG,4.0,21:40,,33,Coritiba,,PR,,Cruzeiro,,2003-04-16,3.0,Couto Pereira,,4
Cruzeiro,MG,2.0,20:30,,3940,Portuguesa,,SP,,Cruzeiro,,2012-07-18,0.0,Canindé,,10
Coritiba,MG,0.0,16:01,4-1-4-1,8356,Coritiba,,PR,,Cruzeiro,4-4-1-1,2023-11-11,1.0,Vila Capanema,J. Mannarino,34
Empate,GO,1.0,20:00,3-4-1-2,7745,Fortaleza,J. Vojvoda,CE,,Goias,5-4-1,2022-06-09,1.0,Arena Castelão,J. Ribeiro Ventura,10
Empate,SC,1.0,19:30,,4319,Portuguesa,,SP,,Criciuma,,2013-07-31,1.0,Canindé,,10
Sport,SP,1.0,18:30,,2966,Sport,,PE,,Santo Andre,,2009-09-27,2.0,Ilha Do Retiro,,26
Sao Paulo,RJ,1.0,16:00,,3970,Sao Paulo,,SP,,Flamengo,,2012-07-29,4.0,Morumbi,,13
Coritiba,PR,1.0,18:10,,1189,Coritiba,,PR,,Parana,,2005-06-19,2.0,Couto Pereira,,8
Internacional,PR,0.0,15:00,,288,Internacional,,RS,,Coritiba,,2003-08-07,1.0,Beira Rio,,24
Atletico-Mg,RJ,2.0,17:31,4-2-3-1,8863,Atletico-Mg,J. Sampaoli,MG,1525627.63,Fluminense,4-2-3-1,2025-05-11,3.0,"Arena Mrv, Belo Horizonte",L. Luis Zubeldia,8
Atletico-Mg,RJ,2.0,16:00,,4160,Atletico-Mg,,MG,,Fluminense,,2012-10-21,3.0,Independência,,32
Corinthians,PR,1.0,16:00,,3093,Corinthians,,SP,,Athletico-Pr,,2010-05-09,2.0,Pacaembu,,1
Empate,SP,1.0,17:00,4-2-3-1,8614,Internacional,R. Machado Marques,RS,,Palmeiras,3-4-2-1,2024-08-04,1.0,Estádio Beira-Rio,A. Moreira Ferreira,21
Botafogo-Rj,BA,0.0,19:30,,4323,Botafogo-Rj,,RJ,,Vitoria,,2013-08-01,2.0,Maracanã,,10
Ponte Preta,SP,3.0,19:31,4-2-3-1,5484,Santa Cruz,M. Mendes,PE,,Ponte Preta,4-2-3-1,2016-06-30,0.0,Estádio Do Arruda,,12
Sao Paulo,SP,2.0,17:07,4-2-3-1,5302,Coritiba,N. Da Silveira Júnior,PR,,Sao Paulo,4-2-3-1,2015-10-25,1.0,Couto Pereira,D. Ghidoni Junior,32
Santos,PR,0.0,18:30,,3367,Santos,,SP,,Athletico-Pr,,2010-10-09,2.0,Vila Belmiro,,29
Empate,RJ,1.0,18:30,,3196,Botafogo-Rj,,RJ,,Fluminense,,2010-07-25,1.0,Engenhão,,11
Flamengo,RS,0.0,18:29,4-2-3-1,5118,Flamengo,C. Borges Dos Santos,RJ,,Gremio,4-2-3-1,2015-07-18,1.0,Maracanã,R. Machado Marques,14
Empate,RJ,2.0,20:30,,970,Paysandu,,PA,,Flamengo,,2004-10-07,2.0,Mangueirão,,35
Gremio,SP,0.0,20:30,,3586,Gremio,,RS,,Santos,,2011-10-05,1.0,Olímpico,,11
Paysandu,MG,1.0,16:00,,926,Paysandu,,PA,,Cruzeiro,,2004-09-25,3.0,Mangueirão,,32
Sport,PE,4.0,16:30,4-2-3-1,6429,Gremio,Renato Gaúcho,RS,,Sport,4-2-3-1,2018-10-27,3.0,Arena Do Grêmio,M. Mendes,31
Fluminense,MG,2.0,20:00,4-2-3-1,5606,Fluminense,L. Culpi,RJ,,Atletico-Mg,4-4-2,2016-09-12,4.0,Estádio Giulite Coutinho,M. De Oliveira Santos,24
Palmeiras,RJ,0.0,21:50,,2853,Palmeiras,,SP,,Fluminense,,2009-07-29,1.0,Palestra Itália,,15
Figueirense,RS,0.0,16:00,,974,Figueirense,,SC,,Gremio,NAN,2004-10-16,2.0,Orlando Scarpelli,,36
America-Mg,SP,0.0,18:00,4-2-3-1,7911,America-Mg,V. Carmo Mancini,MG,,Corinthians,4-1-4-1,2022-09-18,1.0,Estádio Raimundo Sampaio,V. De Oliveira Lopes Pereira,27
Atletico-Mg,MG,1.0,19:59,4-2-3-1,8855,Juventude,M. Barbieri,RS,291430.0,Atletico-Mg,4-4-2,2025-05-05,0.0,"Alfredo Jaconi, Caxias Do Sul",J. Sampaoli,7
Goias,MT,0.0,18:00,3-4-3,7783,Goias,J. Ribeiro Ventura,GO,,Cuiaba,4-3-3,2022-06-26,1.0,Estádio Da Serrinha,B. Lazaroni,14
Flamengo,RJ,2.0,21:50,,4473,Coritiba,,PR,,Flamengo,,2013-10-02,0.0,Couto Pereira,,25
Santos,SC,0.0,11:00,4-2-3-1,5131,Santos,D. Silvestre Júnior,SP,,Joinville,4-4-2,2015-07-26,2.0,Estádio Urbano Caldeira,A. Batista,15
Empate,PR,2.0,18:30,,4353,Internacional,,RS,,Athletico-Pr,,2013-08-11,2.0,Estádio Do Vale,,13
Goias,GO,1.0,16:30,4-1-4-1,7876,Goias,J. Ribeiro Ventura,GO,,Atletico-Go,4-2-3-1,2022-08-27,2.0,Estã¡Dio Da Serrinha,J. De Amorim Campos,24
Fluminense,SC,0.0,19:30,,3629,Fluminense,,RJ,,Figueirense,,2011-08-17,3.0,Engenhão,,17
Parana,RJ,0.0,16:00,,1792,Parana,,PR,,Fluminense,,2006-09-10,1.0,Pinheirão,,23
Coritiba,PR,2.0,18:30,4-2-3-1,8283,Atletico-Mg,,MG,,Coritiba,4-1-4-1,2023-10-08,1.0,Arena Mrv,T. Kosloski,26
Parana,PR,2.0,20:30,,2004,Flamengo,,RJ,,Parana,,2007-07-19,1.0,Parque Do Sabiá,,12
Corinthians,RS,0.0,21:00,,4015,Corinthians,,SP,,Internacional,,2012-08-16,1.0,Pacaembu,,17
Flamengo,RJ,1.0,21:45,,1903,Goias,,GO,,Flamengo,,2006-11-08,0.0,Serra Dourada,,34
Atletico-Mg,SC,1.0,20:00,4-2-2-2,5554,Atletico-Mg,M. De Oliveira Santos,MG,,Chapecoense,4-3-2-1,2016-08-08,3.0,Estádio Raimundo Sampaio,L. Saroli Caio Júnior,19
Empate,SP,1.0,21:30,4-3-3,6902,Fluminense,O. Hellmann,RJ,,Palmeiras,4-2-3-1,2020-08-12,1.0,Maracanã,V. Luxemburgo Da Silva,2
Cruzeiro,PR,2.0,18:00,,75,Cruzeiro,,MG,,Athletico-Pr,,2003-05-03,5.0,Mineirão,,7
Santos,MG,0.0,18:10,,2346,Santos,,SP,,Ipatinga,,2008-05-18,4.0,Vila Belmiro,,2
Empate,RS,1.0,21:32,4-1-4-1,5466,Coritiba,E. Pacheco,PR,,Internacional,4-2-3-1,2016-06-23,1.0,Couto Pereira,A. Fucks,10
Gremio,RS,1.0,18:00,,431,Internacional,,RS,,Gremio,,2003-10-12,0.0,Beira Rio,,36
Sport,PE,1.0,21:03,,4689,Vitoria,J. Da Silva,BA,,Sport,,2014-05-31,0.0,Estádio Alberto Oliveira,E. Baptista,9
Corinthians,SP,2.0,20:01,4-2-3-1,8128,Santos,O. Hellmann,SP,,Corinthians,4-1-4-1,2023-06-21,0.0,Estádio Urbano Caldeira,V. Luxemburgo Da Silva,11
Athletico-Pr,RJ,0.0,18:15,4-4-2,7152,Athletico-Pr,P. Autuori De Mello,PR,,Vasco,4-2-3-1,2020-12-27,3.0,Estádio Joaquim Américo Guimarães,R. Mota,27
Empate,GO,0.0,16:00,,1554,Flamengo,,RJ,,Goias,,2005-11-27,0.0,Luso Brasileiro,,41
Guarani,PR,0.0,20:30,,244,Guarani,,SP,,Athletico-Pr,,2003-07-23,1.0,Brinco De Ouro,,21
Empate,RJ,1.0,16:00,,784,Juventude,,RS,,Vasco,,2004-08-01,1.0,Alfredo Jaconi,,20
Goias,SP,2.0,17:00,,3067,Goias,,GO,,Sao Paulo,,2009-11-29,4.0,Serra Dourada,,37
Sao Paulo,SP,5.0,16:00,,978,Atletico-Mg,,MG,,Sao Paulo,,2004-10-17,0.0,Independência,,36
Cruzeiro,MG,3.0,16:00,,2942,Internacional,,RS,,Cruzeiro,,2009-09-13,2.0,Beira  Rio,,24
Santos,PR,1.0,17:00,4-2-4-0,5360,Santos,D. Silvestre Júnior,SP,,Athletico-Pr,4-2-3-1,2015-12-06,5.0,Estádio Urbano Caldeira,C. Borges Dos Santos,38
Cruzeiro,BA,0.0,21:30,4-2-3-1,8825,Cruzeiro,T. Tite,MG,,Bahia,4-3-3,2025-04-17,3.0,"Mineirã£O, Belo Horizonte",R. Ceni,4
Palmeiras,PE,1.0,16:00,,1621,Palmeiras,,SP,,Santa Cruz,,2006-05-21,2.0,Parque Antártica,,6
Internacional,PR,0.0,18:10,,2159,Internacional,,RS,,Athletico-Pr,,2007-08-25,1.0,Beira Rio,,21
Botafogo-Rj,RN,2.0,20:30,,2110,Botafogo-Rj,,RJ,,America-Rn,,2007-08-01,4.0,Engenheiro Araripe,,16
Empate,GO,1.0,18:01,4-2-3-1,6052,Vitoria,V. Carmo Mancini,BA,,Atletico-Go,4-2-3-1,2017-10-29,1.0,Barradão,J. P. Sanches,31
Internacional,RS,1.0,18:30,4-2-3-1,5227,Coritiba,N. Da Silveira Júnior,PR,,Internacional,4-2-3-1,2015-09-12,0.0,Couto Pereira,A. Fucks,25
Empate,PR,1.0,20:30,,1367,Palmeiras,,SP,,Coritiba,,2005-09-08,1.0,Parque Antártica,,24
Fluminense,PR,0.0,16:00,4-2-3-1,8036,Fluminense,F. Diniz Silva,RJ,,Athletico-Pr,4-2-3-1,2023-04-22,2.0,Maracanã,P. Turra,2
Sao Paulo,BA,1.0,16:03,4-2-3-1,8530,Sao Paulo,M. Cuberas,SP,,Bahia,4-1-3-2,2024-06-30,3.0,Morumbis,R. Ceni,13
Empate,RJ,1.0,20:01,4-3-3,5995,Sport,V. Luxemburgo Da Silva,PE,,Vasco,4-2-3-1,2017-09-25,1.0,Adelmar Da Costa Carvalho,J. Mannarino,25
-,RJ,0.0,16:00,4-2-3-1,8169,Fluminense,F. Diniz Silva,RJ,,Flamengo,4-2-3-1,2023-07-16,0.0,Maracanã,J. Sampaoli Moya,15
Corinthians,SP,4.0,19:34,3-5-2,8758,Criciuma,C. Tencati,SC,,Corinthians,4-3-1-2,2024-11-30,2.0,Estádio Heriberto Hülse,R. Díaz,36
Palmeiras,SP,2.0,16:02,4-2-3-1,5424,Flamengo,J. Mannarino,RJ,,Palmeiras,4-2-3-1,2016-06-05,1.0,Estádio Nacional De Brasília,A. Stival,6
Athletico-Pr,PR,2.0,16:00,,1610,Santa Cruz,,PE,,Athletico-Pr,,2006-05-14,1.0,Arruda,,5
Fluminense,GO,0.0,18:30,,3097,Fluminense,,RJ,,Atletico-Go,,2010-05-15,1.0,Maracanã,,2
Athletico-Pr,SP,0.0,21:00,3-4-2-1,6205,Athletico-Pr,F. Diniz Silva,PR,,Santos,4-3-3,2018-05-31,2.0,Estádio Joaquim Américo Guimarães,J. Ribeiro Ventura,8
Goias,RJ,0.0,18:10,,2416,Goias,,GO,,Fluminense,,2008-07-06,1.0,Serra Dourada,,9
Empate,RS,0.0,16:00,,2029,Santos,,SP,,Gremio,,2007-06-30,0.0,Vila Belmiro,,8
Corinthians,SC,0.0,19:00,4-2-3-1,7658,Corinthians,V. De Oliveira Lopes Pereira,SP,,Avai,4-3-3,2022-04-16,3.0,Neo Química Arena,E. De Souza Barroca,2
Atletico-Mg,SC,0.0,18:30,,4126,Atletico-Mg,,MG,,Figueirense,,2012-10-06,6.0,Independência,,28
Empate,RJ,1.0,18:31,4-2-3-1,8961,Ceara,,CE,2795442.0,Flamengo,,2025-08-03,1.0,"Arena Castelão, Fortaleza",F. Luís,18
Internacional,RJ,0.0,18:30,,3248,Internacional,,RS,,Botafogo-Rj,,2010-08-28,1.0,Beira Rio,,17
Empate,SP,0.0,16:00,,124,Ponte  Preta,,SP,,Sao Caetano,,2003-05-31,0.0,Moisés Lucarelli,,11
Ponte Preta,PR,0.0,11:04,4-2-3-1,5289,Ponte Preta,F. Moreira,SP,,Coritiba,4-2-3-1,2015-10-18,3.0,Moisés Lucarelli,,31
Palmeiras,PR,1.0,21:00,4-2-3-1,7439,Palmeiras,A. Moreira Ferreira,SP,,Athletico-Pr,4-2-3-1,2021-08-28,2.0,Allianz Parque,A. Cardoso De Oliveira,18
Gremio,SP,2.0,22:00,,3344,Gremio,,RS,,Sao Paulo,,2010-09-29,4.0,Olímpico,,26
Empate,PR,1.0,18:00,,600,Athletico-Pr,,PR,,Coritiba,,2004-05-02,1.0,Arena Da Baixada,,4
Flamengo,PE,1.0,18:10,,2139,Flamengo,,RJ,,Nautico,,2007-08-11,2.0,Maracanã,,19
Empate,PR,2.0,16:00,4-1-3-2,7080,Internacional,E. Coudet,RS,,Coritiba,4-3-3,2020-11-08,2.0,Estádio José Pinheiro Borda,R. Marques Santana,20
Empate,BA,1.0,19:30,4-1-4-1,6251,Chapecoense,G. Kleina,SC,,Bahia,4-2-3-1,2018-07-19,1.0,Arena Condá,E. Alves Moreira,13
Atletico-Mg,GO,0.0,21:00,4-1-4-1,7029,Atletico-Mg,J. Sampaoli Moya,MG,,Goias,4-2-3-1,2020-10-10,3.0,Mineirão,E. Alves Moreira,15
Sao Paulo,SP,1.0,18:10,,2209,Sao Paulo,,SP,,Santos,,2007-09-15,2.0,Morumbi,,26
Sport,SP,1.0,16:00,,4053,Sport,,PE,,Santos,,2012-09-02,2.0,Ilha Do Retiro,,21
Cruzeiro,MG,1.0,21:00,,3365,Goias,,GO,,Cruzeiro,,2010-10-07,0.0,Serra Dourada,,28
Empate,SP,1.0,17:00,4-3-3,6836,Santos,J. Sampaoli Moya,SP,,Sao Paulo,4-2-3-1,2019-11-16,1.0,Estádio Urbano Caldeira,F. Diniz Silva,33
Empate,PR,0.0,20:30,,726,Figueirense,,SC,,Parana,,2004-07-13,0.0,Orlando Scarpelli,,15
Flamengo,RJ,1.0,21:45,4-1-4-1,5711,America-Mg,E. Alves Moreira,MG,,Flamengo,4-2-3-1,2016-11-16,0.0,Mineirão,J. Mannarino,35
Internacional,RJ,1.0,16:00,,979,Internacional,,RS,,Botafogo-Rj,,2004-10-17,3.0,Beira Rio,,36
Flamengo,SP,0.0,16:00,,809,Flamengo,,RJ,,Sao Paulo,,2004-08-08,1.0,Raulino De Oliveira,,22
Sao Paulo,SP,1.0,16:32,4-3-1-2,5049,Chapecoense,V. Eutrópio,SC,,Sao Paulo,4-2-3-1,2015-06-13,0.0,Arena Condá,J. Osorio,7
Botafogo-Rj,RJ,1.0,20:30,,1477,Ponte Preta,,SP,,Botafogo-Rj,,2005-10-27,0.0,Moisés Lucarelli,,34
Cruzeiro,MG,1.0,16:04,4-2-3-1,8777,Juventude,F. Matias,RS,,Cruzeiro,4-2-3-1,2024-12-08,0.0,Alfredo Jaconi,F. Diniz Silva,38
Flamengo,RJ,2.0,20:31,3-5-2,9034,Corinthians,D. Junior,SP,3003306.0,Flamengo,4-3-3,2025-09-28,1.0,"Neo Química Arena, São Paulo",F. Luís,25
Empate,RJ,1.0,18:15,3-4-1-2,7310,Fortaleza,J. Vojvoda,CE,,Fluminense,4-2-3-1,2021-06-20,1.0,Arena Castelão,R. Machado Marques,5
Gremio,RJ,0.0,21:50,,3963,Gremio,,RS,,Fluminense,,2012-07-25,1.0,Olímpico,,12
Athletico-Pr,MG,0.0,16:02,,6399,Athletico-Pr,T. Retzalff Nunes,PR,,America-Mg,4-2-3-1,2018-10-06,4.0,Estádio Joaquim Américo Guimarães,A. Batista,28
Sport,RJ,0.0,20:29,4-3-3,6944,Sport,J. Ribeiro Ventura,PE,,Fluminense,4-1-2-1-2,2020-09-20,1.0,Adelmar Da Costa Carvalho,O. Hellmann,11
Atletico-Mg,MG,4.0,20:30,,1239,Fortaleza,,CE,,Atletico-Mg,,2005-07-20,1.0,Castelão,,13
Sao Caetano,SP,1.0,18:10,,1228,Fluminense,,RJ,,Sao Caetano,,2005-07-16,0.0,Raulino De Oliveira,,12
Vitoria,MG,0.0,16:01,4-2-3-1,6336,Vitoria,,BA,,America-Mg,4-1-4-1,2018-09-01,1.0,Barradão,A. Batista,22
Internacional,MG,1.0,16:00,4-2-3-1,6880,Internacional,J. Mannarino,RS,,Atletico-Mg,4-2-3-1,2019-12-08,2.0,Estádio José Pinheiro Borda,,38
Empate,RS,1.0,15:59,4-2-3-1,6416,America-Mg,A. Batista,MG,,Gremio,4-2-3-1,2018-10-20,1.0,Estádio Raimundo Sampaio,Renato Gaúcho,30
Palmeiras,SP,0.0,15:59,4-2-3-1,5071,Palmeiras,M. De Oliveira Santos,SP,,Sao Paulo,4-2-3-1,2015-06-28,4.0,Allianz Parque,,9
Atletico-Mg,RJ,0.0,22:01,,4684,Atletico-Mg,L. Culpi,MG,,Fluminense,,2014-05-28,2.0,Estádio Ipatingão,C. Borges Dos Santos,8
Botafogo-Rj,RJ,2.0,18:30,,3219,Atletico-Go,,GO,,Botafogo-Rj,,2010-08-14,0.0,Serra Dourada,,14
Guarani,RS,0.0,20:30,,287,Guarani,,SP,,Gremio,,2003-08-07,2.0,Brinco De Ouro,,24
Mirassol,SP,0.0,18:32,4-3-3,8928,Mirassol,R. Guanaes,SP,1087280.0,Santos,4-2-3-1,2025-07-19,3.0,"Campos Maia, Mirassol",J. Vojvoda,15
Sao Paulo,SP,2.0,21:50,,2967,Nautico,,PE,,Sao Paulo,,2009-09-30,1.0,Aflitos,,27
Atletico-Mg,GO,2.0,21:00,,3165,Atletico-Mg,,MG,,Atletico-Go,,2010-07-15,3.0,Arena Do Jacaré,,8
Corinthians,RJ,0.0,16:02,4-2-3-1,5980,Corinthians,F. Carille,SP,,Vasco,4-2-3-1,2017-09-17,1.0,Neo Química Arena,J. Mannarino,24
Mirassol,SP,2.0,18:31,,8877,Sao Paulo,H. Crespo,SP,1831001.0,Mirassol,4-2-3-1,2025-05-24,0.0,"Morumbis, São Paulo",R. Guanaes,10
Cruzeiro,MG,2.0,16:00,,1658,Fortaleza,,CE,,Cruzeiro,,2006-06-03,0.0,Castelão,,10
Empate,RJ,2.0,18:10,,1976,Flamengo,,RJ,,Botafogo-Rj,,2007-05-27,2.0,Maracanã,,3
Vitoria,GO,0.0,18:20,,2398,Vitoria,,BA,,Goias,,2008-06-28,3.0,Barradão,,8
Empate,PR,2.0,20:30,,454,Atletico-Mg,,MG,,Parana,,2003-10-23,2.0,Mineirão,,38
Atletico-Mg,RJ,0.0,16:00,,109,Atletico-Mg,,MG,,Fluminense,NAN,2003-05-24,3.0,Independência,,10
Corinthians,MG,0.0,21:59,,4682,Corinthians,L. Venker De Menezes,SP,,Cruzeiro,,2014-05-28,1.0,Estádio Dr. Oswaldo Teixeira Duarte,M. De Oliveira Santos,8
Gremio,RS,2.0,20:30,,3684,Bahia,,BA,,Gremio,,2011-09-08,1.0,Pituaçu,,22
Empate,BA,1.0,19:00,3-4-3,7237,Atletico-Mg,J. Sampaoli Moya,MG,,Bahia,,2021-02-13,1.0,Mineirão,L. Cavalcanti,36
Flamengo,PR,0.0,18:00,,659,Flamengo,,RJ,,Athletico-Pr,,2004-06-13,3.0,Raulino De Oliveira,,9
Empate,CE,0.0,22:00,,3304,Vitoria,,BA,,Ceara,,2010-09-15,0.0,Barradão,,22
Atletico-Mg,MG,2.0,16:00,3-4-3,5823,Sao  Paulo,R. Ceni,SP,,Atletico-Mg,4-4-2,2017-06-18,1.0,Morumbi,R. Machado Marques,8
Santos,SP,2.0,19:30,,2847,Nautico,,PE,,Santos,,2009-07-29,1.0,Aflitos,,15
Palmeiras,SP,1.0,16:00,4-1-4-1,5992,Fluminense,A. Da Silva Braga,RJ,,Palmeiras,4-3-3,2017-09-24,0.0,Maracanã,A. Stival,25
Palmeiras,MG,1.0,18:31,4-2-3-1,8676,Palmeiras,A. Moreira Ferreira,SP,,Atletico-Mg,3-5-2,2024-09-28,2.0,Estádio Brinco De Ouro,L. Gonçalves,28
Parana,SC,1.0,20:30,,1002,Parana,,PR,,Figueirense,,2004-10-27,2.0,Pinheirão,,38
Empate,SP,1.0,17:00,,4199,Flamengo,,RJ,,Palmeiras,,2012-11-18,1.0,Raulino De Oliveira,,36
Empate,RS,1.0,16:00,,2419,Athletico-Pr,,PR,,Internacional,,2008-07-06,1.0,Kyocera Arena,,11
Atletico-Mg,MG,2.0,16:00,3-4-1-2,7461,Fortaleza,J. Vojvoda,CE,,Atletico-Mg,4-2-3-1,2021-09-12,0.0,Arena Castelão,A. Stival,20
Internacional,PE,1.0,18:30,4-4-2,5267,Internacional,A. Fucks,RS,,Sport,4-2-3-1,2015-10-03,2.0,Estádio José Pinheiro Borda,Falcao,29
Vasco,SC,0.0,20:30,,962,Vasco,,RJ,,Figueirense,,2004-10-06,1.0,São Januário,,35
Santos,PR,0.0,16:00,,1581,Santos,,SP,,Athletico-Pr,,2006-04-23,2.0,Papa J.Paulo Ii (*Pf),,2
Empate,SP,3.0,11:00,,4990,Gremio,L. Scolari,RS,,Ponte Preta,,2015-05-10,3.0,Arena Do Grêmio,A. Ferreira,1
Gremio,SP,0.0,18:10,,2218,Gremio,,RS,,Santos,,2007-09-22,1.0,Olímpico,,27
Empate,BA,1.0,19:00,4-2-3-1,6293,Fluminense,M. De Oliveira Santos,RJ,,Bahia,4-2-3-1,2018-08-05,1.0,Maracanã,E. Alves Moreira,17
Flamengo,RJ,1.0,18:01,4-2-3-1,5857,Vasco,M. Mendes,RJ,,Flamengo,4-2-3-1,2017-07-08,0.0,Estádio Vasco Da Gama,J. Mannarino,12
Sao Paulo,SP,2.0,16:00,,4232,Ponte Preta,,SP,,Sao Paulo,,2013-05-26,0.0,Moisés Lucarelli,,1
Juventude,RS,2.0,16:00,,758,Internacional,,RS,,Juventude,,2004-07-24,1.0,Beira Rio,,18
Juventude,RS,1.0,20:30,,2285,Palmeiras,,SP,,Juventude,,2007-11-01,0.0,Parque Antártica,,34
Empate,BA,2.0,16:00,4-2-3-1,6641,Palmeiras,L. Scolari,SP,,Bahia,4-3-3,2019-08-11,2.0,Allianz Parque,R. Machado Marques,14
Vitoria,SP,2.0,15:59,,5382,Vitoria,V. Carmo Mancini,BA,,Corinthians,4-1-4-1,2016-05-22,3.0,Barradão,A. Bacchi,2
Fluminense,PR,0.0,16:00,4-2-3-1,5034,Fluminense,E. Alves Moreira,RJ,,Coritiba,4-1-4-1,2015-06-04,2.0,Maracanã,M. Dos Santos Gonçalves,5
Atletico-Mg,RS,0.0,18:00,,808,Atletico-Mg,,MG,,Gremio,,2004-08-07,3.0,Independência,,22
Empate,SP,1.0,16:00,4-5-1,6941,Gremio,Renato Gaúcho,RS,,Palmeiras,4-3-2-1,2020-09-20,1.0,Arena Do Grêmio,V. Luxemburgo Da Silva,11
Empate,SP,1.0,18:59,,7694,Fortaleza,J. Vojvoda,CE,,Sao Paulo,4-1-4-1,2022-05-08,1.0,Arena Castelão,R. Ceni,5
Parana,PR,2.0,18:10,,1957,Juventude,,RS,,Parana,,2007-05-19,1.0,Alfredo  Jaconi,,2
Coritiba,RJ,0.0,20:30,,2446,Coritiba,,PR,,Flamengo,,2008-07-17,1.0,Couto Pereira,,12
Empate,SP,0.0,19:01,,5853,Avai,C. Dos Santos Oliveira,SC,,Ponte Preta,4-2-3-1,2017-07-02,0.0,Ressacada,Juninho,11
Bragantino,RJ,0.0,21:29,3-2-4-1,8135,Bragantino,P. Faria Caixinha,SP,,Flamengo,4-2-3-1,2023-06-22,4.0,Nabizão,J. Sampaoli Moya,11
Empate,RS,2.0,18:15,3-1-4-2,7124,Atletico-Mg,J. Sampaoli Moya,MG,,Internacional,4-1-4-1,2020-12-06,2.0,Mineirão,L. De Souza,24
Empate,PR,1.0,16:00,,2403,Athletico-Pr,,PR,,Coritiba,,2008-06-29,1.0,Kyocera Arena,,8
Corinthians,RJ,1.0,18:10,,1074,Corinthians,,SP,,Vasco,,2004-12-04,3.0,Pacaembu,,44
Athletico-Pr,PR,4.0,16:00,4-2-3-1,7336,Fluminense,R. Machado Marques,RJ,,Athletico-Pr,4-2-3-1,2021-06-30,1.0,Estã¡Dio Municipal General Raulino De Oliveira,B. Lazaroni,8
Empate,PR,0.0,21:00,,4241,Bahia,,BA,,Coritiba,,2013-05-29,0.0,Pituaçu,,2
Flamengo,BA,1.0,20:00,4-2-3-1,8504,Flamengo,A. Bacchi,RJ,,Bahia,4-1-3-2,2024-06-20,2.0,Maracanã,R. Ceni,10
Empate,SC,1.0,18:10,,2106,Fluminense,,RJ,,Figueirense,,2007-07-29,1.0,Mané Garrincha,,15
Cruzeiro,SC,3.0,19:30,,4528,Cruzeiro,,MG,,Criciuma,,2013-10-26,5.0,Mineirão,,31
Empate,RJ,1.0,19:00,5-4-1,8073,Coritiba,A. Zago,PR,,Vasco,4-3-3,2023-05-11,1.0,Couto Pereira,M. Nogueira Barbieri,5
Gremio,RS,2.0,18:30,4-4-2,8148,Bahia,R. Alves Paiva,BA,,Gremio,,2023-07-01,1.0,Itaipava Arena Fonte Nova,Renato Gaúcho,13
Atletico-Mg,CE,0.0,17:00,4-2-3-1,7210,Atletico-Mg,J. Sampaoli Moya,MG,,Fortaleza,5-4-1,2021-01-31,2.0,Mineirão,L. Porto Siqueira,33
America-Mg,PR,0.0,20:30,4-3-3,7889,America-Mg,V. Carmo Mancini,MG,,Coritiba,4-3-3,2022-09-03,2.0,Estádio Raimundo Sampaio,A. Ferreira,25
Botafogo-Rj,PR,0.0,21:00,,4720,Botafogo-Rj,V. Carmo Mancini,RJ,,Coritiba,,2014-07-19,1.0,Estádio Municipal General Raulino De Oliveira,C. Juarez Roth,11
Ceara,RS,0.0,19:30,4-4-2,6812,Ceara,A. Batista,CE,,Internacional,4-2-3-1,2019-11-07,2.0,Arena Castelão,J. Mannarino,31
Ponte Preta,PA,0.0,20:30,,1004,Ponte Preta,,SP,,Paysandu,,2004-10-27,3.0,Moisés Lucarelli,,38
Corinthians,RS,0.0,16:01,3-5-2,9092,Corinthians,D. Junior,SP,3030958.4,Gremio,4-2-3-1,2025-11-02,2.0,"Neo Química Arena, São Paulo",L. Castro,31
Flamengo,SC,1.0,11:00,4-2-3-1,6539,Flamengo,A. Da Silva Braga,RJ,,Chapecoense,4-2-3-1,2019-05-12,2.0,Maracanã£,N. Da Silveira Júnior,4
Empate,SC,1.0,16:15,,4652,Athletico-Pr,M. Portugal Vicario,PR,,Chapecoense,,2014-05-18,1.0,Estádio Willie Davids,G. Dal Pozzo,5
Santos,GO,1.0,16:59,4-2-3-1,5295,Santos,D. Silvestre Júnior,SP,,Goias,4-2-3-1,2015-10-18,3.0,Estádio Urbano Caldeira,A. Alves Da Silva Neto,31
Fluminense,SP,3.0,18:10,,1486,Fluminense,,RJ,,Ponte Preta,,2005-10-30,4.0,Raulino De Oliveira,,35
Flamengo,RJ,4.0,16:01,4-3-1-2,7591,Sao Paulo,R. Ceni,SP,,Flamengo,,2021-11-14,0.0,Morumbi,Renato Gaúcho,32
Athletico-Pr,RJ,0.0,18:10,,1423,Athletico-Pr,,PR,,Flamengo,,2005-10-02,2.0,Arena Da Baixada,,29
Bragantino,SP,2.0,20:30,4-2-3-1,8845,Santos,J. Vojvoda,SP,348835.0,Bragantino,4-2-3-1,2025-04-27,1.0,"Estádio  Urbano  Caldeira,  Santos",V. Mancini,6
Internacional,RS,0.0,16:00,,710,Internacional,,RS,,Gremio,,2004-07-10,2.0,Beira Rio,,14
Empate,SP,1.0,16:21,,4908,Palmeiras,D. Silvestre Júnior,SP,,Corinthians,,2014-10-25,10.0,Estádio Municipal Paulo Machado De Carvalho,L. Venker De Menezes,31
Botafogo-Rj,SP,0.0,20:02,4-2-3-1,8014,Botafogo-Rj,,RJ,,Santos,4-2-3-1,2022-11-10,3.0,Estádio Nilton Santos,O. Ribeiro,37
Santos,RS,1.0,20:00,4-2-3-1,7955,Santos,O. Ribeiro,SP,,Juventude,4-1-4-1,2022-10-10,4.0,Estádio Urbano Caldeira,L. Palavro Zanella,31
Santos,SC,0.0,19:30,,5887,Santos,L. Culpi,SP,,Chapecoense,4-1-4-1,2017-07-19,1.0,Estádio Urbano Caldeira,,15
Flamengo,RJ,2.0,16:00,,4103,Atletico-Go,,GO,,Flamengo,,2012-09-23,1.0,Serra Dourada,,26
Atletico-Mg,MG,3.0,18:31,4-2-3-1,5096,Internacional,D. Aguirre Camblor,RS,,Atletico-Mg,4-2-3-1,2015-07-05,1.0,Estádio José Pinheiro Borda,L. Culpi,11
Internacional,SP,0.0,16:00,,2723,Internacional,,RS,,Palmeiras,,2009-05-17,2.0,Beira Rio,,2
Empate,RJ,1.0,16:00,,1273,Figueirense,,SC,,Fluminense,,2005-07-31,1.0,Orlando Scarpelli,,16
Empate,RJ,3.0,21:50,,2453,Vasco,,RJ,,Fluminense,,2008-07-23,3.0,São Januário,,14
Vitoria,SP,0.0,16:02,3-4-2-1,9162,Vitoria,J. Ventura,BA,,Sao Paulo,3-5-2,2025-12-07,1.0,"Barradão, Salvador",H. Crespo,38
Goias,GO,1.0,16:00,,269,Figueirense,,SC,,Goias,,2003-08-03,0.0,Orlando Scarpelli,,23
Palmeiras,SP,1.0,21:50,,3563,Figueirense,,SC,,Palmeiras,,2011-07-27,0.0,Orlando Scarpelli,,12
Gremio,RS,2.0,16:59,4-3-2-1,5365,Joinville,P. Lopes De Gusmão,SC,,Gremio,4-2-3-1,2015-12-06,0.0,Arena Joinville,R. Machado Marques,38
Empate,MG,0.0,18:29,4-4-2,9094,Internacional,R. Díaz,RS,1457636.0,Atletico-Mg,3-4-2-1,2025-11-02,0.0,"Estádio Beira-Rio, Porto Alegre",J. Sampaoli,31
Fluminense,RS,0.0,18:29,4-2-3-1,5139,Fluminense,E. Alves Moreira,RJ,,Gremio,,2015-08-01,1.0,Maracanã,R. Machado Marques,16
Empate,GO,1.0,16:01,4-2-3-1,6653,Bahia,R. Machado Marques,BA,,Goias,4-4-2,2019-08-18,1.0,Itaipava Arena Fonte Nova,N. Da Silveira Júnior,15
Empate,MG,0.0,18:30,,2822,Vitoria,,BA,,Atletico-Mg,,2009-07-19,0.0,Barradão,,12
Corinthians,PR,1.0,20:34,4-2-3-1,5419,Corinthians,A. Bacchi,SP,,Coritiba,4-2-3-1,2016-04-06,2.0,Neo Química Arena,E. Pacheco,6
Ponte Preta,SP,2.0,18:00,,591,Atletico-Mg,,MG,,Ponte Preta,,2004-05-01,1.0,Independência,,4
Empate,RJ,0.0,19:01,,5935,Ponte Preta,G. Kleina,SP,,Vasco,4-3-2-1,2017-08-06,0.0,Moisés Lucarelli,M. Mendes,19
Avai,GO,1.0,18:31,4-2-2-2,5235,Avai,G. Kleina,SC,,Goias,4-4-2,2015-09-13,2.0,Ressacada,J. Camargo,25
Empate,RJ,0.0,19:30,3-4-2-1,8367,Athletico-Pr,W. Carvalho,PR,,Vasco,3-5-2,2023-11-25,0.0,Ligga Arena,R. Díaz,35
Empate,MG,0.0,19:02,4-2-3-1,7629,Ceara,T. Retzalff Nunes,CE,,America-Mg,4-2-3-1,2021-12-05,0.0,Arena Castelão,M. Dos Santos Gonçalves,37
Juventude,RS,2.0,19:00,4-4-1-1,9096,Sport,C. De Lucena,PE,97100.0,Juventude,,2025-11-05,0.0,"Adelmar Da Costa Carvalho, Recife",M. Barbieri,32
Atletico-Mg,SP,1.0,18:00,4-2-3-1,6862,Atletico-Mg,V. Carmo Mancini,MG,,Corinthians,4-1-4-1,2019-12-01,2.0,Estádio Raimundo Sampaio,Coelho,36
Atletico-Mg,MG,1.0,17:59,4-2-3-1,7662,Athletico-Pr,F. Carille,PR,,Atletico-Mg,4-4-2,2022-04-17,0.0,Estádio Joaquim Américo Guimarães,A. Mohamed Matijevich,2
Empate,PE,1.0,20:30,,2041,Athletico-Pr,,PR,,Nautico,,2007-07-03,1.0,Kyocera Arena,,9
Atletico-Mg,RJ,0.0,15:00,4-2-3-1,7926,Atletico-Mg,A. Stival,MG,,Fluminense,4-2-3-1,2022-01-10,2.0,Mineirã£O,F. Diniz Silva,29
Juventude,SP,0.0,16:00,,678,Juventude,,RS,,Corinthians,,2004-06-27,1.0,Alfredo Jaconi,,11
Corinthians,SP,1.0,16:01,5-4-1,9076,Vitoria,J. Ventura,BA,1044996.0,Corinthians,3-4-1-2,2025-10-25,0.0,"Barradão, Salvador",D. Junior,30
Empate,MG,3.0,16:00,4-3-3,8187,Athletico-Pr,W. Carvalho,PR,,Cruzeiro,4-3-3,2023-07-29,3.0,Ligga Arena,P. Marques Da Costa Filipe,17
Empate,PE,0.0,20:30,4-2-3-1,7085,Ceara,A. Ferreira,CE,,Sport,5-4-1,2020-11-08,0.0,Arena Castelão,J. Ribeiro Ventura,20
Athletico-Pr,PR,2.0,21:00,3-4-3,7790,Palmeiras,A. Moreira Ferreira,SP,,Athletico-Pr,4-2-3-1,2022-07-02,0.0,Allianz Parque,L. Scolari,15
Empate,MG,2.0,20:30,,2435,Ipatinga,,MG,,Cruzeiro,,2008-07-10,2.0,Ipatingão,,10
Atletico-Mg,SP,1.0,11:01,4-2-3-1,6309,Atletico-Mg,T. Mendes Larghi,MG,,Santos,4-3-3,2018-12-08,3.0,Estádio Raimundo Sampaio,,18
Flamengo,SP,0.0,17:00,4-2-3-1,6097,Flamengo,R. Rueda Rivera,RJ,,Corinthians,4-2-3-1,2017-11-19,3.0,Luso-Brasileiro,F. Carille,36
Santos,SP,2.0,16:01,4-2-3-1,8280,Palmeiras,A. Moreira Ferreira,SP,,Santos,3-5-2,2023-10-08,1.0,Arena Barueri,M. Fernandes,26
Empate,BA,1.0,18:29,4-2-3-1,8832,Fluminense,L. Luis Zubeldia,RJ,1280457.0,Vitoria,4-2-3-1,2025-04-20,1.0,"Maracanã£, Rio De Janeiro",J. Ventura,5
Corinthians,SP,1.0,21:50,,897,Guarani,,SP,,Corinthians,,2004-09-08,0.0,Brinco De Ouro,,29
Figueirense,RJ,0.0,16:00,,1612,Figueirense,,SC,,Fluminense,,2006-05-14,1.0,Orlando Scarpelli,,5
Empate,SC,0.0,17:00,4-2-3-1,7436,Sport,,PE,,Chapecoense,4-1-4-1,2021-08-28,0.0,Adelmar Da Costa Carvalho,D. Camargo,18
America-Mg,RJ,1.0,20:30,,3807,America-Mg,,MG,,Botafogo-Rj,,2011-11-16,2.0,Arena Do Jacaré,,35
Palmeiras,BA,2.0,20:00,4-2-3-1,7328,Palmeiras,A. Moreira Ferreira,SP,,Bahia,4-2-3-1,2021-06-27,3.0,Allianz Parque,L. Cavalcanti,7
Empate,RJ,1.0,21:47,4-2-3-1,6029,Avai,C. Dos Santos Oliveira,SC,,Botafogo-Rj,4-4-1-1,2017-10-18,1.0,Ressacada,,29
Criciuma,RJ,2.0,22:03,,4710,Criciuma,W. Lopes,SC,,Fluminense,,2014-07-16,3.0,Estádio Heriberto Hülse,C. Borges Dos Santos,10
Atletico-Go,SP,3.0,21:50,,3962,Atletico-Go,,GO,,Sao Paulo,,2012-07-25,4.0,Serra Dourada,,12
Empate,PE,1.0,21:02,4-3-2-1,5399,Chapecoense,A. Ferreira,SC,,Santa Cruz,4-2-3-1,2016-05-28,1.0,Arena Condá,M. Mendes,4
Santos,SP,1.0,17:01,,4980,Vitoria,N. Da Silveira Júnior,BA,,Santos,,2014-12-07,0.0,Barradão,E. Alves Moreira,38
-,MT,0.0,20:30,,7485,Atletico-Go,E. De Souza Barroca,GO,,Cuiaba,4-4-2,2021-09-26,0.0,Estádio Antônio Accioly,J. De Amorim Campos,22
Bahia,SP,1.0,18:59,4-2-3-1,7185,Bahia,L. Cavalcanti,BA,,Corinthians,4-2-3-1,2021-01-28,2.0,Itaipava Arena Fonte Nova,V. Carmo Mancini,30
Sport,RS,0.0,19:31,4-2-3-1,5077,Sport,E. Baptista,PE,,Internacional,,2015-07-01,3.0,Adelmar Da Costa Carvalho,D. Aguirre Camblor,10
Vasco,SP,1.0,16:00,4-2-3-1,6911,Vasco,R. Menezes Hubner,RJ,,Sao Paulo,4-2-3-1,2020-08-16,2.0,Estádio Vasco Da Gama,F. Diniz Silva,3
Botafogo-Rj,AL,1.0,20:00,4-2-3-1,6775,Botafogo-Rj,A. Valentim Do Carmo Neto,RJ,,Csa,4-1-4-1,2019-10-21,2.0,Estádio Nilton Santos,A. Fucks,27
Atletico-Mg,MG,3.0,16:00,,2800,Cruzeiro,,MG,,Atletico-Mg,,2009-07-12,0.0,Mineirão,,10
Parana,RJ,1.0,20:30,,585,Parana,,PR,,Flamengo,,2004-04-29,2.0,Pinheirão,,3
Guarani,RJ,1.0,16:00,,3271,Guarani,,SP,,Fluminense,,2010-09-05,2.0,Brinco De Ouro,,19
Gremio,RS,3.0,16:00,,3933,Cruzeiro,,MG,,Gremio,,2012-07-15,1.0,Independência,,9
Empate,SP,0.0,21:45,,1265,Atletico-Mg,,MG,,Sao Paulo,,2005-07-27,0.0,Mineirão,,15
Empate,RJ,2.0,16:02,4-3-3,8182,Santos,P. Turra,SP,,Botafogo-Rj,4-2-3-1,2023-07-23,2.0,Estádio Urbano Caldeira,B. Nascimento,16
Goias,GO,1.0,16:00,,311,Gremio,,RS,,Goias,,2003-08-17,0.0,Olímpico,,26
Empate,SP,0.0,18:30,,8361,Santos,M. Fernandes,SP,,Sao Paulo,4-2-3-1,2023-11-12,0.0,Estádio Urbano Caldeira,D. Silvestre Júnior,34
Atletico-Mg,SP,1.0,21:45,4-2-3-1,5462,Atletico-Mg,M. De Oliveira Santos,MG,,Corinthians,4-2-3-1,2016-06-22,2.0,Mineirão,C. Borges Dos Santos,10
Empate,CE,1.0,18:30,4-2-3-1,8657,Athletico-Pr,M. Varini Di Zioli,PR,,Fortaleza,4-2-3-1,2024-09-14,1.0,Ligga Arena,J. Vojvoda,26
Avai,SC,2.0,16:01,4-2-3-1,5861,Gremio,Renato Gaúcho,RS,,Avai,4-2-3-1,2017-07-09,0.0,Arena Do Grêmio,C. Dos Santos Oliveira,12
Athletico-Pr,PR,0.0,16:01,,4672,Athletico-Pr,,PR,,Coritiba,,2014-05-25,,Estádio Willie Davids,,7
Criciuma,RS,1.0,18:30,,4298,Criciuma,,SC,,Gremio,,2013-07-20,2.0,Heriberto Hulse,,8
Empate,GO,1.0,16:00,,1010,Guarani,,SP,,Goias,,2004-10-30,1.0,Brinco  De  Ouro,,39
Internacional,RJ,0.0,16:00,,2198,Internacional,,RS,,Flamengo,,2007-09-08,3.0,Beira Rio,,25
Empate,RS,1.0,18:30,,3626,Bahia,,BA,,Internacional,,2011-08-14,1.0,Pituaçu,,16
Gremio,PR,1.0,19:15,4-2-3-1,7019,Gremio,Renato Gaúcho,RS,,Coritiba,4-2-3-1,2020-07-10,2.0,Arena Do Grêmio,J. De Amorim Campos,14
Empate,RJ,3.0,21:01,4-3-3,8970,Bahia,R. Ceni,BA,1298824.0,Fluminense,4-2-3-1,2025-08-09,3.0,"Arena Fonte Nova, Salvador",L. Luis Zubeldia,19
Gremio,SP,0.0,16:00,4-2-3-1,5521,Gremio,R. Machado Marques,RS,,Sao Paulo,4-2-3-1,2016-07-24,1.0,Arena Do Grêmio,E. Bauza,16
Empate,CE,1.0,19:30,4-2-3-1,7940,Athletico-Pr,L. Scolari,PR,,Fortaleza,4-2-3-1,2022-10-05,1.0,Estádio Joaquim Américo Guimarães,J. Vojvoda,30
Sport,SP,1.0,19:27,,4767,Sport,E. Baptista,PE,,Palmeiras,,2014-08-20,2.0,Arena De Pernambuco,R. Gareca Nardi,16
Palmeiras,SP,2.0,19:00,4-2-3-1,7338,Internacional,D. Aguirre Camblor,RS,,Palmeiras,4-2-3-1,2021-06-30,1.0,Estádio José Pinheiro Borda,A. Moreira Ferreira,8
Empate,RJ,2.0,16:00,,90,Paysandu,,PA,,Fluminense,,2003-05-11,2.0,Mangueirão,,8
Empate,SP,0.0,19:02,4-3-3,5953,Coritiba,M. De Oliveira Santos,PR,,Santos,4-2-3-1,2017-08-20,0.0,Couto Pereira,L. Culpi,21
Sport,RS,1.0,19:01,4-2-3-1,6396,Sport,M. Mendes,PE,,Internacional,4-3-3,2018-10-05,2.0,Adelmar Da Costa Carvalho,O. Hellmann,28
Empate,SP,2.0,16:00,4-2-3-1,7540,Internacional,D. Aguirre Camblor,RS,,Corinthians,4-3-3,2021-10-24,2.0,Estádio José Pinheiro Borda,S. Campos Junior,28
Vasco,SP,0.0,20:30,,2133,Vasco,,RJ,,Corinthians,,2007-08-09,2.0,São Januário,,18
Flamengo,PE,0.0,18:30,,2938,Flamengo,,RJ,,Sport,,2009-09-12,3.0,Maracanã,,24
Cruzeiro,SP,0.0,16:00,4-3-3,6654,Cruzeiro,R. Ceni,MG,,Santos,3-4-3,2019-08-18,2.0,Mineirão,J. Sampaoli Moya,15
Palmeiras,SP,2.0,18:00,,984,Juventude,,RS,,Palmeiras,,2004-10-17,0.0,Alfredo Jaconi,,36
Sao Paulo,PR,0.0,19:00,4-3-3,6936,Sao Paulo,F. Diniz Silva,SP,,Athletico-Pr,4-3-3,2020-08-26,1.0,Morumbi,D. Silvestre Júnior,11
Internacional,RS,1.0,16:01,4-3-3,5292,Flamengo,O. De Oliveira Filho,RJ,,Internacional,4-2-3-1,2015-10-18,0.0,Maracanã£,A. Fucks,31
Internacional,MG,0.0,21:00,,2876,Internacional,,RS,,Atletico-Mg,,2009-09-02,3.0,Beira Rio,,17
Empate,MG,2.0,17:05,,6117,Botafogo-Rj,J. Ribeiro Ventura,RJ,,Cruzeiro,4-2-3-1,2017-12-03,2.0,Estádio Nilton Santos,,38
Empate,SP,1.0,18:30,,3215,Athletico-Pr,,PR,,Sao Paulo,,2010-08-08,1.0,Arena Da Baixada,,13
Ceara,CE,2.0,19:31,4-2-3-1,6405,Cruzeiro,L. Venker De Menezes,MG,,Ceara,4-2-3-1,2018-10-24,0.0,Mineirão,L. Cirne Lima De Lorenzi,28
Flamengo,RS,0.0,19:30,4-2-3-1,5477,Flamengo,J. Mannarino,RJ,,Internacional,4-2-3-1,2016-06-29,1.0,Kléber Andrade,A. Fucks,12
Flamengo,PE,0.0,19:15,4-2-3-1,7017,Flamengo,D. Torrent Font,RJ,,Sport,4-2-3-1,2020-10-07,3.0,Maracanã£,J. Ribeiro Ventura,14
Chapecoense,SC,1.0,16:00,,4701,Bahia,G. Kleina,BA,,Chapecoense,,2014-10-12,0.0,Itaipava Arena Fonte Nova,J. Da Silva,28
Palmeiras,SP,4.0,16:00,,629,Santos,,SP,,Palmeiras,,2004-05-23,0.0,Vila Belmiro,,7
Corinthians,RJ,1.0,16:02,4-3-1-2,8750,Corinthians,R. Díaz,SP,,Vasco,4-2-3-1,2024-11-24,3.0,Neo Quã­Mica Arena,C. De Paiva,35
Santos,SC,0.0,18:29,4-2-3-1,5107,Santos,D. Silvestre Júnior,SP,,Figueirense,4-4-2,2015-07-11,3.0,Estádio Urbano Caldeira,A. Fucks,13
Cruzeiro,RS,0.0,20:27,,4776,Cruzeiro,M. De Oliveira Santos,MG,,Gremio,,2014-08-21,1.0,Mineirão,,16
Flamengo,RJ,4.0,20:00,3-4-3,8115,Vasco,M. Nogueira Barbieri,RJ,,Flamengo,4-2-2-2,2023-06-05,1.0,Maracanã,J. Sampaoli Moya,9
Empate,MG,1.0,16:00,,1842,Athletico-Pr,,PR,,Cruzeiro,,2006-10-08,1.0,Kyocera Arena,,28
Empate,DF,1.0,16:00,,1274,Coritiba,,PR,,Brasiliense,,2005-07-31,1.0,Couto Pereira,,16
Fortaleza,RS,1.0,16:00,,128,Fortaleza,,CE,,Juventude,,2003-06-01,3.0,Castelão,,11
Cruzeiro,SP,1.0,16:01,4-4-2,5862,Cruzeiro,L. Venker De Menezes,MG,,Palmeiras,,2017-07-09,3.0,Mineirão,A. Stival,12
Empate,SP,1.0,16:00,,1712,Botafogo-Rj,,RJ,,Sao Paulo,,2006-08-06,1.0,Raulino De Oliveira,,15
Coritiba,MT,0.0,20:01,,7835,Coritiba,,PR,,Cuiaba,4-1-4-1,2022-07-25,1.0,Couto Pereira,A. Cardoso De Oliveira,19
Fluminense,PR,1.0,18:30,,4236,Fluminense,,RJ,,Athletico-Pr,,2013-05-26,2.0,Moacyrzão,,1
Corinthians,SP,2.0,16:03,4-2-3-1,5171,Avai,G. Kleina,SC,,Corinthians,4-1-4-1,2015-08-16,1.0,Ressacada,A. Bacchi,19
Empate,SP,0.0,18:20,,2399,Portuguesa,,SP,,Santos,,2008-06-28,0.0,Canindé,,8
Flamengo,SP,0.0,16:00,4-2-3-1,8841,Flamengo,F. Luís,RJ,4472050.0,Corinthians,4-3-3,2025-04-27,4.0,"Maracanã, Rio De Janeiro",D. Junior,6
Santos,SP,0.0,18:59,,7570,Santos,F. Carille,SP,,Bragantino,4-2-3-1,2021-11-10,2.0,Estádio Urbano Caldeira,M. Nogueira Barbieri,31
Gremio,PR,0.0,19:00,4-3-3,8418,Gremio,Renato Gaúcho,RS,,Athletico-Pr,4-2-3-1,2024-04-17,2.0,Arena Do Grêmio,A. Stival,2
Sao Paulo,RJ,0.0,18:10,,1188,Sao Paulo,,SP,,Botafogo-Rj,,2005-06-19,1.0,Morumbi,,8
Chapecoense,SP,0.0,16:01,4-1-4-1,5989,Chapecoense,E. Hartkopp,SC,,Ponte Preta,4-1-4-1,2017-09-24,1.0,Arena Condá,E. Baptista,25
Empate,SP,1.0,11:00,4-1-4-1,5988,Sao Paulo,D. Silvestre Júnior,SP,,Corinthians,4-2-3-1,2017-09-24,1.0,Morumbi,F. Carille,25
Botafogo-Rj,RS,0.0,18:10,,1978,Botafogo-Rj,,RJ,,Gremio,,2007-06-02,3.0,Maracanã,,4
Vitoria,RJ,0.0,18:30,,4250,Vitoria,,BA,,Vasco,,2013-06-01,2.0,Barradã£O,,3
-,SP,0.0,18:30,4-2-3-1,8172,Internacional,L. Venker De Menezes,RS,,Palmeiras,4-3-3,2023-07-16,0.0,Estã¡Dio Beira-Rio,A. Moreira Ferreira,15
Fluminense,RJ,2.0,18:00,,916,Criciuma,,SC,,Fluminense,,2004-09-18,0.0,Heriberto Hulse,,31
Goias,RS,0.0,20:30,,1312,Goias,,GO,,Juventude,,2005-08-11,1.0,Serra Dourada,,19
Ponte Preta,PR,2.0,19:30,4-2-3-1,5439,Ponte Preta,E. Baptista,SP,,Athletico-Pr,4-2-3-1,2016-06-15,3.0,Moisés Lucarelli,P. Autuori De Mello,8
Coritiba,MG,1.0,19:30,,3050,Coritiba,,PR,,Atletico-Mg,,2009-11-14,2.0,Couto Pereira,,35
Juventude,SP,1.0,18:10,,1278,Juventude,,RS,,Sao Paulo,,2005-07-31,2.0,Alfredo Jaconi,,16
Bragantino,BA,1.0,18:31,4-2-3-1,8029,Bragantino,P. Faria Caixinha,SP,,Bahia,3-4-3,2023-04-15,2.0,Nabizão,R. Alves Paiva,1
Barueri,PR,1.0,16:00,,2798,Barueri,,SP,,Coritiba,,2009-07-11,3.0,Arena Barueri,,10
Palmeiras,GO,1.0,18:10,,1410,Palmeiras,,SP,,Goias,,2005-09-25,3.0,Parque  Antártica,,28
Empate,RJ,0.0,21:50,,3361,Athletico-Pr,,PR,,Vasco,,2010-10-06,0.0,Arena Da Baixada,,28
Guarani,GO,2.0,16:00,,186,Guarani,,SP,,Goias,,2003-07-06,3.0,Brinco De Ouro,,16
Santos,SC,0.0,18:59,3-4-1-2,7599,Santos,F. Carille,SP,,Chapecoense,4-5-1,2021-11-17,2.0,Estádio  Urbano  Caldeira,F. Paiva Endres,33
Empate,RS,1.0,19:32,4-2-3-1,5674,Santos,D. Silvestre Júnior,SP,,Gremio,4-2-3-1,2016-10-16,1.0,Estádio Urbano Caldeira,Renato Gaúcho,31
Cuiaba,SP,0.0,21:30,4-2-3-1,7736,Cuiaba,B. Franco,MT,,Corinthians,3-4-3,2022-06-07,1.0,Arena Pantanal,V. De Oliveira Lopes Pereira,10
Athletico-Pr,PR,1.0,17:00,4-2-3-1,5297,Fluminense,E. Baptista,RJ,,Athletico-Pr,4-2-3-1,2015-10-24,0.0,Maracanã,C. Borges Dos Santos,32
Atletico-Mg,SP,0.0,16:00,4-1-4-1,6151,Atletico-Mg,T. Mendes Larghi,MG,,Corinthians,4-2-4-0,2018-04-29,1.0,Estádio Raimundo Sampaio,F. Carille,3
Fortaleza,PE,0.0,18:00,4-2-3-1,6977,Fortaleza,R. Ceni,CE,,Sport,4-2-3-1,2020-09-09,1.0,Arena Castelão,J. Ribeiro Ventura,9
Criciuma,SC,2.0,22:00,,4568,Coritiba,,PR,,Criciuma,,2013-11-16,1.0,Couto Pereira,,35
Vasco,SP,1.0,21:31,4-2-3-1,8509,Vasco,C. De Paiva,RJ,,Sao Paulo,4-1-3-2,2024-06-22,4.0,Estádio São Januário,L. Zubeldía,11
Sao Paulo,SP,3.0,18:30,,2657,Portuguesa,,SP,,Sao Paulo,,2008-11-08,2.0,Canindé,,34
Cruzeiro,MG,1.0,16:00,4-4-2,8300,Atletico-Mg,L. Scolari,MG,,Cruzeiro,4-3-3,2023-10-22,0.0,Arena Mrv,,28
Empate,RS,0.0,18:00,4-4-1-1,6842,Corinthians,Coelho,SP,,Internacional,4-2-3-1,2019-11-17,0.0,Neo Química Arena,J. Mannarino,33
Palmeiras,SC,1.0,16:00,,1962,Palmeiras,,SP,,Figueirense,,2007-05-20,2.0,Parque Antártica,,2
Santos,SP,2.0,19:00,,6363,Parana,Ademir Fesan,PR,,Santos,,2018-09-09,0.0,Vila Capanema,,24
Internacional,SP,0.0,19:32,4-1-2-1-2,6904,Internacional,E. Coudet,RS,,Santos,3-5-2,2020-08-13,2.0,Estádio José Pinheiro Borda,A. Stival,2
Athletico-Pr,PR,2.0,17:00,,513,Bahia,,BA,,Athletico-Pr,,2003-11-23,0.0,Fonte Nova,,43
Ponte Preta,RJ,1.0,18:10,,1255,Ponte Preta,,SP,,Fluminense,,2005-07-24,2.0,Moisés Lucarelli,,14
Empate,SP,1.0,19:30,,3177,Sao Paulo,,SP,,Gremio Prudente,,2010-07-21,1.0,Morumbi,,10
Empate,MG,0.0,16:00,4-2-3-1,7733,Palmeiras,A. Moreira Ferreira,SP,,Atletico-Mg,4-2-3-1,2022-06-05,0.0,Allianz Parque,A. Mohamed Matijevich,9
Bahia,BA,6.0,16:01,3-4-3,8276,Goias,A. Evangelista Macedo Freitas,GO,,Bahia,4-4-2,2023-10-07,4.0,Estã¡Dio Hailã© Pinheiro - Serrinha,R. Ceni,26
Internacional,RJ,1.0,16:01,4-3-3,6516,Internacional,O. Hellmann,RS,,Flamengo,4-2-3-1,2019-05-01,2.0,Estádio José Pinheiro Borda,A. Da Silva Braga,2
Atletico-Mg,SP,0.0,16:00,,3292,Atletico-Mg,,MG,,Gremio Prudente,,2010-09-12,1.0,Arena Do Jacaré,,21
Sao Paulo,SP,1.0,19:31,4-1-4-1,6426,Vitoria,P. Carpegiani,BA,,Sao Paulo,4-4-2,2018-10-26,0.0,Barradão,D. Aguirre Camblor,31
Empate,MT,0.0,16:00,4-2-3-1,8717,Bragantino,,SP,,Cuiaba,,2024-11-02,0.0,Nabizão,B. Franco,32
Atletico-Mg,MG,1.0,16:00,3-5-2,7596,Athletico-Pr,A. Valentim Do Carmo Neto,PR,,Atletico-Mg,4-2-2-2,2021-11-16,0.0,Estádio Joaquim Américo Guimarães,A. Stival,33
Athletico-Pr,SP,0.0,19:00,4-4-2,7097,Athletico-Pr,P. Autuori De Mello,PR,,Santos,4-2-3-1,2020-11-21,1.0,Estádio Joaquim Américo Guimarães,M. Fernandes,22
Santos,SC,0.0,19:00,3-4-3,6863,Santos,J. Sampaoli Moya,SP,,Chapecoense,,2019-12-01,2.0,Estádio Urbano Caldeira,M. Dos Santos Gonçalves,36
Corinthians,SP,1.0,16:00,,1052,Cruzeiro,,MG,,Corinthians,,2004-11-21,0.0,Mineirão,,42
Fluminense,RJ,1.0,16:00,,4071,Internacional,,RS,,Fluminense,,2012-09-09,0.0,Beira Rio,,23
Ceara,RS,0.0,18:15,4-2-3-1,7352,Ceara,A. Ferreira,CE,,Juventude,4-2-3-1,2021-07-04,2.0,Arena Castelão,M. Dos Santos Gonçalves,9
Cruzeiro,MG,1.0,18:30,4-2-3-1,8324,Fortaleza,J. Vojvoda,CE,,Cruzeiro,4-3-3,2023-11-18,0.0,Arena Castelão,P. Autuori De Mello,30
Empate,SC,2.0,16:00,,273,Bahia,,BA,,Criciuma,,2003-08-03,2.0,Fonte Nova,,23
Juventude,RJ,0.0,18:10,,2055,Juventude,,RS,,Vasco,,2007-07-07,2.0,Alfredo Jaconi,,10
Sao Paulo,SP,1.0,22:00,,4774,Internacional,A. Da Silva Braga,RS,,Sao Paulo,,2014-08-20,0.0,Estã¡Dio Josã© Pinheiro Borda,,16
Internacional,RS,0.0,17:00,4-2-3-1,5340,Internacional,A. Fucks,RS,,Gremio,,2015-11-22,1.0,Estádio José Pinheiro Borda,R. Machado Marques,36
Sport,SC,0.0,18:30,4-2-2-2,5265,Sport,,PE,,Chapecoense,4-3-2-1,2015-09-27,3.0,Adelmar Da Costa Carvalho,A. Ferreira,28
Corinthians,SP,2.0,16:00,,1087,Botafogo-Rj,,RJ,,Corinthians,,2004-12-12,1.0,Caio Martins,,45
Vasco,CE,0.0,18:31,,8867,Vasco,F. Diniz,RJ,891525.0,Fortaleza,4-2-3-1,2025-05-17,3.0,"Estádio São Januário, Rio De Janeiro",T. Carpini,9
Athletico-Pr,RS,1.0,19:00,4-2-3-1,6328,Athletico-Pr,T. Retzalff Nunes,PR,,Gremio,4-2-3-1,2018-08-25,2.0,Estádio Joaquim Américo Guimarães,Renato Gaúcho,21
Chapecoense,SC,0.0,19:00,4-2-3-1,6655,Chapecoense,E. Hartkopp,SC,,Avai,4-3-3,2019-08-18,1.0,Arena Condá,A. Valentim Do Carmo Neto,15
Corinthians,RS,0.0,21:50,,4322,Corinthians,,SP,,Gremio,,2013-07-31,2.0,Pacaembu,,10
Empate,BA,1.0,20:00,4-2-3-1,6925,Sao Paulo,F. Diniz Silva,SP,,Bahia,4-2-3-1,2020-08-20,1.0,Morumbi,R. Machado Marques,4
Athletico-Pr,PR,1.0,17:59,4-2-3-1,7721,Cuiaba,W. Araujo De Souza,MT,,Athletico-Pr,4-2-3-1,2022-05-29,0.0,Arena Pantanal,L. Scolari,8
Internacional,SP,0.0,19:00,4-2-3-1,6680,Internacional,O. Hellmann,RS,,Sao Paulo,4-2-3-1,2019-09-07,1.0,Estádio José Pinheiro Borda,A. Stival,18
Empate,SP,0.0,19:32,4-2-3-1,5099,Coritiba,N. Da Silveira Júnior,PR,,Ponte Preta,4-2-3-1,2015-07-08,0.0,Couto Pereira,A. Ferreira,12
Empate,CE,1.0,11:03,4-2-3-1,6158,Corinthians,F. Carille,SP,,Ceara,4-2-3-1,2018-05-06,1.0,Neo Química Arena,,4
Cruzeiro,MG,2.0,16:02,,4722,Palmeiras,R. Gareca Nardi,SP,,Cruzeiro,,2014-07-20,1.0,Estádio Municipal Paulo Machado De Carvalho,M. De Oliveira Santos,11
Gremio,RS,1.0,18:31,3-4-3,8094,Gremio,,RS,,Internacional,4-2-3-1,2023-05-21,3.0,Arena Do Grêmio,L. Venker De Menezes,7
Ponte Preta,RS,0.0,21:01,4-1-4-1,5609,Ponte Preta,E. Baptista,SP,,Gremio,4-2-3-1,2016-09-14,3.0,Moisés Lucarelli,R. Machado Marques,25
Palmeiras,SC,0.0,21:00,4-2-3-1,6760,Palmeiras,L. Venker De Menezes,SP,,Chapecoense,,2019-10-16,1.0,Allianz Parque,M. Dos Santos Gonçalves,26
Atletico-Mg,MG,3.0,18:30,,3479,Avai,,SC,,Atletico-Mg,,2011-05-28,1.0,Ressacada,,2
Bragantino,SP,2.0,20:00,4-3-3,7095,Botafogo-Rj,E. Díaz,RJ,,Bragantino,4-4-2,2020-11-16,1.0,Estádio Nilton Santos,M. Nogueira Barbieri,21
Empate,SP,1.0,18:30,,3926,Sport,,PE,,Corinthians,,2012-07-08,1.0,Ilha Do Retiro,,8
Empate,SP,1.0,22:00,,1751,Santa Cruz,,PE,,Santos,,2006-08-23,1.0,Arruda,,19
Cruzeiro,RJ,2.0,16:00,,733,Cruzeiro,,MG,,Botafogo-Rj,,2004-07-17,3.0,Mineirão,,16
Empate,MG,1.0,18:10,,2554,Portuguesa,,SP,,Atletico-Mg,,2008-08-31,1.0,Canindã©,,23
Empate,SP,0.0,18:00,4-2-3-1,7803,Atletico-Mg,,MG,,Sao Paulo,3-1-4-2,2022-07-10,0.0,Mineirão,R. Ceni,16
Flamengo,BA,0.0,19:30,4-1-4-1,6303,Flamengo,M. Nogueira Barbieri,RJ,,Vitoria,4-3-2-1,2018-08-23,1.0,Maracanã,P. Carpegiani,20
Sport,GO,1.0,17:00,,2663,Sport,,PE,,Goias,,2008-11-09,2.0,Ilha Do Retiro,,34
Vasco,SP,0.0,19:01,4-2-3-1,8557,Vasco,C. De Paiva,RJ,,Corinthians,4-2-3-1,2024-10-07,2.0,Estádio São Januário,R. Laruccia,16
Empate,BA,0.0,16:05,4-4-2,5814,Coritiba,E. Pacheco,PR,,Bahia,4-2-3-1,2017-06-15,0.0,Couto Pereira,J. De Amorim Campos,7
Flamengo,SP,1.0,16:00,,3116,Flamengo,,RJ,,Gremio Prudente,,2010-05-23,3.0,Maracanã,,3
Empate,SC,1.0,21:00,,3306,Vasco,,RJ,,Avai,,2010-09-16,1.0,São Januário,,22
Sao Paulo,SP,3.0,16:00,,1691,Ponte Preta,,SP,,Sao Paulo,,2006-07-23,1.0,Moisés Lucarelli,,13
Empate,RS,1.0,18:31,4-2-3-1,5008,Vasco,D. Ghidoni Junior,RJ,,Internacional,4-2-3-1,2015-05-23,1.0,Estádio Vasco Da Gama,D. Aguirre Camblor,3
Empate,RJ,1.0,21:00,4-2-3-1,6477,Santos,A. Stival,SP,,Botafogo-Rj,4-2-3-1,2018-11-21,1.0,Estádio Urbano Caldeira,J. Mannarino,36
Empate,SP,0.0,16:00,,3311,Guarani,,SP,,Santos,,2010-09-19,0.0,Brinco De Ouro,,23
Corinthians,SP,1.0,16:00,,1505,Corinthians,,SP,,Santos,,2005-11-06,7.0,Pacaembu,,37
Botafogo-Rj,RS,1.0,19:30,,1809,Botafogo-Rj,,RJ,,Juventude,,2006-09-20,2.0,Maracanã,,25
Parana,RJ,1.0,20:01,4-2-3-1,6215,Parana,Ademir Fesan,PR,,Fluminense,,2018-06-04,2.0,Vila Capanema,A. Da Silva Braga,9
Gremio,MG,1.0,17:00,4-2-3-1,5352,Gremio,R. Machado Marques,RS,,Atletico-Mg,4-2-3-1,2015-11-29,2.0,Arena Do Grêmio,D. Giacomini,37
Flamengo,MG,1.0,17:00,,3792,Flamengo,,RJ,,Cruzeiro,,2011-11-06,5.0,Engenhão,,33
Sport,RS,0.0,19:01,5-4-1,7302,Sport,,PE,,Gremio,,2021-06-17,1.0,Adelmar Da Costa Carvalho,T. Retzalff Nunes,4
Palmeiras,RS,1.0,21:01,4-2-3-1,7900,Palmeiras,,SP,,Juventude,3-4-1-2,2022-09-10,2.0,Allianz Parque,,26
Flamengo,SP,1.0,16:00,4-4-2,7239,Flamengo,R. Ceni,RJ,,Corinthians,4-2-3-1,2021-02-14,2.0,Maracanã,V. Carmo Mancini,36
Botafogo-Rj,SP,3.0,18:10,,1849,Botafogo-Rj,,RJ,,Santos,,2006-10-14,4.0,Maracanã£,,29
Athletico-Pr,MG,0.0,21:50,,4513,Athletico-Pr,,PR,,Atletico-Mg,,2013-10-16,1.0,Vila Capanema,,29
Empate,SC,1.0,20:30,,2434,Palmeiras,,SP,,Figueirense,,2008-07-10,1.0,Palestra Itália,,10
Gremio,RJ,1.0,22:00,,4663,Gremio,E. Alves Moreira,RS,,Botafogo-Rj,,2014-05-21,2.0,Alfredo Jaconi,V. Carmo Mancini,6
Flamengo,AL,0.0,19:00,4-1-3-2,6785,Flamengo,,RJ,,Csa,4-1-4-1,2019-10-27,1.0,Maracanã,A. Fucks,28
Chapecoense,RS,0.0,20:01,4-3-2-1,5566,Chapecoense,L. Saroli Caio Júnior,SC,,Internacional,4-2-3-1,2016-08-15,1.0,Arena Condá,C. Juarez Roth,20
Criciuma,RS,0.0,18:00,,142,Criciuma,,SC,,Internacional,,2003-08-06,1.0,Heriberto Hulse,,12
Internacional,SP,1.0,16:01,4-2-3-1,8751,Internacional,R. Machado Marques,RS,,Bragantino,4-2-3-1,2024-11-24,,Estã¡Dio Beira-Rio,F. Seabra,35
Empate,SP,3.0,18:30,4-2-3-1,8062,Gremio,Renato Gaúcho,RS,,Bragantino,4-3-3,2023-05-07,,Arena Do Grêmio,P. Faria Caixinha,4
Coritiba,PR,2.0,21:00,,5246,Flamengo,O. De Oliveira Filho,RJ,,Coritiba,4-5-1,2015-09-17,0.0,Estádio Nacional De Brasília,N. Da Silveira Júnior,26
Empate,MG,0.0,19:30,,3410,Guarani,,SP,,Atletico-Mg,,2010-11-03,0.0,Brinco De Ouro,,33
Cruzeiro,SP,0.0,18:10,,1759,Cruzeiro,,MG,,Sao Caetano,,2006-08-26,3.0,Independência,,20
Fortaleza,RJ,1.0,16:00,,498,Fortaleza,,CE,,Flamengo,,2003-11-09,4.0,Castelão,,42
Atletico-Mg,RJ,3.0,20:59,,5486,Atletico-Mg,M. De Oliveira Santos,MG,,Botafogo-Rj,4-2-3-1,2016-06-30,5.0,Mineirão,R. Gomes Raymundo,12
Ceara,RS,0.0,21:50,,3360,Ceara,,CE,,Internacional,,2010-10-06,1.0,Castelão,,28
Sao  Caetano,RS,0.0,16:00,,913,Sao Caetano,,SP,,Gremio,,2004-09-18,2.0,Anacleto Campanella,,31
Corinthians,SC,0.0,20:30,,722,Corinthians,,SP,,Criciuma,,2004-07-13,1.0,Pacaembu,,15
Santo Andre,SP,1.0,18:30,,2806,Fluminense,,RJ,,Santo Andre,,2009-07-12,0.0,Maracanã,,10
Paysandu,RJ,0.0,20:30,,887,Paysandu,,PA,,Botafogo-Rj,,2004-09-02,2.0,Mangueirã£O,,28
Vasco,MG,0.0,16:00,4-3-2-1,6410,Vasco,A. Valentim Do Carmo Neto,RJ,,Cruzeiro,4-4-2,2018-10-14,2.0,Estádio Vasco Da Gama,,29
Vasco,RJ,1.0,21:30,4-2-3-1,6762,Vasco,V. Luxemburgo Da Silva,RJ,,Botafogo-Rj,4-1-4-1,2019-10-16,2.0,Estádio Vasco Da Gama,A. Valentim Do Carmo Neto,26
Sao Paulo,SP,2.0,20:59,4-2-3-1,7149,Fluminense,M. De Oliveira,RJ,,Sao Paulo,4-4-2,2020-12-26,1.0,Maracanã,F. Diniz Silva,27
Juventude,SP,1.0,18:10,,1521,Juventude,,RS,,Sao Caetano,,2005-11-13,3.0,Centenário*(Pf),,38
Bahia,SC,0.0,18:33,4-4-2,8684,Bahia,R. Ceni,BA,,Criciuma,,2024-09-29,1.0,Arena Fonte Nova,C. Tencati,28
Empate,SP,0.0,16:00,,2760,Goias,,GO,,Corinthians,,2009-05-31,0.0,Serra Dourada,,6
Cruzeiro,SP,0.0,21:00,4-2-3-1,5653,Cruzeiro,L. Venker De Menezes,MG,,Ponte Preta,4-1-4-1,2016-10-08,2.0,Mineirão,E. Baptista,29
Gremio,RJ,0.0,19:01,4-2-3-1,5754,Gremio,Renato Gaúcho,RS,,Botafogo-Rj,4-3-2-1,2017-05-14,2.0,Arena Do Grêmio,J. Ribeiro Ventura,1
Juventude,BA,0.0,20:30,,315,Juventude,,RS,,Bahia,,2003-08-20,1.0,Alfredo Jaconi,,27
Gremio,RJ,0.0,16:00,,1802,Gremio,,RS,,Botafogo-Rj,,2006-09-17,4.0,Olímpico,,24
Empate,SP,0.0,18:00,,328,Gremio,,RS,,Sao Caetano,,2003-08-23,0.0,Olímpico,,28
Ceara,BA,0.0,16:00,4-2-3-1,6366,Ceara,L. Cirne Lima De Lorenzi,CE,,Vitoria,4-4-2,2018-09-15,2.0,Arena Castelão,P. Carpegiani,25
Empate,RS,2.0,19:30,,4205,Portuguesa,,SP,,Gremio,,2012-11-18,2.0,Canindé,,36
Cruzeiro,RJ,0.0,21:50,,3123,Cruzeiro,,MG,,Botafogo-Rj,,2010-05-26,1.0,Mineirão,,4
Empate,SC,0.0,20:00,4-2-3-1,6845,Cruzeiro,A. Da Silva Braga,MG,,Avai,4-4-2,2019-11-18,0.0,Mineirão,E. Spinassé Camillato,33
Gremio,SC,1.0,20:00,4-2-3-1,6712,Gremio,,RS,,Avai,4-1-4-1,2019-09-26,6.0,Arena Do Grêmio,A. Valentim Do Carmo Neto,21
Botafogo-Rj,SC,0.0,21:00,,3969,Botafogo-Rj,,RJ,,Figueirense,,2012-07-28,1.0,Engenhão,,13
Empate,SP,1.0,19:01,4-2-3-1,6084,Coritiba,M. De Oliveira Santos,PR,,Ponte Preta,4-1-4-1,2017-11-12,1.0,Couto Pereira,E. Baptista,34
Botafogo-Rj,PE,1.0,16:00,4-2-3-1,5494,Botafogo-Rj,R. Gomes Raymundo,RJ,,Santa Cruz,4-2-3-1,2016-07-03,2.0,Helenão,M. Mendes,13
Parana,PR,4.0,18:10,,1974,Cruzeiro,,MG,,Parana,,2007-05-27,3.0,Mineirão,,3
Fluminense,RS,0.0,16:00,,337,Fluminense,,RJ,,Gremio,,2003-08-30,2.0,Municipal Juiz De Fora,,29
Athletico-Pr,PR,1.0,18:30,,2758,Sport,,PE,,Athletico-Pr,,2009-06-13,0.0,Ilha Do Retiro,,6
Atletico-Go,GO,2.0,19:59,4-2-3-1,7633,Internacional,D. Aguirre Camblor,RS,,Atletico-Go,4-5-1,2021-12-06,1.0,Estádio José Pinheiro Borda,M. Ribeiro Cabo,37
Atletico-Mg,BA,0.0,18:00,,276,Atletico-Mg,,MG,,Vitoria,,2003-08-03,1.0,Mineirão,,23
Botafogo-Rj,MG,1.0,21:00,,2986,Botafogo-Rj,,RJ,,Atletico-Mg,,2009-10-08,3.0,Engenhã£O,,28
Empate,PR,1.0,14:14,4-1-4-1,6703,Vasco,V. Luxemburgo Da Silva,RJ,,Athletico-Pr,4-1-4-1,2019-09-22,1.0,Estádio Vasco Da Gama,T. Retzalff Nunes,20
Botafogo-Rj,SP,0.0,18:30,,3478,Botafogo-Rj,,RJ,,Santos,,2011-05-28,1.0,Engenhão,,2
Sao Paulo,GO,1.0,19:00,3-5-2,7983,Sao Paulo,R. Ceni,SP,,Atletico-Go,4-3-3,2022-10-27,2.0,Morumbi,E. Do Nascimento Souza,34
Santos,MG,1.0,21:00,,3570,Santos,,SP,,Atletico-Mg,,2011-07-16,2.0,Vila Belmiro,,10
Santo Andre,PR,0.0,21:00,,2810,Santo Andre,,SP,,Athletico-Pr,,2009-07-15,1.0,Bruno José Daniel,,11
Atletico-Mg,MG,4.0,15:58,4-2-3-1,9106,Sport,C. De Lucena,PE,124805.0,Atletico-Mg,3-4-2-1,2025-11-08,2.0,"Adelmar Da Costa Carvalho, Recife",J. Sampaoli,33
Coritiba,PR,0.0,16:24,4-2-2-2,4870,Coritiba,M. Dos Santos Gonçalves,PR,,Athletico-Pr,4-3-3,2014-10-04,1.0,Couto Pereira,C. Dos Santos Oliveira,26
Cruzeiro,MG,2.0,21:30,4-2-3-1,6795,Botafogo-Rj,A. Valentim Do Carmo Neto,RJ,,Cruzeiro,4-2-3-1,2019-10-31,0.0,Estádio Nilton Santos,A. Da Silva Braga,29
Empate,SP,2.0,19:30,,3417,Atletico-Mg,,MG,,Santos,,2010-11-06,2.0,Arena Do Jacaré,,34
Sao Caetano,CE,0.0,16:00,,308,Sao Caetano,,SP,,Fortaleza,,2003-08-17,3.0,Anacleto Campanella,,26
Vasco,SP,2.0,18:30,,3909,Vasco,,RJ,,Ponte Preta,,2012-06-30,3.0,São Januário,,7
Santos,SC,2.0,16:00,,349,Santos,,SP,,Criciuma,,2003-09-13,5.0,Vila Belmiro,,30
Coritiba,SC,0.0,20:30,,827,Coritiba,,PR,,Criciuma,,2004-08-12,1.0,Couto Pereira,,23
Cruzeiro,MG,4.0,16:00,,4483,Nautico,,PE,,Cruzeiro,,2013-10-06,1.0,Arena Pernambuco,,26
Empate,SC,1.0,18:59,4-2-3-1,6554,Vasco,V. Luxemburgo Da Silva,RJ,,Avai,4-1-4-1,2019-05-19,1.0,Estádio Vasco Da Gama,E. Machado Souto,5
Vasco,PR,0.0,20:30,,3685,Vasco,,RJ,,Coritiba,,2011-09-08,2.0,São Januário,,22
Internacional,RS,2.0,21:32,4-4-2,8940,Santos,J. Vojvoda,SP,829975.0,Internacional,4-2-3-1,2025-07-23,1.0,"Estádio Urbano Caldeira, Santos",R. Díaz,16
Fluminense,RJ,3.0,19:03,3-5-2,8377,Santos,M. Fernandes,SP,,Fluminense,4-2-3-1,2023-11-29,0.0,Estádio Urbano Caldeira,F. Diniz Silva,36
Sport,PE,1.0,19:30,,1998,Figueirense,,SC,,Sport,,2007-07-18,0.0,Orlando Scarpelli,,12
Paysandu,SP,2.0,18:00,,71,Paysandu,,PA,,Sao Paulo,,2003-04-27,5.0,Mangueirão,,6
Athletico-Pr,MG,0.0,18:30,4-2-3-1,5488,Athletico-Pr,P. Autuori De Mello,PR,,America-Mg,4-4-2,2016-07-02,1.0,Estádio Joaquim Américo Guimarães,S. De Oliveira Vieira,13
Empate,BA,1.0,19:00,3-4-2-1,9150,Juventude,M. Barbieri,RS,143370.0,Bahia,4-1-4-1,2025-11-28,1.0,"Alfredo  Jaconi,  Caxias  Do  Sul",R. Ceni,36
Fluminense,RS,0.0,17:30,4-2-3-1,9078,Fluminense,L. Luis Zubeldia,RJ,818342.0,Internacional,4-3-1-2,2025-10-25,1.0,"Maracanã, Rio De Janeiro",R. Díaz,30
Internacional,RJ,1.0,16:00,4-2-3-1,8123,Internacional,L. Venker De Menezes,RS,,Vasco,4-1-2-1-2,2023-11-06,2.0,Estádio Beira-Rio,M. Nogueira Barbieri,10
Internacional,SP,0.0,19:30,,1667,Internacional,,RS,,Ponte Preta,,2006-07-12,2.0,Beira Rio,,11
Empate,PR,1.0,20:01,4-2-3-1,6165,Chapecoense,G. Kleina,SC,,Parana,4-2-3-1,2018-05-07,1.0,Arena Condá,Ademir Fesan,4
Corinthians,SP,2.0,17:00,,3420,Sao Paulo,,SP,,Corinthians,,2010-11-07,0.0,Morumbi,,34
Cruzeiro,MG,1.0,16:00,,1453,Atletico-Mg,,MG,,Cruzeiro,,2005-10-16,0.0,Mineirão,,32
Bragantino,SP,2.0,17:59,4-3-3,8334,Goias,A. Evangelista Macedo Freitas,GO,,Bragantino,4-2-3-1,2023-11-02,0.0,Estádio Hailé Pinheiro - Serrinha,,31
Empate,RS,1.0,16:00,4-2-3-1,7320,America-Mg,V. Carmo Mancini,MG,,Juventude,4-2-3-1,2021-06-24,1.0,Estádio Raimundo Sampaio,M. Dos Santos Gonçalves,6
Palmeiras,SP,3.0,18:10,,1696,Goias,,GO,,Palmeiras,,2006-07-23,1.0,Serra Dourada,,13
Empate,SP,0.0,18:30,,2896,Cruzeiro,,MG,,Santos,,2009-08-16,0.0,Mineirão,,19
Fluminense,RJ,2.0,18:10,,1575,Athletico-Pr,,PR,,Fluminense,,2006-04-16,1.0,Kyocera Arena,,1
Cruzeiro,MG,1.0,18:30,,3204,Atletico-Mg,,MG,,Cruzeiro,,2010-01-08,0.0,Arena Do Jacarã©,,12
Santos,GO,0.0,18:30,,4409,Santos,,SP,,Goias,,2013-09-07,1.0,Vila Belmiro,,19
Sao Caetano,PR,1.0,21:45,,1631,Sao Caetano,,SP,,Athletico-Pr,,2006-05-24,2.0,Anacleto Campanella,,7
Empate,PE,0.0,18:15,,7448,Athletico-Pr,A. Cardoso De Oliveira,PR,,Sport,4-2-3-1,2021-09-05,0.0,Estádio Joaquim Américo Guimarães,G. Florentín,19
Juventude,SP,2.0,21:45,,1882,Juventude,,RS,,Santos,,2006-11-01,3.0,Alfredo Jaconi,,32
Flamengo,RJ,2.0,17:30,4-2-3-1,8811,Gremio,L. Castro,RS,1434289.0,Flamengo,4-2-3-1,2025-04-13,0.0,"Arena Do Grêmio, Porto Alegre",F. Luís,3
Chapecoense,SC,2.0,21:30,4-5-1,5567,America-Mg,E. Alves Moreira,MG,,Chapecoense,4-3-2-1,2016-08-19,1.0,Estádio  Raimundo  Sampaio,L. Saroli Caio Júnior,21
Ponte Preta,RJ,0.0,21:50,,849,Ponte Preta,,SP,,Flamengo,,2004-08-18,1.0,Moisés Lucarelli,,25
Sao  Paulo,MG,0.0,20:31,3-5-2,8993,Sao Paulo,H. Crespo,SP,1184976.0,Atletico-Mg,4-3-2-1,2025-08-24,2.0,"Morumbis, São Paulo",J. Sampaoli,21
Palmeiras,RS,0.0,18:59,4-2-3-1,7360,Palmeiras,A. Moreira Ferreira,SP,,Gremio,4-2-3-1,2021-07-07,2.0,Allianz Parque,T. Gomes Pacheco,10
Empate,RJ,1.0,16:00,4-2-3-1,7214,Palmeiras,A. Moreira Ferreira,SP,,Botafogo-Rj,4-4-2,2021-02-02,1.0,Allianz Parque,E. De Souza Barroca,33
Empate,RJ,2.0,16:00,,2881,Vitoria,,BA,,Fluminense,,2009-08-09,2.0,Barradão,,18
Empate,SP,0.0,16:00,,3780,Vasco,,RJ,,Sao Paulo,,2011-10-30,0.0,São Januário,,32
Gremio,SP,1.0,22:00,,1831,Gremio,,RS,,Palmeiras,,2006-10-04,2.0,Olímpico,,27
Santos,GO,3.0,11:00,4-2-3-1,8161,Santos,P. Turra,SP,,Goias,4-2-3-1,2023-07-09,4.0,Estádio Urbano Caldeira,A. Evangelista Macedo Freitas,14
Flamengo,SC,0.0,21:27,4-2-3-1,6358,Flamengo,M. Nogueira Barbieri,RJ,,Chapecoense,4-1-4-1,2018-09-08,2.0,Maracanã£,A. Ferreira,24
Botafogo-Rj,SP,2.0,19:30,,1238,Botafogo-Rj,,RJ,,Ponte Preta,,2005-07-20,4.0,Luso Brasileiro,,13
Ponte Preta,SP,1.0,16:00,,632,Parana,,PR,,Ponte Preta,,2004-05-23,0.0,Pinheirão,,7
Botafogo-Rj,BA,0.0,18:30,,3917,Botafogo-Rj,,RJ,,Bahia,,2012-07-07,3.0,Engenhão,,8
Vitoria,BA,2.0,20:30,,447,Athletico-Pr,,PR,,Vitoria,,2003-10-22,1.0,Estádio Do Café,,38
Palmeiras,RS,1.0,20:30,,845,Palmeiras,,SP,,Internacional,,2004-08-18,3.0,Parque  Antártica,,25
Palmeiras,SP,4.0,20:31,3-4-3,8495,Atletico-Mg,G. Milito,MG,,Palmeiras,4-2-3-1,2024-06-17,0.0,Arena Mrv,A. Moreira Ferreira,9
Cruzeiro,PR,0.0,21:45,,2441,Cruzeiro,,MG,,Athletico-Pr,,2008-07-16,1.0,Mineirão,,12
Empate,SP,0.0,18:30,,3104,Vasco,,RJ,,Palmeiras,,2010-05-16,0.0,São  Januário,,2
Empate,SP,0.0,18:31,4-2-3-1,8583,Juventude,J. Ribeiro Ventura,RS,,Sao Paulo,,2024-07-21,0.0,Arena Brb Mané Garrincha,L. Zubeldía,18
Bahia,CE,0.0,20:00,4-3-3,8835,Bahia,R. Ceni,BA,787101.0,Ceara,,2025-04-21,1.0,"Arena Fonte Nova, Salvador",M. Mozart,5
Athletico-Pr,SP,0.0,11:01,,5630,Athletico-Pr,P. Autuori De Mello,PR,,Ponte Preta,4-1-4-1,2016-09-25,3.0,Estádio Joaquim Américo Guimarães,E. Baptista,27
Coritiba,PR,3.0,18:10,,1300,Ponte Preta,,SP,,Coritiba,,2005-08-07,0.0,Moisés Lucarelli,,18
Gremio,SP,0.0,21:01,4-2-3-1,5061,Gremio,R. Machado Marques,RS,,Palmeiras,4-2-3-1,2015-06-20,1.0,Arena Do Grêmio,M. De Oliveira Santos,8
Empate,SP,1.0,17:00,,3443,Vitoria,,BA,,Corinthians,,2010-11-21,1.0,Barradão,,36
Empate,PR,1.0,18:30,4-2-3-1,8443,Juventude,R. Machado Marques,RS,,Athletico-Pr,4-2-3-1,2024-04-28,1.0,Alfredo Jaconi,A. Stival,4
Internacional,SP,0.0,21:33,4-2-3-1,8502,Internacional,E. Coudet,RS,,Corinthians,4-2-3-1,2024-06-19,1.0,Orlando Scarpelli,A. Cardoso De Oliveira,10
Vasco,GO,1.0,20:30,,777,Vasco,,RJ,,Goias,,2004-07-29,3.0,São Januário,,19
Flamengo,GO,1.0,18:10,,2166,Flamengo,,RJ,,Goias,,2007-08-26,3.0,Maracanã,,21
Sport,SC,0.0,17:00,,4921,Sport,E. Baptista,PE,,Figueirense,,2014-11-02,1.0,Adelmar Da Costa Carvalho,A. Fucks,32
Atletico-Mg,MG,3.0,21:03,,4666,Vitoria,C. Amadeu,BA,,Atletico-Mg,NAN,2014-05-22,2.0,Estádio Alberto Oliveira,L. Culpi,6
Fluminense,RJ,2.0,18:10,,1126,Paysandu,,PA,,Fluminense,NAN,2005-05-01,1.0,Mangueirão,,2
Fluminense,RJ,1.0,11:02,4-2-3-1,8601,Bragantino,P. Faria Caixinha,SP,,Fluminense,4-2-3-1,2024-07-28,0.0,Nabizão,L. Venker De Menezes,20
Empate,RJ,2.0,18:30,4-5-1,8125,Goias,E. Rodrigues De Ávila,GO,,Fluminense,4-2-2-2,2023-06-11,2.0,Estádio Hailé Pinheiro - Serrinha,F. Diniz Silva,10
Internacional,RS,1.0,20:02,3-4-2-1,8420,Palmeiras,A. Moreira Ferreira,SP,,Internacional,4-2-3-1,2024-04-17,0.0,Arena Barueri,E. Coudet,2
Empate,CE,1.0,21:00,,3184,Guarani,,SP,,Ceara,,2010-07-22,1.0,Brinco De Ouro,,10
Empate,SP,1.0,21:50,,3037,Gremio,,RS,,Sao Paulo,NAN,2009-11-04,1.0,Olímpico,,34
Empate,SP,1.0,16:00,,3200,Palmeiras,,SP,,Corinthians,,2010-08-01,1.0,Pacaembu,,12
Gremio,MT,0.0,11:00,4-1-2-1-2,8239,Gremio,Renato Gaúcho,RS,,Cuiaba,3-4-3,2023-09-03,2.0,Arena Do Grãªmio,A. Cardoso De Oliveira,22
Palmeiras,SP,2.0,16:00,,1295,Juventude,,RS,,Palmeiras,,2005-08-07,1.0,Alfredo Jaconi,,18
Empate,RS,1.0,18:00,,4582,Ponte Preta,,SP,,Gremio,,2013-11-24,1.0,Moisés Lucarelli,,36
Chapecoense,RJ,2.0,16:01,4-1-4-1,6172,Chapecoense,G. Kleina,SC,,Flamengo,4-1-4-1,2018-05-13,3.0,Arena Condá,M. Nogueira Barbieri,5
Goias,GO,1.0,20:00,4-3-1-2,8134,Vasco,M. Nogueira Barbieri,RJ,,Goias,4-5-1,2023-06-22,0.0,Estã¡Dio Sã£O Januã¡Rio,L. Campos Borges,11
Ceara,SC,0.0,16:01,4-2-3-1,6751,Ceara,,CE,,Avai,4-1-4-1,2019-10-13,1.0,Arena Castelão,E. Spinassé Camillato,25
Empate,MG,1.0,18:30,,4107,Portuguesa,,SP,,Atletico-Mg,,2012-09-29,1.0,Canindé,,27
Cruzeiro,SP,0.0,19:30,,4127,Cruzeiro,,MG,,Portuguesa,,2012-10-10,2.0,Melão,,29
Bahia,MG,1.0,18:31,4-2-3-1,8203,Bahia,R. Alves Paiva,BA,,America-Mg,4-3-3,2023-08-06,3.0,Itaipava Arena Fonte Nova,V. Carmo Mancini,18
Empate,RJ,0.0,18:30,,3967,Internacional,,RS,,Vasco,,2012-07-28,0.0,Beira Rio,,13
Figueirense,SC,2.0,20:30,,1880,Gremio,,RS,,Figueirense,,2006-11-01,1.0,Olímpico,,32
Cuiaba,CE,0.0,18:29,4-2-3-1,8494,Cuiaba,A. Gonçalves Teixeira,MT,,Fortaleza,4-2-3-1,2024-06-16,5.0,Arena Pantanal,J. Vojvoda,9
Empate,PR,0.0,10:59,4-1-4-1,8167,Cruzeiro,P. Marques Da Costa Filipe,MG,,Coritiba,4-1-4-1,2023-07-16,0.0,Estádio Raimundo Sampaio,T. Kosloski,15
Atletico-Mg,SC,0.0,20:59,4-2-3-1,5129,Atletico-Mg,L. Culpi,MG,,Figueirense,4-2-3-1,2015-07-25,1.0,Estádio Raimundo Sampaio,A. Fucks,15
Fluminense,CE,0.0,16:00,,3591,Fluminense,,RJ,,Ceara,,2011-07-31,4.0,Engenhão,,13
Bahia,BA,2.0,11:02,4-1-4-1,7349,Chapecoense,J. Ribeiro Ventura,SC,,Bahia,4-2-3-1,2021-04-07,0.0,Arena Condá,L. Cavalcanti,9
Empate,SC,2.0,18:30,,3866,Fluminense,,RJ,,Figueirense,,2012-05-27,2.0,Engenhão,,2
Internacional,MG,0.0,15:59,4-4-2,7841,Internacional,S. Lobo,RS,,Atletico-Mg,4-2-3-1,2022-07-31,3.0,Estádio José Pinheiro Borda,A. Stival,20
Sao Paulo,SP,2.0,22:00,,4132,Vasco,,RJ,,Sao Paulo,,2012-10-10,0.0,São Januário,,29
Empate,SP,0.0,16:00,,1037,Vasco,,RJ,,Sao Paulo,,2004-11-14,0.0,São Januário,,41
Juventude,RS,1.0,16:00,,638,Ponte Preta,,SP,,Juventude,,2004-05-29,0.0,Moisés Lucarelli,,8
Gremio,RS,1.0,11:03,4-1-3-2,5490,Internacional,A. Fucks,RS,,Gremio,4-2-3-1,2016-07-03,0.0,Estã¡Dio Josã© Pinheiro Borda,R. Machado Marques,13
Coritiba,PR,1.0,21:00,,4135,Palmeiras,,SP,,Coritiba,,2012-10-11,0.0,Fonte Luminosa,,29
Juventude,BA,0.0,18:30,4-2-3-1,8786,Juventude,M. Barbieri,RS,220000.0,Vitoria,4-2-3-1,2025-03-29,2.0,"Alfredo Jaconi, Caxias Do Sul",J. Ventura,1
Fluminense,RJ,1.0,18:10,,1084,Parana,,PR,,Fluminense,,2004-12-11,0.0,Pinheirão,,45
Empate,SP,2.0,16:00,,862,Juventude,,RS,,Sao Caetano,,2004-08-22,2.0,Alfredo Jaconi,,26
Goias,RS,0.0,18:00,,904,Goias,,GO,,Internacional,,2004-09-11,1.0,Serra Dourada,,30
Empate,SP,1.0,16:00,,194,Corinthians,,SP,,Santos,,2003-07-09,1.0,Morumbi,,17
Empate,MG,1.0,19:30,,4467,Criciuma,,SC,,Atletico-Mg,,2013-09-25,1.0,Heriberto Hulse,,25
Empate,PR,1.0,16:00,,1943,Ponte Preta,,SP,,Athletico-Pr,,2006-12-03,1.0,Moisés Lucarelli,,38
Sao Paulo,PR,0.0,21:00,,5269,Sao Paulo,J. Osorio,SP,,Athletico-Pr,4-2-3-1,2015-03-10,1.0,Morumbi,S. De Oliveira Vieira,29
Botafogo-Rj,RJ,3.0,18:30,,4334,Vasco,,RJ,,Botafogo-Rj,,2013-08-04,2.0,Maracanã,,11
Botafogo-Rj,RJ,2.0,19:00,5-4-1,8536,Cuiaba,A. Gonçalves Teixeira,MT,,Botafogo-Rj,4-4-2,2024-07-03,1.0,Arena Pantanal,A. Torres Gomes Araújo Amorim,14
Internacional,SC,1.0,18:10,,2053,Internacional,,RS,,Figueirense,,2007-07-07,2.0,Beira Rio,,10
Empate,MG,1.0,19:00,4-1-4-1,6837,Fluminense,M. De Oliveira,RJ,,Atletico-Mg,4-2-3-1,2019-11-16,,Maracanã,V. Carmo Mancini,33
Sao Paulo,MG,0.0,16:00,3-5-2,7752,Sao Paulo,,SP,,America-Mg,4-1-4-1,2022-06-12,1.0,Morumbi,V. Carmo Mancini,11
Palmeiras,MG,1.0,11:00,4-2-3-1,6389,Palmeiras,L. Scolari,SP,,Cruzeiro,4-2-3-1,2018-09-30,3.0,Estádio Municipal Paulo Machado De Carvalho,L. Venker De Menezes,27
Flamengo,RS,0.0,18:30,,2776,Flamengo,,RJ,,Internacional,,2009-06-21,4.0,Maracanã,,7
Empate,RJ,1.0,18:30,,4146,Gremio,,RS,,Botafogo-Rj,,2012-10-14,1.0,Olímpico,,30
Vasco,PR,0.0,16:00,,2324,Vasco,,RJ,,Parana,,2007-12-02,3.0,São Januário,,38
Empate,MG,0.0,18:00,,763,Flamengo,,RJ,,Atletico-Mg,,2004-07-24,0.0,Raulino De Oliveira,,18
Internacional,PR,1.0,18:20,,2618,Internacional,,RS,,Athletico-Pr,,2008-10-18,2.0,Beira Rio,,30
Empate,SP,1.0,16:00,,2412,Atletico-Mg,,MG,,Palmeiras,,2008-07-06,1.0,Mineirão,,9
Empate,PR,3.0,16:00,,1095,Criciuma,,SC,,Coritiba,,2004-12-19,3.0,Heriberto Hulse,,46
Empate,SP,1.0,20:30,4-3-2-1,8874,Internacional,R. Díaz,RS,596180.0,Mirassol,4-3-3,2025-05-18,1.0,"Estádio Beira-Rio, Porto Alegre",R. Guanaes,9
Atletico-Mg,PR,0.0,10:59,,5570,Atletico-Mg,M. De Oliveira Santos,MG,,Athletico-Pr,5-4-1,2016-08-21,1.0,Estádio Raimundo Sampaio,P. Autuori De Mello,21
Empate,SP,0.0,18:30,,3129,Palmeiras,,SP,,Gremio Prudente,,2010-05-29,0.0,Arena Barueri,,5
Santos,SP,1.0,21:03,4-1-4-1,5665,Sao Paulo,R. Gomes Raymundo,SP,,Santos,4-2-3-1,2016-10-13,0.0,Estádio Municipal Paulo Machado De Carvalho,D. Silvestre Júnior,30
Athletico-Pr,RJ,0.0,22:01,4-2-3-1,5040,Athletico-Pr,M. Mendes,PR,,Vasco,,2015-06-06,2.0,Estádio Joaquim Américo Guimarães,D. Ghidoni Junior,6
Cruzeiro,RS,0.0,19:00,,3806,Cruzeiro,,MG,,Internacional,,2011-11-13,1.0,Arena Do Jacaré,,34
Flamengo,BA,0.0,20:30,,885,Flamengo,,RJ,,Vitoria,,2004-09-02,2.0,Raulino De Oliveira,,28
Corinthians,RJ,1.0,18:33,4-3-3,8189,Corinthians,V. Luxemburgo Da Silva,SP,,Vasco,3-5-2,2023-07-29,3.0,Neo Química Arena,R. Díaz,17
Sao Paulo,SP,2.0,17:59,4-2-3-1,7407,Athletico-Pr,A. Cardoso De Oliveira,PR,,Sao Paulo,4-2-3-1,2021-08-07,1.0,Estádio Joaquim Américo Guimarães,H. Crespo,15
Empate,GO,1.0,11:01,4-3-3,7908,Bragantino,M. Nogueira Barbieri,SP,,Goias,4-2-3-1,2022-09-18,1.0,Nabizão,J. Ribeiro Ventura,27
Empate,SP,1.0,16:00,4-3-3,6719,Internacional,O. Hellmann,RS,,Palmeiras,4-2-3-1,2019-09-29,1.0,Estádio José Pinheiro Borda,L. Venker De Menezes,22
Corinthians,SP,0.0,16:01,4-3-3,7552,Corinthians,S. Campos Junior,SP,,Santos,3-4-2-1,2021-11-21,2.0,Neo Química Arena,F. Carille,34
Flamengo,RJ,1.0,16:00,4-2-3-1,6838,Gremio,Renato Gaúcho,RS,,Flamengo,4-2-3-1,2019-11-17,0.0,Arena Do Grêmio,J. Pinheiro De Jesus,33
Figueirense,RS,1.0,18:10,,2214,Figueirense,,SC,,Juventude,,2007-09-16,4.0,Orlando Scarpelli,,26
Chapecoense,SP,0.0,20:01,4-2-3-1,6085,Chapecoense,G. Kleina,SC,,Santos,4-3-3,2017-11-13,2.0,Arena Condá,Elano,34
Athletico-Pr,BA,0.0,15:59,4-2-3-1,6341,Athletico-Pr,T. Retzalff Nunes,PR,,Bahia,4-2-3-1,2018-09-02,2.0,Estádio  Joaquim  Américo  Guimarães,E. Alves Moreira,22
Empate,SP,0.0,20:30,,1267,Flamengo,,RJ,,Palmeiras,,2005-07-28,0.0,Luso Brasileiro,,15
Vasco,RJ,2.0,17:02,4-2-3-1,5321,Palmeiras,M. De Oliveira Santos,SP,,Vasco,4-2-3-1,2015-11-08,0.0,Allianz Parque,J. De Amorim Campos,34
Goias,GO,4.0,18:00,,976,Fluminense,,RJ,,Goias,,2004-10-16,1.0,Maracanã,,36
Flamengo,SP,0.0,21:00,,5810,Flamengo,J. Mannarino,RJ,,Ponte Preta,4-1-3-2,2017-06-14,2.0,Luso-Brasileiro,G. Kleina,7
Palmeiras,SP,1.0,20:02,,4926,Bahia,G. Kleina,BA,,Palmeiras,,2014-11-02,0.0,Itaipava Arena Fonte Nova,D. Silvestre Júnior,32
Parana,RJ,1.0,20:30,,942,Parana,,PR,,Vasco,,2004-09-29,2.0,Pinheirão,,33
Coritiba,PR,3.0,18:28,,4736,Gremio,E. Alves Moreira,RS,,Coritiba,,2014-07-27,2.0,Arena Do Grêmio,C. Juarez Roth,12
Sao Paulo,PE,0.0,18:20,,2388,Sao Paulo,,SP,,Sport,,2008-06-21,1.0,Morumbi,,7
Empate,RS,1.0,16:00,,5021,Goias,H. Pinto Dos Anjos,GO,,Gremio,4-2-3-1,2015-05-31,1.0,Estádio Do Governo Do Estado De Goiás (Serra Dourada),R. Machado Marques,4
Cruzeiro,RJ,3.0,18:30,,4396,Cruzeiro,,MG,,Vasco,,2013-09-01,5.0,Mineirão,,17
Empate,PE,1.0,11:01,4-2-3-1,5149,Athletico-Pr,M. Mendes,PR,,Sport,4-2-3-1,2015-08-09,1.0,Estádio Joaquim Américo Guimarães,E. Baptista,17
Vasco,RJ,2.0,16:00,,3223,Gremio Prudente,,SP,,Vasco,,2010-08-15,1.0,Prudentão,,14
Sao Paulo,SP,0.0,18:30,,3883,Sao Paulo,,SP,,Santos,,2012-06-10,1.0,Morumbi,,4
Athletico-Pr,MG,0.0,18:20,,2634,Athletico-Pr,,PR,,Cruzeiro,NAN,2008-10-25,1.0,Kyocera Arena,,31
Corinthians,AL,0.0,16:03,,6601,Corinthians,F. Carille,SP,,Csa,4-2-2-2,2019-07-14,1.0,Neo Química Arena,A. Fucks,10
Flamengo,PR,1.0,19:00,4-2-3-1,5897,Flamengo,J. Mannarino,RJ,,Coritiba,4-4-1-1,2017-07-22,2.0,Luso-Brasileiro,R. L. Martins Gomes,16
Coritiba,SP,0.0,16:00,,2790,Coritiba,,PR,,Sao Paulo,,2009-07-05,2.0,Couto Pereira,,9
Juventude,RS,2.0,20:30,,945,Goias,,GO,,Juventude,,2004-09-29,1.0,Serra Dourada,,33
Santos,SP,3.0,19:30,4-3-3,8898,Fortaleza,T. Carpini,CE,294783.0,Santos,4-2-3-1,2025-06-12,2.0,"Arena Castelão, Fortaleza",J. Vojvoda,12
Goias,PE,3.0,16:00,,1858,Goias,,GO,,Santa Cruz,,2006-10-21,5.0,Serra Dourada,,30
Vitoria,RS,0.0,16:01,4-2-3-1,8667,Vitoria,T. Carpini Barbosa,BA,,Juventude,4-2-3-1,2024-09-21,1.0,Barradão,,27
Empate,RS,0.0,18:30,,4109,Cruzeiro,,MG,,Internacional,,2012-09-29,0.0,Independência,,27
Palmeiras,SP,2.0,18:02,4-3-3,8740,Bahia,R. Ceni,BA,,Palmeiras,4-2-3-1,2024-11-20,1.0,Arena  Fonte  Nova,A. Moreira Ferreira,34
Gremio,SP,0.0,19:30,,3257,Gremio,,RS,,Guarani,,2010-09-01,1.0,Olímpico,,18
Empate,SP,0.0,17:00,,2691,Atletico-Mg,,MG,,Santos,,2008-11-30,0.0,Mineirão,,37
Empate,MT,0.0,20:32,4-4-2,7333,Sport,U. Louzer Filho,PE,,Cuiaba,4-1-4-1,2021-06-27,0.0,Adelmar Da Costa Carvalho,L. Iubel,7
Empate,GO,2.0,19:00,4-2-3-1,6772,Chapecoense,M. Dos Santos Gonçalves,SC,,Goias,,2019-10-20,2.0,Arena Condá,N. Da Silveira Júnior,27
Empate,GO,1.0,16:00,,1328,Corinthians,,SP,,Goias,,2005-08-21,1.0,Pacaembu,,21
Sao Paulo,RJ,1.0,16:01,4-2-3-1,6971,Sao Paulo,F. Diniz Silva,SP,,Fluminense,4-2-3-1,2020-09-06,3.0,Morumbi,,8
Corinthians,PE,3.0,22:00,4-2-3-1,5163,Corinthians,A. Bacchi,SP,,Sport,4-2-3-1,2015-08-12,4.0,Neo Química Arena,E. Baptista,18
Empate,RJ,2.0,19:31,4-2-3-1,5808,Vitoria,A. Tadeu Gallo,BA,,Botafogo-Rj,4-4-1-1,2017-06-14,2.0,Barradão,J. Ribeiro Ventura,7
Sao Paulo,SC,0.0,16:00,4-1-4-1,6769,Sao Paulo,,SP,,Avai,4-3-3,2019-10-20,1.0,Morumbi,E. Spinassé Camillato,27
Avai,SC,1.0,19:00,4-2-3-1,5937,Vitoria,V. Carmo Mancini,BA,,Avai,4-2-3-1,2017-08-12,0.0,Barradão,C. Dos Santos Oliveira,20
Empate,CE,0.0,19:29,4-2-3-1,6218,Botafogo-Rj,A. Valentim Do Carmo Neto,RJ,,Ceara,3-4-1-2,2018-06-06,0.0,Estádio Nilton Santos,L. Cirne Lima De Lorenzi,10
America-Mg,BA,1.0,18:30,,3476,America-Mg,,MG,,Bahia,,2011-05-22,2.0,Arena Do Jacaré,,1
Empate,RJ,1.0,18:30,,3506,Athletico-Pr,,PR,,Flamengo,,2011-06-12,1.0,Arena Da Baixada,,4
Flamengo,RJ,1.0,15:59,,4759,Coritiba,C. Juarez Roth,PR,,Flamengo,,2014-08-17,0.0,Couto Pereira,,15
Vitoria,PR,1.0,19:30,,2478,Vitoria,,BA,,Athletico-Pr,,2008-07-30,2.0,Barradão,,16
Corinthians,PE,1.0,20:59,4-2-3-1,5468,Corinthians,C. Borges Dos Santos,SP,,Santa Cruz,4-2-3-1,2016-06-25,2.0,Neo Química Arena,M. Mendes,11
Fortaleza,CE,1.0,18:00,4-1-4-1,7842,Cuiaba,A. Cardoso De Oliveira,MT,,Fortaleza,4-4-2,2022-07-31,0.0,Arena Pantanal,J. Vojvoda,20
Internacional,RS,2.0,19:00,4-3-1-2,7321,Chapecoense,J. Ribeiro Ventura,SC,,Internacional,4-2-3-1,2021-06-24,1.0,Arena Condá,D. Aguirre Camblor,6
Fluminense,PE,0.0,21:00,4-2-2-2,7578,Fluminense,M. De Oliveira,RJ,,Sport,4-1-4-1,2021-11-06,1.0,Maracanã,C. De Lucena,30
Sport,RS,0.0,19:31,4-2-3-1,5326,Sport,Falcao,PE,,Gremio,4-2-3-1,2015-11-08,1.0,Adelmar Da Costa Carvalho,R. Machado Marques,34
Empate,CE,1.0,18:30,3-4-1-2,8514,Atletico-Mg,,MG,,Fortaleza,4-2-3-1,2024-06-23,1.0,Arena Mrv,J. Vojvoda,11
Cruzeiro,MG,3.0,18:10,,1875,Goias,,GO,,Cruzeiro,,2006-10-28,2.0,Serra Dourada,,31
Flamengo,RJ,1.0,16:00,4-4-2,8512,Fluminense,F. Diniz Silva,RJ,,Flamengo,4-2-3-1,2024-06-23,0.0,Maracanã£,A. Bacchi,11
Fluminense,RS,0.0,21:30,4-3-3,7607,Fluminense,,RJ,,Internacional,4-2-3-1,2021-11-24,1.0,Maracanã,D. Aguirre Camblor,35
Goias,SP,1.0,19:29,4-3-1-2,5098,Goias,J. Camargo,GO,,Santos,4-2-3-1,2015-07-08,4.0,Estádio Do Governo Do Estado De Goiás (Serra Dourada),M. Fernandes,12
Santo Andre,PR,0.0,18:30,,2908,Santo Andre,,SP,,Coritiba,,2009-08-22,1.0,Bruno José Daniel,,21
Corinthians,PA,1.0,16:00,,571,Corinthians,,SP,,Paysandu,,2004-04-25,2.0,Pacaembu,,2
Sao Caetano,SP,2.0,18:10,,1456,Ponte Preta,,SP,,Sao Caetano,,2005-10-16,1.0,Moisés Lucarelli,,32
Athletico-Pr,BA,1.0,19:01,4-2-3-1,5942,Athletico-Pr,F. Soares Pessoa,PR,,Bahia,4-2-3-1,2017-08-13,4.0,Estádio Joaquim Américo Guimarães,C. Casagrande,20
Empate,CE,1.0,16:00,4-2-3-1,6989,Gremio,,RS,,Fortaleza,4-2-3-1,2020-09-13,1.0,Arena Do Grêmio,R. Ceni,10
Botafogo-Rj,PE,0.0,21:00,4-2-3-1,6330,Botafogo-Rj,,RJ,,Sport,4-2-3-1,2018-08-25,2.0,Estádio Nilton Santos,E. Baptista,21
Sao Paulo,SP,3.0,21:01,4-1-4-1,6799,Chapecoense,M. Dos Santos Gonçalves,SC,,Sao Paulo,4-2-3-1,2019-11-02,0.0,Arena Condá,,30
Sao Paulo,RJ,0.0,16:02,4-2-3-1,6506,Sao Paulo,A. Stival,SP,,Botafogo-Rj,4-1-4-1,2019-04-27,2.0,Morumbi,E. De Souza Barroca,1
Ceara,RS,1.0,18:30,,3228,Ceara,,CE,,Gremio,,2010-08-21,2.0,Castelão,,15
Portuguesa,SC,0.0,21:00,,3979,Portuguesa,,SP,,Figueirense,,2012-08-04,2.0,Canindé,,14
Portuguesa,BA,2.0,18:30,,4388,Portuguesa,,SP,,Bahia,,2013-08-31,4.0,Canindé,,17
Cruzeiro,RJ,0.0,21:30,4-3-2-1,8501,Cruzeiro,F. Seabra,MG,,Fluminense,4-2-3-1,2024-06-19,2.0,Mineirão,F. Diniz Silva,10
Ceara,MG,0.0,21:50,,3541,Ceara,,CE,,Atletico-Mg,,2011-07-06,3.0,Presidente Vargas,,8
Empate,MG,2.0,16:00,4-4-2,7101,Ceara,A. Ferreira,CE,,Atletico-Mg,4-1-4-1,2020-11-22,2.0,Arena Castelão,,22
Avai,RS,0.0,19:30,,2829,Avai,,SC,,Gremio,,2009-07-22,1.0,Ressacada,,13
Vasco,PR,0.0,18:00,4-2-3-1,6972,Vasco,R. Menezes Hubner,RJ,,Athletico-Pr,4-1-4-1,2020-09-06,1.0,Estádio Vasco Da Gama,E. De Barros,8
Goias,PR,0.0,18:29,4-3-1-2,4997,Goias,H. Pinto Dos Anjos,GO,,Athletico-Pr,4-2-3-1,2015-05-16,2.0,Estádio Do Governo Do Estado De Goiás (Serra Dourada),M. Mendes,2
Goias,GO,1.0,16:00,,1348,Sao Caetano,,SP,,Goias,,2005-08-27,0.0,Anacleto Campanella,,23
Santos,SC,1.0,21:00,,3264,Santos,,SP,,Avai,,2010-09-02,2.0,Vila Belmiro,,18
Chapecoense,PR,1.0,19:59,4-2-3-1,6305,Chapecoense,A. Ferreira,SC,,Athletico-Pr,4-2-3-1,2018-09-13,2.0,Arena Condá,T. Retzalff Nunes,20
Botafogo-Rj,SP,0.0,19:59,4-4-2,7255,Botafogo-Rj,L. Flávio,RJ,,Sao Paulo,,2021-02-22,1.0,Estádio Nilton Santos,M. Vizolli,37
Sao Paulo,RS,2.0,18:00,,652,Sao Paulo,,SP,,Gremio,,2004-12-06,3.0,Morumbi,,9
Empate,SC,2.0,21:00,,2906,Atletico-Mg,,MG,,Avai,,2009-08-20,2.0,Mineirão,,20
Botafogo-Rj,PE,1.0,18:10,,2259,Botafogo-Rj,,RJ,,Sport,,2007-10-20,3.0,Engenhão,,32
Ceara,SP,0.0,16:00,,3523,Ceara,,CE,,Palmeiras,,2011-06-26,2.0,Presidente Vargas,,6
Santos,SP,4.0,16:00,,2731,Fluminense,,RJ,,Santos,,2009-05-24,1.0,Maracanã,,3
America-Mg,SP,0.0,18:30,3-5-2,8244,America-Mg,F. Bustos,MG,,Santos,4-2-3-1,2023-09-03,2.0,Estádio Raimundo Sampaio,D. Aguirre Camblor,22
Empate,SP,0.0,16:00,,4479,Atletico-Mg,,MG,,Corinthians,,2013-10-06,0.0,Independência,,26
Empate,SP,1.0,16:00,,1597,Santa Cruz,,PE,,Ponte Preta,,2006-05-06,1.0,Arruda,,4
Santos,SP,2.0,19:00,4-2-3-1,7047,Coritiba,J. De Amorim Campos,PR,,Santos,4-1-4-1,2020-10-17,,Couto Pereira,A. Stival,17
Internacional,BA,0.0,18:10,,2585,Internacional,,RS,,Vitoria,,2008-09-21,1.0,Beira Rio,,26
Empate,MG,4.0,16:01,4-2-3-1,5423,Sport,,PE,,Atletico-Mg,4-2-3-1,2016-06-05,4.0,Adelmar Da Costa Carvalho,M. De Oliveira Santos,6
Sao Paulo,CE,1.0,18:30,,3197,Sao Paulo,,SP,,Ceara,,2010-07-31,2.0,Morumbi,,12
Palmeiras,SP,2.0,18:31,4-1-4-1,8304,Coritiba,T. Kosloski,PR,,Palmeiras,3-4-1-2,2023-10-22,0.0,Couto Pereira,J. M. Barreto Martins,28
Empate,SP,2.0,20:01,4-2-3-1,7655,Juventude,,RS,,Bragantino,4-2-3-1,2022-04-11,2.0,Alfredo Jaconi,M. Nogueira Barbieri,1
Athletico-Pr,RJ,2.0,21:45,,1263,Athletico-Pr,,PR,,Vasco,,2005-07-27,7.0,Arena Da Baixada,,15
Fluminense,SC,2.0,16:00,4-2-3-1,5546,Fluminense,L. Culpi,RJ,,Figueirense,4-2-3-1,2016-09-03,3.0,Estádio Giulite Coutinho,T. Guimarães,18
Vasco,RJ,0.0,16:00,,992,Vasco,,RJ,,Flamengo,,2004-10-24,1.0,Maracanã,,37
Botafogo-Rj,PR,1.0,18:30,,3505,Botafogo-Rj,,RJ,,Coritiba,,2011-12-06,3.0,Engenhão,,4
Athletico-Pr,RJ,1.0,16:00,,113,Athletico-Pr,,PR,,Flamengo,,2003-05-25,4.0,Arena Da Baixada,,10
Empate,RJ,2.0,16:00,,920,Botafogo-Rj,,RJ,,Vasco,,2004-09-19,2.0,Maracanã,,31
Cruzeiro,MG,1.0,18:00,,166,Juventude,,RS,,Cruzeiro,,2003-06-22,0.0,Alfredo Jaconi,,14
Empate,SC,0.0,19:31,4-4-2,5245,Sao Paulo,,SP,,Chapecoense,4-3-2-1,2015-09-17,0.0,Morumbi,A. Ferreira,26
Empate,SP,0.0,18:00,,4604,Internacional,,RS,,Ponte Preta,,2013-12-08,0.0,Centenário (Rs),,38
Sao Paulo,SP,1.0,16:00,,950,Sao Paulo,,SP,,Palmeiras,,2004-10-02,2.0,Morumbi,,34
Gremio,GO,0.0,20:30,,4595,Gremio,,RS,,Goias,,2013-12-01,1.0,Arena Do Grêmio,,37
Empate,PR,1.0,16:59,4-2-3-1,5707,Fluminense,M. De Oliveira,RJ,,Athletico-Pr,4-2-3-1,2016-11-15,1.0,Maracanã,P. Autuori De Mello,35
Empate,SP,1.0,16:00,,3771,Internacional,,RS,,Corinthians,,2011-10-23,1.0,Beira Rio,,31
Flamengo,PR,0.0,18:20,,2507,Flamengo,,RJ,,Athletico-Pr,,2008-08-09,1.0,Maracanã,,19
Gremio,RJ,0.0,18:31,4-2-3-1,5108,Gremio,R. Machado Marques,RS,,Vasco,,2015-07-11,2.0,Arena Do Grãªmio,C. Juarez Roth,13
Empate,SP,1.0,21:50,,2852,Santo Andre,,SP,,Corinthians,,2009-07-29,1.0,Teixeirã£O,,15
Flamengo,SP,0.0,17:00,4-2-3-1,6463,Flamengo,D. Silvestre Júnior,RJ,,Santos,4-2-3-1,2018-11-15,1.0,Maracanã£,A. Stival,34
Corinthians,SP,3.0,16:00,4-3-3,7650,Botafogo-Rj,R. Oliveira,RJ,,Corinthians,4-3-3,2022-04-10,1.0,Estádio Nilton Santos,V. De Oliveira Lopes Pereira,1
Flamengo,PE,0.0,16:00,4-4-2,7419,Flamengo,Renato Gaúcho,RJ,,Sport,4-2-3-1,2021-08-15,2.0,Estádio Municipal General Raulino De Oliveira,U. Louzer Filho,16
Goias,SP,0.0,16:00,,4449,Goias,,GO,,Sao Paulo,,2013-09-22,1.0,Serra Dourada,,23
Flamengo,SC,1.0,16:00,,4461,Flamengo,,RJ,,Criciuma,,2013-09-29,4.0,Maracanã,,24
Gremio,RJ,0.0,16:00,4-2-2-2,6782,Gremio,Renato Gaúcho,RS,,Botafogo-Rj,4-2-3-1,2019-10-27,3.0,Arena Do Grêmio,A. Valentim Do Carmo Neto,28
Cruzeiro,RS,0.0,20:30,,2506,Cruzeiro,,MG,,Internacional,,2008-08-07,2.0,Mineirão,,18
Santos,PA,1.0,18:10,,1115,Santos,,SP,,Paysandu,,2005-04-24,4.0,A Campanella*(Pf),,1
Atletico-Mg,SP,1.0,21:07,4-2-3-1,8387,Atletico-Mg,L. Scolari,MG,,Sao Paulo,4-2-3-1,2023-12-02,2.0,Mineirão,D. Silvestre Júnior,37
Empate,SP,0.0,18:00,,299,Vasco,,RJ,,Guarani,,2003-08-10,0.0,São Januário,,25
Palmeiras,RJ,2.0,20:30,,1676,Palmeiras,,SP,,Vasco,,2006-07-13,4.0,Parque Antártica,,11
Empate,RJ,1.0,16:00,,3350,Gremio Prudente,,SP,,Fluminense,,2010-10-02,1.0,Prudentão,,27
Flamengo,RJ,2.0,18:30,,2736,Santo Andre,,SP,,Flamengo,,2009-05-24,1.0,Bruno José Daniel,,3
Sao Paulo,SP,2.0,16:00,4-2-3-1,7792,Atletico-Go,J. De Amorim Campos,GO,,Sao Paulo,3-4-2-1,2022-07-03,1.0,Estádio Antônio Accioly,R. Ceni,15
Botafogo-Rj,SP,1.0,18:30,4-2-3-1,8997,Botafogo-Rj,Davide Ancelotti,RJ,711675.0,Bragantino,4-2-3-1,2025-08-30,4.0,"Estádio Nilton Santos, Rio De Janeiro",Fernando Seabra,22
Palmeiras,RJ,1.0,16:00,4-1-4-1,5796,Palmeiras,A. Stival,SP,,Fluminense,4-2-3-1,2017-06-10,3.0,Allianz Parque,A. Da Silva Braga,6
Cruzeiro,PR,0.0,18:30,,4328,Cruzeiro,,MG,,Coritiba,,2013-08-03,1.0,Mineirão,,11
Sao Paulo,SP,2.0,20:29,4-1-4-1,7602,Palmeiras,A. Moreira Ferreira,SP,,Sao Paulo,4-4-2,2021-11-17,0.0,Allianz Parque,R. Ceni,33
Cruzeiro,RS,0.0,18:00,,4551,Cruzeiro,,MG,,Gremio,,2013-11-10,3.0,Mineirão,,33
Sao Paulo,SP,1.0,11:01,4-4-2,5372,Botafogo-Rj,,RJ,,Sao Paulo,4-2-3-1,2016-05-15,0.0,Estádio Municipal General Raulino De Oliveira,E. Bauza,1
Flamengo,RS,0.0,20:29,4-3-1-2,7820,Flamengo,D. Silvestre Júnior,RJ,,Juventude,4-1-4-1,2022-07-20,4.0,Estádio Nacional De Brasília,U. Louzer Filho,18
Corinthians,GO,0.0,18:10,,2119,Corinthians,,SP,,Goias,,2007-08-04,1.0,Morumbi,,17
Empate,MT,1.0,20:02,4-2-3-1,8519,Corinthians,A. Cardoso De Oliveira,SP,,Cuiaba,4-3-3,2024-06-26,1.0,Neo Química Arena,A. Gonçalves Teixeira,12
Goias,RJ,0.0,17:00,4-4-2,7236,Goias,A. César,GO,,Botafogo-Rj,3-5-2,2021-02-13,2.0,Estádio Da Serrinha,L. Flávio,36
Cuiaba,MT,2.0,11:00,,7429,Palmeiras,V. Castanheira Penas,SP,,Cuiaba,4-4-2,2021-08-22,0.0,Allianz Parque,J. De Amorim Campos,17
Vasco,CE,0.0,18:10,,1838,Vasco,,RJ,,Fortaleza,,2006-10-07,2.0,São Januário,,28
Internacional,RS,1.0,20:03,4-3-3,7875,Avai,E. De Souza Barroca,SC,,Internacional,4-4-1-1,2022-08-22,0.0,Ressacada,L. Venker De Menezes,23
Fluminense,GO,3.0,19:00,4-2-3-1,8308,Fluminense,F. Diniz Silva,RJ,,Goias,4-3-3,2023-10-25,5.0,Estádio Municipal General Raulino De Oliveira,A. Evangelista Macedo Freitas,29
Vasco,MT,0.0,21:00,4-3-3,8145,Vasco,W. B. De Almeida,RJ,,Cuiaba,4-3-3,2023-06-26,1.0,Luso-Brasileiro,A. Cardoso De Oliveira,12
Empate,PA,2.0,16:00,,609,Botafogo-Rj,,RJ,,Paysandu,,2004-05-09,2.0,Caio Martins,,5
Fluminense,RJ,3.0,16:02,4-2-3-1,8027,America-Mg,V. Carmo Mancini,MG,,Fluminense,4-2-2-2,2023-04-15,0.0,Estádio Raimundo Sampaio,F. Diniz Silva,1
Ponte Preta,SP,2.0,16:00,,1094,Vitoria,,BA,,Ponte Preta,,2004-12-19,1.0,Barradã£O,,46
Corinthians,SP,1.0,18:30,4-2-3-1,8158,Atletico-Mg,A. C. Pracidelli,MG,,Corinthians,,2023-07-08,0.0,Mineirão,V. Luxemburgo Da Silva,14
Fortaleza,SP,0.0,16:01,3-4-1-2,7389,Fortaleza,J. Vojvoda,CE,,Bragantino,4-2-3-1,2021-07-25,1.0,Arena Castelão,,13
Criciuma,SC,2.0,19:30,,4488,Gremio,,RS,,Criciuma,,2013-10-09,1.0,Arena Do Grêmio,,27
Sao Paulo,GO,0.0,18:00,,161,Sao Paulo,,SP,,Goias,,2003-06-21,1.0,Morumbi,,14
Fortaleza,RS,0.0,16:00,,206,Fortaleza,,CE,,Internacional,,2003-07-12,3.0,Castelão,,18
Atletico-Go,MG,1.0,18:16,4-2-3-1,7532,Atletico-Go,E. De Souza Barroca,GO,,Atletico-Mg,4-2-3-1,2021-10-17,2.0,Estádio Antônio Accioly,,27
Cruzeiro,SC,1.0,19:29,,4935,Cruzeiro,M. De Oliveira Santos,MG,,Criciuma,,2014-11-09,3.0,Mineirão,A. Cecílio Sobrinho,33
Empate,PE,1.0,18:30,,2935,Fluminense,,RJ,,Nautico,,2009-09-06,1.0,Maracanã,,23
Palmeiras,RJ,0.0,21:30,,8485,Palmeiras,A. Moreira Ferreira,SP,,Vasco,5-4-1,2024-06-13,2.0,Allianz Parque,Á. Teixeira Pacheco,8
Empate,PR,2.0,18:10,,2426,Goias,,GO,,Coritiba,,2008-07-12,2.0,Serra Dourada,,11
Athletico-Pr,PR,3.0,16:00,,1233,Atletico-Mg,,MG,,Athletico-Pr,,2005-07-17,2.0,Mineirão,,12
Empate,MG,0.0,18:30,4-2-3-1,8673,Cuiaba,B. Franco,MT,,Cruzeiro,3-4-3,2024-09-22,0.0,Arena Pantanal,F. Seabra,27
Coritiba,MG,0.0,19:31,4-1-4-1,5704,Coritiba,P. Carpegiani,PR,,Atletico-Mg,,2016-11-06,2.0,Couto Pereira,M. De Oliveira Santos,34
Palmeiras,SP,1.0,21:45,4-2-3-1,7924,Atletico-Mg,A. Stival,MG,,Palmeiras,3-4-1-2,2022-09-28,0.0,Mineirão,J. M. Barreto Martins,28
-,RJ,1.0,20:01,4-3-3,6155,Santos,A. Stival,SP,,Vasco,4-3-2-1,2018-09-27,1.0,Estádio Municipal Paulo Machado De Carvalho,A. Valentim Do Carmo Neto,3
Fluminense,SC,0.0,18:30,,4254,Fluminense,,RJ,,Criciuma,,2013-06-02,3.0,Moacyrzão,,3
Fluminense,MG,0.0,11:00,4-2-3-1,5559,Fluminense,L. Culpi,RJ,,America-Mg,4-5-1,2016-08-14,1.0,Kléber Andrade,E. Alves Moreira,20
Ceara,SP,1.0,18:30,,3296,Ceara,,CE,,Santos,,2010-09-12,2.0,Castelão,,21
Empate,PE,0.0,18:30,,4036,Sport,,PE,,Nautico,,2012-08-26,0.0,Ilha Do Retiro,,19
Goias,RJ,1.0,18:30,4-3-3,8084,Goias,E. Rodrigues De Ávila,GO,,Botafogo-Rj,4-2-3-1,2023-05-14,2.0,Estádio Hailé Pinheiro - Serrinha,L. Ribeiro De Castro,6
Gremio,RJ,1.0,16:00,,4290,Gremio,,RS,,Botafogo-Rj,,2013-07-14,2.0,Arena Do Grêmio,,7
Cruzeiro,MG,2.0,19:30,,4339,Criciuma,,SC,,Cruzeiro,,2013-08-07,1.0,Heriberto Hulse,,12
Sport,PE,3.0,16:01,4-2-3-1,5910,Bahia,J. De Amorim Campos,BA,,Sport,4-2-3-1,2017-07-30,1.0,Itaipava Arena Fonte Nova,V. Luxemburgo Da Silva,17
Atletico-Mg,MG,1.0,21:00,,3878,Palmeiras,,SP,,Atletico-Mg,,2012-06-09,0.0,Pacaembu,,4
Flamengo,RS,0.0,21:45,4-2-3-1,6480,Flamengo,,RJ,,Gremio,4-2-3-1,2018-11-21,2.0,Maracanã,Renato Gaúcho,36
Botafogo-Rj,RJ,0.0,18:30,,4764,Botafogo-Rj,V. Carmo Mancini,RJ,,Fluminense,,2014-08-17,2.0,Estádio Nacional De Brasília,C. Borges Dos Santos,15
Empate,RS,0.0,18:30,,4887,Goias,S. Drubscky De Campos,GO,,Gremio,,2014-10-18,0.0,Estádio Do Governo Do Estado De Goiás (Serra Dourada),L. Scolari,29
Cruzeiro,MG,2.0,16:00,,858,Criciuma,,SC,,Cruzeiro,,2004-08-22,1.0,Heriberto Hulse,,26
Empate,MT,0.0,20:00,4-4-2,7397,Internacional,D. Aguirre Camblor,RS,,Cuiaba,4-4-1-1,2021-07-31,0.0,Estádio José Pinheiro Borda,J. De Amorim Campos,14
Flamengo,SP,0.0,21:30,4-2-3-1,8325,Flamengo,A. Bacchi,RJ,,Bragantino,4-2-3-1,2023-11-23,1.0,Maracanã,P. Faria Caixinha,30
Cruzeiro,MG,3.0,20:30,,2562,Vasco,,RJ,,Cruzeiro,,2008-09-04,1.0,São Januário,,24
Empate,SP,2.0,17:00,,3802,Gremio,,RS,,Palmeiras,,2011-11-13,2.0,Olímpico,,34
Sao Paulo,SP,2.0,21:50,,2641,Botafogo-Rj,,RJ,,Sao Paulo,,2008-10-29,1.0,Engenhão,,32
Botafogo-Rj,PR,0.0,21:00,,6242,Botafogo-Rj,A. Valentim Do Carmo Neto,RJ,,Athletico-Pr,3-4-2-1,2018-06-13,2.0,Estádio Nilton Santos,,12
Empate,PR,0.0,21:50,,4491,Corinthians,,SP,,Athletico-Pr,,2013-10-09,0.0,Romildão,,27
Flamengo,RS,1.0,18:10,,2348,Flamengo,,RJ,,Internacional,,2008-05-24,2.0,Maracanã,,3
Internacional,MG,1.0,18:00,,651,Internacional,,RS,,Atletico-Mg,,2004-06-12,4.0,Beira Rio,,9
Empate,SP,1.0,18:30,,2782,Palmeiras,,SP,,Santos,,2009-06-28,1.0,Palestra Itália,,8
Empate,RJ,1.0,18:30,4-2-3-1,8447,Bragantino,P. Faria Caixinha,SP,,Flamengo,4-2-3-1,2024-05-04,1.0,Nabizão,A. Bacchi,5
Criciuma,MG,0.0,20:02,4-3-1-2,8537,Criciuma,C. Tencati,SC,,Cruzeiro,4-3-3,2024-07-03,1.0,Estádio Heriberto Hülse,F. Seabra,14
Vitoria,MG,0.0,18:30,4-3-3,9003,Vitoria,J. Ventura,BA,528283.0,Atletico-Mg,4-4-2,2025-08-31,1.0,"Barradão, Salvador",J. Sampaoli,22
Internacional,RS,5.0,21:30,4-4-1-1,7041,Sport,J. Ribeiro Ventura,PE,,Internacional,4-2-3-1,2020-10-14,3.0,Adelmar Da Costa Carvalho,E. Coudet,16
Figueirense,SP,0.0,16:00,,617,Figueirense,,SC,,Sao Caetano,,2004-05-16,1.0,Orlando Scarpelli,,6
Cruzeiro,BA,1.0,16:00,4-3-3,8441,Cruzeiro,F. Seabra,MG,,Vitoria,4-4-2,2024-04-28,3.0,Mineirão,,4
Internacional,RS,2.0,18:10,,2576,Botafogo-Rj,,RJ,,Internacional,,2008-09-14,1.0,Engenhão,,25
Internacional,SP,1.0,16:00,,53,Internacional,,RS,,Corinthians,,2003-04-20,2.0,Beira Rio,,5
Fluminense,SC,0.0,21:00,,3343,Fluminense,,RJ,,Avai,,2010-09-29,1.0,Raulino De Oliveira,,26
Bahia,RJ,0.0,19:14,4-2-3-1,7018,Bahia,,BA,,Vasco,4-2-3-1,2020-10-07,3.0,Estádio De Pituaçu,R. Menezes Hubner,14
Empate,RJ,1.0,18:10,,1706,Fluminense,,RJ,,Botafogo-Rj,,2006-07-30,1.0,Maracanã,,14
Palmeiras,RS,1.0,18:59,4-2-3-1,8903,Palmeiras,A. Ferreira,SP,3022910.0,Juventude,4-3-3,2025-10-11,4.0,"Allianz Parque, São Paulo",M. Barbieri,12
Vasco,BA,1.0,11:00,4-2-3-1,5759,Vasco,M. Mendes,RJ,,Bahia,4-2-3-1,2017-05-21,2.0,Estádio Vasco Da Gama,A. Ferreira,2
Fluminense,RJ,2.0,21:45,,1494,Goias,,GO,,Fluminense,,2005-11-02,1.0,Serra Dourada,,36
Vitoria,RJ,3.0,16:10,,2768,Vitoria,,BA,,Botafogo-Rj,,2009-06-20,4.0,Barradão,,7
Empate,SP,1.0,18:15,3-4-1-2,7423,Fortaleza,,CE,,Santos,,2021-08-15,1.0,Arena Castelão,E. Zuma,16
Sao Paulo,BA,1.0,20:30,,804,Sao Paulo,,SP,,Vitoria,,2004-08-05,2.0,Morumbi,,21
Sport,PE,2.0,22:02,,4944,Palmeiras,D. Silvestre Júnior,SP,,Sport,,2014-11-19,0.0,Allianz Parque,E. Baptista,35
Botafogo-Rj,CE,0.0,21:00,4-2-3-1,8120,Botafogo-Rj,L. Ribeiro De Castro,RJ,,Fortaleza,4-4-2,2023-06-10,2.0,Estádio Nilton Santos,J. Vojvoda,10
Bahia,CE,1.0,18:45,4-2-3-1,7064,Bahia,L. Venker De Menezes,BA,,Fortaleza,,2020-11-11,2.0,Itaipava Arena Fonte Nova,M. Montenegro,18
Sao Paulo,SP,0.0,16:00,,991,Sao Paulo,,SP,,Santos,,2004-10-24,1.0,Morumbi,,37
Flamengo,RJ,2.0,21:00,4-2-3-1,8191,Atletico-Mg,L. Scolari,MG,,Flamengo,4-2-3-1,2023-07-29,1.0,Estádio Raimundo Sampaio,,17
Empate,RS,1.0,19:00,4-3-3,7405,Fluminense,M. De Oliveira,RJ,,Juventude,4-3-3,2021-09-02,1.0,Maracanã£,M. Dos Santos Gonçalves,14
Gremio,RS,2.0,18:30,4-2-3-1,8053,Cuiaba,I. Abreu Vieira,MT,,Gremio,4-2-3-1,2023-04-30,1.0,Arena Pantanal,Renato Gaúcho,3
Empate,RS,1.0,16:00,,3515,Coritiba,,PR,,Internacional,,2011-06-19,1.0,Couto Pereira,,5
Flamengo,RJ,1.0,21:01,,5460,Santa Cruz,M. Mendes,PE,,Flamengo,4-2-3-1,2016-06-22,0.0,Estádio Do Arruda,J. Mannarino,10
Empate,SP,2.0,16:02,4-2-3-1,9083,Botafogo-Rj,Davide Ancelotti,RJ,721830.0,Santos,3-5-2,2025-10-26,2.0,"Estádio Nilton Santos, Rio De Janeiro",Juan Pablo Vojvoda,30
Empate,MG,3.0,20:30,,222,Internacional,,RS,,Atletico-Mg,,2003-07-16,3.0,Beira Rio,,19
Sport,PE,2.0,16:00,4-2-3-1,5523,Cruzeiro,P. Gomes Bento,MG,,Sport,4-2-3-1,2016-07-24,1.0,Mineirão,O. De Oliveira Filho,16
Botafogo-Rj,PA,0.0,16:00,,1294,Botafogo-Rj,,RJ,,Paysandu,,2005-08-06,2.0,Luso Brasileiro,,18
Palmeiras,SP,1.0,21:00,,3164,Palmeiras,,SP,,Santos,,2010-07-15,2.0,Pacaembu,,8
Internacional,SC,0.0,20:56,,4680,Internacional,A. Da Silva Braga,RS,,Chapecoense,,2014-05-28,2.0,Estádio Francisco Stédile (Centenário),C. Rodrigues,8
Empate,MG,1.0,18:20,,2619,Figueirense,,SC,,Ipatinga,,2008-10-18,1.0,Orlando Scarpelli,,30
Botafogo-Rj,RJ,0.0,18:30,,3616,Botafogo-Rj,,RJ,,Vasco,,2011-08-07,4.0,Engenhão,,15
Empate,SP,2.0,21:40,,32,Vasco,,RJ,,Corinthians,,2003-04-16,2.0,São Januário,,4
Palmeiras,MT,0.0,20:00,4-2-3-1,7815,Palmeiras,A. Moreira Ferreira,SP,,Cuiaba,3-4-3,2022-07-18,1.0,Allianz Parque,A. Cardoso De Oliveira,17
Chapecoense,SP,0.0,17:04,4-2-2-2,6504,Chapecoense,C. Dos Santos Oliveira,SC,,Sao Paulo,4-2-3-1,2018-12-02,1.0,Arena Condá,A. Soares Jardine,38
Ceara,CE,2.0,17:00,,3793,Avai,,SC,,Ceara,,2011-11-06,1.0,Ressacada,,33
-,PR,0.0,16:00,,3583,Bahia,,BA,,Coritiba,,2011-07-24,0.0,Pituaçu,,11
Vasco,RJ,2.0,16:00,,1504,Sao Caetano,,SP,,Vasco,,2005-11-06,1.0,Anacleto Campanella,,37
Empate,SP,1.0,18:30,4-2-3-1,8212,Flamengo,J. Sampaoli Moya,RJ,,Sao Paulo,4-2-3-1,2023-08-13,1.0,Maracanã,D. Silvestre Júnior,19
Fluminense,RJ,4.0,17:00,,3440,Sao Paulo,,SP,,Fluminense,,2010-11-21,1.0,Arena Barueri,,36
Goias,GO,3.0,16:00,,1893,Fortaleza,,CE,,Goias,,2006-11-05,0.0,Castelã£O,,33
Goias,GO,4.0,18:10,,2395,Santos,,SP,,Goias,NAN,2008-06-22,0.0,Vila Belmiro,,7
Cruzeiro,MG,2.0,18:32,4-3-2-1,5255,Chapecoense,A. Ferreira,SC,,Cruzeiro,4-3-3,2015-09-20,0.0,Arena Condá,L. Venker De Menezes,27
Sport,SP,1.0,18:10,,1956,Sport,,PE,,Santos,,2007-05-13,4.0,Ilha Do Retiro,,1
Empate,SP,0.0,18:31,4-2-3-1,5168,Athletico-Pr,M. Mendes,PR,,Santos,4-2-3-1,2015-08-15,0.0,Estádio Joaquim Américo Guimarães,D. Silvestre Júnior,19
Empate,RS,0.0,18:29,,4825,Atletico-Mg,L. Culpi,MG,,Gremio,,2014-09-14,0.0,Estádio Raimundo Sampaio,L. Scolari,21
Internacional,SP,1.0,16:00,,1506,Internacional,,RS,,Ponte Preta,,2005-11-06,2.0,Beira Rio,,37
Empate,MG,0.0,19:01,4-2-3-1,8897,Vitoria,J. Ventura,BA,160659.0,Cruzeiro,4-2-3-1,2025-06-12,0.0,"Barradão, Salvador",T. Tite,12
Bahia,MG,1.0,21:32,3-4-2-1,8401,Bahia,R. Ceni,BA,,Atletico-Mg,4-4-2,2023-12-06,4.0,Itaipava Arena Fonte Nova,L. Scolari,38
Fluminense,RJ,3.0,20:30,,898,Vitoria,,BA,,Fluminense,,2004-09-09,2.0,Barradão,,29
Empate,RS,2.0,20:59,4-2-3-1,6255,Athletico-Pr,T. Retzalff Nunes,PR,,Internacional,4-3-3,2018-07-19,2.0,Estádio Joaquim Américo Guimarães,O. Hellmann,13
Atletico-Mg,RJ,1.0,17:00,,2667,Atletico-Mg,,MG,,Vasco,,2008-11-12,4.0,Mineirão,,35
Empate,SP,0.0,18:30,,3194,Ceara,,CE,,Palmeiras,,2010-07-25,0.0,Castelão,,11
Goias,BA,2.0,16:00,,2894,Goias,,GO,,Vitoria,,2009-08-16,3.0,Serra Dourada,,19
Empate,RJ,1.0,19:59,4-4-2,6395,Parana,C. Dos Santos Oliveira,PR,,Vasco,4-2-3-1,2018-10-01,1.0,Vila Capanema,A. Valentim Do Carmo Neto,27
Empate,GO,1.0,16:00,,2622,Coritiba,,PR,,Goias,,2008-10-19,1.0,Couto Pereira,,30
Botafogo-Rj,CE,2.0,20:01,4-2-3-1,8885,Botafogo-Rj,Renato Manuel Alves Paiva,RJ,1188650.0,Ceara,4-2-3-1,2025-06-04,3.0,"Estádio Nilton Santos, Rio De Janeiro",,10
Fluminense,MG,1.0,20:00,,5955,Fluminense,A. Da Silva Braga,RJ,,Atletico-Mg,,2017-08-21,2.0,Maracanã,M. Reis Micale,21
Empate,PR,1.0,16:00,,3,Flamengo,,RJ,,Coritiba,,2003-03-30,1.0,Maracanã,,1
Gremio,RJ,1.0,16:00,,2371,Gremio,,RS,,Fluminense,,2008-06-08,2.0,Olímpico,,5
Empate,SP,2.0,19:00,4-2-3-1,7887,Bragantino,M. Nogueira Barbieri,SP,,Palmeiras,4-2-3-1,2022-09-03,2.0,Nabizão,A. Moreira Ferreira,25
Corinthians,SP,1.0,22:00,,1772,Sao Caetano,,SP,,Corinthians,,2006-08-30,0.0,Anacleto Campanella,,21
Empate,PR,1.0,18:00,,532,Corinthians,,SP,,Parana,,2003-12-06,1.0,Pacaembu,,45
Empate,PR,2.0,19:00,4-2-3-1,8625,Internacional,R. Machado Marques,RS,,Athletico-Pr,4-3-3,2024-08-11,2.0,Estádio Beira-Rio,M. Varini Di Zioli,22
Cruzeiro,GO,1.0,11:01,4-3-3,8649,Cruzeiro,F. Seabra,MG,,Atletico-Go,4-3-3,2024-09-01,3.0,Mineirão,U. Louzer Filho,25
Flamengo,RS,2.0,16:30,4-2-3-1,8707,Flamengo,F. Luís,RJ,,Juventude,4-2-3-1,2024-10-26,4.0,Maracanã,J. Ribeiro Ventura,31
Ceara,MG,0.0,18:30,,3134,Ceara,,CE,,Cruzeiro,,2010-05-23,1.0,Castelã£O,,5
-,RJ,1.0,17:30,4-2-3-1,9023,Flamengo,F. Luís,RJ,4465857.5,Vasco,4-2-3-1,2025-09-21,1.0,"Maracanã, Rio De Janeiro",F. Diniz,24
Santos,RJ,0.0,21:45,,732,Santos,,SP,,Flamengo,,2004-07-13,2.0,Vila Belmiro,,15
-,BA,1.0,19:30,,3407,Santos,,SP,,Vitoria,,2010-11-03,1.0,Vila Belmiro,,33
Empate,RJ,0.0,16:00,,2340,Gremio,,RS,,Flamengo,,2008-05-18,0.0,Olímpico,,2
Flamengo,GO,0.0,19:00,4-2-3-1,5947,Flamengo,R. Rueda Rivera,RJ,,Atletico-Go,4-2-3-1,2017-08-19,2.0,Luso-Brasileiro,J. P. Sanches,21
Botafogo-Rj,RJ,1.0,18:20,,2566,Coritiba,,PR,,Botafogo-Rj,,2008-09-06,0.0,Couto Pereira,,24
Empate,SP,2.0,19:01,4-4-1-1,7708,Internacional,,RS,,Corinthians,4-3-1-2,2022-05-14,2.0,Estádio José Pinheiro Borda,,6
America-Mg,GO,0.0,18:00,4-1-4-1,7793,America-Mg,V. Carmo Mancini,MG,,Goias,3-4-2-1,2022-07-03,1.0,Estádio Raimundo Sampaio,,15
Empate,RJ,0.0,21:00,,6689,Ceara,E. Alves Moreira,CE,,Botafogo-Rj,4-1-4-1,2019-09-14,0.0,Arena Castelão,E. De Souza Barroca,19
Atletico-Go,GO,2.0,21:00,4-2-3-1,6985,Vasco,R. Menezes Hubner,RJ,,Atletico-Go,4-2-3-1,2020-09-10,1.0,Estádio Vasco Da Gama,V. Carmo Mancini,9
Bragantino,RJ,1.0,19:15,4-3-3,6917,Bragantino,F. De Oliveira Conceição,SP,,Fluminense,4-2-3-1,2020-08-19,2.0,Nabizão,O. Hellmann,4
Atletico-Go,GO,1.0,19:00,4-2-3-1,5957,Corinthians,F. Carille,SP,,Atletico-Go,4-2-3-1,2017-08-26,0.0,Neo Quã­Mica Arena,J. P. Sanches,22
Ceara,SP,0.0,16:01,4-3-3,8977,Ceara,M. Mozart,CE,425329.0,Bragantino,4-2-3-1,2025-08-16,1.0,"Arena Castelão, Fortaleza",V. Mancini,20
Empate,GO,1.0,20:30,,1260,Fluminense,,RJ,,Goias,,2005-07-27,1.0,Raulino De Oliveira,,15
Santos,RJ,0.0,16:00,,2120,Santos,,SP,,Flamengo,,2007-08-05,3.0,Vila Belmiro,,17
Juventude,DF,1.0,16:00,,1216,Juventude,,RS,,Brasiliense,,2005-07-09,2.0,Alfredo Jaconi,,11
Flamengo,BA,0.0,16:00,4-1-4-1,6203,Flamengo,M. Nogueira Barbieri,RJ,,Bahia,4-2-4-0,2018-05-31,2.0,Maracanã,A. Ferreira,8
Vasco,RS,1.0,19:30,4-2-3-1,9151,Vasco,F. Diniz,RJ,1313832.0,Internacional,4-3-1-2,2025-11-28,5.0,"Estádio São Januário, Rio De Janeiro",R. Díaz,36
Empate,SP,1.0,16:00,,1461,Fortaleza,,CE,,Palmeiras,,2005-10-22,1.0,Castelão,,33
Gremio,AL,1.0,21:00,4-2-3-1,6815,Gremio,Renato Gaúcho,RS,,Csa,4-2-2-2,2019-11-07,2.0,Arena Do Grêmio,A. Fucks,31
Sport,RJ,1.0,16:30,4-2-3-1,5058,Sport,E. Baptista,PE,,Vasco,4-2-3-1,2015-06-20,2.0,Arena De Pernambuco,D. Ghidoni Junior,8
Empate,RS,3.0,20:00,4-2-3-1,5825,Cruzeiro,L. Venker De Menezes,MG,,Gremio,4-2-3-1,2017-06-19,3.0,Mineirão,Renato Gaúcho,8
Vitoria,BA,2.0,19:30,,4437,Vasco,,RJ,,Vitoria,,2013-09-18,1.0,São Januário,,22
Vasco,MG,0.0,18:30,,3485,Vasco,,RJ,,America-Mg,,2011-05-29,3.0,São Januário,,2
Athletico-Pr,SC,1.0,19:34,4-2-3-1,5319,Athletico-Pr,C. Borges Dos Santos,PR,,Avai,4-2-3-1,2015-11-07,2.0,Estádio Joaquim Américo Guimarães,G. Kleina,34
Sao Paulo,MG,1.0,19:00,,3817,Sao Paulo,,SP,,America-Mg,,2011-11-19,3.0,Morumbi,,36
Coritiba,PE,0.0,21:01,4-3-3,5709,Coritiba,,PR,,Santa Cruz,4-2-3-1,2016-11-16,1.0,Couto Pereira,A. Felix Teixeira,35
Atletico-Mg,MG,1.0,18:02,,7812,Botafogo-Rj,L. Castro,RJ,,Atletico-Mg,4-2-3-1,2022-07-17,0.0,Estádio Nilton Santos,A. Mohamed Matijevich,17
Cruzeiro,RJ,1.0,16:00,,1622,Cruzeiro,,MG,,Flamengo,,2006-05-21,2.0,Mineirão,,6
Empate,RJ,0.0,18:59,4-3-3,8258,Goias,A. Evangelista Macedo Freitas,GO,,Flamengo,,2023-09-20,0.0,Estádio Hailé Pinheiro - Serrinha,J. Sampaoli Moya,24
Vasco,RJ,2.0,19:15,4-2-3-1,6714,Atletico-Mg,R. Marques Santana,MG,,Vasco,4-4-2,2019-10-02,1.0,Estádio Raimundo Sampaio,V. Luxemburgo Da Silva,21
Goias,SP,0.0,16:00,,1097,Goias,,GO,,Sao Paulo,,2004-12-19,2.0,Serra Dourada,,46
Empate,RS,1.0,18:29,4-3-3,8195,Goias,A. Evangelista Macedo Freitas,GO,,Gremio,,2023-07-30,1.0,Estádio Hailé Pinheiro - Serrinha,Renato Gaúcho,17
Cruzeiro,RJ,2.0,18:10,,2155,Cruzeiro,,MG,,Fluminense,NAN,2007-08-19,4.0,Mineirão,,20
Internacional,SP,0.0,21:50,,2454,Internacional,,RS,,Sao Paulo,,2008-07-23,2.0,Beira Rio,,14
Nautico,SP,0.0,16:00,,2995,Nautico,,PE,,Palmeiras,,2009-10-12,3.0,Aflitos,,29
Empate,SP,0.0,16:00,,1791,Sao Paulo,,SP,,Corinthians,,2006-09-10,0.0,Morumbi,,23
Empate,MG,1.0,16:00,,254,Goias,,GO,,Atletico-Mg,,2003-07-26,1.0,Serra Dourada,,22
Atletico-Mg,MG,1.0,19:01,3-4-1-2,7371,America-Mg,V. Carmo Mancini,MG,,Atletico-Mg,4-3-3,2021-07-10,0.0,Estádio Raimundo Sampaio,A. Stival,11
Brasiliense,RS,0.0,16:00,,1448,Brasiliense,,DF,,Juventude,NAN,2005-10-15,1.0,Boca Do Jacaré,,32
Fortaleza,CE,1.0,17:00,3-1-4-2,7377,Sao Paulo,H. Crespo,SP,,Fortaleza,3-4-1-2,2021-07-17,0.0,Morumbi,J. Vojvoda,12
Cruzeiro,CE,0.0,20:30,,195,Cruzeiro,,MG,,Fortaleza,,2003-07-09,2.0,Mineirão,,17
Juventude,RS,1.0,20:30,,821,Paysandu,,PA,,Juventude,,2004-08-11,0.0,Mangueirão,,23
Botafogo-Rj,SP,0.0,17:59,4-4-1-1,5763,Botafogo-Rj,J. Ribeiro Ventura,RJ,,Ponte Preta,4-4-2,2017-05-21,2.0,Estádio Nilton Santos,G. Kleina,2
Flamengo,RS,1.0,16:02,4-4-2,7250,Flamengo,R. Ceni,RJ,,Internacional,4-1-4-1,2021-02-21,2.0,Maracanã,A. Da Silva Braga,37
Santos,SP,0.0,19:34,4-2-3-1,5695,Santos,D. Silvestre Júnior,SP,,Palmeiras,4-3-3,2016-10-29,1.0,Estádio Urbano Caldeira,A. Stival,33
Botafogo-Rj,PR,1.0,19:30,,4404,Botafogo-Rj,,RJ,,Coritiba,,2013-09-05,3.0,Maracanã,,18
Fortaleza,MG,1.0,21:30,4-2-3-1,7023,Fortaleza,R. Ceni,CE,,Atletico-Mg,,2020-10-07,2.0,Arena Castelão,J. Sampaoli Moya,14
Empate,SC,2.0,20:59,4-2-3-1,5389,Flamengo,J. De Almeida Filho,RJ,,Chapecoense,4-3-2-1,2016-05-25,2.0,Estádio Municipal General Raulino De Oliveira,A. Ferreira,3
Fluminense,PR,1.0,21:00,,4167,Fluminense,,RJ,,Coritiba,,2012-10-25,2.0,Engenhão,,33
Bahia,BA,1.0,21:02,4-1-2-1-2,4942,Criciuma,A. Cecílio Sobrinho,SC,,Bahia,4-2-3-1,2014-11-19,0.0,Estádio Heriberto Hülse,C. Fabian,35
Figueirense,SC,3.0,17:00,,2688,Botafogo-Rj,,RJ,,Figueirense,,2008-11-30,1.0,Engenhão,,37
Empate,RS,0.0,16:00,,4395,Coritiba,,PR,,Internacional,,2013-09-01,0.0,Couto Pereira,,17
Corinthians,SP,1.0,16:00,4-2-3-1,5838,Gremio,Renato Gaúcho,RS,,Corinthians,4-2-3-1,2017-06-25,0.0,Arena Do Grêmio,F. Carille,10
Empate,RS,0.0,21:30,3-4-1-2,9036,Atletico-Mg,,MG,808746.68,Juventude,4-4-2,2025-09-30,0.0,"Arena Mrv, Belo Horizonte",M. Barbieri,26
Atletico-Mg,MG,2.0,19:31,4-2-3-1,4928,Palmeiras,D. Silvestre Júnior,SP,,Atletico-Mg,,2014-11-08,0.0,Estádio Municipal Paulo Machado De Carvalho,L. Culpi,33
Santos,CE,1.0,20:59,4-2-3-1,7277,Santos,F. Diniz Silva,SP,,Ceara,4-4-2,2021-06-05,3.0,Estádio Urbano Caldeira,,2
Empate,RJ,2.0,22:00,,2608,Sport,,PE,,Vasco,,2008-10-08,2.0,Ilha Do Retiro,,29
Empate,RS,0.0,18:14,4-4-2,7442,Atletico-Go,E. De Souza Barroca,GO,,Internacional,4-2-3-1,2021-08-29,0.0,Estádio Antônio Accioly,D. Aguirre Camblor,18
Atletico-Mg,RS,1.0,20:30,,242,Atletico-Mg,,MG,,Juventude,,2003-07-23,2.0,Mineirão,,21
Nautico,BA,0.0,18:30,,4017,Nautico,,PE,,Bahia,,2012-08-18,1.0,Aflitos,,18
Empate,RJ,2.0,19:35,4-2-3-1,5916,Sport,,PE,,Fluminense,4-1-4-1,2017-08-02,2.0,Adelmar Da Costa Carvalho,A. Da Silva Braga,18
Empate,SP,0.0,19:30,,2978,Barueri,,SP,,Santo  Andre,,2009-10-07,0.0,Arena Barueri,,28
Santos,RJ,1.0,19:15,4-3-3,6524,Santos,J. Sampaoli Moya,SP,,Fluminense,4-3-3,2019-05-02,2.0,Estádio Urbano Caldeira,,2
Internacional,SP,1.0,21:50,,946,Internacional,,RS,,Santos,,2004-09-29,2.0,Beira Rio,,33
Ceara,SC,1.0,19:00,4-2-3-1,6394,Ceara,L. Cirne Lima De Lorenzi,CE,,Chapecoense,4-2-3-1,2018-09-30,3.0,Arena Castelão,A. Ferreira,27
Sao Paulo,PR,0.0,19:00,4-1-3-2,7654,Sao Paulo,R. Ceni,SP,,Athletico-Pr,4-2-3-1,2022-04-10,4.0,Morumbi,A. Valentim Do Carmo Neto,1
Chapecoense,RS,0.0,19:32,4-3-2-1,5097,Chapecoense,V. Eutrópio,SC,,Gremio,4-2-3-1,2015-07-08,1.0,Arena Condá,R. Machado Marques,12
Empate,SP,1.0,21:00,4-2-3-1,8220,Cruzeiro,P. Marques Da Costa Filipe,MG,,Corinthians,4-3-3,2023-08-19,1.0,Mineirão,V. Luxemburgo Da Silva,20
Empate,MG,0.0,16:00,4-3-3,5781,Palmeiras,A. Stival,SP,,Atletico-Mg,4-2-3-1,2017-06-04,0.0,Allianz Parque,R. Machado Marques,4
Palmeiras,SP,0.0,18:30,,3555,Palmeiras,,SP,,Santos,,2011-10-07,3.0,Pacaembu,,9
Atletico-Mg,SP,1.0,21:50,,3363,Atletico-Mg,,MG,,Corinthians,,2010-10-06,,Arena Do Jacaré,,28
Corinthians,SP,1.0,16:02,4-2-3-1,5533,Internacional,Falcao,RS,,Corinthians,4-2-3-1,2016-07-31,0.0,Estádio José Pinheiro Borda,C. Borges Dos Santos,17
Vitoria,BA,2.0,16:00,,2411,Portuguesa,,SP,,Vitoria,,2008-07-06,1.0,Canindé,,9
Empate,RS,0.0,19:30,,4508,Santos,,SP,,Internacional,,2013-10-16,0.0,Vila Belmiro,,29
Empate,RJ,1.0,16:00,4-2-3-1,8459,Fortaleza,J. Vojvoda,CE,,Botafogo-Rj,4-2-3-1,2024-05-12,1.0,Arena Castelão,A. Torres Gomes Araújo Amorim,6
Sao Paulo,PE,0.0,16:00,,3983,Sao Paulo,,SP,,Sport,,2012-08-05,1.0,Morumbi,,14
Coritiba,PR,0.0,18:00,,147,Coritiba,,PR,,Athletico-Pr,,2003-06-14,2.0,Couto Pereira,,13
Ceara,CE,1.0,19:01,4-2-3-1,6626,Ceara,E. Alves Moreira,CE,,Fortaleza,4-4-2,2019-08-03,2.0,Arena Castelão,R. Ceni,13
Internacional,RS,2.0,18:10,,2295,Vasco,,RJ,,Internacional,,2007-11-04,1.0,São Januário,,35
Gremio,GO,1.0,18:10,,2255,Gremio,,RS,,Goias,,2007-10-13,2.0,Olã­Mpico,,31
Sao Paulo,SP,2.0,18:30,,3615,Avai,,SC,,Sao Paulo,,2011-08-07,1.0,Ressacada,,15
Goias,GO,3.0,17:59,4-2-3-1,5353,Chapecoense,A. Ferreira,SC,,Goias,4-2-2-2,2015-11-29,1.0,Arena Condá,D. Sérgio,37
Empate,PE,1.0,16:00,,1739,Fluminense,,RJ,,Santa Cruz,,2006-08-20,1.0,Maracanã,,18
Santos,SP,1.0,21:30,,9060,Santos,J. Vojvoda,SP,665586.0,Corinthians,3-4-1-2,2025-10-15,3.0,"Estádio  Urbano  Caldeira,  Santos",D. Junior,28
Cuiaba,CE,0.0,19:59,4-4-1-1,7632,Cuiaba,J. De Amorim Campos,MT,,Fortaleza,3-4-1-2,2021-12-06,1.0,Arena Pantanal,J. Vojvoda,37
Coritiba,PR,3.0,16:00,,114,Paysandu,,PA,,Coritiba,,2003-05-25,1.0,Mangueirão,,10
Bahia,RJ,0.0,21:02,3-4-3,8850,Bahia,Rogerio Ceni,BA,1219691.0,Botafogo-Rj,4-1-2-1-2,2025-05-03,1.0,"Arena Fonte Nova, Salvador",Renato Manuel Alves Paiva,7
America-Mg,RJ,0.0,21:13,4-1-4-1,5629,America-Mg,E. Alves Moreira,MG,,Botafogo-Rj,4-3-1-2,2016-09-24,1.0,Estádio Raimundo Sampaio,J. Ribeiro Ventura,27
Athletico-Pr,SP,3.0,16:00,,499,Athletico-Pr,,PR,,Sao Paulo,,2003-11-09,4.0,Arena Da Baixada,,42
Athletico-Pr,RS,2.0,18:15,3-4-2-1,7484,Athletico-Pr,B. Lazaroni,PR,,Gremio,4-2-3-1,2021-09-26,4.0,Estádio Joaquim Américo Guimarães,L. Scolari,22
Empate,BA,1.0,20:30,,721,Atletico-Mg,,MG,,Vitoria,,2004-07-13,1.0,Independência,,15
Sport,CE,0.0,20:30,4-2-3-1,7159,Sport,J. Ribeiro Ventura,PE,,Fortaleza,4-2-3-1,2021-01-06,1.0,Adelmar Da Costa Carvalho,M. Oliveira Chamusca,28
Palmeiras,SP,2.0,18:32,3-4-2-1,8833,Fortaleza,T. Carpini,CE,683733.0,Palmeiras,3-4-2-1,2025-04-20,1.0,"Arena Castelão, Fortaleza",A. Ferreira,5
Cruzeiro,MG,1.0,21:45,4-2-3-1,5710,Sport,D. Pollo Barioni,PE,,Cruzeiro,4-2-3-1,2016-11-16,0.0,Adelmar Da Costa Carvalho,L. Venker De Menezes,35
Empate,SP,1.0,16:00,,3090,Flamengo,,RJ,,Sao Paulo,,2010-05-09,1.0,Maracanã,,1
Atletico-Go,CE,0.0,18:16,4-2-3-1,7201,Atletico-Go,M. Ribeiro Cabo,GO,,Fortaleza,4-2-3-1,2021-01-24,2.0,Estádio Antônio Accioly,E. Alves Moreira,32
Fluminense,MT,0.0,11:00,4-1-4-1,7279,Fluminense,R. Machado Marques,RJ,,Cuiaba,4-2-3-1,2021-06-06,1.0,Estádio Vasco Da Gama,L. Iubel,2
Santos,MG,2.0,20:01,4-4-2,6486,Santos,A. Stival,SP,,Atletico-Mg,4-2-3-1,2018-11-24,3.0,Estádio Urbano Caldeira,L. Culpi,37
Vitoria,SC,1.0,17:00,,598,Vitoria,,BA,,Figueirense,,2004-05-02,3.0,Barradão,,4
Fluminense,CE,0.0,19:00,4-2-3-1,8904,Fluminense,L. Luis Zubeldia,RJ,473244.0,Ceara,4-2-3-1,2025-10-29,1.0,"Maracanã£, Rio De Janeiro",M. Mozart,12
Gremio,RS,2.0,20:58,4-2-3-1,5166,Atletico-Mg,L. Culpi,MG,,Gremio,4-2-3-1,2015-08-13,0.0,Mineirão,R. Machado Marques,18
Empate,RJ,1.0,19:30,,1648,Fortaleza,,CE,,Vasco,,2006-05-31,1.0,Castelão,,9
Vitoria,BA,3.0,17:01,4-3-3,6109,Ponte Preta,E. Baptista,SP,,Vitoria,4-2-3-1,2017-11-26,2.0,Moisés Lucarelli,V. Carmo Mancini,37
Sao Paulo,PR,1.0,21:02,4-2-3-1,8734,Sao Paulo,L. Zubeldía,SP,,Athletico-Pr,4-3-3,2024-11-09,2.0,Morumbis,L. González,33
Sport,PR,3.0,17:00,,2701,Sport,,PE,,Coritiba,,2008-12-07,4.0,Ilha Do Retiro,,38
Sport,PE,1.0,18:15,4-3-3,7402,Bahia,L. Cavalcanti,BA,,Sport,4-2-3-1,2021-08-01,0.0,Estádio De Pituaçu,U. Louzer Filho,14
Santa Cruz,SP,0.0,16:00,,1701,Santa Cruz,,PE,,Corinthians,,2006-07-30,1.0,Arruda,,14
Empate,BA,0.0,19:15,4-2-3-1,7558,Juventude,,RS,,Bahia,4-3-3,2021-10-30,0.0,Alfredo Jaconi,A. Ferreira,29
Gremio,PR,0.0,18:30,4-2-3-1,5405,Gremio,R. Machado Marques,RS,,Coritiba,4-2-3-1,2016-05-29,2.0,Arena Do Grêmio,G. Kleina,4
Empate,PR,1.0,19:00,,7196,Sao Paulo,F. Diniz Silva,SP,,Coritiba,4-3-3,2021-01-23,1.0,Morumbi,J. Bertagnoli,32
Empate,RJ,1.0,16:04,4-2-3-1,5911,Corinthians,,SP,,Flamengo,4-2-3-1,2017-07-30,1.0,Neo Quã­Mica Arena,J. Mannarino,17
Empate,RJ,0.0,18:30,,2943,Botafogo-Rj,,RJ,,Fluminense,,2009-09-13,0.0,Engenhão,,24
Vasco,PR,1.0,19:30,,1897,Vasco,,RJ,,Parana,,2006-11-08,3.0,São Januário,,34
Cruzeiro,MG,2.0,16:00,,86,Santos,,SP,,Cruzeiro,,2003-05-10,0.0,Vila Belmiro,,8
Empate,RJ,2.0,16:00,,2309,Sao Paulo,,SP,,Botafogo-Rj,,2007-11-25,,Morumbi,,37
Empate,PR,2.0,18:30,,2678,Botafogo-Rj,,RJ,,Athletico-Pr,,2008-11-22,2.0,Engenhã£O,,36
Goias,GO,1.0,15:59,4-2-3-1,8208,America-Mg,F. Bustos,MG,,Goias,4-3-3,2023-08-13,0.0,Estádio Raimundo Sampaio,A. Evangelista Macedo Freitas,19
Coritiba,MG,0.0,17:30,4-2-3-1,7712,Coritiba,G. Morínigo,PR,,America-Mg,3-1-4-2,2022-05-15,1.0,Couto Pereira,V. Carmo Mancini,6
Empate,SP,1.0,18:10,,2595,Santos,,SP,,Portuguesa,,2008-09-28,1.0,Vila Belmiro,,27
Santos,SP,2.0,19:00,4-2-3-1,5863,Santos,L. Culpi,SP,,Sao Paulo,4-2-3-1,2017-07-09,3.0,Estádio Urbano Caldeira,L. De Oliveira Preto,12
Sao Paulo,RJ,2.0,18:00,,1031,Sao Paulo,,SP,,Botafogo-Rj,,2004-11-07,5.0,Morumbi,,40
Empate,SC,1.0,18:00,,136,Atletico-Mg,,MG,,Figueirense,,2003-06-07,1.0,Independência,,12
Empate,RS,1.0,20:59,4-2-3-1,8828,Gremio,L. Castro,RS,1862340.0,Internacional,4-2-3-1,2025-04-19,1.0,"Arena Do Grêmio, Porto Alegre",R. Díaz,5
Flamengo,RJ,2.0,17:05,4-4-2,6120,Vitoria,V. Carmo Mancini,BA,,Flamengo,4-2-3-1,2017-12-03,1.0,Barradão,R. Rueda Rivera,38
Sao Paulo,RS,1.0,21:00,,2856,Sao Paulo,,SP,,Gremio,,2009-07-30,2.0,Morumbi,,15
Empate,PE,0.0,16:00,,4413,Corinthians,,SP,,Nautico,,2013-09-08,0.0,Pacaembu,,19
Paysandu,SP,1.0,18:10,,1202,Paysandu,,PA,,Palmeiras,,2005-06-26,2.0,Mangueirão,,9
Athletico-Pr,MG,0.0,16:00,,2182,Athletico-Pr,,PR,,Atletico-Mg,NAN,2007-09-02,1.0,Kyocera Arena,,23
Atletico-Mg,AL,0.0,19:00,4-2-3-1,6572,Atletico-Mg,R. Marques Santana,MG,,Csa,4-2-3-1,2019-06-02,4.0,Estádio Raimundo Sampaio,M. Ribeiro Cabo,7
Empate,RS,1.0,16:00,,567,Juventude,,RS,,Gremio,,2004-04-24,1.0,Alfredo Jaconi,,2
Internacional,RS,2.0,16:00,4-2-3-1,7240,Vasco,V. Luxemburgo Da Silva,RJ,,Internacional,4-1-4-1,2021-02-14,0.0,Estádio Vasco Da Gama,A. Da Silva Braga,36
Empate,BA,1.0,11:01,4-4-2,5432,Botafogo-Rj,R. Gomes Raymundo,RJ,,Vitoria,4-2-3-1,2016-06-12,1.0,Estádio Municipal General Raulino De Oliveira,V. Carmo Mancini,7
Atletico-Mg,MG,4.0,18:30,,3928,Figueirense,,SC,,Atletico-Mg,,2012-07-14,3.0,Orlando Scarpelli,,9
Palmeiras,SP,0.0,20:01,4-2-3-1,6033,Palmeiras,A. Valentim Do Carmo Neto,SP,,Ponte Preta,4-1-4-1,2017-10-19,2.0,Estádio Municipal Paulo Machado De Carvalho,E. Baptista,29
Gremio,RS,1.0,16:03,4-1-2-1-2,8640,Criciuma,C. Tencati,SC,,Gremio,4-2-3-1,2024-08-25,0.0,Estádio Heriberto Hülse,Renato Gaúcho,24
Botafogo-Rj,SP,0.0,16:30,4-4-1-1,5641,Botafogo-Rj,J. Ribeiro Ventura,RJ,,Corinthians,4-1-4-1,2016-10-01,2.0,Luso-Brasileiro,F. Carille,28
Palmeiras,PR,0.0,21:30,3-4-1-2,8338,Palmeiras,A. Moreira Ferreira,SP,,Athletico-Pr,3-4-2-1,2023-11-04,1.0,Arena Barueri,W. Carvalho,32
Athletico-Pr,RJ,1.0,16:03,4-2-3-1,6512,Athletico-Pr,T. Retzalff Nunes,PR,,Vasco,3-5-2,2019-04-28,4.0,Estádio Joaquim Américo Guimarães,M. Gomes Valadares,1
Internacional,BA,0.0,16:30,4-2-3-1,8907,Internacional,R. Díaz,RS,1151949.5,Vitoria,4-3-3,2025-12-07,1.0,"Estádio Beira-Rio, Porto Alegre",,13
Sao Paulo,PR,1.0,19:00,,8245,Sao Paulo,D. Silvestre Júnior,SP,,Coritiba,4-1-4-1,2023-09-27,2.0,Morumbi,T. Kosloski,22
Internacional,RJ,0.0,16:00,,2331,Internacional,,RS,,Vasco,,2008-05-11,1.0,Beira Rio,,1
Flamengo,MG,1.0,18:30,,3517,Flamengo,,RJ,,Atletico-Mg,,2011-06-25,4.0,Engenhão,,6
Empate,BA,1.0,20:30,,198,Goias,,GO,,Vitoria,,2003-07-09,1.0,Serra Dourada,,17
Empate,CE,1.0,21:01,4-4-2,7232,Sao Paulo,M. Vizolli,SP,,Ceara,4-2-3-1,2021-02-10,1.0,Morumbi,A. Ferreira,35
Internacional,RS,2.0,16:00,4-2-3-1,5384,Sao Paulo,E. Bauza,SP,,Internacional,4-3-2-1,2016-05-22,1.0,Morumbi,A. Fucks,2
Santos,SP,0.0,16:33,,5060,Santos,M. Fernandes,SP,,Corinthians,4-2-3-1,2015-06-20,1.0,Estádio Urbano Caldeira,A. Bacchi,8
Cruzeiro,RS,0.0,20:30,,803,Cruzeiro,,MG,,Internacional,,2004-08-05,2.0,Mineirão,,21
Internacional,RJ,0.0,18:59,4-1-4-1,7865,Internacional,L. Venker De Menezes,RS,,Fluminense,4-2-3-1,2022-08-14,3.0,Estádio José Pinheiro Borda,F. Diniz Silva,22
Nautico,PE,3.0,16:00,,2080,Corinthians,,SP,,Nautico,,2007-07-22,0.0,Morumbi,,13
Sao Paulo,SP,0.0,19:04,3-4-3,5767,Sao Paulo,R. Ceni,SP,,Palmeiras,4-3-2-1,2017-05-27,2.0,Morumbi,A. Stival,3
Empate,MG,0.0,20:00,3-4-2-1,8735,Flamengo,F. Luís,RJ,,Atletico-Mg,3-1-4-2,2024-11-13,0.0,Maracanã,G. Milito,33
Empate,RJ,2.0,16:00,,646,Goias,,GO,,Flamengo,,2004-05-30,2.0,Serra Dourada,,8
Sao Paulo,SP,4.0,22:00,4-1-2-1-2,5104,Vasco,C. Juarez Roth,RJ,,Sao Paulo,4-2-3-1,2015-07-08,0.0,Estádio Nacional De Brasília,J. Osorio,12
Santos,SP,4.0,21:45,4-2-3-1,5461,Fluminense,L. Culpi,RJ,,Santos,4-2-2-2,2016-06-22,2.0,Kléber Andrade,D. Silvestre Júnior,10
Empate,CE,0.0,18:10,,1638,Figueirense,,SC,,Fortaleza,,2006-05-27,0.0,Orlando Scarpelli,,8
Santos,RS,1.0,18:00,,120,Santos,,SP,,Internacional,,2003-05-25,2.0,Vila Belmiro,,10
Empate,SP,1.0,21:50,,2982,Fluminense,,RJ,,Corinthians,,2009-10-07,1.0,Maracanã,,28
Atletico-Mg,SC,0.0,10:59,4-2-3-1,5070,Atletico-Mg,L. Culpi,MG,,Joinville,4-2-3-1,2015-06-28,1.0,Mineirão,A. Batista,9
Athletico-Pr,RJ,0.0,17:00,,3075,Athletico-Pr,,PR,,Botafogo-Rj,,2009-11-29,2.0,Arena Da Baixada,,37
Empate,RS,1.0,17:31,4-2-3-1,8927,Vasco,F. Diniz,RJ,,Gremio,4-2-3-1,2025-07-19,1.0,"Estádio São Januário, Rio De Janeiro",L. Castro,15
Sao Paulo,RJ,0.0,22:00,,3281,Sao Paulo,,SP,,Flamengo,,2010-08-09,2.0,Morumbi,,20
Gremio,PR,0.0,18:10,,2149,Gremio,,RS,,Parana,,2007-08-18,2.0,Olímpico,,20
Santos,BA,0.0,15:59,4-2-3-1,6326,Santos,A. Stival,SP,,Bahia,4-2-3-1,2018-08-25,2.0,Estádio Urbano Caldeira,E. Alves Moreira,21
Empate,MG,1.0,17:00,,4973,Chapecoense,,SC,,Cruzeiro,,2014-11-30,1.0,Arena Condá,M. De Oliveira Santos,37
Botafogo-Rj,RJ,4.0,20:00,4-3-3,8609,Atletico-Go,,GO,,Botafogo-Rj,4-4-2,2024-03-08,1.0,Estádio Antônio Accioly - Atlético Goianiense,A. Torres Gomes Araújo Amorim,21
Santos,SP,2.0,16:00,,134,Guarani,,SP,,Santos,,2003-06-07,1.0,Brinco De Ouro,,12
Juventude,RS,2.0,18:00,4-3-3,7714,Avai,E. De Souza Barroca,SC,,Juventude,4-4-2,2022-05-15,1.0,Ressacada,E. Baptista,6
Empate,SP,0.0,18:01,4-2-2-2,5325,Joinville,P. Lopes De Gusmão,SC,,Santos,4-2-3-1,2015-11-08,0.0,Arena Joinville,D. Silvestre Júnior,34
Corinthians,SP,4.0,11:00,4-2-3-1,6138,Parana,,PR,,Corinthians,4-2-4-0,2018-04-22,0.0,Vila Capanema,F. Carille,2
Empate,SP,1.0,22:00,,2560,Atletico-Mg,,MG,,Sao Paulo,,2008-09-03,1.0,Mineirão,,24
Parana,BA,1.0,16:00,,62,Parana,,PR,,Bahia,,2003-04-26,3.0,Pinheirã£O,,6
Paysandu,PA,2.0,16:00,,1369,Sao Caetano,,SP,,Paysandu,,2005-09-10,1.0,Anacleto Campanella,,25
Atletico-Go,SC,1.0,19:29,4-2-3-1,5807,Atletico-Go,D. Ghidoni Junior,GO,,Avai,4-1-4-1,2017-06-14,3.0,Estã¡Dio Olã­Mpico Pedro Ludovico Teixeira,C. Dos Santos Oliveira,7
Ipatinga,RS,0.0,18:10,,2468,Ipatinga,,MG,,Internacional,,2008-07-26,1.0,Ipatingão,,15
Palmeiras,SP,1.0,16:00,,680,Palmeiras,,SP,,Sao Paulo,,2004-06-27,2.0,Pacaembu,,11
Empate,SP,1.0,19:00,4-2-3-1,6773,Athletico-Pr,T. Retzalff Nunes,PR,,Palmeiras,4-2-3-1,2019-10-20,1.0,Estádio Joaquim Américo Guimarães,L. Venker De Menezes,27
Empate,PA,1.0,20:30,,742,Coritiba,,PR,,Paysandu,,2004-07-17,1.0,Couto Pereira,,16
Empate,MG,1.0,19:31,4-2-3-1,5308,Avai,G. Kleina,SC,,Cruzeiro,4-3-3,2015-10-31,1.0,Ressacada,L. Venker De Menezes,33
Atletico-Mg,CE,1.0,19:01,4-1-4-1,6722,Atletico-Mg,R. Marques Santana,MG,,Ceara,4-2-3-1,2019-09-29,2.0,Estádio Raimundo Sampaio,E. Alves Moreira,22
Empate,MG,2.0,18:00,,3644,Athletico-Pr,,PR,,America-Mg,,2011-08-21,2.0,Arena Da Baixada,,18
Goias,GO,2.0,20:30,,445,Ponte Preta,,SP,,Goias,,2003-10-22,0.0,Moisés Lucarelli,,38
Gremio,SP,1.0,16:01,3-4-2-1,8112,Gremio,Renato Gaúcho,RS,,Sao Paulo,3-4-2-1,2023-06-04,2.0,Arena Do Grêmio,D. Silvestre Júnior,9
Palmeiras,SC,0.0,19:32,,4664,Palmeiras,A. Valentim Do Carmo Neto,SP,,Figueirense,,2014-05-22,1.0,Estádio Doutor Adhemar De Barros,A. Ferreira,6
Botafogo-Rj,RJ,2.0,16:00,,1874,Ponte Preta,,SP,,Botafogo-Rj,,2006-10-28,1.0,Moisã©S Lucarelli,,31
Bahia,PE,0.0,19:29,4-2-3-1,6346,Bahia,E. Alves Moreira,BA,,Sport,4-4-2,2018-09-05,2.0,Itaipava Arena Fonte Nova,E. Baptista,23
Empate,GO,1.0,20:30,,2597,Fluminense,,RJ,,Goias,,2008-10-01,1.0,Maracanã,,28
Sao Caetano,PE,0.0,16:00,,1718,Sao Caetano,,SP,,Santa Cruz,,2006-08-12,2.0,Anacleto Campanella,,16
Avai,RJ,0.0,18:30,,2916,Avai,,SC,,Flamengo,,2009-08-23,3.0,Ressacada,,21
Vitoria,PR,0.0,18:30,,2845,Vitoria,,BA,,Coritiba,,2009-07-26,1.0,Barradão,,14
Ponte Preta,SP,1.0,21:00,,4029,Ponte Preta,,SP,,Portuguesa,,2012-08-25,2.0,Moisés  Lucarelli,,19
Empate,BA,2.0,11:01,4-2-3-1,5489,Cruzeiro,P. Gomes Bento,MG,,Vitoria,3-4-3,2016-07-03,2.0,Mineirão,V. Carmo Mancini,13
Empate,RJ,1.0,19:01,4-2-3-1,8575,Internacional,,RS,,Flamengo,4-2-3-1,2024-10-30,1.0,Estádio Beira-Rio,F. Luís,17
Fortaleza,SP,0.0,20:29,4-2-3-1,8010,Fortaleza,J. Vojvoda,CE,,Bragantino,4-2-3-1,2022-11-09,6.0,Arena Castelão,M. Nogueira Barbieri,37
Palmeiras,SP,2.0,16:00,4-2-3-1,8122,Sao Paulo,D. Silvestre Júnior,SP,,Palmeiras,4-2-3-1,2023-06-11,0.0,Morumbi,A. Moreira Ferreira,10
Sao Caetano,SP,1.0,20:30,,492,Guarani,,SP,,Sao Caetano,,2003-11-06,0.0,Brinco De Ouro,,41
Gremio,PA,0.0,18:00,,494,Gremio,,RS,,Paysandu,,2003-11-08,2.0,Olímpico,,42
Fluminense,RS,0.0,18:00,,691,Fluminense,,RJ,,Gremio,,2004-07-03,2.0,Maracanã,,12
Internacional,RS,2.0,17:00,,3822,Botafogo-Rj,,RJ,,Internacional,,2011-11-20,1.0,Engenhão,,36
Ponte Preta,RJ,0.0,16:00,,1912,Ponte Preta,,SP,,Flamengo,,2006-11-12,3.0,Moisés Lucarelli,,35
Figueirense,SP,0.0,20:30,,1016,Figueirense,,SC,,Sao Paulo,,2004-10-30,1.0,Orlando Scarpelli,,39
Bahia,BA,2.0,20:00,4-5-1,6723,Avai,A. Valentim Do Carmo Neto,SC,,Bahia,4-3-3,2019-09-30,0.0,Ressacada,R. Machado Marques,22
Atletico-Mg,MG,1.0,18:10,,1994,Sao Paulo,,SP,,Atletico-Mg,,2007-06-10,0.0,Morumbi,,5
Fluminense,SP,2.0,11:00,4-2-3-1,5748,Fluminense,A. Da Silva Braga,RJ,,Santos,4-2-3-1,2017-05-14,3.0,Maracanã,D. Silvestre Júnior,1
Botafogo-Rj,PR,0.0,16:00,,3759,Botafogo-Rj,,RJ,,Athletico-Pr,,2011-10-16,2.0,Engenhão,,30
Sao Paulo,MG,1.0,18:10,,2367,Sao Paulo,,SP,,Atletico-Mg,,2008-06-07,5.0,Morumbi,,5
Corinthians,GO,0.0,19:30,4-1-4-1,5285,Corinthians,A. Bacchi,SP,,Goias,4-4-2,2015-10-15,3.0,Neo Química Arena,,30
Empate,SP,0.0,18:30,,4375,Bahia,,BA,,Santos,,2013-08-18,0.0,Fonte Nova,,15
Empate,RJ,1.0,16:01,4-3-3,6858,Avai,E. Spinassé Camillato,SC,,Fluminense,4-4-1-1,2019-12-01,1.0,Ressacada,M. De Oliveira,36
Fluminense,PR,1.0,21:00,4-4-2,8368,Fluminense,F. Diniz Silva,RJ,,Coritiba,4-4-2,2023-11-25,2.0,Maracanã,T. Kosloski,35
Internacional,SC,0.0,16:00,,1372,Internacional,,RS,,Figueirense,,2005-09-11,3.0,Beira Rio,,25
Vitoria,BA,1.0,20:00,4-2-3-1,5964,Coritiba,M. De Oliveira Santos,PR,,Vitoria,4-2-3-1,2017-08-28,0.0,Couto Pereira,V. Carmo Mancini,22
Sao Caetano,SP,0.0,21:45,,1527,Sao Caetano,,SP,,Corinthians,,2005-11-16,1.0,Anacleto Campanella,,39
Athletico-Pr,PR,2.0,19:30,,1337,Ponte Preta,,SP,,Athletico-Pr,,2005-08-24,0.0,Moisés Lucarelli,,22
Empate,PR,1.0,21:00,4-2-3-1,8299,Botafogo-Rj,L. Flávio,RJ,,Athletico-Pr,3-4-2-1,2023-10-22,1.0,Estádio Nilton Santos,W. Carvalho,28
Vasco,RJ,0.0,20:30,4-1-4-1,7173,Vasco,V. Luxemburgo Da Silva,RJ,,Botafogo-Rj,4-2-3-1,2021-01-10,3.0,Estádio Vasco Da Gama,E. De Souza Barroca,29
Corinthians,SP,1.0,16:00,,1552,Corinthians,,SP,,Ponte Preta,,2005-11-27,3.0,Pacaembu,,41
Ceara,PE,0.0,19:33,4-2-3-1,6246,Ceara,L. Cirne Lima De Lorenzi,CE,,Sport,4-2-3-1,2018-07-18,1.0,Estádio Presidente Vargas,C. Dos Santos Oliveira,13
Botafogo-Rj,RS,1.0,16:00,4-3-3,5556,Botafogo-Rj,J. Ribeiro Ventura,RJ,,Gremio,4-3-3,2016-09-04,2.0,Luso-Brasileiro,,19
Empate,RS,2.0,16:00,,1347,Athletico-Pr,,PR,,Juventude,,2005-08-27,2.0,Arena Da Baixada,,23
Empate,BA,1.0,16:00,,3902,Figueirense,,SC,,Bahia,,2012-06-24,1.0,Orlando Scarpelli,,6
Internacional,RS,0.0,16:00,,3011,Internacional,,RS,,Gremio,,2009-10-25,1.0,Beira Rio,,31
Sao Paulo,RS,0.0,22:01,4-2-3-1,5042,Sao Paulo,J. Osorio,SP,,Gremio,4-2-3-1,2015-06-06,2.0,Morumbi,R. Machado Marques,6
Empate,BA,2.0,20:30,3-4-3,8815,Atletico-Mg,J. Sampaoli,MG,603066.13,Vitoria,4-3-3,2025-04-13,2.0,"Arena Mrv, Belo Horizonte",J. Ventura,3
Empate,SP,1.0,16:00,,2252,Fluminense,,RJ,,Sao Paulo,,2007-10-13,1.0,Maracanã£,,31
Ceara,AL,0.0,16:00,4-2-3-1,6513,Ceara,E. Alves Moreira,CE,,Csa,4-2-3-1,2019-04-28,4.0,Arena Castelão,M. Ribeiro Cabo,1
Corinthians,SP,1.0,21:58,4-4-1-1,5041,Joinville,A. Batista,SC,,Corinthians,4-2-3-1,2015-06-06,0.0,Arena Joinville,A. Bacchi,6
Gremio,PE,0.0,18:10,,2347,Gremio,,RS,,Nautico,,2008-05-24,2.0,Olã­Mpico,,3
Fluminense,RJ,2.0,20:32,4-2-3-1,8895,Internacional,R. Díaz,RS,701434.0,Fluminense,4-2-3-1,2025-06-01,0.0,"Estádio Beira-Rio, Porto Alegre",L. Luis Zubeldia,11
Sport,RS,1.0,18:30,,2785,Sport,,PE,,Gremio,,2009-06-28,3.0,Ilha Do Retiro,,8
Athletico-Pr,SC,0.0,11:02,4-2-3-1,5120,Athletico-Pr,M. Mendes,PR,,Chapecoense,4-3-2-1,2015-07-19,1.0,Estádio Joaquim Américo Guimarães,V. Eutrópio,14
Gremio,RS,2.0,18:15,4-2-3-1,7531,Gremio,V. Carmo Mancini,RS,,Juventude,4-3-3,2021-10-17,3.0,Arena Do Grêmio,M. Dos Santos Gonçalves,27
Ponte Preta,SC,0.0,18:32,4-2-3-1,5558,Ponte Preta,E. Baptista,SP,,Figueirense,4-2-3-1,2016-08-13,2.0,Moisés Lucarelli,A. Fucks,20
Botafogo-Rj,RJ,2.0,16:00,4-2-3-1,5600,Cruzeiro,L. Venker De Menezes,MG,,Botafogo-Rj,4-3-1-2,2016-09-11,0.0,Mineirão,J. Ribeiro Ventura,24
Sao Paulo,SP,1.0,11:58,4-2-3-1,6635,Athletico-Pr,T. Retzalff Nunes,PR,,Sao Paulo,4-2-3-1,2019-08-21,0.0,Estádio Joaquim Américo Guimarães,A. Stival,13
Empate,RS,0.0,16:00,,151,Gremio,,RS,,Internacional,,2003-06-15,0.0,Olímpico,,13
Sport,GO,0.0,18:30,,2805,Sport,,PE,,Goias,,2009-07-12,1.0,Ilha Do Retiro,,10
Empate,RJ,2.0,18:59,4-3-3,5854,Coritiba,E. Pacheco,PR,,Vasco,,2017-07-02,2.0,Vila Capanema,M. Mendes,11
Empate,SP,1.0,21:50,,3753,Flamengo,,RJ,,Palmeiras,,2011-10-12,,Engenhã£O,,29
Chapecoense,SC,2.0,19:29,4-2-3-1,5614,Fluminense,L. Culpi,RJ,,Chapecoense,4-1-4-1,2016-09-15,1.0,Estádio Giulite Coutinho,L. Saroli Caio Júnior,25
Nautico,SP,0.0,16:00,,2260,Nautico,,PE,,Corinthians,,2007-10-21,1.0,Aflitos,,32
Sao Paulo,SP,0.0,21:00,,4019,Sao Paulo,,SP,,Ponte Preta,,2012-08-18,3.0,Morumbi,,18
Vitoria,MG,2.0,18:30,4-1-4-1,8503,Vitoria,T. Carpini Barbosa,BA,,Atletico-Mg,3-4-2-1,2024-06-20,4.0,Barradão,G. Milito,10
Bahia,MG,1.0,21:02,4-3-3,8909,Bahia,R. Ceni,BA,980191.0,Atletico-Mg,4-2-2-2,2025-07-12,2.0,"Arena Fonte Nova, Salvador",J. Sampaoli,13
Internacional,GO,0.0,19:30,,2427,Internacional,,RS,,Goias,,2008-07-09,1.0,Beira Rio,,10
Empate,RS,0.0,16:00,4-3-3,8181,Bragantino,P. Faria Caixinha,SP,,Internacional,4-2-3-1,2023-07-23,0.0,Nabizão,E. Coudet,16
Empate,SP,1.0,18:30,,3857,Atletico-Go,,GO,,Ponte Preta,,2012-05-26,1.0,Serra Dourada,,2
Athletico-Pr,PA,0.0,16:00,,860,Athletico-Pr,,PR,,Paysandu,,2004-08-22,2.0,Arena Da Baixada,,26
Bragantino,GO,0.0,18:29,3-2-4-1,8144,Bragantino,P. Faria Caixinha,SP,,Goias,4-5-1,2023-06-25,2.0,Nabizão,A. Evangelista Macedo Freitas,12
Ceara,MT,0.0,20:31,4-2-3-1,7583,Ceara,T. Retzalff Nunes,CE,,Cuiaba,4-4-2,2021-11-07,1.0,Arena Castelão,J. De Amorim Campos,30
Flamengo,GO,0.0,20:00,4-2-3-1,8070,Flamengo,J. Sampaoli Moya,RJ,,Goias,4-2-3-1,2023-05-10,2.0,Maracanã,E. Rodrigues De Ávila,5
Empate,RJ,2.0,20:30,4-2-3-1,7293,Bragantino,M. Nogueira Barbieri,SP,,Fluminense,4-2-3-1,2021-06-13,2.0,Nabizão,R. Machado Marques,3
Flamengo,PE,0.0,16:00,,4750,Flamengo,V. Luxemburgo Da Silva,RJ,,Sport,,2014-08-10,1.0,Maracanã,E. Baptista,14
Vitoria,BA,2.0,18:59,4-2-3-1,8596,Palmeiras,A. Moreira Ferreira,SP,,Vitoria,4-1-4-1,2024-07-27,0.0,Allianz Parque,T. Carpini Barbosa,20
Gremio,RS,1.0,16:00,,4463,Sao Paulo,,SP,,Gremio,,2013-09-29,0.0,Morumbi,,24
Atletico-Mg,PE,0.0,20:59,4-2-2-2,5529,Atletico-Mg,M. De Oliveira Santos,MG,,Santa Cruz,4-2-3-1,2016-07-30,3.0,Estádio Raimundo Sampaio,M. Mendes,17
Corinthians,PR,0.0,16:00,,1375,Corinthians,,SP,,Athletico-Pr,,2005-09-11,2.0,Pacaembu,,25
Botafogo-Rj,RJ,5.0,16:00,,1782,Athletico-Pr,,PR,,Botafogo-Rj,,2006-09-03,0.0,Kyocera Arena,,22
Sport,PR,0.0,16:00,4-2-3-1,5848,Sport,V. Luxemburgo Da Silva,PE,,Athletico-Pr,4-5-1,2017-07-02,1.0,Adelmar Da Costa Carvalho,E. Baptista,11
Sao Paulo,SC,0.0,19:00,4-2-3-1,6324,Sao Paulo,D. Aguirre Camblor,SP,,Chapecoense,4-1-4-1,2018-08-19,2.0,Morumbi,A. Ferreira,19
Parana,PR,1.0,16:00,,1821,Figueirense,,SC,,Parana,,2006-09-24,0.0,Orlando Scarpelli,,26
Fortaleza,MG,0.0,18:00,3-4-3,7772,Fortaleza,J. Vojvoda,CE,,America-Mg,4-1-4-1,2022-06-19,1.0,Arena Castelão,V. Carmo Mancini,13
Gremio,RS,3.0,19:30,,4947,Criciuma,A. Cecílio Sobrinho,SC,,Gremio,,2014-11-15,0.0,Estádio Heriberto Hülse,L. Scolari,34
Gremio,MG,0.0,17:00,,2705,Gremio,,RS,,Atletico-Mg,,2008-12-07,2.0,Olímpico,,38
Gremio,SP,0.0,21:01,4-2-3-1,5286,Gremio,R. Machado Marques,RS,,Santos,4-2-3-1,2015-10-15,1.0,Arena Do Grêmio,D. Silvestre Júnior,30
Vitoria,PR,0.0,16:00,,176,Vitoria,,BA,,Athletico-Pr,,2003-06-29,1.0,Barradão,,15
Goias,PR,0.0,19:30,,2108,Goias,,GO,,Parana,,2007-08-01,2.0,Serra Dourada,,16
Criciuma,SC,2.0,19:00,4-3-3,8497,Atletico-Go,J. Ribeiro Ventura,GO,,Criciuma,4-4-2,2024-06-19,1.0,Estádio  Antônio  Accioly  -  Atlético  Goianiense,C. Tencati,10
Gremio,BA,0.0,16:00,,3492,Gremio,,RS,,Bahia,,2011-06-05,2.0,Olã­Mpico,,3
Vasco,RJ,1.0,16:00,,1921,Sao Caetano,,SP,,Vasco,,2006-11-19,0.0,Anacleto Campanella,,36
Coritiba,PR,1.0,16:00,,82,Coritiba,,PR,,Parana,,2003-05-04,2.0,Couto Pereira,,7
Empate,MG,1.0,21:32,3-4-3,9062,Atletico-Mg,J. Sampaoli,MG,2061423.29,Cruzeiro,4-2-3-1,2025-10-15,1.0,"Arena Mrv, Belo Horizonte",T. Tite,28
Portuguesa,SP,1.0,21:00,,4400,Portuguesa,,SP,,Ponte Preta,,2013-09-04,2.0,Canindé,,18
Empate,PR,2.0,15:24,4-2-3-1,6743,Corinthians,F. Carille,SP,,Athletico-Pr,4-3-3,2019-10-10,2.0,Neo Química Arena,T. Retzalff Nunes,24
Empate,SP,2.0,15:58,4-2-3-1,5573,Palmeiras,A. Stival,SP,,Ponte Preta,4-2-3-1,2016-08-21,2.0,Allianz Parque,E. Baptista,21
Empate,SP,1.0,21:40,,284,Cruzeiro,,MG,,Sao Paulo,,2003-08-06,1.0,Mineirão,,24
Empate,RS,1.0,16:20,,4121,Santos,,SP,,Internacional,,2012-10-06,1.0,Vila Belmiro,,28
Gremio,CE,0.0,11:00,4-2-3-1,7460,Gremio,L. Scolari,RS,,Ceara,4-2-3-1,2021-09-12,2.0,Arena Do Grêmio,T. Retzalff Nunes,20
Vitoria,RJ,1.0,18:00,,611,Vitoria,,BA,,Flamengo,,2004-05-09,5.0,Barradão,,5
Empate,MG,1.0,21:00,,2816,Botafogo-Rj,,RJ,,Cruzeiro,,2009-08-27,1.0,Engenhão,,11
Santa Cruz,SP,2.0,20:30,,1816,Santa Cruz,,PE,,Palmeiras,,2006-09-21,3.0,Arruda,,25
Empate,RS,1.0,16:00,,1276,Ponte Preta,,SP,,Internacional,,2005-07-31,1.0,Moisés Lucarelli,,16
Ponte Preta,SP,2.0,19:00,4-2-3-1,5902,Athletico-Pr,,PR,,Ponte Preta,4-2-3-1,2017-07-23,0.0,Estádio Joaquim Américo Guimarães,G. Kleina,16
Bragantino,RS,0.0,19:00,4-2-3-1,7844,Bragantino,M. Nogueira Barbieri,SP,,Juventude,4-1-4-1,2022-07-31,1.0,Nabizão,U. Louzer Filho,20
Sao Paulo,SP,3.0,18:59,4-4-2,7090,Fortaleza,M. Oliveira Chamusca,CE,,Sao Paulo,4-3-3,2020-11-14,2.0,Arena Castelão,F. Diniz Silva,21
Fortaleza,CE,2.0,16:00,4-3-3,7732,Flamengo,P. Carvalho De Sousa,RJ,,Fortaleza,3-4-2-1,2022-06-05,1.0,Maracanã,J. Vojvoda,9
Empate,RJ,0.0,21:50,,2643,Vitoria,,BA,,Flamengo,,2008-10-29,0.0,Barradão,,32
Atletico-Mg,SP,0.0,21:30,4-4-2,7263,Atletico-Mg,J. Desio,MG,,Palmeiras,4-1-3-2,2021-02-25,2.0,Mineirão,A. Moreira Ferreira,38
Palmeiras,RJ,0.0,21:45,,2306,Palmeiras,,SP,,Fluminense,,2007-11-14,1.0,Parque Antártica,,36
Vasco,RJ,2.0,16:04,4-3-3,8783,Cuiaba,B. Franco,MT,,Vasco,4-3-2-1,2024-12-08,1.0,Arena Pantanal,,38
Empate,RS,0.0,19:31,4-2-3-1,6239,Sport,C. Dos Santos Oliveira,PE,,Gremio,4-2-3-1,2018-06-13,0.0,Adelmar Da Costa Carvalho,Renato Gaúcho,12
Ponte Preta,RS,0.0,19:30,,4196,Ponte Preta,,SP,,Internacional,,2012-11-11,1.0,Moisés Lucarelli,,35
Palmeiras,SP,1.0,18:30,4-2-3-1,5565,Athletico-Pr,P. Autuori De Mello,PR,,Palmeiras,4-2-4-0,2016-08-14,0.0,Estádio Joaquim Américo Guimarães,A. Stival,20
Figueirense,SP,0.0,22:00,,4852,Figueirense,A. Fucks,SC,,Corinthians,,2014-09-24,1.0,Orlando Scarpelli,L. Venker De Menezes,24
Empate,MT,1.0,18:32,3-4-1-2,8118,Corinthians,V. Luxemburgo Da Silva,SP,,Cuiaba,4-2-3-1,2023-06-10,1.0,Neo Química Arena,A. Cardoso De Oliveira,10
Ponte Preta,MG,0.0,21:00,,4169,Ponte Preta,,SP,,Cruzeiro,,2012-10-25,1.0,Moisés Lucarelli,,33
Fluminense,RJ,1.0,16:00,,3850,Corinthians,,SP,,Fluminense,,2012-05-20,0.0,Pacaembu,,1
America-Mg,BA,2.0,18:30,4-1-4-1,8391,America-Mg,D. Giacomini,MG,,Bahia,3-5-2,2023-12-03,3.0,Estádio Raimundo Sampaio,R. Ceni,37
Avai,SP,1.0,16:02,4-3-1-2,5254,Avai,G. Kleina,SC,,Sao Paulo,4-1-4-1,2015-09-20,2.0,Ressacada,J. Osorio,27
Palmeiras,SP,1.0,19:02,4-3-3,7857,Corinthians,V. De Oliveira Lopes Pereira,SP,,Palmeiras,4-2-3-1,2022-08-13,0.0,Neo Química Arena,A. Moreira Ferreira,22
Santos,MG,0.0,16:02,4-2-3-1,5534,Santos,D. Silvestre Júnior,SP,,Cruzeiro,4-2-3-1,2016-07-31,2.0,Estádio Urbano Caldeira,L. Venker De Menezes,17
Empate,MG,1.0,18:10,,2415,Sao Paulo,,SP,,Ipatinga,,2008-07-06,1.0,Morumbi,,9
Corinthians,RS,0.0,21:00,,3557,Corinthians,,SP,,Internacional,,2011-07-14,,Pacaembu,,12
Santos,SC,0.0,18:29,,4694,Santos,O. De Oliveira Filho,SP,,Criciuma,,2014-06-01,2.0,Primeiro De Maio São Bernardo Do Campo,W. Lopes,9
Santos,SP,1.0,21:00,,4499,Santos,,SP,,Ponte Preta,,2013-10-12,2.0,Pacaembu,,28
Nautico,PE,3.0,18:10,,2207,Goias,,GO,,Nautico,,2007-09-15,0.0,Serra Dourada,,26
Figueirense,SP,1.0,19:32,4-1-2-1-2,5044,Figueirense,A. Fucks,SC,,Palmeiras,4-2-3-1,2015-06-07,2.0,Orlando Scarpelli,O. De Oliveira Filho,6
Sao Paulo,SP,3.0,16:00,,2601,Ipatinga,,MG,,Sao Paulo,,2008-10-04,1.0,Ipatingão,,28
Vasco,RJ,0.0,18:10,,1519,Vasco,,RJ,,Fluminense,,2005-11-13,2.0,São Januário,,38
Corinthians,GO,2.0,19:30,,4775,Corinthians,L. Venker De Menezes,SP,,Goias,,2014-08-21,5.0,Neo Quã­Mica Arena,S. Drubscky De Campos,16
Empate,RS,3.0,18:30,,3369,Vasco,,RJ,,Gremio,,2010-10-09,3.0,São Januário,,29
Empate,RJ,1.0,19:00,4-4-2,6560,Fortaleza,R. Ceni,CE,,Vasco,4-2-3-1,2019-05-26,1.0,Arena Castelão,V. Luxemburgo Da Silva,6
Gremio,SC,0.0,16:00,4-2-3-1,5635,Gremio,Renato Gaúcho,RS,,Chapecoense,4-1-4-1,2016-09-25,1.0,Arena Do Grêmio,L. Saroli Caio Júnior,27
Atletico-Mg,PR,0.0,16:04,4-3-3,8781,Atletico-Mg,L. Gonçalves,MG,,Athletico-Pr,4-3-2-1,2024-12-08,1.0,Arena Mrv,L. González,38
Fluminense,BA,1.0,18:10,,2425,Fluminense,,RJ,,Vitoria,,2008-07-12,2.0,Maracanã,,11
Empate,RS,1.0,16:00,4-2-3-1,8267,Fortaleza,J. Vojvoda,CE,,Gremio,4-3-3,2023-09-30,1.0,Arena Castelão,Renato Gaúcho,25
Sao Paulo,SP,1.0,17:00,,4521,Bahia,,BA,,Sao Paulo,,2013-10-20,0.0,Fonte Nova,,30
Botafogo-Rj,RJ,0.0,16:00,4-3-1-2,5589,Botafogo-Rj,J. Ribeiro Ventura,RJ,,Fluminense,4-2-3-1,2016-09-07,1.0,Luso-Brasileiro,L. Culpi,23
Sao Paulo,MG,1.0,18:30,,3548,Sao Paulo,,SP,,Cruzeiro,,2011-07-09,2.0,Morumbi,,9
Empate,RJ,2.0,16:00,4-2-3-1,5972,Vitoria,V. Carmo Mancini,BA,,Fluminense,4-3-2-1,2017-09-10,2.0,Barradão,A. Da Silva Braga,23
Flamengo,RJ,2.0,16:02,4-1-4-1,5532,Coritiba,E. Pacheco,PR,,Flamengo,4-2-3-1,2016-07-31,0.0,Couto Pereira,,17
Internacional,MG,0.0,19:30,4-2-3-1,5445,Internacional,A. Fucks,RS,,Atletico-Mg,4-2-3-1,2016-06-16,2.0,Estádio José Pinheiro Borda,M. De Oliveira Santos,8
Juventude,MG,0.0,17:00,,518,Juventude,,RS,,Atletico-Mg,,2003-11-29,1.0,Alfredo Jaconi,,44
Gremio,SP,0.0,19:31,4-2-3-1,6088,Gremio,Renato Gaúcho,RS,,Sao Paulo,4-1-4-1,2017-11-15,1.0,Arena Do Grêmio,D. Silvestre Júnior,35
Goias,BA,3.0,16:02,4-2-3-1,6830,Goias,N. Da Silveira Júnior,GO,,Bahia,4-4-2,2019-11-24,4.0,Estã¡Dio Do Governo Do Estado De Goiã¡S (Serra Dourada),R. Machado Marques,34
Corinthians,MT,0.0,21:01,4-1-4-1,7933,Corinthians,V. De Oliveira Lopes Pereira,SP,,Cuiaba,5-4-1,2022-10-01,2.0,Neo Química Arena,A. Cardoso De Oliveira,29
Parana,PR,1.0,20:30,,1427,Atletico-Mg,,MG,,Parana,,2005-10-04,0.0,Mineirão,,30
Empate,SP,2.0,18:30,,2755,Goias,,GO,,Barueri,,2009-06-07,2.0,Serra Dourada,,5
Internacional,PR,2.0,18:32,,4865,Internacional,A. Da Silva Braga,RS,,Coritiba,4-2-2-2,2014-09-28,4.0,Estádio José Pinheiro Borda,M. Dos Santos Gonçalves,25
Sao Paulo,SP,2.0,18:30,,3475,Fluminense,,RJ,,Sao Paulo,,2011-05-22,0.0,São Januário,,1
Gremio,RJ,0.0,16:00,,4310,Gremio,,RS,,Fluminense,,2013-07-28,2.0,Arena Do Grêmio,,9
Santos,RJ,0.0,20:30,,3676,Santos,,SP,,Botafogo-Rj,,2011-10-19,2.0,Vila Belmiro,,21
Fluminense,SP,0.0,19:30,4-4-1-1,6852,Fluminense,M. De Oliveira,RJ,,Palmeiras,4-2-3-1,2019-11-28,1.0,Maracanã,L. Venker De Menezes,35
Coritiba,PR,4.0,21:01,4-2-3-1,5875,Avai,C. Dos Santos Oliveira,SC,,Coritiba,4-3-3,2017-07-13,1.0,Ressacada,E. Pacheco,13
Gremio,SP,1.0,19:30,4-2-3-1,6272,Gremio,Renato Gaúcho,RS,,Sao Paulo,4-2-3-1,2018-07-26,2.0,Arena Do Grêmio,D. Aguirre Camblor,15
Bahia,RJ,0.0,16:00,4-2-3-1,6191,Bahia,A. Ferreira,BA,,Vasco,4-2-3-1,2018-05-27,3.0,Itaipava  Arena  Fonte  Nova,J. Mannarino,7
Corinthians,SP,2.0,16:00,,3472,Gremio,,RS,,Corinthians,,2011-05-22,1.0,Olímpico,,1
Fluminense,PR,1.0,20:30,,1475,Fluminense,,RJ,,Athletico-Pr,,2005-10-27,4.0,Raulino De Oliveira,,34
Coritiba,SP,1.0,22:00,4-3-2-1,4833,Coritiba,M. Dos Santos Gonçalves,PR,,Sao Paulo,4-4-2,2014-09-17,3.0,Couto Pereira,M. Ramalho,22
Gremio,RJ,0.0,19:00,4-2-3-1,6891,Gremio,Renato Gaúcho,RS,,Fluminense,4-3-3,2020-08-09,1.0,Arena Do Grêmio,O. Hellmann,1
Sao Paulo,SP,3.0,18:30,,3572,Internacional,,RS,,Sao Paulo,,2011-07-17,0.0,Beira Rio,,10
Cruzeiro,RJ,0.0,16:00,,3952,Cruzeiro,,MG,,Flamengo,,2012-07-22,1.0,Independência,,11
Atletico-Mg,MG,4.0,16:00,,49,Bahia,,BA,,Atletico-Mg,,2003-04-19,2.0,Fonte Nova,,5
Empate,RS,3.0,19:31,4-2-3-1,5438,Chapecoense,A. Ferreira,SC,,Gremio,4-2-3-1,2016-06-15,3.0,Arena Condá,R. Machado Marques,8
Goias,SP,0.0,16:00,,1933,Goias,,GO,,Ponte Preta,,2006-11-26,3.0,Serra Dourada,,37
Vasco,RJ,2.0,20:30,,888,Gremio,,RS,,Vasco,,2004-09-02,1.0,Olímpico,,28
Santos,SP,1.0,18:20,,2617,Botafogo-Rj,,RJ,,Santos,,2008-10-18,0.0,Engenhão,,30
Vasco,SC,0.0,17:00,,517,Vasco,,RJ,,Figueirense,,2003-11-29,1.0,São Januário,,44
Internacional,CE,1.0,16:00,,3169,Internacional,,RS,,Ceara,,2010-07-18,2.0,Beira Rio,,9
Gremio,RJ,1.0,16:00,,2950,Gremio,,RS,,Fluminense,,2009-09-20,5.0,Olímpico,,25
Corinthians,CE,0.0,16:00,,1436,Corinthians,,SP,,Fortaleza,,2005-10-08,3.0,Pacaembu,,31
Athletico-Pr,SP,2.0,16:00,,139,Athletico-Pr,,PR,,Ponte Preta,,2003-06-08,4.0,Arena Da Baixada,,12
Empate,SP,1.0,18:10,,1924,Cruzeiro,,MG,,Santos,,2006-11-19,1.0,Mineirão,,36
Atletico-Mg,MG,2.0,20:30,,2379,Atletico-Mg,,MG,,Ipatinga,,2008-06-12,4.0,Mineirão,,6
Fluminense,PR,1.0,18:30,,3198,Fluminense,,RJ,,Athletico-Pr,,2010-07-31,3.0,Maracanã,,12
Empate,RS,0.0,15:59,4-2-3-1,5132,Ponte Preta,,SP,,Internacional,4-2-2-2,2015-07-26,0.0,Moisés Lucarelli,,15
Vasco,SP,0.0,18:00,,112,Vasco,,RJ,,Ponte Preta,,2003-05-24,1.0,São Januário,,10
Criciuma,PR,1.0,22:00,,4560,Criciuma,,SC,,Athletico-Pr,,2013-11-13,2.0,Heriberto Hulse,,34
Santos,PR,1.0,20:30,,4596,Santos,,SP,,Athletico-Pr,,2013-12-01,2.0,Teixeirão,,37
Guarani,RJ,1.0,16:00,,3252,Guarani,,SP,,Flamengo,,2010-08-29,2.0,Brinco De Ouro,,17
Cruzeiro,RJ,0.0,16:01,,4692,Cruzeiro,M. De Oliveira Santos,MG,,Flamengo,,2014-06-01,3.0,Estádio Municipal Parque Do Sabiá,N. Da Silveira Júnior,9
Sao Paulo,PE,0.0,21:30,4-4-2,7618,Sao Paulo,R. Ceni,SP,,Sport,4-3-3,2021-11-27,2.0,Morumbi,G. Florentín,36
Bragantino,RJ,0.0,20:30,4-2-3-1,7740,Bragantino,M. Nogueira Barbieri,SP,,Flamengo,4-4-2,2022-06-08,1.0,Nabizão,P. Carvalho De Sousa,10
Empate,MG,0.0,20:30,,4547,Bahia,,BA,,Atletico-Mg,,2013-11-09,0.0,Fonte Nova,,33
Santos,BA,0.0,19:15,4-3-3,6792,Santos,J. Sampaoli Moya,SP,,Bahia,4-3-3,2019-10-31,1.0,Estádio Urbano Caldeira,R. Machado Marques,29
Goias,SP,1.0,19:30,,3280,Goias,,GO,,Guarani,,2010-09-08,3.0,Serra Dourada,,20
Empate,SP,1.0,18:30,4-2-3-1,8119,Atletico-Mg,E. Coudet,MG,,Bragantino,4-3-3,2023-06-10,1.0,Mineirão,P. Faria Caixinha,10
Bahia,RS,0.0,21:31,4-2-3-1,8290,Bahia,R. Ceni,BA,,Internacional,4-4-2,2023-10-18,1.0,Itaipava Arena Fonte Nova,E. Coudet,27
Empate,SP,0.0,16:00,,4070,Santos,,SP,,Sao Paulo,,2012-09-09,0.0,Vila Belmiro,,23
Cruzeiro,RJ,0.0,16:00,,4412,Cruzeiro,,MG,,Flamengo,,2013-09-08,1.0,Mineirã£O,,19
Santos,CE,0.0,21:03,4-3-3,6128,Santos,J. Ribeiro Ventura,SP,,Ceara,4-1-4-1,2018-04-14,2.0,Estádio Municipal Paulo Machado De Carvalho,M. Oliveira Chamusca,1
Internacional,CE,1.0,20:31,4-4-1-1,9005,Internacional,R. Díaz,RS,436123.0,Fortaleza,4-2-3-1,2025-08-31,2.0,"Estádio Beira-Rio, Porto Alegre",T. Carpini,22
Atletico-Mg,RJ,1.0,19:00,3-1-4-2,7361,Atletico-Mg,A. Stival,MG,,Flamengo,4-1-2-1-2,2021-07-07,2.0,Mineirão,R. Ceni,10
Avai,SP,2.0,16:00,,3224,Avai,,SC,,Corinthians,,2010-08-15,3.0,Ressacada,,14
Bragantino,SP,1.0,18:30,4-1-4-1,8202,Coritiba,T. Kosloski,PR,,Bragantino,4-3-3,2023-08-06,0.0,Couto Pereira,P. Faria Caixinha,18
Empate,SP,3.0,20:30,,453,Sao Paulo,,SP,,Guarani,,2003-10-23,3.0,Morumbi,,38
Athletico-Pr,RS,0.0,16:00,,3734,Athletico-Pr,,PR,,Internacional,,2011-10-02,2.0,Arena Da Baixada,,27
Gremio,CE,1.0,20:30,4-2-3-1,8922,Gremio,L. Castro,RS,802906.0,Fortaleza,4-3-3,2025-07-29,2.0,"Arena Do Grêmio, Porto Alegre",T. Carpini,14
Chapecoense,PR,1.0,18:32,4-2-3-1,4987,Chapecoense,V. Eutrópio,SC,,Coritiba,3-5-2,2015-05-09,2.0,Arena Condá,M. Dos Santos Gonçalves,1
Avai,RJ,2.0,21:50,,3665,Avai,,SC,,Flamengo,,2011-08-31,3.0,Ressacada,,20
-,SP,1.0,18:30,,2757,Sao Paulo,,SP,,Santo Andre,,2009-06-13,1.0,Morumbi,,6
Santos,SP,2.0,18:00,,660,Vitoria,,BA,,Santos,,2004-06-13,1.0,Barradão,,9
Palmeiras,RS,1.0,16:00,4-2-3-1,7830,Palmeiras,A. Moreira Ferreira,SP,,Internacional,4-1-2-1-2,2022-07-24,2.0,Allianz Parque,L. Venker De Menezes,19
Palmeiras,SP,2.0,16:00,,2491,Ipatinga,,MG,,Palmeiras,,2008-08-03,1.0,Ipatingão,,17
Empate,RS,2.0,16:01,,4619,Botafogo-Rj,V. Carmo Mancini,RJ,,Internacional,,2014-04-27,2.0,Maracanã,A. Da Silva Braga,2
Vitoria,MG,1.0,20:30,,1000,Vitoria,,BA,,Atletico-Mg,,2004-10-26,2.0,Barradão,,38
Criciuma,GO,0.0,16:00,,390,Criciuma,,SC,,Goias,,2003-09-28,1.0,Heriberto Hulse,,33
Empate,RJ,0.0,19:30,,3408,Internacional,,RS,,Fluminense,,2010-11-03,0.0,Beira Rio,,33
Internacional,PR,2.0,20:30,,1335,Internacional,,RS,,Coritiba,,2005-10-28,3.0,Beira Rio,,21
Atletico-Mg,PE,1.0,16:00,,2242,Atletico-Mg,,MG,,Sport,,2007-10-07,3.0,Mineirão,,30
Portuguesa,SP,1.0,18:20,,2387,Botafogo-Rj,,RJ,,Portuguesa,,2008-06-21,0.0,Engenhão,,7
Sao Paulo,RS,1.0,16:00,3-4-1-2,9140,Sao Paulo,H. Crespo,SP,364679.5,Juventude,3-4-2-1,2025-11-23,2.0,"Estádio Urbano Caldeira, Santos",M. Barbieri,35
Sao Caetano,RJ,0.0,16:00,,993,Sao Caetano,,SP,,Fluminense,,2004-10-24,2.0,Anacleto Campanella,,37
Ponte Preta,SP,0.0,18:30,,3924,Ponte Preta,,SP,,Palmeiras,,2012-07-08,1.0,Moisés Lucarelli,,8
Botafogo-Rj,RJ,3.0,16:00,,2973,Goias,,GO,,Botafogo-Rj,,2009-10-04,1.0,Serra Dourada,,27
Botafogo-Rj,BA,0.0,18:30,,3387,Botafogo-Rj,,RJ,,Vitoria,,2010-10-23,1.0,Engenhão,,31
Flamengo,MG,0.0,20:30,4-3-3,7956,Flamengo,D. Silvestre Júnior,RJ,,Atletico-Mg,4-2-3-1,2022-10-15,1.0,Maracanã,A. Stival,32
Empate,SP,1.0,19:00,4-2-3-1,6948,Bahia,R. Machado Marques,BA,,Palmeiras,4-2-3-1,2020-08-29,1.0,Estádio De Pituaçu,V. Luxemburgo Da Silva,6
Gremio,SP,1.0,15:58,,4780,Gremio,L. Scolari,RS,,Corinthians,,2014-08-24,2.0,Arena Do Grêmio,L. Venker De Menezes,17
Fluminense,RJ,2.0,18:10,,1299,Atletico-Mg,,MG,,Fluminense,,2005-08-07,1.0,Mineirão,,18
Internacional,PR,2.0,16:00,,1735,Internacional,,RS,,Parana,,2006-09-30,3.0,Beira Rio,,17
Empate,SC,2.0,18:30,,2877,Santos,,SP,,Avai,,2009-08-08,2.0,Vila Belmiro,,18
Sao Paulo,SP,4.0,18:30,,4174,Sport,,PE,,Sao Paulo,,2012-10-27,2.0,Ilha Do Retiro,,33
Flamengo,RS,1.0,20:30,,2536,Flamengo,,RJ,,Gremio,,2008-08-21,,Maracanã,,21
Empate,MG,3.0,16:01,3-4-1-2,9130,Juventude,M. Barbieri,RS,375690.0,Cruzeiro,4-2-3-1,2025-11-20,3.0,"Alfredo Jaconi, Caxias Do Sul",T. Tite,34
Internacional,CE,0.0,18:10,,1908,Internacional,,RS,,Fortaleza,,2006-11-11,3.0,Beira Rio,,35
Juventude,PR,0.0,16:00,,369,Juventude,,RS,,Athletico-Pr,,2003-09-21,4.0,Alfredo Jaconi,,31
Goias,RJ,0.0,18:10,,1153,Goias,,GO,,Botafogo-Rj,,2005-05-21,4.0,Serra Dourada,,5
Ceara,CE,1.0,20:29,3-4-1-2,7685,Fortaleza,J. Vojvoda,CE,,Ceara,4-3-3,2022-06-01,0.0,Arena Castelã£O,D. Silvestre Júnior,3
Coritiba,SC,0.0,16:30,4-3-3,7877,Coritiba,A. Ferreira,PR,,Avai,4-3-3,2022-08-27,1.0,Couto Pereira,E. De Souza Barroca,24
Santos,RS,0.0,16:00,3-4-1-2,7514,Santos,,SP,,Gremio,3-4-2-1,2021-10-10,1.0,Estádio Urbano Caldeira,L. Scolari,25
Palmeiras,RJ,1.0,16:00,,2150,Palmeiras,,SP,,Flamengo,NAN,2007-08-19,2.0,Parque Antártica,,20
Empate,GO,0.0,16:30,4-3-3,7506,Fluminense,M. De Oliveira,RJ,,Atletico-Go,4-4-2,2021-10-09,0.0,Maracanã,E. Do Nascimento Souza,25
Flamengo,SP,0.0,16:00,,4161,Flamengo,,RJ,,Sao Paulo,,2012-10-21,1.0,Engenhão,,32
Santos,SP,1.0,18:30,,4287,Santos,,SP,,Portuguesa,,2013-07-13,4.0,Vila Belmiro,,7
Empate,SP,1.0,19:00,4-3-3,7749,Cuiaba,A. Cardoso De Oliveira,MT,,Bragantino,,2022-06-11,1.0,Arena Pantanal,M. Nogueira Barbieri,11
Internacional,RS,3.0,11:02,4-1-4-1,6691,Atletico-Mg,R. Marques Santana,MG,,Internacional,,2019-09-15,1.0,Estádio Raimundo Sampaio,,19
Criciuma,PA,0.0,16:00,,175,Criciuma,,SC,,Paysandu,,2003-06-29,2.0,Heriberto Hulse,,15
Corinthians,SC,2.0,16:00,,1100,Corinthians,,SP,,Figueirense,,2004-12-19,5.0,Pacaembu,,46
Bragantino,PR,0.0,18:30,4-2-3-1,8087,Bragantino,P. Faria Caixinha,SP,,Athletico-Pr,4-2-3-1,2023-05-20,2.0,Nabizão,P. Turra,7
Botafogo-Rj,GO,2.0,19:30,,3409,Botafogo-Rj,,RJ,,Atletico-Go,,2010-11-03,3.0,Engenhão,,33
Empate,SP,2.0,16:00,,1539,Athletico-Pr,,PR,,Sao Caetano,,2005-11-20,2.0,Arena Da Baixada,,40
Empate,RJ,1.0,18:10,,2293,America-Rn,,RN,,Botafogo-Rj,,2007-11-04,1.0,Machadão,,35
Bahia,BA,1.0,15:59,4-2-3-1,6261,Bahia,E. Alves Moreira,BA,,Vitoria,4-2-3-1,2018-07-22,4.0,Itaipava Arena Fonte Nova,V. Carmo Mancini,14
Palmeiras,SP,3.0,16:00,,1374,Parana,,PR,,Palmeiras,,2005-09-11,1.0,Willie Davids,,25
-,BA,2.0,16:00,4-3-1-2,6970,Internacional,E. Coudet,RS,,Bahia,4-1-2-1-2,2020-09-06,2.0,Estádio José Pinheiro Borda,C. Prates,8
Vasco,RJ,1.0,11:02,4-1-4-1,6606,Vasco,,RJ,,Fluminense,4-2-3-1,2019-07-20,2.0,Estádio Vasco Da Gama,F. Diniz Silva,11
Vasco,RJ,2.0,16:00,4-2-3-1,5261,Flamengo,,RJ,,Vasco,4-1-2-1-2,2015-09-27,1.0,Maracanã,J. De Amorim Campos,28
Csa,SP,1.0,21:32,4-2-3-1,6791,Csa,A. Fucks,AL,,Corinthians,4-1-4-1,2019-10-30,2.0,Estádio Rei Pelé,F. Carille,29
Flamengo,GO,1.0,17:59,,6945,Flamengo,D. Torrent Font,RJ,,Goias,4-3-3,2020-10-13,2.0,Maracanã,E. Alves Moreira,11
Paysandu,BA,2.0,16:00,,681,Paysandu,,PA,,Vitoria,,2004-06-27,4.0,Mangueirão,,11
Fortaleza,CE,2.0,16:00,,1217,Paysandu,,PA,,Fortaleza,NAN,2005-07-09,1.0,Mangueirão,,11
Gremio,SP,0.0,20:00,4-2-3-1,7613,Gremio,V. Carmo Mancini,RS,,Sao Paulo,4-5-1,2021-12-02,3.0,Arena Do Grêmio,R. Ceni,35
Empate,MG,0.0,20:30,,3666,Bahia,,BA,,America-Mg,,2011-09-01,0.0,Pituaçu,,20
Ponte Preta,SC,0.0,16:00,,1662,Ponte Preta,,SP,,Figueirense,,2006-06-04,3.0,Moisés Lucarelli,,10
Flamengo,SC,0.0,18:00,,509,Flamengo,,RJ,,Criciuma,,2003-11-22,1.0,Maracanã,,43
Fluminense,SP,2.0,18:00,,167,Fluminense,,RJ,,Guarani,,2003-06-22,5.0,Maracanã,,14
Empate,RJ,0.0,16:32,4-2-3-1,5498,Coritiba,E. Pacheco,PR,,Botafogo-Rj,4-2-3-1,2016-07-09,0.0,Couto Pereira,R. Gomes Raymundo,14
Goias,SP,0.0,21:30,4-3-3,8289,Goias,A. Evangelista Macedo Freitas,GO,,Sao Paulo,4-2-3-1,2023-10-18,2.0,Estádio Hailé Pinheiro - Serrinha,D. Silvestre Júnior,27
Empate,SP,1.0,21:50,,1007,Criciuma,,SC,,Corinthians,,2004-10-27,1.0,Heriberto Hulse,,38
Palmeiras,RJ,1.0,18:10,,1915,Palmeiras,,SP,,Botafogo-Rj,,2006-11-12,2.0,Parque Antártica,,35
Santos,SC,1.0,18:30,,3495,Santos,,SP,,Avai,,2011-06-05,3.0,Vila Belmiro,,3
Cruzeiro,SC,0.0,18:59,4-2-3-1,6423,Cruzeiro,L. Venker De Menezes,MG,,Chapecoense,4-1-4-1,2018-10-21,3.0,Estã¡Dio Raimundo Sampaio,C. Dos Santos Oliveira,30
Corinthians,SP,1.0,15:59,,4993,Cruzeiro,M. De Oliveira Santos,MG,,Corinthians,4-2-3-1,2015-05-10,0.0,Arena Pantanal,A. Bacchi,1
Empate,PE,1.0,18:20,,2537,Fluminense,,RJ,,Sport,,2008-08-23,1.0,Maracanã,,22
Goias,GO,2.0,16:00,,1105,Parana,,PR,,Goias,,2005-04-23,0.0,Pinheirão,,1
Cruzeiro,MG,3.0,21:00,,3876,Botafogo-Rj,,RJ,,Cruzeiro,,2012-06-07,2.0,Engenhão,,3
America-Mg,SP,1.0,21:30,4-2-3-1,7503,America-Mg,V. Carmo Mancini,MG,,Palmeiras,3-4-2-1,2021-10-06,2.0,Estádio Raimundo Sampaio,A. Moreira Ferreira,24
Sao Paulo,PR,2.0,20:30,,1755,Sao Paulo,,SP,,Parana,,2006-08-24,3.0,Morumbi,,19
Gremio,RJ,0.0,17:00,4-2-3-1,5313,Gremio,R. Machado Marques,RS,,Flamengo,4-1-4-1,2015-11-01,2.0,Arena Do Grêmio,O. De Oliveira Filho,33
Empate,SP,1.0,20:31,4-2-3-1,6960,Athletico-Pr,E. De Barros,PR,,Bragantino,4-2-3-1,2020-09-02,1.0,Estádio Joaquim Américo Guimarães,M. Freitas Rocha Da Silva,7
Coritiba,SC,0.0,18:30,,2918,Coritiba,,PR,,Avai,,2009-08-29,2.0,Couto Pereira,,22
Botafogo-Rj,SP,1.0,18:33,4-2-3-1,8028,Botafogo-Rj,L. Ribeiro De Castro,RJ,,Sao Paulo,4-1-4-1,2023-04-15,2.0,Estádio Nilton Santos,R. Ceni,1
Coritiba,GO,1.0,20:02,4-3-3,5755,Coritiba,E. Pacheco,PR,,Atletico-Go,4-1-4-1,2017-05-15,4.0,Couto Pereira,,1
Criciuma,SC,0.0,16:00,,153,Criciuma,,SC,,Figueirense,,2003-06-15,1.0,Heriberto Hulse,,13
Internacional,CE,1.0,17:59,4-3-3,7663,Internacional,C. De Almeida,RS,,Fortaleza,3-5-2,2022-04-17,2.0,Estádio José Pinheiro Borda,,2
Cruzeiro,MG,1.0,17:00,4-2-3-1,5680,Vitoria,A. Fucks,BA,,Cruzeiro,4-3-3,2016-10-23,0.0,Barradão,L. Venker De Menezes,32
Sao Paulo,SP,3.0,16:20,,3908,Cruzeiro,,MG,,Sao Paulo,,2012-06-30,2.0,Independência,,7
Internacional,RS,2.0,21:31,4-2-3-1,9133,Ceara,M. Mozart,CE,760740.0,Internacional,4-2-3-1,2025-11-20,1.0,"Arena Castelão, Fortaleza",,34
Empate,SP,0.0,16:00,,2553,Sao Paulo,,SP,,Santos,,2008-08-31,0.0,Morumbi,,23
Atletico-Mg,MG,3.0,18:30,,2774,Santos,,SP,,Atletico-Mg,,2009-06-21,2.0,Vila Belmiro,,7
Empate,CE,1.0,16:31,4-2-3-1,7847,Botafogo-Rj,L. Castro,RJ,,Ceara,4-2-3-1,2022-08-06,1.0,Estádio Nilton Santos,M. Dos Santos Gonçalves,21
Empate,CE,1.0,18:30,,3554,Figueirense,,SC,,Ceara,,2011-07-10,1.0,Orlando Scarpelli,,9
Ceara,PR,2.0,18:00,,3725,Ceara,,CE,,Coritiba,,2011-09-25,3.0,Presidente Vargas,,26
Internacional,RJ,1.0,18:00,,521,Internacional,,RS,,Flamengo,,2003-11-29,3.0,Beira Rio,,44
Palmeiras,RS,0.0,21:30,4-2-3-1,8727,Palmeiras,A. Moreira Ferreira,SP,,Gremio,4-2-3-1,2024-11-08,1.0,Allianz Parque,Renato Gaúcho,33
Atletico-Mg,PE,0.0,22:00,,4539,Atletico-Mg,,MG,,Nautico,,2013-11-02,5.0,Independência,,32
Gremio,RS,4.0,19:00,4-2-3-1,6754,Atletico-Mg,R. Marques Santana,MG,,Gremio,4-2-3-1,2019-10-13,1.0,Estádio Raimundo Sampaio,Renato Gaúcho,25
Empate,RJ,0.0,18:10,,1825,Vasco,,RJ,,Botafogo-Rj,,2006-09-24,0.0,Maracanã,,26
Sao Paulo,SP,1.0,18:30,,4088,Sao Paulo,,SP,,Portuguesa,,2012-09-15,3.0,Morumbi,,25
Gremio,RS,1.0,16:00,4-2-3-1,6126,Cruzeiro,L. Venker De Menezes,MG,,Gremio,4-2-3-1,2018-04-14,0.0,Mineirão,Renato Gaúcho,1
Cruzeiro,SC,1.0,19:01,4-2-3-1,8730,Cruzeiro,F. Diniz Silva,MG,,Criciuma,4-2-3-1,2024-11-09,2.0,Mineirão,C. Tencati,33
Bragantino,SP,3.0,21:00,4-2-3-1,7306,Flamengo,R. Ceni,RJ,,Bragantino,4-2-3-1,2021-06-19,2.0,Maracanã,C. Maldonado,5
Athletico-Pr,SC,1.0,19:00,4-2-3-1,7705,Athletico-Pr,L. Scolari,PR,,Avai,4-3-3,2022-05-22,2.0,Estádio Joaquim Américo Guimarães,E. De Souza Barroca,7
Empate,SP,0.0,16:00,,310,Parana,,PR,,Guarani,,2003-08-17,0.0,Pinheirão,,26
Empate,RS,1.0,19:00,,7693,Juventude,E. Baptista,RS,,Internacional,4-3-3,2022-05-08,1.0,Alfredo Jaconi,L. Venker De Menezes,5
Atletico-Mg,SP,0.0,15:58,,7288,Atletico-Mg,A. Stival,MG,,Sao Paulo,3-5-2,2021-06-13,1.0,Mineirão,H. Crespo,3
Vasco,SP,0.0,21:50,,3603,Vasco,,RJ,,Santos,,2011-08-03,2.0,São Januário,,14
Gremio,RJ,1.0,18:30,,3625,Gremio,,RS,,Fluminense,,2011-08-14,2.0,Olímpico,,16
Empate,MG,0.0,21:50,,3812,Avai,,SC,,Cruzeiro,,2011-11-16,0.0,Ressacada,,35
Empate,PR,1.0,17:00,,3451,Ceara,,CE,,Athletico-Pr,,2010-11-28,1.0,Castelão,,37
Portuguesa,SP,2.0,18:00,,4592,Ponte Preta,,SP,,Portuguesa,,2013-12-01,0.0,Moisés Lucarelli,,37
Atletico-Mg,RJ,0.0,16:00,,208,Atletico-Mg,,MG,,Flamengo,,2003-07-13,1.0,Mineirão,,18
Empate,RJ,1.0,16:01,4-2-3-1,5881,Cruzeiro,L. Venker De Menezes,MG,,Flamengo,4-2-3-1,2017-07-16,1.0,Mineirão,J. Mannarino,14
Brasiliense,DF,1.0,18:10,,1136,Atletico-Mg,,MG,,Brasiliense,,2005-05-08,0.0,Mineirão,,3
Atletico-Mg,PE,0.0,16:00,,2763,Atletico-Mg,,MG,,Nautico,,2009-05-31,3.0,Mineirão,,6
Empate,SP,0.0,21:50,,3516,Santos,,SP,,Corinthians,,2011-08-10,0.0,Vila Belmiro,,5
Empate,SC,0.0,18:00,,306,Sao Paulo,,SP,,Criciuma,,2003-08-16,0.0,Santa Cruz,,26
Gremio,RS,2.0,18:10,,1850,Sao Caetano,,SP,,Gremio,,2006-10-14,0.0,Anacleto Campanella,,29
Flamengo,RJ,4.0,19:00,5-4-1,6424,Parana,L. Cavalcanti,PR,,Flamengo,4-2-3-1,2018-10-21,0.0,Vila Capanema,D. Silvestre Júnior,30
Vasco,RS,0.0,18:10,,1989,Vasco,,RJ,,Gremio,,2007-06-09,4.0,São Januário,,5
Cruzeiro,SP,0.0,22:00,,3242,Cruzeiro,,MG,,Corinthians,,2010-08-25,1.0,Parque Do Sabiá,,16
Palmeiras,PE,1.0,18:30,,2799,Palmeiras,,SP,,Nautico,,2009-07-11,4.0,Palestra Itã¡Lia,,10
Vitoria,RJ,0.0,21:00,,4516,Vitoria,,BA,,Botafogo-Rj,,2013-10-17,1.0,Barradão,,29
Figueirense,PE,1.0,11:02,4-2-3-1,5631,Figueirense,M. Dos Santos Gonçalves,SC,,Santa Cruz,4-1-4-1,2016-09-25,3.0,Orlando Scarpelli,D. Ghidoni Junior,27
Atletico-Go,CE,1.0,21:30,4-2-3-1,8771,Atletico-Go,A. Gomes,GO,,Fortaleza,4-2-3-1,2024-12-04,3.0,Estádio Antônio Accioly - Atlético Goianiense,J. Vojvoda,37
Atletico-Mg,PR,1.0,16:00,,3110,Atletico-Mg,,MG,,Athletico-Pr,,2010-05-23,3.0,Mineirão,,3
Sport,PE,1.0,16:59,,4950,Athletico-Pr,C. Dos Santos Oliveira,PR,,Sport,,2014-11-16,0.0,Estádio Joaquim Américo Guimarães,E. Baptista,34
Gremio,GO,1.0,20:30,,4061,Gremio,,RS,,Atletico-Go,,2012-09-05,2.0,Olímpico,,22
Empate,PR,4.0,18:10,,1988,Nautico,,PE,,Parana,,2007-06-09,4.0,Aflitos,,5
Flamengo,SP,1.0,16:00,4-4-2,7132,Flamengo,R. Ceni,RJ,,Santos,,2020-12-13,4.0,Maracanã,A. Stival,25
Botafogo-Rj,PR,1.0,16:00,4-2-3-1,8194,Botafogo-Rj,B. Nascimento,RJ,,Coritiba,4-1-4-1,2023-07-30,4.0,Estádio Nilton Santos,T. Kosloski,17
Vasco,CE,0.0,19:16,4-3-3,6591,Vasco,V. Luxemburgo Da Silva,RJ,,Ceara,4-4-2,2019-06-13,1.0,Estádio Vasco Da Gama,E. Alves Moreira,9
Atletico-Mg,SP,1.0,20:30,,384,Atletico-Mg,,MG,,Sao Caetano,,2003-09-25,3.0,Independência,,32
Flamengo,MG,1.0,16:02,4-2-3-1,5634,Flamengo,J. Mannarino,RJ,,Cruzeiro,4-2-3-1,2016-09-25,2.0,Kléber Andrade,,27
Vasco,SC,2.0,18:30,,4307,Vasco,,RJ,,Criciuma,,2013-07-27,3.0,São Januário,,9
Corinthians,SP,0.0,16:00,,3389,Corinthians,,SP,,Palmeiras,,2010-10-24,1.0,Pacaembu,,31
Empate,BA,1.0,19:30,,3157,Gremio,,RS,,Vitoria,,2010-07-14,1.0,Olímpico,,8
Cruzeiro,BA,0.0,18:30,,2728,Cruzeiro,,MG,,Vitoria,,2009-05-23,2.0,Mineirão,,3
Empate,RJ,0.0,19:00,4-2-3-1,6323,America-Mg,A. Batista,MG,,Fluminense,3-4-1-2,2018-08-19,0.0,Estádio Raimundo Sampaio,M. De Oliveira Santos,19
Sao Paulo,SP,1.0,21:02,4-2-3-1,6257,Sao Paulo,D. Aguirre Camblor,SP,,Corinthians,4-2-3-1,2018-07-21,3.0,Morumbi,O. Loss,14
Atletico-Go,RJ,0.0,16:00,4-3-3,8681,Atletico-Go,U. Louzer Filho,GO,,Fluminense,4-2-3-1,2024-09-29,1.0,Estádio Antônio Accioly - Atlético Goianiense,L. Venker De Menezes,28
Flamengo,RJ,2.0,19:00,,8293,Cruzeiro,J. Mannarino,MG,,Flamengo,4-3-3,2023-10-19,0.0,Mineirão,A. Bacchi,27
Empate,RJ,1.0,17:01,4-2-3-1,6023,Flamengo,R. Rueda Rivera,RJ,,Fluminense,4-2-3-1,2017-10-12,1.0,Maracanã,A. Da Silva Braga,27
Empate,MG,2.0,17:00,,3833,Ceara,,CE,,Cruzeiro,,2011-11-27,2.0,Presidente Vargas,,37
Corinthians,PR,2.0,20:04,4-1-3-2,8698,Corinthians,R. Díaz,SP,,Athletico-Pr,3-4-2-1,2024-10-17,5.0,Neo Química Arena,L. González,30
Cruzeiro,SC,2.0,18:27,,4788,Cruzeiro,M. De Oliveira Santos,MG,,Chapecoense,,2014-08-30,4.0,Mineirão,C. Rodrigues,18
Empate,RS,1.0,18:30,,4277,Athletico-Pr,,PR,,Gremio,,2013-07-06,1.0,Vila Capanema,,6
Juventude,RJ,1.0,16:00,,257,Juventude,,RS,,Fluminense,,2003-07-27,2.0,Alfredo Jaconi,,22
Empate,PR,0.0,16:01,4-2-3-1,6147,Bahia,,BA,,Athletico-Pr,3-4-2-1,2018-04-29,0.0,Itaipava Arena Fonte Nova,F. Diniz Silva,3
Ceara,RJ,1.0,21:30,4-2-3-1,7261,Ceara,A. Ferreira,CE,,Botafogo-Rj,4-2-3-1,2021-02-25,2.0,Arena Castelão,,38
Sao Caetano,SP,1.0,20:30,,279,Criciuma,,SC,,Sao Caetano,,2003-08-06,0.0,Heriberto Hulse,,24
Empate,SP,2.0,18:30,,3254,Fluminense,,RJ,,Sao Paulo,,2010-08-29,2.0,Maracanã,,17
Sao Caetano,MG,0.0,16:00,,290,Sao Caetano,,SP,,Cruzeiro,,2003-08-09,2.0,Anacleto Campanella,,25
Athletico-Pr,MG,0.0,18:16,4-2-3-1,7274,Athletico-Pr,P. Autuori De Mello,PR,,America-Mg,4-1-4-1,2021-05-30,1.0,Estádio  Joaquim  Américo  Guimarães,L. Cirne Lima De Lorenzi,1
Fluminense,BA,0.0,17:00,,3076,Fluminense,,RJ,,Vitoria,,2009-11-29,4.0,Maracanã,,37
Atletico-Mg,RS,0.0,21:00,4-2-2-2,8079,Atletico-Mg,E. Coudet,MG,,Internacional,4-2-3-1,2023-05-13,2.0,Mineirão,L. Venker De Menezes,6
Fluminense,MG,0.0,21:00,4-2-3-1,5106,Fluminense,E. Alves Moreira,RJ,,Cruzeiro,4-2-3-1,2015-07-09,1.0,Maracanã,V. Luxemburgo Da Silva,12
Botafogo-Rj,RJ,4.0,18:01,4-2-3-1,6382,Vitoria,P. Carpegiani,BA,,Botafogo-Rj,4-1-4-1,2018-09-23,3.0,Barradão,J. Mannarino,26
Empate,PE,2.0,11:02,4-1-2-1-2,5090,Avai,G. Kleina,SC,,Sport,4-2-3-1,2015-07-05,2.0,Ressacada,E. Baptista,11
Vasco,GO,2.0,21:29,4-1-4-1,7264,Vasco,V. Luxemburgo Da Silva,RJ,,Goias,4-4-2,2021-02-25,3.0,Estádio Vasco Da Gama,A. César,38
Fortaleza,GO,0.0,18:30,4-4-2,8392,Fortaleza,J. Vojvoda,CE,,Goias,4-1-4-1,2023-12-03,1.0,Arena Castelão,M. Henrique,37
Empate,RJ,0.0,17:01,4-5-1,6100,Sao Paulo,D. Silvestre Júnior,SP,,Botafogo-Rj,4-2-3-1,2017-11-19,0.0,Estádio Municipal Paulo Machado De Carvalho,J. Ribeiro Ventura,36
Empate,PR,1.0,18:59,4-2-3-1,7728,Ceara,D. Silvestre Júnior,CE,,Coritiba,4-2-3-1,2022-06-04,1.0,Arena Castelão,G. Morínigo,9
Paysandu,SP,1.0,16:00,,271,Paysandu,,PA,,Guarani,,2003-08-03,6.0,Mangueirão,,23
Fluminense,SP,1.0,18:00,,4571,Fluminense,,RJ,,Sao Paulo,,2013-11-17,2.0,Maracanã,,35
Goias,PR,0.0,16:31,4-4-2,7836,Goias,J. Ribeiro Ventura,GO,,Coritiba,5-4-1,2022-07-30,1.0,Estádio Da Serrinha,G. Morínigo,20
Botafogo-Rj,SP,1.0,19:30,4-2-3-1,7978,Botafogo-Rj,L. Castro,RJ,,Bragantino,4-2-3-1,2022-10-26,2.0,Estádio Nilton Santos,M. Nogueira Barbieri,34
Empate,PE,3.0,16:00,,2972,Gremio,,RS,,Sport,,2009-10-04,3.0,Olímpico,,27
Atletico-Mg,MG,2.0,16:03,3-4-2-1,6168,Athletico-Pr,F. Diniz Silva,PR,,Atletico-Mg,4-2-3-1,2018-05-13,1.0,Estádio Joaquim Américo Guimarães,T. Mendes Larghi,5
Bahia,BA,2.0,19:30,4-3-3,8759,Cuiaba,B. Franco,MT,,Bahia,4-1-4-1,2024-11-30,1.0,Arena Pantanal,R. Ceni,36
Empate,SP,1.0,19:30,,4208,Corinthians,,SP,,Santos,,2012-11-24,1.0,Pacaembu,,37
Atletico-Mg,SP,1.0,18:30,,3220,Atletico-Mg,,MG,,Guarani,,2010-08-14,3.0,Ipatingão,,14
Empate,SP,1.0,16:00,,1403,Brasiliense,,DF,,Sao  Caetano,,2005-09-24,1.0,Boca Do Jacarã©,,28
Portuguesa,PE,1.0,18:30,,3976,Portuguesa,,SP,,Nautico,,2012-07-29,3.0,Canindé,,13
Corinthians,MG,0.0,19:01,4-1-4-1,6674,Corinthians,F. Carille,SP,,Atletico-Mg,4-1-4-1,2019-09-01,1.0,Neo Química Arena,R. Marques Santana,17
Corinthians,PE,1.0,18:59,4-3-3,7322,Corinthians,S. Campos Junior,SP,,Sport,5-4-1,2021-06-24,2.0,Neo Química Arena,U. Louzer Filho,6
Empate,MG,1.0,20:01,4-3-3,7425,Chapecoense,L. De Oliveira Preto,SC,,America-Mg,4-2-3-1,2021-08-16,1.0,Arena Condá,V. Carmo Mancini,16
Santos,SP,3.0,18:00,,83,Criciuma,,SC,,Santos,,2003-05-04,1.0,Heriberto Hulse,,7
Figueirense,BA,1.0,16:00,,874,Figueirense,,SC,,Vitoria,,2004-08-29,2.0,Orlando Scarpelli,,27
Ceara,SP,1.0,20:03,4-2-3-1,7609,Ceara,T. Retzalff Nunes,CE,,Corinthians,4-2-3-1,2021-11-25,2.0,Arena Castelão,S. Campos Junior,35
Gremio,RJ,0.0,20:30,,4558,Gremio,,RS,,Vasco,,2013-11-13,1.0,Arena Do Grêmio,,34
Criciuma,RJ,2.0,16:00,,4501,Criciuma,,SC,,Vasco,,2013-10-13,3.0,Heriberto Hulse,,28
Cruzeiro,PR,2.0,18:28,,4648,Cruzeiro,M. De Oliveira Santos,MG,,Coritiba,,2014-05-17,3.0,Mineirão,C. Juarez Roth,5
Botafogo-Rj,PR,0.0,18:10,,2051,Botafogo-Rj,,RJ,,Athletico-Pr,,2007-07-07,2.0,Mané Garrincha,,10
Empate,PR,0.0,16:08,4-2-3-1,6884,Avai,E. Spinassé Camillato,SC,,Athletico-Pr,4-2-3-1,2019-08-12,0.0,Ressacada,E. De Barros,38
Fluminense,SC,0.0,18:20,,2458,Fluminense,,RJ,,Figueirense,,2008-07-19,1.0,Maracanã,,13
Gremio,RS,1.0,18:30,,3955,Botafogo-Rj,,RJ,,Gremio,,2012-07-22,0.0,Engenhão,,11
Flamengo,RJ,5.0,18:30,4-3-3,8905,Sport,C. De Lucena,PE,2948180.0,Flamengo,4-2-3-1,2025-11-15,10.0,"Adelmar Da Costa Carvalho, Recife",F. Luís,12
Empate,CE,0.0,19:01,4-3-3,7024,Athletico-Pr,E. De Barros,PR,,Ceara,4-2-3-1,2020-10-08,0.0,Estádio Joaquim Américo Guimarães,A. Ferreira,14
Internacional,PR,0.0,11:02,4-2-2-2,5043,Internacional,D. Aguirre Camblor,RS,,Coritiba,4-2-3-1,2015-06-07,2.0,Estádio José Pinheiro Borda,M. Dos Santos Gonçalves,6
Empate,CE,3.0,16:00,4-3-3,6660,Santos,J. Sampaoli Moya,SP,,Fortaleza,4-2-3-1,2019-08-25,3.0,Estádio Urbano Caldeira,J. Mannarino,16
Internacional,RS,1.0,18:30,,4757,Goias,S. Drubscky De Campos,GO,,Internacional,,2014-08-16,0.0,Estádio Do Governo Do Estado De Goiás (Serra Dourada),A. Da Silva Braga,15
Palmeiras,MT,1.0,16:01,4-2-3-1,8026,Palmeiras,A. Moreira Ferreira,SP,,Cuiaba,4-2-3-1,2023-04-15,2.0,Allianz Parque,I. Abreu Vieira,1
Empate,SP,0.0,21:01,4-1-4-1,6739,Bahia,R. Machado Marques,BA,,Sao Paulo,4-2-3-1,2019-10-09,0.0,Itaipava Arena Fonte Nova,F. Diniz Silva,24
Flamengo,RJ,2.0,20:32,4-3-3,7850,Sao Paulo,,SP,,Flamengo,4-3-3,2022-08-06,0.0,Morumbi,D. Silvestre Júnior,21
Coritiba,RJ,0.0,19:01,4-1-4-1,8185,Coritiba,T. Kosloski,PR,,Fluminense,4-3-3,2023-07-24,,Couto Pereira,F. Diniz Silva,16
Chapecoense,RJ,1.0,15:59,4-3-2-1,5524,Chapecoense,L. Saroli Caio Júnior,SC,,Botafogo-Rj,4-2-3-1,2016-07-24,2.0,Arena Condá,R. Gomes Raymundo,16
Sao Caetano,SP,1.0,18:10,,1219,Sao Caetano,,SP,,Ponte Preta,,2005-07-09,2.0,Anacleto Campanella,,11
Empate,RS,2.0,19:01,4-2-2-2,8741,Gremio,Renato Gaúcho,RS,,Juventude,4-2-3-1,2024-11-20,2.0,Arena Do Grãªmio,F. Matias,34
Flamengo,RJ,1.0,17:01,4-1-4-1,6009,Chapecoense,E. Hartkopp,SC,,Flamengo,4-2-3-1,2017-10-15,0.0,Arena Condá,R. Rueda Rivera,28
Botafogo-Rj,SP,0.0,18:00,4-2-3-1,6831,Botafogo-Rj,A. Valentim Do Carmo Neto,RJ,,Corinthians,4-1-2-1-2,2019-11-24,1.0,Estádio Nilton Santos,Coelho,34
Sao Caetano,SP,1.0,16:00,,1065,Sao Caetano,,SP,,Corinthians,,2004-11-28,2.0,Anacleto Campanella,,43
Bahia,SP,3.0,19:00,,3787,Bahia,,BA,,Sao Paulo,,2011-11-05,4.0,Pituaçu,,33
Coritiba,SP,0.0,16:00,,4414,Coritiba,,PR,,Sao Paulo,,2013-09-08,2.0,Couto Pereira,,19
Empate,GO,1.0,19:33,4-1-4-1,6844,Vasco,V. Luxemburgo Da Silva,RJ,,Goias,4-4-1-1,2019-11-18,1.0,Estádio Vasco Da Gama,N. Da Silveira Júnior,33
Botafogo-Rj,GO,1.0,19:15,4-3-1-2,6737,Botafogo-Rj,B. Lazaroni,RJ,,Goias,4-3-3,2019-10-09,3.0,Estádio Nilton Santos,N. Da Silveira Júnior,24
Athletico-Pr,RJ,0.0,16:02,4-2-3-1,5522,Athletico-Pr,P. Autuori De Mello,PR,,Fluminense,,2016-07-24,1.0,Estádio Joaquim Américo Guimarães,L. Culpi,16
Empate,PR,1.0,16:00,4-2-3-1,5997,Bahia,C. Casagrande,BA,,Coritiba,4-2-3-1,2017-09-30,1.0,Itaipava Arena Fonte Nova,M. De Oliveira Santos,26
Vitoria,CE,1.0,21:31,4-2-3-1,8823,Vitoria,J. Ventura,BA,328212.0,Fortaleza,3-4-1-2,2025-04-16,2.0,"Barradão, Salvador",T. Carpini,4
Empate,SP,0.0,21:01,4-2-3-1,5888,Avai,C. Dos Santos Oliveira,SC,,Corinthians,4-2-3-1,2017-07-19,0.0,Ressacada,F. Carille,15
Fluminense,RJ,4.0,21:45,,2174,Internacional,,RS,,Fluminense,,2007-08-29,1.0,Beira Rio,,22
Nautico,SP,1.0,18:30,,3009,Nautico,,PE,,Barueri,,2009-10-24,2.0,Aflitos,,31
Atletico-Mg,SC,1.0,16:00,,1106,Atletico-Mg,,MG,,Figueirense,,2005-04-23,4.0,Mineirão,,1
Atletico-Mg,MG,0.0,19:00,4-1-4-1,6633,Atletico-Mg,R. Marques Santana,MG,,Cruzeiro,4-2-3-1,2019-08-04,2.0,Estádio Raimundo Sampaio,L. Venker De Menezes,13
Botafogo-Rj,RJ,2.0,16:00,,693,Sao Caetano,,SP,,Botafogo-Rj,,2004-07-04,1.0,Anacleto Campanella,,12
Empate,RS,1.0,18:15,4-1-4-1,7492,Palmeiras,A. Moreira Ferreira,SP,,Juventude,4-1-4-1,2021-10-03,1.0,Allianz Parque,M. Dos Santos Gonçalves,23
Internacional,MG,1.0,19:33,,4957,Internacional,A. Da Silva Braga,RS,,Atletico-Mg,,2014-11-22,2.0,Estádio José Pinheiro Borda,L. Culpi,36
Fluminense,SP,0.0,16:00,4-2-3-1,6694,Fluminense,O. De Oliveira Filho,RJ,,Corinthians,4-1-4-1,2019-09-15,1.0,Estádio Nacional De Brasília,,19
Cuiaba,MT,5.0,16:02,4-4-2,8463,Criciuma,C. Tencati,SC,,Cuiaba,4-3-3,2024-06-09,2.0,Estádio Heriberto Hülse,,6
Athletico-Pr,SC,1.0,18:30,,4374,Athletico-Pr,,PR,,Criciuma,,2013-08-18,2.0,Vila Capanema,,15
Empate,RJ,1.0,16:00,,3930,Botafogo-Rj,,RJ,,Fluminense,,2012-07-15,1.0,Engenhão,,9
Sao Paulo,SP,3.0,18:59,,7111,Bahia,C. Prates,BA,,Sao Paulo,4-4-2,2020-11-28,1.0,Itaipava Arena Fonte Nova,F. Diniz Silva,23
Internacional,RJ,0.0,18:59,4-2-3-1,8726,Internacional,R. Machado Marques,RS,,Fluminense,4-2-3-1,2024-11-08,2.0,Estádio Beira-Rio,L. Venker De Menezes,33
Bragantino,SP,4.0,20:59,3-5-2,7511,Palmeiras,,SP,,Bragantino,4-2-3-1,2021-09-10,2.0,Allianz Parque,M. Nogueira Barbieri,25
America-Mg,SP,0.0,21:33,4-2-3-1,7640,America-Mg,M. Dos Santos Gonçalves,MG,,Sao Paulo,,2021-12-09,2.0,Estã¡Dio Raimundo Sampaio,R. Ceni,38
Fluminense,RJ,2.0,16:00,,630,Flamengo,,RJ,,Fluminense,,2004-05-23,1.0,Maracanã,,7
Gremio,MG,0.0,18:20,,2459,Gremio,,RS,,Cruzeiro,,2008-07-19,1.0,Olímpico,,13
Vitoria,SC,0.0,19:31,4-2-3-1,6217,Vitoria,V. Carmo Mancini,BA,,Chapecoense,4-2-3-1,2018-06-06,1.0,Barradão,G. Kleina,10
Palmeiras,SP,1.0,16:00,4-1-4-1,6556,Botafogo-Rj,E. De Souza Barroca,RJ,,Palmeiras,4-2-3-1,2019-05-25,0.0,Estádio Nacional De Brasília,L. Scolari,6
Coritiba,SP,0.0,19:00,,3825,Coritiba,,PR,,Santos,,2011-11-20,,Couto Pereira,,36
Empate,RS,2.0,18:31,4-2-3-1,8978,Vitoria,J. Ventura,BA,,Juventude,4-2-3-1,2025-08-16,2.0,"Barradão, Salvador",M. Barbieri,20
Vasco,RJ,1.0,19:10,,2654,Fluminense,,RJ,,Vasco,,2008-11-02,0.0,Maracanã,,33
Atletico-Mg,BA,0.0,20:00,3-4-2-1,9101,Atletico-Mg,J. Sampaoli,MG,1102674.5,Bahia,4-3-3,2025-11-05,3.0,"Arena Mrv, Belo Horizonte",R. Ceni,32
Empate,SC,1.0,18:00,,3745,Ceara,,CE,,Figueirense,,2011-10-09,1.0,Presidente Vargas,,28
Flamengo,SC,1.0,20:30,,2189,Flamengo,,RJ,,Figueirense,,2007-09-05,4.0,Maracanã,,24
Gremio,SP,0.0,11:01,4-2-3-1,5560,Gremio,R. Machado Marques,RS,,Corinthians,4-2-2-2,2016-08-14,3.0,Arena Do Grêmio,C. Borges Dos Santos,20
Empate,RJ,2.0,21:00,,3321,Vasco,,RJ,,Botafogo-Rj,,2010-09-22,2.0,Engenhão,,24
Mirassol,SP,1.0,18:31,4-4-2,8992,Fortaleza,T. Carpini,CE,176594.0,Mirassol,4-3-3,2025-08-24,0.0,"Arena Castelão, Fortaleza",R. Guanaes,21
Empate,SP,1.0,18:30,,2788,Santo Andre,,SP,,Barueri,,2009-07-04,1.0,Bruno José Daniel,,9
Flamengo,MG,1.0,22:00,,3986,Flamengo,,RJ,,Atletico-Mg,,2012-09-26,2.0,Engenhão,,14
Bahia,BA,2.0,19:30,4-2-3-1,6274,Ceara,L. Cirne Lima De Lorenzi,CE,,Bahia,4-3-3,2018-08-29,0.0,Estádio Presidente Vargas,,15
Botafogo-Rj,SP,1.0,16:00,,1677,Botafogo-Rj,,RJ,,Ponte Preta,,2006-07-15,4.0,Raulino De Oliveira,,12
Vasco,SP,0.0,18:30,,3948,Vasco,,RJ,,Santos,,2012-07-21,2.0,Sã£O Januã¡Rio,,11
Empate,PR,1.0,18:30,,4447,Fluminense,,RJ,,Coritiba,,2013-09-21,1.0,Maracanã,,23
Sao Paulo,SC,0.0,18:30,,2937,Sao Paulo,,SP,,Avai,,2009-09-12,2.0,Morumbi,,24
Atletico-Mg,RJ,1.0,21:00,4-2-3-1,6639,Atletico-Mg,R. Marques Santana,MG,,Fluminense,4-1-4-1,2019-08-10,2.0,Estádio Raimundo Sampaio,F. Diniz Silva,14
Atletico-Go,SC,1.0,20:29,4-2-3-1,7739,Atletico-Go,J. De Amorim Campos,GO,,Avai,4-3-3,2022-06-08,2.0,Estádio Do Governo Do Estado De Goiás (Serra Dourada),E. De Souza Barroca,10
Empate,PR,2.0,19:29,4-2-3-1,5723,Flamengo,,RJ,,Coritiba,4-4-2,2016-11-20,2.0,Maracanã,P. Carpegiani,36
Sao Paulo,RS,1.0,21:01,3-4-1-2,7418,Sao Paulo,H. Crespo,SP,,Gremio,4-2-3-1,2021-08-14,2.0,Morumbi,L. Scolari,16
Palmeiras,BA,0.0,20:30,,2504,Palmeiras,,SP,,Vitoria,,2008-08-07,3.0,Palestra Itália,,18
Empate,BA,1.0,19:02,4-2-3-1,8477,Juventude,R. Machado Marques,RS,,Vitoria,4-1-4-1,2024-06-11,1.0,Alfredo Jaconi,,8
Portuguesa,RS,1.0,16:00,,2370,Portuguesa,,SP,,Internacional,,2008-06-08,3.0,Canindé,,5
Internacional,SP,1.0,19:33,,4968,Internacional,A. Da Silva Braga,RS,,Palmeiras,,2014-11-29,3.0,Estã¡Dio Josã© Pinheiro Borda,D. Silvestre Júnior,37
Fluminense,RJ,2.0,19:01,4-2-3-1,5884,Coritiba,E. Pacheco,PR,,Fluminense,,2017-07-16,1.0,Couto Pereira,A. Da Silva Braga,14
Flamengo,MG,0.0,18:10,,2229,Flamengo,,RJ,,Atletico-Mg,,2007-09-29,1.0,Maracanã£,,28
Atletico-Mg,MG,1.0,15:59,4-2-3-1,5850,Atletico-Mg,R. Machado Marques,MG,,Cruzeiro,4-2-3-1,2017-07-02,3.0,Estádio Raimundo Sampaio,L. Venker De Menezes,11
Santos,RJ,0.0,16:00,,2230,Santos,,SP,,Vasco,,2007-09-30,1.0,Vila Belmiro,,28
Guarani,RJ,0.0,18:30,,3329,Guarani,,SP,,Vasco,,2010-09-25,1.0,Brinco De Ouro,,25
Goias,GO,1.0,21:31,4-2-3-1,6709,Sao Paulo,A. Stival,SP,,Goias,4-4-1-1,2019-09-25,0.0,Morumbi,N. Da Silveira Júnior,21
Flamengo,RS,0.0,18:30,,3587,Flamengo,,RJ,,Gremio,,2011-07-30,2.0,Engenhão,,13
Empate,MG,1.0,16:00,4-2-3-1,8177,Flamengo,J. Sampaoli Moya,RJ,,America-Mg,4-3-3,2023-07-22,1.0,Maracanã,V. Carmo Mancini,16
Botafogo-Rj,RJ,0.0,21:00,4-4-2,8840,Botafogo-Rj,Renato Manuel Alves Paiva,RJ,656240.0,Fluminense,4-2-3-1,2025-04-26,2.0,"Estádio Nilton Santos, Rio De Janeiro",Renato Portaluppi,6
Internacional,SP,1.0,16:00,4-2-3-1,6411,Internacional,O. Hellmann,RS,,Sao Paulo,4-2-3-1,2018-10-14,3.0,Estádio José Pinheiro Borda,D. Aguirre Camblor,29
Avai,RJ,0.0,18:30,,3115,Avai,,SC,,Vasco,,2010-05-23,2.0,Ressacada,,3
Empate,RJ,1.0,16:00,,85,Goias,,GO,,Flamengo,,2003-05-10,1.0,Serra Dourada,,8
Cruzeiro,MG,2.0,19:02,4-2-3-1,5973,Chapecoense,E. Hartkopp,SC,,Cruzeiro,4-2-3-1,2017-09-10,1.0,Arena Condá,L. Venker De Menezes,23
Gremio,SP,0.0,16:00,,2802,Gremio,,RS,,Corinthians,,2009-07-12,3.0,Olímpico,,10
America-Mg,RJ,1.0,16:00,,3674,America-Mg,,MG,,Vasco,,2011-09-04,4.0,Arena Do Jacaré,,21
Botafogo-Rj,BA,0.0,16:00,4-2-3-1,8229,Botafogo-Rj,B. Nascimento,RJ,,Bahia,4-1-4-1,2023-08-27,3.0,Estádio Nilton Santos,R. Alves Paiva,21
Santos,RJ,0.0,20:59,4-2-3-1,5159,Santos,D. Silvestre Júnior,SP,,Vasco,4-2-3-1,2015-08-12,1.0,Estã¡Dio Urbano Caldeira,,18
Corinthians,RS,0.0,20:00,4-1-4-1,5726,Corinthians,O. De Oliveira Filho,SP,,Internacional,4-2-3-1,2016-11-21,1.0,Neo Quã­Mica Arena,L. Cirne Lima De Lorenzi,36
Bahia,BA,2.0,18:00,,4591,Cruzeiro,,MG,,Bahia,,2013-12-01,1.0,Mineirão,,37
Goias,GO,3.0,16:00,,2031,America-Rn,,RN,,Goias,,2007-06-30,0.0,Machadão,,8
Cuiaba,RJ,0.0,19:02,4-1-4-1,7804,Cuiaba,A. Cardoso De Oliveira,MT,,Botafogo-Rj,3-4-2-1,2022-07-10,2.0,Arena Pantanal,L. Castro,16
Palmeiras,PR,0.0,18:10,,2526,Palmeiras,,SP,,Coritiba,,2008-08-17,1.0,Palestra Itália,,20
Atletico-Mg,MG,1.0,20:29,4-2-3-1,7284,Sport,U. Louzer Filho,PE,,Atletico-Mg,4-2-3-1,2021-06-06,0.0,Adelmar Da Costa Carvalho,A. Stival,2
Botafogo-Rj,RJ,2.0,18:59,4-2-3-1,6208,Vasco,J. Mannarino,RJ,,Botafogo-Rj,4-2-3-1,2018-06-02,1.0,Estádio Vasco Da Gama,A. Valentim Do Carmo Neto,9
Empate,SP,0.0,18:30,,3213,Cruzeiro,,MG,,Gremio Prudente,,2010-08-08,0.0,Arena Do Jacaré,,13
Fluminense,SP,1.0,18:00,,520,Fluminense,,RJ,,Sao Caetano,,2003-11-29,2.0,Maracanã,,44
Flamengo,PE,0.0,16:01,4-3-3,5368,Flamengo,M. Ramalho,RJ,,Sport,4-2-3-1,2016-05-14,1.0,Estádio Municipal General Raulino De Oliveira,O. De Oliveira Filho,1
Corinthians,BA,0.0,20:04,4-3-1-2,8766,Corinthians,R. Díaz,SP,,Bahia,3-4-1-2,2024-12-03,3.0,Neo Química Arena,R. Ceni,37
Santo Andre,SP,2.0,19:30,,2899,Botafogo-Rj,,RJ,,Santo Andre,,2009-08-19,1.0,Engenhão,,20
Empate,BA,1.0,20:30,,248,Coritiba,,PR,,Vitoria,,2003-07-24,1.0,Couto Pereira,,21
Athletico-Pr,PR,1.0,16:00,4-2-3-1,5932,Palmeiras,A. Stival,SP,,Athletico-Pr,4-2-3-1,2017-08-06,0.0,Allianz Parque,F. Soares Pessoa,19
Fluminense,SP,0.0,18:32,,4725,Fluminense,C. Borges Dos Santos,RJ,,Santos,,2014-07-20,1.0,Estádio Municipal General Raulino De Oliveira,O. De Oliveira Filho,11
Athletico-Pr,PR,1.0,19:30,,3426,Flamengo,,RJ,,Athletico-Pr,,2010-11-07,0.0,Raulino De Oliveira,,34
Sao Paulo,SP,2.0,11:01,4-1-4-1,6696,Botafogo-Rj,E. De Souza Barroca,RJ,,Sao Paulo,4-1-4-1,2019-09-21,1.0,Estádio Nilton Santos,A. Stival,20
America-Mg,MG,1.0,16:30,4-4-2,7846,Juventude,U. Louzer Filho,RS,,America-Mg,4-3-3,2022-08-06,0.0,Alfredo Jaconi,V. Carmo Mancini,21
Fortaleza,RS,1.0,16:00,4-2-3-1,8531,Fortaleza,J. Vojvoda,CE,,Juventude,4-2-3-1,2024-06-30,2.0,Arena Castelão,R. Machado Marques,13
Sport,PE,1.0,20:00,4-4-2,7224,Botafogo-Rj,E. De Souza Barroca,RJ,,Sport,4-4-2,2021-02-05,0.0,Estádio Nilton Santos,J. Ribeiro Ventura,34
Empate,RJ,1.0,16:00,,2011,Athletico-Pr,,PR,,Fluminense,,2007-06-17,1.0,Kyocera Arena,,6
Athletico-Pr,SP,0.0,20:30,,886,Athletico-Pr,,PR,,Guarani,,2004-09-02,2.0,Arena Da Baixada,,28
Flamengo,RJ,1.0,16:00,,870,Sao Caetano,,SP,,Flamengo,,2004-08-29,0.0,Anacleto Campanella,,27
Empate,RJ,2.0,18:15,4-2-2-2,7063,Internacional,E. Coudet,RS,,Flamengo,4-2-3-1,2020-10-25,2.0,Estádio José Pinheiro Borda,D. Torrent Font,18
Ponte Preta,RJ,0.0,17:02,4-1-4-1,5722,Ponte Preta,E. Baptista,SP,,Fluminense,4-2-3-1,2016-11-20,1.0,Moisés Lucarelli,,36
Guarani,RS,0.0,16:00,,357,Guarani,,SP,,Juventude,,2003-09-14,2.0,Brinco De Ouro,,30
Sport,PE,2.0,18:10,,2228,Corinthians,,SP,,Sport,,2007-09-29,1.0,Pacaembu,,28
Corinthians,RJ,1.0,15:59,4-2-3-1,5452,Corinthians,F. Carille,SP,,Botafogo-Rj,4-2-3-1,2016-06-19,3.0,Neo Química Arena,R. Gomes Raymundo,9
Gremio,GO,1.0,20:30,4-2-3-1,7155,Gremio,Renato Gaúcho,RS,,Atletico-Go,,2020-12-27,2.0,Arena Do Grêmio,M. Ribeiro Cabo,27
Bragantino,SP,1.0,16:31,,7667,Ceara,D. Silvestre Júnior,CE,,Bragantino,4-2-3-1,2022-04-30,0.0,Arena Castelão,M. Nogueira Barbieri,4
Cruzeiro,MG,2.0,19:30,,1281,Brasiliense,,DF,,Cruzeiro,,2005-08-03,1.0,Boca Do Jacaré,,17
Sao Caetano,SP,2.0,16:00,,1891,Ponte Preta,,SP,,Sao Caetano,,2006-11-05,1.0,Moisés Lucarelli,,33
Sao Paulo,SP,1.0,16:02,4-2-3-1,8679,Sao Paulo,L. Zubeldía,SP,,Corinthians,4-3-1-2,2024-09-29,3.0,Arena Brb Mané Garrincha,R. Díaz,28
Fluminense,MG,1.0,18:00,4-1-4-1,6546,Fluminense,,RJ,,Cruzeiro,4-2-3-1,2019-05-18,4.0,Maracanã,L. Venker De Menezes,5
Empate,RS,0.0,21:50,,3575,Figueirense,,SC,,Gremio,,2011-07-20,0.0,Orlando Scarpelli,,10
Coritiba,SP,0.0,19:31,4-3-3,5788,Coritiba,E. Pacheco,PR,,Palmeiras,4-4-2,2017-06-07,1.0,Couto Pereira,A. Stival,5
Empate,SC,1.0,16:59,,4960,Flamengo,V. Luxemburgo Da Silva,RJ,,Criciuma,,2014-11-23,1.0,Castelão De São Luís,L. Vieira,36
Athletico-Pr,PA,2.0,16:00,,1547,Athletico-Pr,,PR,,Paysandu,,2005-11-27,3.0,Arena Da Baixada,,41
Internacional,RJ,1.0,16:10,,2381,Internacional,,RS,,Botafogo-Rj,,2008-06-14,2.0,Beira Rio,,6
Fluminense,RJ,4.0,19:00,,3824,Figueirense,,SC,,Fluminense,,2011-11-20,0.0,Orlando Scarpelli,,36
Vitoria,BA,1.0,18:30,,3234,Cruzeiro,,MG,,Vitoria,,2010-08-22,0.0,Ipatingão,,15
Palmeiras,RJ,0.0,16:02,3-4-1-2,8389,Palmeiras,A. Moreira Ferreira,SP,,Fluminense,4-4-2,2023-12-03,1.0,Allianz Parque,F. Diniz Silva,37
Athletico-Pr,PR,2.0,18:00,,3309,Atletico-Go,,GO,,Athletico-Pr,,2010-09-18,1.0,Serra Dourada,,23
Fluminense,PR,2.0,16:00,,493,Fluminense,,RJ,,Coritiba,,2003-11-08,3.0,Maracanã,,42
Empate,SC,1.0,21:00,,3500,Vasco,,RJ,,Figueirense,,2011-06-11,1.0,São Januário,,4
Empate,CE,2.0,21:30,4-2-3-1,8745,Fluminense,,RJ,,Fortaleza,3-5-2,2024-11-22,2.0,Maracanã,J. Vojvoda,34
Empate,CE,0.0,16:00,,1117,Vasco,,RJ,,Fortaleza,,2005-04-30,0.0,R De Oliveira*(Pf),,2
Empate,RJ,0.0,16:00,4-2-3-1,5638,Sao Paulo,,SP,,Flamengo,4-2-3-1,2016-10-01,0.0,Morumbi,J. Mannarino,28
Empate,RJ,1.0,18:30,4-2-3-1,8764,Athletico-Pr,L. González,PR,,Fluminense,4-2-3-1,2024-12-01,1.0,Ligga Arena,L. Venker De Menezes,36
-,SC,0.0,15:59,4-2-3-1,6149,Palmeiras,R. Machado Marques,SP,,Chapecoense,4-1-4-1,2018-04-29,0.0,Allianz Parque,G. Kleina,3
Vitoria,CE,0.0,18:31,5-3-2,8765,Vitoria,T. Carpini Barbosa,BA,,Fortaleza,4-2-3-1,2024-12-01,2.0,Barradã£O,J. Vojvoda,36
Botafogo-Rj,MG,1.0,16:00,4-1-4-1,6684,Botafogo-Rj,E. De Souza Barroca,RJ,,Atletico-Mg,4-1-4-1,2019-09-08,2.0,Estádio Nilton Santos,R. Marques Santana,18
Palmeiras,SP,2.0,18:30,4-3-3,8218,Cuiaba,A. Cardoso De Oliveira,MT,,Palmeiras,4-2-3-1,2023-08-19,0.0,Arena Pantanal,A. Moreira Ferreira,20
Bragantino,MT,1.0,19:00,4-2-3-1,7939,Bragantino,M. Nogueira Barbieri,SP,,Cuiaba,4-4-2,2022-10-05,2.0,Nabizão,A. Cardoso De Oliveira,30
Empate,PR,1.0,18:00,,3647,Coritiba,,PR,,Athletico-Pr,,2011-08-27,1.0,Couto Pereira,,19
Atletico-Mg,MG,3.0,21:50,,2501,Santos,,SP,,Atletico-Mg,,2008-08-06,2.0,Vila Belmiro,,18
Sao Paulo,SP,0.0,16:59,4-2-3-1,5678,Sao Paulo,R. Gomes Raymundo,SP,,Ponte Preta,4-1-4-1,2016-10-22,2.0,Morumbi,E. Baptista,32
Santos,MG,0.0,21:59,4-2-3-1,5242,Santos,D. Silvestre Júnior,SP,,Atletico-Mg,4-1-4-1,2015-09-16,4.0,Estádio Urbano Caldeira,,26
Athletico-Pr,PR,2.0,19:00,4-2-3-1,6496,Flamengo,D. Silvestre Júnior,RJ,,Athletico-Pr,4-2-3-1,2018-12-01,1.0,Maracanã,T. Retzalff Nunes,38
Vitoria,SP,1.0,18:30,,2784,Vitoria,,BA,,Santo Andre,,2009-06-28,4.0,Barradão,,8
Cruzeiro,RJ,0.0,16:00,4-2-3-1,6160,Cruzeiro,L. Venker De Menezes,MG,,Botafogo-Rj,4-1-4-1,2018-05-06,1.0,Mineirão,A. Valentim Do Carmo Neto,4
Athletico-Pr,SP,0.0,20:30,,3810,Athletico-Pr,,PR,,Sao Paulo,,2011-11-16,1.0,Arena Da Baixada,,35
Vasco,BA,2.0,21:02,4-2-3-1,8715,Vasco,C. De Paiva,RJ,,Bahia,4-1-2-1-2,2024-10-28,3.0,Estádio São Januário,R. Ceni,31
Criciuma,SP,0.0,19:33,4-1-4-1,8592,Criciuma,C. Tencati,SC,,Bragantino,4-3-3,2024-08-28,1.0,Estádio Heriberto Hülse,P. Faria Caixinha,19
Atletico-Mg,MG,2.0,16:29,4-2-3-1,7786,Juventude,U. Louzer Filho,RS,,Atletico-Mg,4-2-3-1,2022-07-02,1.0,Alfredo Jaconi,A. Mohamed Matijevich,15
Juventude,SC,0.0,16:00,,1697,Juventude,,RS,,Figueirense,,2006-07-29,1.0,Alfredo Jaconi,,14
America-Mg,PR,0.0,20:00,4-1-4-1,5686,America-Mg,E. Alves Moreira,MG,,Athletico-Pr,4-2-3-1,2016-10-24,1.0,Estádio Raimundo Sampaio,P. Autuori De Mello,32
Empate,RJ,2.0,19:00,4-4-2,9039,Sport,,PE,407770.0,Fluminense,4-4-2,2025-10-01,2.0,"Adelmar Da Costa Carvalho, Recife",L. Luis Zubeldia,26
Atletico-Mg,RJ,0.0,16:01,4-2-3-1,5940,Atletico-Mg,,MG,,Flamengo,4-2-3-1,2017-08-13,2.0,Estádio Raimundo Sampaio,J. De Almeida Filho,20
Santos,SP,1.0,16:00,,1779,Santos,,SP,,Palmeiras,,2006-09-03,5.0,Vila Belmiro,,22
Goias,CE,1.0,21:01,4-2-3-1,6538,Goias,C. Dos Santos Oliveira,GO,,Ceara,4-2-3-1,2019-05-11,2.0,Estádio Do Governo Do Estado De Goiás (Serra Dourada),E. Alves Moreira,4
Empate,GO,1.0,18:30,,3316,Ceara,,CE,,Goias,,2010-09-19,1.0,Castelão,,23
Vasco,BA,1.0,18:31,4-2-3-1,8460,Vasco,C. De Paiva,RJ,,Vitoria,3-4-1-2,2024-05-12,2.0,Estádio  São  Januário,L. Condé,6
Bahia,BA,1.0,19:16,4-2-3-1,6757,Gremio,Renato Gaúcho,RS,,Bahia,4-2-3-1,2019-10-16,0.0,Arena Do Grêmio,R. Machado Marques,26
Santos,SP,2.0,16:00,,1593,Palmeiras,,SP,,Santos,,2006-04-30,1.0,Parque Antártica,,3
Internacional,RS,2.0,18:10,,1724,Fortaleza,,CE,,Internacional,,2006-08-13,1.0,Presidente Vargas,,16
Figueirense,SC,2.0,20:30,,218,Juventude,,RS,,Figueirense,,2003-07-16,1.0,Alfredo Jaconi,,19
Empate,RJ,0.0,21:30,,7762,America-Mg,V. Carmo Mancini,MG,,Fluminense,4-2-3-1,2022-06-15,0.0,Estádio Raimundo Sampaio,F. Diniz Silva,12
Empate,RS,2.0,19:02,4-1-3-2,8694,Corinthians,R. Díaz,SP,,Internacional,4-1-3-2,2024-10-05,2.0,Neo Química Arena,R. Machado Marques,29
Bahia,SP,0.0,21:30,,489,Bahia,,BA,,Ponte Preta,,2003-11-06,1.0,Fonte Nova,,41
Fortaleza,CE,3.0,18:04,4-3-3,9131,Bahia,R. Ceni,BA,1343171.0,Fortaleza,4-2-3-1,2025-11-20,2.0,"Arena Fonte Nova, Salvador",T. Carpini,34
Empate,SP,1.0,16:00,,3484,Cruzeiro,,MG,,Palmeiras,,2011-05-29,1.0,Arena Do Jacaré,,2
Flamengo,RJ,2.0,21:59,4-2-3-1,5103,Internacional,D. Aguirre Camblor,RS,,Flamengo,4-3-2-1,2015-07-08,1.0,Estádio José Pinheiro Borda,C. Borges Dos Santos,12
Sao Paulo,SP,0.0,20:59,4-3-3,5188,Sao Paulo,J. Osorio,SP,,Ponte Preta,4-2-3-1,2015-08-29,3.0,Morumbi,D. Ghidoni Junior,21
Avai,SC,3.0,17:00,,3432,Internacional,,RS,,Avai,,2010-11-14,2.0,Beira Rio,,35
Empate,BA,2.0,16:29,3-4-2-1,8690,Atletico-Mg,,MG,,Vitoria,4-2-3-1,2024-10-05,2.0,Arena Mrv,T. Carpini Barbosa,29
Empate,SC,0.0,19:00,4-3-3,7674,Internacional,L. Venker De Menezes,RS,,Avai,4-3-3,2022-05-01,0.0,Estádio José Pinheiro Borda,E. De Souza Barroca,4
Empate,BA,1.0,16:01,4-2-3-1,5513,Athletico-Pr,P. Autuori De Mello,PR,,Vitoria,4-2-3-1,2016-07-17,1.0,Estádio Joaquim Américo Guimarães,V. Carmo Mancini,15
Internacional,BA,0.0,16:00,,37,Internacional,,RS,,Bahia,,2003-04-12,2.0,Beira Rio,,3
Empate,RJ,0.0,16:00,,3513,Flamengo,,RJ,,Botafogo-Rj,,2011-06-19,0.0,Engenhão,,5
Figueirense,RJ,1.0,16:00,,2410,Figueirense,,SC,,Vasco,,2008-07-06,2.0,Orlando Scarpelli,,9
Athletico-Pr,PR,1.0,16:00,,3273,Avai,,SC,,Athletico-Pr,,2010-09-05,0.0,Ressacada,,19
Cruzeiro,SC,1.0,11:00,4-3-3,5210,Cruzeiro,L. Venker De Menezes,MG,,Figueirense,4-3-1-2,2015-09-06,5.0,Mineirão,R. Rodrigues Simões,23
Palmeiras,SP,5.0,20:04,4-2-3-1,8705,Juventude,J. Ribeiro Ventura,RS,,Palmeiras,4-2-3-1,2024-10-20,3.0,Alfredo Jaconi,A. Moreira Ferreira,30
Fortaleza,SP,0.0,16:00,,1553,Fortaleza,,CE,,Sao Paulo,,2005-11-27,1.0,Castelão,,41
Empate,SP,1.0,16:00,4-2-3-1,8624,Flamengo,A. Bacchi,RJ,,Palmeiras,3-4-2-1,2024-08-11,1.0,Maracanã,A. Moreira Ferreira,22
Internacional,SP,0.0,21:50,,3872,Internacional,,RS,,Sao Paulo,,2012-06-06,1.0,Beira Rio,,3
Palmeiras,GO,2.0,18:30,,3403,Palmeiras,,SP,,Goias,,2010-10-30,3.0,Arena Barueri,,32
Empate,SP,1.0,17:00,,4530,Corinthians,,SP,,Santos,,2013-10-27,1.0,Fonte Luminosa,,31
Sao Caetano,PA,0.0,16:00,,980,Sao Caetano,,SP,,Paysandu,,2004-10-17,3.0,Anacleto Campanella,,36
Fluminense,RJ,1.0,20:30,,2646,Figueirense,,SC,,Fluminense,,2008-11-05,0.0,Orlando Scarpelli,,32
Sao Paulo,RS,0.0,18:10,,1848,Sao Paulo,,SP,,Juventude,,2006-10-14,5.0,Morumbi,,29
Empate,GO,1.0,19:00,,7938,Ceara,L. González,CE,,Goias,4-1-4-1,2022-10-05,1.0,Arena Castelão,J. Ribeiro Ventura,30
Palmeiras,RJ,0.0,18:30,4-2-3-1,8232,Palmeiras,A. Moreira Ferreira,SP,,Vasco,4-1-4-1,2023-08-27,1.0,Allianz Parque,R. Díaz,21
Goias,RJ,0.0,16:00,,1320,Goias,,GO,,Flamengo,NAN,2005-08-14,2.0,Serra Dourada,,20
Athletico-Pr,PE,0.0,17:03,4-2-3-1,5720,Athletico-Pr,P. Autuori De Mello,PR,,Sport,4-2-3-1,2016-11-20,2.0,Estádio Joaquim Américo Guimarães,D. Pollo Barioni,36
Paysandu,RS,2.0,18:00,,516,Paysandu,,PA,,Juventude,,2003-11-23,3.0,Mangueirão,,43
Internacional,CE,2.0,20:31,4-2-3-1,7183,Internacional,A. Da Silva Braga,RS,,Fortaleza,4-2-3-1,2021-01-17,4.0,Estádio José Pinheiro Borda,E. Alves Moreira,30
Cuiaba,MT,3.0,20:00,,8287,Coritiba,T. Kosloski,PR,,Cuiaba,,2023-10-18,0.0,Couto Pereira,A. Cardoso De Oliveira,27
Empate,RJ,1.0,16:00,,1103,Athletico-Pr,,PR,,Botafogo-Rj,,2004-12-19,1.0,Arena Da Baixada,,46
Gremio,GO,0.0,19:30,,3279,Gremio,,RS,,Atletico-Go,,2010-09-08,2.0,Olímpico,,20
Ceara,CE,4.0,19:00,3-1-4-2,7194,Goias,G. Ramos Da Silva,GO,,Ceara,4-2-3-1,2021-01-21,0.0,Estádio Da Serrinha,A. Ferreira,31
Palmeiras,SP,2.0,16:30,4-2-2-2,7366,Palmeiras,J. M. Barreto Martins,SP,,Santos,4-2-3-1,2021-07-10,3.0,Allianz Parque,F. Diniz Silva,11
Bahia,RS,0.0,20:32,4-3-3,9072,Bahia,R. Ceni,BA,806743.0,Gremio,4-2-3-1,2025-10-19,4.0,"Arena Fonte Nova, Salvador",L. Castro,29
Gremio,RS,2.0,20:01,4-1-4-1,8329,Coritiba,T. Kosloski,PR,,Gremio,3-4-1-2,2023-11-01,1.0,Couto Pereira,Renato Gaúcho,31
Figueirense,SC,1.0,18:30,,3998,Sport,,PE,,Figueirense,,2012-08-11,0.0,Ilha Do Retiro,,16
Paysandu,SC,0.0,20:30,,197,Paysandu,,PA,,Figueirense,,2003-07-09,1.0,Mangueirão,,17
Empate,SP,0.0,16:04,,4723,Vitoria,J. Da Silva,BA,,Corinthians,,2014-07-20,0.0,Barradão,L. Venker De Menezes,11
Guarani,PR,0.0,16:00,,645,Guarani,,SP,,Parana,,2004-05-30,1.0,Brinco De Ouro,,8
Empate,RJ,3.0,18:32,4-4-2,9156,Mirassol,R. Guanaes,SP,1258100.0,Flamengo,4-2-3-1,2025-12-06,3.0,"Campos Maia, Mirassol",F. Luís,38
Gremio,RS,1.0,18:30,,3288,Corinthians,,SP,,Gremio,,2010-09-11,0.0,Pacaembu,,21
Empate,SP,0.0,16:00,,3130,Guarani,,SP,,Sao Paulo,,2010-05-23,0.0,Brinco De Ouro,,5
Empate,PE,0.0,18:59,4-2-3-1,6454,Fluminense,M. De Oliveira Santos,RJ,,Sport,4-2-3-1,2018-11-11,0.0,Maracanã£,M. Mendes,33
Botafogo-Rj,SC,1.0,19:30,,3559,Botafogo-Rj,,RJ,,Avai,,2011-07-27,2.0,Engenhão,,12
Gremio,RS,3.0,17:33,4-2-3-1,9021,Internacional,R. Díaz,RS,1715197.62,Gremio,4-3-1-2,2025-09-21,2.0,"Estádio Beira-Rio, Porto Alegre",L. Castro,24
Coritiba,SP,3.0,21:00,,4320,Coritiba,,PR,,Ponte Preta,,2013-07-31,5.0,Couto Pereira,,10
Empate,RN,1.0,18:10,,2219,Goias,,GO,,America-Rn,,2007-09-22,1.0,Serra Dourada,,27
Vitoria,BA,3.0,18:00,,4553,Ponte Preta,,SP,,Vitoria,,2013-11-10,0.0,Moisés Lucarelli,,33
Flamengo,MG,0.0,16:00,,7290,Flamengo,M. Souza,RJ,,America-Mg,4-1-4-1,2021-06-13,2.0,Maracanã,L. Cirne Lima De Lorenzi,3
Internacional,MG,1.0,16:00,,3721,Internacional,,RS,,Atletico-Mg,,2011-09-25,2.0,Beira Rio,,26
-,PR,0.0,16:00,,973,Corinthians,,SP,,Coritiba,,2004-10-16,0.0,Pacaembu,,36
Athletico-Pr,PE,1.0,18:00,,4580,Athletico-Pr,,PR,,Nautico,,2013-11-24,6.0,Arena Joinville,,36
Atletico-Mg,MG,0.0,20:30,,720,Atletico-Mg,,MG,,Cruzeiro,,2004-07-10,2.0,Mineirão,,14
America-Mg,BA,0.0,19:00,4-2-3-1,6492,America-Mg,G. De Oliveira,MG,,Bahia,4-2-3-1,2018-11-25,1.0,Estádio Raimundo Sampaio,E. Alves Moreira,37
Empate,MG,2.0,19:01,3-4-3,6157,Sao Paulo,D. Aguirre Camblor,SP,,Atletico-Mg,4-2-3-1,2018-05-05,2.0,Morumbi,T. Mendes Larghi,4
Empate,CE,1.0,21:00,4-2-3-1,7550,Atletico-Go,M. Ribeiro Cabo,GO,,Ceara,4-2-3-1,2021-11-20,1.0,Estádio Antônio Accioly,T. Retzalff Nunes,34
Vitoria,SP,2.0,18:30,,2804,Vitoria,,BA,,Santos,,2009-07-12,6.0,Barradão,,10
Goias,GO,2.0,18:20,,2567,Gremio,,RS,,Goias,,2008-09-13,1.0,Olímpico,,25
Santos,SP,2.0,18:30,,4027,Palmeiras,,SP,,Santos,,2012-08-25,1.0,Pacaembu,,19
Sao Paulo,RJ,2.0,21:00,4-2-3-1,6200,Sao Paulo,D. Aguirre Camblor,SP,,Botafogo-Rj,4-2-3-1,2018-05-30,3.0,Morumbi,,8
Juventude,PR,1.0,16:00,,44,Juventude,,RS,,Coritiba,,2003-04-13,2.0,Alfredo Jaconi,,3
Sao Paulo,RS,0.0,18:31,4-2-3-1,8297,Sao Paulo,D. Silvestre Júnior,SP,,Gremio,5-3-2,2023-10-21,3.0,Morumbi,Renato Gaúcho,28
Palmeiras,SP,1.0,19:32,4-2-3-1,8820,Internacional,R. Díaz,RS,1602735.5,Palmeiras,3-4-2-1,2025-04-16,0.0,"Estádio Beira-Rio, Porto Alegre",A. Ferreira,4
Fluminense,SP,1.0,21:00,,4065,Fluminense,,RJ,,Santos,,2012-09-06,3.0,Engenhão,,22
Ceara,CE,2.0,16:01,4-2-3-1,8951,Cruzeiro,T. Tite,MG,3286100.58,Ceara,4-2-3-1,2025-07-27,1.0,"Mineirão, Belo Horizonte",M. Mozart,17
Empate,SP,1.0,18:10,,1698,Sao Caetano,,SP,,Ponte Preta,,2006-07-29,1.0,Anacleto Campanella,,14
Gremio,PR,1.0,16:00,,2793,Gremio,,RS,,Athletico-Pr,,2009-07-05,4.0,Olímpico,,9
Figueirense,SC,2.0,18:10,,2234,Cruzeiro,,MG,,Figueirense,,2007-09-30,1.0,Mineirão,,28
Empate,SP,0.0,11:03,4-3-3,5819,Coritiba,E. Pacheco,PR,,Corinthians,4-2-3-1,2017-06-18,0.0,Couto Pereira,F. Carille,8
Vasco,MG,0.0,18:00,,3766,Vasco,,RJ,,Atletico-Mg,,2011-10-16,2.0,São Januário,,30
Gremio,RS,1.0,19:30,,3867,Atletico-Go,,GO,,Gremio,,2012-06-06,0.0,Serra Dourada,,3
Chapecoense,MG,0.0,16:00,4-2-3-1,6400,Chapecoense,A. Ferreira,SC,,Atletico-Mg,4-3-3,2018-10-06,1.0,Arena Condá,T. Mendes Larghi,28
Empate,RS,2.0,16:00,4-3-3,8659,Bragantino,P. Faria Caixinha,SP,,Gremio,4-3-3,2024-09-15,2.0,Nabizão,A. P. Mendes,26
Empate,MG,0.0,19:31,4-1-2-1-2,8938,Corinthians,D. Junior,SP,2289651.4,Cruzeiro,,2025-07-23,0.0,"Neo Química Arena, São Paulo",T. Tite,16
Flamengo,RJ,4.0,19:00,4-3-3,6648,Vasco,V. Luxemburgo Da Silva,RJ,,Flamengo,4-2-3-1,2019-08-17,1.0,Estádio Nacional De Brasília,J. Pinheiro De Jesus,15
Flamengo,RJ,6.0,16:00,3-4-2-1,8471,Vasco,Á. Teixeira Pacheco,RJ,,Flamengo,4-2-3-1,2024-06-02,1.0,Maracanã,A. Bacchi,7
Gremio,RS,1.0,16:00,,3760,Santos,,SP,,Gremio,,2011-10-16,0.0,Vila Belmiro,,30
Sao Paulo,PR,1.0,19:01,4-2-3-1,8127,Sao Paulo,D. Silvestre Júnior,SP,,Athletico-Pr,4-2-3-1,2023-06-21,2.0,Morumbi,W. Carvalho,11
Palmeiras,SP,2.0,20:00,3-1-4-2,7775,Sao Paulo,R. Ceni,SP,,Palmeiras,4-3-1-2,2022-06-20,1.0,Morumbi,J. M. Barreto Martins,13
Atletico-Mg,SP,0.0,18:30,,3925,Atletico-Mg,,MG,,Portuguesa,,2012-07-08,2.0,Independência,,8
Fluminense,RJ,4.0,18:30,,3905,Atletico-Go,,GO,,Fluminense,,2012-06-24,1.0,Serra Dourada,,6
Fluminense,RJ,2.0,19:30,,2278,Figueirense,,SC,,Fluminense,,2007-10-31,0.0,Orlando Scarpelli,,34
Palmeiras,SP,0.0,19:30,4-2-3-1,6786,Palmeiras,L. Venker De Menezes,SP,,Sao Paulo,4-1-4-1,2019-10-30,3.0,Allianz Parque,F. Diniz Silva,29
Parana,PR,2.0,16:00,,1413,Parana,,PR,,Coritiba,,2005-10-01,3.0,Pinheirão,,29
Fluminense,SP,0.0,18:00,,740,Fluminense,,RJ,,Santos,,2004-07-17,1.0,Maracanã,,16
Empate,SP,0.0,18:30,,4269,Corinthians,,SP,,Portuguesa,,2013-06-08,0.0,Pacaembu,,5
Sao Paulo,SC,1.0,17:00,,2672,Sao Paulo,,SP,,Figueirense,,2008-11-16,3.0,Morumbi,,35
Empate,CE,0.0,19:59,4-3-3,7330,Gremio,,RS,,Fortaleza,3-4-1-2,2021-06-27,0.0,Arena Do Grêmio,J. Vojvoda,7
Empate,MT,0.0,21:30,3-4-1-2,7445,Fortaleza,J. Vojvoda,CE,,Cuiaba,4-4-2,2021-08-30,0.0,Arena Castelão,J. De Amorim Campos,18
Botafogo-Rj,SP,2.0,16:00,,3852,Botafogo-Rj,,RJ,,Sao Paulo,,2012-05-20,4.0,Engenhão,,1
Empate,RJ,2.0,16:02,4-2-3-1,8631,Criciuma,C. Tencati,SC,,Vasco,4-2-3-1,2024-08-18,2.0,Estádio Heriberto Hülse,C. De Paiva,23
Cuiaba,MT,2.0,16:00,4-1-2-1-2,8188,Internacional,E. Coudet,RS,,Cuiaba,4-3-3,2023-07-29,1.0,Estádio Beira-Rio,A. Cardoso De Oliveira,17
Vasco,SP,0.0,20:00,4-2-3-1,6482,Vasco,A. Valentim Do Carmo Neto,RJ,,Sao Paulo,,2018-11-22,2.0,Estádio Vasco Da Gama,A. Soares Jardine,36
Flamengo,BA,1.0,18:00,4-2-3-1,6821,Flamengo,J. Pires De Deus,RJ,,Bahia,4-3-3,2019-11-10,3.0,Maracanã,R. Machado Marques,32
Figueirense,SC,3.0,18:00,,675,Flamengo,,RJ,,Figueirense,,2004-06-26,0.0,Raulino De Oliveira,,11
Santos,BA,1.0,18:14,4-3-3,7072,Santos,A. Stival,SP,,Bahia,4-2-3-1,2020-11-01,3.0,Estádio Urbano Caldeira,L. Venker De Menezes,19
Cruzeiro,MG,1.0,17:00,,3842,Cruzeiro,,MG,,Atletico-Mg,,2011-12-04,6.0,Arena Do Jacaré,,38
Athletico-Pr,SP,1.0,16:00,,1818,Athletico-Pr,,PR,,Sao Caetano,,2006-09-23,3.0,Kyocera Arena,,26
Corinthians,PR,0.0,19:01,4-2-3-1,8328,Corinthians,L. Venker De Menezes,SP,,Athletico-Pr,,2023-11-01,1.0,Neo Química Arena,W. Carvalho,31
Empate,MG,2.0,16:01,4-3-3,6642,Avai,A. Valentim Do Carmo Neto,SC,,Cruzeiro,4-2-3-1,2019-08-11,2.0,Ressacada,R. Alves Resende,14
Vitoria,BA,3.0,19:00,4-3-3,5824,Sport,V. Luxemburgo Da Silva,PE,,Vitoria,4-2-3-1,2017-06-18,1.0,Adelmar Da Costa Carvalho,A. Tadeu Gallo,8
Palmeiras,SP,1.0,18:33,,4653,Vitoria,C. Amadeu,BA,,Palmeiras,,2014-05-18,0.0,Estádio De Pituaçu,A. Valentim Do Carmo Neto,5
Corinthians,MG,1.0,16:03,4-2-3-1,8033,Corinthians,F. Lázaro Rodrigues Alves,SP,,Cruzeiro,4-2-3-1,2023-04-16,2.0,Neo Química Arena,P. Marques Da Costa Filipe,1
Figueirense,RS,0.0,20:30,,2115,Figueirense,,SC,,Gremio,,2007-08-02,1.0,Orlando Scarpelli,,16
Santa Cruz,GO,1.0,20:30,,1674,Santa Cruz,,PE,,Goias,,2006-07-13,2.0,Arruda,,11
Sport,PR,2.0,18:10,,2117,Sport,,PE,,Athletico-Pr,,2007-04-08,3.0,Ilha Do Retiro,,17
Empate,PE,1.0,17:00,,4214,Bahia,,BA,,Nautico,,2012-11-25,1.0,Pituaçu,,37
Internacional,SP,1.0,16:00,,1549,Internacional,,RS,,Palmeiras,,2005-11-27,2.0,Beira Rio,,41
Vasco,BA,1.0,20:00,4-2-3-1,6385,Vasco,A. Valentim Do Carmo Neto,RJ,,Bahia,4-2-3-1,2018-09-24,2.0,Estádio Vasco Da Gama,E. Alves Moreira,26
Vitoria,SC,0.0,21:00,,3326,Vitoria,,BA,,Avai,,2010-09-23,3.0,Barradão,,24
Empate,RJ,1.0,20:30,4-3-3,7228,Bragantino,M. Nogueira Barbieri,SP,,Flamengo,,2021-02-07,1.0,Nabizão,R. Ceni,35
Paysandu,SP,0.0,16:00,,356,Paysandu,,PA,,Sao Caetano,,2003-09-14,1.0,Mangueirã£O,,30
Flamengo,SP,1.0,16:01,4-2-3-1,5185,Flamengo,O. De Oliveira Filho,RJ,,Sao Paulo,4-3-3,2015-08-23,2.0,Maracanã,J. Osorio,20
Figueirense,SP,0.0,18:10,,1465,Figueirense,,SC,,Ponte Preta,,2005-10-22,4.0,Orlando Scarpelli,,33
Fluminense,RS,0.0,16:00,,3222,Fluminense,,RJ,,Internacional,,2010-08-15,3.0,Maracanã,,14
Empate,SC,3.0,20:30,,940,Cruzeiro,,MG,,Figueirense,,2004-09-28,3.0,Mineirão,,33
Santos,PR,0.0,21:01,4-2-3-1,5148,Santos,D. Silvestre Júnior,SP,,Coritiba,4-4-1-1,2015-08-08,3.0,Estádio Urbano Caldeira,N. Da Silveira Júnior,17
Cruzeiro,MG,3.0,20:00,4-2-3-1,5925,Vasco,M. Mendes,RJ,,Cruzeiro,4-2-3-1,2017-08-03,0.0,Estádio Municipal General Raulino De Oliveira,L. Venker De Menezes,18
Empate,SC,1.0,16:30,4-2-3-1,7856,Goias,J. Ribeiro Ventura,GO,,Avai,4-3-3,2022-08-13,1.0,Estádio Da Serrinha,E. De Souza Barroca,22
Gremio,CE,1.0,20:30,,1754,Gremio,,RS,,Fortaleza,,2006-08-24,4.0,Centenário (*Pf),,19
Corinthians,RJ,0.0,18:31,4-3-1-2,8797,Corinthians,D. Junior,SP,2958819.7,Vasco,4-2-3-1,2025-04-05,3.0,"Neo Química Arena, São Paulo",F. Diniz,2
Atletico-Go,GO,2.0,19:01,4-2-3-1,7748,Fluminense,F. Diniz Silva,RJ,,Atletico-Go,4-2-3-1,2022-06-11,0.0,Maracanã,J. De Amorim Campos,11
Empate,CE,1.0,20:30,,1775,Sao Paulo,,SP,,Fortaleza,,2006-08-31,1.0,Morumbi,,21
Fluminense,RJ,1.0,16:00,,1198,Corinthians,,SP,,Fluminense,,2005-06-26,0.0,Wilson De Barros*(Pf),,9
Empate,PE,1.0,19:30,,1879,Flamengo,,RJ,,Santa Cruz,,2006-11-01,1.0,Maracanã,,32
Ipatinga,PE,0.0,18:30,,2669,Ipatinga,,MG,,Sport,,2008-11-15,3.0,Ipatingão,,35
Avai,SP,2.0,16:00,,3172,Avai,,SC,,Palmeiras,,2010-07-18,4.0,Ressacada,,9
Sport,PE,1.0,20:30,,2028,Sport,,PE,,Nautico,,2007-06-28,4.0,Ilha Do Retiro,,8
Empate,RN,2.0,18:10,,2015,Sport,,PE,,America-Rn,,2007-06-17,2.0,Ilha Do Retiro,,6
Corinthians,RJ,0.0,20:02,4-2-3-1,8264,Corinthians,V. Luxemburgo Da Silva,SP,,Botafogo-Rj,4-2-3-1,2023-09-22,1.0,Neo Química Arena,B. Nascimento,24
Nautico,RS,0.0,18:30,,3894,Nautico,,PE,,Gremio,,2012-06-17,1.0,Aflitos,,5
Palmeiras,RS,2.0,18:30,,3109,Palmeiras,,SP,,Gremio,,2010-05-22,4.0,Parque Antártica,,3
Internacional,RS,1.0,19:30,,3239,Avai,,SC,,Internacional,,2010-08-25,0.0,Ressacada,,16
Cruzeiro,PR,0.0,18:30,,4427,Cruzeiro,,MG,,Athletico-Pr,,2013-09-14,1.0,Mineirão,,21
Flamengo,RN,1.0,20:30,,2090,Flamengo,,RJ,,America-Rn,,2007-07-25,3.0,Mário Helênio,,14
-,PR,1.0,21:03,4-4-2,5220,Figueirense,R. Rodrigues Simões,SC,,Athletico-Pr,4-2-3-1,2015-09-09,1.0,Orlando Scarpelli,M. Mendes,24
Empate,RJ,0.0,16:00,,397,Athletico-Pr,,PR,,Fluminense,,2003-10-04,0.0,Arena Da Baixada,,34
Flamengo,BA,1.0,18:30,,2789,Flamengo,,RJ,,Vitoria,,2009-07-04,2.0,Engenhão,,9
Flamengo,RJ,1.0,16:59,4-3-3,7118,Botafogo-Rj,F. Mercier De Lucena,RJ,,Flamengo,4-4-2,2020-12-05,0.0,Estádio Nilton Santos,R. Ceni,24
Ceara,PR,0.0,21:01,4-2-3-1,6483,Ceara,L. Cirne Lima De Lorenzi,CE,,Parana,4-4-2,2018-11-22,1.0,Arena Castelão,L. Cavalcanti,36
Empate,SP,1.0,18:30,,4074,Atletico-Go,,GO,,Portuguesa,,2012-09-09,1.0,Serra Dourada,,23
Ponte Preta,SP,0.0,16:03,4-2-3-1,5577,Ponte Preta,E. Baptista,SP,,Corinthians,4-1-4-1,2016-08-27,2.0,Moisés Lucarelli,C. Borges Dos Santos,22
Cuiaba,CE,1.0,18:30,3-4-2-1,8365,Cuiaba,A. Cardoso De Oliveira,MT,,Fortaleza,4-2-3-1,2023-12-11,2.0,Arena Pantanal,J. Vojvoda,34
Athletico-Pr,RJ,0.0,19:32,4-2-3-1,5356,Athletico-Pr,C. Borges Dos Santos,PR,,Flamengo,,2015-11-29,,Estádio Joaquim Américo Guimarães,J. De Almeida Filho,37
Atletico-Go,SP,1.0,15:59,4-2-3-1,7208,Atletico-Go,M. Ribeiro Cabo,GO,,Sao Paulo,4-4-2,2021-01-31,2.0,Estádio Antônio Accioly,F. Diniz Silva,33
Atletico-Go,GO,1.0,20:00,4-3-3,7624,Chapecoense,F. Paiva Endres,SC,,Atletico-Go,4-2-3-1,2021-12-03,0.0,Arena Condá,M. Ribeiro Cabo,36
Empate,MG,2.0,17:01,4-2-3-1,6796,Fortaleza,R. Ceni,CE,,Atletico-Mg,,2019-11-02,2.0,Arena Castelão,V. Carmo Mancini,30
Cruzeiro,DF,0.0,18:10,,1520,Cruzeiro,,MG,,Brasiliense,,2005-11-13,1.0,Mineirão,,38
Sao Paulo,SP,1.0,16:00,4-2-3-1,8170,Sao Paulo,D. Silvestre Júnior,SP,,Santos,4-2-3-1,2023-07-16,4.0,Morumbi,F. Paiva Endres,15
Atletico-Mg,SP,0.0,18:10,,1390,Atletico-Mg,,MG,,Santos,,2005-09-18,3.0,Mineirã£O,,26
Ponte Preta,PE,0.0,18:31,4-1-4-1,5673,Ponte Preta,E. Baptista,SP,,Santa Cruz,4-2-3-1,2016-10-16,3.0,Moisés Lucarelli,D. Ghidoni Junior,31
Flamengo,PE,1.0,18:20,,2588,Flamengo,,RJ,,Sport,,2008-09-27,2.0,Maracanã,,27
Botafogo-Rj,SP,1.0,21:30,4-3-3,7022,Botafogo-Rj,,RJ,,Palmeiras,,2020-10-07,2.0,Estádio Nilton Santos,V. Luxemburgo Da Silva,14
Coritiba,PR,1.0,16:01,4-2-3-1,5620,Sport,O. De Oliveira Filho,PE,,Coritiba,4-1-4-1,2016-09-18,0.0,Adelmar Da Costa Carvalho,P. Carpegiani,26
Empate,MG,1.0,19:29,4-2-3-1,7617,Bragantino,M. Nogueira Barbieri,SP,,America-Mg,4-1-4-1,2021-11-27,1.0,Nabizão,M. Dos Santos Gonçalves,36
Gremio,SC,0.0,21:00,4-2-3-1,5009,Gremio,J. Freitas,RS,,Figueirense,4-1-2-1-2,2015-05-23,1.0,Arena Do Grêmio,A. Fucks,3
Empate,PE,1.0,16:00,,2859,Flamengo,,RJ,,Nautico,,2009-08-02,1.0,Maracanã,,16
Internacional,SP,1.0,21:30,4-2-3-1,8247,Internacional,E. Coudet,RS,,Sao Paulo,4-4-1-1,2023-09-13,2.0,Estádio Beira-Rio,D. Silvestre Júnior,23
Cruzeiro,MG,1.0,16:02,4-2-3-1,5771,Santos,D. Silvestre Júnior,SP,,Cruzeiro,4-3-2-1,2017-05-28,0.0,Estádio Urbano Caldeira,L. Venker De Menezes,3
Flamengo,RJ,1.0,18:33,4-2-3-1,5843,Bahia,,BA,,Flamengo,4-2-3-1,2017-06-25,0.0,Itaipava Arena Fonte Nova,J. Mannarino,10
Corinthians,BA,0.0,19:31,4-2-3-1,5832,Corinthians,F. Carille,SP,,Bahia,4-2-3-1,2017-06-22,3.0,Neo Química Arena,J. De Amorim Campos,9
Sao Paulo,SP,1.0,20:30,,1630,Sao Paulo,,SP,,Palmeiras,,2006-05-24,4.0,Morumbi,,7
Fluminense,SC,2.0,18:30,,4889,Fluminense,C. Borges Dos Santos,RJ,,Criciuma,,2014-10-18,4.0,Maracanã,G. Dal Pozzo,29
Botafogo-Rj,MG,0.0,19:30,,4527,Botafogo-Rj,,RJ,,Atletico-Mg,,2013-10-26,1.0,Maracanã,,31
Vasco,RJ,1.0,18:30,,3525,Atletico-Go,,GO,,Vasco,,2011-06-26,0.0,Serra Dourada,,6
Empate,RS,1.0,20:00,4-2-3-1,5905,Sao Paulo,D. Silvestre Júnior,SP,,Gremio,4-2-3-1,2017-07-24,1.0,Morumbi,,16
Empate,PR,0.0,18:59,,7754,Fortaleza,J. Vojvoda,CE,,Athletico-Pr,,2022-06-12,0.0,Arena Castelão,L. Scolari,11
Santos,CE,0.0,16:00,,3611,Santos,,SP,,Ceara,,2011-08-07,1.0,Pacaembu,,15
Empate,SP,1.0,18:30,,3936,Palmeiras,,SP,,Sao Paulo,NAN,2012-07-15,1.0,Arena Barueri,,9
Santos,SP,0.0,22:00,4-2-3-1,5222,Santos,D. Silvestre Júnior,SP,,Sao Paulo,4-2-3-1,2015-09-09,3.0,Estádio Urbano Caldeira,J. Osorio,24
Sao Paulo,SP,2.0,16:00,,238,Vitoria,,BA,,Sao Paulo,,2003-07-20,0.0,Barradão,,20
Empate,SP,2.0,19:00,4-2-3-1,7727,Athletico-Pr,L. Scolari,PR,,Santos,4-3-3,2022-06-04,2.0,Estádio Joaquim Américo Guimarães,F. Bustos,9
America-Mg,MG,2.0,19:00,,3797,Fluminense,,RJ,,America-Mg,,2011-11-12,1.0,Engenhão,,34
Coritiba,SP,0.0,21:00,,4119,Coritiba,,PR,,Ponte Preta,,2012-10-04,1.0,Couto Pereira,,28
-,MG,1.0,21:45,4-2-3-1,6302,Gremio,Renato Gaúcho,RS,,Cruzeiro,4-2-3-1,2018-08-22,1.0,Arena Do Grêmio,,20
Empate,PE,2.0,16:02,,5002,Flamengo,V. Luxemburgo Da Silva,RJ,,Sport,4-2-3-1,2015-05-17,2.0,Maracanã,E. Baptista,2
Santos,SP,3.0,17:00,,3801,Ceara,,CE,,Santos,,2011-11-13,2.0,Presidente Vargas,,34
Empate,SP,2.0,18:15,4-2-3-1,7530,Ceara,T. Retzalff Nunes,CE,,Bragantino,4-2-3-1,2021-10-17,2.0,Arena Castelão,M. Nogueira Barbieri,27
Corinthians,SP,1.0,16:00,,3900,Corinthians,,SP,,Palmeiras,,2012-06-24,2.0,Pacaembu,,6
Fluminense,RJ,3.0,18:29,4-2-3-1,5025,Flamengo,C. Borges Dos Santos,RJ,,Fluminense,4-2-3-1,2015-05-31,2.0,Maracanã,E. Alves Moreira,4
Empate,MG,2.0,18:10,,1949,Fluminense,,RJ,,Cruzeiro,,2007-05-12,2.0,Maracanã,,1
Vitoria,RJ,0.0,19:01,4-3-3,6364,Vitoria,P. Carpegiani,BA,,Vasco,4-3-2-1,2018-09-09,1.0,Barradão,A. Valentim Do Carmo Neto,24
Parana,PR,2.0,16:00,,471,Gremio,,RS,,Parana,,2003-11-01,0.0,Olímpico,,40
Empate,RJ,1.0,21:00,,7702,America-Mg,V. Carmo Mancini,MG,,Botafogo-Rj,4-2-3-1,2022-05-21,1.0,Estádio Raimundo Sampaio,L. Castro,7
Coritiba,RJ,1.0,16:00,,3493,Coritiba,,PR,,Vasco,,2011-06-05,5.0,Couto Pereira,,3
Palmeiras,PE,1.0,20:00,4-2-3-1,6093,Palmeiras,A. Valentim Do Carmo Neto,SP,,Sport,4-2-3-1,2017-11-16,5.0,Allianz Parque,D. Pollo Barioni,35
Parana,RJ,1.0,18:10,,2236,Parana,,PR,,Fluminense,,2007-09-30,3.0,Durival De Brito,,28
Empate,SP,2.0,18:10,,1107,Sao Caetano,,SP,,Palmeiras,,2005-04-23,2.0,Bruno J Daniel,,1
Santos,RS,0.0,18:10,,2201,Santos,,SP,,Juventude,,2007-08-09,1.0,Vila Belmiro,,25
Ponte Preta,BA,0.0,20:30,,819,Ponte Preta,,SP,,Vitoria,,2004-08-11,1.0,Moisés Lucarelli,,23
Coritiba,SP,1.0,18:02,4-1-4-1,5574,Coritiba,P. Carpegiani,PR,,Santos,4-2-3-1,2016-08-21,2.0,Couto Pereira,D. Silvestre Júnior,21
Empate,RJ,2.0,19:30,,4524,Botafogo-Rj,,RJ,,Vasco,,2013-10-20,2.0,Maracanã,,30
Gremio,RS,6.0,20:01,4-1-4-1,5794,Chapecoense,V. Carmo Mancini,SC,,Gremio,,2017-06-08,3.0,Arena Condá,Renato Gaúcho,5
Empate,PE,2.0,18:10,,2625,Sport,,PE,,Nautico,,2008-10-19,2.0,Ilha Do Retiro,,30
Athletico-Pr,CE,1.0,18:00,4-2-3-1,7076,Athletico-Pr,P. Autuori De Mello,PR,,Fortaleza,4-4-2,2020-11-07,2.0,Estádio Joaquim Américo Guimarães,R. Ceni,20
Empate,RJ,0.0,16:03,3-4-2-1,9110,Vitoria,Jair Zaksauskas Ribeiro Ventura,BA,664003.0,Botafogo-Rj,4-2-2-2,2025-11-09,0.0,"Barradão, Salvador",Davide Ancelotti,33
Paysandu,PA,1.0,16:00,,889,Vasco,,RJ,,Paysandu,,2004-09-07,0.0,São Januário,,29
Botafogo-Rj,MG,0.0,19:30,,2438,Botafogo-Rj,,RJ,,Ipatinga,,2008-07-16,4.0,Engenhão,,12
Sao Paulo,SP,1.0,18:59,4-2-3-1,6058,Atletico-Go,J. P. Sanches,GO,,Sao Paulo,4-1-4-1,2017-11-04,0.0,Estã¡Dio Do Governo Do Estado De Goiã¡S (Serra Dourada),D. Silvestre Júnior,32
Empate,BA,1.0,20:00,4-2-3-1,7043,Goias,E. Alves Moreira,GO,,Bahia,4-2-3-1,2020-10-16,1.0,Estádio Da Serrinha,L. Venker De Menezes,16
Internacional,RS,2.0,20:30,,818,Parana,,PR,,Internacional,,2004-08-11,1.0,Pinheirão,,23
Palmeiras,MG,2.0,17:31,4-3-3,8934,Palmeiras,A. Ferreira,SP,2995507.0,Atletico-Mg,4-3-3,2025-07-20,3.0,"Allianz Parque, São Paulo",J. Sampaoli,15
Vasco,SP,1.0,21:00,,3415,Vasco,,RJ,,Gremio Prudente,,2010-11-04,2.0,São Januário,,33
America-Mg,RJ,1.0,20:01,4-2-3-1,6355,America-Mg,A. Batista,MG,,Vasco,4-2-3-1,2018-09-06,2.0,Estádio Raimundo Sampaio,A. Valentim Do Carmo Neto,23
Nautico,PE,2.0,16:00,,2342,Fluminense,,RJ,,Nautico,,2008-05-18,0.0,Maracanã,,2
Vasco,MG,0.0,18:30,4-2-3-1,9027,Vasco,F. Diniz,RJ,1561047.0,Cruzeiro,4-5-1,2025-09-27,2.0,"Estádio São Januário, Rio De Janeiro",T. Tite,25
Vitoria,SP,2.0,18:30,,3168,Vitoria,,BA,,Sao Paulo,,2010-07-17,3.0,Barradão,,9
Empate,RJ,1.0,22:00,,1812,Santos,,SP,,Fluminense,,2006-09-20,1.0,Vila Belmiro,,25
Flamengo,RJ,3.0,20:03,4-3-1-2,8769,Criciuma,C. Tencati,SC,,Flamengo,4-2-3-1,2024-12-04,0.0,Estádio Heriberto Hülse,F. Luís,37
Parana,PR,2.0,20:30,,1269,Internacional,,RS,,Parana,,2005-07-28,0.0,Beira  Rio,,15
Empate,SC,0.0,15:01,4-4-2,5087,Coritiba,N. Da Silveira Júnior,PR,,Joinville,4-2-3-1,2015-07-04,0.0,Couto Pereira,A. Batista,11
Empate,RJ,2.0,16:00,4-2-2-2,7970,Fluminense,F. Diniz Silva,RJ,,Botafogo-Rj,4-3-3,2022-10-23,2.0,Maracanã,L. Castro,33
Sport,PE,1.0,19:01,4-2-3-1,5836,Santos,L. Culpi,SP,,Sport,4-2-3-1,2017-06-24,0.0,Estádio Urbano Caldeira,V. Luxemburgo Da Silva,10
Santos,SP,1.0,18:31,4-2-3-1,5195,Cruzeiro,V. Luxemburgo Da Silva,MG,,Santos,4-2-3-1,2015-08-30,0.0,Mineirão,D. Silvestre Júnior,21
Bahia,BA,2.0,16:00,,4452,Botafogo-Rj,,RJ,,Bahia,,2013-09-22,1.0,Maracanã,,23
Vitoria,BA,1.0,19:31,,4954,Chapecoense,J. Da Silva,SC,,Vitoria,,2014-11-16,0.0,Arena Condá,N. Da Silveira Júnior,34
Empate,RS,0.0,18:30,,4047,Palmeiras,,SP,,Gremio,,2012-09-01,0.0,Pacaembu,,21
Palmeiras,MG,0.0,21:46,4-2-3-1,6479,Palmeiras,L. Scolari,SP,,America-Mg,4-2-3-1,2018-11-21,4.0,Allianz Parque,G. De Oliveira,36
-,PR,1.0,18:00,,3705,Internacional,,RS,,Coritiba,,2011-09-18,1.0,Beira Rio,,24
Empate,RJ,1.0,18:10,,1036,Corinthians,,SP,,Fluminense,,2004-11-13,1.0,Pacaembu,,41
Palmeiras,SP,1.0,21:45,4-3-3,5591,Palmeiras,A. Stival,SP,,Sao Paulo,4-2-3-1,2016-09-07,2.0,Allianz Parque,R. Gomes Raymundo,23
Flamengo,RJ,0.0,16:00,,1231,Flamengo,,RJ,,Vasco,,2005-07-17,1.0,Raulino De Oliveira,,12
Santos,SP,0.0,18:59,4-3-3,7215,Santos,A. Stival,SP,,Corinthians,4-2-3-1,2021-02-17,1.0,Estádio Urbano Caldeira,V. Carmo Mancini,33
Chapecoense,SC,2.0,19:30,4-1-4-1,6788,Atletico-Mg,V. Carmo Mancini,MG,,Chapecoense,4-1-4-1,2019-10-30,0.0,Estádio Raimundo Sampaio,M. Dos Santos Gonçalves,29
Joinville,SC,0.0,16:00,4-2-3-1,5142,Joinville,P. Lopes De Gusmão,SC,,Avai,3-4-1-2,2015-08-02,2.0,Arena Joinville,G. Kleina,16
Sao Paulo,RJ,1.0,16:00,,52,Sao Paulo,,SP,,Vasco,,2003-04-20,3.0,Morumbi,,5
Empate,MG,1.0,20:28,4-2-3-1,7403,Atletico-Go,E. De Souza Barroca,GO,,America-Mg,3-4-2-1,2021-08-01,1.0,Estádio Antônio Accioly,V. Carmo Mancini,14
Fortaleza,CE,2.0,20:29,4-2-3-1,8385,Bragantino,,SP,,Fortaleza,4-4-2,2023-11-30,1.0,Nabizão,J. Vojvoda,36
Internacional,PR,1.0,16:00,,160,Internacional,,RS,,Parana,,2003-06-21,2.0,Beira Rio,,14
Empate,SP,0.0,20:30,4-2-3-1,7533,Sport,G. Florentín,PE,,Santos,3-4-1-2,2021-10-17,0.0,Adelmar Da Costa Carvalho,F. Carille,27
Athletico-Pr,PR,4.0,18:10,,1588,Botafogo-Rj,,RJ,,Athletico-Pr,,2006-04-29,0.0,Maracanã,,3
Ponte Preta,SP,2.0,16:00,,1590,Ponte  Preta,,SP,,Corinthians,,2006-04-30,,Moisés Lucarelli,,3
Empate,SP,0.0,18:00,3-4-1-2,7802,Fortaleza,J. Vojvoda,CE,,Palmeiras,4-2-3-1,2022-07-10,0.0,Arena Castelão,A. Moreira Ferreira,16
Parana,PE,0.0,18:10,,2017,Parana,,PR,,Sport,NAN,2007-06-23,1.0,Durival De Brito,,7
Empate,RS,1.0,21:01,4-2-3-1,8110,Santos,O. Hellmann,SP,,Internacional,4-2-3-1,2023-06-03,1.0,Estádio Urbano Caldeira,L. Venker De Menezes,9
Empate,RJ,1.0,20:02,4-4-2,8560,Criciuma,C. Tencati,SC,,Fluminense,4-2-3-1,2024-07-11,1.0,Estádio Heriberto Hülse,L. Venker De Menezes,16
Atletico-Mg,MG,0.0,16:00,4-2-3-1,6176,Atletico-Mg,,MG,,Cruzeiro,4-4-2,2018-05-19,1.0,Estádio Raimundo Sampaio,L. Venker De Menezes,6
Empate,SP,0.0,19:30,,7666,Flamengo,P. Carvalho De Sousa,RJ,,Palmeiras,,2022-04-20,0.0,Maracanã,A. Moreira Ferreira,4
Vasco,RJ,1.0,18:30,,3859,Portuguesa,,SP,,Vasco,,2012-05-26,0.0,Canindé,,2
Athletico-Pr,CE,0.0,19:01,4-2-3-1,6669,Athletico-Pr,T. Retzalff Nunes,PR,,Ceara,4-2-3-1,2019-08-31,1.0,Estádio Joaquim Américo Guimarães,E. Alves Moreira,17
Santos,PR,0.0,21:00,,2830,Santos,,SP,,Athletico-Pr,,2009-07-22,1.0,Vila Belmiro,,13
Coritiba,BA,2.0,19:00,,437,Coritiba,,PR,,Bahia,,2003-10-18,3.0,Couto Pereira,,37
Empate,SP,1.0,18:30,4-2-3-1,8078,Palmeiras,A. Moreira Ferreira,SP,,Bragantino,4-3-3,2023-05-13,1.0,Allianz Parque,P. Faria Caixinha,6
Botafogo-Rj,RJ,1.0,16:00,4-2-3-1,8140,Palmeiras,A. Moreira Ferreira,SP,,Botafogo-Rj,4-2-3-1,2023-06-25,0.0,Allianz Parque,L. Ribeiro De Castro,12
Portuguesa,GO,0.0,16:00,,3879,Portuguesa,,SP,,Atletico-Go,,2012-06-10,2.0,Canindé,,4
Sao Paulo,PE,0.0,18:10,,1589,Sao Paulo,,SP,,Santa Cruz,,2006-04-29,4.0,Morumbi,,3
Goias,GO,4.0,18:30,,2781,Botafogo-Rj,,RJ,,Goias,,2009-06-27,1.0,Engenhão,,8
Flamengo,RJ,3.0,18:29,4-2-3-1,8983,Internacional,R. Díaz,RS,1335293.5,Flamengo,4-2-3-1,2025-08-17,1.0,"Estádio Beira-Rio, Porto Alegre",F. Luís,20
Cruzeiro,MG,2.0,18:30,4-2-3-1,8556,Gremio,Renato Gaúcho,RS,,Cruzeiro,4-3-3,2024-07-10,0.0,Estádio Francisco Stédile | Centenário,F. Seabra,16
Sport,SP,0.0,20:33,4-2-3-1,5687,Sport,D. Pollo Barioni,PE,,Ponte Preta,4-1-4-1,2016-10-27,1.0,Adelmar Da Costa Carvalho,E. Baptista,33
Vitoria,RS,1.0,21:00,,4739,Vitoria,J. Da Silva,BA,,Gremio,,2014-02-08,2.0,Barradão,L. Scolari,13
Vasco,RJ,3.0,21:45,,1242,Santos,,SP,,Vasco,,2005-07-20,2.0,Vila Belmiro,,13
Avai,SP,0.0,16:00,,2952,Avai,,SC,,Barueri,,2009-09-20,4.0,Ressacada,,25
Empate,MG,1.0,16:00,,2343,Goias,,GO,,Atletico-Mg,,2008-05-18,1.0,Serra Dourada,,2
Empate,MG,0.0,17:00,4-2-3-1,6500,Bahia,E. Alves Moreira,BA,,Cruzeiro,4-2-3-1,2018-12-02,0.0,Estádio De Pituaçu,L. Venker De Menezes,38
Athletico-Pr,PR,3.0,18:15,4-2-3-1,7282,Juventude,M. Dos Santos Gonçalves,RS,,Athletico-Pr,4-4-2,2021-06-06,0.0,Alfredo Jaconi,A. Cardoso De Oliveira,2
Empate,RJ,0.0,19:00,4-2-3-1,6047,Flamengo,R. Rueda Rivera,RJ,,Vasco,4-2-3-1,2017-10-28,0.0,Maracanã,J. Mannarino,31
Sao Paulo,SP,1.0,21:30,,2171,Palmeiras,,SP,,Sao Paulo,,2007-08-29,0.0,Parque Antártica,,22
Flamengo,SC,1.0,18:15,4-2-2-2,7374,Flamengo,M. Souza,RJ,,Chapecoense,3-4-3,2021-07-11,2.0,Maracanã,J. Ribeiro Ventura,11
Botafogo-Rj,SP,0.0,20:30,,1498,Botafogo-Rj,,RJ,,Sao Caetano,,2005-11-03,1.0,Luso Brasileiro,,36
Flamengo,RJ,0.0,20:30,,4546,Flamengo,,RJ,,Fluminense,,2013-11-03,1.0,Maracanã,,32
Corinthians,RJ,0.0,18:59,4-2-3-1,6466,Corinthians,J. Ribeiro Ventura,SP,,Vasco,,2018-11-17,1.0,Neo Química Arena,A. Valentim Do Carmo Neto,35
Vasco,MG,0.0,21:00,,4260,Vasco,,RJ,,Atletico-Mg,,2013-06-05,2.0,Raulino De Oliveira,,4
Sport,PE,2.0,18:10,,2423,Nautico,,PE,,Sport,,2008-07-06,0.0,Aflitos,,11
Palmeiras,GO,1.0,19:30,4-2-3-1,8559,Palmeiras,A. Moreira Ferreira,SP,,Atletico-Go,5-4-1,2024-07-11,3.0,Allianz Parque,V. Carmo Mancini,16
Atletico-Mg,SP,1.0,18:30,4-2-3-1,5186,Atletico-Mg,L. Culpi,MG,,Palmeiras,4-2-3-1,2015-08-23,2.0,Estádio Raimundo Sampaio,M. De Oliveira Santos,20
Athletico-Pr,SC,1.0,19:30,4-2-3-1,5647,Athletico-Pr,P. Autuori De Mello,PR,,Chapecoense,5-4-1,2016-10-05,3.0,Estádio Joaquim Américo Guimarães,L. Saroli Caio Júnior,29
Coritiba,PR,3.0,16:00,,358,Parana,,PR,,Coritiba,,2003-09-14,2.0,Couto Pereira,,30
Internacional,SP,1.0,21:59,4-3-1-2,5243,Internacional,A. Fucks,RS,,Corinthians,4-1-4-1,2015-09-16,2.0,Estádio José Pinheiro Borda,A. Bacchi,26
Cuiaba,SC,0.0,19:59,4-1-4-1,7985,Cuiaba,A. Cardoso De Oliveira,MT,,Avai,4-2-3-1,2022-10-27,1.0,Arena Pantanal,F. Bento Da Cunha,34
Empate,RJ,0.0,19:30,,2107,Nautico,,PE,,Fluminense,,2007-08-01,0.0,Aflitos,,16
Corinthians,SP,0.0,21:02,,5408,Corinthians,A. Bacchi,SP,,Santos,4-2-2-2,2016-06-01,1.0,Neo Química Arena,D. Silvestre Júnior,5
Atletico-Mg,PE,1.0,19:00,4-4-2,8924,Atletico-Mg,J. Sampaoli,MG,904390.02,Sport,4-2-3-1,2025-10-08,3.0,"Arena Mrv, Belo Horizonte",C. De Lucena,14
Sao Paulo,RJ,0.0,21:00,,4046,Sao Paulo,,SP,,Botafogo-Rj,,2012-08-30,,Morumbi,,20
Ponte Preta,SP,4.0,16:00,,190,Vitoria,,BA,,Ponte Preta,,2003-07-06,1.0,Barradão,,16
Corinthians,RS,2.0,18:00,,3657,Corinthians,,SP,,Gremio,,2011-08-31,3.0,Pacaembu,,20
Empate,RJ,2.0,21:50,,3427,Ceara,,CE,,Botafogo-Rj,,2010-11-10,2.0,Castelão,,35
Empate,BA,1.0,18:14,4-2-3-1,7171,Atletico-Go,M. Ribeiro Cabo,GO,,Bahia,4-1-4-1,2021-01-10,1.0,Estádio Antônio Accioly,L. Cavalcanti,29
Goias,PA,1.0,20:30,,1393,Goias,,GO,,Paysandu,,2005-09-21,4.0,Serra Dourada,,27
Fluminense,BA,0.0,19:00,4-3-3,7444,Fluminense,M. De Oliveira,RJ,,Bahia,4-2-3-1,2021-08-30,2.0,Maracanã,D. Dabove,18
Empate,SP,1.0,21:40,,414,Santos,,SP,,Guarani,,2003-10-08,1.0,Vila Belmiro,,35
Cruzeiro,MG,3.0,18:30,4-2-3-1,5037,Atletico-Mg,,MG,,Cruzeiro,4-2-3-1,2015-06-06,1.0,Estádio Raimundo Sampaio,V. Luxemburgo Da Silva,6
Empate,SP,1.0,19:29,,4901,Cruzeiro,,MG,,Palmeiras,,2014-10-22,1.0,Mineirão,D. Silvestre Júnior,30
Palmeiras,RS,0.0,19:30,,3339,Palmeiras,,SP,,Internacional,,2010-09-29,2.0,Arena Barueri,,26
Internacional,MG,2.0,16:00,,3610,Internacional,,RS,,Cruzeiro,,2011-08-07,3.0,Beira Rio,,15
Gremio Prudente,RS,0.0,18:30,,3176,Gremio Prudente,,SP,,Gremio,,2010-07-18,2.0,Prudentão,,9
Internacional,RN,0.0,16:00,,2243,Internacional,,RS,,America-Rn,,2007-07-10,2.0,Beira Rio,,30
Athletico-Pr,PR,1.0,16:01,4-2-3-1,7769,Coritiba,G. Morínigo,PR,,Athletico-Pr,4-2-3-1,2022-06-19,0.0,Couto Pereira,L. Scolari,13
Guarani,SC,0.0,16:00,,260,Guarani,,SP,,Figueirense,,2003-07-27,3.0,Brinco De Ouro,,22
Atletico-Go,GO,1.0,20:30,4-1-4-1,7038,Santos,A. Stival,SP,,Atletico-Go,4-2-3-1,2020-10-14,0.0,Estádio Urbano Caldeira,E. Do Nascimento Souza,16
Criciuma,MG,0.0,20:30,,203,Criciuma,,SC,,Atletico-Mg,,2003-07-10,1.0,Heriberto Hulse,,17
Palmeiras,RS,0.0,18:10,,2237,Palmeiras,,SP,,Gremio,,2007-10-06,2.0,Parque Antártica,,30
Atletico-Mg,SP,1.0,18:28,,4754,Atletico-Mg,L. Culpi,MG,,Palmeiras,,2014-08-10,2.0,Estádio Raimundo Sampaio,R. Gareca Nardi,14
Empate,SC,1.0,20:30,,1770,Palmeiras,,SP,,Figueirense,,2006-08-30,1.0,Parque Antártica,,21
Empate,MG,2.0,15:00,,4237,Athletico-Pr,,PR,,Cruzeiro,,2013-05-29,2.0,Vila Olímpica,,2
Empate,CE,2.0,16:30,4-2-3-1,8706,Palmeiras,A. Moreira Ferreira,SP,,Fortaleza,3-1-4-2,2024-10-26,2.0,Allianz Parque,J. Vojvoda,31
Empate,SP,1.0,18:30,4-2-3-1,8442,Fortaleza,J. Vojvoda,CE,,Bragantino,4-3-3,2024-04-28,1.0,Arena Castelão,P. Faria Caixinha,4
Athletico-Pr,PR,1.0,16:00,,7141,Bragantino,M. Nogueira Barbieri,SP,,Athletico-Pr,4-4-2,2020-12-20,0.0,Nabizão,P. Autuori De Mello,26
Ponte Preta,SP,3.0,18:10,,1573,Palmeiras,,SP,,Ponte Preta,,2006-04-16,2.0,Parque Antártica,,1
Paysandu,SP,1.0,21:40,,25,Paysandu,,PA,,Santos,,2003-04-09,2.0,Mangueirão,,4
Flamengo,GO,0.0,21:00,,3366,Flamengo,,RJ,,Atletico-Go,,2010-10-07,2.0,Raulino De Oliveira,,28
Coritiba,GO,0.0,16:00,,1089,Coritiba,,PR,,Goias,,2004-12-12,1.0,Couto Pereira,,45
Empate,SC,0.0,18:35,,4676,Atletico-Mg,L. Culpi,MG,,Criciuma,,2014-05-25,0.0,Estádio Ipatingão,,7
Gremio,RS,4.0,17:00,,2695,Ipatinga,,MG,,Gremio,,2008-11-30,1.0,Ipatingão,,37
Sao Paulo,PR,1.0,21:00,,3399,Sao Paulo,,SP,,Athletico-Pr,,2010-10-28,2.0,Arena Barueri,,32
Ceara,MG,0.0,16:00,,3571,Ceara,,CE,,America-Mg,,2011-07-17,4.0,Presidente Vargas,,10
Mirassol,SP,2.0,19:01,4-2-3-1,9118,Vasco,F. Diniz,RJ,1300947.0,Mirassol,4-2-3-1,2025-12-02,0.0,"Estádio São Januário, Rio De Janeiro",R. Guanaes,37
Empate,PE,3.0,16:00,,2843,Sport,,PE,,Nautico,,2009-07-26,3.0,Ilha Do Retiro,,14
Sport,MG,0.0,18:10,,2312,Sport,,PE,,Cruzeiro,,2007-11-25,1.0,Ilha Do Retiro,,37
Corinthians,SP,0.0,18:30,,3236,Corinthians,,SP,,Sao Paulo,,2010-08-22,3.0,Pacaembu,,15
Empate,MG,2.0,22:00,,4153,Santos,,SP,,Atletico-Mg,,2012-10-17,2.0,Vila Belmiro,,31
Corinthians,SP,5.0,16:00,,1317,Ponte Preta,,SP,,Corinthians,,2005-08-14,3.0,Moisés Lucarelli,,20
Coritiba,PR,3.0,18:00,,696,Cruzeiro,,MG,,Coritiba,,2004-07-04,0.0,Mineirão,,12
Bragantino,GO,1.0,21:30,4-2-3-1,8541,Bragantino,P. Faria Caixinha,SP,,Atletico-Go,4-2-3-1,2024-07-03,3.0,Nabizão,A. Gomes,14
Atletico-Mg,SP,1.0,20:30,,3754,Atletico-Mg,,MG,,Santos,,2011-10-13,2.0,Arena Do Jacaré,,29
Ceara,CE,1.0,11:01,4-3-3,6340,Flamengo,M. Nogueira Barbieri,RJ,,Ceara,4-2-3-1,2018-09-02,0.0,Maracanã,L. Cirne Lima De Lorenzi,22
Santos,SP,1.0,16:00,,1230,Santos,,SP,,Sao Paulo,,2005-07-17,2.0,Vila Belmiro,,12
Empate,PR,0.0,18:10,,2009,Corinthians,,SP,,Parana,,2007-06-16,0.0,Morumbi,,6
Empate,PA,1.0,20:30,,277,Vitoria,,BA,,Paysandu,,2003-08-06,1.0,Barradão,,24
Sao Paulo,SP,2.0,16:01,4-2-3-1,6879,Csa,,AL,,Sao Paulo,4-3-3,2019-12-08,1.0,Estádio Rei Pelé,F. Diniz Silva,38
Fluminense,SP,1.0,16:00,4-3-3,7061,Fluminense,O. Hellmann,RJ,,Santos,4-4-1-1,2020-10-25,,Maracanã,A. Stival,18
Bahia,SP,1.0,15:59,4-2-3-1,5933,Bahia,C. Casagrande,BA,,Sao Paulo,4-1-4-1,2017-08-06,2.0,Itaipava Arena Fonte Nova,D. Silvestre Júnior,19
Empate,RJ,0.0,18:30,,2954,Santos,,SP,,Botafogo-Rj,,2009-09-20,0.0,Vila Belmiro,,25
Empate,SP,1.0,16:00,,3640,Sao Paulo,,SP,,Palmeiras,,2011-08-21,1.0,Morumbi,,18
Fluminense,RJ,2.0,16:20,,3907,Nautico,,PE,,Fluminense,,2012-06-30,0.0,Aflitos,,7
Sport,SC,0.0,15:59,,4791,Sport,E. Baptista,PE,,Criciuma,,2014-08-31,2.0,Adelmar Da Costa Carvalho,W. Vaterkemper,18
Palmeiras,RS,0.0,16:02,4-3-3,5846,Palmeiras,A. Stival,SP,,Gremio,4-2-3-1,2017-07-01,1.0,Estádio Municipal Paulo Machado De Carvalho,Renato Gaúcho,11
Portuguesa,PE,1.0,21:00,,4118,Portuguesa,,SP,,Sport,,2012-10-04,5.0,Canindé,,28
Coritiba,MG,1.0,20:30,,3708,Coritiba,,PR,,Cruzeiro,,2011-09-21,2.0,Couto Pereira,,25
Botafogo-Rj,MG,1.0,18:10,,1139,Botafogo-Rj,,RJ,,Atletico-Mg,,2005-05-14,2.0,G Coutinho*(Pf),,4
Athletico-Pr,BA,0.0,18:30,4-2-3-1,8171,Athletico-Pr,W. Carvalho,PR,,Bahia,4-2-3-1,2023-07-16,2.0,Ligga Arena,R. Alves Paiva,15
Empate,GO,1.0,19:00,4-2-3-1,7670,Cuiaba,L. De Oliveira Preto,MT,,Atletico-Go,4-2-3-1,2022-04-30,1.0,Arena Pantanal,U. Louzer Filho,4
Empate,SP,1.0,20:30,,943,Criciuma,,SC,,Guarani,,2004-09-29,1.0,Heriberto Hulse,,33
America-Mg,MG,4.0,19:00,4-2-3-1,7998,Bragantino,M. Nogueira Barbieri,SP,,America-Mg,4-1-4-1,2022-11-05,1.0,Nabizão,V. Carmo Mancini,36
Empate,SC,1.0,19:01,4-2-3-1,6294,Sport,C. Dos Santos Oliveira,PE,,Chapecoense,4-1-4-1,2018-08-05,1.0,Adelmar Da Costa Carvalho,G. Kleina,17
Corinthians,SP,0.0,19:30,,4934,Corinthians,L. Venker De Menezes,SP,,Santos,,2014-11-09,1.0,Neo Química Arena,E. Alves Moreira,33
Empate,CE,1.0,21:30,4-2-3-1,6935,Corinthians,T. Retzalff Nunes,SP,,Fortaleza,4-2-3-1,2020-08-26,1.0,Neo Química Arena,,5
Empate,RJ,1.0,18:20,,2385,Nautico,,PE,,Vasco,,2008-06-14,1.0,Arruda,,6
Criciuma,SC,2.0,16:00,,115,Goias,,GO,,Criciuma,,2003-05-25,0.0,Serra Dourada,,10
Corinthians,MG,0.0,18:10,,1864,Corinthians,,SP,,Cruzeiro,,2006-10-22,1.0,Pacaembu,,30
Corinthians,SP,2.0,16:00,,3133,Corinthians,,SP,,Santos,,2010-05-23,4.0,Pacaembu,,5
Gremio,BA,0.0,21:00,,4261,Gremio,,RS,,Vitoria,,2013-06-05,1.0,Arena Do Grêmio,,4
Gremio,RS,4.0,11:00,4-2-3-1,6682,Cruzeiro,R. Ceni,MG,,Gremio,4-2-3-1,2019-08-09,1.0,Estádio Raimundo Sampaio,Renato Gaúcho,18
Guarani,RS,1.0,16:00,,903,Guarani,,SP,,Juventude,,2004-09-11,3.0,Brinco De Ouro,,30
Empate,PR,0.0,16:00,,2821,Athletico-Pr,,PR,,Coritiba,,2009-07-19,0.0,Arena Da Baixada,,12
Empate,PR,1.0,17:00,,3823,Cruzeiro,,MG,,Athletico-Pr,,2011-11-20,1.0,Arena Do Jacaré,,36
Athletico-Pr,SP,0.0,19:01,4-2-3-1,6866,Athletico-Pr,E. De Barros,PR,,Santos,4-3-3,2019-12-04,1.0,Estádio Joaquim Américo Guimarães,J. Sampaoli Moya,37
Vasco,RJ,3.0,18:30,4-2-3-1,9084,Bragantino,V. Mancini,SP,,Vasco,4-2-3-1,2025-10-26,0.0,"Estádio Municipal Cicero De Souza Marques, Bragança Paulista",F. Diniz,30
Athletico-Pr,PR,2.0,21:59,,4712,Flamengo,N. Da Silveira Júnior,RJ,,Athletico-Pr,,2014-07-16,1.0,Moacyrzão,D. Ghidoni Junior,10
Ceara,CE,1.0,20:32,4-4-2,8912,Fortaleza,T. Carpini,CE,1000035.0,Ceara,4-3-3,2025-07-13,0.0,"Arena Castelão, Fortaleza",M. Mozart,13
Corinthians,PR,1.0,17:00,,3803,Corinthians,,SP,,Athletico-Pr,,2011-11-13,2.0,Pacaembu,,34
Corinthians,SP,1.0,21:01,4-2-3-1,6069,Athletico-Pr,F. Soares Pessoa,PR,,Corinthians,4-2-3-1,2017-11-08,0.0,Estádio Joaquim Américo Guimarães,F. Carille,33
Chapecoense,RJ,1.0,21:45,4-2-3-1,5812,Chapecoense,V. Carmo Mancini,SC,,Vasco,4-2-3-1,2017-06-14,2.0,Arena Condá,M. Mendes,7
Cruzeiro,RS,0.0,19:30,,3538,Cruzeiro,,MG,,Gremio,,2011-07-06,2.0,Arena Do Jacaré,,8
Palmeiras,SP,2.0,19:00,,3826,Bahia,,BA,,Palmeiras,,2011-11-20,0.0,Pituaçu,,36
Internacional,MG,0.0,19:00,4-2-3-1,8643,Internacional,R. Machado Marques,RS,,Cruzeiro,4-3-3,2024-08-25,1.0,Estádio Beira-Rio,F. Seabra,24
Sao Paulo,RJ,0.0,21:34,4-2-3-1,8610,Sao Paulo,,SP,,Flamengo,4-2-3-1,2024-08-03,1.0,Morumbis,A. Bacchi,21
Flamengo,SP,0.0,15:59,,4822,Flamengo,,RJ,,Corinthians,,2014-09-14,1.0,Maracanã,L. Venker De Menezes,21
Athletico-Pr,PR,6.0,18:10,,1947,Figueirense,,SC,,Athletico-Pr,,2007-05-12,3.0,Orlando Scarpelli,,1
Empate,SP,1.0,22:01,,5336,Vasco,J. De Amorim Campos,RJ,,Corinthians,4-1-4-1,2015-11-19,1.0,Estádio Vasco Da Gama,A. Bacchi,35
Fluminense,MG,1.0,18:30,,3489,Fluminense,,RJ,,Cruzeiro,,2011-06-04,2.0,Engenhão,,3
Internacional,SP,1.0,16:00,,1611,Internacional,,RS,,Sao Paulo,,2006-05-14,3.0,Beira Rio,,5
Flamengo,RJ,4.0,19:00,4-2-3-1,7437,Santos,F. Diniz Silva,SP,,Flamengo,4-2-3-1,2021-08-28,0.0,Estádio Urbano Caldeira,,18
Santos,PE,2.0,16:59,4-3-3,7110,Santos,A. Stival,SP,,Sport,,2020-11-28,4.0,Estádio Urbano Caldeira,C. De Lucena,23
Botafogo-Rj,RJ,2.0,19:33,,4678,Palmeiras,R. Gareca Nardi,SP,,Botafogo-Rj,,2014-05-28,0.0,Estádio Paulo Constantino,V. Carmo Mancini,8
Sao Paulo,SP,1.0,17:00,,4959,Santos,E. Alves Moreira,SP,,Sao Paulo,,2014-11-23,0.0,Arena Pantanal,M. Ramalho,36
Botafogo-Rj,RJ,1.0,20:59,4-2-3-1,5868,Fluminense,A. Da Silva Braga,RJ,,Botafogo-Rj,4-4-1-1,2017-07-12,0.0,Maracanã,J. Ribeiro Ventura,13
Empate,SC,0.0,19:00,4-2-3-1,8753,Fluminense,L. Venker De Menezes,RJ,,Criciuma,4-3-1-2,2024-11-26,0.0,Maracanã,C. Tencati,35
Chapecoense,RJ,0.0,21:59,,4772,Chapecoense,C. Rodrigues,SC,,Fluminense,,2014-08-20,1.0,Arena Condá,C. Borges Dos Santos,16
Flamengo,MG,1.0,20:30,,2116,Flamengo,,RJ,,Cruzeiro,,2007-09-12,3.0,Maracanã,,16
Palmeiras,SP,3.0,21:46,4-2-3-1,7977,Athletico-Pr,L. Scolari,PR,,Palmeiras,4-2-3-1,2022-10-25,1.0,Estádio Joaquim Américo Guimarães,A. Moreira Ferreira,34
Vitoria,PR,2.0,16:59,4-3-3,5703,Vitoria,A. Fucks,BA,,Athletico-Pr,4-2-3-1,2016-11-06,3.0,Barradão,P. Autuori De Mello,34
Cruzeiro,GO,0.0,16:01,4-2-3-1,5114,Cruzeiro,V. Luxemburgo Da Silva,MG,,Goias,4-3-1-2,2015-07-12,1.0,Mineirão,J. Camargo,13
Empate,RJ,0.0,21:45,,558,Gremio,,RS,,Flamengo,,2004-04-21,0.0,Olímpico,,1
Sao Paulo,MG,0.0,18:31,4-1-3-2,8037,Sao Paulo,D. Silvestre Júnior,SP,,America-Mg,4-2-3-1,2023-04-22,3.0,Morumbi,V. Carmo Mancini,2
Athletico-Pr,PR,1.0,11:01,4-2-3-1,5141,Palmeiras,M. De Oliveira Santos,SP,,Athletico-Pr,4-2-3-1,2015-08-02,0.0,Allianz Parque,M. Mendes,16
Atletico-Mg,RJ,1.0,16:00,,1209,Atletico-Mg,,MG,,Flamengo,,2005-07-03,3.0,Mineirão,,10
Palmeiras,SC,1.0,18:14,4-3-3,7283,Palmeiras,A. Moreira Ferreira,SP,,Chapecoense,4-3-3,2021-06-06,3.0,Allianz Parque,J. Ribeiro Ventura,2
Empate,PR,1.0,18:10,,1511,Brasiliense,,DF,,Coritiba,,2005-06-11,1.0,Boca Do Jacaré,,37
Atletico-Mg,MG,1.0,19:00,4-2-3-1,7296,Internacional,O. Loss,RS,,Atletico-Mg,4-1-4-1,2021-06-16,0.0,Estádio José Pinheiro Borda,A. Stival,4
Flamengo,RS,0.0,17:00,,3830,Flamengo,,RJ,,Internacional,,2011-11-27,1.0,Cláudio Moacyr,,37
Gremio,MG,0.0,18:00,,3735,Gremio,,RS,,Cruzeiro,,2011-10-02,2.0,Olímpico,,27
Athletico-Pr,RS,0.0,19:00,4-2-3-1,7930,Athletico-Pr,L. Scolari,PR,,Juventude,4-2-3-1,2022-10-01,2.0,Estádio Joaquim Américo Guimarães,U. Louzer Filho,29
Vasco,BA,0.0,18:30,,3212,Vasco,,RJ,,Vitoria,,2010-08-08,1.0,São Januário,,13
Corinthians,SP,3.0,21:50,,3633,Atletico-Mg,,MG,,Corinthians,,2011-08-17,2.0,Ipatingão,,17
Corinthians,PR,1.0,18:10,,1709,Corinthians,,SP,,Athletico-Pr,,2006-08-05,2.0,Pacaembu,,15
Figueirense,RJ,0.0,18:10,,1846,Figueirense,,SC,,Botafogo-Rj,,2006-10-08,1.0,Orlando Scarpelli,,28
Internacional,RS,2.0,18:00,,267,Sao Paulo,,SP,,Internacional,,2003-08-02,0.0,Morumbi,,23
Empate,SC,1.0,18:59,4-2-3-1,5986,Flamengo,R. Rueda Rivera,RJ,,Avai,4-2-3-1,2017-09-23,1.0,Luso-Brasileiro,C. Dos Santos Oliveira,25
Cruzeiro,GO,1.0,16:00,,1142,Cruzeiro,,MG,,Goias,,2005-05-15,3.0,Mineirão,,4
Internacional,RS,3.0,21:50,,3163,Guarani,,SP,,Internacional,,2010-07-14,0.0,Brinco De Ouro,,8
Palmeiras,SP,1.0,21:00,4-2-3-1,6209,Palmeiras,R. Machado Marques,SP,,Sao Paulo,4-2-3-1,2018-06-02,3.0,Allianz Parque,D. Aguirre Camblor,9
Vasco,PR,0.0,20:30,,2069,Vasco,,RJ,,Athletico-Pr,,2007-12-07,1.0,São Januário,,11
Empate,PR,0.0,16:00,,3733,Figueirense,,SC,,Coritiba,,2011-10-02,0.0,Orlando Scarpelli,,27
Fluminense,MG,0.0,16:00,,1910,Fluminense,,RJ,,Cruzeiro,,2006-11-12,1.0,Maracanã,,35
Fortaleza,MG,0.0,18:02,3-4-1-2,7359,Fortaleza,J. Vojvoda,CE,,America-Mg,4-2-3-1,2021-07-07,4.0,Arena Castelão,V. Carmo Mancini,10
Cruzeiro,RJ,0.0,17:00,,2661,Cruzeiro,,MG,,Fluminense,,2008-11-09,1.0,Mineirão,,34
Figueirense,SC,2.0,16:00,,658,Ponte Preta,,SP,,Figueirense,,2004-06-13,0.0,Moisés Lucarelli,,9
Palmeiras,RS,2.0,16:00,,1315,Palmeiras,,SP,,Internacional,,2005-08-13,3.0,Parque Antártica,,20
Santos,GO,0.0,18:01,4-2-3-1,7801,Santos,M. Fernandes,SP,,Atletico-Go,4-2-3-1,2022-07-10,1.0,Estádio Urbano Caldeira,J. De Amorim Campos,16
Cruzeiro,RS,0.0,20:30,,999,Cruzeiro,,MG,,Gremio,,2004-10-26,2.0,Mineirão,,38
Corinthians,BA,1.0,21:00,,2836,Corinthians,,SP,,Vitoria,,2009-07-23,2.0,Pacaembu,,13
Goias,GO,3.0,20:30,,1241,Internacional,,RS,,Goias,,2005-07-20,2.0,Beira Rio,,13
Santos,SP,4.0,18:10,,2164,America-Rn,,RN,,Santos,,2007-08-26,1.0,Machadão,,21
Empate,PR,0.0,19:00,4-3-3,7167,Coritiba,J. Bertagnoli,PR,,Athletico-Pr,4-2-3-1,2021-01-09,0.0,Couto Pereira,P. Autuori De Mello,29
Empate,BA,0.0,19:31,4-2-3-1,6580,Ceara,E. Alves Moreira,CE,,Bahia,4-3-3,2019-06-08,0.0,Arena Castelão,R. Machado Marques,8
Gremio,RS,3.0,16:02,4-2-3-1,5093,Santos,M. Fernandes,SP,,Gremio,4-2-3-1,2015-07-05,1.0,Estádio Urbano Caldeira,R. Machado Marques,11
Sao Paulo,SP,2.0,16:00,,2199,Vasco,,RJ,,Sao Paulo,,2007-09-08,0.0,São Januário,,25
Sao Caetano,CE,1.0,18:10,,1135,Sao Caetano,,SP,,Fortaleza,,2005-05-08,2.0,Anacleto Campanella,,3
Empate,SP,0.0,18:31,4-3-3,5004,Joinville,,SC,,Palmeiras,4-3-2-1,2015-05-17,0.0,Arena Joinville,O. De Oliveira Filho,2
Internacional,GO,2.0,11:01,4-2-3-1,7948,Internacional,L. Venker De Menezes,RS,,Goias,4-1-4-1,2022-10-09,4.0,Estádio José Pinheiro Borda,J. Ribeiro Ventura,31
Fluminense,CE,0.0,20:30,,1310,Fluminense,,RJ,,Fortaleza,,2005-08-11,2.0,Raulino De Oliveira,,19
Atletico-Go,GO,2.0,16:00,4-4-2,8467,Vitoria,T. Carpini Barbosa,BA,,Atletico-Go,4-3-3,2024-06-01,0.0,Barradão,J. Ribeiro Ventura,7
Empate,SC,0.0,19:30,,1628,Parana,,PR,,Figueirense,,2006-05-24,0.0,Pinheirão,,7
Empate,RS,2.0,20:59,4-2-3-1,8716,Fluminense,L. Venker De Menezes,RJ,,Gremio,4-2-3-1,2024-11-01,2.0,Maracanã,Renato Gaúcho,32
Vasco,RJ,0.0,18:00,,359,Vasco,,RJ,,Fluminense,,2003-09-14,1.0,Maracanã,,30
Empate,RJ,0.0,16:00,,138,Juventude,,RS,,Vasco,,2003-06-08,0.0,Alfredo Jaconi,,12
Empate,PR,1.0,18:00,,300,Gremio,,RS,,Athletico-Pr,,2003-08-10,1.0,Olímpico,,25
Flamengo,RJ,4.0,16:00,,1557,Paysandu,,PA,,Flamengo,,2005-04-12,1.0,Mangueirão,,42
Palmeiras,SC,0.0,20:58,4-2-3-1,5101,Palmeiras,M. De Oliveira Santos,SP,,Avai,4-4-2,2015-07-08,3.0,Allianz Parque,G. Kleina,12
Vasco,PR,1.0,20:30,,383,Vasco,,RJ,,Coritiba,,2003-09-25,2.0,São Januário,,32
Bragantino,RJ,0.0,18:30,4-2-3-1,8303,Bragantino,P. Faria Caixinha,SP,,Fluminense,4-2-3-1,2023-10-22,1.0,Nabizão,F. Diniz Silva,28
Internacional,MG,0.0,18:59,4-2-3-1,6927,Internacional,E. Coudet,RS,,Atletico-Mg,3-4-1-2,2020-08-22,1.0,Estádio José Pinheiro Borda,J. Sampaoli Moya,5
Santos,SP,1.0,16:20,,4868,Flamengo,V. Luxemburgo Da Silva,RJ,,Santos,,2014-10-04,0.0,Maracanã,E. Alves Moreira,26
Atletico-Go,SP,1.0,21:50,,3181,Atletico-Go,,GO,,Corinthians,,2010-07-21,3.0,Serra Dourada,,10
Paysandu,PA,2.0,16:00,,1447,Fortaleza,,CE,,Paysandu,,2005-10-15,1.0,Castelão,,32
Palmeiras,PR,0.0,17:00,4-2-3-1,7109,Palmeiras,A. Moreira Ferreira,SP,,Athletico-Pr,4-3-3,2020-11-28,3.0,Allianz Parque,P. Autuori De Mello,23
Sport,BA,0.0,19:30,4-2-3-1,5675,Sport,D. Pollo Barioni,PE,,Vitoria,4-2-3-1,2016-10-16,1.0,Adelmar Da Costa Carvalho,A. Fucks,31
Empate,RJ,1.0,21:50,,947,Ponte Preta,,SP,,Botafogo-Rj,,2004-09-29,1.0,Moisã©S Lucarelli,,33
Flamengo,RJ,3.0,16:00,,2391,Ipatinga,,MG,,Flamengo,,2008-06-22,1.0,Ipatingão,,7
Ponte Preta,PE,1.0,20:59,4-2-3-1,5499,Ponte Preta,E. Baptista,SP,,Sport,4-2-3-1,2016-07-09,2.0,Moisés  Lucarelli,O. De Oliveira Filho,14
Bahia,MG,1.0,20:00,4-4-2,7054,Bahia,L. Venker De Menezes,BA,,Atletico-Mg,4-1-4-1,2020-10-19,3.0,Estádio De Pituaçu,J. Sampaoli Moya,17
Empate,RJ,0.0,16:00,,2722,Barueri,,SP,,Fluminense,,2009-05-17,0.0,Arena Barueri,,2
Athletico-Pr,GO,1.0,19:30,4-2-3-1,7819,Athletico-Pr,L. Scolari,PR,,Atletico-Go,4-2-3-1,2022-07-20,4.0,Estádio Joaquim Américo Guimarães,J. De Amorim Campos,18
Botafogo-Rj,CE,0.0,19:30,,3238,Botafogo-Rj,,RJ,,Ceara,,2010-08-25,1.0,Engenhão,,16
Empate,SP,0.0,21:50,,3141,Cruzeiro,,MG,,Santos,,2010-06-02,0.0,Mineirão,,6
Sport,PE,1.0,18:30,,4164,Atletico-Go,,GO,,Sport,,2012-10-21,0.0,Serra Dourada,,32
Empate,SP,0.0,21:00,4-2-3-1,8878,Atletico-Mg,J. Sampaoli,MG,2045080.18,Corinthians,,2025-05-24,0.0,"Arena Mrv, Belo Horizonte",D. Junior,10
Internacional,BA,0.0,20:30,,3808,Internacional,,RS,,Bahia,,2011-11-16,1.0,Beira Rio,,35
Gremio,RJ,2.0,21:30,3-4-2-1,8311,Gremio,Renato Gaúcho,RS,,Flamengo,4-2-3-1,2023-10-25,3.0,Arena Do Grêmio,A. Bacchi,29
Internacional,RS,1.0,20:00,5-3-2,7465,Sport,G. Florentín,PE,,Internacional,4-2-3-1,2021-09-13,0.0,Adelmar Da Costa Carvalho,D. Aguirre Camblor,20
Sao Paulo,GO,0.0,21:00,,4155,Sao Paulo,,SP,,Atletico-Go,,2012-10-18,2.0,Morumbi,,31
Empate,SP,0.0,18:30,,4173,Figueirense,,SC,,Portuguesa,,2012-10-27,0.0,Orlando Scarpelli,,33
Paysandu,MG,1.0,20:30,,797,Paysandu,,PA,,Atletico-Mg,,2004-08-04,2.0,Mangueirão,,21
Sao Paulo,SP,1.0,16:00,,2417,Sao Paulo,,SP,,Palmeiras,,2008-07-06,2.0,Morumbi,,11
Corinthians,GO,1.0,20:02,4-2-3-1,7145,Corinthians,V. Carmo Mancini,SP,,Goias,5-3-2,2020-12-21,2.0,Neo Química Arena,G. Ramos Da Silva,26
Atletico-Mg,BA,1.0,16:00,4-2-3-1,6140,Atletico-Mg,T. Mendes Larghi,MG,,Vitoria,4-2-3-1,2018-04-22,2.0,Estádio Raimundo Sampaio,V. Carmo Mancini,2
Vitoria,BA,3.0,18:30,4-3-3,9141,Sport,C. De Lucena,PE,104475.0,Vitoria,3-4-3,2025-11-23,1.0,"Adelmar Da Costa Carvalho, Recife",J. Ventura,35
Avai,SC,2.0,19:30,,3159,Sao Paulo,,SP,,Avai,,2010-07-14,1.0,Morumbi,,8
Coritiba,SP,2.0,16:00,,123,Coritiba,,PR,,Guarani,,2003-05-31,3.0,Couto Pereira,,11
Goias,CE,1.0,16:00,,1250,Goias,,GO,,Fortaleza,NAN,2005-07-23,2.0,Serra Dourada,,14
Empate,RS,1.0,19:15,4-2-3-1,6916,Flamengo,D. Torrent Font,RJ,,Gremio,4-3-3,2020-08-19,1.0,Maracanã,Renato Gaúcho,4
Empate,RJ,1.0,18:10,,2185,Fluminense,,RJ,,Vasco,,2007-09-02,1.0,Maracanã,,23
Internacional,RS,1.0,19:00,4-1-4-1,6856,Botafogo-Rj,A. Valentim Do Carmo Neto,RJ,,Internacional,,2019-11-30,0.0,Estádio Nilton Santos,,36
Palmeiras,RJ,0.0,21:50,,4011,Palmeiras,,SP,,Flamengo,,2012-08-15,1.0,Arena Barueri,,17
Empate,SP,1.0,21:00,,4345,Vasco,,RJ,,Ponte Preta,,2013-08-08,,São Januário,,12
Empate,PA,1.0,18:00,,911,Gremio,,RS,,Paysandu,,2004-12-09,1.0,Olímpico,,30
Botafogo-Rj,SC,0.0,19:30,4-3-3,6270,Botafogo-Rj,M. Dias De Castro,RJ,,Chapecoense,4-1-4-1,2018-07-26,1.0,Estádio Nilton Santos,G. Kleina,15
Empate,SP,1.0,20:00,4-2-3-1,7744,Coritiba,G. Morínigo,PR,,Sao Paulo,3-1-4-2,2022-06-09,1.0,Couto Pereira,R. Ceni,10
Internacional,SP,1.0,16:00,,2310,Internacional,,RS,,Palmeiras,,2007-11-25,2.0,Beira Rio,,37
Vitoria,RJ,1.0,16:31,4-2-3-1,8709,Vitoria,T. Carpini Barbosa,BA,,Fluminense,4-2-3-1,2024-10-26,2.0,Barradão,L. Venker De Menezes,31
Cruzeiro,CE,0.0,18:00,,3637,Cruzeiro,,MG,,Ceara,,2011-08-20,1.0,Parque  Do  Sabiá,,18
Corinthians,MG,3.0,20:30,,1262,Corinthians,,SP,,Cruzeiro,,2005-07-27,4.0,Pacaembu,,15
Empate,RJ,1.0,20:00,4-1-4-1,6592,Chapecoense,N. Da Silveira Júnior,SC,,Fluminense,4-3-3,2019-06-13,1.0,Arena Condá,F. Diniz Silva,9
Ponte Preta,SP,1.0,21:00,,4459,Botafogo-Rj,,RJ,,Ponte Preta,,2013-09-28,0.0,Maracanã,,24
Sao Paulo,PR,0.0,19:59,4-2-3-1,6134,Sao Paulo,D. Aguirre Camblor,SP,,Parana,4-1-4-1,2018-04-16,1.0,Morumbi,Ademir Fesan,1
Empate,RS,0.0,18:29,,4654,Criciuma,W. Lopes,SC,,Internacional,,2014-05-18,0.0,Estádio Heriberto Hülse,A. Da Silva Braga,5
Empate,SP,1.0,21:01,,6219,Corinthians,O. Loss,SP,,Santos,4-3-3,2018-06-06,1.0,Neo Química Arena,J. Ribeiro Ventura,10
Empate,SP,1.0,16:00,,3652,Santos,,SP,,Sao Paulo,,2011-08-28,1.0,Vila Belmiro,,19
Corinthians,SP,0.0,18:00,,443,Corinthians,,SP,,Ponte Preta,,2003-10-19,3.0,Pacaembu,,37
Athletico-Pr,SP,0.0,21:00,,3416,Athletico-Pr,,PR,,Palmeiras,,2010-11-04,1.0,Arena Da Baixada,,33
Fluminense,SP,3.0,18:10,,1411,Fluminense,,RJ,,Santos,,2005-09-25,4.0,Raulino De Oliveira,,28
Empate,SP,1.0,18:30,4-2-3-1,7505,Sao Paulo,H. Crespo,SP,,Santos,3-5-2,2021-10-07,1.0,Morumbi,F. Carille,24
Sport,SC,0.0,17:07,4-2-3-1,5742,Sport,,PE,,Figueirense,3-5-1-1,2016-12-11,2.0,Adelmar Da Costa Carvalho,M. Dos Santos Gonçalves,38
Internacional,SP,0.0,18:00,,1055,Internacional,,RS,,Sao Caetano,,2004-11-21,1.0,Beira Rio,,42
Cruzeiro,SP,0.0,21:00,4-2-3-1,6759,Cruzeiro,A. Da Silva Braga,MG,,Sao Paulo,4-1-4-1,2019-10-16,1.0,Mineirão,F. Diniz Silva,26
Cruzeiro,RS,0.0,19:30,,3278,Cruzeiro,,MG,,Internacional,,2010-09-08,1.0,Parque Do Sabiá,,20
Santos,SP,2.0,20:30,,1467,Sao Paulo,,SP,,Santos,,2005-10-22,1.0,Morumbi,,33
Empate,SP,1.0,16:00,,3702,Avai,,SC,,Palmeiras,,2011-09-18,1.0,Ressacada,,24
Corinthians,SP,1.0,16:00,,3761,Cruzeiro,,MG,,Corinthians,,2011-10-16,0.0,Arena Do Jacaré,,30
Gremio,SP,1.0,18:00,,930,Gremio,,RS,,Sao Paulo,,2004-09-25,2.0,Olímpico,,32
Empate,SP,1.0,16:00,4-2-3-1,5514,Corinthians,C. Borges Dos Santos,SP,,Sao Paulo,4-2-3-1,2016-07-17,1.0,Neo Química Arena,E. Bauza,15
Empate,SP,1.0,17:00,4-2-3-1,6469,Parana,L. Cavalcanti,PR,,Palmeiras,4-1-4-1,2018-11-18,1.0,Estádio Do Café,L. Scolari,35
Cuiaba,PR,0.0,21:32,5-3-2,8402,Cuiaba,A. Cardoso De Oliveira,MT,,Athletico-Pr,3-4-3,2023-12-06,3.0,Arena Pantanal,W. Carvalho,38
Empate,BA,1.0,18:30,,2929,Gremio,,RS,,Vitoria,,2009-09-05,1.0,Olímpico,,23
Atletico-Go,RS,1.0,18:01,4-2-3-1,7773,Atletico-Go,J. De Amorim Campos,GO,,Juventude,4-3-3,2022-06-19,3.0,Estádio Antônio Accioly,E. Baptista,13
Palmeiras,SP,2.0,10:53,4-3-3,6541,Atletico-Mg,R. Marques Santana,MG,,Palmeiras,4-2-3-1,2019-05-12,0.0,Mineirão,L. Scolari,4
Sao Paulo,SP,1.0,17:00,,4222,Sao Paulo,,SP,,Corinthians,,2012-12-02,3.0,Pacaembu,,38
Empate,SC,0.0,21:00,,3549,Athletico-Pr,,PR,,Avai,,2011-07-09,0.0,Arena Da Baixada,,9
Chapecoense,PR,0.0,11:03,4-4-2,5598,Chapecoense,L. Saroli Caio Júnior,SC,,Coritiba,4-2-3-1,2016-09-11,1.0,Arena Condá,P. Carpegiani,24
Mirassol,SP,2.0,19:01,4-2-3-1,8937,Ceara,M. Mozart,CE,238353.0,Mirassol,4-3-3,2025-07-23,0.0,"Arena Castelão, Fortaleza",R. Guanaes,16
Empate,CE,0.0,20:29,4-2-3-1,7294,Chapecoense,J. Ribeiro Ventura,SC,,Ceara,4-2-3-1,2021-06-13,0.0,Arena Condá,A. Ferreira,3
Santos,SC,1.0,15:30,,855,Santos,,SP,,Figueirense,,2004-08-22,4.0,Wilson De Barros,,26
Athletico-Pr,PR,2.0,16:00,,2021,Palmeiras,,SP,,Athletico-Pr,,2007-06-24,0.0,Parque Antártica,,7
-,SP,0.0,16:00,,914,Parana,,PR,,Guarani,,2004-09-18,0.0,Pinheirão,,31
Fluminense,CE,0.0,16:00,4-4-2,8241,Fluminense,,RJ,,Fortaleza,4-2-3-1,2023-09-03,1.0,Estádio  Municipal  General  Raulino  De  Oliveira,J. Vojvoda,22
Athletico-Pr,GO,1.0,18:14,,7241,Athletico-Pr,P. Autuori De Mello,PR,,Atletico-Go,4-2-3-1,2021-02-14,2.0,Estádio Joaquim Américo Guimarães,M. Ribeiro Cabo,36
Empate,MG,2.0,16:00,,3221,Sao Paulo,,SP,,Cruzeiro,,2010-08-15,2.0,Morumbi,,14
Gremio,SP,0.0,22:00,,2607,Gremio,,RS,,Santos,,2008-10-08,2.0,Olímpico,,29
Vasco,RJ,2.0,18:30,,3267,Ceara,,CE,,Vasco,,2010-04-09,0.0,Castelão,,19
Athletico-Pr,PR,2.0,20:59,,4929,Botafogo-Rj,,RJ,,Athletico-Pr,,2014-11-08,0.0,Estádio Municipal General Raulino De Oliveira,C. Dos Santos Oliveira,33
Botafogo-Rj,SP,1.0,21:04,4-2-3-1,8658,Botafogo-Rj,F. Pereira Da Silva Maia Carvalho,RJ,,Corinthians,3-4-1-2,2024-09-14,2.0,Estádio Nilton Santos,R. Díaz,26
Csa,GO,0.0,20:01,4-2-3-1,6564,Csa,M. Ribeiro Cabo,AL,,Goias,,2019-05-27,1.0,Estádio Rei Pelé,C. Dos Santos Oliveira,6
Internacional,BA,0.0,16:02,4-2-3-1,8102,Internacional,L. Venker De Menezes,RS,,Bahia,3-4-3,2023-05-28,2.0,Estádio Beira-Rio,R. Alves Paiva,8
Empate,SP,2.0,16:00,,7,Juventude,,RS,,Sao Paulo,,2003-03-30,2.0,Alfredo Jaconi,,1
Empate,RJ,3.0,21:50,,2981,Vitoria,,BA,,Flamengo,,2009-10-07,3.0,Barradão,,28
Palmeiras,SC,1.0,21:00,,3364,Palmeiras,,SP,,Avai,,2010-10-07,4.0,Pacaembu,,28
Empate,BA,0.0,18:29,,4786,Athletico-Pr,D. Ghidoni Junior,PR,,Bahia,,2014-08-24,0.0,Estádio Joaquim Américo Guimarães,G. Kleina,17
Corinthians,RS,3.0,16:00,,1944,Corinthians,,SP,,Juventude,,2006-12-03,5.0,Pacaembu,,38
Botafogo-Rj,RJ,0.0,21:30,4-2-3-1,8723,Botafogo-Rj,A. Torres Gomes Araújo Amorim,RJ,,Vasco,4-2-3-1,2024-11-05,3.0,Estádio Nilton Santos,C. De Paiva,32
Gremio,SC,1.0,11:00,4-2-3-1,5500,Gremio,R. Machado Marques,RS,,Figueirense,4-2-3-1,2016-07-10,2.0,Arena Do Grêmio,V. Eutrópio,14
Internacional,RS,1.0,20:30,,1636,Corinthians,,SP,,Internacional,,2006-05-25,0.0,Morumbi,,7
Juventude,RJ,1.0,16:00,,1143,Juventude,,RS,,Vasco,,2005-05-15,4.0,Alfredo Jaconi,,4
Goias,RJ,0.0,19:00,4-4-1-1,6704,Goias,N. Da Silveira Júnior,GO,,Fluminense,4-2-3-1,2019-09-22,3.0,Estádio Do Governo Do Estado De Goiás (Serra Dourada),O. De Oliveira Filho,20
Empate,RS,1.0,21:31,4-2-3-1,9041,Santos,J. Vojvoda,SP,439188.0,Gremio,4-2-3-1,2025-10-01,1.0,"Estádio Urbano Caldeira, Santos",L. Castro,26
Empate,RS,1.0,18:30,,3128,Flamengo,,RJ,,Gremio,,2010-05-29,1.0,Maracanã,,5
Sao Paulo,SP,2.0,22:00,4-1-2-1-2,5161,Figueirense,A. Fucks,SC,,Sao Paulo,,2015-08-12,0.0,Orlando Scarpelli,J. Osorio,18
Internacional,RS,2.0,18:59,4-2-3-1,7734,Bragantino,M. Nogueira Barbieri,SP,,Internacional,4-4-1-1,2022-06-05,0.0,Nabizão,,9
Chapecoense,SP,1.0,18:32,4-2-3-1,5276,Chapecoense,A. Ferreira,SC,,Palmeiras,,2015-10-04,5.0,Arena Condá,,29
Empate,MG,0.0,18:10,,2244,Goias,,GO,,Cruzeiro,,2007-10-07,0.0,Serra Dourada,,30
Corinthians,SP,2.0,20:30,,1476,Paysandu,,PA,,Corinthians,,2005-10-27,0.0,Mangueirão,,34
Flamengo,RJ,2.0,20:00,4-1-4-1,8588,Vitoria,T. Carpini Barbosa,BA,,Flamengo,4-2-3-1,2024-07-24,1.0,Barradão,A. Bacchi,19
Sao Paulo,SP,1.0,16:00,,1890,Santos,,SP,,Sao Paulo,,2006-11-05,0.0,Vila Belmiro,,33
Athletico-Pr,SP,1.0,19:30,,3436,Athletico-Pr,,PR,,Gremio Prudente,,2010-11-14,2.0,Arena Da Baixada,,35
Gremio,RJ,0.0,21:33,4-2-3-1,7567,Gremio,V. Carmo Mancini,RS,,Fluminense,4-4-2,2021-11-09,1.0,Arena Do Grêmio,M. De Oliveira,31
Internacional,RS,1.0,19:00,3-4-1-2,7679,Fluminense,A. Da Silva Braga,RJ,,Internacional,4-3-3,2022-04-23,0.0,Maracanã,L. Venker De Menezes,3
Empate,PR,2.0,18:10,,2033,Parana,,PR,,Athletico-Pr,,2007-06-30,2.0,Durival De Brito,,8
Atletico-Mg,RJ,2.0,16:00,,4022,Atletico-Mg,,MG,,Botafogo-Rj,,2012-08-19,3.0,Independência,,18
Botafogo-Rj,RS,1.0,18:31,4-4-2,8433,Botafogo-Rj,A. Torres Gomes Araújo Amorim,RJ,,Juventude,4-2-3-1,2024-04-21,5.0,Estádio Nilton Santos,R. Machado Marques,3
Empate,SP,2.0,16:00,,3501,Internacional,,RS,,Palmeiras,,2011-06-12,2.0,Beira Rio,,4
Athletico-Pr,PR,2.0,18:30,,2659,Figueirense,,SC,,Athletico-Pr,,2008-11-08,0.0,Orlando Scarpelli,,34
Internacional,RJ,0.0,16:00,,1131,Internacional,,RS,,Flamengo,,2005-05-08,1.0,Beira Rio,,3
Empate,SP,1.0,16:00,,1822,Internacional,,RS,,Corinthians,,2006-09-24,1.0,Beira Rio,,26
Empate,PR,1.0,18:59,5-3-2,7519,Chapecoense,L. De Oliveira Preto,SC,,Athletico-Pr,3-4-3,2021-10-13,1.0,Arena Condá,A. Valentim Do Carmo Neto,26
Athletico-Pr,PR,2.0,19:30,,4318,Atletico-Mg,,MG,,Athletico-Pr,,2013-07-31,1.0,Independência,,10
Goias,GO,1.0,16:03,,4670,Figueirense,A. Ferreira,SC,,Goias,,2014-05-25,0.0,Orlando Scarpelli,,7
Athletico-Pr,RJ,2.0,20:30,,1240,Athletico-Pr,,PR,,Fluminense,,2005-07-20,3.0,Arena Da Baixada,,13
Vitoria,PE,2.0,19:29,5-4-1,5478,Vitoria,V. Carmo Mancini,BA,,Sport,4-2-3-1,2016-06-29,3.0,Barradão,O. De Oliveira Filho,12
Sao Paulo,SP,4.0,16:03,4-2-3-1,8025,Goias,J. Ribeiro Ventura,GO,,Sao Paulo,4-1-2-1-2,2022-11-13,0.0,Estádio Da Serrinha,R. Ceni,38
Vasco,SP,0.0,22:00,,1857,Vasco,,RJ,,Palmeiras,,2006-10-18,3.0,São Januário,,30
Sao Paulo,RN,0.0,21:45,,2283,Sao Paulo,,SP,,America-Rn,,2007-10-31,3.0,Morumbi,,34
Gremio,CE,1.0,21:31,4-4-2,8688,Gremio,M. Salles,RS,,Fortaleza,4-2-3-1,2024-04-10,3.0,Arena Do Grêmio,J. Vojvoda,29
Empate,PE,2.0,18:30,,4095,Internacional,,RS,,Sport,,2012-09-16,2.0,Beira Rio,,25
Santos,SP,2.0,21:30,3-5-2,7756,Juventude,E. Baptista,RS,,Santos,4-2-3-1,2022-06-14,1.0,Alfredo Jaconi,F. Bustos,12
Flamengo,SC,0.0,21:01,4-2-3-1,5200,Flamengo,O. De Oliveira Filho,RJ,,Avai,4-2-3-1,2015-09-02,3.0,Arena Das Dunas,G. Kleina,22
Empate,BA,2.0,21:00,4-2-3-1,6402,Gremio,,RS,,Bahia,4-2-3-1,2018-10-06,2.0,Arena Do Grêmio,E. Alves Moreira,28
Empate,RJ,1.0,20:30,,2169,Botafogo-Rj,,RJ,,Flamengo,,2007-08-29,1.0,Maracanã,,22
Cruzeiro,MG,1.0,17:00,,3422,Vitoria,,BA,,Cruzeiro,,2010-11-07,0.0,Barradão,,34
Flamengo,PR,1.0,18:00,,387,Flamengo,,RJ,,Athletico-Pr,,2003-09-27,2.0,Maracanã,,33
Bahia,RS,0.0,19:02,4-1-3-2,8543,Bahia,,BA,,Juventude,4-2-3-1,2024-07-04,,Arena Fonte Nova,R. Machado Marques,14
Juventude,PE,1.0,19:30,,1629,Juventude,,RS,,Santa Cruz,,2006-05-24,4.0,Alfredo  Jaconi,,7
Palmeiras,MG,2.0,21:00,,3589,Palmeiras,,SP,,Atletico-Mg,,2011-07-30,3.0,Canindé,,13
Atletico-Mg,BA,0.0,11:00,4-2-3-1,7388,Atletico-Mg,,MG,,Bahia,4-3-3,2021-07-25,3.0,Mineirão,L. Cavalcanti,13
Empate,RJ,1.0,18:30,,2715,Santo Andre,,SP,,Botafogo-Rj,,2009-05-10,1.0,Bruno José Daniel,,1
Atletico-Mg,PR,0.0,17:00,4-1-4-1,7146,Atletico-Mg,J. Sampaoli Moya,MG,,Coritiba,4-2-3-1,2020-12-26,2.0,Mineirão,,27
Fluminense,RJ,1.0,15:59,4-2-3-1,8426,Fluminense,F. Diniz Silva,RJ,,Vasco,,2024-04-20,2.0,Maracanã£,R. Díaz,3
Botafogo-Rj,RS,0.0,21:45,4-3-1-2,5660,Botafogo-Rj,J. Ribeiro Ventura,RJ,,Internacional,4-2-3-1,2016-10-12,1.0,Luso-Brasileiro,C. Juarez Roth,30
Santos,SP,0.0,16:00,,3190,Santos,,SP,,Sao Paulo,,2010-07-25,1.0,Vila Belmiro,,11
Botafogo-Rj,CE,0.0,16:00,4-1-4-1,6531,Botafogo-Rj,E. De Souza Barroca,RJ,,Fortaleza,4-4-2,2019-05-05,1.0,Estã¡Dio Nilton Santos,R. Ceni,3
Vasco,RJ,3.0,18:30,,4305,Fluminense,,RJ,,Vasco,,2013-07-21,1.0,Maracanã,,8
Empate,RJ,1.0,18:34,,5386,Sport,O. De Oliveira Filho,PE,,Botafogo-Rj,4-4-2,2016-05-22,1.0,Adelmar Da Costa Carvalho,R. Gomes Raymundo,2
Botafogo-Rj,RJ,0.0,20:30,,1997,Botafogo-Rj,,RJ,,Vasco,,2007-06-14,4.0,Maracanã,,12
Corinthians,SP,0.0,22:00,,1867,Corinthians,,SP,,Palmeiras,,2006-10-25,1.0,Morumbi,,31
Internacional,SP,0.0,16:00,,1843,Internacional,,RS,,Sao Caetano,,2006-10-08,1.0,Beira Rio,,28
Parana,RS,1.0,20:30,,204,Parana,,PR,,Gremio,,2003-07-10,3.0,Pinheirão,,17
Empate,SP,1.0,19:00,4-2-3-1,7878,Fluminense,F. Diniz Silva,RJ,,Palmeiras,4-2-3-1,2022-08-27,1.0,Maracanã,A. Moreira Ferreira,24
Empate,RJ,2.0,16:30,4-2-3-1,7707,Ceara,D. Silvestre Júnior,CE,,Flamengo,4-2-3-1,2022-05-14,2.0,Arena Castelã£O,P. Carvalho De Sousa,6
Empate,SC,1.0,15:59,4-1-2-1-2,5054,Avai,G. Kleina,SC,,Figueirense,4-4-2,2015-06-14,1.0,Ressacada,A. Fucks,7
Bahia,BA,2.0,21:45,,5890,Atletico-Mg,R. Machado Marques,MG,,Bahia,4-2-3-1,2017-07-19,0.0,Estádio Raimundo Sampaio,J. De Amorim Campos,15
Empate,RJ,1.0,19:30,,4008,Cruzeiro,,MG,,Fluminense,,2012-08-15,1.0,Independência,,17
Empate,MG,1.0,17:00,,2703,Fluminense,,RJ,,Ipatinga,,2008-12-07,1.0,Maracanã,,38
Botafogo-Rj,SP,1.0,17:00,,3450,Botafogo-Rj,,RJ,,Gremio Prudente,,2010-11-28,3.0,Engenhão,,37
Vitoria,RS,0.0,16:00,,332,Vitoria,,BA,,Juventude,,2003-08-24,3.0,Barradão,,28
Empate,SP,0.0,21:30,4-4-2,7116,Fortaleza,M. Oliveira Chamusca,CE,,Corinthians,4-2-3-1,2020-12-02,0.0,Arena Castelão,V. Carmo Mancini,24
Atletico-Mg,SP,1.0,18:31,4-3-3,8962,Atletico-Mg,J. Sampaoli,MG,1012719.06,Bragantino,4-2-3-1,2025-08-03,2.0,"Arena Mrv, Belo Horizonte",V. Mancini,18
Fortaleza,RJ,0.0,19:33,4-2-3-1,9080,Fortaleza,T. Carpini,CE,2717680.0,Flamengo,4-2-3-1,2025-10-25,1.0,"Arena Castelão, Fortaleza",F. Luís,30
Internacional,RS,2.0,16:01,4-2-3-1,7151,Bahia,L. Cavalcanti,BA,,Internacional,4-1-4-1,2020-12-27,1.0,Itaipava Arena Fonte Nova,A. Da Silva Braga,27
Coritiba,MG,0.0,19:30,,2450,Coritiba,,PR,,Ipatinga,,2008-07-23,1.0,Couto Pereira,,14
Empate,SC,2.0,16:00,,1777,Cruzeiro,,MG,,Figueirense,,2006-09-02,2.0,Mineirão,,22
Bahia,RJ,0.0,16:01,4-3-3,6630,Bahia,R. Machado Marques,BA,,Flamengo,4-2-3-1,2019-08-04,3.0,Itaipava Arena Fonte Nova,J. Pinheiro De Jesus,13
Atletico-Mg,SP,0.0,19:01,4-2-3-1,7569,Atletico-Mg,,MG,,Corinthians,4-1-4-1,2021-11-10,3.0,Mineirão,S. Campos Junior,31
Empate,GO,1.0,18:00,4-2-3-1,7960,Juventude,L. Palavro Zanella,RS,,Atletico-Go,4-2-3-1,2022-10-16,1.0,Alfredo Jaconi,E. Do Nascimento Souza,32
Vasco,RJ,2.0,17:00,,2687,Coritiba,,PR,,Vasco,,2008-11-30,0.0,Couto Pereira,,37
Fortaleza,CE,1.0,19:00,4-2-3-1,9148,Bragantino,V. Mancini,SP,76090.0,Fortaleza,4-4-2,2025-11-26,0.0,"Estádio Municipal Cicero De Souza Marques, Bragança Paulista",T. Carpini,36
Palmeiras,PR,1.0,18:00,,990,Palmeiras,,SP,,Athletico-Pr,,2004-10-23,3.0,Parque Antártica,,37
Palmeiras,SP,1.0,16:00,4-2-3-1,8632,Palmeiras,A. Moreira Ferreira,SP,,Sao Paulo,3-4-3,2024-08-18,2.0,Allianz Parque,L. Zubeldía,23
Bragantino,SP,0.0,16:01,4-2-3-1,8340,Bragantino,P. Faria Caixinha,SP,,Corinthians,4-2-3-1,2023-11-05,1.0,Nabizão,L. Venker De Menezes,32
Atletico-Mg,MT,0.0,20:00,4-2-3-1,8015,Atletico-Mg,A. Stival,MG,,Cuiaba,4-2-3-1,2022-11-10,3.0,Mineirão,A. Cardoso De Oliveira,37
Corinthians,BA,2.0,20:03,4-1-4-1,8545,Corinthians,R. Laruccia,SP,,Vitoria,4-1-4-1,2024-07-04,3.0,Neo Química Arena,T. Carpini Barbosa,14
Athletico-Pr,PR,1.0,19:30,4-2-3-1,5806,Atletico-Mg,R. Machado Marques,MG,,Athletico-Pr,4-1-4-1,2017-06-14,0.0,Estádio Raimundo Sampaio,E. Baptista,7
Atletico-Go,MG,0.0,21:00,4-2-3-1,8725,Atletico-Go,A. Gomes,GO,,Atletico-Mg,3-4-2-1,2024-11-06,1.0,Estã¡Dio Antã´Nio Accioly - Atlã©Tico Goianiense,G. Milito,32
Vasco,RS,1.0,20:30,4-3-3,6576,Vasco,,RJ,,Internacional,4-3-3,2019-06-07,2.0,Estádio Vasco Da Gama,O. Hellmann,8
Barueri,RJ,0.0,17:00,,3053,Barueri,,SP,,Botafogo-Rj,,2009-11-15,3.0,Arena Barueri,,35
Fluminense,RJ,2.0,21:00,3-4-1-2,8638,Atletico-Mg,G. Milito,MG,,Fluminense,4-2-3-1,2024-08-24,0.0,Mineirão,L. Venker De Menezes,24
Vitoria,BA,2.0,19:17,4-2-3-1,5464,Gremio,R. Machado Marques,RS,,Vitoria,5-4-1,2016-06-23,1.0,Arena Do Grêmio,V. Carmo Mancini,10
Sao Paulo,SP,1.0,16:00,,174,Guarani,,SP,,Sao Paulo,,2003-06-29,0.0,Brinco De Ouro,,15
Chapecoense,SC,4.0,19:29,,4945,Fluminense,C. Borges Dos Santos,RJ,,Chapecoense,,2014-11-20,1.0,Maracanã,C. Rodrigues,35
Palmeiras,SP,2.0,18:33,,4616,Criciuma,L. Saroli Caio Júnior,SC,,Palmeiras,,2014-04-20,1.0,Estádio Heriberto Hülse,G. Kleina,1
Corinthians,SP,3.0,22:00,,3324,Santos,,SP,,Corinthians,,2010-09-22,2.0,Vila Belmiro,,24
Empate,PR,1.0,19:00,4-2-3-1,7046,Atletico-Go,E. Do Nascimento Souza,GO,,Athletico-Pr,4-3-3,2020-10-17,1.0,Estádio Olímpico Pedro Ludovico Teixeira,E. De Barros,17
Gremio,MG,0.0,21:45,4-2-3-1,6249,Gremio,Renato Gaúcho,RS,,Atletico-Mg,4-2-3-1,2018-07-18,2.0,Arena Do Grêmio,T. Mendes Larghi,13
Goias,AL,0.0,17:01,4-3-3,6746,Goias,N. Da Silveira Júnior,GO,,Csa,4-2-3-1,2019-10-12,1.0,Estádio Do Governo Do Estado De Goiás (Serra Dourada),A. Fucks,25
Ceara,SP,0.0,18:30,,3375,Ceara,,CE,,Guarani,,2010-10-10,2.0,Castelão,,29
Empate,BA,1.0,17:00,4-3-3,6050,Fluminense,A. Da Silva Braga,RJ,,Bahia,4-2-3-1,2017-10-29,1.0,Maracanã,P. Carpegiani,31
Empate,RJ,3.0,18:30,,3314,Flamengo,,RJ,,Fluminense,,2010-09-19,3.0,Engenhão,,23
Empate,RS,2.0,19:00,4-3-3,7266,Cuiaba,A. Valentim Do Carmo Neto,MT,,Juventude,4-2-3-1,2021-05-29,2.0,Arena Pantanal,E. De Barros,1
Corinthians,CE,0.0,17:00,4-2-3-1,7576,Corinthians,,SP,,Fortaleza,3-4-1-2,2021-11-06,1.0,Neo Química Arena,J. Vojvoda,30
Botafogo-Rj,RJ,1.0,20:00,4-1-4-1,8133,Cuiaba,A. Cardoso De Oliveira,MT,,Botafogo-Rj,4-3-3,2023-06-22,0.0,Arena Pantanal,L. Ribeiro De Castro,11
Empate,BA,0.0,21:02,,4681,Goias,S. Drubscky De Campos,GO,,Vitoria,,2014-05-28,0.0,Estádio Do Governo Do Estado De Goiás (Serra Dourada),J. Da Silva,8
Cruzeiro,MG,2.0,18:30,,3404,Gremio Prudente,,SP,,Cruzeiro,,2010-10-30,0.0,Prudentão,,32
Vitoria,BA,2.0,16:00,,19,Paysandu,,PA,,Vitoria,,2003-04-06,1.0,Mangueirão,,2
Athletico-Pr,PR,2.0,18:00,,3694,Flamengo,,RJ,,Athletico-Pr,,2011-09-11,1.0,Cláudio Moacyr,,23
Palmeiras,SP,2.0,18:30,4-4-2,8653,Athletico-Pr,M. Varini Di Zioli,PR,,Palmeiras,4-2-3-1,2024-01-09,0.0,Ligga Arena,A. Moreira Ferreira,25
Fluminense,PE,1.0,18:30,,4098,Fluminense,,RJ,,Nautico,,2012-09-22,2.0,Raulino De Oliveira,,26
Internacional,RJ,0.0,21:50,,3631,Internacional,,RS,,Botafogo-Rj,,2011-08-17,1.0,Beira Rio,,17
Palmeiras,SP,1.0,16:00,4-3-3,8852,Vasco,F. Diniz,RJ,2974477.0,Palmeiras,3-4-2-1,2025-05-04,0.0,"Mané Garrincha, Brasília",A. Ferreira,7
Corinthians,RN,0.0,19:30,,2187,Corinthians,,SP,,America-Rn,,2007-09-05,1.0,Pacaembu,,24
Empate,RS,1.0,20:30,,1366,Flamengo,,RJ,,Internacional,,2005-09-08,1.0,Luso Brasileiro,,24
Santos,MG,0.0,16:02,4-2-3-1,5003,Santos,M. Fernandes,SP,,Cruzeiro,4-2-3-1,2015-05-17,1.0,Estádio Urbano Caldeira,M. De Oliveira Santos,2
Empate,SP,2.0,17:29,4-2-3-1,7368,Athletico-Pr,A. Cardoso De Oliveira,PR,,Bragantino,4-2-3-1,2021-07-10,2.0,Estádio Joaquim Américo Guimarães,M. Nogueira Barbieri,11
Palmeiras,SP,2.0,22:00,,3303,Gremio,,RS,,Palmeiras,NAN,2010-09-15,1.0,Olímpico,,22
Palmeiras,SP,2.0,17:02,4-1-4-1,5671,Figueirense,M. Dos Santos Gonçalves,SC,,Palmeiras,,2016-10-16,1.0,Orlando Scarpelli,A. Stival,31
Ceara,BA,0.0,16:00,,3113,Ceara,,CE,,Vitoria,,2010-05-23,1.0,Castelão,,3
Gremio,RJ,0.0,16:00,,185,Gremio,,RS,,Flamengo,,2003-07-06,2.0,Olímpico,,16
Santos,SP,2.0,18:00,,3645,Bahia,,BA,,Santos,,2011-08-21,1.0,Pituaçu,,18
Ceara,BA,0.0,18:30,4-2-3-1,8847,Ceara,M. Mozart,CE,137116.0,Vitoria,4-3-3,2025-05-03,1.0,"Arena Castelão, Fortaleza",J. Ventura,7
Flamengo,MG,0.0,20:30,,1815,Flamengo,,RJ,,Cruzeiro,,2006-09-21,1.0,Maracanã,,25
Atletico-Go,SP,1.0,19:00,4-2-3-1,7849,Atletico-Go,J. De Amorim Campos,GO,,Bragantino,4-3-3,2022-08-06,2.0,Estádio Antônio Accioly,M. Nogueira Barbieri,21
Sao Paulo,SP,3.0,18:29,4-4-2,8434,Atletico-Go,J. Ribeiro Ventura,GO,,Sao Paulo,3-4-2-1,2024-04-21,0.0,Estádio Antônio Accioly - Atlético Goianiense,M. Cruz,3
Empate,RS,1.0,18:30,,4913,Coritiba,M. Dos Santos Gonçalves,PR,,Gremio,,2014-10-25,1.0,Couto Pereira,L. Scolari,31
Athletico-Pr,PR,0.0,17:00,4-2-3-1,5669,Athletico-Pr,P. Autuori De Mello,PR,,Coritiba,4-2-3-1,2016-10-16,2.0,Vila Capanema,P. Carpegiani,31
Vasco,CE,0.0,20:00,4-2-3-1,8538,Vasco,C. De Paiva,RJ,,Fortaleza,4-2-3-1,2024-07-03,2.0,Estádio São Januário,J. Vojvoda,14
Empate,RS,1.0,21:45,,2432,Santos,,SP,,Gremio,,2008-07-09,1.0,Vila Belmiro,,10
Sao Paulo,RJ,1.0,21:45,4-2-3-1,5482,Sao Paulo,E. Bauza,SP,,Fluminense,4-2-3-1,2016-06-29,2.0,Morumbi,L. Culpi,12
Empate,SP,2.0,21:31,4-2-3-1,6761,Goias,N. Da Silveira Júnior,GO,,Corinthians,4-1-4-1,2019-10-16,,Estádio Do Governo Do Estado De Goiás (Serra Dourada),F. Carille,26
Empate,SP,2.0,19:00,4-2-3-1,7488,Bragantino,M. Nogueira Barbieri,SP,,Corinthians,4-1-4-1,2021-10-02,2.0,Nabizão,S. Campos Junior,23
Fluminense,RS,0.0,18:10,,1969,Fluminense,,RJ,,Internacional,,2007-05-26,3.0,Maracanã,,3
Palmeiras,SP,4.0,21:31,4-2-3-1,8332,Botafogo-Rj,,RJ,,Palmeiras,3-4-1-2,2023-11-01,3.0,Estádio Nilton Santos,A. Moreira Ferreira,31
Cuiaba,MT,1.0,18:29,4-2-3-1,8113,Goias,E. Rodrigues De Ávila,GO,,Cuiaba,4-2-3-1,2023-06-04,0.0,Estádio Hailé Pinheiro - Serrinha,A. Cardoso De Oliveira,9
Empate,RS,1.0,19:29,4-2-3-1,5348,Fluminense,E. Baptista,RJ,,Internacional,4-2-2-2,2015-11-28,1.0,Maracanã,A. Fucks,37
Empate,MG,2.0,18:33,4-2-3-1,4988,Palmeiras,O. De Oliveira Filho,SP,,Atletico-Mg,4-2-3-1,2015-05-09,2.0,Allianz Parque,L. Culpi,1
Figueirense,SC,1.0,16:02,,4650,Corinthians,,SP,,Figueirense,,2014-05-18,0.0,Neo Química Arena,A. Ferreira,5
Empate,MG,1.0,18:10,,1161,Sao Paulo,,SP,,Cruzeiro,,2005-05-28,1.0,Morumbi,,6
Santos,SP,0.0,18:15,4-2-3-1,7312,Santos,F. Diniz Silva,SP,,Sao Paulo,3-1-4-2,2021-06-20,2.0,Estádio Urbano Caldeira,,5
Santos,SC,3.0,18:10,,1334,Santos,,SP,,Figueirense,,2005-08-21,4.0,Vila Belmiro,,21
Empate,SP,1.0,16:00,,7491,Chapecoense,D. Camargo,SC,,Sao Paulo,3-4-1-2,2021-10-03,1.0,Arena Condá,H. Crespo,23
Empate,RJ,2.0,16:00,3-4-3,7305,Athletico-Pr,A. Valentim Do Carmo Neto,PR,,Flamengo,4-4-2,2021-11-02,2.0,Estádio Joaquim Américo Guimarães,Renato Gaúcho,4
Gremio,PR,0.0,19:29,,4807,Gremio,L. Scolari,RS,,Athletico-Pr,,2014-09-10,1.0,Arena Do Grêmio,C. Dos Santos Oliveira,20
Palmeiras,CE,0.0,19:00,4-2-3-1,6798,Palmeiras,L. Venker De Menezes,SP,,Ceara,4-1-4-1,2019-11-02,1.0,Allianz Parque,A. Batista,30
Empate,SP,0.0,19:31,4-3-3,5809,Sport,V. Luxemburgo Da Silva,PE,,Sao Paulo,3-4-2-1,2017-06-14,0.0,Adelmar Da Costa Carvalho,R. Ceni,7
Empate,RJ,0.0,20:01,4-2-3-1,5944,Santos,L. Culpi,SP,,Fluminense,4-2-3-1,2017-08-14,0.0,Estã¡Dio Municipal Paulo Machado De Carvalho,A. Da Silva Braga,20
Empate,SP,0.0,16:03,3-5-2,8116,Coritiba,A. Zago,PR,,Santos,4-2-3-1,2023-06-10,0.0,Couto  Pereira,O. Hellmann,10
Vasco,RJ,1.0,16:00,,1459,Vasco,,RJ,,Flamengo,,2005-10-22,2.0,São Januário,,33
Empate,RJ,1.0,21:45,4-2-3-1,5411,Atletico-Mg,,MG,,Fluminense,4-2-3-1,2016-06-01,1.0,Estádio Raimundo Sampaio,L. Culpi,5
Empate,RJ,0.0,18:31,4-2-3-1,8827,Vasco,,RJ,3306747.0,Flamengo,4-2-3-1,2025-04-19,0.0,"Estádio São Januário, Rio De Janeiro",F. Luís,5
Bragantino,RJ,1.0,19:02,4-3-3,8417,Bragantino,P. Faria Caixinha,SP,,Vasco,4-3-3,2024-04-17,2.0,Nabizão,R. Díaz,2
Figueirense,BA,0.0,17:01,,4963,Figueirense,A. Fucks,SC,,Vitoria,,2014-11-23,2.0,Orlando Scarpelli,N. Da Silveira Júnior,36
Athletico-Pr,RS,2.0,16:00,,2801,Athletico-Pr,,PR,,Internacional,,2009-07-12,3.0,Arena Da Baixada,,10
Goias,SP,1.0,18:10,,1645,Goias,,GO,,Sao Caetano,,2006-05-28,2.0,Serra Dourada,,8
Empate,RS,1.0,18:10,,2154,Botafogo-Rj,,RJ,,Internacional,,2007-08-19,1.0,Maracanã,,20
Sao Paulo,SP,1.0,20:30,,4537,Sao Paulo,,SP,,Portuguesa,,2013-11-02,2.0,Morumbi,,32
Nautico,PR,0.0,18:30,,4458,Nautico,,PE,,Coritiba,,2013-09-28,3.0,Arena Pernambuco,,24
Bahia,RS,0.0,18:32,4-2-3-1,8953,Bahia,R. Ceni,BA,1028055.0,Juventude,4-3-3,2025-07-27,3.0,"Arena Fonte Nova, Salvador",M. Barbieri,17
Empate,SC,2.0,16:00,4-2-3-1,5587,Santa Cruz,D. Ghidoni Junior,PE,,Chapecoense,4-2-3-1,2016-09-07,2.0,Arena De Pernambuco,L. Saroli Caio Júnior,23
Bahia,PE,0.0,16:00,,4383,Bahia,,BA,,Nautico,,2013-08-25,2.0,Fonte Nova,,16
Empate,SP,0.0,20:30,,730,Sao  Caetano,,SP,,Sao Paulo,,2004-07-13,0.0,Anacleto Campanella,,15
Gremio,MG,1.0,21:50,,4362,Gremio,,RS,,Cruzeiro,,2013-08-14,3.0,Arena Do Grêmio,,14
Empate,MG,1.0,18:01,4-3-3,7722,Corinthians,V. De Oliveira Lopes Pereira,SP,,America-Mg,4-1-4-1,2022-05-29,1.0,Neo Química Arena,V. Carmo Mancini,8
Santos,AL,0.0,16:00,4-3-3,6718,Santos,,SP,,Csa,4-2-2-2,2019-09-29,2.0,Estádio Urbano Caldeira,A. Fucks,22
Goias,GO,4.0,18:10,,1937,Internacional,,RS,,Goias,,2006-12-02,1.0,Beira Rio,,38
Athletico-Pr,GO,1.0,19:00,,3794,Athletico-Pr,,PR,,Atletico-Go,,2011-11-06,2.0,Arena Da Baixada,,33
Coritiba,RS,0.0,18:00,,3738,Coritiba,,PR,,Gremio,,2011-10-08,2.0,Couto Pereira,,28
Sao Paulo,MG,0.0,16:00,,2262,Sao Paulo,,SP,,Cruzeiro,,2007-10-21,1.0,Morumbi,,32
Portuguesa,SP,2.0,19:30,,4007,Gremio,,RS,,Portuguesa,,2012-08-15,1.0,Olímpico,,17
Fluminense,SP,1.0,16:00,,1111,Fluminense,,RJ,,Sao Paulo,,2005-04-24,2.0,Maracanã,,1
Fortaleza,PE,0.0,16:01,4-2-3-1,9026,Fortaleza,T. Carpini,CE,322499.0,Sport,4-2-3-1,2025-09-27,1.0,"Arena Castelão, Fortaleza",C. De Lucena,25
Chapecoense,MG,2.0,21:00,4-3-2-1,5481,Chapecoense,L. Saroli Caio Júnior,SC,,Cruzeiro,4-3-2-1,2016-06-29,3.0,Arena Condá,P. Gomes Bento,12
Avai,GO,1.0,18:30,,2999,Avai,,SC,,Goias,,2009-10-17,2.0,Ressacada,,30
Ponte Preta,GO,0.0,18:10,,1187,Ponte Preta,,SP,,Goias,,2005-06-18,2.0,Moisés Lucarelli,,8
Bahia,SP,0.0,20:30,,196,Bahia,,BA,,Guarani,,2003-07-09,2.0,Fonte Nova,,17
Empate,RJ,1.0,21:46,4-3-3,5612,Palmeiras,A. Stival,SP,,Flamengo,4-2-3-1,2016-09-14,1.0,Allianz Parque,J. Mannarino,25
Nautico,GO,0.0,21:00,,2905,Nautico,,PE,,Goias,,2009-08-20,2.0,Aflitos,,20
Athletico-Pr,PR,3.0,20:30,,579,Paysandu,,PA,,Athletico-Pr,,2004-04-28,0.0,Mangueirão,,3
Palmeiras,SP,2.0,21:45,4-2-3-1,6221,Gremio,Renato Gaúcho,RS,,Palmeiras,4-2-3-1,2018-06-06,0.0,Arena Do Grêmio,R. Machado Marques,10
Flamengo,MG,1.0,20:00,4-2-3-1,5526,Flamengo,,RJ,,America-Mg,4-2-3-1,2016-07-25,2.0,Kléber Andrade,E. Alves Moreira,16
Gremio,BA,0.0,20:30,,772,Gremio,,RS,,Vitoria,,2004-07-28,4.0,Olímpico,,19
Fortaleza,CE,1.0,18:00,4-2-3-1,7813,Atletico-Go,J. De Amorim Campos,GO,,Fortaleza,3-4-2-1,2022-07-17,0.0,Estádio Antônio Accioly,J. Vojvoda,17
Nautico,MG,1.0,18:10,,2396,Nautico,,PE,,Atletico-Mg,,2008-06-22,2.0,Arruda,,7
Figueirense,RS,3.0,16:00,,1479,Figueirense,,SC,,Juventude,,2005-10-29,4.0,Orlando Scarpelli,,35
Empate,CE,0.0,18:10,,1847,Cruzeiro,,MG,,Fortaleza,,2006-10-14,0.0,Independência  (*Pf),,29
Cruzeiro,MG,1.0,20:02,4-2-3-1,9100,Gremio,L. Castro,RS,1059890.0,Cruzeiro,4-2-3-1,2025-11-05,0.0,"Arena Do Grãªmio, Porto Alegre",T. Tite,32
Santos,MG,0.0,19:30,,4275,Santos,,SP,,Atletico-Mg,,2013-06-12,1.0,Vila Belmiro,,5
Internacional,RJ,0.0,16:00,,3742,Internacional,,RS,,Vasco,,2011-10-09,3.0,Beira Rio,,28
Fluminense,RJ,2.0,18:00,,4601,Bahia,,BA,,Fluminense,,2013-12-08,1.0,Fonte Nova,,38
Athletico-Pr,RJ,1.0,16:00,4-4-2,8061,Athletico-Pr,P. Turra,PR,,Flamengo,4-4-2,2023-05-07,2.0,Ligga Arena,J. Sampaoli Moya,4
Corinthians,RJ,0.0,16:01,4-2-3-1,7800,Corinthians,V. De Oliveira Lopes Pereira,SP,,Flamengo,,2022-07-10,1.0,Neo Química Arena,D. Silvestre Júnior,16
Flamengo,RJ,3.0,17:01,4-5-1,6678,Avai,A. Valentim Do Carmo Neto,SC,,Flamengo,4-2-3-1,2019-09-07,0.0,Estádio Nacional De Brasília,J. Pinheiro De Jesus,18
Gremio,CE,2.0,11:00,4-2-3-1,6377,Gremio,Renato Gaúcho,RS,,Ceara,4-2-3-1,2018-09-23,3.0,Arena Do Grêmio,L. Cirne Lima De Lorenzi,26
Gremio,RS,2.0,16:00,,8096,Athletico-Pr,P. Turra,PR,,Gremio,3-4-2-1,2023-05-27,1.0,Ligga Arena,Renato Gaúcho,8
Empate,BA,1.0,16:01,4-3-2-1,6193,Botafogo-Rj,A. Valentim Do Carmo Neto,RJ,,Vitoria,4-2-3-1,2018-05-27,1.0,Estádio Nilton Santos,V. Carmo Mancini,7
Sao Paulo,GO,0.0,20:30,,4916,Sao Paulo,M. Ramalho,SP,,Goias,,2014-10-27,3.0,Morumbi,S. Drubscky De Campos,31
Empate,RJ,3.0,18:10,,2085,Sport,,PE,,Botafogo-Rj,,2007-07-22,3.0,Ilha Do Retiro,,13
Empate,MG,2.0,18:31,,4766,Figueirense,A. Fucks,SC,,Atletico-Mg,,2014-08-17,,Orlando Scarpelli,,15
Sao Paulo,SP,0.0,20:03,4-2-3-1,8546,Sao Paulo,C. Gruezo,SP,,Bragantino,4-2-3-1,2024-07-06,2.0,Morumbis,P. Faria Caixinha,15
Csa,CE,0.0,16:01,4-2-3-1,6702,Csa,A. Fucks,AL,,Ceara,4-2-3-1,2019-09-22,1.0,Estã¡Dio Rei Pelã©,E. Alves Moreira,20
Fluminense,SP,0.0,21:44,4-3-2-1,6301,Fluminense,M. De Oliveira Santos,RJ,,Corinthians,4-2-4-0,2018-08-22,1.0,Maracanã,O. Loss,20
Figueirense,SC,4.0,20:30,,3661,Cruzeiro,,MG,,Figueirense,,2011-08-31,2.0,Ipatingão,,20
Santos,MG,1.0,19:00,4-3-3,6584,Santos,J. Sampaoli Moya,SP,,Atletico-Mg,4-2-3-1,2019-06-09,3.0,Estádio Urbano Caldeira,R. Marques Santana,8
Sao Paulo,SP,4.0,16:10,,2380,Flamengo,,RJ,,Sao  Paulo,,2008-06-14,2.0,Maracanã,,6
Empate,GO,1.0,18:10,,1455,Santos,,SP,,Goias,,2005-10-16,1.0,Vila Belmiro,,32
Goias,GO,2.0,16:00,,343,Juventude,,RS,,Goias,,2003-08-31,0.0,Alfredo Jaconi,,29
Empate,PE,1.0,19:30,4-2-3-1,5128,Gremio,R. Machado Marques,RS,,Sport,4-2-3-1,2015-07-25,1.0,Arena Do Grêmio,E. Baptista,15
Athletico-Pr,RJ,2.0,19:30,,3137,Athletico-Pr,,PR,,Botafogo-Rj,,2010-06-02,3.0,Arena Da Baixada,,6
Coritiba,SC,0.0,19:30,,2528,Coritiba,,PR,,Figueirense,,2008-08-20,3.0,Couto Pereira,,21
Athletico-Pr,GO,0.0,20:30,,728,Athletico-Pr,,PR,,Goias,,2004-07-13,6.0,Arena Da Baixada,,15
Vasco,MG,1.0,20:30,,4578,Vasco,,RJ,,Cruzeiro,,2013-11-23,2.0,Maracanã,,36
Santos,SP,0.0,18:00,,977,Santos,,SP,,Ponte Preta,,2004-10-16,4.0,Vila Belmiro,,36
Empate,RJ,1.0,21:30,4-1-4-1,8381,Coritiba,G. Dalzotto Bossle,PR,,Botafogo-Rj,3-4-3,2023-11-29,1.0,Couto Pereira,,36
Flamengo,RJ,1.0,21:45,4-2-3-1,5444,Cruzeiro,P. Gomes Bento,MG,,Flamengo,4-2-3-1,2016-06-15,0.0,Mineirã£O,J. Mannarino,8
Bahia,SP,0.0,16:03,4-3-2-1,9031,Bahia,R. Ceni,BA,1902564.0,Palmeiras,4-4-2,2025-09-28,1.0,"Arena Fonte Nova, Salvador",A. Ferreira,25
Bahia,BA,2.0,18:30,,3518,Athletico-Pr,,PR,,Bahia,,2011-06-25,0.0,Arena Da Baixada,,6
Fortaleza,SC,0.0,16:00,4-4-2,7950,Fortaleza,,CE,,Avai,4-2-3-1,2022-09-10,,Arena Castelão,L. Cirne Lima De Lorenzi,31
Atletico-Mg,RS,1.0,21:50,,3941,Atletico-Mg,,MG,,Internacional,,2012-07-18,3.0,Independência,,10
Palmeiras,SP,1.0,20:30,,1306,Palmeiras,,SP,,Ponte Preta,,2005-08-10,2.0,Parque Antártica,,19
Empate,RJ,2.0,16:00,,1358,Botafogo-Rj,,RJ,,Vasco,,2005-07-09,2.0,Luso Brasileiro,,24
Vitoria,BA,3.0,16:00,,662,Athletico-Pr,,PR,,Vitoria,,2004-06-19,1.0,Arena Da Baixada,,10
Gremio,RS,3.0,19:31,4-2-2-2,5886,Vitoria,A. Tadeu Gallo,BA,,Gremio,4-1-4-1,2017-07-19,1.0,Barradão,Renato Gaúcho,15
Cruzeiro,SP,1.0,21:45,,1493,Cruzeiro,,MG,,Corinthians,,2005-11-02,2.0,Mineirão,,36
Criciuma,SP,0.0,18:00,,4590,Criciuma,,SC,,Sao Paulo,,2013-12-01,1.0,Heriberto Hulse,,37
Empate,BA,1.0,18:30,4-2-3-1,8949,Mirassol,R. Guanaes,SP,92940.0,Vitoria,4-2-3-1,2025-07-26,1.0,"Campos Maia, Mirassol",J. Ventura,17
Gremio,RS,0.0,18:30,4-2-3-1,5155,Gremio,R. Machado Marques,RS,,Internacional,4-2-3-1,2015-08-09,5.0,Arena Do Grêmio,O. Hellmann,17
Vasco,RJ,1.0,21:45,,2316,Corinthians,,SP,,Vasco,,2007-11-28,0.0,Pacaembu,,37
Fluminense,BA,0.0,16:00,4-2-3-1,7030,Fluminense,O. Hellmann,RJ,,Bahia,4-2-3-1,2020-10-11,1.0,Maracanã£,L. Venker De Menezes,15
Santos,SP,3.0,16:00,,1086,Sao Caetano,,SP,,Santos,,2004-12-12,0.0,Anacleto Campanella,,45
Botafogo-Rj,RJ,1.0,18:10,,2525,Sport,,PE,,Botafogo-Rj,,2008-08-17,0.0,Ilha Do Retiro,,20
Empate,RS,0.0,16:04,4-1-4-1,5374,Corinthians,A. Bacchi,SP,,Gremio,4-4-2,2016-05-15,0.0,Neo Química Arena,R. Machado Marques,1
Empate,SP,1.0,18:30,,3199,Atletico-Go,,GO,,Guarani,,2010-07-31,1.0,Serra Dourada,,12
Bahia,PR,2.0,16:04,4-2-3-1,5750,Bahia,A. Ferreira,BA,,Athletico-Pr,3-4-1-2,2017-05-14,6.0,Itaipava Arena Fonte Nova,P. Autuori De Mello,1
Bahia,BA,2.0,20:30,,4010,Ponte Preta,,SP,,Bahia,,2012-08-15,0.0,Moisés Lucarelli,,17
Empate,SP,2.0,17:00,4-2-3-1,5718,Cruzeiro,L. Venker De Menezes,MG,,Santos,,2016-11-20,2.0,Mineirão,D. Silvestre Júnior,36
Goias,RS,1.0,16:00,4-4-2,6658,Goias,N. Da Silveira Júnior,GO,,Internacional,4-3-3,2019-08-25,2.0,Estádio Do Governo Do Estado De Goiás (Serra Dourada),O. Hellmann,16
Gremio,SP,0.0,21:31,4-1-3-2,8263,Gremio,Renato Gaúcho,RS,,Palmeiras,4-2-3-1,2023-09-21,1.0,Arena Do Grêmio,A. Moreira Ferreira,24
Empate,SP,0.0,16:00,,67,Figueirense,,SC,,Ponte Preta,,2003-04-27,0.0,Orlando Scarpelli,,6
Empate,SP,1.0,17:00,4-1-4-1,7896,Atletico-Mg,A. Stival,MG,,Bragantino,4-2-3-1,2022-07-09,1.0,Mineirão,M. Nogueira Barbieri,26
-,PR,1.0,20:30,,29,Figueirense,,SC,,Athletico-Pr,,2003-04-16,1.0,Orlando Scarpelli,,4
Sao Paulo,SP,2.0,16:00,,2270,Sport,,PE,,Sao Paulo,,2007-10-28,1.0,Ilha Do Retiro,,33
Figueirense,PE,1.0,16:10,,2382,Figueirense,,SC,,Sport,,2008-06-14,3.0,Orlando Scarpelli,,6
Bragantino,SP,1.0,19:00,4-2-3-1,7319,Bragantino,C. Maldonado,SP,,Palmeiras,3-5-2,2021-06-23,3.0,Nabizão,A. Moreira Ferreira,6
Gremio,BA,0.0,19:29,,4918,Gremio,L. Scolari,RS,,Vitoria,,2014-11-01,1.0,Arena Do Grêmio,N. Da Silveira Júnior,32
Atletico-Mg,MG,1.0,17:00,4-4-1-1,5324,Figueirense,H. Coutinho,SC,,Atletico-Mg,4-2-3-1,2015-11-08,0.0,Orlando Scarpelli,L. Culpi,34
Internacional,RS,2.0,18:59,4-3-3,6235,Santos,J. Ribeiro Ventura,SP,,Internacional,4-2-3-1,2018-06-10,1.0,Estádio Urbano Caldeira,O. Hellmann,11
Empate,SP,1.0,19:15,4-2-3-1,6979,Sao Paulo,F. Diniz Silva,SP,,Bragantino,4-4-2,2020-09-09,1.0,Morumbi,M. Nogueira Barbieri,9
Corinthians,RJ,0.0,17:00,,3448,Corinthians,,SP,,Vasco,,2010-11-28,2.0,Pacaembu,,37
Empate,SP,1.0,19:00,4-2-3-1,6817,Palmeiras,L. Venker De Menezes,SP,,Corinthians,4-4-1-1,2019-11-09,1.0,Estádio Municipal Paulo Machado De Carvalho,Coelho,32
Flamengo,SC,0.0,18:10,,2368,Flamengo,,RJ,,Figueirense,,2008-06-07,5.0,Maracanã,,5
Fortaleza,MG,1.0,18:30,3-5-2,8138,Fortaleza,J. Vojvoda,CE,,Atletico-Mg,4-3-3,2023-06-24,2.0,Arena Castelão,L. Scolari,12
Botafogo-Rj,SP,0.0,16:00,,2513,Botafogo-Rj,,RJ,,Palmeiras,,2008-08-10,1.0,Engenhão,,19
Empate,SP,0.0,18:30,,2724,Botafogo-Rj,,RJ,,Corinthians,,2009-05-17,0.0,Engenhão,,2
Ponte Preta,RJ,1.0,15:59,4-1-4-1,5952,Ponte Preta,G. Kleina,SP,,Botafogo-Rj,4-2-3-1,2017-08-20,2.0,Moisés Lucarelli,J. Ribeiro Ventura,21
Empate,SP,1.0,18:00,,4543,Vitoria,,BA,,Corinthians,NAN,2013-11-03,1.0,Barradão,,32
Flamengo,SC,1.0,16:01,4-2-3-1,8576,Flamengo,A. Bacchi,RJ,,Criciuma,4-4-2,2024-07-20,2.0,Arena Brb Mané Garrincha,C. Tencati,18
Paysandu,SP,2.0,16:00,,1145,Paysandu,,PA,,Sao Caetano,,2005-05-15,3.0,Mangueirão,,4
Ceara,SP,1.0,16:00,4-2-3-1,7200,Ceara,A. Ferreira,CE,,Palmeiras,,2021-01-24,2.0,Arena Castelão,A. Moreira Ferreira,32
Empate,SP,1.0,18:30,3-4-3,8282,Athletico-Pr,W. Carvalho,PR,,Bragantino,4-2-3-1,2023-10-08,1.0,Ligga  Arena,P. Faria Caixinha,26
Empate,PR,0.0,18:00,,663,Vasco,,RJ,,Parana,NAN,2004-06-19,0.0,São Januário,,10
Empate,BA,1.0,16:00,,4740,Palmeiras,R. Gareca Nardi,SP,,Bahia,,2014-08-03,1.0,Estádio Municipal Paulo Machado De Carvalho,C. Fabian,13
Empate,MG,1.0,19:00,4-4-1-1,5495,Figueirense,V. Eutrópio,SC,,Atletico-Mg,4-2-3-1,2016-07-03,1.0,Orlando Scarpelli,M. De Oliveira Santos,13
Empate,SP,1.0,16:30,4-4-2,7676,Bragantino,M. Nogueira Barbieri,SP,,Sao Paulo,4-3-3,2022-04-23,1.0,Nabizão,R. Ceni,3
Santos,RJ,0.0,17:00,,3790,Santos,,SP,,Vasco,,2011-11-06,2.0,Vila Belmiro,,33
Sao Paulo,SP,2.0,16:00,,2232,Internacional,,RS,,Sao Paulo,,2007-09-30,1.0,Beira Rio,,28
Internacional,SP,0.0,18:31,4-2-2-2,5076,Internacional,D. Aguirre Camblor,RS,,Santos,4-2-3-1,2015-06-28,1.0,Estádio José Pinheiro Borda,M. Fernandes,9
Botafogo-Rj,PE,0.0,16:00,,2332,Botafogo-Rj,,RJ,,Sport,,2008-05-11,2.0,Engenhão,,1
Internacional,PE,0.0,15:59,4-3-2-1,5395,Internacional,A. Fucks,RS,,Sport,4-2-3-1,2016-05-26,1.0,Estádio José Pinheiro Borda,O. De Oliveira Filho,3
Internacional,RJ,1.0,11:01,4-2-3-1,8040,Internacional,L. Venker De Menezes,RS,,Flamengo,4-1-2-1-2,2023-04-23,2.0,Estádio Beira-Rio,J. Sampaoli Moya,2
Corinthians,SP,2.0,16:00,,4090,Palmeiras,,SP,,Corinthians,,2012-09-16,0.0,Pacaembu,,25
Empate,MG,0.0,18:10,,1968,Corinthians,,SP,,Atletico-Mg,,2007-05-26,0.0,Morumbi,,3
Corinthians,SP,3.0,16:00,4-2-3-1,8990,Vasco,F. Diniz,RJ,1453977.0,Corinthians,4-1-3-2,2025-08-24,2.0,"Estádio São Januário, Rio De Janeiro",D. Junior,21
Empate,PE,0.0,18:32,3-4-1-2,8789,Sao Paulo,H. Crespo,SP,2144747.0,Sport,4-3-1-2,2025-03-29,0.0,"Morumbis, São Paulo",C. De Lucena,1
Flamengo,RJ,2.0,20:00,,6758,Fortaleza,C. A. P. F. Hembert,CE,,Flamengo,4-4-2,2019-10-16,1.0,Arena Castelão,,26
Botafogo-Rj,RJ,3.0,16:00,,4370,Portuguesa,,SP,,Botafogo-Rj,,2013-08-18,1.0,Canindé,,15
Bahia,BA,2.0,21:30,3-4-1-2,6893,Botafogo-Rj,,RJ,,Bahia,4-4-2,2020-09-30,1.0,Estádio Nilton Santos,,1
Cruzeiro,MG,1.0,16:00,,424,Atletico-Mg,,MG,,Cruzeiro,,2003-10-12,0.0,Mineirão,,36
Empate,SP,0.0,20:30,,281,Juventude,,RS,,Ponte Preta,,2003-08-06,0.0,Alfredo Jaconi,,24
Juventude,PR,0.0,16:00,,597,Juventude,,RS,,Parana,,2004-05-02,4.0,Alfredo Jaconi,,4
Palmeiras,RS,0.0,16:01,4-2-3-1,6143,Palmeiras,R. Machado Marques,SP,,Internacional,4-2-3-1,2018-04-22,1.0,Estádio Municipal Paulo Machado De Carvalho,O. Hellmann,2
Avai,PE,0.0,11:00,4-2-3-1,5780,Avai,C. Dos Santos Oliveira,SC,,Sport,4-2-3-1,2017-06-04,1.0,Ressacada,V. Luxemburgo Da Silva,4
Empate,CE,2.0,16:00,,3621,Corinthians,,SP,,Ceara,,2011-08-14,2.0,Pacaembu,,16
Goias,GO,2.0,19:30,4-2-3-1,6846,Internacional,J. Mannarino,RS,,Goias,4-1-4-1,2019-11-27,1.0,Estádio José Pinheiro Borda,N. Da Silveira Júnior,35
Athletico-Pr,SP,0.0,18:00,,840,Athletico-Pr,,PR,,Sao Paulo,,2004-08-15,1.0,Arena Da Baixada,,24
Empate,MG,1.0,20:00,,4597,Flamengo,,RJ,,Cruzeiro,,2013-07-12,1.0,Maracanã,,38
Empate,MG,0.0,20:31,4-3-1-2,7451,Sao Paulo,H. Crespo,SP,,America-Mg,,2021-09-22,0.0,Morumbi,V. Carmo Mancini,19
Sao Caetano,SP,0.0,16:00,,141,Sao Caetano,,SP,,Corinthians,,2003-06-08,1.0,Anacleto Campanella,,12
Vitoria,SP,1.0,20:30,,2598,Vitoria,,BA,,Portuguesa,,2008-10-02,3.0,Barradão,,28
Palmeiras,SP,1.0,16:00,4-2-3-1,6701,Fortaleza,,CE,,Palmeiras,4-2-3-1,2019-09-22,0.0,Arena Castelão,L. Venker De Menezes,20
Empate,SP,1.0,19:01,4-3-3,7729,Avai,E. De Souza Barroca,SC,,Sao Paulo,3-4-3,2022-06-04,1.0,Ressacada,R. Ceni,9
Empate,RJ,0.0,18:10,,1389,Coritiba,,PR,,Fluminense,,2005-09-18,0.0,Couto Pereira,,26
Botafogo-Rj,CE,0.0,16:00,,3677,Botafogo-Rj,,RJ,,Ceara,,2011-09-07,4.0,Engenhão,,22
Empate,GO,2.0,21:31,4-2-3-1,8760,Vasco,F. Loureiro,RJ,,Atletico-Go,4-2-3-1,2024-11-30,2.0,Estádio São Januário,A. Gomes,36
Flamengo,BA,0.0,20:59,,4969,Flamengo,V. Luxemburgo Da Silva,RJ,,Vitoria,,2014-11-29,4.0,Arena Da Amazônia,N. Da Silveira Júnior,37
Atletico-Mg,PR,1.0,20:00,4-2-3-1,6365,Atletico-Mg,T. Mendes Larghi,MG,,Athletico-Pr,4-2-3-1,2018-09-10,3.0,Estádio Raimundo Sampaio,T. Retzalff Nunes,24
Corinthians,SP,1.0,16:02,,4751,Santos,O. De Oliveira Filho,SP,,Corinthians,,2014-08-10,0.0,Estádio Urbano Caldeira,L. Venker De Menezes,14
Fluminense,RS,4.0,20:30,,3809,Fluminense,,RJ,,Gremio,,2011-11-16,5.0,Engenhão,,35
Sao Paulo,PR,0.0,18:10,,1140,Sao Paulo,,SP,,Coritiba,,2005-05-14,1.0,Morumbi,,4
Goias,RJ,3.0,18:10,,2258,Goias,,GO,,Fluminense,,2007-10-20,5.0,Serra Dourada,,32
Corinthians,RJ,0.0,19:01,4-2-3-1,7838,Corinthians,V. De Oliveira Lopes Pereira,SP,,Botafogo-Rj,4-2-3-1,2022-07-30,1.0,Neo Química Arena,L. Castro,20
Juventude,MG,0.0,16:00,,1790,Juventude,,RS,,Cruzeiro,,2006-09-10,2.0,Alfredo Jaconi,,23
Nautico,SP,0.0,20:30,,3939,Nautico,,PE,,Ponte Preta,,2012-07-18,3.0,Aflitos,,10
Santos,SP,0.0,19:00,,7874,Santos,L. Cirne Lima De Lorenzi,SP,,Sao Paulo,3-4-1-2,2022-08-21,1.0,Estádio Urbano Caldeira,R. Ceni,23
Sport,SP,0.0,17:04,4-2-3-1,6119,Sport,,PE,,Corinthians,4-2-3-1,2017-12-03,1.0,Adelmar Da Costa Carvalho,F. Carille,38
Vasco,RS,0.0,15:30,,949,Vasco,,RJ,,Internacional,,2004-10-02,2.0,São Januário,,34
Bahia,RJ,0.0,16:00,,3703,Bahia,,BA,,Fluminense,,2011-09-18,3.0,Pituaçu,,24
Empate,PR,2.0,18:32,,4629,Sao Paulo,M. Ramalho,SP,,Coritiba,,2014-05-03,2.0,Estádio Municipal Paulo Machado De Carvalho,C. Juarez Roth,3
Empate,SP,0.0,16:00,,6291,America-Mg,A. Batista,MG,,Palmeiras,4-1-4-1,2018-08-05,0.0,Estádio Raimundo Sampaio,L. Scolari,17
Fluminense,GO,1.0,19:02,4-2-3-1,5927,Fluminense,A. Da Silva Braga,RJ,,Atletico-Go,4-2-3-1,2017-08-05,3.0,Maracanã,J. P. Sanches,19
Empate,RJ,0.0,20:02,4-1-3-2,5915,Ponte Preta,G. Kleina,SP,,Fluminense,4-1-4-1,2017-08-09,0.0,Moisés Lucarelli,A. Da Silva Braga,17
Athletico-Pr,PE,1.0,17:02,4-2-3-1,6041,Athletico-Pr,F. Soares Pessoa,PR,,Sport,4-2-3-1,2017-10-22,2.0,Estádio Joaquim Américo Guimarães,V. Luxemburgo Da Silva,30
Empate,SP,0.0,17:00,,442,Vitoria,,BA,,Sao Caetano,,2003-10-19,0.0,Barradão,,37
Sao Paulo,SP,3.0,16:00,,1603,Corinthians,,SP,,Sao Paulo,,2006-05-07,1.0,Teixeirão,,4
Corinthians,SP,1.0,16:00,,2240,Sao Paulo,,SP,,Corinthians,,2007-10-07,0.0,Morumbi,,30
Vitoria,RS,1.0,18:00,,641,Vitoria,,BA,,Internacional,,2004-05-29,2.0,Barradão,,8
Atletico-Mg,RJ,0.0,17:00,,3831,Atletico-Mg,,MG,,Botafogo-Rj,,2011-11-27,4.0,Arena Do Jacaré,,37
Sao Paulo,SP,2.0,18:30,,2846,Barueri,,SP,,Sao Paulo,NAN,2009-07-26,1.0,Arena Barueri,,14
Empate,RJ,1.0,20:00,4-2-3-1,6145,Sport,N. Baptista Júnior,PE,,Botafogo-Rj,4-1-4-1,2018-04-23,1.0,Adelmar Da Costa Carvalho,A. Valentim Do Carmo Neto,2
Vasco,BA,3.0,16:00,4-3-3,9050,Vasco,F. Diniz,RJ,1405950.0,Vitoria,4-2-3-1,2025-10-05,4.0,"Estádio São Januário, Rio De Janeiro",J. Ventura,27
Empate,MG,1.0,19:31,4-1-4-1,6347,Botafogo-Rj,J. Mannarino,RJ,,Cruzeiro,4-2-3-1,2018-09-05,1.0,Estádio Nilton Santos,L. Venker De Menezes,23
Goias,RJ,1.0,21:50,,2502,Goias,,GO,,Flamengo,,2008-06-08,2.0,Serra Dourada,,18
America-Rn,RN,3.0,18:10,,1959,Santos,,SP,,America-Rn,,2007-05-19,2.0,Vila Belmiro,,2
Parana,PR,2.0,16:00,,1071,Criciuma,,SC,,Parana,,2004-12-04,1.0,Heriberto Hulse,,44
Empate,MG,0.0,18:00,,156,Cruzeiro,,MG,,Atletico-Mg,,2003-06-15,0.0,Mineirão,,13
Juventude,SP,0.0,21:45,,2296,Juventude,,RS,,Sao Paulo,,2007-11-07,2.0,Alfredo Jaconi,,35
Internacional,RJ,1.0,21:00,4-4-1-1,7750,Internacional,L. Venker De Menezes,RS,,Flamengo,4-3-3,2022-06-11,3.0,Estádio José Pinheiro Borda,D. Silvestre Júnior,11
Atletico-Mg,GO,1.0,22:00,,4579,Atletico-Mg,,MG,,Goias,,2013-11-23,4.0,Independência,,36
Figueirense,RS,0.0,16:00,,1090,Figueirense,,SC,,Juventude,,2004-12-12,1.0,Orlando Scarpelli,,45
Empate,RJ,0.0,17:00,4-4-1-1,6051,Atletico-Mg,O. De Oliveira Filho,MG,,Botafogo-Rj,4-4-2,2017-10-29,0.0,Estádio Raimundo Sampaio,J. Ribeiro Ventura,31
Vitoria,SP,2.0,16:00,,2941,Vitoria,,BA,,Palmeiras,,2009-09-13,3.0,Barradão,,24
Cruzeiro,MG,3.0,20:30,,724,Gremio,,RS,,Cruzeiro,,2004-07-13,,Olímpico,,15
Empate,MG,0.0,18:30,,4389,Goias,,GO,,Atletico-Mg,,2013-08-31,0.0,Serra Dourada,,17
Palmeiras,SP,5.0,16:00,,931,Vasco,,RJ,,Palmeiras,,2004-09-26,2.0,São Januário,,32
Empate,SP,0.0,16:00,,2913,Fluminense,,RJ,,Barueri,,2009-08-23,0.0,Maracanã,,21
Bragantino,CE,1.0,19:00,4-2-3-1,7817,Bragantino,M. Nogueira Barbieri,SP,,Fortaleza,3-4-2-1,2022-07-20,2.0,Nabizão,J. Vojvoda,18
Santos,CE,1.0,19:15,4-3-3,6764,Santos,,SP,,Ceara,4-4-1-1,2019-10-17,2.0,Estádio Urbano Caldeira,A. Batista,26
Atletico-Mg,MG,3.0,19:30,4-2-3-1,8378,Flamengo,,RJ,,Atletico-Mg,4-4-2,2023-11-29,0.0,Maracanã,L. Scolari,36
Empate,PR,0.0,18:59,4-4-2,6418,Sao Paulo,D. Aguirre Camblor,SP,,Athletico-Pr,4-2-3-1,2018-10-20,0.0,Morumbi,T. Retzalff Nunes,30
Empate,RJ,0.0,21:50,,896,Internacional,,RS,,Flamengo,,2004-09-08,0.0,Beira Rio,,29
Empate,MG,1.0,18:30,,3249,Vasco,,RJ,,Cruzeiro,,2010-08-28,1.0,Maracanã,,17
Nautico,GO,1.0,18:10,,2327,Nautico,,PE,,Goias,,2008-05-10,2.0,Aflitos,,1
Fluminense,RJ,2.0,18:15,4-2-3-1,7102,Internacional,L. De Souza,RS,,Fluminense,4-2-3-1,2020-11-22,1.0,Estádio José Pinheiro Borda,O. Hellmann,22
Fluminense,SP,0.0,21:30,4-2-3-1,8590,Fluminense,L. Venker De Menezes,RJ,,Palmeiras,4-2-3-1,2024-07-24,1.0,Maracanã,J. M. Barreto Martins,19
Atletico-Mg,RS,1.0,21:00,4-4-2,7454,Atletico-Mg,A. Stival,MG,,Gremio,4-3-3,2021-11-03,2.0,Mineirão,V. Carmo Mancini,19
Empate,SP,2.0,18:30,4-2-3-1,5039,Santos,M. Fernandes,SP,,Ponte Preta,,2015-06-06,2.0,Estádio Urbano Caldeira,A. Ferreira,6
Empate,SP,1.0,17:00,4-2-3-1,6452,Atletico-Mg,L. Culpi,MG,,Palmeiras,4-3-3,2018-11-11,1.0,Estã¡Dio Raimundo Sampaio,L. Scolari,33
Empate,MG,1.0,18:30,,4137,Flamengo,,RJ,,Cruzeiro,,2012-10-13,1.0,Engenhão,,30
Palmeiras,PR,2.0,18:10,,1699,Palmeiras,,SP,,Parana,,2006-07-29,4.0,Parque Antártica,,14
Empate,RS,1.0,18:10,,1909,Vasco,,RJ,,Juventude,,2006-11-11,1.0,São Januário,,35
America-Mg,MG,3.0,21:31,4-1-4-1,7573,Sport,G. Florentín,PE,,America-Mg,,2021-10-11,2.0,Arena  De  Pernambuco,M. Dos Santos Gonçalves,31
Fortaleza,CE,2.0,21:02,4-2-3-1,8615,Cruzeiro,F. Seabra,MG,,Fortaleza,4-2-3-1,2024-08-05,1.0,Kléber Andrade,J. Vojvoda,21
Coritiba,SC,0.0,17:00,,3832,Coritiba,,PR,,Avai,,2011-11-27,1.0,Couto Pereira,,37
Sao Paulo,SP,3.0,16:01,4-2-3-1,6310,Sport,C. Dos Santos Oliveira,PE,,Sao Paulo,4-2-3-1,2018-08-12,1.0,Adelmar Da Costa Carvalho,D. Aguirre Camblor,18
Gremio,RS,3.0,16:00,,3351,Vitoria,,BA,,Gremio,,2010-10-02,0.0,Barradão,,27
Internacional,RS,3.0,16:00,,986,Gremio,,RS,,Internacional,,2004-10-23,1.0,Olímpico,,37
Cruzeiro,MG,1.0,18:10,,1824,Ponte Preta,,SP,,Cruzeiro,,2006-09-24,0.0,Moisés Lucarelli,,26
Vitoria,SP,0.0,18:00,,4572,Vitoria,,BA,,Santos,,2013-11-17,2.0,Barradão,,35
Internacional,PA,0.0,16:00,,589,Internacional,,RS,,Paysandu,,2004-05-01,1.0,Beira Rio,,4
Vasco,SC,0.0,19:31,4-4-2,5078,Vasco,C. Juarez Roth,RJ,,Avai,4-2-3-1,2015-07-01,1.0,Estádio Vasco Da Gama,G. Kleina,10
Avai,SC,1.0,19:00,4-2-3-1,7755,Botafogo-Rj,L. Castro,RJ,,Avai,4-1-4-1,2022-06-13,0.0,Estádio Nilton Santos,E. De Souza Barroca,11
Internacional,RS,2.0,19:00,4-1-4-1,8313,Vasco,R. Díaz,RJ,,Internacional,4-4-2,2023-10-26,1.0,Estádio São Januário,E. Coudet,29
Empate,BA,0.0,21:00,,4117,Flamengo,,RJ,,Bahia,,2012-10-04,0.0,Engenhão,,28
Palmeiras,SC,0.0,19:29,4-2-3-1,5485,Palmeiras,A. Stival,SP,,Figueirense,4-2-3-1,2016-06-30,4.0,Allianz Parque,V. Eutrópio,12
Coritiba,RJ,0.0,16:01,4-2-3-1,7719,Coritiba,G. Morínigo,PR,,Botafogo-Rj,4-2-3-1,2022-05-29,1.0,Couto Pereira,L. Castro,8
Sport,RS,2.0,18:31,4-2-3-1,5515,Sport,O. De Oliveira Filho,PE,,Gremio,4-2-3-1,2016-07-17,4.0,Adelmar Da Costa Carvalho,R. Machado Marques,15
Vasco,RJ,2.0,21:00,4-3-3,8032,Atletico-Mg,E. Coudet,MG,,Vasco,4-3-3,2023-04-15,1.0,Mineirão,M. Nogueira Barbieri,1
Cruzeiro,MG,4.0,16:01,4-2-3-1,8861,Sport,C. De Lucena,PE,485140.0,Cruzeiro,4-2-3-1,2025-05-11,0.0,"Adelmar Da Costa Carvalho, Recife",T. Tite,8
Empate,MG,1.0,21:02,4-2-2-2,5555,Corinthians,C. Borges Dos Santos,SP,,Cruzeiro,4-2-3-1,2016-08-08,1.0,Estádio Municipal Paulo Machado De Carvalho,L. Venker De Menezes,19
Avai,SC,1.0,18:30,,3569,Atletico-Go,,GO,,Avai,,2011-07-16,0.0,Serra Dourada,,10
Cruzeiro,MG,3.0,16:00,,1407,Ponte Preta,,SP,,Cruzeiro,,2005-09-25,2.0,Moisés Lucarelli,,28
Empate,MG,2.0,16:00,,265,Fluminense,,RJ,,Cruzeiro,,2003-08-02,2.0,Giulite Coutinho,,23
Flamengo,RJ,1.0,16:00,,3550,Fluminense,,RJ,,Flamengo,,2011-07-10,0.0,Engenhão,,9
Fluminense,RJ,1.0,20:00,4-2-3-1,6835,Csa,A. Fucks,AL,,Fluminense,4-4-1-1,2019-11-25,0.0,Estádio Rei Pelé,M. De Oliveira,34
Empate,MT,0.0,19:00,4-2-3-1,7554,Bahia,A. Ferreira,BA,,Cuiaba,4-4-2,2021-11-21,0.0,Itaipava Arena Fonte Nova,J. De Amorim Campos,34
Gremio,RS,3.0,21:30,4-3-1-2,6790,Vasco,V. Luxemburgo Da Silva,RJ,,Gremio,4-2-3-1,2019-10-30,1.0,Estádio Vasco Da Gama,Renato Gaúcho,29
Internacional,RS,2.0,17:00,,3070,Sport,,PE,,Internacional,,2009-11-29,1.0,Ilha Do Retiro,,37
Figueirense,MG,1.0,18:31,4-1-2-1-2,5026,Figueirense,A. Fucks,SC,,Cruzeiro,4-2-3-1,2015-05-31,2.0,Orlando Scarpelli,M. De Oliveira Santos,4
Internacional,RS,2.0,18:00,4-4-2,8386,Corinthians,L. Venker De Menezes,SP,,Internacional,4-2-3-1,2023-12-02,1.0,Neo Química Arena,E. Coudet,37
Gremio,SP,0.0,18:30,,3865,Gremio,,RS,,Palmeiras,,2012-05-27,1.0,Olímpico,,2
Cruzeiro,CE,0.0,21:00,,9067,Cruzeiro,T. Tite,MG,1441705.0,Fortaleza,4-2-3-1,2025-10-18,1.0,"Mineirão, Belo Horizonte",T. Carpini,29
Empate,MG,1.0,16:00,,2401,Figueirense,,SC,,Atletico-Mg,,2008-06-29,1.0,Orlando Scarpelli,,8
Corinthians,SP,4.0,11:00,4-2-3-1,6278,Vasco,J. De Amorim Campos,RJ,,Corinthians,4-2-3-1,2018-07-29,1.0,Estádio Nacional De Brasília,,16
Palmeiras,CE,0.0,20:30,,3714,Palmeiras,,SP,,Ceara,,2011-09-22,1.0,Canindé,,25
Flamengo,RS,1.0,20:30,,250,Flamengo,,RJ,,Internacional,,2003-07-24,2.0,Maracanã,,21
Empate,GO,1.0,18:10,,1595,Juventude,,RS,,Goias,,2006-04-30,1.0,Alfredo Jaconi,,3
Paysandu,RJ,0.0,20:30,,1530,Paysandu,,PA,,Botafogo-Rj,,2005-11-17,2.0,Mangueirão,,39
Vasco,CE,0.0,21:30,4-3-3,8291,Vasco,R. Díaz,RJ,,Fortaleza,4-2-3-1,2023-10-18,1.0,Estádio São Januário,J. Vojvoda,27
Empate,SP,0.0,18:00,,924,Coritiba,,PR,,Palmeiras,,2004-09-19,0.0,Couto Pereira,,31
Empate,MT,0.0,20:30,4-2-3-1,7534,Flamengo,Renato Gaúcho,RJ,,Cuiaba,4-4-2,2021-10-17,0.0,Maracanã,J. De Amorim Campos,27
Santos,RS,0.0,18:00,,671,Santos,,SP,,Internacional,,2004-06-20,3.0,Vila Belmiro,,10
Atletico-Mg,MG,2.0,21:00,4-2-3-1,5109,Ponte Preta,A. Ferreira,SP,,Atletico-Mg,4-2-3-1,2015-07-11,0.0,Moisés Lucarelli,L. Culpi,13
Empate,SP,0.0,16:00,,1911,Figueirense,,SC,,Corinthians,,2006-11-12,0.0,Orlando Scarpelli,,35
Empate,MG,1.0,19:30,4-1-2-1-2,8337,America-Mg,F. Bustos,MG,,Atletico-Mg,4-4-2,2023-11-04,1.0,Estádio Municipal Parque Do Sabiá,L. Scolari,32
Ponte Preta,RJ,1.0,21:00,4-2-3-1,5249,Ponte Preta,D. Ghidoni Junior,SP,,Fluminense,4-2-3-1,2015-09-19,3.0,Moisés Lucarelli,E. Baptista,27
Empate,MG,1.0,19:15,4-2-3-1,7188,Gremio,Renato Gaúcho,RS,,Atletico-Mg,4-3-3,2021-01-20,1.0,Arena Do Grêmio,J. Sampaoli Moya,31
Vasco,RJ,0.0,20:30,,3959,Vasco,,RJ,,Botafogo-Rj,,2012-07-25,1.0,Engenhão,,12
Empate,RS,1.0,18:59,4-2-3-1,6973,Atletico-Go,V. Carmo Mancini,GO,,Gremio,4-2-3-1,2020-09-06,1.0,Estádio Olímpico Pedro Ludovico Teixeira,Renato Gaúcho,8
Vasco,RJ,1.0,19:32,4-2-3-1,6026,Atletico-Go,J. P. Sanches,GO,,Vasco,4-4-1-1,2017-10-18,0.0,Estã¡Dio Do Governo Do Estado De Goiã¡S (Serra Dourada),J. Mannarino,29
Internacional,SC,0.0,21:00,4-2-3-1,5644,Internacional,C. Juarez Roth,RS,,Figueirense,4-4-1-1,2016-10-01,1.0,Estádio José Pinheiro Borda,M. Dos Santos Gonçalves,28
Empate,PE,0.0,17:00,,2697,Santos,,SP,,Nautico,,2008-12-07,0.0,Vila Belmiro,,38
Sao Paulo,MG,0.0,16:00,,2592,Sao Paulo,,SP,,Cruzeiro,,2008-09-28,2.0,Morumbi,,27
Empate,RJ,1.0,18:10,,1784,Fluminense,,RJ,,Vasco,,2006-09-03,1.0,Maracanã£,,22
Santos,SP,2.0,11:03,4-2-3-1,6510,Gremio,Renato Gaúcho,RS,,Santos,3-4-1-2,2019-04-28,1.0,Arena Do Grêmio,J. Sampaoli Moya,1
Cruzeiro,MG,1.0,18:30,,3014,Corinthians,,SP,,Cruzeiro,,2009-10-25,0.0,Pacaembu,,31
Sao Paulo,MG,0.0,21:31,4-2-3-1,7136,Sao Paulo,F. Diniz Silva,SP,,Atletico-Mg,3-5-2,2020-12-16,3.0,Morumbi,J. Sampaoli Moya,26
Fluminense,RS,2.0,18:10,,2308,Fluminense,,RJ,,Juventude,,2007-11-24,3.0,Maracanã,,37
Atletico-Mg,MG,3.0,16:01,5-4-1,7248,Sport,,PE,,Atletico-Mg,4-3-3,2021-02-21,2.0,Adelmar Da Costa Carvalho,J. Sampaoli Moya,37
Coritiba,RJ,0.0,16:00,,3693,Coritiba,,PR,,Botafogo-Rj,,2011-09-11,5.0,Couto Pereira,,23
Empate,RJ,2.0,16:00,,688,Figueirense,,SC,,Vasco,,2004-07-03,2.0,Orlando Scarpelli,,12
Atletico-Mg,SP,0.0,21:47,4-2-3-1,6021,Atletico-Mg,O. De Oliveira Filho,MG,,Sao Paulo,4-1-4-1,2017-10-11,1.0,Estádio Raimundo Sampaio,D. Silvestre Júnior,27
Palmeiras,SP,1.0,16:01,3-4-2-1,7079,Vasco,R. Andrade Silva Sá Pinto,RJ,,Palmeiras,4-2-3-1,2020-11-08,0.0,Estádio Vasco Da Gama,A. Moreira Ferreira,20
Athletico-Pr,SP,0.0,18:00,,614,Athletico-Pr,,PR,,Santos,,2004-05-15,1.0,Arena Da Baixada,,6
Internacional,GO,0.0,18:15,4-2-3-1,7172,Internacional,A. Da Silva Braga,RS,,Goias,5-3-2,2021-01-10,1.0,Estádio José Pinheiro Borda,A. César,29
Empate,SP,1.0,19:00,4-2-3-1,7621,Internacional,D. Aguirre Camblor,RS,,Santos,3-4-3,2021-11-28,1.0,Estádio José Pinheiro Borda,F. Carille,36
Botafogo-Rj,RJ,3.0,16:00,,3201,Vitoria,,BA,,Botafogo-Rj,,2010-08-01,1.0,Barradão,,12
Empate,PR,1.0,18:10,,2268,Cruzeiro,,MG,,Athletico-Pr,,2007-10-27,1.0,Mineirão,,33
Empate,PE,1.0,11:00,4-3-3,9010,Bragantino,V. Mancini,SP,99520.0,Sport,4-1-2-1-2,2025-09-14,1.0,"Estádio Municipal Cicero De Souza Marques, Bragança Paulista",C. De Lucena,23
Empate,SP,1.0,19:00,4-1-4-1,6631,Corinthians,F. Carille,SP,,Palmeiras,4-2-3-1,2019-04-08,1.0,Neo Química Arena,L. Scolari,13
Gremio,RS,3.0,21:00,,4136,Sport,,PE,,Gremio,,2012-10-11,1.0,Ilha Do Retiro,,29
Gremio,RS,2.0,19:30,,1899,Juventude,,RS,,Gremio,,2006-11-08,1.0,Alfredo Jaconi,,34
Corinthians,SP,1.0,18:00,4-2-3-1,7691,Bragantino,C. Maldonado,SP,,Corinthians,4-2-3-1,2022-05-08,0.0,Nabizão,V. De Oliveira Lopes Pereira,5
Corinthians,RS,0.0,16:00,,262,Corinthians,,SP,,Gremio,,2003-07-27,1.0,Pacaembu,,22
Empate,RS,3.0,18:30,,2926,Botafogo-Rj,,RJ,,Gremio,,2009-08-30,3.0,Engenhão,,22
Corinthians,SP,2.0,17:03,4-3-2-1,4949,Bahia,C. Fabian,BA,,Corinthians,4-2-3-1,2014-11-16,1.0,Itaipava Arena Fonte Nova,L. Venker De Menezes,34
Barueri,PE,0.0,18:30,,2824,Barueri,,SP,,Nautico,,2009-07-19,4.0,Arena Barueri,,12
Athletico-Pr,BA,0.0,19:30,,3342,Athletico-Pr,,PR,,Vitoria,,2010-09-29,1.0,Arena Da Baixada,,26
Empate,SC,2.0,19:30,,3528,Gremio,,RS,,Avai,,2011-06-29,2.0,Olímpico,,7
Santos,BA,0.0,20:30,,4564,Santos,,SP,,Bahia,,2013-11-14,3.0,Pacaembu,,34
Fortaleza,CE,1.0,16:02,3-5-2,7880,Sao Paulo,R. Ceni,SP,,Fortaleza,4-2-3-1,2022-08-28,0.0,Morumbi,J. Vojvoda,24
Empate,SP,3.0,21:03,4-2-3-1,5331,Athletico-Pr,C. Borges Dos Santos,PR,,Palmeiras,4-2-3-1,2015-11-18,3.0,Estádio Joaquim Américo Guimarães,M. De Oliveira Santos,35
Goias,PE,0.0,19:30,4-3-2-1,5224,Goias,J. Camargo,GO,,Sport,4-2-3-1,2015-10-09,1.0,Estádio Do Governo Do Estado De Goiás (Serra Dourada),E. Baptista,24
Empate,PE,0.0,20:30,,2286,Internacional,,RS,,Sport,,2007-01-11,0.0,Beira Rio,,34
Empate,BA,1.0,18:59,4-2-3-1,6064,Vasco,J. Mannarino,RJ,,Vitoria,4-2-3-1,2017-11-05,1.0,Maracanã,V. Carmo Mancini,32
Atletico-Mg,MG,2.0,18:33,,4655,Santos,O. De Oliveira Filho,SP,,Atletico-Mg,,2014-05-18,1.0,Arena Pantanal,,5
Atletico-Mg,RJ,1.0,16:01,4-2-3-1,5001,Atletico-Mg,L. Culpi,MG,,Fluminense,4-2-3-1,2015-05-17,4.0,Estádio Nacional De Brasília,S. Drubscky De Campos,2
Empate,SP,1.0,20:00,,6711,Fluminense,O. De Oliveira Filho,RJ,,Santos,3-4-3,2019-09-26,1.0,Maracanã,J. Sampaoli Moya,21
Cruzeiro,PR,1.0,17:00,,4212,Cruzeiro,,MG,,Coritiba,NAN,2012-11-25,2.0,Independência,,37
Sao Paulo,RJ,0.0,21:40,,485,Sao Paulo,,SP,,Fluminense,,2003-11-05,1.0,Morumbi,,41
Empate,RS,2.0,16:00,,2223,Atletico-Mg,,MG,,Internacional,,2007-09-23,2.0,Mineirão,,27
Athletico-Pr,PE,0.0,16:01,4-4-2,5417,Athletico-Pr,P. Autuori De Mello,PR,,Santa Cruz,4-2-3-1,2016-06-04,1.0,Estádio Joaquim Américo Guimarães,M. Mendes,6
Bragantino,SP,0.0,18:16,4-2-3-1,7542,Bragantino,M. Nogueira Barbieri,SP,,Sao Paulo,,2021-10-24,1.0,Nabizão,R. Ceni,28
Empate,RJ,2.0,18:10,,2556,Flamengo,,RJ,,Fluminense,,2008-08-31,2.0,Maracanã,,23
Empate,BA,0.0,16:00,,8,Fortaleza,,CE,,Bahia,,2003-03-30,0.0,Castelão,,1
Atletico-Go,PR,1.0,20:30,,3659,Atletico-Go,,GO,,Coritiba,,2011-08-31,3.0,Serra Dourada,,20
Athletico-Pr,PE,0.0,18:59,4-2-3-1,6414,Athletico-Pr,T. Retzalff Nunes,PR,,Sport,,2018-10-14,4.0,Estádio Joaquim Américo Guimarães,M. Mendes,29
Flamengo,CE,0.0,21:30,4-2-3-1,9124,Flamengo,F. Luís,RJ,4950770.0,Ceara,4-2-3-1,2025-12-03,1.0,"Maracanã, Rio De Janeiro",M. Mozart,37
Santos,BA,0.0,19:32,,4884,Santos,E. Alves Moreira,SP,,Bahia,,2014-10-09,1.0,Estádio Urbano Caldeira,G. Kleina,27
Criciuma,SC,2.0,21:00,,4406,Sao Paulo,,SP,,Criciuma,,2013-09-05,1.0,Morumbi,,18
Atletico-Mg,SP,1.0,18:30,,2970,Atletico-Mg,,MG,,Barueri,,2009-10-03,2.0,Mineirão,,27
America-Mg,SP,0.0,11:00,4-1-4-1,5548,America-Mg,E. Alves Moreira,MG,,Santos,4-2-3-1,2016-08-07,1.0,Estádio Raimundo Sampaio,D. Silvestre Júnior,19
Internacional,SC,0.0,18:31,4-2-3-1,5298,Internacional,A. Fucks,RS,,Joinville,4-2-2-2,2015-10-24,1.0,Estádio José Pinheiro Borda,P. Lopes De Gusmão,32
Fluminense,PR,0.0,20:30,,2429,Fluminense,,RJ,,Athletico-Pr,,2008-07-09,3.0,Maracanã,,10
Flamengo,MG,1.0,20:00,4-2-3-1,6745,Flamengo,J. Pinheiro De Jesus,RJ,,Atletico-Mg,5-4-1,2019-10-10,3.0,Maracanã,R. Marques Santana,24
Fortaleza,CE,3.0,16:00,,1817,Fluminense,,RJ,,Fortaleza,,2006-09-23,1.0,Maracanã,,26
Fortaleza,CE,0.0,19:01,4-2-3-1,6823,Fortaleza,R. Ceni,CE,,Ceara,3-4-2-1,2019-11-10,1.0,Arena Castelão,A. Batista,32
Empate,RJ,1.0,18:10,,2275,Juventude,,RS,,Botafogo-Rj,,2007-10-28,1.0,Alfredo Jaconi,,33
Juventude,RJ,0.0,18:10,,1013,Juventude,,RS,,Flamengo,,2004-10-30,1.0,Alfredo Jaconi,,39
Fluminense,GO,0.0,18:10,,1578,Fluminense,,RJ,,Goias,,2006-04-22,1.0,Maracanã,,2
Sao Paulo,RJ,1.0,21:31,3-5-2,7262,Sao Paulo,,SP,,Flamengo,4-4-2,2021-02-25,2.0,Morumbi,R. Ceni,38
Empate,RS,1.0,18:00,,1068,Vasco,,RJ,,Juventude,,2004-11-28,1.0,São Januário,,43
Corinthians,SP,2.0,16:00,,1992,America-Rn,,RN,,Corinthians,,2007-06-10,1.0,Machadão,,5
Empate,MG,0.0,16:00,,3971,Fluminense,,RJ,,Atletico-Mg,,2012-07-29,0.0,Engenhão,,13
Flamengo,PR,0.0,19:00,4-1-4-1,6234,Flamengo,M. Nogueira Barbieri,RJ,,Parana,4-1-4-1,2018-06-10,2.0,Maracanã,Ademir Fesan,11
Chapecoense,SP,0.0,16:00,4-1-4-1,5880,Chapecoense,V. Eutrópio,SC,,Sao Paulo,4-2-3-1,2017-07-16,2.0,Arena Condá,D. Silvestre Júnior,14
Empate,MG,1.0,20:00,3-5-2,8419,Fortaleza,J. Vojvoda,CE,,Cruzeiro,4-3-3,2024-04-17,1.0,Arena Castelão,F. Seabra,2
Internacional,RS,1.0,16:00,4-1-4-1,7198,Internacional,A. Da Silva Braga,RS,,Gremio,4-1-4-1,2021-01-24,2.0,Estádio José Pinheiro Borda,Renato Gaúcho,32
Vasco,RJ,3.0,19:01,4-2-3-1,6824,Csa,A. Fucks,AL,,Vasco,4-2-3-1,2019-10-11,0.0,Estádio Rei Pelé,V. Luxemburgo Da Silva,32
Sao Paulo,BA,0.0,19:30,,3049,Sao Paulo,,SP,,Vitoria,,2009-11-14,2.0,Morumbi,,35
Empate,RS,0.0,16:00,,782,Athletico-Pr,,PR,,Gremio,,2004-07-31,0.0,Arena Da Baixada,,20
Palmeiras,RJ,0.0,21:00,4-2-3-1,6748,Palmeiras,L. Venker De Menezes,SP,,Botafogo-Rj,4-1-4-1,2019-10-12,1.0,Estádio Municipal Paulo Machado De Carvalho,,25
Santos,RS,0.0,19:10,,2676,Santos,,SP,,Internacional,,2008-11-16,1.0,Vila Belmiro,,35
Empate,SP,0.0,22:00,,1752,Juventude,,RS,,Corinthians,,2006-08-23,0.0,Alfredo Jaconi,,19
Flamengo,RJ,2.0,20:00,5-4-1,6224,Fluminense,A. Da Silva Braga,RJ,,Flamengo,4-1-4-1,2018-06-07,0.0,Estádio Nacional De Brasília,M. Nogueira Barbieri,10
Corinthians,GO,1.0,19:00,4-2-3-1,7919,Corinthians,V. De Oliveira Lopes Pereira,SP,,Atletico-Go,5-4-1,2022-09-28,2.0,Neo Química Arena,E. Baptista,28
Empate,RJ,1.0,16:00,,2792,Atletico-Mg,,MG,,Botafogo-Rj,,2009-07-05,1.0,Mineirão,,9
Empate,RS,1.0,19:17,5-3-2,6520,Avai,E. Machado Souto,SC,,Gremio,4-2-3-1,2019-05-01,1.0,Ressacada,Renato Gaúcho,2
Chapecoense,SC,0.0,20:00,4-1-4-1,5775,Chapecoense,V. Carmo Mancini,SC,,Avai,4-2-3-1,2017-05-29,2.0,Arena Condá,C. Dos Santos Oliveira,3
Palmeiras,SP,0.0,16:00,4-2-3-1,6360,Palmeiras,L. Scolari,SP,,Corinthians,4-2-3-1,2018-09-09,1.0,Allianz Parque,J. Ribeiro Ventura,24
Empate,RJ,1.0,17:00,,4984,Gremio,L. Scolari,RS,,Flamengo,,2014-12-07,1.0,Arena Do Grêmio,V. Luxemburgo Da Silva,38
Internacional,RS,2.0,18:00,,1092,Ponte Preta,,SP,,Internacional,,2004-12-12,1.0,Moisés Lucarelli,,45
Empate,SP,1.0,19:01,4-2-3-1,6526,Vasco,M. Gomes Valadares,RJ,,Corinthians,4-1-4-1,2019-05-04,1.0,Arena Da Amazônia,F. Carille,3
Bahia,CE,0.0,18:32,4-4-2,8298,Bahia,R. Ceni,BA,,Fortaleza,4-2-3-1,2023-10-21,2.0,Itaipava Arena Fonte Nova,J. Vojvoda,28
Empate,RS,0.0,18:30,,4627,Santos,O. De Oliveira Filho,SP,,Gremio,,2014-05-03,0.0,Estádio Urbano Caldeira,E. Alves Moreira,3
Empate,SC,1.0,16:00,,2325,Botafogo-Rj,,RJ,,Figueirense,,2007-12-02,1.0,Engenhão,,38
Bahia,SC,0.0,19:00,4-2-3-1,6535,Bahia,R. Machado Marques,BA,,Avai,5-3-2,2019-05-05,1.0,Itaipava Arena Fonte Nova,E. Machado Souto,3
Santos,SP,2.0,18:34,4-2-3-1,8973,Cruzeiro,T. Tite,MG,4144274.6,Santos,4-2-3-1,2025-08-10,1.0,"Mineirão, Belo Horizonte",J. Vojvoda,19
Gremio,PR,1.0,16:00,4-4-1-1,5056,Gremio,R. Machado Marques,RS,,Athletico-Pr,4-2-3-1,2015-06-14,2.0,Arena Do Grêmio,M. Mendes,7
Empate,SP,0.0,22:00,,2609,Figueirense,,SC,,Palmeiras,,2008-10-08,0.0,Orlando Scarpelli,,29
Mirassol,RS,0.0,16:00,,9020,Mirassol,R. Guanaes,SP,112200.0,Juventude,4-4-2,2025-09-21,2.0,"Campos Maia, Mirassol",M. Barbieri,24
Cruzeiro,RJ,1.0,16:00,,2291,Cruzeiro,,MG,,Flamengo,,2007-11-04,3.0,Mineirão,,35
Gremio,RS,4.0,19:30,,1728,Santa Cruz,,PE,,Gremio,,2006-08-16,2.0,Arruda,,17
Sao Paulo,SP,2.0,18:00,,612,Coritiba,,PR,,Sao Paulo,,2004-05-09,1.0,Couto Pereira,,5
Sao Paulo,RS,0.0,20:59,,4668,Sao Paulo,M. Ramalho,SP,,Gremio,,2014-05-24,1.0,Morumbi,E. Alves Moreira,7
Internacional,SP,0.0,16:03,4-2-3-1,8024,Internacional,L. Venker De Menezes,RS,,Palmeiras,4-2-3-1,2022-11-13,,Estádio José Pinheiro Borda,A. Moreira Ferreira,38
Ponte Preta,SP,2.0,19:29,5-4-1,5414,America-Mg,C. Prates,MG,,Ponte Preta,4-2-3-1,2016-06-02,1.0,Estádio Raimundo Sampaio,E. Baptista,5
Flamengo,SP,0.0,16:00,,344,Flamengo,,RJ,,Corinthians,,2003-08-31,1.0,Maracanã,,29
Empate,SC,1.0,19:29,,4685,Flamengo,N. Da Silveira Júnior,RJ,,Figueirense,,2014-05-29,1.0,Morumbi,A. Ferreira,8
Bragantino,SP,2.0,20:00,4-2-3-1,8775,Athletico-Pr,L. González,PR,,Bragantino,4-2-3-1,2024-12-05,1.0,Ligga Arena,,37
Botafogo-Rj,RJ,2.0,21:50,,3752,Corinthians,,SP,,Botafogo-Rj,,2011-10-12,0.0,Pacaembu,,29
Botafogo-Rj,RJ,2.0,18:30,4-4-1-1,8493,Gremio,Renato Gaúcho,RS,,Botafogo-Rj,4-2-3-1,2024-06-16,,Kléber Andrade,,9
Vitoria,BA,3.0,16:00,,6000,Botafogo-Rj,,RJ,,Vitoria,4-2-3-1,2017-10-01,2.0,Estádio Nilton Santos,V. Carmo Mancini,26
Flamengo,CE,0.0,18:30,,3217,Flamengo,,RJ,,Ceara,,2010-08-14,1.0,Maracanã£,,14
Fluminense,SC,0.0,16:00,,97,Fluminense,,RJ,,Figueirense,,2003-05-17,3.0,Maracanã,,9
Empate,CE,0.0,21:30,,7364,Fluminense,R. Machado Marques,RJ,,Ceara,4-2-3-1,2021-07-07,0.0,Estádio Vasco Da Gama,A. Ferreira,10
Atletico-Go,RJ,0.0,21:33,4-3-3,7637,Atletico-Go,M. Ribeiro Cabo,GO,,Flamengo,3-4-2-1,2021-12-09,2.0,Estádio Antônio Accioly,M. Souza,38
Goias,RJ,0.0,18:30,4-3-2-1,5177,Goias,J. Camargo,GO,,Vasco,4-2-3-1,2015-08-22,3.0,Estádio Do Governo Do Estado De Goiás (Serra Dourada),J. De Amorim Campos,20
Corinthians,SP,1.0,16:00,4-4-1-1,7280,America-Mg,L. Cirne Lima De Lorenzi,MG,,Corinthians,4-1-4-1,2021-06-06,0.0,Estádio Raimundo Sampaio,S. Campos Junior,2
Cruzeiro,PE,0.0,11:01,4-2-3-1,6167,Cruzeiro,L. Venker De Menezes,MG,,Sport,4-1-4-1,2018-05-13,2.0,Mineirão,C. Dos Santos Oliveira,5
Empate,RS,1.0,16:00,,1538,Corinthians,,SP,,Internacional,,2005-11-20,1.0,Pacaembu,,40
Empate,GO,0.0,16:00,,3592,Internacional,,RS,,Atletico-Go,,2011-07-31,0.0,Beira Rio,,13
Corinthians,SP,2.0,19:59,4-4-2,7395,Cuiaba,J. De Amorim Campos,MT,,Corinthians,4-3-3,2021-07-26,1.0,Arena Pantanal,S. Campos Junior,13
Coritiba,RJ,0.0,16:00,4-3-3,6942,Coritiba,J. De Amorim Campos,PR,,Vasco,4-2-3-1,2020-09-20,1.0,Couto Pereira,T. Kosloski,11
Empate,RJ,0.0,16:00,,3650,Flamengo,,RJ,,Vasco,,2011-08-28,0.0,Engenhão,,19
Vasco,SP,0.0,18:30,,2658,Vasco,,RJ,,Santos,,2008-11-08,1.0,São Januário,,34
Corinthians,SP,1.0,16:00,,1518,Coritiba,,PR,,Corinthians,,2005-11-13,0.0,Couto Pereira,,38
Chapecoense,SC,1.0,11:01,4-2-3-1,5062,Cruzeiro,V. Luxemburgo Da Silva,MG,,Chapecoense,4-3-2-1,2015-06-21,0.0,Mineirão,V. Eutrópio,8
Gremio,MG,1.0,18:31,,4624,Gremio,E. Alves Moreira,RS,,Atletico-Mg,,2014-04-27,2.0,Arena Do Grêmio,L. Culpi,2
Fluminense,GO,1.0,18:30,,4274,Fluminense,,RJ,,Goias,,2013-06-09,2.0,Moacyrzão,,5
Empate,MG,1.0,16:00,,3671,Palmeiras,,SP,,Cruzeiro,,2011-09-04,1.0,Pacaembu,,21
Bahia,RS,0.0,19:01,4-3-3,6567,Bahia,R. Machado Marques,BA,,Gremio,4-2-3-1,2019-06-01,1.0,Estádio  De  Pituaçu,Renato Gaúcho,7
Vitoria,MG,0.0,16:01,4-2-3-1,5801,Vitoria,A. Tadeu Gallo,BA,,Atletico-Mg,4-2-3-1,2017-06-11,2.0,Barradão,R. Machado Marques,6
Sao Paulo,SP,1.0,18:10,,2105,America-Rn,,RN,,Sao Paulo,,2007-07-29,0.0,Machadã£O,,15
Fortaleza,CE,2.0,18:15,4-3-3,7103,Botafogo-Rj,E. Díaz,RJ,,Fortaleza,4-4-2,2020-11-22,1.0,Estádio Nilton Santos,M. Oliveira Chamusca,22
Santos,PR,1.0,19:00,4-1-4-1,6173,Santos,J. Ribeiro Ventura,SP,,Parana,4-2-3-1,2018-05-13,3.0,Estádio Urbano Caldeira,Ademir Fesan,5
Figueirense,SC,3.0,16:00,,573,Athletico-Pr,,PR,,Figueirense,,2004-04-25,0.0,Arena Da Baixada,,2
Empate,SP,0.0,15:58,,4690,Gremio,E. Alves Moreira,RS,,Palmeiras,,2014-06-01,0.0,Alfredo Jaconi,R. Gareca Nardi,9
Botafogo-Rj,RJ,2.0,18:31,4-2-3-1,9069,Ceara,Leonardo Rodrigues Conde,CE,489615.0,Botafogo-Rj,,2025-10-19,0.0,"Arena Castelão, Fortaleza",Davide Ancelotti,29
Santos,PR,0.0,17:00,,3063,Santos,,SP,,Coritiba,,2009-11-22,4.0,Vila Belmiro,,36
Botafogo-Rj,CE,1.0,18:00,4-2-3-1,7713,Botafogo-Rj,L. Castro,RJ,,Fortaleza,3-4-1-2,2022-05-15,3.0,Estádio Nilton Santos,J. Vojvoda,6
Flamengo,RJ,1.0,17:01,4-2-3-1,6471,Sport,M. Mendes,PE,,Flamengo,4-2-3-1,2018-11-18,0.0,Adelmar Da Costa Carvalho,D. Silvestre Júnior,35
Empate,RJ,0.0,21:00,4-2-3-1,7163,Atletico-Go,M. Ribeiro Cabo,GO,,Vasco,4-1-4-1,2021-01-07,0.0,Estádio Antônio Accioly,V. Luxemburgo Da Silva,28
Corinthians,GO,0.0,19:15,4-1-4-1,6575,Corinthians,F. Carille,SP,,Goias,,2019-08-07,2.0,Neo Química Arena,R. L. Martins Gomes,7
Bragantino,RS,1.0,18:29,4-3-3,8486,Bragantino,P. Faria Caixinha,SP,,Juventude,4-2-3-1,2024-06-15,2.0,Nabizão,R. Machado Marques,9
Internacional,MT,0.0,16:30,4-3-3,7897,Internacional,L. Venker De Menezes,RS,,Cuiaba,3-4-2-1,2022-09-10,1.0,Estádio José Pinheiro Borda,B. Franco,26
Fluminense,RJ,1.0,16:01,4-4-2,7350,Flamengo,R. Ceni,RJ,,Fluminense,4-2-3-1,2021-07-04,0.0,Neo Química Arena,R. Machado Marques,9
Gremio,RS,1.0,19:01,4-2-3-1,6317,Corinthians,O. Loss,SP,,Gremio,4-2-3-1,2018-08-18,0.0,Neo Quã­Mica Arena,Renato Gaúcho,19
Empate,CE,1.0,18:00,4-2-3-1,7873,Bragantino,M. Nogueira Barbieri,SP,,Ceara,4-2-3-1,2022-08-21,1.0,Nabizão,J. Antonello,23
Cruzeiro,MG,1.0,16:00,3-4-2-1,8157,Vasco,W. B. De Almeida,RJ,,Cruzeiro,4-1-4-1,2023-07-08,0.0,Estádio São Januário,,14
Athletico-Pr,PR,1.0,16:00,,4480,Athletico-Pr,,PR,,Coritiba,,2013-10-06,2.0,Vila Capanema,,26
Figueirense,SC,1.0,19:31,,4938,Botafogo-Rj,V. Carmo Mancini,RJ,,Figueirense,,2014-11-19,0.0,Estádio Vasco Da Gama,A. Fucks,35
Atletico-Go,GO,3.0,21:00,4-2-3-1,5977,Ponte Preta,G. Kleina,SP,,Atletico-Go,4-3-3,2017-09-16,1.0,Moisés Lucarelli,J. P. Sanches,24
Empate,MG,2.0,18:00,,371,Sao Paulo,,SP,,Atletico-Mg,,2003-09-21,2.0,Morumbi,,31
Empate,SP,1.0,16:00,,1939,Fluminense,,RJ,,Palmeiras,,2006-12-03,1.0,Maracanã,,38
Empate,MG,1.0,16:00,,2353,Goias,,GO,,Ipatinga,,2008-05-25,1.0,Serra Dourada,,3
Empate,RS,0.0,21:00,5-3-2,7130,Goias,G. Ramos Da Silva,GO,,Gremio,4-2-3-1,2020-12-12,0.0,Estádio Da Serrinha,Renato Gaúcho,25
Vasco,SC,1.0,20:30,,1756,Vasco,,RJ,,Figueirense,,2006-08-24,3.0,São Januário,,19
Coritiba,SP,0.0,16:00,,3672,Coritiba,,PR,,Corinthians,,2011-09-04,1.0,Couto Pereira,,21
Empate,MT,0.0,16:00,4-1-4-1,7300,America-Mg,C. De Almeida,MG,,Cuiaba,4-3-3,2021-06-17,0.0,Estádio Raimundo Sampaio,L. Iubel,4
Ceara,BA,0.0,16:00,,3654,Ceara,,CE,,Bahia,,2011-08-28,,Presidente Vargas,,19
Goias,SP,0.0,21:59,4-2-3-1,5204,Goias,J. Camargo,GO,,Palmeiras,4-2-3-1,2015-09-02,1.0,Estádio Do Governo Do Estado De Goiás (Serra Dourada),M. De Oliveira Santos,22
Flamengo,RJ,1.0,18:00,4-2-3-1,7882,Botafogo-Rj,L. Castro,RJ,,Flamengo,4-3-3,2022-08-28,0.0,Estádio Nilton Santos,D. Silvestre Júnior,24
Nautico,RJ,0.0,16:00,,2362,Nautico,,PE,,Botafogo-Rj,,2008-06-01,3.0,Aflitos,,4
Nautico,PE,1.0,22:00,,4263,Flamengo,,RJ,,Nautico,,2013-06-05,0.0,Orlando Scarpelli,,4
Cruzeiro,MG,3.0,16:00,4-2-3-1,5433,Atletico-Mg,M. De Oliveira Santos,MG,,Cruzeiro,4-2-3-1,2016-06-12,2.0,Estádio Raimundo Sampaio,P. Gomes Bento,7
Empate,MG,1.0,15:59,4-3-2-1,6289,Vitoria,J. Burse,BA,,Cruzeiro,4-4-2,2018-08-05,1.0,Barradão,L. Venker De Menezes,17
Sport,SC,1.0,15:59,4-2-3-1,4994,Sport,E. Baptista,PE,,Figueirense,4-4-2,2015-05-10,4.0,Adelmar Da Costa Carvalho,A. Fucks,1
Empate,BA,2.0,18:00,,3739,Botafogo-Rj,,RJ,,Bahia,,2011-10-08,2.0,São Januário,,28
Empate,RJ,1.0,20:30,,7501,Bragantino,M. Nogueira Barbieri,SP,,Flamengo,4-2-3-1,2021-10-06,1.0,Nabizão,Renato Gaúcho,24
Vitoria,SC,1.0,18:31,4-1-4-1,8552,Vitoria,T. Carpini Barbosa,BA,,Criciuma,4-4-2,2024-07-07,2.0,Barradão,,15
Bragantino,BA,0.0,19:00,,9134,Bragantino,,SP,62435.0,Vitoria,3-4-2-1,2025-12-03,4.0,"Estádio Municipal Cicero De Souza Marques, Bragança Paulista",J. Ventura,34
Coritiba,RS,0.0,21:45,4-4-2,5593,Coritiba,P. Carpegiani,PR,,Gremio,4-3-3,2016-09-07,4.0,Couto Pereira,R. Machado Marques,23
Sao Caetano,DF,0.0,16:00,,1173,Sao Caetano,,SP,,Brasiliense,,2005-06-11,2.0,Anacleto Campanella,,7
Fortaleza,SP,0.0,20:30,3-4-1-2,7375,Fortaleza,,CE,,Corinthians,4-2-3-1,2021-07-11,1.0,Arena Castelão,S. Campos Junior,11
Fluminense,RJ,2.0,16:00,4-1-2-1-2,7909,Flamengo,D. Silvestre Júnior,RJ,,Fluminense,4-2-3-1,2022-09-18,1.0,Maracanã,F. Diniz Silva,27
Fluminense,CE,1.0,16:00,4-2-3-1,8976,Fluminense,,RJ,1287034.0,Fortaleza,4-2-3-1,2025-08-16,2.0,"Maracanã, Rio De Janeiro",T. Carpini,20
Internacional,SP,0.0,21:50,,1434,Internacional,,RS,,Sao Paulo,,2005-10-05,3.0,Beira Rio,,30
Sao Paulo,MG,0.0,16:01,4-1-4-1,6783,Sao Paulo,F. Diniz Silva,SP,,Atletico-Mg,4-2-3-1,2019-10-27,2.0,Morumbi,V. Carmo Mancini,28
Santos,SP,3.0,18:59,4-2-3-1,7993,Atletico-Go,E. Do Nascimento Souza,GO,,Santos,4-3-3,2022-11-02,2.0,Estádio Antônio Accioly,O. Ribeiro,35
Sport,PR,0.0,16:01,4-2-3-1,6342,Sport,E. Baptista,PE,,Parana,4-1-4-1,2018-09-02,1.0,Adelmar Da Costa Carvalho,Ademir Fesan,22
Bahia,PE,0.0,20:01,4-3-3,9123,Bahia,R. Ceni,BA,1400937.0,Sport,4-3-3,2025-12-03,2.0,"Arena Fonte Nova, Salvador",C. De Lucena,37
Empate,MG,1.0,18:00,,875,Ponte Preta,,SP,,Atletico-Mg,,2004-08-29,1.0,Moisés Lucarelli,,27
Nautico,RN,0.0,18:10,,2298,Nautico,,PE,,America-Rn,,2007-11-10,4.0,Aflitos,,36
Empate,SP,1.0,20:30,,2644,Sport,,PE,,Santos,,2008-10-30,1.0,Ilha Do Retiro,,32
Empate,MG,1.0,21:00,4-3-3,7512,Juventude,M. Dos Santos Gonçalves,RS,,America-Mg,4-2-3-1,2021-10-09,1.0,Alfredo Jaconi,V. Carmo Mancini,25
Empate,SP,0.0,18:10,,1720,Flamengo,,RJ,,Ponte Preta,,2006-08-12,0.0,Maracanã,,16
Empate,SP,0.0,19:00,4-2-3-1,5934,Avai,C. Dos Santos Oliveira,SC,,Santos,4-2-3-1,2017-08-06,0.0,Ressacada,L. Culpi,19
Gremio,SP,0.0,21:45,,582,Gremio,,RS,,Corinthians,,2004-04-28,4.0,Olímpico,,3
Paysandu,PA,2.0,18:00,,207,Vasco,,RJ,,Paysandu,,2003-07-12,0.0,São Januário,,18
Empate,RJ,1.0,16:00,,1642,Santa Cruz,,PE,,Botafogo-Rj,,2006-05-28,1.0,Arruda,,8
Goias,GO,2.0,18:10,,2024,Nautico,,PE,,Goias,,2007-06-24,0.0,Aflitos,,7
Empate,SC,2.0,18:30,,3255,Atletico-Go,,GO,,Avai,,2010-08-29,2.0,Serra Dourada,,17
Fortaleza,RS,0.0,20:29,3-4-1-2,7521,Fortaleza,J. Vojvoda,CE,,Gremio,3-4-1-2,2021-10-13,1.0,Arena Castelão,T. Gomes Pacheco,26
Santos,SP,2.0,16:00,,906,Palmeiras,,SP,,Santos,,2004-09-12,1.0,Pacaembu,,30
Criciuma,BA,0.0,16:00,,633,Criciuma,,SC,,Vitoria,,2004-05-23,2.0,Heriberto  Hulse,,7
Athletico-Pr,MT,0.0,16:00,4-1-2-1-2,8411,Athletico-Pr,A. Stival,PR,,Cuiaba,,2024-04-14,4.0,Ligga Arena,L. Iubel,1
America-Mg,MG,2.0,18:02,4-2-3-1,7953,Fluminense,F. Diniz Silva,RJ,,America-Mg,4-3-3,2022-10-09,0.0,Maracanã,V. Carmo Mancini,31
Goias,RS,1.0,18:10,,1975,Goias,,GO,,Juventude,,2007-05-27,3.0,Serra Dourada,,3
Empate,SP,3.0,16:00,,163,Ponte Preta,,SP,,Corinthians,,2003-06-22,3.0,Moisés Lucarelli,,14
Corinthians,SC,0.0,21:02,4-2-3-1,4999,Corinthians,A. Bacchi,SP,,Chapecoense,,2015-05-16,1.0,Estádio Doutor Adhemar De Barros,V. Eutrópio,2
Corinthians,PA,2.0,20:30,,1247,Corinthians,,SP,,Paysandu,,2005-07-21,3.0,Pacaembu,,13
Ceara,CE,2.0,19:00,4-1-4-1,7737,America-Mg,V. Carmo Mancini,MG,,Ceara,4-3-3,2022-06-08,0.0,Estádio Raimundo Sampaio,D. Silvestre Júnior,10
Empate,PE,0.0,18:31,,4726,Goias,S. Drubscky De Campos,GO,,Sport,,2014-07-20,0.0,Estádio Do Governo Do Estado De Goiás (Serra Dourada),,11
Empate,SP,4.0,18:00,,876,Cruzeiro,,MG,,Santos,,2004-08-29,4.0,Mineirão,,27
Atletico-Mg,MG,2.0,20:30,,1443,Flamengo,,RJ,,Atletico-Mg,,2005-10-11,1.0,Luso Brasileiro,,31
Corinthians,SP,2.0,16:32,4-2-3-1,8728,Vitoria,T. Carpini Barbosa,BA,,Corinthians,4-3-1-2,2024-11-09,1.0,Barradão,R. Díaz,33
Chapecoense,AL,0.0,21:00,4-5-1,6869,Chapecoense,M. Dos Santos Gonçalves,SC,,Csa,4-2-3-1,2019-12-04,3.0,Arena Condá,G. Santos Vasconcelo,37
Santos,SP,2.0,18:30,,4644,Figueirense,A. Ferreira,SC,,Santos,,2014-05-11,0.0,Estádio Do Café,O. De Oliveira Filho,4
Gremio,MG,0.0,22:00,4-2-3-1,5082,Gremio,R. Machado Marques,RS,,Cruzeiro,4-2-3-1,2015-07-01,1.0,Arena Do Grêmio,V. Luxemburgo Da Silva,10
Chapecoense,SC,2.0,19:00,4-2-3-1,5784,Cruzeiro,L. Venker De Menezes,MG,,Chapecoense,4-1-4-1,2017-06-04,0.0,Mineirão,V. Carmo Mancini,4
Flamengo,SP,0.0,21:30,,9138,Flamengo,F. Luís,RJ,5058865.0,Bragantino,4-2-3-1,2025-11-22,3.0,"Maracanã, Rio De Janeiro",V. Mancini,35
Ceara,CE,4.0,20:00,3-4-1-2,7601,Fortaleza,J. Vojvoda,CE,,Ceara,4-2-3-1,2021-11-17,0.0,Arena Castelão,T. Retzalff Nunes,33
Empate,RJ,2.0,21:29,4-2-3-1,8011,Juventude,C. Juarez Roth,RS,,Flamengo,4-3-3,2022-11-09,2.0,Alfredo Jaconi,D. Silvestre Júnior,37
Botafogo-Rj,SP,1.0,18:30,,2858,Botafogo-Rj,,RJ,,Barueri,,2009-08-01,2.0,Engenhão,,16
Flamengo,RJ,2.0,16:00,,1862,Parana,,PR,,Flamengo,,2006-10-22,0.0,Durival De Brito,,30
Gremio,RS,1.0,17:00,,2660,Palmeiras,,SP,,Gremio,,2008-11-09,0.0,Palestra Itália,,34
Sao Paulo,SP,3.0,18:30,,3385,Sao Paulo,,SP,,Santos,,2010-10-17,4.0,Morumbi,,30
Empate,SP,1.0,20:30,,1885,Sao Paulo,,SP,,Ponte Preta,NAN,2006-11-02,1.0,Morumbi,,32
Botafogo-Rj,MG,0.0,18:30,4-2-3-1,8063,Botafogo-Rj,V. Severino,RJ,,Atletico-Mg,4-2-2-2,2023-05-07,2.0,Estádio Nilton Santos,E. Coudet,4
Flamengo,RJ,2.0,16:00,4-2-3-1,8341,Fortaleza,,CE,,Flamengo,4-2-3-1,2023-11-05,0.0,Arena Castelão,A. Bacchi,32
Empate,SP,1.0,21:00,4-3-3,7469,Bahia,D. Dabove,BA,,Bragantino,4-2-3-1,2021-09-18,1.0,Itaipava Arena Fonte Nova,M. Nogueira Barbieri,21
Internacional,RS,1.0,10:57,4-2-3-1,6887,Coritiba,E. De Souza Barroca,PR,,Internacional,4-2-3-1,2020-08-08,0.0,Couto Pereira,E. Coudet,1
Internacional,SP,0.0,18:29,,4744,Internacional,A. Da Silva Braga,RS,,Santos,,2014-08-03,1.0,Estádio José Pinheiro Borda,O. De Oliveira Filho,13
Empate,PR,1.0,16:00,,3334,Botafogo-Rj,,RJ,,Athletico-Pr,,2010-09-26,1.0,Engenhão,,25
Fortaleza,BA,0.0,16:01,4-4-2,9006,Fortaleza,T. Carpini,CE,335868.0,Vitoria,4-2-3-1,2025-09-13,2.0,"Arena Castelão, Fortaleza",J. Ventura,23
Atletico-Go,RS,1.0,16:03,4-2-3-1,8636,Atletico-Go,U. Louzer Filho,GO,,Juventude,4-2-3-1,2024-08-24,2.0,Estádio Antônio Accioly - Atlético Goianiense,J. Ribeiro Ventura,24
Flamengo,RJ,0.0,17:00,4-2-3-1,6406,Flamengo,,RJ,,Fluminense,3-4-2-1,2018-10-13,3.0,Maracanã,M. De Oliveira Santos,29
Fluminense,RJ,1.0,20:59,4-5-1,7069,Fortaleza,R. Ceni,CE,,Fluminense,4-4-2,2020-10-31,0.0,Arena Castelão,O. Hellmann,19
Santos,SP,2.0,21:45,,2111,Atletico-Mg,,MG,,Santos,,2007-08-01,1.0,Mineirão,,16
Goias,SP,1.0,16:00,,2013,Goias,,GO,,Palmeiras,,2007-06-17,3.0,Serra Dourada,,6
Internacional,RJ,1.0,21:32,4-2-3-1,8397,Internacional,E. Coudet,RS,,Botafogo-Rj,4-2-3-1,2023-12-06,3.0,Estádio Beira-Rio,T. Retzalff Nunes,38
Internacional,RS,1.0,20:01,,8744,Vasco,C. De Paiva,RJ,,Internacional,4-2-3-1,2024-11-21,0.0,Estã¡Dio Sã£O Januã¡Rio,R. Machado Marques,34
Criciuma,PR,0.0,19:32,,4677,Criciuma,W. Lopes,SC,,Coritiba,,2014-05-28,1.0,Estádio Heriberto Hülse,C. Juarez Roth,8
Avai,SC,2.0,18:32,4-3-1-2,5018,Coritiba,M. Dos Santos Gonçalves,PR,,Avai,4-4-1-1,2015-05-30,1.0,Couto Pereira,G. Kleina,4
Ceara,SC,0.0,17:00,4-2-3-1,7476,Ceara,T. Retzalff Nunes,CE,,Chapecoense,4-1-4-1,2021-09-25,1.0,Arena Castelão,L. De Oliveira Preto,22
Ponte Preta,CE,0.0,16:00,,547,Ponte Preta,,SP,,Fortaleza,,2003-12-14,2.0,Moisés Lucarelli,,46
Vasco,RJ,0.0,20:30,,1137,Vasco,,RJ,,Botafogo-Rj,,2005-10-19,1.0,São Januário,,3
Empate,PE,0.0,19:30,,3988,Internacional,,RS,,Nautico,,2012-08-08,0.0,Beira Rio,,15
Vasco,PE,0.0,20:00,4-1-4-1,6905,Vasco,R. Menezes Hubner,RJ,,Sport,4-2-3-1,2020-08-13,2.0,Estádio Vasco Da Gama,D. Pollo Barioni,2
Sao Paulo,PE,0.0,20:30,,2611,Sao Paulo,,SP,,Nautico,,2008-10-09,,Morumbi,,29
Fluminense,RJ,0.0,16:00,,3922,Fluminense,,RJ,,Flamengo,,2012-07-08,1.0,Engenhão,,8
Atletico-Mg,MG,4.0,16:00,,2751,Athletico-Pr,,PR,,Atletico-Mg,,2009-06-07,0.0,Arena Da Baixada,,5
Athletico-Pr,SP,0.0,17:05,4-2-3-1,6125,Athletico-Pr,F. Soares Pessoa,PR,,Palmeiras,,2017-12-03,3.0,Estádio Joaquim Américo Guimarães,A. Valentim Do Carmo Neto,38
Santos,SP,1.0,21:30,4-2-3-1,6398,Vitoria,P. Carpegiani,BA,,Santos,4-3-3,2018-10-05,0.0,Barradão,A. Stival,28
Botafogo-Rj,RJ,1.0,17:03,4-2-3-1,5739,Gremio,Renato Gaúcho,RS,,Botafogo-Rj,4-2-3-1,2016-12-11,0.0,Arena Do Grêmio,J. Ribeiro Ventura,38
Bahia,MG,0.0,18:33,4-3-1-2,8662,Bahia,R. Ceni,BA,,Atletico-Mg,3-5-2,2024-09-15,3.0,Arena Fonte Nova,G. Milito,26
Sao Paulo,RJ,0.0,21:45,4-2-3-1,5891,Sao Paulo,D. Silvestre Júnior,SP,,Vasco,4-2-3-1,2017-07-19,1.0,Morumbi,E. Da Conceição Silva,15
Empate,SP,2.0,21:45,,2112,Athletico-Pr,,PR,,Corinthians,,2007-08-01,2.0,Kyocera Arena,,16
Empate,SP,1.0,18:33,4-2-3-1,8322,Corinthians,L. Venker De Menezes,SP,,Santos,3-4-2-1,2023-10-29,1.0,Neo Química Arena,M. Fernandes,30
Empate,PE,1.0,18:30,4-2-3-1,5693,Internacional,C. Juarez Roth,RS,,Santa Cruz,4-2-3-1,2016-10-29,1.0,Estádio José Pinheiro Borda,A. Felix Teixeira,33
Sao Caetano,BA,1.0,16:00,,500,Sao Caetano,,SP,,Bahia,,2003-11-09,4.0,Anacleto Campanella,,42
Botafogo-Rj,RJ,1.0,18:31,4-2-3-1,5625,Vitoria,A. Fucks,BA,,Botafogo-Rj,4-4-1-1,2016-09-18,0.0,Barradão,J. Ribeiro Ventura,26
Empate,PR,0.0,16:00,,837,Guarani,,SP,,Coritiba,,2004-08-15,0.0,Brinco De Ouro,,24
Sport,RJ,0.0,19:31,,4709,Sport,E. Baptista,PE,,Botafogo-Rj,,2014-07-16,1.0,Adelmar Da Costa Carvalho,V. Carmo Mancini,10
Empate,RS,1.0,19:00,4-2-3-1,6284,Chapecoense,G. Kleina,SC,,Gremio,4-2-3-1,2018-07-29,1.0,Arena Condá,Renato Gaúcho,16
Palmeiras,SP,2.0,18:32,4-2-3-1,8872,Bragantino,V. Mancini,SP,290565.0,Palmeiras,3-4-2-1,2025-05-18,1.0,"Estádio Municipal Cicero De Souza Marques, Bragança Paulista",A. Ferreira,9
Goias,SC,1.0,18:10,,2184,Goias,,GO,,Figueirense,,2007-09-02,2.0,Serra Dourada,,23
Empate,SP,2.0,17:00,4-2-3-1,5679,Flamengo,J. Mannarino,RJ,,Corinthians,4-1-4-1,2016-10-23,2.0,Maracanã,O. De Oliveira Filho,32
Sao Caetano,SP,0.0,16:00,,399,Sao Caetano,,SP,,Ponte Preta,,2003-10-04,1.0,Anacleto Campanella,,34
Cruzeiro,MG,2.0,16:00,,2020,Cruzeiro,,MG,,Atletico-Mg,,2007-06-24,4.0,Mineirão,,7
Coritiba,PR,1.0,18:30,4-2-3-1,5167,Vasco,C. Juarez Roth,RJ,,Coritiba,4-1-4-1,2015-08-15,0.0,Maracanã,N. Da Silveira Júnior,19
Empate,GO,2.0,19:28,4-2-3-1,5872,Sao Paulo,D. Silvestre Júnior,SP,,Atletico-Go,4-2-3-1,2017-07-13,2.0,Morumbi,D. Ghidoni Junior,13
Botafogo-Rj,GO,0.0,20:30,,2480,Botafogo-Rj,,RJ,,Goias,,2008-07-30,2.0,Engenhão,,16
Fluminense,RJ,2.0,20:30,,1289,Fluminense,,RJ,,Vasco,,2005-04-08,3.0,Raulino De Oliveira,,17
Sao Paulo,SP,1.0,20:02,3-4-3,8379,Bahia,R. Ceni,BA,,Sao Paulo,4-2-3-1,2023-11-29,0.0,Itaipava Arena Fonte Nova,,36
Sport,PR,0.0,20:30,,2449,Sport,,PE,,Athletico-Pr,,2008-07-17,1.0,Ilha  Do  Retiro,,14
Criciuma,SP,1.0,19:30,,4259,Criciuma,,SC,,Santos,,2013-06-05,3.0,Heriberto Hulse,,4
Ponte Preta,RS,1.0,16:00,,1837,Ponte Preta,,SP,,Juventude,,2006-10-07,,Moisés Lucarelli,,28
Empate,PR,1.0,19:30,,4365,Sao Paulo,,SP,,Athletico-Pr,,2013-08-15,1.0,Morumbi,,14
Palmeiras,PA,0.0,16:00,,1021,Palmeiras,,SP,,Paysandu,,2004-11-06,1.0,Parque Antártica,,40
Gremio,RS,2.0,16:01,3-4-1-2,5067,Avai,G. Kleina,SC,,Gremio,4-2-3-1,2015-06-27,1.0,Ressacada,R. Machado Marques,9
Palmeiras,SP,1.0,19:30,,1336,Palmeiras,,SP,,Sao Caetano,,2005-08-24,2.0,Parque Antã¡Rtica,,22
Bahia,SC,0.0,20:29,4-4-2,7543,Bahia,,BA,,Chapecoense,5-3-2,2021-10-24,3.0,Itaipava Arena Fonte Nova,L. De Oliveira Preto,28
Cruzeiro,MG,2.0,16:00,,476,Fortaleza,,CE,,Cruzeiro,,2003-11-02,1.0,Castelão,,40
Palmeiras,SP,2.0,21:50,,2811,Flamengo,,RJ,,Palmeiras,,2009-07-15,1.0,Maracanã,,11
Juventude,RS,2.0,18:31,4-3-3,8633,Athletico-Pr,M. Varini Di Zioli,PR,,Juventude,4-2-3-1,2024-08-18,1.0,Ligga Arena,J. Ribeiro Ventura,23
Gremio,SP,0.0,21:45,,1652,Gremio,,RS,,Santos,,2006-05-31,1.0,Olímpico,,9
Parana,CE,0.0,16:00,,1171,Parana,,PR,,Fortaleza,,2005-06-11,3.0,Pinheirão,,7
Botafogo-Rj,MG,0.0,20:30,,2529,Botafogo-Rj,,RJ,,Cruzeiro,,2008-08-20,1.0,Engenhão,,21
Empate,MG,0.0,16:00,,1208,Figueirense,,SC,,Cruzeiro,,2005-07-03,0.0,Orlando Scarpelli,,10
Fortaleza,CE,1.0,19:00,4-2-3-1,7932,Goias,J. Ribeiro Ventura,GO,,Fortaleza,4-2-3-1,2022-10-01,0.0,Estádio Da Serrinha,J. Vojvoda,29
Fluminense,RJ,2.0,16:00,,5470,Flamengo,J. Mannarino,RJ,,Fluminense,4-2-3-1,2016-06-26,1.0,Arena Das Dunas,L. Culpi,11
Empate,GO,0.0,18:15,4-2-3-1,7413,Ceara,A. Ferreira,CE,,Atletico-Go,4-2-3-1,2021-08-08,0.0,Arena Castelão,E. De Souza Barroca,15
Paysandu,CE,0.0,16:00,,432,Paysandu,,PA,,Fortaleza,,2003-10-15,3.0,Mangueirão,,36
Cuiaba,MT,1.0,17:59,4-2-3-1,7682,Juventude,E. Baptista,RS,,Cuiaba,4-4-2,2022-04-24,0.0,Alfredo Jaconi,L. De Oliveira Preto,3
Empate,MG,2.0,18:30,,2975,Avai,,SC,,Cruzeiro,,2009-10-04,2.0,Ressacada,,27
Ponte Preta,SP,2.0,19:29,4-3-2-1,5239,Goias,J. Camargo,GO,,Ponte  Preta,4-2-3-1,2015-09-16,1.0,Estádio Do Governo Do Estado De Goiás (Serra Dourada),D. Ghidoni Junior,26
Palmeiras,SP,2.0,18:28,4-2-3-1,5094,Ponte Preta,A. Ferreira,SP,,Palmeiras,4-2-3-1,2015-07-05,0.0,Arena Pantanal,M. De Oliveira Santos,11
Palmeiras,SP,0.0,16:01,4-2-3-1,5434,Palmeiras,A. Stival,SP,,Corinthians,4-2-3-1,2016-06-12,1.0,Allianz Parque,A. Bacchi,7
Coritiba,SC,0.0,16:00,,542,Coritiba,,PR,,Criciuma,,2003-12-13,2.0,Couto Pereira,,46
Athletico-Pr,GO,0.0,18:31,4-2-3-1,5196,Athletico-Pr,M. Mendes,PR,,Goias,4-3-3,2015-08-30,3.0,Estádio Joaquim Américo Guimarães,J. Camargo,21
Sao Paulo,SP,5.0,16:00,,1133,Corinthians,,SP,,Sao Paulo,,2005-05-08,1.0,Pacaembu,,3
Internacional,PE,1.0,16:00,,4502,Internacional,,RS,,Nautico,,2013-10-13,4.0,Centenário (Rs),,28
Sao Paulo,BA,0.0,19:01,4-2-3-1,6357,Sao Paulo,D. Aguirre Camblor,SP,,Bahia,4-3-2-1,2018-09-08,1.0,Morumbi,E. Alves Moreira,24
Goias,SC,0.0,16:00,,3391,Goias,,GO,,Avai,,2010-10-24,1.0,Serra Dourada,,31
Fluminense,SP,1.0,21:00,,3889,Fluminense,,RJ,,Portuguesa,,2012-06-16,4.0,Engenhão,,5
Fluminense,SC,2.0,16:00,,2963,Fluminense,,RJ,,Avai,,2009-09-27,3.0,Maracanã,,26
Cruzeiro,RJ,0.0,22:00,,3261,Cruzeiro,,MG,,Flamengo,,2010-09-01,1.0,Parque Do Sabiá,,18
Internacional,RS,3.0,20:00,4-1-4-1,6315,Fluminense,M. De Oliveira Santos,RJ,,Internacional,4-2-3-1,2018-08-13,0.0,Maracanã,,18
Empate,SP,1.0,21:01,4-2-3-1,6035,Sport,V. Luxemburgo Da Silva,PE,,Santos,4-2-3-1,2017-10-19,1.0,Adelmar Da Costa Carvalho,L. Culpi,29
Empate,RS,2.0,16:01,,7891,Corinthians,V. De Oliveira Lopes Pereira,SP,,Internacional,4-1-2-1-2,2022-09-04,2.0,Neo Química Arena,L. Venker De Menezes,25
Palmeiras,RJ,0.0,18:10,,2584,Palmeiras,,SP,,Vasco,,2008-09-21,2.0,Palestra Itália,,26
Corinthians,PE,3.0,21:00,,2814,Corinthians,,SP,,Sport,,2009-07-16,4.0,Pacaembu,,11
Coritiba,PR,4.0,20:30,,3960,Nautico,,PE,,Coritiba,,2012-07-25,3.0,Aflitos,,12
Vitoria,RS,0.0,18:30,,2948,Vitoria,,BA,,Internacional,,2009-09-19,2.0,Barradão,,25
Fortaleza,CE,2.0,20:01,,6645,Csa,A. Fucks,AL,,Fortaleza,4-4-1-1,2019-08-12,0.0,Estádio Rei Pelé,M. Montenegro,14
Gremio,SC,1.0,18:29,4-2-3-1,5175,Gremio,R. Machado Marques,RS,,Joinville,4-3-2-1,2015-08-16,2.0,Arena Do Grêmio,P. Lopes De Gusmão,19
Empate,CE,2.0,19:00,4-2-3-1,6833,Internacional,J. Mannarino,RS,,Fortaleza,4-2-3-1,2019-11-24,2.0,Estádio José Pinheiro Borda,,34
Botafogo-Rj,RJ,2.0,20:00,5-3-2,8288,America-Mg,F. Bustos,MG,,Botafogo-Rj,4-2-3-1,2023-10-18,1.0,Estádio Raimundo Sampaio,L. Flávio,27
Vasco,RJ,2.0,16:00,,3590,Sao Paulo,,SP,,Vasco,,2011-07-31,0.0,Morumbi,,13
Fluminense,RJ,3.0,19:00,4-4-2,7962,Avai,L. Cirne Lima De Lorenzi,SC,,Fluminense,4-2-2-2,2022-10-16,0.0,Ressacada,F. Diniz Silva,32
Empate,RS,0.0,18:20,,2564,Fluminense,,RJ,,Gremio,,2008-09-06,0.0,Maracanã£,,24
Fluminense,SP,0.0,16:00,,2631,Fluminense,,RJ,,Palmeiras,,2008-10-25,3.0,Maracanã,,31
Empate,RS,2.0,16:00,,3191,Cruzeiro,,MG,,Gremio,,2010-07-25,2.0,Arena Do Jacaré,,11
Empate,CE,1.0,16:00,3-4-3,7751,Goias,J. Ribeiro Ventura,GO,,Ceara,4-3-3,2022-06-12,1.0,Estádio Da Serrinha,P. Sotero Da Cunha Neto,11
Flamengo,SC,0.0,18:29,4-2-3-1,5038,Flamengo,C. Borges Dos Santos,RJ,,Chapecoense,4-3-1-2,2015-06-06,1.0,Maracanã,V. Eutrópio,6
Atletico-Mg,MG,1.0,16:00,,1081,Gremio,,RS,,Atletico-Mg,,2004-12-11,0.0,Colosso Da Lagoa,,45
Santos,SP,2.0,16:00,,4284,Sao Paulo,,SP,,Santos,,2013-07-07,0.0,Morumbi,,6
Sao Paulo,SP,2.0,15:59,4-2-3-1,7971,Juventude,,RS,,Sao Paulo,3-5-2,2022-10-23,1.0,Alfredo Jaconi,R. Ceni,33
Empate,GO,1.0,21:30,4-4-2,7093,Flamengo,R. Ceni,RJ,,Atletico-Go,4-2-3-1,2020-11-14,1.0,Maracanã,M. Ribeiro Cabo,21
-,RJ,2.0,16:00,,2100,Corinthians,,SP,,Flamengo,,2007-07-29,2.0,Morumbi,,15
Ceara,SP,1.0,20:00,4-2-3-1,6348,Ceara,L. Cirne Lima De Lorenzi,CE,,Corinthians,4-2-3-1,2018-09-05,2.0,Arena Castelão,O. Loss,23
Athletico-Pr,RJ,1.0,16:00,,2460,Athletico-Pr,,PR,,Vasco,,2008-07-20,3.0,Kyocera Arena,,13
Empate,PE,2.0,19:30,,4967,Criciuma,L. Vieira,SC,,Sport,,2014-11-29,2.0,Estádio Heriberto Hülse,E. Baptista,37
Palmeiras,SP,1.0,18:10,,2035,Corinthians,,SP,,Palmeiras,,2007-06-30,0.0,Morumbi,,8
Goias,SP,1.0,19:00,4-2-3-1,8044,Goias,E. Rodrigues De Ávila,GO,,Corinthians,4-2-3-1,2023-04-23,3.0,Estádio Hailé Pinheiro - Serrinha,A. Stival,2
Empate,CE,0.0,20:59,,8988,Gremio,L. Castro,RS,1146324.0,Ceara,4-2-3-1,2025-08-23,0.0,"Arena Do Grêmio, Porto Alegre",M. Mozart,21
Athletico-Pr,MG,0.0,18:29,4-2-3-1,8710,Athletico-Pr,L. González,PR,,Cruzeiro,4-4-1-1,2024-10-26,3.0,Ligga Arena,F. Diniz Silva,31
Juventude,RJ,0.0,11:02,4-3-3,7326,Juventude,M. Dos Santos Gonçalves,RS,,Flamengo,4-4-2,2021-06-27,1.0,Alfredo Jaconi,R. Ceni,7
Corinthians,SP,0.0,16:00,,230,Corinthians,,SP,,Guarani,,2003-07-19,1.0,Pacaembu,,20
Corinthians,BA,0.0,20:30,,1015,Corinthians,,SP,,Vitoria,,2004-10-30,1.0,Pacaembu,,39
Palmeiras,SP,2.0,21:00,4-2-3-1,6681,Goias,N. Da Silveira Júnior,GO,,Palmeiras,4-2-3-1,2019-09-07,1.0,Estádio Do Governo Do Estado De Goiás (Serra Dourada),L. Venker De Menezes,18
Figueirense,SC,4.0,16:00,,1930,Athletico-Pr,,PR,,Figueirense,,2006-11-26,1.0,Durival De Brito (*Pf),,37
Internacional,RS,3.0,18:00,,1044,Juventude,,RS,,Internacional,,2004-11-14,2.0,Colosso Da Lagoa,,41
Atletico-Mg,RJ,1.0,16:00,4-2-3-1,5253,Atletico-Mg,L. Culpi,MG,,Flamengo,4-2-3-1,2015-09-20,4.0,Estádio Raimundo Sampaio,O. De Oliveira Filho,27
Paysandu,SC,1.0,17:00,,1416,Paysandu,,PA,,Figueirense,,2005-10-01,3.0,Curuzu*(Pf),,29
Empate,SP,0.0,21:45,,2192,Atletico-Mg,,MG,,Sao Paulo,,2007-05-09,0.0,Mineirão,,24
Goias,RJ,0.0,20:30,,698,Goias,,GO,,Fluminense,,2004-07-06,4.0,Serra Dourada,,13
Santos,SP,3.0,18:10,,1125,Coritiba,,PR,,Santos,,2005-05-01,2.0,Couto Pereira,,2
Empate,SP,2.0,20:29,4-2-3-1,7384,Bragantino,M. Nogueira Barbieri,SP,,Santos,4-3-3,2021-07-18,2.0,Nabizão,F. Diniz Silva,12
Ponte Preta,SP,0.0,18:30,,3896,Ponte Preta,,SP,,Corinthians,,2012-06-17,1.0,Moisés Lucarelli,,5
Gremio,RJ,1.0,16:00,4-4-2,8210,Gremio,Renato Gaúcho,RS,,Fluminense,4-2-3-1,2023-08-13,2.0,Arena Do Grêmio,F. Diniz Silva,19
Corinthians,SP,3.0,16:00,4-1-4-1,5112,Flamengo,C. Borges Dos Santos,RJ,,Corinthians,4-2-3-1,2015-07-12,0.0,Maracanã,A. Bacchi,13
Empate,CE,0.0,16:00,,1781,Sao Caetano,,SP,,Fortaleza,,2006-09-03,0.0,Anacleto Campanella,,22
Internacional,SP,0.0,15:02,4-3-3,7927,Internacional,L. Venker De Menezes,RS,,Santos,4-2-3-1,2022-10-01,1.0,Estádio José Pinheiro Borda,O. Ribeiro,29
Flamengo,SP,0.0,19:00,4-4-2,7192,Flamengo,R. Ceni,RJ,,Palmeiras,4-1-4-1,2021-01-21,2.0,Estádio Nacional De Brasília,A. Moreira Ferreira,31
Empate,PR,0.0,21:31,,7555,Sao Paulo,R. Ceni,SP,,Athletico-Pr,3-4-3,2021-11-24,0.0,Morumbi,A. Valentim Do Carmo Neto,34
Figueirense,GO,0.0,21:00,,3490,Figueirense,,SC,,Atletico-Go,,2011-06-04,2.0,Orlando Scarpelli,,3
-,MG,2.0,20:00,4-3-3,8252,Cuiaba,A. Cardoso De Oliveira,MT,,America-Mg,3-5-2,2023-09-15,2.0,Arena Pantanal,F. Bustos,23
Santos,GO,1.0,16:00,,1038,Santos,,SP,,Goias,,2004-11-14,2.0,Prudentão,,41
Coritiba,RJ,0.0,21:00,4-2-3-1,6094,Coritiba,M. De Oliveira Santos,PR,,Flamengo,4-2-3-1,2017-11-16,1.0,Couto Pereira,R. Rueda Rivera,35
Palmeiras,PR,0.0,18:10,,2257,Palmeiras,,SP,,Parana,,2007-10-20,3.0,Parque Antártica,,32
Empate,RJ,1.0,21:00,,8160,Palmeiras,A. Moreira Ferreira,SP,,Flamengo,4-3-3,2023-07-08,1.0,Allianz Parque,J. Sampaoli Moya,14
Empate,PR,0.0,18:20,,2614,Portuguesa,,SP,,Coritiba,,2008-10-11,0.0,Canindã©,,29
Goias,PR,0.0,20:30,,314,Goias,,GO,,Parana,,2003-08-20,1.0,Serra Dourada,,27
Goias,MG,0.0,17:00,,2651,Goias,,GO,,Cruzeiro,,2008-11-02,3.0,Serra  Dourada,,33
Flamengo,SP,1.0,21:45,,2282,Flamengo,,RJ,,Corinthians,,2007-10-31,2.0,Maracanã,,34
Santos,SP,0.0,21:30,4-3-3,6742,Santos,J. Sampaoli Moya,SP,,Palmeiras,,2019-10-09,2.0,Estádio Urbano Caldeira,L. Venker De Menezes,24
Empate,PR,2.0,21:00,,2980,Sao Paulo,,SP,,Coritiba,,2009-10-07,2.0,Morumbi,,28
Empate,MG,0.0,18:20,,2548,Vitoria,,BA,,Ipatinga,,2008-08-30,0.0,Barradão,,23
Palmeiras,SP,1.0,16:01,4-2-3-1,5510,Internacional,Falcao,RS,,Palmeiras,4-2-3-1,2016-07-17,0.0,Estádio José Pinheiro Borda,A. Stival,15
Flamengo,RJ,1.0,15:59,4-3-1-2,5135,Goias,J. Camargo,GO,,Flamengo,4-2-3-1,2015-07-26,0.0,Estádio Do Governo Do Estado De Goiás (Serra Dourada),C. Borges Dos Santos,15
Atletico-Mg,SP,2.0,21:45,,2172,Atletico-Mg,,MG,,Corinthians,,2007-08-29,5.0,Mineirão,,22
Athletico-Pr,PR,1.0,16:59,4-2-3-1,7088,Goias,E. Alves Moreira,GO,,Athletico-Pr,4-3-3,2020-11-14,0.0,Estádio Da Serrinha,P. Autuori De Mello,21
Fluminense,BA,1.0,19:30,,3138,Fluminense,,RJ,,Vitoria,,2010-02-06,2.0,Maracanã,,6
Vasco,RJ,0.0,19:30,4-2-3-1,9074,Vasco,F. Diniz,RJ,3250944.5,Fluminense,,2025-10-20,2.0,"Maracanã, Rio De Janeiro",L. Luis Zubeldia,29
Empate,BA,0.0,16:01,4-1-3-2,5849,Vitoria,A. Tadeu Gallo,BA,,Bahia,4-2-3-1,2017-07-02,0.0,Barradão,L. Quintanilha,11
Parana,PR,1.0,17:00,4-2-3-1,6446,America-Mg,A. Batista,MG,,Parana,4-1-4-1,2018-11-10,0.0,Estádio Raimundo Sampaio,L. Cavalcanti,33
Coritiba,RS,1.0,18:30,,3968,Coritiba,,PR,,Gremio,,2012-07-28,2.0,Couto Pereira,,13
Cruzeiro,SC,0.0,18:10,,1440,Cruzeiro,,MG,,Figueirense,,2005-10-08,4.0,Mineirão,,31
Flamengo,RJ,2.0,16:02,4-1-3-2,8412,Atletico-Go,J. Ribeiro Ventura,GO,,Flamengo,4-2-3-1,2024-04-14,1.0,Estádio Serra Dourada,A. Bacchi,1
Empate,RJ,2.0,16:00,,2521,Santos,,SP,,Flamengo,,2008-08-17,2.0,Vila Belmiro,,20
Empate,GO,0.0,11:02,,7810,Juventude,,RS,,Goias,,2022-07-17,0.0,Alfredo Jaconi,J. Ribeiro Ventura,17
Fluminense,SP,2.0,16:59,,4972,Fluminense,C. Borges Dos Santos,RJ,,Corinthians,,2014-11-30,5.0,Maracanã,L. Venker De Menezes,37
Vasco,RJ,4.0,18:10,,1856,Santa Cruz,,PE,,Vasco,,2006-10-15,0.0,Arruda,,29
Botafogo-Rj,RJ,1.0,18:32,4-2-3-1,8634,Botafogo-Rj,A. Torres Gomes Araújo Amorim,RJ,,Flamengo,4-2-3-1,2024-08-18,4.0,Estádio Nilton Santos,A. Bacchi,23
Santos,SP,1.0,16:01,,5603,Santos,D. Silvestre Júnior,SP,,Corinthians,4-1-4-1,2016-09-11,2.0,Estádio Urbano Caldeira,C. Borges Dos Santos,24
Flamengo,CE,0.0,18:30,4-2-2-2,8147,Flamengo,J. Sampaoli Moya,RJ,,Fortaleza,5-3-2,2023-07-01,2.0,Maracanã,J. Vojvoda,13
Figueirense,PE,1.0,21:00,4-4-2,5179,Figueirense,R. Rodrigues Simões,SC,,Sport,4-2-3-1,2015-08-22,2.0,Orlando Scarpelli,E. Baptista,20
Fluminense,SP,0.0,21:40,,449,Fluminense,,RJ,,Corinthians,,2003-10-22,1.0,Maracanã,,38
America-Mg,PR,0.0,16:30,4-1-4-1,7668,America-Mg,V. Carmo Mancini,MG,,Athletico-Pr,5-3-2,2022-04-30,,Estádio Raimundo Sampaio,F. Carille,4
Fortaleza,SC,2.0,20:30,,1290,Fortaleza,,CE,,Figueirense,,2005-08-04,5.0,Castelão,,17
Empate,SC,1.0,15:59,4-2-3-1,5996,Vasco,J. Mannarino,RJ,,Chapecoense,4-1-4-1,2017-09-30,1.0,Estádio Vasco Da Gama,E. Hartkopp,26
Fortaleza,SP,0.0,18:00,4-4-2,7872,Fortaleza,J. Vojvoda,CE,,Corinthians,4-2-3-1,2022-08-21,1.0,Arena Castelã£O,V. De Oliveira Lopes Pereira,23
Flamengo,RJ,2.0,16:00,,3730,Sao Paulo,,SP,,Flamengo,,2011-10-02,1.0,Morumbi,,27
Empate,MT,1.0,18:01,4-2-3-1,7358,Bragantino,M. Nogueira Barbieri,SP,,Cuiaba,4-2-3-1,2021-07-07,1.0,Nabizão,J. De Amorim Campos,10
Coritiba,RS,0.0,16:00,,362,Coritiba,,PR,,Gremio,,2003-09-20,1.0,Couto Pereira,,31
America-Mg,MG,1.0,19:00,4-2-3-1,6283,Santos,S. Bernardino,SP,,America-Mg,4-2-4-0,2018-07-29,0.0,Estádio Urbano Caldeira,A. Batista,16
Empate,MG,1.0,16:00,4-3-3,5231,Cruzeiro,L. Venker De Menezes,MG,,Atletico-Mg,4-2-3-1,2015-09-13,1.0,Mineirão,L. Culpi,25
Sao Paulo,SP,1.0,19:01,4-3-3,8942,Juventude,M. Barbieri,RS,219220.0,Sao Paulo,3-5-2,2025-07-24,0.0,"Alfredo Jaconi, Caxias Do Sul",H. Crespo,16
Bragantino,SP,2.0,20:30,4-2-3-1,7298,Corinthians,S. Campos Junior,SP,,Bragantino,,2021-06-16,1.0,Neo Química Arena,M. Nogueira Barbieri,4
Flamengo,RJ,2.0,16:01,3-4-3,8880,Palmeiras,A. Ferreira,SP,3076732.1,Flamengo,4-2-3-1,2025-05-25,0.0,"Allianz Parque, São Paulo",F. Luís,10
Atletico-Mg,MT,1.0,16:00,4-2-3-1,7541,Atletico-Mg,A. Stival,MG,,Cuiaba,4-4-2,2021-10-24,2.0,Mineirão,J. De Amorim Campos,28
Empate,RJ,1.0,20:01,,6253,Vasco,J. De Amorim Campos,RJ,,Fluminense,4-2-3-1,2018-07-19,1.0,Estádio Vasco Da Gama,M. De Oliveira Santos,13
Vitoria,BA,2.0,11:01,,5928,Flamengo,J. Mannarino,RJ,,Vitoria,4-2-3-1,2017-08-06,0.0,Luso-Brasileiro,V. Carmo Mancini,19
Empate,SC,0.0,11:02,4-2-3-1,5150,Vasco,C. Juarez Roth,RJ,,Joinville,4-2-3-1,2015-08-09,0.0,Maracanã,P. Lopes De Gusmão,17
Goias,GO,1.0,19:30,,2451,Cruzeiro,,MG,,Goias,,2008-07-23,0.0,Mineirão,,14
Cruzeiro,MG,4.0,18:00,,23,Sao Paulo,,SP,,Cruzeiro,,2003-04-06,2.0,Morumbi,,2
America-Rn,PR,1.0,18:10,,2078,America-Rn,,RN,,Athletico-Pr,,2007-07-21,2.0,Machadão,,13
Figueirense,SC,3.0,20:30,,1654,Botafogo-Rj,,RJ,,Figueirense,,2006-06-01,2.0,Maracanã,,9
Cruzeiro,SP,0.0,20:30,,703,Cruzeiro,,MG,,Guarani,,2004-07-07,2.0,Mineirão,,13
Bahia,CE,0.0,21:31,4-1-2-1-2,8484,Bahia,R. Ceni,BA,,Fortaleza,4-3-3,2024-06-13,1.0,Arena Fonte Nova,J. Vojvoda,8
Vitoria,RS,0.0,16:00,,2744,Vitoria,,BA,,Gremio,,2009-05-31,1.0,Barradão,,4
Botafogo-Rj,GO,1.0,16:00,,1388,Botafogo-Rj,,RJ,,Goias,,2005-09-18,3.0,Luso Brasileiro,,26
Sao Paulo,GO,1.0,18:10,,1725,Sao Paulo,,SP,,Goias,,2006-08-13,2.0,Morumbi,,16
Cruzeiro,MG,3.0,18:10,,2469,Fluminense,,RJ,,Cruzeiro,,2008-07-26,1.0,Maracanã,,15
Empate,RJ,2.0,20:30,,3756,Athletico-Pr,,PR,,Vasco,,2011-10-13,2.0,Arena Da Baixada,,29
Juventude,PE,1.0,16:00,,2326,Juventude,,RS,,Sport,,2007-02-12,2.0,Alfredo Jaconi,,38
Sao Paulo,SP,1.0,16:00,,461,Sao Caetano,,SP,,Sao Paulo,,2003-10-26,0.0,Anacleto Campanella,,39
Ponte Preta,SC,0.0,19:31,4-2-3-1,5164,Ponte Preta,D. Ghidoni Junior,SP,,Avai,4-4-1-1,2015-08-13,2.0,Moisés Lucarelli,G. Kleina,18
Bahia,BA,1.0,19:30,,4184,Portuguesa,,SP,,Bahia,,2012-04-11,0.0,Canindé,,34
Figueirense,BA,0.0,18:30,4-2-3-1,5527,Figueirense,A. Fucks,SC,,Vitoria,5-4-1,2016-07-30,1.0,Orlando Scarpelli,V. Carmo Mancini,17
Santos,RJ,0.0,22:00,,4084,Santos,,SP,,Flamengo,,2012-09-12,2.0,Vila Belmiro,,24
Empate,RJ,0.0,18:10,,1487,Brasiliense,,DF,,Botafogo-Rj,,2005-10-30,0.0,Boca Do Jacaré,,35
Empate,SC,1.0,21:50,,3681,Atletico-Go,,GO,,Figueirense,,2011-09-07,1.0,Serra Dourada,,22
Goias,RJ,1.0,21:40,,283,Goias,,GO,,Vasco,,2003-08-06,3.0,Serra Dourada,,24
Empate,SP,0.0,21:00,4-2-3-1,6581,Avai,E. Machado Souto,SC,,Sao Paulo,4-2-3-1,2019-08-06,0.0,Ressacada,A. Stival,8
Empate,SP,0.0,22:00,,4559,Botafogo-Rj,,RJ,,Portuguesa,,2013-11-13,0.0,Maracanã,,34
Athletico-Pr,PR,3.0,18:30,,4308,Portuguesa,,SP,,Athletico-Pr,,2013-07-27,2.0,Canindé,,9
Palmeiras,RJ,0.0,21:00,4-2-3-1,6665,Palmeiras,L. Venker De Menezes,SP,,Fluminense,4-1-4-1,2019-09-10,3.0,Allianz Parque,O. De Oliveira Filho,16
Goias,SC,0.0,20:59,,4876,Goias,S. Drubscky De Campos,GO,,Figueirense,,2014-10-04,1.0,Estádio Do Governo Do Estado De Goiás (Serra Dourada),A. Fucks,26
Empate,BA,2.0,19:30,,3539,Avai,,SC,,Bahia,,2011-07-06,2.0,Ressacada,,8
Vasco,PE,2.0,20:30,,3869,Vasco,,RJ,,Nautico,,2012-06-06,4.0,São Januário,,3
Atletico-Mg,RJ,1.0,09:02,4-1-4-1,7015,Atletico-Mg,J. Sampaoli Moya,MG,,Vasco,4-2-3-1,2020-10-04,4.0,Mineirão,R. Menezes Hubner,13
Portuguesa,RJ,1.0,16:00,,2582,Portuguesa,,SP,,Botafogo-Rj,,2008-09-21,3.0,Canindé,,26
Gremio,MG,0.0,21:00,3-4-2-1,8180,Gremio,Renato Gaúcho,RS,,Atletico-Mg,4-4-1-1,2023-07-22,1.0,Arena Do Grêmio,L. Scolari,16
Sao Paulo,SP,3.0,18:00,,599,Guarani,,SP,,Sao Paulo,,2004-05-02,2.0,Brinco De Ouro,,4
Palmeiras,PR,0.0,20:59,4-2-3-1,6349,Palmeiras,L. Scolari,SP,,Athletico-Pr,4-2-3-1,2018-09-05,2.0,Allianz Parque,T. Retzalff Nunes,23
Empate,SP,2.0,18:30,4-2-3-1,8979,Sport,C. De Lucena,PE,1329260.0,Sao Paulo,4-2-3-1,2025-08-16,2.0,"Adelmar Da Costa Carvalho, Recife",H. Crespo,20
Palmeiras,SP,1.0,17:59,4-2-3-1,6381,Sport,E. Baptista,PE,,Palmeiras,4-2-3-1,2018-09-23,0.0,Adelmar Da Costa Carvalho,L. Scolari,26
Santos,PR,0.0,19:30,,4769,Santos,O. De Oliveira Filho,SP,,Athletico-Pr,,2014-08-20,2.0,Estádio Urbano Caldeira,D. Ghidoni Junior,16
Sao Caetano,SP,2.0,18:00,,648,Gremio,,RS,,Sao Caetano,,2004-05-30,1.0,Olímpico,,8
Cruzeiro,SP,1.0,18:58,4-2-3-1,6383,Cruzeiro,L. Venker De Menezes,MG,,Santos,4-2-3-1,2018-09-23,2.0,Mineirão,A. Stival,26
Palmeiras,SP,2.0,19:02,4-2-3-1,7452,Ceara,T. Retzalff Nunes,CE,,Palmeiras,4-2-3-1,2021-10-20,1.0,Arena Castelão,A. Moreira Ferreira,19
Bahia,SP,0.0,19:00,4-2-3-1,6014,Bahia,P. Carpegiani,BA,,Corinthians,4-2-3-1,2017-10-15,2.0,Itaipava Arena Fonte Nova,F. Carille,28
America-Mg,MG,2.0,15:01,4-2-3-1,7928,Ceara,L. González,CE,,America-Mg,4-3-3,2022-10-01,1.0,Arena Castelão,V. Carmo Mancini,29
Ceara,CE,2.0,16:00,4-4-2,7170,Flamengo,R. Ceni,RJ,,Ceara,4-2-3-1,2021-01-10,0.0,Maracanã,A. Ferreira,29
Vasco,RJ,3.0,18:30,,3469,Ceara,,CE,,Vasco,,2011-05-21,1.0,Presidente  Vargas,,1
Corinthians,GO,0.0,16:01,4-2-3-1,7770,Corinthians,V. De Oliveira Lopes Pereira,SP,,Goias,4-4-2,2022-06-19,1.0,Neo Quã­Mica Arena,,13
Atletico-Mg,GO,0.0,18:59,4-2-3-1,7709,Atletico-Mg,A. Mohamed Matijevich,MG,,Atletico-Go,4-2-3-1,2022-05-14,2.0,Estádio Raimundo Sampaio,U. Louzer Filho,6
Barueri,SP,2.0,18:30,,2991,Coritiba,,PR,,Barueri,,2009-10-10,1.0,Couto Pereira,,29
Chapecoense,RS,0.0,20:30,,4886,Chapecoense,J. Da Silva,SC,,Internacional,,2014-10-09,5.0,Arena Condá,A. Da Silva Braga,27
Atletico-Mg,PR,0.0,18:10,,2545,Atletico-Mg,,MG,,Athletico-Pr,,2008-08-24,4.0,Mineirão,,22
Criciuma,SC,2.0,19:00,4-2-3-1,8597,Juventude,J. Ribeiro Ventura,RS,,Criciuma,4-2-3-1,2024-07-27,1.0,Alfredo Jaconi,C. Tencati,20
Vasco,RJ,2.0,17:03,4-3-1-2,5338,Joinville,P. Lopes De Gusmão,SC,,Vasco,,2015-11-22,1.0,Arena Joinville,J. De Amorim Campos,36
Empate,RS,1.0,18:10,,1568,Vasco,,RJ,,Internacional,,2006-04-15,1.0,São Januário,,1
Empate,SC,2.0,18:30,,4068,Ponte Preta,,SP,,Figueirense,,2012-09-08,2.0,Moisés  Lucarelli,,23
Empate,GO,1.0,20:30,,3990,Corinthians,,SP,,Atletico-Go,,2012-08-08,1.0,Pacaembu,,15
Coritiba,PR,3.0,18:01,,7036,Palmeiras,V. Luxemburgo Da Silva,SP,,Coritiba,4-2-3-1,2020-10-14,1.0,Allianz Parque,J. De Amorim Campos,16
Sport,RS,0.0,21:45,,2173,Sport,,PE,,Gremio,,2007-08-29,2.0,Ilha Do Retiro,,22
Sao Paulo,SP,0.0,16:00,,686,Sao Paulo,,SP,,Ponte Preta,,2004-03-07,2.0,Morumbi,,12
Empate,RS,1.0,19:01,4-2-3-1,7585,Atletico-Go,M. Ribeiro Cabo,GO,,Juventude,4-4-2,2021-11-23,1.0,Estádio Antônio Accioly,J. Ribeiro Ventura,30
Empate,MG,0.0,19:00,4-3-3,7757,Ceara,M. Dos Santos Gonçalves,CE,,Atletico-Mg,4-2-2-2,2022-06-15,0.0,Arena Castelão,A. Mohamed Matijevich,12
Empate,MG,0.0,21:00,,3245,Flamengo,,RJ,,Atletico-Mg,,2010-08-26,0.0,Maracanã,,16
Avai,SC,2.0,20:00,4-1-4-1,5845,Botafogo-Rj,J. Ribeiro Ventura,RJ,,Avai,4-2-3-1,2017-06-26,0.0,Estádio Nilton Santos,C. Dos Santos Oliveira,10
Flamengo,RJ,3.0,18:30,4-2-3-1,8143,Santos,C. Salenave Santiago,SP,,Flamengo,4-3-3,2023-06-25,2.0,Estádio Urbano Caldeira,J. Sampaoli Moya,12
Vitoria,PE,0.0,20:30,,2452,Vitoria,,BA,,Nautico,,2008-07-23,2.0,Barradão,,14
Gremio,PE,0.0,21:00,,4085,Gremio,,RS,,Nautico,,2012-09-13,2.0,Olímpico,,24
Botafogo-Rj,RS,2.0,18:30,,2839,Botafogo-Rj,,RJ,,Internacional,,2009-07-25,3.0,Engenhão,,14
Empate,RJ,1.0,16:00,,3700,Botafogo-Rj,,RJ,,Flamengo,,2011-09-18,1.0,Engenhão,,24
Atletico-Go,GO,2.0,21:01,4-4-2,7131,Ceara,A. Ferreira,CE,,Atletico-Go,4-2-3-1,2020-12-12,1.0,Arena Castelão,M. Ribeiro Cabo,25
Empate,RJ,1.0,21:47,4-2-3-1,6269,Santos,S. Bernardino,SP,,Flamengo,,2018-07-25,1.0,Estádio Urbano Caldeira,M. Nogueira Barbieri,15
Internacional,GO,0.0,17:00,,4953,Internacional,A. Da Silva Braga,RS,,Goias,,2014-11-16,1.0,Estádio José Pinheiro Borda,S. Drubscky De Campos,34
Empate,PR,0.0,11:00,4-2-3-1,5948,Gremio,Renato Gaúcho,RS,,Athletico-Pr,4-2-3-1,2017-08-20,0.0,Arena Do Grêmio,F. Soares Pessoa,21
Bahia,SP,0.0,20:30,,4584,Bahia,,BA,,Portuguesa,,2013-11-24,1.0,Fonte Nova,,36
Bahia,GO,0.0,20:00,4-2-3-1,5785,Bahia,J. De Amorim Campos,BA,,Atletico-Go,,2017-06-05,3.0,Itaipava Arena Fonte Nova,M. Ribeiro Cabo,4
Empate,SP,1.0,22:00,,4042,Fluminense,,RJ,,Corinthians,,2012-08-29,1.0,Engenhão,,20
Empate,SP,1.0,21:45,,2063,Fluminense,,RJ,,Corinthians,,2007-10-03,1.0,Maracanã,,29
Santos,BA,1.0,18:00,,936,Santos,,SP,,Vitoria,,2004-09-26,4.0,Vila Belmiro,,32
Cruzeiro,RN,0.0,16:00,,2321,Cruzeiro,,MG,,America-Rn,,2007-12-02,2.0,Mineirão,,38
Palmeiras,RS,1.0,21:04,,4699,Palmeiras,D. Silvestre Júnior,SP,,Gremio,,2014-10-11,2.0,Estádio Municipal Paulo Machado De Carvalho,L. Scolari,28
Goias,SP,0.0,16:00,,522,Goias,,GO,,Santos,,2003-11-30,3.0,Serra Dourada,,44
Fortaleza,PR,3.0,16:00,,523,Fortaleza,,CE,,Parana,,2003-11-30,5.0,Castelão,,44
Empate,PR,0.0,19:34,4-2-3-1,5346,Sport,Falcao,PE,,Athletico-Pr,4-2-3-1,2015-11-22,0.0,Adelmar Da Costa Carvalho,C. Borges Dos Santos,36
Sao Paulo,BA,0.0,21:50,,3362,Sao Paulo,,SP,,Vitoria,,2010-10-06,2.0,Arena Barueri,,28
Empate,DF,2.0,16:00,,1319,Figueirense,,SC,,Brasiliense,,2005-08-14,2.0,Orlando Scarpelli,,20
Ponte Preta,SP,2.0,18:30,,3984,Cruzeiro,,MG,,Ponte Preta,,2012-05-08,1.0,Independência,,14
Empate,MG,0.0,16:00,,781,Fluminense,,RJ,,Cruzeiro,,2004-07-31,0.0,Maracanã,,20
Flamengo,GO,0.0,16:00,4-2-3-1,8602,Flamengo,A. Bacchi,RJ,,Atletico-Go,4-3-3,2024-07-28,2.0,Maracanã,V. Carmo Mancini,20
Empate,MG,2.0,19:31,4-4-1-1,5608,Figueirense,T. Guimarães,SC,,America-Mg,4-1-4-1,2016-09-14,2.0,Orlando Scarpelli,E. Alves Moreira,25
Chapecoense,SC,1.0,16:00,4-2-3-1,5979,Gremio,Renato Gaúcho,RS,,Chapecoense,4-1-4-1,2017-09-17,0.0,Arena Do Grêmio,E. Hartkopp,24
Empate,SP,1.0,16:00,,653,Goias,,GO,,Corinthians,,2004-06-13,1.0,Serra Dourada,,9
Figueirense,SC,3.0,16:00,,3749,Gremio,,RS,,Figueirense,,2011-10-12,1.0,Olímpico,,29
Fluminense,RN,0.0,18:10,,2208,Fluminense,,RJ,,America-Rn,,2007-09-15,2.0,Maracanã,,26
Empate,SP,1.0,20:01,4-2-3-1,8794,Bahia,R. Ceni,BA,1752529.0,Corinthians,4-3-3,2025-03-30,1.0,"Arena Fonte Nova, Salvador",D. Junior,1
Figueirense,SC,2.0,16:00,,370,Sao Caetano,,SP,,Figueirense,,2003-09-21,0.0,Anacleto Campanella,,31
Gremio,RS,1.0,16:00,,2050,Atletico-Mg,,MG,,Gremio,,2007-07-07,0.0,Mineirão,,10
Internacional,CE,1.0,21:45,4-2-3-1,7980,Internacional,L. Venker De Menezes,RS,,Ceara,4-4-2,2022-10-26,2.0,Estádio José Pinheiro Borda,L. González,34
Portuguesa,SP,2.0,17:00,,4215,Internacional,,RS,,Portuguesa,,2012-11-25,0.0,Beira Rio,,37
Empate,RS,0.0,21:00,4-2-3-1,8677,Botafogo-Rj,A. Torres Gomes Araújo Amorim,RJ,,Gremio,4-2-3-1,2024-09-28,0.0,Arena Brb Mané Garrincha,M. Salles,28
Empate,CE,0.0,18:10,,1614,Flamengo,,RJ,,Fortaleza,,2006-05-14,0.0,Maracanã,,5
Vasco,RJ,3.0,20:29,3-4-3,6995,Botafogo-Rj,P. Autuori De Mello,RJ,,Vasco,4-2-3-1,2020-09-13,2.0,Estádio Nilton Santos,R. Menezes Hubner,10
Sport,GO,0.0,20:29,4-1-4-1,7563,Sport,G. Florentín,PE,,Atletico-Go,4-2-3-1,2021-10-31,2.0,Arena De Pernambuco,E. De Souza Barroca,29
Juventude,PR,2.0,19:30,,1828,Juventude,,RS,,Athletico-Pr,,2006-10-04,3.0,Alfredo Jaconi,,27
Empate,BA,1.0,21:00,,3635,Palmeiras,,SP,,Bahia,,2011-08-18,1.0,Canindé,,17
Criciuma,RS,0.0,20:30,,963,Criciuma,,SC,,Internacional,,2004-10-06,1.0,Heriberto Hulse,,35
Empate,PE,1.0,16:00,,2994,Goias,,GO,,Sport,,2009-10-12,1.0,Serra Dourada,,29
Empate,SP,1.0,20:30,,2377,Fluminense,,RJ,,Santos,,2008-06-12,1.0,Maracanã,,6
Atletico-Mg,SP,0.0,18:00,,360,Atletico-Mg,,MG,,Ponte Preta,,2003-09-14,2.0,Independência,,30
Empate,RJ,1.0,17:00,,3840,Botafogo-Rj,,RJ,,Fluminense,,2011-12-04,,Raulino De Oliveira,,38
Internacional,SC,2.0,10:59,4-2-3-1,7513,Internacional,D. Aguirre Camblor,RS,,Chapecoense,,2021-10-10,5.0,Estádio José Pinheiro Borda,L. De Oliveira Preto,25
Internacional,MG,0.0,18:30,,3376,Internacional,,RS,,Atletico-Mg,,2010-10-10,1.0,Beira Rio,,29
Bahia,SP,2.0,16:01,,6511,Bahia,R. Machado Marques,BA,,Corinthians,,2019-04-28,3.0,Itaipava  Arena  Fonte  Nova,F. Carille,1
Cruzeiro,PR,0.0,21:01,4-2-3-1,5089,Cruzeiro,V. Luxemburgo Da Silva,MG,,Athletico-Pr,4-2-3-1,2015-07-04,2.0,Mineirão,M. Mendes,11
Atletico-Go,MG,0.0,18:00,,3697,Atletico-Go,,GO,,Atletico-Mg,,2011-09-17,1.0,Serra Dourada,,24
Empate,SC,0.0,18:10,,1574,Santa Cruz,,PE,,Figueirense,,2006-04-16,0.0,Arruda,,1
Empate,MG,2.0,20:00,4-2-3-1,6285,Bahia,E. Alves Moreira,BA,,Atletico-Mg,4-1-4-1,2018-07-30,2.0,Itaipava Arena Fonte Nova,T. Mendes Larghi,16
Athletico-Pr,SP,0.0,18:20,,2568,Athletico-Pr,,PR,,Portuguesa,,2008-09-13,2.0,Kyocera Arena,,25
Fluminense,RJ,0.0,19:30,,3424,Fluminense,,RJ,,Vasco,,2010-11-07,1.0,Engenhão,,34
Empate,SC,2.0,20:30,,773,Paysandu,,PA,,Criciuma,,2004-07-28,2.0,Mangueirão,,19
-,MG,1.0,11:03,4-2-3-1,5381,Athletico-Pr,P. Autuori De Mello,PR,,Atletico-Mg,4-2-3-1,2016-05-22,1.0,Estádio Joaquim Américo Guimarães,M. De Oliveira Santos,2
Empate,RJ,0.0,21:50,,3574,Palmeiras,,SP,,Flamengo,,2011-07-20,0.0,Pacaembu,,10
Csa,SC,0.0,19:00,4-1-2-1-2,6685,Csa,,AL,,Chapecoense,4-2-3-1,2019-09-08,2.0,Estádio Rei Pelé,E. Hartkopp,18
Goias,SC,0.0,18:20,,2547,Goias,,GO,,Figueirense,,2008-08-30,2.0,Serra Dourada,,23
Fluminense,MG,0.0,16:00,4-2-3-1,5512,Fluminense,L. Culpi,RJ,,Cruzeiro,4-3-3,2016-07-17,2.0,Estádio Giulite Coutinho,P. Gomes Bento,15
Avai,SC,1.0,21:04,4-3-1-2,5330,Avai,R. Maia Cabral,SC,,Joinville,4-2-3-1,2015-11-18,2.0,Ressacada,P. Lopes De Gusmão,35
Atletico-Mg,MG,4.0,19:59,4-2-3-1,8069,Cuiaba,L. Iubel,MT,,Atletico-Mg,,2023-05-10,0.0,Arena Pantanal,E. Coudet,5
Ponte Preta,RJ,1.0,17:00,,4532,Ponte Preta,,SP,,Vasco,,2013-10-27,2.0,Moisés Lucarelli,,31
Parana,PR,4.0,20:30,,1675,Flamengo,,RJ,,Parana,,2006-07-13,1.0,Raulino De Oliveira,,11
Flamengo,RJ,3.0,16:00,4-1-4-1,7399,Corinthians,S. Campos Junior,SP,,Flamengo,4-2-3-1,2021-08-01,1.0,Neo Química Arena,Renato Gaúcho,14
Bahia,RJ,0.0,16:00,,366,Bahia,,BA,,Vasco,,2003-09-21,3.0,Fonte Nova,,31
Athletico-Pr,GO,2.0,16:00,4-1-2-1-2,7989,Athletico-Pr,L. Scolari,PR,,Goias,3-4-3,2022-11-02,3.0,Estádio Joaquim Américo Guimarães,J. Ribeiro Ventura,35
Empate,CE,1.0,20:01,4-2-3-1,9059,Sport,C. De Lucena,PE,321215.0,Ceara,,2025-10-15,1.0,"Adelmar Da Costa Carvalho, Recife",M. Mozart,28
Empate,RS,1.0,16:00,,4330,Gremio,,RS,,Internacional,,2013-08-04,1.0,Arena Do Grêmio,,11
Atletico-Mg,GO,1.0,18:30,4-4-2,8363,Atletico-Mg,L. Scolari,MG,,Goias,4-2-3-1,2023-11-12,2.0,Arena Mrv,A. Evangelista Macedo Freitas,34
Sao Paulo,SP,2.0,16:00,,148,Corinthians,,SP,,Sao Paulo,,2003-06-15,1.0,Morumbi,,13
Fluminense,RS,2.0,19:30,,1669,Fluminense,,RJ,,Juventude,,2006-07-12,3.0,Raulino De Oliveira,,11
Palmeiras,BA,0.0,18:30,,3089,Palmeiras,,SP,,Vitoria,,2010-05-08,1.0,Parque Antártica,,1
Bragantino,MG,0.0,20:31,4-2-3-1,8834,Bragantino,V. Mancini,SP,272765.0,Cruzeiro,4-2-3-1,2025-04-20,1.0,"Nabizão, Bragança Paulista",T. Tite,5
Atletico-Mg,RS,0.0,16:00,4-2-3-1,7651,Atletico-Mg,A. Mohamed Matijevich,MG,,Internacional,4-2-3-1,2022-04-10,2.0,Mineirã£O,A. Medina,1
Cruzeiro,MG,3.0,18:00,,408,Criciuma,,SC,,Cruzeiro,,2003-10-05,1.0,Heriberto Hulse,,34
Coritiba,SC,1.0,19:30,,1495,Coritiba,,PR,,Figueirense,NAN,2005-11-03,4.0,Couto Pereira,,36
Empate,RS,1.0,19:00,4-2-3-1,7789,Ceara,M. Dos Santos Gonçalves,CE,,Internacional,4-2-3-1,2022-07-02,1.0,Arena Castelão,L. Venker De Menezes,15
Internacional,RS,3.0,21:00,,3457,Gremio Prudente,,SP,,Internacional,,2010-12-02,0.0,Prudentão,,38
Flamengo,RJ,1.0,21:00,4-2-3-1,6188,Atletico-Mg,,MG,,Flamengo,4-1-4-1,2018-05-26,0.0,Estádio Raimundo Sampaio,M. Nogueira Barbieri,7
Corinthians,SP,2.0,17:00,,4183,Atletico-Go,,GO,,Corinthians,,2012-11-04,0.0,Boca Do Jacaré,,34
Atletico-Mg,RJ,0.0,19:30,,3560,Atletico-Mg,,MG,,Fluminense,,2011-07-27,1.0,Arena Do Jacaré,,12
Sao Paulo,SP,3.0,18:30,,3274,Atletico-Mg,,MG,,Sao Paulo,,2010-09-05,2.0,Ipatingão,,19
Flamengo,PR,2.0,17:00,,4951,Flamengo,V. Luxemburgo Da Silva,RJ,,Coritiba,,2014-11-16,3.0,Maracanã,M. Dos Santos Gonçalves,34
Sao Caetano,PR,1.0,20:30,,1020,Sao Caetano,,SP,,Parana,,2004-11-10,2.0,Anacleto Campanella,,39
Bragantino,PR,2.0,16:29,4-2-3-1,7966,Bragantino,M. Nogueira Barbieri,SP,,Athletico-Pr,4-2-3-1,2022-10-22,4.0,Nabizão,L. Scolari,33
Empate,RJ,3.0,16:00,,6231,Bahia,C. Prates,BA,,Botafogo-Rj,4-2-3-1,2018-06-10,3.0,Itaipava Arena Fonte Nova,A. Valentim Do Carmo Neto,11
Palmeiras,SC,0.0,20:00,4-2-3-1,6593,Palmeiras,L. Scolari,SP,,Avai,4-1-4-1,2019-06-13,2.0,Allianz Parque,E. Machado Souto,9
Bahia,BA,3.0,19:01,4-2-3-1,8896,Bragantino,V. Mancini,SP,76540.0,Bahia,4-3-3,2025-06-12,0.0,"Estádio Municipal Cicero De Souza Marques, Bragança Paulista",R. Ceni,12
Santos,SP,3.0,21:00,,4016,Figueirense,,SC,,Santos,,2012-08-16,1.0,Orlando Scarpelli,,17
Corinthians,SP,1.0,19:16,4-1-4-1,6715,Chapecoense,M. Dos Santos Gonçalves,SC,,Corinthians,4-1-4-1,2019-10-02,0.0,Arena Condá,F. Carille,21
Empate,GO,1.0,16:00,4-2-3-1,8002,Fortaleza,J. Vojvoda,CE,,Atletico-Go,,2022-11-06,1.0,Arena Castelão,E. Do Nascimento Souza,36
Fluminense,SP,0.0,16:00,,856,Fluminense,,RJ,,Sao Paulo,,2004-08-22,1.0,Raulino De Oliveira,,26
Corinthians,PE,1.0,18:30,,3927,Corinthians,,SP,,Nautico,,2012-07-14,2.0,Pacaembu,,9
Empate,SP,2.0,19:00,4-2-3-1,8542,Gremio,Renato Gaúcho,RS,,Palmeiras,4-3-3,2024-07-04,2.0,Estádio Francisco Stédile | Centenário,A. Moreira Ferreira,14
Sao Caetano,PA,0.0,16:00,,78,Sao Caetano,,SP,,Paysandu,,2003-05-04,2.0,Anacleto Campanella,,7
Athletico-Pr,PR,2.0,19:00,,6954,Atletico-Mg,L. Calixto Zago,MG,,Athletico-Pr,4-4-2,2020-11-18,0.0,Mineirão,P. Autuori De Mello,6
Empate,PR,0.0,20:30,,2249,Juventude,,RS,,Athletico-Pr,,2007-10-12,0.0,Alfredo Jaconi,,31
Empate,RS,4.0,21:01,4-1-4-1,8174,Corinthians,V. Luxemburgo Da Silva,SP,,Gremio,4-4-2,2023-09-18,4.0,Neo Química Arena,Renato Gaúcho,15
Fluminense,RJ,2.0,18:30,,4028,Vasco,,RJ,,Fluminense,,2012-08-25,1.0,São Januário,,19
Figueirense,SC,3.0,17:00,,530,Goias,,GO,,Figueirense,NAN,2003-12-06,0.0,Serra Dourada,,45
Goias,PA,2.0,17:00,,715,Goias,,GO,,Paysandu,,2004-07-10,3.0,Serra Dourada,,14
Empate,BA,0.0,21:00,4-1-4-1,7459,Santos,F. Carille,SP,,Bahia,4-4-2,2021-09-11,0.0,Estádio Urbano Caldeira,D. Dabove,20
Goias,PR,0.0,17:00,,789,Goias,,GO,,Parana,,2004-08-01,3.0,Serra Dourada,,20
Vasco,RJ,3.0,21:45,,2280,Goias,,GO,,Vasco,,2007-10-31,2.0,Serra Dourada,,34
Palmeiras,SP,3.0,18:30,,4097,Figueirense,,SC,,Palmeiras,,2012-09-22,1.0,Orlando Scarpelli,,26
Cruzeiro,MG,3.0,18:30,,3898,Vasco,,RJ,,Cruzeiro,,2012-06-23,1.0,São Januário,,6
Santos,SC,0.0,18:20,,2633,Santos,,SP,,Figueirense,,2008-10-25,3.0,Vila Belmiro,,31
Bragantino,SP,2.0,20:30,4-2-3-1,7182,Ceara,A. Faganello,CE,,Bragantino,4-3-3,2021-01-17,1.0,Arena Castelão,M. Nogueira Barbieri,30
Internacional,PE,0.0,18:31,3-4-1-2,9071,Internacional,R. Díaz,RS,956883.0,Sport,4-2-3-1,2025-10-19,2.0,"Estádio Beira-Rio, Porto Alegre",C. De Lucena,29
Atletico-Go,GO,4.0,21:00,,3634,Flamengo,,RJ,,Atletico-Go,,2011-08-18,1.0,Engenhão,,17
Internacional,RS,1.0,19:30,4-2-3-1,8464,Internacional,R. Machado Marques,RS,,Juventude,4-4-2,2024-08-14,2.0,Estádio Beira-Rio,J. Ribeiro Ventura,6
Bahia,BA,2.0,15:59,4-2-3-1,7301,Ceara,A. Ferreira,CE,,Bahia,4-3-3,2021-06-17,1.0,Arena  Castelão,L. Cavalcanti,4
Ceara,RJ,0.0,16:01,4-2-3-1,6276,Ceara,L. Cirne Lima De Lorenzi,CE,,Fluminense,4-2-3-1,2018-07-28,1.0,Estádio Presidente Vargas,M. De Oliveira Santos,16
Figueirense,SC,2.0,16:00,,425,Figueirense,,SC,,Criciuma,,2003-10-12,4.0,Orlando Scarpelli,,36
Empate,RJ,2.0,16:00,,393,Ponte Preta,,SP,,Vasco,,2003-09-28,2.0,Moisés Lucarelli,,33
Internacional,RJ,0.0,16:00,,3192,Internacional,,RS,,Flamengo,,2010-07-25,1.0,Beira Rio,,11
Flamengo,RJ,2.0,16:00,,17,Bahia,,BA,,Flamengo,,2003-04-06,1.0,Fonte Nova,,2
Santos,SP,3.0,18:59,4-2-3-1,6338,Vasco,A. Valentim Do Carmo Neto,RJ,,Santos,4-2-3-1,2018-09-01,0.0,Maracanã,A. Stival,22
Sao Paulo,PE,1.0,17:00,,4201,Sao Paulo,,SP,,Nautico,,2012-11-18,2.0,Morumbi,,36
Goias,RJ,1.0,17:00,,2673,Goias,,GO,,Botafogo-Rj,,2008-11-16,3.0,Juscelino Kubitscheck,,35
Internacional,MG,0.0,20:30,,2445,Internacional,,RS,,Atletico-Mg,,2008-07-17,1.0,Beira Rio,,12
Corinthians,BA,1.0,19:03,4-1-4-1,6698,Corinthians,F. Carille,SP,,Bahia,4-1-4-1,2019-09-21,2.0,Neo Química Arena,R. Machado Marques,20
Empate,RS,0.0,16:01,4-2-3-1,6166,Gremio,,RS,,Internacional,4-3-3,2018-05-12,0.0,Arena Do Grêmio,O. Hellmann,5
Palmeiras,MG,1.0,16:00,,2602,Palmeiras,,SP,,Atletico-Mg,,2008-10-04,3.0,Palestra Itália,,28
Internacional,RS,4.0,18:30,,3494,America-Mg,,MG,,Internacional,,2011-06-05,2.0,Morenão,,3
Botafogo-Rj,SP,1.0,20:00,4-4-1-1,6045,Botafogo-Rj,J. Ribeiro Ventura,RJ,,Corinthians,4-2-3-1,2017-10-23,2.0,Estádio Nilton Santos,F. Carille,30
Juventude,RS,1.0,18:10,,1463,Juventude,,RS,,Internacional,,2005-10-22,2.0,Alfredo Jaconi,,33
Bahia,BA,1.0,19:00,,3805,Atletico-Go,,GO,,Bahia,,2011-11-13,0.0,Serra Dourada,,34
Bragantino,RS,0.0,21:00,4-2-3-1,7398,Bragantino,C. Maldonado,SP,,Gremio,4-2-3-1,2021-07-31,1.0,Nabizão,L. Scolari,14
Bahia,PE,0.0,21:01,,4849,Bahia,G. Kleina,BA,,Sport,,2014-09-24,1.0,Itaipava Arena Fonte Nova,E. Baptista,24
Cruzeiro,MG,4.0,18:29,,8085,America-Mg,,MG,,Cruzeiro,4-3-3,2023-05-14,0.0,Estádio Raimundo Sampaio,P. Marques Da Costa Filipe,6
Empate,BA,1.0,17:00,,3836,Santos,,SP,,Bahia,,2011-11-27,1.0,Vila Belmiro,,37
Empate,MG,1.0,18:00,4-2-3-1,7870,Athletico-Pr,L. Scolari,PR,,America-Mg,4-3-3,2022-08-21,1.0,Estádio Joaquim Américo Guimarães,V. Carmo Mancini,23
Atletico-Mg,SC,0.0,19:30,4-2-3-1,5684,Atletico-Mg,M. De Oliveira Santos,MG,,Figueirense,4-1-4-1,2016-10-23,3.0,Estádio Raimundo Sampaio,M. Dos Santos Gonçalves,32
Empate,SP,1.0,16:32,4-2-3-1,8737,Bragantino,F. Seabra,SP,,Sao Paulo,4-2-3-1,2024-11-20,1.0,Nabizão,M. Cuberas,34
Palmeiras,GO,0.0,21:00,4-2-3-1,5827,Palmeiras,A. Stival,SP,,Atletico-Go,4-2-3-1,2017-06-21,1.0,Allianz Parque,D. Ghidoni Junior,9
Flamengo,RJ,0.0,18:30,,4735,Flamengo,,RJ,,Botafogo-Rj,,2014-07-27,1.0,Maracanã,V. Carmo Mancini,12
Empate,MG,2.0,21:32,4-2-3-1,8749,Sao Paulo,,SP,,Atletico-Mg,4-3-3,2024-11-23,2.0,Morumbis,G. Milito,35
Ponte  Preta,PR,0.0,20:59,,5889,Ponte Preta,G. Kleina,SP,,Coritiba,4-1-4-1,2017-07-19,4.0,Moisés Lucarelli,E. Pacheco,15
Empate,RJ,1.0,18:10,,2356,Botafogo-Rj,,RJ,,Vasco,,2008-05-25,1.0,Engenhão,,3
Palmeiras,SP,3.0,16:59,4-2-3-1,6039,Gremio,Renato Gaúcho,RS,,Palmeiras,4-2-3-1,2017-10-22,1.0,Arena Do Grêmio,A. Valentim Do Carmo Neto,30
Empate,RJ,1.0,19:30,,4809,Figueirense,A. Fucks,SC,,Fluminense,,2014-09-10,1.0,Orlando Scarpelli,C. Borges Dos Santos,20
Sao Paulo,SP,3.0,21:45,,2443,Vitoria,,BA,,Sao Paulo,,2008-07-16,1.0,Barradão,,12
Empate,RS,0.0,19:31,4-2-3-1,8454,Cruzeiro,F. Seabra,MG,,Internacional,4-2-3-1,2024-08-28,0.0,Mineirão,R. Machado Marques,5
Vasco,PE,0.0,18:00,,4593,Vasco,,RJ,,Nautico,,2013-12-01,2.0,Maracanã,,37
Gremio,SP,1.0,16:02,4-2-3-1,8761,Gremio,Renato Gaúcho,RS,,Sao Paulo,4-2-3-1,2024-12-01,2.0,Arena Do Grêmio,L. Zubeldía,36
Athletico-Pr,PR,3.0,16:00,,465,Corinthians,,SP,,Athletico-Pr,,2003-10-26,2.0,Pacaembu,,39
Sao Caetano,BA,1.0,16:00,,164,Sao Caetano,,SP,,Vitoria,,2003-06-22,2.0,Anacleto Campanella,,14
Gremio,RJ,0.0,18:32,4-3-3,8394,Gremio,Renato Gaúcho,RS,,Vasco,3-4-1-2,2023-12-03,1.0,Arena Do Grêmio,R. Díaz,37
Sport,PE,1.0,20:00,3-4-1-2,7385,America-Mg,V. Carmo Mancini,MG,,Sport,4-2-3-1,2021-07-19,0.0,Estádio Raimundo Sampaio,U. Louzer Filho,12
Flamengo,RS,1.0,18:59,4-2-2-2,6638,Flamengo,J. Pinheiro De Jesus,RJ,,Gremio,4-2-3-1,2019-10-08,3.0,Maracanã,Renato Gaúcho,14
Empate,RJ,0.0,21:40,,245,Figueirense,,SC,,Vasco,,2003-07-23,0.0,Orlando Scarpelli,,21
Sao Paulo,SP,2.0,16:00,,2019,Santos,,SP,,Sao  Paulo,,2007-06-24,0.0,Vila Belmiro,,7
Empate,CE,0.0,16:00,4-2-3-1,6359,America-Mg,A. Batista,MG,,Ceara,4-2-3-1,2018-09-09,0.0,Estádio Raimundo Sampaio,L. Cirne Lima De Lorenzi,24
Empate,GO,2.0,17:00,,3085,Vitoria,,BA,,Goias,,2009-12-06,2.0,Barradão,,38
Flamengo,SP,0.0,16:00,,6210,Flamengo,M. Nogueira Barbieri,RJ,,Corinthians,4-2-4-0,2018-06-03,1.0,Maracanã,O. Loss,9
-,MG,0.0,16:00,,901,Sao Paulo,,SP,,Cruzeiro,,2004-09-11,0.0,Pacaembu,,30
Atletico-Mg,MG,2.0,19:31,4-2-3-1,5543,Sao Paulo,E. Bauza,SP,,Atletico-Mg,4-2-2-2,2016-08-04,1.0,Morumbi,M. De Oliveira Santos,18
Botafogo-Rj,SC,1.0,19:30,4-2-3-1,6017,Botafogo-Rj,J. Ribeiro Ventura,RJ,,Chapecoense,4-1-4-1,2017-10-11,2.0,Estádio Nilton Santos,E. Hartkopp,27
Palmeiras,CE,0.0,21:33,3-4-1-2,7638,Palmeiras,P. V. Rodrigues Gomes,SP,,Ceara,4-2-3-1,2021-12-09,1.0,Arena Barueri,,38
Empate,PR,1.0,21:30,4-2-3-1,6794,Internacional,J. Mannarino,RS,,Athletico-Pr,4-2-3-1,2019-10-31,1.0,Estádio José Pinheiro Borda,T. Retzalff Nunes,29
Empate,RS,1.0,21:00,,8791,Flamengo,F. Luís,RJ,3150315.0,Internacional,4-2-3-1,2025-03-29,1.0,"Maracanã, Rio De Janeiro",R. Díaz,1
Internacional,RS,2.0,20:30,3-4-3,7759,Goias,J. Ribeiro Ventura,GO,,Internacional,4-3-1-2,2022-06-15,1.0,Estádio Da Serrinha,L. Venker De Menezes,12
Cruzeiro,MG,2.0,19:32,,4848,Coritiba,M. Dos Santos Gonçalves,PR,,Cruzeiro,,2014-09-24,1.0,Couto Pereira,M. De Oliveira Santos,24
Sport,SP,1.0,18:10,,2294,Sport,,PE,,Palmeiras,,2007-11-04,3.0,Ilha Do Retiro,,35
Empate,BA,0.0,11:02,4-2-3-1,6549,Sao Paulo,A. Stival,SP,,Bahia,4-3-3,2019-05-19,0.0,Morumbi,R. Machado Marques,5
Fluminense,CE,1.0,19:00,4-2-3-1,7899,Fluminense,F. Diniz Silva,RJ,,Fortaleza,4-2-3-1,2022-09-10,2.0,Maracanã,J. Vojvoda,26
Coritiba,SP,1.0,18:00,4-2-3-1,7951,Coritiba,A. Ferreira,PR,,Bragantino,4-2-3-1,2022-10-09,2.0,Couto Pereira,M. Nogueira Barbieri,31
Internacional,RJ,0.0,16:00,,4482,Internacional,,RS,,Fluminense,,2013-10-06,1.0,Centenário (Rs),,26
Empate,RS,0.0,17:01,4-3-2-1,5304,Vasco,J. De Amorim Campos,RJ,,Gremio,4-2-3-1,2015-10-25,0.0,Maracanã,R. Machado Marques,32
Coritiba,PR,1.0,18:00,,4606,Sao Paulo,,SP,,Coritiba,,2013-12-08,0.0,Novelli Júnior,,38
Flamengo,MG,1.0,18:00,,3719,Flamengo,,RJ,,America-Mg,,2011-09-24,2.0,Engenhão,,26
Corinthians,MG,0.0,18:30,3-4-1-2,9066,Corinthians,D. Junior,SP,,Atletico-Mg,3-4-2-1,2025-10-18,1.0,"Neo Química Arena, São Paulo",J. Sampaoli,29
Fluminense,MG,0.0,16:00,3-4-1-2,6141,Fluminense,,RJ,,Cruzeiro,4-4-2,2018-04-22,1.0,Maracanã,L. Venker De Menezes,2
Gremio,MG,1.0,19:30,,1767,Gremio,,RS,,Cruzeiro,,2006-08-30,2.0,Centenário (*Pf),,21
Flamengo,GO,1.0,11:00,,6600,Flamengo,J. Pinheiro De Jesus,RJ,,Goias,,2019-07-14,6.0,Maracanã,,10
Empate,SP,2.0,16:00,,3030,Palmeiras,,SP,,Corinthians,,2009-11-01,2.0,Eduardo José Farah,,33
Fluminense,SP,0.0,18:30,,8652,Fluminense,L. Venker De Menezes,RJ,,Sao Paulo,4-2-3-1,2024-09-01,2.0,Maracanã,L. Zubeldía,25
Chapecoense,SP,1.0,16:00,4-1-4-1,6312,Chapecoense,A. Ferreira,SC,,Corinthians,4-2-3-1,2018-12-08,2.0,Arena Condá,O. Loss,18
Empate,SP,1.0,19:01,4-3-3,6662,Avai,A. Valentim Do Carmo Neto,SC,,Corinthians,4-1-4-1,2019-08-25,1.0,Ressacada,F. Carille,16
Santos,GO,1.0,11:01,3-2-4-1,6628,Santos,J. Sampaoli Moya,SP,,Goias,4-2-3-1,2019-08-04,6.0,Estádio Urbano Caldeira,C. Dos Santos Oliveira,13
Figueirense,SC,2.0,20:30,,2067,Parana,,PR,,Figueirense,,2007-07-12,1.0,Durival De Brito,,11
Parana,PA,0.0,20:30,,768,Parana,,PR,,Paysandu,,2004-07-24,2.0,Pinheirão,,18
Empate,RS,0.0,19:34,4-3-3,5694,Figueirense,M. Dos Santos Gonçalves,SC,,Gremio,4-2-2-2,2016-10-29,0.0,Orlando Scarpelli,Renato Gaúcho,33
Empate,MT,1.0,18:00,4-2-3-1,7871,Atletico-Go,J. De Amorim Campos,GO,,Cuiaba,4-1-4-1,2022-08-21,1.0,Estádio Antônio Accioly,A. Cardoso De Oliveira,23
Bragantino,SC,0.0,16:30,4-2-3-1,7796,Bragantino,M. Nogueira Barbieri,SP,,Avai,4-3-3,2022-07-09,4.0,Nabizão,E. De Souza Barroca,16
Fluminense,SC,0.0,18:10,,1509,Fluminense,,RJ,,Figueirense,,2005-11-06,2.0,São Januário,,37
Cuiaba,RS,0.0,20:30,3-4-2-1,7858,Cuiaba,A. Cardoso De Oliveira,MT,,Juventude,5-3-2,2022-08-13,1.0,Arena Pantanal,U. Louzer Filho,22
Internacional,RS,3.0,21:00,,3305,Sao Paulo,,SP,,Internacional,,2010-09-16,1.0,Morumbi,,22
Santos,SP,5.0,18:30,,4518,Nautico,,PE,,Santos,,2013-10-19,1.0,Arena Pernambuco,,30
Empate,RS,0.0,17:00,,4220,Gremio,,RS,,Internacional,,2012-12-02,0.0,Olímpico,,38
Juventude,SP,0.0,18:59,,9073,Juventude,M. Barbieri,RS,196070.0,Bragantino,4-2-3-1,2025-10-20,1.0,"Alfredo Jaconi, Caxias Do Sul",V. Mancini,29
Athletico-Pr,PR,0.0,19:00,4-2-3-1,7963,Athletico-Pr,L. Scolari,PR,,Coritiba,4-2-3-1,2022-10-16,1.0,Estádio Joaquim Américo Guimarães,A. Ferreira,32
Empate,GO,0.0,18:30,,3295,Internacional,,RS,,Goias,,2010-12-09,0.0,Beira Rio,,21
Empate,SP,1.0,20:30,,820,Gremio,,RS,,Guarani,,2004-08-11,1.0,Olímpico,,23
Cruzeiro,RS,0.0,16:00,,1415,Cruzeiro,,MG,,Juventude,,2005-10-01,2.0,Mineirão,,29
Parana,DF,1.0,20:30,,1394,Parana,,PR,,Brasiliense,,2005-09-21,4.0,Pinheirão,,27
Sao Paulo,PE,0.0,16:00,,2161,Sao Paulo,,SP,,Nautico,,2007-08-26,5.0,Morumbi,,21
Sao Paulo,SP,1.0,18:59,4-2-3-1,6933,Sport,D. Pollo Barioni,PE,,Sao Paulo,4-3-3,2020-08-23,0.0,Adelmar Da Costa Carvalho,F. Diniz Silva,5
Corinthians,MG,0.0,18:31,4-1-4-1,5672,Corinthians,O. De Oliveira Filho,SP,,America-Mg,4-1-4-1,2016-10-16,2.0,Neo Química Arena,E. Alves Moreira,31
Parana,PR,5.0,18:10,,1639,Ponte Preta,,SP,,Parana,,2006-05-27,2.0,Moisés Lucarelli,,8
Empate,SP,2.0,21:45,4-2-3-1,5892,Flamengo,J. Mannarino,RJ,,Palmeiras,4-3-3,2017-07-19,2.0,Luso-Brasileiro,A. Stival,15
Empate,RJ,1.0,16:00,4-2-3-1,7430,Ceara,A. Ferreira,CE,,Flamengo,4-2-3-1,2021-08-22,1.0,Arena Castelão,Renato Gaúcho,17
Goias,SC,0.0,17:00,,610,Goias,,GO,,Figueirense,,2004-05-09,1.0,Serra Dourada,,5
Fluminense,RS,1.0,18:00,4-3-3,6912,Fluminense,,RJ,,Internacional,4-1-2-1-2,2020-08-16,2.0,Maracanã,E. Coudet,3
Gremio,SC,1.0,18:00,,400,Gremio,,RS,,Figueirense,,2003-10-04,3.0,Olímpico,,34
Empate,RJ,0.0,16:00,4-2-3-1,7249,Corinthians,V. Carmo Mancini,SP,,Vasco,,2021-02-21,0.0,Neo Quã­Mica Arena,V. Luxemburgo Da Silva,37
Bahia,PR,0.0,21:00,4-2-3-1,6408,Bahia,E. Alves Moreira,BA,,Parana,5-4-1,2018-10-13,2.0,Estádio De Pituaçu,C. Dos Santos Oliveira,29
Internacional,RS,3.0,21:00,,3577,Avai,,SC,,Internacional,,2011-07-21,1.0,Ressacada,,11
Botafogo-Rj,RJ,0.0,18:30,,4286,Botafogo-Rj,,RJ,,Fluminense,,2013-07-07,1.0,Arena Pernambuco,,6
Empate,SP,2.0,18:10,,1181,Paysandu,,PA,,Sao Paulo,,2005-06-12,2.0,Mangueirão,,7
America-Mg,PR,1.0,21:00,4-2-3-1,5449,America-Mg,S. De Oliveira Vieira,MG,,Coritiba,4-2-3-1,2016-06-18,2.0,Estádio Raimundo Sampaio,E. Pacheco,9
Empate,RJ,2.0,16:20,,4247,Athletico-Pr,,PR,,Flamengo,,2013-06-01,2.0,Arena Joinville,,3
Internacional,SP,0.0,19:30,4-2-3-1,5219,Internacional,A. Fucks,RS,,Palmeiras,4-2-3-1,2015-09-09,1.0,Estádio José Pinheiro Borda,M. De Oliveira Santos,24
Internacional,RS,1.0,18:30,,3977,Palmeiras,,SP,,Internacional,,2012-08-04,0.0,Arena Barueri,,14
Empate,RJ,0.0,18:10,,2146,Parana,,PR,,Vasco,,2007-08-12,0.0,Durival De Brito,,19
Palmeiras,SC,0.0,21:00,4-2-3-1,5079,Palmeiras,M. De Oliveira Santos,SP,,Chapecoense,4-3-2-1,2015-07-01,2.0,Allianz Parque,V. Eutrópio,10
Santos,SP,4.0,16:00,,457,Coritiba,,PR,,Santos,,2003-10-25,0.0,Couto Pereira,,39
Vitoria,MG,1.0,18:30,4-2-3-1,5585,Vitoria,V. Carmo Mancini,BA,,America-Mg,4-5-1,2016-08-28,2.0,Itaipava Arena Fonte Nova,E. Alves Moreira,22
Botafogo-Rj,RJ,3.0,16:00,,1951,Internacional,,RS,,Botafogo-Rj,,2007-05-13,2.0,Beira Rio,,1
Fluminense,RJ,1.0,16:00,4-4-1-1,5375,America-Mg,G. De Oliveira,MG,,Fluminense,4-2-3-1,2016-05-15,0.0,Estádio Raimundo Sampaio,,1
Empate,MG,1.0,18:00,,690,Guarani,,SP,,Atletico-Mg,,2004-07-03,1.0,Brinco De Ouro,,12
-,RS,1.0,18:30,4-2-3-1,8842,Vitoria,J. Ventura,BA,437765.0,Gremio,4-2-3-1,2025-04-27,1.0,"Barradão, Salvador",L. Castro,6
Palmeiras,RS,0.0,19:00,4-2-3-1,6527,Palmeiras,L. Scolari,SP,,Internacional,4-3-3,2019-05-04,1.0,Allianz Parque,O. Hellmann,3
Empate,RS,0.0,17:01,4-1-4-1,6489,Vitoria,,BA,,Gremio,4-2-3-1,2018-11-25,0.0,Barradã£O,Renato Gaúcho,37
Fluminense,RJ,1.0,16:00,4-3-3,6926,Athletico-Pr,L. Porto Siqueira,PR,,Fluminense,4-2-3-1,2020-08-22,0.0,Estádio Joaquim Américo Guimarães,O. Hellmann,5
Sport,PE,1.0,21:00,4-4-2,7635,Chapecoense,F. Paiva Endres,SC,,Sport,4-2-3-1,2021-12-06,0.0,Arena Condá,G. Florentín,37
Fluminense,PE,1.0,10:59,4-2-3-1,5637,Fluminense,L. Culpi,RJ,,Sport,4-2-3-1,2016-10-01,3.0,Estádio Giulite Coutinho,O. De Oliveira Filho,28
Athletico-Pr,PR,2.0,19:15,4-3-3,7157,Botafogo-Rj,E. De Souza Barroca,RJ,,Athletico-Pr,4-4-2,2021-01-06,0.0,Estádio Nilton Santos,P. Autuori De Mello,28
Cruzeiro,RJ,2.0,17:00,4-3-3,8414,Cruzeiro,F. Seabra,MG,,Botafogo-Rj,4-4-2,2024-04-14,3.0,Mineirão,A. Torres Gomes Araújo Amorim,1
Empate,RJ,1.0,16:01,4-1-4-1,6613,Corinthians,F. Carille,SP,,Flamengo,4-1-4-1,2019-07-21,1.0,Neo Química Arena,J. Pinheiro De Jesus,11
Fluminense,SP,0.0,16:00,,2711,Fluminense,,RJ,,Sao Paulo,,2009-05-10,1.0,Maracanã,,1
Atletico-Mg,SP,1.0,21:30,3-4-2-1,8562,Atletico-Mg,G. Milito,MG,,Sao Paulo,4-2-3-1,2024-07-11,2.0,Arena Mrv,L. Zubeldía,16
Empate,RS,0.0,16:00,,3202,Internacional,,RS,,Gremio,,2010-08-01,0.0,Beira Rio,,12
Ponte Preta,SC,1.0,18:30,,4354,Ponte  Preta,,SP,,Criciuma,,2013-08-11,3.0,Moisés Lucarelli,,13
Empate,SP,1.0,21:00,,4139,Portuguesa,,SP,,Corinthians,,2012-10-13,1.0,Canindé,,30
Fortaleza,SP,0.0,16:01,4-2-3-1,8641,Fortaleza,J. Vojvoda,CE,,Corinthians,3-4-2-1,2024-08-25,1.0,Arena Castelão,R. Díaz,24
Portuguesa,SP,0.0,18:30,,4486,Portuguesa,,SP,,Santos,,2013-10-06,3.0,Canindé,,26
Atletico-Mg,PE,1.0,18:10,,2495,Atletico-Mg,,MG,,Sport,,2008-08-03,,Mineirão,,17
Cruzeiro,PE,0.0,15:59,4-2-3-1,5951,Cruzeiro,L. Venker De Menezes,MG,,Sport,4-2-3-1,2017-08-20,2.0,Mineirão,V. Luxemburgo Da Silva,21
Corinthians,SP,0.0,19:01,,5778,Corinthians,F. Carille,SP,,Santos,4-2-3-1,2017-06-03,2.0,Neo Química Arena,D. Silvestre Júnior,4
Flamengo,PR,0.0,18:30,,3607,Flamengo,,RJ,,Coritiba,,2011-08-06,1.0,Engenhão,,15
Parana,BA,1.0,20:30,,846,Parana,,PR,,Vitoria,,2004-08-18,4.0,Pinheirão,,25
Atletico-Mg,GO,2.0,16:00,,543,Atletico-Mg,,MG,,Goias,,2003-12-13,3.0,Ipatingão,,46
Empate,MG,1.0,18:00,,3727,Palmeiras,,SP,,America-Mg,,2011-10-01,1.0,Canindé,,27
Atletico-Go,SP,1.0,19:30,,4188,Atletico-Go,,GO,,Santos,,2012-11-10,2.0,Bezerrão,,35
Empate,SP,2.0,21:50,,3682,Athletico-Pr,,PR,,Palmeiras,,2011-09-07,2.0,Arena Da Baixada,,22
Botafogo-Rj,RJ,1.0,16:03,4-2-3-1,8890,Santos,Cleber Marcio Serpa Xavier,SP,846666.25,Botafogo-Rj,4-2-3-1,2025-06-01,0.0,"Estádio Urbano Caldeira, Santos",,11
Palmeiras,SC,0.0,21:00,4-2-3-1,7969,Palmeiras,A. Moreira Ferreira,SP,,Avai,4-2-3-1,2022-10-22,3.0,Allianz Parque,L. Cirne Lima De Lorenzi,33
Cruzeiro,MT,1.0,19:00,4-3-2-1,8480,Cruzeiro,F. Seabra,MG,,Cuiaba,4-2-3-1,2024-06-13,2.0,Mineirão,A. Gonçalves Teixeira,8
Athletico-Pr,PR,1.0,17:00,4-4-1-1,6076,Botafogo-Rj,J. Ribeiro Ventura,RJ,,Athletico-Pr,4-2-3-1,2017-11-11,0.0,Estádio Nilton Santos,F. Soares Pessoa,34
Flamengo,RJ,2.0,20:00,4-5-1,7345,Cuiaba,L. Iubel,MT,,Flamengo,4-4-2,2021-07-01,0.0,Arena Pantanal,R. Ceni,8
Empate,RJ,0.0,16:02,4-2-3-1,8216,Sao Paulo,L. Silvestre,SP,,Botafogo-Rj,4-2-3-1,2023-08-19,0.0,Morumbi,B. Nascimento,20
Bahia,BA,4.0,21:00,4-2-3-1,7247,Fortaleza,E. Alves Moreira,CE,,Bahia,,2021-02-20,0.0,Arena Castelão,L. Cavalcanti,37
Botafogo-Rj,RJ,2.0,16:00,,8281,Fluminense,F. Diniz Silva,RJ,,Botafogo-Rj,4-2-3-1,2023-10-08,0.0,Maracanã,L. Flávio,26
Botafogo-Rj,RJ,2.0,21:00,4-2-3-1,7140,Coritiba,E. Pacheco,PR,,Botafogo-Rj,4-1-4-1,2020-12-19,1.0,Couto Pereira,E. De Souza Barroca,26
Vitoria,BA,3.0,18:30,,2965,Botafogo-Rj,,RJ,,Vitoria,,2009-09-27,1.0,Engenhão,,26
Palmeiras,SP,2.0,13:58,5-4-1,7581,Santos,,SP,,Palmeiras,4-2-3-1,2021-11-07,0.0,Estã¡Dio Urbano Caldeira,A. Moreira Ferreira,30
Sao Paulo,PR,1.0,20:30,,2530,Sao Paulo,,SP,,Athletico-Pr,,2008-08-20,3.0,Morumbi,,21
-,RS,0.0,19:00,4-3-3,7286,Santos,F. Diniz Silva,SP,,Juventude,,2021-12-06,0.0,Estádio Urbano Caldeira,,3
Sport,RS,3.0,18:00,4-2-3-1,5773,Sport,D. Pollo Barioni,PE,,Gremio,3-4-3,2017-05-28,4.0,Adelmar Da Costa Carvalho,Renato Gaúcho,3
Goias,RJ,2.0,16:00,,1049,Goias,,GO,,Vasco,,2004-11-21,3.0,Serra Dourada,,42
Fortaleza,SP,0.0,20:29,4-4-2,7053,Fortaleza,R. Ceni,CE,,Palmeiras,4-4-2,2020-10-18,2.0,Arena Castelão,A. Lopes Dos Santos,17
Flamengo,RJ,3.0,16:00,,1961,Goias,,GO,,Flamengo,,2007-05-20,1.0,Serra Dourada,,2
Internacional,SP,1.0,22:00,,2531,Internacional,,RS,,Palmeiras,,2008-08-20,4.0,Beira Rio,,21
Juventude,RS,0.0,16:00,4-2-3-1,8549,Juventude,R. Machado Marques,RS,,Gremio,4-4-2,2024-07-07,3.0,Alfredo Jaconi,Renato Gaúcho,15
Empate,MG,2.0,21:29,3-4-3,7606,Palmeiras,J. M. Barreto Martins,SP,,Atletico-Mg,4-2-2-2,2021-11-23,2.0,Allianz Parque,A. Stival,35
Botafogo-Rj,BA,2.0,20:01,4-1-4-1,6525,Botafogo-Rj,E. De Souza Barroca,RJ,,Bahia,4-2-3-1,2019-05-02,3.0,Estádio Nilton Santos,R. Machado Marques,2
Parana,CE,1.0,20:30,,241,Parana,,PR,,Fortaleza,,2003-07-23,4.0,Pinheirão,,21
Fluminense,RJ,2.0,19:30,,4917,Goias,S. Drubscky De Campos,GO,,Fluminense,,2014-11-01,0.0,Estádio Do Governo Do Estado De Goiás (Serra Dourada),C. Borges Dos Santos,32
Cruzeiro,BA,0.0,21:45,4-2-3-1,6481,Cruzeiro,L. Venker De Menezes,MG,,Vitoria,4-1-4-1,2018-11-21,3.0,Mineirão,J. Burse,36
Fluminense,MG,1.0,18:10,,1134,Fluminense,,RJ,,Cruzeiro,,2005-05-08,2.0,Raulino De Oliveira,,3
Ceara,RJ,0.0,18:00,4-4-2,6992,Ceara,A. Ferreira,CE,,Flamengo,4-2-3-1,2020-09-13,2.0,Arena Castelão,D. Torrent Font,10
Empate,RJ,1.0,18:58,4-2-3-1,5903,Atletico-Go,J. P. Sanches,GO,,Botafogo-Rj,4-2-3-1,2017-07-23,1.0,Estádio Olímpico Pedro Ludovico Teixeira,J. Ribeiro Ventura,16
Empate,PE,1.0,20:32,4-2-3-1,9055,Cruzeiro,T. Tite,MG,1788327.5,Sport,4-2-3-1,2025-10-05,1.0,"Mineirão, Belo Horizonte",C. De Lucena,27
Athletico-Pr,PR,4.0,21:00,,4262,Ponte Preta,,SP,,Athletico-Pr,,2013-06-05,3.0,Moisés Lucarelli,,4
Sao Paulo,SP,1.0,16:00,4-2-3-1,8830,Sao Paulo,H. Crespo,SP,3157886.0,Santos,4-2-3-1,2025-04-20,2.0,"Morumbis, São Paulo",J. Vojvoda,5
Santos,MG,1.0,21:30,4-3-3,6981,Santos,A. Stival,SP,,Atletico-Mg,4-2-3-1,2020-09-09,3.0,Estádio Urbano Caldeira,J. Sampaoli Moya,9
Figueirense,SC,0.0,20:30,,718,Figueirense,,SC,,Criciuma,,2004-07-10,2.0,Orlando Scarpelli,,14
Ponte Preta,RJ,2.0,20:30,,793,Ponte Preta,,SP,,Fluminense,,2004-08-04,3.0,Moisés Lucarelli,,21
Internacional,PE,0.0,20:30,,1986,Internacional,,RS,,Nautico,,2007-06-04,2.0,Beira Rio,,4
Chapecoense,PE,0.0,11:02,4-4-1-1,5657,Chapecoense,L. Saroli Caio Júnior,SC,,Sport,4-2-3-1,2016-10-12,3.0,Arena Condã¡,O. De Oliveira Filho,30
Juventude,BA,1.0,18:59,4-2-3-1,8731,Juventude,F. Matias,RS,,Bahia,4-3-3,2024-11-09,2.0,Alfredo Jaconi,R. Ceni,33
Atletico-Go,RJ,2.0,18:59,4-2-3-1,7937,Atletico-Go,E. Do Nascimento Souza,GO,,Fluminense,4-2-3-1,2022-10-05,3.0,Estádio Antônio Accioly,F. Diniz Silva,30
Empate,MG,1.0,17:00,4-3-3,6098,Vitoria,V. Carmo Mancini,BA,,Cruzeiro,4-2-3-1,2017-11-19,1.0,Barradão,L. Venker De Menezes,36
Atletico-Go,GO,2.0,11:01,4-1-4-1,5908,Chapecoense,E. Hartkopp,SC,,Atletico-Go,4-2-3-1,2017-07-30,1.0,Arena Condá,J. P. Sanches,17
Atletico-Mg,MG,2.0,19:00,4-3-3,7378,Corinthians,S. Campos Junior,SP,,Atletico-Mg,4-2-3-1,2021-07-17,1.0,Neo Quã­Mica Arena,A. Stival,12
Sao Paulo,GO,1.0,21:02,4-2-3-1,8100,Sao Paulo,D. Silvestre Júnior,SP,,Goias,,2023-05-27,2.0,Morumbi,,8
Empate,RS,0.0,21:00,,2979,Athletico-Pr,,PR,,Gremio,,2009-10-07,0.0,Arena Da Baixada,,28
Gremio,SP,0.0,15:59,4-2-3-1,8851,Gremio,L. Castro,RS,1652894.0,Santos,,2025-04-05,1.0,"Arena Do Grêmio, Porto Alegre",J. Vojvoda,7
Fortaleza,RJ,0.0,20:00,,6724,Fortaleza,R. Ceni,CE,,Botafogo-Rj,4-1-4-1,2019-09-30,1.0,Arena Castelão,E. De Souza Barroca,22
America-Mg,SC,1.0,18:00,4-3-3,7843,America-Mg,V. Carmo Mancini,MG,,Avai,4-3-3,2022-07-31,3.0,Estádio Raimundo Sampaio,E. De Souza Barroca,20
Santos,SP,3.0,18:30,,5525,Vitoria,V. Carmo Mancini,BA,,Santos,4-2-3-1,2016-07-24,2.0,Barradão,D. Silvestre Júnior,16
Empate,SP,1.0,22:03,4-2-3-1,8713,Criciuma,C. Tencati,SC,,Sao Paulo,4-2-3-1,2024-10-26,1.0,Estádio Heriberto Hülse,L. Zubeldía,31
Bahia,GO,0.0,16:04,4-2-3-1,8778,Bahia,R. Ceni,BA,,Atletico-Go,4-1-4-1,2024-12-08,2.0,Arena Fonte Nova,A. Gomes,38
-,SP,1.0,15:59,,7179,Athletico-Pr,,PR,,Sao Paulo,4-4-2,2021-01-17,1.0,Estádio Joaquim Américo Guimarães,F. Diniz Silva,30
Empate,RJ,1.0,16:00,,3921,Figueirense,,SC,,Vasco,,2012-07-08,1.0,Orlando Scarpelli,,8
Gremio Prudente,GO,0.0,19:30,,3139,Gremio Prudente,,SP,,Atletico-Go,,2010-06-02,1.0,Prudentão,,6
Empate,BA,1.0,16:00,4-3-3,8926,Fortaleza,T. Carpini,CE,239349.0,Bahia,4-2-3-1,2025-07-19,1.0,"Arena Castelão, Fortaleza",R. Ceni,15
Corinthians,SP,5.0,21:44,4-2-3-1,5790,Vasco,E. Da Conceição Silva,RJ,,Corinthians,4-2-3-1,2017-06-07,2.0,Estádio Vasco Da Gama,F. Carille,5
Sport,MG,1.0,18:30,,4075,Sport,,PE,,Cruzeiro,,2012-09-09,2.0,Ilha Do Retiro,,23
Empate,RJ,0.0,16:00,,3290,Palmeiras,,SP,,Vasco,,2010-09-12,0.0,Pacaembu,,21
Empate,GO,1.0,16:00,,3231,Internacional,,RS,,Atletico-Go,,2010-08-22,1.0,Beira Rio,,15
Empate,SC,1.0,19:30,,1827,Fortaleza,,CE,,Figueirense,,2006-10-04,1.0,Presidente Vargas,,27
Coritiba,SP,1.0,16:00,4-4-2,5549,Coritiba,E. Pacheco,PR,,Ponte Preta,4-1-4-1,2016-08-07,3.0,Couto Pereira,E. Baptista,19
Fluminense,RJ,0.0,16:00,,595,Fluminense,,RJ,,Vasco,,2004-05-02,1.0,Maracanã,,4
Nautico,MG,0.0,18:30,,2726,Nautico,,PE,,Cruzeiro,,2009-05-17,2.0,Aflitos,,2
Atletico-Go,RS,1.0,18:30,,4138,Atletico-Go,,GO,,Internacional,,2012-10-13,3.0,Serra Dourada,,30
Coritiba,SP,0.0,20:30,,561,Coritiba,,PR,,Guarani,,2004-04-22,1.0,Couto Pereira,,1
Atletico-Mg,MG,2.0,16:00,4-2-3-1,7410,Juventude,M. Dos Santos Gonçalves,RS,,Atletico-Mg,4-2-3-1,2021-08-08,1.0,Alfredo Jaconi,A. Stival,15
Empate,SP,2.0,18:30,4-2-3-1,9033,Bragantino,,SP,242960.0,Santos,4-2-3-1,2025-09-28,2.0,"Estádio Municipal Cicero De Souza Marques, Bragança Paulista",J. Vojvoda,25
Corinthians,SP,4.0,21:30,4-1-4-1,8376,Vasco,R. Díaz,RJ,,Corinthians,4-2-3-1,2023-11-28,2.0,Estádio São Januário,L. Venker De Menezes,36
Empate,SP,0.0,21:40,,247,Bahia,,BA,,Corinthians,,2003-07-23,0.0,Fonte Nova,,21
Fortaleza,CE,2.0,11:01,,7269,Atletico-Mg,A. Stival,MG,,Fortaleza,,2021-05-30,1.0,Mineirão,J. Vojvoda,1
Santos,SP,2.0,19:00,4-2-3-1,5436,Santa Cruz,M. Mendes,PE,,Santos,4-2-3-1,2016-06-12,0.0,Estã¡Dio Do Arruda,D. Silvestre Júnior,7
Fluminense,RJ,2.0,21:00,,4440,Criciuma,,SC,,Fluminense,,2013-09-18,1.0,Heriberto Hulse,,22
Guarani,PR,1.0,16:00,,406,Guarani,,SP,,Coritiba,,2003-10-05,2.0,Brinco De Ouro,,34
Athletico-Pr,PR,2.0,18:10,,1450,Coritiba,,PR,,Athletico-Pr,,2005-10-15,1.0,Couto Pereira,,32
Santos,SP,2.0,20:30,,179,Athletico-Pr,,PR,,Santos,,2003-07-30,0.0,Arena Da Baixada,,15
Cuiaba,MT,1.0,16:00,3-4-1-2,8168,Fortaleza,J. Vojvoda,CE,,Cuiaba,4-3-3,2023-07-16,0.0,Arena Castelão,A. Cardoso De Oliveira,15
Santos,SP,1.0,20:00,4-4-2,7634,Flamengo,M. Souza,RJ,,Santos,3-4-2-1,2021-12-06,0.0,Maracanã,F. Carille,37
Empate,SP,2.0,18:10,,1690,Fluminense,,RJ,,Sao Caetano,,2006-07-22,2.0,Maracanã,,13
Empate,SP,1.0,18:10,,1726,Parana,,PR,,Santos,,2006-08-13,1.0,Pinheirão,,16
Flamengo,BA,0.0,21:00,4-2-3-1,8995,Flamengo,F. Luís,RJ,3099165.0,Vitoria,4-2-3-1,2025-08-25,8.0,"Maracanã, Rio De Janeiro",J. Ventura,21
Sao Paulo,SP,2.0,17:01,,4930,Vitoria,N. Da Silveira Júnior,BA,,Sao Paulo,,2014-11-09,1.0,Barradão,M. Ramalho,33
Avai,SC,0.0,19:02,4-2-2-2,5963,Avai,C. Dos Santos Oliveira,SC,,Chapecoense,4-2-3-1,2017-08-27,1.0,Ressacada,V. Eutrópio,22
Gremio,MG,0.0,19:30,,2497,Gremio,,RS,,Ipatinga,,2008-08-06,1.0,Olímpico,,18
Cruzeiro,MG,2.0,20:03,4-2-3-1,9015,Bahia,R. Ceni,BA,908858.0,Cruzeiro,,2025-09-15,1.0,"Arena Fonte Nova, Salvador",T. Tite,23
Atletico-Mg,CE,0.0,11:01,,6909,Atletico-Mg,,MG,,Ceara,4-2-3-1,2020-08-16,2.0,Mineirão,A. Ferreira,3
Vasco,RJ,1.0,17:00,4-2-3-1,6111,Cruzeiro,L. Venker De Menezes,MG,,Vasco,4-2-3-1,2017-11-26,0.0,Mineirão,J. Mannarino,37
Bragantino,SP,3.0,18:30,4-2-3-1,8190,Fortaleza,J. Vojvoda,CE,,Bragantino,3-5-2,2023-07-29,0.0,Arena Castelão,P. Faria Caixinha,17
Sao Paulo,PA,0.0,18:00,,341,Sao Paulo,,SP,,Paysandu,,2003-08-30,1.0,Benedito Teixeira,,29
Flamengo,PE,0.0,18:10,,2409,Flamengo,,RJ,,Nautico,,2008-07-05,3.0,Maracanã,,9
Internacional,RS,2.0,16:00,,1602,Athletico-Pr,,PR,,Internacional,,2006-07-05,1.0,Kyocera Arena,,4
Bragantino,SP,2.0,19:00,4-1-2-1-2,8910,Corinthians,D. Junior,SP,2356795.3,Bragantino,4-2-3-1,2025-07-13,1.0,"Neo Química Arena, São Paulo",V. Mancini,13
Gremio,RS,4.0,20:00,4-2-3-1,8354,Botafogo-Rj,L. Flávio,RJ,,Gremio,4-2-3-1,2023-11-09,3.0,Estádio São Januário,,33
Ponte Preta,SP,0.0,16:04,4-2-3-1,5782,Ponte Preta,G. Kleina,SP,,Sao Paulo,3-4-2-1,2017-06-04,1.0,Moisés Lucarelli,R. Ceni,4
Empate,BA,1.0,20:30,,4577,Criciuma,,SC,,Vitoria,,2013-11-23,1.0,Heriberto Hulse,,36
Goias,GO,2.0,18:00,3-5-1-1,7974,Cuiaba,A. Cardoso De Oliveira,MT,,Goias,5-4-1,2022-10-23,1.0,Arena Pantanal,J. Ribeiro Ventura,33
Bahia,SC,2.0,18:00,,3728,Bahia,,BA,,Avai,,2011-10-01,3.0,Pituaçu,,27
Goias,PR,0.0,19:30,,2557,Goias,,GO,,Athletico-Pr,,2008-09-03,4.0,Serra Dourada,,24
Empate,RJ,0.0,18:30,,2786,Fluminense,,RJ,,Flamengo,,2009-06-28,0.0,Maracanã,,8
Flamengo,CE,0.0,19:30,,1524,Flamengo,,RJ,,Fortaleza,,2005-11-16,3.0,Luso Brasileiro,,39
Palmeiras,SP,1.0,15:59,4-3-3,7720,Santos,F. Bustos,SP,,Palmeiras,4-2-3-1,2022-05-29,0.0,Estádio Urbano Caldeira,J. M. Barreto Martins,8
Sao Paulo,GO,1.0,18:20,,2508,Sao Paulo,,SP,,Goias,,2008-09-08,2.0,Morumbi,,19
Empate,RJ,2.0,21:50,,2833,Nautico,,PE,,Botafogo-Rj,,2009-07-22,2.0,Aflitos,,13
Palmeiras,SP,3.0,18:10,,1014,Gremio,,RS,,Palmeiras,,2004-10-30,2.0,Bento Freitas,,39
Ponte Preta,SP,1.0,21:00,4-2-3-1,5281,Palmeiras,M. De Oliveira Santos,SP,,Ponte Preta,4-2-3-1,2015-10-14,0.0,Allianz Parque,,30
Cruzeiro,MG,1.0,18:31,,4895,Vitoria,N. Da Silveira Júnior,BA,,Cruzeiro,,2014-10-19,0.0,Barradão,M. De Oliveira Santos,29
Internacional,RS,2.0,19:30,,1769,Santa Cruz,,PE,,Internacional,,2006-08-30,0.0,Arruda,,21
Internacional,RJ,1.0,18:00,,4552,Internacional,,RS,,Botafogo-Rj,,2013-11-10,2.0,Centenário (Rs),,33
Goias,GO,1.0,20:00,4-2-3-1,7125,Atletico-Go,M. Ribeiro Cabo,GO,,Goias,5-3-2,2020-12-07,0.0,Estádio Antônio Accioly,G. Ramos Da Silva,24
Corinthians,SP,2.0,16:00,4-4-2,6551,Athletico-Pr,T. Retzalff Nunes,PR,,Corinthians,4-2-3-1,2019-05-19,0.0,Estádio Joaquim Américo Guimarães,F. Carille,5
Portuguesa,SP,0.0,20:30,,4039,Portuguesa,,SP,,Palmeiras,,2012-08-29,3.0,Canindé,,20
Athletico-Pr,RS,1.0,19:30,4-2-3-1,8262,Athletico-Pr,W. Carvalho,PR,,Internacional,,2023-09-21,2.0,Ligga Arena,E. Coudet,24
Paysandu,PA,2.0,16:00,,149,Fortaleza,,CE,,Paysandu,,2003-06-15,1.0,Presidente Vargas,,13
Flamengo,BA,0.0,20:30,,285,Flamengo,,RJ,,Bahia,,2003-08-07,,Maracanã,,24
Empate,PA,1.0,18:00,,364,Fluminense,,RJ,,Paysandu,,2003-09-20,1.0,Maracanã,,31
Palmeiras,PR,0.0,16:03,4-2-3-1,5367,Palmeiras,A. Stival,SP,,Athletico-Pr,4-2-3-1,2016-05-14,4.0,Allianz Parque,P. Autuori De Mello,1
Sao Paulo,SP,2.0,20:29,4-2-3-1,7243,Gremio,Renato Gaúcho,RS,,Sao Paulo,4-4-2,2021-02-14,1.0,Arena Do Grêmio,M. Vizolli,36
Empate,SP,1.0,21:32,4-3-3,8400,Cruzeiro,P. Autuori De Mello,MG,,Palmeiras,3-4-1-2,2023-12-06,1.0,Mineirão,A. Moreira Ferreira,38
Empate,MG,1.0,18:29,,4737,Botafogo-Rj,V. Carmo Mancini,RJ,,Cruzeiro,,2014-08-02,1.0,Maracanã,,13
Bragantino,SP,3.0,18:14,4-3-2-1,7273,Chapecoense,F. Paiva Endres,SC,,Bragantino,4-2-3-1,2021-05-30,0.0,Arena Condá,M. Nogueira Barbieri,1
Flamengo,RJ,0.0,18:00,4-2-2-2,6771,Flamengo,J. Pinheiro De Jesus,RJ,,Fluminense,4-2-4-0,2019-10-20,2.0,Maracanã,M. De Oliveira,27
Portuguesa,PE,0.0,21:00,,4446,Portuguesa,,SP,,Nautico,,2013-09-19,3.0,Canindã©,,22
Empate,RS,1.0,21:30,4-5-1,7449,Corinthians,S. Campos Junior,SP,,Juventude,4-1-2-1-2,2021-09-07,1.0,Neo Quã­Mica Arena,M. Dos Santos Gonçalves,19
Vasco,RS,0.0,18:00,,240,Vasco,,RJ,,Gremio,,2003-07-20,2.0,São Januário,,20
Empate,RS,1.0,20:59,4-2-3-1,7701,Cuiaba,L. Iubel,MT,,Internacional,,2022-05-21,1.0,Arena Pantanal,L. Venker De Menezes,7
Internacional,SP,0.0,18:20,,2563,Internacional,,RS,,Portuguesa,,2008-09-06,1.0,Beira Rio,,24
Santos,SP,1.0,19:01,4-2-3-1,8351,Goias,A. Evangelista Macedo Freitas,GO,,Santos,4-4-2,2023-11-09,0.0,Estádio Hailé Pinheiro - Serrinha,M. Fernandes,33
Empate,RS,2.0,11:02,4-2-3-1,5520,Ponte Preta,E. Baptista,SP,,Internacional,4-2-3-1,2016-07-24,2.0,Moisés Lucarelli,Falcao,16
Athletico-Pr,RJ,0.0,19:28,4-2-3-1,6275,Athletico-Pr,T. Retzalff Nunes,PR,,Vasco,4-2-3-1,2018-08-29,1.0,Estádio Joaquim Américo Guimarães,A. Valentim Do Carmo Neto,15
Empate,PR,0.0,17:00,,3084,Barueri,,SP,,Athletico-Pr,,2009-12-06,0.0,Prudentão,,38
Empate,SP,1.0,16:00,,2960,Sao Paulo,,SP,,Corinthians,,2009-09-27,1.0,Morumbi,,26
Nautico,PE,5.0,18:10,,2118,America-Rn,,RN,,Nautico,,2007-04-08,1.0,Machadão,,17
Juventude,SP,0.0,16:00,,634,Juventude,,RS,,Guarani,,2004-05-23,2.0,Alfredo Jaconi,,7
Flamengo,RJ,1.0,20:00,4-1-4-1,6814,Botafogo-Rj,A. Valentim Do Carmo Neto,RJ,,Flamengo,4-2-3-1,2019-11-07,0.0,Estádio Nilton Santos,J. Pinheiro De Jesus,31
Coritiba,PR,3.0,18:10,,2494,Santos,,SP,,Coritiba,,2008-08-03,1.0,Vila Belmiro,,17
Atletico-Mg,MG,1.0,19:10,,2666,Vitoria,,BA,,Atletico-Mg,,2008-11-09,0.0,Barradão,,34
Empate,SP,2.0,16:01,4-2-3-1,8488,Corinthians,A. Cardoso De Oliveira,SP,,Sao Paulo,4-2-3-1,2024-06-16,2.0,Neo Química Arena,L. Zubeldía,9
Palmeiras,SP,1.0,18:33,4-3-3,8415,Vitoria,L. Condé,BA,,Palmeiras,4-2-3-1,2024-04-14,0.0,Barradão,A. Moreira Ferreira,1
Empate,RJ,0.0,18:10,,2335,Atletico-Mg,,MG,,Fluminense,,2008-05-11,0.0,Mineirão,,1
Empate,MT,1.0,21:33,3-4-2-1,7645,Santos,F. Carille,SP,,Cuiaba,,2021-12-09,1.0,Estádio Urbano Caldeira,J. De Amorim Campos,38
Santos,SP,1.0,19:01,4-3-3,6598,Bahia,R. Machado Marques,BA,,Santos,3-4-3,2019-07-13,0.0,Estádio De Pituaçu,J. Sampaoli Moya,10
Vasco,SP,0.0,16:00,,3622,Vasco,,RJ,,Palmeiras,,2011-08-14,1.0,São Januário,,16
Botafogo-Rj,RJ,1.0,16:18,4-3-3,5564,Sao Paulo,A. Soares Jardine,SP,,Botafogo-Rj,4-3-1-2,2016-08-14,0.0,Morumbi,J. Ribeiro Ventura,20
Nautico,RJ,2.0,18:30,,3884,Nautico,,PE,,Botafogo-Rj,,2012-10-06,3.0,Aflitos,,4
Botafogo-Rj,RJ,1.0,21:00,,8470,Corinthians,A. Cardoso De Oliveira,SP,,Botafogo-Rj,4-2-3-1,2024-06-01,0.0,Neo Química Arena,A. Torres Gomes Araújo Amorim,7
Bragantino,SP,2.0,20:00,4-2-3-1,7434,America-Mg,V. Carmo Mancini,MG,,Bragantino,4-2-3-1,2021-08-23,0.0,Estádio Raimundo Sampaio,M. Nogueira Barbieri,17
Flamengo,RJ,2.0,16:00,,2402,Sport,,PE,,Flamengo,,2008-06-29,1.0,Ilha Do Retiro,,8
Empate,SC,1.0,21:00,,3875,Corinthians,,SP,,Figueirense,,2012-06-07,1.0,Pacaembu,,3
Fortaleza,CE,2.0,18:10,,1235,Palmeiras,,SP,,Fortaleza,,2005-07-17,1.0,Parque Antã¡Rtica,,12
Empate,PE,0.0,17:00,,2662,Coritiba,,PR,,Nautico,,2008-11-09,0.0,Couto Pereira,,34
Gremio,RS,1.0,16:00,,2819,Gremio,,RS,,Internacional,,2009-07-19,2.0,Olímpico,,12
Fortaleza,CE,2.0,21:31,4-2-3-1,8260,Sao Paulo,D. Silvestre Júnior,SP,,Fortaleza,4-2-3-1,2023-09-20,1.0,Morumbi,J. Vojvoda,24
Barueri,SP,4.0,18:30,,2775,Cruzeiro,,MG,,Barueri,,2009-06-21,2.0,Mineirão,,7
Internacional,RS,1.0,21:33,3-4-1-2,8006,Sao Paulo,R. Ceni,SP,,Internacional,4-2-3-1,2022-11-08,0.0,Morumbi,L. Venker De Menezes,37
Botafogo-Rj,RS,0.0,20:00,4-4-2,8864,Botafogo-Rj,Renato Manuel Alves Paiva,RJ,426700.0,Internacional,4-2-3-1,2025-05-11,4.0,"Estádio Nilton Santos, Rio De Janeiro",Roger Machado Marques,8
Corinthians,SP,1.0,15:59,4-2-3-1,7431,Athletico-Pr,A. Cardoso De Oliveira,PR,,Corinthians,4-2-3-1,2021-08-22,0.0,Estádio Joaquim Américo Guimarães,S. Campos Junior,17
Gremio,RJ,0.0,19:00,3-4-3,8604,Gremio,Renato Gaúcho,RS,,Vasco,4-2-3-1,2024-07-28,1.0,Arena Condá,C. De Paiva,20
Palmeiras,SP,2.0,16:02,4-3-3,8473,Criciuma,,SC,,Palmeiras,4-2-3-1,2024-06-02,1.0,Estádio Heriberto Hülse,,7
Flamengo,RS,0.0,18:10,,1738,Flamengo,,RJ,,Gremio,,2006-08-19,1.0,Maracanã,,18
Santos,SP,1.0,18:15,4-2-3-1,7401,Chapecoense,J. Ribeiro Ventura,SC,,Santos,4-1-4-1,2021-08-01,0.0,Arena Condá,F. Diniz Silva,14
Empate,RS,1.0,19:30,,4258,Portuguesa,,SP,,Internacional,,2013-06-05,1.0,Canindé,,4
Empate,RJ,1.0,20:59,4-2-3-1,8278,Corinthians,L. Venker De Menezes,SP,,Flamengo,4-2-3-1,2023-10-07,1.0,Neo Química Arena,M. J,26
Sao Paulo,SP,1.0,18:10,,2476,Sao Paulo,,SP,,Portuguesa,,2008-07-27,3.0,Morumbi,,15
Empate,GO,1.0,20:30,,3716,Vasco,,RJ,,Atletico-Go,,2011-09-22,1.0,Sã£O Januã¡Rio,,25
Gremio,SP,0.0,16:00,,1807,Gremio,,RS,,Ponte Preta,,2006-09-20,4.0,Olímpico,,25
Corinthians,SP,2.0,21:45,,708,Coritiba,,PR,,Corinthians,,2004-07-07,1.0,Couto Pereira,,13
Avai,RS,0.0,11:02,4-4-2,5190,Avai,G. Kleina,SC,,Internacional,,2015-08-30,3.0,Ressacada,A. Fucks,21
Athletico-Pr,RS,0.0,16:01,4-2-3-1,5472,Athletico-Pr,P. Autuori De Mello,PR,,Gremio,4-2-3-1,2016-06-26,2.0,Estádio Joaquim Américo Guimarães,R. Machado Marques,11
Vasco,SP,0.0,18:00,,72,Vasco,,RJ,,Sao Caetano,,2003-04-27,1.0,São Januário,,6
Internacional,RS,2.0,19:16,4-3-3,6763,Avai,E. Spinassé Camillato,SC,,Internacional,4-3-3,2019-10-17,0.0,Ressacada,R. Colbachini,26
Juventude,RS,4.0,20:30,,1245,Flamengo,,RJ,,Juventude,,2005-07-21,3.0,Luso Brasileiro,,13
Athletico-Pr,PR,3.0,21:30,3-4-3,8246,Flamengo,J. Sampaoli Moya,RJ,,Athletico-Pr,4-2-3-1,2023-09-13,0.0,Kléber Andrade,W. Carvalho,23
Cruzeiro,SP,0.0,16:00,,2350,Cruzeiro,,MG,,Santos,,2008-05-25,4.0,Mineirão,,3
Atletico-Mg,MG,2.0,19:00,4-1-4-1,6604,Chapecoense,N. Da Silveira Júnior,SC,,Atletico-Mg,4-2-3-1,2019-07-14,1.0,Arena Condá,R. Marques Santana,10
Athletico-Pr,GO,1.0,11:06,4-3-3,6781,Athletico-Pr,T. Retzalff Nunes,PR,,Goias,4-3-3,2019-10-27,4.0,Estádio Joaquim Américo Guimarães,N. Da Silveira Júnior,28
Empate,RJ,1.0,21:50,,4363,Goias,,GO,,Flamengo,,2013-08-14,1.0,Serra Dourada,,14
Empate,RJ,3.0,16:00,,1353,Corinthians,,SP,,Botafogo-Rj,,2005-08-28,3.0,Pacaembu,,23
Criciuma,SC,2.0,19:02,4-2-3-1,8455,Gremio,Renato Gaúcho,RS,,Criciuma,4-1-4-1,2024-09-25,1.0,Arena Do Grêmio,C. Tencati,5
Sao Paulo,CE,0.0,16:02,4-1-4-1,6652,Sao Paulo,A. Stival,SP,,Ceara,4-2-3-1,2019-08-18,1.0,Morumbi,E. Alves Moreira,15
Internacional,PR,1.0,16:00,,1101,Internacional,,RS,,Parana,,2004-12-19,2.0,Beira Rio,,46
Empate,RS,1.0,20:30,4-1-4-1,7332,America-Mg,V. Carmo Mancini,MG,,Internacional,4-3-3,2021-06-27,1.0,Estádio Raimundo Sampaio,D. Aguirre Camblor,7
Empate,RJ,1.0,20:00,4-2-3-1,7615,Sport,G. Florentín,PE,,Flamengo,4-2-2-2,2021-12-03,1.0,Arena De Pernambuco,M. Souza,35
Paysandu,GO,2.0,16:00,,988,Paysandu,,PA,,Goias,,2004-10-23,4.0,Mangueirão,,37
Avai,BA,0.0,21:00,,2854,Avai,,SC,,Vitoria,,2009-07-30,4.0,Ressacada,,15
Coritiba,RJ,2.0,16:00,,1253,Coritiba,,PR,,Flamengo,,2005-07-24,3.0,Couto Pereira,,14
Empate,SC,1.0,21:00,,3180,Flamengo,,RJ,,Avai,,2010-07-21,1.0,Maracanã,,10
Juventude,SC,1.0,20:30,,483,Juventude,,RS,,Criciuma,,2003-11-05,3.0,Alfredo Jaconi,,41
Fluminense,SP,0.0,16:00,,3041,Fluminense,,RJ,,Palmeiras,,2009-11-08,1.0,Maracanã,,34
Chapecoense,SP,0.0,16:00,4-3-1-2,5011,Chapecoense,V. Eutrópio,SC,,Santos,4-2-3-1,2015-05-24,1.0,Arena Condá,M. Fernandes,3
Empate,RS,1.0,17:00,4-1-4-1,7006,Gremio,Renato Gaúcho,RS,,Internacional,4-1-3-2,2020-10-03,1.0,Arena Do Grêmio,,13
Internacional,SP,0.0,18:30,,3276,Internacional,,RS,,Gremio Prudente,,2010-09-05,2.0,Beira Rio,,19
Sport,PE,2.0,19:00,4-1-4-1,7230,Internacional,A. Da Silva Braga,RS,,Sport,3-4-2-1,2021-02-10,1.0,Estádio José Pinheiro Borda,J. Ribeiro Ventura,35
Corinthians,RJ,1.0,21:50,,3686,Corinthians,,SP,,Flamengo,,2011-09-08,2.0,Pacaembu,,22
Empate,CE,2.0,11:01,4-1-4-1,6677,Corinthians,F. Carille,SP,,Ceara,4-2-3-1,2019-09-07,2.0,Neo Química Arena,E. Alves Moreira,18
Atletico-Mg,GO,0.0,20:00,4-1-4-1,6807,Atletico-Mg,V. Carmo Mancini,MG,,Goias,4-2-3-1,2019-11-06,2.0,Mineirão,N. Da Silveira Júnior,31
Atletico-Mg,RS,1.0,16:00,,1325,Atletico-Mg,,MG,,Juventude,,2005-08-20,,Mineirão,,21
Gremio Prudente,SP,2.0,18:30,,3227,Goias,,GO,,Gremio Prudente,,2010-08-21,1.0,Serra Dourada,,15
Empate,SP,0.0,18:10,,1073,Goias,,GO,,Palmeiras,,2004-04-12,0.0,Serra Dourada,,44
Criciuma,GO,0.0,18:29,,4826,Criciuma,G. Dal Pozzo,SC,,Goias,,2014-09-14,1.0,Estádio Heriberto Hülse,S. Drubscky De Campos,21
Palmeiras,RJ,0.0,16:06,4-3-3,5753,Palmeiras,A. Stival,SP,,Vasco,4-2-3-1,2017-05-14,4.0,Allianz Parque,M. Mendes,1
Empate,RJ,1.0,21:30,3-4-2-1,9146,Atletico-Mg,J. Sampaoli,MG,850004.51,Flamengo,4-2-3-1,2025-11-25,1.0,"Arena Mrv, Belo Horizonte",F. Luís,36
Empate,SP,0.0,18:32,,4617,Coritiba,C. Juarez Roth,PR,,Santos,,2014-04-26,0.0,Couto Pereira,O. De Oliveira Filho,2
Gremio Prudente,MG,0.0,18:30,,3098,Gremio Prudente,,SP,,Atletico-Mg,,2010-05-15,4.0,Prudentão,,2
Empate,CE,0.0,21:30,,6870,Fluminense,,RJ,,Fortaleza,4-2-3-1,2019-12-04,0.0,Maracanã,R. Ceni,37
Empate,SP,0.0,21:45,,1307,Internacional,,RS,,Corinthians,,2005-08-10,0.0,Beira Rio,,19
Empate,SP,1.0,19:00,4-3-3,7287,Palmeiras,A. Moreira Ferreira,SP,,Corinthians,4-1-4-1,2021-06-12,1.0,Allianz Parque,S. Campos Junior,3
Empate,PR,0.0,21:00,4-2-3-1,6288,Corinthians,O. Loss,SP,,Athletico-Pr,,2018-04-08,0.0,Neo Química Arena,T. Retzalff Nunes,17
Palmeiras,SP,3.0,20:01,4-2-3-1,5496,Sport,O. De Oliveira Filho,PE,,Palmeiras,4-3-3,2016-07-04,1.0,Adelmar Da Costa Carvalho,A. Stival,13
Empate,RJ,2.0,16:00,4-2-3-1,5293,Sao Paulo,D. Ghidoni Junior,SP,,Vasco,4-2-3-1,2015-10-18,,Morumbi,J. De Amorim Campos,31
Sao Paulo,RS,0.0,16:00,,1801,Sao Paulo,,SP,,Internacional,,2006-09-17,2.0,Morumbi,,24
Empate,PE,0.0,22:01,4-3-1-2,5202,Coritiba,N. Da Silveira Júnior,PR,,Sport,4-2-3-1,2015-09-02,0.0,Couto Pereira,E. Baptista,22
America-Mg,SP,1.0,16:00,3-5-2,8231,America-Mg,F. Bustos,MG,,Sao Paulo,4-2-3-1,2023-08-27,2.0,Estádio Raimundo Sampaio,D. Silvestre Júnior,21
Corinthians,RS,1.0,16:30,4-2-3-1,5050,Corinthians,A. Bacchi,SP,,Internacional,4-2-2-2,2015-06-13,2.0,Neo Química Arena,D. Aguirre Camblor,7
Empate,BA,1.0,17:01,4-1-4-1,6440,Parana,L. Cavalcanti,PR,,Vitoria,4-1-4-1,2018-11-04,10.0,Vila Capanema,P. Carpegiani,32
Empate,BA,0.0,16:00,4-2-3-1,8106,Fortaleza,J. Vojvoda,CE,,Bahia,3-5-2,2023-03-06,0.0,Arena Castelão,R. Alves Paiva,9
Empate,SP,0.0,16:00,,2360,Santos,,SP,,Sao Paulo,,2008-06-01,0.0,Vila Belmiro,,4
Ceara,PR,1.0,19:00,4-2-3-1,7058,Ceara,A. Ferreira,CE,,Coritiba,4-2-3-1,2020-10-24,2.0,Arena Castelão,J. De Amorim Campos,18
Athletico-Pr,MG,4.0,16:00,,1292,Athletico-Pr,,PR,,Cruzeiro,,2005-08-06,5.0,Arena Da Baixada,,18
Bragantino,MG,0.0,19:00,4-2-3-1,9116,Bragantino,V. Mancini,SP,135710.0,Atletico-Mg,3-4-2-1,2025-11-16,2.0,"Estádio Municipal Cicero De Souza Marques, Bragança Paulista",,37
Empate,RS,0.0,21:00,,4448,Vitoria,,BA,,Gremio,,2013-09-21,0.0,Barradão,,23
Atletico-Mg,MG,1.0,16:00,,2151,Nautico,,PE,,Atletico-Mg,,2007-08-19,0.0,Aflitos,,20
Fortaleza,CE,3.0,19:31,4-3-3,6787,Avai,E. Spinassé Camillato,SC,,Fortaleza,4-4-2,2019-10-30,1.0,Ressacada,R. Ceni,29
Palmeiras,SP,1.0,21:30,4-2-3-1,8505,Palmeiras,A. Moreira Ferreira,SP,,Bragantino,,2024-06-20,2.0,Allianz Parque,P. Malta,10
Botafogo-Rj,RJ,5.0,20:30,4-2-3-1,8969,Fortaleza,Renato Manuel Alves Paiva,CE,577377.0,Botafogo-Rj,4-2-3-1,2025-08-09,0.0,"Arena Castelão, Fortaleza",Davide Ancelotti,19
Bahia,PR,0.0,20:30,4-1-2-1-2,6899,Bahia,,BA,,Coritiba,4-2-3-1,2020-08-12,1.0,Estádio De Pituaçu,E. De Souza Barroca,2
Cruzeiro,SP,1.0,16:00,,8567,Cruzeiro,F. Seabra,MG,,Bragantino,4-2-3-1,2024-07-13,2.0,Estádio Independência,P. Faria Caixinha,17
Empate,CE,1.0,18:16,4-3-3,7154,Santos,A. Stival,SP,,Ceara,4-2-3-1,2020-12-27,1.0,Estádio Urbano Caldeira,A. Ferreira,27
Goias,BA,0.0,20:30,,964,Goias,,GO,,Vitoria,,2004-10-06,4.0,Serra Dourada,,35
Empate,SP,1.0,17:00,4-1-4-1,6024,Ponte Preta,,SP,,Santos,4-2-3-1,2017-10-12,1.0,Moisés Lucarelli,L. Culpi,27
Atletico-Mg,SP,0.0,16:01,,4703,Atletico-Mg,L. Culpi,MG,,Sao Paulo,,2014-10-12,1.0,Estádio Raimundo Sampaio,M. Ramalho,28
Coritiba,PR,2.0,16:00,,140,Goias,,GO,,Coritiba,,2003-06-08,1.0,Serra Dourada,,12
Gremio,BA,1.0,11:00,4-2-3-1,9030,Gremio,L. Castro,RS,2386302.0,Vitoria,3-4-2-1,2025-09-28,3.0,"Arena Do Grêmio, Porto Alegre",J. Ventura,25
Sao Paulo,SP,1.0,11:00,,6950,Sao Paulo,F. Diniz Silva,SP,,Corinthians,4-2-3-1,2020-08-30,2.0,Morumbi,T. Retzalff Nunes,6
Athletico-Pr,BA,0.0,19:00,4-1-4-1,6544,Athletico-Pr,T. Retzalff Nunes,PR,,Bahia,,2019-05-12,1.0,Estádio Joaquim Américo Guimarães,R. Machado Marques,4
Empate,RJ,2.0,22:01,4-3-3,5244,Cruzeiro,L. Venker De Menezes,MG,,Vasco,4-2-3-1,2015-09-16,2.0,Mineirão,J. De Amorim Campos,26
Vitoria,PE,1.0,18:30,,4434,Vitoria,,BA,,Nautico,,2013-09-15,2.0,Barradão,,21
Parana,PR,3.0,18:00,,407,Flamengo,,RJ,,Parana,,2003-10-05,0.0,Maracanã,,34
Athletico-Pr,MT,0.0,20:00,4-2-3-1,8215,Athletico-Pr,W. Carvalho,PR,,Cuiaba,4-3-3,2023-08-15,2.0,Ligga Arena,A. Cardoso De Oliveira,19
Bahia,BA,5.0,21:02,4-2-3-1,8366,Corinthians,L. Venker De Menezes,SP,,Bahia,4-2-3-1,2023-11-24,1.0,Neo Química Arena,R. Ceni,35
Fortaleza,CE,2.0,18:30,4-3-3,8628,Bragantino,P. Faria Caixinha,SP,,Fortaleza,4-2-3-1,2024-08-17,1.0,Nabizão,J. Vojvoda,23
Empate,MG,1.0,16:00,4-3-3,8237,Athletico-Pr,,PR,,Atletico-Mg,4-2-3-1,2023-09-02,1.0,Ligga Arena,L. Scolari,22
Cruzeiro,MG,3.0,21:50,,4403,Bahia,,BA,,Cruzeiro,,2013-09-04,1.0,Fonte Nova,,18
Vasco,PE,1.0,16:01,,5252,Vasco,J. De Amorim Campos,RJ,,Sport,4-1-4-1,2015-09-20,2.0,Maracanã,D. Pollo Barioni,27
Atletico-Mg,MG,3.0,18:00,,12,Corinthians,,SP,,Atletico-Mg,,2003-03-30,0.0,Pacaembu,,1
Empate,SC,0.0,20:58,,4771,Bahia,G. Kleina,BA,,Criciuma,,2014-08-20,0.0,Itaipava Arena Fonte Nova,W. Lopes,16
Corinthians,RJ,2.0,16:00,,1179,Corinthians,,SP,,Flamengo,,2005-06-12,4.0,Wilson De Barros*(Pf),,7
Gremio,MG,1.0,18:30,,2864,Gremio,,RS,,Cruzeiro,,2009-08-02,4.0,Olímpico,,16
Botafogo-Rj,RS,0.0,17:01,4-2-3-1,6472,Botafogo-Rj,J. Mannarino,RJ,,Internacional,4-1-4-1,2018-11-18,1.0,Estádio Nilton Santos,O. Hellmann,35
Gremio,MG,0.0,15:59,4-2-3-1,6232,Gremio,Renato Gaúcho,RS,,America-Mg,4-2-3-1,2018-06-10,1.0,Arena Do Grêmio,E. Alves Moreira,11
Empate,PR,1.0,18:30,,2990,Internacional,,RS,,Athletico-Pr,,2009-10-10,1.0,Beira Rio,,29
Empate,SP,0.0,21:01,4-3-3,7121,Coritiba,R. Marques Santana,PR,,Bragantino,4-2-3-1,2020-12-05,0.0,Couto Pereira,M. Nogueira Barbieri,24
Empate,SP,1.0,18:59,4-4-2,7016,Corinthians,Coelho,SP,,Santos,4-4-2,2020-10-07,1.0,Neo Química Arena,A. Stival,14
Athletico-Pr,PR,2.0,18:30,4-3-3,8553,Atletico-Go,A. Gomes,GO,,Athletico-Pr,4-2-3-1,2024-07-07,1.0,Estádio Antônio Accioly - Atlético Goianiense,J. Antonello,15
Athletico-Pr,PR,1.0,18:30,,2879,Botafogo-Rj,,RJ,,Athletico-Pr,,2009-08-08,0.0,Engenhão,,18
Empate,BA,2.0,16:04,4-4-2,8779,Flamengo,F. Luís,RJ,,Vitoria,4-3-3,2024-12-08,2.0,Maracanã,T. Carpini Barbosa,38
Fluminense,SP,2.0,18:00,,3729,Fluminense,,RJ,,Santos,,2011-10-01,3.0,Engenhão,,27
Corinthians,SP,1.0,18:30,,2773,Corinthians,,SP,,Sao Paulo,,2009-06-21,3.0,Pacaembu,,7
Empate,CE,1.0,20:30,,456,Vasco,,RJ,,Fortaleza,,2003-10-23,1.0,Vivaldo Lima,,38
Empate,BA,0.0,11:02,4-2-3-1,8192,Sao Paulo,L. Silvestre,SP,,Bahia,4-2-3-1,2023-07-30,0.0,Morumbi,R. Alves Paiva,17
Botafogo-Rj,RJ,2.0,18:10,,1378,Atletico-Mg,,MG,,Botafogo-Rj,,2005-09-11,0.0,Independência*(Pf),,25
Botafogo-Rj,RJ,1.0,20:30,,3715,Gremio,,RS,,Botafogo-Rj,,2011-09-22,0.0,Olímpico,,25
Athletico-Pr,RJ,0.0,16:40,4-2-3-1,6570,Athletico-Pr,T. Retzalff Nunes,PR,,Fluminense,4-3-3,2019-02-06,3.0,Estádio Joaquim Américo Guimarães,F. Diniz Silva,7
Empate,MG,1.0,20:30,,1400,Corinthians,,SP,,Atletico-Mg,,2005-09-22,1.0,Pacaembu,,27
Guarani,SP,3.0,20:30,,1001,Internacional,,RS,,Guarani,,2004-10-27,1.0,Beira Rio,,38
Empate,SP,1.0,21:32,4-2-3-1,7761,Athletico-Pr,L. Scolari,PR,,Corinthians,4-2-3-1,2022-06-15,1.0,Estádio Joaquim Américo Guimarães,V. De Oliveira Lopes Pereira,12
Atletico-Mg,MG,0.0,18:30,,3556,Atletico-Mg,,MG,,America-Mg,,2011-07-10,2.0,Arena Do Jacaré,,9
Empate,SP,1.0,16:00,,4115,Coritiba,,PR,,Sao Paulo,,2012-09-30,1.0,Couto Pereira,,27
Empate,CE,0.0,19:30,,1668,Athletico-Pr,,PR,,Fortaleza,,2006-07-12,0.0,Kyocera Arena,,11
Cruzeiro,GO,0.0,18:30,,3174,Cruzeiro,,MG,,Goias,,2010-07-18,1.0,Arena Do Jacaré,,9
Goias,PR,1.0,20:30,,490,Goias,,GO,,Athletico-Pr,,2003-06-11,4.0,Serra Dourada,,41
Athletico-Pr,RJ,0.0,16:00,,3232,Athletico-Pr,,PR,,Flamengo,,2010-08-22,1.0,Arena Da Baixada,,15
Palmeiras,SP,0.0,17:00,,3829,Palmeiras,,SP,,Sao Paulo,,2011-11-27,1.0,Pacaembu,,37
Corinthians,RJ,1.0,16:01,3-4-2-1,8650,Corinthians,R. Díaz,SP,,Flamengo,4-2-3-1,2024-09-01,2.0,Neo Quã­Mica Arena,,25
Empate,SC,0.0,21:01,4-2-3-1,5209,Athletico-Pr,M. Mendes,PR,,Joinville,4-2-3-1,2015-09-05,0.0,Estádio Joaquim Américo Guimarães,P. Lopes De Gusmão,23
Empate,SP,1.0,19:01,4-3-3,7848,Avai,E. De Souza Barroca,SC,,Corinthians,4-2-3-1,2022-08-06,1.0,Ressacada,V. De Oliveira Lopes Pereira,21
Chapecoense,SC,0.0,19:31,4-1-4-1,5705,Chapecoense,L. Saroli Caio Júnior,SC,,Figueirense,4-1-4-1,2016-11-06,1.0,Arena Condá,M. Dos Santos Gonçalves,34
Internacional,RS,1.0,20:02,3-1-4-2,8132,Coritiba,A. Zago,PR,,Internacional,4-2-3-1,2023-06-22,0.0,Couto Pereira,L. Venker De Menezes,11
Palmeiras,RS,1.0,20:30,,704,Palmeiras,,SP,,Juventude,,2004-07-07,4.0,Parque Antártica,,13
Cruzeiro,MG,2.0,20:31,,8883,Fortaleza,T. Carpini,CE,159553.0,Cruzeiro,4-2-3-1,2025-05-25,0.0,"Arena Castelão, Fortaleza",T. Tite,10
Guarani,PR,0.0,18:30,,3294,Guarani,,SP,,Athletico-Pr,,2010-09-12,1.0,Brinco De Ouro,,21
Fortaleza,CE,1.0,19:00,4-3-3,8126,Cruzeiro,P. Marques Da Costa Filipe,MG,,Fortaleza,4-4-2,2023-06-21,0.0,Mineirão,J. Vojvoda,11
Sport,SP,0.0,17:30,4-3-3,9022,Sport,C. De Lucena,PE,1776835.0,Corinthians,3-5-2,2025-09-21,1.0,"Adelmar Da Costa Carvalho, Recife",D. Junior,24
Cruzeiro,RJ,0.0,21:50,,4443,Cruzeiro,,MG,,Botafogo-Rj,,2013-09-18,3.0,Mineirão,,22
Juventude,RS,3.0,16:00,,987,Coritiba,,PR,,Juventude,,2004-10-23,2.0,Couto Pereira,,37
Flamengo,RJ,3.0,19:31,4-2-3-1,9057,Botafogo-Rj,Davide Ancelotti,RJ,888810.0,Flamengo,4-2-3-1,2025-10-15,0.0,"Estádio Nilton Santos, Rio De Janeiro",Filipe Luis Kasmirski,28
Atletico-Go,PR,0.0,16:30,4-2-3-1,7697,Atletico-Go,J. De Amorim Campos,GO,,Coritiba,4-2-3-1,2022-05-21,2.0,Estádio Antônio Accioly,G. Morínigo,7
Vasco,RS,0.0,16:00,4-2-3-1,6258,Vasco,J. De Amorim Campos,RJ,,Gremio,4-2-3-1,2018-07-22,1.0,Estádio Vasco Da Gama,Renato Gaúcho,14
Corinthians,RJ,1.0,21:45,4-2-3-1,6090,Corinthians,F. Carille,SP,,Fluminense,4-3-3,2017-11-15,3.0,Neo Química Arena,A. Da Silva Braga,35
Palmeiras,SP,4.0,19:30,4-2-3-1,5238,Fluminense,E. Alves Moreira,RJ,,Palmeiras,4-2-3-1,2015-09-16,1.0,Maracanã,M. De Oliveira Santos,26
Goias,PR,1.0,16:00,,1200,Goias,,GO,,Coritiba,,2005-06-26,2.0,Serra Dourada,,9
Fluminense,RS,0.0,21:30,4-2-3-1,9065,Fluminense,L. Luis Zubeldia,RJ,600676.0,Juventude,4-2-3-1,2025-10-16,1.0,"Maracanã, Rio De Janeiro",M. Barbieri,28
Fluminense,RJ,1.0,16:00,3-4-2-1,7528,Athletico-Pr,A. Valentim Do Carmo Neto,PR,,Fluminense,4-2-3-1,2021-10-17,0.0,Estádio Joaquim Américo Guimarães,M. De Oliveira,27
Fluminense,RJ,2.0,19:35,4-3-3,6813,Sao Paulo,F. Diniz Silva,SP,,Fluminense,4-4-1-1,2019-11-07,0.0,Morumbi,M. De Oliveira,31
Santos,RJ,1.0,15:59,4-2-3-1,7180,Santos,A. Stival,SP,,Botafogo-Rj,4-2-3-1,2021-01-17,2.0,Estádio Urbano Caldeira,E. De Souza Barroca,30
Vitoria,GO,1.0,21:00,,4472,Vitoria,,BA,,Goias,,2013-10-02,2.0,Fonte Nova,,25
Empate,RS,1.0,20:30,,892,Atletico-Mg,,MG,,Juventude,,2004-09-08,1.0,Mineirão,,29
Empate,SP,0.0,16:00,,1970,Sao Paulo,,SP,,Palmeiras,,2007-05-27,0.0,Morumbi,,3
Chapecoense,SP,0.0,19:01,4-1-4-1,5758,Chapecoense,V. Carmo Mancini,SC,,Palmeiras,4-3-3,2017-05-20,1.0,Arena Condá,A. Stival,2
Atletico-Mg,MG,2.0,21:01,4-2-3-1,6528,Ceara,,CE,,Atletico-Mg,4-2-3-1,2019-05-04,1.0,Arena Castelão,R. Marques Santana,3
Bahia,MG,0.0,19:00,4-2-3-1,6307,Bahia,E. Alves Moreira,BA,,America-Mg,3-5-2,2018-08-11,1.0,Itaipava Arena Fonte Nova,A. Batista,18
Fortaleza,SP,0.0,19:02,,7548,Fortaleza,J. Vojvoda,CE,,Palmeiras,4-1-4-1,2021-11-20,1.0,Arena Castelão,A. Moreira Ferreira,34
Corinthians,BA,1.0,16:00,,3251,Corinthians,,SP,,Vitoria,,2010-08-29,2.0,Pacaembu,,17
Empate,SP,0.0,11:00,4-3-3,6640,Internacional,,RS,,Corinthians,4-1-4-1,2019-11-08,0.0,Estádio José Pinheiro Borda,F. Carille,14
Santos,PR,1.0,19:28,4-1-4-1,7356,Santos,E. Zuma,SP,,Athletico-Pr,3-4-2-1,2021-06-07,2.0,Estádio Urbano Caldeira,A. Cardoso De Oliveira,10
Gremio,RS,4.0,16:04,5-4-1,9161,Sport,C. De Lucena,PE,88755.0,Gremio,4-2-3-1,2025-12-07,0.0,"Adelmar Da Costa Carvalho, Recife",L. Castro,38
Internacional,BA,0.0,16:00,4-2-3-1,7480,Internacional,D. Aguirre Camblor,RS,,Bahia,4-4-2,2021-09-26,2.0,Estádio José Pinheiro Borda,D. Dabove,22
Empate,SC,0.0,20:00,4-2-3-1,6048,Athletico-Pr,F. Soares Pessoa,PR,,Chapecoense,NAN,2017-10-28,0.0,Estádio Joaquim Américo Guimarães,,31
Palmeiras,SP,4.0,21:45,,1243,Figueirense,,SC,,Palmeiras,,2005-07-20,1.0,Orlando Scarpelli,,13
Empate,MG,2.0,16:00,,2290,Santos,,SP,,Atletico-Mg,,2007-11-04,2.0,Vila Belmiro,,35
Santos,SP,1.0,16:00,,2741,Santos,,SP,,Corinthians,,2009-05-31,3.0,Vila Belmiro,,4
Empate,RJ,1.0,20:30,,4586,Sao Paulo,,SP,,Botafogo-Rj,,2013-11-24,10.0,Morumbi,,36
Botafogo-Rj,RJ,3.0,16:00,,1232,Coritiba,,PR,,Botafogo-Rj,,2005-07-17,0.0,Couto Pereira,,12
Corinthians,BA,2.0,21:32,4-2-3-1,6937,Corinthians,Coelho,SP,,Bahia,4-2-3-1,2020-09-16,3.0,Neo Química Arena,L. Venker De Menezes,11
Vitoria,SP,2.0,16:00,,4293,Vitoria,,BA,,Sao Paulo,,2013-07-14,3.0,Barradão,,7
Empate,SP,0.0,19:01,4-1-4-1,6264,Chapecoense,G. Kleina,SC,,Santos,4-2-3-1,2018-07-22,0.0,Arena Condá,J. Ribeiro Ventura,14
Empate,MG,3.0,21:40,,282,Santos,,SP,,Atletico-Mg,,2003-08-06,3.0,Vila Belmiro,,24
Empate,PR,1.0,20:30,,969,Palmeiras,,SP,,Parana,,2004-10-07,1.0,Parque Antã¡Rtica,,35
Fluminense,RJ,2.0,18:30,,3954,Ponte Preta,,SP,,Fluminense,,2012-07-22,1.0,Moisés Lucarelli,,11
Empate,SP,0.0,16:00,,1940,Parana,,PR,,Sao Paulo,,2006-12-03,0.0,Durival De Brito,,38
Cruzeiro,MG,1.0,16:02,4-2-3-1,8458,Atletico-Go,,GO,,Cruzeiro,4-3-3,2024-05-12,0.0,Estádio Antônio Accioly - Atlético Goianiense,F. Seabra,6
Empate,PR,1.0,18:10,,1279,Palmeiras,,SP,,Athletico-Pr,,2005-07-31,1.0,Pacaembu*(Pf),,16
Empate,RJ,2.0,18:00,,621,Gremio,,RS,,Botafogo-Rj,,2004-05-16,2.0,Olímpico,,6
Juventude,RJ,0.0,20:04,4-2-3-1,8499,Juventude,R. Machado Marques,RS,,Vasco,4-2-3-1,2024-06-19,2.0,Alfredo Jaconi,,10
Empate,SP,1.0,18:10,,1745,Internacional,,RS,,Palmeiras,,2006-08-20,1.0,Beira Rio,,18
Sao Paulo,PA,1.0,16:00,,1402,Sao Paulo,,SP,,Paysandu,,2005-09-24,4.0,Morumbi,,28
Empate,RJ,1.0,18:10,,2215,Flamengo,,RJ,,Vasco,,2007-09-16,1.0,Maracanã,,26
Empate,SC,0.0,18:30,,3580,America-Mg,,MG,,Figueirense,,2011-07-23,0.0,Arena Do Jacaré,,11
Atletico-Mg,RS,3.0,17:05,4-2-3-1,6116,Atletico-Mg,O. De Oliveira Filho,MG,,Gremio,4-2-3-1,2017-03-12,4.0,Estádio Raimundo Sampaio,C. Bueno,38
Coritiba,PR,4.0,18:01,4-2-3-1,6053,Sport,D. Pollo Barioni,PE,,Coritiba,4-2-3-1,2017-10-29,3.0,Adelmar Da Costa Carvalho,M. De Oliveira Santos,31
Empate,GO,2.0,19:30,,3179,Vitoria,,BA,,Goias,,2010-07-21,2.0,Barradão,,10
Athletico-Pr,PR,2.0,16:00,,3193,Goias,,GO,,Athletico-Pr,,2010-07-25,0.0,Serra Dourada,,11
Sport,BA,0.0,17:02,4-2-3-1,6096,Sport,D. Pollo Barioni,PE,,Bahia,4-2-3-1,2017-11-19,1.0,Adelmar Da Costa Carvalho,P. Carpegiani,36
Internacional,PR,1.0,20:30,4-1-3-2,7035,Internacional,E. Coudet,RS,,Athletico-Pr,4-2-3-1,2020-10-11,2.0,Estádio José Pinheiro Borda,E. De Barros,15
Santos,RJ,0.0,18:00,,576,Santos,,SP,,Botafogo-Rj,,2004-04-25,2.0,Vila Belmiro,,2
Gremio,PR,1.0,17:00,4-2-3-1,6657,Gremio,Renato Gaúcho,RS,,Athletico-Pr,4-1-4-1,2019-08-24,2.0,Arena Do Grêmio,T. Retzalff Nunes,16
Fluminense,PR,1.0,19:00,4-2-2-2,7119,Fluminense,O. Hellmann,RJ,,Athletico-Pr,4-4-2,2020-12-05,3.0,Maracanã,P. Autuori De Mello,24
Empate,RJ,0.0,16:01,4-2-3-1,8792,Palmeiras,A. Ferreira,SP,2802427.7,Botafogo-Rj,4-3-3,2025-03-30,0.0,"Allianz Parque, São Paulo",Renato Manuel Alves Paiva,1
Flamengo,PE,1.0,16:00,4-1-4-1,6279,Flamengo,M. Nogueira Barbieri,RJ,,Sport,4-2-3-1,2018-07-29,4.0,Maracanã,C. Dos Santos Oliveira,16
Santos,BA,0.0,11:00,4-2-3-1,5898,Santos,L. Culpi,SP,,Bahia,4-2-3-1,2017-07-23,3.0,Estádio Municipal Paulo Machado De Carvalho,J. De Amorim Campos,16
Empate,MG,3.0,19:31,4-1-4-1,5725,Santa Cruz,A. Felix Teixeira,PE,,Atletico-Mg,4-2-3-1,2016-11-20,3.0,Estádio Do Arruda,M. De Oliveira Santos,36
Empate,SP,1.0,16:00,,270,Parana,,PR,,Corinthians,,2003-08-03,1.0,Arena Da Baixada,,23
Sao Caetano,RJ,2.0,16:00,,631,Sao Caetano,,SP,,Vasco,,2004-05-23,3.0,Anacleto Campanella,,7
Internacional,SP,1.0,17:00,,3082,Internacional,,RS,,Santo Andre,,2009-12-06,,Beira Rio,,38
Atletico-Mg,PR,0.0,18:30,,3467,Atletico-Mg,,MG,,Athletico-Pr,,2011-05-21,3.0,Arena Do Jacaré,,1
Empate,SP,1.0,19:00,4-2-3-1,6432,Flamengo,D. Silvestre Júnior,RJ,,Palmeiras,4-2-3-1,2018-10-27,1.0,Maracanã,L. Scolari,31
Sport,PR,0.0,16:01,4-4-2,7071,Sport,J. Ribeiro Ventura,PE,,Athletico-Pr,,2020-11-01,1.0,Adelmar Da Costa Carvalho,,19
Cruzeiro,RS,2.0,21:01,4-2-3-1,5544,Cruzeiro,L. Venker De Menezes,MG,,Internacional,4-2-3-1,2016-04-08,4.0,Estádio Raimundo Sampaio,Falcao,18
Empate,SP,1.0,21:00,,4361,Coritiba,,PR,,Portuguesa,,2013-08-14,1.0,Couto Pereira,,14
Nautico,SC,2.0,20:30,,2129,Nautico,,PE,,Figueirense,,2007-08-08,4.0,Aflitos,,18
Bahia,SP,0.0,16:00,4-2-3-1,8223,Bahia,R. Alves Paiva,BA,,Bragantino,4-2-3-1,2023-08-20,4.0,Itaipava Arena Fonte Nova,P. Faria Caixinha,20
Palmeiras,PR,0.0,18:30,,3218,Palmeiras,,SP,,Athletico-Pr,,2010-08-14,2.0,Pacaembu,,14
Empate,SC,0.0,20:30,,3815,Flamengo,,RJ,,Figueirense,,2011-11-17,0.0,Engenhão,,35
Cuiaba,MT,1.0,20:01,4-2-3-1,8323,Botafogo-Rj,L. Flávio,RJ,,Cuiaba,4-3-3,2023-10-29,0.0,Estádio Nilton Santos,A. Cardoso De Oliveira,30
Empate,RJ,2.0,19:34,,8587,Sao Paulo,,SP,,Botafogo-Rj,4-2-3-1,2024-07-24,2.0,Morumbis,,19
Empate,PR,0.0,20:30,,2279,Atletico-Mg,,MG,,Parana,,2007-10-31,0.0,Mineirão,,34
Athletico-Pr,RJ,1.0,18:00,,4600,Athletico-Pr,,PR,,Vasco,,2013-12-08,5.0,Arena Joinville,,38
Empate,SP,0.0,16:00,,14,Atletico-Mg,,MG,,Santos,,2003-04-05,0.0,Mineirão,,2
Internacional,DF,0.0,20:30,,1526,Internacional,,RS,,Brasiliense,,2005-11-16,1.0,Beira Rio,,39
Flamengo,RJ,1.0,18:10,,2366,Fluminense,,RJ,,Flamengo,,2008-01-06,0.0,Maracanã,,4
Sao Paulo,SP,2.0,15:58,,4651,Flamengo,N. Da Silveira Júnior,RJ,,Sao Paulo,,2014-05-18,0.0,Maracanã,M. Ramalho,5
Fortaleza,CE,1.0,20:30,,375,Goias,,GO,,Fortaleza,,2003-09-24,0.0,Serra Dourada,,32
Botafogo-Rj,SP,1.0,19:00,4-2-3-1,8516,Botafogo-Rj,A. Torres Gomes Araújo Amorim,RJ,,Bragantino,3-4-3,2024-06-26,2.0,Estádio Nilton Santos,P. Faria Caixinha,12
Athletico-Pr,SP,0.0,21:45,4-2-3-1,6478,Athletico-Pr,T. Retzalff Nunes,PR,,Corinthians,4-2-3-1,2018-11-21,1.0,Estádio Joaquim Américo Guimarães,J. Ribeiro Ventura,36
Vitoria,PR,0.0,17:00,,525,Vitoria,,BA,,Coritiba,,2003-11-30,1.0,Barradão,,44
Atletico-Go,RJ,0.0,20:31,4-2-3-1,6900,Atletico-Go,V. Carmo Mancini,GO,,Flamengo,4-2-3-1,2020-08-12,3.0,Estádio Olímpico Pedro Ludovico Teixeira,D. Torrent Font,2
Coritiba,PR,3.0,18:30,,3595,America-Mg,,MG,,Coritiba,,2011-07-31,1.0,Arena Do Jacaré,,13
Empate,RJ,1.0,19:00,4-1-4-1,7905,Goias,J. Ribeiro Ventura,GO,,Flamengo,4-3-3,2022-09-11,1.0,Estádio Da Serrinha,D. Silvestre Júnior,26
Empate,RJ,0.0,16:00,,2959,Internacional,,RS,,Flamengo,,2009-09-27,0.0,Beira Rio,,26
Empate,RJ,1.0,18:00,,3717,Athletico-Pr,,PR,,Fluminense,,2011-09-24,1.0,Arena Da Baixada,,26
Fluminense,GO,0.0,18:27,,4745,Fluminense,C. Borges Dos Santos,RJ,,Goias,,2014-08-03,2.0,Maracanã,S. Drubscky De Campos,13
Figueirense,PR,0.0,16:00,,1406,Figueirense,,SC,,Athletico-Pr,,2005-09-25,2.0,Orlando Scarpelli,,28
Vitoria,SP,0.0,15:59,4-2-3-1,5632,Vitoria,A. Fucks,BA,,Sao Paulo,4-2-3-1,2016-09-25,2.0,Barradã£O,R. Gomes Raymundo,27
Ceara,CE,2.0,20:00,4-3-3,6565,Avai,E. Machado Souto,SC,,Ceara,4-4-2,2019-05-27,1.0,Ressacada,E. Alves Moreira,6
Corinthians,RS,1.0,19:37,,4713,Corinthians,,SP,,Internacional,,2014-07-17,2.0,Neo Química Arena,A. Da Silva Braga,10
Parana,RJ,1.0,16:00,,1713,Parana,,PR,,Vasco,,2006-08-06,2.0,Pinheirão,,15
Cruzeiro,SP,0.0,18:00,,956,Cruzeiro,,MG,,Ponte Preta,,2004-10-02,5.0,Mineirão,,34
Bahia,BA,2.0,11:02,4-2-3-1,6676,Vasco,V. Luxemburgo Da Silva,RJ,,Bahia,4-3-3,2019-09-07,0.0,Estádio Vasco Da Gama,R. Machado Marques,18
Empate,BA,1.0,17:00,,3454,Internacional,,RS,,Vitoria,,2010-11-28,1.0,Beira Rio,,37
Sao Paulo,SP,2.0,16:00,,2083,Cruzeiro,,MG,,Sao Paulo,,2007-07-22,1.0,Mineirão,,13
Palmeiras,CE,1.0,16:01,4-2-3-1,6422,Palmeiras,L. Scolari,SP,,Ceara,4-2-3-1,2018-10-21,2.0,Estádio Municipal Paulo Machado De Carvalho,L. Cirne Lima De Lorenzi,30
Atletico-Mg,RS,2.0,16:00,,159,Atletico-Mg,,MG,,Gremio,,2003-06-21,3.0,Mineirão,,14
Empate,SP,1.0,16:00,4-2-3-1,7010,Coritiba,J. De Amorim Campos,PR,,Sao Paulo,4-4-2,2020-10-04,1.0,Couto Pereira,F. Diniz Silva,13
Vitoria,RJ,0.0,16:00,,353,Vitoria,,BA,,Flamengo,,2003-09-14,1.0,Barradão,,30
Atletico-Go,PE,0.0,16:59,4-2-3-1,6080,Atletico-Go,J. P. Sanches,GO,,Sport,,2017-11-12,2.0,Estádio Olímpico Pedro Ludovico Teixeira,D. Pollo Barioni,34
Santos,SP,1.0,19:00,5-4-1,6238,Fluminense,A. Da Silva Braga,RJ,,Santos,4-4-2,2018-06-13,0.0,Maracanã,J. Ribeiro Ventura,12
Santos,RJ,0.0,16:00,,2922,Santos,,SP,,Fluminense,,2009-08-30,2.0,Vila Belmiro,,22
Sport,PE,1.0,18:32,,4645,Coritiba,C. Juarez Roth,PR,,Sport,,2014-05-11,0.0,Couto Pereira,E. Baptista,4
Empate,CE,2.0,16:59,,7066,Botafogo-Rj,,RJ,,Ceara,,2020-10-31,2.0,Estádio Nilton Santos,A. Ferreira,19
Sao Paulo,SP,2.0,18:00,,3667,Figueirense,,SC,,Sao Paulo,,2011-09-03,1.0,Orlando Scarpelli,,21
Fluminense,RJ,2.0,21:48,4-2-3-1,7979,Corinthians,V. De Oliveira Lopes Pereira,SP,,Fluminense,4-2-2-2,2022-10-26,0.0,Neo Química Arena,F. Diniz Silva,34
Empate,SP,2.0,16:00,,307,Paysandu,,PA,,Corinthians,,2003-08-17,2.0,Mangueirão,,26
Atletico-Mg,RJ,0.0,15:59,,4802,Atletico-Mg,L. Culpi,MG,,Botafogo-Rj,,2014-09-07,1.0,Estádio Raimundo Sampaio,V. Carmo Mancini,19
Vasco,RS,1.0,18:10,,2357,Vasco,,RJ,,Gremio,,2008-05-31,2.0,Sã£O Januã¡Rio,,4
Santos,MG,0.0,16:00,,2542,Santos,,SP,,Cruzeiro,NAN,2008-08-24,2.0,Vila Belmiro,,22
Corinthians,MG,0.0,19:30,,3428,Corinthians,,SP,,Cruzeiro,,2010-11-13,1.0,Pacaembu,,35
Empate,RJ,2.0,16:00,,3641,Internacional,,RS,,Flamengo,,2011-08-21,2.0,Beira Rio,,18
Goias,MG,1.0,16:00,,1271,Goias,,GO,,Atletico-Mg,,2005-07-30,3.0,Serra Dourada,,16
Coritiba,RS,0.0,16:00,,1561,Coritiba,,PR,,Internacional,,2005-12-04,1.0,Couto Pereira,,42
Palmeiras,SP,0.0,19:00,4-1-4-1,7164,Palmeiras,A. Moreira Ferreira,SP,,Corinthians,4-2-3-1,2021-01-18,4.0,Allianz Parque,V. Carmo Mancini,28
Empate,RJ,2.0,11:00,4-1-4-1,7868,Juventude,U. Louzer Filho,RS,,Botafogo-Rj,4-2-3-1,2022-08-21,2.0,Alfredo Jaconi,L. Castro,23
Empate,SP,0.0,22:02,,4904,Chapecoense,J. Da Silva,SC,,Sao Paulo,,2014-10-22,0.0,Arena Condá,M. Ramalho,30
Empate,SC,1.0,19:00,4-2-3-1,7297,Sao Paulo,H. Crespo,SP,,Chapecoense,4-2-3-1,2021-06-16,1.0,Morumbi,J. Ribeiro Ventura,4
Corinthians,SP,1.0,18:00,,515,Guarani,,SP,,Corinthians,,2003-11-23,0.0,Brinco De Ouro,,43
Sao Caetano,SC,2.0,16:00,,22,Sao Caetano,,SP,,Criciuma,,2003-04-06,3.0,Anacleto Campanella,,2
Coritiba,SP,0.0,20:30,,900,Coritiba,,PR,,Ponte Preta,,2004-09-09,2.0,Couto Pereira,,29
Coritiba,PR,1.0,16:00,,210,Corinthians,,SP,,Coritiba,,2003-07-13,0.0,Morumbi,,18
Empate,BA,1.0,17:00,,459,Ponte Preta,,SP,,Vitoria,,2003-10-25,1.0,Moisés Lucarelli,,39
Nautico,SP,1.0,21:45,,2433,Nautico,,PE,,Sao Paulo,,2008-07-09,2.0,Aflitos,,10
Empate,SP,0.0,20:04,3-4-2-1,8445,Sao Paulo,L. Zubeldía,SP,,Palmeiras,4-2-3-1,2024-04-29,0.0,Morumbis,A. Moreira Ferreira,4
Ceara,SP,0.0,16:00,,3390,Ceara,,CE,,Sao Paulo,,2010-10-24,2.0,Castelão,,31
Empate,SP,0.0,16:00,,3912,Portuguesa,,SP,,Santos,,2012-07-01,0.0,Canindé,,7
Goias,GO,4.0,16:00,,553,Botafogo-Rj,,RJ,,Goias,,2004-04-21,1.0,Caio Martins,,1
Guarani,SP,1.0,21:00,,3145,Vasco,,RJ,,Guarani,,2010-06-03,0.0,São Januário,,6
Internacional,SP,0.0,21:45,,2001,Internacional,,RS,,Corinthians,,2007-07-18,3.0,Beira Rio,,12
Fortaleza,SP,0.0,18:10,,1925,Fortaleza,,CE,,Ponte Preta,,2006-11-19,1.0,Presidente Vargas,,36
Cruzeiro,SP,1.0,18:00,,636,Cruzeiro,,MG,,Sao Paulo,,2004-05-23,2.0,Mineirã£O,,7
Cruzeiro,RJ,1.0,19:00,4-2-3-1,6083,Cruzeiro,L. Venker De Menezes,MG,,Fluminense,4-2-3-1,2017-11-12,3.0,Mineirão,A. Da Silva Braga,34
Empate,RJ,1.0,16:00,,3552,Bahia,,BA,,Botafogo-Rj,,2011-07-10,1.0,Pituaçu,,9
Ponte Preta,RS,1.0,16:00,,105,Ponte Preta,,SP,,Gremio,,2003-05-18,2.0,Moisã©S Lucarelli,,9
Flamengo,RJ,3.0,16:00,,3042,Atletico-Mg,,MG,,Flamengo,,2009-11-08,1.0,Mineirão,,34
Flamengo,GO,0.0,18:10,,1710,Flamengo,,RJ,,Goias,,2006-08-05,1.0,Maracanã,,15
Empate,BA,1.0,16:00,,89,Vasco,,RJ,,Bahia,,2003-05-11,1.0,Sã£O Januã¡Rio,,8
Sao Paulo,GO,0.0,20:31,4-1-4-1,7020,Sao Paulo,F. Diniz Silva,SP,,Atletico-Go,4-2-3-1,2020-10-07,3.0,Morumbi,V. Carmo Mancini,14
Empate,SP,1.0,18:30,,3175,Botafogo-Rj,,RJ,,Guarani,,2010-07-18,1.0,Engenhão,,9
Empate,SP,0.0,16:00,,918,Corinthians,,SP,,Sao Paulo,,2004-09-19,0.0,Morumbi,,31
Empate,SP,0.0,18:59,4-4-2,7834,Fortaleza,J. Vojvoda,CE,,Santos,4-1-4-1,2022-07-24,0.0,Arena Castelão,L. Cirne Lima De Lorenzi,19
Fluminense,RJ,1.0,16:00,4-1-2-1-2,6734,Botafogo-Rj,E. De Souza Barroca,RJ,,Fluminense,4-1-4-1,2019-10-06,0.0,Estádio Nilton Santos,M. De Oliveira,23
Palmeiras,SP,4.0,16:00,,1950,Flamengo,,RJ,,Palmeiras,,2007-05-13,2.0,Maracanã,,1
Empate,MG,0.0,16:00,4-2-3-1,6370,Cruzeiro,L. Venker De Menezes,MG,,Atletico-Mg,4-3-3,2018-09-16,0.0,Mineirão,T. Mendes Larghi,25
Athletico-Pr,RS,0.0,16:00,,2,Athletico-Pr,,PR,,Gremio,,2003-03-29,2.0,Arena Da Baixada,,1
Flamengo,PR,0.0,16:00,4-2-3-1,8034,Flamengo,J. Sampaoli Moya,RJ,,Coritiba,4-3-3,2023-04-16,3.0,Maracanã,A. Cardoso De Oliveira,1
Empate,PR,2.0,16:00,,2721,Sao Paulo,,SP,,Athletico-Pr,,2009-05-17,2.0,Morumbi,,2
Atletico-Go,SP,0.0,18:00,,3764,Atletico-Go,,GO,,Sao Paulo,,2011-10-16,3.0,Serra Dourada,,30
Vitoria,SP,0.0,18:00,,216,Vitoria,,BA,,Santos,,2003-07-13,2.0,Barradão,,18
Atletico-Mg,PR,1.0,20:30,,779,Atletico-Mg,,MG,,Parana,,2004-07-29,4.0,Mineirão,,19
Empate,SP,1.0,18:30,,3497,Cruzeiro,,MG,,Santos,,2011-06-11,1.0,Arena Do Jacaré,,4
Juventude,CE,1.0,16:03,4-4-2,8806,Juventude,M. Barbieri,RS,351700.0,Ceara,,2025-04-12,2.0,"Alfredo Jaconi, Caxias Do Sul",,3
Empate,RJ,0.0,18:10,,2057,Sao Paulo,,SP,,Flamengo,,2007-07-07,0.0,Morumbi,,29
Santos,RJ,0.0,11:00,4-2-3-1,5421,Santos,D. Silvestre Júnior,SP,,Botafogo-Rj,,2016-06-05,3.0,Estádio Municipal Paulo Machado De Carvalho,R. Gomes Raymundo,6
Vasco,MG,1.0,19:00,4-2-3-1,6156,Vasco,J. Mannarino,RJ,,America-Mg,4-2-3-1,2018-05-05,4.0,Estádio Vasco Da Gama,,4
Empate,SC,1.0,19:59,3-4-3,8701,Botafogo-Rj,A. Torres Gomes Araújo Amorim,RJ,,Criciuma,5-4-1,2024-10-18,1.0,Maracanã,C. Tencati,30
Sao Paulo,MG,0.0,18:31,4-4-2,8474,Sao Paulo,L. Zubeldía,SP,,Cruzeiro,4-3-2-1,2024-02-06,2.0,Morumbis,F. Seabra,7
Empate,PE,0.0,21:00,,4168,Santos,,SP,,Nautico,,2012-10-25,0.0,Vila Belmiro,,33
Atletico-Mg,RS,0.0,19:00,,3789,Atletico-Mg,,MG,,Gremio,,2011-11-05,2.0,Arena Do Jacaré,,33
Sao Paulo,RJ,0.0,21:45,,584,Sao Paulo,,SP,,Fluminense,,2004-04-28,1.0,Morumbi,,3
Sao Paulo,SP,2.0,16:00,,116,Gremio,,RS,,Sao Paulo,,2003-05-25,1.0,Olímpico,,10
Athletico-Pr,MG,0.0,11:04,4-2-3-1,6649,Athletico-Pr,T. Retzalff Nunes,PR,,Atletico-Mg,4-2-3-1,2019-08-17,1.0,Estádio Joaquim Américo Guimarães,,15
Fluminense,RJ,0.0,16:00,4-2-3-1,9032,Fluminense,Luis Francisco Zubeldã­A,RJ,942703.5,Botafogo-Rj,4-2-3-1,2025-09-28,2.0,"Maracanã, Rio De Janeiro",Davide Ancelotti,25
Botafogo-Rj,RJ,3.0,18:10,,1766,Fortaleza,,CE,,Botafogo-Rj,,2006-08-27,2.0,Castelão,,20
Santos,SP,0.0,18:10,,1876,Santos,,SP,,Sao Caetano,,2006-10-28,1.0,Vila Belmiro,,31
Gremio,GO,0.0,18:30,,3226,Gremio,,RS,,Goias,,2010-08-15,2.0,Olímpico,,14
Sao Paulo,SP,2.0,18:00,,526,Ponte Preta,,SP,,Sao Paulo,,2003-11-30,1.0,Moisés Lucarelli,,44
America-Mg,MT,1.0,16:30,4-1-4-1,7726,America-Mg,V. Carmo Mancini,MG,,Cuiaba,4-2-3-1,2022-06-04,2.0,Estádio Raimundo Sampaio,L. Iubel,9
Athletico-Pr,PE,0.0,18:30,,2947,Athletico-Pr,,PR,,Sport,,2009-09-19,1.0,Arena Da Baixada,,25
Santos,SP,0.0,21:50,,4475,Santos,,SP,,Sao Paulo,,2013-10-02,3.0,Vila Belmiro,,25
Botafogo-Rj,RJ,1.0,17:02,4-2-3-1,5656,Figueirense,M. Dos Santos Gonçalves,SC,,Botafogo-Rj,4-3-1-2,2016-09-10,0.0,Orlando Scarpelli,J. Ribeiro Ventura,29
Cruzeiro,PR,0.0,16:59,4-2-3-1,6061,Cruzeiro,L. Venker De Menezes,MG,,Athletico-Pr,4-2-3-1,2017-11-05,1.0,Mineirão,,32
Juventude,RS,2.0,20:30,,960,Corinthians,,SP,,Juventude,,2004-10-02,1.0,Pacaembu,,34
Palmeiras,SP,2.0,19:00,,6345,Chapecoense,,SC,,Palmeiras,4-2-3-1,2018-09-02,1.0,Arena Condá,L. Scolari,22
-,SP,1.0,21:00,,3636,America-Mg,,MG,,Sao Paulo,,2011-08-18,1.0,Arena Do Jacaré,,17
Empate,RJ,0.0,16:00,,1051,Flamengo,,RJ,,Botafogo-Rj,,2004-11-21,0.0,Maracanã,,42
Gremio,MG,1.0,16:00,,3381,Gremio,,RS,,Cruzeiro,,2010-10-17,2.0,Olímpico,,30
Santos,SP,2.0,16:00,,3679,Avai,,SC,,Santos,,2011-09-07,1.0,Ressacada,,22
Fluminense,BA,1.0,18:00,4-3-3,5777,Fluminense,A. Da Silva Braga,RJ,,Vitoria,4-4-1-1,2017-06-03,2.0,Maracanã,D. Petkovic,4
Vitoria,CE,0.0,19:00,3-4-2-1,9043,Vitoria,J. Ventura,BA,335173.0,Ceara,4-2-3-1,2025-10-02,1.0,"Barradão, Salvador",M. Mozart,26
Internacional,SC,0.0,19:00,4-2-3-1,6574,Internacional,O. Hellmann,RS,,Avai,4-3-3,2019-06-02,2.0,Estádio José Pinheiro Borda,E. Machado Souto,7
Coritiba,SC,0.0,11:01,,5180,Coritiba,N. Da Silveira Júnior,PR,,Chapecoense,4-3-2-1,2015-08-23,1.0,Couto Pereira,,20
Empate,RS,2.0,18:10,,1608,Botafogo-Rj,,RJ,,Gremio,,2006-05-13,2.0,Maracanã£,,5
Bahia,GO,1.0,18:30,,3614,Bahia,,BA,,Atletico-Go,,2011-08-07,2.0,Pituaçu,,15
Botafogo-Rj,RJ,2.0,18:00,,792,Guarani,,SP,,Botafogo-Rj,,2004-01-08,0.0,Brinco De Ouro,,20
Gremio,SP,0.0,21:50,,3057,Gremio,,RS,,Palmeiras,,2009-11-18,2.0,Olímpico,,36
Cruzeiro,MG,3.0,16:00,,1981,Palmeiras,,SP,,Cruzeiro,,2007-06-03,1.0,Parque Antártica,,4
Juventude,SC,0.0,16:00,,934,Juventude,,RS,,Criciuma,,2004-09-26,1.0,Alfredo Jaconi,,32
-,CE,1.0,21:00,4-2-3-1,7428,Juventude,M. Dos Santos Gonçalves,RS,,Fortaleza,3-4-1-2,2021-08-21,1.0,Alfredo Jaconi,J. Vojvoda,17
Palmeiras,PR,1.0,15:59,4-2-3-1,5627,Palmeiras,A. Stival,SP,,Coritiba,4-4-1-1,2016-09-24,2.0,Allianz Parque,,27
Santa Cruz,PE,4.0,18:10,,1683,Fortaleza,,CE,,Santa Cruz,,2006-07-16,1.0,Castelão,,12
Empate,RJ,2.0,17:00,,4180,Palmeiras,,SP,,Botafogo-Rj,,2012-04-11,2.0,Fonte Luminosa,,34
Empate,SP,1.0,17:02,4-1-4-1,6447,Corinthians,,SP,,Sao Paulo,3-1-4-2,2018-11-10,1.0,Neo Química Arena,D. Aguirre Camblor,33
Empate,BA,1.0,18:00,,989,Botafogo-Rj,,RJ,,Vitoria,,2004-10-23,1.0,Mário Helênio,,37
Barueri,PE,1.0,21:00,,2900,Barueri,,SP,,Sport,,2009-08-19,2.0,Arena Barueri,,20
Botafogo-Rj,MG,0.0,18:00,,3779,Botafogo-Rj,,RJ,,Cruzeiro,,2011-10-29,1.0,Engenhão,,32
Corinthians,SP,4.0,21:44,4-2-3-1,5659,Santa Cruz,D. Ghidoni Junior,PE,,Corinthians,4-1-4-1,2016-10-12,2.0,Arena Pantanal,F. Carille,30
Ceara,RJ,0.0,18:30,,3094,Ceara,,CE,,Fluminense,,2010-05-09,1.0,Castelão,,1
Atletico-Go,MG,1.0,18:30,,3156,Atletico-Go,,GO,,Cruzeiro,,2010-06-06,2.0,Serra Dourada,,7
Goias,RS,0.0,18:10,,1826,Goias,,GO,,Gremio,,2006-09-24,4.0,Serra Dourada,,26
Ponte Preta,CE,1.0,18:10,,1376,Ponte Preta,,SP,,Fortaleza,,2005-09-11,2.0,Moisés Lucarelli,,25
Flamengo,MG,2.0,16:00,,1099,Flamengo,,RJ,,Cruzeiro,,2004-12-19,6.0,Raulino De Oliveira,,46
Empate,RJ,1.0,22:00,,3345,Corinthians,,SP,,Botafogo-Rj,,2010-09-29,1.0,Pacaembu,,26
Gremio,BA,1.0,20:30,,27,Gremio,,RS,,Vitoria,,2003-04-16,2.0,Olímpico,,4
Internacional,MG,1.0,16:01,,6542,Internacional,O. Hellmann,RS,,Cruzeiro,4-2-3-1,2019-05-12,3.0,Estádio José Pinheiro Borda,L. Venker De Menezes,4
Empate,RJ,1.0,19:30,,3359,Guarani,,SP,,Botafogo-Rj,,2010-10-06,1.0,Brinco De Ouro,,28
Bragantino,SP,3.0,19:00,4-1-4-1,7814,America-Mg,V. Carmo Mancini,MG,,Bragantino,4-2-3-1,2022-07-17,0.0,Estádio Raimundo Sampaio,M. Nogueira Barbieri,17
Santos,RS,1.0,16:00,3-4-2-1,8224,Santos,D. Aguirre Camblor,SP,,Gremio,4-2-3-1,2023-08-20,2.0,Estádio Urbano Caldeira,,20
Empate,RJ,1.0,21:45,,2431,Atletico-Mg,,MG,,Flamengo,,2008-07-09,1.0,Mineirã£O,,10
Avai,SC,1.0,19:28,,5045,Goias,H. Pinto Dos Anjos,GO,,Avai,,2015-06-07,0.0,Estádio Do Governo Do Estado De Goiás (Serra Dourada),G. Kleina,6
Sao Paulo,SC,2.0,17:02,4-2-3-1,5347,Sao Paulo,M. Cruz,SP,,Figueirense,4-2-4-0,2015-11-28,3.0,Morumbi,H. Coutinho,37
Internacional,RJ,0.0,16:00,,4821,Internacional,A. Da Silva Braga,RS,,Botafogo-Rj,,2014-09-14,2.0,Estádio José Pinheiro Borda,V. Carmo Mancini,21
Flamengo,RS,1.0,20:00,4-2-3-1,8483,Flamengo,A. Bacchi,RJ,,Gremio,4-4-2,2024-06-13,2.0,Maracanã,Renato Gaúcho,8
Athletico-Pr,RS,1.0,16:00,,687,Athletico-Pr,,PR,,Juventude,,2004-07-03,4.0,Arena Da Baixada,,12
Sport,SP,1.0,21:00,,4810,Sport,E. Baptista,PE,,Santos,,2014-09-10,3.0,Arena De Pernambuco,E. Alves Moreira,20
-,SP,1.0,16:00,5-3-2,7441,Juventude,M. Dos Santos Gonçalves,RS,,Sao Paulo,3-4-1-2,2021-08-29,1.0,Alfredo  Jaconi,H. Crespo,18
Empate,MG,1.0,18:10,,2354,Athletico-Pr,,PR,,Atletico-Mg,,2008-05-25,1.0,Kyocera Arena,,3
Empate,MG,0.0,16:00,4-2-3-1,6356,Sport,E. Baptista,PE,,Cruzeiro,4-2-3-1,2018-09-08,0.0,Adelmar  Da  Costa  Carvalho,L. Venker De Menezes,24
Empate,SP,2.0,18:00,,4570,Cruzeiro,,MG,,Ponte Preta,,2013-11-17,2.0,Parque Do Sabiá,,35
Fortaleza,CE,1.0,15:59,4-2-3-1,8217,Internacional,E. Coudet,RS,,Fortaleza,,2023-08-19,0.0,Estádio Beira-Rio,J. Vojvoda,20
Empate,BA,0.0,18:30,,2766,Internacional,,RS,,Vitoria,,2009-05-31,0.0,Beira Rio,,6
Botafogo-Rj,SP,0.0,19:30,4-2-3-1,8074,Botafogo-Rj,L. Ribeiro De Castro,RJ,,Corinthians,4-1-4-1,2023-05-11,3.0,Estádio Nilton Santos,V. Luxemburgo Da Silva,5
Empate,BA,0.0,16:00,,1041,Guarani,,SP,,Vitoria,,2004-11-14,0.0,Brinco De Ouro,,41
Empate,RS,0.0,19:00,4-2-3-1,7500,Ceara,T. Retzalff Nunes,CE,,Internacional,4-2-3-1,2021-10-06,0.0,Arena Castelão,D. Aguirre Camblor,24
Cruzeiro,CE,0.0,16:00,,1270,Cruzeiro,,MG,,Fortaleza,,2005-07-30,3.0,Mineirão,,16
Sao Paulo,MG,0.0,16:00,,1934,Sao Paulo,,SP,,Cruzeiro,NAN,2006-11-26,2.0,Morumbi,,37
Corinthians,RS,0.0,19:00,4-2-3-1,7068,Corinthians,V. Carmo Mancini,SP,,Internacional,4-4-2,2020-10-31,1.0,Neo Quã­Mica Arena,E. Coudet,19
Athletico-Pr,PR,0.0,20:30,,278,Athletico-Pr,,PR,,Parana,,2003-08-06,1.0,Arena Da Baixada,,24
Corinthians,SP,0.0,19:33,4-2-3-1,5084,Corinthians,A. Bacchi,SP,,Ponte Preta,4-2-3-1,2015-07-02,2.0,Neo Química Arena,A. Ferreira,10
Portuguesa,PR,0.0,18:20,,2383,Portuguesa,,SP,,Athletico-Pr,,2008-06-14,1.0,Canindé,,6
Empate,SP,1.0,16:00,,572,Guarani,,SP,,Sao Caetano,,2004-04-25,1.0,Brinco De Ouro,,2
Empate,RJ,2.0,16:00,,1313,Cruzeiro,,MG,,Botafogo-Rj,,2005-10-12,2.0,Mineirão,,19
Coritiba,PR,2.0,17:57,4-2-3-1,5355,Palmeiras,M. De Oliveira Santos,SP,,Coritiba,4-4-2,2015-11-29,0.0,Allianz Parque,E. Pacheco,37
Fluminense,SP,0.0,19:59,4-2-3-1,5446,Fluminense,L. Culpi,RJ,,Corinthians,4-2-3-1,2016-06-16,1.0,Estádio Nacional De Brasília,F. Carille,8
Santos,RJ,0.0,16:00,,1009,Santos,,SP,,Fluminense,,2004-10-30,5.0,Benedito Teixeira,,39
Athletico-Pr,RS,0.0,20:30,,4544,Athletico-Pr,,PR,,Internacional,,2013-11-03,1.0,Vila Capanema,,32
Bragantino,RJ,0.0,16:00,4-3-3,8807,Bragantino,Fernando Seabra,SP,197980.0,Botafogo-Rj,4-3-3,2025-04-12,1.0,"Nabizão, Bragança Paulista",Renato Manuel Alves Paiva,3
Sao Paulo,PE,1.0,20:30,,2096,Sao Paulo,,SP,,Sport,,2007-07-19,3.0,Morumbi,,14
Fortaleza,SP,1.0,16:00,,1138,Fortaleza,,CE,,Ponte Preta,,2005-05-14,2.0,Pres Vargas*(Pf),,4
Fluminense,SC,1.0,19:29,4-2-3-1,5344,Fluminense,E. Baptista,RJ,,Avai,4-4-2,2015-11-22,3.0,Klã©Ber Andrade,R. Maia Cabral,36
Coritiba,RJ,0.0,16:00,,295,Coritiba,,PR,,Flamengo,,2003-08-10,5.0,Couto Pereira,,25
Empate,RS,1.0,18:10,,2404,Gremio,,RS,,Internacional,,2008-06-29,1.0,Olímpico,,8
Flamengo,PE,0.0,21:00,,4000,Flamengo,,RJ,,Nautico,,2012-08-11,2.0,Raulino De Oliveira,,16
Flamengo,RJ,2.0,16:00,,3743,Flamengo,,RJ,,Fluminense,,2011-10-09,,Engenhão,,28
Empate,GO,3.0,16:00,,2720,Santos,,SP,,Goias,,2009-05-17,3.0,Vila Belmiro,,2
Ponte Preta,RJ,0.0,15:59,4-2-3-1,5153,Ponte Preta,D. Ghidoni Junior,SP,,Flamengo,4-2-3-1,2015-08-09,1.0,Moisés Lucarelli,,17
Empate,SP,3.0,21:00,,2809,Santos,,SP,,Barueri,,2009-07-15,3.0,Vila Belmiro,,11
Empate,MG,0.0,18:00,,557,Palmeiras,,SP,,Atletico-Mg,,2004-04-21,0.0,Parque Antártica,,1
Sport,PE,1.0,20:36,4-2-3-1,8974,Gremio,L. Castro,RS,1610322.0,Sport,4-3-3,2025-08-10,0.0,"Arena Do Grêmio, Porto Alegre",C. De Lucena,19
Figueirense,SC,3.0,18:30,,4806,Internacional,A. Da Silva Braga,RS,,Figueirense,,2014-09-07,2.0,Estádio José Pinheiro Borda,A. Fucks,19
Santos,RJ,2.0,16:00,,2470,Santos,,SP,,Vasco,,2008-07-27,5.0,Vila Belmiro,,15
Empate,MG,0.0,18:00,,3740,America-Mg,,MG,,Atletico-Mg,,2011-10-08,0.0,Arena Do Jacaré,,28
Bahia,BA,2.0,21:00,,4327,Sao Paulo,,SP,,Bahia,,2013-07-10,1.0,Morumbi,,11
Coritiba,RS,2.0,18:20,,2605,Coritiba,,PR,,Internacional,,2008-10-04,4.0,Couto Pereira,,28
Ponte Preta,PR,0.0,16:00,,363,Ponte Preta,,SP,,Parana,,2003-09-20,4.0,Vila Belmiro,,31
Empate,RJ,1.0,11:03,4-4-2,6929,Flamengo,D. Torrent Font,RJ,,Botafogo-Rj,5-4-1,2020-08-23,1.0,Maracanã,P. Autuori De Mello,5
Empate,RS,0.0,18:10,,1705,Internacional,,RS,,Gremio,,2006-07-30,0.0,Beira Rio,,14
Vasco,RN,0.0,16:00,,2153,Vasco,,RJ,,America-Rn,,2007-08-19,2.0,Sã£O Januã¡Rio,,20
Empate,RJ,0.0,22:00,,3241,Sao Paulo,,SP,,Vasco,,2010-08-25,0.0,Morumbi,,16
Empate,BA,0.0,18:20,,2384,Coritiba,,PR,,Vitoria,,2008-06-14,0.0,Couto Pereira,,6
Atletico-Go,RJ,0.0,19:01,4-2-3-1,7316,Atletico-Go,E. De Souza Barroca,GO,,Fluminense,4-2-3-1,2021-06-23,1.0,Estádio Antônio Accioly,R. Machado Marques,6
Empate,SP,0.0,16:00,,4311,Corinthians,,SP,,Sao Paulo,,2013-07-28,0.0,Pacaembu,,9
Empate,SP,0.0,16:00,,3931,Internacional,,RS,,Santos,,2012-07-15,0.0,Beira Rio,,9
Internacional,SC,0.0,20:00,4-2-3-1,6185,Internacional,O. Hellmann,RS,,Chapecoense,4-1-4-1,2018-05-21,3.0,Estádio José Pinheiro Borda,G. Kleina,6
Parana,RS,2.0,16:00,,1592,Parana,,PR,,Gremio,,2006-04-30,5.0,Pinheirão,,3
Santos,PR,1.0,20:30,,2175,Santos,,SP,,Athletico-Pr,,2007-08-30,3.0,Vila Belmiro,,22
Vasco,MG,2.0,18:20,,2397,Vasco,,RJ,,Ipatinga,,2008-06-28,4.0,São Januário,,8
Vitoria,RS,1.0,20:30,,318,Vitoria,,BA,,Gremio,,2003-08-20,4.0,Barradão,,27
Vasco,PR,0.0,16:00,4-2-3-1,5234,Vasco,J. De Amorim Campos,RJ,,Athletico-Pr,4-2-3-1,2015-09-13,2.0,Maracanã,M. Mendes,25
Corinthians,SC,1.0,21:00,4-1-4-1,5069,Corinthians,A. Bacchi,SP,,Figueirense,4-3-1-2,2015-06-27,2.0,Neo Química Arena,A. Fucks,9
Bahia,BA,3.0,19:30,,4038,Santos,,SP,,Bahia,,2012-08-29,1.0,Vila Belmiro,,20
Corinthians,SP,1.0,21:50,,3021,Vitoria,,BA,,Corinthians,,2009-10-28,0.0,Barradão,,32
Atletico-Mg,SP,0.0,16:01,4-2-3-1,8230,Atletico-Mg,L. Scolari,MG,,Santos,4-2-3-1,2023-08-27,2.0,Arena Mrv,D. Aguirre Camblor,21
Sport,MG,1.0,18:29,4-2-3-1,5296,Sport,Falcao,PE,,Atletico-Mg,4-2-3-1,2015-10-18,4.0,Arena De Pernambuco,L. Culpi,31
Empate,SP,0.0,16:00,,3973,Bahia,,BA,,Corinthians,,2012-07-29,0.0,Pituaã§U,,13
Santa Cruz,BA,1.0,11:00,4-2-3-1,5371,Santa Cruz,E. Da Conceição Silva,PE,,Vitoria,4-2-3-1,2016-05-15,4.0,Estádio Do Arruda,V. Carmo Mancini,1
Vitoria,RJ,1.0,16:00,,975,Vitoria,,BA,,Vasco,,2004-10-16,4.0,Barradão,,36
Internacional,RS,1.0,20:30,4-3-3,7291,Bahia,L. Cavalcanti,BA,,Internacional,4-3-3,2021-06-13,0.0,Estádio De Pituaçu,O. Loss,3
Cruzeiro,PR,1.0,17:00,,3073,Cruzeiro,,MG,,Coritiba,NAN,2009-11-29,4.0,Mineirão,,37
Ponte Preta,SC,1.0,18:30,4-2-3-1,5017,Ponte Preta,A. Ferreira,SP,,Chapecoense,4-3-3,2015-05-30,3.0,Moisés Lucarelli,V. Eutrópio,4
Sport,RS,1.0,19:00,4-2-3-1,7499,Sport,G. Florentín,PE,,Juventude,,2021-10-06,3.0,Arena De Pernambuco,M. Dos Santos Gonçalves,24
Empate,MG,1.0,16:00,,1641,Internacional,,RS,,Cruzeiro,,2006-05-28,1.0,Beira Rio,,8
Empate,SP,1.0,16:00,,1296,Parana,,PR,,Santos,,2005-08-07,1.0,Willie Davids,,18
Internacional,RS,2.0,19:30,,1392,Fortaleza,,CE,,Internacional,,2005-09-21,1.0,Castelão,,27
Empate,RS,0.0,19:28,,4679,Sport,E. Baptista,PE,,Gremio,,2014-05-28,0.0,Adelmar Da Costa Carvalho,,8
Goias,SC,1.0,20:30,,893,Goias,,GO,,Criciuma,,2004-09-08,2.0,Serra Dourada,,29
Athletico-Pr,PR,1.0,16:00,4-2-3-1,7289,Gremio,T. Retzalff Nunes,RS,,Athletico-Pr,5-4-1,2021-06-13,0.0,Arena Do Grêmio,A. Cardoso De Oliveira,3
Botafogo-Rj,SP,0.0,18:33,,4696,Botafogo-Rj,V. Carmo Mancini,RJ,,Corinthians,,2014-10-11,1.0,Arena Da Amazã´Nia,L. Venker De Menezes,9
Botafogo-Rj,PR,0.0,19:00,4-2-3-1,7907,Botafogo-Rj,L. Castro,RJ,,Coritiba,4-2-3-1,2022-09-17,,Estádio Nilton Santos,A. Ferreira,27
Goias,CE,0.0,18:32,4-3-3,8197,Goias,A. Evangelista Macedo Freitas,GO,,Fortaleza,4-2-3-1,2023-08-05,1.0,Estádio Hailé Pinheiro - Serrinha,J. Vojvoda,18
Cruzeiro,MG,2.0,18:10,,2007,Gremio,,RS,,Cruzeiro,,2007-06-16,0.0,Olímpico,,6
Coritiba,PR,2.0,18:10,,2467,Nautico,,PE,,Coritiba,,2008-07-26,1.0,Aflitos,,15
America-Mg,RS,1.0,19:01,4-1-4-1,7657,America-Mg,V. Carmo Mancini,MG,,Juventude,4-2-3-1,2022-04-16,4.0,Estádio Raimundo Sampaio,E. Baptista,2
Gremio,RS,3.0,18:10,,1914,Athletico-Pr,,PR,,Gremio,,2006-11-12,2.0,Kyocera Arena,,35
Empate,PE,2.0,18:30,,2737,Botafogo-Rj,,RJ,,Sport,,2009-05-30,2.0,Engenhão,,4
Paysandu,SP,0.0,20:30,,727,Paysandu,,PA,,Ponte Preta,,2004-07-13,3.0,Mangueirão,,15
Empate,SP,3.0,15:59,4-2-3-1,7216,Gremio,Renato Gaúcho,RS,,Santos,4-1-4-1,2021-02-03,3.0,Arena Do Grêmio,A. Stival,34
Fortaleza,SP,1.0,19:02,4-2-3-1,8249,Fortaleza,J. Vojvoda,CE,,Corinthians,3-4-1-2,2023-09-14,2.0,Arena Castelão,V. Luxemburgo Da Silva,23
Corinthians,PR,0.0,18:10,,1799,Corinthians,,SP,,Parana,,2006-09-16,1.0,Pacaembu,,24
Fluminense,PR,0.0,19:59,3-4-2-1,6403,Fluminense,M. De Oliveira Santos,RJ,,Parana,4-4-2,2018-10-08,4.0,Maracanã,C. Dos Santos Oliveira,28
Sao Paulo,PA,0.0,20:30,,937,Sao Paulo,,SP,,Paysandu,,2004-09-28,7.0,Morumbi,,33
Flamengo,RS,0.0,18:10,,2266,Flamengo,,RJ,,Gremio,,2007-10-21,2.0,Maracanã,,32
Empate,PR,1.0,20:30,,825,Botafogo-Rj,,RJ,,Athletico-Pr,,2004-08-12,1.0,Caio Martins,,23
Empate,PE,2.0,20:30,4-3-3,7275,Internacional,M. Ramírez,RS,,Sport,4-2-3-1,2021-05-30,2.0,Estádio José Pinheiro Borda,U. Louzer Filho,1
Athletico-Pr,RJ,0.0,20:30,,1401,Athletico-Pr,,PR,,Botafogo-Rj,,2005-09-22,2.0,Arena Da Baixada,,27
Corinthians,SP,2.0,21:50,,3576,Botafogo-Rj,,RJ,,Corinthians,,2011-07-20,0.0,São Januário,,10
Athletico-Pr,PR,2.0,21:00,4-2-3-1,5430,Sao Paulo,E. Bauza,SP,,Athletico-Pr,4-2-3-1,2016-06-11,1.0,Morumbi,P. Autuori De Mello,7
Flamengo,RJ,2.0,11:03,4-3-3,7828,Avai,E. De Souza Barroca,SC,,Flamengo,4-1-2-1-2,2022-07-24,1.0,Ressacada,D. Silvestre Júnior,19
Athletico-Pr,MG,0.0,16:33,4-2-3-1,5690,Athletico-Pr,P. Autuori De Mello,PR,,Cruzeiro,4-3-3,2016-10-29,1.0,Estádio Joaquim Américo Guimarães,L. Venker De Menezes,33
Gremio,RS,2.0,20:30,,1869,Fluminense,,RJ,,Gremio,,2006-10-26,1.0,Raulino De Oliveira,,31
Cuiaba,RJ,0.0,20:00,4-3-3,8205,Cuiaba,A. Cardoso De Oliveira,MT,,Flamengo,4-2-3-1,2023-08-06,3.0,Arena Pantanal,J. Sampaoli Moya,18
Sport,PE,2.0,20:30,4-2-3-1,7493,Gremio,L. Scolari,RS,,Sport,4-1-4-1,2021-10-03,1.0,Arena  Do  Grêmio,G. Florentín,23
Coritiba,PR,2.0,16:00,,807,Goias,,GO,,Coritiba,,2004-08-07,1.0,Serra Dourada,,22
Cruzeiro,BA,1.0,20:30,,4816,Cruzeiro,M. De Oliveira Santos,MG,,Bahia,,2014-09-11,2.0,Mineirão,G. Kleina,20
Vitoria,SP,0.0,16:01,3-4-3,9153,Vitoria,J. Ventura,BA,,Mirassol,4-2-3-1,2025-11-29,2.0,"Barradão, Salvador",R. Guanaes,36
Flamengo,RS,1.0,19:01,4-2-3-1,7520,Flamengo,Renato Gaúcho,RJ,,Juventude,,2021-10-13,3.0,Maracanã,M. Dos Santos Gonçalves,26
Empate,RJ,1.0,21:01,4-2-3-1,8057,Fluminense,F. Diniz Silva,RJ,,Vasco,4-3-3,2023-05-06,1.0,Maracanã,M. Nogueira Barbieri,4
Empate,BA,0.0,18:29,4-3-3,8893,Corinthians,D. Junior,SP,,Vitoria,3-4-2-1,2025-06-01,0.0,"Neo Química Arena, São Paulo",J. Ventura,11
Empate,MG,2.0,20:02,4-3-3,8635,Vitoria,T. Carpini Barbosa,BA,,Cruzeiro,4-3-3,2024-08-19,2.0,Barradã£O,F. Seabra,23
Corinthians,SP,2.0,18:01,4-2-3-1,7832,Atletico-Mg,L. Gonçalves,MG,,Corinthians,4-2-3-1,2022-07-24,1.0,Mineirão,V. De Oliveira Lopes Pereira,19
Empate,SP,0.0,16:00,,4393,Botafogo-Rj,,RJ,,Sao Paulo,,2013-09-01,0.0,Maracanã,,17
Guarani,SP,2.0,16:00,,146,Ponte Preta,,SP,,Guarani,,2003-06-14,0.0,Moisés Lucarelli,,13
Atletico-Mg,BA,0.0,21:00,4-2-3-1,6468,Atletico-Mg,L. Culpi,MG,,Bahia,4-2-3-1,2018-11-17,1.0,Estádio Raimundo Sampaio,E. Alves Moreira,35
Vasco,SP,0.0,16:00,,2046,Vasco,,RJ,,Santos,,2007-07-04,4.0,São Januário,,9
Botafogo-Rj,PE,2.0,20:30,4-2-3-1,9126,Botafogo-Rj,Davide Ancelotti,RJ,397420.0,Sport,4-2-3-1,2025-11-18,3.0,"Estã¡Dio Nilton Santos, Rio De Janeiro",Cesar Ricardo De Lucena,34
Brasiliense,PR,0.0,16:00,,1167,Brasiliense,,DF,,Parana,,2005-05-29,1.0,Boca Do Jacaré,,6
Internacional,SC,2.0,16:00,,3762,Internacional,,RS,,Avai,,2011-10-16,4.0,Beira Rio,,30
Empate,SP,1.0,19:30,,4438,Gremio,,RS,,Santos,,2013-09-18,1.0,Arena Do Grêmio,,22
Empate,GO,1.0,17:00,,3431,Fluminense,,RJ,,Goias,,2010-11-14,1.0,Engenhão,,35
Palmeiras,SP,4.0,16:00,4-2-3-1,8193,America-Mg,V. Carmo Mancini,MG,,Palmeiras,4-2-3-1,2023-07-30,1.0,Estádio Raimundo Sampaio,A. Moreira Ferreira,17
Empate,RJ,0.0,21:30,3-4-3,8743,Atletico-Mg,G. Milito,MG,,Botafogo-Rj,4-2-3-1,2024-11-20,0.0,Estádio Independência,A. Torres Gomes Araújo Amorim,34
Empate,SP,1.0,21:00,4-2-3-1,7078,Atletico-Go,E. Do Nascimento Souza,GO,,Corinthians,4-2-3-1,2020-11-07,1.0,Estádio Olímpico Pedro Ludovico Teixeira,V. Carmo Mancini,20
Empate,RS,3.0,21:00,,4366,Botafogo-Rj,,RJ,,Internacional,,2013-08-15,3.0,Maracanã,,14
Botafogo-Rj,PR,0.0,20:30,,1774,Botafogo-Rj,,RJ,,Parana,,2006-08-31,4.0,Maracanã,,21
Empate,CE,1.0,16:00,,272,Coritiba,,PR,,Fortaleza,,2003-08-03,1.0,Couto Pereira,,23
Botafogo-Rj,RJ,2.0,11:00,4-2-3-1,8439,Flamengo,A. Bacchi,RJ,,Botafogo-Rj,4-4-2,2024-04-28,0.0,Maracanã,,4
Empate,RJ,1.0,16:00,,2045,Atletico-Mg,,MG,,Flamengo,,2007-07-04,1.0,Mineirão,,9
Empate,RJ,1.0,21:50,,3811,Palmeiras,,SP,,Vasco,,2011-11-16,1.0,Pacaembu,,35
Vasco,RJ,1.0,16:00,,4351,Coritiba,,PR,,Vasco,,2013-08-11,0.0,Couto Pereira,,13
Gremio,SP,0.0,16:00,,546,Gremio,,RS,,Corinthians,,2003-12-14,3.0,Olímpico,,46
Santos,SP,2.0,22:00,,3243,Gremio,,RS,,Santos,,2010-08-25,1.0,Olímpico,,16
Empate,GO,0.0,18:30,4-2-3-1,8508,Cuiaba,A. Gonçalves Teixeira,MT,,Atletico-Go,,2024-06-22,0.0,Arena Pantanal,A. Gomes,11
Empate,RJ,2.0,11:06,4-2-3-1,7584,Chapecoense,F. Paiva Endres,SC,,Flamengo,4-4-2,2021-11-08,2.0,Arena Condá,Renato Gaúcho,30
Ponte Preta,SP,2.0,16:00,,921,Juventude,,RS,,Ponte Preta,,2004-09-19,1.0,Alfredo  Jaconi,,31
Empate,MG,1.0,20:30,4-2-3-1,7696,Bragantino,M. Nogueira Barbieri,SP,,Atletico-Mg,4-2-3-1,2022-05-11,1.0,Nabizão,A. Mohamed Matijevich,7
Fortaleza,PR,1.0,18:30,4-2-3-1,8233,Fortaleza,J. Vojvoda,CE,,Coritiba,4-1-4-1,2023-08-27,3.0,Estádio Presidente Vargas,,21
Palmeiras,BA,0.0,19:00,4-2-3-1,7129,Palmeiras,V. Castanheira Penas,SP,,Bahia,4-4-2,2020-12-12,3.0,Allianz Parque,L. Venker De Menezes,25
Ponte Preta,SP,3.0,18:30,,4279,Nautico,,PE,,Ponte Preta,,2013-07-06,1.0,Arena Pernambuco,,6
Cruzeiro,GO,0.0,21:00,,2984,Cruzeiro,,MG,,Goias,,2009-08-10,3.0,Mineirã£O,,28
Santos,SP,2.0,16:00,,130,Santos,,SP,,Sao Paulo,,2003-06-01,3.0,Vila Belmiro,,11
Fortaleza,PR,1.0,19:00,4-2-3-1,7982,Fortaleza,J. Vojvoda,CE,,Coritiba,4-1-4-1,2022-10-27,3.0,Arena Castelão,A. Ferreira,34
Fluminense,SP,1.0,18:30,,2668,Fluminense,,RJ,,Portuguesa,,2008-11-15,3.0,Maracanã,,35
Vasco,SP,0.0,15:59,4-2-3-1,7142,Vasco,R. Andrade Silva Sá Pinto,RJ,,Santos,,2020-12-20,1.0,Estádio Vasco Da Gama,A. Stival,26
Avai,PR,1.0,20:01,4-3-3,7695,Avai,E. De Souza Barroca,SC,,Coritiba,4-2-3-1,2022-05-09,2.0,Ressacada,,5
Palmeiras,RJ,0.0,21:47,4-2-3-1,5392,Palmeiras,A. Stival,SP,,Fluminense,4-2-3-1,2016-05-25,2.0,Allianz Parque,L. Culpi,3
Internacional,RS,2.0,16:00,,616,Flamengo,,RJ,,Internacional,,2004-05-16,1.0,Raulino De Oliveira,,6
Cruzeiro,MG,3.0,20:30,,1468,Coritiba,,PR,,Cruzeiro,,2005-10-25,0.0,Couto Pereira,,34
Vitoria,PR,1.0,18:30,,4498,Vitoria,,BA,,Coritiba,,2013-10-12,2.0,Barradão,,28
Corinthians,SP,0.0,16:00,,3043,Corinthians,,SP,,Santo Andre,,2009-11-08,2.0,Pacaembu,,34
Fluminense,SP,1.0,20:59,4-2-3-1,5086,Fluminense,E. Alves Moreira,RJ,,Santos,4-2-3-1,2015-07-02,2.0,Maracanã,M. Fernandes,10
Santos,GO,2.0,19:30,,3297,Santos,,SP,,Atletico-Go,,2010-09-15,4.0,Vila Belmiro,,22
Fortaleza,SC,0.0,20:31,4-2-3-1,6738,Fortaleza,R. Ceni,CE,,Chapecoense,4-2-4-0,2019-10-09,2.0,Arena Castelão,M. Dos Santos Gonçalves,24
Sao Paulo,RS,1.0,16:00,,1501,Sao Paulo,,SP,,Juventude,,2005-11-05,3.0,Morumbi,,37
Internacional,RS,4.0,18:10,,1522,Santos,,SP,,Internacional,,2005-11-13,0.0,A.Campanella*(Pf),,38
Empate,RJ,0.0,16:01,4-2-3-1,9111,Cruzeiro,,MG,2940491.5,Fluminense,4-2-3-1,2025-11-09,0.0,"Mineirão, Belo Horizonte",L. Luis Zubeldia,33
Empate,RJ,0.0,16:00,,4233,Santos,,SP,,Flamengo,,2013-05-26,0.0,Mané Garrincha,,1
Botafogo-Rj,RJ,1.0,11:01,4-2-3-1,7688,Flamengo,P. Carvalho De Sousa,RJ,,Botafogo-Rj,4-2-3-1,2022-05-08,0.0,Estádio Nacional De Brasília,L. Castro,5
Fortaleza,SP,0.0,16:00,,391,Fortaleza,,CE,,Guarani,,2003-09-28,3.0,Presidente Vargas,,33
Bragantino,CE,1.0,17:01,4-4-2,7127,Bragantino,M. Nogueira Barbieri,SP,,Fortaleza,4-4-2,2020-12-12,2.0,Nabizão,M. Oliveira Chamusca,25
Athletico-Pr,PR,1.0,19:59,4-2-3-1,5914,Vasco,M. Mendes,RJ,,Athletico-Pr,4-2-3-1,2017-07-31,0.0,Estã¡Dio Municipal General Raulino De Oliveira,F. Soares Pessoa,17
Atletico-Mg,SP,1.0,19:00,3-4-1-2,8605,Atletico-Mg,G. Milito,MG,,Corinthians,3-4-1-2,2024-07-28,2.0,Arena Mrv,R. Díaz,20
Fluminense,SP,0.0,18:30,,4817,Fluminense,C. Borges Dos Santos,RJ,,Palmeiras,,2014-09-13,3.0,Maracanã,D. Silvestre Júnior,21
Empate,BA,0.0,16:01,4-2-3-1,8956,Sport,C. De Lucena,PE,488780.0,Bahia,4-2-3-1,2025-08-02,0.0,"Adelmar Da Costa Carvalho, Recife",R. Ceni,18
Empate,SP,0.0,16:03,4-2-3-1,8240,Corinthians,V. Luxemburgo Da Silva,SP,,Palmeiras,4-2-3-1,2023-09-03,0.0,Neo Química Arena,A. Moreira Ferreira,22
Botafogo-Rj,RJ,2.0,20:00,5-4-1,8045,Bahia,,BA,,Botafogo-Rj,4-2-3-1,2023-04-24,1.0,Itaipava Arena Fonte Nova,L. Ribeiro De Castro,2
Atletico-Mg,PR,0.0,21:00,,3995,Atletico-Mg,,MG,,Coritiba,,2012-08-09,1.0,Independência,,15
Santos,SP,1.0,11:01,4-1-4-1,6611,Botafogo-Rj,E. De Souza Barroca,RJ,,Santos,4-3-3,2019-07-21,0.0,Estádio Nilton Santos,J. Sampaoli Moya,11
Chapecoense,SC,3.0,21:00,4-2-3-1,5320,Fluminense,E. Baptista,RJ,,Chapecoense,4-2-3-1,2015-11-07,2.0,Maracanã,A. Ferreira,34
Gremio,RJ,0.0,16:01,4-2-3-1,7123,Gremio,Renato Gaúcho,RS,,Vasco,3-4-2-1,2020-12-06,4.0,Arena Do Grêmio,R. Andrade Silva Sá Pinto,24
Gremio,SP,1.0,18:10,,2422,Gremio,,RS,,Portuguesa,,2008-07-06,2.0,Olímpico,,11
Empate,MG,1.0,18:31,4-1-4-1,5604,Ponte Preta,E. Baptista,SP,,America-Mg,4-1-4-1,2016-09-11,1.0,Moisés Lucarelli,E. Alves Moreira,24
Empate,RJ,2.0,22:00,,1753,Sao Caetano,,SP,,Flamengo,,2006-08-23,2.0,Anacleto Campanella,,19
Empate,SP,3.0,19:30,4-2-3-1,8902,Botafogo-Rj,Davide Ancelotti,RJ,381240.0,Mirassol,4-3-3,2025-09-17,3.0,"Estádio Nilton Santos, Rio De Janeiro",Rafael Silva Guanaes,12
Vitoria,BA,1.0,16:00,,339,Internacional,,RS,,Vitoria,,2003-08-30,0.0,Beira Rio,,29
Empate,SP,2.0,21:00,4-2-3-1,8408,Fluminense,F. Diniz Silva,RJ,,Bragantino,4-3-3,2024-04-13,2.0,Maracanã,P. Faria Caixinha,1
Empate,SC,2.0,16:00,,1351,Flamengo,,RJ,,Figueirense,,2005-08-28,2.0,Luso  Brasileiro,,23
Atletico-Mg,RS,0.0,19:30,4-2-3-1,7984,Atletico-Mg,A. Stival,MG,,Juventude,4-2-3-1,2022-10-27,1.0,Mineirão,L. Palavro Zanella,34
Atletico-Go,RS,0.0,16:00,,3643,Atletico-Go,,GO,,Gremio,,2011-08-21,1.0,Serra Dourada,,18
Paysandu,SP,2.0,16:00,,330,Paysandu,,PA,,Ponte Preta,,2003-08-24,3.0,Mangueirão,,28
Bragantino,SP,1.0,19:00,4-4-2,8818,Sport,C. De Lucena,PE,457205.0,Bragantino,4-3-3,2025-04-16,0.0,"Adelmar Da Costa Carvalho, Recife",,4
Cruzeiro,RJ,0.0,18:30,,3005,Cruzeiro,,MG,,Botafogo-Rj,,2009-10-18,1.0,Mineirão,,30
Empate,RJ,1.0,17:30,,6976,Athletico-Pr,E. De Barros,PR,,Botafogo-Rj,3-4-3,2020-09-09,1.0,Estádio Joaquim Américo Guimarães,P. Autuori De Mello,9
Nautico,MG,0.0,16:00,,4092,Nautico,,PE,,Atletico-Mg,,2012-09-16,1.0,Aflitos,,25
Empate,GO,0.0,18:16,,7012,Fortaleza,R. Ceni,CE,,Atletico-Go,4-2-3-1,2020-10-04,0.0,Arena Castelão,V. Carmo Mancini,13
Vasco,RJ,2.0,19:30,,4198,Coritiba,,PR,,Vasco,,2012-11-17,1.0,Couto Pereira,,36
Empate,RJ,2.0,19:00,,8315,Fortaleza,J. Vojvoda,CE,,Botafogo-Rj,4-2-3-1,2023-11-23,2.0,Arena Castelão,,29
Corinthians,SP,2.0,19:30,,4204,Internacional,,RS,,Corinthians,,2012-11-18,0.0,Beira Rio,,36
Palmeiras,SP,2.0,19:00,4-3-3,8936,Fluminense,L. Luis Zubeldia,RJ,905733.0,Palmeiras,4-2-3-1,2025-07-23,1.0,"Maracanã, Rio De Janeiro",A. Ferreira,16
Sport,PE,3.0,19:00,4-2-3-1,6187,Palmeiras,R. Machado Marques,SP,,Sport,4-1-4-1,2018-05-26,2.0,Allianz Parque,C. Dos Santos Oliveira,7
Santos,SP,0.0,16:00,,1640,Santos,,SP,,Corinthians,,2006-05-28,2.0,Vila Belmiro,,8
Coritiba,SC,0.0,20:30,,60,Coritiba,,PR,,Figueirense,,2003-04-21,1.0,Couto Pereira,,5
Empate,SP,3.0,21:45,,1244,Brasiliense,,DF,,Sao Paulo,,2005-07-20,3.0,Boca Do Jacaré,,13
Gremio,RS,2.0,16:01,4-2-3-1,5760,Athletico-Pr,P. Autuori De Mello,PR,,Gremio,4-2-3-1,2017-05-21,0.0,Estádio Joaquim Américo Guimarães,Renato Gaúcho,2
Corinthians,RJ,0.0,21:59,,5137,Corinthians,A. Bacchi,SP,,Vasco,4-3-1-2,2015-07-29,3.0,Neo Química Arena,C. Juarez Roth,16
Figueirense,PR,1.0,18:10,,2344,Figueirense,,SC,,Coritiba,,2008-05-18,2.0,Orlando Scarpelli,,2
Goias,SP,0.0,20:30,,1525,Goias,,GO,,Sao  Paulo,,2005-11-16,3.0,Serra Dourada,,39
Flamengo,CE,1.0,20:00,4-2-3-1,7622,Flamengo,M. Souza,RJ,,Ceara,4-2-3-1,2021-11-30,2.0,Maracanã,T. Retzalff Nunes,36
Empate,CE,1.0,20:30,,482,Internacional,,RS,,Fortaleza,,2003-11-05,1.0,Beira Rio,,41
Chapecoense,PR,1.0,17:05,4-1-4-1,6123,Chapecoense,G. Kleina,SC,,Coritiba,4-2-3-1,2017-12-03,2.0,Arena Condá,M. De Oliveira Santos,38
Avai,GO,2.0,20:00,4-3-3,7684,Avai,E. De Souza Barroca,SC,,Goias,4-3-3,2022-04-25,3.0,Ressacada,J. Ribeiro Ventura,3
Atletico-Mg,RJ,1.0,21:30,3-2-4-1,7106,Atletico-Mg,L. Calixto Zago,MG,,Botafogo-Rj,4-2-3-1,2020-11-25,2.0,Mineirão,E. Díaz,23
Figueirense,PE,0.0,18:10,,1765,Figueirense,,SC,,Santa Cruz,,2006-08-27,2.0,Orlando Scarpelli,,20
Empate,CE,2.0,19:01,3-4-2-1,7717,Sao Paulo,R. Ceni,SP,,Ceara,4-3-3,2022-05-28,2.0,Morumbi,D. Silvestre Júnior,8
Bahia,RS,0.0,19:02,4-2-3-1,8925,Bahia,R. Ceni,BA,660312.0,Internacional,3-4-2-1,2025-10-22,1.0,"Arena Fonte Nova, Salvador",R. Díaz,14
America-Mg,MG,2.0,17:01,4-2-3-1,7486,Cuiaba,J. De Amorim Campos,MT,,America-Mg,4-2-3-1,2021-10-02,0.0,Arena Pantanal,V. Carmo Mancini,23
Cruzeiro,MG,1.0,18:59,4-2-3-1,6214,Ceara,,CE,,Cruzeiro,4-2-3-1,2018-06-03,0.0,Arena Castelão,L. Venker De Menezes,9
Santos,GO,0.0,18:30,,4866,Santos,E. Alves Moreira,SP,,Goias,,2014-09-28,2.0,Estádio Municipal Paulo Machado De Carvalho,,25
Vitoria,BA,2.0,16:00,,2712,Athletico-Pr,,PR,,Vitoria,,2009-05-10,0.0,Arena Da Baixada,,1
Cruzeiro,MG,2.0,19:01,4-1-4-1,6767,Corinthians,F. Carille,SP,,Cruzeiro,4-2-3-1,2019-10-19,1.0,Neo Química Arena,A. Da Silva Braga,27
Cruzeiro,SP,0.0,22:00,,4151,Cruzeiro,,MG,,Corinthians,,2012-10-17,2.0,Independência,,31
Santos,SP,3.0,21:45,,1343,Paysandu,,PA,,Santos,,2005-08-24,2.0,Mangueirão,,22
Internacional,RS,2.0,20:00,3-4-2-1,8380,Cuiaba,A. Cardoso De Oliveira,MT,,Internacional,4-2-3-1,2023-11-29,0.0,Arena Pantanal,E. Coudet,36
Mirassol,SP,1.0,20:30,4-3-3,9115,Mirassol,R. Guanaes,SP,1207940.0,Palmeiras,4-4-2,2025-11-09,2.0,"Campos Maia, Mirassol",A. Ferreira,33
Internacional,PR,0.0,16:00,,3851,Internacional,,RS,,Coritiba,,2012-05-20,2.0,Beira Rio,,1
Empate,MT,0.0,21:01,4-2-3-1,8344,Santos,M. Fernandes,SP,,Cuiaba,5-4-1,2023-11-06,0.0,Estádio  Urbano  Caldeira,A. Cardoso De Oliveira,32
Gremio,MG,1.0,18:30,,4125,Gremio,,RS,,Cruzeiro,,2012-10-06,2.0,Olímpico,,28
Santos,RS,1.0,20:04,4-2-3-1,8965,Santos,J. Vojvoda,SP,2853811.25,Juventude,4-3-3,2025-08-04,3.0,"Estádio Urbano Caldeira, Santos",M. Barbieri,18
Empate,GO,0.0,21:00,,4799,Chapecoense,C. Rodrigues,SC,,Goias,,2014-09-06,0.0,Arena Condá,S. Drubscky De Campos,19
Sao Paulo,RJ,1.0,21:00,,2869,Sao Paulo,,SP,,Botafogo-Rj,,2009-08-05,3.0,Morumbi,,17
Empate,PR,0.0,20:30,,1398,Juventude,,RS,,Coritiba,,2005-09-22,0.0,Alfredo Jaconi,,27
Botafogo-Rj,RS,0.0,18:59,4-2-3-1,5943,Botafogo-Rj,J. Ribeiro Ventura,RJ,,Gremio,4-2-3-1,2017-08-13,1.0,Estádio Nilton Santos,Renato Gaúcho,20
Flamengo,RJ,2.0,17:00,,3068,Corinthians,,SP,,Flamengo,,2009-11-29,0.0,Brinco De Ouro,,37
Mirassol,RJ,1.0,21:00,4-1-2-1-2,8914,Mirassol,R. Guanaes,SP,153760.0,Fluminense,4-2-3-1,2025-10-08,2.0,"Campos Maia, Mirassol",L. Luis Zubeldia,13
Coritiba,PR,3.0,21:50,,3632,Santos,,SP,,Coritiba,,2011-08-17,2.0,Vila Belmiro,,17
Avai,SC,1.0,21:02,4-4-2,5240,Figueirense,R. Rodrigues Simões,SC,,Avai,4-4-1-1,2015-09-16,0.0,Orlando Scarpelli,G. Kleina,26
Sao Paulo,RJ,1.0,16:02,3-5-2,8952,Sao Paulo,,SP,2192997.0,Fluminense,3-5-2,2025-07-27,3.0,"Morumbis, São Paulo",L. Luis Zubeldia,17
Sao Paulo,SP,0.0,18:30,,3029,Sao Paulo,,SP,,Barueri,,2009-10-31,1.0,Morumbi,,33
Empate,RS,0.0,20:00,4-3-3,8564,Cuiaba,B. Franco,MT,,Juventude,4-2-3-1,2024-09-05,0.0,Arena Pantanal,J. Ribeiro Ventura,16
Flamengo,MG,0.0,19:00,4-1-4-1,6137,Flamengo,M. Nogueira Barbieri,RJ,,America-Mg,4-2-3-1,2018-04-21,2.0,Maracanã,E. Alves Moreira,2
Flamengo,RJ,2.0,18:31,4-2-3-1,8803,Vitoria,J. Ventura,BA,1117870.0,Flamengo,4-2-3-1,2025-04-06,1.0,"Barradão, Salvador",F. Luís,2
Coritiba,RJ,1.0,21:00,,4266,Coritiba,,PR,,Fluminense,,2013-06-06,2.0,Couto Pereira,,4
Athletico-Pr,MG,1.0,18:00,,647,Athletico-Pr,,PR,,Cruzeiro,,2004-05-30,3.0,Arena Da Baixada,,8
Santos,SC,1.0,18:10,,2086,Santos,,SP,,Figueirense,,2007-07-22,3.0,Vila Belmiro,,13
Sao Caetano,RJ,0.0,16:00,,342,Sao Caetano,,SP,,Vasco,,2003-08-31,1.0,Anacleto Campanella,,29
Empate,SP,2.0,16:00,4-3-3,8042,Vasco,C. Maldonado,RJ,,Palmeiras,,2023-04-23,2.0,Maracanã,V. Castanheira Penas,2
Corinthians,SP,4.0,16:00,,1623,Vasco,,RJ,,Corinthians,,2006-05-21,2.0,São Januário,,6
Ceara,CE,2.0,20:30,4-4-2,7144,Fortaleza,M. Oliveira Chamusca,CE,,Ceara,,2020-12-20,0.0,Arena Castelão,A. Ferreira,26
Vasco,PE,1.0,18:59,4-2-3-1,5797,Vasco,M. Mendes,RJ,,Sport,4-3-3,2017-06-10,2.0,Estádio Vasco Da Gama,V. Luxemburgo Da Silva,6
Empate,RJ,3.0,20:30,4-2-3-1,7189,Coritiba,J. Bertagnoli,PR,,Fluminense,4-2-3-1,2021-01-20,3.0,Couto Pereira,M. De Oliveira,31
Sport,SC,1.0,18:34,,5475,Sport,O. De Oliveira Filho,PE,,Chapecoense,4-3-2-1,2016-06-26,5.0,Adelmar Da Costa Carvalho,E. Hartkopp,11
Bahia,RS,1.0,16:00,,74,Bahia,,BA,,Gremio,,2003-05-03,2.0,Fonte Nova,,7
Vasco,PR,1.0,21:02,4-2-3-1,8645,Vasco,C. De Paiva,RJ,,Athletico-Pr,3-2-4-1,2024-08-26,2.0,Estádio São Januário,M. Varini Di Zioli,24
Internacional,RS,2.0,20:00,,2074,America-Rn,,RN,,Internacional,,2007-07-14,1.0,Machadão,,11
Figueirense,SP,1.0,21:45,,1308,Figueirense,,SC,,Sao Paulo,,2005-08-10,3.0,Orlando Scarpelli,,19
Empate,SP,0.0,15:59,4-2-3-1,5878,Vasco,M. Mendes,RJ,,Santos,4-2-3-1,2017-07-16,0.0,Estádio Nilton Santos,L. Culpi,14
Empate,CE,2.0,18:15,4-4-2,7373,Cuiaba,J. De Amorim Campos,MT,,Ceara,4-2-3-1,2021-07-11,2.0,Arena Pantanal,A. Ferreira,11
Empate,PR,1.0,20:30,,1311,Flamengo,,RJ,,Parana,,2005-08-11,1.0,Luso Brasileiro,,19
Empate,RJ,0.0,16:01,3-4-2-1,8430,Palmeiras,A. Moreira Ferreira,SP,,Flamengo,4-2-3-1,2024-04-21,0.0,Allianz Parque,A. Bacchi,3
Cruzeiro,BA,1.0,16:02,4-2-3-1,9086,Cruzeiro,T. Tite,MG,2315767.5,Vitoria,,2025-11-01,3.0,"Mineirão, Belo Horizonte",J. Ventura,31
Gremio,RJ,1.0,16:00,,2600,Gremio,,RS,,Botafogo-Rj,,2008-10-04,2.0,Olímpico,,28
Santos,RJ,1.0,18:10,,2574,Santos,,SP,,Fluminense,,2008-09-14,2.0,Vila Belmiro,,25
Vasco,GO,0.0,18:30,,3187,Vasco,,RJ,,Atletico-Go,,2010-07-24,2.0,São Januário,,11
Santo Andre,PE,1.0,16:10,,2769,Santo Andre,,SP,,Sport,,2009-06-20,2.0,Bruno José Daniel,,7
Corinthians,SP,2.0,16:00,,4842,Corinthians,L. Venker De Menezes,SP,,Sao Paulo,,2014-09-21,3.0,Neo Química Arena,M. Ramalho,23
Bahia,BA,1.0,17:00,,4224,Atletico-Go,,GO,,Bahia,,2012-12-02,0.0,Serra Dourada,,38
Palmeiras,SP,1.0,16:00,,2122,Fluminense,,RJ,,Palmeiras,,2007-08-05,0.0,Maracanã,,17
Coritiba,SP,1.0,18:30,,2680,Coritiba,,PR,,Santos,,2008-11-22,5.0,Couto Pereira,,36
Empate,SP,0.0,20:30,,1399,Vasco,,RJ,,Ponte Preta,,2005-09-22,0.0,São Januário,,27
Vitoria,SP,0.0,16:00,,8931,Vitoria,J. Ventura,BA,426340.0,Bragantino,4-2-3-1,2025-07-20,1.0,"Barradão, Salvador",V. Mancini,15
Atletico-Mg,MG,2.0,19:01,4-4-2,7089,Corinthians,V. Carmo Mancini,SP,,Atletico-Mg,4-2-3-1,2020-11-14,1.0,Neo Química Arena,J. Sampaoli Moya,21
Empate,PA,2.0,20:30,,1285,Atletico-Mg,,MG,,Paysandu,,2005-08-03,2.0,Mineirã£O,,17
Fluminense,PR,1.0,16:00,,805,Fluminense,,RJ,,Parana,,2004-08-07,3.0,Raulino De Oliveira,,22
Sao Paulo,PR,1.0,16:00,,1556,Sao Paulo,,SP,,Athletico-Pr,,2005-12-04,3.0,Morumbi,,42
Botafogo-Rj,PR,0.0,20:30,,4567,Botafogo-Rj,,RJ,,Athletico-Pr,,2013-11-16,4.0,Maracanã,,35
Empate,RS,0.0,22:00,4-2-3-1,4853,Fluminense,C. Borges Dos Santos,RJ,,Gremio,4-1-4-1,2014-09-24,0.0,Maracanã,L. Scolari,24
Empate,MG,2.0,19:30,,3598,Gremio,,RS,,Atletico-Mg,,2011-08-03,2.0,Olímpico,,14
Empate,PR,1.0,17:00,4-4-1-1,6036,Vasco,J. Mannarino,RJ,,Coritiba,4-2-3-1,2017-10-21,1.0,Maracanã,M. De Oliveira Santos,30
Fortaleza,SP,1.0,20:01,4-2-3-1,6853,Fortaleza,R. Ceni,CE,,Santos,4-3-3,2019-11-28,2.0,Arena Castelão,J. Sampaoli Moya,35
Gremio,SP,0.0,19:30,,4178,Gremio,,RS,,Ponte Preta,,2012-11-03,1.0,Olã­Mpico,,34
Paysandu,PR,1.0,18:10,,1316,Paysandu,,PA,,Athletico-Pr,,2005-08-13,2.0,Mangueirão,,20
Atletico-Mg,GO,1.0,17:00,,3453,Atletico-Mg,,MG,,Goias,,2010-11-28,3.0,Arena Do Jacaré,,37
Vasco,RS,0.0,18:00,,3698,Vasco,,RJ,,Gremio,,2011-09-17,4.0,São Januário,,24
Empate,SP,1.0,22:00,,4243,Goias,,GO,,Corinthians,,2013-05-29,1.0,Serra Dourada,,2
Botafogo-Rj,RJ,1.0,16:00,,2210,Corinthians,,SP,,Botafogo-Rj,,2007-09-16,0.0,Pacaembu,,26
Fluminense,SP,1.0,21:00,,4428,Fluminense,,RJ,,Portuguesa,,2013-09-14,2.0,Maracanã,,21
Flamengo,RJ,3.0,16:01,3-4-2-1,6148,Ceara,M. Oliveira Chamusca,CE,,Flamengo,4-3-3,2018-04-29,0.0,Arena Castelão,M. Nogueira Barbieri,3
Athletico-Pr,PR,3.0,20:30,,944,Vitoria,,BA,,Athletico-Pr,,2004-09-29,2.0,Barradão,,33
Cruzeiro,RJ,0.0,21:45,,823,Cruzeiro,,MG,,Flamengo,,2004-08-11,2.0,Mineirão,,23
Empate,GO,0.0,19:00,4-2-3-1,6614,Avai,A. Valentim Do Carmo Neto,SC,,Goias,4-2-3-1,2019-07-21,0.0,Ressacada,C. Dos Santos Oliveira,11
Vasco,MG,1.0,18:30,4-1-4-1,8362,Vasco,R. Díaz,RJ,,America-Mg,4-3-3,2023-11-12,2.0,Estádio São Januário,D. Giacomini,34
Fluminense,RJ,1.0,16:00,4-2-3-1,5621,Gremio,J. Freitas,RS,,Fluminense,4-2-3-1,2016-09-18,0.0,Arena Do Grêmio,L. Culpi,26
Empate,PR,0.0,20:30,,4548,Portuguesa,,SP,,Coritiba,,2013-11-09,0.0,Canindé,,33
Empate,SP,2.0,16:00,,2539,Coritiba,,PR,,Sao Paulo,,2008-08-24,2.0,Couto Pereira,,22
Atletico-Mg,MG,2.0,19:31,4-2-3-1,5208,Vasco,J. De Amorim Campos,RJ,,Atletico-Mg,4-2-3-1,2015-09-05,1.0,Maracanã,,23
Goias,SP,1.0,19:30,,3055,Goias,,GO,,Santo Andre,,2009-11-15,3.0,Serra Dourada,,35
Internacional,MG,2.0,16:00,,3678,Internacional,,RS,,America-Mg,,2011-09-07,4.0,Beira Rio,,22
Athletico-Pr,SP,2.0,16:30,4-2-3-1,7777,Athletico-Pr,L. Scolari,PR,,Bragantino,4-2-3-1,2022-06-25,4.0,Estádio Joaquim Américo Guimarães,M. Nogueira Barbieri,14
Fluminense,RJ,1.0,21:30,4-1-4-1,7220,Bahia,L. Cavalcanti,BA,,Fluminense,4-2-3-1,2021-02-03,0.0,Itaipava Arena Fonte Nova,M. De Oliveira,34
Goias,MG,0.0,20:01,4-3-3,6725,Goias,N. Da Silveira Júnior,GO,,Cruzeiro,4-2-3-1,2019-09-30,1.0,Estádio Do Governo Do Estado De Goiás (Serra Dourada),A. Da Silva Braga,22
Internacional,RJ,0.0,16:00,,3313,Internacional,,RS,,Vasco,,2010-09-19,1.0,Beira Rio,,23
Empate,RS,0.0,21:00,4-2-2-2,7223,Athletico-Pr,P. Autuori De Mello,PR,,Internacional,4-1-4-1,2021-02-04,0.0,Estádio Joaquim Américo Guimarães,A. Da Silva Braga,34
Sao Paulo,SC,1.0,20:02,4-2-3-1,8525,Sao Paulo,L. Zubeldía,SP,,Criciuma,4-4-2,2024-06-27,2.0,Morumbis,,12
Corinthians,SP,1.0,19:32,4-2-3-1,5945,Chapecoense,V. Eutrópio,SC,,Corinthians,4-2-3-1,2017-08-23,0.0,Arena Condá,,20
Criciuma,RJ,0.0,16:00,,833,Criciuma,,SC,,Vasco,,2004-08-15,1.0,Heriberto Hulse,,24
Empate,RJ,0.0,17:00,,3463,Santos,,SP,,Flamengo,,2010-12-05,0.0,Vila Belmiro,,38
Gremio,MG,3.0,21:33,4-2-3-1,7644,Gremio,V. Carmo Mancini,RS,,Atletico-Mg,4-2-3-1,2021-12-09,4.0,Arena Do Grêmio,A. Stival,38
Criciuma,SP,0.0,16:00,,54,Criciuma,,SC,,Guarani,,2003-04-20,1.0,Heriberto Hulse,,5
Gremio,RS,3.0,17:00,,3452,Guarani,,SP,,Gremio,,2010-11-28,0.0,Brinco De Ouro,,37
Athletico-Pr,RJ,0.0,10:59,4-2-3-1,6318,Athletico-Pr,T. Retzalff Nunes,PR,,Flamengo,4-2-3-1,2018-08-19,3.0,Estádio Joaquim Américo Guimarães,M. Nogueira Barbieri,19
Cruzeiro,MG,2.0,16:00,,1482,Santos,,SP,,Cruzeiro,,2005-10-30,1.0,Parque Antártica*(Pf),,35
Empate,MG,0.0,19:30,,4885,Fluminense,C. Borges Dos Santos,RJ,,Atletico-Mg,,2014-10-09,0.0,Maracanã,,27
Cruzeiro,RS,0.0,20:59,4-2-3-1,8039,Cruzeiro,P. Marques Da Costa Filipe,MG,,Gremio,4-2-3-1,2023-04-22,1.0,Estádio Raimundo Sampaio,Renato Gaúcho,2
Empate,RJ,1.0,21:10,,3338,Goias,,GO,,Flamengo,,2010-09-28,,Serra Dourada,,26
Vasco,RJ,0.0,19:00,4-4-1-1,6007,Vasco,J. Mannarino,RJ,,Botafogo-Rj,4-2-3-1,2017-10-14,1.0,Maracanã,J. Ribeiro Ventura,28
Empate,PR,2.0,11:02,4-3-1-2,5798,Botafogo-Rj,J. Ribeiro Ventura,RJ,,Coritiba,4-4-2,2017-06-11,2.0,Estádio Nilton Santos,E. Pacheco,6
Figueirense,GO,1.0,19:29,4-3-1-2,5085,Figueirense,A. Fucks,SC,,Goias,4-3-1-2,2015-07-02,3.0,Orlando Scarpelli,A. César,10
Corinthians,RJ,0.0,17:00,4-1-4-1,6646,Corinthians,F. Carille,SP,,Botafogo-Rj,4-3-3,2019-08-17,2.0,Neo Química Arena,E. De Souza Barroca,15
Corinthians,RJ,0.0,15:59,4-2-3-1,5493,Corinthians,C. Borges Dos Santos,SP,,Flamengo,4-2-3-1,2016-07-03,4.0,Neo Química Arena,J. Mannarino,13
Empate,RJ,0.0,20:30,,769,Botafogo-Rj,,RJ,,Flamengo,,2004-07-28,0.0,Maracanã,,19
Juventude,RS,0.0,18:10,,2077,Juventude,,RS,,Internacional,,2007-07-21,2.0,Alfredo Jaconi,,13
Empate,MT,2.0,19:00,3-5-2,7317,Sao Paulo,H. Crespo,SP,,Cuiaba,4-5-1,2021-06-23,2.0,Morumbi,L. Iubel,6
Empate,SP,0.0,20:04,4-1-3-2,8482,Internacional,E. Coudet,RS,,Sao Paulo,4-2-3-1,2024-06-13,0.0,Estádio Heriberto Hülse,L. Zubeldía,8
Coritiba,MG,1.0,19:30,,4525,Coritiba,,PR,,Cruzeiro,,2013-10-20,2.0,Couto Pereira,,30
Atletico-Mg,RS,1.0,18:30,,2718,Atletico-Mg,,MG,,Gremio,,2009-05-16,2.0,Mineirão,,2
Palmeiras,RJ,2.0,21:45,,2091,Palmeiras,,SP,,Vasco,,2007-07-25,3.0,Parque Antártica,,14
Cruzeiro,MG,2.0,19:33,4-2-3-1,8921,Fluminense,L. Luis Zubeldia,RJ,,Cruzeiro,4-2-3-1,2025-07-17,0.0,"Maracanã, Rio De Janeiro",T. Tite,14
Athletico-Pr,MG,0.0,16:00,,952,Athletico-Pr,,PR,,Atletico-Mg,,2004-10-02,5.0,Arena Da Baixada,,34
Bahia,PR,1.0,16:00,3-4-3,8059,Bahia,R. Alves Paiva,BA,,Coritiba,3-4-3,2023-05-07,3.0,Itaipava Arena Fonte Nova,A. Zago,4
Santos,SP,1.0,21:50,,2483,Internacional,,RS,,Santos,,2008-07-30,0.0,Beira Rio,,16
Vasco,RJ,2.0,16:00,,1762,Internacional,,RS,,Vasco,,2006-08-27,1.0,Beira Rio,,20
Avai,MG,0.0,20:00,4-1-4-1,6705,Avai,A. Valentim Do Carmo Neto,SC,,Atletico-Mg,4-2-3-1,2019-09-23,1.0,Ressacada,R. Marques Santana,20
Internacional,PR,0.0,16:00,4-2-3-1,5183,Internacional,A. Fucks,RS,,Athletico-Pr,4-2-3-1,2015-08-23,2.0,Estádio José Pinheiro Borda,M. Mendes,20
Flamengo,RJ,4.0,21:30,4-1-4-1,8540,Atletico-Mg,G. Milito,MG,,Flamengo,4-2-3-1,2024-07-03,2.0,Arena Mrv,A. Bacchi,14
Empate,SC,0.0,16:00,,3704,Athletico-Pr,,PR,,Figueirense,,2011-09-18,0.0,Arena Da Baixada,,24
Internacional,SC,0.0,19:30,,4244,Internacional,,RS,,Criciuma,,2013-05-30,2.0,Centenário (Rs),,2
Empate,GO,0.0,17:00,,689,Vitoria,,BA,,Goias,,2004-07-03,0.0,Barradão,,12
Atletico-Go,SP,0.0,17:00,,3433,Atletico-Go,,GO,,Palmeiras,,2010-11-14,3.0,Serra Dourada,,35
Empate,SC,1.0,19:30,,4956,Atletico-Mg,L. Culpi,MG,,Figueirense,,2014-11-16,1.0,Estádio Raimundo Sampaio,A. Fucks,34
Empate,SP,1.0,21:50,,967,Santos,,SP,,Corinthians,,2004-10-06,1.0,Vila Belmiro,,35
Empate,SP,1.0,18:30,,2714,Gremio,,RS,,Santos,,2009-05-10,1.0,Olã­Mpico,,1
Figueirense,RJ,0.0,19:30,,4768,Figueirense,A. Fucks,SC,,Botafogo-Rj,,2014-08-20,1.0,Orlando Scarpelli,V. Carmo Mancini,16
Ponte Preta,SP,1.0,19:30,,1649,Juventude,,RS,,Ponte Preta,NAN,2006-05-31,0.0,Alfredo Jaconi,,9
Empate,RJ,0.0,19:59,4-2-3-1,6304,Atletico-Mg,T. Mendes Larghi,MG,,Vasco,4-2-3-1,2018-08-23,0.0,Estádio Raimundo Sampaio,V. De Morais Filho,20
Botafogo-Rj,SP,0.0,18:59,4-2-3-1,5976,Botafogo-Rj,J. Ribeiro Ventura,RJ,,Santos,4-2-3-1,2017-09-16,2.0,Estádio Nilton Santos,L. Culpi,24
Fluminense,SP,0.0,16:00,,3584,Fluminense,,RJ,,Palmeiras,,2011-07-24,1.0,Raulino De Oliveira,,11
Sport,PE,2.0,21:01,4-2-3-1,5300,Palmeiras,,SP,,Sport,4-2-3-1,2015-10-24,0.0,Estã¡Dio Municipal Paulo Machado De Carvalho,Falcao,32
Fluminense,PE,0.0,16:00,,1991,Fluminense,,RJ,,Sport,,2007-06-10,3.0,Maracanã£,,5
Santos,RJ,0.0,17:01,,4971,Santos,E. Alves Moreira,SP,,Botafogo-Rj,,2014-11-30,2.0,Estádio Urbano Caldeira,V. Carmo Mancini,37
Palmeiras,SP,2.0,18:00,5-4-1,6784,Avai,E. Spinassé Camillato,SC,,Palmeiras,4-2-3-1,2019-10-27,1.0,Ressacada,L. Venker De Menezes,28
Sao Paulo,BA,0.0,21:00,,3604,Sao Paulo,,SP,,Bahia,,2011-08-04,3.0,Morumbi,,14
Internacional,RJ,0.0,18:59,4-1-4-1,6491,Internacional,O. Hellmann,RS,,Fluminense,4-3-3,2018-11-25,2.0,Estádio José Pinheiro Borda,M. De Oliveira Santos,37
Sao Paulo,GO,0.0,16:00,,8623,Sao Paulo,L. Zubeldía,SP,,Atletico-Go,4-2-3-1,2024-08-11,1.0,Morumbis,U. Louzer Filho,22
Fluminense,RJ,2.0,21:29,4-2-3-1,8071,Cruzeiro,P. Marques Da Costa Filipe,MG,,Fluminense,4-2-3-1,2023-05-10,0.0,Mineirão,F. Diniz Silva,5
Cruzeiro,RS,0.0,19:02,4-3-3,8586,Cruzeiro,F. Seabra,MG,,Juventude,4-2-3-1,2024-07-24,2.0,Mineirão,J. Ribeiro Ventura,19
Empate,MG,0.0,20:00,4-3-3,7975,Fortaleza,,CE,,Atletico-Mg,4-2-3-1,2022-10-24,0.0,Arena Castelão,A. Stival,33
Juventude,RJ,0.0,18:10,,1626,Juventude,,RS,,Botafogo-Rj,,2006-05-21,1.0,Alfredo Jaconi,,6
Criciuma,BA,2.0,16:00,,537,Criciuma,,SC,,Bahia,,2003-12-07,3.0,Heriberto Hulse,,45
Vasco,MG,0.0,19:02,4-1-2-1-2,8767,Vasco,F. Loureiro,RJ,,Atletico-Mg,3-4-3,2024-12-04,2.0,Estádio São Januário,G. Milito,37
Atletico-Go,CE,0.0,17:59,4-3-3,7973,Atletico-Go,E. Do Nascimento Souza,GO,,Ceara,3-4-2-1,2022-10-23,1.0,Estádio Antônio Accioly,L. González,33
Atletico-Go,GO,2.0,17:00,,4213,Palmeiras,,SP,,Atletico-Go,,2012-11-25,1.0,Pacaembu,,37
Bahia,CE,1.0,21:00,4-2-3-1,6457,Bahia,E. Alves Moreira,BA,,Ceara,4-2-3-1,2018-11-14,2.0,Itaipava Arena Fonte Nova,L. Cirne Lima De Lorenzi,34
Empate,MG,1.0,21:00,,3508,America-Mg,,MG,,Cruzeiro,,2011-06-18,10.0,Arena Do Jacaré,,5
Athletico-Pr,SP,0.0,18:30,3-4-3,8395,Athletico-Pr,W. Carvalho,PR,,Santos,4-2-2-2,2023-12-03,3.0,Ligga Arena,M. Fernandes,37
Sao Paulo,SP,3.0,19:00,3-4-3,6894,Goias,G. Ramos Da Silva,GO,,Sao Paulo,4-2-2-2,2020-12-03,0.0,Estádio Da Serrinha,F. Diniz Silva,1
Empate,MG,2.0,18:30,,2709,Avai,,SC,,Atletico-Mg,,2009-05-09,2.0,Ressacada,,1
Atletico-Mg,MG,4.0,22:00,,5032,Avai,G. Kleina,SC,,Atletico-Mg,4-2-3-1,2015-06-03,1.0,Ressacada,L. Culpi,5
Goias,GO,1.0,19:27,4-3-3,6515,Fluminense,F. Diniz Silva,RJ,,Goias,4-2-3-1,2019-04-28,0.0,Maracanã,C. Dos Santos Oliveira,1
Empate,SP,2.0,19:31,,4665,Goias,S. Drubscky De Campos,GO,,Santos,,2014-05-22,2.0,Estádio Do Governo Do Estado De Goiás (Serra Dourada),O. De Oliveira Filho,6
Gremio,SC,0.0,16:00,,4023,Gremio,,RS,,Figueirense,,2012-08-19,4.0,Olímpico,,18
Empate,PR,2.0,18:10,,1855,Palmeiras,,SP,,Athletico-Pr,,2006-10-15,2.0,Parque Antártica,,29
Barueri,BA,0.0,21:00,,2875,Barueri,,SP,,Vitoria,,2009-08-06,4.0,Arena Barueri,,17
Botafogo-Rj,RJ,1.0,16:00,,3031,Internacional,,RS,,Botafogo-Rj,,2009-11-01,0.0,Beira Rio,,33
Empate,SP,1.0,18:10,,1646,Vasco,,RJ,,Sao Paulo,,2006-05-28,1.0,São Januário,,8
Gremio,CE,1.0,19:30,,3418,Gremio,,RS,,Ceara,,2010-11-06,5.0,Olímpico,,34
Ceara,CE,1.0,18:30,,3477,Internacional,,RS,,Ceara,,2011-05-28,0.0,Beira Rio,,2
Flamengo,RJ,2.0,18:10,,1795,Botafogo-Rj,,RJ,,Flamengo,,2006-09-10,0.0,Maracanã,,23
Figueirense,MG,1.0,19:00,,3798,Figueirense,,SC,,Atletico-Mg,,2011-11-12,2.0,Orlando Scarpelli,,34
Atletico-Go,GO,4.0,16:00,,3371,Corinthians,,SP,,Atletico-Go,,2010-10-10,3.0,Pacaembu,,29
Sport,BA,0.0,18:15,4-2-3-1,7202,Sport,J. Ribeiro Ventura,PE,,Bahia,4-2-3-1,2021-01-24,2.0,Adelmar Da Costa Carvalho,L. Cavalcanti,32
Sao Paulo,PR,1.0,11:01,4-2-3-1,5110,Sao Paulo,J. Osorio,SP,,Coritiba,,2015-07-12,3.0,Morumbi,N. Da Silveira Júnior,13
Empate,BA,2.0,20:01,4-2-3-1,6015,Santos,L. Culpi,SP,,Vitoria,4-2-3-1,2017-10-16,2.0,Estádio Municipal Paulo Machado De Carvalho,V. Carmo Mancini,28
Ceara,RS,0.0,18:31,4-2-3-1,8796,Ceara,M. Mozart,CE,472985.0,Gremio,4-2-3-1,2025-04-05,2.0,"Arena Castelão, Fortaleza",L. Castro,2
Parana,RJ,2.0,16:00,,126,Parana,,PR,,Flamengo,,2003-06-01,6.0,Pinheirão,,11
Atletico-Mg,MG,2.0,16:01,4-3-3,5958,Ponte Preta,G. Kleina,SP,,Atletico-Mg,4-2-3-1,2017-08-27,1.0,Moisés Lucarelli,,22
Flamengo,PR,1.0,18:30,,3877,Flamengo,,RJ,,Coritiba,,2012-06-09,3.0,Engenhão,,4
Santos,SC,1.0,18:30,,4454,Santos,,SP,,Criciuma,,2013-09-22,2.0,Vila Belmiro,,23
Corinthians,SP,2.0,16:00,4-2-3-1,7150,Botafogo-Rj,E. De Souza Barroca,RJ,,Corinthians,4-2-3-1,2020-12-27,0.0,Estádio Nilton Santos,V. Carmo Mancini,27
Coritiba,CE,1.0,19:30,,3534,Coritiba,,PR,,Ceara,,2011-06-30,3.0,Couto Pereira,,7
Cuiaba,MT,2.0,11:00,4-3-3,7791,Avai,E. De Souza Barroca,SC,,Cuiaba,4-1-4-1,2022-07-03,1.0,Ressacada,A. Cardoso De Oliveira,15
Atletico-Mg,MG,3.0,16:00,,985,Cruzeiro,,MG,,Atletico-Mg,,2004-10-23,0.0,Mineirão,,37
Empate,GO,1.0,18:00,4-3-3,7784,Ceara,M. Dos Santos Gonçalves,CE,,Atletico-Go,4-2-3-1,2022-06-26,1.0,Arena Castelão,J. De Amorim Campos,14
Empate,GO,1.0,20:30,,2444,Vasco,,RJ,,Goias,,2008-07-17,1.0,São Januário,,12
Fortaleza,CE,2.0,20:00,4-2-3-1,8561,Flamengo,A. Bacchi,RJ,,Fortaleza,4-2-3-1,2024-07-11,1.0,Maracanã,J. Vojvoda,16
Empate,SC,1.0,16:00,,346,Ponte Preta,,SP,,Figueirense,,2003-08-31,1.0,Moisés Lucarelli,,29
Palmeiras,SP,2.0,18:00,,815,Criciuma,,SC,,Palmeiras,,2004-08-08,1.0,Heriberto Hulse,,22
Vitoria,BA,3.0,16:00,4-2-3-1,6169,Vasco,J. Mannarino,RJ,,Vitoria,4-2-3-1,2018-05-13,2.0,Estádio Vasco Da Gama,V. Carmo Mancini,5
Empate,RJ,0.0,11:01,4-2-3-1,5779,Flamengo,J. Mannarino,RJ,,Botafogo-Rj,4-1-4-1,2017-06-04,0.0,Estádio Municipal General Raulino De Oliveira,J. Ribeiro Ventura,4
Sao Paulo,SP,2.0,21:45,,2132,Botafogo-Rj,,RJ,,Sao Paulo,,2007-08-08,0.0,Maracanã,,18
Goias,GO,3.0,20:30,,794,Palmeiras,,SP,,Goias,,2004-08-04,0.0,Parque Antártica,,21
Sao Paulo,CE,0.0,19:16,4-2-3-1,6903,Sao Paulo,F. Diniz Silva,SP,,Fortaleza,4-2-3-1,2020-08-13,1.0,Morumbi,R. Ceni,2
Athletico-Pr,BA,1.0,19:10,,2675,Athletico-Pr,,PR,,Vitoria,,2008-11-16,2.0,Kyocera Arena,,35
Athletico-Pr,RS,0.0,16:00,,94,Athletico-Pr,,PR,,Juventude,,2003-05-11,2.0,Arena Da Baixada,,8
Nautico,PE,0.0,17:00,,4226,Nautico,,PE,,Sport,,2012-12-02,1.0,Aflitos,,38
Figueirense,MG,1.0,18:00,,3758,Figueirense,,SC,,America-Mg,,2011-10-15,2.0,Orlando Scarpelli,,30
Athletico-Pr,SP,0.0,18:30,,2895,Athletico-Pr,,PR,,Barueri,,2009-08-16,3.0,Arena Da Baixada,,19
Sport,SP,0.0,16:00,,2372,Sport,,PE,,Palmeiras,,2008-06-08,2.0,Ilha Do Retiro,,5
Santos,MG,0.0,16:00,,3230,Santos,,SP,,Atletico-Mg,,2010-08-22,2.0,Vila Belmiro,,15
Internacional,RS,0.0,16:00,4-3-3,6362,Internacional,O. Hellmann,RS,,Gremio,4-2-3-1,2018-09-09,1.0,Estádio José Pinheiro Borda,Renato Gaúcho,24
Santos,MG,0.0,20:30,4-3-3,7331,Santos,F. Diniz Silva,SP,,Atletico-Mg,4-1-4-1,2021-06-27,2.0,Estádio Urbano Caldeira,A. Stival,7
Fluminense,SP,1.0,21:45,4-2-3-1,6030,Fluminense,A. Da Silva Braga,RJ,,Sao Paulo,4-1-4-1,2017-10-18,3.0,Maracanã,D. Silvestre Júnior,29
Empate,RJ,1.0,18:10,,1866,Juventude,,RS,,Fluminense,,2006-10-22,1.0,Alfredo Jaconi,,30
Empate,SP,0.0,16:02,,4613,Atletico-Mg,P. Autuori De Mello,MG,,Corinthians,,2014-04-20,0.0,Estádio Municipal Parque Do Sabiá,L. Venker De Menezes,1
Empate,SP,2.0,18:20,,2647,Flamengo,,RJ,,Portuguesa,,2008-11-01,2.0,Maracanã,,33
Figueirense,PR,0.0,18:10,,2245,Figueirense,,SC,,Parana,,2007-10-07,4.0,Orlando Scarpelli,,30
Empate,SP,0.0,16:02,4-1-4-1,5373,Figueirense,V. Eutrópio,SC,,Ponte Preta,4-2-3-1,2016-05-15,0.0,Orlando Scarpelli,E. Baptista,1
Cruzeiro,RJ,0.0,18:10,,2337,Cruzeiro,,MG,,Botafogo-Rj,,2008-05-17,1.0,Mineirão,,2
Botafogo-Rj,RJ,4.0,16:00,,951,Fluminense,,RJ,,Botafogo-Rj,,2004-10-02,1.0,Maracanã,,34
Cruzeiro,RS,2.0,16:00,,1121,Cruzeiro,,MG,,Internacional,,2005-05-01,3.0,Mineirão,,2
Gremio,RS,0.0,18:10,,2216,Gremio,,RS,,Internacional,,2007-09-16,1.0,Olã­Mpico,,26
Atletico-Mg,MG,1.0,20:30,,420,Figueirense,,SC,,Atletico-Mg,,2003-10-09,0.0,Orlando Scarpelli,,35
Athletico-Pr,PR,4.0,18:00,,923,Cruzeiro,,MG,,Athletico-Pr,,2004-09-19,2.0,Mineirã£O,,31
Empate,RS,2.0,19:01,3-5-2,8565,Bragantino,P. Faria Caixinha,SP,,Internacional,4-2-3-1,2024-09-25,2.0,Nabizão,R. Machado Marques,16
Sport,PE,1.0,21:01,4-2-3-1,5409,Santa Cruz,M. Mendes,PE,,Sport,4-2-3-1,2016-06-01,0.0,Estádio Do Arruda,O. De Oliveira Filho,5
Santos,RJ,0.0,20:59,4-1-4-1,5789,Santos,Elano,SP,,Botafogo-Rj,4-4-1-1,2017-06-07,1.0,Estádio Municipal Paulo Machado De Carvalho,J. Ribeiro Ventura,5
Ponte Preta,PR,0.0,17:05,,5745,Ponte Preta,F. Moreira,SP,,Coritiba,4-4-2,2016-11-12,2.0,Moisés Lucarelli,,38
Athletico-Pr,RJ,0.0,16:30,4-2-3-1,7677,Athletico-Pr,F. Carille,PR,,Flamengo,3-4-2-1,2022-04-23,1.0,Estádio Joaquim Américo Guimarães,P. Carvalho De Sousa,3
Flamengo,RS,1.0,11:01,4-2-3-1,5569,Flamengo,,RJ,,Gremio,4-2-3-1,2016-08-21,2.0,Estádio Nacional De Brasília,R. Machado Marques,21
Athletico-Pr,SP,0.0,15:59,3-4-3,8136,Athletico-Pr,W. Carvalho,PR,,Corinthians,4-1-4-1,2023-06-24,1.0,Ligga Arena,V. Luxemburgo Da Silva,12
Coritiba,PA,1.0,16:00,,1204,Coritiba,,PR,,Paysandu,,2005-07-02,3.0,Couto Pereira,,10
Vasco,RJ,2.0,16:00,4-2-3-1,5766,Vasco,M. Mendes,RJ,,Fluminense,4-3-3,2017-05-27,3.0,Estádio Vasco Da Gama,A. Da Silva Braga,3
Empate,MG,0.0,18:30,3-4-2-1,8390,Botafogo-Rj,T. Retzalff Nunes,RJ,,Cruzeiro,4-3-3,2023-12-03,0.0,Estã¡Dio Nilton Santos,P. Autuori De Mello,37
Santos,SP,2.0,16:00,,4020,Santos,,SP,,Corinthians,,2012-08-19,3.0,Vila Belmiro,,18
Empate,RJ,1.0,16:00,,3690,Figueirense,,SC,,Vasco,,2011-09-11,1.0,Orlando Scarpelli,,23
Empate,GO,1.0,18:30,,4035,Bahia,,BA,,Atletico-Go,,2012-08-26,1.0,Pituaçu,,19
Corinthians,SP,3.0,16:00,,1252,Vasco,,RJ,,Corinthians,,2005-07-24,2.0,São Januário,,14
Empate,PE,1.0,19:00,,2204,America-Rn,,RN,,Sport,,2007-09-09,1.0,Machadão,,25
Cruzeiro,RJ,0.0,16:00,,2713,Cruzeiro,,MG,,Flamengo,,2009-05-10,2.0,Mineirão,,1
Parana,SP,0.0,19:00,,2202,Parana,,PR,,Corinthians,,2007-09-09,1.0,Durival De Brito,,25
Empate,RJ,0.0,16:04,,4669,Santos,O. De Oliveira Filho,SP,,Flamengo,,2014-05-25,0.0,Morumbi,N. Da Silveira Júnior,7
Empate,SC,0.0,16:00,4-2-3-1,5143,Internacional,D. Aguirre Camblor,RS,,Chapecoense,4-2-3-1,2015-08-02,0.0,Estádio José Pinheiro Borda,V. Eutrópio,16
Palmeiras,PR,0.0,20:01,4-3-3,5985,Palmeiras,A. Stival,SP,,Coritiba,4-4-1-1,2017-09-18,1.0,Estádio Municipal Paulo Machado De Carvalho,,24
Flamengo,CE,0.0,16:01,4-2-3-1,6566,Flamengo,M. Salles,RJ,,Fortaleza,,2019-06-01,2.0,Estádio Nilton Santos,R. Ceni,7
Empate,PR,0.0,20:30,4-2-3-1,6959,Botafogo-Rj,P. Autuori De Mello,RJ,,Coritiba,4-3-3,2020-09-02,0.0,Estádio Nilton Santos,J. De Amorim Campos,7
Coritiba,BA,1.0,16:00,,1066,Coritiba,,PR,,Vitoria,,2004-11-28,5.0,Couto Pereira,,43
Parana,MG,0.0,16:00,,602,Parana,,PR,,Cruzeiro,,2004-05-08,2.0,Pinheirão,,5
Vasco,SP,0.0,18:30,,4228,Vasco,,RJ,,Portuguesa,,2013-05-25,1.0,São Januário,,1
Internacional,PR,1.0,19:00,4-2-3-1,7589,Internacional,D. Aguirre Camblor,RS,,Athletico-Pr,3-4-3,2021-11-13,,Estádio José Pinheiro Borda,A. Valentim Do Carmo Neto,32
Sao Paulo,SC,2.0,16:00,,77,Sao Paulo,,SP,,Figueirense,,2003-05-04,3.0,Morumbi,,7
Palmeiras,SP,3.0,16:01,4-2-3-1,7560,Gremio,V. Carmo Mancini,RS,,Palmeiras,4-2-3-1,2021-10-31,1.0,Arena Do Grêmio,A. Moreira Ferreira,29
Coritiba,SP,0.0,21:50,,2902,Coritiba,,PR,,Palmeiras,,2009-08-19,1.0,Couto Pereira,,20
Bahia,BA,3.0,22:00,,4831,Botafogo-Rj,V. Carmo Mancini,RJ,,Bahia,,2014-09-17,2.0,Maracanã,G. Kleina,22
Empate,RJ,0.0,20:00,4-2-3-1,6415,Ceara,L. Cirne Lima De Lorenzi,CE,,Botafogo-Rj,4-1-4-1,2018-10-15,0.0,Arena Castelão,J. Mannarino,29
Mirassol,SP,0.0,18:31,4-3-3,9070,Mirassol,R. Guanaes,SP,636980.0,Sao Paulo,3-4-1-2,2025-10-19,3.0,"Campos Maia, Mirassol",H. Crespo,29
Empate,SP,2.0,19:02,4-1-4-1,8007,Coritiba,A. Ferreira,PR,,Corinthians,4-1-4-1,2022-11-09,2.0,Couto Pereira,V. De Oliveira Lopes Pereira,37
Atletico-Mg,MG,1.0,11:01,4-2-3-1,5469,America-Mg,S. De Oliveira Vieira,MG,,Atletico-Mg,4-2-3-1,2016-06-26,0.0,Estádio Raimundo Sampaio,M. De Oliveira Santos,11
Chapecoense,SC,2.0,19:00,4-2-3-1,5954,Palmeiras,,SP,,Chapecoense,4-1-4-1,2017-08-20,0.0,Allianz Parque,V. Eutrópio,21
Empate,RJ,2.0,16:00,,3392,Athletico-Pr,,PR,,Fluminense,,2010-10-24,2.0,Arena Da Baixada,,31
Palmeiras,RS,3.0,21:02,4-2-3-1,5415,Palmeiras,A. Stival,SP,,Gremio,4-2-3-1,2016-06-02,4.0,Estádio Municipal Paulo Machado De Carvalho,R. Machado Marques,5
Sport,PE,3.0,20:30,,2561,Palmeiras,,SP,,Sport,,2008-09-04,0.0,Palestra Itália,,24
Fluminense,RS,0.0,16:00,4-4-2,8162,Fluminense,F. Diniz Silva,RJ,,Internacional,4-3-3,2023-07-09,2.0,Maracanã,L. Venker De Menezes,14
Empate,RS,2.0,18:20,,2636,Atletico-Mg,,MG,,Internacional,,2008-10-25,2.0,Mineirão,,31
Fluminense,GO,0.0,18:30,4-2-3-1,5257,Fluminense,E. Baptista,RJ,,Goias,4-3-2-1,2015-09-26,2.0,Maracanã,A. Alves Da Silva Neto,28
Palmeiras,GO,0.0,19:30,,3533,Palmeiras,,SP,,Atletico-Go,,2011-06-30,2.0,Canindé,,7
Botafogo-Rj,RS,0.0,18:30,4-2-2-2,8577,Botafogo-Rj,A. Torres Gomes Araújo Amorim,RJ,,Internacional,4-1-3-2,2024-07-20,1.0,Estádio Nilton Santos,R. Machado Marques,18
Cruzeiro,PR,1.0,18:00,,239,Cruzeiro,,MG,,Parana,,2003-07-20,5.0,Mineirão,,20
Goias,SC,1.0,18:10,,1605,Goias,,GO,,Figueirense,,2006-05-07,2.0,Serra Dourada,,4
Empate,SP,0.0,19:31,5-4-1,7965,Goias,J. Ribeiro Ventura,GO,,Corinthians,,2022-10-29,0.0,Estádio Da Serrinha,V. De Oliveira Lopes Pereira,32
-,SP,1.0,16:00,,3491,Flamengo,,RJ,,Corinthians,,2011-05-06,1.0,Engenhão,,3
Internacional,SP,0.0,18:10,,1995,Internacional,,RS,,Santos,,2007-10-06,1.0,Beira Rio,,5
Empate,RJ,2.0,18:30,,2826,Botafogo-Rj,,RJ,,Flamengo,,2009-07-19,2.0,Maracanã,,12
Internacional,MG,1.0,16:00,,1352,Internacional,,RS,,Cruzeiro,,2005-08-28,4.0,Beira Rio,,23
Empate,RS,1.0,20:00,4-3-3,8518,Atletico-Go,A. Gomes,GO,,Gremio,4-3-3,2024-06-26,1.0,Estádio Antônio Accioly - Atlético Goianiense,,12
Sao Paulo,SP,0.0,18:10,,1620,Sao Paulo,,SP,,Sao Caetano,,2006-05-20,1.0,Morumbi,,6
Joinville,SC,0.0,21:01,4-2-2-2,5288,Joinville,P. Lopes De Gusmão,SC,,Figueirense,4-2-3-1,2015-10-17,1.0,Arena Joinville,H. Coutinho,31
Empate,RS,0.0,20:30,,2005,Goias,,GO,,Gremio,,2007-07-19,0.0,Serra Dourada,,12
Goias,GO,3.0,16:00,,2231,Botafogo-Rj,,RJ,,Goias,,2007-09-30,0.0,Maracanã,,28
Atletico-Mg,MG,3.0,17:00,4-2-3-1,6042,Cruzeiro,L. Venker De Menezes,MG,,Atletico-Mg,4-2-3-1,2017-10-22,1.0,Mineirão,O. De Oliveira Filho,30
Empate,SP,0.0,18:00,,264,Internacional,,RS,,Sao Caetano,,2003-07-27,0.0,Beira Rio,,22
Vitoria,RS,0.0,19:00,4-2-3-1,9097,Vitoria,J. Ventura,BA,460497.0,Internacional,3-4-2-1,2025-05-11,1.0,"Barradão, Salvador",R. Díaz,32
Avai,PR,0.0,18:00,,3746,Avai,,SC,,Athletico-Pr,,2011-10-09,3.0,Ressacada,,28
Figueirense,MG,1.0,20:30,,2039,Figueirense,,SC,,Cruzeiro,,2007-07-03,2.0,Orlando Scarpelli,,9
Sport,SP,0.0,21:30,4-2-3-1,6996,Sport,J. Ribeiro Ventura,PE,,Corinthians,4-2-3-1,2020-09-23,1.0,Adelmar Da Costa Carvalho,Coelho,12
Cruzeiro,GO,0.0,18:30,,4235,Cruzeiro,,MG,,Goias,,2013-05-26,5.0,Independência,,1
Figueirense,SC,2.0,18:10,,1918,Flamengo,,RJ,,Figueirense,,2006-11-18,0.0,Maracanã,,36
Parana,SP,1.0,19:30,,1829,Parana,,PR,,Ponte Preta,,2006-04-10,2.0,Durival De Brito,,27
Gremio,RJ,0.0,19:00,4-2-3-1,6287,Gremio,Renato Gaúcho,RS,,Flamengo,4-1-4-1,2018-08-04,2.0,Arena Do Grêmio,M. Nogueira Barbieri,17
Atletico-Mg,MG,3.0,17:00,,4209,Botafogo-Rj,,RJ,,Atletico-Mg,,2012-11-25,2.0,Engenhão,,37
Sao Paulo,PR,0.0,20:30,,227,Sao Paulo,,SP,,Athletico-Pr,,2003-07-17,2.0,Morumbi,,19
America-Mg,SP,1.0,17:01,4-2-3-1,6470,America-Mg,G. De Oliveira,MG,,Santos,4-2-3-1,2018-11-18,2.0,Estádio Raimundo Sampaio,A. Stival,35
Botafogo-Rj,SP,0.0,21:50,,847,Botafogo-Rj,,RJ,,Santos,,2004-08-18,2.0,Caio Martins,,25
Empate,BA,0.0,21:00,,4289,Ponte Preta,,SP,,Bahia,,2013-07-13,0.0,Moisés Lucarelli,,7
Santos,MG,0.0,16:02,4-2-3-1,5562,Santos,D. Silvestre Júnior,SP,,Atletico-Mg,4-4-2,2016-08-14,3.0,Estádio Urbano Caldeira,M. De Oliveira Santos,20
Palmeiras,SP,2.0,16:00,,2552,Athletico-Pr,,PR,,Palmeiras,,2008-08-31,1.0,Kyocera Arena,,23
Guarani,CE,1.0,16:00,,117,Guarani,,SP,,Fortaleza,,2003-05-25,2.0,Brinco De Ouro,,10
Empate,SP,1.0,18:31,4-2-3-1,8838,Ceara,M. Mozart,CE,973517.0,Sao Paulo,4-2-3-1,2025-04-26,1.0,"Arena Castelão, Fortaleza",H. Crespo,6
Vasco,RS,0.0,17:59,4-2-3-1,5967,Vasco,J. Mannarino,RJ,,Gremio,4-2-3-1,2017-09-09,1.0,Estádio Vasco Da Gama,Renato Gaúcho,23
Empate,SP,2.0,18:32,4-4-2,8198,Internacional,E. Coudet,RS,,Corinthians,4-3-3,2023-08-05,2.0,Estádio Beira-Rio,V. Luxemburgo Da Silva,18
Corinthians,GO,0.0,16:03,4-3-1-2,8666,Corinthians,R. Díaz,SP,,Atletico-Go,4-2-3-1,2024-09-21,3.0,Neo Química Arena,U. Louzer Filho,27
Athletico-Pr,PR,2.0,19:00,4-2-3-1,7498,Atletico-Go,E. Do Nascimento Souza,GO,,Athletico-Pr,3-4-2-1,2021-10-06,0.0,Estádio Antônio Accioly,A. Valentim Do Carmo Neto,24
Criciuma,RJ,0.0,16:00,,6,Criciuma,,SC,,Fluminense,,2003-03-30,2.0,Heriberto Hulse,,1
Empate,SP,1.0,18:01,4-2-3-1,5343,Flamengo,O. De Oliveira Filho,RJ,,Ponte Preta,4-2-3-1,2015-11-22,10.0,Estádio Nacional De Brasília,F. Moreira,36
Empate,RS,2.0,20:32,4-2-3-1,9114,Fortaleza,,CE,186737.0,Gremio,4-2-3-1,2025-11-09,2.0,"Arena Castelão, Fortaleza",L. Castro,33
Empate,RJ,1.0,21:00,,4324,Goias,,GO,,Vasco,,2013-08-01,1.0,Serra Dourada,,10
Ponte Preta,SC,0.0,16:00,,1064,Ponte Preta,,SP,,Criciuma,,2004-11-28,1.0,Moisés Lucarelli,,43
Empate,SP,0.0,16:00,,2591,Nautico,,PE,,Palmeiras,,2008-09-28,0.0,Aflitos,,27
Atletico-Mg,MG,3.0,18:30,5-4-1,8437,Cuiaba,L. Iubel,MT,,Atletico-Mg,3-5-2,2024-04-27,0.0,Arena Pantanal,G. Milito,4
Empate,SP,3.0,18:00,,3737,Cruzeiro,,MG,,Sao Paulo,,2011-10-05,3.0,Arena Do Jacaré,,28
Cruzeiro,PR,1.0,21:00,,3519,Cruzeiro,,MG,,Coritiba,,2011-06-25,2.0,Arena Do Jacaré,,6
Empate,SP,0.0,18:15,4-4-2,6943,Botafogo-Rj,P. Autuori De Mello,RJ,,Santos,4-3-3,2020-09-20,0.0,Estádio Nilton Santos,A. Stival,11
Vasco,RJ,1.0,16:00,4-3-3,6768,Internacional,R. Colbachini,RS,,Vasco,4-2-3-1,2019-10-20,0.0,Estã¡Dio Josã© Pinheiro Borda,V. Luxemburgo Da Silva,27
Empate,SP,2.0,16:01,4-1-4-1,5622,Chapecoense,L. Saroli Caio Júnior,SC,,Ponte Preta,4-1-4-1,2016-09-18,2.0,Arena Condá,E. Baptista,26
Cruzeiro,RS,0.0,18:10,,1606,Cruzeiro,,MG,,Juventude,,2006-05-07,2.0,Mineirão,,4
Empate,RS,1.0,20:30,,1734,Palmeiras,,SP,,Juventude,,2006-08-17,1.0,Parque Antártica,,17
Corinthians,SP,1.0,21:50,,3813,Ceara,,CE,,Corinthians,,2011-11-16,0.0,Presidente Vargas,,35
Empate,SP,1.0,18:10,,1764,Ponte Preta,,SP,,Palmeiras,,2006-08-27,1.0,Moisés Lucarelli,,20
Fluminense,RJ,0.0,16:00,4-2-3-1,5402,Fluminense,L. Culpi,RJ,,Botafogo-Rj,4-2-3-1,2016-05-29,1.0,Estádio Municipal General Raulino De Oliveira,R. Gomes Raymundo,4
Sao Paulo,MG,0.0,16:00,,2740,Sao Paulo,,SP,,Cruzeiro,,2009-05-31,,Morumbi,,4
Sport,PE,2.0,16:00,,2473,Goias,,GO,,Sport,,2008-07-27,1.0,Serra Dourada,,15
Gremio,CE,1.0,21:00,4-2-3-1,6740,Gremio,Renato Gaúcho,RS,,Ceara,4-2-3-1,2019-10-09,2.0,Estádio Francisco Stédile (Centenário),A. Batista,24
Athletico-Pr,GO,1.0,09:43,,6896,Athletico-Pr,D. Silvestre Júnior,PR,,Goias,4-4-2,2020-08-12,2.0,Estádio Joaquim Américo Guimarães,N. Da Silveira Júnior,2
Sao Paulo,SP,2.0,20:01,4-3-3,7944,America-Mg,V. Carmo Mancini,MG,,Sao Paulo,3-4-1-2,2022-10-06,1.0,Estádio Raimundo Sampaio,R. Ceni,30
Empate,RJ,1.0,19:30,,4207,Vasco,,RJ,,Flamengo,,2012-11-24,1.0,Engenhão,,37
Empate,SP,0.0,16:03,4-2-3-1,6373,Santos,A. Stival,SP,,Sao Paulo,4-2-3-1,2018-09-16,0.0,Estádio Urbano Caldeira,D. Aguirre Camblor,25
Criciuma,RJ,3.0,16:00,,236,Criciuma,,SC,,Flamengo,,2003-07-20,4.0,Heriberto Hulse,,20
Vasco,PR,1.0,19:00,4-3-3,8261,Vasco,R. Díaz,RJ,,Coritiba,4-4-2,2023-09-21,5.0,Estádio São Januário,T. Kosloski,24
Atletico-Mg,MG,0.0,16:00,4-2-3-1,7580,Atletico-Mg,A. Stival,MG,,America-Mg,4-3-3,2021-11-07,1.0,Mineirã£O,M. Dos Santos Gonçalves,30
Empate,SP,2.0,16:01,4-2-3-1,6171,Bahia,A. Ferreira,BA,,Sao Paulo,4-1-4-1,2018-05-13,2.0,Itaipava Arena Fonte Nova,D. Aguirre Camblor,5
Avai,SC,3.0,19:30,,3600,Ceara,,CE,,Avai,,2011-08-03,0.0,Presidente Vargas,,14
Ceara,CE,1.0,16:01,4-1-4-1,6290,Parana,Ademir Fesan,PR,,Ceara,4-2-3-1,2018-08-05,0.0,Vila Capanema,L. Cirne Lima De Lorenzi,17
Bahia,RJ,0.0,16:02,,4633,Bahia,M. Dos Santos Gonçalves,BA,,Botafogo-Rj,,2014-05-04,1.0,Itaipava Arena Fonte Nova,V. Carmo Mancini,3
Bragantino,RS,0.0,21:33,4-2-3-1,7641,Bragantino,M. Nogueira Barbieri,SP,,Internacional,3-4-2-1,2021-12-09,10.0,Nabizão,D. Aguirre Camblor,38
Atletico-Mg,RJ,2.0,16:00,4-2-3-1,6230,Atletico-Mg,,MG,,Fluminense,3-4-2-1,2018-06-10,5.0,Estádio Raimundo Sampaio,A. Da Silva Braga,11
Sao Caetano,PR,2.0,19:30,,1303,Sao Caetano,,SP,,Athletico-Pr,,2005-08-10,3.0,Anacleto Campanella,,19
Empate,PR,1.0,18:10,,1977,Atletico-Mg,,MG,,Athletico-Pr,,2007-06-02,1.0,Mineirão,,4
Santos,PR,0.0,21:00,4-4-2,7917,Santos,O. Ribeiro,SP,,Athletico-Pr,4-2-3-1,2022-09-27,2.0,Estádio Urbano Caldeira,L. Scolari,28
Empate,BA,0.0,16:01,4-2-3-1,5752,Avai,C. Dos Santos Oliveira,SC,,Vitoria,4-2-3-1,2017-05-14,0.0,Ressacada,D. Petkovic,1
Empate,SP,2.0,16:00,,8153,Athletico-Pr,W. Carvalho,PR,,Palmeiras,3-5-2,2023-07-02,2.0,Ligga Arena,J. M. Barreto Martins,13
Empate,SP,3.0,18:30,,3087,Botafogo-Rj,,RJ,,Santos,,2010-05-08,3.0,Engenhão,,1
Fortaleza,BA,1.0,16:01,4-2-3-1,6885,Fortaleza,R. Ceni,CE,,Bahia,4-3-3,2019-12-08,2.0,Arena Castelão,R. Machado Marques,38
Empate,RJ,1.0,18:30,4-2-3-1,7683,Atletico-Go,U. Louzer Filho,GO,,Botafogo-Rj,,2022-04-24,1.0,Estádio Antônio Accioly,L. Castro,3
Empate,SP,1.0,16:00,,3348,Santos,,SP,,Palmeiras,,2010-10-02,1.0,Vila Belmiro,,27
Empate,MG,0.0,19:59,4-5-1,8173,Goias,A. Evangelista Macedo Freitas,GO,,Atletico-Mg,4-2-3-1,2023-07-17,0.0,Estádio Hailé Pinheiro - Serrinha,L. Scolari,15
Vasco,RJ,4.0,21:46,,5871,Vitoria,A. Tadeu Gallo,BA,,Vasco,4-2-3-1,2017-07-12,1.0,Barradão,M. Mendes,13
Atletico-Mg,SC,1.0,19:00,4-2-3-1,6507,Atletico-Mg,R. Marques Santana,MG,,Avai,4-1-4-1,2019-04-27,2.0,Estã¡Dio Raimundo Sampaio,E. Machado Souto,1
Botafogo-Rj,RJ,2.0,18:30,,2797,Avai,,SC,,Botafogo-Rj,,2009-07-11,1.0,Ressacada,,10
Internacional,BA,1.0,16:00,,919,Internacional,,RS,,Vitoria,,2004-09-19,,Beira Rio,,31
Empate,PR,1.0,19:30,,1647,Cruzeiro,,MG,,Athletico-Pr,,2006-05-31,1.0,Mineirão,,9
Palmeiras,SP,0.0,16:01,4-2-3-1,5124,Palmeiras,M. De Oliveira Santos,SP,,Santos,4-2-3-1,2015-07-19,1.0,Allianz Parque,D. Silvestre Júnior,14
Athletico-Pr,PR,2.0,19:21,4-2-3-1,5127,Avai,,SC,,Athletico-Pr,4-2-3-1,2015-07-25,1.0,Ressacada,M. Mendes,15
Corinthians,RJ,0.0,16:02,,4621,Corinthians,L. Venker De Menezes,SP,,Flamengo,,2014-04-27,2.0,Estádio Municipal Paulo Machado De Carvalho,J. De Almeida Filho,2
Palmeiras,SP,2.0,21:30,4-2-4-0,6810,Vasco,,RJ,,Palmeiras,4-2-3-1,2019-11-06,1.0,Estádio Vasco Da Gama,L. Venker De Menezes,31
Internacional,SP,0.0,18:00,,365,Internacional,,RS,,Guarani,,2003-09-20,2.0,Beira Rio,,31
Palmeiras,SP,2.0,16:00,,2141,Atletico-Mg,,MG,,Palmeiras,,2007-08-12,1.0,Mineirão,,19
Botafogo-Rj,RJ,0.0,16:00,4-2-3-1,8151,Botafogo-Rj,C. Da Silva,RJ,,Vasco,4-2-3-1,2023-07-02,2.0,Estádio Nilton Santos,W. B. De Almeida,13
Fortaleza,CE,3.0,18:30,4-2-3-1,8718,Juventude,F. Matias,RS,,Fortaleza,3-1-4-2,2024-11-02,0.0,Alfredo Jaconi,J. Vojvoda,32
Empate,BA,1.0,16:00,,55,Juventude,,RS,,Vitoria,,2003-04-20,1.0,Alfredo Jaconi,,5
Palmeiras,PR,0.0,18:00,,640,Palmeiras,,SP,,Coritiba,,2004-05-29,2.0,Parque Antártica,,8
Figueirense,SP,0.0,16:00,,303,Figueirense,,SC,,Santos,,2003-08-16,1.0,Orlando Scarpelli,,26
Santos,SP,0.0,21:46,4-2-3-1,5811,Santos,L. Culpi,SP,,Palmeiras,4-3-3,2017-06-14,1.0,Estádio Urbano Caldeira,A. Stival,7
Empate,RS,1.0,19:30,,1282,Sao Caetano,,SP,,Juventude,,2005-08-03,1.0,Anacleto Campanella,,17
Botafogo-Rj,RJ,2.0,18:30,,4435,Santos,,SP,,Botafogo-Rj,,2013-09-15,1.0,Vila Belmiro,,21
Santos,RJ,1.0,20:30,,3546,Santos,,SP,,Fluminense,,2011-08-24,2.0,Vila Belmiro,,8
Nautico,SP,0.0,16:00,,4144,Nautico,,PE,,Palmeiras,,2012-10-14,1.0,Aflitos,,30
Cruzeiro,MG,3.0,18:30,,2882,Coritiba,,PR,,Cruzeiro,,2009-08-09,1.0,Couto Pereira,,18
Botafogo-Rj,PR,1.0,20:00,4-2-3-1,6494,Botafogo-Rj,J. Mannarino,RJ,,Parana,4-4-2,2018-11-26,2.0,Estádio Nilton Santos,L. Cavalcanti,37
Flamengo,RJ,1.0,16:00,4-3-3,6952,Santos,A. Stival,SP,,Flamengo,4-2-3-1,2020-08-30,0.0,Estádio Urbano Caldeira,D. Torrent Font,6
Fluminense,RJ,3.0,17:59,4-2-3-1,7244,Ceara,D. Sampaio De Azambuja,CE,,Fluminense,4-2-3-1,2021-02-15,1.0,Arena Castelão,M. De Oliveira,36
Internacional,RS,1.0,18:10,,2594,Internacional,,RS,,Gremio,,2008-09-28,4.0,Beira Rio,,27
Gremio,PR,0.0,18:10,,2394,Gremio,,RS,,Athletico-Pr,,2008-06-22,3.0,Olímpico,,7
Gremio,RS,2.0,16:00,,524,Criciuma,,SC,,Gremio,,2003-11-30,0.0,Heriberto Hulse,,44
Athletico-Pr,PR,0.0,16:00,,6378,Athletico-Pr,T. Retzalff Nunes,PR,,Parana,4-4-2,2018-09-23,3.0,Estádio Joaquim Américo Guimarães,Ademir Fesan,26
Fortaleza,RS,0.0,19:01,4-2-3-1,6938,Fortaleza,R. Ceni,CE,,Internacional,4-1-2-1-2,2020-09-19,1.0,Arena Castelão,E. Coudet,11
Fluminense,RJ,1.0,17:01,4-3-3,6679,Fortaleza,,CE,,Fluminense,4-1-4-1,2019-09-07,0.0,Arena Castelão,,18
Gremio,RJ,0.0,16:00,,3901,Gremio,,RS,,Flamengo,,2012-06-24,2.0,Olímpico,,6
Empate,SP,0.0,15:59,4-2-3-1,7959,Palmeiras,A. Moreira Ferreira,SP,,Sao Paulo,3-4-1-2,2022-10-16,0.0,Allianz Parque,R. Ceni,32
Empate,RJ,1.0,17:03,4-1-4-1,6777,Ceara,A. Batista,CE,,Vasco,4-3-3,2019-10-26,1.0,Arena Castelão,V. Luxemburgo Da Silva,28
Sao Caetano,RS,0.0,20:30,,588,Sao Caetano,,SP,,Juventude,,2004-06-24,1.0,Anacleto Campanella,,3
Corinthians,PR,1.0,21:00,,4189,Corinthians,,SP,,Coritiba,,2012-11-10,5.0,Pacaembu,,35
Empate,RS,2.0,18:30,,3269,Botafogo-Rj,,RJ,,Gremio,,2010-04-09,2.0,Engenhão,,19
Flamengo,PR,0.0,18:10,,1888,Flamengo,,RJ,,Athletico-Pr,,2006-11-04,1.0,Maracanã,,33
Botafogo-Rj,RJ,0.0,20:00,4-4-1-1,8478,Botafogo-Rj,A. Torres Gomes Araújo Amorim,RJ,,Fluminense,4-2-3-1,2024-06-11,1.0,Estádio Nilton Santos,F. Diniz Silva,8
Sao Paulo,SP,2.0,20:32,4-2-3-1,9095,Vasco,F. Diniz,RJ,1367955.0,Sao Paulo,3-4-1-2,2025-11-02,0.0,"Estádio São Januário, Rio De Janeiro",H. Crespo,31
Empate,RJ,1.0,16:00,4-2-3-1,7689,Palmeiras,A. Moreira Ferreira,SP,,Fluminense,4-2-3-1,2022-05-08,1.0,Allianz Parque,,5
Athletico-Pr,PR,3.0,20:01,4-2-3-1,6032,Vitoria,V. Carmo Mancini,BA,,Athletico-Pr,4-2-3-1,2017-10-19,2.0,Barradão,F. Soares Pessoa,29
Atletico-Go,GO,2.0,20:00,4-2-3-1,6091,Botafogo-Rj,J. Ribeiro Ventura,RJ,,Atletico-Go,4-2-3-1,2017-11-16,1.0,Estádio Nilton Santos,J. P. Sanches,35
Empate,MG,1.0,19:31,4-1-4-1,6240,Parana,Ademir Fesan,PR,,Cruzeiro,4-4-2,2018-06-13,1.0,Vila Capanema,L. Venker De Menezes,12
Atletico-Go,GO,1.0,20:30,4-2-3-1,7355,Gremio,,RS,,Atletico-Go,4-2-3-1,2021-07-04,0.0,Arena Do Grêmio,E. De Souza Barroca,9
Fluminense,SP,1.0,16:02,4-2-2-2,7829,Fluminense,F. Diniz Silva,RJ,,Bragantino,4-2-3-1,2022-07-24,2.0,Estádio Municipal General Raulino De Oliveira,M. Nogueira Barbieri,19
Criciuma,PR,1.0,16:00,,761,Criciuma,,SC,,Athletico-Pr,,2004-07-24,4.0,Heriberto Hulse,,18
Flamengo,RJ,0.0,19:00,4-3-3,6256,Flamengo,M. Nogueira Barbieri,RJ,,Botafogo-Rj,4-3-3,2018-07-21,2.0,Maracanã,M. Dias De Castro,14
Santos,PR,0.0,18:10,,1907,Santos,,SP,,Parana,,2006-11-11,1.0,Vila Belmiro,,35
Ceara,CE,3.0,19:00,,3819,Gremio,,RS,,Ceara,,2011-11-19,1.0,Olímpico,,36
Vitoria,PE,0.0,19:30,4-2-3-1,6271,Vitoria,V. Carmo Mancini,BA,,Sport,4-2-3-1,2018-07-26,1.0,Barradão,C. Dos Santos Oliveira,15
Empate,PR,2.0,16:00,,4300,Santos,,SP,,Coritiba,,2013-07-21,2.0,Vila Belmiro,,8
Fluminense,RJ,1.0,15:59,4-2-3-1,5572,Santa Cruz,D. Ghidoni Junior,PE,,Fluminense,4-2-2-2,2016-08-21,0.0,Estádio Do Arruda,L. Culpi,21
Palmeiras,PR,0.0,19:00,4-2-3-1,7943,Palmeiras,J. M. Barreto Martins,SP,,Coritiba,4-2-3-1,2022-10-06,4.0,Allianz Parque,A. Ferreira,30
Internacional,RS,2.0,20:30,,4165,Vasco,,RJ,,Internacional,,2012-10-24,1.0,São Januário,,32
Santos,SP,0.0,16:02,4-2-3-1,5970,Santos,L. Culpi,SP,,Corinthians,4-2-3-1,2017-09-10,2.0,Estádio Urbano Caldeira,F. Carille,23
Flamengo,RJ,5.0,21:50,,3562,Santos,,SP,,Flamengo,,2011-07-27,4.0,Vila Belmiro,,12
Atletico-Mg,RJ,1.0,21:00,,2834,Atletico-Mg,,MG,,Fluminense,,2009-07-23,2.0,Mineirão,,13
Atletico-Mg,SP,0.0,11:00,4-2-3-1,5451,Atletico-Mg,M. De Oliveira Santos,MG,,Ponte Preta,4-2-3-1,2016-06-19,3.0,Estádio Raimundo Sampaio,E. Baptista,9
Atletico-Go,GO,1.0,16:00,,3473,Coritiba,,PR,,Atletico-Go,,2011-05-22,0.0,Couto Pereira,,1
Empate,RJ,2.0,16:00,4-2-3-1,6332,America-Mg,,MG,,Flamengo,4-1-4-1,2018-08-26,2.0,Estádio Raimundo Sampaio,M. Nogueira Barbieri,21
Paysandu,PR,0.0,16:00,,137,Paysandu,,PA,,Parana,,2003-06-08,3.0,Mangueirão,,12
Flamengo,RJ,5.0,16:01,4-2-3-1,7050,Corinthians,V. Carmo Mancini,SP,,Flamengo,4-2-3-1,2020-10-18,1.0,Neo Química Arena,D. Torrent Font,17
Corinthians,SP,2.0,16:01,,4893,Internacional,A. Da Silva Braga,RS,,Corinthians,,2014-10-19,1.0,Estádio José Pinheiro Borda,L. Venker De Menezes,29
Gremio,RJ,1.0,21:45,,2193,Gremio,,RS,,Vasco,,2007-09-05,3.0,Olímpico,,24
Juventude,RJ,0.0,11:00,4-3-3,7731,Juventude,E. Baptista,RS,,Fluminense,4-2-3-1,2022-06-05,1.0,Alfredo Jaconi,F. Diniz Silva,9
Internacional,RS,2.0,19:30,,3178,Atletico-Mg,,MG,,Internacional,,2010-07-21,1.0,Arena Do Jacaré,,10
Figueirense,SP,1.0,18:31,,4864,Figueirense,A. Fucks,SC,,Palmeiras,,2014-09-28,3.0,Orlando Scarpelli,D. Silvestre Júnior,25
Internacional,PR,1.0,18:32,,4637,Internacional,A. Da Silva Braga,RS,,Athletico-Pr,,2014-05-10,2.0,Estádio José Pinheiro Borda,M. Portugal Vicario,4
Avai,SC,1.0,18:31,4-2-3-1,5116,Avai,G. Kleina,SC,,Chapecoense,4-3-1-2,2015-07-12,2.0,Ressacada,V. Eutrópio,13
Coritiba,GO,0.0,11:01,4-2-3-1,7649,Coritiba,G. Morínigo,PR,,Goias,4-4-2,2022-04-10,3.0,Couto Pereira,G. Ramos Da Silva,1
Bahia,RJ,1.0,22:00,,4264,Bahia,,BA,,Botafogo-Rj,,2013-06-05,2.0,Batistão,,4
Empate,RJ,0.0,21:45,,1341,Cruzeiro,,MG,,Flamengo,,2005-08-24,0.0,Mineirão,,22
Empate,SP,0.0,21:01,4-1-4-1,7008,Bragantino,M. Nogueira Barbieri,SP,,Corinthians,4-2-3-1,2020-10-03,0.0,Nabizão,Coelho,13
Empate,GO,1.0,19:15,4-4-2,6957,Fluminense,,RJ,,Atletico-Go,4-2-3-1,2020-09-02,1.0,Maracanã,V. Carmo Mancini,7
Ceara,RS,1.0,16:03,4-2-3-1,8018,Ceara,J. Antonello,CE,,Juventude,4-1-2-1-2,2022-11-13,4.0,Arena Castelão,C. Juarez Roth,38
Bahia,SP,0.0,21:44,4-2-3-1,6243,Bahia,C. Prates,BA,,Corinthians,,2018-06-13,1.0,Itaipava Arena Fonte Nova,O. Loss,12
Empate,SC,1.0,16:01,4-3-3,6883,Vasco,V. Luxemburgo Da Silva,RJ,,Chapecoense,4-1-4-1,2019-12-08,1.0,Maracanã,M. Dos Santos Gonçalves,38
Sao Paulo,SP,3.0,17:00,,4531,Internacional,,RS,,Sao Paulo,,2013-10-27,2.0,Centenário (Rs),,31
Chapecoense,SP,0.0,18:34,,4675,Chapecoense,C. Rodrigues,SC,,Palmeiras,,2014-05-25,2.0,Arena Condá,R. Gareca Nardi,7
Empate,CE,1.0,20:30,4-1-4-1,7004,Santos,A. Stival,SP,,Fortaleza,4-2-3-1,2020-09-27,1.0,Estádio Urbano Caldeira,R. Ceni,12
Cruzeiro,SP,2.0,18:10,,1256,Cruzeiro,,MG,,Santos,,2005-07-24,3.0,Mineirão,,14
Santos,RS,0.0,22:00,,3216,Santos,,SP,,Internacional,,2010-10-13,1.0,Vila Belmiro,,13
Empate,BA,1.0,21:00,,2815,Nautico,,PE,,Vitoria,,2009-07-16,10.0,Aflitos,,11
Sport,MG,1.0,15:58,,4734,Sport,E. Baptista,PE,,Atletico-Mg,,2014-07-27,2.0,Adelmar Da Costa Carvalho,L. Culpi,12
Empate,AL,0.0,19:01,4-3-3,6543,Avai,E. Machado Souto,SC,,Csa,4-2-3-1,2019-05-12,0.0,Ressacada,,4
Vitoria,RJ,1.0,16:20,,4871,Vitoria,N. Da Silveira Júnior,BA,,Botafogo-Rj,,2014-10-04,2.0,Barradão,V. Carmo Mancini,26
Empate,MG,0.0,11:02,4-2-3-1,7902,Botafogo-Rj,L. Castro,RJ,,America-Mg,4-3-3,2022-09-11,0.0,Estádio Nilton Santos,V. Carmo Mancini,26
Empate,BA,1.0,21:30,4-1-4-1,8589,Atletico-Go,V. Carmo Mancini,GO,,Bahia,4-1-3-2,2024-07-24,1.0,Estádio Antônio Accioly - Atlético Goianiense,R. Ceni,19
Atletico-Mg,MG,0.0,21:00,4-4-2,8429,Atletico-Mg,,MG,,Cruzeiro,4-3-3,2024-04-20,3.0,Arena Mrv,F. Seabra,3
Athletico-Pr,SP,2.0,16:00,,1078,Athletico-Pr,,PR,,Sao Caetano,,2004-12-05,5.0,Arena Da Baixada,,44
Cruzeiro,BA,1.0,18:30,,4368,Cruzeiro,,MG,,Vitoria,,2013-08-17,5.0,Mineirão,,15
Athletico-Pr,SP,0.0,20:30,,771,Athletico-Pr,,PR,,Ponte Preta,,2004-07-28,4.0,Arena Da Baixada,,19
Ceara,PE,0.0,16:00,4-2-3-1,8866,Ceara,M. Mozart,CE,501248.0,Sport,4-2-3-1,2025-05-17,2.0,"Arena Castelão, Fortaleza",C. De Lucena,9
Santos,RJ,1.0,16:00,,253,Santos,,SP,,Vasco,,2003-07-26,2.0,Vila Belmiro,,22
Corinthians,SC,1.0,16:33,,4977,Corinthians,L. Venker De Menezes,SP,,Criciuma,,2014-12-06,,Neo Química Arena,L. Vieira,38
Empate,SP,1.0,20:30,,4545,Criciuma,,SC,,Ponte Preta,,2013-11-03,1.0,Heriberto Hulse,,32
Botafogo-Rj,PE,0.0,21:00,4-3-2-1,5568,Botafogo-Rj,,RJ,,Sport,4-2-3-1,2016-08-20,3.0,Helenão,O. De Oliveira Filho,21
Empate,RS,0.0,21:30,4-3-1-2,7941,Flamengo,D. Silvestre Júnior,RJ,,Internacional,4-2-3-1,2022-10-05,0.0,Maracanã,L. Venker De Menezes,30
Empate,SP,0.0,18:00,,717,Athletico-Pr,,PR,,Palmeiras,,2004-07-10,0.0,Arena Da Baixada,,14
Sport,MG,0.0,16:00,,2071,Sport,,PE,,Atletico-Mg,,2007-07-14,2.0,Ilha Do Retiro,,11
Santos,SP,1.0,19:02,4-3-3,5998,Palmeiras,A. Stival,SP,,Santos,4-2-3-1,2017-09-30,0.0,Allianz Parque,L. Culpi,26
Empate,RJ,0.0,16:00,4-2-3-1,6603,Cruzeiro,,MG,,Botafogo-Rj,4-3-3,2019-07-14,0.0,Mineirão,E. De Souza Barroca,10
Ceara,CE,2.0,18:30,4-3-3,7246,Coritiba,,PR,,Ceara,4-2-3-1,2021-02-20,0.0,Couto Pereira,A. Ferreira,37
Flamengo,SC,0.0,21:00,,4179,Flamengo,,RJ,,Figueirense,,2012-11-03,1.0,Raulino De Oliveira,,34
Bahia,SC,0.0,15:59,,4820,Bahia,G. Kleina,BA,,Figueirense,,2014-09-14,3.0,Estádio Alberto Oliveira,A. Fucks,21
Flamengo,BA,3.0,18:14,4-4-2,7143,Flamengo,,RJ,,Bahia,4-1-4-1,2020-12-20,4.0,Maracanã,L. Venker De Menezes,26
Corinthians,PE,0.0,21:00,4-2-3-1,7195,Corinthians,V. Carmo Mancini,SP,,Sport,4-2-3-1,2021-01-21,3.0,Neo Química Arena,J. Ribeiro Ventura,31
Cruzeiro,PA,3.0,18:10,,1464,Cruzeiro,,MG,,Paysandu,,2005-10-22,4.0,Mineirão,,33
Botafogo-Rj,RJ,3.0,16:00,4-2-3-1,5990,Coritiba,,PR,,Botafogo-Rj,4-2-3-1,2017-09-24,2.0,Couto Pereira,J. Ribeiro Ventura,25
Atletico-Mg,SC,1.0,16:00,,2010,Atletico-Mg,,MG,,Figueirense,,2007-06-17,4.0,Mineirão,,6
Cuiaba,SP,1.0,18:30,4-3-3,8178,Cuiaba,B. Lazaroni,MT,,Sao Paulo,4-2-3-1,2023-07-22,2.0,Arena Pantanal,D. Silvestre Júnior,16
Empate,CE,2.0,16:00,,405,Juventude,,RS,,Fortaleza,,2003-10-05,2.0,Alfredo Jaconi,,34
Internacional,SP,0.0,16:00,,385,Internacional,,RS,,Santos,,2003-09-27,1.0,Beira Rio,,33
Botafogo-Rj,RJ,1.0,20:30,,1634,Botafogo-Rj,,RJ,,Vasco,,2006-05-25,4.0,Maracanã,,7
Goias,PR,1.0,18:30,,4795,Goias,S. Drubscky De Campos,GO,,Athletico-Pr,,2014-08-31,3.0,Estádio Do Governo Do Estado De Goiás (Serra Dourada),,18
Athletico-Pr,PR,0.0,16:29,4-4-2,6986,Athletico-Pr,E. De Barros,PR,,Coritiba,4-2-3-1,2020-09-12,1.0,Estádio Joaquim Américo Guimarães,J. De Amorim Campos,10
Botafogo-Rj,RJ,3.0,19:30,,3916,Corinthians,,SP,,Botafogo-Rj,,2012-07-11,1.0,Pacaembu,,7
Empate,BA,1.0,18:30,,4159,Corinthians,,SP,,Bahia,,2012-10-20,1.0,Pacaembu,,32
Cuiaba,MT,2.0,17:00,4-3-3,7457,Juventude,M. Dos Santos Gonçalves,RS,,Cuiaba,4-2-3-1,2021-09-11,1.0,Alfredo Jaconi,J. De Amorim Campos,20
Bahia,RJ,1.0,21:31,4-2-3-1,8416,Bahia,R. Ceni,BA,,Fluminense,4-2-3-1,2024-04-16,2.0,Arena Fonte Nova,F. Diniz Silva,2
Palmeiras,GO,0.0,19:00,,2205,Palmeiras,,SP,,Goias,,2007-09-09,2.0,Parque Antártica,,25
Athletico-Pr,RS,1.0,20:30,,1017,Athletico-Pr,,PR,,Internacional,,2004-10-30,2.0,Serra Dourada,,39
Empate,SC,1.0,18:31,4-2-3-1,5125,Cruzeiro,V. Luxemburgo Da Silva,MG,,Avai,4-2-3-1,2015-07-19,1.0,Mineirão,G. Kleina,14
Internacional,RS,4.0,18:15,4-2-2-2,7414,Flamengo,Renato Gaúcho,RJ,,Internacional,4-2-3-1,2021-08-08,0.0,Maracanã,D. Aguirre Camblor,15
-,SP,1.0,18:30,3-4-1-2,9001,Corinthians,D. Junior,SP,3208887.3,Palmeiras,4-4-2,2025-08-31,1.0,"Neo Química Arena, São Paulo",A. Ferreira,22
Fluminense,PE,1.0,21:00,,2874,Fluminense,,RJ,,Sport,,2009-08-06,5.0,Maracanã,,17
Empate,SC,1.0,16:00,,10,Vitoria,,BA,,Figueirense,,2003-03-30,1.0,Barradão,,1
Sao Paulo,SP,2.0,18:10,,1839,Fluminense,,RJ,,Sao Paulo,,2006-10-07,1.0,Maracanã,,28
Corinthians,MG,0.0,19:32,,4815,Corinthians,L. Venker De Menezes,SP,,Atletico-Mg,,2014-09-11,1.0,Neo Química Arena,L. Culpi,20
Coritiba,PR,3.0,16:00,,259,Criciuma,,SC,,Coritiba,,2003-07-27,2.0,Heriberto Hulse,,22
Atletico-Go,SP,1.0,18:14,4-2-3-1,7033,Atletico-Go,V. Carmo Mancini,GO,,Bragantino,,2020-10-11,2.0,Estádio  Olímpico  Pedro  Ludovico  Teixeira,M. Nogueira Barbieri,15
Empate,RS,1.0,19:33,4-2-3-1,5714,Sao Paulo,R. Gomes Raymundo,SP,,Gremio,4-2-3-1,2016-11-17,1.0,Morumbi,Renato Gaúcho,35
Santos,MG,1.0,18:30,,3327,Santos,,SP,,Cruzeiro,,2010-09-25,4.0,Arena Barueri,,25
Empate,SP,1.0,16:30,5-4-1,7716,Goias,J. Ribeiro Ventura,GO,,Bragantino,4-2-3-1,2022-05-28,1.0,Estádio Da Serrinha,M. Nogueira Barbieri,8
Vasco,RJ,2.0,16:00,,1582,Ponte Preta,,SP,,Vasco,,2006-04-23,1.0,Moisés Lucarelli,,2
Ponte Preta,SP,1.0,20:30,,925,Figueirense,,SC,,Ponte Preta,,2004-09-24,0.0,Orlando Scarpelli,,32
Cruzeiro,SC,0.0,18:30,,2780,Cruzeiro,,MG,,Avai,,2009-06-27,1.0,Mineirão,,8
Botafogo-Rj,RJ,3.0,16:01,4-2-3-1,7892,Fortaleza,J. Vojvoda,CE,,Botafogo-Rj,4-2-3-1,2022-09-04,1.0,Arena Castelão,L. Castro,25
Athletico-Pr,SC,1.0,19:01,3-4-2-1,6133,Athletico-Pr,F. Diniz Silva,PR,,Chapecoense,5-4-1,2018-04-15,5.0,Estádio Joaquim Américo Guimarães,G. Kleina,1
Flamengo,GO,1.0,16:59,,5322,Flamengo,O. De Oliveira Filho,RJ,,Goias,4-2-3-1,2015-11-08,4.0,Maracanã,,34
Flamengo,CE,1.0,19:00,4-4-2,7318,Flamengo,R. Ceni,RJ,,Fortaleza,3-4-1-2,2021-06-23,2.0,Maracanã,J. Vojvoda,6
Corinthians,SP,1.0,21:31,4-3-3,7107,Coritiba,,PR,,Corinthians,4-2-3-1,2020-11-25,0.0,Couto Pereira,V. Carmo Mancini,23
Avai,SC,2.0,19:00,4-1-4-1,6044,Ponte Preta,E. Baptista,SP,,Avai,4-2-3-1,2017-10-22,1.0,Moisés Lucarelli,C. Dos Santos Oliveira,30
Empate,SP,1.0,18:00,,3776,Flamengo,,RJ,,Santos,,2011-10-23,1.0,Engenhão,,31
Santos,SC,1.0,18:31,,4844,Santos,E. Alves Moreira,SP,,Figueirense,,2014-09-21,3.0,Estádio Urbano Caldeira,A. Fucks,23
Corinthians,RS,0.0,19:31,,4964,Corinthians,L. Venker De Menezes,SP,,Gremio,,2014-11-23,1.0,Neo Química Arena,L. Scolari,36
Juventude,SP,1.0,18:00,,540,Juventude,,RS,,Sao Caetano,,2003-12-07,2.0,Alfredo Jaconi,,45
Flamengo,PR,0.0,16:00,4-4-2,7490,Flamengo,Renato Gaúcho,RJ,,Athletico-Pr,3-4-2-1,2021-10-03,3.0,Maracanã,B. Lazaroni,23
Corinthians,BA,0.0,16:00,,3722,Corinthians,,SP,,Bahia,,2011-09-25,1.0,Pacaembu,,26
Empate,MG,0.0,16:00,4-2-3-1,6819,Cruzeiro,A. Da Silva Braga,MG,,Atletico-Mg,4-2-3-1,2019-11-10,0.0,Mineirão,V. Carmo Mancini,32
Cruzeiro,SP,0.0,19:30,,4470,Cruzeiro,,MG,,Portuguesa,,2013-10-02,4.0,Mineirão,,25
Guarani,SC,1.0,16:00,,669,Guarani,,SP,,Criciuma,,2004-06-20,2.0,Brinco De Ouro,,10
Empate,SP,0.0,17:10,4-2-3-1,7586,Atletico-Go,M. Ribeiro Cabo,GO,,Santos,3-4-1-2,2021-11-13,0.0,Estádio Antônio Accioly,F. Carille,32
Botafogo-Rj,MG,0.0,20:30,4-2-3-1,8555,Botafogo-Rj,A. Torres Gomes Araújo Amorim,RJ,,Atletico-Mg,3-4-2-1,2024-07-07,3.0,Estádio Nilton Santos,G. Milito,15
Empate,SC,1.0,16:00,4-2-3-1,5065,Sao Paulo,J. Osorio,SP,,Avai,4-3-1-2,2015-06-21,1.0,Morumbi,G. Kleina,8
Fluminense,RJ,6.0,21:45,,1363,Cruzeiro,,MG,,Fluminense,,2005-09-07,2.0,Mineirão,,24
Empate,SP,2.0,17:01,,7117,Santos,,SP,,Palmeiras,4-2-3-1,2020-12-05,2.0,Estádio Urbano Caldeira,A. Moreira Ferreira,24
Atletico-Mg,SP,0.0,16:00,3-5-2,8670,Atletico-Mg,G. Milito,MG,,Bragantino,,2024-09-22,3.0,Arena Mrv,P. Faria Caixinha,27
Botafogo-Rj,RJ,1.0,17:00,,2704,Palmeiras,,SP,,Botafogo-Rj,,2008-12-07,0.0,Palestra Itália,,38
Fluminense,RJ,2.0,16:00,,3333,Vitoria,,BA,,Fluminense,,2010-09-26,1.0,Barradão,,25
Internacional,GO,0.0,18:32,4-2-3-1,8054,Internacional,L. Venker De Menezes,RS,,Goias,4-2-3-1,2023-04-30,1.0,Estádio Beira-Rio,E. Rodrigues De Ávila,3
Botafogo-Rj,RJ,1.0,18:30,,3588,Cruzeiro,,MG,,Botafogo-Rj,,2011-07-30,0.0,Arena Do Jacaré,,13
Coritiba,MG,0.0,21:01,4-2-3-1,5646,Coritiba,P. Carpegiani,PR,,America-Mg,4-1-4-1,2016-10-03,3.0,Couto Pereira,E. Alves Moreira,28
Flamengo,RS,0.0,18:30,,3377,Flamengo,,RJ,,Internacional,,2010-10-16,3.0,Engenhão,,30
Botafogo-Rj,RJ,1.0,20:30,,1261,Sao Caetano,,SP,,Botafogo-Rj,,2005-07-27,0.0,Anacleto Campanella,,15
Avai,SP,0.0,21:02,4-2-3-1,5349,Avai,R. Maia Cabral,SC,,Ponte Preta,4-2-3-1,2015-11-28,1.0,Ressacada,F. Moreira,37
Empate,RJ,1.0,21:50,,4176,Atletico-Mg,,MG,,Flamengo,,2012-10-31,1.0,Independência,,33
Atletico-Mg,PE,2.0,18:30,,4911,Atletico-Mg,L. Culpi,MG,,Sport,,2014-10-25,3.0,Estádio Raimundo Sampaio,E. Baptista,31
Internacional,RJ,0.0,16:00,,1853,Internacional,,RS,,Fluminense,,2006-10-15,2.0,Beira Rio,,29
Palmeiras,RJ,0.0,21:00,4-1-4-1,6299,Palmeiras,L. Scolari,SP,,Botafogo-Rj,4-1-4-1,2018-08-22,2.0,Allianz Parque,J. Mannarino,20
Cruzeiro,RS,2.0,16:00,,2121,Cruzeiro,,MG,,Internacional,,2007-08-05,3.0,Mineirão,,17
Vitoria,RJ,1.0,16:00,,133,Vitoria,,BA,,Fluminense,,2003-06-07,2.0,Barradão,,12
Empate,RJ,1.0,18:00,,929,Guarani,,SP,,Fluminense,,2004-09-25,,Brinco De Ouro,,32
Santos,SP,3.0,21:45,,824,Vasco,,RJ,,Santos,,2004-08-11,2.0,São Januário,,23
Bragantino,CE,0.0,18:58,4-2-3-1,7588,Bragantino,M. Nogueira Barbieri,SP,,Fortaleza,3-4-1-2,2021-11-13,3.0,Nabizão,J. Vojvoda,32
Athletico-Pr,PR,2.0,20:30,,1532,Cruzeiro,,MG,,Athletico-Pr,,2005-11-17,1.0,Mineirão,,39
Figueirense,RS,2.0,17:00,,505,Figueirense,,SC,,Internacional,,2003-11-22,3.0,Orlando Scarpelli,,43
Empate,SP,0.0,16:00,4-2-3-1,6532,Csa,M. Ribeiro Cabo,AL,,Santos,3-4-3,2019-05-05,0.0,Estádio Rei Pelé,J. Sampaoli Moya,3
Internacional,CE,1.0,19:29,4-2-3-1,8593,Internacional,R. Machado Marques,RS,,Fortaleza,4-2-3-1,2024-09-11,2.0,Estádio Beira-Rio,J. Vojvoda,19
Flamengo,RJ,2.0,15:59,4-4-2,6621,Flamengo,J. Pinheiro De Jesus,RJ,,Botafogo-Rj,4-1-4-1,2019-07-28,3.0,Maracanã,E. De Souza Barroca,12
Empate,RJ,1.0,21:50,,3712,Atletico-Mg,,MG,,Flamengo,,2011-09-21,1.0,Arena Do Jacaré,,25
Gremio,RS,2.0,15:58,,4862,Botafogo-Rj,V. Carmo Mancini,RJ,,Gremio,,2014-09-28,0.0,Maracanã,L. Scolari,25
Gremio,SC,0.0,15:58,,4761,Gremio,L. Scolari,RS,,Criciuma,,2014-08-17,2.0,Arena Do Grêmio,W. Lopes,15
Botafogo-Rj,RJ,2.0,21:00,,4271,Ponte Preta,,SP,,Botafogo-Rj,,2013-06-08,0.0,Moisés Lucarelli,,5
Botafogo-Rj,SP,0.0,19:30,,4187,Botafogo-Rj,,RJ,,Portuguesa,,2012-11-10,3.0,Engenhão,,35
Corinthians,RJ,0.0,17:01,4-1-4-1,5301,Corinthians,A. Bacchi,SP,,Flamengo,4-2-3-1,2015-10-25,1.0,Neo Química Arena,O. De Oliveira Filho,32
Internacional,GO,0.0,18:30,,2925,Internacional,,RS,,Goias,,2009-08-30,4.0,Beira Rio,,22
Santos,SP,0.0,21:31,4-3-3,6590,Santos,J. Sampaoli Moya,SP,,Corinthians,,2019-06-12,1.0,Estádio Urbano Caldeira,,9
Sao Paulo,SP,1.0,22:00,,1813,Sao Caetano,,SP,,Sao Paulo,,2006-09-20,0.0,Anacleto Campanella,,25
Palmeiras,PR,0.0,18:30,,3487,Palmeiras,,SP,,Athletico-Pr,,2011-06-04,1.0,Canindé,,3
Internacional,RJ,2.0,20:30,4-4-2,7424,Internacional,D. Aguirre Camblor,RS,,Fluminense,4-3-1-2,2021-08-15,4.0,Estádio José Pinheiro Borda,R. Machado Marques,16
Flamengo,RJ,1.0,21:50,,3142,Palmeiras,,SP,,Flamengo,,2010-06-02,0.0,Pacaembu,,6
Empate,CE,0.0,21:00,,8448,Corinthians,A. Cardoso De Oliveira,SP,,Fortaleza,4-2-3-1,2024-05-04,0.0,Neo  Química  Arena,J. Vojvoda,5
Cruzeiro,MG,1.0,16:00,,4312,Cruzeiro,,MG,,Atletico-Mg,,2013-07-28,4.0,Mineirão,,9
Fortaleza,CE,2.0,21:30,4-3-3,7502,Fluminense,M. De Oliveira,RJ,,Fortaleza,3-4-2-1,2021-10-06,0.0,Maracanã,,24
Vasco,MT,0.0,19:01,4-2-3-1,8594,Vasco,C. De Paiva,RJ,,Cuiaba,4-2-3-1,2024-10-24,1.0,Estádio São Januário,B. Franco,19
Sao Paulo,RJ,0.0,21:45,4-2-3-1,8696,Sao Paulo,L. Zubeldía,SP,,Vasco,4-2-3-1,2024-10-16,3.0,Estã¡Dio Brinco De Ouro,C. De Paiva,30
Empate,PE,0.0,19:29,4-2-3-1,5542,Gremio,R. Machado Marques,RS,,Santa Cruz,4-2-3-1,2016-08-04,0.0,Arena Do Grêmio,M. Mendes,18
Empate,MG,2.0,20:00,4-2-3-1,6175,Ceara,M. Oliveira Chamusca,CE,,America-Mg,4-2-3-1,2018-05-14,2.0,Arena Castelão,E. Alves Moreira,5
Atletico-Mg,PR,0.0,16:00,,1541,Atletico-Mg,,MG,,Coritiba,,2005-11-20,1.0,Mineirão,,40
Cruzeiro,RJ,2.0,17:00,,2682,Cruzeiro,,MG,,Flamengo,,2008-11-23,3.0,Mineirão,,36
Internacional,RS,1.0,19:29,4-2-3-1,6297,Bahia,E. Alves Moreira,BA,,Internacional,4-2-3-1,2018-08-22,0.0,Itaipava Arena Fonte Nova,O. Hellmann,20
Parana,MG,0.0,16:00,,1193,Parana,,PR,,Atletico-Mg,,2005-06-25,1.0,Pinheirão,,9
Chapecoense,SC,3.0,16:59,4-2-3-1,5294,Gremio,,RS,,Chapecoense,4-2-3-1,2015-10-18,2.0,Arena Do Grêmio,,31
Palmeiras,SP,6.0,18:10,,1543,Ponte Preta,,SP,,Palmeiras,,2005-11-20,2.0,Moisés Lucarelli,,40
Palmeiras,SP,2.0,16:00,,2540,Palmeiras,,SP,,Portuguesa,,2008-08-24,4.0,Pacaembu,,22
Figueirense,RJ,2.0,16:00,,954,Figueirense,,SC,,Flamengo,,2004-10-02,3.0,Orlando Scarpelli,,34
Empate,MG,1.0,16:00,4-2-3-1,6733,Palmeiras,L. Venker De Menezes,SP,,Atletico-Mg,5-4-1,2019-10-06,1.0,Allianz Parque,R. Marques Santana,23
Empate,MG,0.0,18:29,,4858,Sport,E. Baptista,PE,,Cruzeiro,,2014-09-27,0.0,Arena De Pernambuco,M. De Oliveira Santos,25
Gremio,RS,0.0,18:00,4-2-3-1,6802,Gremio,Renato Gaúcho,RS,,Internacional,4-2-3-1,2019-11-03,2.0,Arena Do Grêmio,J. Mannarino,30
Empate,PR,1.0,21:28,4-2-3-1,8013,Atletico-Go,E. Do Nascimento Souza,GO,,Athletico-Pr,4-2-3-1,2022-11-09,1.0,Estádio Antônio Accioly,L. Scolari,37
Corinthians,SP,2.0,16:00,,4333,Criciuma,,SC,,Corinthians,,2013-04-08,0.0,Heriberto Hulse,,11
Flamengo,RJ,0.0,19:30,4-2-3-1,8935,Flamengo,F. Luís,RJ,4386336.5,Fluminense,3-4-1-2,2025-07-20,1.0,"Maracanã, Rio De Janeiro",L. Luis Zubeldia,15
Empate,RJ,0.0,22:00,4-2-3-1,5335,Santos,D. Silvestre Júnior,SP,,Flamengo,4-2-3-1,2015-11-19,0.0,Estádio Urbano Caldeira,O. De Oliveira Filho,35
Bragantino,SP,1.0,20:00,4-2-3-1,7335,Atletico-Go,E. De Souza Barroca,GO,,Bragantino,4-2-3-1,2021-06-28,0.0,Estádio Antônio Accioly,M. Nogueira Barbieri,7
Chapecoense,RJ,0.0,16:00,4-4-2,4741,Chapecoense,C. Rodrigues,SC,,Flamengo,4-2-3-1,2014-08-03,1.0,Arena Condá,V. Luxemburgo Da Silva,13
Atletico-Mg,SP,1.0,19:30,4-2-3-1,5306,Atletico-Mg,L. Culpi,MG,,Ponte Preta,4-2-3-1,2015-10-25,2.0,Estádio Raimundo Sampaio,F. Moreira,32
Internacional,RJ,0.0,22:00,4-2-3-1,5162,Internacional,O. Hellmann,RS,,Fluminense,4-2-3-1,2015-08-12,1.0,Estádio José Pinheiro Borda,E. Alves Moreira,18
Fortaleza,CE,1.0,16:00,4-2-3-1,7861,Ceara,M. Dos Santos Gonçalves,CE,,Fortaleza,4-2-3-1,2022-08-14,0.0,Arena Castelão,J. Vojvoda,22
Flamengo,RJ,2.0,16:00,,1063,Palmeiras,,SP,,Flamengo,,2004-11-28,1.0,Parque Antártica,,43
Juventude,RS,2.0,18:10,,1169,Coritiba,,PR,,Juventude,,2005-05-29,1.0,Couto Pereira,,6
Figueirense,SC,2.0,18:00,,3639,Corinthians,,SP,,Figueirense,,2011-08-20,0.0,Pacaembu,,18
Cuiaba,MT,1.0,18:00,3-5-2,7652,Fortaleza,J. Vojvoda,CE,,Cuiaba,4-4-2,2022-04-10,0.0,Arena Castelão,L. De Oliveira Preto,1
Figueirense,PR,0.0,16:01,4-4-1-1,5588,Figueirense,T. Guimarães,SC,,Athletico-Pr,4-2-3-1,2016-09-07,1.0,Orlando Scarpelli,,23
Vasco,MG,2.0,21:00,4-2-3-1,7197,Vasco,,RJ,,Atletico-Mg,3-1-4-2,2021-01-23,3.0,Estádio Vasco Da Gama,J. Sampaoli Moya,32
Sao Paulo,SP,2.0,21:50,,4492,Cruzeiro,,MG,,Sao Paulo,,2013-10-09,0.0,Mineirão,,27
Bahia,SP,0.0,20:00,4-3-3,7267,Bahia,L. Cavalcanti,BA,,Santos,4-3-3,2021-05-29,3.0,Estádio De Pituaçu,F. Diniz Silva,1
Goias,SC,2.0,17:00,,4986,Goias,S. Drubscky De Campos,GO,,Chapecoense,,2014-12-07,4.0,Estádio Do Governo Do Estado De Goiás (Serra Dourada),C. Rodrigues,38
Internacional,RS,2.0,15:59,4-4-1-1,8339,Cruzeiro,J. Mannarino,MG,,Internacional,4-2-3-1,2023-11-05,1.0,Mineirão,E. Coudet,32
Sao Paulo,SP,0.0,19:31,,4955,Sao Paulo,M. Ramalho,SP,,Palmeiras,,2014-11-16,2.0,Morumbi,D. Silvestre Júnior,34
Internacional,PR,0.0,18:30,,2783,Internacional,,RS,,Coritiba,,2009-06-28,3.0,Beira Rio,,8
Fluminense,SP,1.0,21:50,,2503,Fluminense,,RJ,,Sao Paulo,,2008-06-08,3.0,Maracanã,,18
Botafogo-Rj,GO,0.0,18:30,,4172,Botafogo-Rj,,RJ,,Atletico-Go,,2012-10-27,4.0,Engenhão,,33
Athletico-Pr,PR,2.0,18:29,4-2-3-1,8083,Athletico-Pr,P. Turra,PR,,Coritiba,5-4-1,2023-05-14,3.0,Ligga Arena,A. Zago,6
Coritiba,PA,0.0,18:00,,396,Coritiba,,PR,,Paysandu,,2003-09-28,1.0,Couto Pereira,,33
Internacional,RS,5.0,21:30,4-4-2,7190,Sao Paulo,F. Diniz Silva,SP,,Internacional,4-1-4-1,2021-01-20,1.0,Morumbi,A. Da Silva Braga,31
Botafogo-Rj,RJ,3.0,21:50,,4493,Nautico,,PE,,Botafogo-Rj,,2013-10-09,1.0,Arena Pernambuco,,27
Cruzeiro,SP,1.0,18:31,4-2-2-2,8790,Cruzeiro,T. Tite,MG,2089452.0,Mirassol,4-2-3-1,2025-03-29,2.0,"Mineirão, Belo Horizonte",R. Guanaes,1
Vitoria,SP,1.0,20:59,4-2-3-1,5919,Vitoria,,BA,,Ponte Preta,4-3-3,2017-08-02,3.0,Barradão,G. Kleina,18
Empate,SP,2.0,21:50,,2917,Barueri,,SP,,Corinthians,,2009-08-26,2.0,Arena Barueri,,22
Palmeiras,SP,3.0,19:59,4-2-3-1,5645,Santa Cruz,D. Ghidoni Junior,PE,,Palmeiras,4-2-3-1,2016-10-03,,Estádio Do Arruda,,28
Figueirense,SC,2.0,18:00,,3767,Palmeiras,,SP,,Figueirense,,2011-10-22,1.0,Canindé,,31
Internacional,RS,2.0,17:00,,3441,Botafogo-Rj,,RJ,,Internacional,,2010-11-21,1.0,Engenhão,,36
Empate,PE,1.0,19:15,4-3-3,7362,Atletico-Go,E. De Souza Barroca,GO,,Sport,4-2-3-1,2021-07-07,1.0,Estádio Antônio Accioly,U. Louzer Filho,10
Corinthians,CE,2.0,19:30,4-2-3-1,6806,Corinthians,Coelho,SP,,Fortaleza,4-2-3-1,2019-11-06,3.0,Neo Química Arena,R. Ceni,31
Flamengo,RS,0.0,20:30,,2036,Flamengo,,RJ,,Juventude,,2007-08-23,4.0,Maracanã,,8
Corinthians,PR,0.0,19:29,4-2-3-1,5105,Corinthians,A. Bacchi,SP,,Athletico-Pr,4-2-3-1,2015-07-09,2.0,Neo Química Arena,M. Mendes,12
Empate,BA,1.0,20:30,,4081,Sport,,PE,,Bahia,,2012-09-12,1.0,Ilha Do Retiro,,24
Flamengo,RJ,1.0,16:00,,1123,Figueirense,,SC,,Flamengo,,2005-05-01,0.0,Orlando Scarpelli,,2
Santos,PE,0.0,18:30,,2787,Santos,,SP,,Sport,,2009-07-04,1.0,Vila Belmiro,,9
Santo Andre,BA,0.0,18:30,,2968,Santo Andre,,SP,,Vitoria,,2009-10-03,1.0,Bruno José Daniel,,27
Botafogo-Rj,RJ,2.0,20:30,,2505,Figueirense,,SC,,Botafogo-Rj,,2008-08-07,1.0,Orlando Scarpelli,,18
Cruzeiro,MG,2.0,15:59,4-2-3-1,5991,Atletico-Go,J. P. Sanches,GO,,Cruzeiro,4-2-2-2,2017-09-24,1.0,Estádio Olímpico Pedro Ludovico Teixeira,L. Venker De Menezes,25
Sao Paulo,RS,1.0,21:01,4-2-3-1,8868,Sao Paulo,H. Crespo,SP,1713422.0,Gremio,4-2-3-1,2025-05-17,2.0,"Morumbis, São Paulo",,9
Santos,SP,1.0,16:00,4-4-2,7169,Sao Paulo,F. Diniz Silva,SP,,Santos,4-1-4-1,2021-01-10,0.0,Morumbi,A. Stival,29
Coritiba,PR,3.0,20:30,,729,Vasco,,RJ,,Coritiba,,2004-07-13,2.0,São Januário,,15
Cuiaba,RS,0.0,18:59,4-3-3,7600,Cuiaba,J. De Amorim Campos,MT,,Internacional,4-2-3-1,2021-11-17,1.0,Arena Pantanal,D. Aguirre Camblor,33
Flamengo,MG,0.0,19:01,4-2-3-1,7557,Flamengo,Renato Gaúcho,RJ,,Atletico-Mg,4-2-3-1,2021-10-30,1.0,Maracanã,A. Stival,29
Empate,PR,2.0,20:30,,413,Ponte Preta,,SP,,Athletico-Pr,,2003-10-08,2.0,Moisés Lucarelli,,35
Empate,MG,1.0,16:01,4-2-3-1,5746,Flamengo,J. Mannarino,RJ,,Atletico-Mg,4-3-2-1,2017-05-13,1.0,Maracanã,,1
Palmeiras,SP,0.0,19:00,4-2-3-1,7678,Palmeiras,A. Moreira Ferreira,SP,,Corinthians,4-3-3,2022-04-23,3.0,Arena Barueri,V. De Oliveira Lopes Pereira,3
Empate,MG,1.0,20:30,,826,Sao Caetano,,SP,,Atletico-Mg,,2004-08-12,1.0,Anacleto Campanella,,23
Empate,SP,0.0,16:00,,3270,Flamengo,,RJ,,Santos,,2010-05-09,0.0,Maracanã,,19
Santos,SP,1.0,18:30,,3975,Santos,,SP,,Ponte Preta,,2012-07-29,2.0,Vila Belmiro,,13
Vasco,PE,1.0,21:00,,8809,Vasco,F. Diniz,RJ,,Sport,4-5-1,2025-12-04,3.0,"Estádio São Januário, Rio De Janeiro",C. De Lucena,3
Athletico-Pr,MG,2.0,19:00,3-4-3,8307,Athletico-Pr,W. Carvalho,PR,,America-Mg,5-3-2,2023-10-25,3.0,Ligga Arena,F. Bustos,29
Internacional,SC,0.0,20:30,,418,Internacional,,RS,,Criciuma,,2003-10-09,2.0,Beira Rio,,35
Flamengo,RJ,2.0,13:22,4-1-4-1,6750,Athletico-Pr,T. Retzalff Nunes,PR,,Flamengo,4-2-3-1,2019-10-13,0.0,Estádio Joaquim Américo Guimarães,J. Pinheiro De Jesus,25
Bahia,BA,2.0,21:01,4-3-1-2,8980,Corinthians,D. Junior,SP,2823725.0,Bahia,4-3-3,2025-08-16,1.0,"Neo Química Arena, São Paulo",R. Ceni,20
Nautico,PE,2.0,18:10,,2097,Santos,,SP,,Nautico,,2007-07-28,1.0,Vila Belmiro,,15
Fluminense,RS,0.0,21:00,4-2-3-1,8958,Fluminense,,RJ,692951.5,Gremio,4-2-3-1,2025-08-02,1.0,"Maracanã, Rio De Janeiro",,18
Empate,SP,1.0,20:00,4-3-1-2,5728,Botafogo-Rj,,RJ,,Ponte Preta,4-1-4-1,2016-11-26,1.0,Luso-Brasileiro,E. Baptista,37
Vasco,SC,1.0,18:30,,4108,Vasco,,RJ,,Figueirense,,2012-09-29,3.0,São Januário,,27
Empate,GO,3.0,18:30,,4385,Internacional,,RS,,Goias,,2013-08-25,3.0,Estádio Do Vale,,16
Empate,GO,1.0,19:59,4-4-1-1,7725,Internacional,L. Venker De Menezes,RS,,Atletico-Go,4-2-3-1,2022-05-30,,Estádio José Pinheiro Borda,J. De Amorim Campos,8
Empate,PR,3.0,18:00,,1067,Gremio,,RS,,Athletico-Pr,,2004-11-28,3.0,Colosso Da Lagoa,,43
Flamengo,GO,2.0,18:30,,3914,Flamengo,,RJ,,Atletico-Go,,2012-07-01,3.0,Engenhão,,7
Vitoria,PR,1.0,19:30,4-2-3-1,5537,Vitoria,V. Carmo Mancini,BA,,Coritiba,4-1-4-1,2016-08-03,3.0,Estádio Alberto Oliveira,E. Pacheco,18
Coritiba,RJ,0.0,16:01,4-1-4-1,8003,Coritiba,A. Ferreira,PR,,Flamengo,4-3-3,2022-06-11,1.0,Couto Pereira,D. Silvestre Júnior,36
Botafogo-Rj,PR,1.0,19:31,4-2-3-1,5388,Botafogo-Rj,R. Gomes Raymundo,RJ,,Athletico-Pr,4-2-3-1,2016-05-25,2.0,Helenão,B. Marques Fernandes Pivetti,3
Palmeiras,SC,0.0,17:03,4-3-3,5731,Palmeiras,A. Stival,SP,,Chapecoense,4-1-4-1,2016-11-27,1.0,Allianz Parque,L. Saroli Caio Júnior,37
Empate,SP,0.0,18:30,,2739,Atletico-Mg,,MG,,Santo Andre,,2009-05-30,0.0,Mineirão,,4
Empate,GO,0.0,10:59,4-2-3-1,5053,Ponte Preta,A. Ferreira,SP,,Goias,4-3-1-2,2015-06-14,0.0,Moisés Lucarelli,H. Pinto Dos Anjos,7
Internacional,SP,1.0,16:00,,4002,Internacional,,RS,,Ponte Preta,,2012-08-12,,Beira Rio,,16
Vitoria,RJ,2.0,20:30,,2430,Vitoria,,BA,,Botafogo-Rj,,2008-07-09,5.0,Barradão,,10
Fortaleza,AL,0.0,19:02,4-2-3-1,6843,Fortaleza,R. Ceni,CE,,Csa,4-2-3-1,2019-11-17,3.0,Arena Castelão,A. Fucks,33
Parana,MG,0.0,16:00,,1688,Parana,,PR,,Cruzeiro,,2006-07-22,1.0,Pinheirão,,13
Sao Paulo,SC,0.0,20:30,,852,Sao Paulo,,SP,,Criciuma,,2004-08-19,2.0,Morumbi,,25
Santos,PE,0.0,15:59,4-3-3,6316,Santos,A. Stival,SP,,Sport,4-2-3-1,2018-08-18,3.0,Estádio Urbano Caldeira,E. Baptista,19
Bahia,SP,1.0,16:01,4-2-3-1,9091,Bahia,R. Ceni,BA,1524916.0,Bragantino,4-2-3-1,2025-11-02,2.0,"Arena Fonte Nova, Salvador",V. Mancini,31
Atletico-Mg,MG,2.0,15:59,4-2-3-1,5879,Atletico-Go,,GO,,Atletico-Mg,4-2-3-1,2017-07-16,1.0,Estádio Olímpico Pedro Ludovico Teixeira,R. Machado Marques,14
Empate,RS,1.0,18:31,5-3-2,8532,Criciuma,C. Tencati,SC,,Internacional,,2024-06-30,1.0,Estádio Heriberto Hülse,E. Coudet,13
Palmeiras,SP,3.0,16:00,,2841,Corinthians,,SP,,Palmeiras,,2009-07-26,0.0,Eduardo José Farah,,14
Athletico-Pr,RS,0.0,16:00,,4610,Athletico-Pr,M. Portugal Vicario,PR,,Gremio,,2014-04-20,1.0,Orlando Scarpelli,E. Alves Moreira,1
Gremio,BA,0.0,16:00,,2490,Gremio,,RS,,Vitoria,,2008-08-03,,Olímpico,,17
Bahia,SP,1.0,16:00,4-2-3-1,6910,Bahia,R. Machado Marques,BA,,Bragantino,4-1-4-1,2020-08-16,2.0,Estádio De Pituaçu,F. De Oliveira Conceição,3
Juventude,SC,0.0,18:00,4-3-3,7394,Juventude,,RS,,Chapecoense,4-3-3,2021-07-26,1.0,Alfredo Jaconi,J. Ribeiro Ventura,13
Cruzeiro,PE,0.0,21:50,,2851,Cruzeiro,,MG,,Sport,,2009-07-29,1.0,Mineirã£O,,15
Bahia,AL,0.0,17:01,4-2-3-1,6667,Bahia,R. Machado Marques,BA,,Csa,4-4-2,2019-08-31,1.0,Itaipava Arena Fonte Nova,A. Fucks,17
Gremio,SP,1.0,16:01,4-2-3-1,5882,Gremio,Renato Gaúcho,RS,,Ponte Preta,5-3-2,2017-07-16,3.0,Arena Do Grêmio,G. Kleina,14
Athletico-Pr,SP,0.0,18:30,,4455,Athletico-Pr,,PR,,Ponte Preta,,2013-09-22,1.0,Vila Capanema,,23
Gremio,RS,1.0,18:59,4-4-2,7315,Cuiaba,J. De Amorim Campos,MT,,Gremio,4-2-3-1,2021-08-18,0.0,Arena Pantanal,L. Scolari,5
Bahia,RJ,0.0,21:01,4-2-3-1,6484,Bahia,E. Alves Moreira,BA,,Fluminense,3-4-2-1,2018-11-22,2.0,Itaipava Arena Fonte Nova,M. De Oliveira Santos,36
Sao Paulo,SP,2.0,19:01,4-2-3-1,6618,Fluminense,F. Diniz Silva,RJ,,Sao Paulo,4-2-3-1,2019-07-27,1.0,Maracanã,A. Stival,12
Empate,PR,0.0,11:02,4-2-3-1,5189,Gremio,,RS,,Coritiba,4-4-2,2015-08-30,0.0,Arena Do Grãªmio,N. Da Silveira Júnior,21
Empate,GO,1.0,18:00,4-2-3-1,7254,Palmeiras,A. Moreira Ferreira,SP,,Atletico-Go,4-2-3-1,2021-02-22,1.0,Allianz Parque,M. Ribeiro Cabo,37
Bahia,BA,1.0,18:30,,3507,Fluminense,,RJ,,Bahia,,2011-06-18,0.0,Engenhão,,5
Palmeiras,SP,0.0,16:00,,1680,Palmeiras,,SP,,Corinthians,,2006-07-16,1.0,Morumbi,,12
Corinthians,SP,0.0,21:00,,4252,Corinthians,,SP,,Ponte Preta,,2013-06-01,1.0,Pacaembu,,3
Goias,GO,2.0,18:30,,3148,Flamengo,,RJ,,Goias,,2010-06-05,1.0,Maracanã,,7
Gremio,MG,1.0,19:01,4-2-3-1,8131,Gremio,Renato Gaúcho,RS,,America-Mg,4-1-4-1,2023-06-22,3.0,Arena Do Grêmio,V. Carmo Mancini,11
Empate,RJ,1.0,11:00,4-3-3,7009,Botafogo-Rj,B. Lazaroni,RJ,,Fluminense,4-2-3-1,2020-10-04,1.0,Estádio  Nilton  Santos,O. Hellmann,13
Ponte Preta,GO,0.0,20:30,,581,Ponte Preta,,SP,,Goias,,2004-04-28,2.0,Moisés Lucarelli,,3
Botafogo-Rj,PE,1.0,16:00,,4072,Botafogo-Rj,,RJ,,Nautico,,2012-09-09,3.0,Engenhão,,23
Empate,MG,0.0,22:00,,3346,Ceara,,CE,,Atletico-Mg,,2010-09-29,0.0,Castelão,,26
Empate,BA,1.0,21:00,4-2-3-1,7409,Cuiaba,J. De Amorim Campos,MT,,Bahia,4-1-3-2,2021-08-07,1.0,Arena Pantanal,L. Cavalcanti,15
Gremio,PR,0.0,18:00,,3673,Gremio,,RS,,Athletico-Pr,,2011-09-04,4.0,Olímpico,,21
Parana,SP,2.0,21:45,,560,Parana,,PR,,Santos,,2004-04-21,3.0,Pinheirão,,1
Empate,PE,1.0,19:30,,5237,Joinville,P. Lopes De Gusmão,SC,,Sport,4-2-2-2,2015-09-16,1.0,Arena Joinville,E. Baptista,26
Empate,RS,0.0,16:30,4-2-3-1,7806,Athletico-Pr,L. Scolari,PR,,Internacional,4-2-3-1,2022-07-16,0.0,Estádio Joaquim Américo Guimarães,L. Venker De Menezes,17
Paysandu,SP,2.0,17:00,,1082,Paysandu,,PA,,Guarani,,2004-11-12,4.0,Mangueirão,,45
Empate,SP,1.0,18:10,,1665,Juventude,,RS,,Sao Paulo,,2006-06-04,1.0,Alfredo Jaconi,,10
Empate,SP,1.0,16:00,,1932,Vasco,,RJ,,Santos,,2006-11-26,1.0,São Januário,,37
Coritiba,PR,4.0,18:10,,1152,Fluminense,,RJ,,Coritiba,,2005-05-21,2.0,Raulino De Oliveira,,5
Flamengo,RJ,2.0,16:00,,2840,Santos,,SP,,Flamengo,,2009-07-26,1.0,Vila Belmiro,,14
Empate,SP,1.0,16:01,4-2-3-1,5949,Avai,C. Dos Santos Oliveira,SC,,Sao Paulo,4-2-3-1,2017-08-20,1.0,Ressacada,D. Silvestre Júnior,21
Palmeiras,SP,0.0,19:59,4-3-1-2,8310,Palmeiras,,SP,,Sao Paulo,,2023-10-25,5.0,Allianz  Parque,D. Silvestre Júnior,29
Empate,SP,2.0,18:30,4-2-3-1,8946,Sport,C. De Lucena,PE,971720.0,Santos,4-4-2,2025-07-26,2.0,"Adelmar Da Costa Carvalho, Recife",J. Vojvoda,17
Santos,SC,2.0,18:30,4-2-3-1,5178,Santos,D. Silvestre Júnior,SP,,Avai,4-2-3-1,2015-08-22,5.0,Estádio Urbano Caldeira,G. Kleina,20
Flamengo,RS,0.0,18:00,,831,Flamengo,,RJ,,Gremio,,2004-08-14,3.0,Maracanã,,24
Corinthians,SP,1.0,21:30,4-3-3,8312,Cuiaba,A. Cardoso De Oliveira,MT,,Corinthians,,2023-10-25,0.0,Arena Pantanal,L. Venker De Menezes,29
Empate,SC,0.0,16:02,,4763,Vitoria,J. Da Silva,BA,,Chapecoense,,2014-08-17,0.0,Barradão,C. Rodrigues,15
Empate,SC,1.0,16:00,,637,Fluminense,,RJ,,Criciuma,,2004-05-29,1.0,Maracanã,,8
Cruzeiro,MG,2.0,18:30,,4466,Internacional,,RS,,Cruzeiro,,2013-09-29,1.0,Estádio Do Vale,,24
Athletico-Pr,AL,0.0,13:25,4-2-3-1,6801,Athletico-Pr,,PR,,Csa,4-2-3-1,2019-11-03,1.0,Estádio Joaquim Américo Guimarães,A. Fucks,30
Empate,MG,2.0,21:31,3-5-2,7988,Sao Paulo,R. Ceni,SP,,Atletico-Mg,4-2-3-1,2022-11-01,2.0,Morumbi,A. Stival,35
Santos,RS,0.0,16:30,4-2-3-1,7087,Santos,M. Fernandes,SP,,Internacional,4-4-2,2020-11-14,2.0,Estádio Urbano Caldeira,A. Da Silva Braga,21
Coritiba,BA,1.0,16:00,,4143,Coritiba,,PR,,Bahia,,2012-10-14,2.0,Couto Pereira,,30
Botafogo-Rj,RJ,2.0,18:16,4-2-3-1,7032,Sport,J. Ribeiro Ventura,PE,,Botafogo-Rj,,2020-10-11,1.0,Adelmar Da Costa Carvalho,B. Lazaroni,15
Fluminense,RS,1.0,20:30,,877,Fluminense,,RJ,,Internacional,,2004-01-09,3.0,Maracanã,,28
Empate,GO,2.0,21:02,,4880,Vitoria,N. Da Silveira Júnior,BA,,Goias,,2014-10-08,2.0,Barradão,S. Drubscky De Campos,27
Goias,RS,1.0,19:30,4-2-3-1,5316,Goias,D. Sérgio,GO,,Internacional,4-2-3-1,2015-11-01,2.0,Estádio Do Governo Do Estado De Goiás (Serra Dourada),A. Fucks,33
Empate,RJ,1.0,22:02,4-1-2-1-2,5221,Coritiba,N. Da Silveira Júnior,PR,,Fluminense,,2015-09-09,1.0,Couto Pereira,E. Alves Moreira,24
Empate,SP,1.0,16:00,,5,Internacional,,RS,,Ponte Preta,,2003-03-30,1.0,Beira Rio,,1
Avai,SP,1.0,17:00,,3052,Avai,,SC,,Corinthians,,2009-11-15,3.0,Ressacada,,35
Empate,PR,0.0,18:30,4-2-3-1,5692,Botafogo-Rj,J. Ribeiro Ventura,RJ,,Coritiba,4-1-4-1,2016-10-29,0.0,Luso-Brasileiro,P. Carpegiani,33
Fluminense,RJ,1.0,19:30,,3118,Fluminense,,RJ,,Flamengo,,2010-05-26,2.0,Maracanã,,4
Cruzeiro,MG,2.0,16:00,,2492,Flamengo,,RJ,,Cruzeiro,,2008-08-03,1.0,Maracanã,,17
Empate,SP,0.0,18:30,,3855,Bahia,,BA,,Santos,,2012-05-20,0.0,Pituaçu,,1
Internacional,RS,1.0,18:32,,4787,Palmeiras,R. Gareca Nardi,SP,,Internacional,,2014-08-30,0.0,Estádio Municipal Paulo Machado De Carvalho,A. Da Silva Braga,18
Atletico-Mg,SP,1.0,18:59,,7518,Atletico-Mg,A. Stival,MG,,Santos,3-4-1-2,2021-10-13,3.0,Mineirão,F. Carille,26
Atletico-Mg,MG,1.0,21:00,,6458,Parana,L. Cavalcanti,PR,,Atletico-Mg,4-2-3-1,2018-11-14,0.0,Vila Capanema,L. Culpi,34
Empate,PR,0.0,16:00,4-2-2-2,6306,Ceara,L. Cirne Lima De Lorenzi,CE,,Athletico-Pr,4-2-3-1,2018-08-11,0.0,Estádio Presidente Vargas,,18
Juventude,PA,0.0,16:00,,1150,Juventude,,RS,,Paysandu,,2005-05-21,2.0,Alfredo Jaconi,,5
Empate,SP,1.0,18:00,,575,Criciuma,,SC,,Sao Paulo,,2004-04-25,1.0,Heriberto Hulse,,2
Avai,RJ,2.0,18:00,,3770,Avai,,SC,,Botafogo-Rj,,2011-10-22,3.0,Ressacada,,31
-,RS,2.0,19:30,,4147,Fluminense,,RJ,,Gremio,,2012-10-17,2.0,Engenhão,,31
-,RS,1.0,16:00,,854,Corinthians,,SP,,Gremio,,2004-08-21,1.0,Pacaembu,,26
Palmeiras,SP,2.0,21:46,4-2-3-1,5922,Botafogo-Rj,J. Ribeiro Ventura,RJ,,Palmeiras,4-2-3-1,2017-08-02,1.0,Estádio Nilton Santos,A. Stival,18
Athletico-Pr,PR,2.0,13:58,,6617,Cruzeiro,L. Venker De Menezes,MG,,Athletico-Pr,4-2-3-1,2019-07-27,0.0,Mineirão,T. Retzalff Nunes,12
Atletico-Go,GO,2.0,16:03,,6003,Avai,C. Dos Santos Oliveira,SC,,Atletico-Go,4-2-3-1,2017-10-01,0.0,Ressacada,J. P. Sanches,26
Atletico-Mg,RJ,0.0,16:04,4-2-3-1,9164,Atletico-Mg,J. Sampaoli,MG,,Vasco,4-2-3-1,2025-12-07,5.0,"Arena Mrv, Belo Horizonte",F. Diniz,38
Flamengo,RS,1.0,21:00,,4496,Flamengo,,RJ,,Internacional,,2013-10-10,2.0,Maracanã,,27
Palmeiras,CE,1.0,16:00,4-2-3-1,8176,Palmeiras,A. Moreira Ferreira,SP,,Fortaleza,,2023-07-22,3.0,Allianz Parque,J. Vojvoda,16
Bahia,BA,1.0,11:00,4-2-3-1,6656,Atletico-Mg,R. Marques Santana,MG,,Bahia,4-3-3,2019-08-24,0.0,Estádio Raimundo Sampaio,R. Machado Marques,16
Empate,PE,0.0,18:10,,2369,Ipatinga,,MG,,Nautico,,2008-06-07,0.0,Ipatingão,,5
Botafogo-Rj,SP,0.0,16:01,,4793,Botafogo-Rj,V. Carmo Mancini,RJ,,Santos,,2014-08-31,1.0,Maracanã,O. De Oliveira Filho,18
Bragantino,SP,2.0,19:00,4-2-3-1,7992,Avai,F. Bento Da Cunha,SC,,Bragantino,4-2-3-1,2022-11-02,1.0,Ressacada,M. Nogueira Barbieri,35
-,SP,1.0,16:00,,2951,Santo Andre,,SP,,Sao Paulo,,2009-09-20,1.0,Santa Cruz,,25
America-Mg,RS,0.0,19:59,,5626,America-Mg,E. Alves Moreira,MG,,Internacional,4-1-4-1,2016-09-19,1.0,Estádio Raimundo Sampaio,C. Juarez Roth,26
Empate,SP,2.0,18:59,4-2-3-1,6987,Santos,A. Stival,SP,,Sao Paulo,4-3-3,2020-09-12,2.0,Estádio Urbano Caldeira,F. Diniz Silva,10
Vitoria,BA,2.0,18:29,3-4-2-1,8719,Athletico-Pr,L. González,PR,,Vitoria,5-4-1,2024-11-02,1.0,Ligga Arena,T. Carpini Barbosa,32
Santos,PR,0.0,21:01,4-2-3-1,5987,Santos,L. Culpi,SP,,Athletico-Pr,4-2-3-1,2017-09-23,1.0,Estádio Urbano Caldeira,F. Soares Pessoa,25
Empate,PR,2.0,16:00,,538,Fortaleza,,CE,,Coritiba,,2003-12-07,2.0,Presidente Vargas,,45
Avai,SC,2.0,19:30,,2807,Goias,,GO,,Avai,,2009-07-15,0.0,Serra Dourada,,11
-,RJ,1.0,16:02,4-2-3-1,5800,Avai,C. Dos Santos Oliveira,SC,,Flamengo,4-2-3-1,2017-06-11,1.0,Ressacada,J. Mannarino,6
Flamengo,RJ,2.0,18:30,4-1-4-1,5597,Vitoria,V. Carmo Mancini,BA,,Flamengo,4-2-3-1,2016-09-10,1.0,Barradão,J. Mannarino,24
Empate,BA,0.0,16:00,4-3-3,7206,Vasco,V. Luxemburgo Da Silva,RJ,,Bahia,4-2-3-1,2021-01-31,0.0,Estádio Vasco Da Gama,L. Cavalcanti,33
Empate,RS,1.0,21:00,4-2-3-1,7348,Corinthians,S. Campos Junior,SP,,Internacional,4-2-3-1,2021-07-03,1.0,Neo Química Arena,D. Aguirre Camblor,9
Athletico-Pr,PR,2.0,16:00,4-2-3-1,7579,Bragantino,M. Nogueira Barbieri,SP,,Athletico-Pr,3-4-2-1,2021-11-07,0.0,Nabizão,A. Valentim Do Carmo Neto,30
Fortaleza,RJ,0.0,16:02,4-4-2,8097,Fortaleza,J. Vojvoda,CE,,Vasco,4-3-3,2023-05-27,2.0,Arena Castelão,C. Maldonado,8
Criciuma,SP,1.0,16:00,,785,Criciuma,,SC,,Ponte Preta,,2004-08-01,3.0,Heriberto Hulse,,20
Corinthians,DF,2.0,16:00,,1421,Corinthians,,SP,,Brasiliense,,2005-10-02,3.0,Pacaembu,,29
Flamengo,RJ,2.0,18:00,,155,Vasco,,RJ,,Flamengo,,2003-06-15,1.0,Maracanã,,13
Flamengo,PR,0.0,18:59,4-1-4-1,7807,Flamengo,D. Silvestre Júnior,RJ,,Coritiba,4-4-2,2022-07-16,2.0,Estádio Nacional De Brasília,G. Morínigo,17
Sao Paulo,SP,4.0,16:00,,3010,Santos,,SP,,Sao Paulo,,2009-10-25,3.0,Vila Belmiro,,31
Figueirense,RS,0.0,16:00,,1687,Figueirense,,SC,,Gremio,,2006-07-22,2.0,Orlando Scarpelli,,13
Empate,SP,1.0,18:15,4-4-2,7463,Atletico-Go,E. De Souza Barroca,GO,,Corinthians,,2021-09-12,1.0,Estádio Antônio Accioly,S. Campos Junior,20
Empate,PE,0.0,16:00,,3864,Santos,,SP,,Sport,,2012-05-27,0.0,Vila Belmiro,,2
Atletico-Mg,MG,3.0,18:30,,2734,Sport,,PE,,Atletico-Mg,,2009-05-24,2.0,Ilha Do Retiro,,3
Parana,SP,2.0,18:10,,1896,Parana,,PR,,Palmeiras,,2006-11-05,4.0,Durival De Brito,,33
Empate,SP,2.0,21:45,4-2-3-1,5443,Coritiba,,PR,,Palmeiras,4-2-3-1,2016-06-15,2.0,Couto Pereira,,8
Empate,PR,1.0,16:00,,570,Fluminense,,RJ,,Coritiba,,2004-04-25,1.0,Maracanã,,2
Palmeiras,AL,2.0,19:15,4-2-3-1,6710,Palmeiras,L. Venker De Menezes,SP,,Csa,4-2-3-1,2019-09-26,6.0,Estádio Municipal Paulo Machado De Carvalho,A. Fucks,21
Empate,SC,3.0,20:00,4-2-3-1,5855,Fluminense,A. Da Silva Braga,RJ,,Chapecoense,4-1-4-1,2017-07-03,3.0,Estádio Giulite Coutinho,,11
Santos,RJ,0.0,16:00,,1819,Santos,,SP,,Flamengo,,2006-09-24,3.0,Vila Belmiro,,26
Atletico-Mg,MG,4.0,18:30,,3395,Cruzeiro,,MG,,Atletico-Mg,,2010-10-24,3.0,Parque Do Sabiá,,31
Atletico-Go,SP,0.0,18:30,,3330,Atletico-Go,,GO,,Gremio Prudente,,2010-09-25,3.0,Serra Dourada,,25
Athletico-Pr,RJ,1.0,19:01,4-2-3-1,6101,Athletico-Pr,F. Soares Pessoa,PR,,Vasco,4-2-3-1,2017-11-19,3.0,Estádio Joaquim Américo Guimarães,J. Mannarino,36
Coritiba,RS,0.0,18:30,,2976,Coritiba,,PR,,Internacional,,2009-10-04,2.0,Couto Pereira,,27
Guarani,MG,0.0,16:00,,981,Guarani,,SP,,Cruzeiro,,2004-10-17,,Brinco De Ouro,,36
Empate,PR,0.0,16:00,,193,Sao Caetano,,SP,,Athletico-Pr,,2003-07-09,0.0,Anacleto Campanella,,17
Chapecoense,RJ,0.0,21:03,4-3-2-1,5088,Chapecoense,V. Eutrópio,SC,,Vasco,4-2-3-1,2015-07-04,1.0,Arena Condá,C. Juarez Roth,11
Vasco,BA,1.0,20:30,,700,Vasco,,RJ,,Vitoria,,2004-07-06,3.0,São Januário,,13
Empate,SP,2.0,16:00,,608,Atletico-Mg,,MG,,Corinthians,,2004-05-09,2.0,Independência,,5
Internacional,RS,3.0,16:00,,302,Bahia,,BA,,Internacional,,2003-08-16,1.0,Fonte Nova,,26
Gremio Prudente,GO,1.0,17:00,,3421,Gremio Prudente,,SP,,Goias,,2010-11-07,4.0,Prudentão,,34
Sao Paulo,RS,1.0,18:10,,1061,Sao Paulo,,SP,,Internacional,,2004-11-27,2.0,Morumbi,,43
Avai,GO,0.0,19:30,,3445,Avai,,SC,,Atletico-Go,,2010-11-21,3.0,Ressacada,,36
Guarani,SC,1.0,16:00,,1070,Guarani,,SP,,Figueirense,,2004-12-04,2.0,Brinco De Ouro,,44
Sao Paulo,SC,0.0,18:10,,2217,Sao Paulo,,SP,,Figueirense,,2007-09-22,2.0,Morumbi,,27
Atletico-Mg,GO,1.0,19:00,4-3-3,7344,Atletico-Mg,A. Stival,MG,,Atletico-Go,4-2-3-1,2021-07-01,4.0,Mineirão,E. De Souza Barroca,8
Fortaleza,SP,0.0,18:30,4-3-3,8211,Fortaleza,J. Vojvoda,CE,,Santos,4-2-3-1,2023-08-13,4.0,Arena Castelão,D. Aguirre Camblor,19
-,RS,1.0,11:01,4-2-3-1,7671,Botafogo-Rj,L. Castro,RJ,,Juventude,4-2-3-1,2022-05-01,1.0,Estádio Nilton Santos,E. Baptista,4
Sao Paulo,SP,1.0,20:00,4-4-2,7675,Sao Paulo,C. A. P. F. Hembert,SP,,Santos,4-4-2,2022-05-02,2.0,Morumbi,F. Bustos,4
Botafogo-Rj,MG,0.0,18:31,4-2-3-1,9018,Botafogo-Rj,Davide Ancelotti,RJ,395180.0,Atletico-Mg,5-4-1,2025-09-20,1.0,"Estádio Nilton Santos, Rio De Janeiro",Jorge Luis Sampaoli Moya,24
Empate,SC,1.0,16:33,4-2-3-1,7996,Santos,O. Ribeiro,SP,,Avai,4-5-1,2022-11-05,1.0,Arena Barueri,F. Bento Da Cunha,36
Athletico-Pr,RS,1.0,16:00,4-2-3-1,5602,Athletico-Pr,P. Autuori De Mello,PR,,Internacional,4-2-3-1,2016-09-11,2.0,Estádio Joaquim Américo Guimarães,C. Juarez Roth,24
Sao Paulo,SP,2.0,19:00,4-2-3-1,7028,Palmeiras,V. Luxemburgo Da Silva,SP,,Sao Paulo,4-2-3-1,2020-10-10,0.0,Allianz Parque,F. Diniz Silva,15
Santos,SP,3.0,16:04,,4894,Palmeiras,D. Silvestre Júnior,SP,,Santos,,2014-10-19,1.0,Estádio Municipal Paulo Machado De Carvalho,E. Alves Moreira,29
Santos,SP,4.0,16:00,,229,Fluminense,,RJ,,Santos,,2003-07-19,1.0,Giulite Coutinho,,20
Santos,SP,3.0,19:30,,3357,Fluminense,,RJ,,Santos,,2010-10-06,0.0,Engenhão,,28
Chapecoense,SC,2.0,15:59,,5896,Vitoria,F. Pinto Tanajura,BA,,Chapecoense,,2017-07-22,1.0,Barradão,V. Eutrópio,16
Juventude,RS,3.0,21:30,3-4-2-1,8757,Atletico-Mg,G. Milito,MG,,Juventude,4-3-3,2024-11-26,2.0,Estádio Independência,F. Matias,36
Gremio,PR,1.0,19:30,,3437,Gremio,,RS,,Athletico-Pr,,2010-11-20,3.0,Olímpico,,36
Santos,RS,2.0,18:10,,1694,Santos,,SP,,Juventude,,2006-07-23,3.0,Vila Belmiro,,13
Atletico-Mg,SP,2.0,19:16,,6897,Atletico-Mg,,MG,,Corinthians,,2020-08-12,3.0,Mineirão,T. Retzalff Nunes,2
Parana,MG,0.0,16:00,,1046,Parana,,PR,,Atletico-Mg,,2004-11-20,1.0,Pinheirão,,42
Fluminense,RJ,2.0,17:00,,3447,Palmeiras,,SP,,Fluminense,,2010-11-28,1.0,Arena Barueri,,37
Atletico-Mg,PR,1.0,21:00,4-4-2,8051,Atletico-Mg,E. Coudet,MG,,Athletico-Pr,4-1-4-1,2023-04-29,2.0,Estádio Raimundo Sampaio,P. Turra,3
Fluminense,RJ,2.0,21:31,4-2-3-1,9119,Gremio,L. Castro,RS,1339907.0,Fluminense,4-2-3-1,2025-12-02,1.0,"Arena Do Grêmio, Porto Alegre",L. Luis Zubeldia,37
-,MG,1.0,20:59,,4716,Chapecoense,C. Rodrigues,SC,,Atletico-Mg,,2014-08-06,1.0,Arena Condá,L. Culpi,10
Empate,RS,1.0,18:30,,4497,Fluminense,,RJ,,Gremio,,2013-10-12,1.0,Maracanã,,28
Fluminense,RJ,2.0,16:00,,1221,Botafogo-Rj,,RJ,,Fluminense,,2005-07-10,1.0,Raulino De Oliveira,,11
Empate,BA,2.0,21:02,4-3-3,6025,Palmeiras,A. Stival,SP,,Bahia,4-2-3-1,2017-10-12,2.0,Estádio Municipal Paulo Machado De Carvalho,P. Carpegiani,27
Empate,SP,0.0,20:30,,3989,Bahia,,BA,,Portuguesa,,2012-08-08,0.0,Pituaçu,,15
Empate,SP,1.0,18:30,,4912,Chapecoense,J. Da Silva,SC,,Santos,,2014-10-25,1.0,Arena Condá,E. Alves Moreira,31
Vasco,RJ,0.0,21:50,,4494,Vasco,,RJ,,Fluminense,,2013-10-09,1.0,Ressacada,,27
Flamengo,RJ,5.0,20:30,4-2-3-1,6961,Bahia,R. Machado Marques,BA,,Flamengo,4-2-3-1,2020-09-02,3.0,Estádio De Pituaçu,D. Torrent Font,7
Santa Cruz,MG,0.0,16:59,,5700,Santa Cruz,A. Felix Teixeira,PE,,America-Mg,,2016-11-06,1.0,Estádio Do Arruda,E. Alves Moreira,34
Palmeiras,RS,0.0,21:00,3-4-1-2,8358,Palmeiras,A. Moreira Ferreira,SP,,Internacional,4-2-3-1,2023-11-11,3.0,Arena Barueri,E. Coudet,34
Santos,SP,1.0,18:00,,957,Guarani,,SP,,Santos,,2004-10-02,0.0,Brinco De Ouro,,34
Athletico-Pr,GO,0.0,19:29,,4975,Athletico-Pr,C. Dos Santos Oliveira,PR,,Goias,,2014-11-30,1.0,Estádio Joaquim Américo Guimarães,S. Drubscky De Campos,37
Goias,RS,1.0,16:00,,2962,Goias,,GO,,Gremio,,2009-09-27,2.0,Serra Dourada,,26
Sport,PR,1.0,16:00,,2212,Sport,,PE,,Parana,,2007-09-16,3.0,Ilha Do Retiro,,26
Sao Caetano,MG,0.0,16:00,,98,Sao Caetano,,SP,,Atletico-Mg,,2003-05-17,2.0,Anacleto Campanella,,9
Santos,BA,0.0,22:00,,2558,Santos,,SP,,Vitoria,,2008-09-03,2.0,Vila Belmiro,,24
Cruzeiro,MG,2.0,17:00,,4200,Fluminense,,RJ,,Cruzeiro,,2012-11-18,0.0,Engenhão,,36
Athletico-Pr,SP,0.0,21:47,4-2-3-1,5540,Athletico-Pr,P. Autuori De Mello,PR,,Corinthians,,2016-08-03,2.0,Estádio Joaquim Américo Guimarães,C. Borges Dos Santos,18
Chapecoense,CE,0.0,21:00,4-1-4-1,6199,Chapecoense,G. Kleina,SC,,Ceara,4-1-4-1,2018-05-30,2.0,Arena Condá,J. De Amorim Campos,8
Atletico-Mg,MG,0.0,16:00,,4500,Atletico-Mg,,MG,,Cruzeiro,,2013-10-13,1.0,Independência,,28
Vasco,SP,1.0,16:00,,1156,Vasco,,RJ,,Sao Paulo,,2005-05-22,3.0,São Januário,,5
Flamengo,RJ,2.0,21:45,,2026,Vasco,,RJ,,Flamengo,,2007-10-18,1.0,Maracanã,,7
Corinthians,MG,0.0,16:00,,3171,Corinthians,,SP,,Atletico-Mg,,2010-07-18,1.0,Pacaembu,,9
Ceara,CE,1.0,20:30,4-3-3,7404,Ceara,A. Ferreira,CE,,Fortaleza,3-4-1-2,2021-08-01,3.0,Arena Castelão,J. Vojvoda,14
Bragantino,SP,2.0,21:30,4-1-4-1,7161,Bragantino,M. Nogueira Barbieri,SP,,Sao Paulo,4-4-2,2021-01-06,4.0,Nabizão,F. Diniz Silva,28
Empate,GO,1.0,22:00,,4549,Flamengo,,RJ,,Goias,,2013-11-09,1.0,Maracanã,,33
Gremio,SP,0.0,16:01,4-2-3-1,5425,Gremio,,RS,,Ponte Preta,4-2-3-1,2016-06-05,1.0,Arena Do Grêmio,E. Baptista,6
Empate,SP,1.0,16:00,,2072,Gremio,,RS,,Palmeiras,,2007-07-14,1.0,Olímpico,,11
Ceara,RJ,1.0,21:31,4-3-3,8816,Ceara,M. Mozart,CE,479424.0,Vasco,4-3-3,2025-04-15,2.0,"Arena Castelão, Fortaleza",F. Diniz,4
Empate,SP,0.0,20:30,,180,Goias,,GO,,Ponte Preta,,2003-07-30,0.0,Serra Dourada,,15
Botafogo-Rj,SP,1.0,18:30,4-3-1-2,5535,Botafogo-Rj,R. Gomes Raymundo,RJ,,Palmeiras,4-2-3-1,2016-07-31,3.0,Luso-Brasileiro,A. Stival,17
Internacional,CE,0.0,19:00,4-3-3,6619,Internacional,O. Hellmann,RS,,Ceara,4-4-2,2019-07-27,1.0,Estádio José Pinheiro Borda,E. Alves Moreira,12
-,PR,2.0,11:00,4-1-4-1,8121,America-Mg,V. Carmo Mancini,MG,,Athletico-Pr,4-2-3-1,2023-06-11,2.0,Mineirão,P. Turra,10
Empate,BA,1.0,15:59,4-3-3,8156,Cuiaba,A. Cardoso De Oliveira,MT,,Bahia,5-4-1,2023-07-08,1.0,Arena Pantanal,R. Alves Paiva,14
Ponte Preta,SP,0.0,18:10,,1805,Ponte Preta,,SP,,Santos,,2006-09-17,1.0,Moisés Lucarelli,,24
Empate,MG,0.0,18:31,,4747,Criciuma,W. Lopes,SC,,Cruzeiro,,2014-08-09,0.0,Estádio Heriberto Hülse,M. De Oliveira Santos,14
Gremio,RS,3.0,18:20,,2386,Goias,,GO,,Gremio,,2008-06-14,0.0,Serra Dourada,,6
Empate,AL,1.0,19:01,4-2-3-1,6695,Sao Paulo,A. Stival,SP,,Csa,4-2-3-1,2019-09-15,1.0,Morumbi,A. Fucks,19
Corinthians,SP,1.0,16:00,4-2-3-1,5761,Vitoria,D. Petkovic,BA,,Corinthians,4-1-4-1,2017-05-21,0.0,Itaipava Arena Fonte Nova,F. Carille,2
Corinthians,SP,3.0,16:00,,1960,Cruzeiro,,MG,,Corinthians,,2007-05-20,0.0,Mineirão,,2
Santos,SP,1.0,19:30,,2977,Sport,,PE,,Santos,,2009-10-07,0.0,Ilha Do Retiro,,28
Criciuma,GO,0.0,19:01,4-2-3-1,8686,Criciuma,C. Tencati,SC,,Atletico-Go,4-3-3,2024-10-03,2.0,Estádio Heriberto Hülse,U. Louzer Filho,29
Goias,SP,1.0,18:10,,1844,Goias,,GO,,Corinthians,,2006-10-08,3.0,Serra Dourada,,28
Ponte Preta,GO,2.0,16:00,,1737,Ponte Preta,,SP,,Goias,,2006-08-19,3.0,Moisés Lucarelli,,18
Cruzeiro,PE,2.0,18:30,,2915,Cruzeiro,,MG,,Nautico,,2009-08-23,4.0,Mineirão,,21
Goias,GO,1.0,18:30,4-1-4-1,8342,Coritiba,T. Kosloski,PR,,Goias,4-3-3,2023-11-05,0.0,Couto Pereira,A. Evangelista Macedo Freitas,32
Empate,RJ,1.0,18:10,,1987,Palmeiras,,SP,,Botafogo-Rj,,2007-06-09,1.0,Parque Antártica,,5
Atletico-Mg,RJ,1.0,19:00,4-2-3-1,6548,Atletico-Mg,R. Marques Santana,MG,,Flamengo,4-2-3-1,2019-05-18,2.0,Estádio Raimundo Sampaio,A. Da Silva Braga,5
Internacional,RJ,2.0,21:50,,2812,Internacional,,RS,,Fluminense,,2009-07-15,4.0,Beira Rio,,11
Empate,PR,1.0,16:00,,661,Gremio,,RS,,Coritiba,,2004-06-19,1.0,Olímpico,,10
Portuguesa,MG,1.0,16:00,,2512,Portuguesa,,SP,,Cruzeiro,,2008-08-10,2.0,Canindé,,19
Internacional,RJ,3.0,16:00,,4283,Internacional,,RS,,Vasco,,2013-07-07,5.0,Centenário (Rs),,6
Empate,CE,1.0,18:30,4-2-3-1,8802,Mirassol,R. Guanaes,SP,113360.0,Fortaleza,4-2-3-1,2025-04-06,1.0,"Campos Maia, Mirassol",T. Carpini,2
Sao Paulo,RJ,1.0,16:00,4-2-3-1,6292,Sao Paulo,D. Aguirre Camblor,SP,,Vasco,4-2-3-1,2018-08-05,,Morumbi,J. De Amorim Campos,17
Parana,PR,2.0,16:00,,1931,Sao Caetano,,SP,,Parana,,2006-11-26,0.0,Anacleto Campanella,,37
Internacional,RJ,1.0,19:00,4-4-2,7128,Internacional,A. Da Silva Braga,RS,,Botafogo-Rj,4-2-3-1,2020-12-12,2.0,Estádio José Pinheiro Borda,,25
Internacional,RJ,1.0,21:40,,200,Internacional,,RS,,Vasco,,2003-09-07,2.0,Beira Rio,,17
Flamengo,MG,0.0,19:00,4-3-1-2,7778,Flamengo,,RJ,,America-Mg,4-1-4-1,2022-06-25,3.0,Maracanã,V. Carmo Mancini,14
Sao  Paulo,SP,2.0,16:00,,2932,Cruzeiro,,MG,,Sao Paulo,,2009-06-09,1.0,Mineirão,,23
Botafogo-Rj,RJ,2.0,20:01,4-2-3-1,8005,Atletico-Mg,A. Stival,MG,,Botafogo-Rj,3-4-2-1,2022-11-07,0.0,Mineirão,L. Castro,36
Gremio,RS,1.0,18:10,,2328,Sao Paulo,,SP,,Gremio,,2008-05-10,0.0,Morumbi,,1
Corinthians,RJ,0.0,16:00,,4394,Corinthians,,SP,,Flamengo,,2013-09-01,4.0,Pacaembu,,17
Palmeiras,CE,1.0,16:00,4-2-3-1,8971,Palmeiras,A. Ferreira,SP,2109669.2,Ceara,4-2-3-1,2025-08-10,2.0,"Allianz Parque, São Paulo",M. Mozart,19
Vasco,RJ,2.0,17:00,,4219,Fluminense,,RJ,,Vasco,,2012-12-02,1.0,Engenhão,,38
Empate,GO,0.0,16:00,,205,Athletico-Pr,,PR,,Goias,,2003-07-12,0.0,Arena Da Baixada,,18
Figueirense,PR,0.0,16:00,,3511,Figueirense,,SC,,Athletico-Pr,,2011-06-19,2.0,Orlando Scarpelli,,5
Figueirense,SC,0.0,17:01,,4932,Figueirense,A. Fucks,SC,,Chapecoense,,2014-11-09,1.0,Orlando Scarpelli,J. Da Silva,33
Empate,RS,0.0,18:31,4-5-1,5536,America-Mg,E. Alves Moreira,MG,,Gremio,4-2-3-1,2016-07-31,0.0,Estádio Raimundo Sampaio,R. Machado Marques,17
Atletico-Go,SP,0.0,19:29,4-1-4-1,5792,Atletico-Go,J. P. Sanches,GO,,Ponte Preta,4-3-1-2,2017-06-08,3.0,Estádio Olímpico Pedro Ludovico Teixeira,G. Kleina,5
Gremio,RS,0.0,16:00,,1708,Gremio,,RS,,Juventude,,2006-05-08,1.0,Olã­Mpico,,15
Empate,SP,1.0,16:00,4-2-3-1,5174,Sport,E. Baptista,PE,,Ponte Preta,4-2-3-1,2015-08-16,1.0,Adelmar Da Costa Carvalho,D. Ghidoni Junior,19
Goias,SC,0.0,11:02,4-2-3-1,5250,Goias,,GO,,Joinville,4-2-3-1,2015-09-20,3.0,Estádio Do Governo Do Estado De Goiás (Serra Dourada),P. Lopes De Gusmão,27
Empate,PR,1.0,12:03,4-4-1-1,6529,Chapecoense,N. Da Silveira Júnior,SC,,Athletico-Pr,5-3-2,2019-05-05,1.0,Arena Condá,T. Retzalff Nunes,3
Vitoria,BA,2.0,15:58,4-1-4-1,5856,Atletico-Go,D. Ghidoni Junior,GO,,Vitoria,4-2-3-1,2017-07-08,1.0,Estádio Olímpico Pedro Ludovico Teixeira,A. Tadeu Gallo,12
Botafogo-Rj,RJ,2.0,18:31,3-4-2-1,8165,Gremio,Renato Gaúcho,RS,,Botafogo-Rj,4-2-3-1,2023-07-09,0.0,Arena Do Grêmio,C. Da Silva,14
Bahia,GO,0.0,18:32,,4748,Bahia,C. Fabian,BA,,Goias,,2014-08-09,1.0,Itaipava Arena Fonte Nova,S. Drubscky De Campos,14
Empate,SC,2.0,20:30,,699,Gremio,,RS,,Figueirense,,2004-07-06,2.0,Olímpico,,13
Sao Paulo,CE,0.0,18:00,,3699,Sao Paulo,,SP,,Ceara,,2011-09-17,4.0,Morumbi,,24
Athletico-Pr,RS,0.0,18:10,,1637,Athletico-Pr,,PR,,Juventude,,2006-05-27,1.0,Kyocera Arena,,8
Fortaleza,RS,1.0,16:00,3-4-1-2,7281,Fortaleza,J. Vojvoda,CE,,Internacional,4-3-3,2021-06-06,5.0,Arena Castelão,M. Ramírez,2
Empate,SC,0.0,21:00,4-3-3,7566,Cuiaba,J. De Amorim Campos,MT,,Chapecoense,4-5-1,2021-11-04,0.0,Arena Pantanal,F. Paiva Endres,31
Empate,BA,1.0,19:30,,3565,Vasco,,RJ,,Bahia,,2011-07-28,1.0,São Januário,,12
Fortaleza,RJ,1.0,16:00,,1297,Fortaleza,,CE,,Flamengo,,2005-08-07,2.0,Castelão,,18
Fortaleza,MG,1.0,21:01,4-2-3-1,6587,Fortaleza,R. Ceni,CE,,Cruzeiro,4-2-3-1,2019-06-12,2.0,Arena Castelão,L. Venker De Menezes,9
Figueirense,SP,1.0,16:00,,1854,Figueirense,,SC,,Ponte Preta,,2006-10-15,2.0,Orlando Scarpelli,,29
Flamengo,RJ,3.0,16:00,4-3-2-1,5233,Chapecoense,V. Eutrópio,SC,,Flamengo,4-2-3-1,2015-09-13,1.0,Arena Condã¡,O. De Oliveira Filho,25
Empate,BA,0.0,18:00,,3765,Coritiba,,PR,,Bahia,,2011-10-16,0.0,Couto Pereira,,30
Corinthians,SP,0.0,18:00,,3307,Corinthians,,SP,,Gremio Prudente,,2010-09-18,3.0,Pacaembu,,23
Flamengo,RJ,1.0,20:30,,1496,Palmeiras,,SP,,Flamengo,,2005-03-11,0.0,Parque Antártica,,36
Palmeiras,CE,0.0,21:31,4-2-3-1,7994,Palmeiras,A. Moreira Ferreira,SP,,Fortaleza,4-2-3-1,2022-11-02,4.0,Allianz Parque,J. Vojvoda,35
Empate,RS,2.0,18:10,,2008,Flamengo,,RJ,,Internacional,,2007-06-16,2.0,Maracanã,,6
Empate,SP,1.0,16:00,,665,Sao Caetano,,SP,,Palmeiras,,2004-06-20,1.0,Anacleto Campanella,,10
-,RS,0.0,16:00,,3750,Sao Paulo,,SP,,Internacional,,2011-10-12,0.0,Arena Barueri,,29
Santos,SP,2.0,19:30,,4326,Internacional,,RS,,Santos,,2013-09-10,1.0,Estã¡Dio Do Vale,,10
Empate,SC,2.0,11:00,4-2-3-1,5530,Sao Paulo,E. Bauza,SP,,Chapecoense,4-3-2-1,2016-07-31,2.0,Morumbi,L. Saroli Caio Júnior,17
Figueirense,SC,1.0,11:00,4-2-3-1,5579,Santos,D. Silvestre Júnior,SP,,Figueirense,4-2-3-1,2016-08-28,0.0,Estádio Urbano Caldeira,T. Guimarães,22
Flamengo,SP,0.0,16:30,4-2-3-1,8906,Flamengo,F. Luís,RJ,4693377.5,Sao Paulo,5-3-2,2025-12-07,,"Maracanã, Rio De Janeiro",H. Crespo,13
Sao Paulo,SP,0.0,20:00,4-1-3-2,7535,Sao Paulo,R. Ceni,SP,,Corinthians,,2021-10-18,1.0,Morumbi,S. Campos Junior,27
Sport,PE,3.0,20:01,4-4-2,5865,Coritiba,E. Pacheco,PR,,Sport,4-2-3-1,2017-07-10,0.0,Couto Pereira,V. Luxemburgo Da Silva,12
Empate,SP,0.0,17:01,4-1-4-1,6776,Corinthians,F. Carille,SP,,Santos,4-3-3,2019-10-26,0.0,Neo Química Arena,J. Sampaoli Moya,28
Empate,SP,2.0,16:00,,1314,Coritiba,,PR,,Sao Caetano,,2005-08-13,2.0,Couto Pereira,,20
Empate,SP,0.0,19:00,4-4-2,7396,Sao Paulo,H. Crespo,SP,,Palmeiras,4-2-3-1,2021-07-31,0.0,Morumbi,A. Moreira Ferreira,14
Flamengo,SP,1.0,21:47,4-2-3-1,5592,Flamengo,J. Mannarino,RJ,,Ponte Preta,4-1-4-1,2016-09-07,2.0,Kléber Andrade,E. Baptista,23
Parana,PR,2.0,18:10,,1664,Goias,,GO,,Parana,,2006-06-04,1.0,Serra Dourada,,10
Chapecoense,SC,2.0,11:02,4-3-3,5450,Vitoria,V. Carmo Mancini,BA,,Chapecoense,,2016-06-19,1.0,Barradão,A. Ferreira,9
Ceara,RS,0.0,19:30,,3630,Ceara,,CE,,Gremio,,2011-08-17,3.0,Presidente Vargas,,17
Empate,GO,3.0,17:00,,2694,Flamengo,,RJ,,Goias,,2008-11-30,3.0,Maracanã£,,37
Cruzeiro,MG,2.0,19:30,,3158,Athletico-Pr,,PR,,Cruzeiro,,2010-07-14,0.0,Arena Da Baixada,,8
Internacional,RJ,2.0,21:00,4-1-4-1,6670,Internacional,O. Hellmann,RS,,Botafogo-Rj,4-1-4-1,2019-08-31,3.0,Estádio José Pinheiro Borda,E. De Souza Barroca,17
Fluminense,RJ,3.0,18:10,,1060,Cruzeiro,,MG,,Fluminense,,2004-11-27,2.0,Mineirão,,43
Palmeiras,GO,0.0,18:31,,4638,Palmeiras,,SP,,Goias,,2014-05-10,2.0,Estádio Municipal Paulo Machado De Carvalho,S. Drubscky De Campos,4
Empate,SP,1.0,21:00,,3244,Vitoria,,BA,,Guarani,,2010-08-26,1.0,Barradão,,16
Empate,RJ,4.0,16:00,,1679,Gremio,,RS,,Fluminense,,2006-07-16,4.0,Olímpico,,12
Empate,MG,1.0,16:00,4-2-3-1,6376,Sao Paulo,D. Aguirre Camblor,SP,,America-Mg,4-2-4-0,2018-09-22,1.0,Morumbi,A. Batista,26
America-Mg,RS,1.0,09:50,4-1-4-1,7587,America-Mg,,MG,,Gremio,4-2-3-1,2021-11-13,3.0,Estádio Raimundo Sampaio,V. Carmo Mancini,32
-,SP,1.0,16:00,,1760,Flamengo,,RJ,,Sao Paulo,,2006-08-27,1.0,Maracanã,,20
Fluminense,SC,0.0,17:00,,6011,Fluminense,A. Da Silva Braga,RJ,,Avai,4-4-1-1,2017-10-15,1.0,Maracanã,C. Dos Santos Oliveira,28
Internacional,GO,1.0,18:28,,5117,Internacional,D. Aguirre Camblor,RS,,Goias,4-3-1-2,2015-07-18,2.0,Estádio José Pinheiro Borda,J. Camargo,14
Botafogo-Rj,RJ,3.0,21:31,4-2-3-1,8756,Palmeiras,A. Moreira Ferreira,SP,,Botafogo-Rj,4-2-3-1,2024-11-26,1.0,Allianz Parque,A. Torres Gomes Araújo Amorim,36
Goias,MG,0.0,16:00,,2791,Goias,,GO,,Cruzeiro,,2009-07-05,1.0,Serra Dourada,,9
Empate,RJ,1.0,18:00,,864,Atletico-Mg,,MG,,Botafogo-Rj,,2004-08-22,1.0,Mineirão,,26
Empate,GO,0.0,21:00,,7859,Botafogo-Rj,L. Castro,RJ,,Atletico-Go,4-2-3-1,2022-08-13,0.0,Estádio Nilton Santos,J. De Amorim Campos,22
Sao Paulo,SP,1.0,18:10,,1485,Sao Caetano,,SP,,Sao Paulo,,2005-10-30,0.0,Anacleto Campanella,,35
Empate,RJ,1.0,21:30,4-1-4-1,7040,Atletico-Mg,J. Sampaoli Moya,MG,,Fluminense,,2020-10-14,1.0,Mineirão,O. Hellmann,16
Flamengo,RJ,2.0,18:01,4-4-1-1,7723,Fluminense,F. Diniz Silva,RJ,,Flamengo,4-2-3-1,2022-05-29,1.0,Maracanã,P. Carvalho De Sousa,8
Empate,MG,1.0,11:01,4-2-3-1,5978,Avai,C. Dos Santos Oliveira,SC,,Atletico-Mg,4-2-3-1,2017-09-17,1.0,Ressacada,M. Reis Micale,24
Sao Paulo,MG,0.0,16:02,4-2-3-1,5134,Sao Paulo,J. Osorio,SP,,Cruzeiro,4-2-3-1,2015-07-26,1.0,Morumbi,V. Luxemburgo Da Silva,15
Ponte Preta,BA,0.0,16:00,,209,Ponte Preta,,SP,,Bahia,,2003-07-13,1.0,Moisés Lucarelli,,18
Ponte Preta,MG,0.0,21:00,,4489,Ponte Preta,,SP,,Atletico-Mg,,2013-10-09,2.0,Moisés Lucarelli,,27
Coritiba,PE,0.0,16:01,4-3-3,6951,Coritiba,J. De Amorim Campos,PR,,Sport,4-4-2,2020-08-30,1.0,Couto Pereira,J. Ribeiro Ventura,6
Flamengo,SP,2.0,16:00,4-2-3-1,9068,Flamengo,F. Luís,RJ,,Palmeiras,4-1-3-2,2025-10-19,3.0,"Maracanã, Rio De Janeiro",A. Ferreira,29
Santos,PR,1.0,19:46,4-3-3,6915,Santos,A. Stival,SP,,Athletico-Pr,4-3-3,2020-08-16,3.0,Estádio Urbano Caldeira,,3
Corinthians,GO,0.0,18:00,,503,Corinthians,,SP,,Goias,,2003-11-09,2.0,Pacaembu,,42
Flamengo,SP,1.0,16:00,4-2-3-1,7390,Flamengo,Renato Gaúcho,RJ,,Sao Paulo,3-5-1-1,2021-07-25,5.0,Maracanã,H. Crespo,13
Empate,RS,1.0,17:00,,1030,Vitoria,,BA,,Juventude,,2004-11-07,1.0,Barradão,,40
Internacional,RS,0.0,17:00,,3841,Internacional,,RS,,Gremio,,2011-12-04,1.0,Beira Rio,,38
Fluminense,SP,1.0,16:00,4-2-3-1,8111,Fluminense,,RJ,,Bragantino,4-3-3,2023-06-04,2.0,Maracanã,P. Faria Caixinha,9
Empate,RS,0.0,21:03,4-1-2-1-2,5057,Figueirense,A. Fucks,SC,,Internacional,4-4-2,2015-06-18,0.0,Orlando Scarpelli,D. Aguirre Camblor,8
Coritiba,PR,2.0,19:59,4-2-3-1,8155,Goias,A. Evangelista Macedo Freitas,GO,,Coritiba,4-1-4-1,2023-07-03,1.0,Estádio Hailé Pinheiro - Serrinha,T. Kosloski,13
Nautico,PE,3.0,16:00,,2732,Athletico-Pr,,PR,,Nautico,,2009-05-24,2.0,Arena Da Baixada,,3
Palmeiras,RS,1.0,18:31,4-2-3-1,9008,Palmeiras,A. Ferreira,SP,2976130.6,Internacional,4-2-3-1,2025-09-13,4.0,"Allianz Parque, São Paulo",R. Díaz,23
Santos,PE,0.0,16:00,,2462,Santos,,SP,,Sport,,2008-07-20,1.0,Vila Belmiro,,13
Bragantino,GO,0.0,19:15,4-4-2,7217,Bragantino,M. Nogueira Barbieri,SP,,Atletico-Go,,2021-02-03,2.0,Nabizão,M. Ribeiro Cabo,34
Empate,SC,2.0,18:30,,3105,Cruzeiro,,MG,,Avai,,2010-05-16,2.0,Mineirão,,2
Bragantino,PR,0.0,18:30,4-3-3,8393,Bragantino,P. Faria Caixinha,SP,,Coritiba,4-1-4-1,2023-12-03,1.0,Nabizã£O,A. Ferreira,37
Internacional,RJ,0.0,16:00,4-3-3,6281,Internacional,O. Hellmann,RS,,Botafogo-Rj,4-2-3-1,2018-07-29,3.0,Estádio José Pinheiro Borda,M. Dias De Castro,16
Empate,CE,1.0,16:00,,3100,Santos,,SP,,Ceara,,2010-05-16,1.0,Vila Belmiro,,2
Fluminense,SC,1.0,16:00,3-4-3,6186,Fluminense,A. Da Silva Braga,RJ,,Chapecoense,4-1-4-1,2018-05-26,3.0,Maracanã,,7
Cruzeiro,BA,1.0,18:30,,3573,Cruzeiro,,MG,,Bahia,,2011-07-17,2.0,Arena Do Jacaré,,10
Empate,MG,1.0,19:29,4-3-3,5893,Fluminense,A. Da Silva Braga,RJ,,Cruzeiro,4-4-2,2017-07-20,1.0,Estádio Giulite Coutinho,L. Venker De Menezes,15
Juventude,SP,1.0,16:00,,392,Juventude,,RS,,Corinthians,,2003-09-28,6.0,Alfredo Jaconi,,33
Csa,RS,0.0,19:16,,6736,Csa,A. Fucks,AL,,Internacional,4-3-3,2019-10-09,1.0,Estádio  Rei  Pelé,O. Hellmann,24
Empate,MG,1.0,16:00,4-2-3-1,5619,Cruzeiro,L. Venker De Menezes,MG,,Atletico-Mg,4-2-3-1,2016-09-18,1.0,Mineirão,M. De Oliveira Santos,26
Ponte Preta,SP,2.0,11:00,4-2-3-1,5259,Athletico-Pr,M. Mendes,PR,,Ponte Preta,4-2-3-1,2015-09-27,1.0,Estã¡Dio Joaquim Amã©Rico Guimarã£Es,D. Ghidoni Junior,28
Empate,RJ,1.0,17:00,,2696,Sao Paulo,,SP,,Fluminense,,2008-11-30,1.0,Morumbi,,37
Gremio,RS,1.0,20:30,,2040,Gremio,,RS,,Juventude,,2007-07-03,3.0,Olímpico,,9
Empate,PR,0.0,19:32,4-3-2-1,5463,Chapecoense,A. Ferreira,SC,,Athletico-Pr,4-2-3-1,2016-06-23,0.0,Arena Condá,P. Autuori De Mello,10
Ipatinga,MG,2.0,18:20,,2569,Ipatinga,,MG,,Atletico-Mg,,2008-09-13,3.0,Ipatingão,,25
Fluminense,GO,0.0,19:00,4-2-2-2,8008,Fluminense,F. Diniz Silva,RJ,,Goias,4-4-2,2022-11-09,3.0,Maracanã,,37
Empate,MG,1.0,18:00,,64,Guarani,,SP,,Cruzeiro,,2003-04-26,1.0,Brinco De Ouro,,6
Botafogo-Rj,RS,1.0,15:00,,2094,Botafogo-Rj,,RJ,,Juventude,,2007-07-19,3.0,Giulite Coutinho,,14
Atletico-Mg,RS,1.0,19:30,4-2-3-1,5277,Atletico-Mg,L. Culpi,MG,,Internacional,4-2-3-1,2015-10-14,2.0,Estádio Raimundo Sampaio,A. Fucks,30
Empate,RS,1.0,16:01,4-1-4-1,7209,Coritiba,G. Morínigo,PR,,Gremio,4-2-3-1,2021-01-31,1.0,Couto Pereira,Renato Gaúcho,33
Empate,SP,0.0,16:30,4-1-4-1,8691,Bragantino,P. Faria Caixinha,SP,,Palmeiras,4-2-3-1,2024-10-05,0.0,Nabizão,A. Moreira Ferreira,29
Corinthians,SP,1.0,16:02,4-1-2-1-2,8581,Bahia,R. Ceni,BA,,Corinthians,3-4-1-2,2024-07-21,0.0,Arena Fonte Nova,R. Díaz,18
Empate,BA,1.0,16:21,,4869,Fluminense,C. Borges Dos Santos,RJ,,Bahia,,2014-10-04,1.0,Estádio Nacional De Brasília,G. Kleina,26
Sao Paulo,BA,1.0,18:30,,4888,Sao Paulo,M. Ramalho,SP,,Bahia,,2014-10-18,2.0,Morumbi,G. Kleina,29
Parana,PR,4.0,20:30,,879,Cruzeiro,,MG,,Parana,,2004-09-01,1.0,Mineirão,,28
Palmeiras,SP,0.0,20:00,4-2-3-1,8535,Palmeiras,A. Moreira Ferreira,SP,,Corinthians,4-2-3-1,2024-07-01,2.0,Allianz Parque,,13
Gremio,SP,0.0,19:00,,6864,Gremio,Renato Gaúcho,RS,,Sao Paulo,4-1-4-1,2019-12-01,3.0,Arena Do Grêmio,F. Diniz Silva,36
Atletico-Mg,MG,2.0,18:00,4-4-2,7893,Atletico-Go,E. Baptista,GO,,Atletico-Mg,4-4-2,2022-09-04,0.0,Estádio Antônio Accioly,A. Stival,25
Cruzeiro,MG,2.0,17:00,4-2-3-1,6439,America-Mg,A. Batista,MG,,Cruzeiro,4-2-3-1,2018-11-04,1.0,Estádio Raimundo Sampaio,L. Venker De Menezes,32
Empate,SC,2.0,20:30,,1018,Atletico-Mg,,MG,,Criciuma,,2004-10-30,2.0,Morumbi,,39
Empate,SP,0.0,18:00,,996,Guarani,,SP,,Ponte Preta,,2004-10-24,0.0,Brinco De Ouro,,37
Botafogo-Rj,PE,0.0,18:30,,4297,Botafogo-Rj,,RJ,,Nautico,,2013-07-20,,São Januário,,8
Empate,RJ,2.0,16:00,,162,Paysandu,,PA,,Flamengo,,2003-06-22,2.0,Mangueirão,,14
Sao Paulo,SP,2.0,19:59,4-2-3-1,5676,Fluminense,L. Culpi,RJ,,Sao Paulo,4-2-3-1,2016-10-17,1.0,Estádio Giulite Coutinho,R. Gomes Raymundo,31
Empate,RJ,1.0,19:19,4-3-3,6874,Bahia,R. Machado Marques,BA,,Vasco,,2019-05-12,1.0,Itaipava Arena Fonte Nova,V. Luxemburgo Da Silva,37
America-Mg,RS,0.0,16:00,4-1-4-1,7990,America-Mg,V. Carmo Mancini,MG,,Internacional,4-4-1-1,2022-11-02,1.0,Estádio Raimundo Sampaio,L. Venker De Menezes,35
Atletico-Go,MG,1.0,17:00,,3844,Atletico-Go,,GO,,America-Mg,,2011-12-04,5.0,Serra Dourada,,38
Flamengo,SP,0.0,18:00,,1023,Flamengo,,RJ,,Guarani,,2004-11-06,1.0,Raulino De Oliveira,,40
Santo Andre,PE,3.0,17:00,,3074,Santo Andre,,SP,,Nautico,,2009-11-29,5.0,Bruno  José  Daniel,,37
Flamengo,GO,0.0,21:31,4-4-2,7455,Flamengo,Renato Gaúcho,RJ,,Atletico-Go,4-2-3-1,2021-11-05,2.0,Maracanã,E. De Souza Barroca,19
Atletico-Go,SC,2.0,21:00,,3944,Atletico-Go,,GO,,Figueirense,,2012-07-19,3.0,Serra Dourada,,10
Fortaleza,SP,0.0,18:10,,1586,Fortaleza,,CE,,Sao Paulo,,2006-04-23,1.0,Castelão,,2
Empate,SP,2.0,16:00,,3153,Botafogo-Rj,,RJ,,Corinthians,,2010-06-06,2.0,Engenhão,,7
Sao Paulo,SP,2.0,21:45,,776,Juventude,,RS,,Sao Paulo,,2004-07-28,1.0,Alfredo Jaconi,,19
Atletico-Go,GO,1.0,20:01,,7105,Sport,R. Henriques,PE,,Atletico-Go,4-2-3-1,2020-11-23,0.0,Adelmar Da Costa Carvalho,M. Ribeiro Cabo,22
Empate,PR,0.0,16:00,4-2-3-1,5487,Fluminense,L. Culpi,RJ,,Coritiba,4-2-3-1,2016-07-02,0.0,Estádio Municipal General Raulino De Oliveira,E. Pacheco,13
Empate,SC,0.0,16:01,4-2-3-1,6237,America-Mg,E. Alves Moreira,MG,,Chapecoense,4-1-4-1,2018-06-13,0.0,Estádio Raimundo Sampaio,G. Kleina,12
Empate,CE,2.0,19:00,4-2-3-1,7048,Fluminense,O. Hellmann,RJ,,Ceara,4-2-3-1,2020-10-17,2.0,Maracanã,A. Ferreira,17
Empate,RS,1.0,18:20,,2613,Goias,,GO,,Internacional,,2008-10-11,1.0,Serra Dourada,,29
Corinthians,RJ,0.0,21:00,4-1-4-1,7522,Corinthians,S. Campos Junior,SP,,Fluminense,4-3-3,2021-10-13,1.0,Neo Química Arena,M. De Oliveira,26
Criciuma,SC,4.0,16:00,4-2-3-1,8436,Vasco,R. Díaz,RJ,,Criciuma,4-4-2,2024-04-27,0.0,Estádio São Januário,C. Tencati,4
Vasco,SP,1.0,18:32,4-2-3-1,8793,Vasco,F. Diniz,RJ,1415049.0,Santos,4-2-3-1,2025-03-30,2.0,"Estádio São Januário, Rio De Janeiro",J. Vojvoda,1
Corinthians,SP,0.0,11:01,4-2-3-1,5394,Corinthians,A. Bacchi,SP,,Ponte Preta,4-2-3-1,2016-05-26,3.0,Neo Química Arena,E. Baptista,3
Empate,CE,0.0,19:59,4-2-3-1,8839,Sport,C. De Lucena,PE,455975.0,Fortaleza,3-4-2-1,2025-04-26,0.0,"Adelmar Da Costa Carvalho, Recife",T. Carpini,6
Coritiba,RJ,1.0,18:30,,3568,Coritiba,,PR,,Fluminense,,2011-07-16,3.0,Couto Pereira,,10
Figueirense,RJ,1.0,21:45,,1529,Figueirense,,SC,,Vasco,,2005-11-16,5.0,Orlando Scarpelli,,39
Vasco,SP,2.0,16:00,,1272,Vasco,,RJ,,Sao Caetano,,2005-07-30,3.0,São Januário,,16
Goias,GO,2.0,20:00,4-3-3,7735,Botafogo-Rj,L. Castro,RJ,,Goias,,2022-06-06,1.0,Estádio Nilton Santos,J. Ribeiro Ventura,9
Palmeiras,CE,0.0,20:30,,1900,Palmeiras,,SP,,Fortaleza,,2006-11-08,3.0,Parque Antã¡Rtica,,34
Criciuma,SC,0.0,21:02,,4660,Criciuma,,SC,,Chapecoense,,2014-05-21,1.0,Estádio Heriberto Hülse,G. Dal Pozzo,6
Vitoria,PE,1.0,18:30,,3006,Vitoria,,BA,,Nautico,,2009-10-18,3.0,Barradão,,30
Empate,PR,2.0,18:30,,2735,Avai,,SC,,Coritiba,,2009-05-24,2.0,Ressacada,,3
Fluminense,BA,0.0,18:00,,192,Fluminense,,RJ,,Bahia,,2003-07-06,1.0,Maracanã,,16
Empate,RS,0.0,16:00,,2761,Fluminense,,RJ,,Gremio,,2009-05-31,0.0,Maracanã,,6
Santos,RJ,0.0,16:00,,2070,Santos,,SP,,Botafogo-Rj,,2007-07-14,3.0,Vila Belmiro,,11
Flamengo,RJ,3.0,22:00,,2559,Figueirense,,SC,,Flamengo,,2008-09-03,2.0,Orlando Scarpelli,,24
Gremio,RJ,2.0,18:33,4-2-3-1,8672,Gremio,M. Salles,RS,,Flamengo,4-4-2,2024-09-22,3.0,Arena Do Grêmio,A. Bacchi,27
Flamengo,RJ,3.0,21:00,4-2-4-0,6397,Corinthians,J. Ribeiro Ventura,SP,,Flamengo,4-2-3-1,2018-10-05,0.0,Neo Química Arena,D. Silvestre Júnior,28
Empate,CE,1.0,18:30,,3386,Palmeiras,,SP,,Ceara,,2010-10-17,1.0,Arena Barueri,,30
Empate,SP,2.0,20:30,,4556,Vasco,,RJ,,Santos,,2013-10-11,2.0,Maracanã,,33
Sao Caetano,SP,3.0,18:10,,1186,Atletico-Mg,,MG,,Sao Caetano,,2005-06-18,2.0,Mineirã£O,,8
Cruzeiro,MG,3.0,21:01,4-3-3,5052,Vasco,D. Ghidoni Junior,RJ,,Cruzeiro,4-2-3-1,2015-06-13,1.0,Estádio Vasco Da Gama,V. Luxemburgo Da Silva,7
Corinthians,SP,3.0,17:00,4-2-3-1,5314,Atletico-Mg,L. Culpi,MG,,Corinthians,4-1-4-1,2015-11-01,0.0,Estádio Raimundo Sampaio,A. Bacchi,33
Vasco,PE,0.0,20:30,,2436,Vasco,,RJ,,Sport,,2008-07-10,4.0,São Januário,,10
Atletico-Mg,SP,0.0,20:00,4-2-3-1,6965,Atletico-Mg,J. Sampaoli Moya,MG,,Sao Paulo,4-2-3-1,2020-09-03,3.0,Mineirão,F. Diniz Silva,7
Corinthians,MG,0.0,20:30,,770,Corinthians,,SP,,Cruzeiro,,2004-07-28,1.0,Pacaembu,,19
Vasco,RJ,1.0,18:10,,1686,Flamengo,,RJ,,Vasco,,2006-07-16,0.0,Maracanã£,,12
Bahia,RJ,0.0,19:02,4-4-2,8326,Bahia,R. Ceni,BA,,Fluminense,4-4-2,2023-10-31,1.0,Itaipava Arena Fonte Nova,E. De Barros,31
Palmeiras,SP,2.0,16:00,4-2-3-1,5581,Fluminense,L. Culpi,RJ,,Palmeiras,4-3-3,2016-08-28,0.0,Estádio Nacional De Brasília,A. Stival,22
Internacional,RS,1.0,16:00,,4429,Criciuma,,SC,,Internacional,,2013-09-15,0.0,Heriberto Hulse,,21
Flamengo,RS,1.0,18:00,,467,Flamengo,,RJ,,Gremio,,2003-10-26,2.0,Maracanã,,39
Atletico-Mg,PR,0.0,21:00,4-3-3,6267,Atletico-Mg,T. Mendes Larghi,MG,,Parana,4-1-4-1,2018-07-25,2.0,Estã¡Dio Raimundo Sampaio,Ademir Fesan,15
Figueirense,RJ,0.0,19:30,3-4-2-1,5734,Figueirense,M. Dos Santos Gonçalves,SC,,Fluminense,4-2-3-1,2016-11-27,1.0,Orlando Scarpelli,M. De Oliveira,37
Atletico-Mg,MG,2.0,16:00,4-2-3-1,5192,Fluminense,E. Alves Moreira,RJ,,Atletico-Mg,4-2-3-1,2015-08-30,1.0,Maracanã,L. Culpi,21
Santa Cruz,MG,1.0,21:45,4-2-3-1,5391,Santa Cruz,M. Mendes,PE,,Cruzeiro,4-1-2-1-2,2016-05-25,4.0,Estádio Do Arruda,P. Gomes Bento,3
Goias,SP,0.0,16:00,,861,Goias,,GO,,Ponte Preta,,2004-08-22,5.0,Serra Dourada,,26
Flamengo,SP,0.0,16:00,4-2-3-1,7270,Flamengo,R. Ceni,RJ,,Palmeiras,3-5-2,2021-05-30,,Maracanã,A. Moreira Ferreira,1
