partida_id,rodata,minuto,clube,atleta,tipo_de_gol
4607,1,31,Fluminense,Rafael Sóbis,Normal
4607,1,59,Fluminense,Nirley Da Silva Fonseca,Contra
4607,1,45,Fluminense,Fred,Pênalti
4608,1,6,Internacional,Charles Aránguiz,Normal
4610,1,16,Athletico-Pr,Dráusio Luis Salla Gil,Normal
4611,1,22,Sao Paulo,Douglas Pereira Dos Santos,Normal
4611,1,56,Sao Paulo,Luís Fabiano,Normal
4611,1,13,Sao Paulo,Antônio Carlos Dos Santos Aguiar,Normal
4611,1,56,Sao Paulo,Luís Fabiano,Normal
4612,1,63,Cruzeiro,Nílton Ferreira Júnior,Normal
4612,1,80,Bahia,Anderson Talisca,Pênalti
4612,1,90,Cruzeiro,Marcelo Moreno,Normal
4615,1,73,Sport,Neto Baiano,Normal
4615,1,80,Santos,Gabriel Barbosa,Normal
4616,1,88,Palmeiras,Alan Kardec,Normal
4616,1,12,Criciuma,,Normal
4616,1,83,Palmeiras,Leandro,Normal
4616,1,12,Criciuma,,Normal
4618,2,45,Fluminense,Rafael Sóbis,Normal
4619,2,,Botafogo-Rj,Pablo Zeballos,Normal
4619,2,,Botafogo-Rj,Pablo Zeballos,Normal
4619,2,64,Botafogo-Rj,Emerson Sheik,Normal
4619,2,64,Botafogo-Rj,Emerson Sheik,Normal
4619,2,35,Internacional,,Normal
4619,2,9,Internacional,Rafael Moura,Normal
4620,2,,Athletico-Pr,Marcelo Cirino Da Silva,Normal
4620,2,11,Vitoria,Telmário De Araújo Sacramento,Normal
4620,2,36,Vitoria,José Welison,Normal
4620,2,78,Athletico-Pr,Mosquito,Normal
4621,2,80,Corinthians,Carlos Gilberto Do Nascimento Silva,Normal
4621,2,9,Corinthians,Guilherme Dos Santos Torres,Normal
4622,2,,Sao Paulo,Antônio Carlos Dos Santos Aguiar,Normal
4622,2,50,Cruzeiro,Júlio Baptista,Normal
4623,2,,Bahia,Lincoln Cássio De Souza Soares,Normal
4623,2,,Bahia,Fahel,Normal
4623,2,,Bahia,Fahel,Normal
4624,2,22,Gremio,Lucas Coelho,Normal
4624,2,84,Atletico-Mg,,Normal
4624,2,11,Gremio,Alan Ruiz,Normal
4625,2,82,Goias,Willian José De Souza,Normal
4626,2,37,Chapecoense,Ricardo Conceição,Normal
4626,2,12,Sport,Rithely,Normal
4626,2,38,Sport,Ananias Elói Castro Monteiro,Normal
4628,3,24,Athletico-Pr,Éderson Alves Ribeiro Silva,Normal
4628,3,36,Cruzeiro,Nílton Ferreira Júnior,Normal
4628,3,83,Cruzeiro,Marcelo Moreno,Normal
4628,3,40,Athletico-Pr,Marcelo Cirino Da Silva,Normal
4628,3,75,Cruzeiro,Elierce Barbosa De Souza,Pênalti
4629,3,61,Coritiba,Luis Francisco Grando,Normal
4629,3,,Coritiba,Róbson Michael Signorini,Normal
4629,3,72,Sao Paulo,Ademilson,Normal
4629,3,22,Sao Paulo,Alexandre Pato,Normal
4630,3,,Fluminense,Wagner Ferreira Dos Santos,Normal
4630,3,54,Vitoria,Marcos Antônio Da Silva Gonçalves,Normal
4630,3,54,Vitoria,Marcos Antônio Da Silva Gonçalves,Normal
4630,3,83,Vitoria,Marcos Antônio Da Silva Gonçalves,Normal
4631,3,14,Criciuma,Silvinho,Normal
4632,3,13,Internacional,,Normal
4632,3,46,Internacional,Charles Arã¡Nguiz,Normal
4632,3,78,Sport,Patric Cabral Lalau,Normal
4633,3,59,Bahia,,Normal
4634,3,73,Flamengo,Alecsandro,Normal
4634,3,14,Flamengo,Paulinho,Normal
4634,3,11,Palmeiras,Wesley Lopes Beltrame,Normal
4634,3,,Flamengo,Mã¡Rcio Rodrigues Araãºjo,Normal
4634,3,,Palmeiras,Henrique Dourado,Normal
4634,3,60,Flamengo,Alecsandro,Normal
4635,3,78,Corinthians,-,Normal
4636,3,69,Goias,David França Oliveira E Silva,Normal
4637,4,54,Internacional,Andrés D'Alessandro,Normal
4637,4,67,Internacional,Alan Patrick,Normal
4637,4,52,Athletico-Pr,,Normal
4638,4,32,Palmeiras,,Normal
4638,4,,Palmeiras,Lucimar Da Silva Ferreira,Normal
4639,4,73,Botafogo-Rj,Daniel Corrêa Freitas,Normal
4639,4,,Botafogo-Rj,,Normal
4639,4,57,Botafogo-Rj,Daniel Corrêa Freitas,Normal
4639,4,23,Botafogo-Rj,Emerson Sheik,Normal
4639,4,52,Botafogo-Rj,Emerson Sheik,Normal
4639,4,81,Botafogo-Rj,Wallyson,Normal
4640,4,92,Chapecoense,Tiago Luís Martins,Normal
4640,4,92,Chapecoense,Tiago Luís Martins,Normal
4640,4,92,Chapecoense,Tiago Luís Martins,Normal
4640,4,65,Gremio,Hernán Barcos,Normal
4640,4,30,Gremio,Hernã¡N  Barcos,Normal
4641,4,11,Fluminense,Fred,Normal
4641,4,87,Fluminense,Francisco Souza Dos Santos,Normal
4642,4,37,Cruzeiro,-,Normal
4642,4,71,Atletico-Mg,André Felipe Ribeiro De Souza,Pênalti
4642,4,55,Atletico-Mg,Marion Silva Fernandes,Normal
4643,4,49,Corinthians,Fagner,Normal
4643,4,81,Sao Paulo,Luís Fabiano,Normal
4644,4,62,Santos,Arouca,Normal
4644,4,44,Santos,Gabriel Barbosa,Normal
4645,4,86,Sport,Rithely,Normal
4646,4,91,Bahia,Pará,Normal
4646,4,39,Vitoria,Souza,Normal
4647,5,70,Goias,Danilo Lopes Cezario,Normal
4647,5,54,Goias,Ramón Rodrigo De Freitas,Normal
4648,5,55,Coritiba,Norberto Pereira Marinho Neto,Normal
4648,5,69,Cruzeiro,,Normal
4648,5,23,Coritiba,Alexsandro De Souza,Normal
4648,5,46,Cruzeiro,Ricardo Goulart,Normal
4648,5,11,Cruzeiro,Ricardo Goulart,Normal
4649,5,37,Gremio,Rodrigo Eduardo Costa Marinho,Normal
4650,5,48,Figueirense,Giovanni Augusto,Normal
4651,5,23,Sao Paulo,Paulo Henrique Ganso,Normal
4651,5,91,Sao Paulo,Paulo Henrique Ganso,Normal
4652,5,88,Chapecoense,Tiago  Luís  Martins,Normal
4652,5,,Athletico-Pr,Cleberson Martins De Souza,Normal
4653,5,49,Palmeiras,Marquinhos,Normal
4655,5,75,Atletico-Mg,André Felipe Ribeiro De Souza,Normal
4655,5,81,Atletico-Mg,-,Normal
4655,5,38,Santos,Cícero Santos,Normal
4656,5,73,Sport,-,Normal
4656,5,73,Sport,-,Normal
4657,6,75,Coritiba,Alexsandro De Souza,Pênalti
4657,6,21,Internacional,,Normal
4658,6,11,Flamengo,Paulinho,Normal
4658,6,92,Bahia,Anderson Talisca,Normal
4658,6,11,Flamengo,Paulinho,Normal
4659,6,77,Cruzeiro,,Normal
4659,6,51,Cruzeiro,Ricardo Goulart,Normal
4660,6,23,Criciuma,,Normal
4661,6,85,Athletico-Pr,Douglas Coutinho,Normal
4661,6,59,Corinthians,Jadson,Pênalti
4662,6,53,Fluminense,Lucas Cavalcante Silva Afonso,Contra
4662,6,66,Fluminense,Walter Henrique Da Silva,Normal
4662,6,76,Fluminense,Rafael Sóbis,Normal
4662,6,45,Sao Paulo,Alexandre Pato,Normal
4662,6,,Fluminense,Wagner Ferreira Dos Santos,Normal
4662,6,26,Sao Paulo,Rogério Ceni,Pênalti
4662,6,53,Fluminense,Lucas Cavalcante Silva Afonso,Contra
4662,6,76,Fluminense,Rafael Sóbis,Normal
4662,6,42,Fluminense,Walter Henrique Da Silva,Normal
4663,6,44,Gremio,Rodrigo Eduardo Costa Marinho,Normal
4663,6,44,Gremio,Rodrigo Eduardo Costa Marinho,Normal
4663,6,6,Botafogo-Rj,Pablo Zeballos,Normal
4663,6,81,Gremio,Maximiliano Rodríguez Maeso,Normal
4663,6,81,Gremio,Maximiliano Rodríguez Maeso,Normal
4664,6,37,Palmeiras,Henrique Dourado,Normal
4665,6,26,Goias,Alex Alves Cardoso,Normal
4665,6,39,Santos,Cícero Santos,Pênalti
4665,6,9,Santos,,Normal
4665,6,69,Goias,-,Normal
4666,6,65,Vitoria,Telmário  De  Araújo  Sacramento,Normal
4666,6,,Atletico-Mg,Réver,Normal
4666,6,17,Atletico-Mg,Rafael Berger,Contra
4666,6,,Vitoria,Willie Hortêncio Barbosa,Normal
4666,6,12,Atletico-Mg,Jesús Dátolo,Normal
4666,6,65,Vitoria,Telmário  De  Araújo  Sacramento,Normal
4667,7,4,Fluminense,Kenedy,Normal
4668,7,61,Sao Paulo,,Normal
4670,7,5,Goias,Jackson De Souza,Normal
4671,7,20,Corinthians,Romarinho,Normal
4671,7,28,Sport,Augusto,Normal
4671,7,68,Corinthians,Romarinho,Normal
4671,7,55,Corinthians,Jadson,Pênalti
4671,7,38,Corinthians,Jadson,Normal
4672,7,58,Athletico-Pr,Luccas Claro,Contra
4672,7,58,Athletico-Pr,Luccas Claro,Contra
4672,7,56,Athletico-Pr,Marcos Guilherme,Normal
4673,7,88,Cruzeiro,Marcelo Moreno,Normal
4673,7,39,Internacional,Wellington Aparecido Martins,Normal
4673,7,43,Cruzeiro,Ricardo Goulart,Normal
4673,7,70,Cruzeiro,Willian Gomes De Siqueira,Normal
4674,7,43,Botafogo-Rj,Emerson Sheik,Normal
4674,7,69,Vitoria,Telmário De Araújo Sacramento,Normal
4675,7,42,Chapecoense,Tiago Luís Martins,Normal
4675,7,47,Chapecoense,Derivaldo Beserra Cavalcante,Normal
4677,8,58,Criciuma,Fábio Ferreira,Normal
4678,8,61,Botafogo-Rj,Mario Bolatti,Normal
4678,8,94,Botafogo-Rj,Pablo Zeballos,Normal
4680,8,79,Internacional,Wellington Paulista,Normal
4680,8,25,Internacional,Wellington Paulista,Normal
4682,8,68,Corinthians,Paolo Guerrero,Normal
4683,8,,Sao Paulo,Rogério Ceni,Pênalti
4683,8,,Athletico-Pr,,Normal
4683,8,92,Sao Paulo,Luís Fabiano,Normal
4683,8,30,Athletico-Pr,Renato Baruffi,Normal
4684,8,53,Atletico-Mg,Jesús Dátolo,Normal
4684,8,65,Atletico-Mg,Diego Tardelli,Normal
4685,8,20,Flamengo,Alecsandro,Normal
4685,8,22,Figueirense,Everaldo Stum,Normal
4686,8,89,Santos,Lucas Rafael Araújo Lima,Normal
4686,8,62,Santos,Alan Santos Da Silva,Normal
4687,9,44,Coritiba,Dener Assunção Braz,Normal
4687,9,5,Coritiba,,Normal
4687,9,44,Coritiba,Dener Assunção Braz,Normal
4687,9,15,Coritiba,Keirrison,Normal
4688,9,90,Sao Paulo,-,Normal
4688,9,11,Sao Paulo,Luís Fabiano,Normal
4688,9,79,Atletico-Mg,Josué Anunciado De Oliveira,Normal
4689,9,48,Sport,Neto Baiano,Normal
4691,9,71,Chapecoense,José Carlos Tofolo Júnior,Normal
4691,9,54,Chapecoense,Abuda,Normal
4691,9,86,Bahia,Demerson Bruno Costa,Normal
4691,9,86,Bahia,Demerson Bruno Costa,Normal
4692,9,,Cruzeiro,Borges,Normal
4692,9,16,Cruzeiro,Ricardo Goulart,Normal
4692,9,18,Cruzeiro,Éverton Ribeiro,Normal
4693,9,22,Internacional,Jorge Henrique,Normal
4693,9,31,Fluminense,Jean Raphael Vanderlei Moreira,Normal
4694,9,18,Santos,Diego Cardoso,Normal
4694,9,11,Santos,Gabriel Barbosa,Normal
4695,9,53,Athletico-Pr,Douglas Coutinho,Normal
4695,9,,Figueirense,Everaldo Stum,Normal
4695,9,53,Athletico-Pr,Douglas Coutinho,Normal
4695,9,53,Athletico-Pr,Douglas Coutinho,Normal
4695,9,93,Athletico-Pr,Douglas Coutinho,Normal
4695,9,53,Athletico-Pr,Douglas Coutinho,Normal
4695,9,47,Athletico-Pr,Douglas Coutinho,Normal
4696,9,,Botafogo-Rj,Wallyson,Normal
4697,28,87,Botafogo-Rj,Edílson Mendes Guimarães,Normal
4697,28,25,Corinthians,Jadson,Normal
4698,28,53,Goias,Erik Nascimento De Lima,Normal
4698,28,25,Goias,David França Oliveira E Silva,Normal
4698,28,10,Goias,Jackson De Souza,Normal
4699,28,56,Gremio,,Pênalti
4699,28,67,Palmeiras,Pablo Mouche,Normal
4699,28,75,Palmeiras,João Pedro Maturano Dos Santos,Normal
4700,28,15,Flamengo,Dedé,Normal
4700,28,57,Flamengo,,Normal
4700,28,62,Flamengo,Gabriel Santana,Normal
4701,28,39,Chapecoense,Tiago Luís Martins,Normal
4702,28,87,Internacional,Valdívia,Normal
4702,28,87,Internacional,Valdívia,Normal
4702,28,53,Internacional,Alex Raphael Meschini,Normal
4702,28,,Fluminense,Fred,Normal
4703,28,,Atletico-Mg,,Normal
4704,28,69,Athletico-Pr,Renato Baruffi,Normal
4704,28,50,Athletico-Pr,Guilherme Augusto Dellatorre,Normal
4704,28,,Athletico-Pr,Guilherme Augusto Dellatorre,Normal
4705,28,28,Vitoria,Telmário De Araújo Sacramento,Normal
4705,28,1,Vitoria,,Contra
4705,28,41,Sport,Diego Souza,Normal
4706,28,61,Criciuma,Lucca Borges De Brito,Normal
4706,28,23,Criciuma,Rodrigo Souza,Normal
4706,28,,Criciuma,Joílson De Jesus Cardoso,Normal
4708,10,5,Figueirense,Thiago Heleno,Normal
4708,10,69,Figueirense,Everaldo Stum,Normal
4709,10,44,Sport,Neto Baiano,Normal
4710,10,40,Criciuma,Paulo Baier,Pênalti
4710,10,59,Criciuma,Paulo Baier,Normal
4710,10,67,Criciuma,Sérgio Antônio Borges Júnior,Normal
4710,10,85,Fluminense,Matheus Carvalho,Normal
4710,10,40,Criciuma,Paulo Baier,Pênalti
4710,10,84,Fluminense,Darío Conca,Normal
4711,10,20,Sao Paulo,Alan Kardec,Normal
4711,10,13,Sao Paulo,Rogã©Rio Ceni,Pênalti
4712,10,35,Flamengo,Samir,Normal
4712,10,61,Athletico-Pr,Cleberson Martins De Souza,Normal
4712,10,35,Flamengo,Samir,Normal
4712,10,20,Athletico-Pr,Douglas Coutinho,Normal
4713,10,7,Corinthians,Paolo Guerrero,Normal
4713,10,91,Internacional,Cláudio Winck,Normal
4713,10,10,Corinthians,Fagner,Normal
4714,10,69,Santos,Alison Lopes Ferreira,Normal
4714,10,24,Santos,Bruno Uvini,Normal
4715,10,92,Vitoria,Ayrton Ganino,Normal
4715,10,76,Cruzeiro,Éverton Ribeiro,Normal
4715,10,72,Cruzeiro,Ricardo Goulart,Normal
4715,10,62,Cruzeiro,Rafael Berger,Contra
4716,10,,Atletico-Mg,Leonardo Silva,Normal
4716,10,42,Chapecoense,Jailton,Normal
4717,11,57,Chapecoense,Ricardo Conceição,Normal
4718,11,4,Gremio,Giuliano Victor De Paula,Normal
4719,11,66,Atletico-Mg,Luan Madson Gedeão De Paiva,Normal
4719,11,25,Bahia,Cristian Chagas Tarouco,Normal
4720,11,,Botafogo-Rj,Mario Bolatti,Normal
4721,11,48,Internacional,Andrés D'Alessandro,Pênalti
4721,11,,Internacional,Fabrício Dos Santos Silva,Normal
4721,11,78,Internacional,Alex Raphael Meschini,Normal
4721,11,16,Internacional,Rafael Moura,Normal
4722,11,10,Cruzeiro,Manoel Messias Silva Carvalho,Normal
4722,11,8,Cruzeiro,Ricardo Goulart,Normal
4722,11,,Palmeiras,Fernando Tobio,Normal
4724,11,53,Athletico-Pr,Marcelo Cirino Da Silva,Normal
4724,11,59,Athletico-Pr,,Normal
4725,11,62,Fluminense,Darío Conca,Normal
4727,12,13,Santos,Rildo De Andrade Felicissimo,Normal
4727,12,13,Santos,Rildo De Andrade Felicissimo,Normal
4727,12,80,Santos,Diego Cardoso,Normal
4727,12,52,Santos,Gabriel Barbosa,Normal
4728,12,47,Cruzeiro,Marcos Antônio Da Silva Gonçalves,Normal
4728,12,72,Cruzeiro,Ricardo Goulart,Normal
4728,12,41,Cruzeiro,Lucas Silva Borges,Pênalti
4728,12,50,Cruzeiro,,Normal
4728,12,50,Cruzeiro,,Normal
4728,12,79,Cruzeiro,Dagoberto Pelentier,Normal
4729,12,84,Vitoria,,Normal
4729,12,90,Criciuma,Sérgio Antônio Borges Júnior,Normal
4729,12,67,Vitoria,Caio Canedo Corrêa,Normal
4729,12,19,Vitoria,Caio Canedo Corrêa,Normal
4730,12,66,Internacional,Wellington Do Nascimento Silva,Normal
4731,12,76,Sao Paulo,Kaká,Normal
4731,12,44,Goias,Willian José De Souza,Normal
4731,12,76,Sao Paulo,Kaká,Normal
4731,12,,Goias,Bruno Mineiro,Normal
4732,12,35,Fluminense,Darío Conca,Normal
4732,12,18,Fluminense,Jean Raphael Vanderlei Moreira,Normal
4732,12,65,Fluminense,Cícero Santos,Normal
4733,12,91,Corinthians,Petros,Normal
4733,12,51,Corinthians,Paolo Guerrero,Normal
4734,12,69,Sport,,Normal
4734,12,51,Sport,Felipe Azevedo,Normal
4734,12,85,Atletico-Mg,Diego Tardelli,Pênalti
4735,12,33,Flamengo,Alecsandro,Normal
4736,12,65,Gremio,Hernán Barcos,Normal
4736,12,73,Coritiba,Zé Love,Normal
4736,12,94,Coritiba,Alexsandro De Souza,Normal
4736,12,,Coritiba,Zé Love,Normal
4736,12,57,Gremio,Hernã¡N Barcos,Normal
4737,13,60,Cruzeiro,Leonardo Renan Simões De Lacerda,Normal
4737,13,25,Botafogo-Rj,Edílson Mendes Guimarães,Normal
4738,13,80,Criciuma,Rodrigo Souza,Normal
4738,13,74,Sao Paulo,Alan Kardec,Normal
4739,13,59,Vitoria,Caio Canedo Corrêa,Normal
4739,13,77,Vitoria,Caio Canedo Corrêa,Normal
4739,13,11,Gremio,Hernán Barcos,Normal
4740,13,61,Palmeiras,Henrique Dourado,Normal
4740,13,63,Bahia,Kieza,Normal
4741,13,7,Chapecoense,Rafael Lima,Normal
4743,13,84,Figueirense,Marco Antônio Miranda Filho,Normal
4743,13,84,Figueirense,Marco Antônio Miranda Filho,Normal
4743,13,42,Figueirense,Lã©O Lisboa,Normal
4743,13,,Figueirense,Clayton Da Silveira Da Silva,Normal
4744,13,57,Internacional,Rafael Moura,Normal
4745,13,20,Fluminense,David França Oliveira E Silva,Normal
4745,13,10,Fluminense,Cícero Santos,Normal
4746,13,87,Atletico-Mg,Deivid Willian Da Silva,Contra
4746,13,76,Atletico-Mg,Lã©O Pereira,Contra
4746,13,56,Athletico-Pr,Marcos Guilherme,Normal
4746,13,87,Atletico-Mg,Deivid Willian Da Silva,Contra
4746,13,34,Atletico-Mg,Leonardo Silva,Normal
4748,14,31,Bahia,Fahel,Normal
4749,14,,Coritiba,Germano Borovicz Cardoso Schweger,Normal
4749,14,25,Fluminense,Elivélton,Normal
4750,14,85,Flamengo,Eduardo Da Silva,Normal
4751,14,84,Corinthians,,Normal
4751,14,84,Corinthians,,Normal
4752,14,46,Athletico-Pr,Cléverson Gabriel Córdova,Normal
4752,14,93,Athletico-Pr,Douglas Coutinho,Normal
4753,14,85,Internacional,Cláudio Winck,Normal
4753,14,,Internacional,Charles Aránguiz,Normal
4754,14,44,Atletico-Mg,,Normal
4754,14,,Palmeiras,Henrique Dourado,Normal
4754,14,87,Atletico-Mg,Jesús Dátolo,Normal
4755,14,87,Figueirense,Marcos Roberto Da Silva Barbosa,Normal
4756,14,17,Sao Paulo,Alexandre Pato,Normal
4756,14,39,Sao Paulo,,Normal
4756,14,32,Sao Paulo,Alan Kardec,Normal
4756,14,47,Vitoria,Kadu,Normal
4757,15,77,Internacional,Pedro Henrique Pereira Da Silva,Contra
4758,15,43,Corinthians,Carlos Gilberto Do Nascimento Silva,Normal
4758,15,36,Bahia,Kieza,Normal
4759,15,17,Flamengo,Éverton Cardoso Da Silva,Normal
4760,15,89,Sao Paulo,Alan Kardec,Normal
4760,15,60,Palmeiras,Henrique Dourado,Pênalti
4760,15,53,Sao Paulo,Alexandre Pato,Normal
4761,15,49,Gremio,Lucas Coelho,Normal
4761,15,11,Gremio,Luan Guilherme De Jesus Vieira,Pênalti
4762,15,88,Cruzeiro,,Normal
4762,15,48,Cruzeiro,Ricardo Goulart,Normal
4762,15,25,Cruzeiro,Marcelo Moreno,Normal
4762,15,88,Cruzeiro,,Normal
4764,15,65,Botafogo-Rj,Daniel Corrêa Freitas,Normal
4764,15,68,Botafogo-Rj,Pablo Zeballos,Normal
4765,15,,Sport,Régis,Normal
4765,15,25,Athletico-Pr,Cleberson Martins De Souza,Normal
4766,15,74,Atletico-Mg,Diego Tardelli,Pênalti
4766,15,25,Figueirense,Leonardo Silva,Contra
4766,15,91,Figueirense,Clayton Da Silveira Da Silva,Normal
4766,15,8,Atletico-Mg,Jesús Dátolo,Normal
4767,16,23,Sport,,Contra
4767,16,,Palmeiras,-,Normal
4767,16,33,Sport,Patric Cabral Lalau,Normal
4768,16,2,Figueirense,Clayton Da Silveira Da Silva,Normal
4769,16,45,Santos,-,Normal
4769,16,67,Santos,Thiago Ribeiro,Normal
4770,16,63,Coritiba,Keirrison,Pênalti
4770,16,18,Coritiba,Luiz Eduardo Figueiredo,Normal
4772,16,60,Chapecoense,Camilo,Normal
4773,16,10,Atletico-Mg,,Normal
4773,16,65,Flamengo,Léo Moura,Pênalti
4773,16,,Flamengo,Eduardo Da Silva,Normal
4774,16,36,Sao Paulo,,Normal
4775,16,22,Corinthians,Paolo Guerrero,Normal
4775,16,,Corinthians,Elias Mendes Trindade,Normal
4775,16,89,Corinthians,Luciano Da Rocha Neves,Normal
4775,16,78,Corinthians,Luciano Da Rocha Neves,Normal
4775,16,85,Corinthians,Luciano Da Rocha Neves,Normal
4775,16,11,Goias,Thiago Henrique Mendes Ribeiro,Normal
4775,16,60,Goias,Jackson De Souza,Normal
4776,16,86,Cruzeiro,Dagoberto Pelentier,Normal
4777,17,82,Atletico-Mg,Diego Tardelli,Normal
4778,17,31,Botafogo-Rj,Luis Ramã­Rez,Normal
4779,17,14,Palmeiras,Juninho,Normal
4780,17,46,Gremio,-,Normal
4780,17,49,Gremio,Hernán Barcos,Normal
4780,17,62,Corinthians,Paolo Guerrero,Normal
4781,17,78,Flamengo,,Pênalti
4781,17,82,Flamengo,Eduardo Da Silva,Normal
4782,17,75,Figueirense,Everaldo Stum,Normal
4783,17,24,Sao Paulo,Paulo Henrique Ganso,Normal
4783,17,88,Sao Paulo,Alexandre Pato,Normal
4783,17,86,Santos,Gabriel  Barbosa,Pênalti
4784,17,80,Fluminense,Fred,Normal
4784,17,35,Fluminense,Cícero Santos,Normal
4784,17,,Fluminense,Darío Conca,Normal
4784,17,,Fluminense,Fred,Normal
4785,17,,Cruzeiro,,Normal
4787,18,,Internacional,Jorge Henrique,Normal
4788,18,58,Cruzeiro,Alisson Euler De Freitas Castro,Normal
4788,18,52,Cruzeiro,Marcelo Moreno,Normal
4788,18,70,Chapecoense,Bruno Rangel,Normal
4788,18,,Cruzeiro,Leonardo Renan Simões De Lacerda,Normal
4788,18,11,Chapecoense,Zezinho,Normal
4788,18,71,Cruzeiro,Marcelo Moreno,Normal
4789,18,43,Fluminense,Fred,Pênalti
4789,18,74,Corinthians,Romarinho,Normal
4789,18,43,Fluminense,Fred,Pênalti
4789,18,43,Fluminense,Fred,Pênalti
4791,18,52,Sport,Danilo Barcelos,Normal
4791,18,,Sport,Neto Baiano,Normal
4792,18,48,Figueirense,Giovanni Augusto,Normal
4792,18,76,Sao Paulo,Rogério  Ceni,Pênalti
4793,18,63,Botafogo-Rj,Daniel Corrêa Freitas,Normal
4794,18,59,Gremio,Hernán Barcos,Normal
4795,18,39,Goias,Erik Nascimento De Lima,Normal
4795,18,63,Athletico-Pr,Cléverson Gabriel Córdova,Normal
4795,18,84,Goias,Erik Nascimento De Lima,Normal
4795,18,43,Goias,Erik Nascimento De Lima,Normal
4796,18,33,Flamengo,Marcelo Augusto Mathias Da Silva,Normal
4796,18,40,Vitoria,Caio Canedo Corrêa,Normal
4796,18,,Flamengo,Alecsandro,Pênalti
4796,18,33,Flamengo,Marcelo Augusto Mathias Da Silva,Normal
4796,18,,Flamengo,Alecsandro,Pênalti
4797,19,74,Santos,Leandro  Damião,Normal
4797,19,52,Santos,David Braz,Normal
4797,19,47,Santos,David Braz,Normal
4797,19,65,Vitoria,Telmário De Araújo Sacramento,Normal
4797,19,65,Vitoria,Telmário De Araújo Sacramento,Normal
4798,19,91,Gremio,Luan Guilherme De Jesus Vieira,Normal
4800,19,26,Sao Paulo,Alexandre Pato,Normal
4800,19,7,Sao Paulo,Rithely,Contra
4802,19,,Atletico-Mg,Leonardo Silva,Normal
4803,19,44,Cruzeiro,Júlio Baptista,Normal
4803,19,,Fluminense,Kenedy,Normal
4803,19,17,Fluminense,Wagner Ferreira Dos Santos,Normal
4803,19,23,Fluminense,Cícero Santos,Normal
4803,19,58,Cruzeiro,Marcelo Moreno,Normal
4803,19,14,Cruzeiro,Júlio Baptista,Pênalti
4805,19,29,Athletico-Pr,Guilherme Augusto Dellatorre,Normal
4805,19,53,Palmeiras,Henrique Dourado,Pênalti
4805,19,53,Palmeiras,Henrique Dourado,Pênalti
4806,19,75,Figueirense,Marco Antônio Miranda Filho,Normal
4806,19,76,Figueirense,Giovanni Augusto,Normal
4806,19,18,Internacional,Andrés D'Alessandro,Normal
4806,19,18,Internacional,Andrés D'Alessandro,Normal
4806,19,51,Figueirense,Everaldo Stum,Normal
4806,19,18,Internacional,Andrés D'Alessandro,Normal
4806,19,35,Internacional,Paulo Marcos De Jesus Ribeiro,Normal
4807,20,92,Gremio,Hernán Barcos,Normal
4808,20,82,Palmeiras,Jonatan Cristaldo,Normal
4809,20,85,Fluminense,Cícero Santos,Normal
4809,20,39,Figueirense,Everaldo Stum,Normal
4810,20,25,Santos,Thiago Ribeiro,Normal
4810,20,53,Sport,Patric Cabral Lalau,Normal
4810,20,91,Sport,Patric Cabral Lalau,Normal
4810,20,,Sport,Patric Cabral Lalau,Normal
4811,20,1,Coritiba,Róbson Michael Signorini,Normal
4811,20,76,Coritiba,Joel Tagueu,Normal
4811,20,14,Coritiba,Alejandro Martinuccio,Normal
4812,20,70,Goias,Samuel,Normal
4813,20,,Sao Paulo,Alexandre Pato,Normal
4813,20,8,Sao Paulo,Alan  Kardec,Normal
4813,20,23,Botafogo-Rj,André Bahia,Normal
4813,20,42,Sao Paulo,Josef De Souza Dias,Normal
4813,20,42,Sao Paulo,Josef De Souza Dias,Normal
4813,20,20,Botafogo-Rj,Pablo Zeballos,Normal
4813,20,37,Sao Paulo,Josef De Souza Dias,Normal
4814,20,56,Vitoria,Márcio José Oliveira,Normal
4814,20,8,Vitoria,Richarlyson,Normal
4814,20,8,Vitoria,Richarlyson,Normal
4814,20,56,Vitoria,Márcio José Oliveira,Normal
4815,20,14,Corinthians,Petros,Normal
4816,20,,Cruzeiro,Éverton Ribeiro,Pênalti
4816,20,71,Cruzeiro,Ricardo Goulart,Normal
4816,20,30,Bahia,Rafael Miranda,Normal
4817,21,63,Fluminense,Darío Conca,Normal
4817,21,,Fluminense,Fred,Normal
4817,21,35,Fluminense,Fred,Pênalti
4818,21,83,Sport,Felipe Azevedo,Pênalti
4818,21,,Chapecoense,Douglas Grolli,Normal
4818,21,42,Chapecoense,Douglas Grolli,Normal
4818,21,46,Chapecoense,Tiago Luís Martins,Normal
4819,21,13,Santos,Lucas  Rafael  Araújo  Lima,Normal
4819,21,39,Santos,Robinho,Normal
4819,21,88,Coritiba,Luiz Eduardo Figueiredo,Normal
4820,21,25,Bahia,Kieza,Normal
4820,21,84,Bahia,Maxi Biancucchi,Normal
4820,21,84,Bahia,Maxi Biancucchi,Normal
4820,21,18,Bahia,Kieza,Normal
4821,21,59,Internacional,Eduardo Sasha,Normal
4821,21,41,Internacional,,Normal
4822,21,,Flamengo,Wallace Reis Da Silva,Normal
4823,21,36,Sao Paulo,Rogério Ceni,Pênalti
4823,21,71,Sao Paulo,Alan Kardec,Normal
4824,21,70,Athletico-Pr,Hernani Azevedo Junior,Normal
4824,21,30,Athletico-Pr,Marcelo Cirino Da Silva,Normal
4826,21,63,Criciuma,Luís Felipe Dias Do Nascimento,Normal
4827,22,71,Vitoria,William Henrique,Normal
4827,22,19,Fluminense,Cícero Santos,Normal
4827,22,,Vitoria,Telmário De Araújo Sacramento,Normal
4827,22,,Vitoria,Vinícius Santos Silva,Normal
4828,22,55,Cruzeiro,Marcelo Moreno,Normal
4828,22,27,Cruzeiro,Alisson Euler De Freitas Castro,Normal
4830,22,63,Figueirense,,Normal
4830,22,63,Figueirense,,Normal
4830,22,46,Criciuma,Silvinho,Normal
4830,22,46,Criciuma,Silvinho,Normal
4831,22,90,Bahia,Wellington Clayton Gonçalves Dos Santos,Normal
4831,22,31,Bahia,Dankler,Contra
4831,22,73,Bahia,Maxi Biancucchi,Normal
4831,22,43,Botafogo-Rj,Emerson Sheik,Pênalti
4831,22,29,Botafogo-Rj,Emerson Sheik,Normal
4832,22,32,Flamengo,Alecsandro,Normal
4832,22,48,Palmeiras,Diogo Luís Santo,Normal
4832,22,69,Palmeiras,Victor Luis,Normal
4832,22,13,Flamengo,Héctor  Canteros,Normal
4833,22,46,Sao Paulo,Michel Bastos,Normal
4833,22,86,Coritiba,Joel Tagueu,Normal
4833,22,63,Coritiba,Joel Tagueu,Normal
4833,22,60,Coritiba,,Normal
4834,22,50,Chapecoense,Wéverton Almeida Santos,Contra
4834,22,10,Corinthians,Malcom Filipe Silva De Oliveira,Normal
4835,22,42,Atletico-Mg,Guilherme Milhomem Gusmão,Normal
4835,22,79,Goias,Erik Nascimento De Lima,Normal
4835,22,18,Atletico-Mg,Guilherme Milhomem Gusmã£O,Normal
4835,22,93,Goias,Jackson De Souza,Normal
4835,22,79,Goias,Erik Nascimento De Lima,Normal
4835,22,45,Atletico-Mg,Carlos Júnior,Normal
4837,23,81,Internacional,Rafael Moura,Normal
4838,23,68,Criciuma,Paulo Baier,Pênalti
4838,23,37,Botafogo-Rj,Pablo Zeballos,Pênalti
4839,23,52,Cruzeiro,Alisson Euler De Freitas Castro,Normal
4839,23,41,Atletico-Mg,Diego  Tardelli,Normal
4839,23,39,Atletico-Mg,Carlos Júnior,Normal
4839,23,91,Atletico-Mg,Carlos Júnior,Normal
4839,23,47,Cruzeiro,Ricardo  Goulart,Normal
4840,23,45,Fluminense,Fred,Normal
4840,23,27,Flamengo,Eduardo Da Silva,Normal
4841,23,75,Sport,,Normal
4842,23,6,Sao Paulo,Josef De Souza Dias,Normal
4842,23,36,Corinthians,,Pênalti
4842,23,74,Corinthians,Paolo Guerrero,Normal
4842,23,45,Sao  Paulo,Édson José Da Silva,Normal
4842,23,66,Corinthians,Fábio Santos,Pênalti
4843,23,53,Vitoria,Luiz Gustavo,Normal
4843,23,9,Vitoria,Kadu,Normal
4843,23,6,Bahia,Kieza,Normal
4844,23,48,Figueirense,Giovanni Augusto,Pênalti
4844,23,41,Santos,Leandro Damião,Normal
4844,23,57,Santos,,Normal
4844,23,89,Santos,Lucas Rafael Araújo Lima,Normal
4844,23,48,Figueirense,Giovanni Augusto,Pênalti
4845,23,27,Goias,Erik Nascimento De Lima,Normal
4845,23,90,Goias,Welinton Júnior,Normal
4845,23,12,Goias,Esquerdinha,Normal
4845,23,,Goias,David França Oliveira E Silva,Normal
4845,23,49,Goias,Thiago Henrique Mendes Ribeiro,Normal
4845,23,7,Goias,-,Normal
4846,23,8,Gremio,Eduardo Pereira Rodrigues,Normal
4846,23,8,Gremio,Eduardo Pereira Rodrigues,Normal
4847,24,48,Internacional,Eduardo Sasha,Normal
4847,24,39,Internacional,Charles Aránguiz,Normal
4847,24,52,Internacional,Andrés D'Alessandro,Normal
4848,24,8,Cruzeiro,Marcelo Moreno,Pênalti
4848,24,62,Coritiba,Alejandro Martinuccio,Normal
4848,24,39,Cruzeiro,Éverton Ribeiro,Normal
4848,24,8,Cruzeiro,Marcelo Moreno,Pênalti
4849,24,72,Bahia,Railan Dos Santos Reis,Normal
4850,24,67,Chapecoense,,Normal
4850,24,10,Chapecoense,Bruno César Pereira Da Silva,Normal
4850,24,89,Chapecoense,Leandro,Normal
4850,24,10,Chapecoense,Bruno César Pereira Da Silva,Normal
4851,24,90,Sao Paulo,Luís Fabiano,Normal
4851,24,90,Sao Paulo,Luís Fabiano,Normal
4851,24,87,Flamengo,Alecsandro,Normal
4851,24,35,Flamengo,Éverton Cardoso Da Silva,Normal
4851,24,18,Sao Paulo,Rogério Ceni,Pênalti
4852,24,84,Figueirense,Marcos Assis De Santana,Normal
4854,24,63,Palmeiras,Henrique Dourado,Normal
4854,24,26,Palmeiras,Lucimar Da Silva Ferreira,Normal
4855,24,,Botafogo-Rj,,Normal
4856,24,,Atletico-Mg,Diego Tardelli,Normal
4856,24,,Santos,Thiago Ribeiro,Normal
4856,24,54,Atletico-Mg,Diego Tardelli,Normal
4856,24,24,Atletico-Mg,Neuciano Gusmão,Contra
4856,24,84,Santos,Geuvânio,Normal
4857,25,24,Chapecoense,Leandro,Normal
4857,25,54,Criciuma,Souza,Normal
4857,25,54,Criciuma,Souza,Normal
4859,25,53,Fluminense,Fred,Normal
4859,25,90,Fluminense,Darío Conca,Normal
4859,25,73,Fluminense,Wagner Ferreira Dos Santos,Normal
4859,25,57,Sao Paulo,Alexandre Pato,Normal
4860,25,18,Bahia,Emanuel Biancucchi,Normal
4860,25,49,Bahia,Emanuel Biancucchi,Pênalti
4860,25,62,Flamengo,,Normal
4861,25,42,Athletico-Pr,Cléverson Gabriel Córdova,Pênalti
4862,25,50,Gremio,Hernán Barcos,Normal
4862,25,77,Gremio,Hernán Barcos,Normal
4863,25,86,Atletico-Mg,Diego Tardelli,Normal
4863,25,93,Atletico-Mg,Guilherme Milhomem Gusmão,Normal
4864,25,81,Figueirense,Marcos Assis De Santana,Normal
4864,25,81,Figueirense,Marcos Assis De Santana,Normal
4864,25,78,Figueirense,Clayton Da Silveira Da Silva,Normal
4864,25,35,Palmeiras,Jonatan Cristaldo,Normal
4864,25,76,Figueirense,Clayton Da Silveira Da Silva,Normal
4865,25,44,Internacional,,Normal
4865,25,73,Internacional,Eduardo Sasha,Normal
4865,25,,Internacional,Andrés D'Alessandro,Normal
4865,25,15,Coritiba,Leandro Almeida,Normal
4865,25,32,Internacional,Alex Raphael Meschini,Normal
4865,25,64,Coritiba,Zé Love,Normal
4865,25,44,Internacional,,Normal
4865,25,15,Coritiba,Leandro Almeida,Normal
4865,25,44,Internacional,,Normal
4866,25,14,Santos,David Braz,Normal
4866,25,63,Santos,Geuvânio,Normal
4867,26,41,Chapecoense,Leandro,Normal
4867,26,92,Chapecoense,Leandro,Normal
4867,26,,Palmeiras,Henrique  Dourado,Normal
4867,26,52,Palmeiras,Wesley Lopes Beltrame,Normal
4867,26,70,Palmeiras,Henrique Dourado,Normal
4867,26,66,Palmeiras,Henrique Dourado,Pênalti
4868,26,25,Santos,Robinho,Normal
4869,26,22,Fluminense,Fred,Normal
4869,26,83,Bahia,Marcos Aurã©Lio De Oliveira Lima,Normal
4870,26,46,Coritiba,Hélder,Normal
4871,26,74,Vitoria,Márcio José Oliveira,Normal
4871,26,52,Vitoria,Márcio José Oliveira,Pênalti
4871,26,68,Botafogo-Rj,José Rogério De Oliveira Melo,Normal
4872,26,,Sao Paulo,Rogério Ceni,Pênalti
4873,26,25,Corinthians,Anderson Martins,Normal
4873,26,93,Corinthians,Luciano Da Rocha Neves,Normal
4873,26,73,Corinthians,Paolo Guerrero,Normal
4874,26,20,Cruzeiro,Marcelo Moreno,Normal
4874,26,56,Internacional,Alex Raphael Meschini,Normal
4874,26,34,Cruzeiro,Marcos Antônio Da Silva Gonçalves,Normal
4875,26,,Atletico-Mg,Carlos Júnior,Normal
4875,26,61,Criciuma,Souza,Normal
4875,26,,Atletico-Mg,Carlos Júnior,Normal
4875,26,,Criciuma,Souza,Normal
4875,26,61,Criciuma,Souza,Normal
4875,26,6,Criciuma,Rafael Pereira Dos Santos,Normal
4876,26,35,Goias,Ramón  Rodrigo  De  Freitas,Normal
4877,27,50,Palmeiras,Henrique Dourado,Normal
4878,27,47,Coritiba,,Normal
4879,27,6,Sao Paulo,Maicon,Normal
4880,27,75,Goias,Bruno Mineiro,Normal
4880,27,73,Goias,Erik Nascimento De Lima,Normal
4880,27,3,Vitoria,Edno,Normal
4880,27,42,Vitoria,Edno,Normal
4881,27,73,Corinthians,Luciano Da Rocha Neves,Normal
4881,27,73,Corinthians,Luciano Da Rocha Neves,Normal
4882,27,76,Gremio,Eduardo Pereira Rodrigues,Normal
4882,27,30,Gremio,Alan Ruiz,Normal
4883,27,57,Figueirense,Marcelino Júnior Lopes Arruda,Normal
4883,27,5,Flamengo,Eduardo Da Silva,Normal
4883,27,,Flamengo,,Normal
4884,27,11,Santos,Leandro Damião,Normal
4886,27,60,Chapecoense,Leandro,Normal
4886,27,89,Chapecoense,Camilo,Normal
4886,27,40,Chapecoense,Leandro,Normal
4886,27,76,Chapecoense,,Normal
4886,27,,Chapecoense,Diones,Normal
4888,29,40,Sao Paulo,Rogério Ceni,Normal
4888,29,88,Bahia,Fahel,Normal
4888,29,79,Sao Paulo,Paulo Henrique Ganso,Normal
4889,29,45,Criciuma,Ronaldo Alves,Normal
4889,29,85,Fluminense,Fred,Pênalti
4889,29,,Fluminense,,Normal
4889,29,50,Fluminense,Wagner Ferreira Dos Santos,Normal
4889,29,69,Criciuma,Lucca Borges De Brito,Normal
4889,29,50,Fluminense,Wagner Ferreira Dos Santos,Normal
4889,29,56,Fluminense,Darío Conca,Normal
4890,29,29,Atletico-Mg,Douglas Santos,Normal
4891,29,46,Athletico-Pr,Cléverson Gabriel Córdova,Pênalti
4891,29,17,Athletico-Pr,Cléverson Gabriel Córdova,Normal
4891,29,8,Flamengo,Eduardo Da Silva,Normal
4892,29,,Figueirense,Marcos  Assis  De  Santana,Normal
4892,29,88,Figueirense,Marcelino  Jãºnior  Lopes  Arruda,Normal
4892,29,33,Figueirense,Marco Antônio Miranda Filho,Normal
4892,29,90,Figueirense,Marcos Assis De Santana,Normal
4893,29,73,Internacional,Nilmar,Normal
4893,29,54,Corinthians,Carlos Gilberto Do Nascimento Silva,Normal
4893,29,4,Corinthians,Paolo Guerrero,Normal
4893,29,4,Corinthians,Paolo Guerrero,Normal
4894,29,44,Santos,Gabriel Barbosa,Normal
4894,29,,Santos,Gabriel Barbosa,Normal
4894,29,89,Palmeiras,Henrique Dourado,Normal
4894,29,,Santos,Geuvânio,Normal
4895,29,84,Cruzeiro,Dedé,Normal
4896,29,59,Botafogo-Rj,Wallyson,Normal
4896,29,22,Sport,Diego Souza,Normal
4897,30,85,Bahia,Guilherme Oliveira Santos,Normal
4897,30,54,Atletico-Mg,Luan Madson Gedeão De Paiva,Normal
4898,30,19,Corinthians,Fábio Santos,Normal
4898,30,84,Vitoria,,Normal
4898,30,80,Corinthians,Luciano Da Rocha Neves,Normal
4899,30,69,Flamengo,Gabriel Santana,Normal
4899,30,,Flamengo,Gabriel Santana,Normal
4899,30,,Flamengo,Gabriel Santana,Normal
4900,30,78,Athletico-Pr,Cléverson Gabriel Córdova,Normal
4901,30,89,Palmeiras,Pablo Mouche,Normal
4901,30,93,Cruzeiro,Dagoberto Pelentier,Normal
4902,30,38,Gremio,Hernán Barcos,Pênalti
4903,30,29,Coritiba,Joel Tagueu,Normal
4903,30,88,Coritiba,Alexsandro De Souza,Normal
4905,30,91,Fluminense,Edson Felipe Da Cruz,Normal
4906,30,90,Goias,Esquerdinha,Normal
4907,31,92,Figueirense,,Normal
4907,31,36,Cruzeiro,Marcos Antônio Da Silva Gonçalves,Normal
4908,31,91,Corinthians,Danilo Gabriel De Andrade,Normal
4908,31,26,Palmeiras,Henrique Dourado,Normal
4908,31,26,Palmeiras,Henrique Dourado,Normal
4909,31,48,Fluminense,Wagner Ferreira Dos Santos,Normal
4909,31,92,Fluminense,Fred,Normal
4909,31,,Athletico-Pr,Cleberson Martins De Souza,Normal
4909,31,,Athletico-Pr,Cleberson Martins De Souza,Normal
4910,31,63,Vitoria,Telmário De Araújo Sacramento,Normal
4910,31,,Vitoria,Edno,Normal
4910,31,86,Vitoria,Edno,Pênalti
4910,31,67,Criciuma,Rodrigo Souza,Normal
4911,31,69,Atletico-Mg,Carlos Júnior,Normal
4911,31,79,Sport,Danilo Barcelos,Normal
4911,31,35,Atletico-Mg,Tiago Pagnussat,Normal
4911,31,48,Atletico-Mg,Jesús Dátolo,Normal
4911,31,18,Sport,Rodrigo Mancha,Normal
4912,31,13,Santos,Bruno Uvini,Normal
4912,31,,Chapecoense,Leandro,Normal
4913,31,85,Gremio,Cristian Riveros,Normal
4913,31,85,Gremio,Cristian Riveros,Normal
4913,31,31,Coritiba,Leandro Almeida,Normal
4914,31,10,Internacional,Alan Patrick,Normal
4914,31,39,Internacional,Nilmar,Normal
4915,31,34,Botafogo-Rj,-,Normal
4915,31,67,Botafogo-Rj,Wallyson,Normal
4915,31,75,Flamengo,-,Normal
4916,31,3,Sao Paulo,Édson José Da Silva,Normal
4916,31,,Sao Paulo,Alan Kardec,Normal
4916,31,6,Sao Paulo,Luís Fabiano,Normal
4917,32,,Fluminense,Darío Conca,Normal
4917,32,26,Fluminense,Fred,Normal
4918,32,45,Gremio,Richarlyson,Contra
4919,32,95,Corinthians,Bruno  Henrique  Corsini,Normal
4919,32,46,Corinthians,Elias Mendes Trindade,Normal
4919,32,25,Coritiba,-,Normal
4919,32,32,Coritiba,Alexsandro De Souza,Normal
4919,32,95,Corinthians,Bruno  Henrique  Corsini,Normal
4919,32,25,Coritiba,-,Normal
4920,32,63,Santos,Gabriel Barbosa,Normal
4920,32,81,Internacional,Charles Aránguiz,Normal
4920,32,,Internacional,Charles Aránguiz,Normal
4921,32,64,Sport,Diego Souza,Pênalti
4922,32,5,Cruzeiro,Marcos Antônio Da Silva Gonçalves,Normal
4922,32,16,Cruzeiro,Egídio De Araújo Pereira Júnior,Normal
4922,32,91,Botafogo-Rj,Leonardo Renan Simões De Lacerda,Contra
4923,32,83,Sao Paulo,Alan Kardec,Normal
4923,32,,Criciuma,,Normal
4923,32,37,Sao Paulo,Édson José Da Silva,Normal
4924,32,1,Athletico-Pr,Paulinho Dias,Normal
4925,32,56,Flamengo,Anderson Pico,Normal
4925,32,70,Flamengo,Nixon Darlanio Reis Cardoso,Normal
4925,32,61,Flamengo,Nixon Darlanio Reis Cardoso,Normal
4925,32,56,Flamengo,Anderson Pico,Normal
4925,32,70,Flamengo,Nixon Darlanio Reis Cardoso,Normal
4926,32,36,Palmeiras,Anderson Da Silva,Normal
4927,33,46,Coritiba,Joel Tagueu,Normal
4928,33,65,Atletico-Mg,Dodô,Normal
4928,33,39,Atletico-Mg,Tiago Pagnussat,Normal
4929,33,28,Athletico-Pr,Clã©Verson Gabriel Cã³Rdova,Normal
4929,33,94,Athletico-Pr,Cléverson Gabriel Córdova,Normal
4930,33,78,Sao Paulo,Kaká,Normal
4930,33,56,Vitoria,Kadu,Normal
4930,33,78,Sao Paulo,Kaká,Normal
4930,33,78,Sao Paulo,Kaká,Normal
4930,33,14,Sao Paulo,Luís Fabiano,Normal
4931,33,49,Gremio,,Normal
4931,33,,Gremio,Alan Ruiz,Normal
4931,33,82,Gremio,,Normal
4931,33,28,Gremio,Luan Guilherme De Jesus Vieira,Normal
4931,33,82,Gremio,,Normal
4931,33,61,Internacional,Rafael Moura,Normal
4932,33,63,Figueirense,Marcos Assis De Santana,Normal
4933,33,92,Sport,Mike Dos Santos Nenatarvicius,Normal
4933,33,24,Flamengo,Nixon Darlanio Reis Cardoso,Normal
4933,33,,Flamengo,Márcio Rodrigues Araújo,Normal
4933,33,89,Sport,Danilo Barcelos,Normal
4934,33,7,Corinthians,Paolo Guerrero,Normal
4935,33,59,Cruzeiro,-,Normal
4935,33,90,Cruzeiro,Willian Gomes De Siqueira,Normal
4935,33,64,Cruzeiro,Ricardo Goulart,Normal
4935,33,3,Criciuma,Lucca Borges De Brito,Normal
4935,33,64,Cruzeiro,Ricardo Goulart,Normal
4935,33,59,Cruzeiro,-,Normal
4936,33,76,Goias,Thiago Henrique Mendes Ribeiro,Normal
4936,33,70,Goias,Erik Nascimento De Lima,Normal
4936,33,,Goias,Erik Nascimento De Lima,Normal
4937,35,49,Sao Paulo,-,Normal
4937,35,18,Internacional,Paulo Marcos De Jesus Ribeiro,Normal
4938,35,51,Figueirense,França,Normal
4939,35,50,Athletico-Pr,Cleberson Martins De Souza,Normal
4939,35,28,Santos,Robinho,Normal
4940,35,45,Corinthians,Felipe Macedo,Contra
4941,35,19,Vitoria,Telmário De Araújo Sacramento,Normal
4941,35,37,Coritiba,Luccas Claro,Normal
4942,35,52,Bahia,-,Normal
4943,35,25,Atletico-Mg,Luan Madson Gedeão De Paiva,Normal
4943,35,63,Atletico-Mg,Luan Madson Gedeão De Paiva,Normal
4943,35,73,Atletico-Mg,Dodô,Normal
4943,35,45,Atletico-Mg,Diego Tardelli,Pênalti
4944,35,78,Sport,Ananias Elói Castro Monteiro,Normal
4944,35,90,Sport,Patric Cabral Lalau,Normal
4945,35,47,Chapecoense,,Normal
4945,35,,Fluminense,Rafael Lima,Contra
4945,35,71,Chapecoense,Leandro,Normal
4945,35,66,Chapecoense,Camilo,Normal
4945,35,84,Chapecoense,Bruno César Pereira Da Silva,Normal
4946,35,66,Cruzeiro,,Normal
4946,35,76,Cruzeiro,Éverton Ribeiro,Normal
4946,35,,Gremio,Cristian Riveros,Normal
4946,35,,Gremio,Cristian Riveros,Normal
4947,34,13,Gremio,Eduardo  Pereira  Rodrigues,Normal
4947,34,66,Gremio,Ramiro Moschen Benetti,Normal
4947,34,,Gremio,Hernán Barcos,Normal
4948,34,74,Fluminense,Edson Felipe Da Cruz,Normal
4949,34,70,Bahia,Kieza,Normal
4949,34,84,Corinthians,Renato Augusto,Normal
4949,34,25,Corinthians,Malcom Filipe Silva De Oliveira,Normal
4950,34,54,Sport,Diego Souza,Normal
4951,34,,Coritiba,Joel Tagueu,Normal
4951,34,,Flamengo,Éverton Cardoso Da Silva,Normal
4951,34,81,Flamengo,Nixon Darlanio Reis Cardoso,Normal
4951,34,18,Flamengo,Lucas Mugni,Normal
4951,34,84,Coritiba,Joel Tagueu,Normal
4952,34,53,Cruzeiro,Ricardo Goulart,Normal
4952,34,53,Cruzeiro,Ricardo Goulart,Normal
4953,34,79,Internacional,Paulo Marcos De Jesus Ribeiro,Normal
4954,34,,Vitoria,Telmário De Araújo Sacramento,Normal
4955,34,,Sao Paulo,Luís Fabiano,Normal
4955,34,79,Sao Paulo,Rafael Tolói,Normal
4955,34,,Sao Paulo,Luís Fabiano,Normal
4956,34,46,Figueirense,Jefferson Nogueira,Normal
4956,34,52,Atletico-Mg,Dodô,Normal
4957,36,94,Internacional,Fabrício Dos Santos Silva,Normal
4957,36,24,Atletico-Mg,Dodô,Normal
4957,36,21,Internacional,Rafael Moura,Normal
4957,36,21,Internacional,Rafael Moura,Normal
4958,36,,Athletico-Pr,Null,Normal
4958,36,73,Bahia,Henrique Almeida,Normal
4958,36,62,Athletico-Pr,Fahel,Contra
4959,36,55,Sao Paulo,Gabriel Boschilia,Normal
4960,36,65,Criciuma,Cléber Santana,Normal
4960,36,38,Flamengo,Elton Rodrigues Brandão,Normal
4961,36,32,Fluminense,Ewerton Páscoa,Contra
4961,36,32,Fluminense,Ewerton Páscoa,Contra
4961,36,39,Sport,Joelinton Cassio Apolinário De Lira,Normal
4961,36,32,Fluminense,Ewerton Páscoa,Contra
4961,36,92,Fluminense,Fred,Normal
4961,36,11,Sport,Mike Dos Santos Nenatarvicius,Normal
4962,36,13,Cruzeiro,Ricardo Goulart,Normal
4962,36,63,Cruzeiro,Éverton Ribeiro,Normal
4962,36,23,Goias,Samuel,Normal
4963,36,59,Figueirense,Pablo Felipe Teixeira,Normal
4963,36,17,Figueirense,Pablo Felipe Teixeira,Normal
4964,36,83,Corinthians,Paolo Guerrero,Normal
4965,36,51,Chapecoense,Leandro,Normal
4965,36,51,Chapecoense,Leandro,Normal
4965,36,63,Chapecoense,Leandro,Normal
4966,36,71,Coritiba,Joel Tagueu,Normal
4966,36,55,Coritiba,Zé Love,Normal
4966,36,55,Coritiba,Zé Love,Normal
4967,37,48,Criciuma,Lucca Borges De Brito,Normal
4967,37,68,Criciuma,Lucca Borges De Brito,Normal
4967,37,58,Sport,Ewerton Páscoa,Normal
4967,37,,Sport,Patric Cabral Lalau,Normal
4967,37,48,Criciuma,Lucca Borges De Brito,Normal
4968,37,,Palmeiras,Renato Jãºnior,Normal
4968,37,65,Internacional,Fabrício Dos Santos Silva,Normal
4968,37,79,Internacional,Valdívia,Normal
4968,37,24,Internacional,-,Normal
4969,37,,Flamengo,Elton Rodrigues Brandão,Normal
4969,37,28,Flamengo,,Contra
4969,37,80,Flamengo,Éverton Cardoso Da Silva,Normal
4969,37,86,Flamengo,Nixon Darlanio Reis Cardoso,Normal
4970,37,70,Sao Paulo,Édson José Da Silva,Normal
4970,37,,Figueirense,Marcelino Jãºnior Lopes Arruda,Normal
4971,37,90,Santos,Leandro Damião,Normal
4971,37,48,Santos,Leandro Damião,Normal
4972,37,5,Corinthians,Paolo Guerrero,Normal
4972,37,,Fluminense,Fred,Pênalti
4972,37,58,Fluminense,Edson Felipe Da Cruz,Normal
4972,37,92,Fluminense,Darío Conca,Normal
4972,37,84,Corinthians,,Normal
4972,37,65,Fluminense,Fred,Pênalti
4972,37,40,Fluminense,Ralf De Souza Teles,Contra
4973,37,41,Chapecoense,Bruno Rangel,Normal
4973,37,72,Cruzeiro,Hugo Ragelli,Normal
4974,37,6,Coritiba,Carlos Emiliano Pereira,Normal
4974,37,,Coritiba,Leandro Almeida,Normal
4974,37,90,Atletico-Mg,Pedro Botelho,Normal
4975,37,,Athletico-Pr,,Normal
4976,37,32,Bahia,Rafael Galhardo,Normal
4977,38,72,Corinthians,Fábio Santos,Normal
4977,38,61,Criciuma,Rã³Ger Guedes,Normal
4977,38,26,Corinthians,Elias Mendes Trindade,Normal
4978,38,95,Internacional,Wellington Do Nascimento Silva,Normal
4978,38,50,Figueirense,Pablo Felipe Teixeira,Normal
4978,38,,Internacional,Rafael Moura,Normal
4979,38,,Coritiba,Zé Love,Normal
4979,38,85,Coritiba,Luiz Eduardo Figueiredo,Normal
4979,38,26,Bahia,Rômulo José Pacheco Da Silva,Normal
4979,38,95,Coritiba,Keirrison,Normal
4979,38,14,Bahia,-,Normal
4980,38,94,Santos,Thiago  Ribeiro,Normal
4981,38,4,Sport,Joelinton Cassio Apolinário De Lira,Normal
4983,38,10,Athletico-Pr,Ricardo Silva,Normal
4983,38,19,Palmeiras,,Pênalti
4983,38,19,Palmeiras,,Pênalti
4984,38,,Flamengo,Luiz Antônio De Souza Soares,Normal
4984,38,58,Gremio,Luan Guilherme De Jesus Vieira,Normal
4985,38,45,Cruzeiro,Nílton Ferreira Júnior,Normal
4985,38,,Fluminense,Fred,Normal
4985,38,59,Cruzeiro,Marcelo Moreno,Normal
4986,38,60,Goias,David França Oliveira E Silva,Normal
4986,38,41,Goias,Welinton Júnior,Normal
4986,38,15,Goias,Erik Nascimento De Lima,Normal
4986,38,28,Chapecoense,Abuda,Normal
4986,38,91,Goias,Erik Nascimento De Lima,Normal
4986,38,64,Chapecoense,Bruno Rangel,Pênalti
4987,1,66,Chapecoense,Roger Rodrigues Da Silva,Normal
4987,1,,Chapecoense,Elicarlos,Normal
4987,1,3,Coritiba,Rafhael Lucas,Normal
4988,1,51,Atletico-Mg,Patric Cabral Lalau,Normal
4988,1,95,Palmeiras,,Normal
4988,1,82,Palmeiras,Vitor Hugo Franchescoli De Souza,Normal
4988,1,86,Atletico-Mg,Jô,Normal
4989,1,88,Fluminense,Vinícius,Normal
4990,1,,Gremio,,Normal
4990,1,54,Gremio,,Normal
4990,1,64,Ponte Preta,Rildo De Andrade Felicissimo,Normal
4990,1,94,Ponte Preta,Diego Oliveira,Normal
4990,1,25,Gremio,Yuri Mamute,Normal
4990,1,62,Ponte Preta,Renato Cajá,Normal
4991,1,14,Athletico-Pr,Walter Henrique Da Silva,Normal
4991,1,,Athletico-Pr,Felipe De Oliveira Silva,Pênalti
4991,1,69,Athletico-Pr,Paulo Marcos De Jesus Ribeiro,Contra
4991,1,69,Athletico-Pr,Paulo Marcos De Jesus Ribeiro,Contra
4992,1,,Flamengo,-,Pênalti
4992,1,80,Sao Paulo,Alexandre Pato,Normal
4992,1,74,Sao Paulo,Luís Fabiano,Normal
4993,1,82,Corinthians,Ángel Romero,Normal
4994,1,78,Sport,Diego Souza,Pênalti
4994,1,68,Figueirense,Renê Rodrigues Martins,Contra
4994,1,,Sport,Matheus Ferraz Pereira,Normal
4994,1,,Sport,Régis,Normal
4994,1,64,Sport,Diego Souza,Pênalti
4995,1,64,Avai,Marquinhos  Santos,Normal
4995,1,27,Santos,Robinho,Normal
4997,2,81,Goias,,Normal
4997,2,,Goias,,Normal
4998,2,34,Coritiba,,Contra
4998,2,27,Coritiba,Thiago Galhardo,Normal
4998,2,34,Coritiba,,Contra
4999,2,28,Corinthians,,Normal
5001,2,37,Atletico-Mg,Jemerson De Jesus Nascimento,Normal
5001,2,89,Fluminense,Fred,Pênalti
5001,2,53,Atletico-Mg,Jesús Dátolo,Normal
5001,2,81,Atletico-Mg,Luan Madson Gedeão De Paiva,Normal
5001,2,7,Atletico-Mg,Jemerson De Jesus Nascimento,Normal
5002,2,96,Flamengo,Éverton Cardoso Da Silva,Normal
5002,2,74,Flamengo,Héctor Canteros,Normal
5002,2,74,Flamengo,Héctor Canteros,Normal
5002,2,,Sport,José Élber Pimentel Da Silva,Normal
5002,2,47,Sport,Diego Souza,Normal
5003,2,45,Santos,Geuvânio,Normal
5005,2,14,Ponte Preta,Renato Cajá,Normal
5005,2,14,Ponte Preta,Renato Cajá,Normal
5006,2,63,Internacional,,Normal
5007,3,11,Sao Paulo,Matheus Dã³Ria Macedo,Normal
5007,3,58,Sao Paulo,Michel Bastos,Normal
5007,3,86,Sao Paulo,Alexandre Pato,Normal
5007,3,86,Sao Paulo,Alexandre Pato,Normal
5008,3,46,Internacional,Nilmar,Normal
5008,3,,Vasco,Lucas Santos Siqueira,Normal
5009,3,78,Gremio,Braian Rodrã­Guez,Normal
5010,3,76,Goias,Victor Ramos,Contra
5011,3,21,Chapecoense,Apodi,Normal
5012,3,,Athletico-Pr,Douglas Coutinho,Normal
5014,3,51,Flamengo,Gabriel Santana,Normal
5014,3,62,Avai,Hugo Da Silva Cabral,Normal
5014,3,47,Avai,Hugo Da Silva Cabral,Normal
5015,3,82,Cruzeiro,Charles Fernando Basílio Da Silva,Normal
5015,3,85,Ponte Preta,Biro-Biro,Normal
5016,3,29,Sport,-,Normal
5017,4,48,Ponte  Preta,Biro-Biro,Normal
5017,4,48,Ponte  Preta,Biro-Biro,Normal
5017,4,,Chapecoense,Josã© Gildeixon Clemente De Paiva,Normal
5017,4,6,Ponte Preta,Tiago Dos Santos Alves,Normal
5017,4,93,Ponte Preta,Renato Cajá,Normal
5018,4,,Avai,,Normal
5018,4,50,Avai,Anderson Lopes,Normal
5018,4,50,Coritiba,Paulinho Moccelin,Normal
5019,4,30,Athletico-Pr,Nikão,Normal
5019,4,,Joinville,Rafael Costa,Normal
5019,4,33,Athletico-Pr,Douglas Coutinho,Normal
5020,4,43,Santos,Robinho,Normal
5020,4,51,Sport,Joelinton Cassio Apolinário De Lira,Normal
5020,4,93,Sport,Samuel Xavier,Normal
5020,4,70,Santos,Werley Ananias Da Silva,Normal
5021,4,52,Goias,Rodrigo Vasconcelos Oliveira,Normal
5021,4,36,Gremio,Giuliano Victor De Paula,Normal
5022,4,,Atletico-Mg,Thiago Ribeiro,Normal
5022,4,44,Atletico-Mg,Thiago Ribeiro,Normal
5022,4,20,Atletico-Mg,Jesús Dátolo,Normal
5023,4,25,Palmeiras,Rafael Marques Mariano,Normal
5023,4,47,Palmeiras,,Normal
5023,4,47,Palmeiras,,Normal
5025,4,8,Fluminense,Fred,Pênalti
5025,4,37,Flamengo,Alecsandro,Normal
5025,4,46,Fluminense,Fred,Normal
5025,4,33,Fluminense,Marcos Rogério Ricci Lopes,Contra
5025,4,86,Flamengo,Eduardo Da Silva,Normal
5025,4,46,Fluminense,Fred,Normal
5025,4,8,Fluminense,Fred,Pênalti
5026,4,50,Figueirense,Carlos Alberto Gomes De Jesus,Normal
5026,4,36,Figueirense,Marcos Roberto Da Silva Barbosa,Normal
5026,4,41,Cruzeiro,Henrique Pacheco Lima,Normal
5027,5,20,Athletico-Pr,Nikão,Normal
5028,5,78,Ponte Preta,Borges,Normal
5028,5,39,Ponte Preta,Tiago Dos Santos Alves,Normal
5028,5,1,Ponte Preta,Diego Oliveira,Normal
5029,5,11,Chapecoense,Ananias Elói Castro Monteiro,Normal
5029,5,11,Chapecoense,Ananias Elói Castro Monteiro,Normal
5029,5,29,Chapecoense,Bruno César Pereira Da Silva,Normal
5030,5,85,Sao Paulo,Rogério Ceni,Pênalti
5030,5,50,Sao Paulo,Paulo Miranda,Normal
5030,5,47,Santos,Ricardo Oliveira,Normal
5030,5,,Santos,Ricardo Oliveira,Normal
5030,5,33,Sao Paulo,Michel Bastos,Normal
5031,5,,Cruzeiro,Manoel Messias Silva Carvalho,Normal
5032,5,74,Avai,André Lima,Normal
5032,5,24,Atletico-Mg,Antonio Carlos Capocasali,Contra
5032,5,77,Atletico-Mg,Carlos Júnior,Normal
5032,5,13,Atletico-Mg,Carlos Júnior,Normal
5032,5,68,Atletico-Mg,Lucas Pratto,Normal
5033,5,39,Gremio,Luan Guilherme De Jesus Vieira,Normal
5033,5,3,Gremio,Giuliano Victor De Paula,Normal
5033,5,23,Corinthians,,Normal
5033,5,,Gremio,Marcelo Oliveira Ferreira,Normal
5034,5,30,Fluminense,Vinícius,Normal
5034,5,88,Fluminense,Marcos Júnior,Normal
5035,5,93,Sport,Maikon Leite,Normal
5036,5,64,Palmeiras,Vitor  Hugo  Franchescoli  De  Souza,Normal
5036,5,76,Internacional,Rafael Moura,Normal
5037,6,13,Atletico-Mg,Luan Madson Gedeã£O De Paiva,Normal
5037,6,46,Cruzeiro,Gabriel Xavier,Normal
5037,6,72,Cruzeiro,,Normal
5037,6,47,Cruzeiro,Jemerson  De  Jesus  Nascimento,Contra
5038,6,65,Flamengo,Gabriel Santana,Normal
5039,6,53,Ponte Preta,Felipe Azevedo,Normal
5039,6,72,Ponte Preta,,Normal
5039,6,,Santos,Geuvânio,Normal
5039,6,,Santos,Ricardo Oliveira,Pênalti
5040,6,60,Athletico-Pr,Nikã£O,Pênalti
5040,6,92,Athletico-Pr,Ytalo José Dos Santos,Normal
5041,6,31,Corinthians,Jadson,Normal
5042,6,27,Sao Paulo,Luís Fabiano,Normal
5042,6,56,Sao Paulo,Rogério Ceni,Pênalti
5043,6,,Internacional,Nilmar,Normal
5043,6,26,Internacional,Victor Vinícius Coelho Santos,Normal
5043,6,26,Internacional,Victor Vinícius Coelho Santos,Normal
5044,6,11,Palmeiras,Gabriel Girotto Franco,Normal
5044,6,8,Figueirense,Carlos Alberto Gomes De Jesus,Normal
5044,6,62,Figueirense,,Normal
5045,6,94,Avai,,Normal
5047,7,28,Atletico-Mg,Werley Ananias Da Silva,Normal
5047,7,28,Atletico-Mg,Werley Ananias Da Silva,Normal
5047,7,54,Santos,Gabriel Barbosa,Normal
5047,7,,Atletico-Mg,Jesãºs Dã¡Tolo,Normal
5047,7,54,Santos,Gabriel Barbosa,Normal
5047,7,19,Santos,Ricardo Oliveira,Normal
5048,7,39,Flamengo,Eduardo Da Silva,Normal
5049,7,6,Sao Paulo,Josef De Souza Dias,Normal
5050,7,41,Internacional,Nilmar,Normal
5050,7,51,Corinthians,,Normal
5050,7,67,Corinthians,Vágner Love,Normal
5051,7,16,Sport,Maikon  Leite,Normal
5051,7,79,Joinville,Marcelinho Paraíba,Normal
5051,7,39,Sport,Maikon Leite,Normal
5051,7,79,Joinville,Marcelinho Paraíba,Normal
5052,7,38,Cruzeiro,Leandro Damião,Normal
5052,7,88,Vasco,Rodrigo Baldasso Da Costa,Normal
5052,7,58,Cruzeiro,Charles Fernando Basílio Da Silva,Normal
5052,7,74,Cruzeiro,Leandro Damião,Normal
5054,7,,Avai,Anderson Lopes,Normal
5054,7,15,Figueirense,Marcos Roberto Da Silva Barbosa,Normal
5055,7,,Palmeiras,Rafael Marques Mariano,Normal
5055,7,17,Fluminense,Jean Raphael Vanderlei Moreira,Normal
5055,7,91,Palmeiras,Jonatan Cristaldo,Normal
5056,7,33,Gremio,Giuliano Victor De Paula,Normal
5056,7,52,Athletico-Pr,Hernani Azevedo Junior,Normal
5056,7,33,Gremio,Giuliano Victor De Paula,Normal
5056,7,71,Gremio,Luiz Rhodolfo Dini Gaioto,Normal
5058,8,20,Sport,André Felipe Ribeiro De Souza,Normal
5058,8,42,Vasco,Duvier Riascos,Normal
5058,8,81,Sport,Wendel Geraldo Maurício E Silva,Normal
5059,8,,Atletico-Mg,Samir,Contra
5059,8,41,Atletico-Mg,Lucas Pratto,Normal
5060,8,10,Santos,Ricardo Oliveira,Normal
5061,8,,Gremio,Maicon,Normal
5062,8,36,Chapecoense,Camilo,Normal
5063,8,35,Joinville,Everton Kempes Dos Santos Gonçalves,Normal
5063,8,26,Goias,-,Normal
5063,8,46,Joinville,Everton Kempes Dos Santos Gonçalves,Normal
5064,8,77,Coritiba,Ruy Franco De Almeida Junior,Normal
5064,8,19,Coritiba,Wellington Paulista,Normal
5064,8,82,Athletico-Pr,Edigar Junio,Normal
5064,8,25,Athletico-Pr,Walter Henrique Da Silva,Normal
5065,8,89,Avai,André Lima,Normal
5065,8,55,Sao Paulo,Josef De Souza Dias,Normal
5066,8,,Fluminense,Wellington Do Nascimento Silva,Normal
5066,8,95,Fluminense,Vinícius,Normal
5067,9,10,Gremio,Luan Guilherme De Jesus Vieira,Normal
5067,9,1,Gremio,Pedro Rocha Neves,Normal
5067,9,56,Avai,Anderson Lopes,Pênalti
5068,9,88,Chapecoense,Bruno Rangel,Normal
5068,9,29,Sport,Rithely,Normal
5069,9,65,Corinthians,Jadson,Pênalti
5069,9,55,Corinthians,Vágner Love,Normal
5069,9,73,Figueirense,Thiago Santos Santana,Normal
5070,9,34,Atletico-Mg,Leonardo Silva,Normal
5071,9,41,Palmeiras,Victor Ramos,Normal
5071,9,72,Palmeiras,Jonatan Cristaldo,Normal
5071,9,72,Palmeiras,Jonatan Cristaldo,Normal
5071,9,58,Palmeiras,Rafael Marques Mariano,Normal
5071,9,,Palmeiras,Leandro,Normal
5072,9,34,Goias,Erik Nascimento De Lima,Normal
5072,9,62,Fluminense,Edson Felipe Da Cruz,Normal
5072,9,53,Fluminense,,Normal
5073,9,70,Ponte Preta,Felipe Azevedo,Normal
5073,9,30,Ponte Preta,Renato Cajã¡,Normal
5073,9,28,Athletico-Pr,Nikão,Normal
5074,9,62,Coritiba,,Normal
5075,9,16,Vasco,Duvier Riascos,Normal
5076,9,77,Internacional,Valdívia,Normal
5077,10,10,Sport,André Felipe Ribeiro De Souza,Pênalti
5077,10,30,Sport,Jonathan Marlone,Normal
5077,10,36,Sport,André Felipe Ribeiro De Souza,Normal
5078,10,69,Vasco,Emanuel Biancucchi,Normal
5079,10,,Palmeiras,Jonatan Cristaldo,Normal
5079,10,28,Palmeiras,Egídio De Araújo Pereira Júnior,Normal
5080,10,45,Atletico-Mg,Thiago Ribeiro,Normal
5080,10,67,Atletico-Mg,Thiago Ribeiro,Normal
5080,10,45,Atletico-Mg,Thiago Ribeiro,Normal
5081,10,,Flamengo,Emerson Sheik,Normal
5082,10,,Gremio,Douglas Dos Santos,Normal
5083,10,58,Athletico-Pr,Marcos Guilherme,Normal
5083,10,36,Athletico-Pr,Gustavo Schiavolin,Normal
5083,10,72,Sao Paulo,Ricardo Centurión,Normal
5084,10,41,Corinthians,Jadson,Normal
5084,10,41,Corinthians,Jadson,Normal
5084,10,96,Corinthians,Vágner Love,Normal
5085,10,80,Figueirense,Paulo Roberto Da Silva,Normal
5085,10,34,Figueirense,Clayton Da Silveira Da Silva,Normal
5085,10,24,Figueirense,Thiago Santos Santana,Normal
5085,10,24,Figueirense,Thiago Santos Santana,Normal
5085,10,47,Goias,Felipe Menezes,Normal
5086,10,40,Fluminense,Fred,Normal
5086,10,80,Fluminense,Lucas Gomes,Normal
5086,10,54,Santos,Ricardo Oliveira,Normal
5088,11,75,Chapecoense,Hélio Hermito Zampier Neto,Normal
5089,11,41,Cruzeiro,Giorgian De Arrascaeta,Normal
5089,11,73,Cruzeiro,Mário Sérgio Santos Costa,Normal
5089,11,73,Cruzeiro,Mário Sérgio Santos Costa,Normal
5090,11,93,Sport,,Pênalti
5090,11,40,Avai,Samuel Xavier,Contra
5090,11,21,Sport,Diego Souza,Normal
5090,11,38,Avai,Renan Martins Pereira,Normal
5093,11,65,Santos,Ricardo Oliveira,Normal
5093,11,49,Gremio,Rafael Galhardo,Normal
5093,11,4,Gremio,Pedro Rocha Neves,Normal
5093,11,81,Gremio,Yuri Mamute,Normal
5094,11,40,Palmeiras,Eduardo Pereira Rodrigues,Normal
5094,11,,Palmeiras,Eduardo Pereira Rodrigues,Normal
5095,11,47,Flamengo,Alan Patrick,Normal
5095,11,,Figueirense,,Normal
5095,11,47,Flamengo,Alan Patrick,Normal
5095,11,93,Figueirense,Fabinho,Normal
5095,11,93,Figueirense,Fabinho,Normal
5096,11,59,Atletico-Mg,Maicosuel,Normal
5096,11,79,Atletico-Mg,Thiago Ribeiro,Normal
5096,11,86,Internacional,Lisandro López,Normal
5096,11,77,Atletico-Mg,Maicosuel,Normal
5097,12,77,Chapecoense,,Normal
5098,12,52,Goias,Fred,Normal
5098,12,59,Goias,Felipe Menezes,Normal
5098,12,90,Santos,-,Pênalti
5098,12,,Goias,Carlos Eduardo Ferreira De Souza,Normal
5098,12,48,Goias,Felipe Menezes,Pênalti
5100,12,12,Joinville,Everton Kempes Dos Santos Gonçalves,Normal
5100,12,,Joinville,Everton Kempes Dos Santos Gonçalves,Normal
5101,12,89,Palmeiras,,Normal
5101,12,65,Palmeiras,,Normal
5101,12,8,Palmeiras,,Normal
5101,12,89,Palmeiras,,Normal
5102,12,54,Atletico-Mg,Giovanni  Augusto,Normal
5102,12,47,Atletico-Mg,Lucas Pratto,Normal
5102,12,54,Atletico-Mg,Giovanni  Augusto,Normal
5102,12,50,Sport,Matheus Ferraz Pereira,Normal
5103,12,,Flamengo,Paolo  Guerrero,Normal
5103,12,93,Internacional,Ernando Rodrigues Lopes,Normal
5103,12,93,Internacional,Ernando Rodrigues Lopes,Normal
5103,12,66,Flamengo,Éverton Cardoso Da Silva,Normal
5104,12,,Sao Paulo,Michel Bastos,Normal
5104,12,93,Sao Paulo,Gabriel Boschilia,Normal
5104,12,13,Sao Paulo,Alexandre Pato,Normal
5104,12,49,Sao Paulo,Wesley Lopes Beltrame,Normal
5105,12,34,Corinthians,Elias Mendes Trindade,Normal
5105,12,34,Corinthians,Elias Mendes Trindade,Normal
5105,12,77,Corinthians,Jadson,Normal
5106,12,74,Fluminense,Gustavo Scarpa,Normal
5107,13,,Santos,Lucas Rafael Araújo Lima,Normal
5107,13,31,Santos,David Braz,Normal
5107,13,63,Santos,Gabriel Barbosa,Normal
5108,13,60,Gremio,Anderson Salles,Contra
5108,13,81,Gremio,Pedro Rocha Neves,Normal
5108,13,81,Gremio,Pedro Rocha Neves,Normal
5109,13,28,Atletico-Mg,Thiago Ribeiro,Normal
5109,13,88,Atletico-Mg,Giovanni Augusto,Normal
5110,13,91,Sao Paulo,Alexandre Pato,Normal
5110,13,15,Sao Paulo,Ricardo Centurión,Normal
5110,13,,Coritiba,Marcos Aurélio De Oliveira Lima,Normal
5110,13,46,Sao Paulo,Alexandre Pato,Normal
5111,13,,Internacional,Victor Vinícius Coelho Santos,Pênalti
5111,13,33,Internacional,Réver,Normal
5112,13,26,Corinthians,Elias Mendes Trindade,Normal
5112,13,,Corinthians,Uendel Pereira Gonçalves,Normal
5112,13,,Corinthians,Jadson,Normal
5113,13,93,Fluminense,Fred,Normal
5113,13,,Fluminense,Gustavo Scarpa,Normal
5113,13,69,Athletico-Pr,Sidcley Ferreira Pereira,Normal
5114,13,38,Cruzeiro,Joel Tagueu,Normal
5115,13,59,Palmeiras,Leandro,Normal
5115,13,,Palmeiras,Leandro,Normal
5115,13,90,Sport,André Felipe Ribeiro De Souza,Normal
5115,13,22,Sport,Matheus Ferraz Pereira,Normal
5116,13,19,Avai,William Jãºnior Salles De Lima Souza,Normal
5116,13,10,Avai,Emerson Dos Santos Da Silva,Normal
5116,13,,Chapecoense,Bruno  Rangel,Normal
5117,14,80,Goias,Felipe Menezes,Pênalti
5117,14,,Internacional,Eduardo,Normal
5117,14,88,Internacional,Eduardo Sasha,Normal
5118,14,,Flamengo,-,Normal
5119,14,42,Corinthians,Malcom Filipe Silva De Oliveira,Normal
5120,14,52,Athletico-Pr,Hernani Azevedo Junior,Normal
5122,14,34,Sport,José Élber Pimentel Da Silva,Normal
5122,14,93,Sport,Wéverton Almeida Santos,Normal
5123,14,39,Vasco,Andrezinho,Normal
5123,14,70,Vasco,,Normal
5123,14,59,Fluminense,Marcos Júnior,Normal
5123,14,59,Fluminense,Marcos Júnior,Normal
5124,14,15,Palmeiras,Leandro,Normal
5125,14,82,Avai,André Lima,Normal
5125,14,13,Cruzeiro,Marcos Vinícius De Jesus Araújo,Normal
5126,14,55,Joinville,Silvinho,Normal
5126,14,74,Ponte Preta,Fernando Paixão Da Silva,Pênalti
5127,15,90,Athletico-Pr,,Normal
5127,15,84,Avai,,Normal
5127,15,43,Athletico-Pr,Marcos Guilherme,Normal
5128,15,63,Sport,Diego Souza,Normal
5128,15,45,Gremio,Pedro Rocha Neves,Normal
5129,15,63,Atletico-Mg,Lucas Pratto,Pênalti
5130,15,,Fluminense,Edson Felipe Da Cruz,Normal
5130,15,90,Chapecoense,Bruno Rangel,Pênalti
5130,15,90,Chapecoense,Bruno Rangel,Pênalti
5130,15,27,Chapecoense,Bruno Rangel,Normal
5131,15,4,Santos,Gabriel Barbosa,Normal
5131,15,18,Santos,Gabriel Barbosa,Normal
5131,15,18,Santos,Gabriel Barbosa,Normal
5133,15,92,Coritiba,Evandro  Da  Silva,Normal
5133,15,41,Corinthians,,Normal
5134,15,45,Sao Paulo,Alexandre Pato,Normal
5135,15,72,Flamengo,Marcelo Cirino Da Silva,Normal
5136,15,18,Palmeiras,Eduardo Pereira Rodrigues,Normal
5136,15,,Palmeiras,Leandro,Normal
5136,15,4,Palmeiras,Leandro,Normal
5136,15,,Palmeiras,Victor Ramos,Normal
5136,15,,Palmeiras,Leandro,Normal
5136,15,69,Vasco,Duvier Riascos,Normal
5137,16,61,Corinthians,Carlos Gilberto Do Nascimento Silva,Normal
5137,16,47,Corinthians,Renato Augusto,Normal
5137,16,77,Corinthians,Elias Mendes Trindade,Normal
5138,16,44,Atletico-Mg,Lucas Pratto,Normal
5138,16,26,Atletico-Mg,Lucas Pratto,Normal
5138,16,59,Sao Paulo,Alexandre Pato,Normal
5138,16,20,Atletico-Mg,Lucas Pratto,Normal
5139,16,77,Fluminense,Marcos Júnior,Normal
5140,16,69,Goias,Liniker Da Silva Moreira,Normal
5140,16,,Coritiba,Evandro Da Silva,Normal
5141,16,77,Athletico-Pr,Walter Henrique Da Silva,Normal
5142,16,40,Joinville,Jeci,Contra
5142,16,61,Joinville,Guti,Normal
5144,16,74,Figueirense,Marcos  Roberto  Da  Silva  Barbosa,Normal
5144,16,,Figueirense,,Normal
5144,16,92,Figueirense,Dudu,Normal
5144,16,51,Ponte Preta,Renato De Araújo Chaves Júnior,Normal
5145,16,42,Flamengo,Emerson Sheik,Normal
5145,16,72,Santos,Lucas Rafael Araújo Lima,Normal
5145,16,52,Santos,Ricardo Oliveira,Normal
5145,16,,Flamengo,Alan Patrick,Normal
5147,17,6,Avai,André Lima,Normal
5148,17,60,Santos,Ricardo Oliveira,Normal
5148,17,20,Santos,Geuvânio,Normal
5148,17,43,Santos,,Normal
5149,17,16,Sport,Jonathan Marlone,Normal
5149,17,,Athletico-Pr,Christián Vilches,Normal
5151,17,,Sao Paulo,Luís Fabiano,Normal
5151,17,21,Corinthians,Luciano Da Rocha Neves,Normal
5152,17,74,Palmeiras,Jonatan Cristaldo,Normal
5152,17,5,Cruzeiro,Alisson Euler De Freitas Castro,Normal
5152,17,82,Cruzeiro,Giorgian De Arrascaeta,Normal
5153,17,71,Ponte Preta,,Normal
5155,17,43,Gremio,Luan  Guilherme  De  Jesus  Vieira,Normal
5155,17,76,Gremio,Luiz Fernando Pereira Da Silva,Normal
5155,17,35,Gremio,Giuliano Victor De Paula,Normal
5155,17,84,Gremio,Réver,Contra
5155,17,,Gremio,Luan Guilherme De Jesus Vieira,Normal
5156,17,89,Figueirense,Marcos Assis De Santana,Normal
5156,17,56,Chapecoense,Tiago Luís Martins,Normal
5156,17,50,Chapecoense,Bruno Rangel,Normal
5156,17,,Figueirense,Dudu,Normal
5157,18,82,Coritiba,Henrique Almeida,Normal
5157,18,18,Coritiba,Henrique Almeida,Normal
5157,18,46,Palmeiras,Rafael Marques Mariano,Normal
5158,18,25,Athletico-Pr,Hernani Azevedo Junior,Normal
5158,18,65,Athletico-Pr,Kadu,Normal
5158,18,40,Flamengo,Emerson Sheik,Normal
5158,18,65,Athletico-Pr,Kadu,Normal
5158,18,,Flamengo,,Normal
5158,18,12,Flamengo,Wallace Reis Da Silva,Normal
5158,18,,Flamengo,Nan,Normal
5159,18,49,Santos,-,Normal
5161,18,,Sao Paulo,Rogério Ceni,Pênalti
5161,18,14,Sao Paulo,Alexandre Pato,Normal
5162,18,82,Internacional,Victor Vinícius Coelho Santos,Normal
5163,18,17,Sport,André Felipe Ribeiro De Souza,Normal
5163,18,60,Corinthians,Samuel Xavier,Contra
5163,18,47,Corinthians,Luciano Da Rocha Neves,Normal
5163,18,87,Corinthians,Jadson,Normal
5163,18,72,Sport,Hernane Vidal De Souza,Normal
5163,18,77,Sport,Hernane Vidal De Souza,Normal
5163,18,,Corinthians,Luciano Da Rocha Neves,Normal
5164,18,60,Ponte Preta,Borges,Normal
5164,18,,Ponte Preta,Felipe Azevedo,Normal
5164,18,,Ponte Preta,Felipe Azevedo,Normal
5165,18,72,Joinville,,Normal
5165,18,14,Joinville,Marcelinho Paraã­Ba,Normal
5165,18,27,Joinville,Bruno Aguiar,Normal
5165,18,27,Joinville,Bruno Aguiar,Normal
5166,18,,Gremio,Luan Guilherme De Jesus Vieira,Normal
5166,18,41,Gremio,Douglas Dos Santos,Normal
5167,19,93,Coritiba,,Normal
5169,19,45,Goias,Erik  Nascimento  De  Lima,Normal
5169,19,77,Goias,Erik Nascimento De Lima,Normal
5169,19,,Goias,Felipe Menezes,Normal
5169,19,,Goias,Felipe Menezes,Normal
5170,19,66,Palmeiras,Eduardo  Pereira  Rodrigues,Normal
5170,19,51,Flamengo,Ederson Honorato Campos,Normal
5170,19,6,Palmeiras,Jackson De Souza,Normal
5170,19,71,Palmeiras,Alecsandro,Normal
5170,19,57,Flamengo,,Normal
5170,19,58,Palmeiras,Samir,Contra
5170,19,57,Flamengo,,Normal
5171,19,15,Avai,,Normal
5171,19,48,Corinthians,Luciano Da Rocha Neves,Normal
5171,19,87,Corinthians,Luciano Da Rocha Neves,Normal
5172,19,41,Figueirense,Clayton Da Silveira Da Silva,Pênalti
5172,19,49,Fluminense,Cícero Santos,Normal
5172,19,65,Fluminense,Fred,Normal
5174,19,10,Sport,Diego Souza,Normal
5174,19,82,Ponte Preta,Borges,Normal
5175,19,61,Gremio,Frickson Erazo,Normal
5175,19,84,Gremio,Rafael Galhardo,Normal
5175,19,3,Joinville,Bruno Aguiar,Normal
5176,19,78,Chapecoense,Apodi,Normal
5176,19,64,Atletico-Mg,Hélio Hermito Zampier Neto,Contra
5176,19,41,Chapecoense,Cléber Santana,Normal
5177,20,17,Goias,Erik Nascimento De Lima,Pênalti
5177,20,4,Goias,Zé Love,Normal
5177,20,77,Goias,Erik Nascimento De Lima,Pênalti
5178,20,81,Santos,Nilson,Normal
5178,20,92,Santos,Lucas Rafael Araújo Lima,Pênalti
5178,20,29,Avai,Léo Gamalho,Normal
5178,20,,Avai,Léo Gamalho,Normal
5178,20,14,Santos,Thiago Maia,Normal
5178,20,14,Santos,Thiago Maia,Normal
5178,20,,Santos,,Normal
5178,20,48,Santos,Ricardo Oliveira,Normal
5179,20,,Sport,Renê Rodrigues Martins,Normal
5179,20,63,Figueirense,Dudu,Normal
5179,20,,Figueirense,Bruno Alves,Normal
5180,20,24,Coritiba,Henrique Almeida,Normal
5182,20,83,Joinville,Mario Sérgio,Normal
5182,20,71,Fluminense,Cícero Santos,Normal
5182,20,91,Joinville,Marlon,Contra
5183,20,4,Internacional,Valdívia,Normal
5183,20,70,Internacional,Paulo Marcos De Jesus Ribeiro,Normal
5184,20,15,Corinthians,Vágner Love,Normal
5184,20,48,Corinthians,Vágner Love,Normal
5184,20,44,Corinthians,Jadson,Normal
5185,20,36,Sao Paulo,Luiz Eduardo,Normal
5185,20,48,Flamengo,,Normal
5185,20,42,Flamengo,Ederson Honorato Campos,Normal
5186,20,37,Atletico-Mg,Lucas Pratto,Pênalti
5186,20,18,Atletico-Mg,Lucas Pratto,Normal
5186,20,5,Palmeiras,,Normal
5186,20,37,Atletico-Mg,Lucas Pratto,Pênalti
5187,21,93,Figueirense,Marcos  Assis  De  Santana,Normal
5188,21,35,Sao Paulo,Michel Bastos,Normal
5188,21,50,Sao Paulo,Paulo Henrique Ganso,Normal
5188,21,53,Sao Paulo,Wilder Guisao,Normal
5190,21,84,Avai,,Normal
5190,21,96,Avai,,Normal
5190,21,69,Avai,Léo Gamalho,Pênalti
5190,21,69,Avai,Léo Gamalho,Pênalti
5191,21,24,Palmeiras,Eduardo Pereira Rodrigues,Normal
5191,21,28,Joinville,Marcelinho Paraíba,Normal
5191,21,1,Palmeiras,Gabriel Jesus,Normal
5191,21,68,Palmeiras,Gabriel Jesus,Normal
5191,21,28,Joinville,Marcelinho Paraíba,Normal
5191,21,27,Joinville,-,Normal
5192,21,22,Atletico-Mg,Giovanni Augusto,Normal
5192,21,47,Fluminense,Wellington Paulista,Normal
5192,21,83,Atletico-Mg,Patric Cabral Lalau,Normal
5193,21,5,Flamengo,Éverton Cardoso Da Silva,Normal
5194,21,10,Corinthians,Elias Mendes Trindade,Normal
5194,21,48,Chapecoense,Bruno Rangel,Normal
5194,21,90,Corinthians,Jadson,Pênalti
5194,21,14,Corinthians,Vã¡Gner Love,Normal
5195,21,43,Santos,Ricardo Oliveira,Normal
5196,21,90,Athletico-Pr,Ewandro,Normal
5196,21,27,Athletico-Pr,Walter Henrique Da Silva,Normal
5196,21,78,Athletico-Pr,Walter Henrique Da Silva,Normal
5198,22,43,Cruzeiro,Willians Domingos Fernandes,Normal
5198,22,94,Cruzeiro,Vinícius Vasconcelos Araújo,Normal
5198,22,59,Ponte Preta,Biro-Biro,Normal
5198,22,59,Ponte Preta,Biro-Biro,Normal
5199,22,63,Internacional,Nílton Ferreira Júnior,Normal
5199,22,11,Internacional,Ernando  Rodrigues  Lopes,Normal
5199,22,53,Internacional,,Normal
5199,22,63,Internacional,Nílton Ferreira Júnior,Normal
5199,22,40,Internacional,Eduardo Sasha,Normal
5199,22,58,Internacional,Valdívia,Normal
5199,22,91,Internacional,,Normal
5200,22,55,Flamengo,Kayke Moreno,Normal
5200,22,31,Flamengo,Alan Patrick,Normal
5200,22,76,Flamengo,Kayke Moreno,Normal
5201,22,58,Athletico-Pr,Walter Henrique Da Silva,Pênalti
5203,22,5,Corinthians,Marciel Silva Da Silva,Normal
5203,22,71,Corinthians,Ralf De Souza Teles,Normal
5204,22,63,Goias,Bruno Henrique,Normal
5205,22,76,Santos,Ricardo Oliveira,Normal
5205,22,,Santos,Geuvânio,Normal
5205,22,16,Santos,Ricardo Oliveira,Normal
5205,22,83,Chapecoense,Hélio Hermito Zampier Neto,Normal
5206,22,78,Gremio,Pedro Rocha Neves,Normal
5206,22,7,Gremio,Deyvison Rogério Da Silva,Normal
5207,23,49,Sao Paulo,José Rogério De Oliveira Melo,Normal
5207,23,72,Sao Paulo,Michel Bastos,Normal
5208,23,24,Atletico-Mg,Lucas Pratto,Pênalti
5208,23,43,Atletico-Mg,Jesãºs Dã¡Tolo,Normal
5208,23,74,Vasco,Nenê,Pênalti
5208,23,43,Atletico-Mg,Jesãºs Dã¡Tolo,Normal
5210,23,75,Cruzeiro,Willian Gomes De Siqueira,Normal
5210,23,61,Cruzeiro,Vinã­Cius Vasconcelos Araãºjo,Normal
5210,23,61,Cruzeiro,Vinã­Cius Vasconcelos Araãºjo,Normal
5210,23,4,Cruzeiro,Willian Gomes De Siqueira,Normal
5210,23,66,Figueirense,Marquinhos Pedroso,Normal
5210,23,28,Cruzeiro,Willian Gomes De Siqueira,Normal
5210,23,72,Cruzeiro,Willian Gomes De Siqueira,Normal
5212,23,52,Gremio,Douglas  Dos  Santos,Normal
5212,23,,Gremio,Everton Sousa Soares,Normal
5212,23,,Goias,Bruno Henrique,Normal
5213,23,38,Corinthians,,Contra
5213,23,42,Palmeiras,Eduardo  Pereira  Rodrigues,Normal
5213,23,26,Palmeiras,,Normal
5213,23,79,Corinthians,Vágner Love,Normal
5213,23,25,Corinthians,Guilherme Arana,Normal
5213,23,19,Palmeiras,Lucas Rios Marques,Normal
5214,23,83,Coritiba,Henrique Almeida,Normal
5214,23,65,Coritiba,Henrique Almeida,Normal
5215,23,58,Fluminense,Jean Raphael Vanderlei Moreira,Pênalti
5215,23,68,Flamengo,Paulinho,Normal
5215,23,15,Flamengo,Kayke Moreno,Normal
5215,23,10,Flamengo,Emerson Sheik,Normal
5216,23,,Sport,André Felipe Ribeiro De Souza,Normal
5216,23,21,Santos,Ricardo Oliveira,Normal
5217,24,75,Vasco,Leandro Costa Miranda Moraes,Normal
5218,24,12,Atletico-Mg,Luan Madson Gedeão De Paiva,Normal
5218,24,30,Atletico-Mg,Leonardo Silva,Normal
5219,24,20,Internacional,Nílton Ferreira Júnior,Normal
5220,24,41,Athletico-Pr,Walter Henrique Da Silva,Normal
5220,24,,Figueirense,Clayton Da Silveira Da Silva,Pênalti
5220,24,41,Athletico-Pr,Walter Henrique Da Silva,Normal
5221,24,29,Coritiba,-,Normal
5221,24,60,Fluminense,Marcos Júnior,Normal
5222,24,52,Santos,,Normal
5222,24,43,Santos,Rafael Longuine,Normal
5222,24,32,Santos,David Braz,Normal
5223,24,59,Gremio,Deyvison Rogério Da Silva,Normal
5223,24,66,Corinthians,Renato Augusto,Normal
5224,24,80,Goias,Carlos Eduardo Ferreira De Souza,Normal
5226,24,69,Flamengo,Luiz Antônio De Souza Soares,Normal
5226,24,69,Flamengo,Luiz Antônio De Souza Soares,Normal
5226,24,46,Flamengo,Alan Patrick,Normal
5227,25,49,Internacional,Victor Vinícius Coelho Santos,Normal
5228,25,46,Palmeiras,Jackson De Souza,Normal
5228,25,88,Palmeiras,Zé Roberto,Pênalti
5229,25,9,Ponte Preta,Renato Baruffi,Normal
5229,25,44,Ponte Preta,Borges,Normal
5229,25,93,Santos,Rafael Longuine,Normal
5229,25,23,Ponte Preta,,Normal
5229,25,93,Santos,Rafael Longuine,Normal
5230,25,58,Corinthians,Uendel Pereira Gonçalves,Normal
5230,25,39,Corinthians,Malcom Filipe Silva De Oliveira,Normal
5230,25,88,Corinthians,Vágner Love,Normal
5231,25,89,Atletico-Mg,Carlos Júnior,Normal
5231,25,38,Cruzeiro,Willian Gomes De Siqueira,Normal
5232,25,91,Sao Paulo,José Rogério De Oliveira Melo,Normal
5232,25,35,Sao Paulo,Alexandre Pato,Normal
5232,25,93,Gremio,N/A,Normal
5233,25,33,Flamengo,Héctor Canteros,Normal
5233,25,11,Flamengo,Paulinho,Normal
5233,25,81,Chapecoense,Bruno Rangel,Pênalti
5233,25,88,Flamengo,Kayke Moreno,Normal
5234,25,,Vasco,Nenê,Pênalti
5234,25,5,Vasco,,Normal
5235,25,93,Avai,André Lima,Normal
5235,25,85,Avai,Emerson  Dos  Santos  Da  Silva,Normal
5235,25,29,Goias,Bruno Henrique,Normal
5236,25,18,Sport,Danilo Barcelos,Normal
5237,26,90,Sport,André Felipe Ribeiro De Souza,Normal
5237,26,39,Joinville,Edigar Junio,Normal
5238,26,69,Palmeiras,Lucas Barrios,Normal
5238,26,37,Fluminense,Jean Raphael Vanderlei Moreira,Normal
5238,26,90,Palmeiras,Lucas Barrios,Normal
5238,26,93,Palmeiras,Lucas Barrios,Normal
5238,26,76,Palmeiras,,Normal
5239,26,6,Ponte Preta,Biro-Biro,Normal
5239,26,26,Goias,Fred,Normal
5239,26,81,Ponte Preta,Alexandro Da Silva Batista,Normal
5240,26,81,Avai,Renan Oliveira,Normal
5241,26,47,Gremio,Luan Guilherme De Jesus Vieira,Normal
5241,26,32,Gremio,Douglas Dos Santos,Normal
5241,26,78,Athletico-Pr,Ewandro,Normal
5242,26,,Santos,Ricardo Oliveira,Normal
5242,26,92,Santos,Marquinhos,Normal
5242,26,38,Santos,Gabriel Barbosa,Normal
5242,26,,Santos,Ricardo Oliveira,Normal
5242,26,55,Santos,Gabriel Barbosa,Normal
5243,26,18,Corinthians,Malcom Filipe Silva De Oliveira,Normal
5243,26,74,Internacional,Valdã­Via,Normal
5243,26,38,Internacional,Réver,Normal
5243,26,18,Corinthians,Malcom Filipe Silva De Oliveira,Normal
5244,26,42,Cruzeiro,Alisson Euler De Freitas Castro,Normal
5244,26,27,Cruzeiro,Willian Gomes De Siqueira,Normal
5244,26,81,Vasco,Rafael Silva Dos Santos,Normal
5244,26,25,Vasco,Rafael Silva Dos Santos,Normal
5246,26,,Coritiba,Kléber,Pênalti
5246,26,25,Coritiba,Henrique Almeida,Normal
5247,27,,Gremio,Luan Guilherme De Jesus Vieira,Normal
5247,27,59,Palmeiras,Rafael Marques Mariano,Normal
5247,27,32,Palmeiras,Lucas Barrios,Normal
5247,27,7,Palmeiras,Vitor Hugo Franchescoli De Souza,Normal
5247,27,86,Gremio,Luan Guilherme De Jesus Vieira,Pênalti
5247,27,86,Gremio,Luan Guilherme De Jesus Vieira,Pênalti
5247,27,32,Palmeiras,Lucas Barrios,Normal
5248,27,37,Internacional,Alex Raphael Meschini,Pênalti
5248,27,76,Figueirense,Thiago Santos Santana,Normal
5249,27,8,Ponte Preta,Borges,Normal
5249,27,26,Ponte Preta,Fernando Paixão Da Silva,Pênalti
5249,27,42,Ponte Preta,Marlon,Normal
5249,27,47,Fluminense,Gustavo Scarpa,Normal
5250,27,88,Goias,Erik Nascimento De Lima,Normal
5250,27,,Goias,,Normal
5250,27,73,Goias,Erik Nascimento De Lima,Pênalti
5251,27,88,Corinthians,Jadson,Normal
5251,27,86,Corinthians,Jadson,Pênalti
5252,27,,Vasco,Rafael Vaz,Normal
5252,27,40,Sport,José Élber Pimentel Da Silva,Normal
5252,27,,Vasco,Nenê,Normal
5253,27,26,Atletico-Mg,Jemerson De Jesus Nascimento,Normal
5253,27,26,Atletico-Mg,Jemerson De Jesus Nascimento,Normal
5253,27,16,Atletico-Mg,Marcelo Augusto Mathias Da Silva,Contra
5253,27,71,Atletico-Mg,Jesús Dátolo,Normal
5253,27,19,Flamengo,Paulinho,Normal
5253,27,55,Atletico-Mg,Jemerson De Jesus Nascimento,Normal
5254,27,71,Avai,Anderson Lopes,Normal
5254,27,43,Sao Paulo,,Normal
5254,27,,Avai,Marquinhos Santos,Normal
5255,27,,Cruzeiro,Fabiano,Normal
5255,27,24,Cruzeiro,Rafael Lima,Contra
5256,27,45,Coritiba,Negueba,Normal
5256,27,13,Coritiba,,Normal
5257,28,29,Fluminense,Fred,Normal
5257,28,50,Fluminense,Gustavo Scarpa,Normal
5258,28,12,Gremio,Giuliano Victor De Paula,Normal
5258,28,24,Gremio,Giuliano Victor De Paula,Normal
5258,28,64,Avai,,Normal
5258,28,76,Gremio,Maximiliano Rodríguez Maeso,Normal
5259,28,64,Ponte Preta,Biro-Biro,Normal
5259,28,29,Athletico-Pr,Bruno Da Mota,Normal
5259,28,15,Ponte Preta,Biro-Biro,Normal
5260,28,27,Internacional,Valdívia,Pênalti
5260,28,60,Santos,Gabriel Barbosa,Pênalti
5260,28,90,Santos,Leandro,Normal
5260,28,37,Santos,Marquinhos,Normal
5261,28,62,Vasco,,Normal
5261,28,12,Flamengo,Emerson Sheik,Normal
5261,28,58,Vasco,Rodrigo Baldasso Da Costa,Normal
5262,28,52,Atletico-Mg,Luan Madson Gedeão De Paiva,Normal
5262,28,,Atletico-Mg,Thiago Ribeiro,Normal
5262,28,,Atletico-Mg,Thiago Ribeiro,Normal
5262,28,,Joinville,Everton Kempes Dos Santos Gonçalves,Normal
5262,28,,Joinville,Everton Kempes Dos Santos Gonçalves,Normal
5262,28,83,Joinville,Willian Popp,Normal
5263,28,83,Corinthians,,Normal
5263,28,15,Corinthians,Elias Mendes Trindade,Normal
5263,28,91,Figueirense,Leandro Silva,Normal
5263,28,67,Corinthians,Carlos Gilberto Do Nascimento Silva,Normal
5264,28,,Sao Paulo,,Normal
5264,28,93,Palmeiras,Róbson Michael Signorini,Normal
5265,28,78,Sport,Apodi,Contra
5265,28,84,Sport,Régis,Normal
5265,28,25,Sport,,Normal
5266,28,22,Cruzeiro,Ceará,Normal
5266,28,66,Cruzeiro,Willian Gomes De Siqueira,Normal
5267,29,82,Internacional,-,Normal
5267,29,65,Internacional,Lisandro López,Normal
5267,29,80,Sport,José Élber Pimentel Da Silva,Normal
5267,29,80,Sport,José Élber Pimentel Da Silva,Normal
5268,29,66,Atletico-Mg,Giovanni Augusto,Normal
5268,29,41,Atletico-Mg,Leandro Silva,Contra
5268,29,85,Atletico-Mg,Lucas Pratto,Pênalti
5269,29,72,Sao Paulo,José Rogério De Oliveira Melo,Normal
5269,29,72,Sao Paulo,José Rogério De Oliveira Melo,Normal
5270,29,45,Vasco,Nenê,Normal
5270,29,86,Avai,André Lima,Normal
5271,29,82,Flamengo,Gabriel Santana,Normal
5271,29,57,Flamengo,Ayrton Ganino,Normal
5271,29,82,Flamengo,Gabriel Santana,Normal
5272,29,11,Santos,Marquinhos,Normal
5272,29,5,Santos,Lucas Rafael Araújo Lima,Normal
5272,29,92,Fluminense,Robert Gonçalves Santos,Normal
5272,29,84,Santos,Neto Berola,Normal
5274,29,87,Figueirense,Rafael Bastos,Normal
5274,29,67,Goias,Leandro Silva,Contra
5274,29,50,Goias,Zé Love,Pênalti
5274,29,60,Figueirense,Dudu,Normal
5274,29,57,Figueirense,Dudu,Normal
5275,29,84,Corinthians,Rodrigo Eduardo Costa Marinho,Normal
5275,29,64,Ponte Preta,Felipe Azevedo,Normal
5275,29,84,Corinthians,Rodrigo Eduardo Costa Marinho,Normal
5275,29,43,Corinthians,Jadson,Normal
5275,29,61,Ponte Preta,Elton Junior Melo Ataíde,Normal
5276,29,5,Chapecoense,Hélio Hermito Zampier Neto,Normal
5276,29,23,Chapecoense,Camilo,Normal
5276,29,5,Chapecoense,Hélio Hermito Zampier Neto,Normal
5276,29,65,Chapecoense,Apodi,Normal
5276,29,55,Chapecoense,Túlio De Melo,Normal
5276,29,55,Chapecoense,Túlio De Melo,Normal
5276,29,,Chapecoense,Ananias Elã³I Castro Monteiro,Normal
5276,29,58,Palmeiras,Eduardo Pereira Rodrigues,Normal
5277,30,70,Atletico-Mg,Marcos Rocha,Normal
5277,30,39,Internacional,,Normal
5277,30,,Atletico-Mg,Lucas Pratto,Pênalti
5278,30,61,Sport,Régis,Normal
5278,30,84,Sport,-,Normal
5278,30,63,Sport,André Felipe Ribeiro De Souza,Normal
5279,30,73,Joinville,Carlos Eduardo Antônio Dos Santos,Normal
5279,30,89,Coritiba,Henrique Almeida,Pênalti
5279,30,32,Joinville,Marcelinho Paraíba,Pênalti
5279,30,57,Joinville,Rafael Donato,Normal
5280,30,89,Figueirense,Dudu,Normal
5280,30,,Figueirense,Clayton Da Silveira Da Silva,Normal
5280,30,22,Figueirense,Clayton Da Silveira Da Silva,Normal
5281,30,28,Ponte Preta,Fernando Paixão Da Silva,Pênalti
5282,30,49,Fluminense,Marcos Júnior,Normal
5282,30,31,Fluminense,Fred,Normal
5283,30,85,Cruzeiro,Giorgian De Arrascaeta,Normal
5283,30,74,Cruzeiro,Fabrício Dos Santos Silva,Normal
5283,30,36,Athletico-Pr,,Normal
5283,30,79,Athletico-Pr,Bruno Pereirinha,Normal
5284,30,,Vasco,Rodrigo Baldasso Da Costa,Normal
5284,30,,Chapecoense,Bruno Rangel,Pênalti
5284,30,,Chapecoense,Bruno Rangel,Pênalti
5285,30,16,Corinthians,Edu Dracena,Normal
5285,30,88,Corinthians,Rodrigo Eduardo Costa Marinho,Normal
5285,30,26,Corinthians,Malcom Filipe Silva De Oliveira,Normal
5286,30,27,Gremio,Bressan,Normal
5287,31,69,Avai,André Lima,Normal
5287,31,60,Palmeiras,Jonatan Cristaldo,Normal
5287,31,,Palmeiras,Eduardo Pereira Rodrigues,Normal
5287,31,17,Palmeiras,Gabriel  Jesus,Normal
5288,31,54,Joinville,Everton Kempes Dos Santos Gonçalves,Normal
5289,31,94,Ponte Preta,-,Normal
5289,31,88,Ponte Preta,Alexandro Da Silva Batista,Normal
5289,31,50,Ponte Preta,Alexandro Da Silva Batista,Normal
5290,31,47,Cruzeiro,Willian Gomes De Siqueira,Normal
5290,31,28,Cruzeiro,Willian Gomes De Siqueira,Normal
5291,31,17,Corinthians,Renato Augusto,Normal
5291,31,,Athletico-Pr,Bruno Da Mota,Normal
5291,31,62,Corinthians,Vágner Love,Normal
5291,31,62,Corinthians,Vágner Love,Normal
5291,31,46,Corinthians,Renato Augusto,Normal
5291,31,29,Corinthians,Vágner Love,Normal
5292,31,18,Internacional,Ernando Rodrigues Lopes,Normal
5293,31,1,Sao  Paulo,Luís Fabiano,Normal
5293,31,,Vasco,Nenê,Pênalti
5293,31,63,Vasco,Rodrigo Baldasso Da Costa,Normal
5293,31,88,Sao Paulo,Rodrigo Caio,Normal
5294,31,95,Chapecoense,Apodi,Normal
5294,31,57,Chapecoense,Túlio De Melo,Pênalti
5294,31,57,Chapecoense,Túlio De Melo,Pênalti
5294,31,34,Gremio,Deyvison Rogério Da Silva,Normal
5294,31,5,Gremio,Douglas Dos Santos,Normal
5294,31,78,Chapecoense,Túlio De Melo,Normal
5295,31,,Santos,Ricardo Oliveira,Normal
5295,31,12,Santos,Werley Ananias Da Silva,Normal
5295,31,49,Goias,David França Oliveira E Silva,Normal
5295,31,46,Santos,Ricardo Oliveira,Normal
5296,31,54,Sport,Maikon Leite,Normal
5296,31,84,Atletico-Mg,Thiago Ribeiro,Pênalti
5296,31,7,Sport,Matheus Ferraz Pereira,Normal
5296,31,23,Sport,Diego Souza,Normal
5296,31,27,Sport,José Élber Pimentel Da Silva,Normal
5297,32,60,Athletico-Pr,Walter Henrique Da Silva,Normal
5298,32,65,Internacional,Victor Vinícius Coelho Santos,Normal
5300,32,16,Sport,Jonathan Marlone,Normal
5300,32,59,Sport,Andrã© Felipe Ribeiro De Souza,Pênalti
5301,32,47,Corinthians,Vágner Love,Normal
5302,32,45,Coritiba,Luis Cáceres,Normal
5302,32,25,Sao Paulo,Alan Kardec,Normal
5302,32,64,Sao Paulo,Alexandre Pato,Normal
5305,32,51,Cruzeiro,Giorgian De Arrascaeta,Normal
5306,32,92,Ponte Preta,Renato De Araújo Chaves Júnior,Normal
5306,32,56,Atletico-Mg,Giovanni Augusto,Normal
5306,32,51,Atletico-Mg,Luan Madson Gedeão De Paiva,Normal
5307,33,19,Sao Paulo,Paulo Henrique Ganso,Normal
5307,33,64,Sao Paulo,Michel Bastos,Normal
5307,33,43,Sao Paulo,Luís Fabiano,Normal
5308,33,52,Avai,Rômulo,Normal
5308,33,75,Cruzeiro,Leandro Damião,Normal
5309,33,55,Ponte Preta,Guti,Contra
5310,33,24,Coritiba,Juan Maldonado Jaimez Júnior,Normal
5310,33,40,Figueirense,Yago Rocha,Normal
5312,33,49,Santos,Ricardo Oliveira,Normal
5312,33,27,Santos,Thiago Maia,Normal
5312,33,,Palmeiras,,Normal
5313,33,,Gremio,,Normal
5313,33,,Gremio,Deyvison Rogério Da Silva,Normal
5313,33,,Gremio,Deyvison Rogério Da Silva,Normal
5314,33,,Corinthians,-,Normal
5314,33,68,Corinthians,Malcom Filipe Silva De Oliveira,Normal
5314,33,,Corinthians,Vágner Love,Normal
5315,33,48,Fluminense,Gerson Santos Da Silva,Normal
5316,33,48,Goias,Zé Love,Normal
5316,33,51,Goias,Bruno Henrique,Normal
5316,33,20,Internacional,Valdívia,Normal
5316,33,51,Goias,Bruno Henrique,Normal
5317,34,88,Internacional,Victor Vinícius Coelho Santos,Normal
5318,34,16,Corinthians,Jadson,Pênalti
5318,34,16,Corinthians,Jadson,Pênalti
5318,34,88,Corinthians,Lucca Borges De Brito,Normal
5318,34,47,Coritiba,Negueba,Normal
5319,34,59,Avai,Anderson Lopes,Normal
5319,34,43,Athletico-Pr,Sidcley Ferreira Pereira,Normal
5319,34,35,Athletico-Pr,Walter Henrique Da Silva,Normal
5320,34,30,Chapecoense,Túlio De Melo,Normal
5320,34,48,Fluminense,Null,Normal
5320,34,34,Chapecoense,Thiego,Normal
5320,34,64,Chapecoense,Camilo,Normal
5320,34,64,Chapecoense,Camilo,Normal
5320,34,48,Fluminense,Null,Normal
5320,34,20,Fluminense,Jean Raphael Vanderlei Moreira,Pênalti
5321,34,35,Vasco,Rafael Silva Dos Santos,Normal
5321,34,40,Vasco,Nenê,Normal
5322,34,47,Goias,,Normal
5322,34,19,Flamengo,Alan Patrick,Normal
5322,34,51,Flamengo,Kayke Moreno,Normal
5322,34,48,Flamengo,,Normal
5322,34,64,Flamengo,Kayke Moreno,Normal
5323,34,33,Cruzeiro,Willian Gomes De Siqueira,Normal
5323,34,81,Cruzeiro,-,Normal
5323,34,31,Sao Paulo,Nan,Normal
5323,34,31,Sao Paulo,,Normal
5324,34,90,Atletico-Mg,Jesús Dátolo,Normal
5326,34,69,Sport,André Felipe Ribeiro De Souza,Normal
5327,35,59,Cruzeiro,Willians Domingos Fernandes,Pênalti
5327,35,66,Cruzeiro,Marcos Vinícius De Jesus Araújo,Normal
5327,35,61,Cruzeiro,Durval,Contra
5328,35,93,Coritiba,,Normal
5328,35,48,Coritiba,João Paulo Silva,Normal
5328,35,1,Coritiba,Juan Maldonado Jaimez Júnior,Normal
5328,35,1,Coritiba,Juan Maldonado Jaimez Júnior,Normal
5328,35,,Goias,Fred,Normal
5329,35,14,Figueirense,Clayton Da Silveira Da Silva,Pênalti
5330,35,42,Joinville,,Normal
5330,35,19,Avai,André Lima,Normal
5330,35,88,Avai,Éverton Silva,Normal
5331,35,84,Athletico-Pr,Ewandro,Normal
5331,35,,Palmeiras,Alecsandro,Normal
5331,35,86,Athletico-Pr,Ewandro,Normal
5331,35,54,Palmeiras,Róbson Michael Signorini,Normal
5331,35,74,Palmeiras,Jackson De Souza,Normal
5331,35,2,Athletico-Pr,Marcos Guilherme,Normal
5331,35,2,Athletico-Pr,Marcos Guilherme,Normal
5332,35,60,Gremio,Luan Guilherme De Jesus Vieira,Pênalti
5333,35,64,Chapecoense,Ananias Elói Castro Monteiro,Normal
5334,35,91,Sao Paulo,Luís Fabiano,Pênalti
5334,35,57,Atletico-Mg,Luan Madson Gedeão De Paiva,Normal
5334,35,69,Sao Paulo,Alan Kardec,Normal
5334,35,70,Atletico-Mg,Jesús Dátolo,Normal
5334,35,75,Sao Paulo,Michel Bastos,Normal
5334,35,85,Sao Paulo,Alan Kardec,Normal
5336,35,72,Vasco,,Normal
5336,35,82,Corinthians,Vágner Love,Normal
5337,36,20,Cruzeiro,Marcos Vinã­Cius De Jesus Araãºjo,Normal
5337,36,71,Palmeiras,,Normal
5338,36,5,Vasco,Nenê,Normal
5338,36,10,Vasco,Duvier Riascos,Normal
5338,36,5,Vasco,Nenê,Normal
5338,36,,Joinville,Rafael Donato,Normal
5339,36,57,Atletico-Mg,Marcos Rocha,Normal
5339,36,23,Atletico-Mg,,Normal
5339,36,60,Goias,Bruno Henrique,Normal
5339,36,39,Goias,Erik Nascimento De Lima,Normal
5340,36,53,Internacional,Victor Vinícius Coelho Santos,Normal
5342,36,70,Sao Paulo,Carlos Andrade Souza,Normal
5342,36,46,Corinthians,Edu Dracena,Normal
5342,36,61,Corinthians,Lucca Borges De Brito,Normal
5342,36,64,Corinthians,,Normal
5342,36,,Corinthians,Cristian Baroni,Pênalti
5342,36,29,Corinthians,Ángel Romero,Normal
5342,36,27,Corinthians,Bruno Henrique Corsini,Normal
5343,36,56,Flamengo,-,Normal
5343,36,56,Flamengo,-,Normal
5343,36,77,Ponte Preta,Diego Oliveira,Normal
5344,36,75,Fluminense,,Normal
5344,36,,Fluminense,Gum,Normal
5344,36,,Fluminense,Gum,Normal
5344,36,90,Avai,Léo Gamalho,Normal
5344,36,86,Fluminense,Fred,Normal
5345,36,58,Coritiba,Henrique Almeida,Normal
5347,37,91,Sao Paulo,Alan Kardec,Normal
5347,37,28,Figueirense,Clayton Da Silveira Da Silva,Normal
5347,37,94,Sao Paulo,Thiago Henrique Mendes Ribeiro,Normal
5347,37,11,Sao Paulo,Luís Fabiano,Normal
5347,37,,Figueirense,Carlos Alberto Gomes De Jesus,Normal
5348,37,4,Internacional,Victor Vinícius Coelho Santos,Normal
5348,37,74,Fluminense,Cícero Santos,Pênalti
5349,37,,Avai,Antonio Carlos Capocasali,Normal
5350,37,91,Sport,André Felipe Ribeiro De Souza,Normal
5350,37,,Sport,Matheus Ferraz Pereira,Normal
5351,37,,Cruzeiro,Charles Fernando Basílio Da Silva,Normal
5351,37,64,Cruzeiro,Alisson Euler De Freitas Castro,Normal
5351,37,35,Cruzeiro,Willian Gomes De Siqueira,Normal
5352,37,69,Gremio,Luan Guilherme De Jesus Vieira,Normal
5352,37,30,Gremio,Everton Sousa Soares,Normal
5352,37,42,Atletico-Mg,,Pênalti
5353,37,46,Chapecoense,Túlio De Melo,Normal
5353,37,33,Goias,Fred,Normal
5353,37,29,Goias,Erik Nascimento De Lima,Pênalti
5353,37,78,Goias,Fred,Normal
5353,37,46,Chapecoense,Túlio De Melo,Normal
5354,37,45,Vasco,Nenê,Pênalti
5355,37,24,Coritiba,Juan Maldonado Jaimez Júnior,Normal
5355,37,94,Coritiba,Henrique Almeida,Normal
5356,37,13,Athletico-Pr,Roberto Heuchayer,Normal
5356,37,67,Athletico-Pr,Cleberson Martins De Souza,Normal
5356,37,13,Athletico-Pr,Roberto Heuchayer,Normal
5356,37,33,Athletico-Pr,Cleberson Martins De Souza,Normal
5356,37,67,Athletico-Pr,Cleberson Martins De Souza,Normal
5357,38,26,Internacional,Victor Vinícius Coelho Santos,Normal
5357,38,62,Internacional,Victor  Vinã­Cius  Coelho  Santos,Normal
5358,38,90,Palmeiras,Vitor Hugo Franchescoli De Souza,Normal
5358,38,72,Palmeiras,Eduardo Pereira Rodrigues,Normal
5358,38,,Flamengo,-,Normal
5359,38,,Figueirense,Marcos Assis De Santana,Normal
5360,38,80,Santos,Geuvânio,Normal
5360,38,14,Santos,Geuvânio,Normal
5360,38,12,Athletico-Pr,Cleberson Martins De Souza,Normal
5360,38,29,Santos,Gabriel Barbosa,Normal
5360,38,60,Santos,Gabriel Barbosa,Normal
5360,38,73,Santos,Vitor Bueno,Normal
5360,38,14,Santos,Geuvânio,Normal
5361,38,62,Sport,Diego Souza,Normal
5362,38,93,Sao  Paulo,José Rogério De Oliveira Melo,Normal
5363,38,78,Corinthians,Vágner Love,Normal
5363,38,57,Avai,,Normal
5364,38,51,Atletico-Mg,Leonardo Silva,Normal
5364,38,68,Atletico-Mg,Patric Cabral Lalau,Normal
5364,38,39,Atletico-Mg,Thiago Ribeiro,Normal
5365,38,60,Gremio,,Normal
5365,38,6,Gremio,Marcelo Oliveira Ferreira,Normal
5367,1,19,Palmeiras,Róger Guedes,Normal
5367,1,87,Palmeiras,Gabriel Jesus,Normal
5367,1,46,Palmeiras,Gabriel Jesus,Normal
5367,1,52,Palmeiras,,Normal
5368,1,5,Flamengo,Éverton Cardoso Da Silva,Normal
5369,1,15,Atletico-Mg,Juan Cazares,Normal
5370,1,71,Coritiba,Kléber,Normal
5371,1,28,Santa Cruz,,Normal
5371,1,87,Santa Cruz,Keno,Normal
5371,1,,Vitoria,Kieza,Normal
5371,1,85,Santa Cruz,Fernando Gabriel Vougado Ribeiro,Normal
5371,1,,Vitoria,Kieza,Normal
5371,1,44,Santa Cruz,Grafite,Normal
5372,1,22,Sao Paulo,Lucas Fernandes,Normal
5375,1,39,Fluminense,Fred,Normal
5377,2,91,Palmeiras,Moisés  Lima  Magalhães,Normal
5377,2,33,Ponte Preta,Felipe Azevedo,Normal
5377,2,24,Ponte Preta,Felipe Azevedo,Normal
5378,2,,Fluminense,Gum,Normal
5378,2,53,Santa Cruz,Grafite,Normal
5378,2,83,Santa Cruz,Grafite,Pênalti
5378,2,,Fluminense,Gustavo Scarpa,Normal
5379,2,,Figueirense,Rafael Moura,Normal
5379,2,56,Cruzeiro,Josã© Élber Pimentel Da Silva,Normal
5379,2,41,Figueirense,Rafael Moura,Normal
5379,2,63,Cruzeiro,Douglas Coutinho,Normal
5380,2,20,Coritiba,Kléber,Normal
5380,2,62,Santos,Vitor Bueno,Normal
5380,2,,Santos,Renato Dirnei Florêncio,Normal
5381,2,77,Atletico-Mg,Juan Cazares,Pênalti
5381,2,77,Atletico-Mg,Juan Cazares,Pênalti
5381,2,10,Athletico-Pr,André Lima,Normal
5382,2,39,Corinthians,Fagner,Normal
5382,2,30,Vitoria,Leandro Domingues,Normal
5382,2,26,Corinthians,Uendel Pereira Gonã§Alves,Normal
5382,2,64,Vitoria,Kieza,Normal
5382,2,56,Vitoria,Mã¡Rio Sã©Rgio Santos Costa,Normal
5383,2,78,Chapecoense,Bruno Rangel,Normal
5383,2,77,Chapecoense,Silvinho,Normal
5383,2,20,America-Mg,Rafael Bastos,Pênalti
5383,2,48,Chapecoense,Bruno Rangel,Pênalti
5384,2,87,Sao Paulo,Diego Lugano,Normal
5384,2,37,Internacional,Eduardo Sasha,Normal
5384,2,37,Internacional,Eduardo Sasha,Normal
5384,2,89,Internacional,Eduardo Sasha,Normal
5385,2,54,Gremio,Fred,Normal
5386,2,29,Botafogo-Rj,Fernandes,Normal
5386,2,17,Sport,Diego Souza,Normal
5387,3,57,Santos,,Pênalti
5387,3,92,Figueirense,Gustavo Ermel,Normal
5387,3,42,Santos,Vitor Bueno,Pênalti
5387,3,38,Figueirense,,Normal
5388,3,18,Botafogo-Rj,Ribamar,Normal
5388,3,73,Botafogo-Rj,Neilton Mestzk,Normal
5388,3,18,Botafogo-Rj,Ribamar,Normal
5388,3,58,Athletico-Pr,Vinícius,Normal
5389,3,8,Flamengo,,Normal
5389,3,80,Chapecoense,Hyoran,Normal
5389,3,96,Flamengo,Alan Patrick,Pênalti
5389,3,13,Chapecoense,,Pênalti
5390,3,74,America-Mg,Victor Rangel,Normal
5390,3,85,Vitoria,,Normal
5391,3,,Santa Cruz,Grafite,Pênalti
5391,3,77,Santa Cruz,Arthur Caike Do Nascimento Cruz,Normal
5391,3,53,Cruzeiro,Giorgian De Arrascaeta,Normal
5391,3,90,Santa Cruz,Keno,Normal
5391,3,64,Santa Cruz,Grafite,Normal
5392,3,57,Palmeiras,Vitor Hugo Franchescoli De Souza,Normal
5392,3,59,Palmeiras,Alecsandro,Normal
5393,3,,Coritiba,Alan Santos Da Silva,Normal
5393,3,79,Sao Paulo,José Rogério De Oliveira Melo,Normal
5394,3,79,Corinthians,Guilherme Milhomem Gusmão,Normal
5394,3,22,Corinthians,Bruno Henrique Corsini,Normal
5394,3,15,Corinthians,-,Contra
5395,3,58,Internacional,Renê Rodrigues Martins,Normal
5396,3,18,Gremio,Marcelo Oliveira Ferreira,Normal
5396,3,48,Gremio,Luan Guilherme De Jesus Vieira,Normal
5396,3,26,Gremio,Luan Guilherme De Jesus Vieira,Normal
5397,4,29,America-Mg,Victor Rangel,Normal
5397,4,29,America-Mg,Victor Rangel,Normal
5397,4,82,Cruzeiro,Giorgian De Arrascaeta,Normal
5398,4,74,Figueirense,Bruno Alves,Normal
5398,4,23,Athletico-Pr,Ewandro,Normal
5398,4,44,Athletico-Pr,Thiago Heleno,Normal
5399,4,84,Chapecoense,Tiago Da Costa Silva,Contra
5399,4,38,Santa Cruz,Arthur Caike Do Nascimento Cruz,Normal
5400,4,42,Flamengo,Jorge Marco De Oliveira Moraes,Normal
5400,4,21,Flamengo,Felipe Azevedo,Contra
5400,4,12,Ponte Preta,Wellington Paulista,Normal
5401,4,79,Corinthians,Marquinhos,Normal
5401,4,70,Corinthians,Lucca Borges De Brito,Normal
5402,4,51,Fluminense,Fred,Normal
5403,4,79,Vitoria,Kieza,Normal
5403,4,37,Atletico-Mg,Patric Cabral Lalau,Normal
5404,4,12,Sao Paulo,Paulo Henrique Ganso,Normal
5405,4,68,Gremio,Luan Guilherme De Jesus Vieira,Pênalti
5405,4,40,Gremio,Everton Sousa Soares,Normal
5406,4,84,Internacional,Aylon,Normal
5407,5,39,Internacional,Victor Vinícius Coelho Santos,Normal
5408,5,82,Corinthians,Giovanni Augusto,Normal
5409,5,9,Sport,Edmilson Dos Santos Silva,Normal
5410,5,,Chapecoense,Bruno Rangel,Pênalti
5410,5,24,Chapecoense,Bruno Rangel,Pênalti
5410,5,89,Chapecoense,Lucas Gomes,Normal
5410,5,94,Coritiba,Josã© Carlos Ferreira Jãºnior,Normal
5410,5,89,Chapecoense,Lucas Gomes,Normal
5410,5,67,Coritiba,Jorge Ortega,Normal
5410,5,9,Coritiba,Rafael Marques Pinto,Normal
5410,5,9,Coritiba,Rafael Marques Pinto,Normal
5410,5,82,Chapecoense,,Normal
5410,5,,Chapecoense,Bruno Rangel,Pênalti
5411,5,2,Atletico-Mg,Tiago  Pagnussat,Normal
5411,5,31,Fluminense,Gustavo Scarpa,Normal
5412,5,16,Figueirense,Rafael Moura,Normal
5413,5,27,Cruzeiro,Josã© Élber Pimentel Da Silva,Normal
5414,5,19,Ponte Preta,Clayson Henrique Da Silva Vieira,Normal
5414,5,6,Ponte Preta,Felipe Azevedo,Normal
5414,5,24,America-Mg,Danilo Barcelos,Normal
5415,5,50,Gremio,Giuliano Victor De Paula,Normal
5415,5,57,Palmeiras,Róger Guedes,Normal
5415,5,2,Palmeiras,Gabriel Jesus,Normal
5415,5,55,Gremio,Giuliano Victor De Paula,Normal
5415,5,91,Gremio,Edílson Mendes Guimarães,Normal
5415,5,73,Palmeiras,Vitor Hugo Franchescoli De Souza,Normal
5415,5,84,Palmeiras,Thiago Dos Santos,Normal
5416,5,64,Flamengo,Felipe Vizeu,Normal
5417,6,59,Athletico-Pr,Deivid Willian Da Silva,Normal
5419,6,89,Corinthians,André Felipe Ribeiro De Souza,Normal
5419,6,47,Coritiba,Negueba,Normal
5419,6,95,Corinthians,,Normal
5420,6,71,America-Mg,Osman,Normal
5421,6,11,Santos,Vitor Bueno,Normal
5421,6,,Santos,,Contra
5421,6,,Santos,,Contra
5421,6,35,Santos,Paulinho,Normal
5422,6,4,Vitoria,Mário Sérgio Santos Costa,Normal
5423,6,73,Sport,Edmilson Dos Santos Silva,Normal
5423,6,42,Atletico-Mg,Patric Cabral Lalau,Normal
5423,6,,Sport,Rithely,Normal
5423,6,,Atletico-Mg,Júnior Urso,Normal
5423,6,48,Atletico-Mg,Robinho,Pênalti
5423,6,45,Sport,Gabriel Xavier,Normal
5423,6,,Atletico-Mg,Júnior Urso,Normal
5423,6,76,Sport,Diego Souza,Normal
5423,6,30,Atletico-Mg,Robinho,Pênalti
5424,6,,Palmeiras,Gabriel Jesus,Normal
5424,6,,Palmeiras,Jean Raphael Vanderlei Moreira,Pênalti
5424,6,6,Flamengo,,Normal
5425,6,,Gremio,Luan  Guilherme  De  Jesus  Vieira,Normal
5426,6,23,Sao Paulo,Ytalo José Dos Santos,Normal
5427,7,6,Internacional,,Normal
5427,7,3,Internacional,Aylon,Normal
5427,7,73,Internacional,Ernando Rodrigues Lopes,Normal
5427,7,3,Internacional,Aylon,Normal
5427,7,20,America-Mg,Adalberto Dos Santos Rodrigues,Normal
5428,7,,Ponte Preta,William Pottker,Normal
5428,7,79,Chapecoense,Arthur Brasiliano Maia,Normal
5428,7,48,Ponte Preta,Felipe Azevedo,Normal
5429,7,41,Gremio,Marcelo Hermes,Normal
5429,7,75,Fluminense,,Normal
5430,7,,Athletico-Pr,Otávio Henrique Santos,Normal
5430,7,88,Athletico-Pr,Hernani Azevedo Junior,Normal
5430,7,41,Sao Paulo,Maicon Pereira Roque,Normal
5431,7,,Sport,Diego Souza,Normal
5431,7,70,Coritiba,,Normal
5431,7,48,Coritiba,Kléber,Normal
5431,7,37,Coritiba,Ruy Franco De Almeida Junior,Normal
5431,7,25,Sport,Diego Souza,Normal
5432,7,92,Vitoria,Victor  Ramos,Normal
5432,7,52,Botafogo-Rj,Luiz Ricardo Alves,Normal
5433,7,14,Atletico-Mg,Rafael De Souza Pereira,Normal
5433,7,62,Cruzeiro,Bruno Rodrigo,Normal
5433,7,19,Cruzeiro,Alisson Euler De Freitas Castro,Normal
5433,7,56,Atletico-Mg,,Normal
5433,7,49,Cruzeiro,Duvier Riascos,Normal
5434,7,48,Palmeiras,Cleiton Xavier,Normal
5435,7,42,Figueirense,Rafael Moura,Normal
5436,7,45,Santos,José Carlos Cracco Neto,Normal
5436,7,65,Santos,Joel Tagueu,Normal
5437,8,76,Sao  Paulo,Jonathan Calleri,Normal
5437,8,86,Sao Paulo,Diego Lugano,Normal
5438,8,81,Chapecoense,Thiego,Normal
5438,8,,Gremio,Pedro Geromel,Normal
5438,8,26,Chapecoense,,Pênalti
5438,8,42,Gremio,Jailson Marques Siqueira,Normal
5438,8,18,Chapecoense,Thiego,Normal
5438,8,83,Gremio,,Normal
5438,8,26,Chapecoense,,Pênalti
5438,8,42,Gremio,Jailson Marques Siqueira,Normal
5439,8,3,Ponte Preta,Fábio Ferreira,Normal
5439,8,11,Athletico-Pr,,Normal
5439,8,62,Ponte Preta,Reinaldo Manoel Da Silva,Normal
5439,8,,Athletico-Pr,,Normal
5439,8,69,Ponte Preta,Jeferson,Normal
5440,8,66,Santos,Gabriel Barbosa,Normal
5440,8,,Santos,Vitor Bueno,Normal
5441,8,26,Santa Cruz,,Normal
5442,8,39,Botafogo-Rj,Luiz Ricardo Alves,Pênalti
5442,8,48,America-Mg,Bruno Sávio,Normal
5442,8,32,Botafogo-Rj,Luiz Ricardo Alves,Normal
5442,8,24,Botafogo-Rj,Luiz  Ricardo  Alves,Pênalti
5443,8,95,Coritiba,Leandro,Normal
5443,8,,Coritiba,João Paulo Silva,Normal
5443,8,,Palmeiras,Róger Guedes,Normal
5443,8,69,Palmeiras,Jonatan Cristaldo,Normal
5443,8,95,Coritiba,Leandro,Normal
5444,8,43,Flamengo,Réver,Normal
5445,8,35,Internacional,Eduardo Sasha,Normal
5445,8,,Internacional,Victor Vinícius Coelho Santos,Normal
5446,8,63,Fluminense,Cícero Santos,Normal
5447,9,29,Palmeiras,Eduardo Pereira Rodrigues,Normal
5447,9,65,Palmeiras,Eduardo Pereira Rodrigues,Normal
5447,9,51,Santa Cruz,Grafite,Normal
5447,9,47,Palmeiras,Jean Raphael Vanderlei Moreira,Normal
5447,9,47,Palmeiras,Jean Raphael Vanderlei Moreira,Normal
5448,9,88,Athletico-Pr,Paulo André,Normal
5449,9,55,America-Mg,Adalberto Dos Santos Rodrigues,Normal
5449,9,55,America-Mg,Adalberto Dos Santos Rodrigues,Normal
5449,9,50,Coritiba,Kléber,Normal
5449,9,58,America-Mg,,Normal
5450,9,72,Chapecoense,Sérgio Manoel Barbosa Santos,Normal
5450,9,73,Vitoria,Mário Sérgio Santos Costa,Normal
5450,9,76,Chapecoense,Thiego,Normal
5451,9,85,Atletico-Mg,Carlos Júnior,Normal
5451,9,24,Atletico-Mg,Leandro Donizete,Normal
5451,9,28,Atletico-Mg,Juan Cazares,Normal
5452,9,28,Botafogo-Rj,Leandrinho,Normal
5452,9,52,Corinthians,Marquinhos,Normal
5452,9,24,Corinthians,Bruno Henrique Corsini,Normal
5452,9,89,Corinthians,Bruno Henrique Corsini,Normal
5453,9,12,Sao Paulo,Jonathan Calleri,Normal
5453,9,,Flamengo,Willian Arão,Normal
5453,9,22,Flamengo,Rodrigo Caio,Contra
5453,9,12,Sao Paulo,Jonathan Calleri,Normal
5453,9,51,Sao Paulo,Jonathan Calleri,Normal
5453,9,,Flamengo,Willian Arão,Normal
5454,9,41,Figueirense,Renato Baruffi,Pênalti
5454,9,73,Figueirense,Wéverton Almeida Santos,Normal
5454,9,65,Internacional,Victor Vinícius Coelho Santos,Normal
5454,9,83,Internacional,Victor Vinícius Coelho Santos,Normal
5454,9,80,Figueirense,Renato Baruffi,Normal
5454,9,65,Internacional,Victor Vinícius Coelho Santos,Normal
5455,9,40,Sport,Gabriel Xavier,Normal
5455,9,90,Sport,Diego Souza,Normal
5455,9,85,Fluminense,Magno  Alves,Normal
5456,9,44,Gremio,Luan Guilherme De Jesus Vieira,Normal
5456,9,52,Gremio,Douglas Dos Santos,Normal
5456,9,44,Gremio,Luan Guilherme De Jesus Vieira,Normal
5457,10,19,Palmeiras,Gabriel Jesus,Normal
5457,10,,Palmeiras,Gabriel Jesus,Normal
5458,10,21,Cruzeiro,Giorgian De Arrascaeta,Normal
5458,10,55,Cruzeiro,Giorgian De Arrascaeta,Pênalti
5458,10,8,Cruzeiro,Henrique Pacheco Lima,Normal
5458,10,55,Cruzeiro,Giorgian De Arrascaeta,Pênalti
5458,10,78,Cruzeiro,Alisson Euler De Freitas Castro,Pênalti
5460,10,15,Flamengo,Willian Arão,Normal
5461,10,66,Fluminense,Marcos Júnior,Normal
5461,10,48,Santos,Gabriel Barbosa,Normal
5461,10,14,Fluminense,Marcos Júnior,Normal
5461,10,73,Santos,Luiz Felipe,Normal
5461,10,51,Santos,Gabriel Barbosa,Normal
5461,10,39,Santos,Rodrigão,Normal
5462,10,83,Atletico-Mg,Juan Cazares,Normal
5462,10,90,Corinthians,Lucca Borges De Brito,Normal
5462,10,,Atletico-Mg,Fred,Normal
5464,10,,Vitoria,Kieza,Normal
5464,10,,Gremio,Victor Ramos,Contra
5464,10,32,Vitoria,Diego Renan,Pênalti
5466,10,70,Coritiba,Nery Bareiro,Normal
5466,10,70,Coritiba,Nery Bareiro,Normal
5466,10,,Internacional,Anderson Luís De Abreu Oliveira,Normal
5467,11,,Cruzeiro,Willian Gomes De Siqueira,Normal
5467,11,,Cruzeiro,Willian Gomes De Siqueira,Normal
5467,11,11,Palmeiras,Gabriel Jesus,Normal
5468,11,52,Santa Cruz,Grafite,Normal
5468,11,37,Corinthians,Ángel Romero,Normal
5468,11,27,Corinthians,Luciano Da Rocha Neves,Normal
5469,11,4,Atletico-Mg,Robinho,Normal
5470,11,76,Fluminense,Richarlison,Normal
5470,11,58,Flamengo,Paolo Guerrero,Normal
5470,11,48,Fluminense,Willian Arão,Contra
5471,11,9,Ponte Preta,William Pottker,Normal
5471,11,22,Vitoria,Kieza,Normal
5471,11,9,Ponte Preta,William Pottker,Normal
5472,11,68,Athletico-Pr,André Lima,Normal
5472,11,68,Athletico-Pr,André Lima,Normal
5472,11,54,Athletico-Pr,Hernani Azevedo Junior,Normal
5472,11,68,Athletico-Pr,André Lima,Normal
5473,11,71,Botafogo-Rj,Camilo,Normal
5473,11,74,Internacional,Ernando Rodrigues Lopes,Normal
5473,11,8,Botafogo-Rj,Fernandes,Normal
5473,11,70,Internacional,Eduardo Sasha,Normal
5473,11,15,Botafogo-Rj,Neilton Mestzk,Normal
5474,11,1,Santos,Vitor Bueno,Normal
5474,11,90,Santos,Lucas Rafael Araújo Lima,Normal
5474,11,39,Santos,Rodrigão,Normal
5474,11,39,Santos,Rodrigão,Normal
5474,11,90,Santos,Lucas Rafael Araújo Lima,Normal
5475,11,57,Sport,Rodney Wallace,Normal
5475,11,77,Sport,Ronaldo,Normal
5475,11,46,Chapecoense,Ananias Elói Castro Monteiro,Normal
5475,11,10,Sport,Rodney Wallace,Normal
5475,11,64,Sport,Diego Souza,Normal
5475,11,54,Sport,Rithely,Normal
5477,12,19,Flamengo,Ederson Honorato Campos,Normal
5478,12,18,Sport,Matheus Ferraz Pereira,Normal
5478,12,61,Vitoria,Euller,Normal
5478,12,78,Sport,Matheus Ferraz Pereira,Normal
5478,12,64,Vitoria,Nickson Gabriel Reis Silva,Normal
5478,12,45,Vitoria,-,Normal
5479,12,89,Gremio,Marcelo Hermes,Normal
5479,12,45,Gremio,Douglas Dos Santos,Normal
5479,12,3,Gremio,Giuliano Victor De Paula,Normal
5479,12,,Santos,José Carlos Cracco Neto,Normal
5479,12,,Santos,Jonathan Copete,Normal
5479,12,89,Gremio,Marcelo Hermes,Normal
5480,12,81,Coritiba,Colin Kâzim-Richards,Normal
5481,12,89,Chapecoense,Everton Kempes Dos Santos Gonçalves,Normal
5481,12,7,Cruzeiro,Matías Pisano,Normal
5481,12,69,Chapecoense,Arthur Brasiliano Maia,Normal
5481,12,42,Chapecoense,Silvinho,Normal
5481,12,84,Cruzeiro,Fabrício Bruno,Normal
5481,12,7,Cruzeiro,Matías Pisano,Normal
5482,12,40,Sao Paulo,Alan Kardec,Normal
5482,12,2,Sao Paulo,-,Normal
5482,12,53,Fluminense,Cícero Santos,Pênalti
5483,12,,Corinthians,Ángel Romero,Normal
5483,12,75,Corinthians,Marquinhos,Pênalti
5484,12,21,Ponte Preta,William Pottker,Normal
5484,12,70,Ponte Preta,Felipe Azevedo,Normal
5484,12,39,Ponte Preta,William Pottker,Normal
5485,12,8,Palmeiras,,Normal
5485,12,43,Palmeiras,-,Normal
5485,12,56,Palmeiras,Gabriel Jesus,Normal
5485,12,91,Palmeiras,Gabriel Jesus,Normal
5486,12,47,Atletico-Mg,Robinho,Normal
5486,12,78,Atletico-Mg,Juan Cazares,Normal
5486,12,48,Atletico-Mg,Fred,Normal
5486,12,89,Botafogo-Rj,Gervã¡Sio Nãºñez,Normal
5486,12,92,Botafogo-Rj,Bruno César Pereira Da Silva,Normal
5486,12,73,Botafogo-Rj,Luiz Ricardo Alves,Pênalti
5486,12,73,Botafogo-Rj,Luiz Ricardo Alves,Pênalti
5486,12,1,Atletico-Mg,Juan Cazares,Normal
5486,12,,Atletico-Mg,,Normal
5488,13,53,Athletico-Pr,Nikão,Normal
5489,13,83,Vitoria,Vander Luiz Silva Souza,Normal
5489,13,24,Cruzeiro,Alisson Euler De Freitas Castro,Normal
5489,13,83,Vitoria,Vander Luiz Silva Souza,Normal
5489,13,54,Cruzeiro,Giorgian De Arrascaeta,Normal
5489,13,65,Vitoria,Diego Renan,Pênalti
5490,13,20,Gremio,Douglas Dos Santos,Normal
5491,13,87,Santos,Yuri Oliveira Lima,Normal
5491,13,,Santos,Rodrigão,Normal
5491,13,65,Santos,Jonathan Copete,Normal
5492,13,57,Ponte Preta,Clayson Henrique Da Silva Vieira,Normal
5493,13,59,Corinthians,Ángel Romero,Normal
5493,13,78,Corinthians,Guilherme Milhomem Gusmão,Normal
5493,13,80,Corinthians,Rildo De Andrade Felicissimo,Normal
5493,13,,Corinthians,Ángel Romero,Normal
5494,13,2,Botafogo-Rj,Luiz Ricardo Alves,Normal
5494,13,49,Santa Cruz,João Paulo,Normal
5494,13,18,Botafogo-Rj,Neilton Mestzk,Normal
5495,13,52,Figueirense,Gustavo Ermel,Normal
5495,13,8,Atletico-Mg,,Normal
5496,13,66,Palmeiras,Gabriel Jesus,Normal
5496,13,11,Palmeiras,Erik Nascimento De Lima,Normal
5496,13,59,Sport,Gabriel Xavier,Normal
5496,13,72,Palmeiras,Cleiton Xavier,Pênalti
5497,14,60,Corinthians,Rodrigo Eduardo Costa Marinho,Normal
5497,14,92,Corinthians,Marquinhos,Normal
5499,14,17,Ponte Preta,William Pottker,Normal
5499,14,79,Ponte Preta,Douglas Grolli,Normal
5499,14,,Sport,José Rogério De Oliveira Melo,Normal
5500,14,76,Figueirense,Ayrton Ganino,Normal
5500,14,93,Gremio,Deyvison Rogério Da Silva,Normal
5500,14,45,Gremio,,Normal
5501,14,12,Flamengo,Felipe Vizeu,Normal
5501,14,57,Flamengo,Felipe Vizeu,Normal
5502,14,47,Santa Cruz,Keno,Normal
5503,14,34,Sao Paulo,Alan Kardec,Normal
5503,14,43,Sao Paulo,Lyanco,Normal
5503,14,,Sao Paulo,Alan Kardec,Normal
5505,14,68,Athletico-Pr,André Lima,Normal
5505,14,82,Athletico-Pr,André Lima,Normal
5505,14,65,Athletico-Pr,,Normal
5506,14,,Palmeiras,Yerry Mina,Normal
5506,14,56,Santos,Gabriel Barbosa,Normal
5507,15,57,Flamengo,Jorge Marco De Oliveira Moraes,Normal
5507,15,80,Botafogo-Rj,Neilton Mestzk,Normal
5507,15,,Flamengo,Éverton Cardoso Da Silva,Normal
5507,15,83,Botafogo-Rj,Juan Manuel Salgueiro,Normal
5507,15,34,Botafogo-Rj,Diogo Barbosa,Normal
5507,15,68,Flamengo,Paolo Guerrero,Normal
5508,15,72,Santos,Gabriel Barbosa,Normal
5508,15,56,Santos,Vitor Bueno,Normal
5508,15,22,Santos,Victor Ferraz,Normal
5508,15,22,Santos,Victor Ferraz,Normal
5508,15,,Ponte Preta,Roger Rodrigues Da Silva,Normal
5509,15,9,Santa Cruz,Tiago Da Costa Silva,Normal
5509,15,,Santa  Cruz,Arthur Caike Do Nascimento Cruz,Normal
5509,15,,Santa  Cruz,Arthur Caike Do Nascimento Cruz,Normal
5509,15,16,Santa Cruz,Marcílio,Normal
5510,15,11,Palmeiras,,Normal
5511,15,71,Chapecoense,Dener Assunção Braz,Normal
5511,15,46,Figueirense,Rafael Moura,Pênalti
5512,15,26,Fluminense,Marcos Jãºnior,Pênalti
5512,15,7,Fluminense,Cícero Santos,Normal
5513,15,71,Vitoria,Diego Renan,Pênalti
5513,15,,Athletico-Pr,,Normal
5514,15,22,Corinthians,Bruno Henrique Corsini,Normal
5514,15,,Sao Paulo,Christian Cueva,Pênalti
5515,15,39,Sport,Diego Souza,Normal
5515,15,22,Sport,Sérgio Antônio Borges Júnior,Normal
5515,15,63,Gremio,,Normal
5515,15,68,Sport,Edmilson  Dos  Santos  Silva,Normal
5515,15,63,Gremio,,Normal
5515,15,46,Gremio,Pedro Geromel,Normal
5515,15,63,Gremio,,Normal
5515,15,75,Sport,Diego Souza,Pênalti
5516,15,76,Coritiba,Carlos Emiliano Pereira,Normal
5516,15,41,Atletico-Mg,Robinho,Normal
5516,15,85,Atletico-Mg,Robinho,Normal
5517,16,84,Corinthians,Danilo Gabriel De Andrade,Normal
5517,16,59,Figueirense,Dodô,Normal
5518,16,33,Coritiba,Kléber,Normal
5519,16,60,Atletico-Mg,,Normal
5520,16,43,Ponte  Preta,Roger Rodrigues Da Silva,Normal
5520,16,82,Internacional,Ariel Nahuelpán,Normal
5520,16,26,Internacional,Valdívia,Normal
5520,16,46,Ponte Preta,Wendel Geraldo Maurício E Silva,Normal
5521,16,53,Gremio,Douglas Dos Santos,Normal
5522,16,34,Athletico-Pr,Hernani Azevedo Junior,Normal
5523,16,,Sport,José Rogério De Oliveira Melo,Normal
5523,16,51,Sport,José Rogério De Oliveira Melo,Normal
5523,16,92,Cruzeiro,Willian Gomes De Siqueira,Normal
5524,16,,Chapecoense,Hyoran,Normal
5524,16,88,Chapecoense,Lucas Gomes,Normal
5524,16,,Chapecoense,Hyoran,Normal
5524,16,86,Botafogo-Rj,Camilo,Normal
5525,16,71,Vitoria,,Normal
5525,16,82,Santos,Jean Mota Oliveira De Souza,Normal
5525,16,82,Santos,Jean Mota Oliveira De Souza,Normal
5525,16,32,Santos,Jonathan Copete,Normal
5525,16,20,Santos,Vitor Bueno,Normal
5525,16,30,Vitoria,Antônio Eduardo Pereira Dos Santos,Normal
5526,16,56,Flamengo,Paolo Guerrero,Normal
5526,16,77,America-Mg,Juninho,Normal
5526,16,60,Flamengo,Alan Patrick,Pênalti
5527,17,15,Figueirense,Dodô,Normal
5528,17,17,Sport,Diego Souza,Pênalti
5528,17,53,Sport,-,Normal
5529,17,22,Atletico-Mg,Robinho,Normal
5529,17,71,Atletico-Mg,Luan Madson Gedeão De Paiva,Normal
5529,17,67,Atletico-Mg,Fred,Normal
5530,17,,Chapecoense,,Normal
5530,17,86,Sao Paulo,Christian Cueva,Normal
5530,17,61,Sao Paulo,Christian Cueva,Normal
5530,17,5,Chapecoense,Everton Kempes Dos Santos Gonçalves,Normal
5531,17,20,Fluminense,Cícero Santos,Normal
5531,17,55,Fluminense,Cícero Santos,Normal
5531,17,20,Fluminense,Cícero Santos,Normal
5531,17,,Fluminense,Wellington Alves Da Silva,Normal
5531,17,,Fluminense,Wellington Alves Da Silva,Normal
5532,17,52,Flamengo,Paolo Guerrero,Normal
5532,17,89,Flamengo,Marcelo Cirino Da Silva,Normal
5533,17,42,Corinthians,Elias Mendes Trindade,Normal
5534,17,61,Santos,Vitor Bueno,Normal
5534,17,74,Santos,Lucas Rios Marques,Contra
5534,17,74,Santos,Lucas Rios Marques,Contra
5535,17,78,Palmeiras,Erik Nascimento De Lima,Normal
5535,17,87,Botafogo-Rj,Camilo,Pênalti
5535,17,19,Botafogo-Rj,,Normal
5535,17,35,Botafogo-Rj,,Normal
5537,18,60,Vitoria,José Carlos Ferreira Júnior,Contra
5537,18,60,Vitoria,José Carlos Ferreira Júnior,Contra
5537,18,48,Coritiba,Raphael Cavalcante Veiga,Normal
5537,18,93,Vitoria,Kieza,Normal
5537,18,88,Vitoria,Mário Sérgio Santos Costa,Normal
5538,18,93,Sport,Mark González,Normal
5538,18,40,America-Mg,Danilo Barcelos,Normal
5540,18,87,Athletico-Pr,Walter Henrique Da Silva,Normal
5540,18,76,Athletico-Pr,Walter Henrique Da Silva,Normal
5541,18,85,Ponte Preta,,Normal
5541,18,30,Ponte Preta,William Pottker,Normal
5541,18,30,Ponte Preta,William Pottker,Normal
5543,18,11,Atletico-Mg,Maicosuel,Normal
5543,18,20,Atletico-Mg,Lucas Pratto,Normal
5543,18,20,Atletico-Mg,Lucas Pratto,Normal
5543,18,3,Sao Paulo,Andrés Chávez,Normal
5544,18,2,Internacional,Luis Manuel Seijas,Normal
5544,18,73,Internacional,Alex Raphael Meschini,Pênalti
5544,18,14,Cruzeiro,Rafael Sóbis,Normal
5544,18,41,Cruzeiro,Rafael Sóbis,Normal
5544,18,53,Cruzeiro,,Normal
5544,18,53,Cruzeiro,,Normal
5544,18,17,Cruzeiro,Ramón Ábila,Normal
5545,18,85,Palmeiras,Jean Raphael Vanderlei Moreira,Pênalti
5545,18,30,Chapecoense,Everton Kempes Dos Santos Gonçalves,Normal
5546,18,48,Figueirense,Carlos Alberto Gomes De Jesus,Normal
5546,18,20,Fluminense,Renato De Araújo Chaves Júnior,Normal
5546,18,61,Figueirense,Nirley Da Silva Fonseca,Normal
5546,18,14,Fluminense,Gustavo Scarpa,Normal
5546,18,48,Figueirense,Carlos Alberto Gomes De Jesus,Normal
5546,18,79,Fluminense,Magno Alves,Normal
5546,18,20,Fluminense,Renato De Araújo Chaves Júnior,Normal
5547,19,61,Flamengo,Federico Mancuello,Normal
5548,19,90,America-Mg,Juninho,Normal
5549,19,40,Coritiba,Kléber,Normal
5549,19,63,Coritiba,Luccas Claro,Normal
5549,19,80,Coritiba,Juan Maldonado Jaimez Júnior,Pênalti
5549,19,43,Ponte Preta,Rhayner,Normal
5550,19,75,Vitoria,,Contra
5550,19,37,Palmeiras,Lucas Barrios,Normal
5550,19,50,Palmeiras,Cleiton Xavier,Normal
5550,19,37,Palmeiras,Lucas Barrios,Normal
5551,19,39,Sao Paulo,Andrés Chávez,Normal
5551,19,84,Santa Cruz,Keno,Normal
5551,19,64,Sao Paulo,Andrés Chávez,Normal
5552,19,78,Internacional,Fernando Paixão Da Silva,Normal
5552,19,3,Fluminense,Gustavo Scarpa,Normal
5552,19,48,Internacional,Luis Manuel Seijas,Normal
5552,19,,Fluminense,Gustavo Scarpa,Normal
5552,19,78,Internacional,Fernando Paixão Da Silva,Normal
5553,19,46,Figueirense,Carlos Alberto Gomes De Jesus,Normal
5553,19,46,Figueirense,Carlos Alberto Gomes De Jesus,Normal
5553,19,82,Sport,Tãºlio De Melo,Pênalti
5554,19,43,Atletico-Mg,Robinho,Normal
5554,19,79,Atletico-Mg,Maicosuel,Normal
5554,19,91,Chapecoense,Bruno Rangel,Normal
5554,19,21,Atletico-Mg,,Normal
5555,19,,Corinthians,Giovanni Augusto,Normal
5555,19,66,Cruzeiro,Ramón Ábila,Normal
5556,19,,Botafogo-Rj,Luiz Ricardo Alves,Normal
5556,19,21,Botafogo-Rj,Camilo,Normal
5556,19,,Gremio,Matheus Dos Santos Batista,Normal
5557,20,24,Sport,Edmilson Dos Santos Silva,Normal
5558,20,83,Ponte Preta,Roger Rodrigues Da Silva,Normal
5558,20,51,Ponte Preta,Wendel Geraldo Maurício E Silva,Normal
5559,20,47,Fluminense,Henrique Dourado,Normal
5559,20,47,Fluminense,Henrique Dourado,Normal
5559,20,47,Fluminense,Henrique Dourado,Normal
5560,20,61,Gremio,Miller Bolaños,Normal
5560,20,48,Gremio,Everton Sousa Soares,Normal
5560,20,17,Gremio,Pedro Rocha Neves,Normal
5561,20,,Coritiba,Colin Kâzım-Richards,Normal
5561,20,27,Coritiba,Juan Maldonado Jaimez Júnior,Normal
5561,20,,Cruzeiro,Ramón Ábila,Normal
5561,20,27,Coritiba,Juan Maldonado Jaimez Júnior,Normal
5561,20,3,Cruzeiro,Rafael Da Silva Francisco,Normal
5562,20,,Santos,Ricardo Oliveira,Normal
5562,20,,Santos,Ricardo Oliveira,Normal
5562,20,69,Santos,Ricardo Oliveira,Normal
5562,20,69,Santos,Ricardo Oliveira,Normal
5562,20,12,Santos,-,Normal
5563,20,83,Santa Cruz,Matías Pisano,Normal
5563,20,37,Santa Cruz,Tiago Da Costa Silva,Normal
5563,20,5,Vitoria,Diego Renan,Normal
5563,20,,Vitoria,Willian Farias,Normal
5564,20,93,Botafogo-Rj,Luiz Ricardo Alves,Normal
5565,20,44,Palmeiras,Vitor Hugo Franchescoli De Souza,Normal
5566,20,,Chapecoense,Alejandro Martinuccio,Normal
5567,21,46,America-Mg,Gilson Gomes Do Nascimento,Pênalti
5567,21,72,Chapecoense,Lucas Gomes,Normal
5567,21,92,Chapecoense,,Normal
5568,21,52,Botafogo-Rj,Luiz Ricardo Alves,Normal
5568,21,47,Botafogo-Rj,-,Normal
5568,21,92,Botafogo-Rj,Camilo,Normal
5569,21,30,Flamengo,Leandro Damião,Pênalti
5569,21,72,Gremio,Henrique Almeida,Normal
5569,21,70,Flamengo,Diego Ribas,Normal
5570,21,40,Atletico-Mg,Robinho,Pênalti
5571,21,37,Sao Paulo,,Pênalti
5571,21,85,Internacional,Eugenio Mena,Contra
5572,21,30,Fluminense,Henrique Dourado,Normal
5573,21,16,Palmeiras,Rafael Marques Mariano,Normal
5573,21,,Palmeiras,Thiago Martins Bueno,Normal
5573,21,73,Ponte Preta,William Pottker,Normal
5573,21,52,Ponte Preta,Wellington Paulista,Normal
5573,21,16,Palmeiras,Rafael Marques Mariano,Normal
5574,21,59,Santos,Ricardo Oliveira,Normal
5574,21,,Coritiba,Iago Dias,Normal
5574,21,73,Coritiba,Kléber,Normal
5574,21,73,Coritiba,Kléber,Normal
5575,21,3,Cruzeiro,,Normal
5575,21,,Figueirense,Wéverton Almeida Santos,Normal
5575,21,48,Cruzeiro,Ramón Ábila,Normal
5576,21,71,Corinthians,Marquinhos,Normal
5576,21,43,Vitoria,Yago Fernando Da Silva,Contra
5576,21,51,Corinthians,-,Normal
5577,22,50,Ponte Preta,Clayson Henrique Da Silva Vieira,Normal
5577,22,36,Ponte Preta,Roger Rodrigues Da Silva,Normal
5577,22,50,Ponte Preta,Clayson Henrique Da Silva Vieira,Normal
5578,22,,Cruzeiro,Ramã³N Ábila,Normal
5578,22,49,Cruzeiro,Róbson Michael Signorini,Normal
5579,22,,Figueirense,Rafael Moura,Normal
5580,22,87,Atletico-Mg,Robinho,Normal
5580,22,53,Gremio,,Normal
5581,22,,Palmeiras,Jean Raphael Vanderlei Moreira,Normal
5581,22,19,Palmeiras,Eduardo Pereira Rodrigues,Normal
5582,22,91,Flamengo,Federico Mancuello,Normal
5582,22,,Flamengo,Diego Ribas,Normal
5582,22,42,Chapecoense,Everton Kempes Dos Santos Gonçalves,Normal
5582,22,91,Flamengo,Federico Mancuello,Normal
5582,22,71,Flamengo,Leandro Damiã£O,Pênalti
5584,22,89,Sport,Vinícius Vasconcelos Araújo,Normal
5584,22,9,Internacional,Luis Manuel Seijas,Pênalti
5585,22,64,Vitoria,,Normal
5585,22,,Vitoria,Marcelo Machado Dos Santos,Normal
5585,22,86,America-Mg,Danilo Barcelos,Normal
5585,22,64,Vitoria,,Normal
5586,22,7,Athletico-Pr,Hernani Azevedo Junior,Normal
5587,23,87,Chapecoense,Bruno Rangel,Pênalti
5587,23,64,Santa Cruz,Bruno Eduardo Moraes,Normal
5587,23,57,Santa Cruz,Arthur Caike Do Nascimento Cruz,Normal
5587,23,64,Santa Cruz,Bruno Eduardo Moraes,Normal
5587,23,28,Chapecoense,Everton  Kempes  Dos  Santos  Gonçalves,Normal
5588,23,4,Figueirense,Lins Lima De Brito,Normal
5589,23,,Botafogo-Rj,Neilton Mestzk,Normal
5590,23,63,Atletico-Mg,Fred,Normal
5590,23,46,Atletico-Mg,Fred,Normal
5590,23,59,Vitoria,Antônio Eduardo Pereira Dos Santos,Normal
5591,23,56,Palmeiras,,Normal
5591,23,48,Sao Paulo,Andrã©S Chã¡Vez,Normal
5591,23,71,Palmeiras,Vitor Hugo Franchescoli De Souza,Normal
5591,23,48,Sao Paulo,Andrã©S Chã¡Vez,Normal
5592,23,14,Flamengo,Gabriel Santana,Normal
5592,23,14,Flamengo,Gabriel Santana,Normal
5592,23,90,Flamengo,Luiz Fernando Pereira Da Silva,Normal
5592,23,67,Ponte Preta,William Pottker,Normal
5593,23,22,Coritiba,,Normal
5593,23,,Coritiba,Raphael Cavalcante Veiga,Normal
5593,23,39,Coritiba,Neto Berola,Normal
5593,23,31,Coritiba,Leandro,Normal
5594,23,47,Corinthians,Rodrigo  Eduardo  Costa  Marinho,Normal
5594,23,54,Corinthians,Léo Príncipe,Normal
5594,23,62,Corinthians,Vilson Xavier De Menezes Júnior,Normal
5595,23,21,Cruzeiro,Giorgian De Arrascaeta,Normal
5595,23,70,Cruzeiro,Ramón Ábila,Normal
5596,23,28,Santos,Ricardo Oliveira,Normal
5596,23,43,Internacional,Luis Manuel Seijas,Normal
5596,23,62,Internacional,Aylon,Normal
5597,24,44,Flamengo,Luiz Fernando Pereira Da Silva,Normal
5597,24,60,Flamengo,Gabriel Santana,Normal
5597,24,22,Vitoria,Zã© Love,Normal
5598,24,71,Chapecoense,Everton Kempes Dos Santos Gonçalves,Normal
5599,24,66,Sao Paulo,Christian Cueva,Normal
5599,24,73,Sao Paulo,Kelvin Mateus De Oliveira,Normal
5599,24,87,Figueirense,Carlos Alberto Gomes De Jesus,Pênalti
5599,24,31,Sao Paulo,Andrés Chávez,Normal
5599,24,66,Sao Paulo,Christian Cueva,Normal
5599,24,31,Sao Paulo,Andrés Chávez,Normal
5600,24,80,Botafogo-Rj,Camilo,Normal
5600,24,66,Botafogo-Rj,Gustavo Canales,Normal
5601,24,53,Sport,Durval,Normal
5601,24,6,Santa Cruz,Keno,Normal
5601,24,,Santa Cruz,Bruno Eduardo Moraes,Normal
5601,24,92,Sport,Everton Felipe,Normal
5601,24,80,Sport,Luis Carlos Ruiz,Normal
5601,24,90,Sport,Vinícius Vasconcelos Araújo,Normal
5601,24,50,Santa Cruz,João Paulo,Normal
5601,24,70,Sport,Rodney Wallace,Normal
5602,24,2,Internacional,,Normal
5602,24,46,Athletico-Pr,,Normal
5602,24,,Athletico-Pr,,Normal
5603,24,85,Santos,Renato Dirnei Florêncio,Normal
5603,24,,Corinthians,Jonathan Marlone,Normal
5603,24,,Santos,Vitor Bueno,Pênalti
5604,24,44,Ponte Preta,William Pottker,Normal
5604,24,58,America-Mg,Jonas  Jessué  Da  Silva  Júnior,Normal
5606,24,,Fluminense,Francinilson Santos Meirelles,Normal
5606,24,49,Fluminense,Douglas Augusto Soares Gomes,Normal
5606,24,,Fluminense,Marquinho,Normal
5606,24,28,Atletico-Mg,Robinho,Normal
5606,24,77,Fluminense,Gustavo Scarpa,Normal
5606,24,88,Atletico-Mg,Rómulo Otero,Normal
5607,25,4,Santos,José Carlos Cracco Neto,Normal
5608,25,15,Figueirense,Lins Lima De Brito,Normal
5608,25,44,America-Mg,Jonas Jessué Da Silva Júnior,Normal
5608,25,38,Figueirense,Dodô,Pênalti
5608,25,80,America-Mg,Osman,Normal
5609,25,53,Ponte Preta,Fábio Ferreira,Normal
5609,25,95,Ponte Preta,,Pênalti
5609,25,,Ponte Preta,Roger  Rodrigues  Da  Silva,Normal
5610,25,91,Santa Cruz,Bruno Eduardo Moraes,Normal
5611,25,15,Corinthians,Jonathan Marlone,Normal
5611,25,28,Coritiba,Leandro,Pênalti
5612,25,62,Flamengo,Alan Patrick,Normal
5612,25,82,Palmeiras,Gabriel Jesus,Normal
5613,25,59,Atletico-Mg,Júnior Urso,Normal
5614,25,4,Fluminense,Cícero Santos,Normal
5614,25,54,Chapecoense,Dener Assunção Braz,Normal
5614,25,,Chapecoense,Lourency Do Nascimento Rodrigues,Normal
5615,25,43,Sao Paulo,Wesley Lopes Beltrame,Normal
5616,25,47,Vitoria,Antônio Eduardo Pereira Dos Santos,Normal
5617,26,76,Palmeiras,Yerry Mina,Normal
5617,26,,Palmeiras,Moisés Lima Magalhães,Normal
5618,26,37,Flamengo,Willian Arão,Normal
5618,26,71,Flamengo,Diego Ribas,Pênalti
5618,26,71,Flamengo,Diego Ribas,Pênalti
5619,26,76,Cruzeiro,Róbson Michael Signorini,Normal
5619,26,31,Atletico-Mg,Clayton Da Silveira Da Silva,Normal
5620,26,31,Coritiba,Willian José De Souza,Normal
5621,26,,Fluminense,Gustavo Scarpa,Normal
5622,26,33,Ponte Preta,Fábio Ferreira,Normal
5622,26,33,Ponte Preta,Fábio Ferreira,Normal
5622,26,12,Chapecoense,Tiaguinho,Normal
5622,26,43,Chapecoense,Tiaguinho,Normal
5622,26,56,Ponte Preta,Roger Rodrigues Da Silva,Normal
5623,26,80,Athletico-Pr,Pablo Felipe Teixeira,Normal
5624,26,56,Santa Cruz,Keno,Normal
5624,26,,Santos,Vitor Bueno,Normal
5624,26,88,Santos,Jean Mota Oliveira De Souza,Normal
5624,26,5,Santos,Jonathan Copete,Normal
5624,26,,Santa Cruz,Keno,Normal
5625,26,45,Botafogo-Rj,,Normal
5626,26,90,America-Mg,Michael  Vinicius  Silva  De  Morais,Normal
5627,27,51,Palmeiras,Leandro,Normal
5627,27,76,Coritiba,Iago Dias,Normal
5627,27,57,Palmeiras,Yerry Mina,Normal
5628,27,11,Sport,José Rogério De Oliveira Melo,Normal
5629,27,65,America-Mg,Jonas Jessuã© Da Silva Jãºnior,Normal
5630,27,,Athletico-Pr,Thiago Heleno,Pênalti
5630,27,78,Athletico-Pr,Thiago Heleno,Normal
5630,27,67,Athletico-Pr,Leonardo  Moreira  Morais,Normal
5631,27,60,Figueirense,Danny Morais,Contra
5631,27,1,Figueirense,Ayrton Ganino,Normal
5631,27,66,Santa Cruz,Keno,Normal
5631,27,38,Figueirense,Lins Lima De Brito,Normal
5632,27,52,Vitoria,Mário Sérgio Santos Costa,Normal
5632,27,,Vitoria,Lyanco,Contra
5633,27,94,Fluminense,Cícero Santos,Normal
5634,27,74,Cruzeiro,Rafael Da Silva Francisco,Normal
5634,27,,Flamengo,Paolo Guerrero,Normal
5634,27,,Flamengo,Paolo Guerrero,Normal
5634,27,89,Flamengo,Federico Mancuello,Normal
5635,27,,Gremio,,Normal
5635,27,,Gremio,,Normal
5635,27,,Gremio,,Normal
5636,27,81,Atletico-Mg,Lucas Pratto,Normal
5636,27,31,Internacional,Gustavo Ferrareis,Normal
5636,27,29,Atletico-Mg,Clayton Da Silveira Da Silva,Normal
5636,27,15,Atletico-Mg,Fred,Normal
5637,28,87,Fluminense,Gustavo Scarpa,Normal
5637,28,,Fluminense,Richarlison,Normal
5637,28,54,Fluminense,Marcos Júnior,Normal
5637,28,11,Sport,Gum,Normal
5639,28,9,Vitoria,Zé Love,Normal
5639,28,9,Vitoria,Zé Love,Normal
5639,28,40,Vitoria,Kieza,Normal
5639,28,55,Chapecoense,Tiaguinho,Normal
5639,28,16,Vitoria,Marcelo Machado Dos Santos,Normal
5639,28,,Vitoria,Zé Love,Normal
5640,28,31,Santos,Ricardo Oliveira,Pênalti
5640,28,83,Santos,,Normal
5641,28,38,Botafogo-Rj,Diogo Barbosa,Normal
5641,28,24,Botafogo-Rj,Neilton Mestzk,Normal
5642,28,16,Atletico-Mg,Júnior Urso,Normal
5642,28,38,Atletico-Mg,Clayton Da Silveira Da Silva,Normal
5642,28,79,Ponte Preta,Roger Rodrigues Da Silva,Normal
5643,28,72,Cruzeiro,Null,Normal
5644,28,5,Internacional,Victor Vinícius Coelho Santos,Normal
5645,28,,Palmeiras,Leandro,Normal
5645,28,70,Santa Cruz,Grafite,Normal
5645,28,80,Palmeiras,Róger Guedes,Normal
5645,28,70,Santa Cruz,Grafite,Normal
5645,28,56,Santa Cruz,,Normal
5645,28,80,Palmeiras,Róger Guedes,Normal
5645,28,33,Palmeiras,Zé Roberto,Normal
5646,28,49,Coritiba,Juan Maldonado Jaimez Júnior,Normal
5646,28,73,Coritiba,Juan Maldonado Jaimez Júnior,Normal
5646,28,13,Coritiba,Colin Kâzım-Richards,Normal
5646,28,49,Coritiba,Juan Maldonado Jaimez Júnior,Normal
5647,29,84,Athletico-Pr,Pablo Felipe Teixeira,Normal
5647,29,19,Chapecoense,Filipe Machado,Normal
5647,29,88,Athletico-Pr,Matheus Rossetto,Normal
5647,29,42,Athletico-Pr,Hernani Azevedo Junior,Pênalti
5648,29,53,Gremio,Jailson Marques Siqueira,Normal
5650,29,80,Santos,Ricardo Oliveira,Normal
5650,29,64,Fluminense,Wellington Do Nascimento Silva,Normal
5650,29,48,Santos,Jonathan Copete,Normal
5651,29,,Sao Paulo,Thiago Henrique Mendes Ribeiro,Normal
5651,29,43,Sport,Diego Souza,Normal
5652,29,87,Internacional,Victor Vinícius Coelho Santos,Pênalti
5653,29,12,Cruzeiro,Ramón Ábila,Normal
5653,29,81,Cruzeiro,Róbson Michael Signorini,Normal
5654,29,6,Flamengo,Felipe Vizeu,Normal
5654,29,87,Flamengo,Marcelo Cirino Da Silva,Normal
5654,29,57,Flamengo,,Normal
5655,29,88,Palmeiras,Alecsandro,Normal
5655,29,3,Palmeiras,Danilo Neves,Normal
5656,29,92,Botafogo-Rj,Bruno César Pereira Da Silva,Normal
5657,30,90,Chapecoense,Everton Kempes Dos Santos Gonçalves,Normal
5657,30,57,Chapecoense,Ananias Elói Castro Monteiro,Normal
5657,30,90,Chapecoense,Everton Kempes Dos Santos Gonçalves,Normal
5657,30,44,Chapecoense,Thiego,Normal
5659,30,,Corinthians,Guilherme Milhomem Gusmão,Normal
5659,30,30,Santa  Cruz,Grafite,Normal
5659,30,81,Santa Cruz,Keno,Normal
5659,30,92,Corinthians,Lucca Borges De Brito,Normal
5659,30,92,Corinthians,Lucca Borges De Brito,Normal
5659,30,38,Corinthians,Guilherme Milhomem Gusmão,Normal
5659,30,48,Corinthians,Jonathan Marlone,Normal
5660,30,85,Botafogo-Rj,Luiz  Ricardo  Alves,Pênalti
5662,30,24,Ponte Preta,Rhayner,Normal
5662,30,37,Ponte Preta,Wendel  Geraldo  Maurício  E  Silva,Normal
5663,30,,Atletico-Mg,Fred,Normal
5663,30,65,Atletico-Mg,Carlos Cã©Sar Neves,Normal
5663,30,,Atletico-Mg,Lucas Pratto,Normal
5664,30,12,Flamengo,William Matheus,Contra
5664,30,47,Fluminense,Marcos Júnior,Normal
5664,30,54,Flamengo,Luiz Fernando Pereira Da Silva,Normal
5665,30,,Santos,Jonathan Copete,Normal
5666,30,,Gremio,Pedro Rocha Neves,Normal
5667,31,5,Botafogo-Rj,Bruno César Pereira Da Silva,Normal
5667,31,35,Botafogo-Rj,Rodrigo Pimpão,Normal
5667,31,70,Atletico-Mg,Leonardo Silva,Normal
5667,31,,Atletico-Mg,Fred,Normal
5667,31,91,Botafogo-Rj,Dudu Cearense,Normal
5669,31,68,Athletico-Pr,Pablo Felipe Teixeira,Normal
5669,31,20,Athletico-Pr,Matheus Rossetto,Normal
5670,31,66,Internacional,Eduardo Sasha,Normal
5670,31,57,Flamengo,Réver,Normal
5670,31,81,Internacional,Victor Vinícius Coelho Santos,Normal
5671,31,84,Palmeiras,Jean Raphael Vanderlei Moreira,Normal
5671,31,57,Palmeiras,Jean Raphael Vanderlei Moreira,Pênalti
5671,31,86,Figueirense,Rafael  Silva  Dos  Santos,Normal
5672,31,39,Corinthians,Rodrigo Eduardo Costa Marinho,Normal
5672,31,17,Corinthians,Ángel Romero,Normal
5673,31,51,Ponte Preta,Roger Rodrigues Da Silva,Normal
5673,31,74,Ponte Preta,William Pottker,Normal
5673,31,70,Ponte Preta,Maycon De Andrade Barberan,Normal
5674,31,21,Santos,Fabián Noguera,Normal
5674,31,10,Gremio,Everton Sousa Soares,Normal
5675,31,6,Sport,Diego Souza,Normal
5676,31,31,Fluminense,Wellington Alves Da Silva,Pênalti
5676,31,81,Sao Paulo,Rodrigo Caio,Normal
5676,31,72,Sao  Paulo,Thiago Henrique Mendes Ribeiro,Normal
5677,32,87,Botafogo-Rj,Rodrigo Pimpão,Normal
5678,32,82,Sao Paulo,David Neres Campos,Normal
5678,32,11,Sao Paulo,Christian Cueva,Pênalti
5679,32,59,Flamengo,,Normal
5679,32,6,Corinthians,Guilherme Milhomem Gusmão,Normal
5679,32,15,Flamengo,Paolo Guerrero,Normal
5679,32,46,Corinthians,Rodrigo Eduardo Costa Marinho,Normal
5680,32,40,Cruzeiro,Ariel Cabral,Normal
5680,32,40,Cruzeiro,Ariel Cabral,Normal
5681,32,21,Palmeiras,Eduardo Pereira Rodrigues,Normal
5681,32,46,Palmeiras,,Normal
5681,32,32,Sport,José Rogério De Oliveira Melo,Normal
5683,32,64,Coritiba,Leandro,Normal
5683,32,15,Fluminense,Gum,Normal
5684,32,90,Atletico-Mg,Fred,Normal
5684,32,88,Atletico-Mg,Júnior Urso,Normal
5684,32,,Atletico-Mg,Rómulo Otero,Normal
5685,32,,Santos,Lucas Rafael Araújo Lima,Normal
5686,32,85,America-Mg,Éder Lima Dos Santos,Normal
5687,33,54,Sport,José Rogério De Oliveira Melo,Normal
5688,33,88,Vitoria,Mário Sérgio Santos Costa,Normal
5688,33,,Fluminense,Cícero Santos,Normal
5688,33,31,Vitoria,Marcelo Machado Dos Santos,Normal
5688,33,37,Fluminense,Richarlison,Pênalti
5689,33,82,Atletico-Mg,Robinho,Normal
5689,33,87,Atletico-Mg,Lucas Pratto,Normal
5689,33,90,Flamengo,Paolo Guerrero,Normal
5689,33,33,Flamengo,Diego Ribas,Normal
5690,33,14,Athletico-Pr,Manoel Messias Silva Carvalho,Contra
5690,33,14,Athletico-Pr,Manoel Messias Silva Carvalho,Contra
5691,33,84,Chapecoense,Bruno Rangel,Normal
5691,33,74,Corinthians,Giovanni Augusto,Pênalti
5693,33,,Santa Cruz,Léo Moura,Normal
5693,33,7,Internacional,,Normal
5695,33,67,Santos,Jonathan Copete,Normal
5696,33,27,America-Mg,Michael Vinicius Silva De Morais,Normal
5698,34,67,Sao Paulo,Andrés Chávez,Normal
5698,34,61,Sao Paulo,David Neres Campos,Normal
5698,34,14,Sao Paulo,Christian Cueva,Pênalti
5698,34,93,Sao Paulo,Luiz Araújo,Normal
5698,34,67,Sao Paulo,Andrés Chávez,Normal
5699,34,22,Ponte Preta,William Pottker,Pênalti
5699,34,,Santos,Ricardo Oliveira,Normal
5699,34,89,Santos,Jonathan Copete,Normal
5700,34,33,Santa Cruz,Léo Moura,Normal
5701,34,51,Cruzeiro,Alisson Euler De Freitas Castro,Normal
5701,34,26,Cruzeiro,Rafael Sóbis,Normal
5701,34,9,Fluminense,Richarlison,Normal
5701,34,93,Fluminense,Ramón Ábila,Contra
5701,34,26,Cruzeiro,Rafael Sóbis,Normal
5701,34,45,Cruzeiro,Willian Gomes De Siqueira,Normal
5701,34,46,Cruzeiro,Giorgian De Arrascaeta,Normal
5702,34,17,Palmeiras,Cleiton Xavier,Normal
5703,34,43,Athletico-Pr,,Normal
5703,34,43,Athletico-Pr,,Normal
5703,34,30,Athletico-Pr,Pablo Felipe Teixeira,Normal
5703,34,82,Vitoria,Mário Sérgio Santos Costa,Normal
5703,34,69,Vitoria,David Corrêa Da Fonseca,Normal
5703,34,5,Vitoria,Mário Sérgio Santos Costa,Normal
5704,34,93,Coritiba,-,Normal
5704,34,53,Coritiba,Raphael Cavalcante Veiga,Normal
5705,34,76,Chapecoense,Everton Kempes Dos Santos Gonçalves,Normal
5706,34,45,Sport,Diego Souza,Normal
5706,34,90,Sport,Diego Souza,Normal
5706,34,47,Sport,José Rogério De Oliveira Melo,Normal
5707,35,62,Athletico-Pr,Hernani Azevedo Junior,Pênalti
5707,35,29,Fluminense,Cícero Santos,Normal
5708,35,65,Chapecoense,Sérgio Manoel Barbosa Santos,Normal
5708,35,33,Chapecoense,Everton Kempes Dos Santos Gonçalves,Normal
5709,35,,Coritiba,Leandro,Normal
5710,35,43,Cruzeiro,Henrique Pacheco Lima,Normal
5711,35,33,Flamengo,Éverton Cardoso Da Silva,Normal
5712,35,93,Figueirense,Rafael Moura,Normal
5712,35,44,Corinthians,Guilherme Camacho,Normal
5713,35,84,Santos,Jonathan Copete,Normal
5713,35,93,Vitoria,Serginho,Normal
5713,35,68,Santos,Ricardo Oliveira,Pênalti
5713,35,35,Santos,Jonathan Copete,Normal
5713,35,84,Santos,Jonathan Copete,Normal
5713,35,62,Vitoria,-,Pênalti
5713,35,93,Vitoria,Serginho,Normal
5714,35,66,Gremio,Ramiro Moschen Benetti,Normal
5714,35,12,Sao Paulo,Andrés Chávez,Normal
5715,35,13,Internacional,Valdívia,Normal
5715,35,,Ponte Preta,Antonio Carlos Capocasali,Normal
5716,35,27,Palmeiras,Gabriel Jesus,Normal
5716,35,59,Atletico-Mg,Lucas Pratto,Normal
5717,36,,Vitoria,Mário Sérgio Santos Costa,Normal
5717,36,,Vitoria,Kieza,Normal
5717,36,46,Vitoria,Zé Love,Normal
5717,36,23,Vitoria,Willian Farias,Normal
5718,36,62,Santos,Ricardo Oliveira,Pênalti
5718,36,48,Santos,,Normal
5718,36,22,Cruzeiro,Giorgian De Arrascaeta,Normal
5718,36,62,Santos,Ricardo Oliveira,Pênalti
5718,36,,Cruzeiro,Manoel Messias Silva Carvalho,Normal
5719,36,63,Palmeiras,Eduardo Pereira Rodrigues,Normal
5720,36,22,Athletico-Pr,André Lima,Normal
5720,36,35,Athletico-Pr,Thiago Heleno,Pênalti
5721,36,11,Gremio,Fred,Normal
5721,36,25,Gremio,Negueba,Normal
5721,36,65,Gremio,Miller Bolaños,Normal
5722,36,42,Ponte Preta,N/A,Normal
5723,36,88,Coritiba,Kléber,Normal
5723,36,2,Flamengo,Gabriel Santana,Normal
5723,36,2,Flamengo,Gabriel Santana,Normal
5723,36,43,Coritiba,Willian José De Souza,Normal
5723,36,29,Flamengo,,Normal
5723,36,2,Flamengo,Gabriel Santana,Normal
5724,36,46,Chapecoense,Tiaguinho,Normal
5724,36,39,Chapecoense,Dener  Assunção  Braz,Normal
5725,36,80,Atletico-Mg,Hyuri,Normal
5725,36,59,Santa Cruz,Cícero Vítor Dos Santos Júnior,Normal
5725,36,55,Atletico-Mg,Clayton Da Silveira Da Silva,Normal
5725,36,6,Atletico-Mg,Fred,Normal
5725,36,14,Santa Cruz,Grafite,Pênalti
5725,36,31,Santa Cruz,Keno,Normal
5725,36,14,Santa Cruz,Grafite,Pênalti
5726,36,56,Corinthians,Jonathan Marlone,Pênalti
5727,37,53,America-Mg,,Normal
5727,37,12,Sport,Rodney Wallace,Normal
5727,37,,America-Mg,Michael Vinicius Silva De Morais,Normal
5727,37,80,Sport,Ronaldo Alves,Normal
5727,37,,America-Mg,Michael Vinicius Silva De Morais,Normal
5728,37,17,Botafogo-Rj,Luiz Ricardo Alves,Normal
5728,37,66,Ponte Preta,William Pottker,Normal
5730,37,25,Sao Paulo,Maicon Pereira Roque,Normal
5730,37,25,Sao Paulo,Maicon Pereira Roque,Normal
5730,37,91,Sao Paulo,Gilberto Oliveira Souza Junior,Normal
5730,37,23,Atletico-Mg,Hyuri,Normal
5731,37,26,Palmeiras,Fabiano,Normal
5732,37,87,Flamengo,Diego Ribas,Normal
5732,37,5,Flamengo,,Normal
5733,37,75,Internacional,Valdívia,Normal
5734,37,,Figueirense,Marcos Roberto Da Silva Barbosa,Normal
5735,37,86,Santa Cruz,Roberto Heuchayer,Normal
5735,37,86,Santa Cruz,Roberto Heuchayer,Normal
5735,37,88,Santa Cruz,Grafite,Normal
5735,37,61,Santa Cruz,Léo Moura,Normal
5735,37,49,Santa Cruz,Grafite,Normal
5735,37,90,Santa Cruz,Arthur Caike Do Nascimento Cruz,Normal
5735,37,53,Gremio,Miller Bolaños,Normal
5736,37,11,Vitoria,Mário Sérgio Santos Costa,Normal
5736,37,11,Vitoria,Mário Sérgio Santos Costa,Normal
5737,38,49,Santos,Ricardo Oliveira,Normal
5738,38,72,Fluminense,Douglas Augusto Soares Gomes,Normal
5738,38,88,Internacional,Gustavo Ferrareis,Normal
5739,38,17,Botafogo-Rj,Bruno César Pereira Da Silva,Normal
5740,38,1,Sao Paulo,David Neres Campos,Normal
5740,38,73,Sao Paulo,Andrés Chávez,Normal
5740,38,58,Sao Paulo,Andrés Chávez,Normal
5740,38,82,Sao Paulo,Luiz Araújo,Normal
5740,38,30,Sao Paulo,Gilberto Oliveira Souza Junior,Normal
5741,38,,Corinthians,,Normal
5741,38,59,Cruzeiro,Róbson Michael Signorini,Normal
5741,38,24,Cruzeiro,Giorgian De Arrascaeta,Normal
5741,38,57,Cruzeiro,Ezequiel,Normal
5741,38,8,Corinthians,Guilherme Milhomem Gusmão,Normal
5742,38,47,Sport,Josã© Rogã©Rio De Oliveira Melo,Normal
5742,38,89,Sport,Diego Souza,Normal
5744,38,46,Palmeiras,,Normal
5744,38,16,Palmeiras,Gabriel Girotto Franco,Normal
5744,38,13,Vitoria,Mário Sérgio Santos Costa,Normal
5745,38,65,Ponte Preta,Ravanelli Ferreira Dos Santos,Normal
5745,38,60,Ponte Preta,William Pottker,Pênalti
5746,1,59,Atletico-Mg,Elias Mendes Trindade,Normal
5746,1,24,Flamengo,Matheus Sã¡Vio,Normal
5747,1,56,Chapecoense,Wellington Paulista,Normal
5747,1,,Corinthians,Jô,Normal
5748,1,4,Fluminense,Henrique Dourado,Normal
5748,1,58,Fluminense,Junior Sornoza,Normal
5748,1,48,Fluminense,Henrique Dourado,Pênalti
5748,1,58,Fluminense,Junior Sornoza,Normal
5748,1,39,Santos,Victor Ferraz,Normal
5748,1,87,Santos,Vladimir Hernã¡Ndez,Normal
5749,1,48,Cruzeiro,Ramón Ábila,Normal
5750,1,47,Bahia,,Normal
5750,1,44,Bahia,Edigar Junio,Normal
5750,1,15,Athletico-Pr,Guilherme Milhomem Gusmão,Normal
5750,1,40,Bahia,José Rafael Vivian,Normal
5750,1,42,Bahia,Régis,Normal
5750,1,72,Bahia,Edson Felipe Da Cruz,Normal
5750,1,33,Bahia,Tiago Pagnussat,Normal
5750,1,38,Athletico-Pr,Marcos Do Nascimento Teixeira,Normal
5751,1,73,Ponte Preta,Clayson Henrique Da Silva Vieira,Pênalti
5751,1,45,Ponte Preta,Nino Paraíba,Normal
5751,1,92,Ponte Preta,Clayson Henrique Da Silva Vieira,Normal
5751,1,40,Ponte Preta,Lucca Borges De Brito,Normal
5753,1,41,Palmeiras,Alejandro Guerra,Normal
5753,1,6,Palmeiras,Jean Raphael Vanderlei Moreira,Pênalti
5753,1,6,Palmeiras,Jean Raphael Vanderlei Moreira,Pênalti
5753,1,80,Palmeiras,Miguel Borja,Pênalti
5753,1,46,Palmeiras,Miguel Borja,Normal
5754,1,46,Gremio,Ramiro Moschen Benetti,Normal
5754,1,54,Gremio,Ramiro Moschen Benetti,Normal
5755,1,66,Coritiba,Tomas Almino Da Silva Bastos,Normal
5755,1,32,Coritiba,Henrique  Almeida,Normal
5755,1,,Coritiba,Tomas Almino Da Silva Bastos,Normal
5755,1,63,Atletico-Go,Walter Henrique Da Silva,Normal
5755,1,35,Coritiba,Neto Berola,Normal
5756,2,7,Santos,David Braz,Normal
5757,2,40,Flamengo,Éverton Cardoso Da Silva,Normal
5757,2,64,Flamengo,Rodinei De Almeida,Normal
5757,2,50,Flamengo,Leandro Damião,Normal
5758,2,73,Chapecoense,,Normal
5759,2,54,Vasco,Yago Pikachu,Normal
5759,2,75,Vasco,Luís Fabiano,Normal
5759,2,83,Bahia,Gustavo,Normal
5760,2,46,Gremio,Luan Guilherme De Jesus Vieira,Normal
5760,2,59,Gremio,Lucas Barrios,Normal
5761,2,75,Corinthians,Jô,Normal
5762,2,38,Fluminense,Richarlison,Normal
5762,2,40,Atletico-Mg,Gabriel Costa França,Normal
5762,2,40,Atletico-Mg,Gabriel Costa França,Normal
5762,2,36,Fluminense,,Pênalti
5763,2,65,Botafogo-Rj,Rodrigo Lindoso,Normal
5763,2,21,Botafogo-Rj,Bruno César Pereira Da Silva,Normal
5764,2,34,Sport,Diego Souza,Pênalti
5764,2,20,Cruzeiro,,Normal
5765,2,91,Sao Paulo,Luiz Araãºjo,Normal
5765,2,11,Sao Paulo,,Normal
5766,3,59,Fluminense,-,Pênalti
5766,3,65,Fluminense,Henrique Dourado,Pênalti
5766,3,26,Vasco,Luís Fabiano,Normal
5766,3,93,Vasco,Nenê,Normal
5766,3,75,Vasco,Andrés Escobar,Normal
5767,3,83,Sao Paulo,Luiz Araújo,Normal
5767,3,,Sao Paulo,Lucas Pratto,Normal
5768,3,71,Coritiba,Rildo De Andrade Felicissimo,Normal
5769,3,36,Atletico-Mg,,Normal
5769,3,48,Ponte Preta,Lucca Borges De Brito,Normal
5769,3,80,Atletico-Mg,Rafael Moura,Normal
5769,3,,Ponte  Preta,Lucca Borges De Brito,Normal
5770,3,,Flamengo,Federico Mancuello,Normal
5770,3,56,Athletico-Pr,Thiago Heleno,Normal
5771,3,83,Cruzeiro,Thiago Neves,Normal
5772,3,27,Corinthians,Rodrigo Eduardo Costa Marinho,Normal
5773,3,5,Gremio,Luiz Fernando Pereira Da Silva,Normal
5773,3,34,Sport,André Felipe Ribeiro De Souza,Normal
5773,3,74,Sport,André  Felipe  Ribeiro  De  Souza,Normal
5773,3,74,Sport,André  Felipe  Ribeiro  De  Souza,Normal
5773,3,64,Sport,,Normal
5773,3,84,Sport,,Normal
5773,3,87,Gremio,Luiz Fernando Pereira Da Silva,Pênalti
5773,3,17,Gremio,Rafael Thyere De Albuquerque Marques,Normal
5774,3,44,Botafogo-Rj,Bruno César Pereira Da Silva,Normal
5775,3,17,Chapecoense,Wellington Paulista,Normal
5775,3,38,Chapecoense,Reinaldo Manoel Da Silva,Normal
5776,4,61,Coritiba,Marcio,Normal
5777,4,65,Vitoria,,Normal
5777,4,49,Fluminense,-,Normal
5777,4,32,Fluminense,Richarlison,Normal
5778,4,69,Corinthians,Ángel Romero,Normal
5778,4,75,Corinthians,Jô,Normal
5780,4,,Avai,Rômulo,Normal
5782,4,51,Ponte Preta,Lucca Borges De Brito,Normal
5782,4,51,Ponte Preta,Lucca Borges De Brito,Normal
5783,4,38,Gremio,Lucas Barrios,Pênalti
5783,4,93,Gremio,Luan Guilherme De Jesus Vieira,Normal
5784,4,47,Chapecoense,Douglas Grolli,Normal
5784,4,27,Chapecoense,,Normal
5785,4,73,Bahia,Gustavo Ferrareis,Normal
5785,4,41,Bahia,Vinícius,Normal
5785,4,16,Bahia,,Normal
5786,5,8,Athletico-Pr,Pablo Felipe Teixeira,Normal
5786,5,33,Fluminense,Reginaldo Manoel Da Silva Junior,Normal
5787,5,16,Atletico-Mg,Fred,Normal
5788,5,51,Coritiba,,Normal
5789,5,,Santos,Victor Ferraz,Normal
5790,5,46,Vasco,Luís Fabiano,Normal
5790,5,,Corinthians,Clayton Da Silveira Da Silva,Normal
5790,5,39,Corinthians,Jô,Normal
5790,5,84,Corinthians,Clayton Da Silveira Da Silva,Normal
5790,5,48,Vasco,Luís Fabiano,Normal
5790,5,58,Corinthians,Maycon De Andrade Barberan,Normal
5790,5,3,Corinthians,Marquinhos,Normal
5791,5,84,Sport,Thomás Jaguaribe Bedinelli,Normal
5791,5,56,Sport,Osvaldo Filho,Normal
5792,5,77,Atletico-Go,Luiz Fernando Moraes Dos Santos,Normal
5792,5,45,Atletico-Go,Everaldo Stum,Pênalti
5792,5,37,Atletico-Go,Everaldo Stum,Normal
5793,5,93,Sao Paulo,Lucas Pratto,Normal
5793,5,64,Sao Paulo,Antonio Thomaz Santos De Barros,Normal
5794,5,73,Chapecoense,,Pênalti
5794,5,34,Chapecoense,Luiz Antônio De Souza Soares,Normal
5794,5,21,Gremio,Michel Ferreira Dos Santos,Normal
5794,5,91,Gremio,,Normal
5794,5,61,Gremio,Everton Sousa Soares,Normal
5794,5,81,Gremio,Everton Sousa Soares,Normal
5794,5,90,Chapecoense,Arthur Caike Do Nascimento Cruz,Normal
5794,5,,Gremio,Michel Ferreira Dos Santos,Normal
5794,5,60,Gremio,Everton Sousa Soares,Normal
5795,5,18,Bahia,Edigar Junio,Normal
5796,6,94,Palmeiras,Róger Guedes,Normal
5796,6,41,Palmeiras,Keno,Normal
5796,6,18,Fluminense,Henrique Dourado,Normal
5796,6,10,Palmeiras,Alejandro Guerra,Normal
5797,6,94,Sport,Andrã© Felipe Ribeiro De Souza,Pênalti
5797,6,91,Vasco,Douglas Luiz,Normal
5797,6,63,Vasco,Luís Fabiano,Normal
5798,6,66,Botafogo-Rj,Nan,Normal
5798,6,66,Botafogo-Rj,,Normal
5798,6,23,Botafogo-Rj,Roger Rodrigues Da Silva,Normal
5798,6,7,Coritiba,,Pênalti
5798,6,55,Coritiba,Henrique Almeida,Pênalti
5799,6,73,Chapecoense,Rossicley Pereira Da Silva,Normal
5799,6,71,Chapecoense,Osman,Normal
5799,6,26,Ponte Preta,Lucca Borges De Brito,Normal
5799,6,73,Chapecoense,Rossicley Pereira Da Silva,Normal
5799,6,16,Ponte Preta,Renato Cajá,Normal
5799,6,61,Ponte Preta,Marinaldo Dos Santos Oliveira,Normal
5800,6,61,Flamengo,Leandro Damião,Normal
5800,6,56,Avai,Rômulo,Normal
5801,6,20,Vitoria,Kieza,Pênalti
5801,6,65,Vitoria,,Normal
5802,6,,Sao Paulo,Wellington Nem,Normal
5802,6,,Corinthians,Ángel Romero,Normal
5802,6,,Corinthians,Gabriel Girotto Franco,Normal
5802,6,63,Corinthians,,Normal
5802,6,18,Sao Paulo,Gilberto Oliveira Souza Junior,Normal
5803,6,,Cruzeiro,Ramón Ábila,Normal
5803,6,62,Cruzeiro,Ramón Ábila,Normal
5804,6,36,Santos,Kayke Moreno,Normal
5804,6,27,Santos,Kayke Moreno,Normal
5805,6,86,Gremio,Bruno Cortês,Normal
5806,7,90,Athletico-Pr,Sidcley  Ferreira  Pereira,Normal
5807,7,48,Atletico-Go,Everaldo Stum,Pênalti
5807,7,92,Atletico-Go,Everaldo Stum,Pênalti
5807,7,17,Atletico-Go,Jorginho,Normal
5807,7,25,Avai,Juan Maldonado Jaimez Júnior,Normal
5808,7,50,Vitoria,Gabriel Xavier,Normal
5808,7,42,Botafogo-Rj,,Normal
5808,7,76,Vitoria,Kieza,Normal
5808,7,30,Botafogo-Rj,Bruno César Pereira Da Silva,Normal
5810,7,59,Flamengo,Leandro Damião,Normal
5810,7,48,Flamengo,Réver,Normal
5810,7,48,Flamengo,Réver,Normal
5811,7,51,Santos,Kayke Moreno,Normal
5812,7,61,Chapecoense,Arthur Caike Do Nascimento Cruz,Normal
5812,7,41,Vasco,Jean Carlos De Souza Irmer,Normal
5812,7,29,Chapecoense,Andrei Girotto,Normal
5813,7,43,Corinthians,Fabián Balbuena,Normal
5813,7,43,Corinthians,Fabián Balbuena,Normal
5815,7,8,Gremio,Edílson Mendes Guimarães,Normal
5815,7,80,Gremio,Luan Guilherme De Jesus Vieira,Normal
5815,7,8,Gremio,Edílson Mendes Guimarães,Normal
5816,8,,Athletico-Pr,Sidcley Ferreira Pereira,Normal
5817,8,20,Vasco,,Normal
5820,8,18,Palmeiras,Róger Guedes,Pênalti
5820,8,48,Palmeiras,Keno,Normal
5820,8,45,Bahia,Vinícius,Normal
5820,8,92,Palmeiras,Willian Gomes De Siqueira,Normal
5820,8,84,Bahia,João Paulo,Normal
5820,8,92,Palmeiras,Willian Gomes De Siqueira,Normal
5820,8,82,Palmeiras,,Normal
5821,8,95,Flamengo,,Normal
5821,8,36,Fluminense,Wendel,Normal
5821,8,55,Flamengo,Diego Ribas,Normal
5821,8,81,Fluminense,Henrique Dourado,Pênalti
5822,8,29,Botafogo-Rj,Roger Rodrigues Da Silva,Normal
5822,8,54,Botafogo-Rj,Rodrigo Pimpão,Normal
5823,8,8,Atletico-Mg,Juan Cazares,Normal
5823,8,81,Atletico-Mg,Rafael Moura,Normal
5823,8,8,Atletico-Mg,Juan Cazares,Normal
5823,8,46,Sao Paulo,Marcio Antonio De Sousa Junior,Normal
5824,8,38,Vitoria,Antônio Eduardo Pereira Dos Santos,Normal
5824,8,79,Vitoria,-,Normal
5824,8,,Vitoria,-,Normal
5824,8,46,Sport,Diego Souza,Normal
5825,8,16,Gremio,Everton Sousa Soares,Normal
5825,8,46,Cruzeiro,,Normal
5825,8,48,Cruzeiro,Rafael Sóbis,Normal
5825,8,60,Gremio,Ramiro Moschen Benetti,Normal
5825,8,63,Cruzeiro,Róbson Michael Signorini,Normal
5825,8,16,Gremio,Everton Sousa Soares,Normal
5825,8,42,Gremio,Michel Ferreira Dos Santos,Normal
5826,9,77,Santos,Jonathan Copete,Normal
5826,9,,Santos,Jonathan Copete,Normal
5827,9,46,Palmeiras,Miguel  Borja,Normal
5828,9,61,Botafogo-Rj,Roger Rodrigues Da Silva,Normal
5828,9,84,Vasco,Caio  Monteiro,Normal
5828,9,50,Botafogo-Rj,Victor Luis,Normal
5828,9,5,Botafogo-Rj,Roger Rodrigues Da Silva,Normal
5829,9,,Fluminense,Henrique Dourado,Normal
5829,9,59,Fluminense,Matheus Mascarenhas,Normal
5829,9,33,Fluminense,Maicon,Contra
5830,9,,Athletico-Pr,Wanderson,Normal
5831,9,16,Sport,Osvaldo Filho,Normal
5831,9,64,Sport,Diego Souza,Pênalti
5831,9,39,Atletico-Mg,Fred,Normal
5831,9,21,Atletico-Mg,Felipe Santana,Normal
5832,9,,Corinthians,Jô,Normal
5832,9,,Corinthians,Fabián Balbuena,Normal
5832,9,93,Corinthians,Marquinhos,Normal
5833,9,37,Ponte Preta,Lucca Borges De Brito,Pênalti
5834,9,10,Gremio,Pedro Rocha Neves,Normal
5834,9,85,Gremio,Luiz Fernando Pereira Da Silva,Normal
5835,9,56,Chapecoense,Victor Ramos,Normal
5835,9,79,Flamengo,Diego Ribas,Normal
5835,9,82,Flamengo,Paolo Guerrero,Normal
5835,9,14,Flamengo,,Normal
5835,9,19,Flamengo,Paolo Guerrero,Normal
5835,9,75,Flamengo,Paolo Guerrero,Normal
5836,10,81,Sport,Osvaldo Filho,Normal
5837,10,28,Vasco,,Normal
5838,10,52,Corinthians,Jadson,Normal
5839,10,51,Fluminense,Wendel,Normal
5839,10,7,Sao Paulo,,Normal
5839,10,51,Fluminense,Wendel,Normal
5840,10,,Athletico-Pr,Éderson Alves Ribeiro Silva,Normal
5840,10,,Athletico-Pr,Éderson Alves Ribeiro Silva,Normal
5840,10,43,Athletico-Pr,Wanderson,Normal
5840,10,54,Athletico-Pr,,Normal
5840,10,17,Vitoria,,Normal
5840,10,81,Athletico-Pr,Matheus Rossetto,Normal
5841,10,38,Cruzeiro,,Normal
5841,10,65,Cruzeiro,,Normal
5842,10,40,Ponte Preta,Lucca Borges De Brito,Normal
5842,10,,Palmeiras,Alejandro Guerra,Normal
5842,10,45,Palmeiras,-,Normal
5843,10,,Flamengo,Orlando Berrío,Normal
5844,10,11,Atletico-Mg,Jonathan Marlone,Normal
5845,10,17,Avai,Joel Tagueu,Normal
5845,10,,Avai,Joel Tagueu,Normal
5846,11,78,Palmeiras,Machado,Contra
5847,11,68,Santos,Thiago Maia,Normal
5847,11,11,Atletico-Go,Andrigo,Normal
5848,11,76,Sport,,Pênalti
5848,11,76,Sport,,Pênalti
5850,11,79,Atletico-Mg,Fred,Normal
5850,11,50,Atletico-Mg,Fred,Normal
5850,11,6,Cruzeiro,Thiago Neves,Normal
5850,11,48,Atletico-Mg,Juan Cazares,Normal
5851,11,38,Flamengo,Paolo Guerrero,Normal
5851,11,,Flamengo,Diego Ribas,Normal
5852,11,79,Corinthians,,Normal
5854,11,21,Vasco,Thalles Lima De Conceição Penha,Normal
5854,11,88,Coritiba,Kléber,Normal
5854,11,67,Coritiba,Klã©Ber,Normal
5854,11,91,Vasco,Wagner Ferreira Dos Santos,Normal
5855,11,82,Chapecoense,Arthur Caike Do Nascimento Cruz,Normal
5855,11,2,Fluminense,Richarlison,Normal
5855,11,42,Chapecoense,Arthur Caike Do Nascimento Cruz,Normal
5855,11,93,Fluminense,Marcos Júnior,Normal
5855,11,13,Chapecoense,Rossicley Pereira Da Silva,Normal
5855,11,,Fluminense,Pedro,Normal
5856,12,88,Vitoria,Uillian Correia,Normal
5856,12,69,Atletico-Go,Andrigo,Normal
5856,12,37,Vitoria,André Lima,Normal
5857,12,64,Flamengo,Éverton Cardoso Da Silva,Normal
5858,12,46,Corinthians,Jadson,Normal
5858,12,,Corinthians,Jô,Normal
5859,12,17,Chapecoense,Lucas Marques,Normal
5859,12,,Athletico-Pr,Sidcley Ferreira Pereira,Normal
5859,12,,Athletico-Pr,Sidcley Ferreira Pereira,Normal
5860,12,84,Bahia,João Paulo,Normal
5860,12,12,Fluminense,Wellington Alves Da Silva,Normal
5861,12,85,Avai,Junior Dutra,Normal
5861,12,73,Avai,Wellington Simião,Normal
5861,12,85,Avai,Junior Dutra,Normal
5862,12,62,Palmeiras,Willian Gomes De Siqueira,Normal
5862,12,92,Cruzeiro,,Normal
5862,12,92,Cruzeiro,,Normal
5862,12,32,Cruzeiro,Thiago Neves,Normal
5862,12,42,Cruzeiro,Hudson,Normal
5863,12,87,Sao Paulo,Robert Arboleda,Normal
5863,12,75,Sao Paulo,Shaylon,Normal
5863,12,67,Santos,Jonathan Copete,Normal
5863,12,44,Santos,Jonathan Copete,Normal
5863,12,54,Santos,Jonathan Copete,Normal
5864,12,22,Atletico-Mg,Jonathan Marlone,Normal
5864,12,93,Botafogo-Rj,Roger Rodrigues Da Silva,Normal
5865,12,92,Sport,Walisson,Contra
5865,12,85,Sport,José Rogério De Oliveira Melo,Normal
5865,12,18,Sport,Eugenio Mena,Normal
5866,13,4,Bahia,Rodrigão,Normal
5866,13,85,Bahia,Renãª Jãºnior,Normal
5866,13,54,Bahia,Rodrigão,Normal
5867,13,93,Santos,,Normal
5867,13,93,Santos,,Normal
5868,13,39,Botafogo-Rj,Roger Rodrigues Da Silva,Normal
5869,13,23,Corinthians,Jadson,Normal
5869,13,65,Corinthians,Guilherme Arana,Normal
5870,13,86,Cruzeiro,Rafael Marques Mariano,Normal
5870,13,28,Cruzeiro,,Normal
5871,13,95,Vasco,Guilherme Costa Machado Silveira,Normal
5871,13,75,Vasco,Thalles Lima De Conceição Penha,Normal
5871,13,91,Vasco,Paulo Vitor Fernandes Pereira,Normal
5871,13,14,Vasco,Antã´Nio Eduardo Pereira Dos Santos,Contra
5871,13,70,Vitoria,Antônio Eduardo Pereira Dos Santos,Normal
5871,13,70,Vitoria,Antônio Eduardo Pereira Dos Santos,Normal
5872,13,,Sao Paulo,-,Normal
5872,13,86,Atletico-Go,Everaldo Stum,Normal
5872,13,84,Sao Paulo,Marcio Antonio De Sousa Junior,Normal
5872,13,66,Atletico-Go,Nilton Soares Rodrigues,Normal
5873,13,92,Sport,Diego Souza,Normal
5873,13,95,Sport,André Felipe Ribeiro De Souza,Normal
5873,13,,Sport,André Felipe Ribeiro De Souza,Normal
5874,13,26,Gremio,Luan Guilherme De Jesus Vieira,Normal
5875,13,93,Coritiba,Henrique Almeida,Normal
5875,13,19,Avai,Marquinhos Santos,Normal
5875,13,11,Coritiba,Kléber,Pênalti
5875,13,80,Coritiba,Rildo De Andrade Felicissimo,Normal
5875,13,20,Coritiba,Rildo De Andrade Felicissimo,Normal
5876,14,45,Corinthians,Jô,Normal
5876,14,,Corinthians,Jô,Normal
5876,14,82,Athletico-Pr,,Normal
5876,14,,Athletico-Pr,Jonathan Cícero Moreira,Normal
5877,14,37,Palmeiras,Róger Guedes,Normal
5877,14,10,Vitoria,Uillian Correia,Normal
5877,14,77,Palmeiras,Eduardo Pereira Rodrigues,Normal
5877,14,85,Vitoria,David Corrêa Da Fonseca,Normal
5877,14,46,Palmeiras,,Normal
5877,14,71,Palmeiras,Mayke,Normal
5879,14,57,Atletico-Mg,Fred,Normal
5879,14,26,Atletico-Go,Igor Henrique,Normal
5879,14,26,Atletico-Go,Igor Henrique,Normal
5879,14,73,Atletico-Mg,Elias Mendes Trindade,Normal
5880,14,62,Chapecoense,Túlio De Melo,Normal
5880,14,91,Chapecoense,Lucas Marques,Normal
5881,14,60,Cruzeiro,Luiz Ricardo Alves,Normal
5881,14,54,Flamengo,Éverton Cardoso Da Silva,Normal
5882,14,88,Gremio,Everton Sousa Soares,Normal
5882,14,35,Ponte Preta,Rafael Thyere De Albuquerque Marques,Contra
5882,14,71,Gremio,Lucas Barrios,Pênalti
5882,14,57,Gremio,Lucas Barrios,Normal
5883,14,75,Bahia,Renê Júnior,Normal
5883,14,,Avai,Junior Dutra,Normal
5884,14,32,Fluminense,Richarlison,Normal
5884,14,,Fluminense,Léo Pelé,Normal
5884,14,,Coritiba,Henrique Almeida,Normal
5885,14,9,Sport,Rithely,Normal
5885,14,70,Botafogo-Rj,,Normal
5885,14,2,Botafogo-Rj,Rodrigo Lindoso,Normal
5886,15,44,Gremio,Arthur,Normal
5886,15,58,Vitoria,David  Corrêa  Da  Fonseca,Normal
5886,15,,Gremio,Ramiro Moschen Benetti,Normal
5886,15,8,Gremio,-,Normal
5887,15,,Santos,Emiliano Vecchio,Normal
5889,15,60,Ponte Preta,Emerson Sheik,Normal
5889,15,15,Ponte Preta,,Normal
5889,15,83,Ponte Preta,,Normal
5889,15,87,Ponte Preta,Emerson Sheik,Normal
5889,15,60,Ponte Preta,Emerson Sheik,Normal
5890,15,88,Bahia,,Normal
5890,15,13,Bahia,Paulo Roberto Valoura Junior,Pênalti
5891,15,2,Sao Paulo,Lucas Pratto,Normal
5891,15,2,Sao Paulo,Lucas Pratto,Normal
5892,15,32,Palmeiras,Willian Gomes De Siqueira,Normal
5892,15,8,Flamengo,Marcos Rogã©Rio Ricci Lopes,Normal
5892,15,43,Palmeiras,Róger Guedes,Normal
5892,15,44,Flamengo,Paolo Guerrero,Normal
5893,15,36,Cruzeiro,Luiz  Ricardo  Alves,Normal
5893,15,,Fluminense,Richarlison,Pênalti
5893,15,,Fluminense,Richarlison,Pênalti
5893,15,36,Cruzeiro,Luiz  Ricardo  Alves,Normal
5894,15,19,Sport,Diego Souza,Normal
5894,15,41,Sport,André Felipe Ribeiro De Souza,Normal
5894,15,81,Sport,André Felipe Ribeiro De Souza,Normal
5894,15,19,Sport,Diego Souza,Normal
5894,15,81,Sport,André Felipe Ribeiro De Souza,Normal
5894,15,,Sport,Patrick,Normal
5896,16,28,Chapecoense,Reinaldo Manoel Da Silva,Pênalti
5896,16,64,Chapecoense,Lourency Do Nascimento Rodrigues,Normal
5896,16,,Vitoria,Neilton Mestzk,Pênalti
5897,16,7,Flamengo,Orlando Berrío,Normal
5897,16,46,Coritiba,Henrique Almeida,Normal
5897,16,91,Flamengo,Éverton Ribeiro,Pênalti
5898,16,46,Santos,Bruno Henrique,Normal
5898,16,29,Santos,Bruno Henrique,Normal
5898,16,76,Santos,Bruno Henrique,Normal
5899,16,,Avai,Junior Dutra,Normal
5900,16,48,Palmeiras,Keno,Normal
5900,16,35,Palmeiras,Bruno Henrique Corsini,Normal
5901,16,,Corinthians,Fabián  Balbuena,Normal
5902,16,51,Ponte Preta,Lucca Borges De Brito,Normal
5902,16,51,Ponte Preta,Lucca Borges De Brito,Normal
5902,16,93,Ponte Preta,Lucca Borges De Brito,Pênalti
5903,16,68,Botafogo-Rj,Vinícius Tanque,Normal
5903,16,76,Atletico-Go,Paulinho,Normal
5904,16,14,Vasco,,Normal
5904,16,,Atletico-Mg,Yago Henrique Severino Dos Santos,Normal
5904,16,68,Vasco,Paulinho,Normal
5905,16,19,Gremio,Pedro Rocha Neves,Normal
5905,16,64,Sao Paulo,Lucas Fernandes,Normal
5906,17,18,Botafogo-Rj,Marcos Vinícius De Jesus Araújo,Normal
5906,17,83,Sao Paulo,Marcos Guilherme,Normal
5906,17,85,Sao Paulo,Hernanes,Normal
5906,17,91,Sao Paulo,Marcos Guilherme,Normal
5906,17,68,Botafogo-Rj,Guilherme,Normal
5906,17,17,Sao Paulo,Christian Cueva,Normal
5906,17,24,Botafogo-Rj,Marcos Vinícius De Jesus Araújo,Normal
5906,17,68,Botafogo-Rj,Guilherme,Normal
5907,17,11,Palmeiras,Eduardo Pereira Rodrigues,Normal
5907,17,35,Palmeiras,Deyverson,Normal
5908,17,40,Chapecoense,Luiz Otávio Da Silva Santos,Normal
5908,17,,Atletico-Go,Gilvan,Normal
5908,17,68,Atletico-Go,Diego Rosa,Normal
5909,17,73,Atletico-Mg,,Normal
5909,17,,Atletico-Mg,Fábio Santos,Pênalti
5910,17,65,Sport,Ronaldo Alves,Normal
5910,17,18,Sport,Everton Felipe,Normal
5910,17,92,Sport,Reinaldo Lenis,Normal
5910,17,59,Bahia,Rodrigão,Normal
5911,17,71,Flamengo,,Normal
5911,17,22,Corinthians,Jô,Normal
5912,17,,Santos,David Braz,Normal
5912,17,,Gremio,Luiz Fernando Pereira Da Silva,Normal
5914,17,61,Athletico-Pr,Ribamar,Normal
5916,18,49,Sport,Patrick,Normal
5916,18,9,Fluminense,Gustavo Scarpa,Normal
5916,18,,Sport,André Felipe Ribeiro De Souza,Normal
5916,18,13,Fluminense,Renato De Araújo Chaves Júnior,Normal
5917,18,39,Bahia,Rodrigão,Normal
5917,18,39,Bahia,Rodrigão,Normal
5917,18,20,Chapecoense,Túlio De Melo,Normal
5918,18,83,Corinthians,Rodrigo Eduardo Costa Marinho,Normal
5918,18,83,Corinthians,Rodrigo Eduardo Costa Marinho,Normal
5918,18,31,Corinthians,Jô,Normal
5919,18,36,Vitoria,Santiago Tréllez,Normal
5919,18,13,Vitoria,,Normal
5919,18,49,Ponte Preta,Elton Junior Melo Ataíde,Normal
5919,18,2,Vitoria,Santiago Tréllez,Normal
5920,18,,Santos,Bruno Henrique,Normal
5920,18,56,Flamengo,Éverton Ribeiro,Normal
5920,18,67,Flamengo,Felipe Vizeu,Normal
5920,18,,Santos,Bruno Henrique,Normal
5920,18,67,Flamengo,Felipe Vizeu,Normal
5920,18,85,Santos,Alison Lopes Ferreira,Normal
5920,18,88,Santos,Ricardo Oliveira,Normal
5921,18,83,Gremio,Michel Ferreira Dos Santos,Normal
5922,18,,Palmeiras,Deyverson,Normal
5922,18,55,Botafogo-Rj,Rodrigo Pimpão,Normal
5922,18,,Palmeiras,Igor Rabello,Contra
5922,18,,Palmeiras,Deyverson,Normal
5923,18,34,Athletico-Pr,Guilherme Milhomem Gusmão,Normal
5923,18,58,Athletico-Pr,Capa,Contra
5923,18,78,Athletico-Pr,Eduardo Henrique,Normal
5923,18,56,Athletico-Pr,,Normal
5923,18,71,Athletico-Pr,Eduardo Henrique,Normal
5924,18,88,Sao Paulo,Denã­Lson Pereira Jãºnior,Normal
5924,18,57,Coritiba,Thiago Carleto,Normal
5924,18,67,Coritiba,Yilmar Filigrana,Normal
5925,18,88,Cruzeiro,Róbson Michael Signorini,Normal
5925,18,19,Cruzeiro,Luiz Ricardo Alves,Pênalti
5925,18,3,Cruzeiro,Thiago Neves,Normal
5926,19,46,Corinthians,Rodrigo Eduardo Costa Marinho,Normal
5926,19,9,Corinthians,Guilherme Arana,Normal
5926,19,66,Corinthians,Pedro Henrique Ribeiro Gonçalves,Normal
5926,19,83,Sport,Thallyson,Normal
5927,19,15,Fluminense,Wendel,Normal
5927,19,23,Atletico-Go,Paulinho,Normal
5927,19,58,Fluminense,Henrique Dourado,Normal
5927,19,33,Fluminense,Wellington Alves Da Silva,Normal
5928,19,,Vitoria,Neilton Mestzk,Pênalti
5928,19,45,Vitoria,Yago Rocha,Normal
5930,19,27,Gremio,Luiz Fernando Pereira Da Silva,Normal
5930,19,5,Gremio,Pedro Rocha Neves,Normal
5931,19,,Coritiba,Alecsandro,Normal
5931,19,43,Coritiba,,Normal
5932,19,,Athletico-Pr,Thiago Heleno,Normal
5933,19,43,Bahia,,Normal
5933,19,40,Bahia,Régis,Normal
5933,19,49,Sao Paulo,Hernanes,Pênalti
5936,20,63,Atletico-Go,Jorginho,Normal
5937,20,73,Avai,Junior Dutra,Normal
5938,20,51,Cruzeiro,Luiz Ricardo Alves,Normal
5938,20,82,Sao Paulo,Hernanes,Pênalti
5938,20,57,Cruzeiro,Luiz Ricardo Alves,Normal
5938,20,47,Sao Paulo,Hernanes,Normal
5938,20,71,Sao Paulo,Robert Arboleda,Normal
5940,20,54,Atletico-Mg,Rafael Moura,Normal
5940,20,16,Atletico-Mg,Fábio Santos,Pênalti
5941,20,77,Palmeiras,Alejandro Guerra,Normal
5941,20,,Vasco,Andrés Escobar,Normal
5942,20,86,Athletico-Pr,Sidcley Ferreira Pereira,Normal
5942,20,25,Athletico-Pr,Nikão,Pênalti
5942,20,52,Athletico-Pr,Thiago Heleno,Normal
5942,20,59,Athletico-Pr,,Contra
5942,20,20,Bahia,Stiven Mendoza,Normal
5943,20,7,Botafogo-Rj,Leandrinho,Normal
5945,20,90,Corinthians,Jô,Normal
5946,21,12,Vitoria,Santiago Tréllez,Normal
5947,21,56,Flamengo,Vinã­Cius Jãºnior,Normal
5947,21,75,Flamengo,,Normal
5949,21,70,Avai,Junior Dutra,Pênalti
5949,21,,Sao Paulo,,Pênalti
5950,21,23,Bahia,Tiago Pagnussat,Normal
5950,21,47,Bahia,Stiven Mendoza,Normal
5950,21,49,Bahia,Stiven Mendoza,Normal
5951,21,34,Cruzeiro,Luiz Ricardo Alves,Normal
5951,21,87,Cruzeiro,Raniel,Normal
5952,21,21,Botafogo-Rj,Brenner Marlos Varanda De Oliveira,Pênalti
5952,21,13,Ponte Preta,Emerson Sheik,Normal
5952,21,88,Ponte Preta,Emerson Sheik,Normal
5954,21,39,Chapecoense,Fabrício Bruno,Normal
5954,21,95,Chapecoense,Túlio De Melo,Normal
5955,21,87,Fluminense,Henrique Dourado,Normal
5955,21,38,Fluminense,Henrique Dourado,Normal
5955,21,57,Atletico-Mg,Valdívia,Normal
5956,22,31,Vasco,Ramon De Morais Motta,Normal
5957,22,47,Atletico-Go,Gilvan,Normal
5958,22,61,Atletico-Mg,Elias  Mendes  Trindade,Normal
5958,22,45,Ponte Preta,Léo Gamalho,Normal
5958,22,89,Atletico-Mg,Rómulo Otero,Normal
5959,22,,Palmeiras,Willian Gomes De Siqueira,Normal
5959,22,79,Palmeiras,Keno,Normal
5959,22,,Palmeiras,Hyoran,Normal
5959,22,52,Sao Paulo,Hernanes,Normal
5959,22,13,Sao Paulo,Marcos Guilherme,Normal
5959,22,39,Palmeiras,Willian Gomes De Siqueira,Normal
5960,22,16,Bahia,Renê Júnior,Normal
5960,22,13,Botafogo-Rj,Roger Rodrigues Da Silva,Normal
5960,22,92,Botafogo-Rj,Bruno César Pereira Da Silva,Normal
5961,22,,Flamengo,Diego Ribas,Normal
5961,22,31,Flamengo,,Normal
5961,22,,Flamengo,Diego Ribas,Normal
5962,22,56,Cruzeiro,Rafael Da Silva Francisco,Normal
5962,22,,Santos,Bruno Henrique,Normal
5962,22,56,Cruzeiro,Rafael Da Silva Francisco,Normal
5963,22,32,Avai,Joel Tagueu,Normal
5963,22,32,Avai,Joel Tagueu,Normal
5964,22,68,Vitoria,Antônio Eduardo Pereira Dos Santos,Normal
5965,22,20,Gremio,,Normal
5965,22,35,Gremio,Everton Sousa Soares,Normal
5965,22,83,Gremio,Dionathã,Normal
5965,22,70,Gremio,Luiz Fernando Pereira Da Silva,Normal
5965,22,,Gremio,Luiz Fernando Pereira Da Silva,Pênalti
5966,23,33,Palmeiras,Deyverson,Normal
5966,23,44,Atletico-Mg,Fábio Santos,Pênalti
5967,23,43,Vasco,Mateus Vital,Normal
5968,23,34,Sao Paulo,Hernanes,Normal
5968,23,75,Ponte Preta,Léo Gamalho,Normal
5968,23,65,Ponte Preta,Danilo Barcelos,Pênalti
5968,23,57,Sao Paulo,Bruno Alves,Normal
5969,23,45,Coritiba,Werley Ananias Da Silva,Normal
5969,23,87,Athletico-Pr,Felipe Gedoz,Pênalti
5970,23,58,Santos,Lucas Rafael Araújo Lima,Normal
5970,23,93,Santos,-,Normal
5971,23,26,Avai,-,Normal
5972,23,48,Fluminense,Wendel,Normal
5972,23,90,Fluminense,Henrique Dourado,Pênalti
5972,23,46,Vitoria,Neilton Mestzk,Normal
5972,23,94,Vitoria,Antônio Eduardo Pereira Dos Santos,Normal
5973,23,45,Cruzeiro,Rafael Da Silva Francisco,Normal
5973,23,,Cruzeiro,Raniel,Normal
5973,23,83,Chapecoense,Túlio De Melo,Normal
5974,23,69,Botafogo-Rj,,Normal
5974,23,56,Botafogo-Rj,Roger Rodrigues Da Silva,Normal
5975,23,33,Atletico-Go,Luiz Fernando Moraes Dos Santos,Normal
5975,23,55,Bahia,José Rafael Vivian,Normal
5976,24,45,Botafogo-Rj,Guilherme,Normal
5976,24,42,Botafogo-Rj,Rodrigo Lindoso,Normal
5977,24,42,Atletico-Go,Luiz Fernando Moraes Dos Santos,Normal
5977,24,,Atletico-Go,Ronaldo Da Silva Souza,Normal
5977,24,,Ponte Preta,William Alves,Contra
5977,24,68,Atletico-Go,-,Normal
5978,24,45,Avai,Wellington Simião,Normal
5978,24,,Atletico-Mg,Rómulo Otero,Normal
5978,24,45,Avai,Wellington Simião,Normal
5979,24,46,Chapecoense,,Normal
5980,24,74,Corinthians,Jã´,Normal
5981,24,91,Athletico-Pr,Jonathan Cícero Moreira,Normal
5981,24,57,Athletico-Pr,Felipe Gedoz,Normal
5981,24,80,Athletico-Pr,Ribamar,Normal
5981,24,47,Fluminense,,Normal
5982,24,90,Vitoria,Santiago Tréllez,Normal
5982,24,,Sao Paulo,Éder Militão,Normal
5982,24,82,Sao Paulo,Christian Cueva,Normal
5983,24,93,Flamengo,Éverton Ribeiro,Normal
5983,24,9,Flamengo,Paolo Guerrero,Normal
5984,24,,Cruzeiro,Leonardo Renan Simões De Lacerda,Normal
5985,24,39,Palmeiras,Jean Raphael Vanderlei Moreira,Normal
5986,25,18,Avai,Pedro Castro,Normal
5986,25,81,Flamengo,Rodinei De Almeida,Normal
5987,25,35,Santos,Bruno Henrique,Normal
5988,25,28,Sao Paulo,Petros,Normal
5988,25,78,Corinthians,Clayson Henrique Da Silva Vieira,Normal
5989,25,42,Chapecoense,Lucas Marques,Normal
5990,25,,Coritiba,Werley Ananias Da Silva,Normal
5990,25,84,Botafogo-Rj,João Paulo,Normal
5990,25,64,Botafogo-Rj,Guilherme,Normal
5990,25,57,Botafogo-Rj,Roger Rodrigues Da Silva,Normal
5990,25,83,Coritiba,Thiago Carleto,Normal
5991,25,,Atletico-Go,Luiz Fernando Moraes Dos Santos,Normal
5991,25,4,Cruzeiro,Giorgian De Arrascaeta,Normal
5991,25,22,Cruzeiro,Rafael Sóbis,Normal
5992,25,42,Palmeiras,Egídio De Araújo Pereira Júnior,Normal
5992,25,42,Palmeiras,Egídio De Araújo Pereira Júnior,Normal
5993,25,,Vitoria,,Normal
5993,25,3,Vitoria,Neilton Mestzk,Normal
5993,25,18,Atletico-Mg,Juan Cazares,Normal
5993,25,69,Vitoria,Yago Rocha,Normal
5993,25,18,Atletico-Mg,Juan Cazares,Normal
5994,25,97,Bahia,Rodrigão,Pênalti
5995,25,84,Sport,André Felipe Ribeiro De Souza,Normal
5995,25,39,Vasco,Nenê,Normal
5996,26,25,Vasco,Andrés Ríos,Normal
5996,26,64,Chapecoense,Reinaldo Manoel Da Silva,Normal
5997,26,64,Coritiba,Rildo De Andrade Felicissimo,Normal
5997,26,45,Bahia,José Rafael Vivian,Normal
5998,26,76,Santos,Ricardo Oliveira,Normal
5999,26,84,Corinthians,Clayson Henrique Da Silva Vieira,Pênalti
5999,26,,Cruzeiro,Rafael Da Silva Francisco,Normal
6000,26,95,Vitoria,Danilinho,Normal
6000,26,25,Botafogo-Rj,Brenner  Marlos  Varanda  De  Oliveira,Normal
6000,26,61,Botafogo-Rj,Brenner Marlos Varanda De Oliveira,Pênalti
6000,26,95,Vitoria,Danilinho,Normal
6000,26,,Vitoria,David Corrêa Da Fonseca,Normal
6000,26,90,Vitoria,André Lima,Normal
6001,26,36,Sao Paulo,Marcos Guilherme,Normal
6002,26,86,Gremio,Beto Da Silva,Normal
6003,26,63,Atletico-Go,Walter Henrique Da Silva,Normal
6003,26,58,Atletico-Go,Luiz Fernando Moraes Dos Santos,Pênalti
6004,26,83,Atletico-Mg,Robinho,Normal
6004,26,22,Atletico-Mg,Robinho,Normal
6005,26,,Ponte Preta,Jean Patrick Reis,Normal
6006,28,73,Cruzeiro,Thiago Neves,Normal
6006,28,13,Ponte Preta,Danilo Barcelos,Pênalti
6006,28,76,Cruzeiro,Manoel Messias Silva Carvalho,Normal
6007,28,69,Vasco,Nenê,Normal
6008,28,60,Sao Paulo,Lucas Pratto,Normal
6008,28,50,Athletico-Pr,Douglas Coutinho,Normal
6008,28,83,Sao Paulo,Maicosuel,Normal
6009,28,79,Flamengo,,Normal
6010,28,59,Palmeiras,Eduardo Pereira Rodrigues,Normal
6010,28,21,Palmeiras,Willian Gomes De Siqueira,Normal
6010,28,,Atletico-Go,Walter Henrique Da Silva,Pênalti
6010,28,21,Palmeiras,Willian Gomes De Siqueira,Normal
6010,28,44,Palmeiras,Moisés Lima Magalhães,Normal
6011,28,,Fluminense,-,Normal
6012,28,38,Atletico-Mg,Fred,Normal
6012,28,10,Sport,Patrick,Normal
6013,28,92,Gremio,Ramiro Moschen Benetti,Normal
6014,28,94,Bahia,Régis,Normal
6014,28,72,Bahia,Vinícius,Normal
6015,28,68,Santos,Ramon Menezes Roma,Contra
6015,28,68,Santos,Ramon Menezes Roma,Contra
6015,28,,Vitoria,,Normal
6015,28,35,Santos,Jean Mota Oliveira De Souza,Normal
6015,28,,Vitoria,Wallace Reis Da Silva,Normal
6016,27,82,Atletico-Go,Walter Henrique Da Silva,Normal
6016,27,42,Athletico-Pr,Lucho Gonzã¡Lez,Normal
6016,27,32,Athletico-Pr,Guilherme Milhomem Gusmã£O,Normal
6016,27,25,Atletico-Go,Luiz Fernando Moraes Dos Santos,Normal
6017,27,66,Botafogo-Rj,Brenner Marlos Varanda De Oliveira,Normal
6017,27,95,Botafogo-Rj,Vinícius Tanque,Normal
6017,27,,Chapecoense,Apodi,Normal
6018,27,40,Coritiba,Henrique Almeida,Normal
6018,27,89,Corinthians,Clayson Henrique Da Silva Vieira,Normal
6018,27,,Corinthians,,Normal
6018,27,10,Corinthians,Jô,Normal
6019,27,69,Cruzeiro,Rafael Sóbis,Normal
6020,27,24,Vasco,Andrã©S Rã­Os,Normal
6020,27,3,Vasco,Wagner Ferreira Dos Santos,Normal
6020,27,62,Avai,Ebert Willian Amâncio,Normal
6020,27,3,Vasco,Wagner Ferreira Dos Santos,Normal
6021,27,52,Atletico-Mg,Fábio Santos,Pênalti
6022,27,45,Sport,Diego Souza,Normal
6022,27,83,Vitoria,Santiago Tréllez,Normal
6022,27,45,Sport,Diego Souza,Normal
6022,27,66,Sport,Reinaldo Lenis,Normal
6023,27,69,Flamengo,Réver,Normal
6023,27,53,Fluminense,Marcos Rogério Ricci Lopes,Contra
6024,27,47,Santos,Ricardo Oliveira,Normal
6024,27,5,Ponte Preta,Marinaldo Dos Santos Oliveira,Normal
6025,27,47,Bahia,Edigar Junio,Normal
6025,27,2,Palmeiras,Willian Gomes De Siqueira,Normal
6025,27,89,Bahia,Edigar Junio,Pênalti
6025,27,39,Palmeiras,Bruno Henrique Corsini,Normal
6026,29,30,Vasco,Jonathan Francisco Lemos,Contra
6027,29,34,Coritiba,Diogo Barbosa,Contra
6028,29,,Chapecoense,Luiz Antônio De Souza Soares,Normal
6028,29,9,Atletico-Mg,Valdívia,Normal
6028,29,,Chapecoense,Héctor Canteros,Normal
6028,29,,Chapecoense,Héctor Canteros,Normal
6028,29,30,Chapecoense,Wellington Paulista,Normal
6028,29,9,Atletico-Mg,Valdívia,Normal
6028,29,67,Atletico-Mg,Fred,Normal
6029,29,96,Botafogo-Rj,,Normal
6029,29,65,Avai,Marquinhos Santos,Pênalti
6030,29,24,Fluminense,Junior Sornoza,Normal
6030,29,,Fluminense,Robson Azevedo Da Silva,Pênalti
6030,29,89,Sao Paulo,Shaylon,Normal
6030,29,23,Fluminense,Henrique  Dourado,Normal
6032,29,24,Vitoria,Neilton Mestzk,Pênalti
6032,29,4,Athletico-Pr,Ribamar,Normal
6032,29,79,Athletico-Pr,Ribamar,Normal
6032,29,50,Vitoria,,Normal
6032,29,,Athletico-Pr,Douglas Coutinho,Normal
6033,29,73,Palmeiras,Miguel Borja,Normal
6033,29,28,Palmeiras,Keno,Normal
6033,29,28,Palmeiras,Keno,Normal
6034,29,87,Flamengo,Diego Ribas,Normal
6034,29,51,Flamengo,Réver,Normal
6034,29,85,Flamengo,Diego Ribas,Pênalti
6034,29,87,Flamengo,Diego Ribas,Normal
6034,29,77,Flamengo,Réver,Normal
6034,29,69,Bahia,,Pênalti
6034,29,87,Flamengo,Diego Ribas,Normal
6035,29,84,Sport,José Rogério De Oliveira Melo,Normal
6035,29,4,Santos,Ricardo Oliveira,Normal
6036,30,16,Vasco,Matheus Galdezani,Contra
6036,30,16,Vasco,Matheus Galdezani,Contra
6036,30,67,Coritiba,Rildo De Andrade Felicissimo,Normal
6037,30,31,Santos,Ricardo Oliveira,Normal
6038,30,89,Bahia,,Normal
6038,30,47,Bahia,Stiven Mendoza,Normal
6038,30,83,Vitoria,Wallace Reis Da Silva,Normal
6039,30,64,Palmeiras,Eduardo Pereira Rodrigues,Normal
6039,30,54,Palmeiras,Moisés Lima Magalhães,Normal
6039,30,48,Palmeiras,Null,Normal
6039,30,79,Gremio,Michel Ferreira Dos Santos,Normal
6040,30,14,Sao Paulo,,Normal
6040,30,40,Sao Paulo,Hernanes,Normal
6041,30,,Sport,Diego Souza,Pênalti
6041,30,88,Athletico-Pr,Felipe Gedoz,Pênalti
6041,30,61,Athletico-Pr,Lucho González,Normal
6042,30,31,Cruzeiro,Thiago Neves,Normal
6042,30,61,Atletico-Mg,Rómulo Otero,Normal
6042,30,31,Cruzeiro,Thiago Neves,Normal
6042,30,67,Atletico-Mg,Robinho,Normal
6042,30,81,Atletico-Mg,Robinho,Normal
6043,30,47,Chapecoense,Wellington Paulista,Normal
6043,30,4,Chapecoense,Arthur Caike Do Nascimento Cruz,Normal
6044,30,36,Avai,Junior Dutra,Pênalti
6044,30,,Avai,Rômulo,Normal
6044,30,,Ponte Preta,Danilo  Barcelos,Pênalti
6045,30,,Botafogo-Rj,Brenner Marlos Varanda De Oliveira,Normal
6045,30,60,Corinthians,Jô,Normal
6045,30,76,Botafogo-Rj,Igor Rabello,Normal
6046,31,17,Sao Paulo,Marcos Guilherme,Normal
6046,31,22,Sao Paulo,Christian Cueva,Normal
6046,31,34,Santos,Alison Lopes Ferreira,Normal
6049,31,39,Ponte Preta,Lucca Borges De Brito,Normal
6050,31,3,Bahia,Edigar Junio,Normal
6050,31,33,Fluminense,Gustavo Scarpa,Normal
6052,31,,Vitoria,José Welison,Normal
6052,31,11,Atletico-Go,Luiz Fernando Moraes Dos Santos,Normal
6053,31,78,Coritiba,Jonas Gomes De Sousa,Normal
6053,31,6,Coritiba,Werley Ananias Da Silva,Normal
6053,31,,Sport,Diego Souza,Normal
6053,31,91,Coritiba,Yan Sasse,Normal
6053,31,78,Coritiba,Jonas Gomes De Sousa,Normal
6053,31,29,Sport,Diego Souza,Normal
6053,31,,Coritiba,Henrique Almeida,Normal
6053,31,42,Sport,André Felipe Ribeiro De Souza,Normal
6054,31,,Avai,Pedro Castro,Normal
6054,31,36,Gremio,Kaio Silva Mendes,Normal
6054,31,62,Avai,Leandro Silva,Normal
6054,31,36,Gremio,Kaio Silva Mendes,Normal
6054,31,12,Gremio,Rafael Thyere De Albuquerque Marques,Normal
6055,31,35,Palmeiras,Miguel Borja,Normal
6055,31,6,Cruzeiro,José Carlos Ferreira Júnior,Contra
6055,31,86,Palmeiras,Miguel Borja,Normal
6055,31,64,Cruzeiro,Róbson Michael Signorini,Normal
6056,32,79,Santos,Ricardo Oliveira,Normal
6056,32,45,Santos,Arthur Gomes,Normal
6056,32,50,Atletico-Mg,Fred,Normal
6056,32,60,Santos,David Braz,Normal
6056,32,50,Atletico-Mg,Fred,Normal
6057,32,0,Botafogo-Rj,Marcos Vinícius De Jesus Araújo,Normal
6057,32,61,Fluminense,Marcos Júnior,Normal
6057,32,87,Fluminense,Matheus Alessandro,Normal
6058,32,21,Sao Paulo,,Normal
6059,32,85,Coritiba,Jonas Gomes De Sousa,Normal
6059,32,50,Coritiba,Tiago Real,Normal
6059,32,,Coritiba,Wilson Rodrigues De Moura Júnior,Pênalti
6059,32,17,Coritiba,Alan Santos Da Silva,Normal
6059,32,,Coritiba,Wilson Rodrigues De Moura Júnior,Pênalti
6060,32,68,Palmeiras,Moisés Lima Magalhães,Normal
6060,32,29,Corinthians,Fabián Balbuena,Normal
6060,32,38,Corinthians,Jô,Normal
6060,32,,Corinthians,Ángel Romero,Normal
6060,32,35,Palmeiras,Yerry Mina,Normal
6061,32,41,Cruzeiro,Giorgian De Arrascaeta,Normal
6062,32,72,Gremio,Everton Sousa Soares,Normal
6062,32,82,Gremio,Luan Guilherme De Jesus Vieira,Normal
6062,32,47,Flamengo,Éverton Ribeiro,Normal
6062,32,70,Gremio,,Normal
6063,32,93,Bahia,Edigar Junio,Normal
6063,32,26,Bahia,Stiven Mendoza,Normal
6064,32,9,Vasco,Breno Vinícius Rodrigues Borges,Normal
6064,32,91,Vitoria,,Normal
6065,32,97,Sport,André Felipe Ribeiro De Souza,Pênalti
6065,32,65,Chapecoense,Wellington  Paulista,Normal
6066,33,49,Gremio,Ramiro Moschen Benetti,Normal
6067,33,33,Bahia,Edigar Junio,Normal
6067,33,79,Bahia,Edigar Junio,Normal
6067,33,17,Avai,Marquinhos Santos,Normal
6068,33,18,Botafogo-Rj,Marcos Vinícius De Jesus Araújo,Normal
6068,33,85,Sport,André Felipe Ribeiro De Souza,Normal
6068,33,14,Botafogo-Rj,Bruno César Pereira Da Silva,Normal
6069,33,77,Corinthians,Giovanni Augusto,Normal
6070,33,84,Vasco,Evander,Normal
6070,33,,Vasco,Nenãª,Normal
6070,33,64,Santos,Ricardo Oliveira,Normal
6071,33,,Flamengo,Éverton Cardoso Da Silva,Normal
6071,33,94,Flamengo,Vinícius Júnior,Normal
6072,33,40,Vitoria,Yago Rocha,Normal
6072,33,6,Vitoria,,Normal
6072,33,,Palmeiras,,Normal
6072,33,15,Vitoria,Santiago Tréllez,Normal
6072,33,6,Vitoria,,Normal
6073,33,,Sao Paulo,Gilberto Oliveira Souza Junior,Normal
6073,33,,Sao Paulo,Robert Arboleda,Normal
6073,33,59,Chapecoense,Reinaldo Manoel Da Silva,Pênalti
6073,33,26,Chapecoense,Wellington Paulista,Normal
6074,33,,Atletico-Mg,Fred,Normal
6074,33,6,Atletico-Go,Diego Rosa,Normal
6074,33,18,Atletico-Mg,Fábio Santos,Pênalti
6074,33,,Atletico-Mg,Luan Madson Gedeão De Paiva,Normal
6074,33,27,Atletico-Go,Andrigo,Normal
6075,33,54,Fluminense,Cleber Reis,Contra
6075,33,55,Fluminense,Henrique Dourado,Normal
6075,33,69,Coritiba,Cleber Reis,Normal
6075,33,55,Fluminense,Henrique Dourado,Normal
6075,33,43,Coritiba,Werley Ananias Da Silva,Normal
6076,34,31,Athletico-Pr,Guilherme Milhomem Gusmão,Normal
6077,34,48,Corinthians,Colin Kã¢Zım-Richards,Normal
6078,34,39,Sao Paulo,Marcos Guilherme,Normal
6078,34,75,Vasco,Caio Monteiro,Normal
6079,34,14,Palmeiras,,Normal
6079,34,36,Palmeiras,Deyverson,Normal
6080,34,76,Atletico-Go,Diego Rosa,Normal
6080,34,,Atletico-Go,Diego Rosa,Normal
6081,34,19,Gremio,Luiz Fernando Pereira Da Silva,Normal
6081,34,16,Vitoria,,Normal
6082,34,55,Bahia,Edigar Junio,Pênalti
6082,34,5,Atletico-Mg,Robinho,Normal
6082,34,64,Bahia,Edigar Junio,Normal
6082,34,74,Atletico-Mg,Robinho,Normal
6082,34,55,Bahia,Edigar Junio,Pênalti
6083,34,57,Cruzeiro,Diogo Barbosa,Normal
6083,34,16,Cruzeiro,Lucas Romero,Normal
6083,34,,Fluminense,Pedro,Normal
6083,34,71,Cruzeiro,Thiago Neves,Normal
6083,34,71,Cruzeiro,Thiago Neves,Normal
6084,34,64,Ponte Preta,Léo Gamalho,Normal
6084,34,65,Coritiba,Yan Sasse,Normal
6084,34,64,Ponte Preta,Léo Gamalho,Normal
6085,34,13,Chapecoense,Wellington Paulista,Pênalti
6085,34,66,Chapecoense,Arthur Caike Do Nascimento Cruz,Normal
6086,35,77,Athletico-Pr,Sidcley Ferreira Pereira,Normal
6086,35,37,Ponte Preta,Danilo Barcelos,Normal
6086,35,66,Ponte Preta,Danilo Barcelos,Normal
6087,35,58,Cruzeiro,Thiago Neves,Normal
6087,35,21,Avai,Junior Dutra,Pênalti
6087,35,92,Avai,Junior Dutra,Normal
6087,35,78,Cruzeiro,Judivan,Pênalti
6088,35,33,Gremio,Walter Kannemann,Normal
6089,35,25,Vasco,Andrés Ríos,Normal
6089,35,,Atletico-Mg,Fred,Normal
6090,35,1,Fluminense,Henrique Adriano Buss,Normal
6090,35,48,Corinthians,Jô,Normal
6090,35,48,Corinthians,Jô,Normal
6090,35,84,Corinthians,Jadson,Normal
6090,35,45,Corinthians,Jô,Normal
6091,35,59,Atletico-Go,Luiz Fernando Moraes Dos Santos,Normal
6091,35,44,Botafogo-Rj,João Paulo,Normal
6091,35,41,Atletico-Go,Jorginho,Normal
6092,35,24,Chapecoense,Arthur Caike Do Nascimento Cruz,Normal
6092,35,77,Chapecoense,Túlio De Melo,Normal
6092,35,19,Vitoria,David Corrêa Da Fonseca,Normal
6093,35,79,Palmeiras,Deyverson,Normal
6093,35,84,Sport,Diego Souza,Normal
6093,35,90,Palmeiras,Eduardo Pereira Rodrigues,Normal
6093,35,64,Palmeiras,Luan Garcia Teixeira,Normal
6093,35,79,Palmeiras,Deyverson,Normal
6093,35,92,Palmeiras,Keno,Normal
6093,35,57,Palmeiras,Deyverson,Normal
6094,35,7,Coritiba,Cleber Reis,Normal
6095,35,22,Bahia,Stiven Mendoza,Pênalti
6095,35,78,Bahia,Edigar  Junio,Pênalti
6095,35,16,Santos,Bruno  Henrique,Normal
6095,35,54,Bahia,Alison Lopes Ferreira,Contra
6096,36,39,Sport,Marcos Antônio Da Silva Gonçalves,Normal
6097,36,33,Flamengo,-,Pênalti
6097,36,46,Flamengo,Felipe Vizeu,Normal
6097,36,21,Flamengo,Federico Mancuello,Normal
6098,36,21,Vitoria,David Corrêa Da Fonseca,Pênalti
6098,36,,Cruzeiro,Alisson Euler De Freitas Castro,Normal
6099,36,35,Chapecoense,Túlio De Melo,Normal
6099,36,90,Atletico-Go,Luiz Fernando Moraes Dos Santos,Normal
6101,36,14,Athletico-Pr,Thiago Heleno,Normal
6101,36,16,Vasco,Wanderson,Contra
6101,36,68,Athletico-Pr,Fabrício Dos Santos Silva,Normal
6101,36,63,Athletico-Pr,Douglas Coutinho,Normal
6102,36,14,Atletico-Mg,Leonardo Silva,Normal
6102,36,4,Atletico-Mg,Rómulo Otero,Normal
6102,36,31,Atletico-Mg,Rómulo Otero,Normal
6103,36,,Santos,Jonathan Copete,Normal
6104,36,58,Fluminense,Douglas Augusto Soares Gomes,Normal
6104,36,86,Fluminense,Henrique Dourado,Normal
6105,36,74,Palmeiras,Keno,Normal
6105,36,61,Avai,Lourenço,Normal
6105,36,57,Avai,,Pênalti
6106,37,11,Sport,André Felipe Ribeiro De Souza,Normal
6106,37,22,Sport,André Felipe Ribeiro De Souza,Normal
6106,37,37,Fluminense,Marcos Júnior,Normal
6107,37,15,Avai,Maicon,Normal
6108,37,65,Atletico-Mg,Fred,Normal
6108,37,35,Corinthians,Jadson,Normal
6108,37,29,Atletico-Mg,Rómulo Otero,Normal
6108,37,58,Corinthians,Marquinhos,Normal
6109,37,6,Ponte Preta,Lucca Borges De Brito,Normal
6109,37,57,Vitoria,André Lima,Normal
6109,37,58,Vitoria,Santiago Tréllez,Normal
6109,37,81,Vitoria,Santiago  Tréllez,Normal
6109,37,15,Ponte Preta,Danilo  Barcelos,Pênalti
6110,37,42,Coritiba,Wilson Rodrigues De Moura Júnior,Pênalti
6110,37,,Sao Paulo,Matheus Galdezani,Contra
6110,37,67,Sao Paulo,Éder Militão,Normal
6111,37,20,Vasco,Paulo Marcos De Jesus Ribeiro,Normal
6112,37,72,Gremio,Lucas Poletto,Normal
6112,37,70,Atletico-Go,Andrigo,Normal
6113,37,9,Santos,Bruno Henrique,Normal
6113,37,,Santos,Arthur Gomes,Normal
6113,37,6,Flamengo,,Normal
6114,37,44,Chapecoense,Wellington Paulista,Normal
6115,37,55,Palmeiras,Eduardo Pereira Rodrigues,Normal
6115,37,63,Palmeiras,Keno,Normal
6116,38,34,Gremio,Jean Pyerre,Normal
6116,38,37,Atletico-Mg,,Normal
6116,38,34,Gremio,Jean Pyerre,Normal
6116,38,44,Gremio,Pepê,Normal
6116,38,66,Atletico-Mg,Fred,Normal
6116,38,98,Atletico-Mg,Rómulo Otero,Normal
6116,38,48,Atletico-Mg,Rómulo Otero,Normal
6116,38,61,Gremio,Matheus Dos Santos Batista,Normal
6117,38,50,Cruzeiro,Giorgian De Arrascaeta,Normal
6117,38,38,Cruzeiro,Thiago Neves,Normal
6117,38,26,Botafogo-Rj,Brenner Marlos Varanda De Oliveira,Normal
6117,38,69,Botafogo-Rj,Ezequiel Santos Da Silva,Normal
6118,38,30,Santos,Jonathan Copete,Normal
6118,38,31,Avai,Pedro Castro,Normal
6119,38,55,Sport,André Felipe Ribeiro De Souza,Normal
6120,38,40,Vitoria,Carlos Eduardo Marques,Normal
6120,38,96,Flamengo,Diego Ribas,Pênalti
6120,38,75,Flamengo,Rafael Vaz,Normal
6121,38,17,Fluminense,Wendel,Normal
6121,38,17,Fluminense,Wendel,Normal
6121,38,21,Atletico-Go,Diego Rosa,Normal
6122,38,88,Bahia,Éder,Normal
6122,38,63,Sao Paulo,,Normal
6123,38,94,Chapecoense,,Normal
6123,38,13,Coritiba,Kléber,Normal
6123,38,37,Chapecoense,Elicarlos,Normal
6124,38,88,Ponte Preta,Lucca Borges De Brito,Pênalti
6124,38,73,Vasco,Mateus Vital,Normal
6124,38,27,Vasco,Paulinho,Normal
6125,38,34,Athletico-Pr,Sidcley Ferreira Pereira,Normal
6125,38,17,Athletico-Pr,Éderson Alves Ribeiro Silva,Pênalti
6125,38,17,Athletico-Pr,Éderson Alves Ribeiro Silva,Pênalti
6125,38,5,Athletico-Pr,Ribamar,Normal
6126,1,55,Gremio,André Felipe Ribeiro De Souza,Normal
6127,1,72,Flamengo,Réver,Normal
6127,1,76,Vitoria,Denílson Pereira Júnior,Normal
6127,1,13,Vitoria,Yago Rocha,Pênalti
6127,1,1,Flamengo,Lucas Paquetá,Normal
6128,1,,Santos,Rodrygo Silva De Goes,Normal
6128,1,42,Santos,Pio,Contra
6129,1,41,America-Mg,Serginho,Normal
6129,1,38,America-Mg,Carlos Emiliano Pereira,Normal
6129,1,1,America-Mg,Serginho,Normal
6130,1,87,Vasco,Wagner Ferreira Dos Santos,Normal
6130,1,13,Atletico-Mg,,Normal
6130,1,99,Vasco,Yago Pikachu,Pênalti
6131,1,,Internacional,Nicolás Federico López,Normal
6131,1,38,Internacional,Nicolás Federico López,Normal
6132,1,86,Corinthians,Rodrigo Eduardo Costa Marinho,Normal
6132,1,48,Fluminense,Richard Candido Coelho,Normal
6132,1,46,Corinthians,Rodrigo Eduardo Costa Marinho,Normal
6133,1,48,Chapecoense,Wellington Paulista,Normal
6133,1,88,Athletico-Pr,Matheus Rossetto,Normal
6133,1,58,Athletico-Pr,Nikão,Normal
6133,1,68,Athletico-Pr,Thiago Carleto,Normal
6133,1,58,Athletico-Pr,Nikão,Normal
6133,1,93,Athletico-Pr,N/A,Normal
6133,1,52,Athletico-Pr,Pablo Felipe Teixeira,Normal
6134,1,37,Sao Paulo,Bruno Alves,Normal
6134,1,37,Sao Paulo,Bruno Alves,Normal
6135,1,54,Palmeiras,Alejandro Guerra,Normal
6135,1,82,Botafogo-Rj,Igor Rabello,Normal
6136,2,94,Bahia,Júnior Brumado,Normal
6137,2,28,Flamengo,Henrique Dourado,Normal
6137,2,35,Flamengo,Henrique Dourado,Pênalti
6137,2,28,Flamengo,Henrique Dourado,Normal
6138,2,,Corinthians,Rodrigo Eduardo Costa Marinho,Normal
6138,2,86,Corinthians,Gabriel Girotto Franco,Normal
6138,2,27,Corinthians,Sidcley Ferreira Pereira,Normal
6138,2,80,Corinthians,Clayson Henrique Da Silva Vieira,Normal
6140,2,73,Atletico-Mg,,Normal
6140,2,73,Atletico-Mg,,Normal
6140,2,88,Vitoria,Gabriel Costa França,Contra
6140,2,20,Atletico-Mg,Ricardo Oliveira,Normal
6141,2,49,Fluminense,Pedro,Normal
6142,2,19,Chapecoense,Wellington Paulista,Normal
6142,2,54,Vasco,Andrés  Ríos,Normal
6143,2,,Palmeiras,Eduardo Pereira Rodrigues,Normal
6145,2,93,Botafogo-Rj,Rodrigo Lindoso,Normal
6145,2,86,Sport,Everton Felipe,Normal
6146,3,92,Botafogo-Rj,Gilson Gomes Do Nascimento,Normal
6146,3,36,Botafogo-Rj,Brenner Marlos Varanda De Oliveira,Normal
6146,3,38,Gremio,Igor Rabello,Contra
6148,3,71,Flamengo,Diego Ribas,Normal
6148,3,42,Flamengo,Vinícius Júnior,Normal
6148,3,53,Flamengo,Vinícius Júnior,Normal
6150,3,,Sport,Jonathan Marlone,Normal
6150,3,8,Sport,Josã© Rogã©Rio De Oliveira Melo,Normal
6150,3,90,Parana,Jhonny Lucas,Normal
6151,3,87,Atletico-Mg,Róger Guedes,Normal
6152,3,89,Fluminense,Pedro,Normal
6152,3,23,Sao Paulo,Éder Militão,Normal
6154,3,35,America-Mg,Rafael Moura,Normal
6154,3,76,Vitoria,,Normal
6154,3,7,America-Mg,Marcos Antônio Da Silva Gonçalves,Normal
6155,3,79,Vasco,Andrés Ríos,Normal
6155,3,44,Santos,Diego Pituca,Normal
6155,3,44,Santos,Diego Pituca,Normal
6156,4,79,Vasco,Andrés Ríos,Normal
6156,4,63,Vasco,Caio Monteiro,Normal
6156,4,32,America-Mg,Rafael Moura,Pênalti
6156,4,91,Vasco,Kelvin Mateus De Oliveira,Normal
6156,4,57,Vasco,Bruno Cosendey,Normal
6157,4,25,Sao Paulo,Éverton  Cardoso  Da  Silva,Normal
6157,4,71,Atletico-Mg,Róger Guedes,Normal
6157,4,78,Atletico-Mg,Ricardo Oliveira,Normal
6157,4,82,Sao Paulo,Diego Souza,Normal
6158,4,40,Corinthians,Henrique Adriano Buss,Normal
6158,4,9,Ceara,Wescley,Normal
6159,4,71,Flamengo,Lucas Paquetá,Normal
6159,4,87,Flamengo,Éverton Ribeiro,Normal
6160,4,72,Cruzeiro,Dedé,Normal
6161,4,60,Palmeiras,-,Normal
6161,4,90,Athletico-Pr,Pablo Felipe Teixeira,Normal
6161,4,85,Palmeiras,Willian Gomes De Siqueira,Normal
6161,4,44,Palmeiras,Bruno Henrique Corsini,Normal
6162,4,73,Fluminense,Pablo Dyego,Normal
6162,4,21,Vitoria,Neilton Mestzk,Normal
6162,4,21,Vitoria,Neilton Mestzk,Normal
6162,4,86,Fluminense,Gilberto Moraes Júnior,Normal
6163,4,55,Gremio,Maicon,Normal
6163,4,47,Gremio,Everton Sousa Soares,Normal
6163,4,70,Gremio,André Felipe Ribeiro De Souza,Normal
6163,4,80,Gremio,Arthur,Normal
6163,4,31,Gremio,Maicon,Normal
6163,4,33,Santos,,Normal
6164,4,44,Sport,Douglas Friedrich,Contra
6164,4,49,Sport,Clã¡Udio Winck,Normal
6165,4,63,Chapecoense,Arthur Caike Do Nascimento Cruz,Normal
6165,4,68,Parana,Carlos Júnior,Normal
6165,4,68,Parana,Carlos Júnior,Normal
6167,5,47,Cruzeiro,,Normal
6167,5,56,Cruzeiro,Giorgian De Arrascaeta,Normal
6168,5,65,Atletico-Mg,Róger Guedes,Normal
6168,5,54,Atletico-Mg,Gleison Bremer,Normal
6168,5,,Athletico-Pr,Pablo Felipe Teixeira,Normal
6169,5,17,Vitoria,Andrã© Lima,Normal
6169,5,,Vasco,,Pênalti
6169,5,76,Vitoria,Werley Ananias Da Silva,Contra
6169,5,83,Vasco,Andrés Ríos,Normal
6169,5,17,Vitoria,Andrã© Lima,Normal
6169,5,83,Vasco,Andrés Ríos,Normal
6169,5,71,Vitoria,Lucas Fernandes,Normal
6170,5,38,Corinthians,Rodrigo Eduardo Costa Marinho,Normal
6171,5,12,Bahia,Edigar Junio,Pênalti
6171,5,38,Bahia,Edigar Junio,Normal
6171,5,93,Sao Paulo,Shaylon,Normal
6171,5,31,Sao Paulo,Santiago Tréllez,Normal
6172,5,23,Chapecoense,,Normal
6172,5,91,Chapecoense,Leandro,Normal
6172,5,68,Chapecoense,Guilherme,Pênalti
6172,5,49,Flamengo,,Normal
6172,5,78,Flamengo,,Normal
6173,5,59,Santos,Gabriel Barbosa,Normal
6173,5,76,Santos,Gabriel Barbosa,Normal
6173,5,93,Parana,Silvinho,Normal
6173,5,,Santos,Rodrygo Silva De Goes,Normal
6174,5,64,Botafogo-Rj,Kieza,Normal
6174,5,33,Fluminense,Pedro,Normal
6174,5,27,Botafogo-Rj,Rodrigo Lindoso,Normal
6175,5,3,America-Mg,Giovanni,Normal
6175,5,,Ceara,Pio,Pênalti
6175,5,38,Ceara,Elton  Rodrigues  Brandão,Normal
6175,5,30,America-Mg,-,Normal
6176,6,61,Atletico-Mg,,Normal
6177,6,,Vasco,Wagner Ferreira Dos Santos,Normal
6177,6,14,Flamengo,Vinícius Júnior,Normal
6178,6,42,Palmeiras,Miguel Borja,Normal
6178,6,3,Palmeiras,Willian Gomes De Siqueira,Normal
6178,6,33,Palmeiras,Antonio Carlos Capocasali,Normal
6179,6,85,Vitoria,Neilton Mestzk,Pênalti
6179,6,21,Vitoria,Wallyson,Normal
6179,6,75,Ceara,Wescley,Normal
6180,6,56,Sao Paulo,Diego Souza,Normal
6181,6,78,America-Mg,,Normal
6183,6,55,Corinthians,Roger Rodrigues Da Silva,Normal
6183,6,63,Sport,Carlos Henrique Alves Pereira,Normal
6184,6,,Fluminense,Marcos Júnior,Normal
6184,6,23,Fluminense,Thiago Heleno,Contra
6185,6,84,Internacional,Patrick,Normal
6185,6,39,Internacional,Lucca Borges De Brito,Normal
6185,6,60,Internacional,Rodrigo Moledo,Normal
6186,7,22,Fluminense,Pedro,Normal
6186,7,87,Fluminense,Pedro,Normal
6186,7,26,Fluminense,Marcos Júnior,Normal
6186,7,50,Chapecoense,Arthur Caike Do Nascimento Cruz,Normal
6186,7,26,Fluminense,Marcos Júnior,Normal
6187,7,87,Sport,Rafael Marques Mariano,Normal
6187,7,51,Sport,Anselmo  De  Moraes,Normal
6187,7,33,Palmeiras,Keno,Normal
6187,7,82,Palmeiras,Hyoran,Normal
6187,7,73,Sport,Anselmo De Moraes,Normal
6188,7,80,Flamengo,Éverton Ribeiro,Normal
6190,7,5,Corinthians,Mateus Vital,Normal
6190,7,64,Internacional,,Normal
6190,7,92,Internacional,Rossicley Pereira Da Silva,Normal
6191,7,67,Bahia,,Normal
6191,7,89,Bahia,Josã© Rafael Vivian,Normal
6191,7,93,Bahia,,Normal
6192,7,75,Cruzeiro,Bruno César Pereira Da Silva,Normal
6193,7,39,Vitoria,Denílson Pereira Júnior,Normal
6193,7,44,Botafogo-Rj,Kieza,Normal
6194,7,81,Gremio,Thonny Anderson,Normal
6195,7,12,America-Mg,Rafael Moura,Normal
6195,7,8,Sao Paulo,Diego Souza,Normal
6195,7,48,Sao Paulo,Nenê,Pênalti
6195,7,61,Sao Paulo,Nenê,Normal
6196,8,44,Vasco,Yago Pikachu,Normal
6197,8,,Internacional,Aderlan Santos,Contra
6197,8,59,Vitoria,Aderlan Santos,Normal
6197,8,46,Vitoria,Wallyson,Normal
6197,8,25,Internacional,Patrick,Normal
6197,8,94,Internacional,Nicolás Federico López,Normal
6198,8,66,Atletico-Mg,Ricardo Oliveira,Normal
6198,8,72,Sport,Michel Bastos,Pênalti
6198,8,66,Atletico-Mg,Ricardo Oliveira,Normal
6198,8,30,Sport,José Rogério De Oliveira Melo,Normal
6198,8,49,Atletico-Mg,Juan Cazares,Normal
6198,8,68,Sport,Gabriel Santana,Normal
6199,8,63,Chapecoense,,Normal
6199,8,,Chapecoense,Héctor Canteros,Normal
6200,8,83,Botafogo-Rj,Rodrigo Pimpão,Normal
6200,8,31,Sao Paulo,Diego Souza,Normal
6200,8,20,Sao Paulo,Nenê,Pênalti
6200,8,16,Botafogo-Rj,Leonardo Valencia,Normal
6200,8,49,Sao Paulo,Éverton Cardoso Da Silva,Normal
6202,8,,Cruzeiro,Rafael Sóbis,Normal
6203,8,42,Flamengo,Diego Ribas,Normal
6203,8,46,Flamengo,Lucas Paquetã¡,Normal
6204,8,50,Corinthians,Jadson,Normal
6204,8,50,Corinthians,Jadson,Normal
6205,8,18,Athletico-Pr,,Normal
6205,8,54,Athletico-Pr,Guilherme Milhomem Gusmão,Normal
6205,8,54,Athletico-Pr,Guilherme Milhomem Gusmão,Normal
6207,9,,Atletico-Mg,Fábio Santos,Pênalti
6207,9,21,Atletico-Mg,Ricardo Oliveira,Normal
6207,9,64,Chapecoense,Wellington Paulista,Pênalti
6207,9,59,Atletico-Mg,Róger Guedes,Normal
6207,9,51,Chapecoense,Arthur Caike Do Nascimento Cruz,Normal
6207,9,20,Chapecoense,Leandro,Normal
6208,9,53,Vasco,Andrey,Normal
6208,9,,Botafogo-Rj,Igor Rabello,Normal
6208,9,4,Botafogo-Rj,Kieza,Normal
6209,9,,Palmeiras,Eduardo Pereira Rodrigues,Normal
6209,9,55,Palmeiras,Willian Gomes De Siqueira,Normal
6209,9,,Palmeiras,Eduardo Pereira Rodrigues,Normal
6209,9,68,Palmeiras,Willian Gomes De Siqueira,Normal
6209,9,30,Sao  Paulo,Edu Dracena,Contra
6210,9,80,Flamengo,Felipe Vizeu,Normal
6211,9,,Gremio,Maicon,Normal
6211,9,,Gremio,Maicon,Normal
6211,9,93,Gremio,Thaciano,Normal
6212,9,38,Athletico-Pr,Thiago Carleto,Normal
6212,9,40,America-Mg,Serginho,Normal
6212,9,90,America-Mg,Ademir,Normal
6212,9,76,America-Mg,Serginho,Normal
6213,9,45,Santos,Renato Dirnei Florêncio,Normal
6213,9,31,Santos,Rodrygo Silva De Goes,Normal
6213,9,84,Vitoria,Ramon Menezes Roma,Normal
6213,9,,Santos,Rodrygo Silva De Goes,Normal
6213,9,26,Santos,Rodrygo Silva De Goes,Normal
6213,9,74,Santos,Gabriel Barbosa,Normal
6213,9,63,Vitoria,Neilton Mestzk,Normal
6214,9,19,Cruzeiro,Luiz Ricardo Alves,Normal
6215,9,93,Fluminense,Pablo Dyego,Normal
6215,9,88,Parana,Guilherme Biteco,Normal
6215,9,,Parana,Thiago Santos,Pênalti
6217,10,62,Vitoria,,Normal
6219,10,52,Corinthians,Roger Rodrigues Da Silva,Normal
6219,10,75,Santos,Victor Ferraz,Normal
6220,10,46,Sport,Fellipe Bastos,Normal
6221,10,,Palmeiras,Willian Gomes De Siqueira,Normal
6221,10,87,Palmeiras,Willian Gomes De Siqueira,Normal
6222,10,22,Vasco,Andrey,Normal
6222,10,61,Cruzeiro,Raniel,Normal
6223,10,66,Parana,Silvinho,Normal
6224,10,79,Flamengo,,Normal
6224,10,30,Flamengo,Henrique Dourado,Pênalti
6225,10,89,Atletico-Mg,Tomás Andrade,Normal
6225,10,52,America-Mg,Messias Rodrigues Da Silva Júnior,Normal
6225,10,12,Atletico-Mg,Ricardo Oliveira,Normal
6225,10,52,America-Mg,Messias Rodrigues Da Silva Júnior,Normal
6225,10,40,Atletico-Mg,Juan Cazares,Normal
6226,11,62,Sao Paulo,Nenê,Pênalti
6227,11,95,Chapecoense,Elicarlos,Normal
6227,11,80,Chapecoense,Bruno Da Silva Costa,Normal
6228,11,46,Vasco,Yago Pikachu,Normal
6228,11,90,Vasco,Ramon De Morais Motta,Normal
6228,11,74,Sport,Michel  Bastos,Normal
6228,11,90,Vasco,Ramon De Morais Motta,Normal
6228,11,19,Vasco,Yago Pikachu,Normal
6228,11,43,Sport,Paulo Marcos De Jesus Ribeiro,Contra
6230,11,94,Atletico-Mg,Róger Guedes,Normal
6230,11,,Atletico-Mg,Ricardo Oliveira,Normal
6230,11,48,Fluminense,Pedro,Normal
6230,11,35,Atletico-Mg,,Normal
6230,11,29,Fluminense,Gilberto Moraes Júnior,Normal
6230,11,45,Atletico-Mg,Róger Guedes,Normal
6230,11,64,Atletico-Mg,Tomás Andrade,Normal
6231,11,51,Botafogo-Rj,Kieza,Normal
6231,11,84,Botafogo-Rj,Leonardo Valencia,Normal
6231,11,12,Botafogo-Rj,Kieza,Normal
6231,11,49,Bahia,Régis,Normal
6231,11,94,Bahia,Agustín Allione,Normal
6231,11,74,Bahia,Vinícius,Normal
6232,11,32,Gremio,Everton Sousa Soares,Normal
6233,11,23,Palmeiras,,Normal
6233,11,88,Ceara,Elton Rodrigues Brandão,Normal
6233,11,26,Ceara,Felipe Azevedo,Normal
6233,11,6,Palmeiras,Thiago  Dos  Santos,Normal
6234,11,,Flamengo,,Normal
6234,11,66,Flamengo,Felipe  Vizeu,Normal
6235,11,53,Internacional,,Normal
6235,11,33,Internacional,Leandro Damião,Pênalti
6235,11,51,Santos,Gabriel Barbosa,Pênalti
6236,12,21,Sao Paulo,Nenê,Normal
6236,12,54,Sao Paulo,Éverton Cardoso Da Silva,Normal
6236,12,42,Sao Paulo,Nenê,Normal
6238,12,86,Santos,,Normal
6240,12,65,Cruzeiro,Rafael Sóbis,Pênalti
6240,12,76,Parana,Silvinho,Normal
6241,12,55,Flamengo,Thuler,Normal
6241,12,6,Palmeiras,Willian Gomes De Siqueira,Normal
6242,12,72,Botafogo-Rj,Renan Lodi,Contra
6242,12,72,Botafogo-Rj,Renan Lodi,Contra
6242,12,34,Botafogo-Rj,Rodrigo Lindoso,Pênalti
6243,12,91,Bahia,Eugenio Mena,Normal
6243,12,91,Bahia,Eugenio Mena,Normal
6244,12,65,Vasco,Andrey,Normal
6244,12,11,Internacional,Nicolás Federico López,Normal
6244,12,70,Internacional,Víctor Cuesta,Normal
6244,12,45,Internacional,Patrick,Normal
6245,12,81,Atletico-Mg,Róger Guedes,Normal
6245,12,78,Ceara,Marinaldo Dos Santos Oliveira,Normal
6245,12,91,Atletico-Mg,Luan Madson Gedeão De Paiva,Normal
6246,13,54,Ceara,Arthur Mendonça Cabral,Normal
6247,13,36,Vitoria,André Lima,Normal
6248,13,76,Corinthians,Ángel Romero,Normal
6248,13,3,Corinthians,Rodrigo Eduardo Costa Marinho,Normal
6249,13,,Gremio,Bressan,Normal
6249,13,59,Gremio,Andrã© Felipe Ribeiro De Souza,Normal
6249,13,,Gremio,Bressan,Normal
6250,13,48,Sao Paulo,Éverton Cardoso Da Silva,Normal
6251,13,79,Bahia,Gilberto Oliveira Souza Junior,Normal
6251,13,85,Chapecoense,,Normal
6252,13,60,Cruzeiro,Róbson Michael Signorini,Normal
6252,13,65,Cruzeiro,Raniel,Normal
6252,13,32,America-Mg,Christian Savio,Normal
6252,13,35,Cruzeiro,Giorgian De Arrascaeta,Normal
6253,13,89,Fluminense,Pedro,Normal
6253,13,61,Vasco,Andrés Ríos,Normal
6254,13,6,Palmeiras,,Normal
6254,13,,Santos,Gustavo Henrique Vernes,Normal
6255,13,,Athletico-Pr,Paulo André,Normal
6255,13,13,Internacional,William Pottker,Normal
6255,13,78,Internacional,Wellington Alves Da Silva,Normal
6255,13,44,Athletico-Pr,Raphael Cavalcante Veiga,Normal
6256,14,,Flamengo,Matheus Sávio,Normal
6256,14,7,Flamengo,Lucas Paquetá,Normal
6257,14,82,Sao Paulo,Reinaldo Manoel Da Silva,Normal
6257,14,56,Sao Paulo,Anderson Martins,Normal
6257,14,70,Sao Paulo,Reinaldo Manoel Da Silva,Normal
6257,14,91,Corinthians,Jonathas Cristian De Jesus,Normal
6258,14,3,Vasco,,Normal
6259,14,94,Palmeiras,Bruno Henrique Corsini,Normal
6259,14,3,Palmeiras,Moisés Lima Magalhães,Normal
6259,14,,Palmeiras,Bruno Henrique Corsini,Normal
6259,14,51,Atletico-Mg,Luan Madson Gedeão De Paiva,Normal
6259,14,81,Atletico-Mg,Yimmi Chará,Normal
6259,14,81,Atletico-Mg,Yimmi Chará,Normal
6260,14,15,Parana,Rodolfo,Normal
6260,14,15,Parana,Rodolfo,Normal
6261,14,73,Vitoria,Lucas Rios Marques,Normal
6261,14,67,Bahia,Gilberto Oliveira Souza Junior,Normal
6261,14,,Bahia,Vinícius,Normal
6261,14,66,Bahia,Tiago Pagnussat,Normal
6261,14,16,Bahia,José Rafael Vivian,Normal
6261,14,67,Bahia,Gilberto Oliveira Souza Junior,Normal
6262,14,20,Sport,Gabriel Santana,Normal
6262,14,18,Fluminense,,Normal
6262,14,86,Fluminense,Pedro,Normal
6263,14,66,Cruzeiro,Giorgian De Arrascaeta,Normal
6263,14,81,Cruzeiro,Hernán Barcos,Normal
6263,14,40,Athletico-Pr,Guilherme Milhomem Gusmão,Pênalti
6265,14,76,Internacional,William Pottker,Normal
6265,14,76,Internacional,William Pottker,Normal
6266,15,43,Fluminense,Gilberto Moraes Júnior,Normal
6267,15,73,Atletico-Mg,Elias Mendes Trindade,Normal
6267,15,39,Atletico-Mg,Leonardo Silva,Normal
6268,15,,Corinthians,Ángel Romero,Normal
6268,15,62,Corinthians,Ángel Romero,Normal
6269,15,33,Santos,,Normal
6269,15,,Flamengo,Bruno Henrique,Contra
6269,15,33,Santos,,Normal
6270,15,55,Botafogo-Rj,Márcio Almeida De Oliveira,Normal
6271,15,,Vitoria,Erick,Normal
6272,15,48,Gremio,Everton Sousa Soares,Normal
6272,15,61,Gremio,Everton Sousa Soares,Normal
6272,15,4,Sao Paulo,Diego Souza,Normal
6273,15,35,America-Mg,Giovanni,Normal
6273,15,6,America-Mg,Juninho,Normal
6273,15,89,Internacional,Jonatan  Álvez,Normal
6274,15,28,Bahia,Lucas Fonseca,Normal
6274,15,87,Bahia,Gilberto Oliveira Souza Junior,Normal
6275,15,64,Athletico-Pr,Raphael Cavalcante Veiga,Normal
6276,16,41,Ceara,,Normal
6277,16,17,Palmeiras,Bruno Henrique Corsini,Normal
6277,16,41,Palmeiras,Bruno Henrique Corsini,Normal
6277,16,78,Palmeiras,Lucas Rafael Araújo Lima,Normal
6278,16,93,Corinthians,Ángel Romero,Normal
6278,16,46,Vasco,Yago Pikachu,Pênalti
6278,16,46,Vasco,Yago Pikachu,Pênalti
6278,16,57,Corinthians,Ángel Romero,Normal
6278,16,,Corinthians,Ángel Romero,Normal
6278,16,79,Corinthians,Jadson,Pênalti
6279,16,50,Flamengo,Éverton Ribeiro,Normal
6279,16,63,Flamengo,,Normal
6279,16,44,Sport,Cláudio Winck,Normal
6279,16,14,Flamengo,Réver,Normal
6279,16,48,Flamengo,Lucas Paquetá,Normal
6280,16,22,Athletico-Pr,Marcio Antonio De Sousa Junior,Normal
6280,16,70,Athletico-Pr,Pablo Felipe Teixeira,Normal
6280,16,12,Athletico-Pr,Marcelo Cirino Da Silva,Normal
6280,16,47,Athletico-Pr,Wellington Aparecido Martins,Normal
6280,16,22,Athletico-Pr,Marcio Antonio De Sousa Junior,Normal
6281,16,45,Internacional,William Pottker,Normal
6281,16,28,Internacional,William Pottker,Normal
6281,16,58,Internacional,Leandro Damião,Normal
6282,16,,Sao Paulo,Éverton Cardoso Da Silva,Normal
6282,16,,Sao Paulo,Diego Souza,Normal
6283,16,39,America-Mg,Ruy Franco De Almeida Junior,Pênalti
6284,16,62,Chapecoense,,Normal
6284,16,62,Chapecoense,,Normal
6284,16,3,Gremio,Pepê,Normal
6285,16,92,Atletico-Mg,Ricardo Oliveira,Normal
6285,16,84,Bahia,Gilberto Oliveira Souza Junior,Normal
6285,16,5,Atletico-Mg,Matheus  Galdezani,Normal
6285,16,94,Bahia,Régis,Normal
6287,17,46,Gremio,Jael,Normal
6287,17,46,Gremio,Jael,Normal
6287,17,48,Gremio,Mário Sérgio Santos Costa,Normal
6289,17,72,Vitoria,Neilton Mestzk,Pênalti
6289,17,72,Vitoria,Neilton Mestzk,Pênalti
6289,17,75,Cruzeiro,Manoel Messias Silva Carvalho,Normal
6290,17,15,Ceara,Juninho Quixadã¡,Normal
6292,17,81,Sao Paulo,Santiago Tréllez,Normal
6292,17,81,Sao Paulo,Santiago Tréllez,Normal
6292,17,,Sao Paulo,Joao Rojas,Normal
6292,17,55,Vasco,Yago Pikachu,Normal
6293,17,21,Fluminense,Pedro,Normal
6293,17,82,Bahia,Edigar Junio,Normal
6293,17,82,Bahia,Edigar Junio,Normal
6294,17,13,Chapecoense,Wellington Paulista,Normal
6294,17,92,Sport,Carlos Henrique Alves Pereira,Normal
6295,17,,Internacional,,Normal
6296,20,78,Ceara,,Normal
6296,20,87,Santos,Jean Mota Oliveira De Souza,Normal
6297,20,23,Internacional,Patrick,Normal
6298,20,37,Parana,Junior,Normal
6298,20,,Sao Paulo,Nenê,Normal
6299,20,,Palmeiras,Lucas Rafael Araújo Lima,Normal
6299,20,78,Palmeiras,Lucas Rafael Araújo Lima,Normal
6300,20,47,America-Mg,Luan Michel Louzã,Normal
6300,20,67,America-Mg,Rafael Moura,Normal
6301,20,,Fluminense,Gum,Normal
6302,20,60,Gremio,,Normal
6302,20,44,Cruzeiro,Bruno César Pereira Da Silva,Normal
6303,20,41,Flamengo,Diego Ribas,Normal
6305,20,78,Chapecoense,Bruno Guimarães,Normal
6305,20,78,Chapecoense,Bruno Guimarães,Normal
6305,20,61,Athletico-Pr,,Normal
6305,20,88,Chapecoense,Leandro,Normal
6307,18,55,Bahia,,Normal
6308,18,96,Parana,Alex Paulo Menezes Santana,Normal
6308,18,72,Botafogo-Rj,Rodrigo Lindoso,Normal
6309,18,71,Atletico-Mg,Ricardo  Oliveira,Normal
6309,18,95,Atletico-Mg,Ricardo Oliveira,Normal
6309,18,27,Santos,Gabriel Barbosa,Normal
6309,18,,Atletico-Mg,Elias Mendes Trindade,Normal
6310,18,86,Sport,Jonathan Marlone,Normal
6310,18,30,Sao Paulo,Diego Souza,Normal
6310,18,90,Sao Paulo,Santiago Tréllez,Normal
6310,18,52,Sao Paulo,Nenê,Normal
6311,18,23,Flamengo,Henrique Dourado,Normal
6312,18,95,Chapecoense,Agustín Doffo,Normal
6312,18,70,Chapecoense,Diego Torres,Normal
6312,18,,Corinthians,Marquinhos,Normal
6313,18,82,Gremio,Everton Sousa Soares,Normal
6313,18,58,Gremio,Pepê,Normal
6313,18,12,Gremio,Douglas Dos Santos,Normal
6313,18,21,Gremio,Jailson Marques Siqueira,Normal
6313,18,82,Gremio,Everton Sousa Soares,Normal
6314,18,60,Palmeiras,Deyverson,Normal
6315,18,39,Internacional,Jonatan Álvez,Normal
6315,18,,Internacional,Nicolás Federico López,Normal
6315,18,,Internacional,Nicolás Federico López,Normal
6316,19,,Santos,,Normal
6316,19,84,Santos,,Normal
6316,19,2,Santos,-,Normal
6317,19,55,Gremio,Everton Sousa Soares,Normal
6318,19,,Athletico-Pr,Raphael Cavalcante Veiga,Normal
6318,19,10,Athletico-Pr,Pablo Felipe Teixeira,Normal
6318,19,21,Athletico-Pr,Ivaldo,Normal
6319,19,,Internacional,Camilo,Normal
6319,19,,Internacional,Camilo,Normal
6320,19,,Palmeiras,Eduardo Pereira Rodrigues,Normal
6320,19,,Palmeiras,Deyverson,Normal
6320,19,29,Palmeiras,Deyverson,Normal
6321,19,81,Atletico-Mg,Juan Cazares,Normal
6321,19,62,Atletico-Mg,Luan  Madson  Gedeão  De  Paiva,Normal
6321,19,,Atletico-Mg,Tomás Andrade,Normal
6322,19,,Bahia,Douglas Grolli,Normal
6322,19,64,Cruzeiro,Thiago Neves,Normal
6324,19,83,Sao Paulo,Hudson,Normal
6324,19,3,Sao Paulo,Shaylon,Normal
6325,19,66,Ceara,Tiago Dos Santos Alves,Normal
6325,19,60,Vasco,Wagner Ferreira Dos Santos,Normal
6326,21,75,Santos,Gabriel Barbosa,Normal
6326,21,,Santos,Derlis González,Normal
6327,21,36,Corinthians,Henrique Adriano Buss,Normal
6328,21,9,Gremio,Cã­Cero Santos,Pênalti
6328,21,70,Athletico-Pr,Jonathan Cícero Moreira,Normal
6328,21,13,Athletico-Pr,,Normal
6329,21,27,Fluminense,Henrique Pacheco Lima,Normal
6329,21,14,Cruzeiro,Raniel,Normal
6329,21,73,Cruzeiro,Ayrton Lucas Dantas De Medeiros,Contra
6330,21,62,Botafogo-Rj,Joel Carli,Normal
6330,21,84,Botafogo-Rj,,Normal
6331,21,78,Sao Paulo,Bruno Peres,Normal
6332,21,,America-Mg,Gérson Magrão,Normal
6332,21,23,America-Mg,Rafael Moura,Normal
6332,21,62,Flamengo,Lucas Paquetá,Normal
6332,21,15,Flamengo,Éverton  Ribeiro,Normal
6334,21,69,Vitoria,Léo Pereira,Normal
6335,21,54,Vasco,Wagner Ferreira Dos Santos,Normal
6335,21,79,Chapecoense,Leandro,Normal
6335,21,85,Vasco,Maxi López,Normal
6335,21,92,Vasco,Thiago Galhardo,Normal
6336,22,57,Vitoria,Léo Pereira,Normal
6337,22,12,Gremio,Jael,Normal
6337,22,,Gremio,Jael,Normal
6337,22,,Gremio,André Felipe Ribeiro De Souza,Pênalti
6337,22,61,Gremio,Alisson Euler De Freitas Castro,Normal
6338,22,67,Santos,Gabriel Barbosa,Normal
6338,22,82,Santos,Gabriel Barbosa,Normal
6338,22,5,Santos,Gabriel Barbosa,Normal
6339,22,20,Corinthians,Victor,Contra
6339,22,36,Atletico-Mg,Fábio Santos,Pênalti
6340,22,91,Ceara,Leandro Carvalho,Normal
6341,22,,Athletico-Pr,Rony,Normal
6341,22,68,Athletico-Pr,Pablo Felipe Teixeira,Normal
6341,22,,Athletico-Pr,Rony,Normal
6342,22,15,Sport,Gabriel Santana,Normal
6343,22,72,Sao Paulo,Santiago Tréllez,Normal
6343,22,54,Fluminense,Anderson Martins,Contra
6345,22,14,Palmeiras,Hyoran,Normal
6345,22,52,Palmeiras,Miguel Borja,Normal
6345,22,61,Chapecoense,Rafael Thyere De Albuquerque Marques,Normal
6346,23,85,Bahia,Tiago Pagnussat,Normal
6346,23,53,Bahia,Gilberto Oliveira Souza Junior,Normal
6346,23,85,Bahia,Tiago Pagnussat,Normal
6347,23,37,Cruzeiro,Edílson Mendes Guimarães,Normal
6347,23,11,Botafogo-Rj,Luiz Fernando Moraes Dos Santos,Normal
6348,23,57,Ceara,Danilo Avelar,Contra
6348,23,19,Ceara,Éverson Felipe Marques Pires,Normal
6348,23,72,Corinthians,Roger Rodrigues Da Silva,Normal
6348,23,57,Ceara,Danilo Avelar,Contra
6349,23,95,Palmeiras,Moisés Lima Magalhães,Pênalti
6349,23,71,Palmeiras,Willian Gomes De Siqueira,Normal
6349,23,95,Palmeiras,Moisés Lima Magalhães,Pênalti
6350,23,87,Chapecoense,Diego Torres,Normal
6350,23,39,Parana,-,Normal
6351,23,9,Atletico-Mg,Régis Ribeiro De Souza,Normal
6352,23,,Internacional,William Pottker,Normal
6352,23,,Internacional,William Pottker,Normal
6352,23,57,Flamengo,Victor Vinícius Coelho Santos,Normal
6352,23,59,Internacional,Rodrigo Dourado,Normal
6355,23,,America-Mg,Gérson Magrão,Normal
6355,23,78,Vasco,Maxi López,Pênalti
6355,23,31,America-Mg,Carlos Emiliano Pereira,Normal
6357,24,60,Sao Paulo,Diego Souza,Normal
6358,24,44,Flamengo,Renê  Rodrigues  Martins,Normal
6358,24,,Flamengo,Diego Ribas,Pênalti
6360,24,57,Palmeiras,Deyverson,Normal
6361,24,11,Fluminense,Rodrigo Junior Paula Silva,Normal
6362,24,59,Internacional,Edenílson Andrade Dos Santos,Normal
6363,24,52,Santos,Gabriel Barbosa,Normal
6363,24,78,Santos,Gabriel Barbosa,Normal
6364,24,73,Vitoria,Erick,Normal
6365,24,10,Athletico-Pr,,Normal
6365,24,83,Atletico-Mg,,Normal
6365,24,68,Atletico-Mg,Elias Mendes Trindade,Normal
6365,24,26,Atletico-Mg,,Normal
6365,24,10,Athletico-Pr,,Normal
6366,25,28,Ceara,Calyson,Normal
6366,25,,Ceara,Samuel Xavier,Normal
6367,25,63,Gremio,Juninho Capixaba,Normal
6367,25,54,Gremio,,Pênalti
6368,25,62,Flamengo,,Contra
6368,25,28,Vasco,Andrés Ríos,Normal
6369,25,24,Botafogo-Rj,Rodrigo Lindoso,Normal
6371,25,18,Bahia,Gilberto Oliveira Souza Junior,Normal
6371,25,78,Palmeiras,Felipe Melo,Normal
6372,25,18,Athletico-Pr,Raphael Cavalcante Veiga,Normal
6372,25,47,Athletico-Pr,Pablo Felipe Teixeira,Normal
6372,25,71,Athletico-Pr,Léo Pereira,Normal
6372,25,60,Fluminense,Luciano Da Rocha Neves,Normal
6374,25,59,Corinthians,Jadson,Normal
6374,25,22,Sport,Hernane Vidal De Souza,Pênalti
6374,25,,Corinthians,Danilo Avelar,Normal
6374,25,22,Sport,Hernane Vidal De Souza,Pênalti
6375,25,82,Chapecoense,Leandro,Pênalti
6375,25,37,Chapecoense,Leandro,Normal
6375,25,27,Internacional,Nicolás Federico López,Pênalti
6375,25,82,Chapecoense,Leandro,Pênalti
6376,26,46,Sao Paulo,Diego Souza,Normal
6376,26,81,America-Mg,Matheus Leonardo Sales Cardoso,Normal
6377,26,13,Ceara,Luiz Otávio,Normal
6377,26,69,Gremio,Luan Guilherme De Jesus Vieira,Normal
6377,26,27,Ceara,Arthur Mendonça Cabral,Normal
6377,26,44,Gremio,Thonny Anderson,Normal
6377,26,21,Gremio,Pedro Geromel,Normal
6378,26,89,Athletico-Pr,Marcelo Cirino Da Silva,Normal
6378,26,34,Athletico-Pr,Pablo Felipe Teixeira,Normal
6378,26,8,Athletico-Pr,Raphael Cavalcante Veiga,Normal
6379,26,23,Atletico-Mg,Leonardo Silva,Normal
6379,26,2,Flamengo,Willian Arão,Normal
6379,26,23,Atletico-Mg,Leonardo Silva,Normal
6379,26,2,Flamengo,Willian Arão,Normal
6379,26,54,Flamengo,Lucas Paquetã¡,Normal
6380,26,45,Internacional,Leandro Damião,Normal
6380,26,50,Corinthians,Douglas Augusto Soares Gomes,Normal
6381,26,,Palmeiras,Willian Gomes De Siqueira,Normal
6382,26,,Botafogo-Rj,Erik Nascimento De Lima,Normal
6382,26,52,Vitoria,Fabiano Da Silva Souza,Normal
6382,26,88,Vitoria,Maurício Cordeiro,Normal
6382,26,24,Botafogo-Rj,Kieza,Normal
6382,26,1,Vitoria,Lucas Fernandes,Normal
6382,26,54,Botafogo-Rj,Leonardo Da Silva Gomes,Contra
6382,26,43,Botafogo-Rj,Rodrigo Lindoso,Normal
6383,26,46,Cruzeiro,,Normal
6383,26,16,Santos,Gabriel Barbosa,Normal
6383,26,83,Cruzeiro,Raniel,Normal
6384,26,11,Fluminense,Everaldo,Normal
6384,26,36,Fluminense,Junior Sornoza,Normal
6384,26,79,Chapecoense,Leandro,Normal
6385,26,32,Vasco,Yago Pikachu,Pênalti
6385,26,49,Bahia,Gilberto Oliveira Souza Junior,Normal
6385,26,78,Vasco,Marrony,Normal
6386,27,93,Gremio,Everton Sousa Soares,Normal
6389,27,66,Palmeiras,Gustavo Gómez,Pênalti
6389,27,31,Cruzeiro,Federico Mancuello,Pênalti
6389,27,23,Palmeiras,Lucas Rafael Araújo Lima,Normal
6389,27,42,Palmeiras,Hyoran,Normal
6390,27,9,Atletico-Mg,Elias Mendes Trindade,Normal
6390,27,70,Atletico-Mg,Ricardo Oliveira,Normal
6390,27,7,Sport,Leonardo Silva,Contra
6390,27,28,Atletico-Mg,Emerson Royal,Normal
6390,27,26,Atletico-Mg,Fábio Santos,Pênalti
6390,27,30,Atletico-Mg,Juan Cazares,Normal
6390,27,57,Sport,,Normal
6391,27,97,Santos,Nan,Pênalti
6391,27,97,Santos,,Pênalti
6392,27,5,Botafogo-Rj,Jean Carlos De Souza Irmer,Normal
6392,27,62,Sao  Paulo,Gonzalo Carneiro,Normal
6392,27,25,Botafogo-Rj,-,Normal
6392,27,,Sao Paulo,Diego Souza,Normal
6393,27,86,Internacional,Andrés D'Alessandro,Pênalti
6393,27,,Vitoria,Emerson Santos,Contra
6393,27,63,Internacional,,Normal
6393,27,,Vitoria,Emerson Santos,Contra
6394,27,77,Ceara,Leandro Carvalho,Normal
6394,27,35,Chapecoense,Agustín Doffo,Normal
6394,27,,Ceara,Arthur Mendonça Cabral,Normal
6394,27,57,Ceara,Andrevaldo Santos,Normal
6395,27,50,Vasco,Maxi López,Pênalti
6395,27,9,Parana,Alex Paulo Menezes Santana,Normal
6396,28,79,Sport,Adryelson,Normal
6396,28,67,Internacional,Nicolás Federico López,Normal
6396,28,88,Sport,Mateus Gonçalves Martins,Normal
6397,28,66,Flamengo,Lucas Paquetá,Normal
6397,28,,Flamengo,Renê Rodrigues Martins,Normal
6397,28,60,Flamengo,Lucas Paquetá,Normal
6398,28,,Santos,Carlos Andrés Sánchez,Normal
6399,28,56,Athletico-Pr,Nikão,Normal
6399,28,,Athletico-Pr,Marcelo Cirino Da Silva,Normal
6399,28,41,Athletico-Pr,Raphael Cavalcante Veiga,Normal
6399,28,75,Athletico-Pr,Pablo Felipe Teixeira,Normal
6400,28,93,Chapecoense,Agustín Doffo,Normal
6401,28,34,Palmeiras,Gustavo Gómez,Normal
6401,28,37,Palmeiras,Deyverson,Normal
6402,28,85,Gremio,Juninho Capixaba,Normal
6402,28,67,Bahia,José Élber Pimentel Da Silva,Normal
6402,28,87,Gremio,Jael,Pênalti
6402,28,3,Bahia,José Élber Pimentel Da Silva,Normal
6403,28,48,Fluminense,Jadson,Normal
6403,28,85,Fluminense,Luciano Da Rocha Neves,Normal
6403,28,41,Fluminense,Richard Candido Coelho,Normal
6403,28,41,Fluminense,Richard Candido Coelho,Normal
6403,28,35,Fluminense,Jadson,Normal
6404,28,17,Botafogo-Rj,Luiz Fernando Moraes Dos Santos,Normal
6404,28,36,Vasco,,Normal
6405,28,81,Ceara,Arthur Mendonça Cabral,Normal
6405,28,63,Ceara,Arthur Mendonça Cabral,Normal
6406,29,47,Flamengo,Léo Duarte,Normal
6406,29,50,Flamengo,Fernando Uribe,Normal
6406,29,11,Flamengo,Fernando Uribe,Normal
6407,29,21,Santos,Gabriel Barbosa,Normal
6408,29,85,Bahia,Vinícius,Normal
6408,29,89,Bahia,Vinícius,Normal
6409,29,38,Vitoria,Lucas Fernandes,Normal
6410,29,49,Vasco,Yago Pikachu,Normal
6410,29,70,Vasco,Maxi López,Normal
6411,29,46,Internacional,Leandro Damião,Normal
6411,29,3,Sao Paulo,Liziero,Normal
6411,29,3,Sao Paulo,Liziero,Normal
6411,29,95,Internacional,,Pênalti
6411,29,52,Internacional,Leandro Damião,Normal
6411,29,52,Internacional,Leandro Damião,Normal
6412,29,8,Palmeiras,Deyverson,Normal
6412,29,79,Palmeiras,Deyverson,Normal
6414,29,,Athletico-Pr,Bérgson Gustavo Silveira Da Silva,Normal
6414,29,56,Athletico-Pr,Bérgson Gustavo Silveira Da Silva,Pênalti
6414,29,86,Athletico-Pr,-,Normal
6414,29,48,Athletico-Pr,Thiago Heleno,Normal
6416,30,66,Gremio,Jean Pyerre,Pênalti
6416,30,66,Gremio,Jean Pyerre,Pênalti
6416,30,37,America-Mg,Juninho,Normal
6417,30,48,Bahia,Edigar Junio,Normal
6419,30,39,Vasco,,Normal
6419,30,25,Sport,Mateus Gonçalves Martins,Normal
6419,30,68,Sport,Cláudio Winck,Normal
6420,30,93,Vitoria,Neilton Mestzk,Normal
6420,30,93,Vitoria,Neilton Mestzk,Normal
6420,30,9,Vitoria,Rhayner,Normal
6420,30,31,Corinthians,Jadson,Normal
6420,30,91,Corinthians,Roger Rodrigues Da Silva,Normal
6421,30,63,Fluminense,,Normal
6422,30,55,Ceara,Arthur Mendonça Cabral,Normal
6422,30,35,Palmeiras,Bruno Henrique Corsini,Normal
6422,30,18,Palmeiras,Bruno Henrique Corsini,Pênalti
6423,30,44,Cruzeiro,Dedã©,Normal
6423,30,30,Cruzeiro,Giorgian De Arrascaeta,Normal
6423,30,22,Cruzeiro,Thiago Neves,Normal
6424,30,19,Flamengo,Lucas Paquetá,Normal
6424,30,57,Flamengo,Fernando Uribe,Normal
6424,30,51,Flamengo,Victor Vinícius Coelho Santos,Normal
6424,30,91,Flamengo,Henrique Dourado,Normal
6425,30,50,Santos,Gabriel  Barbosa,Normal
6425,30,,Internacional,Leandro Damião,Normal
6425,30,79,Santos,Fabiano,Contra
6425,30,71,Internacional,Patrick,Normal
6426,31,37,Sao Paulo,Bruno Alves,Normal
6427,31,85,Internacional,Jonatan Álvez,Normal
6427,31,92,Vasco,Maxi López,Pênalti
6427,31,85,Internacional,Jonatan Álvez,Normal
6428,31,89,Santos,Carlos Andrés Sánchez,Normal
6428,31,84,Santos,Gabriel Barbosa,Pênalti
6428,31,88,Santos,Victor Ferraz,Normal
6429,31,,Sport,Jair Rodrigues Júnior,Normal
6429,31,38,Gremio,Matheus  Henrique  De  Souza,Normal
6429,31,,Sport,Jair Rodrigues Júnior,Normal
6429,31,59,Gremio,Thonny Anderson,Normal
6429,31,,Gremio,Juninho Capixaba,Pênalti
6429,31,,Sport,Mateus Gonçalves Martins,Normal
6429,31,53,Sport,Gabriel Santana,Normal
6430,31,89,Corinthians,,Normal
6430,31,85,Bahia,,Pênalti
6430,31,,Corinthians,Danilo Gabriel De Andrade,Normal
6431,31,60,Chapecoense,Wellington Paulista,Normal
6432,31,81,Flamengo,Marlos Moreno,Normal
6432,31,50,Palmeiras,Eduardo Pereira Rodrigues,Normal
6433,31,15,Cruzeiro,Fred,Normal
6433,31,10,Cruzeiro,Giorgian De Arrascaeta,Normal
6433,31,20,Parana,Egídio De Araújo Pereira Júnior,Contra
6433,31,48,Cruzeiro,Rafael Sóbis,Pênalti
6434,31,30,Botafogo-Rj,Brenner Marlos Varanda De Oliveira,Pênalti
6434,31,84,Athletico-Pr,Pablo Felipe Teixeira,Normal
6434,31,56,Athletico-Pr,Bérgson Gustavo Silveira Da Silva,Normal
6435,31,10,Ceara,Juninho Quixadá,Normal
6435,31,62,Ceara,,Normal
6435,31,26,Atletico-Mg,Juan Cazares,Normal
6436,32,59,Vasco,Maxi López,Pênalti
6437,32,3,Gremio,Pedro Geromel,Normal
6438,32,71,Palmeiras,Victor Luis,Normal
6438,32,55,Santos,Jonathan Copete,Normal
6438,32,65,Santos,,Normal
6438,32,40,Palmeiras,Edu Dracena,Normal
6438,32,65,Santos,,Normal
6438,32,14,Palmeiras,Eduardo Pereira Rodrigues,Normal
6439,32,,America-Mg,Rafael Moura,Pênalti
6439,32,50,Cruzeiro,Thiago Neves,Pênalti
6439,32,50,Cruzeiro,Thiago Neves,Pênalti
6439,32,18,Cruzeiro,Giorgian De Arrascaeta,Normal
6440,32,59,Parana,Alex Paulo Menezes Santana,Normal
6440,32,84,Vitoria,Léo Pereira,Normal
6441,32,,Flamengo,Rodinei De Almeida,Normal
6441,32,50,Sao Paulo,Hélio Junio Nunes De Castro,Normal
6441,32,8,Sao Paulo,Diego Souza,Normal
6441,32,10,Flamengo,Fernando Uribe,Normal
6442,32,28,Botafogo-Rj,,Normal
6443,32,64,Athletico-Pr,Guilherme Camacho,Normal
6443,32,82,Internacional,Rodrigo Moledo,Normal
6443,32,94,Internacional,Andrés D'Alessandro,Pênalti
6444,32,67,Bahia,José Élber Pimentel Da Silva,Normal
6445,32,53,Sport,Gabriel Santana,Normal
6446,33,90,Parana,,Normal
6447,33,72,Corinthians,Ralf De Souza Teles,Normal
6447,33,81,Sao Paulo,Brenner,Normal
6448,33,19,Botafogo-Rj,Erik Nascimento De Lima,Normal
6448,33,,Botafogo-Rj,Leonardo Valencia,Normal
6448,33,49,Flamengo,Victor Vinã­Cius Coelho Santos,Normal
6449,33,22,Athletico-Pr,Raphael Cavalcante Veiga,Normal
6449,33,10,Athletico-Pr,Marcelo Cirino Da Silva,Normal
6450,33,39,Bahia,Nílton Ferreira Júnior,Normal
6450,33,72,Bahia,Eric Dos Santos Rodrigues,Normal
6450,33,68,Vitoria,Léo Pereira,Normal
6450,33,8,Vitoria,,Normal
6451,33,16,Internacional,Leandro Damião,Normal
6451,33,42,Ceara,Ricardo Dias Acosta,Normal
6452,33,,Atletico-Mg,Elias Mendes Trindade,Normal
6452,33,,Palmeiras,,Pênalti
6452,33,,Atletico-Mg,Elias Mendes Trindade,Normal
6453,33,20,Gremio,Jael,Normal
6453,33,12,Vasco,,Normal
6453,33,95,Gremio,Matheus Henrique De Souza,Normal
6455,33,29,Chapecoense,Leandro,Normal
6456,34,95,Athletico-Pr,Léo Pereira,Normal
6456,34,67,Vasco,Thiago Galhardo,Pênalti
6457,34,93,Bahia,Edigar Junio,Normal
6457,34,44,Bahia,José Rafael Vivian,Normal
6457,34,8,Ceara,Calyson,Normal
6458,34,14,Atletico-Mg,Fábio Santos,Pênalti
6460,34,90,Palmeiras,Luan Garcia Teixeira,Normal
6460,34,41,Palmeiras,Miguel Borja,Normal
6460,34,83,Palmeiras,Felipe Melo,Normal
6461,34,14,Cruzeiro,David Corrêa Da Fonseca,Normal
6462,34,,Botafogo-Rj,Luiz Fernando Moraes Dos Santos,Normal
6463,34,73,Flamengo,Henrique Dourado,Normal
6464,34,74,Sao Paulo,Michel Ferreira Dos Santos,Contra
6464,34,57,Gremio,Everton Sousa Soares,Normal
6465,34,24,Internacional,Leandro Damião,Normal
6465,34,46,Internacional,Edenílson Andrade Dos Santos,Normal
6466,35,,Corinthians,Mateus Vital,Normal
6467,35,26,Athletico-Pr,Ramon Menezes Roma,Contra
6467,35,86,Athletico-Pr,Bruno Guimarã£Es,Normal
6467,35,92,Vitoria,Neilton Mestzk,Pênalti
6468,35,51,Atletico-Mg,,Normal
6469,35,35,Parana,,Normal
6469,35,54,Palmeiras,Gustavo Scarpa,Pênalti
6470,35,31,America-Mg,Rafael Moura,Normal
6470,35,65,America-Mg,Matheus Leonardo Sales Cardoso,Normal
6470,35,46,Santos,Gabriel Barbosa,Normal
6471,35,82,Flamengo,Willian Arão,Normal
6472,35,42,Botafogo-Rj,Erik Nascimento De Lima,Normal
6472,35,42,Botafogo-Rj,Erik Nascimento De Lima,Normal
6473,35,31,Sao Paulo,Diego Souza,Normal
6473,35,31,Sao Paulo,Diego Souza,Normal
6474,35,24,Gremio,Cícero Santos,Normal
6474,35,75,Gremio,Everton Sousa Soares,Normal
6476,36,42,Atletico-Mg,Juan Cazares,Normal
6476,36,83,Internacional,Andrés D'Alessandro,Pênalti
6476,36,93,Atletico-Mg,David Terans,Normal
6477,36,59,Botafogo-Rj,Brenner Marlos Varanda De Oliveira,Normal
6477,36,36,Santos,Rodrygo Silva De Goes,Normal
6478,36,52,Athletico-Pr,Léo Pereira,Normal
6478,36,52,Athletico-Pr,Léo Pereira,Normal
6479,36,59,Palmeiras,Luan Garcia Teixeira,Normal
6479,36,78,Palmeiras,Eduardo  Pereira  Rodrigues,Normal
6479,36,76,Palmeiras,Willian Gomes De Siqueira,Normal
6479,36,,Palmeiras,Deyverson,Normal
6480,36,47,Flamengo,Fernando  Uribe,Normal
6480,36,90,Flamengo,,Normal
6481,36,72,Cruzeiro,Fred,Normal
6481,36,43,Cruzeiro,Aderlan Santos,Contra
6481,36,55,Cruzeiro,Fred,Pênalti
6482,36,,Vasco,,Normal
6482,36,95,Vasco,Yago Pikachu,Normal
6483,36,33,Ceara,Paulo Roberto Valoura Junior,Pênalti
6484,36,,Bahia,José Rafael Vivian,Normal
6484,36,,Bahia,José Rafael Vivian,Normal
6484,36,55,Bahia,Edigar Junio,Normal
6484,36,55,Bahia,Edigar Junio,Normal
6485,36,,Sport,Michel Bastos,Normal
6485,36,8,Chapecoense,Leandro,Normal
6485,36,8,Chapecoense,Leandro,Normal
6485,36,4,Chapecoense,Leandro,Pênalti
6486,37,17,Atletico-Mg,Ricardo Oliveira,Normal
6486,37,53,Atletico-Mg,Ricardo Oliveira,Normal
6486,37,2,Santos,Carlos Andrés Sánchez,Normal
6486,37,37,Santos,,Normal
6486,37,,Santos,Wanderson Felipe Cardoso Dos Santos,Normal
6487,37,53,Athletico-Pr,,Normal
6487,37,26,Ceara,-,Normal
6487,37,83,Ceara,,Normal
6487,37,83,Ceara,,Normal
6487,37,58,Athletico-Pr,Lucho González,Normal
6488,37,8,Flamengo,Éverton Ribeiro,Normal
6488,37,52,Flamengo,Éverton Ribeiro,Normal
6490,37,72,Palmeiras,Deyverson,Normal
6491,37,89,Internacional,,Normal
6491,37,,Internacional,Nicolás Federico López,Normal
6491,37,,Internacional,Nicolás Federico López,Normal
6492,37,47,America-Mg,Juninho,Normal
6494,37,64,Parana,Alex Paulo Menezes Santana,Normal
6494,37,7,Botafogo-Rj,Erik Nascimento De Lima,Normal
6494,37,75,Botafogo-Rj,,Normal
6494,37,7,Botafogo-Rj,Erik Nascimento De Lima,Normal
6496,38,65,Athletico-Pr,Matheus Rossetto,Normal
6496,38,,Flamengo,Luiz Rhodolfo Dini Gaioto,Normal
6496,38,71,Athletico-Pr,Rony,Normal
6496,38,,Flamengo,Luiz Rhodolfo Dini Gaioto,Normal
6497,38,18,Atletico-Mg,Juan Cazares,Normal
6499,38,12,Gremio,Jael,Normal
6501,38,92,Sport,Hernane Vidal De Souza,Normal
6501,38,84,Sport,José Rogério De Oliveira Melo,Normal
6501,38,92,Sport,Hernane Vidal De Souza,Normal
6501,38,94,Santos,Rodrygo Silva De Goes,Normal
6501,38,84,Sport,José Rogério De Oliveira Melo,Normal
6502,38,66,Internacional,,Normal
6502,38,92,Parana,Jhonny Lucas,Normal
6503,38,,Fluminense,Richard Candido Coelho,Normal
6503,38,,Fluminense,Richard Candido Coelho,Normal
6504,38,68,Chapecoense,Leandro,Normal
6505,38,73,Vitoria,Luan Silva Dos Santos,Normal
6505,38,90,Palmeiras,,Normal
6505,38,57,Palmeiras,Gustavo Scarpa,Normal
6505,38,43,Palmeiras,Edu Dracena,Normal
6505,38,71,Vitoria,Yago Rocha,Pênalti
6505,38,71,Vitoria,Yago Rocha,Pênalti
6506,1,83,Sao Paulo,Hudson,Normal
6506,1,,Sao  Paulo,Éverton Cardoso Da Silva,Normal
6507,1,53,Atletico-Mg,Ricardo Oliveira,Normal
6507,1,47,Atletico-Mg,Fábio Santos,Pênalti
6507,1,46,Avai,Feliciano Brizuela,Normal
6507,1,53,Atletico-Mg,Ricardo Oliveira,Normal
6508,1,88,Chapecoense,,Normal
6508,1,47,Chapecoense,,Pênalti
6509,1,90,Flamengo,Gabriel  Barbosa,Normal
6509,1,67,Flamengo,Bruno Henrique,Normal
6509,1,90,Flamengo,Gabriel  Barbosa,Normal
6509,1,41,Flamengo,Bruno Henrique,Normal
6509,1,,Cruzeiro,Pedro Rocha Neves,Normal
6510,1,6,Santos,Eduardo Sasha,Normal
6510,1,93,Gremio,Everton Sousa Soares,Normal
6510,1,35,Santos,Felipe Jonatan,Normal
6511,1,47,Corinthians,Pedrinho,Normal
6511,1,76,Bahia,Artur Victor Guimarães,Normal
6511,1,,Corinthians,Clayson Henrique Da Silva Vieira,Normal
6511,1,49,Bahia,Arthur Caike Do Nascimento Cruz,Normal
6511,1,84,Bahia,Josã© Rogã©Rio De Oliveira Melo,Normal
6512,1,89,Vasco,Bruno César,Normal
6512,1,,Athletico-Pr,Nikão,Normal
6512,1,45,Athletico-Pr,Marco Ruben,Normal
6512,1,3,Athletico-Pr,Bruno Guimarães,Normal
6512,1,,Athletico-Pr,Werley Ananias Da Silva,Contra
6513,1,34,Ceara,Leandro Carvalho,Normal
6513,1,21,Ceara,-,Normal
6513,1,89,Ceara,Ricardo Bueno,Normal
6513,1,81,Ceara,João Lucas Cardoso,Normal
6514,1,91,Palmeiras,Bruno Henrique Corsini,Normal
6514,1,71,Palmeiras,José Rafael Vivian,Normal
6514,1,59,Palmeiras,Marcos Rocha,Normal
6514,1,17,Palmeiras,José  Rafael  Vivian,Normal
6515,1,89,Goias,Rafael Vaz,Normal
6516,2,60,Flamengo,Giorgian De Arrascaeta,Normal
6516,2,5,Internacional,Paolo Guerrero,Normal
6516,2,77,Internacional,Martín Sarrafiore,Normal
6517,2,,Palmeiras,Raphael Cavalcante Veiga,Normal
6517,2,63,Csa,Matheus Sávio,Normal
6517,2,63,Csa,Matheus Sávio,Normal
6518,2,55,Corinthians,Carlos Augusto Zopolato Neves,Normal
6519,2,50,Cruzeiro,Thiago Neves,Normal
6520,2,45,Gremio,,Normal
6520,2,45,Gremio,,Normal
6520,2,85,Avai,Michel Ferreira Dos Santos,Normal
6521,2,31,Sao Paulo,Alexandre Pato,Normal
6521,2,36,Sao Paulo,Jonas Toró,Normal
6521,2,47,Goias,Leandro Barcia Montero,Normal
6522,2,90,Atletico-Mg,Yimmi Chará,Normal
6522,2,66,Vasco,Maxi López,Normal
6522,2,59,Atletico-Mg,Elias Mendes Trindade,Normal
6523,2,2,Fortaleza,Edinho,Normal
6523,2,22,Athletico-Pr,Léo Pereira,Normal
6523,2,76,Fortaleza,Wellington Paulista,Normal
6524,2,65,Santos,Eduardo Sasha,Normal
6524,2,85,Fluminense,Pedro,Normal
6524,2,73,Santos,Carlos Andrés Sánchez,Normal
6525,2,36,Botafogo-Rj,João Paulo,Normal
6525,2,6,Bahia,,Normal
6525,2,30,Botafogo-Rj,Erik Nascimento De Lima,Normal
6525,2,,Bahia,Ernando Rodrigues Lopes,Normal
6525,2,,Botafogo-Rj,Cícero Santos,Normal
6526,3,,Corinthians,Mateus Vital,Normal
6526,3,39,Vasco,Maxi López,Pênalti
6527,3,14,Palmeiras,Deyverson,Normal
6528,3,93,Atletico-Mg,Jair Rodrigues Júnior,Normal
6528,3,26,Atletico-Mg,Nathan Allan De Souza,Normal
6528,3,24,Ceara,Ricardo Bueno,Normal
6529,3,89,Chapecoense,Everaldo  Stum,Normal
6529,3,76,Athletico-Pr,Rony,Normal
6530,3,83,Sao Paulo,Danilo Neves,Normal
6530,3,8,Flamengo,Orlando Berrío,Normal
6531,3,,Botafogo-Rj,Alex Paulo Menezes Santana,Normal
6533,3,57,Goias,Michael Richard Delgado De Oliveira,Normal
6533,3,81,Cruzeiro,Rodrigo Eduardo Costa Marinho,Normal
6533,3,49,Cruzeiro,Dedé,Normal
6533,3,81,Cruzeiro,Rodrigo Eduardo Costa Marinho,Normal
6534,3,84,Gremio,Walter Kannemann,Normal
6534,3,55,Fluminense,Matheus Ferraz Pereira,Normal
6534,3,41,Fluminense,Luciano Da Rocha Neves,Normal
6534,3,39,Fluminense,Yony González,Normal
6534,3,22,Gremio,Jean Pyerre,Normal
6534,3,72,Fluminense,Pedro,Pênalti
6534,3,13,Gremio,Everton Sousa Soares,Normal
6534,3,92,Fluminense,Yony González,Normal
6534,3,6,Gremio,André Felipe Ribeiro De Souza,Normal
6534,3,84,Gremio,Walter Kannemann,Normal
6535,3,40,Bahia,Artur Victor Guimarães,Normal
6536,4,72,Botafogo-Rj,Alex Paulo Menezes Santana,Normal
6538,4,21,Goias,Jonathan Marlone,Normal
6538,4,91,Goias,Leandro Barcia Montero,Normal
6538,4,77,Ceara,Thiago Galhardo,Normal
6539,4,51,Flamengo,Lincoln Corrêa Dos Santos,Normal
6539,4,92,Chapecoense,Gum,Normal
6539,4,8,Flamengo,Victor Vinícius Coelho Santos,Normal
6540,4,19,Santos,Diego Pituca,Normal
6540,4,33,Santos,Rodrygo Silva De Goes,Normal
6540,4,73,Santos,Yeferson Soteldo,Normal
6541,4,52,Palmeiras,Bruno Henrique Corsini,Normal
6541,4,45,Palmeiras,Bruno Henrique Corsini,Normal
6542,4,,Internacional,Paolo Guerrero,Normal
6542,4,36,Cruzeiro,Dedã©,Normal
6542,4,83,Internacional,Rodrigo Moledo,Normal
6542,4,32,Internacional,Gustavo Nonato Santana,Normal
6544,4,11,Athletico-Pr,Rony,Normal
6545,4,,Sao Paulo,Hernanes,Normal
6546,5,81,Fluminense,Joã£O Pedro,Normal
6546,5,95,Fluminense,João Pedro,Normal
6546,5,46,Fluminense,Luciano Da Rocha Neves,Normal
6546,5,44,Fluminense,Nino,Normal
6546,5,49,Cruzeiro,Róbson Michael Signorini,Normal
6547,5,6,Palmeiras,Gustavo Gómez,Normal
6547,5,19,Palmeiras,Deyverson,Normal
6547,5,88,Palmeiras,Hyoran,Normal
6547,5,52,Palmeiras,Raphael Cavalcante Veiga,Normal
6548,5,47,Atletico-Mg,,Normal
6548,5,28,Atletico-Mg,Juan Cazares,Normal
6548,5,31,Flamengo,Bruno Henrique,Normal
6550,5,37,Internacional,Gustavo Nonato Santana,Normal
6550,5,65,Internacional,,Normal
6551,5,,Corinthians,,Normal
6551,5,87,Corinthians,Pedrinho,Normal
6552,5,87,Goias,Kayke Moreno,Normal
6553,5,65,Fortaleza,,Normal
6553,5,65,Fortaleza,,Normal
6553,5,63,Fortaleza,Marcinho,Normal
6553,5,13,Chapecoense,,Normal
6553,5,39,Fortaleza,Marcinho,Normal
6554,5,82,Vasco,Ricardo Graça,Normal
6554,5,95,Avai,Daniel Amorim,Normal
6555,5,31,Gremio,Everton Sousa Soares,Normal
6555,5,23,Ceara,Michel Ferreira Dos Santos,Contra
6555,5,,Ceara,Ricardo Dias Acosta,Normal
6556,6,62,Palmeiras,Gustavo  Gómez,Pênalti
6557,6,47,Gremio,Felipe Vizeu,Normal
6558,6,32,Flamengo,Gabriel Barbosa,Pênalti
6558,6,72,Athletico-Pr,Marcelo  Cirino  Da  Silva,Pênalti
6558,6,96,Flamengo,Rodrigo Caio,Normal
6558,6,64,Athletico-Pr,Marcelo Cirino Da Silva,Normal
6558,6,90,Flamengo,Bruno Henrique,Normal
6560,6,,Vasco,Yago Pikachu,Pênalti
6560,6,,Fortaleza,Romarinho,Normal
6561,6,52,Chapecoense,Rildo De Andrade Felicissimo,Normal
6561,6,,Chapecoense,Diego Torres,Normal
6561,6,57,Cruzeiro,Thiago Neves,Normal
6562,6,,Fluminense,Pedro,Pênalti
6562,6,80,Fluminense,João Pedro,Normal
6562,6,30,Bahia,Gilberto Oliveira Souza Junior,Normal
6562,6,69,Bahia,Gilberto Oliveira Souza Junior,Pênalti
6562,6,16,Bahia,Artur Victor Guimarães,Normal
6563,6,7,Corinthians,Pedrinho,Normal
6564,6,62,Csa,Francinilson Santos Meirelles,Normal
6565,6,44,Avai,Brenner Marlos Varanda De Oliveira,Normal
6565,6,73,Ceara,Thiago Galhardo,Normal
6565,6,87,Ceara,Thiago Galhardo,Normal
6566,7,40,Flamengo,Gabriel Barbosa,Normal
6566,7,68,Flamengo,Gabriel Barbosa,Normal
6567,7,55,Bahia,José Fernando Viana De Santana,Pênalti
6568,7,58,Botafogo-Rj,Diego Souza,Normal
6569,7,52,Santos,Eduardo Sasha,Normal
6570,7,21,Athletico-Pr,Lucho González,Normal
6570,7,38,Athletico-Pr,Rony,Normal
6570,7,,Athletico-Pr,Marcelo Cirino Da Silva,Normal
6570,7,38,Athletico-Pr,Rony,Normal
6571,7,15,Sao Paulo,Alexandre Pato,Normal
6571,7,68,Cruzeiro,Thiago Neves,Normal
6572,7,50,Atletico-Mg,Yimmi Chará,Normal
6572,7,76,Atletico-Mg,Adílson Warken,Normal
6572,7,23,Atletico-Mg,Juan Cazares,Normal
6572,7,20,Atletico-Mg,Fábio Santos,Pênalti
6573,7,,Palmeiras,Marcos Rocha,Normal
6573,7,32,Palmeiras,Eduardo Pereira Rodrigues,Normal
6573,7,37,Chapecoense,Everaldo Stum,Pênalti
6574,7,77,Internacional,Edenílson Andrade Dos Santos,Normal
6574,7,62,Internacional,,Normal
6575,7,87,Corinthians,Mauro Boselli,Pênalti
6575,7,25,Corinthians,Júnior Urso,Normal
6576,8,44,Vasco,Andrey,Normal
6576,8,48,Vasco,Tiago Reis,Normal
6576,8,56,Internacional,Emerson Santos,Normal
6577,8,,Palmeiras,Raphael Cavalcante Veiga,Pênalti
6578,8,90,Gremio,Pepê,Normal
6582,8,83,Botafogo-Rj,Cícero Santos,Normal
6582,8,94,Botafogo-Rj,Alex Paulo Menezes Santana,Normal
6582,8,62,Csa,,Normal
6584,8,39,Santos,Eduardo Sasha,Normal
6584,8,81,Santos,Carlos  Andrés  Sánchez,Normal
6584,8,71,Atletico-Mg,Alerrandro Barra Mansa Realino De Souza,Normal
6584,8,50,Santos,Jean Mota Oliveira De Souza,Pênalti
6585,8,78,Goias,Jefferson,Normal
6585,8,92,Goias,Kayke Moreno,Pênalti
6585,8,37,Goias,Kayke Moreno,Pênalti
6585,8,78,Goias,Jefferson,Normal
6585,8,45,Chapecoense,Rafael Pereira Dos Santos,Normal
6586,9,81,Gremio,Nan,Normal
6586,9,81,Gremio,,Normal
6587,9,47,Fortaleza,André Luis,Normal
6587,9,3,Fortaleza,André Luis,Normal
6587,9,11,Cruzeiro,Luiz Ricardo Alves,Normal
6588,9,81,Internacional,Andrés D'Alessandro,Normal
6588,9,18,Internacional,Rodrigo Lindoso,Normal
6588,9,61,Internacional,Rafael Sóbis,Normal
6588,9,,Bahia,José Fernando Viana De Santana,Normal
6589,9,77,Flamengo,Gabriel Barbosa,Normal
6589,9,65,Flamengo,Victor Vinícius Coelho Santos,Normal
6590,9,59,Santos,,Normal
6591,9,80,Vasco,Danilo Barcelos,Normal
6592,9,59,Fluminense,-,Pênalti
6592,9,3,Chapecoense,Everaldo Stum,Normal
6592,9,59,Fluminense,-,Pênalti
6593,9,32,Palmeiras,Deyverson,Normal
6593,9,66,Palmeiras,Bruno  Henrique  Corsini,Normal
6594,9,44,Atletico-Mg,Alerrandro Barra Mansa Realino De Souza,Normal
6594,9,44,Atletico-Mg,Alerrandro Barra Mansa Realino De Souza,Normal
6594,9,73,Sao Paulo,Alexandre Pato,Normal
6595,9,92,Athletico-Pr,Rafael Vaz,Contra
6595,9,6,Goias,Kayke Moreno,Normal
6595,9,32,Goias,Leandro Barcia Montero,Normal
6596,10,15,Vasco,Yago Pikachu,Pênalti
6596,10,61,Gremio,Pepê,Normal
6596,10,86,Gremio,Pepê,Normal
6597,10,67,Fortaleza,Wellington Paulista,Normal
6597,10,43,Fortaleza,Wellington Paulista,Normal
6598,10,87,Santos,Carlos Andrés Sánchez,Normal
6599,10,10,Sao Paulo,Pablo Felipe Teixeira,Normal
6599,10,71,Palmeiras,Eduardo Pereira Rodrigues,Normal
6600,10,12,Goias,Kayke Moreno,Normal
6600,10,,Flamengo,Giorgian De Arrascaeta,Normal
6600,10,,Flamengo,Giorgian De Arrascaeta,Normal
6600,10,56,Flamengo,Gabriel  Barbosa,Normal
6600,10,81,Flamengo,Gabriel Barbosa,Normal
6600,10,46,Flamengo,Giorgian De Arrascaeta,Normal
6600,10,60,Flamengo,Giorgian De Arrascaeta,Normal
6600,10,44,Flamengo,Bruno Henrique,Normal
6601,10,78,Corinthians,Vágner Love,Normal
6602,10,,Athletico-Pr,Vitor Hugo Naum Dos Santos,Normal
6604,10,1,Chapecoense,Everaldo Stum,Normal
6604,10,99,Atletico-Mg,Vinã­Cius,Normal
6604,10,,Atletico-Mg,Iago Maidana,Normal
6605,10,41,Fluminense,Pedro,Normal
6605,10,49,Ceara,Tiago Dos Santos Alves,Normal
6606,11,76,Vasco,Bruno César,Normal
6606,11,67,Vasco,Leandro Castán,Normal
6606,11,47,Fluminense,Pedro,Normal
6608,11,72,Ceara,Leandro Carvalho,Normal
6608,11,32,Ceara,Mateus Gonã§Alves Martins,Normal
6609,11,86,Athletico-Pr,Léo Cittadini,Normal
6609,11,,Athletico-Pr,Madson,Normal
6609,11,60,Athletico-Pr,Thonny Anderson,Normal
6609,11,93,Athletico-Pr,Braian Romero,Normal
6610,11,22,Internacional,Paulo Miranda,Contra
6610,11,71,Gremio,Luan Guilherme De Jesus Vieira,Normal
6611,11,75,Santos,Mário Sérgio Santos Costa,Normal
6612,11,14,Atletico-Mg,Juan Cazares,Pênalti
6612,11,65,Fortaleza,Carlos Emiliano Pereira,Normal
6612,11,7,Atletico-Mg,,Contra
6612,11,,Fortaleza,Paulo Roberto Valoura Junior,Pênalti
6613,11,62,Corinthians,Clayson Henrique Da Silva Vieira,Pênalti
6613,11,85,Flamengo,Gabriel Barbosa,Normal
6615,11,91,Sao Paulo,Vitor Bueno,Normal
6615,11,53,Sao Paulo,Jonas Toró,Normal
6615,11,56,Sao Paulo,Raniel,Normal
6615,11,,Sao Paulo,Antony Matheus Dos Santos,Normal
6616,12,3,Vasco,Marrony,Normal
6616,12,15,Palmeiras,Gustavo Scarpa,Pênalti
6616,12,15,Palmeiras,Gustavo Scarpa,Pênalti
6617,12,30,Athletico-Pr,Jonathan Cícero Moreira,Pênalti
6617,12,77,Athletico-Pr,Bruno Guimarães,Normal
6618,12,20,Sao Paulo,Reinaldo Manoel Da Silva,Normal
6618,12,97,Sao Paulo,Reinaldo Manoel Da Silva,Pênalti
6618,12,36,Fluminense,Yony Gonzã¡Lez,Normal
6619,12,39,Internacional,Martín Sarrafiore,Normal
6621,12,,Botafogo-Rj,,Normal
6621,12,35,Flamengo,Gerson Santos Da Silva,Normal
6621,12,54,Flamengo,Gabriel Barbosa,Normal
6621,12,74,Flamengo,Bruno Henrique,Normal
6621,12,14,Botafogo-Rj,Cícero Santos,Normal
6622,12,33,Santos,Carlos Andrés Sánchez,Normal
6622,12,,Avai,João Paulo,Normal
6622,12,,Santos,Derlis González,Normal
6622,12,78,Santos,Felipe Jonatan,Normal
6624,12,40,Fortaleza,Manoel Messias Silva Carvalho,Contra
6624,12,81,Corinthians,Danilo Avelar,Normal
6624,12,,Corinthians,Pedrinho,Normal
6624,12,67,Corinthians,,Normal
6624,12,40,Fortaleza,Manoel Messias Silva Carvalho,Contra
6626,13,47,Fortaleza,Paulo Roberto Valoura Junior,Pênalti
6626,13,15,Ceara,Thiago Galhardo,Normal
6626,13,18,Ceara,-,Normal
6627,13,58,Fluminense,Yony González,Normal
6627,13,92,Internacional,Edenílson Andrade Dos Santos,Normal
6627,13,68,Fluminense,Natanael Batista Pimenta,Contra
6628,13,91,Goias,Kayke Moreno,Normal
6628,13,9,Santos,Carlos Andrés Sánchez,Normal
6628,13,15,Santos,,Normal
6628,13,,Santos,Yeferson Soteldo,Normal
6628,13,,Santos,Yeferson Soteldo,Normal
6628,13,52,Santos,Eduardo Sasha,Normal
6628,13,37,Santos,-,Normal
6629,13,,Botafogo-Rj,Alex Paulo Menezes Santana,Normal
6629,13,50,Botafogo-Rj,Marcelo Da Conceição Benevenuto Malaquias,Normal
6630,13,51,Bahia,,Normal
6630,13,31,Bahia,Gilberto Oliveira Souza Junior,Normal
6630,13,20,Bahia,Gilberto Oliveira Souza Junior,Normal
6631,13,13,Corinthians,Manoel Messias Silva Carvalho,Normal
6631,13,48,Palmeiras,Felipe Melo,Normal
6633,13,92,Atletico-Mg,Nathan Allan De Souza,Normal
6633,13,46,Atletico-Mg,Vinã­Cius,Normal
6634,13,34,Chapecoense,Gustavo Campanharo,Normal
6634,13,12,Chapecoense,Everaldo Stum,Normal
6634,13,26,Gremio,Everton Sousa Soares,Normal
6634,13,9,Gremio,Pedro Geromel,Normal
6634,13,,Chapecoense,Arthur Gomes,Normal
6634,13,80,Gremio,Diego Tardelli,Normal
6635,13,40,Sao Paulo,Vitor Bueno,Normal
6636,14,51,Ceara,,Normal
6636,14,89,Chapecoense,Renato Kayzer,Normal
6636,14,57,Ceara,Wanderson Felipe Cardoso Dos Santos,Normal
6636,14,90,Ceara,Thiago Galhardo,Normal
6636,14,61,Ceara,Thiago  Galhardo,Pênalti
6637,14,86,Santos,Raniel,Contra
6637,14,44,Santos,Eduardo Sasha,Normal
6637,14,86,Santos,Raniel,Contra
6637,14,57,Sao Paulo,Reinaldo Manoel Da Silva,Pênalti
6637,14,72,Sao Paulo,Alexandre Pato,Normal
6637,14,49,Sao Paulo,Alexandre Pato,Normal
6638,14,50,Flamengo,Giorgian De Arrascaeta,Normal
6638,14,51,Gremio,Rafael Galhardo,Pênalti
6638,14,,Flamengo,,Normal
6638,14,29,Flamengo,Willian Arão,Normal
6639,14,51,Atletico-Mg,Ricardo Oliveira,Normal
6639,14,,Atletico-Mg,Juan Cazares,Normal
6639,14,88,Fluminense,Nenê,Normal
6641,14,53,Bahia,Gilberto Oliveira Souza Junior,Pênalti
6641,14,13,Palmeiras,Eduardo Pereira Rodrigues,Normal
6641,14,85,Bahia,Gilberto Oliveira Souza Junior,Pênalti
6641,14,58,Palmeiras,Eduardo Pereira Rodrigues,Normal
6642,14,62,Cruzeiro,Pedro Rocha Neves,Normal
6642,14,93,Cruzeiro,Luiz Ricardo Alves,Normal
6642,14,74,Avai,Brenner Marlos Varanda De Oliveira,Normal
6642,14,23,Avai,Pedro Castro,Normal
6643,14,,Botafogo-Rj,Diego Souza,Pênalti
6643,14,16,Athletico-Pr,Thonny Anderson,Normal
6643,14,31,Botafogo-Rj,Luiz Fernando Moraes Dos Santos,Normal
6643,14,31,Botafogo-Rj,Luiz Fernando Moraes Dos Santos,Normal
6644,14,22,Vasco,Marcos Antônio Candido Ferreira Júnior,Normal
6645,14,5,Fortaleza,Bruno Ferreira Melo,Normal
6645,14,37,Fortaleza,Edinho,Normal
6646,15,42,Corinthians,Mauro Boselli,Normal
6646,15,56,Corinthians,Everaldo,Normal
6647,15,66,Internacional,Wellington Alves Da Silva,Normal
6648,15,,Vasco,Leandro Castán,Normal
6648,15,,Vasco,Leandro Castán,Normal
6648,15,42,Flamengo,Bruno Henrique,Normal
6648,15,,Flamengo,Gabriel Barbosa,Normal
6648,15,51,Flamengo,Gabriel Barbosa,Normal
6648,15,83,Flamengo,Giorgian De Arrascaeta,Pênalti
6649,15,38,Athletico-Pr,Marcelo Cirino Da Silva,Normal
6650,15,88,Gremio,David Braz,Normal
6650,15,14,Palmeiras,,Normal
6651,15,79,Csa,Jonatan Gómez,Normal
6652,15,40,Sao Paulo,Daniel Alves,Normal
6653,15,71,Bahia,Alejandro Guerra,Normal
6653,15,34,Goias,Fábio Sanches,Normal
6653,15,71,Bahia,Alejandro Guerra,Normal
6654,15,47,Cruzeiro,Thiago Neves,Normal
6654,15,,Cruzeiro,Fred,Normal
6655,15,73,Chapecoense,Everaldo Stum,Pênalti
6656,16,20,Bahia,,Normal
6657,16,4,Gremio,Luan Guilherme De Jesus Vieira,Normal
6657,16,52,Gremio,Thaciano,Normal
6657,16,48,Athletico-Pr,Rony,Normal
6658,16,71,Goias,Michael Richard Delgado De Oliveira,Normal
6658,16,12,Internacional,Guilherme Parede,Normal
6658,16,12,Internacional,Guilherme Parede,Normal
6658,16,96,Goias,Rafael Vaz,Normal
6659,16,57,Vasco,Talles Magno,Normal
6659,16,81,Vasco,Fellipe Bastos,Normal
6660,16,95,Fortaleza,Tinga,Normal
6660,16,10,Santos,,Normal
6660,16,60,Fortaleza,Wellington Paulista,Pênalti
6660,16,2,Santos,Mário Sérgio Santos Costa,Normal
6660,16,32,Santos,Eduardo Sasha,Normal
6660,16,,Fortaleza,Wellington Paulista,Normal
6661,16,35,Flamengo,Gabriel Barbosa,Normal
6661,16,97,Flamengo,Giorgian De Arrascaeta,Normal
6661,16,22,Flamengo,,Normal
6662,16,60,Avai,Richard Franco,Normal
6662,16,77,Corinthians,Vágner Love,Normal
6663,16,11,Cruzeiro,Fred,Normal
6663,16,94,Csa,,Normal
6665,16,58,Palmeiras,Nan,Normal
6665,16,63,Palmeiras,,Normal
6665,16,9,Palmeiras,,Normal
6665,16,63,Palmeiras,,Normal
6665,16,58,Palmeiras,,Normal
6667,17,86,Bahia,Arthur Caike Do Nascimento Cruz,Normal
6668,17,39,Santos,Gum,Contra
6669,17,49,Athletico-Pr,Nikão,Normal
6669,17,49,Athletico-Pr,Nikão,Normal
6670,17,53,Internacional,Edenílson Andrade Dos Santos,Normal
6670,17,44,Internacional,Rodrigo Lindoso,Normal
6670,17,62,Botafogo-Rj,Diego Souza,Normal
6670,17,95,Botafogo-Rj,Márcio Almeida De Oliveira,Normal
6670,17,83,Internacional,Nicolás Federico López,Normal
6671,17,38,Flamengo,Giorgian De Arrascaeta,Normal
6671,17,61,Flamengo,Gabriel Barbosa,Pênalti
6671,17,11,Flamengo,Gabriel Barbosa,Normal
6672,17,25,Fortaleza,Juan Quintero Fletcher,Normal
6672,17,59,Fortaleza,Osvaldo Filho,Normal
6673,17,80,Cruzeiro,Maurício,Normal
6674,17,89,Corinthians,Gustavo,Normal
6675,17,87,Avai,João Paulo,Normal
6676,18,61,Bahia,Gilberto Oliveira Souza Junior,Normal
6676,18,56,Bahia,Nino Paraíba,Normal
6677,18,37,Corinthians,Vágner Love,Normal
6677,18,23,Corinthians,João Lucas Cardoso,Normal
6677,18,37,Corinthians,Vágner Love,Normal
6677,18,92,Ceara,,Normal
6677,18,59,Ceara,Thiago Galhardo,Normal
6678,18,,Flamengo,Pablo Marí Villar,Normal
6678,18,53,Flamengo,Reinier,Normal
6678,18,11,Flamengo,Gabriel Barbosa,Normal
6679,18,86,Fluminense,João Pedro,Normal
6680,18,,Internacional,Rafael Sóbis,Pênalti
6681,18,,Palmeiras,Gustavo Scarpa,Normal
6681,18,81,Palmeiras,Willian Gomes De Siqueira,Normal
6681,18,,Goias,Rafael Vaz,Normal
6682,18,28,Gremio,Alisson Euler De Freitas Castro,Normal
6682,18,37,Cruzeiro,Fred,Pênalti
6682,18,28,Gremio,Alisson Euler De Freitas Castro,Normal
6682,18,18,Gremio,Diego Tardelli,Normal
6682,18,,Gremio,Everton Sousa Soares,Normal
6682,18,64,Gremio,Everton Sousa Soares,Normal
6683,18,91,Santos,Carlos Andrés Sánchez,Pênalti
6683,18,42,Athletico-Pr,,Normal
6684,18,,Botafogo-Rj,Alex Paulo Menezes Santana,Normal
6684,18,93,Atletico-Mg,,Normal
6684,18,45,Botafogo-Rj,Diego Souza,Pênalti
6685,18,94,Csa,Jonatan Gómez,Normal
6685,18,40,Csa,Alecsandro,Normal
6686,19,44,Flamengo,Gabriel Barbosa,Normal
6686,19,44,Flamengo,Gabriel Barbosa,Normal
6686,19,44,Flamengo,Gabriel Barbosa,Normal
6687,19,47,Vasco,Ribamar,Normal
6687,19,73,Chapecoense,Arthur Gomes,Normal
6687,19,75,Vasco,Talles Magno,Normal
6687,19,73,Chapecoense,Arthur Gomes,Normal
6688,19,46,Palmeiras,,Normal
6690,19,14,Avai,Jonathan,Normal
6691,19,88,Atletico-Mg,Bruninho,Normal
6691,19,29,Internacional,William Pottker,Normal
6691,19,64,Internacional,William Pottker,Normal
6691,19,,Internacional,Neilton Mestzk,Normal
6692,19,10,Fortaleza,Felipe Pires,Normal
6692,19,14,Bahia,Gilberto Oliveira Souza Junior,Pênalti
6693,19,29,Gremio,Jean Pyerre,Normal
6693,19,32,Gremio,Everton Sousa Soares,Normal
6693,19,,Gremio,Alisson Euler De Freitas Castro,Normal
6694,19,40,Fluminense,Paulo Henrique Ganso,Normal
6695,19,87,Sao Paulo,Reinaldo Manoel Da Silva,Normal
6695,19,55,Csa,Héctor Bustamante,Normal
6696,20,92,Sao Paulo,Pablo Felipe Teixeira,Normal
6696,20,46,Botafogo-Rj,João Paulo,Normal
6696,20,37,Sao Paulo,Hernanes,Normal
6696,20,46,Botafogo-Rj,João Paulo,Normal
6697,20,67,Flamengo,Giorgian De Arrascaeta,Normal
6697,20,38,Cruzeiro,Thiago Neves,Pênalti
6697,20,7,Flamengo,Gabriel Barbosa,Normal
6698,20,,Corinthians,,Normal
6698,20,64,Bahia,Gilberto Oliveira Souza Junior,Pênalti
6698,20,44,Corinthians,Vágner Love,Pênalti
6699,20,93,Gremio,Everton Sousa Soares,Normal
6699,20,55,Gremio,Luan Guilherme De Jesus Vieira,Normal
6699,20,87,Gremio,Pepê,Normal
6700,20,86,Internacional,Rodrigo Lindoso,Normal
6701,20,48,Palmeiras,Willian Gomes De Siqueira,Normal
6702,20,64,Csa,Carlos Andrade Souza,Normal
6702,20,64,Csa,Carlos Andrade Souza,Normal
6703,20,69,Vasco,Danilo Barcelos,Pênalti
6703,20,49,Athletico-Pr,Madson,Normal
6704,20,66,Goias,Rafael Vaz,Normal
6704,20,12,Goias,Michael Richard Delgado De Oliveira,Normal
6704,20,89,Goias,Yago Rocha,Normal
6705,20,27,Avai,Jonathan,Normal
6707,21,24,Bahia,Artur Victor Guimarães,Normal
6707,21,63,Bahia,José Élber Pimentel Da Silva,Normal
6708,21,49,Internacional,Edenílson Andrade Dos Santos,Normal
6708,21,,Flamengo,,Normal
6708,21,74,Flamengo,Bruno Henrique,Normal
6708,21,,Flamengo,Gabriel Barbosa,Normal
6708,21,,Flamengo,,Normal
6709,21,16,Goias,Leandro Barcia Montero,Normal
6710,21,52,Csa,Apodi,Normal
6710,21,11,Palmeiras,Willian Gomes De Siqueira,Normal
6710,21,83,Palmeiras,Bruno Henrique Corsini,Normal
6710,21,11,Palmeiras,Willian Gomes De Siqueira,Normal
6710,21,47,Palmeiras,Gustavo Gómez,Normal
6710,21,,Palmeiras,Bruno Henrique Corsini,Normal
6710,21,6,Palmeiras,,Normal
6710,21,75,Palmeiras,Luiz Adriano,Normal
6710,21,88,Csa,Ricardo Bueno,Normal
6711,21,48,Fluminense,Lucas Veríssimo,Contra
6711,21,40,Santos,Yeferson Soteldo,Normal
6712,21,46,Gremio,Luciano Da Rocha Neves,Normal
6712,21,38,Gremio,,Normal
6712,21,14,Gremio,David Braz,Normal
6712,21,86,Avai,Geirton Marques Aires,Normal
6712,21,70,Gremio,,Normal
6712,21,4,Gremio,Diego Tardelli,Normal
6712,21,64,Gremio,Bruno Cortês,Normal
6713,21,94,Athletico-Pr,Marcelo  Cirino  Da  Silva,Normal
6713,21,11,Fortaleza,Wellington Paulista,Pênalti
6713,21,61,Athletico-Pr,,Normal
6713,21,48,Athletico-Pr,Nikão,Normal
6713,21,32,Athletico-Pr,Marco Ruben,Normal
6714,21,94,Vasco,Marcos Antônio Candido Ferreira Júnior,Normal
6714,21,60,Atletico-Mg,Rómulo Otero,Normal
6714,21,67,Vasco,Rossicley Pereira Da Silva,Pênalti
6715,21,63,Corinthians,Danilo  Avelar,Normal
6717,22,59,Corinthians,Ralf  De  Souza  Teles,Normal
6718,22,35,Santos,Carlos Andrés Sánchez,Pênalti
6718,22,57,Santos,Eduardo Sasha,Normal
6719,22,28,Internacional,,Normal
6719,22,58,Palmeiras,Willian Gomes De Siqueira,Normal
6720,22,50,Fluminense,Caio Henrique,Normal
6720,22,75,Gremio,Patrick,Normal
6720,22,,Fluminense,Nenê,Normal
6720,22,75,Gremio,Patrick,Normal
6721,22,57,Athletico-Pr,Nikão,Normal
6721,22,31,Chapecoense,Arthur Gomes,Normal
6722,22,81,Atletico-Mg,Luan Madson Gedeão De Paiva,Normal
6722,22,43,Ceara,Thiago Galhardo,Pênalti
6722,22,54,Atletico-Mg,Rómulo Otero,Normal
6722,22,43,Ceara,Thiago Galhardo,Pênalti
6723,22,27,Bahia,Nino Paraíba,Normal
6723,22,25,Bahia,José Élber Pimentel Da Silva,Normal
6724,22,61,Fortaleza,Marcelo Da Conceição Benevenuto Malaquias,Contra
6725,22,62,Goias,Alan Ruschel,Normal
6726,23,50,Santos,Tailson Pinto Gonçalves,Normal
6727,23,39,Fortaleza,Wellington Paulista,Pênalti
6727,23,79,Sao Paulo,Igor Gomes,Normal
6727,23,14,Sao Paulo,Pablo Felipe Teixeira,Normal
6729,23,76,Bahia,José Fernando Viana De Santana,Normal
6729,23,57,Athletico-Pr,Marcelo Cirino Da Silva,Normal
6729,23,65,Athletico-Pr,Léo Cittadini,Normal
6730,23,10,Internacional,,Normal
6730,23,63,Cruzeiro,Fred,Normal
6731,23,,Flamengo,Bruno Henrique,Normal
6731,23,,Flamengo,Bruno Henrique,Normal
6732,23,27,Goias,Michael Richard Delgado De Oliveira,Normal
6733,23,48,Atletico-Mg,,Normal
6733,23,83,Palmeiras,,Normal
6734,23,35,Fluminense,Yony González,Normal
6735,23,14,Csa,Ricardo Bueno,Normal
6735,23,48,Avai,Jonathan,Normal
6735,23,,Csa,Jonatan Gómez,Pênalti
6735,23,95,Csa,Apodi,Normal
6735,23,14,Csa,Ricardo Bueno,Normal
6736,24,66,Csa,Jonatan Gómez,Pênalti
6737,24,81,Botafogo-Rj,Leonardo Valencia,Normal
6737,24,32,Botafogo-Rj,Gabriel Costa França,Normal
6737,24,65,Botafogo-Rj,João Paulo,Normal
6737,24,77,Goias,Marcelo Da Conceição Benevenuto Malaquias,Contra
6738,24,,Fortaleza,Wellington Paulista,Normal
6738,24,50,Fortaleza,Wellington Paulista,Pênalti
6740,24,42,Gremio,,Pênalti
6740,24,35,Gremio,Pedro Geromel,Normal
6740,24,35,Gremio,Pedro Geromel,Normal
6740,24,44,Ceara,Fabinho,Normal
6742,24,17,Santos,Mário Sérgio Santos Costa,Normal
6742,24,14,Santos,Gustavo Henrique Vernes,Normal
6743,24,24,Athletico-Pr,Léo Cittadini,Normal
6743,24,16,Corinthians,Carlos Gilberto Do Nascimento Silva,Normal
6743,24,,Corinthians,Mauro Boselli,Normal
6743,24,32,Athletico-Pr,Erick Luis Conrado Carvalho,Normal
6745,24,51,Atletico-Mg,Nathan Allan De Souza,Normal
6745,24,61,Flamengo,Victor Vinícius Coelho Santos,Normal
6745,24,37,Flamengo,Willian Arã£O,Normal
6745,24,76,Flamengo,Reinier,Normal
6746,25,44,Goias,Michael Richard Delgado De Oliveira,Normal
6747,25,45,Fluminense,Daniel Sampaio Simãµes,Normal
6747,25,20,Fluminense,Nenê,Pênalti
6748,25,15,Palmeiras,Thiago Dos Santos,Normal
6750,25,91,Flamengo,Bruno Henrique,Normal
6750,25,45,Flamengo,Bruno Henrique,Normal
6751,25,90,Ceara,Bérgson Gustavo Silveira Da Silva,Normal
6752,25,68,Vasco,Yago Pikachu,Pênalti
6753,25,66,Sao Paulo,Reinaldo Manoel Da Silva,Pênalti
6754,25,94,Gremio,Alisson Euler De Freitas Castro,Normal
6754,25,47,Gremio,Pepê,Normal
6754,25,,Gremio,Rafael Galhardo,Normal
6754,25,49,Atletico-Mg,Franco Di Santo,Pênalti
6754,25,,Gremio,Maicon,Pênalti
6755,25,95,Chapecoense,Camilo,Normal
6755,25,4,Cruzeiro,Dedé,Normal
6755,25,95,Chapecoense,Camilo,Normal
6756,26,89,Csa,Jonatan Gómez,Pênalti
6756,26,34,Csa,Alecsandro,Normal
6756,26,69,Atletico-Mg,,Normal
6756,26,85,Atletico-Mg,Luan Madson Gedeã£O De Paiva,Normal
6757,26,91,Bahia,Arthur Caike Do Nascimento Cruz,Pênalti
6758,26,90,Flamengo,Reinier,Normal
6758,26,83,Flamengo,Gabriel Barbosa,Pênalti
6758,26,61,Fortaleza,Bruno Ferreira Melo,Pênalti
6759,26,,Cruzeiro,,Normal
6760,26,99,Palmeiras,Felipe Melo,Normal
6761,26,,Corinthians,Gustavo,Pênalti
6761,26,11,Corinthians,Janderson,Normal
6761,26,37,Goias,Michael Richard Delgado De Oliveira,Normal
6761,26,71,Goias,Leandro Barcia Montero,Normal
6762,26,8,Vasco,Bruno Gomes,Normal
6762,26,22,Botafogo-Rj,Marcelo Da Conceição Benevenuto Malaquias,Normal
6762,26,18,Vasco,Ribamar,Normal
6763,26,22,Internacional,Patrick,Normal
6763,26,,Internacional,Martín Sarrafiore,Normal
6764,26,,Santos,Eduardo Sasha,Normal
6764,26,,Ceara,Lima,Normal
6764,26,84,Santos,Gustavo Henrique Vernes,Normal
6765,26,,Fluminense,Frazan,Normal
6765,26,48,Athletico-Pr,Madson,Normal
6765,26,71,Athletico-Pr,Madson,Normal
6766,27,35,Fortaleza,Wellington Paulista,Normal
6766,27,41,Fortaleza,Osvaldo Filho,Normal
6766,27,41,Fortaleza,Osvaldo Filho,Normal
6766,27,10,Gremio,Paulo Miranda,Normal
6767,27,34,Corinthians,Fagner,Normal
6767,27,71,Cruzeiro,Éderson,Normal
6767,27,38,Cruzeiro,Fred,Normal
6768,27,53,Vasco,Marrony,Normal
6769,27,51,Sao Paulo,Robert Arboleda,Normal
6770,27,,Atletico-Mg,Leonardo  Silva,Normal
6770,27,2,Atletico-Mg,Luan Madson Gedeão De Paiva,Normal
6771,27,66,Flamengo,-,Normal
6771,27,4,Flamengo,Bruno Henrique,Normal
6772,27,,Chapecoense,Henrique Almeida,Normal
6772,27,,Chapecoense,Henrique Almeida,Normal
6772,27,49,Goias,Rafael Diniz Alves E Silva,Normal
6772,27,23,Chapecoense,,Normal
6772,27,85,Goias,Rafael Vaz,Normal
6773,27,7,Athletico-Pr,,Normal
6773,27,41,Palmeiras,,Normal
6774,27,86,Ceara,Luiz Otávio,Normal
6774,27,76,Bahia,Artur  Victor  Guimarães,Normal
6774,27,94,Ceara,Luiz  Otávio,Normal
6775,27,16,Botafogo-Rj,Luciano Castán,Contra
6775,27,69,Botafogo-Rj,Igor Cássio,Normal
6775,27,67,Csa,Ricardo Bueno,Pênalti
6777,28,18,Vasco,Rossicley Pereira Da Silva,Normal
6777,28,,Ceara,,Normal
6778,28,53,Internacional,Guilherme Parede,Normal
6778,28,86,Bahia,Josã© Carlos Ferreira Jãºnior,Normal
6778,28,74,Internacional,Paolo Guerrero,Normal
6778,28,71,Bahia,Artur Victor Guimarães,Normal
6778,28,50,Internacional,Paolo Guerrero,Normal
6779,28,27,Chapecoense,Everaldo Stum,Normal
6779,28,52,Fluminense,Marcos Paulo Costa Do Nascimento,Normal
6780,28,80,Cruzeiro,Luis Manuel Orejuela,Normal
6780,28,83,Fortaleza,Wellington Paulista,Normal
6781,28,46,Goias,Rafael  Moura,Normal
6781,28,94,Athletico-Pr,Marco Ruben,Normal
6781,28,48,Athletico-Pr,Léo Pereira,Normal
6781,28,62,Athletico-Pr,Adriano Correia Claro,Normal
6781,28,,Athletico-Pr,Rony,Normal
6782,28,71,Gremio,Thaciano,Normal
6782,28,12,Gremio,Maicon,Normal
6782,28,80,Gremio,Everton Sousa Soares,Normal
6782,28,80,Gremio,Everton Sousa Soares,Normal
6783,28,57,Sao Paulo,Vitor Bueno,Normal
6783,28,57,Sao Paulo,Vitor Bueno,Normal
6783,28,51,Sao Paulo,Igor Gomes,Normal
6784,28,79,Avai,João Paulo,Pênalti
6784,28,79,Avai,João Paulo,Pênalti
6784,28,54,Palmeiras,Deyverson,Normal
6784,28,86,Palmeiras,Gustavo Scarpa,Pênalti
6785,28,9,Flamengo,Giorgian De Arrascaeta,Normal
6786,29,57,Palmeiras,Gustavo Scarpa,Normal
6786,29,12,Palmeiras,Bruno Henrique Corsini,Normal
6786,29,12,Palmeiras,Bruno Henrique Corsini,Normal
6786,29,42,Palmeiras,Felipe Melo,Normal
6786,29,42,Palmeiras,Felipe Melo,Normal
6787,29,51,Avai,Vinícius Vasconcelos Araújo,Normal
6787,29,89,Fortaleza,Wellington Paulista,Pênalti
6787,29,52,Fortaleza,Romarinho,Normal
6787,29,23,Fortaleza,Paulo Marcos De Jesus Ribeiro,Normal
6788,29,50,Chapecoense,Everaldo Stum,Normal
6788,29,50,Chapecoense,Everaldo Stum,Normal
6788,29,50,Chapecoense,Everaldo Stum,Normal
6788,29,50,Chapecoense,Everaldo Stum,Normal
6788,29,6,Chapecoense,Henrique Almeida,Normal
6789,29,14,Ceara,Bérgson Gustavo Silveira Da Silva,Normal
6789,29,92,Ceara,Mateus Gonçalves Martins,Normal
6790,29,33,Gremio,Pepê,Normal
6790,29,9,Vasco,,Normal
6790,29,54,Gremio,,Normal
6790,29,33,Gremio,Pepê,Normal
6790,29,68,Gremio,Luciano Da Rocha Neves,Normal
6791,29,25,Csa,Apodi,Normal
6791,29,45,Corinthians,Pedrinho,Normal
6791,29,80,Csa,Ricardo Bueno,Normal
6792,29,54,Santos,Carlos Andrés Sánchez,Pênalti
6793,29,55,Flamengo,Gabriel Barbosa,Normal
6793,29,77,Goias,Rafael Moura,Normal
6793,29,94,Goias,Michael Richard Delgado De Oliveira,Normal
6793,29,63,Flamengo,Rodrigo  Caio,Normal
6794,29,11,Internacional,Rodrigo Lindoso,Normal
6794,29,22,Athletico-Pr,Rony,Normal
6795,29,97,Cruzeiro,Éderson,Normal
6795,29,26,Cruzeiro,Carlos De Menezes Júnior,Normal
6796,30,15,Fortaleza,Gabriel Dias De Oliveira,Normal
6796,30,,Atletico-Mg,Fã¡Bio Santos,Normal
6796,30,,Atletico-Mg,Patric Cabral Lalau,Normal
6796,30,28,Fortaleza,Gabriel Dias De Oliveira,Normal
6798,30,17,Palmeiras,José Rafael Vivian,Normal
6799,30,70,Sao Paulo,Bruno Alves,Normal
6799,30,80,Sao Paulo,Antony Matheus Dos Santos,Normal
6799,30,24,Sao Paulo,Vitor Bueno,Normal
6800,30,52,Corinthians,Mateus Vital,Normal
6800,30,67,Flamengo,Victor Vinícius Coelho Santos,Normal
6800,30,46,Flamengo,Bruno Henrique,Normal
6800,30,47,Flamengo,Bruno Henrique,Normal
6800,30,46,Flamengo,Bruno Henrique,Normal
6801,30,,Athletico-Pr,Marcelo Cirino Da Silva,Normal
6802,30,78,Gremio,Rômulo Borges Monteiro,Normal
6802,30,34,Gremio,Pedro Geromel,Normal
6803,30,,Santos,Mário  Sérgio  Santos  Costa,Normal
6803,30,34,Botafogo-Rj,Igor Cássio,Normal
6803,30,3,Santos,Eduardo Sasha,Normal
6803,30,68,Santos,Yeferson Soteldo,Normal
6803,30,69,Santos,Yeferson Soteldo,Normal
6803,30,68,Santos,Yeferson Soteldo,Normal
6804,30,74,Cruzeiro,Luiz Ricardo Alves,Normal
6804,30,66,Bahia,,Pênalti
6805,30,,Goias,Thalles,Normal
6805,30,91,Goias,,Pênalti
6806,31,37,Corinthians,Mauro Boselli,Normal
6806,31,52,Fortaleza,Kieza,Normal
6806,31,72,Corinthians,Mauro Boselli,Normal
6806,31,34,Fortaleza,Romarinho,Normal
6806,31,48,Corinthians,Júnior Urso,Normal
6807,31,94,Atletico-Mg,Bruninho,Normal
6807,31,94,Atletico-Mg,Bruninho,Normal
6807,31,54,Atletico-Mg,José Marcos Costa Martins,Normal
6808,31,24,Santos,,Normal
6808,31,24,Santos,,Normal
6808,31,,Santos,Eduardo Sasha,Normal
6808,31,35,Avai,João Paulo,Normal
6810,31,,Palmeiras,Lucas Rafael Araújo Lima,Normal
6810,31,18,Vasco,Mayke,Contra
6810,31,77,Palmeiras,Luiz Adriano,Normal
6810,31,18,Vasco,Mayke,Contra
6811,31,85,Bahia,Marco Antonio Rosa Furtado Júnior,Normal
6811,31,14,Chapecoense,Henrique Almeida,Normal
6812,31,88,Ceara,Mateus Gonçalves Martins,Normal
6812,31,42,Ceara,Thiago Galhardo,Normal
6813,31,40,Fluminense,Marcos Paulo Costa Do Nascimento,Normal
6813,31,37,Fluminense,Rodrigo Junior Paula Silva,Normal
6814,31,89,Flamengo,,Normal
6815,31,8,Gremio,Diego Tardelli,Normal
6815,31,93,Gremio,Ronaldo Alves,Contra
6815,31,90,Csa,Rafinha,Normal
6816,32,73,Santos,,Normal
6816,32,60,Santos,Mário Sérgio Santos Costa,Normal
6816,32,25,Santos,Yeferson Soteldo,Normal
6817,32,94,Palmeiras,Bruno Henrique Corsini,Normal
6817,32,92,Corinthians,Michel Macedo Rocha Machado,Normal
6818,32,72,Fluminense,Wellington Nem,Normal
6818,32,35,Internacional,William Pottker,Normal
6818,32,39,Internacional,William Pottker,Normal
6820,32,90,Athletico-Pr,Marcelo Cirino Da Silva,Normal
6821,32,87,Flamengo,Gabriel Barbosa,Normal
6821,32,39,Bahia,Willian Arão,Contra
6821,32,72,Flamengo,Bruno Henrique,Normal
6821,32,54,Flamengo,Reinier,Normal
6822,32,3,Gremio,Luciano Da Rocha Neves,Normal
6823,32,13,Fortaleza,Wellington Paulista,Normal
6824,32,,Vasco,Carlos Andrade Souza,Normal
6824,32,67,Vasco,Oswaldo José Henríquez Bocanegra,Normal
6824,32,26,Vasco,Raul,Normal
6824,32,26,Vasco,Raul,Normal
6825,32,13,Botafogo-Rj,Ricardo Thalheimer,Contra
6825,32,88,Botafogo-Rj,Diego Souza,Normal
6826,34,50,Flamengo,Danilo Barcelos,Contra
6826,34,65,Flamengo,Bruno Henrique,Normal
6826,34,1,Flamengo,Éverton Ribeiro,Normal
6826,34,34,Vasco,Marrony,Normal
6826,34,52,Vasco,Marcos Antônio Candido Ferreira Júnior,Normal
6826,34,93,Vasco,,Normal
6826,34,80,Flamengo,Bruno Henrique,Normal
6826,34,65,Flamengo,Bruno Henrique,Normal
6826,34,38,Vasco,Yago Pikachu,Pênalti
6827,34,65,Santos,Yeferson  Soteldo,Normal
6827,34,90,Santos,Diego Pituca,Normal
6827,34,23,Santos,Eduardo Sasha,Normal
6827,34,14,Cruzeiro,Luis Manuel Orejuela,Normal
6827,34,60,Santos,Mário Sérgio Santos Costa,Normal
6828,34,94,Gremio,Pepê,Normal
6828,34,69,Gremio,Everton Sousa Soares,Pênalti
6828,34,83,Palmeiras,Bruno Henrique Corsini,Pênalti
6829,34,87,Athletico-Pr,Vitor Hugo Naum Dos Santos,Normal
6830,34,79,Goias,Jonathan Marlone,Normal
6830,34,79,Goias,Jonathan Marlone,Normal
6830,34,71,Goias,,Normal
6830,34,71,Goias,,Normal
6830,34,12,Goias,Michael Richard Delgado De Oliveira,Normal
6830,34,59,Bahia,Gilberto Oliveira Souza Junior,Normal
6830,34,8,Goias,Rafael Moura,Normal
6830,34,77,Bahia,João Pedro Maturano Dos Santos,Normal
6830,34,91,Bahia,José Fernando Viana De Santana,Normal
6831,34,19,Botafogo-Rj,Diego Souza,Normal
6832,34,,Ceara,Felipe De Oliveira Silva,Normal
6832,34,46,Sao Paulo,,Normal
6833,34,43,Internacional,Paolo Guerrero,Normal
6833,34,8,Fortaleza,Osvaldo Filho,Normal
6833,34,72,Fortaleza,Tinga,Normal
6833,34,83,Internacional,Paolo Guerrero,Normal
6833,34,8,Fortaleza,Osvaldo Filho,Normal
6833,34,43,Internacional,Paolo Guerrero,Normal
6834,34,77,Chapecoense,Everaldo Stum,Normal
6835,34,50,Fluminense,Yony González,Normal
6836,33,55,Sao Paulo,Daniel Alves,Normal
6836,33,8,Santos,Carlos Andrés Sánchez,Pênalti
6837,33,16,Fluminense,Patric Cabral Lalau,Contra
6837,33,89,Atletico-Mg,Franco Di Santo,Normal
6838,33,37,Flamengo,Gabriel Barbosa,Pênalti
6839,33,71,Palmeiras,Miguel Borja,Normal
6839,33,,Bahia,Arthur Caike Do Nascimento Cruz,Normal
6840,33,82,Chapecoense,Everaldo Stum,Normal
6841,33,59,Athletico-Pr,Thonny Anderson,Normal
6843,33,34,Fortaleza,Paulo Roberto Valoura Junior,Normal
6843,33,54,Fortaleza,Paulo Marcos De Jesus Ribeiro,Normal
6843,33,54,Fortaleza,Paulo Marcos De Jesus Ribeiro,Normal
6843,33,49,Fortaleza,Tinga,Normal
6844,33,97,Goias,,Contra
6844,33,,Vasco,Fredy Guarín,Normal
6844,33,97,Goias,,Contra
6846,35,14,Goias,Rafael Moura,Normal
6846,35,78,Internacional,Paolo Guerrero,Normal
6846,35,72,Goias,Michael Richard Delgado De Oliveira,Normal
6846,35,14,Goias,Rafael Moura,Normal
6847,35,53,Botafogo-Rj,Rhuan,Normal
6848,35,54,Atletico-Mg,Juan Cazares,Normal
6848,35,64,Bahia,José Élber Pimentel Da Silva,Normal
6849,35,64,Athletico-Pr,Nikão,Pênalti
6849,35,33,Athletico-Pr,Márcio Azevedo,Normal
6849,35,64,Athletico-Pr,Nikão,Pênalti
6850,35,91,Flamengo,,Normal
6850,35,65,Flamengo,Bruno Henrique,Normal
6850,35,85,Flamengo,Bruno Henrique,Normal
6850,35,74,Flamengo,Bruno Henrique,Normal
6850,35,27,Ceara,,Normal
6851,35,52,Corinthians,,Normal
6851,35,87,Corinthians,Mauro Boselli,Normal
6851,35,22,Corinthians,,Normal
6852,35,38,Fluminense,Marcos Paulo Costa Do Nascimento,Normal
6853,35,69,Santos,Carlos Andrés Sánchez,Normal
6853,35,50,Fortaleza,Edinho,Normal
6853,35,65,Fortaleza,Osvaldo Filho,Normal
6854,35,6,Sao Paulo,Antony Matheus Dos Santos,Normal
6855,35,43,Csa,-,Normal
6856,36,84,Internacional,Paolo Guerrero,Normal
6857,36,94,Athletico-Pr,Madson,Normal
6857,36,88,Ceara,Mateus Gonçalves Martins,Normal
6857,36,94,Athletico-Pr,Madson,Normal
6858,36,93,Avai,João Paulo,Normal
6858,36,36,Fluminense,Marcos Paulo Costa Do Nascimento,Normal
6859,36,46,Flamengo,Gabriel Barbosa,Normal
6859,36,46,Flamengo,Gabriel Barbosa,Normal
6859,36,4,Flamengo,Giorgian De Arrascaeta,Normal
6859,36,84,Palmeiras,Matheus Fernandes,Normal
6860,36,16,Fortaleza,Bruno Ferreira Melo,Normal
6860,36,43,Goias,Rafael Moura,Normal
6860,36,26,Fortaleza,Osvaldo Filho,Normal
6861,36,32,Bahia,Gilberto Oliveira Souza Junior,Normal
6861,36,86,Bahia,Arthur Caike Do Nascimento Cruz,Normal
6861,36,55,Csa,Nã­Lton Ferreira Jãºnior,Normal
6862,36,20,Corinthians,,Normal
6862,36,74,Atletico-Mg,Fábio Santos,Pênalti
6862,36,19,Atletico-Mg,Juan Cazares,Normal
6863,36,,Santos,Lucas Veríssimo,Normal
6863,36,,Santos,Evandro Goebel,Normal
6863,36,,Santos,Evandro Goebel,Normal
6864,36,56,Gremio,Luciano Da Rocha Neves,Pênalti
6864,36,,Gremio,Alisson Euler De Freitas Castro,Normal
6864,36,62,Gremio,Luciano Da Rocha Neves,Normal
6865,36,10,Vasco,Fredy Guarín,Normal
6866,37,,Athletico-Pr,Marco Ruben,Normal
6867,37,81,Corinthians,Gustavo,Normal
6868,37,41,Atletico-Mg,Jair Rodrigues Júnior,Normal
6868,37,68,Atletico-Mg,Luan Madson Gedeão De Paiva,Normal
6869,37,59,Chapecoense,,Normal
6869,37,2,Chapecoense,Gustavo Campanharo,Normal
6869,37,79,Chapecoense,Maurício Ramos,Normal
6871,37,49,Sao  Paulo,,Normal
6871,37,70,Internacional,Guilherme Parede,Normal
6871,37,16,Sao Paulo,Antony Matheus Dos Santos,Normal
6872,37,67,Gremio,Aldemir Ferreira,Normal
6872,37,85,Gremio,Pepê,Pênalti
6873,37,34,Palmeiras,,Normal
6873,37,70,Palmeiras,Gabriel Veron,Normal
6873,37,,Palmeiras,José Rafael Vivian,Normal
6873,37,82,Palmeiras,Eduardo Pereira Rodrigues,Normal
6873,37,90,Palmeiras,Gabriel Veron,Normal
6873,37,27,Goias,Rafael Moura,Pênalti
6874,37,45,Bahia,Gilberto Oliveira Souza Junior,Pênalti
6874,37,85,Vasco,,Normal
6875,37,,Flamengo,Reinier,Normal
6875,37,,Flamengo,Gabriel Barbosa,Normal
6875,37,11,Flamengo,Giorgian De Arrascaeta,Normal
6875,37,89,Flamengo,Reinier,Normal
6875,37,57,Flamengo,,Normal
6875,37,,Avai,Lourenã§O,Normal
6875,37,37,Flamengo,,Normal
6875,37,89,Flamengo,Reinier,Normal
6876,38,8,Fluminense,Francisco Evanilson De Lima Barbosa,Normal
6876,38,63,Corinthians,Gustavo,Normal
6876,38,28,Fluminense,Francisco Evanilson De Lima Barbosa,Normal
6877,38,23,Santos,Carlos  Andrés  Sánchez,Normal
6877,38,63,Santos,Eduardo Sasha,Normal
6877,38,85,Santos,Carlos Andrés Sánchez,Normal
6877,38,15,Santos,Mário Sérgio Santos Costa,Normal
6878,38,66,Ceara,Thiago Galhardo,Pênalti
6878,38,39,Botafogo-Rj,Marcos Vinã­Cius De Jesus Araãºjo,Normal
6879,38,44,Csa,-,Normal
6879,38,14,Sao Paulo,Igor Vinícius,Normal
6879,38,11,Sao Paulo,Jonas Toró,Normal
6880,38,6,Atletico-Mg,Rã³Mulo Otero,Normal
6880,38,82,Internacional,Paolo  Guerrero,Normal
6880,38,98,Internacional,Víctor Cuesta,Normal
6881,38,58,Palmeiras,José Rafael Vivian,Normal
6881,38,84,Palmeiras,Eduardo Pereira Rodrigues,Normal
6882,38,45,Goias,Rafael Moura,Normal
6882,38,,Goias,Yago Rocha,Normal
6882,38,4,Goias,Rafael Moura,Normal
6882,38,23,Gremio,Patrick,Normal
6882,38,37,Gremio,Isaque  Elias,Normal
6883,38,93,Chapecoense,Vinícius,Normal
6883,38,84,Vasco,Yago Pikachu,Pênalti
6883,38,93,Chapecoense,Vinícius,Normal
6883,38,84,Vasco,Yago Pikachu,Pênalti
6885,38,,Fortaleza,Tinga,Normal
6885,38,13,Fortaleza,Osvaldo Filho,Normal
6885,38,33,Bahia,,Normal
6885,38,33,Bahia,,Normal
6886,1,48,Athletico-Pr,Léo Cittadini,Normal
6886,1,22,Athletico-Pr,Vitor Hugo Naum Dos Santos,Normal
6887,1,72,Internacional,Paolo Guerrero,Normal
6888,1,20,Sport,Elton Rodrigues Brandão,Normal
6888,1,57,Ceara,Vítor Jacaré,Normal
6888,1,36,Ceara,Cléber,Normal
6888,1,42,Sport,-,Normal
6888,1,34,Sport,Elton Rodrigues Brandão,Pênalti
6889,1,,Bragantino,Claudinho,Normal
6889,1,65,Santos,Mário Sérgio Santos Costa,Normal
6890,1,24,Atletico-Mg,Filipe Luís,Contra
6891,1,45,Gremio,Diego Souza,Normal
6893,1,91,Botafogo-Rj,Pedro Raúl,Normal
6893,1,,Bahia,Gilberto Oliveira Souza Junior,Normal
6893,1,84,Bahia,N/A,Normal
6894,1,19,Sao Paulo,Igor Gomes,Normal
6894,1,49,Sao Paulo,Brenner,Normal
6894,1,83,Sao Paulo,Hernanes,Normal
6895,1,31,Palmeiras,Breno Lopes,Normal
6895,1,35,Vasco,Martín Benítez,Normal
6895,1,35,Vasco,Martín Benítez,Normal
6896,2,32,Athletico-Pr,Vitor  Hugo  Naum  Dos  Santos,Normal
6896,2,,Athletico-Pr,Carlos Eduardo Ferreira De Souza,Normal
6896,2,58,Goias,,Pênalti
6896,2,58,Goias,,Pênalti
6897,2,52,Atletico-Mg,Hyoran,Normal
6897,2,30,Corinthians,-,Normal
6897,2,12,Corinthians,Jô,Normal
6897,2,30,Corinthians,-,Normal
6897,2,56,Atletico-Mg,Hyoran,Normal
6897,2,61,Atletico-Mg,Nathan Allan De Souza,Normal
6898,2,6,Bragantino,,Normal
6898,2,65,Botafogo-Rj,,Normal
6899,2,40,Bahia,Rodrigo Eduardo Costa Marinho,Pênalti
6900,2,32,Atletico-Go,Jorginho,Normal
6900,2,61,Atletico-Go,Gustavo Ferrareis,Normal
6900,2,15,Atletico-Go,Hyuri,Normal
6901,2,44,Ceara,Cléber,Normal
6901,2,71,Gremio,Thaciano,Normal
6902,2,39,Fluminense,Francisco Evanilson De Lima Barbosa,Normal
6902,2,,Palmeiras,Luiz Adriano,Normal
6903,2,43,Sao Paulo,Daniel Alves,Normal
6904,2,88,Internacional,Edenílson Andrade Dos Santos,Normal
6904,2,57,Internacional,Paolo Guerrero,Normal
6904,2,88,Internacional,Edenílson Andrade Dos Santos,Normal
6905,2,9,Vasco,Fellipe Bastos,Normal
6905,2,,Vasco,Fellipe Bastos,Normal
6907,3,28,Flamengo,Giorgian De Arrascaeta,Normal
6908,3,18,Palmeiras,Gustavo Gómez,Normal
6908,3,18,Palmeiras,Gustavo Gómez,Normal
6908,3,,Goias,Rafael Vaz,Normal
6909,3,,Atletico-Mg,Marrony,Normal
6909,3,,Atletico-Mg,Marrony,Normal
6909,3,73,Atletico-Mg,Marrony,Pênalti
6910,3,93,Bahia,-,Normal
6910,3,,Bahia,José Carlos Ferreira Júnior,Normal
6910,3,,Bragantino,,Normal
6911,3,62,Vasco,Germán Cano,Normal
6911,3,97,Sao Paulo,Reinaldo Manoel Da Silva,Pênalti
6911,3,75,Vasco,Germán  Cano,Normal
6912,3,28,Internacional,,Normal
6912,3,,Fluminense,Nenê,Pênalti
6912,3,39,Fluminense,,Pênalti
6913,3,13,Atletico-Go,Jorginho,Normal
6913,3,,Sport,Iago Maidana,Normal
6915,3,29,Santos,Yeferson Soteldo,Normal
6915,3,82,Santos,Mário Sérgio Santos Costa,Normal
6915,3,41,Santos,,Normal
6915,3,,Athletico-Pr,Abner Vinícius,Normal
6916,4,89,Flamengo,Gabriel Barbosa,Pênalti
6916,4,45,Gremio,Pepê,Normal
6917,4,2,Fluminense,Nenê,Normal
6917,4,,Bragantino,Luis Phelipe,Normal
6917,4,1,Bragantino,Alerrandro Barra Mansa Realino De Souza,Normal
6918,4,92,Palmeiras,Raphael Cavalcante Veiga,Normal
6919,4,80,Goias,Jefferson,Normal
6919,4,69,Fortaleza,Yuri César,Normal
6919,4,59,Fortaleza,Bruno Ferreira Melo,Normal
6919,4,8,Fortaleza,Wellington Paulista,Normal
6920,4,69,Internacional,Thiago Galhardo,Normal
6920,4,90,Internacional,Thiago Galhardo,Pênalti
6920,4,52,Internacional,Damián Musto,Normal
6921,4,87,Corinthians,Gustavo Mosquito,Normal
6921,4,42,Coritiba,Luiz Ricardo Alves,Normal
6921,4,,Corinthians,Jô,Normal
6921,4,,Corinthians,Leonardo Natel,Normal
6921,4,,Corinthians,Jô,Normal
6921,4,87,Corinthians,Gustavo Mosquito,Normal
6922,4,88,Botafogo-Rj,Caio Alexandre,Normal
6922,4,27,Botafogo-Rj,Luiz Fernando Moraes Dos Santos,Normal
6922,4,97,Atletico-Mg,Igor Rabello,Normal
6923,4,76,Santos,Mário Sérgio Santos Costa,Normal
6924,4,95,Vasco,Ribamar,Normal
6924,4,,Vasco,Germán Cano,Normal
6924,4,78,Vasco,Fellipe Bastos,Normal
6925,4,21,Bahia,Rossicley Pereira Da Silva,Normal
6925,4,85,Sao Paulo,Luciano Da Rocha Neves,Normal
6926,5,49,Fluminense,Felipe Aguilar,Contra
6927,5,8,Internacional,Thiago Galhardo,Normal
6928,5,21,Goias,,Normal
6928,5,95,Goias,Victor Andrade,Normal
6929,5,93,Botafogo-Rj,Pedro Raúl,Normal
6929,5,,Flamengo,Gabriel Barbosa,Normal
6931,5,73,Palmeiras,,Normal
6931,5,,Palmeiras,,Pênalti
6931,5,48,Santos,,Contra
6932,5,49,Coritiba,Sabino,Pênalti
6932,5,45,Bragantino,Alerrandro Barra Mansa Realino De Souza,Normal
6932,5,53,Coritiba,Robson Fernandes,Normal
6933,5,6,Sao Paulo,Pablo Felipe Teixeira,Normal
6934,5,12,Ceara,Cléber,Normal
6934,5,75,Ceara,Mateus  Gonçalves  Martins,Normal
6934,5,12,Ceara,Cléber,Normal
6935,5,76,Corinthians,Luan Guilherme De Jesus Vieira,Normal
6935,5,62,Fortaleza,,Normal
6936,11,65,Sao Paulo,Luciano Da Rocha Neves,Normal
6937,11,36,Bahia,Nino Paraíba,Normal
6937,11,89,Bahia,Saldanha,Normal
6937,11,61,Corinthians,,Normal
6937,11,17,Corinthians,Rómulo Otero,Normal
6937,11,34,Corinthians,Roni,Normal
6938,11,66,Fortaleza,Felipe,Normal
6939,11,45,Bragantino,Alerrandro Barra Mansa Realino De Souza,Normal
6939,11,20,Ceara,Vinícius,Normal
6939,11,4,Bragantino,Léo Ortiz,Normal
6939,11,,Ceara,Wescley,Normal
6939,11,23,Bragantino,Bruno Tubarã£O,Normal
6939,11,63,Bragantino,Lucas Evangelista,Normal
6940,11,55,Atletico-Go,Gustavo Ferrareis,Normal
6940,11,60,Atletico-Mg,Nathan Allan De Souza,Normal
6940,11,78,Atletico-Mg,Keno,Normal
6940,11,55,Atletico-Go,Gustavo Ferrareis,Normal
6940,11,53,Atletico-Mg,Keno,Pênalti
6940,11,95,Atletico-Go,Gilvan,Normal
6940,11,65,Atletico-Mg,,Normal
6940,11,,Atletico-Go,Oliveira,Normal
6941,11,92,Gremio,Aldemir Ferreira,Normal
6941,11,71,Palmeiras,Raphael Cavalcante Veiga,Normal
6942,11,90,Coritiba,Robson Fernandes,Pênalti
6942,11,90,Coritiba,Robson Fernandes,Pênalti
6944,11,13,Sport,Hernane Vidal De Souza,Pênalti
6945,11,,Flamengo,Pedro,Normal
6945,11,13,Goias,Vinícius Lopes,Normal
6945,11,96,Flamengo,Pedro,Normal
6946,6,5,Internacional,Thiago Galhardo,Normal
6946,6,28,Internacional,Gabriel Boschilia,Normal
6947,6,86,Vasco,Talles Magno,Normal
6947,6,81,Fluminense,Fred,Normal
6947,6,,Fluminense,Douglas Moreira,Normal
6948,6,95,Bahia,,Normal
6948,6,77,Palmeiras,José Rafael Vivian,Normal
6949,6,86,Fortaleza,Wellington Paulista,Normal
6949,6,39,Fortaleza,Wellington Paulista,Normal
6949,6,60,Fortaleza,,Normal
6950,6,92,Sao Paulo,,Normal
6950,6,36,Corinthians,Ramiro Moschen Benetti,Normal
6950,6,,Sao Paulo,Hernanes,Normal
6951,6,,Coritiba,Sabino,Pênalti
6952,6,50,Flamengo,,Normal
6953,6,64,Ceara,Vinícius,Normal
6953,6,96,Ceara,Lima,Normal
6954,6,35,Athletico-Pr,,Normal
6954,6,46,Athletico-Pr,Nikão,Normal
6955,6,19,Gremio,Jean Pyerre,Normal
6955,6,70,Goias,João Marcos Lima Candido,Normal
6955,6,70,Goias,João Marcos Lima Candido,Normal
6955,6,,Gremio,Maicon,Normal
6956,7,44,Ceara,Vinícius,Normal
6957,7,7,Fluminense,Francisco Evanilson De Lima Barbosa,Normal
6957,7,79,Atletico-Go,Renato Kayzer,Normal
6958,7,91,Corinthians,Danilo Avelar,Normal
6958,7,66,Goias,Vinícius Lopes,Normal
6958,7,28,Corinthians,Fábio Sanches,Contra
6960,7,29,Bragantino,Claudinho,Normal
6960,7,17,Athletico-Pr,Geuvânio,Normal
6961,7,90,Bahia,Daniel Sampaio Simões,Normal
6961,7,2,Flamengo,Pedro,Normal
6961,7,16,Flamengo,Pedro,Normal
6961,7,37,Flamengo,Giorgian De Arrascaeta,Normal
6961,7,42,Bahia,José Élber Pimentel Da Silva,Normal
6961,7,48,Flamengo,Éverton Ribeiro,Normal
6961,7,52,Flamengo,Giorgian De Arrascaeta,Normal
6961,7,32,Bahia,Rodrigo Eduardo Costa Marinho,Normal
6962,7,94,Palmeiras,,Normal
6962,7,92,Internacional,Thiago  Galhardo,Pênalti
6963,7,,Santos,Mário Sérgio Santos Costa,Normal
6963,7,73,Vasco,,Pênalti
6963,7,41,Vasco,Fellipe Bastos,Normal
6963,7,21,Santos,Lucas Veríssimo,Normal
6964,7,74,Sport,Iago Maidana,Pênalti
6964,7,5,Sport,Patric Cabral Lalau,Normal
6964,7,78,Gremio,Pepê,Normal
6965,7,,Atletico-Mg,Jair Rodrigues Júnior,Normal
6965,7,35,Atletico-Mg,Alan Steven Franco Palma,Normal
6965,7,45,Atletico-Mg,Alan Steven Franco Palma,Normal
6966,8,,Flamengo,Gabriel Barbosa,Normal
6966,8,6,Flamengo,Éverton Ribeiro,Normal
6966,8,14,Fortaleza,Paulo Roberto Valoura Junior,Pênalti
6967,8,22,Botafogo-Rj,Bruno Nazário,Normal
6967,8,12,Corinthians,Fagner,Pênalti
6967,8,93,Corinthians,Jô,Normal
6967,8,75,Botafogo-Rj,Salomon Kalou,Normal
6967,8,22,Botafogo-Rj,Bruno Nazário,Normal
6968,8,9,Santos,Felipe Jonatan,Normal
6969,8,,Palmeiras,Willian Gomes De Siqueira,Normal
6969,8,,Bragantino,Claudinho,Normal
6969,8,69,Palmeiras,Gabriel Veron,Normal
6970,8,20,Bahia,Rodrigo Eduardo Costa Marinho,Normal
6970,8,97,Bahia,Clayson Henrique Da Silva Vieira,Pênalti
6970,8,28,Internacional,Patrick,Normal
6970,8,68,Internacional,Thiago Galhardo,Pênalti
6971,8,40,Fluminense,Wellington Alves Da Silva,Normal
6971,8,,Sao Paulo,Luciano Da Rocha Neves,Normal
6971,8,50,Sao Paulo,Brenner,Normal
6971,8,92,Sao Paulo,Vitor Bueno,Normal
6971,8,,Sao Paulo,Luciano Da Rocha Neves,Normal
6972,8,7,Vasco,Germán Cano,Normal
6973,8,11,Atletico-Go,Edson Felipe Da Cruz,Normal
6973,8,41,Gremio,Isaque Elias,Normal
6974,8,68,Goias,Elton Rodrigues Brandão,Contra
6974,8,60,Sport,Leandro Barcia Montero,Normal
6974,8,,Sport,,Normal
6975,8,33,Atletico-Mg,Eduardo Sasha,Normal
6976,9,80,Botafogo-Rj,Victor Luis,Normal
6976,9,88,Athletico-Pr,Ravanelli Ferreira Dos Santos,Normal
6977,9,,Fortaleza,Wellington Paulista,Pênalti
6978,9,81,Goias,Ignacio Jara,Normal
6978,9,96,Coritiba,Sabino,Normal
6978,9,13,Coritiba,Robson Fernandes,Normal
6978,9,,Goias,Rafael Moura,Pênalti
6978,9,83,Goias,Sabino,Contra
6978,9,37,Coritiba,William Matheus,Normal
6979,9,53,Bragantino,Raul,Normal
6979,9,78,Sao Paulo,Luciano Da Rocha Neves,Normal
6979,9,53,Bragantino,Raul,Normal
6980,9,92,Fluminense,,Normal
6980,9,34,Flamengo,Gabriel Barbosa,Normal
6980,9,8,Flamengo,Filipe Luís,Normal
6981,9,22,Santos,Arthur Gomes,Normal
6981,9,99,Santos,,Pênalti
6981,9,,Atletico-Mg,,Normal
6981,9,99,Santos,,Pênalti
6981,9,39,Santos,,Normal
6982,9,44,Internacional,Thiago Galhardo,Normal
6982,9,76,Internacional,Thiago Galhardo,Normal
6983,9,43,Palmeiras,Luiz Adriano,Normal
6983,9,65,Palmeiras,Gabriel Veron,Normal
6984,9,25,Gremio,Alisson Euler De Freitas Castro,Normal
6984,9,54,Gremio,Darlan Mendes,Normal
6985,9,74,Atletico-Go,Renato Kayzer,Normal
6985,9,63,Atletico-Go,Renato Kayzer,Normal
6985,9,,Vasco,Germán  Cano,Normal
6986,10,12,Athletico-Pr,Fabinho,Normal
6987,10,74,Santos,Mário Sérgio Santos Costa,Normal
6987,10,38,Sao Paulo,Gabriel Sara,Normal
6987,10,8,Sao Paulo,Gabriel Sara,Normal
6987,10,30,Santos,Madson,Normal
6988,10,88,Fluminense,Nenê,Pênalti
6988,10,95,Corinthians,Mateus Vital,Normal
6988,10,8,Fluminense,Nenê,Normal
6989,10,52,Gremio,Diego Souza,Pênalti
6989,10,17,Fortaleza,Osvaldo Filho,Normal
6989,10,52,Gremio,Diego Souza,Pênalti
6990,10,29,Atletico-Mg,-,Normal
6990,10,49,Bragantino,Alerrandro Barra Mansa Realino De Souza,Normal
6990,10,,Atletico-Mg,Jefferson Savarino,Normal
6991,10,40,Atletico-Go,,Normal
6992,10,,Ceara,Luiz Otávio,Normal
6992,10,56,Ceara,Charles Rigon Matos,Normal
6993,10,45,Goias,Vinícius Lopes,Normal
6994,10,64,Sport,,Normal
6994,10,12,Sport,Iago Maidana,Pênalti
6994,10,29,Palmeiras,Willian Gomes De Siqueira,Normal
6994,10,42,Palmeiras,José Rafael Vivian,Normal
6995,10,35,Vasco,Ribamar,Normal
6995,10,83,Botafogo-Rj,Matheus Babi,Normal
6995,10,72,Vasco,Ygor Catatau,Normal
6995,10,49,Botafogo-Rj,Matheus Babi,Normal
6995,10,71,Vasco,Germán Cano,Normal
6996,12,37,Sport,Iago Maidana,Pênalti
6997,12,70,Athletico-Pr,Christian Roberto Alves Cardoso,Normal
6998,12,25,Sao Paulo,Luciano Da Rocha Neves,Normal
6998,12,20,Internacional,Thiago Galhardo,Normal
6999,12,55,Gremio,Isaque Elias,Normal
6999,12,51,Atletico-Mg,,Normal
6999,12,66,Atletico-Mg,-,Normal
6999,12,,Atletico-Mg,Keno,Normal
7000,12,50,Vasco,Vinícius Paiva,Normal
7000,12,51,Bragantino,Lucas Evangelista,Normal
7001,12,54,Palmeiras,Patrick  De  Paula,Normal
7001,12,56,Flamengo,Pedro,Normal
7002,12,73,Ceara,Vinícius,Normal
7002,12,2,Goias,Rafael Moura,Normal
7002,12,91,Goias,David  Duarte,Normal
7002,12,53,Ceara,Charles Rigon Matos,Normal
7002,12,73,Ceara,Vinícius,Normal
7002,12,2,Goias,Rafael Moura,Normal
7003,12,45,Botafogo-Rj,Victor Luis,Pênalti
7003,12,50,Atletico-Go,Hyuri,Normal
7004,12,41,Santos,Madson,Normal
7004,12,47,Fortaleza,Gabriel Dias De Oliveira,Normal
7005,12,80,Fluminense,Michel Araújo,Normal
7005,12,72,Fluminense,Nino,Normal
7005,12,72,Fluminense,Nino,Normal
7005,12,61,Fluminense,Wanderson Felipe Cardoso Dos Santos,Normal
7005,12,87,Fluminense,Paulo Henrique Ganso,Pênalti
7006,13,,Gremio,Pepê,Normal
7006,13,75,Internacional,Thiago Galhardo,Pênalti
7007,13,82,Palmeiras,Willian Gomes De Siqueira,Normal
7007,13,18,Ceara,Eduardo Brock,Normal
7007,13,10,Palmeiras,Raphael Cavalcante Veiga,Normal
7009,13,41,Fluminense,-,Contra
7009,13,73,Botafogo-Rj,Caio Alexandre,Normal
7010,13,6,Coritiba,Robson Fernandes,Normal
7010,13,69,Sao Paulo,Reinaldo Manoel Da Silva,Pênalti
7010,13,69,Sao Paulo,Reinaldo Manoel Da Silva,Pênalti
7011,13,59,Flamengo,,Pênalti
7011,13,67,Athletico-Pr,Renato Kayzer,Normal
7011,13,77,Flamengo,Éverton Ribeiro,Normal
7011,13,56,Flamengo,Pedro,Normal
7013,13,5,Goias,Vinícius Lopes,Normal
7013,13,77,Santos,Marcos Leonardo Santos Almeida,Normal
7013,13,54,Santos,Jefferson,Contra
7013,13,85,Goias,Victor Andrade,Normal
7013,13,19,Santos,Mário Sérgio Santos Costa,Pênalti
7014,13,40,Sport,Hernane Vidal De Souza,Pênalti
7014,13,77,Bahia,Saldanha,Normal
7014,13,54,Sport,Marcão,Normal
7015,13,14,Atletico-Mg,Guilherme Arana,Normal
7015,13,29,Atletico-Mg,Cláudio Rodrigues Gomes,Pênalti
7015,13,18,Atletico-Mg,Jefferson Savarino,Normal
7015,13,,Atletico-Mg,Keno,Pênalti
7015,13,9,Vasco,Martín Benítez,Normal
7016,14,11,Santos,Madson,Normal
7016,14,,Corinthians,Danilo Avelar,Normal
7017,14,55,Flamengo,Gustavo Henrique Vernes,Normal
7017,14,51,Flamengo,Pedro,Normal
7017,14,,Flamengo,Pedro,Normal
7018,14,46,Bahia,Clayson Henrique Da Silva Vieira,Normal
7018,14,100,Bahia,Rossicley Pereira Da Silva,Normal
7018,14,32,Bahia,Gilberto Oliveira Souza Junior,Normal
7018,14,32,Bahia,Gilberto Oliveira Souza Junior,Normal
7019,14,3,Gremio,Luiz Fernando Moraes Dos Santos,Normal
7019,14,72,Coritiba,Nathan Silva,Normal
7019,14,11,Gremio,David Braz,Normal
7020,14,47,Sao Paulo,Brenner,Normal
7020,14,,Sao Paulo,Brenner,Normal
7020,14,65,Sao Paulo,Gabriel Sara,Normal
7021,14,40,Fluminense,Yago Rocha,Normal
7021,14,,Goias,Rafael Moura,Normal
7021,14,70,Fluminense,Nenê,Normal
7021,14,22,Goias,Rafael Moura,Normal
7021,14,,Goias,Rafael Moura,Normal
7021,14,,Fluminense,Rodrigo Junior Paula Silva,Normal
7021,14,52,Fluminense,Fred,Normal
7022,14,77,Palmeiras,,Normal
7022,14,46,Botafogo-Rj,Pedro Raúl,Normal
7022,14,50,Botafogo-Rj,,Normal
7023,14,37,Fortaleza,David Corrêa Da Fonseca,Normal
7023,14,42,Atletico-Mg,Eduardo Sasha,Normal
7023,14,85,Fortaleza,Bruno Ferreira Melo,Normal
7025,14,25,Internacional,Thiago Galhardo,Normal
7025,14,17,Internacional,Thiago Galhardo,Normal
7026,15,48,Flamengo,Léo Pereira,Normal
7026,15,70,Flamengo,Bruno Henrique,Normal
7026,15,48,Flamengo,Léo Pereira,Normal
7026,15,9,Vasco,Talles Magno,Normal
7028,15,56,Sao Paulo,Reinaldo Manoel Da Silva,Pênalti
7028,15,93,Sao Paulo,Vitor Bueno,Normal
7029,15,92,Atletico-Mg,,Normal
7029,15,46,Atletico-Mg,Nathan Allan De Souza,Normal
7029,15,42,Atletico-Mg,Keno,Pênalti
7029,15,92,Atletico-Mg,,Normal
7030,15,72,Fluminense,Nenê,Pênalti
7031,15,79,Santos,Mário Sérgio Santos Costa,Pênalti
7031,15,,Gremio,-,Normal
7031,15,20,Santos,Mário  Sérgio  Santos  Costa,Normal
7032,15,29,Botafogo-Rj,Keisuke Honda,Normal
7032,15,46,Botafogo-Rj,Caio Alexandre,Normal
7032,15,56,Sport,Thiago Neves,Normal
7033,15,28,Atletico-Go,Janderson,Normal
7033,15,,Bragantino,Claudinho,Normal
7033,15,90,Atletico-Go,Matheus Cotulio Bossa,Normal
7034,15,34,Ceara,Carlos Gilberto Do Nascimento Silva,Contra
7034,15,15,Corinthians,Leonardo Natel,Normal
7034,15,91,Ceara,Fernando Sobral,Normal
7035,15,36,Internacional,Abel Hernández,Normal
7035,15,36,Internacional,Abel Hernández,Normal
7035,15,42,Athletico-Pr,Renato Kayzer,Normal
7035,15,7,Internacional,Thiago Galhardo,Normal
7035,15,42,Athletico-Pr,Renato Kayzer,Normal
7036,16,38,Palmeiras,Gabriel Veron,Normal
7036,16,,Coritiba,Robson Fernandes,Normal
7036,16,,Coritiba,Giovanni Augusto,Normal
7036,16,38,Palmeiras,Gabriel Veron,Normal
7036,16,24,Coritiba,Robson Fernandes,Normal
7037,16,66,Gremio,Pepê,Normal
7037,16,41,Botafogo-Rj,Matheus Babi,Normal
7037,16,48,Gremio,Pepê,Normal
7037,16,34,Gremio,Diego Souza,Normal
7037,16,34,Gremio,Diego Souza,Normal
7038,16,68,Atletico-Go,Chico,Normal
7039,16,95,Corinthians,Everaldo,Normal
7040,16,52,Atletico-Mg,,Normal
7040,16,20,Fluminense,,Normal
7041,16,75,Internacional,Patrick,Normal
7041,16,,Internacional,Adryelson,Contra
7041,16,,Sport,,Normal
7041,16,,Internacional,Yuri Alberto,Normal
7041,16,56,Sport,Leandro Barcia Montero,Normal
7041,16,34,Internacional,Patrick,Normal
7041,16,53,Internacional,Rodrigo Moledo,Normal
7041,16,90,Sport,Mikael,Normal
7041,16,,Internacional,Adryelson,Contra
7042,16,70,Flamengo,Lincoln Corrãªa Dos Santos,Normal
7042,16,46,Bragantino,Claudinho,Normal
7043,16,49,Goias,Vinícius Lopes,Normal
7043,16,95,Bahia,Fessin (Futebolista),Normal
7045,16,11,Sao Paulo,Diego Costa,Normal
7045,16,47,Ceara,Léo Chú,Normal
7046,17,46,Atletico-Go,Zã© Roberto,Normal
7046,17,61,Athletico-Pr,Léo Cittadini,Normal
7047,17,6,Santos,Kaio Jorge,Normal
7047,17,,Coritiba,Giovanni Augusto,Normal
7047,17,6,Santos,Kaio Jorge,Normal
7047,17,27,Santos,Yeferson Soteldo,Normal
7048,17,13,Fluminense,Luiz Henrique,Normal
7048,17,,Fluminense,Danilo Barcelos,Normal
7048,17,41,Ceara,Hudson,Contra
7048,17,78,Ceara,Vinã­Cius,Normal
7050,17,52,Flamengo,Victor Vinícius Coelho Santos,Normal
7050,17,,Corinthians,,Normal
7050,17,58,Flamengo,Natan Bernardo De Souza,Normal
7050,17,86,Flamengo,Diego Ribas,Normal
7050,17,71,Flamengo,Bruno  Henrique,Normal
7050,17,32,Flamengo,Éverton  Ribeiro,Normal
7051,17,39,Internacional,Thiago Galhardo,Normal
7051,17,25,Internacional,Edenílson Andrade Dos Santos,Normal
7052,17,,Bragantino,Ricardo Ryller,Normal
7052,17,,Bragantino,Claudinho,Normal
7052,17,,Bragantino,Claudinho,Normal
7053,17,41,Fortaleza,David Corrêa Da Fonseca,Normal
7053,17,,Fortaleza,Nan,Normal
7053,17,,Fortaleza,,Normal
7054,17,89,Bahia,Gilberto Oliveira Souza Junior,Normal
7054,17,80,Bahia,Gilberto Oliveira Souza Junior,Normal
7054,17,69,Bahia,Daniel Sampaio Simões,Normal
7054,17,21,Atletico-Mg,-,Normal
7056,18,90,Corinthians,,Normal
7056,18,72,Vasco,Ribamar,Normal
7056,18,23,Corinthians,,Normal
7057,18,83,Bragantino,Claudinho,Normal
7057,18,47,Bragantino,Ytalo José Dos Santos,Normal
7057,18,83,Bragantino,Claudinho,Normal
7057,18,47,Bragantino,Ytalo José Dos Santos,Normal
7058,18,2,Coritiba,Rodrigo Muniz,Normal
7058,18,52,Ceara,Carlos Eduardo Santos Oliveira,Normal
7058,18,8,Ceara,Vinícius,Normal
7060,18,,Palmeiras,Wesley Ribeiro Silva,Normal
7060,18,55,Palmeiras,,Normal
7060,18,64,Palmeiras,Luiz Adriano,Normal
7061,18,93,Fluminense,Marcos Paulo Costa Do Nascimento,Normal
7061,18,36,Santos,,Normal
7061,18,29,Fluminense,Luccas Claro,Normal
7061,18,,Fluminense,Nino,Normal
7062,18,55,Gremio,Thiago Heleno,Contra
7062,18,88,Gremio,Aldemir Ferreira,Normal
7062,18,44,Athletico-Pr,Carlos Eduardo Ferreira De Souza,Normal
7063,18,11,Flamengo,Pedro,Normal
7063,18,25,Internacional,Thiago Galhardo,Normal
7063,18,7,Internacional,,Normal
7063,18,95,Flamengo,Éverton Ribeiro,Normal
7064,18,65,Fortaleza,Bérgson Gustavo Silveira Da Silva,Normal
7064,18,71,Bahia,Gilberto Oliveira Souza Junior,Pênalti
7064,18,24,Bahia,José Carlos Ferreira Júnior,Normal
7065,18,10,Sao Paulo,Brenner,Normal
7065,18,48,Sao  Paulo,Reinaldo Manoel Da Silva,Pênalti
7065,18,,Sao Paulo,Brenner,Normal
7065,18,90,Sao  Paulo,Hernanes,Normal
7066,19,28,Botafogo-Rj,Matheus Babi,Normal
7066,19,16,Botafogo-Rj,Keisuke Honda,Pênalti
7066,19,23,Ceara,Cléber,Normal
7066,19,51,Ceara,Leandro Carvalho,Normal
7067,19,8,Coritiba,Matheus Galdezani,Normal
7068,19,33,Corinthians,Matheus Alvarenga De Oliveira,Normal
7069,19,75,Fluminense,Wellington Alves Da Silva,Normal
7070,19,59,Sao Paulo,,Normal
7070,19,6,Flamengo,Pedro,Normal
7070,19,82,Sao Paulo,-,Normal
7070,19,,Sao Paulo,Danilo Neves,Normal
7070,19,46,Sao Paulo,,Normal
7071,19,,Sport,Thiago Neves,Normal
7071,19,,Sport,Thiago Neves,Normal
7072,19,37,Santos,,Normal
7072,19,,Santos,Mário  Sérgio  Santos  Costa,Normal
7072,19,9,Santos,Madson,Normal
7072,19,28,Bahia,Daniel Sampaio Simões,Normal
7073,19,57,Goias,Shaylon,Normal
7073,19,17,Vasco,Léo Matos,Normal
7074,19,70,Palmeiras,Rony,Normal
7074,19,19,Palmeiras,Raphael  Cavalcante  Veiga,Normal
7074,19,77,Palmeiras,Wesley Ribeiro Silva,Normal
7075,19,77,Bragantino,Jan Hurtado,Normal
7075,19,68,Gremio,David Braz,Normal
7075,19,,Gremio,Luis Manuel Orejuela,Normal
7076,20,62,Athletico-Pr,Carlos Eduardo Ferreira De Souza,Normal
7076,20,91,Athletico-Pr,Renato Kayzer,Normal
7076,20,18,Fortaleza,Bérgson Gustavo Silveira Da Silva,Normal
7077,20,,Sao Paulo,Brenner,Normal
7077,20,,Sao Paulo,Igor Gomes,Normal
7077,20,,Goias,José Fernando Viana De Santana,Normal
7078,20,42,Atletico-Go,Oliveira,Normal
7078,20,57,Corinthians,Fábio Santos,Pênalti
7079,20,73,Palmeiras,Luiz Adriano,Normal
7080,20,59,Internacional,Gustavo Nonato Santana,Normal
7080,20,48,Coritiba,Giovanni Augusto,Normal
7080,20,33,Internacional,Yuri Alberto,Normal
7080,20,74,Coritiba,,Normal
7081,20,,Santos,Léo Ortiz,Contra
7081,20,96,Bragantino,Lã©O Ortiz,Normal
7081,20,,Santos,Léo Ortiz,Contra
7082,20,59,Atletico-Mg,Eduardo Sasha,Normal
7082,20,8,Atletico-Mg,Keno,Normal
7082,20,4,Atletico-Mg,Gustavo Henrique Vernes,Contra
7082,20,82,Atletico-Mg,Matías Zaracho,Normal
7083,20,99,Bahia,,Pênalti
7084,20,28,Gremio,Pepê,Normal
7086,21,25,Vasco,Germán Cano,Normal
7086,21,52,Vasco,Germán Cano,Normal
7087,21,59,Santos,Ivonei,Normal
7087,21,68,Santos,Kaio Jorge,Normal
7088,21,20,Athletico-Pr,Renato Kayzer,Normal
7089,21,61,Atletico-Mg,,Normal
7089,21,6,Corinthians,Matheus Alvarenga De Oliveira,Normal
7089,21,83,Atletico-Mg,Marrony,Normal
7090,21,81,Sao Paulo,Luciano Da Rocha Neves,Normal
7090,21,40,Sao Paulo,Gabriel Sara,Normal
7090,21,,Fortaleza,Wellington Paulista,Normal
7090,21,11,Fortaleza,David Corrêa Da Fonseca,Normal
7090,21,61,Sao Paulo,Luciano Da Rocha Neves,Normal
7091,21,33,Gremio,Pepê,Normal
7091,21,37,Ceara,Kelvyn,Normal
7091,21,40,Gremio,Diego Souza,Normal
7091,21,70,Gremio,Diego Churín,Normal
7091,21,91,Ceara,Tiago Pagnussat,Normal
7091,21,,Gremio,Jean Pyerre,Normal
7092,21,60,Palmeiras,Raphael Cavalcante Veiga,Normal
7092,21,52,Palmeiras,,Pênalti
7093,21,59,Atletico-Go,Zé Roberto,Normal
7093,21,45,Flamengo,Bruno Henrique,Normal
7094,21,3,Coritiba,Giovanni Augusto,Normal
7094,21,3,Coritiba,Giovanni Augusto,Normal
7094,21,,Bahia,José Carlos Cracco Neto,Normal
7094,21,36,Bahia,José Élber Pimentel Da Silva,Normal
7095,21,44,Botafogo-Rj,,Normal
7095,21,46,Bragantino,Ytalo José Dos Santos,Normal
7095,21,86,Bragantino,Claudinho,Normal
7096,22,11,Bragantino,Claudinho,Normal
7096,22,4,Bragantino,Claudinho,Normal
7096,22,21,Bragantino,,Normal
7096,22,,Bragantino,Hã©Lio Junio Nunes De Castro,Normal
7097,22,76,Athletico-Pr,Thiago Heleno,Normal
7098,22,27,Flamengo,Giorgian De Arrascaeta,Normal
7098,22,93,Coritiba,Mattheus Oliveira,Normal
7098,22,76,Flamengo,Renê Rodrigues Martins,Normal
7098,22,3,Flamengo,Bruno Henrique,Normal
7099,22,,Goias,Miguel Figueira,Normal
7100,22,33,Sao Paulo,,Normal
7100,22,19,Vasco,Germán Cano,Normal
7101,22,74,Atletico-Mg,Keno,Pênalti
7101,22,56,Ceara,Felipe Vizeu,Normal
7101,22,29,Atletico-Mg,Eduardo Sasha,Normal
7101,22,48,Ceara,Lima,Normal
7102,22,,Fluminense,Lucca Borges De Brito,Normal
7102,22,15,Internacional,Maurício,Normal
7102,22,81,Fluminense,Caio Paulista,Normal
7103,22,79,Fortaleza,David Corrêa Da Fonseca,Normal
7103,22,61,Fortaleza,,Normal
7103,22,81,Botafogo-Rj,Warley,Normal
7105,22,,Atletico-Go,Janderson,Normal
7106,23,17,Atletico-Mg,Jefferson Savarino,Normal
7106,23,50,Atletico-Mg,Eduardo Sasha,Normal
7106,23,53,Botafogo-Rj,Marcelo Da Conceição Benevenuto Malaquias,Normal
7107,23,21,Corinthians,Fábio Santos,Pênalti
7108,23,,Goias,José Fernando Viana De Santana,Normal
7108,23,61,Fortaleza,Wellington Paulista,Normal
7109,23,36,Palmeiras,Rony,Normal
7109,23,8,Palmeiras,Patrick De Paula,Normal
7109,23,,Palmeiras,,Normal
7110,23,,Sport,Marquinhos,Normal
7110,23,82,Santos,Yeferson Soteldo,Pênalti
7110,23,45,Sport,Leandro Barcia Montero,Normal
7110,23,11,Santos,Lucas Braga Ribeiro,Normal
7110,23,71,Santos,Bruno Henrique Marques Torres,Normal
7110,23,7,Santos,Mário  Sérgio  Santos  Costa,Pênalti
7110,23,,Sport,Marquinhos,Normal
7111,23,66,Sao Paulo,Robert Arboleda,Normal
7111,23,,Bahia,Clayson Henrique Da Silva Vieira,Normal
7111,23,,Bahia,Clayson Henrique Da Silva Vieira,Normal
7111,23,,Sao Paulo,Luciano Da Rocha Neves,Normal
7111,23,74,Sao Paulo,Luciano Da Rocha Neves,Normal
7113,23,4,Ceara,Pedro Henrique Naressi Machado,Normal
7113,23,90,Ceara,Vinícius,Pênalti
7113,23,26,Ceara,Cléber,Normal
7113,23,65,Vasco,Ribamar,Pênalti
7113,23,79,Ceara,Saulo Mineiro,Normal
7115,23,93,Flamengo,Mauricio Isla,Normal
7115,23,66,Flamengo,Giorgian De Arrascaeta,Normal
7115,23,85,Gremio,,Normal
7115,23,,Gremio,Diego Souza,Normal
7115,23,57,Flamengo,Éverton Ribeiro,Normal
7115,23,60,Flamengo,-,Normal
7117,24,71,Santos,Mário Sérgio Santos Costa,Normal
7117,24,38,Santos,Diego Pituca,Normal
7117,24,63,Palmeiras,Willian Gomes De Siqueira,Normal
7117,24,55,Palmeiras,Raphael Cavalcante Veiga,Pênalti
7118,24,55,Flamengo,Éverton Ribeiro,Normal
7119,24,73,Fluminense,Marcos Paulo Costa Do Nascimento,Normal
7119,24,26,Fluminense,Nenê,Normal
7119,24,73,Fluminense,Marcos Paulo Costa Do Nascimento,Normal
7119,24,10,Athletico-Pr,Léo Cittadini,Normal
7119,24,75,Fluminense,Marcos Paulo Costa Do Nascimento,Normal
7119,24,75,Fluminense,Marcos Paulo Costa Do Nascimento,Normal
7120,24,95,Ceara,Saulo Mineiro,Normal
7120,24,82,Ceara,,Normal
7122,24,,Sao Paulo,Luciano Da Rocha Neves,Normal
7123,24,,Gremio,Diego Souza,Normal
7123,24,93,Gremio,Lucas Silva Borges,Pênalti
7123,24,41,Gremio,Diego Souza,Normal
7123,24,55,Gremio,César Pinares,Normal
7124,24,9,Internacional,Yuri Alberto,Normal
7124,24,,Atletico-Mg,Damián Musto,Contra
7124,24,88,Internacional,João Peglow,Normal
7124,24,,Atletico-Mg,Damián Musto,Contra
7124,24,61,Atletico-Mg,Hyoran,Normal
7125,24,26,Goias,Rafael Moura,Normal
7126,25,44,Atletico-Mg,Eduardo Vargas,Normal
7126,25,44,Atletico-Mg,Eduardo Vargas,Normal
7127,25,46,Fortaleza,Paulo Roberto Valoura Junior,Pênalti
7127,25,88,Bragantino,Thonny Anderson,Normal
7127,25,,Bragantino,Luan Cândido,Normal
7128,25,36,Internacional,,Normal
7128,25,67,Internacional,,Normal
7128,25,,Botafogo-Rj,Pedro Raúl,Normal
7129,25,43,Palmeiras,Rony,Normal
7129,25,,Palmeiras,Raphael Cavalcante Veiga,Pênalti
7129,25,,Palmeiras,Willian Gomes De Siqueira,Normal
7131,25,78,Atletico-Go,Jean Paulo Fernandes Filho,Pênalti
7131,25,,Atletico-Go,Roberson,Normal
7131,25,60,Ceara,Léo Chú,Normal
7132,25,58,Flamengo,Filipe Luís,Normal
7132,25,42,Flamengo,Gerson Santos Da Silva,Normal
7132,25,50,Flamengo,Gabriel Barbosa,Pênalti
7132,25,75,Santos,Bruno Henrique Marques Torres,Normal
7132,25,71,Flamengo,,Pênalti
7133,25,25,Corinthians,Rómulo Otero,Normal
7134,25,38,Sport,,Normal
7135,25,92,Vasco,Germán Cano,Normal
7135,25,10,Fluminense,Wellington Alves Da Silva,Normal
7136,26,83,Sao Paulo,Gabriel Sara,Normal
7136,26,,Sao Paulo,Igor Gomes,Normal
7136,26,91,Sao  Paulo,Jonas Toró,Normal
7137,26,93,Fluminense,Wanderson Felipe Cardoso Dos Santos,Normal
7137,26,87,Atletico-Go,Jean Paulo Fernandes Filho,Pênalti
7137,26,43,Atletico-Go,Wellington Soares Da Silva,Normal
7138,26,73,Gremio,,Pênalti
7138,26,,Sport,Dalberto,Normal
7139,26,11,Internacional,Edenílson Andrade Dos Santos,Normal
7139,26,83,Internacional,Yuri Alberto,Normal
7140,26,27,Coritiba,Neilton Mestzk,Normal
7140,26,75,Botafogo-Rj,Pedro Raúl,Normal
7140,26,82,Botafogo-Rj,Pedro Raúl,Pênalti
7141,26,26,Athletico-Pr,Renato Kayzer,Normal
7142,26,9,Vasco,,Normal
7143,26,56,Bahia,Gilberto Oliveira Souza Junior,Normal
7143,26,90,Flamengo,Victor Vinícius Coelho Santos,Normal
7143,26,50,Bahia,,Normal
7143,26,82,Flamengo,Pedro,Normal
7143,26,59,Bahia,Gilberto Oliveira Souza Junior,Normal
7143,26,5,Flamengo,Bruno Henrique,Normal
7143,26,33,Flamengo,Mauricio Isla,Normal
7144,26,54,Ceara,Cléber,Normal
7144,26,47,Ceara,Lima,Normal
7145,26,3,Goias,José Fernando Viana De Santana,Normal
7145,26,51,Corinthians,Jô,Normal
7145,26,14,Corinthians,Gustavo Mosquito,Normal
7146,27,83,Atletico-Mg,Eduardo  Sasha,Normal
7146,27,66,Atletico-Mg,Hyoran,Normal
7147,27,5,Goias,,Normal
7149,27,15,Sao Paulo,Brenner,Normal
7149,27,72,Sao Paulo,Brenner,Normal
7149,27,,Fluminense,Fred,Normal
7150,27,95,Corinthians,Mateus Vital,Normal
7150,27,34,Corinthians,Juan Cazares,Normal
7151,27,69,Bahia,Juan Pablo Ramírez Velásquez,Normal
7151,27,46,Internacional,Rodrigo Dourado,Normal
7151,27,48,Internacional,Thiago Galhardo,Pênalti
7152,27,38,Athletico-Pr,Carlos Eduardo Ferreira De Souza,Normal
7152,27,61,Athletico-Pr,Carlos Eduardo Ferreira De Souza,Normal
7152,27,,Athletico-Pr,Nikã£O,Normal
7153,27,28,Palmeiras,Luiz Adriano,Normal
7154,27,37,Ceara,Samuel Xavier,Normal
7154,27,11,Santos,Mário Sérgio Santos Costa,Normal
7155,27,,Atletico-Go,Gustavo Ferrareis,Normal
7155,27,62,Gremio,Diego Churín,Normal
7155,27,44,Gremio,Dudu,Contra
7156,28,16,Gremio,Vanderson De Oliveira Campos,Normal
7156,28,54,Gremio,,Normal
7156,28,47,Bahia,Anderson Martins,Normal
7157,28,31,Athletico-Pr,,Normal
7157,28,48,Athletico-Pr,Léo Cittadini,Normal
7158,28,21,Goias,Fábio Sanches,Normal
7158,28,59,Coritiba,Robson Fernandes,Normal
7158,28,30,Goias,Rafael Moura,Normal
7159,28,10,Sport,Thiago Neves,Normal
7160,28,,Fluminense,Luccas Claro,Normal
7160,28,40,Flamengo,Giorgian De Arrascaeta,Normal
7160,28,,Fluminense,Luccas Claro,Normal
7160,28,,Fluminense,Luccas Claro,Normal
7160,28,93,Fluminense,Yago Rocha,Normal
7161,28,,Bragantino,Claudinho,Normal
7161,28,18,Bragantino,Fabrício Bruno,Normal
7161,28,16,Sao Paulo,Danilo Neves,Normal
7161,28,18,Bragantino,Fabrício Bruno,Normal
7161,28,,Bragantino,Raul,Normal
7161,28,,Bragantino,Raul,Normal
7161,28,,Bragantino,Artur Victor Guimarães,Normal
7161,28,95,Sao Paulo,Gonzalo Carneiro,Normal
7161,28,,Bragantino,Raul,Normal
7162,28,53,Internacional,N/A,Normal
7162,28,77,Internacional,Yuri Alberto,Normal
7164,28,48,Palmeiras,Raphael  Cavalcante  Veiga,Normal
7164,28,66,Palmeiras,Luiz Adriano,Normal
7164,28,66,Palmeiras,Luiz Adriano,Normal
7164,28,45,Palmeiras,Luiz Adriano,Normal
7164,28,34,Palmeiras,Raphael Cavalcante Veiga,Normal
7165,28,19,Atletico-Mg,Jefferson Savarino,Normal
7165,28,3,Atletico-Mg,Jefferson Savarino,Normal
7166,29,27,Palmeiras,Willian Gomes De Siqueira,Normal
7166,29,27,Palmeiras,Willian Gomes De Siqueira,Normal
7169,29,,Santos,Jobson Souza Santos,Normal
7170,29,90,Ceara,Kelvyn,Normal
7170,29,13,Ceara,Vinícius,Normal
7171,29,75,Bahia,Gabriel Novaes,Normal
7171,29,7,Atletico-Go,Matheus,Normal
7172,29,43,Internacional,Bruno Praxedes,Normal
7173,29,77,Vasco,,Normal
7173,29,22,Vasco,Talles Magno,Normal
7173,29,96,Vasco,-,Pênalti
7174,29,,Bragantino,Edimar  Fraga,Normal
7174,29,,Bragantino,,Normal
7174,29,55,Atletico-Mg,Jefferson Savarino,Normal
7174,29,100,Atletico-Mg,Hyoran,Pênalti
7175,29,56,Corinthians,Juan Cazares,Normal
7175,29,25,Corinthians,Jô,Normal
7175,29,67,Corinthians,Mateus Vital,Normal
7175,29,91,Corinthians,Luan Guilherme De Jesus Vieira,Normal
7175,29,62,Corinthians,Fagner,Normal
7175,29,56,Corinthians,Juan Cazares,Normal
7176,30,,Gremio,Diego Souza,Normal
7176,30,33,Palmeiras,Raphael Cavalcante Veiga,Normal
7177,30,49,Fluminense,Patric Cabral Lalau,Contra
7178,30,44,Coritiba,,Normal
7179,30,61,Sao Paulo,Danilo Neves,Normal
7179,30,39,Athletico-Pr,Renato Kayzer,Normal
7180,30,47,Botafogo-Rj,Pedro Raãºl,Normal
7180,30,,Santos,,Normal
7180,30,,Santos,,Normal
7180,30,4,Santos,Yeferson Soteldo,Normal
7181,30,42,Atletico-Mg,Junior Alonso,Normal
7181,30,62,Atletico-Mg,Jair Rodrigues Júnior,Normal
7181,30,75,Atletico-Go,Janderson,Normal
7181,30,13,Atletico-Mg,Hyoran,Normal
7182,30,97,Bragantino,Claudinho,Pênalti
7182,30,56,Bragantino,Claudinho,Pênalti
7182,30,62,Ceara,Lima,Pênalti
7183,30,4,Internacional,Yuri Alberto,Normal
7183,30,4,Internacional,Yuri Alberto,Normal
7183,30,14,Fortaleza,Wellington Paulista,Pênalti
7183,30,77,Internacional,Carlos Emiliano Pereira,Contra
7183,30,10,Internacional,Rodrigo Dourado,Normal
7183,30,56,Fortaleza,Romarinho,Normal
7183,30,71,Internacional,João Peglow,Normal
7183,30,14,Fortaleza,Wellington Paulista,Pênalti
7183,30,71,Internacional,João Peglow,Normal
7184,30,42,Flamengo,,Normal
7184,30,94,Flamengo,Pedro,Normal
7184,30,63,Flamengo,,Normal
7185,30,31,Bahia,Gilberto Oliveira Souza Junior,Normal
7185,30,71,Corinthians,Gabriel Girotto Franco,Normal
7185,30,49,Bahia,Juan Pablo Ramírez Velásquez,Normal
7186,31,,Atletico-Go,Danilo Gomes,Normal
7186,31,92,Atletico-Go,Vitor Leque,Normal
7186,31,79,Atletico-Go,Zé Roberto,Normal
7186,31,63,Botafogo-Rj,Matheus Babi,Normal
7186,31,79,Atletico-Go,Zé Roberto,Normal
7186,31,63,Botafogo-Rj,Matheus Babi,Normal
7187,31,65,Bahia,Thiago Andrade,Normal
7188,31,31,Atletico-Mg,Hyoran,Pênalti
7188,31,85,Gremio,,Normal
7189,31,59,Fluminense,John Kennedy,Normal
7189,31,71,Fluminense,Fred,Normal
7189,31,91,Fluminense,Caio Paulista,Normal
7189,31,33,Coritiba,Natanael,Normal
7189,31,3,Coritiba,Luiz Henrique,Normal
7189,31,76,Coritiba,Robson  Fernandes,Normal
7190,31,8,Internacional,Víctor Cuesta,Normal
7190,31,36,Sao Paulo,Luciano Da Rocha Neves,Normal
7190,31,66,Internacional,Yuri Alberto,Normal
7190,31,8,Internacional,Víctor Cuesta,Normal
7190,31,36,Sao Paulo,Luciano Da Rocha Neves,Normal
7190,31,68,Internacional,Yuri Alberto,Normal
7190,31,60,Internacional,Yuri Alberto,Normal
7190,31,24,Internacional,Caio Vidal,Normal
7190,31,24,Internacional,Caio Vidal,Normal
7190,31,66,Internacional,Yuri Alberto,Normal
7191,31,72,Bragantino,Claudinho,Normal
7191,31,15,Bragantino,Eric Dos Santos Rodrigues,Normal
7191,31,78,Vasco,Gabriel Pec,Normal
7191,31,93,Bragantino,Jan Hurtado,Normal
7191,31,86,Bragantino,Claudinho,Normal
7191,31,78,Vasco,Gabriel Pec,Normal
7192,31,,Flamengo,,Normal
7192,31,46,Flamengo,Luan Garcia Teixeira,Normal
7193,31,48,Fortaleza,Paulo Roberto Valoura Junior,Pênalti
7193,31,66,Fortaleza,Wellington Paulista,Normal
7194,31,52,Ceara,Vinícius,Pênalti
7194,31,47,Ceara,Fernando Sobral,Normal
7194,31,18,Ceara,Lima,Normal
7194,31,63,Ceara,Vinícius,Normal
7195,31,47,Corinthians,Mateus Vital,Normal
7195,31,,Corinthians,Gustavo Mosquito,Normal
7195,31,80,Corinthians,Jô,Normal
7196,32,,Coritiba,Martín Sarrafiore,Normal
7196,32,59,Sao Paulo,Luciano Da Rocha Neves,Normal
7197,32,67,Atletico-Mg,Hyoran,Normal
7197,32,,Vasco,,Normal
7197,32,59,Vasco,Germán Cano,Normal
7197,32,32,Vasco,Yago Pikachu,Normal
7197,32,94,Atletico-Mg,Eduardo Sasha,Normal
7197,32,67,Atletico-Mg,Hyoran,Normal
7198,32,76,Gremio,Jean Pyerre,Normal
7198,32,98,Internacional,Edenílson Andrade Dos Santos,Pênalti
7198,32,90,Internacional,Abel Hernández,Normal
7199,32,83,Athletico-Pr,Renato Kayzer,Normal
7199,32,25,Athletico-Pr,Abner Vinícius,Normal
7199,32,34,Flamengo,Gustavo Henrique Vernes,Normal
7200,32,10,Ceara,Lima,Normal
7200,32,34,Palmeiras,Gabriel Veron,Normal
7200,32,29,Ceara,Vinã­Cius,Pênalti
7201,32,80,Atletico-Go,Natanael Batista Pimenta,Normal
7201,32,40,Atletico-Go,Jean Paulo Fernandes Filho,Normal
7201,32,80,Atletico-Go,Natanael Batista Pimenta,Normal
7202,32,86,Sport,Iago Maidana,Normal
7202,32,,Sport,Thiago Neves,Normal
7202,32,,Sport,Thiago Neves,Normal
7203,32,76,Goias,José Fernando Viana De Santana,Pênalti
7203,32,,Goias,Rafael Moura,Normal
7203,32,60,Goias,David Duarte,Normal
7203,32,77,Goias,Rafael Moura,Normal
7203,32,7,Santos,,Normal
7203,32,38,Santos,Kaio Jorge,Normal
7203,32,87,Santos,Mário Sérgio Santos Costa,Pênalti
7203,32,38,Santos,Kaio Jorge,Normal
7204,32,67,Fluminense,Lucca Borges De Brito,Normal
7204,32,98,Fluminense,Wellington Alves Da Silva,Pênalti
7205,32,2,Bragantino,Hélio Junio Nunes De Castro,Normal
7205,32,42,Bragantino,Claudinho,Normal
7207,33,92,Athletico-Pr,Carlos Eduardo Ferreira De Souza,Normal
7207,33,85,Athletico-Pr,Carlos Eduardo Ferreira De Souza,Normal
7208,33,40,Sao Paulo,Reinaldo Manoel Da Silva,Normal
7208,33,21,Atletico-Go,,Normal
7208,33,40,Sao Paulo,Reinaldo Manoel Da Silva,Normal
7208,33,88,Atletico-Go,,Normal
7209,33,73,Coritiba,Wilson Rodrigues De Moura Júnior,Pênalti
7209,33,20,Gremio,Paulo Miranda,Normal
7210,33,56,Atletico-Mg,Guilherme Arana,Normal
7210,33,67,Atletico-Mg,Eduardo Vargas,Normal
7211,33,15,Bragantino,Hélio Junio Nunes De Castro,Normal
7211,33,58,Internacional,Edenã­Lson Andrade Dos Santos,Pênalti
7211,33,,Internacional,Patrick,Normal
7212,33,26,Fluminense,,Normal
7212,33,17,Fluminense,Nino,Normal
7212,33,37,Fluminense,Matheus Martinelli,Normal
7213,33,4,Flamengo,Gabriel Barbosa,Normal
7213,33,,Flamengo,Pedro,Normal
7213,33,19,Flamengo,Bruno Henrique,Normal
7214,33,16,Palmeiras,Emerson Santos,Normal
7214,33,16,Palmeiras,Emerson Santos,Normal
7214,33,60,Botafogo-Rj,Rafael Navarro,Normal
7215,33,55,Santos,Marcos Leonardo Santos Almeida,Normal
7216,34,53,Gremio,Pepãª,Normal
7216,34,37,Gremio,Diego Souza,Pênalti
7216,34,8,Santos,,Normal
7216,34,67,Santos,Arthur  Gomes,Pênalti
7216,34,96,Santos,Madson,Pênalti
7216,34,46,Gremio,Jean Pyerre,Normal
7217,34,94,Bragantino,-,Pênalti
7217,34,56,Bragantino,Ytalo José Dos Santos,Normal
7218,34,,Corinthians,Fábio Santos,Pênalti
7218,34,28,Corinthians,Leonardo Natel,Normal
7218,34,,Ceara,Fabinho,Normal
7218,34,28,Corinthians,Leonardo Natel,Normal
7219,34,28,Goias,Eduardo Figueiredo Da Cruz,Normal
7220,34,32,Fluminense,Luiz Henrique,Normal
7221,34,44,Fortaleza,David Corrêa Da Fonseca,Normal
7221,34,84,Fortaleza,,Normal
7221,34,43,Fortaleza,Nathan Silva,Contra
7221,34,27,Coritiba,Ricardo Oliveira,Normal
7222,34,48,Flamengo,Gabriel Barbosa,Pênalti
7222,34,48,Flamengo,Gabriel Barbosa,Pênalti
7222,34,77,Flamengo,Bruno Henrique,Normal
7224,34,24,Sport,,Pênalti
7225,34,93,Palmeiras,Rony,Normal
7225,34,74,Sao Paulo,Luciano Da Rocha Neves,Normal
7226,35,,Goias,José Fernando Viana De Santana,Normal
7226,35,49,Goias,Vinícius Lopes,Normal
7226,35,26,Bahia,Gilberto Oliveira Souza Junior,Normal
7226,35,95,Goias,Josã© Fernando Viana De Santana,Normal
7226,35,,Bahia,Gabriel Novaes,Normal
7226,35,79,Bahia,Alesson,Normal
7227,35,79,Santos,,Pênalti
7227,35,33,Atletico-Go,Jean Paulo Fernandes Filho,Pênalti
7228,35,35,Flamengo,Gabriel Barbosa,Normal
7228,35,35,Flamengo,Gabriel Barbosa,Normal
7228,35,63,Bragantino,Ytalo José Dos Santos,Normal
7229,35,56,Botafogo-Rj,Rafael Navarro,Normal
7229,35,7,Gremio,Alisson Euler De Freitas Castro,Normal
7229,35,54,Gremio,Diego Churã­N,Normal
7229,35,74,Gremio,Matheus Henrique De Souza,Normal
7229,35,,Gremio,Jean Pyerre,Normal
7229,35,78,Gremio,Matheus Henrique De Souza,Normal
7229,35,82,Botafogo-Rj,Matheus Babi,Normal
7230,35,38,Sport,Marcão,Normal
7230,35,41,Internacional,Patrick,Normal
7230,35,41,Internacional,Patrick,Normal
7230,35,50,Sport,Dalberto,Normal
7231,35,43,Fortaleza,David Corrêa Da Fonseca,Normal
7231,35,6,Fortaleza,Igor Torres,Normal
7231,35,63,Fortaleza,Romarinho,Normal
7232,35,96,Sao Paulo,Luciano Da Rocha Neves,Normal
7232,35,93,Ceara,Lã©O Chãº,Normal
7234,35,56,Corinthians,Gustavo Mosquito,Normal
7234,35,73,Athletico-Pr,Vitor Hugo Naum Dos Santos,Normal
7234,35,3,Corinthians,Gustavo Mosquito,Normal
7234,35,18,Corinthians,Gabriel Girotto Franco,Normal
7234,35,14,Athletico-Pr,Abner Vinícius,Normal
7234,35,35,Athletico-Pr,Fernando Canesin,Normal
7235,35,88,Coritiba,,Normal
7236,36,8,Goias,Rafael Moura,Normal
7236,36,64,Goias,José Fernando Viana De Santana,Normal
7237,36,20,Atletico-Mg,,Normal
7237,36,47,Bahia,Rossicley Pereira Da Silva,Normal
7238,36,37,Santos,Mário Sérgio Santos Costa,Normal
7238,36,83,Santos,Marcos Leonardo Santos Almeida,Normal
7239,36,20,Corinthians,Leonardo Natel,Normal
7239,36,10,Flamengo,Willian Arão,Normal
7239,36,55,Flamengo,Gabriel Barbosa,Normal
7239,36,10,Flamengo,Willian Arão,Normal
7240,36,10,Internacional,,Normal
7240,36,96,Internacional,Thiago Galhardo,Normal
7241,36,71,Atletico-Go,Roberson,Normal
7241,36,92,Athletico-Pr,Thiago Heleno,Normal
7241,36,63,Athletico-Pr,Vitor Hugo Naum Dos Santos,Normal
7242,36,38,Palmeiras,Breno Lopes,Normal
7242,36,,Palmeiras,Gustavo Scarpa,Normal
7242,36,26,Palmeiras,Lucas Rafael Araújo Lima,Normal
7242,36,38,Palmeiras,Breno Lopes,Normal
7243,36,33,Gremio,,Normal
7243,36,68,Sao Paulo,Luciano  Da  Rocha  Neves,Normal
7243,36,63,Sao Paulo,Danilo Neves,Normal
7244,36,88,Fluminense,Samuel Salustiano De Jesus Silva,Normal
7244,36,78,Ceara,Vinícius,Pênalti
7244,36,45,Fluminense,John Kennedy,Normal
7244,36,45,Fluminense,John Kennedy,Normal
7244,36,59,Fluminense,Matheus Martinelli,Normal
7246,37,74,Ceara,,Normal
7246,37,51,Ceara,,Normal
7247,37,7,Bahia,Rodrigo Eduardo Costa Marinho,Normal
7247,37,81,Bahia,Rossicley Pereira Da Silva,Pênalti
7247,37,66,Bahia,Rodrigo Eduardo Costa Marinho,Normal
7247,37,62,Bahia,Rodrigo Eduardo Costa Marinho,Normal
7248,37,98,Atletico-Mg,Marrony,Normal
7248,37,33,Sport,Dalberto,Normal
7248,37,87,Sport,Thiago Neves,Pênalti
7248,37,,Atletico-Mg,Jair Rodrigues Júnior,Normal
7248,37,,Atletico-Mg,Rafael Thyere De Albuquerque Marques,Contra
7250,37,12,Internacional,Edenílson Andrade Dos Santos,Pênalti
7250,37,63,Flamengo,Gabriel Barbosa,Normal
7250,37,29,Flamengo,,Normal
7251,37,87,Santos,Jean Mota Oliveira De Souza,Normal
7251,37,16,Fluminense,,Normal
7251,37,16,Fluminense,,Normal
7251,37,16,Fluminense,,Normal
7252,37,77,Gremio,Thaciano,Normal
7254,37,43,Atletico-Go,Matheus Vargas,Normal
7254,37,22,Palmeiras,Matías Viña,Normal
7255,37,58,Botafogo-Rj,Matheus Babi,Normal
7256,38,53,Bragantino,Claudinho,Normal
7257,38,91,Bahia,Alesson,Normal
7257,38,15,Bahia,Rossicley Pereira Da Silva,Normal
7258,38,8,Athletico-Pr,Nikão,Normal
7258,38,86,Athletico-Pr,Léo Cittadini,Normal
7258,38,86,Athletico-Pr,Léo Cittadini,Normal
7259,38,47,Atletico-Go,Guilherme Biro,Contra
7259,38,63,Coritiba,Ricardo Oliveira,Normal
7259,38,3,Atletico-Go,Gilvan,Normal
7259,38,34,Atletico-Go,Wellington Soares Da Silva,Normal
7261,38,57,Botafogo-Rj,-,Pênalti
7261,38,94,Ceara,Saulo Mineiro,Normal
7261,38,17,Ceara,Pedro Henrique Naressi Machado,Normal
7261,38,57,Botafogo-Rj,-,Pênalti
7262,38,51,Flamengo,Bruno Henrique,Normal
7262,38,58,Sao Paulo,Pablo Felipe Teixeira,Normal
7262,38,50,Sao Paulo,Luciano Da Rocha Neves,Normal
7263,38,79,Atletico-Mg,Jair Rodrigues Jãºnior,Normal
7263,38,89,Atletico-Mg,Eduardo Sasha,Normal
7264,38,52,Goias,Josã© Fernando Viana De Santana,Normal
7264,38,15,Vasco,-,Normal
7264,38,25,Goias,José Fernando Viana De Santana,Normal
7264,38,50,Vasco,Ricardo Graça,Normal
7264,38,92,Vasco,Ricardo Graça,Normal
7265,38,21,Fluminense,,Normal
7265,38,61,Fluminense,Matheus Ferraz Pereira,Normal
7266,1,87,Cuiaba,Elton Rodrigues Brandão,Normal
7266,1,43,Juventude,Wescley,Normal
7266,1,29,Cuiaba,Jonathan Cafú,Normal
7266,1,,Juventude,Matheus Peixoto,Normal
7267,1,46,Bahia,Thaciano,Normal
7267,1,,Bahia,Thaciano,Normal
7267,1,53,Bahia,-,Normal
7267,1,46,Bahia,Thaciano,Normal
7269,1,94,Fortaleza,Yago Pikachu,Normal
7269,1,60,Fortaleza,Yago Pikachu,Normal
7269,1,40,Atletico-Mg,Hulk,Pênalti
7270,1,75,Flamengo,Pedro,Normal
7271,1,,Gremio,Vanderson De Oliveira Campos,Normal
7271,1,42,Ceara,Rick,Normal
7271,1,94,Ceara,Jorginho,Normal
7271,1,36,Ceara,Cléber,Normal
7271,1,49,Gremio,Ricardinho Viana,Normal
7272,1,44,Atletico-Go,Zã© Roberto,Normal
7273,1,35,Bragantino,Lucas Evangelista,Normal
7273,1,74,Bragantino,Hélio Junio Nunes De Castro,Normal
7273,1,33,Bragantino,Ytalo José Dos Santos,Normal
7274,1,87,Athletico-Pr,Carlos Eduardo Ferreira De Souza,Normal
7275,1,62,Sport,Thiago Neves,Pênalti
7275,1,44,Internacional,Rodrigo Lindoso,Normal
7275,1,86,Sport,André Felipe Ribeiro De Souza,Normal
7275,1,19,Internacional,Edenílson Andrade Dos Santos,Pênalti
7276,2,23,Atletico-Go,Éder,Normal
7276,2,79,Atletico-Go,João Paulo,Normal
7277,2,,Santos,Marinho,Normal
7277,2,,Santos,Marinho,Normal
7277,2,,Santos,Kaio Jorge,Normal
7277,2,52,Ceara,Vinícius,Pênalti
7277,2,19,Santos,Jean Mota Oliveira De Souza,Normal
7278,2,68,Bragantino,Tomás Cuello,Normal
7278,2,16,Bahia,Gilberto Oliveira Souza Junior,Normal
7278,2,19,Bahia,Gilberto Oliveira Souza Junior,Normal
7278,2,86,Bahia,Jonas Gomes De Sousa,Normal
7278,2,50,Bragantino,Luan Cândido,Normal
7278,2,22,Bragantino,Artur Victor Guimarães,Normal
7279,2,40,Fluminense,Gabriel Teixeira,Normal
7280,2,,Corinthians,Fábio Santos,Pênalti
7281,2,47,Fortaleza,Yago Pikachu,Normal
7281,2,62,Internacional,Bruno Praxedes,Normal
7281,2,47,Fortaleza,Robson Fernandes,Normal
7281,2,17,Fortaleza,Cristian Chagas Tarouco,Normal
7281,2,55,Fortaleza,Zé Gabriel,Contra
7281,2,86,Fortaleza,,Normal
7282,2,49,Athletico-Pr,Jadson,Normal
7282,2,47,Athletico-Pr,Jadson,Normal
7282,2,89,Athletico-Pr,Nikão,Normal
7283,2,42,Palmeiras,Wesley Ribeiro Silva,Normal
7283,2,7,Palmeiras,,Normal
7283,2,55,Chapecoense,Busanello,Normal
7283,2,15,Palmeiras,Luiz Adriano,Normal
7284,2,14,Atletico-Mg,Hulk,Normal
7284,2,14,Atletico-Mg,Hulk,Normal
7285,2,82,Gremio,Aldemir Ferreira,Normal
7285,2,58,Flamengo,Victor Vinã­Cius Coelho Santos,Normal
7285,2,74,Flamengo,Victor Vinícius Coelho Santos,Normal
7285,2,75,Gremio,Miguel Borja,Normal
7287,3,3,Palmeiras,Raphael Cavalcante Veiga,Normal
7287,3,3,Palmeiras,Raphael Cavalcante Veiga,Normal
7287,3,55,Corinthians,Gabriel Girotto Franco,Normal
7288,3,,Atletico-Mg,Jair Rodrigues Júnior,Normal
7289,3,44,Athletico-Pr,Matheus Babi,Normal
7290,3,24,Flamengo,Bruno Henrique,Normal
7290,3,,Flamengo,Rodrigo Muniz,Normal
7291,3,31,Internacional,Edenílson Andrade Dos Santos,Pênalti
7292,3,,Fortaleza,Wellington Paulista,Pênalti
7293,3,48,Bragantino,Artur Victor Guimarães,Normal
7293,3,93,Fluminense,Abel Hernández,Pênalti
7293,3,6,Bragantino,Lucas Evangelista,Normal
7293,3,75,Fluminense,Caio Paulista,Normal
7295,3,5,Cuiaba,Pepê,Normal
7295,3,48,Atletico-Go,André Luis,Normal
7295,3,67,Cuiaba,Elton Rodrigues Brandão,Normal
7295,3,48,Atletico-Go,André Luis,Normal
7295,3,5,Cuiaba,Pepê,Normal
7296,4,2,Atletico-Mg,Nathan Allan De Souza,Normal
7297,4,13,Sao Paulo,,Normal
7297,4,70,Chapecoense,Kaio Nunes,Normal
7297,4,70,Chapecoense,Kaio Nunes,Normal
7298,4,19,Corinthians,Roni,Normal
7298,4,19,Corinthians,Roni,Normal
7298,4,52,Bragantino,Aderlan Silva,Normal
7298,4,85,Bragantino,Eric Dos Santos Rodrigues,Normal
7299,4,63,Palmeiras,Deyverson,Normal
7299,4,53,Palmeiras,William Matheus,Contra
7299,4,87,Palmeiras,Breno Lopes,Normal
7301,4,,Bahia,Gilberto Oliveira Souza Junior,Normal
7301,4,16,Ceara,Saulo Mineiro,Normal
7301,4,31,Bahia,,Pênalti
7302,4,34,Sport,Sander Henrique Bortolotto,Normal
7304,4,,Fluminense,Nenê,Normal
7305,4,29,Flamengo,Gabriel Barbosa,Normal
7305,4,,Athletico-Pr,Bissoli,Normal
7305,4,17,Flamengo,Gabriel Barbosa,Normal
7305,4,63,Athletico-Pr,Renato Kayzer,Normal
7306,5,12,Bragantino,Nan,Normal
7306,5,69,Bragantino,Eric Dos Santos Rodrigues,Normal
7306,5,64,Flamengo,Rodrigo  Muniz,Normal
7306,5,,Bragantino,Chrigor,Normal
7306,5,,Bragantino,Chrigor,Normal
7306,5,12,Bragantino,,Normal
7306,5,27,Flamengo,Rodrigo Muniz,Normal
7307,5,,Palmeiras,,Normal
7307,5,39,Palmeiras,Willian Gomes De Siqueira,Normal
7307,5,38,America-Mg,Geovane,Normal
7309,5,46,Ceara,Lima,Normal
7309,5,8,Internacional,Edenílson Andrade Dos Santos,Pênalti
7310,5,,Fortaleza,Robson Fernandes,Normal
7310,5,56,Fluminense,Caio Paulista,Normal
7311,5,13,Atletico-Go,Gabriel Baralhas,Normal
7311,5,71,Athletico-Pr,Christian Roberto Alves Cardoso,Normal
7311,5,44,Athletico-Pr,Matheus Babi,Normal
7311,5,71,Athletico-Pr,Christian Roberto Alves Cardoso,Normal
7312,5,27,Santos,Marinho,Normal
7312,5,44,Santos,Gabriel Pirani,Normal
7313,5,,Juventude,Matheus Peixoto,Normal
7314,5,80,Chapecoense,Ravanelli Ferreira Dos Santos,Pênalti
7314,5,25,Atletico-Mg,Danilo Neves,Normal
7315,5,25,Gremio,Miguel Borja,Pênalti
7316,6,81,Atletico-Go,Nathan Silva,Normal
7317,6,23,Cuiaba,Rafael Gustavo Meneghel Gava,Normal
7317,6,39,Cuiaba,,Normal
7317,6,18,Sao Paulo,Martín Benítez,Normal
7317,6,43,Sao Paulo,Gabriel Sara,Normal
7318,6,43,Flamengo,Bruno Henrique,Normal
7318,6,21,Flamengo,Bruno Henrique,Normal
7318,6,46,Fortaleza,David Corrêa Da Fonseca,Normal
7318,6,21,Flamengo,Bruno Henrique,Normal
7319,6,10,Bragantino,Ytalo José Dos Santos,Normal
7319,6,45,Bragantino,Ytalo José Dos Santos,Normal
7319,6,88,Bragantino,Ytalo José Dos Santos,Normal
7319,6,66,Palmeiras,Breno Lopes,Normal
7320,6,36,Juventude,Matheus Peixoto,Pênalti
7320,6,85,America-Mg,Paulo Roberto Valoura Junior,Pênalti
7321,6,,Internacional,Yuri Alberto,Normal
7321,6,,Chapecoense,Derlan,Normal
7321,6,6,Internacional,Caio Vidal,Normal
7322,6,52,Corinthians,Jô,Normal
7322,6,82,Sport,,Normal
7322,6,52,Corinthians,Jô,Normal
7322,6,49,Corinthians,Iago Maidana,Contra
7323,6,72,Atletico-Mg,Gabriel Costa França,Normal
7323,6,3,Ceara,Lima,Normal
7323,6,,Ceara,Gabriel Lacerda,Normal
7324,6,17,Bahia,Patrick De Lucca,Normal
7324,6,70,Bahia,Rossicley Pereira Da Silva,Normal
7324,6,40,Athletico-Pr,David Terans,Normal
7324,6,40,Athletico-Pr,David Terans,Normal
7324,6,70,Bahia,Rossicley Pereira Da Silva,Normal
7325,6,78,Santos,Marinho,Normal
7325,6,4,Gremio,,Normal
7325,6,42,Gremio,Matheus Henrique De Souza,Normal
7325,6,29,Santos,Marcos Guilherme,Normal
7326,7,25,Juventude,Matheus Peixoto,Normal
7327,7,37,Corinthians,Jô,Pênalti
7327,7,70,Fluminense,Juan Cazares,Normal
7328,7,74,Bahia,Maycon Douglas,Normal
7328,7,12,Bahia,,Normal
7328,7,92,Palmeiras,Breno Lopes,Normal
7328,7,,Palmeiras,Raphael Cavalcante Veiga,Normal
7328,7,7,Palmeiras,Gustavo Scarpa,Normal
7329,7,94,Chapecoense,Geuvânio,Normal
7329,7,37,Athletico-Pr,Khellven Douglas Silva Oliveira,Normal
7329,7,26,Chapecoense,Ignacio Da Silva Oliveira,Normal
7329,7,60,Athletico-Pr,Thiago Heleno,Normal
7331,7,57,Santos,Jean Mota Oliveira De Souza,Normal
7331,7,94,Santos,Marcos Guilherme,Normal
7332,7,34,America-Mg,Ribamar,Normal
7332,7,77,Internacional,Rodrigo Dourado,Normal
7332,7,34,America-Mg,Ribamar,Normal
7334,7,52,Sao Paulo,Gabriel Dias De Oliveira,Contra
7334,7,52,Sao Paulo,Gabriel Dias De Oliveira,Contra
7334,7,23,Ceara,,Normal
7335,7,82,Bragantino,Weverton,Normal
7336,8,73,Athletico-Pr,Vitor Hugo Naum Dos Santos,Normal
7336,8,76,Athletico-Pr,Ivaldo,Normal
7336,8,95,Athletico-Pr,Nikão,Pênalti
7336,8,2,Fluminense,Fred,Normal
7336,8,26,Athletico-Pr,,Normal
7336,8,76,Athletico-Pr,Ivaldo,Normal
7337,8,62,Fortaleza,Robson Fernandes,Normal
7337,8,50,Fortaleza,David Corrêa Da Fonseca,Normal
7337,8,35,Chapecoense,Anselmo Ramon,Pênalti
7337,8,72,Fortaleza,Yago Pikachu,Normal
7337,8,35,Chapecoense,Anselmo Ramon,Pênalti
7337,8,81,Chapecoense,Pedro  Perotti,Normal
7338,8,89,Palmeiras,Danilo Dos Santos De Oliveira,Normal
7338,8,65,Internacional,,Pênalti
7338,8,9,Palmeiras,Deyverson,Normal
7339,8,94,Bahia,Gilberto Oliveira Souza Junior,Normal
7339,8,36,Bahia,Rodrigo Eduardo Costa Marinho,Normal
7339,8,92,Bahia,Gilberto Oliveira Souza Junior,Normal
7339,8,73,America-Mg,Juninho,Normal
7339,8,18,America-Mg,Paulo Roberto Valoura Junior,Normal
7339,8,65,America-Mg,Ribamar,Normal
7339,8,15,America-Mg,Felipe Azevedo,Normal
7342,8,83,Juventude,Matheus Peixoto,Normal
7342,8,28,Juventude,Paulo Bóia,Normal
7344,8,42,Atletico-Mg,Ignacio Fernández,Normal
7344,8,27,Atletico-Mg,Matías Zaracho,Normal
7344,8,37,Atletico-Mg,Matías Zaracho,Normal
7344,8,42,Atletico-Mg,Ignacio Fernández,Normal
7344,8,89,Atletico-Mg,Ignacio Fernández,Normal
7344,8,,Atletico-Go,Marlon Freitas,Normal
7345,8,92,Flamengo,Thiago Maia,Normal
7345,8,,Flamengo,Pedro,Normal
7346,9,86,Fortaleza,Igor Torres,Normal
7346,9,,Athletico-Pr,David Terans,Normal
7346,9,9,Athletico-Pr,Matheus Babi,Normal
7347,9,94,America-Mg,,Normal
7347,9,,America-Mg,João Paulo Gomes Da Costa,Normal
7348,9,40,Internacional,Edenílson Andrade Dos Santos,Normal
7348,9,80,Corinthians,Jô,Normal
7349,9,67,Bahia,Gilberto Oliveira Souza Junior,Normal
7349,9,69,Bahia,Rodrigo Eduardo Costa Marinho,Normal
7350,9,91,Fluminense,André,Normal
7350,9,91,Fluminense,André,Normal
7351,9,38,Palmeiras,Gustavo Scarpa,Normal
7352,9,53,Ceara,Gabriel Lacerda,Normal
7352,9,48,Ceara,Saulo Mineiro,Normal
7353,9,26,Sao Paulo,Emiliano Rigoni,Normal
7353,9,63,Bragantino,Alerrandro Barra Mansa Realino De Souza,Normal
7353,9,75,Bragantino,Artur Victor Guimarães,Normal
7354,9,26,Atletico-Mg,Ignacio Fernández,Normal
7355,9,55,Atletico-Go,Lucas Gabriel Ribeiro Firmo,Normal
7356,10,,Athletico-Pr,Fernando Canesin,Normal
7356,10,31,Santos,Marcos Guilherme,Normal
7356,10,50,Santos,Ivaldo,Contra
7357,10,79,Bahia,Matheus Bahia Santos,Normal
7358,10,28,Bragantino,Bruno Praxedes,Normal
7358,10,78,Cuiaba,,Normal
7359,10,47,Fortaleza,Éderson,Normal
7359,10,62,Fortaleza,David Corrêa Da Fonseca,Normal
7359,10,83,Fortaleza,Igor Torres,Normal
7359,10,55,Fortaleza,David Corrêa Da Fonseca,Normal
7360,10,1,Palmeiras,Raphael Cavalcante Veiga,Normal
7360,10,17,Palmeiras,Gabriel Menino,Normal
7361,10,51,Atletico-Mg,,Normal
7361,10,53,Atletico-Mg,Jefferson Savarino,Normal
7361,10,88,Flamengo,Willian Arão,Normal
7361,10,88,Flamengo,Willian Arão,Normal
7362,10,51,Atletico-Go,Arthur Gomes,Normal
7362,10,48,Sport,,Normal
7363,10,2,Sao Paulo,Emiliano Rigoni,Normal
7363,10,,Sao Paulo,Igor Gomes,Normal
7365,10,60,Corinthians,Jô,Normal
7366,11,83,Palmeiras,Willian Gomes De Siqueira,Normal
7366,11,,Santos,Carlos Andrés Sánchez,Pênalti
7366,11,22,Palmeiras,,Normal
7366,11,92,Santos,Marinho,Pênalti
7366,11,92,Santos,Marinho,Pênalti
7366,11,19,Palmeiras,Gustavo Gómez,Normal
7368,11,28,Bragantino,Alerrandro Barra Mansa Realino De Souza,Normal
7368,11,70,Athletico-Pr,David Terans,Normal
7368,11,80,Bragantino,Ytalo José Dos Santos,Normal
7368,11,47,Athletico-Pr,Nikão,Normal
7369,11,66,Fluminense,Lucca Borges De Brito,Normal
7369,11,42,Sport,André Felipe Ribeiro De Souza,Pênalti
7369,11,73,Fluminense,Lucca Borges De Brito,Normal
7370,11,92,Sao Paulo,Liziero,Normal
7371,11,68,Atletico-Mg,Dylan Borrero,Normal
7372,11,97,Juventude,Matheus Peixoto,Pênalti
7372,11,75,Atletico-Go,Zé Roberto,Normal
7373,11,26,Cuiaba,Elton Rodrigues Brandão,Normal
7373,11,57,Ceara,Rick,Normal
7373,11,93,Cuiaba,Jenison De Jesus Brito E Brito,Normal
7373,11,66,Ceara,Jael,Normal
7374,11,78,Flamengo,Giorgian De Arrascaeta,Normal
7374,11,82,Flamengo,,Normal
7374,11,67,Chapecoense,Pedro  Perotti,Normal
7375,11,19,Fortaleza,Robson Fernandes,Normal
7376,12,98,Ceara,Wendson Dos Santos Lopes,Normal
7377,12,74,Fortaleza,Robson Fernandes,Normal
7378,12,86,Atletico-Mg,Hulk,Normal
7378,12,38,Corinthians,,Normal
7378,12,64,Atletico-Mg,Hulk,Normal
7378,12,38,Corinthians,,Normal
7379,12,,Gremio,César Pinares,Pênalti
7379,12,,Gremio,César Pinares,Pênalti
7380,12,17,Chapecoense,Geuvânio,Normal
7380,12,19,Cuiaba,Jenison De Jesus Brito E Brito,Normal
7380,12,48,Cuiaba,Felipe Marques,Normal
7380,12,88,Cuiaba,Elton Rodrigues Brandão,Normal
7380,12,23,Chapecoense,Ignacio Da Silva Oliveira,Normal
7381,12,91,Palmeiras,Gustavo Scarpa,Normal
7381,12,96,Palmeiras,Breno Lopes,Normal
7381,12,59,Palmeiras,Éder,Contra
7382,12,,Flamengo,,Pênalti
7382,12,74,Flamengo,Pedro,Normal
7382,12,41,Flamengo,Gabriel Barbosa,Normal
7382,12,62,Flamengo,Gabriel Barbosa,Normal
7382,12,84,Flamengo,Victor Vinã­Cius Coelho Santos,Normal
7383,12,51,Internacional,Thiago Galhardo,Normal
7384,12,95,Santos,Marcos Leonardo Santos Almeida,Normal
7384,12,70,Santos,Marcos Guilherme,Normal
7384,12,10,Bragantino,Alerrandro Barra Mansa Realino De Souza,Normal
7384,12,83,Bragantino,Ytalo José Dos Santos,Normal
7385,12,86,Sport,Paulinho  Moccelin,Normal
7386,13,31,America-Mg,Felipe Azevedo,Normal
7386,13,7,Gremio,Guilherme Guedes,Normal
7387,13,54,Palmeiras,Manoel Messias Silva Carvalho,Contra
7388,13,80,Atletico-Mg,Hulk,Pênalti
7388,13,58,Atletico-Mg,Hulk,Normal
7388,13,,Atletico-Mg,Nathan Allan De Souza,Normal
7389,13,13,Fortaleza,Robson Fernandes,Normal
7390,13,72,Flamengo,Bruno Henrique,Normal
7390,13,77,Flamengo,Bruno Henrique,Normal
7390,13,77,Flamengo,Bruno Henrique,Normal
7390,13,86,Flamengo,Gustavo Henrique Vernes,Normal
7390,13,70,Flamengo,Bruno Henrique,Normal
7390,13,92,Flamengo,,Contra
7390,13,72,Flamengo,Bruno Henrique,Normal
7390,13,48,Sao Paulo,,Normal
7391,13,20,Atletico-Go,Zé Roberto,Pênalti
7392,13,48,Athletico-Pr,Vitor Hugo Naum Dos Santos,Normal
7392,13,,Athletico-Pr,,Normal
7392,13,65,Internacional,Edenílson Andrade Dos Santos,Pênalti
7394,13,4,Juventude,Matheus Peixoto,Normal
7395,13,38,Corinthians,Adson,Normal
7395,13,71,Cuiaba,Rafael Elias,Normal
7395,13,28,Corinthians,Roni,Normal
7398,14,62,Bragantino,Bruno Praxedes,Normal
7399,14,89,Corinthians,Vitinho,Normal
7399,14,40,Flamengo,Gustavo Henrique Vernes,Normal
7399,14,7,Flamengo,,Normal
7399,14,44,Flamengo,Bruno Henrique,Normal
7400,14,60,Atletico-Mg,Eduardo Vargas,Pênalti
7400,14,69,Atletico-Mg,Neto,Normal
7401,14,,Santos,Carlos Andrés Sánchez,Pênalti
7402,14,89,Sport,Mikael,Normal
7403,14,13,America-Mg,Ademir,Normal
7403,14,20,Atletico-Go,Gabriel Baralhas,Normal
7404,14,79,Ceara,,Normal
7404,14,37,Ceara,-,Normal
7404,14,10,Fortaleza,,Normal
7404,14,79,Ceara,,Normal
7404,14,86,Ceara,Rick,Normal
7405,14,68,Juventude,Lucca  Borges  De  Brito,Contra
7405,14,53,Fluminense,,Normal
7407,15,28,Athletico-Pr,Renato Kayzer,Normal
7407,15,14,Sao Paulo,Pablo Felipe Teixeira,Pênalti
7407,15,34,Sao Paulo,,Normal
7408,15,34,Palmeiras,Willian Gomes De Siqueira,Normal
7408,15,18,Fortaleza,Marcelo Da Conceição Benevenuto Malaquias,Normal
7408,15,25,Fortaleza,Robson Fernandes,Normal
7408,15,95,Fortaleza,Igor Torres,Normal
7408,15,12,Palmeiras,Cristian Chagas Tarouco,Contra
7409,15,,Cuiaba,Pepê,Normal
7409,15,,Bahia,,Normal
7410,15,92,Atletico-Mg,Nathan Silva,Normal
7410,15,92,Atletico-Mg,Nathan Silva,Normal
7410,15,,Atletico-Mg,Hulk,Normal
7410,15,46,Juventude,Paulo Bóia,Normal
7411,15,72,America-Mg,,Normal
7414,15,,Internacional,Yuri Alberto,Normal
7414,15,,Internacional,Yuri Alberto,Normal
7414,15,19,Internacional,Yuri Alberto,Normal
7414,15,,Internacional,Yuri Alberto,Normal
7414,15,55,Internacional,Taison,Normal
7415,15,32,Gremio,Miguel Borja,Normal
7415,15,18,Gremio,Alisson Euler De Freitas Castro,Normal
7415,15,,Chapecoense,,Normal
7416,16,74,Juventude,,Normal
7416,16,9,Bragantino,Hélio Junio Nunes De Castro,Normal
7416,16,78,Juventude,Wagner Ferreira Dos Santos,Normal
7417,16,,Atletico-Mg,Jefferson Savarino,Normal
7417,16,62,Atletico-Mg,Jefferson Savarino,Normal
7418,16,93,Sao Paulo,Igor Gomes,Normal
7418,16,13,Sao Paulo,Vitor Bueno,Normal
7418,16,20,Gremio,Vanderson De Oliveira Campos,Normal
7418,16,20,Gremio,Vanderson De Oliveira Campos,Normal
7419,16,11,Flamengo,Bruno Henrique,Normal
7419,16,47,Flamengo,Ronaldo,Contra
7420,16,,Corinthians,-,Normal
7420,16,30,Corinthians,Adson,Normal
7420,16,17,Corinthians,Adson,Normal
7420,16,70,Ceara,Rick,Normal
7421,16,61,Atletico-Go,João Paulo,Normal
7421,16,26,Bahia,,Normal
7421,16,,Atletico-Go,Zé Roberto,Normal
7422,16,61,Cuiaba,Clayson Henrique Da Silva Vieira,Normal
7423,16,23,Fortaleza,Lucas Crispim,Normal
7423,16,25,Santos,Carlos Andrés Sánchez,Normal
7423,16,23,Fortaleza,Lucas Crispim,Normal
7424,16,84,Fluminense,,Normal
7424,16,,Internacional,Paolo Guerrero,Normal
7424,16,8,Internacional,,Normal
7424,16,93,Internacional,Edenílson Andrade Dos Santos,Normal
7424,16,45,Fluminense,Yago Rocha,Normal
7424,16,59,Internacional,Yuri Alberto,Normal
7424,16,,Internacional,Paolo Guerrero,Normal
7425,16,93,America-Mg,,Normal
7425,16,87,Chapecoense,Anderson Leite Moraes,Normal
7426,17,93,Atletico-Go,João Paulo,Pênalti
7426,17,36,Chapecoense,,Pênalti
7427,17,49,Gremio,,Normal
7427,17,95,Gremio,,Normal
7428,17,,Fortaleza,Marcelo Da Conceição Benevenuto Malaquias,Normal
7428,17,71,Juventude,Ricardo Bueno,Normal
7429,17,94,Cuiaba,Uillian Correia,Normal
7429,17,2,Cuiaba,Clayson Henrique Da Silva Vieira,Normal
7430,17,32,Ceara,Vinícius,Normal
7430,17,52,Flamengo,Victor Vinícius Coelho Santos,Normal
7431,17,55,Corinthians,Roni,Normal
7431,17,55,Corinthians,Roni,Normal
7432,17,8,Internacional,,Normal
7432,17,88,Internacional,Yuri Alberto,Normal
7432,17,35,Santos,Madson,Normal
7432,17,24,Santos,Gabriel Pirani,Normal
7433,17,5,Sao Paulo,Nan,Normal
7433,17,5,Sao Paulo,,Normal
7434,17,88,Bragantino,Gabriel Novaes,Normal
7434,17,41,Bragantino,Ytalo José Dos Santos,Normal
7435,17,25,Fluminense,Fred,Pênalti
7435,17,84,Atletico-Mg,Eduardo Sasha,Normal
7437,18,52,Flamengo,Gabriel Barbosa,Pênalti
7437,18,84,Flamengo,Andreas Pereira,Normal
7437,18,71,Flamengo,Gabriel Barbosa,Normal
7437,18,80,Flamengo,Gabriel Barbosa,Normal
7438,18,79,Corinthians,Jô,Normal
7439,18,71,Palmeiras,Rony,Normal
7439,18,66,Athletico-Pr,Bissoli,Normal
7439,18,22,Palmeiras,Luan Garcia Teixeira,Normal
7440,18,6,America-Mg,Fabrício Daniel De Souza,Normal
7440,18,,America-Mg,Fabrício Daniel De Souza,Normal
7441,18,91,Juventude,Ricardo Bueno,Normal
7441,18,91,Juventude,Ricardo Bueno,Normal
7441,18,85,Sao Paulo,Reinaldo Manoel Da Silva,Pênalti
7443,18,85,Atletico-Mg,Diego Costa,Normal
7443,18,15,Bragantino,Nathan Silva,Contra
7444,18,36,Fluminense,Lucca Borges De Brito,Normal
7444,18,97,Fluminense,,Normal
7446,19,70,Fortaleza,Yago Pikachu,Normal
7446,19,42,Bahia,Hugo Rodallega,Normal
7446,19,,Fortaleza,Matheus Vargas,Normal
7446,19,76,Bahia,Hugo Rodallega,Normal
7446,19,64,Bahia,Hugo Rodallega,Normal
7446,19,67,Bahia,Hugo Rodallega,Normal
7447,19,88,Cuiaba,Elton Rodrigues Brandão,Normal
7447,19,64,Santos,Gabriel Pirani,Normal
7447,19,4,Cuiaba,Jonathan Cafú,Normal
7449,19,85,Corinthians,Róger Guedes,Normal
7449,19,32,Juventude,Ricardo Bueno,Normal
7450,19,61,Chapecoense,Pedro Perotti,Normal
7450,19,10,Fluminense,Raúl Bobadilla,Normal
7450,19,,Fluminense,Luiz Henrique,Normal
7452,19,72,Palmeiras,Deyverson,Normal
7452,19,89,Ceara,Null,Normal
7452,19,49,Palmeiras,José Rafael Vivian,Normal
7453,19,39,Internacional,Maurício,Normal
7453,19,95,Bragantino,Bruno Gonçalves,Normal
7454,19,12,Atletico-Mg,Matías Zaracho,Normal
7454,19,56,Gremio,Jaminton  Campaz,Normal
7454,19,75,Atletico-Mg,Eduardo Vargas,Pênalti
7455,19,,Flamengo,Michael Richard Delgado De Oliveira,Normal
7455,19,74,Flamengo,Michael Richard Delgado De Oliveira,Normal
7456,20,,America-Mg,Felipe Azevedo,Normal
7456,20,70,America-Mg,Lucas Kal,Normal
7457,20,67,Cuiaba,Jenison De Jesus Brito E Brito,Normal
7457,20,46,Cuiaba,Juan Quintero Fletcher,Contra
7457,20,55,Juventude,Guilherme Castilho,Normal
7458,20,78,Chapecoense,Mike Dos Santos Nenatarvicius,Normal
7458,20,38,Bragantino,Artur Victor Guimarães,Normal
7458,20,95,Chapecoense,Anselmo Ramon,Normal
7458,20,78,Chapecoense,Mike Dos Santos Nenatarvicius,Normal
7460,20,46,Gremio,Aldemir Ferreira,Normal
7460,20,43,Gremio,Diego Souza,Normal
7461,20,49,Atletico-Mg,Matías Zaracho,Normal
7461,20,,Atletico-Mg,Junior Alonso,Normal
7462,20,,Flamengo,Michael Richard Delgado De Oliveira,Normal
7462,20,81,Flamengo,Michael Richard Delgado De Oliveira,Normal
7462,20,15,Palmeiras,Wesley Ribeiro Silva,Normal
7462,20,57,Flamengo,Pedro,Normal
7462,20,57,Flamengo,Pedro,Normal
7463,20,60,Corinthians,Gabriel Pereira Dos Santos,Normal
7463,20,89,Atletico-Go,Zé Roberto,Normal
7464,20,66,Fluminense,Luiz Henrique,Normal
7464,20,50,Fluminense,Nino,Normal
7464,20,60,Sao Paulo,Reinaldo Manoel Da Silva,Pênalti
7464,20,66,Fluminense,Luiz Henrique,Normal
7465,20,4,Internacional,Patrick,Normal
7466,21,,Palmeiras,Luiz Adriano,Normal
7466,21,10,Palmeiras,,Normal
7467,21,63,Athletico-Pr,Bissoli,Pênalti
7467,21,,Juventude,Ricardo Bueno,Pênalti
7467,21,71,Athletico-Pr,Renato Kayzer,Normal
7468,21,35,Atletico-Mg,Diego Costa,Normal
7468,21,46,Atletico-Mg,Hulk,Normal
7468,21,99,Atletico-Mg,Eduardo Vargas,Pênalti
7469,21,,Bahia,Hugo  Rodallega,Normal
7469,21,70,Bragantino,Ytalo José Dos Santos,Normal
7471,21,93,Internacional,Edenílson Andrade Dos Santos,Normal
7472,21,36,Sao Paulo,Emiliano Rigoni,Normal
7472,21,71,Atletico-Go,Matheus Barbosa Teixeira,Normal
7472,21,56,Sao Paulo,Luciano Da Rocha Neves,Normal
7473,21,7,America-Mg,Marlon,Normal
7473,21,17,Corinthians,Giuliano Victor De Paula,Normal
7474,21,48,Gremio,Miguel Borja,Normal
7475,21,5,Fluminense,Luiz Henrique,Normal
7475,21,20,Fluminense,Raúl Bobadilla,Normal
7475,21,,Cuiaba,Felipe Marques,Normal
7475,21,23,Cuiaba,Jonathan Cafú,Pênalti
7476,22,53,Ceara,Jael,Normal
7476,22,53,Ceara,Jael,Normal
7477,22,,Corinthians,Róger Guedes,Normal
7477,22,47,Palmeiras,Gabriel Menino,Normal
7477,22,84,Corinthians,Róger Guedes,Normal
7479,22,89,Flamengo,Michael Richard Delgado De Oliveira,Normal
7479,22,95,America-Mg,Alexandre Egea,Normal
7480,22,74,Internacional,Rodrigo Dourado,Normal
7480,22,39,Internacional,Yuri Alberto,Normal
7480,22,74,Internacional,Rodrigo Dourado,Normal
7481,22,12,Fluminense,Fred,Normal
7481,22,42,Fluminense,Luiz Henrique,Normal
7481,22,12,Fluminense,Fred,Normal
7481,22,62,Bragantino,Hã©Lio Junio Nunes De Castro,Normal
7482,22,84,Juventude,,Normal
7482,22,64,Juventude,Dawhan,Normal
7482,22,46,Juventude,Ricardo Bueno,Normal
7482,22,84,Juventude,Nan,Normal
7483,22,33,Fortaleza,Marcelo Da Conceição Benevenuto Malaquias,Normal
7484,22,61,Athletico-Pr,,Normal
7484,22,31,Athletico-Pr,Pedro Rocha Neves,Normal
7484,22,84,Gremio,Vanderson De Oliveira Campos,Normal
7484,22,,Athletico-Pr,Pedro Rocha Neves,Normal
7484,22,,Athletico-Pr,Pedro Rocha Neves,Normal
7484,22,,Athletico-Pr,Pedro Rocha Neves,Normal
7484,22,55,Athletico-Pr,-,Normal
7484,22,59,Gremio,Thiago Dos Santos,Normal
7486,23,13,America-Mg,Mauro Zárate,Normal
7486,23,83,America-Mg,Ademir,Normal
7487,23,95,Atletico-Go,Brian Montenegro,Normal
7487,23,75,Atletico-Go,Gabriel Baralhas,Normal
7487,23,18,Atletico-Go,Felipe,Normal
7488,23,56,Bragantino,Luan Cândido,Normal
7488,23,84,Bragantino,Jan Hurtado,Normal
7488,23,90,Corinthians,Renato Augusto,Normal
7488,23,90,Corinthians,Renato Augusto,Normal
7488,23,96,Corinthians,Gustavo Mosquito,Normal
7489,23,78,Atletico-Mg,Keno,Normal
7490,23,10,Flamengo,Bruno Henrique,Normal
7490,23,49,Flamengo,Andreas Pereira,Normal
7490,23,5,Flamengo,Éverton Ribeiro,Normal
7490,23,5,Flamengo,Éverton Ribeiro,Normal
7491,23,76,Chapecoense,Mike Dos Santos Nenatarvicius,Normal
7491,23,36,Sao Paulo,Emiliano Rigoni,Normal
7492,23,6,Juventude,Guilherme Castilho,Normal
7492,23,29,Palmeiras,Danilo Dos Santos De Oliveira,Normal
7493,23,53,Sport,Gustavo,Normal
7493,23,70,Sport,Mikael,Normal
7493,23,,Gremio,Douglas Costa,Normal
7494,23,33,Santos,Madson,Normal
7494,23,,Santos,Diego Tardelli,Normal
7495,23,57,Bahia,Gilberto Oliveira Souza Junior,Normal
7495,23,54,Ceara,Stiven Mendoza,Normal
7496,24,69,Corinthians,Jô,Normal
7496,24,49,Corinthians,Róger Guedes,Pênalti
7496,24,33,Bahia,Gilberto Oliveira Souza Junior,Pênalti
7496,24,52,Corinthians,Víctor Cantillo,Normal
7497,24,83,Atletico-Mg,Eduardo Sasha,Normal
7497,24,28,Chapecoense,Geuvânio,Normal
7497,24,28,Chapecoense,Geuvânio,Normal
7497,24,19,Atletico-Mg,Dylan Borrero,Normal
7497,24,,Chapecoense,Mike Dos Santos Nenatarvicius,Pênalti
7498,24,51,Athletico-Pr,David Terans,Normal
7498,24,43,Athletico-Pr,Márcio Almeida De Oliveira,Normal
7499,24,80,Juventude,Paulo Bóia,Pênalti
7499,24,69,Sport,Francisco Alves Da Silva Neto,Normal
7499,24,,Sport,Josã© Welison,Normal
7499,24,49,Sport,Mikael,Normal
7501,24,58,Bragantino,Artur Victor Guimarães,Normal
7501,24,39,Flamengo,Pedro,Normal
7502,24,60,Fortaleza,Cristian Chagas Tarouco,Normal
7502,24,60,Fortaleza,Cristian Chagas Tarouco,Normal
7502,24,49,Fortaleza,Marcelo Da Conceição Benevenuto Malaquias,Normal
7503,24,29,Palmeiras,Rony,Normal
7503,24,73,America-Mg,Patric Cabral Lalau,Normal
7503,24,93,America-Mg,Ademir,Normal
7503,24,29,Palmeiras,Rony,Normal
7504,24,82,Gremio,Alisson Euler De Freitas Castro,Normal
7504,24,23,Cuiaba,Max Alves,Normal
7504,24,52,Gremio,Alisson Euler De Freitas Castro,Normal
7504,24,79,Cuiaba,Marllon Borges,Normal
7504,24,52,Gremio,Alisson Euler De Freitas Castro,Normal
7504,24,23,Cuiaba,Max Alves,Normal
7505,24,5,Santos,Carlos Andrés Sánchez,Normal
7505,24,35,Sao Paulo,Jonathan Calleri,Pênalti
7507,25,87,Atletico-Mg,Diego Costa,Normal
7507,25,55,Atletico-Mg,Hulk,Pênalti
7507,25,32,Atletico-Mg,Hulk,Normal
7507,25,92,Ceara,Gabriel Lacerda,Normal
7508,25,81,Sport,Paulinho Moccelin,Normal
7509,25,60,Flamengo,Pedro,Normal
7509,25,67,Flamengo,Michael Richard Delgado De Oliveira,Normal
7509,25,67,Flamengo,Michael Richard Delgado De Oliveira,Normal
7509,25,64,Flamengo,Michael Richard Delgado De Oliveira,Normal
7510,25,44,Bahia,Raí Nascimento De Oliveira,Normal
7510,25,50,Bahia,Gilberto  Oliveira  Souza  Junior,Normal
7511,25,34,Bragantino,Tomás Cuello,Normal
7511,25,76,Bragantino,Artur Victor Guimarães,Normal
7511,25,62,Palmeiras,Raphael Cavalcante Veiga,Pênalti
7511,25,13,Bragantino,Ytalo José Dos Santos,Normal
7511,25,,Bragantino,Artur Victor Guimarães,Normal
7511,25,43,Palmeiras,Eduardo Pereira Rodrigues,Normal
7512,25,44,Juventude,Dawhan,Normal
7512,25,11,America-Mg,Juninho,Normal
7513,25,82,Chapecoense,Mike Dos Santos Nenatarvicius,Normal
7513,25,40,Internacional,Yuri Alberto,Normal
7513,25,40,Internacional,Yuri Alberto,Normal
7513,25,58,Internacional,Matheus Cadorini,Normal
7513,25,2,Internacional,Yuri Alberto,Normal
7513,25,6,Internacional,Taison,Normal
7513,25,61,Chapecoense,Mike Dos Santos Nenatarvicius,Normal
7513,25,36,Internacional,Yuri Alberto,Normal
7514,25,92,Santos,Wagner Leonardo,Normal
7516,26,69,Bragantino,Jadsom,Normal
7518,26,69,Atletico-Mg,Ignacio Fernández,Pênalti
7518,26,48,Santos,Raniel,Normal
7518,26,75,Atletico-Mg,Nathan Silva,Normal
7518,26,81,Atletico-Mg,Ignacio Fernández,Normal
7519,26,58,Chapecoense,Matheus Antunes Ribeiro,Normal
7519,26,58,Chapecoense,Matheus Antunes Ribeiro,Normal
7519,26,89,Athletico-Pr,Christian Roberto Alves Cardoso,Normal
7520,26,12,Flamengo,Kenedy,Normal
7520,26,57,Juventude,William Matheus,Normal
7520,26,35,Flamengo,Andreas Pereira,Normal
7520,26,26,Flamengo,Pedro,Normal
7521,26,79,Fortaleza,Yago Pikachu,Normal
7521,26,79,Fortaleza,Yago Pikachu,Normal
7522,26,,Corinthians,Gabriel Pereira Dos Santos,Normal
7523,26,14,Internacional,,Normal
7523,26,16,America-Mg,Ademir,Normal
7523,26,90,Internacional,Yuri Alberto,Normal
7523,26,64,Internacional,Patrick,Normal
7524,26,23,Ceara,Fabinho,Normal
7524,26,52,Sao Paulo,,Normal
7525,26,69,Cuiaba,Elton  Rodrigues  Brandão,Pênalti
7526,27,93,Fortaleza,,Pênalti
7526,27,42,Chapecoense,Rodriguinho,Normal
7526,27,,Fortaleza,Bruno Ferreira Melo,Normal
7528,27,34,Fluminense,Ivaldo,Contra
7529,27,52,Palmeiras,Raphael Cavalcante Veiga,Pênalti
7529,27,52,Palmeiras,Raphael Cavalcante Veiga,Pênalti
7530,27,70,Bragantino,Alerrandro Barra Mansa Realino De Souza,Normal
7530,27,70,Bragantino,Alerrandro Barra Mansa Realino De Souza,Normal
7530,27,12,Bragantino,Hélio Junio Nunes De Castro,Normal
7530,27,91,Ceara,Fabrício Bruno,Contra
7530,27,98,Ceara,,Normal
7531,27,59,Juventude,Marcos Vinicios,Normal
7531,27,23,Gremio,Douglas Costa,Normal
7531,27,,Juventude,Roberson,Normal
7531,27,56,Gremio,Mathías Villasanti,Normal
7531,27,25,Gremio,,Normal
7532,27,59,Atletico-Mg,Nathan Silva,Normal
7532,27,65,Atletico-Go,Janderson,Normal
7532,27,65,Atletico-Go,Janderson,Normal
7532,27,81,Atletico-Go,Oliveira,Normal
7535,27,7,Sao  Paulo,Jonathan Calleri,Normal
7536,28,47,America-Mg,Alexandre Egea,Normal
7536,28,49,America-Mg,Ademir,Pênalti
7538,28,85,Fluminense,Abel Hernández,Normal
7538,28,61,Fluminense,John Kennedy,Normal
7538,28,71,Flamengo,Renê Rodrigues Martins,Normal
7538,28,17,Fluminense,John Kennedy,Normal
7539,28,1,Fortaleza,Lucas Rafael Araújo Lima,Normal
7539,28,61,Fortaleza,,Normal
7539,28,7,Fortaleza,Yago Pikachu,Normal
7540,28,93,Internacional,Null,Normal
7540,28,9,Internacional,Rodrigo Lindoso,Normal
7540,28,61,Corinthians,Giuliano Victor De Paula,Normal
7540,28,67,Corinthians,Fábio Santos,Pênalti
7541,28,48,Atletico-Mg,Jair Rodrigues Júnior,Normal
7541,28,4,Atletico-Mg,Hulk,Normal
7541,28,2,Cuiaba,Nathan Silva,Normal
7541,28,48,Atletico-Mg,Jair Rodrigues Júnior,Normal
7541,28,2,Cuiaba,Nathan Silva,Normal
7542,28,56,Bragantino,Luan Cândido,Normal
7543,28,2,Bahia,Gilberto Oliveira Souza Junior,Normal
7543,28,52,Bahia,,Normal
7543,28,20,Bahia,Raí Nascimento De Oliveira,Normal
7544,28,43,Atletico-Go,Igor Aquino Da Silva,Normal
7544,28,72,Atletico-Go,Marlon Freitas,Pênalti
7545,28,4,Sport,Leandro Barcia Montero,Normal
7545,28,53,Palmeiras,Luiz Adriano,Normal
7545,28,81,Palmeiras,Felipe Melo,Normal
7546,34,50,Bragantino,Francisco  Alves  Da  Silva  Neto,Contra
7546,34,3,Bragantino,Ytalo José Dos Santos,Normal
7546,34,,Bragantino,Tomás Cuello,Normal
7547,34,72,Atletico-Mg,Hulk,Pênalti
7547,34,72,Atletico-Mg,Hulk,Pênalti
7547,34,76,Atletico-Mg,Hulk,Normal
7548,34,38,Fortaleza,Robson Fernandes,Normal
7549,34,36,Gremio,Lucas Silva Borges,Normal
7549,34,60,Gremio,Thiago Dos Santos,Normal
7549,34,80,Gremio,Laércio Soldá,Normal
7549,34,,Chapecoense,Bruno Cortês,Contra
7550,34,55,Atletico-Go,João Paulo,Normal
7550,34,48,Ceara,Vinícius,Normal
7551,34,41,Internacional,Taison,Normal
7551,34,11,Flamengo,Andreas Pereira,Normal
7551,34,4,Flamengo,Gabriel Barbosa,Normal
7552,34,47,Corinthians,Jô,Normal
7552,34,85,Corinthians,Gabriel Girotto Franco,Normal
7553,34,,Fluminense,Fred,Pênalti
7553,34,43,Fluminense,Luiz Henrique,Normal
7556,29,48,Santos,Madson,Normal
7557,29,25,Flamengo,Michael Richard Delgado De Oliveira,Normal
7559,29,,America-Mg,Ademir,Pênalti
7559,29,51,Fortaleza,David Corrêa Da Fonseca,Normal
7559,29,84,America-Mg,Felipe Azevedo,Normal
7560,29,,Gremio,Diego Souza,Normal
7560,29,50,Palmeiras,Raphael Cavalcante Veiga,Normal
7560,29,94,Palmeiras,Breno Lopes,Normal
7560,29,46,Palmeiras,Raphael Cavalcante Veiga,Pênalti
7561,29,7,Ceara,Vinícius,Pênalti
7562,29,5,Sao Paulo,-,Normal
7563,29,86,Sport,Mikael,Normal
7563,29,76,Sport,Mikael,Pênalti
7564,29,94,Cuiaba,Rafael Gustavo Meneghel Gava,Normal
7565,29,98,Corinthians,Róger Guedes,Normal
7567,31,62,Gremio,Diego Souza,Normal
7568,31,52,Ceara,Rick,Normal
7568,31,52,Ceara,Rick,Normal
7568,31,68,Athletico-Pr,Pedro Henrique Ribeiro Gonçalves,Normal
7568,31,44,Athletico-Pr,Renato Kayzer,Normal
7569,31,14,Atletico-Mg,Diego Costa,Normal
7569,31,51,Atletico-Mg,Keno,Normal
7569,31,95,Atletico-Mg,Hulk,Normal
7569,31,51,Atletico-Mg,Keno,Normal
7570,31,28,Santos,Marinho,Normal
7570,31,93,Santos,Carlos Andrés Sánchez,Pênalti
7571,31,14,Palmeiras,Raphael Cavalcante Veiga,Normal
7571,31,31,Palmeiras,Rony,Normal
7571,31,90,Palmeiras,Breno Lopes,Normal
7571,31,64,Palmeiras,Gustavo Scarpa,Pênalti
7572,31,93,Sao Paulo,,Normal
7572,31,59,Fortaleza,Robson Fernandes,Normal
7573,31,,America-Mg,Paulo Roberto Valoura Junior,Normal
7573,31,52,America-Mg,Ademir,Normal
7573,31,76,Sport,Josã© Welison,Normal
7573,31,66,Sport,Mikael,Normal
7573,31,17,America-Mg,Alexandre Egea,Normal
7574,31,88,Internacional,Matheus Cadorini,Normal
7574,31,65,Juventude,Dawhan,Normal
7574,31,65,Juventude,Dawhan,Normal
7574,31,86,Juventude,Paulo Victor,Contra
7575,31,,Flamengo,Gabriel Barbosa,Pênalti
7575,31,58,Flamengo,Michael Richard Delgado De Oliveira,Normal
7575,31,,Flamengo,Andreas Pereira,Normal
7576,30,87,Corinthians,Víctor Cantillo,Normal
7577,30,40,Internacional,Taison,Normal
7578,30,96,Fluminense,,Normal
7579,30,60,Athletico-Pr,Márcio Almeida De Oliveira,Normal
7579,30,91,Athletico-Pr,Pedro Rocha Neves,Normal
7580,30,62,Atletico-Mg,,Normal
7581,30,72,Palmeiras,Raphael Cavalcante Veiga,Normal
7581,30,44,Palmeiras,Rony,Normal
7582,30,77,Bahia,Rossicley Pereira Da Silva,Normal
7583,30,48,Ceara,Messias Rodrigues Da Silva Júnior,Normal
7584,30,35,Chapecoense,,Normal
7584,30,26,Flamengo,Matheuzinho,Normal
7584,30,,Chapecoense,Kaio Nunes,Normal
7584,30,41,Flamengo,Michael Richard Delgado De Oliveira,Normal
7585,30,62,Atletico-Go,Zé Roberto,Normal
7585,30,88,Juventude,Ricardo Bueno,Normal
7587,32,4,America-Mg,Felipe Azevedo,Normal
7587,32,49,America-Mg,Ademir,Pênalti
7587,32,47,America-Mg,Juninho,Normal
7587,32,55,Gremio,Aldemir Ferreira,Normal
7588,32,,Bragantino,Artur Victor Guimarães,Pênalti
7588,32,15,Bragantino,Ytalo  José  Dos  Santos,Normal
7588,32,4,Bragantino,Hélio Junio Nunes De Castro,Normal
7589,32,,Athletico-Pr,David Terans,Normal
7589,32,,Internacional,,Normal
7589,32,40,Internacional,Edenílson Andrade Dos Santos,Normal
7590,32,78,Cuiaba,Paulo Marcos De Jesus Ribeiro,Normal
7590,32,,Cuiaba,Pepê,Normal
7590,32,3,Corinthians,Giuliano Victor De Paula,Normal
7590,32,57,Corinthians,Róger Guedes,Normal
7590,32,57,Corinthians,Róger Guedes,Normal
7590,32,,Corinthians,,Normal
7590,32,3,Corinthians,Giuliano Victor De Paula,Normal
7591,32,42,Flamengo,Michael Richard Delgado De Oliveira,Normal
7591,32,55,Flamengo,Michael Richard Delgado De Oliveira,Normal
7591,32,1,Flamengo,Gabriel Barbosa,Normal
7591,32,4,Flamengo,Bruno Henrique,Normal
7592,32,28,Palmeiras,Eduardo Pereira Rodrigues,Normal
7592,32,46,Fluminense,Yago Rocha,Normal
7592,32,88,Fluminense,,Normal
7593,32,9,Ceara,Vinícius,Normal
7593,32,80,Ceara,Marlon,Normal
7593,32,61,Sport,Mikael,Normal
7594,32,2,Juventude,Guilherme Castilho,Normal
7594,32,26,Juventude,Vitor Mendes,Normal
7595,32,73,Atletico-Mg,Hulk,Pênalti
7595,32,74,Atletico-Mg,Keno,Normal
7595,32,78,Atletico-Mg,Keno,Normal
7595,32,62,Bahia,,Normal
7595,32,66,Bahia,Gilberto Oliveira Souza Junior,Normal
7596,33,45,Atletico-Mg,,Normal
7597,33,5,Gremio,Diego Souza,Normal
7597,33,34,Gremio,Lucas Silva Borges,Normal
7597,33,38,Gremio,Jhonata Robert Alves Da Silva,Normal
7599,33,27,Santos,Marinho,Pênalti
7599,33,84,Santos,Marcos Guilherme,Normal
7600,33,69,Cuiaba,,Normal
7601,33,,Ceara,Vinícius,Normal
7601,33,14,Ceara,Lima,Normal
7601,33,,Ceara,Vinícius,Normal
7601,33,,Ceara,Yony González,Normal
7602,33,24,Sao Paulo,Gabriel Sara,Normal
7602,33,61,Sao Paulo,Luciano Da Rocha Neves,Normal
7603,33,18,Juventude,Vitor Mendes,Normal
7604,33,,Flamengo,Bruno Henrique,Normal
7605,33,66,Sport,Paulinho Moccelin,Normal
7606,35,36,Atletico-Mg,Matías Zaracho,Normal
7606,35,28,Palmeiras,,Normal
7606,35,61,Atletico-Mg,Hulk,Normal
7606,35,57,Palmeiras,Deyverson,Normal
7607,35,,Fluminense,Fred,Pênalti
7608,35,,Santos,Marcos Leonardo Santos Almeida,Pênalti
7608,35,90,Santos,Marcos Leonardo Santos Almeida,Normal
7609,35,,Corinthians,Róger Guedes,Normal
7609,35,6,Ceara,,Normal
7609,35,87,Ceara,Yony González,Normal
7610,35,60,Atletico-Go,Marlon Freitas,Pênalti
7610,35,71,Bahia,Hugo Rodallega,Normal
7610,35,93,Atletico-Go,,Normal
7611,35,45,Juventude,Ricardo Bueno,Normal
7612,35,70,America-Mg,Ademir,Pênalti
7612,35,59,America-Mg,Fabrício Daniel De Souza,Normal
7612,35,43,America-Mg,Ademir,Normal
7613,35,94,Gremio,-,Normal
7613,35,23,Gremio,,Normal
7613,35,68,Gremio,,Normal
7614,35,58,Athletico-Pr,,Normal
7615,35,40,Flamengo,Michael Richard Delgado De Oliveira,Normal
7615,35,51,Sport,Gustavo,Normal
7616,36,13,Bahia,Matheus Bahia Santos,Normal
7616,36,61,Gremio,Thiago Dos Santos,Normal
7616,36,18,Bahia,Raí Nascimento De Oliveira,Normal
7616,36,85,Bahia,Daniel Sampaio Simões,Normal
7617,36,,America-Mg,Eduardo,Normal
7617,36,64,Bragantino,Artur Victor Guimarães,Normal
7618,36,50,Sao Paulo,Jonathan Calleri,Normal
7618,36,80,Sao Paulo,Gabriel Sara,Normal
7619,36,65,Corinthians,Fábio Santos,Pênalti
7620,36,60,Atletico-Mg,Hulk,Normal
7620,36,38,Atletico-Mg,Hulk,Normal
7620,36,14,Fluminense,Manoel Messias Silva Carvalho,Normal
7621,36,46,Internacional,Luiz Felipe,Contra
7621,36,47,Santos,Marcos Leonardo Santos Almeida,Normal
7622,36,,Flamengo,,Normal
7622,36,,Flamengo,Gabriel Barbosa,Normal
7622,36,71,Ceara,Rick,Normal
7623,36,4,Palmeiras,Gabriel Silva,Normal
7623,36,,Cuiaba,Alan Empereur,Normal
7623,36,91,Palmeiras,Gabriel  Veron,Normal
7623,36,30,Palmeiras,Giovani Henrique,Normal
7624,36,88,Atletico-Go,Arthur Henrique,Normal
7625,36,82,Fortaleza,Valentín Depietri,Normal
7626,37,47,Bahia,-,Normal
7626,37,,Bahia,Gilberto Oliveira Souza Junior,Pênalti
7627,37,39,Gremio,Diego Souza,Normal
7627,37,86,Corinthians,Renato Augusto,Normal
7628,37,52,Atletico-Mg,Matías Zaracho,Normal
7628,37,20,Atletico-Mg,Keno,Normal
7628,37,78,Atletico-Mg,Jefferson Savarino,Normal
7628,37,88,Atletico-Mg,,Normal
7628,37,100,Bragantino,Artur Victor Guimarães,Normal
7628,37,47,Bragantino,Artur Victor Guimarães,Normal
7628,37,39,Bragantino,Ytalo José Dos Santos,Normal
7630,37,67,Sao Paulo,Luciano Da Rocha Neves,Normal
7630,37,63,Juventude,Marcos Vinicios,Normal
7630,37,43,Sao Paulo,Jonathan Calleri,Normal
7630,37,5,Sao Paulo,Luciano Da Rocha Neves,Normal
7632,37,9,Cuiaba,Elton Rodrigues Brandão,Pênalti
7633,37,47,Atletico-Go,,Normal
7633,37,45,Atletico-Go,Gabriel Baralhas,Normal
7633,37,33,Internacional,,Normal
7633,37,47,Atletico-Go,,Normal
7634,37,,Santos,Marcos Leonardo Santos Almeida,Normal
7634,37,,Santos,Marcos Leonardo Santos Almeida,Normal
7635,37,88,Sport,Luciano Juba,Normal
7636,38,,Fortaleza,Yago Pikachu,Pênalti
7636,38,,Fortaleza,Yago Pikachu,Pênalti
7636,38,,Bahia,Rodrigo Eduardo Costa Marinho,Pênalti
7636,38,52,Fortaleza,Wellington Paulista,Pênalti
7636,38,,Bahia,Rodrigo Eduardo Costa Marinho,Pênalti
7637,38,92,Atletico-Go,Jonas Toró,Normal
7637,38,82,Atletico-Go,Lucas Gabriel Ribeiro Firmo,Normal
7638,38,42,Palmeiras,Kevin,Normal
7639,38,49,Fluminense,,Normal
7639,38,91,Fluminense,Abel Hernández,Normal
7639,38,,Fluminense,Luiz Henrique,Normal
7640,38,58,America-Mg,Ademir,Normal
7640,38,62,America-Mg,Ademir,Normal
7641,38,92,Bragantino,Artur Victor Guimarães,Normal
7642,38,,Sport,Mikael,Normal
7642,38,43,Athletico-Pr,Khellven Douglas Silva Oliveira,Normal
7643,38,83,Juventude,Chico,Pênalti
7644,38,11,Gremio,Jaminton Campaz,Normal
7644,38,6,Gremio,,Normal
7644,38,20,Gremio,Diego Souza,Normal
7644,38,91,Atletico-Mg,Hyoran,Normal
7644,38,,Atletico-Mg,Eduardo  Vargas,Normal
7644,38,59,Gremio,Douglas Costa,Normal
7644,38,26,Atletico-Mg,-,Normal
7645,38,,Cuiaba,Marllon Borges,Normal
7645,38,75,Santos,Lucas Braga Ribeiro,Normal
7647,1,84,Flamengo,Bruno Henrique,Normal
7647,1,75,Atletico-Go,Wellington Rato,Normal
7648,1,7,Ceara,Jorge Marco De Oliveira Moraes,Contra
7648,1,,Ceara,Stiven Mendoza,Normal
7648,1,22,Palmeiras,José Rafael Vivian,Normal
7648,1,7,Ceara,Jorge Marco De Oliveira Moraes,Contra
7648,1,85,Ceara,,Normal
7648,1,96,Palmeiras,Gustavo Gómez,Pênalti
7648,1,22,Palmeiras,José Rafael Vivian,Normal
7648,1,,Ceara,Stiven Mendoza,Normal
7649,1,91,Coritiba,Andrey,Normal
7649,1,10,Coritiba,Alef Manga,Normal
7649,1,47,Coritiba,Léo Gamalho,Normal
7650,1,17,Corinthians,Paulinho,Normal
7650,1,44,Corinthians,Lucas Piton,Normal
7650,1,,Botafogo-Rj,Diego Gonçalves,Pênalti
7650,1,26,Corinthians,Gustavo Mantuan,Normal
7651,1,10,Atletico-Mg,Hulk,Normal
7651,1,93,Atletico-Mg,,Normal
7652,1,8,Cuiaba,Éverton Cardoso Da Silva,Normal
7652,1,8,Cuiaba,Éverton Cardoso Da Silva,Normal
7653,1,52,Avai,Raniele,Normal
7654,1,19,Sao Paulo,Jonathan Calleri,Normal
7654,1,52,Sao Paulo,Jonathan Calleri,Normal
7654,1,70,Sao Paulo,,Normal
7654,1,74,Sao Paulo,Luciano Da Rocha Neves,Normal
7655,1,12,Bragantino,Miguel Silveira,Normal
7655,1,30,Juventude,Renan  Victor  Da  Silva,Contra
7655,1,,Bragantino,,Contra
7655,1,69,Juventude,Óscar Ruiz,Normal
7655,1,30,Juventude,Renan  Victor  Da  Silva,Contra
7655,1,69,Juventude,Óscar Ruiz,Normal
7656,2,96,Palmeiras,Rony,Normal
7656,2,,Goias,Pedro Raúl,Normal
7657,2,65,America-Mg,Iago Maidana,Normal
7657,2,89,America-Mg,,Normal
7657,2,19,America-Mg,Iago Maidana,Pênalti
7657,2,,Juventude,Rã´Mulo Zwarg,Normal
7657,2,25,America-Mg,Felipe Azevedo,Normal
7658,2,25,Corinthians,Róger Guedes,Normal
7658,2,55,Corinthians,Rã³Ger Guedes,Normal
7658,2,9,Corinthians,Róger Guedes,Normal
7659,2,92,Fluminense,Paulo Marcos De Jesus Ribeiro,Contra
7660,2,28,Coritiba,Léo Gamalho,Pênalti
7660,2,28,Coritiba,Léo Gamalho,Pênalti
7660,2,12,Santos,Léo Baptistão,Normal
7660,2,,Santos,Henrique Adriano Buss,Contra
7660,2,,Santos,Henrique Adriano Buss,Contra
7661,2,25,Flamengo,Gabriel Barbosa Almeida,Normal
7661,2,41,Sao Paulo,Jonathan Calleri,Normal
7661,2,69,Flamengo,Mauricio Isla,Normal
7661,2,72,Flamengo,Giorgian De Arrascaeta,Normal
7662,2,49,Atletico-Mg,Matías Zaracho,Normal
7663,2,52,Internacional,Andrés D'Alessandro,Normal
7663,2,,Internacional,,Normal
7663,2,51,Fortaleza,Yago Pikachu,Pênalti
7664,2,26,Bragantino,Natan Bernardo De Souza,Normal
7664,2,26,Bragantino,Natan Bernardo De Souza,Normal
7664,2,59,Bragantino,Léo Ortiz,Normal
7664,2,,Bragantino,Ytalo José Dos Santos,Normal
7664,2,30,Bragantino,Marcos Vinicios,Normal
7664,2,,Bragantino,Ytalo José Dos Santos,Normal
7665,2,18,Botafogo-Rj,João Victor Santos Sá,Normal
7665,2,80,Botafogo-Rj,,Pênalti
7665,2,60,Botafogo-Rj,Erison Danilo De Souza,Normal
7665,2,60,Botafogo-Rj,Erison Danilo De Souza,Normal
7665,2,43,Ceara,Lima,Normal
7667,4,17,Bragantino,Ytalo José Dos Santos,Normal
7668,4,75,America-Mg,Juan  Pablo  Ramírez  Velásquez,Normal
7669,4,80,Goias,Élvis Vieira Araújo,Pênalti
7669,4,,Atletico-Mg,Eduardo Vargas,Normal
7669,4,39,Atletico-Mg,Hulk,Normal
7669,4,53,Goias,Apodi,Normal
7669,4,,Atletico-Mg,Eduardo Vargas,Normal
7670,4,45,Atletico-Go,Jorginho,Normal
7670,4,,Cuiaba,Rodrigo Eduardo Costa Marinho,Normal
7671,4,83,Botafogo-Rj,Diego Gonã§Alves,Normal
7671,4,64,Juventude,Isidro Pitta,Normal
7672,4,53,Corinthians,Matheus Jussa,Contra
7673,4,36,Fluminense,Paulo Henrique Ganso,Normal
7673,4,53,Coritiba,Léo Gamalho,Normal
7673,4,95,Coritiba,Léo Gamalho,Normal
7673,4,19,Fluminense,Paulo Henrique Ganso,Normal
7673,4,61,Coritiba,Andrey,Normal
7675,4,82,Sao Paulo,Luciano Da Rocha Neves,Pênalti
7675,4,10,Sao Paulo,Jonathan Calleri,Normal
7675,4,,Santos,Marcos Leonardo Santos Almeida,Normal
7676,3,1,Bragantino,,Normal
7676,3,70,Sao Paulo,Eder Citadin Martins,Normal
7676,3,70,Sao Paulo,Eder Citadin Martins,Normal
7677,3,32,Athletico-Pr,David Terans,Pênalti
7678,3,,Palmeiras,Gustavo Gómez,Normal
7678,3,71,Palmeiras,Eduardo Pereira Rodrigues,Normal
7678,3,19,Palmeiras,Rony,Normal
7679,3,54,Internacional,Alexandre Alemão,Normal
7680,3,36,Atletico-Mg,Jefferson Savarino,Normal
7680,3,78,Coritiba,,Normal
7680,3,,Coritiba,Igor Paixão,Normal
7680,3,23,Atletico-Mg,Jefferson Savarino,Normal
7681,3,78,Santos,Vinicius Zanocelo,Normal
7681,3,78,Santos,Vinicius Zanocelo,Normal
7681,3,29,Santos,Marcos Leonardo Santos Almeida,Normal
7681,3,78,Santos,Vinicius Zanocelo,Normal
7681,3,51,Santos,Vinicius Zanocelo,Normal
7682,3,84,Cuiaba,Elton Rodrigues Brandão,Pênalti
7683,3,96,Botafogo-Rj,Leandro Barcia Montero,Contra
7683,3,51,Atletico-Go,Marlon Freitas,Normal
7683,3,51,Atletico-Go,Marlon Freitas,Normal
7684,3,88,Goias,Élvis Vieira Araújo,Pênalti
7684,3,88,Goias,Élvis Vieira Araújo,Pênalti
7684,3,76,Goias,Pedro Raúl,Normal
7684,3,,Avai,Muriqui,Pênalti
7684,3,51,Avai,Bissoli,Normal
7684,3,4,Avai,Morato,Normal
7685,3,56,Ceara,Cléber,Normal
7686,5,69,Atletico-Mg,Ignacio  Fernández,Normal
7686,5,81,America-Mg,Raãºl Cã¡Ceres,Normal
7686,5,7,America-Mg,Iago Maidana,Pênalti
7687,5,49,Athletico-Pr,,Normal
7688,5,51,Botafogo-Rj,Erison Danilo De Souza,Normal
7688,5,51,Botafogo-Rj,Erison Danilo De Souza,Normal
7689,5,83,Fluminense,Germã¡N Cano,Normal
7689,5,72,Palmeiras,Eduardo Pereira Rodrigues,Normal
7690,5,1,Goias,Élvis Vieira Araújo,Normal
7691,5,54,Corinthians,Renato Augusto,Normal
7692,5,78,Santos,Rwan Philipe Rodrigues De Souza Cruz,Normal
7692,5,11,Cuiaba,Alesson,Normal
7692,5,11,Cuiaba,Alesson,Normal
7692,5,3,Santos,Léo Baptistão,Normal
7692,5,37,Santos,Marcos Leonardo Santos Almeida,Normal
7692,5,76,Santos,Bryan Angulo,Normal
7692,5,3,Santos,Léo Baptistão,Normal
7693,5,47,Internacional,,Normal
7693,5,47,Internacional,,Normal
7693,5,93,Juventude,Óscar Ruiz,Normal
7694,5,57,Sao Paulo,Luciano Da Rocha Neves,Normal
7694,5,69,Fortaleza,,Normal
7695,5,62,Avai,Bissoli,Pênalti
7695,5,73,Avai,Muriqui,Pênalti
7695,5,52,Coritiba,Igor Paixão,Normal
7696,7,13,Bragantino,Ytalo José Dos Santos,Normal
7696,7,66,Atletico-Mg,Ignacio Fernández,Normal
7697,7,,Atletico-Go,Airton,Normal
7697,7,47,Atletico-Go,Jorginho,Normal
7697,7,,Atletico-Go,Airton,Normal
7697,7,,Atletico-Go,Airton,Normal
7698,7,17,Flamengo,Pedro,Normal
7700,7,31,Palmeiras,Rony,Normal
7700,7,92,Palmeiras,Gabriel Menino,Normal
7700,7,9,Palmeiras,José Rafael Vivian,Normal
7701,7,83,Internacional,Carlos De Pena,Pênalti
7701,7,50,Cuiaba,Valdívia,Normal
7702,7,86,Botafogo-Rj,,Normal
7702,7,38,America-Mg,Aloísio Dos Santos Gonçalves,Normal
7703,7,51,Sao Paulo,Jonathan Calleri,Normal
7703,7,,Corinthians,Adson,Normal
7704,7,9,Fluminense,-,Normal
7704,7,9,Fluminense,-,Normal
7705,7,51,Avai,William Pottker,Pênalti
7705,7,44,Athletico-Pr,David Terans,Normal
7705,7,25,Athletico-Pr,David Terans,Pênalti
7706,6,99,Palmeiras,-,Pênalti
7706,6,30,Palmeiras,Danilo,Normal
7707,6,38,Flamengo,Willian Arão,Normal
7707,6,26,Ceara,Stiven Mendoza,Normal
7707,6,,Ceara,Nino Paraíba,Normal
7707,6,7,Flamengo,Willian Arão,Normal
7708,6,,Corinthians,Jô,Normal
7708,6,25,Internacional,Alan Patrick,Normal
7708,6,44,Internacional,Wanderson,Normal
7708,6,30,Corinthians,Raul Gustavo Pereira Bicalho,Normal
7709,6,14,Atletico-Mg,Marlon Freitas,Contra
7709,6,72,Atletico-Mg,Hulk,Normal
7710,6,91,Athletico-Pr,Matheus Felipe Santos Nascimento,Normal
7710,6,91,Athletico-Pr,Matheus Felipe Santos Nascimento,Normal
7710,6,8,Fluminense,Germán Cano,Normal
7710,6,78,Fluminense,Germán Cano,Normal
7711,6,82,Sao  Paulo,Nikão,Normal
7711,6,82,Sao  Paulo,Nikão,Normal
7711,6,66,Sao Paulo,Jonathan Calleri,Pênalti
7711,6,82,Sao  Paulo,Nikão,Normal
7711,6,33,Cuiaba,Jenison De Jesus Brito E Brito,Normal
7712,6,47,Coritiba,Andrey,Normal
7713,6,94,Botafogo-Rj,-,Normal
7713,6,,Botafogo-Rj,Erison Danilo De Souza,Normal
7713,6,14,Fortaleza,Moisés Vieira Da Veiga,Normal
7713,6,94,Botafogo-Rj,-,Normal
7713,6,89,Botafogo-Rj,Patrick De Paula,Normal
7714,6,25,Juventude,Óscar Ruiz,Normal
7714,6,27,Avai,Bissoli,Normal
7714,6,70,Juventude,Vitor Mendes,Normal
7715,6,19,Goias,Élvis Vieira Araãºjo,Pênalti
7716,8,40,Bragantino,Artur Victor Guimarães,Normal
7716,8,74,Goias,Nicolas Godinho Johann,Normal
7717,8,8,Sao Paulo,Jonathan Calleri,Normal
7717,8,42,Sao Paulo,Rodrigo Nestor,Normal
7717,8,8,Sao Paulo,Jonathan Calleri,Normal
7717,8,71,Ceara,-,Normal
7717,8,37,Ceara,Cléber,Normal
7718,8,49,Juventude,Vitor Gabriel,Normal
7718,8,,Fortaleza,José Welison,Normal
7719,8,29,Coritiba,Igor Paixão,Normal
7720,8,80,Palmeiras,-,Normal
7721,8,85,Athletico-Pr,Vitor Roque,Normal
7722,8,82,Corinthians,Gustavo Mosquito,Normal
7722,8,67,America-Mg,Aloísio Dos Santos Gonçalves,Normal
7723,8,57,Flamengo,Gabriel Barbosa Almeida,Normal
7723,8,,Fluminense,Germán Cano,Normal
7723,8,34,Flamengo,Andreas Pereira,Normal
7723,8,34,Flamengo,Andreas Pereira,Normal
7724,8,41,Avai,Morato,Normal
7724,8,66,Atletico-Mg,Eduardo Sasha,Normal
7724,8,53,Atletico-Mg,Hulk,Normal
7725,8,12,Internacional,Wanderson,Normal
7725,8,79,Atletico-Go,Diego Churín,Normal
7726,9,53,America-Mg,,Normal
7726,9,42,Cuiaba,André Felipe Ribeiro De Souza,Normal
7726,9,25,America-Mg,Alexandre Egea,Normal
7726,9,25,America-Mg,Alexandre Egea,Normal
7727,9,12,Santos,Marcos Leonardo Santos Almeida,Normal
7727,9,56,Athletico-Pr,Léo Baptistão,Contra
7727,9,64,Santos,Marcos Leonardo Santos Almeida,Normal
7727,9,43,Athletico-Pr,Pablo Felipe Teixeira,Normal
7728,9,37,Ceara,Stiven Mendoza,Normal
7728,9,85,Coritiba,Adriã¡N Emmanuel Martã­Nez,Normal
7729,9,49,Sao Paulo,Reinaldo Manoel Da Silva,Pênalti
7729,9,67,Avai,Muriqui,Normal
7730,9,33,Corinthians,,Normal
7731,9,32,Juventude,,Contra
7732,9,28,Fortaleza,Robson Fernandes,Normal
7732,9,92,Fortaleza,Hércules,Normal
7732,9,50,Flamengo,Éverton Ribeiro,Normal
7734,9,100,Internacional,Carlos De Pena,Pênalti
7734,9,92,Internacional,Johnny Cardoso,Normal
7735,9,73,Goias,,Normal
7735,9,46,Botafogo-Rj,Víctor Cuesta,Normal
7735,9,84,Goias,Pedro Raúl,Normal
7735,9,46,Botafogo-Rj,Víctor Cuesta,Normal
7736,10,,Cuiaba,Uendel Pereira Gonçalves,Normal
7737,10,22,Ceara,Stiven Mendoza,Normal
7737,10,55,Ceara,Stiven Mendoza,Normal
7738,10,38,Juventude,,Normal
7738,10,63,Athletico-Pr,David Terans,Normal
7738,10,96,Athletico-Pr,Vitor Bueno,Normal
7738,10,47,Athletico-Pr,,Normal
7739,10,43,Avai,Bissoli,Normal
7739,10,92,Atletico-Go,Wellington Rato,Normal
7739,10,34,Atletico-Go,Gabriel Baralhas,Normal
7740,10,17,Bragantino,Luan Cândido,Normal
7741,10,49,Atletico-Mg,Jair Rodrigues Júnior,Normal
7741,10,53,Atletico-Mg,Eduardo Sasha,Normal
7741,10,58,Fluminense,Germán Cano,Normal
7741,10,63,Fluminense,Luiz Henrique,Normal
7741,10,29,Fluminense,Germán Cano,Normal
7741,10,18,Fluminense,Jhon Arias,Normal
7741,10,35,Atletico-Mg,Hulk,Normal
7741,10,58,Fluminense,Germán Cano,Normal
7741,10,37,Fluminense,Samuel Xavier,Normal
7742,10,71,Internacional,Bruno Méndez,Normal
7742,10,63,Santos,Lucas Braga Ribeiro,Normal
7742,10,71,Internacional,Bruno Méndez,Normal
7743,10,11,Palmeiras,,Normal
7743,10,18,Palmeiras,Gustavo Scarpa,Normal
7743,10,87,Palmeiras,Wesley Ribeiro Silva,Normal
7743,10,33,Palmeiras,Rony,Normal
7744,10,4,Sao Paulo,Jonathan Calleri,Normal
7744,10,59,Coritiba,Alef Manga,Normal
7744,10,59,Coritiba,Alef Manga,Normal
7745,10,86,Goias,Pedro Raúl,Normal
7745,10,13,Fortaleza,Yago Pikachu,Normal
7746,11,2,Corinthians,Adson,Normal
7746,11,84,Corinthians,,Normal
7747,11,84,Santos,Rwan Philipe Rodrigues De Souza Cruz,Pênalti
7747,11,6,Atletico-Mg,Sávio Moreira De Oliveira,Normal
7748,11,46,Atletico-Go,Wellington Rato,Normal
7748,11,35,Atletico-Go,Jefferson,Normal
7749,11,51,Cuiaba,André Felipe Ribeiro De Souza,Normal
7749,11,17,Bragantino,Artur Victor Guimarães,Normal
7750,11,1,Internacional,Wanderson,Normal
7750,11,22,Internacional,Wanderson,Normal
7750,11,92,Internacional,Pedro Henrique Konzen,Pênalti
7750,11,58,Flamengo,Andreas Pereira,Normal
7751,11,,Goias,Pedro Raúl,Pênalti
7751,11,9,Ceara,Stiven Mendoza,Normal
7752,11,34,Sao Paulo,Patrick,Normal
7752,11,34,Sao Paulo,Patrick,Normal
7753,11,63,Palmeiras,Rony,Normal
7753,11,23,Palmeiras,Eduardo Pereira Rodrigues,Normal
7755,11,46,Avai,Kevin Peterson Dos Santos Silva,Normal
7756,12,26,Juventude,Ricardo Bueno,Normal
7756,12,77,Santos,Marcos Leonardo Santos Almeida,Normal
7756,12,57,Santos,Eduardo,Normal
7758,12,36,Bragantino,Hyoran,Normal
7758,12,7,Bragantino,Hyoran,Normal
7758,12,92,Coritiba,Adrián Emmanuel Martínez,Normal
7758,12,,Coritiba,Igor Paixão,Normal
7758,12,75,Bragantino,Natan Bernardo De Souza,Normal
7758,12,34,Bragantino,Artur Victor Guimarães,Normal
7759,12,8,Internacional,Edenílson Andrade Dos Santos,Normal
7759,12,47,Internacional,Alan Patrick,Normal
7759,12,41,Goias,Da Silva,Normal
7760,12,79,Flamengo,Gabriel Barbosa Almeida,Normal
7760,12,6,Flamengo,Ayrton Lucas Dantas De Medeiros,Normal
7761,12,82,Athletico-Pr,David Terans,Pênalti
7761,12,5,Corinthians,Róger Guedes,Normal
7763,12,61,Botafogo-Rj,Kayque,Normal
7764,12,,Palmeiras,Gustavo Scarpa,Normal
7764,12,44,Palmeiras,Gustavo Gómez,Normal
7764,12,42,Palmeiras,José  Rafael  Vivian,Normal
7764,12,,Palmeiras,Gustavo Gómez,Normal
7764,12,79,Atletico-Go,Diego Churín,Normal
7764,12,28,Atletico-Go,Luan Garcia Teixeira,Contra
7765,12,65,Fortaleza,Moisés Vieira Da Veiga,Normal
7765,12,40,Avai,Bissoli,Pênalti
7765,12,70,Avai,Bissoli,Pênalti
7765,12,44,Fortaleza,Robson Fernandes,Normal
7765,12,33,Avai,Muriqui,Normal
7767,13,17,Santos,Léo Baptistão,Normal
7767,13,36,Santos,Léo Baptistão,Normal
7767,13,46,Bragantino,Hyoran,Normal
7767,13,71,Bragantino,Luan Cândido,Normal
7768,13,85,Atletico-Mg,Ademir,Normal
7768,13,35,Atletico-Mg,Ignacio Fernández,Normal
7769,13,100,Athletico-Pr,Khellven,Pênalti
7770,13,34,Corinthians,Fábio Santos,Pênalti
7770,13,34,Corinthians,Fábio Santos,Pênalti
7771,13,,Botafogo-Rj,Hugo,Normal
7771,13,59,Botafogo-Rj,,Normal
7771,13,14,Internacional,Fabricio Bustos,Normal
7771,13,,Botafogo-Rj,Hugo,Normal
7771,13,,Botafogo-Rj,Vinícius Lopes,Normal
7771,13,9,Internacional,Edenílson Andrade Dos Santos,Pênalti
7772,13,43,Fortaleza,Yago Pikachu,Normal
7773,13,63,Atletico-Go,Wellington Rato,Normal
7773,13,59,Atletico-Go,,Normal
7773,13,86,Atletico-Go,Lã©O Pereira,Normal
7773,13,23,Juventude,Rodrigo Alves Soares,Normal
7774,13,5,Fluminense,Germã¡N Cano,Normal
7774,13,72,Fluminense,Matheus Martins,Normal
7775,13,90,Palmeiras,Gustavo Gómez,Normal
7775,13,96,Palmeiras,,Normal
7775,13,,Sao Paulo,Patrick,Normal
7775,13,,Sao Paulo,Patrick,Normal
7776,14,42,Internacional,Edenã­Lson Andrade Dos Santos,Normal
7776,14,54,Internacional,Alexandre Alemã£O,Normal
7776,14,19,Internacional,Taison,Normal
7777,14,23,Athletico-Pr,,Normal
7777,14,16,Athletico-Pr,Luis Manuel Orejuela,Normal
7777,14,82,Bragantino,Lucas Evangelista,Normal
7777,14,5,Athletico-Pr,Erick Luis Conrado Carvalho,Normal
7777,14,23,Athletico-Pr,,Normal
7777,14,67,Athletico-Pr,Hugo Moura,Normal
7777,14,79,Bragantino,Alerrandro Barra Mansa Realino De Souza,Normal
7778,14,91,Flamengo,Mário Sérgio Santos Costa,Normal
7778,14,71,Flamengo,Giorgian De Arrascaeta,Normal
7778,14,,Flamengo,Gabriel Barbosa Almeida,Normal
7780,14,76,Atletico-Mg,Rubens,Normal
7780,14,3,Fortaleza,Romarinho,Normal
7780,14,96,Atletico-Mg,Matheus Jussa,Contra
7780,14,87,Atletico-Mg,Réver,Normal
7780,14,29,Fortaleza,Romarinho,Normal
7781,14,73,Avai,Jean Pyerre,Normal
7781,14,53,Avai,Bissoli,Pênalti
7781,14,73,Avai,Jean Pyerre,Normal
7781,14,65,Palmeiras,Rony,Normal
7781,14,47,Palmeiras,Gustavo Scarpa,Pênalti
7782,14,82,Fluminense,Manoel Messias Silva Carvalho,Normal
7783,14,80,Goias,Pedro Raúl,Normal
7784,14,48,Ceara,Erick,Normal
7784,14,26,Atletico-Go,Jorginho,Normal
7786,15,56,Atletico-Mg,Eduardo Sasha,Normal
7786,15,56,Atletico-Mg,Eduardo Sasha,Normal
7786,15,76,Juventude,,Normal
7786,15,30,Atletico-Mg,,Pênalti
7787,15,42,Fluminense,Germán  Cano,Normal
7787,15,15,Fluminense,Manoel Messias Silva Carvalho,Normal
7787,15,15,Fluminense,Manoel Messias Silva Carvalho,Normal
7787,15,42,Fluminense,Germán  Cano,Normal
7787,15,71,Fluminense,Germán Cano,Normal
7787,15,91,Fluminense,Fred,Normal
7788,15,18,Flamengo,Pedro,Normal
7788,15,73,Flamengo,,Normal
7788,15,66,Santos,,Normal
7789,15,24,Internacional,Moisés Roberto Barbosa,Normal
7789,15,20,Ceara,Lima,Pênalti
7789,15,20,Ceara,Lima,Pênalti
7790,15,58,Athletico-Pr,Vitor Bueno,Pênalti
7790,15,36,Athletico-Pr,-,Normal
7791,15,49,Cuiaba,Valdívia,Normal
7791,15,64,Cuiaba,Joaquim Henrique Pereira Silva,Normal
7791,15,30,Avai,,Normal
7792,15,24,Sao  Paulo,,Pênalti
7792,15,30,Atletico-Go,Marlon Freitas,Pênalti
7792,15,,Sao Paulo,Luciano Da Rocha Neves,Normal
7793,15,59,America-Mg,Henrique Almeida,Normal
7794,15,85,Fortaleza,Habraão,Normal
7794,15,20,Coritiba,Léo Gamalho,Normal
7794,15,94,Coritiba,José Hugo,Normal
7794,15,20,Coritiba,Léo Gamalho,Normal
7795,15,64,Botafogo-Rj,Vinícius Lopes,Normal
7796,16,90,Bragantino,Bruno Praxedes,Normal
7796,16,70,Bragantino,Luan Cândido,Normal
7796,16,87,Bragantino,Hélio Junio Nunes De Castro,Normal
7796,16,,Bragantino,Alerrandro Barra Mansa Realino De Souza,Normal
7797,16,93,Ceara,Luiz Otávio,Normal
7797,16,39,Fluminense,Germán Cano,Normal
7797,16,54,Fluminense,Matheus Martins,Normal
7798,16,40,Goias,Nicolas Godinho Johann,Normal
7798,16,62,Athletico-Pr,David Terans,Pênalti
7798,16,,Goias,Pedro Raúl,Normal
7799,16,5,Juventude,Paulo,Normal
7799,16,78,Coritiba,Adrián Emmanuel Martínez,Normal
7799,16,53,Coritiba,Lã©O Gamalho,Normal
7799,16,53,Coritiba,Lã©O Gamalho,Normal
7799,16,34,Juventude,Ricardo Bueno,Pênalti
7800,16,52,Corinthians,Rodinei Marcelo De Almeida,Contra
7801,16,76,Santos,Lucas Barbosa,Normal
7804,16,98,Cuiaba,André Luis,Normal
7804,16,22,Cuiaba,Alesson,Normal
7805,16,95,Internacional,Moisés Roberto Barbosa,Normal
7807,17,13,Flamengo,Gustavo Henrique Vernes,Normal
7807,17,,Flamengo,Diego Ribas,Normal
7808,17,10,Avai,Bissoli,Pênalti
7809,17,28,Ceara,Bruno Pacheco,Normal
7809,17,33,Ceara,Vinícius,Normal
7809,17,76,Ceara,Cléber,Normal
7809,17,4,Corinthians,Róger Guedes,Normal
7811,17,64,Fluminense,Manoel Messias Silva Carvalho,Normal
7811,17,34,Sao Paulo,Luciano Da Rocha Neves,Normal
7811,17,42,Sao Paulo,Patrick,Normal
7811,17,25,Fluminense,André Trindade,Normal
7812,17,55,Atletico-Mg,Matías Zaracho,Normal
7813,17,74,Fortaleza,,Normal
7814,17,41,Bragantino,Marcos Vinicios,Normal
7814,17,2,Bragantino,Alerrandro Barra Mansa Realino De Souza,Normal
7814,17,7,Bragantino,Alerrandro Barra Mansa Realino De Souza,Normal
7814,17,7,Bragantino,Alerrandro Barra Mansa Realino De Souza,Normal
7815,17,49,Palmeiras,Gabriel Veron,Normal
7816,18,48,Ceara,Vinícius,Normal
7817,18,57,Fortaleza,Emanuel Brítez,Normal
7817,18,37,Bragantino,Lucas Evangelista,Normal
7817,18,95,Bragantino,Gabriel Novaes,Normal
7818,18,84,Fluminense,Germán Cano,Normal
7818,18,80,Goias,Nicolas Godinho Johann,Normal
7818,18,85,Fluminense,Willian Gomes De Siqueira,Normal
7818,18,84,Fluminense,Germán Cano,Normal
7818,18,,Fluminense,Jhon Arias,Normal
7818,18,,Goias,-,Normal
7819,18,95,Athletico-Pr,Léo Cittadini,Normal
7819,18,14,Athletico-Pr,,Normal
7819,18,9,Athletico-Pr,Tomás Cuello,Normal
7819,18,49,Athletico-Pr,David Terans,Normal
7819,18,72,Atletico-Go,Kelvin,Normal
7820,18,13,Flamengo,Pedro,Normal
7820,18,86,Flamengo,Lázaro Vinícius,Normal
7820,18,6,Flamengo,Pedro,Normal
7820,18,18,Flamengo,Éverton Ribeiro,Normal
7821,18,,Internacional,Edenílson Andrade Dos Santos,Pênalti
7821,18,54,Sao Paulo,Luciano Da Rocha Neves,Normal
7821,18,4,Internacional,,Normal
7821,18,30,Sao Paulo,Nikão,Normal
7821,18,10,Sao Paulo,,Normal
7821,18,24,Internacional,Pedro Henrique Konzen,Normal
7821,18,54,Sao Paulo,Luciano Da Rocha Neves,Normal
7822,18,33,Santos,Léo Baptistão,Normal
7822,18,77,Santos,Marcos Leonardo Santos Almeida,Normal
7823,18,67,Corinthians,Adson,Normal
7823,18,85,Corinthians,Raul Gustavo Pereira Bicalho,Normal
7823,18,36,Corinthians,Róger Guedes,Normal
7823,18,,Coritiba,Luciano Castán,Normal
7824,18,94,Atletico-Mg,Alan Kardec,Normal
7824,18,99,Cuiaba,,Normal
7825,18,65,Palmeiras,Gustavo Scarpa,Normal
7826,19,39,Goias,,Normal
7826,19,33,Sao Paulo,Rodrigo Nestor,Normal
7826,19,92,Goias,Pedro Raúl,Normal
7826,19,29,Sao Paulo,Jonathan Calleri,Normal
7826,19,,Goias,Dada,Normal
7826,19,,Goias,Dada,Normal
7826,19,92,Goias,Pedro Raúl,Normal
7826,19,48,Sao Paulo,Patrick,Normal
7827,19,54,Botafogo-Rj,Jeffinho,Normal
7827,19,19,Botafogo-Rj,,Normal
7827,19,19,Botafogo-Rj,,Normal
7828,19,84,Flamengo,,Normal
7828,19,84,Flamengo,,Normal
7828,19,47,Avai,Arthur Chaves,Normal
7828,19,55,Flamengo,Pedro,Normal
7829,19,66,Fluminense,Germán Cano,Normal
7829,19,,Bragantino,,Normal
7829,19,62,Fluminense,Jhon Arias,Normal
7830,19,88,Palmeiras,Gabriel Menino,Normal
7830,19,82,Internacional,Alexandre Alemão,Normal
7830,19,18,Palmeiras,Gustavo Gómez,Normal
7830,19,88,Palmeiras,Gabriel Menino,Normal
7831,19,,Juventude,Isidro Pitta,Normal
7832,19,86,Corinthians,Fábio Santos,Pênalti
7832,19,80,Corinthians,Fábio Santos,Normal
7832,19,9,Atletico-Mg,Keno,Normal
7833,19,33,America-Mg,Felipe Azevedo,Normal
7835,19,40,Coritiba,Alef Manga,Normal
7836,20,80,Goias,Pedro Raúl,Normal
7837,20,31,Palmeiras,Eduardo Pereira Rodrigues,Normal
7837,20,45,Palmeiras,José Manuel Alberto López,Normal
7837,20,80,Ceara,Stiven Mendoza,Pênalti
7838,20,27,Corinthians,Gustavo Mosquito,Normal
7839,20,22,Flamengo,,Normal
7839,20,50,Flamengo,Victor Hugo,Normal
7839,20,82,Atletico-Go,Wellington Rato,Normal
7839,20,23,Flamengo,Mário Sérgio Santos Costa,Normal
7839,20,32,Flamengo,Arturo Vidal,Pênalti
7840,20,69,Athletico-Pr,Vitor Bueno,Pênalti
7841,20,24,Internacional,,Normal
7841,20,7,Internacional,Maurício,Normal
7841,20,31,Internacional,Maurício,Normal
7842,20,25,Fortaleza,Robson Fernandes,Normal
7843,20,34,America-Mg,Henrique Almeida,Normal
7843,20,70,America-Mg,Everaldo,Normal
7843,20,4,Avai,,Normal
7843,20,4,Avai,,Normal
7843,20,90,America-Mg,Everaldo,Normal
7844,20,28,Bragantino,Hélio Junio Nunes De Castro,Normal
7845,20,71,Fluminense,Paulo Henrique Ganso,Pênalti
7845,20,72,Fluminense,Jhon Arias,Normal
7845,20,16,Santos,Luiz Felipe,Normal
7845,20,86,Santos,Marcos Leonardo Santos Almeida,Normal
7846,21,,America-Mg,Pedrinho,Normal
7847,21,49,Ceara,Stiven Mendoza,Normal
7847,21,9,Botafogo-Rj,Víctor Cuesta,Normal
7848,21,77,Corinthians,Fabiã¡N Balbuena,Normal
7848,21,36,Avai,Bissoli,Pênalti
7849,21,52,Atletico-Go,Marlon Freitas,Normal
7849,21,60,Atletico-Go,Diego Churín,Normal
7849,21,86,Bragantino,Luan Cã¢Ndido,Normal
7850,21,7,Flamengo,Lázaro Vinícius,Normal
7850,21,95,Flamengo,Gabriel Barbosa Almeida,Normal
7851,21,2,Fluminense,Germán Cano,Normal
7852,21,19,Palmeiras,Mayke,Normal
7852,21,50,Palmeiras,Raphael Cavalcante Veiga,Pênalti
7852,21,83,Palmeiras,Eduard Atuesta,Normal
7853,21,84,Fortaleza,Robson Fernandes,Normal
7853,21,70,Fortaleza,Hércules,Normal
7853,21,45,Fortaleza,Lucas Crispim,Normal
7853,21,84,Fortaleza,Robson Fernandes,Normal
7854,21,96,Athletico-Pr,Agustín Canobbio,Normal
7854,21,54,Atletico-Mg,,Normal
7854,21,46,Athletico-Pr,Vitor Roque,Normal
7854,21,46,Athletico-Pr,Vitor Roque,Normal
7854,21,56,Athletico-Pr,Vitor Roque,Normal
7854,21,30,Atletico-Mg,Igor Rabello,Normal
7855,21,47,Santos,Madson,Normal
7855,21,57,Coritiba,Léo Gamalho,Normal
7855,21,57,Coritiba,Léo Gamalho,Normal
7855,21,93,Santos,Bryan Angulo,Normal
7856,22,,Avai,Bissoli,Pênalti
7856,22,,Avai,Bissoli,Pênalti
7856,22,79,Goias,Dada,Normal
7857,22,72,Palmeiras,Roni,Contra
7858,22,22,Cuiaba,André Felipe Ribeiro De Souza,Normal
7860,22,94,Atletico-Mg,Alan Kardec,Normal
7860,22,94,Atletico-Mg,Alan Kardec,Normal
7861,22,17,Fortaleza,Moisés Vieira Da Veiga,Normal
7862,22,56,Flamengo,Fabrã­Cio Bruno,Normal
7862,22,92,Flamengo,Pedro,Normal
7862,22,59,Flamengo,-,Normal
7862,22,63,Flamengo,Ayrton Lucas Dantas De Medeiros,Normal
7862,22,71,Flamengo,Lázaro Vinícius,Normal
7862,22,59,Flamengo,-,Normal
7863,22,25,Sao Paulo,Rodrigo Nestor,Normal
7863,22,61,Sao Paulo,-,Normal
7863,22,59,Sao Paulo,,Normal
7863,22,59,Sao Paulo,,Normal
7864,22,14,America-Mg,Pedrinho,Normal
7865,22,93,Internacional,Carlos De Pena,Normal
7865,22,71,Internacional,Alexandre Alemão,Normal
7865,22,36,Internacional,Fabricio Bustos,Normal
7866,23,,Goias,Pedro Raúl,Normal
7867,23,84,Coritiba,Egídio,Normal
7867,23,84,Coritiba,Egídio,Normal
7867,23,,Coritiba,Alef Manga,Normal
7867,23,95,Fluminense,Willian Gomes De Siqueira,Normal
7867,23,,Fluminense,,Normal
7867,23,,Fluminense,Willian Gomes De Siqueira,Normal
7867,23,77,Fluminense,Nathan,Normal
7867,23,36,Fluminense,Jhon Arias,Normal
7868,23,61,Botafogo-Rj,Júnior Santos,Normal
7868,23,72,Botafogo-Rj,Gabriel Appelt Pires,Normal
7868,23,65,Juventude,Isidro Pitta,Normal
7868,23,9,Juventude,Isidro Pitta,Normal
7869,23,29,Flamengo,Victor Hugo,Normal
7869,23,66,Palmeiras,Raphael  Cavalcante  Veiga,Normal
7870,23,,Athletico-Pr,Éder,Contra
7870,23,64,America-Mg,Henrique Almeida,Normal
7871,23,34,Atletico-Go,Diego Churín,Normal
7871,23,81,Cuiaba,Rodrigo  Eduardo  Costa  Marinho,Normal
7871,23,34,Atletico-Go,Diego Churín,Normal
7872,23,65,Fortaleza,Moisã©S Vieira Da Veiga,Normal
7873,23,,Bragantino,Luan Cã¢Ndido,Pênalti
7873,23,80,Ceara,Zé Roberto,Pênalti
7874,23,,Santos,Lucas Braga Ribeiro,Normal
7874,23,,Santos,Lucas Braga Ribeiro,Normal
7875,23,98,Internacional,Pedro Henrique Konzen,Pênalti
7876,24,84,Atletico-Go,Shaylon,Normal
7876,24,54,Goias,Marquinhos,Normal
7876,24,11,Goias,João Victor Andrade Caetano,Normal
7877,24,78,Coritiba,Fabrício Daniel De Souza,Normal
7878,24,38,Fluminense,Manoel Messias Silva Carvalho,Normal
7878,24,38,Fluminense,Manoel Messias Silva Carvalho,Normal
7878,24,8,Palmeiras,Rony,Normal
7880,24,32,Fortaleza,Juninho Capixaba,Normal
7881,24,19,America-Mg,Henrique Almeida,Normal
7881,24,10,Atletico-Mg,-,Normal
7882,24,58,Flamengo,Arturo Vidal,Normal
7884,24,38,Internacional,Johnny Cardoso,Normal
7884,24,48,Internacional,Johnny Cardoso,Normal
7884,24,,Internacional,Wanderson,Normal
7884,24,92,Internacional,Edenílson Andrade Dos Santos,Pênalti
7885,24,31,Corinthians,Gustavo  Mosquito,Normal
7886,25,70,Juventude,Chico,Pênalti
7886,25,59,Avai,,Normal
7886,25,70,Juventude,Chico,Pênalti
7887,25,49,Palmeiras,Cleiton Schwengber,Contra
7887,25,35,Bragantino,Artur Victor Guimarães,Normal
7887,25,71,Palmeiras,Miguel Merentiel,Normal
7887,25,25,Bragantino,Luan Cândido,Normal
7888,25,26,Athletico-Pr,Pablo Felipe Teixeira,Normal
7889,25,30,America-Mg,,Normal
7889,25,78,America-Mg,Matheus Leonardo Sales Cardoso,Normal
7890,25,45,Ceara,Jô,Normal
7890,25,53,Flamengo,Gabriel Barbosa Almeida,Normal
7891,25,1,Internacional,,Normal
7891,25,1,Internacional,,Normal
7891,25,67,Internacional,Alan Patrick,Normal
7891,25,19,Corinthians,Yuri Alberto,Normal
7891,25,13,Corinthians,Fabián Balbuena,Normal
7892,25,36,Botafogo-Rj,Carlos Eduardo De Oliveira Alves,Normal
7892,25,70,Fortaleza,Moisés Vieira Da Veiga,Normal
7892,25,64,Botafogo-Rj,Fernando Marçal,Normal
7892,25,19,Botafogo-Rj,Carlos Eduardo De Oliveira Alves,Normal
7893,25,58,Atletico-Mg,-,Normal
7893,25,50,Atletico-Mg,Keno,Normal
7894,25,7,Cuiaba,,Pênalti
7894,25,80,Sao Paulo,Luizão,Normal
7894,25,80,Sao Paulo,Luizão,Normal
7895,25,2,Goias,,Normal
7895,25,,Goias,Pedro Raúl,Normal
7895,25,,Goias,Pedro Raúl,Normal
7895,25,55,Santos,Madson,Normal
7896,26,17,Atletico-Mg,Ademir,Normal
7896,26,31,Bragantino,Aderlan Silva,Normal
7897,26,68,Internacional,Alexandre Alemão,Normal
7898,26,56,Santos,Marcos Leonardo Santos Almeida,Normal
7898,26,6,Ceara,Guilherme Castilho,Normal
7898,26,30,Ceara,Zé Roberto,Normal
7899,26,11,Fluminense,,Normal
7899,26,51,Fortaleza,,Normal
7899,26,56,Fluminense,,Normal
7900,26,46,Palmeiras,Rony,Normal
7900,26,67,Palmeiras,Murilo Cerqueira,Normal
7900,26,63,Juventude,Guilherme Parede,Normal
7901,26,22,Avai,William Pottker,Normal
7901,26,48,Athletico-Pr,David Terans,Normal
7903,26,33,Sao Paulo,Eder Citadin Martins,Normal
7903,26,14,Corinthians,,Normal
7904,26,45,Coritiba,Alef Manga,Normal
7904,26,,Coritiba,Fabrício Daniel De Souza,Normal
7905,26,84,Flamengo,Matheus França,Normal
7905,26,80,Goias,Diego,Normal
7906,27,54,Avai,Bissoli,Pênalti
7907,27,79,Botafogo-Rj,Francisco Soares,Normal
7907,27,75,Botafogo-Rj,Víctor Cuesta,Normal
7908,27,28,Bragantino,Alerrandro Barra Mansa Realino De Souza,Normal
7908,27,55,Goias,Pedro Raúl,Pênalti
7909,27,83,Flamengo,Gabriel Barbosa Almeida,Normal
7909,27,45,Fluminense,Paulo Henrique Ganso,Pênalti
7909,27,76,Fluminense,Nathan,Normal
7910,27,,Sao Paulo,,Normal
7910,27,,Sao Paulo,Jonathan Calleri,Normal
7911,27,77,America-Mg,Juninho,Normal
7912,27,44,Fortaleza,Paulo Miranda,Contra
7912,27,78,Juventude,Vitor Gabriel,Normal
7913,27,,Palmeiras,,Normal
7913,27,,Palmeiras,,Normal
7914,27,8,Cuiaba,Rodrigo Eduardo Costa Marinho,Normal
7914,27,35,Athletico-Pr,Tomás Cuello,Normal
7914,27,64,Cuiaba,Deyverson,Normal
7914,27,,Athletico-Pr,,Pênalti
7915,27,35,Internacional,Pedro Henrique Konzen,Normal
7915,27,28,Internacional,Pedro Henrique Konzen,Normal
7915,27,64,Atletico-Go,Diego Churín,Normal
7916,28,51,Sao Paulo,Patrick,Normal
7916,28,48,Sao Paulo,Luciano Da Rocha Neves,Normal
7916,28,25,Sao Paulo,Diego Henrique Costa Barbosa,Normal
7916,28,,Sao Paulo,Eder Citadin Martins,Normal
7916,28,51,Sao Paulo,Patrick,Normal
7917,28,92,Santos,,Normal
7917,28,35,Santos,Luan Guilherme De Jesus Vieira,Normal
7918,28,30,Coritiba,Fabrício Daniel De Souza,Normal
7919,28,17,Atletico-Go,Wellington Rato,Normal
7919,28,,Corinthians,Róger Guedes,Normal
7919,28,88,Corinthians,Yuri Alberto,Normal
7920,28,28,Fluminense,Samuel Xavier,Normal
7920,28,56,Fluminense,Jhon Arias,Normal
7920,28,19,Fluminense,Germán Cano,Normal
7920,28,88,Fluminense,Michel Araújo,Normal
7921,28,32,Flamengo,Gabriel Barbosa Almeida,Normal
7921,28,50,Flamengo,Gabriel Barbosa Almeida,Pênalti
7921,28,18,Fortaleza,Pedro Rocha Neves,Normal
7921,28,51,Fortaleza,Pedro Rocha Neves,Normal
7921,28,,Fortaleza,Caio Alexandre,Normal
7922,28,97,America-Mg,Gonzalo Mastriani,Normal
7922,28,62,Cuiaba,,Normal
7922,28,32,Cuiaba,Sidcley,Normal
7922,28,97,America-Mg,Gonzalo Mastriani,Normal
7922,28,97,America-Mg,Gonzalo Mastriani,Normal
7924,28,51,Palmeiras,Murilo Cerqueira,Normal
7925,28,89,Botafogo-Rj,Romildo Del Piage,Normal
7926,29,41,Atletico-Mg,Hulk,Normal
7926,29,65,Atletico-Mg,,Pênalti
7927,29,23,Internacional,Carlos De Pena,Normal
7927,29,23,Internacional,Carlos De Pena,Normal
7928,29,68,America-Mg,Felipe Azevedo,Normal
7928,29,,America-Mg,,Normal
7928,29,,Ceara,Vinícius,Normal
7929,29,56,Atletico-Go,Gabriel Baralhas,Normal
7929,29,66,Avai,William Pottker,Normal
7929,29,46,Atletico-Go,Wellington Rato,Normal
7930,29,20,Athletico-Pr,Vitor Hugo Naum Dos Santos,Normal
7930,29,69,Athletico-Pr,Fernandinho,Normal
7931,29,70,Flamengo,Pedro,Normal
7931,29,,Flamengo,Pedro,Normal
7931,29,66,Flamengo,Pedro,Normal
7931,29,12,Flamengo,Gabriel Barbosa Almeida,Normal
7931,29,48,Bragantino,Hélio Junio Nunes De Castro,Pênalti
7932,29,14,Fortaleza,Lucas  Sasha,Normal
7933,29,49,Corinthians,Róger Guedes,Normal
7933,29,33,Corinthians,Yuri Alberto,Normal
7934,29,,Palmeiras,Mayke,Normal
7934,29,60,Palmeiras,Eduardo Pereira Rodrigues,Normal
7934,29,26,Palmeiras,Gustavo Scarpa,Pênalti
7934,29,20,Botafogo-Rj,Francisco Soares,Normal
7935,29,2,Sao Paulo,Jonathan  Calleri,Normal
7935,29,84,Coritiba,Matheus Cadorini,Normal
7935,29,63,Sao Paulo,Jonathan Calleri,Normal
7935,29,72,Sao Paulo,Luciano Da Rocha Neves,Normal
7936,30,24,Corinthians,Giuliano Victor De Paula,Normal
7936,30,62,Juventude,Isidro Pitta,Normal
7936,30,54,Corinthians,Yuri Alberto,Normal
7936,30,46,Juventude,Óscar Ruiz,Normal
7937,30,5,Fluminense,Jhon Arias,Pênalti
7937,30,,Atletico-Go,Marlon Freitas,Normal
7937,30,75,Atletico-Go,Gabriel Baralhas,Normal
7937,30,37,Fluminense,Nan,Normal
7937,30,45,Atletico-Go,Diego Churín,Pênalti
7937,30,37,Fluminense,,Normal
7938,30,93,Goias,Nicolas Godinho Johann,Normal
7938,30,93,Goias,Nicolas Godinho Johann,Normal
7938,30,47,Ceara,Stiven Mendoza,Normal
7939,30,60,Bragantino,Artur Victor Guimarães,Normal
7939,30,34,Cuiaba,Deyverson,Pênalti
7939,30,50,Bragantino,Werik Popó,Normal
7940,30,92,Athletico-Pr,Pablo Felipe Teixeira,Normal
7940,30,15,Fortaleza,Thiago Galhardo,Normal
7942,30,92,Atletico-Mg,Ignacio Fernández,Normal
7942,30,72,Atletico-Mg,-,Normal
7942,30,88,Santos,Marcos Leonardo Santos Almeida,Pênalti
7943,30,77,Palmeiras,Breno Lopes,Normal
7943,30,15,Palmeiras,Mayke,Normal
7943,30,51,Palmeiras,Gustavo Gómez,Normal
7943,30,,Palmeiras,Rony,Normal
7944,30,10,America-Mg,Aloísio Dos Santos Gonçalves,Normal
7944,30,91,Sao Paulo,Alisson Euler De Freitas Castro,Normal
7944,30,34,Sao Paulo,,Normal
7944,30,91,Sao Paulo,Alisson Euler De Freitas Castro,Normal
7945,30,11,Avai,Bissoli,Pênalti
7945,30,49,Botafogo-Rj,Víctor Cuesta,Normal
7945,30,56,Botafogo-Rj,Francisco Soares,Normal
7946,31,,Flamengo,Mário Sérgio Santos Costa,Pênalti
7946,31,94,Cuiaba,Rafael Gustavo Meneghel Gava,Normal
7946,31,,Flamengo,Matheus  França,Normal
7947,31,22,Corinthians,Róger Guedes,Pênalti
7947,31,81,Athletico-Pr,Erick Luis Conrado Carvalho,Normal
7947,31,6,Corinthians,Fabián  Balbuena,Normal
7948,31,96,Internacional,,Normal
7948,31,57,Internacional,Alan Patrick,Normal
7948,31,48,Goias,Pedro Raúl,Normal
7948,31,13,Internacional,Maurício,Normal
7948,31,,Internacional,Alan Patrick,Normal
7948,31,33,Goias,Pedro Raúl,Pênalti
7949,31,90,Botafogo-Rj,Francisco Soares,Pênalti
7950,31,90,Fortaleza,Hércules,Normal
7950,31,54,Fortaleza,Thiago Galhardo,Normal
7951,31,58,Coritiba,Bruno Gomes,Normal
7951,31,26,Bragantino,Werik Popó,Normal
7951,31,12,Coritiba,Alef Manga,Normal
7953,31,5,America-Mg,Juninho,Normal
7953,31,34,America-Mg,Matheus Leonardo Sales Cardoso,Normal
7953,31,34,America-Mg,Matheus Leonardo Sales Cardoso,Normal
7954,31,49,Palmeiras,Murilo Cerqueira,Normal
7954,31,,Atletico-Go,Shaylon,Normal
7954,31,,Atletico-Go,Shaylon,Normal
7955,31,78,Juventude,Bruno Nazário,Normal
7955,31,63,Santos,Madson,Normal
7955,31,54,Santos,Marcos Leonardo Santos Almeida,Normal
7955,31,75,Santos,,Normal
7955,31,24,Santos,Lucas Braga Ribeiro,Normal
7956,32,38,Flamengo,Everton Cebolinha,Normal
7957,32,91,America-Mg,Wellington Paulista,Pênalti
7957,32,34,Fortaleza,Thiago Galhardo,Normal
7957,32,,Fortaleza,Thiago Galhardo,Normal
7958,32,82,Cuiaba,Deyverson,Normal
7958,32,92,Ceara,,Normal
7960,32,51,Atletico-Go,Wellington Rato,Normal
7960,32,76,Juventude,Óscar Ruiz,Normal
7960,32,51,Atletico-Go,Wellington Rato,Normal
7961,32,,Internacional,Braian Romero,Normal
7962,32,63,Fluminense,Matheus Martinelli,Normal
7962,32,25,Fluminense,Germã¡N Cano,Normal
7962,32,63,Fluminense,Matheus Martinelli,Normal
7962,32,41,Fluminense,David Braz,Normal
7962,32,63,Fluminense,Matheus Martinelli,Normal
7963,32,90,Athletico-Pr,-,Normal
7963,32,90,Athletico-Pr,-,Normal
7964,32,69,Santos,Ângelo Gabriel,Normal
7964,32,51,Santos,Guilherme Camacho,Normal
7966,33,,Bragantino,Eric Dos Santos Rodrigues,Normal
7966,33,,Bragantino,Werik Popó,Normal
7966,33,67,Athletico-Pr,Vitor Hugo Naum Dos Santos,Normal
7966,33,64,Athletico-Pr,Vitor Bueno,Normal
7966,33,90,Bragantino,Luan Cã¢Ndido,Normal
7966,33,50,Bragantino,Luan Cândido,Normal
7967,33,11,Flamengo,Matheus França,Normal
7967,33,,Flamengo,Everton Cebolinha,Normal
7967,33,,America-Mg,Everaldo,Normal
7968,33,89,Corinthians,Róger Guedes,Normal
7969,33,4,Palmeiras,Gustavo Scarpa,Normal
7969,33,4,Palmeiras,Gustavo Scarpa,Normal
7969,33,90,Palmeiras,Vanderlan,Normal
7969,33,55,Palmeiras,Eduardo Pereira Rodrigues,Normal
7970,33,82,Fluminense,Matheus Martins,Normal
7970,33,41,Botafogo-Rj,Carlos  Eduardo  De  Oliveira  Alves,Normal
7970,33,76,Fluminense,Paulo Henrique Ganso,Normal
7970,33,52,Botafogo-Rj,Jeffinho,Normal
7970,33,41,Botafogo-Rj,Carlos  Eduardo  De  Oliveira  Alves,Normal
7971,33,56,Sao Paulo,Reinaldo  Manoel  Da  Silva,Normal
7971,33,36,Sao Paulo,Reinaldo Manoel Da Silva,Normal
7971,33,,Juventude,Capixaba,Normal
7972,33,24,Coritiba,Luciano Castã¡N,Normal
7972,33,60,Internacional,Vitão,Normal
7973,33,24,Atletico-Go,Lucas Gazal,Normal
7974,33,20,Goias,Vinícius Santos Silva,Normal
7974,33,65,Cuiaba,Deyverson,Normal
7974,33,8,Goias,Pedro Raúl,Normal
7976,34,78,Flamengo,Mário Sérgio Santos Costa,Normal
7976,34,50,Flamengo,Pedro,Normal
7976,34,53,Santos,Alex,Normal
7976,34,97,Santos,Gabriel Carabajal,Normal
7976,34,87,Flamengo,Giorgian De Arrascaeta,Normal
7976,34,53,Santos,Alex,Normal
7977,34,70,Palmeiras,Endrick,Normal
7977,34,76,Palmeiras,-,Normal
7977,34,59,Palmeiras,Endrick,Normal
7977,34,30,Athletico-Pr,Matheus Felipe Santos Nascimento,Normal
7977,34,59,Palmeiras,Endrick,Normal
7978,34,18,Botafogo-Rj,Gabriel Appelt Pires,Normal
7978,34,71,Botafogo-Rj,Danilo Neves,Normal
7978,34,62,Bragantino,Luan Cândido,Normal
7979,34,70,Fluminense,Germán Cano,Normal
7979,34,12,Fluminense,Germán Cano,Normal
7980,34,6,Ceara,Lima,Pênalti
7980,34,78,Internacional,Alan Patrick,Pênalti
7980,34,65,Internacional,Edenílson Andrade Dos Santos,Normal
7981,34,61,Goias,Vinícius Santos Silva,Normal
7981,34,88,America-Mg,Wellington Paulista,Normal
7981,34,94,Goias,Diego,Normal
7981,34,60,America-Mg,Aloísio Dos Santos Gonçalves,Pênalti
7982,34,60,Coritiba,Matheus Cadorini,Normal
7982,34,73,Fortaleza,Romarinho,Normal
7982,34,55,Fortaleza,Juninho Capixaba,Normal
7982,34,2,Fortaleza,,Normal
7983,34,72,Atletico-Go,Gabriel Baralhas,Normal
7983,34,95,Sao Paulo,-,Normal
7983,34,22,Sao Paulo,Jonathan Calleri,Normal
7983,34,22,Sao Paulo,Jonathan Calleri,Normal
7984,34,,Atletico-Mg,José Rodolfo Pires Ribeiro,Normal
7984,34,,Atletico-Mg,José Rodolfo Pires Ribeiro,Normal
7985,34,91,Cuiaba,Pepê,Normal
7986,35,72,Fluminense,Germán Cano,Normal
7987,35,41,Cuiaba,Andrã© Luis,Normal
7987,35,52,Cuiaba,Deyverson,Normal
7988,35,25,Atletico-Mg,,Pênalti
7988,35,25,Atletico-Mg,,Pênalti
7988,35,50,Sao Paulo,Jonathan Calleri,Normal
7988,35,,Atletico-Mg,Eduardo Vargas,Normal
7988,35,40,Sao Paulo,,Normal
7989,35,6,Athletico-Pr,,Pênalti
7989,35,29,Athletico-Pr,David Terans,Normal
7989,35,40,Goias,Yan Souto,Normal
7989,35,13,Athletico-Pr,Alex Paulo Menezes Santana,Normal
7989,35,51,Goias,Pedro Raúl,Normal
7990,35,76,America-Mg,Alexandre  Egea,Normal
7991,35,92,Coritiba,Régis,Normal
7992,35,60,Bragantino,Artur Victor Guimarães,Normal
7992,35,90,Avai,,Pênalti
7992,35,,Bragantino,Hã©Lio Junio Nunes De Castro,Normal
7993,35,52,Santos,,Normal
7993,35,19,Santos,Marcos Leonardo Santos Almeida,Normal
7993,35,29,Atletico-Go,,Normal
7993,35,94,Santos,Lucas Barbosa,Normal
7993,35,39,Atletico-Go,Luiz Fernando Moraes Dos Santos,Normal
7994,35,32,Palmeiras,Eduardo Pereira Rodrigues,Normal
7994,35,15,Palmeiras,Rony,Normal
7994,35,64,Palmeiras,Endrick,Normal
7994,35,48,Palmeiras,Rony,Normal
7995,35,42,Corinthians,Du Queiroz,Normal
7995,35,48,Flamengo,Matheus França,Normal
7995,35,75,Corinthians,Yuri  Alberto,Normal
7996,36,51,Avai,,Normal
7996,36,5,Santos,,Pênalti
7997,36,46,Fluminense,Germán Cano,Normal
7997,36,56,Fluminense,Germán Cano,Normal
7997,36,59,Fluminense,,Normal
7997,36,30,Sao Paulo,,Normal
7998,36,90,America-Mg,Juninho,Normal
7998,36,6,America-Mg,Juninho,Normal
7998,36,,America-Mg,Everaldo,Pênalti
7998,36,18,Bragantino,Luan Cândido,Pênalti
7998,36,25,America-Mg,Henrique Almeida,Normal
7999,36,81,Goias,Nicolas Godinho Johann,Normal
8000,36,90,Corinthians,Yuri Alberto,Normal
8001,36,67,Internacional,Maurício,Normal
8001,36,63,Internacional,Pedro Henrique Konzen,Normal
8002,36,58,Fortaleza,Rómulo Otero,Normal
8002,36,17,Atletico-Go,Luiz Fernando Moraes Dos Santos,Normal
8003,36,58,Coritiba,Alef Manga,Pênalti
8004,36,75,Palmeiras,José Manuel Alberto López,Normal
8004,36,6,Cuiaba,Jonathan Cafú,Normal
8005,36,76,Botafogo-Rj,João Victor Santos Sá,Normal
8005,36,84,Botafogo-Rj,,Normal
8006,37,21,Internacional,-,Normal
8007,37,48,Corinthians,Yuri Alberto,Normal
8007,37,,Coritiba,Alef Manga,Pênalti
8007,37,30,Corinthians,,Normal
8007,37,,Coritiba,Alef Manga,Pênalti
8007,37,10,Coritiba,Alef Manga,Normal
8008,37,78,Fluminense,Germán Cano,Normal
8008,37,83,Fluminense,Alan Carvalho,Normal
8008,37,90,Fluminense,,Normal
8009,37,91,Avai,Mateus Ferreira,Normal
8009,37,49,Avai,Natanael,Normal
8009,37,49,Avai,Natanael,Normal
8010,37,26,Fortaleza,José Welison,Normal
8010,37,42,Fortaleza,Pedro Rocha Neves,Pênalti
8010,37,,Fortaleza,Hércules,Normal
8010,37,,Fortaleza,Thiago Galhardo,Normal
8010,37,57,Fortaleza,Silvio Romero,Normal
8010,37,45,Fortaleza,Silvio Romero,Normal
8011,37,91,Flamengo,Werton,Normal
8011,37,43,Juventude,Jadson,Normal
8011,37,36,Juventude,Paulo,Normal
8011,37,1,Flamengo,Matheuzinho,Normal
8012,37,42,Palmeiras,Gustavo Scarpa,Pênalti
8012,37,15,America-Mg,Martín Benítez,Normal
8012,37,81,Palmeiras,Murilo Cerqueira,Normal
8013,37,51,Atletico-Go,Shaylon,Normal
8013,37,61,Athletico-Pr,David Terans,Normal
8014,37,70,Botafogo-Rj,Francisco Soares,Normal
8014,37,53,Botafogo-Rj,Lucas Fernandes Da Silva,Normal
8014,37,10,Botafogo-Rj,Lucas Fernandes Da Silva,Normal
8015,37,45,Atletico-Mg,Keno,Normal
8015,37,56,Atletico-Mg,Eduardo Vargas,Normal
8015,37,4,Atletico-Mg,Keno,Normal
8016,38,50,Avai,,Normal
8016,38,,Flamengo,Wellington Ferreira Nascimento,Contra
8016,38,79,Avai,Felipe Florencio Da Silva,Normal
8017,38,62,Athletico-Pr,Vitor Roque,Normal
8017,38,52,Athletico-Pr,Adryelson,Contra
8017,38,94,Athletico-Pr,Erick Luis Conrado Carvalho,Normal
8018,38,52,Juventude,,Normal
8018,38,70,Ceara,Fernando Sobral,Normal
8018,38,89,Ceara,Erick,Pênalti
8018,38,23,Ceara,Cléber,Normal
8018,38,47,Ceara,Vitor Mendes,Contra
8019,38,17,Atletico-Go,,Normal
8019,38,53,America-Mg,Henrique Almeida,Normal
8020,38,80,Fortaleza,-,Normal
8020,38,66,Fortaleza,,Normal
8021,38,76,Coritiba,Léo Gamalho,Normal
8021,38,37,Cuiaba,Alan Empereur,Normal
8021,38,44,Cuiaba,Jonathan Cafú,Normal
8022,38,31,Fluminense,Germán Cano,Normal
8023,38,45,Atletico-Mg,Eduardo Vargas,Pênalti
8024,38,85,Internacional,,Normal
8024,38,10,Internacional,Maurício,Normal
8024,38,39,Internacional,Alexandre Alemão,Normal
8025,38,71,Sao Paulo,Luciano Da Rocha Neves,Normal
8025,38,91,Sao Paulo,-,Normal
8025,38,71,Sao Paulo,Luciano Da Rocha Neves,Normal
8025,38,20,Sao Paulo,Giuliano Galoppo,Normal
8025,38,77,Sao Paulo,Marcos Guilherme,Normal
8026,1,,Cuiaba,Raniele,Normal
8026,1,5,Palmeiras,,Normal
8026,1,65,Palmeiras,José Manuel Alberto López,Normal
8027,1,52,Fluminense,Germán Cano,Normal
8027,1,52,Fluminense,Germán Cano,Normal
8027,1,72,Fluminense,Leanderson Da Silva Genésio,Normal
8027,1,,Fluminense,John Kennedy,Normal
8028,1,,Botafogo-Rj,Tiquinho Soares,Normal
8028,1,88,Botafogo-Rj,Carlos Eduardo De Oliveira Alves,Normal
8028,1,,Sao Paulo,Jonathan Calleri,Normal
8029,1,70,Bragantino,Eduardo Sasha,Normal
8029,1,54,Bragantino,Bruno Gonçalves,Normal
8029,1,45,Bahia,Everaldo Stum,Normal
8030,1,36,Athletico-Pr,Pedro Henrique Ribeiro Gonã§Alves,Normal
8030,1,57,Athletico-Pr,-,Normal
8031,1,54,Internacional,Wanderson,Normal
8031,1,54,Internacional,Wanderson,Normal
8031,1,,Fortaleza,Moisés Vieira Da Veiga,Normal
8032,1,5,Vasco,Andrey Santos,Normal
8032,1,,Atletico-Mg,Mauricio Lemos,Normal
8032,1,10,Vasco,Gabriel Pec,Normal
8033,1,87,Corinthians,Róger Guedes,Normal
8033,1,95,Cruzeiro,Oliveira,Normal
8033,1,68,Corinthians,Matheus Araújo,Normal
8034,1,,Flamengo,Ayrton Lucas Dantas De Medeiros,Normal
8034,1,,Flamengo,Pedro,Normal
8034,1,56,Flamengo,,Pênalti
8035,1,44,Gremio,João Pedro Maturano Dos Santos,Normal
8036,2,11,Fluminense,Lima,Normal
8036,2,11,Fluminense,Lima,Normal
8036,2,67,Fluminense,Nino,Normal
8037,2,82,Sao Paulo,Nan,Normal
8037,2,21,Sao Paulo,Luciano Da Rocha Neves,Normal
8037,2,82,Sao Paulo,,Normal
8037,2,,Sao Paulo,Marcos Paulo Costa Do Nascimento,Normal
8038,2,67,Cuiaba,Mateusinho,Normal
8038,2,,Bragantino,Thiago Borbas,Normal
8038,2,67,Cuiaba,Mateusinho,Normal
8039,2,64,Cruzeiro,Bruno Rodrigues,Normal
8040,2,98,Internacional,Maurã­Cio Magalhã£Es Prado,Normal
8040,2,63,Flamengo,Gerson Santos Da Silva,Normal
8040,2,67,Internacional,Maurício Magalhães Prado,Normal
8040,2,98,Internacional,Maurã­Cio Magalhã£Es Prado,Normal
8042,2,62,Palmeiras,Artur Victor Guimarães,Normal
8042,2,,Vasco,,Normal
8042,2,29,Vasco,Pedro Raul,Normal
8042,2,46,Palmeiras,Rafael Navarro,Normal
8043,2,51,Fortaleza,Silvio Romero,Normal
8043,2,83,Fortaleza,Yago Pikachu,Normal
8043,2,91,Fortaleza,Yago Pikachu,Normal
8044,2,80,Goias,Lucas Halter,Normal
8044,2,94,Goias,Apodi,Normal
8044,2,31,Goias,Matheus Peixoto,Normal
8044,2,,Corinthians,Róger Guedes,Normal
8045,2,29,Botafogo-Rj,Júnior Santos,Normal
8045,2,78,Botafogo-Rj,Danilo Neves,Normal
8045,2,41,Bahia,Vítor Jacaré,Normal
8046,3,79,Fortaleza,Hércules,Normal
8046,3,47,Fluminense,-,Normal
8046,3,60,Fortaleza,Moisés Vieira Da Veiga,Normal
8046,3,,Fortaleza,Moisés Vieira Da Veiga,Normal
8046,3,69,Fluminense,John Kennedy,Normal
8046,3,29,Fortaleza,Thiago Galhardo,Normal
8047,3,12,Coritiba,Bruno Gomes,Normal
8047,3,81,Sao Paulo,Marcos Paulo Costa Do Nascimento,Normal
8047,3,81,Sao Paulo,Marcos Paulo Costa Do Nascimento,Normal
8048,3,16,Palmeiras,Murilo Cerqueira,Normal
8048,3,76,Corinthians,Joaquín Piquerez,Contra
8048,3,36,Palmeiras,Raphael Cavalcante Veiga,Normal
8049,3,69,Santos,Marcos Leonardo,Pênalti
8049,3,40,Santos,Eduardo,Normal
8049,3,19,Santos,Stiven Mendoza,Normal
8049,3,49,America-Mg,Everaldo,Normal
8049,3,7,America-Mg,Alexandre Egea,Normal
8050,3,64,Cruzeiro,Gilberto Oliveira Souza Junior,Normal
8050,3,87,Cruzeiro,-,Normal
8050,3,1,Cruzeiro,Ramiro,Normal
8051,3,92,Athletico-Pr,Vitor Roque,Normal
8051,3,84,Atletico-Mg,Hulk,Normal
8051,3,10,Atletico-Mg,Hulk,Normal
8052,3,30,Botafogo-Rj,,Pênalti
8052,3,58,Flamengo,Léo Pereira,Normal
8052,3,50,Botafogo-Rj,,Normal
8052,3,86,Flamengo,Léo Pereira,Normal
8052,3,71,Botafogo-Rj,Tiquinho Soares,Normal
8052,3,58,Flamengo,Léo Pereira,Normal
8053,3,68,Gremio,Everton,Normal
8053,3,29,Cuiaba,Marllon Borges,Normal
8053,3,10,Gremio,Vina,Normal
8054,3,52,Internacional,Carlos De Pena,Normal
8055,3,,Bahia,Thaciano,Normal
8056,4,62,Cruzeiro,Wesley Ribeiro Silva,Normal
8056,4,21,Cruzeiro,Wesley Ribeiro Silva,Normal
8056,4,57,Santos,Ângelo Gabriel,Normal
8057,4,,Fluminense,Lima,Normal
8057,4,1,Vasco,Pedro Raul,Normal
8058,4,,Cuiaba,Marlon,Contra
8058,4,12,America-Mg,Aloísio Dos Santos Gonçalves,Normal
8058,4,92,Cuiaba,Ronald,Normal
8059,4,65,Bahia,Gabriel Teixeira,Normal
8059,4,63,Coritiba,Gabriel Boschilia,Normal
8059,4,16,Bahia,Victor Luis,Contra
8059,4,,Bahia,David Duarte,Normal
8060,4,33,Sao Paulo,Luciano Da Rocha Neves,Normal
8060,4,70,Sao Paulo,-,Normal
8061,4,29,Athletico-Pr,Vitor Roque,Normal
8061,4,80,Athletico-Pr,Erick Luis Conrado Carvalho,Normal
8061,4,15,Flamengo,Gabriel Barbosa,Pênalti
8062,4,62,Gremio,Everton,Normal
8062,4,,Bragantino,,Normal
8062,4,9,Bragantino,Matheus Fernandes,Normal
8062,4,6,Gremio,Franco Cristaldo,Pênalti
8062,4,91,Bragantino,Thiago Borbas,Normal
8062,4,56,Gremio,,Normal
8062,4,,Bragantino,,Normal
8063,4,30,Botafogo-Rj,João Victor Santos Sá,Normal
8063,4,60,Botafogo-Rj,Matheus Nascimento,Normal
8063,4,60,Botafogo-Rj,Matheus Nascimento,Normal
8064,4,83,Palmeiras,Endrick,Normal
8064,4,10,Palmeiras,Artur Victor Guimarães,Normal
8064,4,90,Palmeiras,Eduardo Pereira Rodrigues,Normal
8064,4,78,Palmeiras,Raphael Cavalcante Veiga,Normal
8064,4,,Palmeiras,Sidimar Fernando Sigolini,Contra
8065,4,88,Corinthians,Yuri Alberto,Normal
8065,4,79,Fortaleza,Caio Alexandre,Normal
8066,5,79,Athletico-Pr,-,Normal
8066,5,96,Athletico-Pr,Willian Gomes De Siqueira,Normal
8067,5,14,Santos,Stiven Mendoza,Normal
8067,5,4,Santos,Deivid Washington,Normal
8067,5,51,Santos,Ângelo Gabriel,Normal
8068,5,15,America-Mg,Aloísio Dos Santos Gonçalves,Pênalti
8068,5,44,Bragantino,Hélio Junio Nunes De Castro,Normal
8068,5,33,Bragantino,Hélio Junio Nunes De Castro,Normal
8068,5,78,America-Mg,Aloísio Dos Santos Gonçalves,Pênalti
8069,5,87,Atletico-Mg,Paulinho,Normal
8069,5,13,Atletico-Mg,Hyoran,Normal
8069,5,72,Atletico-Mg,Cristian Pavón,Normal
8069,5,72,Atletico-Mg,Cristian Pavón,Normal
8069,5,51,Atletico-Mg,Hulk,Pênalti
8070,5,8,Flamengo,Pedro,Pênalti
8070,5,49,Flamengo,Éverton Ribeiro,Normal
8071,5,44,Fluminense,Paulo Henrique Ganso,Normal
8071,5,54,Fluminense,Germã¡N Cano,Normal
8072,5,68,Palmeiras,Mayke,Normal
8072,5,24,Palmeiras,Raphael Cavalcante Veiga,Normal
8072,5,,Palmeiras,Raphael Cavalcante Veiga,Pênalti
8072,5,73,Palmeiras,Luan Garcia Teixeira,Normal
8072,5,47,Gremio,João Paulo Bitello,Normal
8073,5,49,Coritiba,Zé Roberto,Normal
8073,5,80,Vasco,Erick Marcus,Normal
8074,5,12,Botafogo-Rj,Tiquinho Soares,Normal
8074,5,81,Botafogo-Rj,Carlos Eduardo De Oliveira Alves,Normal
8074,5,65,Botafogo-Rj,Tiquinho Soares,Normal
8076,6,51,Bahia,Ademir,Normal
8076,6,29,Flamengo,Gabriel Barbosa,Pênalti
8076,6,35,Bahia,Gabriel Teixeira,Normal
8076,6,35,Bahia,Gabriel Teixeira,Normal
8076,6,49,Flamengo,David Luiz,Normal
8076,6,23,Flamengo,Matheus França,Normal
8077,6,6,Fluminense,,Normal
8077,6,56,Fluminense,Paulo Henrique Ganso,Normal
8078,6,71,Bragantino,Juninho Capixaba,Normal
8078,6,65,Palmeiras,Artur Victor Guimarães,Normal
8078,6,65,Palmeiras,Artur Victor Guimarães,Normal
8078,6,65,Palmeiras,Artur Victor Guimarães,Normal
8079,6,3,Atletico-Mg,Eduardo Vargas,Normal
8079,6,95,Atletico-Mg,Paulinho,Normal
8081,6,,Santos,Deivid Washington,Normal
8082,6,50,Corinthians,Róger Guedes,Pênalti
8082,6,15,Sao Paulo,Michel Araújo,Normal
8083,6,97,Athletico-Pr,Agustín Canobbio,Normal
8083,6,20,Coritiba,Marcelino  Moreno,Normal
8083,6,91,Athletico-Pr,Willian Gomes De Siqueira,Normal
8083,6,49,Athletico-Pr,Pablo Felipe Teixeira,Normal
8083,6,66,Coritiba,Robson Fernandes,Normal
8083,6,97,Athletico-Pr,Agustín Canobbio,Normal
8084,6,33,Botafogo-Rj,Tiquinho Soares,Normal
8084,6,50,Goias,Bruno Melo,Normal
8084,6,57,Goias,,Normal
8085,6,,Cruzeiro,Gilberto  Oliveira  Souza  Junior,Normal
8085,6,33,Cruzeiro,Henrique Dourado,Normal
8085,6,,Cruzeiro,Gilberto  Oliveira  Souza  Junior,Normal
8085,6,91,Cruzeiro,Gilberto Oliveira Souza Junior,Normal
8085,6,70,Cruzeiro,Marlon Rodrigues Xavier,Normal
8086,7,31,Goias,Bruno Melo,Normal
8086,7,25,Bahia,Everaldo Stum,Normal
8087,7,86,Bragantino,Thiago Borbas,Normal
8087,7,16,Bragantino,Eduardo Sasha,Normal
8087,7,16,Bragantino,Eduardo Sasha,Normal
8087,7,86,Bragantino,Thiago Borbas,Normal
8088,7,92,Sao Paulo,Juan Santos Da Silva,Normal
8088,7,24,Sao Paulo,Jonathan Calleri,Normal
8088,7,89,Sao Paulo,Lucas Beraldo,Normal
8088,7,83,Vasco,Matías Galarza,Normal
8088,7,45,Vasco,Cauan Barros,Normal
8088,7,42,Sao Paulo,-,Normal
8089,7,13,Coritiba,Robson Fernandes,Pênalti
8089,7,37,Atletico-Mg,Hyoran,Normal
8089,7,91,Atletico-Mg,Hulk,Pênalti
8090,7,26,Fortaleza,Tomã¡S Pochettino,Normal
8090,7,33,America-Mg,Felipe Azevedo,Normal
8090,7,2,America-Mg,Breno,Normal
8091,7,74,Botafogo-Rj,Víctor Cuesta,Normal
8093,7,94,Flamengo,Léo Pereira,Normal
8094,7,65,Gremio,João Paulo Bitello,Normal
8094,7,7,Gremio,Luis Alberto Suárez,Normal
8094,7,65,Gremio,João Paulo Bitello,Normal
8094,7,31,Gremio,Mathías Villasanti,Normal
8094,7,87,Internacional,,Normal
8095,7,37,Cuiaba,Deyverson,Normal
8096,8,49,Gremio,,Normal
8096,8,31,Gremio,Cuiabano,Normal
8096,8,34,Athletico-Pr,Vitor Roque,Normal
8097,8,94,Fortaleza,Silvio Romero,Normal
8097,8,,Fortaleza,Thiago Galhardo,Normal
8098,8,5,Cruzeiro,Marlon Rodrigues Xavier,Normal
8098,8,5,Cruzeiro,Marlon Rodrigues Xavier,Normal
8098,8,33,Flamengo,Ayrton Lucas Dantas De Medeiros,Normal
8099,8,3,Cuiaba,Fernando Sobral,Normal
8099,8,49,Coritiba,Robson Fernandes,Normal
8099,8,49,Coritiba,Robson Fernandes,Normal
8100,8,91,Sao Paulo,David Corrêa Da Fonseca,Normal
8100,8,29,Goias,Magno Jose Da Silva,Normal
8100,8,57,Sao Paulo,Pablo Maia,Normal
8101,8,92,Corinthians,Róger Guedes,Normal
8101,8,59,Corinthians,Róger Guedes,Normal
8102,8,49,Internacional,Johnny Cardoso,Normal
8102,8,99,Internacional,Wanderson,Normal
8103,8,45,Atletico-Mg,Cristian Pavã³N,Normal
8103,8,52,Palmeiras,Eduardo Pereira Rodrigues,Normal
8104,8,31,Bragantino,Vitor Hugo Naum Dos Santos,Normal
8104,8,75,Bragantino,Juninho Capixaba,Normal
8105,8,3,Botafogo-Rj,Júnior Santos,Normal
8105,8,60,Botafogo-Rj,Luis Henrique,Normal
8105,8,60,Botafogo-Rj,Luis Henrique,Normal
8107,9,42,Athletico-Pr,Alex Paulo Menezes Santana,Normal
8108,9,27,Atletico-Mg,Hulk,Normal
8109,9,74,America-Mg,Danilo Avelar,Pênalti
8109,9,87,America-Mg,Renato Marques,Normal
8110,9,12,Santos,Lucas Rafael Araújo Lima,Normal
8110,9,3,Internacional,Luiz Adriano,Normal
8111,9,27,Fluminense,Paulo Henrique Ganso,Normal
8111,9,54,Bragantino,,Normal
8111,9,34,Fluminense,Felipe Melo,Normal
8112,9,15,Sao Paulo,Jonathan Calleri,Normal
8112,9,31,Gremio,Franco Cristaldo,Pênalti
8112,9,39,Gremio,Reinaldo  Manoel  Da  Silva,Normal
8113,9,54,Cuiaba,Deyverson,Normal
8114,9,73,Palmeiras,Rony,Normal
8114,9,83,Coritiba,Alef Manga,Normal
8114,9,30,Palmeiras,Artur Victor Guimarães,Normal
8114,9,,Palmeiras,Rony,Normal
8115,9,16,Flamengo,Gerson Santos Da Silva,Normal
8115,9,58,Vasco,Jair  Rodrigues  Júnior,Pênalti
8115,9,14,Flamengo,-,Normal
8115,9,42,Flamengo,Pedro,Normal
8115,9,47,Flamengo,Ayrton Lucas Dantas De Medeiros,Normal
8117,10,18,Bahia,,Normal
8117,10,30,Cruzeiro,Bruno Rodrigues,Normal
8117,10,66,Bahia,Arthur Sales,Normal
8117,10,46,Cruzeiro,Wesley Ribeiro Silva,Normal
8118,10,55,Cuiaba,Deyverson,Normal
8118,10,81,Corinthians,Ruan Oliveira,Normal
8118,10,55,Cuiaba,Deyverson,Normal
8119,10,17,Atletico-Mg,-,Normal
8119,10,35,Bragantino,Eduardo Sasha,Normal
8120,10,48,Botafogo-Rj,Tiquinho Soares,Normal
8120,10,63,Botafogo-Rj,Tiquinho Soares,Normal
8121,10,76,America-Mg,Wellington Paulista,Normal
8121,10,9,Athletico-Pr,,Normal
8121,10,96,America-Mg,Danilo Avelar,Normal
8121,10,48,Athletico-Pr,Christian Roberto Alves Cardoso,Normal
8122,10,,Palmeiras,Gabriel Menino,Normal
8122,10,78,Palmeiras,Endrick,Normal
8123,10,3,Internacional,Rômulo Zwarg,Normal
8123,10,29,Vasco,-,Normal
8123,10,16,Internacional,Wanderson,Normal
8124,10,24,Flamengo,Everton Cebolinha,Normal
8124,10,65,Flamengo,Pedro,Normal
8124,10,97,Flamengo,Bruno Henrique,Normal
8125,10,47,Fluminense,Lima,Normal
8125,10,2,Fluminense,Germán Cano,Normal
8125,10,45,Goias,Matheus Peixoto,Pênalti
8125,10,85,Goias,Alesson,Normal
8126,11,80,Fortaleza,Juan Martín Lucero,Normal
8127,11,19,Sao  Paulo,Gabriel Neves,Normal
8127,11,47,Sao Paulo,Luciano Da Rocha Neves,Normal
8127,11,11,Athletico-Pr,Vitor Roque,Normal
8127,11,11,Athletico-Pr,Vitor Roque,Normal
8128,11,19,Corinthians,Yuri Alberto,Normal
8128,11,28,Corinthians,Ruan Oliveira,Normal
8129,11,35,Atletico-Mg,Guga,Contra
8129,11,46,Fluminense,Samuel Xavier,Normal
8130,11,,Bahia,Thaciano,Normal
8130,11,,Bahia,Thaciano,Normal
8130,11,,Bahia,Thaciano,Normal
8131,11,40,Gremio,Matheus Cavichioli,Normal
8131,11,61,Gremio,Mathías Villasanti,Normal
8131,11,25,America-Mg,Danilo Avelar,Normal
8131,11,69,Gremio,Luis Alberto Suárez,Normal
8132,11,66,Internacional,Pedro Henrique Konzen,Pênalti
8133,11,,Botafogo-Rj,,Pênalti
8134,11,73,Goias,Everton Morelli,Normal
8135,11,76,Bragantino,Alerrandro Barra Mansa Realino De Souza,Normal
8135,11,49,Bragantino,Henry Mosquera,Normal
8135,11,81,Bragantino,Henry Mosquera,Normal
8135,11,,Bragantino,Eduardo Santos,Normal
8136,12,36,Athletico-Pr,Vitor Roque,Normal
8137,12,51,Fluminense,Gabriel Pirani,Normal
8137,12,49,Fluminense,Leanderson Da Silva Genésio,Normal
8137,12,28,Bahia,Vinicius Mingotti,Normal
8138,12,62,Fortaleza,Tinga,Normal
8138,12,54,Fortaleza,Tomás Pochettino,Normal
8138,12,87,Atletico-Mg,Alan Kardec,Normal
8139,12,3,Cruzeiro,,Contra
8140,12,28,Botafogo-Rj,-,Normal
8141,12,48,Gremio,Mathías Villasanti,Normal
8141,12,54,Gremio,João Paulo Bitello,Normal
8141,12,66,Gremio,Luis Alberto Suárez,Normal
8141,12,41,Coritiba,Alef Manga,Normal
8141,12,34,Gremio,Franco Cristaldo,Pênalti
8141,12,84,Gremio,André Henrique,Normal
8142,12,85,Internacional,,Normal
8142,12,19,America-Mg,,Normal
8142,12,63,Internacional,Jean Dias,Normal
8143,12,57,Flamengo,Erick Pulgar,Normal
8143,12,40,Santos,Stiven Mendoza,Normal
8143,12,52,Santos,Rodrigo Fernández,Normal
8143,12,22,Flamengo,Everton Cebolinha,Normal
8143,12,50,Flamengo,Éverton Ribeiro,Normal
8144,12,47,Bragantino,Marcos Vinicios,Normal
8144,12,7,Bragantino,Eduardo Sasha,Normal
8145,12,77,Vasco,Jair Rodrigues Júnior,Pênalti
8146,13,87,Sao Paulo,Luciano Da Rocha Neves,Normal
8147,13,64,Flamengo,,Normal
8147,13,14,Flamengo,Gabriel Barbosa,Normal
8148,13,20,Bahia,,Normal
8148,13,95,Gremio,Gustavo Martins,Normal
8148,13,9,Gremio,Franco Cristaldo,Normal
8150,13,17,Bragantino,Eduardo Sasha,Normal
8150,13,17,Bragantino,Eduardo Sasha,Normal
8151,13,95,Botafogo-Rj,Carlos Alberto,Normal
8151,13,54,Botafogo-Rj,Luis Henrique,Normal
8151,13,54,Botafogo-Rj,Luis Henrique,Normal
8151,13,54,Botafogo-Rj,Luis Henrique,Normal
8152,13,2,Atletico-Mg,Matías Zaracho,Normal
8152,13,58,America-Mg,Gonzalo Mastriani,Normal
8152,13,28,Atletico-Mg,Hulk,Normal
8152,13,,America-Mg,Gonzalo Mastriani,Normal
8152,13,28,Atletico-Mg,Hulk,Normal
8153,13,57,Palmeiras,Gabriel Menino,Normal
8153,13,67,Athletico-Pr,Vitor Bueno,Pênalti
8153,13,73,Athletico-Pr,Vitor Roque,Normal
8153,13,22,Palmeiras,Endrick,Normal
8154,13,53,Cuiaba,Deyverson,Normal
8154,13,86,Cuiaba,Rikelme,Normal
8154,13,75,Cuiaba,Denilson,Normal
8155,13,26,Coritiba,Alef Manga,Normal
8155,13,43,Coritiba,Benjamín Kuscevic,Normal
8155,13,69,Goias,Dodô,Normal
8155,13,43,Coritiba,Benjamín Kuscevic,Normal
8156,14,51,Bahia,,Contra
8156,14,18,Cuiaba,Deyverson,Pênalti
8157,14,49,Cruzeiro,Machado,Normal
8158,14,,Corinthians,Róger Guedes,Normal
8159,14,8,America-Mg,Juninho,Normal
8159,14,,Coritiba,Alef Manga,Pênalti
8159,14,44,Coritiba,,Normal
8159,14,96,Coritiba,Victor Luis,Normal
8160,14,81,Flamengo,,Normal
8160,14,,Palmeiras,Eduardo Pereira Rodrigues,Normal
8160,14,,Palmeiras,Eduardo Pereira Rodrigues,Normal
8161,14,30,Santos,Marcos Leonardo,Normal
8161,14,16,Santos,Marcos Leonardo,Normal
8161,14,40,Goias,Guilherme,Pênalti
8161,14,94,Santos,Stiven Mendoza,Pênalti
8161,14,61,Goias,Guilherme,Normal
8161,14,46,Santos,Stiven Mendoza,Normal
8161,14,81,Goias,João Magno,Normal
8162,14,40,Fluminense,Martinelli,Normal
8162,14,25,Fluminense,Germán Cano,Normal
8164,14,84,Fortaleza,Yago Pikachu,Normal
8165,14,88,Botafogo-Rj,Carlos Alberto,Normal
8165,14,75,Botafogo-Rj,Carlos Eduardo De Oliveira Alves,Normal
8166,15,48,Botafogo-Rj,Carlos Eduardo De Oliveira Alves,Normal
8166,15,60,Botafogo-Rj,,Normal
8168,15,19,Cuiaba,Deyverson,Normal
8170,15,93,Santos,Marcos Leonardo,Pênalti
8170,15,46,Sao Paulo,,Normal
8170,15,79,Sao Paulo,David Corrêa Da Fonseca,Normal
8170,15,88,Sao Paulo,,Normal
8170,15,22,Sao Paulo,Jonathan Calleri,Pênalti
8171,15,35,Athletico-Pr,Erick Luis Conrado Carvalho,Normal
8171,15,24,Athletico-Pr,Vitor Roque,Normal
8174,15,21,Gremio,,Normal
8174,15,49,Corinthians,Lucas Veríssimo,Normal
8174,15,51,Corinthians,-,Normal
8174,15,,Corinthians,Fábio Santos,Pênalti
8174,15,67,Corinthians,Giuliano Victor De Paula,Normal
8174,15,58,Gremio,,Normal
8174,15,51,Gremio,Everton,Normal
8174,15,27,Gremio,Franco Cristaldo,Normal
8175,15,91,Vasco,Jair Rodrigues Júnior,Normal
8176,16,96,Palmeiras,Breno Lopes,Normal
8176,16,8,Palmeiras,Richard Ríos,Normal
8176,16,76,Palmeiras,Raphael Cavalcante Veiga,Normal
8176,16,45,Fortaleza,Juan Martín Lucero,Pênalti
8177,16,84,America-Mg,N/A,Normal
8177,16,95,Flamengo,Victor Hugo,Normal
8178,16,78,Cuiaba,Isidro Pitta,Normal
8178,16,99,Sao Paulo,Nathan,Normal
8178,16,66,Cuiaba,Clayson,Pênalti
8180,16,11,Gremio,,Normal
8182,16,24,Santos,Marcos Leonardo,Normal
8182,16,,Botafogo-Rj,Tiquinho Soares,Normal
8182,16,87,Botafogo-Rj,Adryelson,Normal
8182,16,81,Santos,Marcos  Leonardo,Normal
8183,16,28,Goias,Joã£O  Magno,Normal
8184,16,71,Athletico-Pr,Christian Roberto Alves Cardoso,Normal
8184,16,80,Athletico-Pr,Vitor Bueno,Pênalti
8185,16,28,Coritiba,Diogo De Oliveira Barbosa,Normal
8185,16,24,Coritiba,Robson Fernandes,Pênalti
8186,17,77,Fluminense,Germán Cano,Normal
8187,17,78,Athletico-Pr,Pablo Felipe Teixeira,Normal
8187,17,82,Cruzeiro,Wesley Ribeiro Silva,Normal
8187,17,87,Athletico-Pr,Fernandinho,Pênalti
8187,17,41,Athletico-Pr,Madson,Normal
8187,17,37,Cruzeiro,-,Normal
8187,17,8,Cruzeiro,Arthur Gomes,Normal
8187,17,87,Athletico-Pr,Fernandinho,Pênalti
8188,17,88,Cuiaba,Deyverson,Normal
8188,17,,Internacional,Fabricio Bustos,Normal
8188,17,44,Cuiaba,Raniele,Normal
8189,17,,Corinthians,Yuri Alberto,Normal
8189,17,19,Corinthians,Maycon De Andrade Barberan,Normal
8189,17,73,Corinthians,Róger Guedes,Pênalti
8189,17,71,Vasco,Gabriel Pec,Normal
8190,17,69,Bragantino,Bruno Gonçalves,Normal
8190,17,92,Bragantino,Thiago Borbas,Normal
8190,17,23,Bragantino,Luan Cândido,Normal
8191,17,33,Atletico-Mg,Paulinho,Normal
8191,17,80,Flamengo,Giorgian De Arrascaeta,Normal
8191,17,,Flamengo,Wesley França,Normal
8193,17,26,Palmeiras,Rony,Normal
8193,17,38,America-Mg,Nicolas,Normal
8193,17,26,Palmeiras,Rony,Normal
8193,17,59,Palmeiras,Rony,Normal
8193,17,53,Palmeiras,Artur Victor Guimarães,Normal
8193,17,18,Palmeiras,Murilo Cerqueira,Normal
8194,17,48,Botafogo-Rj,Gustavo Sauer,Normal
8194,17,,Botafogo-Rj,Tiquinho Soares,Normal
8194,17,9,Coritiba,Bruno Gomes,Normal
8194,17,51,Botafogo-Rj,Tiquinho Soares,Normal
8194,17,,Botafogo-Rj,Gustavo Sauer,Normal
8194,17,51,Botafogo-Rj,Tiquinho Soares,Normal
8195,17,93,Gremio,André Henrique,Normal
8195,17,77,Goias,Matheus Babi,Normal
8196,18,30,Athletico-Pr,Pablo Felipe Teixeira,Normal
8196,18,96,Santos,Marcos Leonardo,Pênalti
8197,18,53,Goias,,Contra
8198,18,86,Corinthians,Fábio Santos,Pênalti
8198,18,17,Internacional,Bruno Henrique Corsini,Normal
8198,18,99,Internacional,Luiz Adriano,Normal
8198,18,13,Corinthians,Renato Augusto,Normal
8199,18,59,Fluminense,John Kennedy,Normal
8199,18,15,Fluminense,Jhon Arias,Pênalti
8199,18,96,Palmeiras,,Normal
8200,18,80,Vasco,Pablo Vegetti,Normal
8201,18,4,Atletico-Mg,,Normal
8201,18,69,Atletico-Mg,Cristian Pavón,Normal
8202,18,19,Bragantino,Marcos Vinicios,Normal
8203,18,52,America-Mg,Gonzalo Mastriani,Normal
8203,18,26,Bahia,-,Normal
8203,18,69,Bahia,Rafael Ratão,Normal
8203,18,60,Bahia,Cauly,Normal
8205,18,46,Cuiaba,Matheus Alexandre Anastácio De Souza,Normal
8205,18,80,Cuiaba,Deyverson,Normal
8205,18,,Cuiaba,Clayson,Normal
8206,19,58,Botafogo-Rj,Nicolás Hernández,Contra
8206,19,73,Botafogo-Rj,Luis Henrique,Normal
8206,19,55,Botafogo-Rj,João Victor Santos Sá,Normal
8206,19,18,Internacional,Maurício Magalhães Prado,Normal
8207,19,49,Atletico-Mg,Paulinho,Normal
8208,19,34,Goias,Lucas Halter,Normal
8209,19,51,Corinthians,Carlos Gilberto Do Nascimento Silva,Normal
8209,19,,Corinthians,Yuri Alberto,Normal
8209,19,67,Corinthians,,Normal
8209,19,28,Coritiba,,Contra
8210,19,25,Gremio,,Normal
8210,19,19,Fluminense,Germán Cano,Normal
8210,19,,Gremio,Aldemir Ferreira,Normal
8211,19,80,Fortaleza,João Basso,Contra
8211,19,58,Fortaleza,Imanol Machuca,Normal
8211,19,91,Fortaleza,,Normal
8211,19,83,Fortaleza,Caio Alexandre,Normal
8212,19,96,Flamengo,Pedro,Pênalti
8212,19,38,Sao Paulo,Lucas Moura,Normal
8213,19,96,Palmeiras,José Manuel Alberto López,Normal
8214,19,32,Vasco,Pablo Vegetti,Pênalti
8214,19,,Bragantino,Gustavinho,Normal
8215,19,82,Athletico-Pr,Bruno Zapelli,Normal
8215,19,,Athletico-Pr,Agustín Canobbio,Normal
8215,19,82,Athletico-Pr,Bruno Zapelli,Normal
8217,20,13,Fortaleza,Thiago Galhardo,Pênalti
8217,20,13,Fortaleza,Thiago Galhardo,Pênalti
8218,20,31,Palmeiras,Raphael Cavalcante Veiga,Normal
8218,20,31,Palmeiras,Raphael Cavalcante Veiga,Normal
8218,20,66,Palmeiras,Richard Ríos,Normal
8219,20,65,Fluminense,Germán Cano,Normal
8219,20,52,America-Mg,Felipe Azevedo,Normal
8219,20,89,Fluminense,Jhon  Arias,Normal
8219,20,89,Fluminense,Jhon  Arias,Normal
8219,20,58,Fluminense,John Kennedy,Normal
8220,20,45,Cruzeiro,Rafael Elias,Normal
8220,20,98,Corinthians,Gustavo Mosquito,Normal
8221,20,5,Vasco,Sergio Antonio De Luiz Junior,Normal
8222,20,31,Flamengo,Giorgian De Arrascaeta,Normal
8222,20,94,Flamengo,Gerson Santos Da Silva,Normal
8222,20,19,Flamengo,,Pênalti
8222,20,46,Coritiba,Edu,Normal
8222,20,15,Coritiba,Robson Fernandes,Pênalti
8222,20,94,Flamengo,Gerson Santos Da Silva,Normal
8223,20,84,Bahia,Cauly,Normal
8223,20,9,Bahia,Julio Cesar De Rezende Miranda,Normal
8223,20,60,Bahia,Vinicius Mingotti,Normal
8223,20,38,Bahia,-,Normal
8224,20,46,Gremio,Franco Cristaldo,Normal
8224,20,63,Santos,Marcos Leonardo,Normal
8224,20,90,Santos,Julio Furch,Normal
8225,20,81,Goias,Alesson,Normal
8225,20,,Athletico-Pr,Vitor Roque,Normal
8227,21,59,Goias,,Pênalti
8227,21,82,Corinthians,Maycon De Andrade Barberan,Normal
8228,21,,Bragantino,Talisson De Almeida,Normal
8228,21,55,Bragantino,Thiago Borbas,Normal
8229,21,76,Botafogo-Rj,Luis Henrique,Normal
8229,21,4,Botafogo-Rj,Diego Costa,Normal
8229,21,52,Botafogo-Rj,Diego Costa,Normal
8230,21,,Atletico-Mg,Paulinho,Normal
8230,21,12,Atletico-Mg,Paulinho,Normal
8231,21,61,America-Mg,Gonzalo Mastriani,Normal
8231,21,90,America-Mg,Rodrigo Varanda,Normal
8231,21,81,Sao Paulo,Alexandre Pato,Normal
8232,21,65,Palmeiras,Raphael Cavalcante Veiga,Normal
8233,21,49,Fortaleza,Juan Martín Lucero,Normal
8233,21,,Fortaleza,Juan Martín Lucero,Pênalti
8233,21,68,Coritiba,Benjamín Kuscevic,Normal
8233,21,60,Fortaleza,Mário Sérgio Santos Costa,Normal
8234,21,76,Fluminense,Guga,Normal
8234,21,13,Athletico-Pr,Carlos De Menezes Júnior,Normal
8234,21,93,Athletico-Pr,Vitor Roque,Normal
8234,21,,Fluminense,Joã£O Neto,Normal
8235,21,54,Gremio,Felipe Carballo,Normal
8235,21,78,Gremio,Pepê,Normal
8235,21,29,Gremio,Luis  Alberto  Suã¡Rez,Normal
8237,22,6,Atletico-Mg,,Normal
8237,22,78,Athletico-Pr,Vitor Roque,Normal
8238,22,19,Botafogo-Rj,João Victor Santos Sá,Normal
8238,22,73,Flamengo,Bruno Henrique,Normal
8238,22,2,Flamengo,Marlon Freitas,Contra
8239,22,30,Gremio,Luis Alberto Suárez,Normal
8239,22,30,Gremio,Luis Alberto Suárez,Normal
8239,22,63,Gremio,Rikelme,Contra
8241,22,,Fluminense,Diogo Barbosa,Normal
8242,22,,Vasco,Pablo Vegetti,Pênalti
8242,22,45,Bahia,Ademir,Normal
8244,22,55,America-Mg,Juninho,Normal
8244,22,29,America-Mg,Rodrigo Varanda,Normal
8245,22,30,Sao Paulo,Alan Franco,Normal
8245,22,51,Coritiba,Islam Slimani,Normal
8245,22,58,Sao Paulo,Luciano Da Rocha Neves,Pênalti
8246,23,84,Athletico-Pr,Alex Paulo Menezes Santana,Normal
8246,23,,Athletico-Pr,Carlos De Menezes Júnior,Normal
8246,23,84,Athletico-Pr,Alex Paulo Menezes Santana,Normal
8246,23,97,Athletico-Pr,Vitor Bueno,Pênalti
8247,23,59,Internacional,Fabricio Bustos,Normal
8247,23,,Internacional,,Normal
8247,23,,Sao Paulo,Jonathan Calleri,Pênalti
8248,23,70,Cruzeiro,Bruno Rodrigues,Normal
8248,23,41,Cruzeiro,Matheus Jussa,Normal
8248,23,89,Cruzeiro,Nikão,Normal
8249,23,,Fortaleza,,Normal
8249,23,26,Fortaleza,Juan Martín Lucero,Normal
8249,23,33,Corinthians,Pedro Henrique Silva Dos Santos,Normal
8250,23,94,Coritiba,Andrey,Normal
8250,23,74,Bahia,Gabriel Teixeira,Normal
8250,23,34,Bahia,Ademir,Normal
8250,23,2,Coritiba,Sebastián Gómez,Normal
8250,23,11,Bahia,Rafael Ratão,Normal
8250,23,30,Bahia,,Normal
8251,23,20,Bragantino,Joã£O Pedro Maturano Dos Santos,Contra
8251,23,46,Bragantino,Vitor Hugo Naum Dos Santos,Normal
8252,23,11,America-Mg,Rodriguinho,Normal
8252,23,32,America-Mg,Felipe Azevedo,Normal
8252,23,,Cuiaba,Wellington Alves Da Silva,Normal
8252,23,35,Cuiaba,Deyverson,Pênalti
8253,23,96,Palmeiras,Breno Lopes,Normal
8253,23,96,Palmeiras,Breno Lopes,Normal
8254,23,85,Vasco,Gabriel Pec,Normal
8254,23,23,Vasco,,Normal
8254,23,46,Fluminense,Marcelo Vieira Da Silva Júnior,Normal
8254,23,,Fluminense,Lima,Normal
8254,23,50,Vasco,Pablo Vegetti,Normal
8254,23,74,Vasco,Gabriel Pec,Normal
8255,23,81,Atletico-Mg,-,Normal
8256,24,73,Santos,Marcos Leonardo,Normal
8256,24,59,Bahia,,Normal
8256,24,94,Santos,Julio Furch,Normal
8257,24,100,Bragantino,Lucas Evangelista,Normal
8257,24,36,Bragantino,Jadsom,Normal
8259,24,67,Fluminense,Leo Fernández,Normal
8260,24,53,Fortaleza,Juan Martã­N Lucero,Normal
8260,24,,Sao Paulo,James Rodríguez,Normal
8260,24,16,Fortaleza,José Welison,Normal
8261,24,,Coritiba,Sebastián Gómez,Normal
8261,24,50,Vasco,-,Normal
8261,24,50,Vasco,-,Normal
8261,24,,Vasco,Rossicley Pereira Da Silva,Normal
8261,24,63,Vasco,Pablo Vegetti,Normal
8261,24,81,Vasco,,Normal
8261,24,8,Vasco,Zé Gabriel,Normal
8262,24,90,Athletico-Pr,Alex Paulo Menezes Santana,Normal
8262,24,36,Internacional,Carlos De Pena,Normal
8262,24,,Athletico-Pr,Erick Luis Conrado Carvalho,Normal
8263,24,,Gremio,João Pedro Maturano Dos Santos,Normal
8264,24,59,Corinthians,Carlos Gilberto Do Nascimento Silva,Normal
8265,24,42,Atletico-Mg,Paulinho,Normal
8266,25,61,Flamengo,Pedro,Pênalti
8266,25,61,Flamengo,Pedro,Pênalti
8267,25,80,Gremio,Luis Alberto Suárez,Normal
8267,25,44,Fortaleza,Thiago Galhardo,Pênalti
8268,25,40,Sao Paulo,Jonathan Calleri,Normal
8268,25,47,Sao Paulo,Jonathan Calleri,Normal
8268,25,3,Corinthians,Ángel Romero,Normal
8269,25,64,Cuiaba,Alan Empereur,Normal
8269,25,57,Cuiaba,Clayson,Normal
8269,25,87,Cuiaba,Fernando Sobral,Normal
8270,25,81,Atletico-Mg,Igor Gomes,Normal
8270,25,73,Atletico-Mg,Hulk,Normal
8271,25,28,America-Mg,Martín Benítez,Normal
8271,25,21,Cruzeiro,Luciano Castán,Normal
8272,25,14,Coritiba,Victor Luis,Normal
8272,25,48,Coritiba,Islam Slimani,Normal
8273,25,,Santos,Marcos Leonardo,Pênalti
8273,25,48,Santos,Marcos Leonardo,Normal
8273,25,75,Santos,Yeferson Soteldo,Normal
8273,25,31,Vasco,Pablo Vegetti,Normal
8273,25,46,Santos,Tomás Rincón,Normal
8274,25,,Palmeiras,Endrick,Normal
8274,25,61,Bragantino,Eduardo Sasha,Pênalti
8274,25,,Bragantino,Eric Dos Santos Rodrigues,Normal
8275,25,27,Goias,,Normal
8275,25,52,Botafogo-Rj,Tiquinho Soares,Normal
8276,26,50,Goias,João Magno,Normal
8276,26,56,Bahia,,Normal
8276,26,95,Bahia,Gabriel Teixeira,Normal
8276,26,37,Bahia,Everaldo Stum,Normal
8276,26,49,Goias,Matheus Babi,Normal
8276,26,47,Goias,Guilherme,Pênalti
8276,26,,Bahia,,Normal
8276,26,18,Bahia,Gilberto Moraes Júnior,Normal
8276,26,53,Bahia,,Normal
8276,26,27,Goias,Guilherme,Normal
8276,26,56,Bahia,,Normal
8278,26,54,Flamengo,Gerson Santos Da Silva,Normal
8278,26,79,Corinthians,Fábio Santos,Pênalti
8279,26,6,Internacional,Enner Valencia,Normal
8279,26,70,Internacional,Alan Patrick,Normal
8279,26,74,Gremio,Luis Alberto Suã¡Rez,Normal
8279,26,,Gremio,João Pedro Maturano Dos Santos,Normal
8279,26,6,Internacional,Enner Valencia,Normal
8279,26,49,Internacional,Wanderson,Normal
8280,26,43,Palmeiras,José Rafael Vivian,Normal
8280,26,70,Santos,Marcos Leonardo,Normal
8280,26,46,Santos,Tomás Rincón,Normal
8281,26,,Botafogo-Rj,Tiquinho Soares,Normal
8281,26,20,Botafogo-Rj,Júnior Santos,Normal
8282,26,40,Athletico-Pr,Pablo Felipe Teixeira,Normal
8282,26,34,Bragantino,Eric Dos Santos Rodrigues,Normal
8283,26,91,Coritiba,Islam Slimani,Normal
8283,26,59,Atletico-Mg,Hulk,Normal
8283,26,64,Coritiba,Matheus Bianqui,Normal
8284,26,56,Fortaleza,Imanol Machuca,Normal
8284,26,23,America-Mg,Gonzalo Mastriani,Normal
8284,26,31,Fortaleza,Juan Martín Lucero,Normal
8284,26,,America-Mg,Gonzalo Mastriani,Pênalti
8284,26,,America-Mg,Gonzalo Mastriani,Pênalti
8284,26,68,Fortaleza,Bruno Pacheco,Normal
8286,27,38,Athletico-Pr,Bruno Zapelli,Normal
8286,27,94,Athletico-Pr,Kaique Rocha,Normal
8286,27,,Gremio,Lucas Besozzi,Normal
8287,27,24,Cuiaba,Deyverson,Normal
8287,27,88,Cuiaba,Raniele,Normal
8287,27,82,Cuiaba,Isidro  Pitta,Normal
8288,27,22,Botafogo-Rj,Júnior Santos,Normal
8288,27,50,Botafogo-Rj,Júnior Santos,Normal
8288,27,39,America-Mg,Martã­N Benã­Tez,Normal
8289,27,10,Goias,Hugo,Normal
8289,27,50,Goias,,Normal
8290,27,44,Bahia,Gabriel Teixeira,Normal
8291,27,58,Vasco,Dimitri Payet,Normal
8292,27,2,Atletico-Mg,Hulk,Normal
8292,27,76,Atletico-Mg,Paulinho,Normal
8293,27,44,Flamengo,Pedro,Pênalti
8293,27,,Flamengo,Ayrton Lucas Dantas De Medeiros,Normal
8294,27,9,Bragantino,Eduardo Sasha,Normal
8294,27,29,Bragantino,Eduardo Sasha,Normal
8294,27,47,Bragantino,Eric Dos Santos Rodrigues,Normal
8294,27,47,Bragantino,Eric Dos Santos Rodrigues,Normal
8294,27,86,Santos,Léo Ortiz,Contra
8295,27,,Corinthians,Yuri Alberto,Normal
8295,27,32,Corinthians,Fã¡Bio Santos,Pênalti
8295,27,22,Fluminense,Lima,Normal
8295,27,56,Fluminense,Lima,Normal
8295,27,10,Corinthians,,Normal
8295,27,84,Fluminense,Jhon Arias,Normal
8296,28,53,Goias,Guilherme,Normal
8296,28,53,Goias,Guilherme,Normal
8296,28,46,Cuiaba,Clayson,Normal
8297,28,21,Sao Paulo,Michel Araújo,Normal
8297,28,97,Sao Paulo,Luciano Da Rocha Neves,Normal
8297,28,68,Sao Paulo,Pablo Maia,Normal
8298,28,96,Bahia,Rafael Ratão,Normal
8298,28,,Bahia,Kanu,Normal
8299,28,24,Botafogo-Rj,Tiquinho Soares,Normal
8299,28,24,Botafogo-Rj,Tiquinho Soares,Normal
8299,28,41,Athletico-Pr,Pablo Felipe Teixeira,Normal
8300,28,87,Cruzeiro,Jemerson De Jesus Nascimento,Contra
8301,28,,Flamengo,Gerson Santos Da Silva,Normal
8302,28,14,Internacional,Alan Patrick,Normal
8302,28,54,Internacional,Fabricio Bustos,Normal
8302,28,61,Internacional,Enner Valencia,Normal
8302,28,,Internacional,Luiz Adriano,Normal
8302,28,80,Santos,Maximiliano Silvera,Normal
8302,28,80,Santos,Maximiliano Silvera,Normal
8302,28,80,Santos,Maximiliano Silvera,Normal
8302,28,,Internacional,Wanderson,Normal
8302,28,1,Internacional,Kevyson,Contra
8302,28,27,Internacional,-,Normal
8303,28,17,Bragantino,Eduardo Sasha,Pênalti
8303,28,17,Bragantino,Eduardo Sasha,Pênalti
8304,28,33,Palmeiras,Gustavo Gómez,Normal
8304,28,48,Palmeiras,Joaquín Piquerez,Normal
8304,28,48,Palmeiras,Joaquín Piquerez,Normal
8305,28,38,America-Mg,Martín Benítez,Normal
8305,28,99,Corinthians,Giuliano Victor De Paula,Normal
8306,29,84,Bragantino,Talisson De Almeida,Normal
8306,29,36,Atletico-Mg,Hulk,Pênalti
8306,29,80,Atletico-Mg,Igor Gomes,Normal
8307,29,48,Athletico-Pr,Vitor  Bueno,Normal
8307,29,28,Athletico-Pr,Erick Luis Conrado Carvalho,Normal
8307,29,45,Athletico-Pr,Pablo Felipe Teixeira,Normal
8307,29,77,America-Mg,Emmanuel Martínez,Normal
8307,29,,America-Mg,Gonzalo Mastriani,Normal
8307,29,48,Athletico-Pr,Vitor  Bueno,Normal
8308,29,17,Fluminense,,Normal
8308,29,13,Goias,Matheus Babi,Normal
8308,29,50,Goias,Allano,Normal
8308,29,17,Fluminense,,Normal
8308,29,68,Goias,Julián Palacios,Normal
8308,29,62,Fluminense,Keno,Normal
8308,29,53,Fluminense,Keno,Pênalti
8308,29,47,Fluminense,Jhon Arias,Normal
8308,29,37,Fluminense,Jhon Arias,Normal
8309,29,53,Cruzeiro,Marlon Rodrigues Xavier,Normal
8309,29,19,Cruzeiro,Kanu,Contra
8309,29,88,Cruzeiro,Bruno Rodrigues,Normal
8309,29,19,Cruzeiro,Kanu,Contra
8310,29,16,Palmeiras,,Normal
8310,29,,Palmeiras,Marcos Rocha,Normal
8310,29,87,Palmeiras,Joaquã­N Piquerez,Normal
8310,29,26,Palmeiras,Breno Lopes,Normal
8310,29,52,Palmeiras,Joaquín Piquerez,Pênalti
8311,29,86,Gremio,André Henrique,Normal
8311,29,76,Gremio,Aldemir Ferreira,Normal
8311,29,81,Gremio,Nathan Fernandes,Normal
8311,29,42,Flamengo,Everton Cebolinha,Normal
8311,29,89,Flamengo,Luiz Araújo,Normal
8311,29,86,Gremio,André Henrique,Normal
8312,29,77,Corinthians,Ángel Romero,Normal
8313,29,59,Internacional,Enner Valencia,Normal
8313,29,20,Internacional,-,Normal
8313,29,59,Internacional,Enner Valencia,Normal
8313,29,84,Vasco,Alex Teixeira,Normal
8314,29,73,Santos,Marcos Leonardo,Normal
8314,29,4,Santos,Matheus Bianqui,Normal
8314,29,11,Coritiba,Robson Fernandes,Pênalti
8315,29,8,Fortaleza,Yago Pikachu,Normal
8315,29,,Botafogo-Rj,Danilo Barbosa Da Silva,Normal
8315,29,41,Fortaleza,Guilherme,Normal
8315,29,8,Fortaleza,Yago Pikachu,Normal
8315,29,20,Botafogo-Rj,Emanuel Brítez,Contra
8316,30,38,Palmeiras,Raphael Cavalcante Veiga,Normal
8317,30,49,America-Mg,Gonzalo Mastriani,Normal
8317,30,71,Gremio,Luis Alberto Suárez,Normal
8317,30,78,Gremio,Franco Cristaldo,Normal
8317,30,20,Gremio,Everton,Normal
8317,30,78,Gremio,Franco Cristaldo,Normal
8317,30,3,America-Mg,Rodriguinho,Normal
8317,30,35,America-Mg,Gonzalo Mastriani,Normal
8317,30,17,Gremio,-,Normal
8318,30,83,Atletico-Mg,Paulinho,Normal
8318,30,62,Atletico-Mg,Paulinho,Normal
8319,30,7,Athletico-Pr,Pablo Felipe Teixeira,Normal
8319,30,10,Sao Paulo,Pablo Maia,Normal
8320,30,58,Vasco,Pablo Vegetti,Normal
8320,30,92,Goias,Matheus Babi,Normal
8321,30,28,Coritiba,Maurício Garcez,Normal
8321,30,70,Coritiba,Robson Fernandes,Normal
8321,30,49,Coritiba,Matheus Bianqui,Normal
8321,30,,Coritiba,Robson Fernandes,Pênalti
8321,30,43,Internacional,Alan Patrick,Pênalti
8321,30,83,Internacional,Bruno Henrique Corsini,Normal
8321,30,,Internacional,Enner Valencia,Normal
8322,30,99,Santos,Stiven Mendoza,Pênalti
8322,30,57,Corinthians,Jean Lucas Oliveira,Contra
8323,30,52,Cuiaba,Isidro Pitta,Normal
8324,30,80,Cruzeiro,Bruno Rodrigues,Normal
8325,30,75,Flamengo,Giorgian De Arrascaeta,Normal
8326,31,40,Bahia,Everaldo Stum,Normal
8327,31,74,America-Mg,Marlon,Normal
8327,31,15,Internacional,,Normal
8328,31,64,Corinthians,Yuri Alberto,Normal
8329,31,27,Gremio,Mathías Villasanti,Normal
8329,31,83,Gremio,Aldemir Ferreira,Normal
8329,31,60,Coritiba,Robson Fernandes,Pênalti
8330,31,33,Santos,Gustavo Nonato,Normal
8330,31,89,Santos,-,Normal
8330,31,21,Flamengo,Pedro,Normal
8330,31,33,Santos,Gustavo Nonato,Normal
8331,31,16,Atletico-Mg,Paulinho,Normal
8331,31,61,Atletico-Mg,Hulk,Pênalti
8331,31,56,Atletico-Mg,Paulinho,Normal
8331,31,44,Fortaleza,Juan Martín Lucero,Normal
8332,31,21,Botafogo-Rj,Carlos Eduardo De Oliveira Alves,Normal
8332,31,99,Palmeiras,Murilo Cerqueira,Normal
8332,31,84,Palmeiras,Endrick,Normal
8332,31,30,Botafogo-Rj,,Normal
8332,31,49,Palmeiras,,Normal
8332,31,89,Palmeiras,José Manuel Alberto López,Normal
8332,31,36,Botafogo-Rj,Júnior Santos,Normal
8333,31,57,Vasco,Gabriel Pec,Normal
8333,31,100,Vasco,Luca Orellano,Normal
8333,31,57,Vasco,Gabriel Pec,Normal
8334,31,45,Bragantino,Thiago Borbas,Normal
8334,31,90,Bragantino,Talisson De Almeida,Normal
8335,31,84,Sao Paulo,Luciano Da Rocha Neves,Normal
8336,32,70,Gremio,,Normal
8337,32,80,Atletico-Mg,Paulinho,Normal
8337,32,66,America-Mg,Gonzalo Mastriani,Normal
8338,32,6,Palmeiras,,Normal
8339,32,92,Cruzeiro,Bruno Rodrigues,Pênalti
8339,32,52,Internacional,Wanderson,Normal
8339,32,14,Internacional,Maurício Magalhães Prado,Normal
8340,32,29,Bragantino,Hélio Junio Nunes De Castro,Normal
8341,32,45,Flamengo,Pedro,Normal
8341,32,87,Flamengo,Luiz Araújo,Normal
8342,32,70,Goias,,Normal
8343,32,29,Vasco,Paulo,Normal
8345,32,54,Fluminense,Germán Cano,Normal
8347,33,22,Coritiba,Bruno Gomes,Normal
8347,33,35,Coritiba,Marcelino Moreno,Normal
8347,33,69,Coritiba,Robson Fernandes,Normal
8348,33,57,Athletico-Pr,-,Normal
8348,33,54,Fortaleza,Guilherme,Normal
8349,33,93,Sao Paulo,Erison Danilo De Souza,Pênalti
8350,33,18,Flamengo,Pedro,Normal
8350,33,29,Flamengo,,Normal
8350,33,29,Flamengo,,Normal
8350,33,64,Flamengo,Pedro,Normal
8351,33,87,Santos,Julio Furch,Normal
8352,33,67,Atletico-Mg,Paulinho,Normal
8352,33,23,Corinthians,Ángel Romero,Normal
8353,33,98,Cuiaba,Ronald,Normal
8353,33,,Cuiaba,Isidro Pitta,Normal
8353,33,22,Cuiaba,Deyverson,Pênalti
8354,33,6,Botafogo-Rj,Diego Costa,Normal
8354,33,,Gremio,Luis Alberto Suárez,Normal
8354,33,53,Gremio,Luis Alberto Suárez,Normal
8354,33,,Botafogo-Rj,Júnior Santos,Normal
8354,33,50,Gremio,Luis Alberto Suárez,Normal
8354,33,9,Gremio,Everton,Normal
8354,33,9,Gremio,Everton,Normal
8354,33,46,Botafogo-Rj,Marlon Freitas,Normal
8355,33,15,Vasco,,Normal
8355,33,77,Vasco,Gabriel Pec,Normal
8355,33,41,Cruzeiro,Arthur Gomes,Normal
8355,33,54,Cruzeiro,Bruno Rodrigues,Pênalti
8356,34,91,Coritiba,Robson Fernandes,Normal
8357,34,62,Fluminense,Yony González,Normal
8357,34,47,Flamengo,Giorgian De Arrascaeta,Normal
8358,34,,Palmeiras,Endrick,Normal
8358,34,38,Palmeiras,-,Normal
8358,34,38,Palmeiras,-,Normal
8358,34,88,Palmeiras,Rony,Normal
8359,34,96,Bragantino,Thiago Borbas,Normal
8359,34,37,Botafogo-Rj,Carlos Eduardo De Oliveira Alves,Normal
8359,34,37,Botafogo-Rj,Carlos Eduardo De Oliveira Alves,Normal
8359,34,35,Botafogo-Rj,João Victor Santos Sá,Normal
8359,34,3,Bragantino,Thiago Borbas,Normal
8360,34,32,Corinthians,Ángel Romero,Normal
8362,34,94,Vasco,Dimitri Payet,Normal
8362,34,4,Vasco,Pablo Vegetti,Normal
8362,34,,America-Mg,Gonzalo Mastriani,Normal
8363,34,70,Atletico-Mg,Guilherme Arana,Normal
8363,34,41,Atletico-Mg,Hulk,Pênalti
8363,34,41,Atletico-Mg,Hulk,Pênalti
8363,34,,Goias,Dodô,Normal
8363,34,,Goias,Dodô,Normal
8364,34,73,Bahia,Everaldo Stum,Pênalti
8364,34,87,Athletico-Pr,Agustín Canobbio,Normal
8365,34,6,Cuiaba,Nan,Normal
8365,34,6,Cuiaba,,Normal
8365,34,92,Cuiaba,Isidro Pitta,Pênalti
8365,34,98,Fortaleza,Yago Pikachu,Normal
8366,35,4,Bahia,Julio Cesar De Rezende Miranda,Normal
8366,35,75,Bahia,Ademir,Normal
8366,35,,Bahia,Thaciano,Pênalti
8366,35,4,Bahia,Julio Cesar De Rezende Miranda,Normal
8366,35,67,Corinthians,-,Normal
8366,35,16,Bahia,Cauly,Normal
8366,35,85,Bahia,Thaciano,Pênalti
8368,35,90,Coritiba,Jesé Rodríguez,Normal
8368,35,,Fluminense,John  Kennedy,Normal
8368,35,46,Fluminense,Germán Cano,Normal
8368,35,,Fluminense,John  Kennedy,Normal
8369,35,25,Atletico-Mg,Guilherme Arana,Normal
8369,35,50,Atletico-Mg,Matías Zaracho,Normal
8369,35,58,Atletico-Mg,Hulk,Normal
8369,35,50,Atletico-Mg,Matías Zaracho,Normal
8370,35,11,Botafogo-Rj,,Normal
8370,35,90,Santos,Messias Rodrigues Da Silva Júnior,Normal
8371,35,50,Flamengo,Pedro,Normal
8371,35,,Flamengo,Everton Cebolinha,Normal
8371,35,85,Flamengo,Éverton Ribeiro,Normal
8371,35,85,Flamengo,Éverton Ribeiro,Normal
8373,35,30,Internacional,Enner Valencia,Normal
8373,35,30,Internacional,Enner Valencia,Normal
8374,35,77,Palmeiras,,Normal
8374,35,77,Palmeiras,,Normal
8374,35,66,Palmeiras,Raphael Cavalcante Veiga,Normal
8374,35,20,Fortaleza,Thiago Galhardo,Normal
8374,35,70,Fortaleza,Calebe Gonçalves Ferreira Da Silva,Normal
8375,35,96,Cruzeiro,Robert,Normal
8376,36,25,Vasco,,Normal
8376,36,3,Vasco,N/A,Normal
8376,36,94,Corinthians,,Normal
8376,36,45,Corinthians,Ángel Romero,Normal
8376,36,61,Corinthians,Gabriel Moscardo,Normal
8376,36,,Corinthians,,Normal
8377,36,10,Fluminense,Martinelli,Normal
8377,36,59,Fluminense,Germán Cano,Normal
8377,36,36,Fluminense,Jhon Arias,Normal
8378,36,47,Atletico-Mg,,Normal
8378,36,82,Atletico-Mg,Rubens,Normal
8378,36,8,Atletico-Mg,,Normal
8379,36,97,Sao Paulo,Caio Paulista,Normal
8380,36,89,Internacional,,Normal
8380,36,52,Internacional,Enner Valencia,Normal
8380,36,52,Internacional,Enner Valencia,Normal
8380,36,89,Internacional,,Normal
8381,36,99,Coritiba,Edu,Normal
8381,36,97,Botafogo-Rj,Tiquinho Soares,Pênalti
8382,36,40,Palmeiras,Éder,Contra
8382,36,88,Palmeiras,José Manuel Alberto López,Normal
8382,36,,Palmeiras,José Manuel Alberto López,Normal
8382,36,,Palmeiras,José Manuel Alberto López,Normal
8382,36,,Palmeiras,Endrick,Normal
8383,36,28,Goias,Everton Morelli,Normal
8383,36,50,Gremio,Aldemir Ferreira,Normal
8383,36,,Gremio,Franco Cristaldo,Normal
8383,36,28,Goias,Everton Morelli,Normal
8384,36,84,Cruzeiro,Matheus Pereira,Normal
8384,36,65,Athletico-Pr,Vitor Roque,Normal
8385,36,14,Fortaleza,Yago Pikachu,Normal
8385,36,48,Bragantino,Eduardo Sasha,Normal
8385,36,23,Fortaleza,Calebe  Gonçalves  Ferreira  Da  Silva,Normal
8386,37,35,Internacional,Maurício Magalhães Prado,Normal
8386,37,57,Corinthians,Ángel Romero,Normal
8386,37,66,Internacional,Wanderson,Normal
8386,37,57,Corinthians,Ángel Romero,Normal
8387,37,91,Sao Paulo,,Pênalti
8387,37,77,Atletico-Mg,Hulk,Normal
8387,37,94,Atletico-Mg,Paulinho,Normal
8388,37,49,Flamengo,Pedro,Normal
8388,37,79,Cuiaba,Clayson,Pênalti
8388,37,,Flamengo,Luiz Araújo,Normal
8389,37,30,Palmeiras,Breno Lopes,Normal
8391,37,29,America-Mg,,Normal
8391,37,57,Bahia,Ademir,Normal
8391,37,,America-Mg,Renato Marques,Normal
8391,37,,America-Mg,Renato Marques,Normal
8391,37,26,Bahia,Everaldo Stum,Pênalti
8391,37,47,America-Mg,Renato Marques,Normal
8392,37,6,Fortaleza,Guilherme,Normal
8393,37,75,Bragantino,Léo Ortiz,Normal
8393,37,75,Bragantino,Léo Ortiz,Normal
8394,37,46,Gremio,Luis Alberto Suárez,Normal
8395,37,75,Athletico-Pr,Madson,Normal
8395,37,51,Athletico-Pr,Vitor Bueno,Normal
8395,37,51,Athletico-Pr,Vitor Bueno,Normal
8395,37,93,Athletico-Pr,Willian Gomes De Siqueira,Normal
8396,38,33,Goias,Luis Felipe Oyama,Normal
8397,38,19,Internacional,,Normal
8397,38,53,Internacional,Pedro Henrique Konzen,Normal
8397,38,47,Botafogo-Rj,,Normal
8397,38,50,Internacional,,Normal
8398,38,21,Corinthians,Ángel Romero,Normal
8398,38,11,Corinthians,Fausto Vera,Normal
8399,38,81,Fluminense,John Kennedy,Normal
8399,38,45,Gremio,Everton,Normal
8399,38,43,Gremio,Luis Alberto Suárez,Normal
8399,38,34,Fluminense,Jhon Arias,Pênalti
8399,38,64,Gremio,-,Pênalti
8400,38,21,Palmeiras,Endrick,Normal
8400,38,80,Cruzeiro,,Normal
8400,38,80,Cruzeiro,,Normal
8401,38,67,Bahia,Thaciano,Normal
8401,38,52,Bahia,Luciano Juba,Normal
8401,38,92,Bahia,Ademir,Normal
8401,38,36,Atletico-Mg,Paulinho,Normal
8401,38,11,Bahia,Cauly,Normal
8402,38,13,Cuiaba,Clayson,Pênalti
8402,38,96,Cuiaba,Clayson,Normal
8402,38,17,Cuiaba,Derik Lacerda,Normal
8402,38,17,Cuiaba,Derik Lacerda,Normal
8403,38,,Santos,Messias Rodrigues Da Silva Júnior,Normal
8403,38,96,Fortaleza,Juan Martín Lucero,Normal
8403,38,39,Fortaleza,,Normal
8404,38,26,Sao Paulo,Luciano Da Rocha Neves,Normal
8405,38,82,Vasco,Sergio Antonio De Luiz Junior,Normal
8405,38,63,Bragantino,Léo Ortiz,Normal
8405,38,29,Vasco,Paulinho,Normal
8406,1,83,Internacional,Fernando Reges,Normal
8406,1,,Bahia,Gabriel Teixeira,Normal
8406,1,72,Internacional,Wesley Ribeiro Silva,Normal
8407,1,64,Juventude,Jean  Carlos,Normal
8407,1,36,Criciuma,Renato Kayzer,Normal
8408,1,52,Bragantino,Thiago Borbas,Normal
8408,1,,Fluminense,Lima,Normal
8408,1,47,Bragantino,Eduardo Sasha,Normal
8408,1,,Fluminense,Lima,Normal
8409,1,66,Fortaleza,Juan Martín Lucero,Normal
8409,1,,Fortaleza,Imanol Machuca,Normal
8409,1,84,Sao Paulo,André Silva,Normal
8410,1,68,Gremio,Gustavo Martins,Normal
8410,1,24,Vasco,David Corrêa Da Fonseca,Normal
8410,1,68,Gremio,Gustavo Martins,Normal
8410,1,37,Vasco,Mateus Carvalho,Normal
8411,1,81,Athletico-Pr,Gonzalo Mastriani,Normal
8411,1,23,Athletico-Pr,Pablo Felipe Teixeira,Normal
8411,1,39,Athletico-Pr,Leonardo Godoy,Normal
8411,1,37,Athletico-Pr,Agustã­N  Canobbio,Normal
8412,1,63,Atletico-Go,-,Normal
8412,1,51,Flamengo,Nicolás De La Cruz,Normal
8412,1,,Flamengo,Pedro,Pênalti
8414,1,5,Botafogo-Rj,,Normal
8414,1,20,Cruzeiro,Lucas Silva Borges,Normal
8414,1,83,Botafogo-Rj,Danilo Barbosa Da Silva,Normal
8414,1,91,Cruzeiro,Rafael Elias,Normal
8414,1,64,Cruzeiro,Rafael Da Silva,Normal
8415,1,20,Palmeiras,Richard Ríos,Normal
8416,2,34,Bahia,Caio Alexandre,Normal
8416,2,61,Bahia,Cauly,Normal
8416,2,4,Fluminense,Germán Cano,Normal
8417,2,78,Bragantino,Vitor Hugo Naum Dos Santos,Normal
8417,2,63,Vasco,Pablo Vegetti,Normal
8417,2,7,Bragantino,Ignacio Laquintana,Normal
8418,2,19,Gremio,Franco Cristaldo,Normal
8418,2,51,Gremio,Yeferson Soteldo,Normal
8419,2,19,Fortaleza,Hércules,Normal
8419,2,89,Cruzeiro,Mateus Vital,Normal
8420,2,45,Internacional,Wesley Ribeiro Silva,Normal
8421,2,40,Atletico-Mg,Gustavo Scarpa,Normal
8421,2,,Criciuma,Matheus Leonardo Sales Cardoso,Normal
8422,2,53,Juventude,,Normal
8422,2,59,Juventude,Lucas Barbosa,Normal
8423,2,20,Flamengo,Luiz Araújo,Normal
8423,2,79,Sao Paulo,Aldemir Ferreira,Normal
8423,2,54,Flamengo,Nicolás De La Cruz,Normal
8423,2,79,Sao Paulo,Aldemir Ferreira,Normal
8424,2,32,Botafogo-Rj,Mateo Ponte,Normal
8426,3,53,Fluminense,Martinelli,Normal
8426,3,10,Fluminense,Paulo Henrique Ganso,Normal
8426,3,53,Fluminense,Martinelli,Normal
8426,3,55,Vasco,Pablo Vegetti,Normal
8427,3,5,Bragantino,Vitor Hugo Naum Dos Santos,Normal
8428,3,44,Gremio,Franco Cristaldo,Normal
8429,3,35,Atletico-Mg,Paulinho,Normal
8429,3,47,Atletico-Mg,Guilherme Arana,Normal
8429,3,25,Atletico-Mg,Matías Zaracho,Normal
8431,3,69,Bahia,Gabriel Teixeira,Normal
8431,3,20,Vitoria,Matheus Martins Fogaça De Paulo,Normal
8431,3,57,Vitoria,Wagner Leonardo,Normal
8431,3,57,Vitoria,Wagner Leonardo,Normal
8431,3,72,Bahia,Everaldo Stum,Normal
8432,3,71,Athletico-Pr,Agustín Canobbio,Normal
8433,3,80,Botafogo-Rj,Jacob Montes,Normal
8433,3,4,Botafogo-Rj,Júnior Santos,Normal
8433,3,9,Botafogo-Rj,Tiquinho Soares,Pênalti
8433,3,61,Botafogo-Rj,Jefferson Savarino,Normal
8433,3,53,Botafogo-Rj,Danilo Barbosa Da Silva,Normal
8433,3,85,Juventude,Danilo Boza,Normal
8434,3,52,Sao Paulo,Luciano Da Rocha Neves,Pênalti
8434,3,76,Sao Paulo,Aldemir Ferreira,Normal
8434,3,14,Sao Paulo,Jonathan Calleri,Normal
8435,3,,Criciuma,Miguel Trauco,Normal
8435,3,63,Fortaleza,Juan Martín Lucero,Normal
8436,4,32,Criciuma,Fellipe Mateus,Normal
8436,4,55,Criciuma,Yannick Bolasie,Normal
8436,4,47,Criciuma,,Normal
8436,4,69,Criciuma,Higor Meritão,Normal
8437,4,28,Atletico-Mg,Eduardo Vargas,Normal
8437,4,78,Atletico-Mg,Paulinho,Pênalti
8437,4,61,Atletico-Mg,Gustavo Scarpa,Normal
8438,4,17,Bahia,Everaldo Stum,Normal
8439,4,53,Botafogo-Rj,Luiz Henrique,Normal
8439,4,93,Botafogo-Rj,Jefferson Savarino,Normal
8440,4,47,Corinthians,Cacá,Normal
8440,4,40,Corinthians,Wesley Gassova Ribeiro Teixeira,Normal
8440,4,47,Corinthians,Wesley Gassova Ribeiro Teixeira,Normal
8440,4,47,Corinthians,Cacá,Normal
8440,4,47,Corinthians,Wesley Gassova Ribeiro Teixeira,Normal
8441,4,58,Cruzeiro,Rafael Da Silva,Normal
8441,4,75,Cruzeiro,Arthur  Gomes,Normal
8441,4,50,Cruzeiro,Matheus Pereira,Normal
8441,4,,Vitoria,Lucas Silva Borges,Contra
8442,4,,Bragantino,Eduardo Sasha,Normal
8442,4,,Fortaleza,,Normal
8443,4,8,Juventude,Erick Farias,Normal
8443,4,73,Athletico-Pr,Nikão,Normal
8444,4,55,Internacional,Rafael Santos Borré,Normal
8444,4,50,Atletico-Go,Derek,Normal
8446,5,79,Atletico-Mg,Eduardo Vargas,Normal
8446,5,73,Atletico-Mg,Eduardo Vargas,Normal
8446,5,4,Fluminense,Germán Cano,Normal
8446,5,,Fluminense,Renato Augusto,Normal
8447,5,79,Flamengo,Bruno Henrique,Normal
8447,5,30,Bragantino,,Normal
8449,5,26,Athletico-Pr,-,Normal
8450,5,84,Sao Paulo,Nahuel Ferraresi,Normal
8450,5,53,Sao Paulo,Luciano Da Rocha Neves,Normal
8450,5,45,Sao Paulo,Luciano Da Rocha Neves,Normal
8450,5,49,Vitoria,Willian,Normal
8451,5,86,Bahia,Rafael Ratão,Normal
8451,5,63,Botafogo-Rj,Jefferson Ruan Pereira Dos Santos,Normal
8451,5,48,Bahia,Everaldo Stum,Pênalti
8452,5,,Palmeiras,Estêvão,Pênalti
8452,5,46,Palmeiras,Lázaro Vinícius,Normal
8453,5,38,Juventude,Lucas Barbosa,Normal
8453,5,38,Juventude,Lucas Barbosa,Normal
8455,5,78,Criciuma,Ronald,Normal
8455,5,14,Criciuma,Arthur Caike Do Nascimento Cruz,Normal
8455,5,67,Gremio,,Normal
8456,6,20,Flamengo,Pedro,Normal
8456,6,63,Flamengo,Lorran Lucas Pereira De Souza,Normal
8457,6,54,Athletico-Pr,Pablo Felipe Teixeira,Normal
8457,6,59,Athletico-Pr,Gustavo Gómez,Contra
8458,6,81,Cruzeiro,Matheus Pereira,Normal
8459,6,41,Botafogo-Rj,-,Normal
8459,6,10,Fortaleza,Tomás Pochettino,Normal
8460,6,50,Vasco,Maicon Pereira Roque,Normal
8460,6,56,Vasco,Pablo Vegetti,Normal
8460,6,89,Vitoria,Iury Lirio Freitas De Castilho,Normal
8461,6,37,Bahia,Thaciano,Normal
8462,6,84,Sao Paulo,Robert Arboleda,Normal
8462,6,28,Fluminense,Igor Vinícius,Contra
8462,6,32,Sao Paulo,Damián Bobadilla,Normal
8463,6,65,Criciuma,Tobias Figueiredo,Normal
8463,6,23,Cuiaba,Clayson,Normal
8463,6,,Cuiaba,Isidro Pitta,Normal
8463,6,46,Cuiaba,Max Alves,Normal
8463,6,,Cuiaba,Ramon Ramos Lima,Normal
8463,6,35,Cuiaba,Clayson,Normal
8463,6,63,Criciuma,Matheus Leonardo Sales Cardoso,Normal
8464,6,49,Juventude,Nenê,Normal
8464,6,57,Internacional,Thiago Maia,Normal
8464,6,81,Internacional,Bruno Tabata,Normal
8465,6,,Gremio,Alexander Aravena,Normal
8465,6,39,Atletico-Mg,Deyverson,Normal
8465,6,11,Atletico-Mg,Hulk,Pênalti
8465,6,39,Atletico-Mg,Deyverson,Normal
8466,7,60,Bragantino,Luan Cândido,Normal
8466,7,3,Bragantino,Eric Dos Santos Rodrigues,Normal
8467,7,69,Atletico-Go,Gabriel Baralhas,Normal
8467,7,42,Atletico-Go,Vágner Love,Normal
8468,7,42,Fluminense,Marcelo Vieira Da Silva Júnior,Pênalti
8468,7,67,Juventude,,Normal
8469,7,69,Internacional,Hugo Mallo,Normal
8470,7,,Botafogo-Rj,Júnior Santos,Normal
8471,7,52,Flamengo,Giorgian De Arrascaeta,Normal
8471,7,89,Flamengo,Gabriel Barbosa,Normal
8471,7,74,Flamengo,Bruno Henrique,Normal
8471,7,9,Vasco,,Normal
8471,7,28,Flamengo,Everton Cebolinha,Normal
8471,7,43,Flamengo,David Luiz,Normal
8471,7,33,Flamengo,Pedro,Normal
8472,7,70,Bahia,Ademir,Normal
8472,7,62,Atletico-Mg,Hulk,Normal
8472,7,62,Atletico-Mg,Hulk,Normal
8473,7,92,Palmeiras,Lázaro Vinícius,Normal
8473,7,92,Palmeiras,Lázaro Vinícius,Normal
8473,7,68,Criciuma,Matheus Leonardo Sales Cardoso,Normal
8473,7,67,Palmeiras,Gustavo Gómez,Pênalti
8473,7,68,Criciuma,Matheus Leonardo Sales Cardoso,Normal
8474,7,48,Sao Paulo,Jonathan Calleri,Normal
8474,7,5,Sao Paulo,Lucas Moura,Normal
8475,7,45,Fortaleza,Benjamã­N Kuscevic,Normal
8476,8,92,Atletico-Go,Shaylon,Pênalti
8476,8,15,Corinthians,Yuri Alberto,Normal
8476,8,66,Atletico-Go,Cacá,Normal
8476,8,62,Corinthians,Yuri Alberto,Normal
8477,8,42,Vitoria,Willian,Normal
8477,8,34,Juventude,Rodrigo Sam,Normal
8478,8,66,Botafogo-Rj,Bastos,Normal
8479,8,44,Atletico-Mg,Paulinho,Normal
8479,8,,Bragantino,Lucas Evangelista,Normal
8479,8,44,Atletico-Mg,Paulinho,Normal
8479,8,42,Atletico-Mg,-,Normal
8480,8,67,Cruzeiro,,Normal
8480,8,67,Cruzeiro,,Normal
8480,8,64,Cuiaba,Isidro Pitta,Pênalti
8480,8,46,Cruzeiro,Matheus  Pereira,Normal
8480,8,64,Cuiaba,Isidro Pitta,Pênalti
8481,8,,Athletico-Pr,Gonzalo Mastriani,Normal
8481,8,8,Criciuma,,Normal
8481,8,54,Athletico-Pr,Gonzalo Mastriani,Normal
8481,8,,Athletico-Pr,Gonzalo Mastriani,Normal
8481,8,79,Athletico-Pr,Tomás Cuello,Normal
8483,8,96,Gremio,Edenílson Andrade Dos Santos,Normal
8483,8,67,Flamengo,Luiz Araújo,Normal
8483,8,96,Gremio,Edenílson Andrade Dos Santos,Normal
8483,8,42,Flamengo,Luiz Araújo,Normal
8484,8,80,Bahia,,Normal
8485,8,,Palmeiras,Joaquín Piquerez,Normal
8485,8,,Palmeiras,Rony,Normal
8486,9,2,Bragantino,Hélio Junio Nunes De Castro,Normal
8486,9,25,Juventude,,Normal
8486,9,82,Bragantino,Hélio Junio Nunes De Castro,Normal
8487,9,41,Fluminense,Paulo Henrique Ganso,Normal
8487,9,95,Atletico-Go,Mateo Zuleta,Normal
8487,9,71,Atletico-Go,Luiz Fernando Moraes Dos Santos,Normal
8488,9,31,Corinthians,Igor Coronado,Normal
8488,9,48,Corinthians,Gustavo Mosquito,Normal
8488,9,4,Sao Paulo,Lucas Moura,Normal
8488,9,41,Sao Paulo,Cacá,Contra
8489,9,,Vitoria,Wagner Leonardo,Pênalti
8489,9,8,Vitoria,Willian,Normal
8489,9,,Internacional,Wesley Ribeiro Silva,Normal
8490,9,99,Flamengo,Evertton Araújo,Normal
8490,9,99,Flamengo,Evertton Araújo,Normal
8490,9,92,Athletico-Pr,Fernandinho,Pênalti
8492,9,56,Bahia,Everaldo Stum,Normal
8492,9,,Bahia,,Normal
8492,9,46,Criciuma,Arthur Caike Do Nascimento Cruz,Normal
8492,9,34,Criciuma,,Normal
8492,9,,Bahia,,Normal
8493,9,21,Gremio,Gustavo Nunes,Normal
8493,9,10,Botafogo-Rj,Cuiabano,Normal
8493,9,57,Botafogo-Rj,Jãºnior Santos,Normal
8494,9,53,Cuiaba,Isidro Pitta,Normal
8494,9,,Cuiaba,-,Normal
8494,9,11,Cuiaba,Ramon Ramos Lima,Normal
8494,9,11,Cuiaba,Ramon Ramos Lima,Normal
8494,9,54,Cuiaba,Fernando Sobral,Pênalti
8494,9,3,Cuiaba,Clayson,Normal
8495,9,95,Palmeiras,José Manuel Alberto López,Normal
8495,9,60,Palmeiras,Joaquín Piquerez,Pênalti
8495,9,61,Palmeiras,Estêvão,Normal
8495,9,25,Palmeiras,,Normal
8496,10,98,Botafogo-Rj,,Normal
8496,10,53,Athletico-Pr,Gonzalo Mastriani,Normal
8497,10,11,Atletico-Go,Guilherme Romão,Normal
8497,10,11,Atletico-Go,Guilherme Romão,Normal
8497,10,60,Criciuma,-,Normal
8497,10,,Criciuma,Miguel Trauco,Normal
8498,10,82,Cuiaba,Eliel,Normal
8498,10,82,Cuiaba,Eliel,Normal
8499,10,98,Juventude,,Normal
8499,10,,Juventude,Lucas  Barbosa,Normal
8500,10,42,Fortaleza,Juan Martín Lucero,Pênalti
8501,10,,Cruzeiro,-,Pênalti
8501,10,93,Cruzeiro,William De Asevedo Furtado,Normal
8502,10,42,Internacional,Wesley Ribeiro Silva,Normal
8503,10,88,Atletico-Mg,Brahian Palacios,Normal
8503,10,14,Atletico-Mg,Gustavo Scarpa,Normal
8503,10,66,Vitoria,Willian,Normal
8503,10,44,Vitoria,Willian,Normal
8503,10,88,Atletico-Mg,Brahian Palacios,Normal
8503,10,76,Vitoria,Erick Castillo,Normal
8503,10,8,Vitoria,Matheus Martins Fogaça De Paulo,Normal
8504,10,35,Bahia,Everaldo Stum,Normal
8504,10,94,Flamengo,David Luiz,Normal
8504,10,,Flamengo,Gerson Santos Da Silva,Normal
8505,10,49,Bragantino,Matheus  Fernandes,Normal
8505,10,55,Palmeiras,Rony,Normal
8505,10,21,Palmeiras,Raphael Veiga,Normal
8506,11,10,Criciuma,Gustavo Bonatto Barreto,Normal
8506,11,55,Botafogo-Rj,Lucas Halter,Normal
8506,11,84,Criciuma,Arthur Caike Do Nascimento Cruz,Normal
8507,11,64,Internacional,Gustavo Martins,Contra
8509,11,80,Vasco,Leandrinho,Normal
8509,11,93,Vasco,David Corrãªa Da Fonseca,Normal
8509,11,,Sao Paulo,André Silva,Normal
8509,11,80,Vasco,Leandrinho,Normal
8509,11,48,Vasco,Guilherme Estrella,Normal
8509,11,,Vasco,Alan Franco,Normal
8510,11,91,Bahia,Gabriel Teixeira,Normal
8510,11,14,Cruzeiro,Gabriel Veron,Normal
8510,11,54,Bahia,Thaciano,Normal
8510,11,97,Bahia,Óscar Estupiñán,Normal
8510,11,78,Bahia,Óscar Estupiñán,Normal
8510,11,54,Bahia,Thaciano,Normal
8511,11,45,Athletico-Pr,Christian Roberto Alves Cardoso,Normal
8511,11,92,Corinthians,Cacá,Normal
8512,11,86,Flamengo,Pedro,Pênalti
8513,11,48,Bragantino,Eric Dos Santos Rodrigues,Normal
8513,11,,Vitoria,Jean Mota Oliveira De Souza,Normal
8513,11,66,Bragantino,Hélio Junio Nunes De Castro,Normal
8514,11,58,Atletico-Mg,Paulinho,Normal
8514,11,,Fortaleza,Breno Lopes,Normal
8515,11,,Palmeiras,Estêvão,Normal
8515,11,83,Palmeiras,-,Normal
8515,11,49,Palmeiras,José Manuel Alberto López,Normal
8515,11,64,Juventude,Erick Farias,Normal
8516,12,21,Botafogo-Rj,Carlos Eduardo De Oliveira Alves,Normal
8516,12,52,Botafogo-Rj,Carlos Eduardo De Oliveira Alves,Normal
8516,12,6,Bragantino,Lucas Evangelista,Normal
8517,12,91,Cruzeiro,Vitinho,Normal
8517,12,15,Cruzeiro,Gabriel Veron,Normal
8518,12,,Gremio,Reinaldo Manoel Da Silva,Normal
8518,12,72,Atletico-Go,Luiz Felipe,Normal
8519,12,86,Corinthians,Matheus  Bidu,Normal
8519,12,5,Cuiaba,Marllon Borges,Normal
8520,12,,Juventude,Lucas Barbosa,Normal
8520,12,19,Flamengo,Pedro,Normal
8520,12,87,Juventude,Luis Mandaca,Normal
8521,12,20,Vasco,Paulo,Normal
8521,12,7,Bahia,Thaciano,Normal
8521,12,85,Bahia,Óscar Estupiñán,Normal
8522,12,97,Atletico-Mg,,Normal
8522,12,67,Internacional,Alan Patrick,Normal
8522,12,53,Atletico-Mg,Cadu,Normal
8523,12,48,Fortaleza,,Normal
8523,12,69,Fortaleza,Bruno Pacheco,Normal
8523,12,9,Fortaleza,,Normal
8524,12,90,Vitoria,Janderson,Normal
8525,12,92,Criciuma,Arthur Caike Do Nascimento Cruz,Normal
8525,12,22,Sao Paulo,Luciano  Da  Rocha  Neves,Normal
8525,12,1,Sao  Paulo,Alisson Euler De Freitas Castro,Normal
8526,13,84,Vasco,Pablo Vegetti,Normal
8526,13,73,Botafogo-Rj,Bastos,Normal
8527,13,42,Bragantino,Hélio Junio Nunes De Castro,Normal
8527,13,33,Cuiaba,Derik Lacerda,Normal
8528,13,23,Atletico-Mg,Paulinho,Normal
8528,13,11,Atletico-Go,Luiz Fernando Moraes Dos Santos,Normal
8528,13,11,Atletico-Go,Luiz Fernando Moraes Dos Santos,Normal
8529,13,61,Gremio,Gustavo Nunes,Normal
8530,13,65,Sao Paulo,Luciano Da Rocha Neves,Normal
8530,13,30,Sao  Paulo,Jonathan Calleri,Normal
8530,13,30,Sao  Paulo,Jonathan Calleri,Normal
8530,13,49,Bahia,Gilberto Moraes Júnior,Normal
8530,13,32,Sao Paulo,Aldemir Ferreira,Normal
8531,13,48,Fortaleza,Yago Pikachu,Normal
8531,13,21,Fortaleza,Juan Martã­N Lucero,Normal
8531,13,74,Juventude,Ewerthon Diógenes Da Silva,Normal
8531,13,74,Juventude,Ewerthon Diógenes Da Silva,Normal
8531,13,21,Fortaleza,Juan Martã­N Lucero,Normal
8531,13,74,Juventude,Ewerthon Diógenes Da Silva,Normal
8532,13,40,Internacional,Bruno Henrique Corsini,Normal
8532,13,79,Criciuma,Claudinho,Normal
8533,13,80,Athletico-Pr,Julimar,Normal
8534,13,65,Flamengo,Fabrício Bruno,Normal
8534,13,16,Flamengo,Pedro,Normal
8534,13,,Cruzeiro,Matheus Pereira,Normal
8535,13,53,Palmeiras,Fabinho,Normal
8535,13,57,Palmeiras,Vitor Reis,Normal
8535,13,53,Palmeiras,Fabinho,Normal
8536,14,5,Botafogo-Rj,Kauê Rodrigues Pessanha,Normal
8536,14,45,Cuiaba,Isidro Pitta,Pênalti
8536,14,75,Botafogo-Rj,Mateo Ponte,Normal
8536,14,75,Botafogo-Rj,Mateo Ponte,Normal
8536,14,5,Botafogo-Rj,Kauê Rodrigues Pessanha,Normal
8537,14,46,Criciuma,Yannick Bolasie,Normal
8538,14,48,Vasco,Mateus Carvalho,Normal
8538,14,63,Vasco,Pablo Vegetti,Normal
8539,14,33,Sao Paulo,Aldemir Ferreira,Normal
8539,14,,Athletico-Pr,Fernandinho,Normal
8539,14,61,Sao Paulo,Jonathan Calleri,Normal
8540,14,14,Flamengo,Bruno Henrique,Normal
8540,14,51,Flamengo,Ayrton Lucas Dantas De Medeiros,Normal
8540,14,90,Atletico-Mg,Hulk,Normal
8540,14,24,Flamengo,Carlinhos,Normal
8540,14,68,Flamengo,Bruno Henrique,Normal
8540,14,24,Flamengo,Carlinhos,Normal
8540,14,57,Atletico-Mg,Hulk,Pênalti
8541,14,29,Atletico-Go,Luiz Fernando Moraes Dos Santos,Normal
8541,14,20,Bragantino,Hélio Junio Nunes De Castro,Normal
8541,14,45,Bragantino,Lincoln Henrique Oliveira Dos Santos,Normal
8541,14,6,Bragantino,Lincoln Henrique Oliveira Dos Santos,Normal
8541,14,6,Bragantino,Lincoln Henrique Oliveira Dos Santos,Normal
8542,14,70,Gremio,Franco Cristaldo,Pênalti
8542,14,77,Palmeiras,Estêvão,Normal
8542,14,,Palmeiras,José Manuel Alberto López,Normal
8542,14,2,Gremio,Cristian Pavón,Normal
8543,14,68,Bahia,Cauly,Normal
8543,14,59,Bahia,Thaciano,Normal
8544,14,49,Fluminense,Paulo Henrique Ganso,Normal
8544,14,40,Internacional,Igor Gomes,Normal
8544,14,40,Internacional,Igor Gomes,Normal
8544,14,40,Internacional,Igor Gomes,Normal
8545,14,95,Corinthians,Giovane Santana Do Nascimento,Normal
8545,14,37,Vitoria,Alerrandro Barra Mansa Realino De Souza,Normal
8545,14,26,Corinthians,Rodrigo Garro,Normal
8545,14,43,Corinthians,Rodrigo Garro,Normal
8545,14,86,Vitoria,Alerrandro Barra Mansa Realino De Souza,Pênalti
8546,15,91,Sao Paulo,Luciano Da Rocha Neves,Normal
8546,15,65,Sao Paulo,André Silva,Normal
8546,15,91,Sao Paulo,Luciano Da Rocha Neves,Normal
8547,15,,Cuiaba,Derik Lacerda,Normal
8547,15,60,Flamengo,Pedro,Normal
8548,15,56,Fortaleza,Juan  Martín  Lucero,Normal
8549,15,83,Juventude,Erick Farias,Normal
8549,15,83,Juventude,Erick Farias,Normal
8549,15,25,Juventude,,Normal
8549,15,32,Juventude,João Lucas,Normal
8550,15,48,Cruzeiro,Gabriel Veron,Normal
8550,15,49,Cruzeiro,Álvaro Barreal,Normal
8550,15,6,Cruzeiro,Matheus Pereira,Normal
8551,15,61,Vasco,Adson,Normal
8551,15,72,Vasco,Lyncon,Normal
8551,15,80,Internacional,,Normal
8552,15,43,Criciuma,Matheus Leonardo Sales Cardoso,Normal
8552,15,31,Vitoria,Alerrandro Barra Mansa Realino De Souza,Pênalti
8552,15,,Vitoria,Lucas Esteves,Normal
8553,15,47,Atletico-Go,Luiz Fernando Moraes Dos Santos,Normal
8553,15,50,Athletico-Pr,Julimar,Normal
8553,15,50,Athletico-Pr,Julimar,Normal
8553,15,78,Athletico-Pr,Lucas Di Yorio,Normal
8554,15,61,Palmeiras,Rony,Normal
8554,15,48,Palmeiras,Estêvão,Normal
8555,15,79,Botafogo-Rj,Cuiabano,Normal
8555,15,,Botafogo-Rj,Jefferson Savarino,Normal
8555,15,13,Botafogo-Rj,,Normal
8556,16,17,Cruzeiro,Arthur Gomes,Normal
8556,16,15,Cruzeiro,Ramiro,Normal
8557,16,95,Vasco,Juan Sforza,Normal
8557,16,55,Vasco,Lucas Piton,Normal
8558,16,9,Bahia,Everaldo Stum,Normal
8558,16,61,Athletico-Pr,Lucas Di Yorio,Normal
8558,16,15,Bahia,Gabriel Teixeira,Normal
8558,16,78,Bahia,Luciano Juba,Normal
8559,16,6,Palmeiras,José Manuel Alberto López,Normal
8559,16,53,Palmeiras,,Contra
8559,16,,Palmeiras,Raphael Veiga,Normal
8559,16,,Atletico-Go,Shaylon,Normal
8560,16,89,Fluminense,Kauã Elias,Normal
8560,16,53,Criciuma,Matheus Leonardo Sales Cardoso,Normal
8561,16,39,Flamengo,-,Pênalti
8561,16,63,Fortaleza,,Normal
8561,16,11,Fortaleza,Wesley França,Contra
8562,16,13,Atletico-Mg,Eduardo Vargas,Normal
8562,16,48,Atletico-Mg,Paulinho,Normal
8562,16,18,Sao Paulo,,Normal
8563,16,62,Botafogo-Rj,,Normal
8565,16,13,Internacional,Rafael Santos Borré,Normal
8565,16,75,Bragantino,Vitor Hugo Naum Dos Santos,Normal
8565,16,77,Internacional,Enner Valencia,Normal
8565,16,43,Bragantino,Jhon Jhon,Normal
8566,17,,Cuiaba,Isidro Pitta,Normal
8566,17,22,Cuiaba,Isidro Pitta,Normal
8566,17,49,Bahia,Jean Lucas Oliveira,Normal
8567,17,8,Cruzeiro,Gabriel Veron,Normal
8567,17,84,Cruzeiro,Matheus Pereira,Normal
8567,17,,Bragantino,Thiago Borbas,Normal
8568,17,18,Atletico-Mg,Junior Alonso,Normal
8568,17,43,Juventude,,Normal
8569,17,62,Corinthians,Cacá,Normal
8569,17,41,Criciuma,Claudinho,Normal
8569,17,54,Corinthians,Ángel Romero,Normal
8570,17,51,Vasco,David Corrêa Da Fonseca,Normal
8571,17,10,Sao Paulo,Lucas Moura,Normal
8572,17,56,Botafogo-Rj,Tiquinho Soares,Normal
8573,17,55,Fortaleza,Tinga,Normal
8573,17,39,Fortaleza,Tomás Pochettino,Normal
8573,17,25,Fortaleza,Breno Lopes,Normal
8573,17,90,Vitoria,José Hugo,Normal
8574,17,81,Fluminense,Germán Cano,Normal
8575,17,89,Internacional,Enner Valencia,Normal
8575,17,48,Flamengo,Carlos Alcaraz,Pênalti
8576,18,35,Criciuma,Rodrigo Fagundes De Freitas,Normal
8576,18,89,Flamengo,Gabriel  Barbosa,Pênalti
8576,18,76,Flamengo,Pedro,Normal
8577,18,38,Botafogo-Rj,Luiz Henrique,Normal
8578,18,36,Palmeiras,José  Manuel  Alberto  López,Normal
8578,18,92,Palmeiras,Gabriel Menino,Normal
8579,18,96,Gremio,Reinaldo Manoel Da Silva,Pênalti
8579,18,63,Gremio,Yeferson Soteldo,Normal
8579,18,63,Gremio,Yeferson Soteldo,Normal
8580,18,39,Atletico-Mg,,Normal
8580,18,27,Atletico-Mg,Hulk,Normal
8581,18,37,Corinthians,Ángel Romero,Normal
8582,18,8,Bragantino,Raul,Normal
8584,18,45,Atletico-Go,Roni,Normal
8584,18,62,Fortaleza,Alix Vinicius,Contra
8584,18,,Fortaleza,Tomã¡S Pochettino,Normal
8584,18,45,Atletico-Go,Roni,Normal
8584,18,,Fortaleza,Renato Kayzer,Normal
8585,18,73,Fluminense,Kauã Elias,Normal
8586,19,87,Cruzeiro,Juan Dinenno,Pênalti
8586,19,45,Cruzeiro,William De Asevedo Furtado,Normal
8587,19,60,Sao Paulo,Aldemir Ferreira,Normal
8587,19,6,Sao Paulo,,Pênalti
8587,19,22,Botafogo-Rj,Cuiabano,Normal
8587,19,11,Botafogo-Rj,Tiquinho Soares,Normal
8588,19,39,Flamengo,Giorgian De Arrascaeta,Normal
8588,19,90,Flamengo,Carlinhos,Normal
8588,19,,Vitoria,Everaldo,Normal
8589,19,,Atletico-Go,Luiz Fernando Moraes Dos Santos,Normal
8589,19,99,Bahia,Jean Lucas Oliveira,Normal
8590,19,87,Fluminense,,Normal
8591,19,76,Gremio,Mathías Villasanti,Normal
8591,19,2,Gremio,Rodrigo Ely,Normal
8591,19,87,Corinthians,Rodrigo Garro,Normal
8591,19,25,Corinthians,,Pênalti
8591,19,87,Corinthians,Rodrigo Garro,Normal
8592,19,36,Criciuma,Marcelo Hermes,Normal
8593,19,,Internacional,Gustavo Prado,Normal
8593,19,21,Internacional,Alan Patrick,Normal
8593,19,47,Fortaleza,Titi,Normal
8594,19,53,Vasco,Hugo Moura,Normal
8595,19,28,Athletico-Pr,Tomás Cuello,Normal
8596,20,83,Vitoria,Matheus Martins Fogaça De Paulo,Normal
8596,20,52,Vitoria,Osvaldo Filho,Normal
8597,20,60,Juventude,Luís Felipe Oyama,Normal
8597,20,83,Criciuma,-,Normal
8597,20,57,Criciuma,Yannick Bolasie,Normal
8598,20,13,Bahia,,Normal
8598,20,89,Internacional,Rafael Santos Borré,Normal
8599,20,4,Fortaleza,Renato Kayzer,Pênalti
8600,20,77,Cruzeiro,,Normal
8600,20,13,Cruzeiro,William De Asevedo Furtado,Normal
8600,20,37,Cruzeiro,Lautaro Díaz,Normal
8601,20,,Fluminense,Kauã£ Elias,Normal
8602,20,19,Flamengo,Pedro,Normal
8602,20,61,Flamengo,Giorgian De Arrascaeta,Normal
8603,20,94,Athletico-Pr,Lucas Di Yorio,Normal
8603,20,11,Athletico-Pr,Julimar,Normal
8603,20,96,Cuiaba,Deyverson,Normal
8604,20,57,Gremio,Yeferson Soteldo,Normal
8605,20,,Corinthians,Yuri Alberto,Normal
8605,20,,Corinthians,Yuri Alberto,Normal
8605,20,85,Atletico-Mg,,Pênalti
8605,20,32,Atletico-Mg,Hulk,Pênalti
8606,21,71,Vitoria,Wagner Leonardo,Normal
8607,21,50,Vasco,,Normal
8607,21,89,Bragantino,Hã©Lio Junio Nunes De Castro,Normal
8607,21,5,Bragantino,Jhon Jhon,Normal
8607,21,60,Vasco,Adson,Normal
8608,21,65,Criciuma,,Normal
8608,21,58,Criciuma,Higor  Meritão,Normal
8608,21,96,Atletico-Mg,Cadu,Normal
8609,21,81,Botafogo-Rj,Óscar Romero,Pênalti
8609,21,69,Botafogo-Rj,Ígor Jesus,Normal
8609,21,69,Botafogo-Rj,Ígor Jesus,Normal
8609,21,21,Botafogo-Rj,Carlos  Alberto  Gomes  Da  Silva  Filho,Normal
8609,21,88,Botafogo-Rj,Luiz Henrique,Pênalti
8609,21,43,Atletico-Go,Joel Campbell,Pênalti
8610,21,61,Sao Paulo,Jonathan Calleri,Normal
8611,21,4,Juventude,Alan Ruschel,Normal
8611,21,48,Corinthians,Pedro Henrique Konzen,Normal
8612,21,45,Fluminense,Kauã  Elias,Normal
8613,21,18,Gremio,Gustavo Martins,Normal
8613,21,21,Gremio,Miguel Monsalve,Normal
8614,21,88,Palmeiras,Rony,Normal
8614,21,31,Internacional,Bruno Henrique Corsini,Normal
8615,21,42,Fortaleza,,Normal
8615,21,9,Fortaleza,Breno Lopes,Normal
8615,21,9,Fortaleza,Breno Lopes,Normal
8615,21,15,Cruzeiro,Matheus Henrique De Souza,Normal
8616,22,47,Fortaleza,Moisés Vieira Da Veiga,Normal
8617,22,64,Gremio,,Normal
8617,22,86,Gremio,Martin Braithwaite,Normal
8617,22,52,Cuiaba,Martin Braithwaite,Contra
8617,22,23,Gremio,Gustavo Nunes,Normal
8619,22,94,Corinthians,Talles Magno,Normal
8619,22,39,Bragantino,Hélio Junio Nunes De Castro,Normal
8620,22,23,Vasco,Pablo Vegetti,Normal
8620,22,65,Vasco,Victor Luis,Normal
8621,22,69,Botafogo-Rj,Cuiabano,Normal
8621,22,49,Juventude,,Normal
8621,22,9,Juventude,Danilo Boza,Normal
8621,22,81,Botafogo-Rj,Fernando Marçal,Normal
8621,22,48,Juventude,,Normal
8622,22,,Bahia,Éverton Ribeiro,Normal
8622,22,97,Bahia,Luciano Juba,Normal
8623,22,15,Sao Paulo,André Silva,Normal
8624,22,69,Flamengo,Giorgian De Arrascaeta,Normal
8624,22,,Palmeiras,Luighi,Normal
8625,22,96,Internacional,Wanderson,Normal
8625,22,39,Athletico-Pr,João Cruz,Normal
8625,22,12,Internacional,-,Normal
8625,22,50,Athletico-Pr,Agustín Canobbio,Normal
8626,23,45,Bahia,Thaciano,Normal
8626,23,76,Bahia,Thaciano,Normal
8627,23,11,Atletico-Mg,Igor Gomes,Pênalti
8627,23,44,Cuiaba,Isidro Pitta,Pênalti
8628,23,38,Bragantino,Lincoln Henrique Oliveira Dos Santos,Pênalti
8628,23,26,Fortaleza,Tomás Pochettino,Normal
8628,23,90,Fortaleza,Breno  Lopes,Normal
8628,23,26,Fortaleza,Tomás Pochettino,Normal
8630,23,68,Atletico-Go,Jan Hurtado,Normal
8631,23,49,Vasco,Rayan,Normal
8631,23,36,Vasco,David Corrêa Da Fonseca,Normal
8631,23,94,Criciuma,Yannick Bolasie,Normal
8631,23,6,Criciuma,Yannick Bolasie,Normal
8632,23,52,Palmeiras,,Normal
8632,23,72,Sao Paulo,Luciano Da Rocha Neves,Normal
8632,23,,Palmeiras,,Normal
8633,23,67,Juventude,Yan Souto,Normal
8633,23,30,Juventude,Nenê,Normal
8633,23,39,Athletico-Pr,Nikão,Normal
8634,23,94,Botafogo-Rj,Matheus Martins,Normal
8634,23,24,Flamengo,Bruno Henrique,Normal
8634,23,94,Botafogo-Rj,Matheus Martins,Normal
8634,23,54,Botafogo-Rj,Ígor Jesus,Normal
8634,23,84,Botafogo-Rj,Matheus Martins,Normal
8634,23,24,Flamengo,Bruno Henrique,Normal
8634,23,3,Botafogo-Rj,Mateo Ponte,Normal
8635,23,25,Vitoria,Osvaldo Filho,Pênalti
8635,23,78,Cruzeiro,Juan Dinenno,Normal
8635,23,29,Vitoria,Alerrandro Barra Mansa Realino De Souza,Normal
8635,23,84,Cruzeiro,Juan Dinenno,Normal
8635,23,25,Vitoria,Osvaldo Filho,Pênalti
8636,24,91,Juventude,Diego Gonçalves,Normal
8636,24,47,Atletico-Go,Jan Hurtado,Normal
8636,24,,Atletico-Go,Alejo Cruz,Normal
8637,24,32,Palmeiras,Estêvão,Normal
8637,24,15,Palmeiras,Murilo Cerqueira,Normal
8637,24,56,Palmeiras,Felipe Anderson,Normal
8637,24,47,Palmeiras,Maurício,Normal
8637,24,47,Palmeiras,Maurício,Normal
8637,24,27,Palmeiras,Estêvão,Pênalti
8638,24,59,Fluminense,Jhon Arias,Normal
8638,24,59,Fluminense,Jhon Arias,Normal
8638,24,23,Fluminense,Kevin Serna,Normal
8640,24,86,Gremio,Miguel Monsalve,Normal
8641,24,77,Fortaleza,Yago Pikachu,Normal
8642,24,62,Vitoria,Alerrandro Barra Mansa Realino De Souza,Normal
8642,24,6,Sao Paulo,,Normal
8642,24,30,Sao Paulo,Erick,Normal
8643,24,70,Internacional,Rafael Santos Borré,Normal
8644,24,16,Flamengo,Michael,Normal
8644,24,57,Bragantino,Douglas Mendes,Normal
8644,24,16,Flamengo,Michael,Normal
8644,24,,Flamengo,,Contra
8645,24,68,Vasco,Emerson Rodríguez,Normal
8645,24,24,Athletico-Pr,,Normal
8645,24,86,Vasco,Pablo Vegetti,Normal
8646,25,57,Cuiaba,Clayson,Normal
8646,25,67,Cuiaba,Lucas Fernandes Da Silva,Normal
8646,25,35,Criciuma,Arthur Caike Do Nascimento Cruz,Normal
8647,25,73,Botafogo-Rj,Ígor Jesus,Normal
8647,25,91,Botafogo-Rj,Ígor Jesus,Normal
8648,25,41,Gremio,Franco Cristaldo,Normal
8648,25,96,Atletico-Mg,Eduardo  Vargas,Normal
8648,25,32,Gremio,Martin Braithwaite,Normal
8648,25,95,Atletico-Mg,Brahian Palacios,Normal
8648,25,,Atletico-Mg,Gustavo Scarpa,Normal
8649,25,9,Cruzeiro,William De Asevedo Furtado,Pênalti
8649,25,25,Cruzeiro,Matheus Henrique De Souza,Normal
8649,25,56,Cruzeiro,Kaio Jorge,Normal
8649,25,9,Cruzeiro,William De Asevedo Furtado,Pênalti
8649,25,25,Cruzeiro,Matheus Henrique De Souza,Normal
8649,25,33,Atletico-Go,Joel Campbell,Normal
8650,25,37,Flamengo,Pedro,Pênalti
8650,25,26,Corinthians,Talles Magno,Normal
8650,25,60,Corinthians,,Normal
8651,25,72,Bahia,Luciano Juba,Normal
8651,25,72,Bahia,Luciano Juba,Normal
8651,25,64,Bragantino,Douglas Mendes,Normal
8651,25,95,Bragantino,Gustavinho,Normal
8652,25,31,Fluminense,Kauã Elias,Normal
8652,25,91,Fluminense,Keno,Normal
8653,25,58,Palmeiras,Estêvão,Normal
8653,25,8,Palmeiras,Maurício,Normal
8654,25,34,Internacional,Gabriel  Carvalho,Normal
8654,25,30,Internacional,Rafael Santos Borré,Normal
8654,25,59,Internacional,Alexandro Bernabei,Normal
8654,25,92,Juventude,Luís Felipe Oyama,Normal
8655,25,72,Vasco,João Victor,Normal
8656,26,13,Vitoria,,Normal
8656,26,78,Vitoria,Matheus Martins Fogaça De Paulo,Normal
8657,26,14,Fortaleza,Moisés Vieira Da Veiga,Normal
8657,26,28,Athletico-Pr,Agustã­N Canobbio,Normal
8658,26,,Corinthians,Rodrigo Garro,Pênalti
8658,26,67,Botafogo-Rj,Thiago Almada,Normal
8658,26,,Botafogo-Rj,Luiz Henrique,Normal
8659,26,63,Bragantino,Vinicinho,Normal
8659,26,44,Bragantino,Eduardo Sasha,Pênalti
8659,26,,Gremio,,Normal
8659,26,53,Gremio,Jemerson De Jesus Nascimento,Normal
8660,26,18,Palmeiras,Tobias Figueiredo,Contra
8660,26,1,Palmeiras,José  Manuel  Alberto  López,Normal
8660,26,77,Palmeiras,Raphael Veiga,Normal
8660,26,15,Palmeiras,Felipe Anderson,Normal
8660,26,52,Palmeiras,Estêvão,Normal
8660,26,15,Palmeiras,Felipe Anderson,Normal
8661,26,81,Juventude,Ronaldo Da Silva Souza,Normal
8661,26,83,Juventude,Marcelo José De Lima Filho,Normal
8661,26,27,Fluminense,,Normal
8662,26,51,Bahia,Everaldo Stum,Normal
8662,26,92,Bahia,Luciano Rodriguez,Normal
8662,26,58,Bahia,Éverton Ribeiro,Normal
8663,26,72,Flamengo,Gerson Santos Da Silva,Normal
8663,26,87,Vasco,Philippe Coutinho,Normal
8663,26,72,Flamengo,Gerson Santos Da Silva,Normal
8664,26,59,Sao Paulo,William Gomes,Normal
8665,26,,Internacional,Rafael Santos Borré,Normal
8665,26,,Internacional,Gabriel Mercado,Normal
8665,26,,Internacional,Rafael Santos Borré,Normal
8665,26,11,Internacional,Alan Patrick,Normal
8666,27,,Corinthians,Ángel Romero,Normal
8666,27,83,Corinthians,Rodrigo Garro,Normal
8666,27,55,Corinthians,,Normal
8667,27,48,Vitoria,Gustavo Mosquito,Normal
8668,27,95,Botafogo-Rj,Luiz Henrique,Normal
8669,27,28,Fortaleza,Mário Sérgio Santos Costa,Normal
8669,27,89,Fortaleza,Renato Kayzer,Normal
8669,27,30,Bahia,Everaldo Stum,Normal
8669,27,80,Fortaleza,,Normal
8669,27,37,Fortaleza,Mário Sérgio Santos Costa,Normal
8670,27,78,Atletico-Mg,Hulk,Normal
8670,27,39,Atletico-Mg,Deyverson,Normal
8670,27,52,Atletico-Mg,,Normal
8671,27,26,Palmeiras,José Manuel Alberto López,Normal
8672,27,90,Flamengo,Felipe Teresa,Normal
8672,27,83,Gremio,Diego Costa,Normal
8672,27,,Gremio,,Normal
8672,27,55,Gremio,Martin Braithwaite,Normal
8672,27,25,Flamengo,Matheus Gonçalves,Normal
8674,27,54,Internacional,Thiago Maia,Normal
8674,27,63,Internacional,Alan Patrick,Normal
8674,27,42,Internacional,Bruno Gomes,Normal
8674,27,63,Internacional,Alan Patrick,Normal
8674,27,5,Sao Paulo,Luciano Da Rocha Neves,Normal
8676,28,68,Atletico-Mg,Hulk,Normal
8676,28,47,Palmeiras,Raphael Veiga,Pênalti
8676,28,68,Atletico-Mg,Hulk,Normal
8676,28,86,Palmeiras,Raphael Veiga,Pênalti
8678,28,85,Bragantino,Eduardo Santos,Normal
8678,28,48,Juventude,Luis Mandaca,Normal
8679,28,98,Sao Paulo,André Silva,Normal
8679,28,83,Corinthians,Yuri Alberto,Normal
8679,28,75,Sao Paulo,,Normal
8679,28,53,Sao Paulo,Lucas Moura,Pênalti
8680,28,49,Fortaleza,,Normal
8681,28,84,Atletico-Go,Janderson,Normal
8682,28,59,Cruzeiro,Ivaldo,Normal
8682,28,41,Vasco,Pablo Vegetti,Normal
8682,28,41,Vasco,Pablo Vegetti,Normal
8683,28,49,Internacional,Alan Patrick,Pênalti
8683,28,51,Internacional,Wesley  Ribeiro  Silva,Normal
8683,28,58,Vitoria,Wagner Leonardo,Normal
8683,28,92,Internacional,Wesley Ribeiro Silva,Normal
8684,28,32,Bahia,Cauly,Normal
8685,28,90,Flamengo,Gerson Santos Da Silva,Normal
8686,29,47,Criciuma,Fellipe Mateus,Normal
8686,29,42,Criciuma,,Normal
8686,29,47,Criciuma,Fellipe Mateus,Normal
8687,29,55,Fluminense,Jhon Arias,Normal
8687,29,55,Fluminense,Jhon Arias,Normal
8688,29,91,Gremio,,Normal
8688,29,18,Fortaleza,Hércules,Normal
8688,29,60,Gremio,Martin Braithwaite,Normal
8688,29,13,Gremio,Alexander Aravena,Normal
8689,29,14,Botafogo-Rj,Ígor Jesus,Normal
8690,29,68,Vitoria,,Normal
8690,29,45,Atletico-Mg,Eduardo Vargas,Normal
8690,29,64,Vitoria,Wagner Leonardo,Normal
8690,29,8,Atletico-Mg,Fausto Vera,Normal
8690,29,45,Atletico-Mg,Eduardo Vargas,Normal
8692,29,35,Flamengo,Ayrton Lucas Dantas De Medeiros,Normal
8692,29,,Flamengo,Carlos Alcaraz,Pênalti
8693,29,4,Cuiaba,Bruno Alves,Normal
8693,29,42,Cuiaba,Clayson,Normal
8694,29,3,Corinthians,Yuri Alberto,Normal
8694,29,17,Internacional,Alexandro Bernabei,Normal
8694,29,73,Corinthians,,Pênalti
8694,29,94,Internacional,Ricardo Mathias,Normal
8694,29,94,Internacional,Ricardo Mathias,Normal
8695,29,11,Vasco,Dimitri Payet,Normal
8695,29,4,Juventude,,Normal
8696,30,46,Sao  Paulo,Lucas Moura,Normal
8696,30,67,Sao Paulo,Lucas Moura,Normal
8696,30,9,Sao Paulo,Luciano Da Rocha Neves,Normal
8697,30,48,Atletico-Mg,Fausto Vera,Normal
8697,30,15,Fortaleza,Mário Sérgio Santos Costa,Normal
8697,30,48,Atletico-Mg,Fausto Vera,Normal
8698,30,,Corinthians,-,Normal
8698,30,39,Athletico-Pr,Erick Luis Conrado Carvalho,Normal
8698,30,30,Athletico-Pr,Nikão,Normal
8698,30,55,Corinthians,Memphis Depay,Normal
8698,30,,Corinthians,Cacá,Normal
8698,30,78,Corinthians,Yuri Alberto,Normal
8698,30,66,Corinthians,Rodrigo Garro,Normal
8699,30,50,Fluminense,Lima,Normal
8699,30,60,Fluminense,Jhon Arias,Normal
8699,30,60,Fluminense,Jhon Arias,Normal
8701,30,94,Criciuma,Felipe  Vizeu,Normal
8701,30,94,Criciuma,Felipe  Vizeu,Normal
8701,30,94,Criciuma,Felipe  Vizeu,Normal
8701,30,91,Botafogo-Rj,,Normal
8702,30,61,Cruzeiro,Gabriel Veron,Normal
8702,30,82,Bahia,Luciano Rodriguez,Normal
8702,30,82,Bahia,Luciano Rodriguez,Normal
8703,30,67,Internacional,,Normal
8704,30,78,Vitoria,Everaldo,Normal
8705,30,35,Juventude,Danilo Boza,Normal
8705,30,67,Juventude,Edson Carioca,Normal
8705,30,63,Palmeiras,Richard Ríos,Normal
8705,30,90,Palmeiras,Raphael Veiga,Normal
8705,30,49,Juventude,Ronaldo Da Silva Souza,Normal
8705,30,22,Palmeiras,Estêvão,Normal
8705,30,50,Palmeiras,Raphael Veiga,Normal
8705,30,44,Palmeiras,Raphael Veiga,Normal
8706,31,38,Fortaleza,,Normal
8706,31,57,Palmeiras,Estêvão,Normal
8706,31,62,Fortaleza,Moisés Vieira Da Veiga,Normal
8706,31,29,Palmeiras,,Pênalti
8707,31,,Flamengo,Gabriel Barbosa,Pênalti
8707,31,70,Juventude,Edson Carioca,Normal
8707,31,8,Flamengo,Michael,Normal
8707,31,54,Flamengo,Giorgian De Arrascaeta,Normal
8707,31,95,Flamengo,Gonzalo Plata,Normal
8707,31,24,Juventude,Gilberto Oliveira Souza Junior,Normal
8707,31,8,Flamengo,Michael,Normal
8708,31,40,Gremio,Yeferson Soteldo,Normal
8708,31,28,Atletico-Go,Derek,Normal
8708,31,59,Gremio,Pepê,Normal
8708,31,40,Gremio,Yeferson Soteldo,Normal
8708,31,83,Gremio,Mathías Villasanti,Normal
8709,31,61,Fluminense,Lucas Arcanjo,Contra
8709,31,,Vitoria,Alerrandro Barra Mansa Realino De Souza,Pênalti
8709,31,46,Vitoria,Neris,Normal
8710,31,25,Athletico-Pr,Pablo Felipe Teixeira,Normal
8710,31,80,Athletico-Pr,Nikão,Normal
8710,31,46,Athletico-Pr,Julimar,Normal
8711,31,86,Botafogo-Rj,Gregore,Normal
8712,31,88,Internacional,Bruno Tabata,Normal
8712,31,48,Atletico-Mg,Eduardo Vargas,Pênalti
8712,31,38,Internacional,Alan Patrick,Pênalti
8712,31,40,Internacional,Alexandro Bernabei,Normal
8713,31,22,Criciuma,Felipe Vizeu,Normal
8713,31,87,Sao Paulo,Liziero,Normal
8713,31,22,Criciuma,Felipe Vizeu,Normal
8714,31,44,Corinthians,,Pênalti
8715,31,18,Vasco,,Pênalti
8715,31,32,Vasco,Dimitri Payet,Normal
8715,31,12,Vasco,Emerson Rodríguez,Normal
8715,31,75,Bahia,Ademir,Normal
8715,31,42,Bahia,-,Normal
8716,32,26,Gremio,Martin Braithwaite,Normal
8716,32,,Gremio,,Pênalti
8716,32,66,Fluminense,Kauã Elias,Normal
8716,32,,Fluminense,Jhon Arias,Normal
8718,32,,Fortaleza,Moisés Vieira Da Veiga,Normal
8718,32,,Fortaleza,Benjamín Kuscevic,Normal
8718,32,52,Fortaleza,Eros Mancuso,Normal
8719,32,33,Vitoria,Alerrandro Barra Mansa Realino De Souza,Normal
8719,32,31,Athletico-Pr,Julimar,Normal
8719,32,65,Vitoria,-,Normal
8720,32,56,Corinthians,Yuri Alberto,Normal
8720,32,,Corinthians,Rodrigo Garro,Normal
8721,32,41,Sao Paulo,Luiz Gustavo,Normal
8721,32,91,Sao Paulo,Lucas Moura,Normal
8721,32,66,Sao Paulo,Wellington Rato,Normal
8722,32,93,Internacional,Wesley Ribeiro Silva,Normal
8722,32,43,Internacional,Alan Patrick,Normal
8723,32,71,Botafogo-Rj,Júnior Santos,Normal
8723,32,12,Botafogo-Rj,Luiz Henrique,Normal
8723,32,9,Botafogo-Rj,Jefferson Savarino,Normal
8724,32,53,Flamengo,David Luiz,Normal
8725,32,89,Atletico-Go,,Normal
8726,33,52,Internacional,Rafael Santos Borré,Normal
8726,33,95,Internacional,Bruno Henrique Corsini,Normal
8727,33,73,Palmeiras,,Normal
8727,33,73,Palmeiras,,Normal
8728,33,9,Vitoria,Alerrandro Barra Mansa Realino De Souza,Normal
8728,33,24,Corinthians,Yuri Alberto,Normal
8728,33,69,Corinthians,Memphis Depay,Normal
8730,33,9,Cruzeiro,Kaio Jorge,Normal
8730,33,70,Cruzeiro,Gabriel Veron,Normal
8730,33,82,Criciuma,,Normal
8730,33,9,Cruzeiro,Kaio Jorge,Normal
8731,33,70,Juventude,Lucas Barbosa,Normal
8731,33,2,Bahia,Cauly,Normal
8731,33,79,Juventude,Gabriel Pereira Taliari,Normal
8731,33,2,Bahia,Cauly,Normal
8732,33,92,Fortaleza,Renato Kayzer,Normal
8732,33,78,Fortaleza,Breno Lopes,Normal
8732,33,13,Fortaleza,Emmanuel Martínez,Normal
8734,33,89,Sao Paulo,André Silva,Normal
8734,33,69,Athletico-Pr,Julimar,Normal
8734,33,69,Athletico-Pr,Julimar,Normal
8734,33,52,Sao Paulo,,Normal
8736,34,34,Cruzeiro,Kaiki Bruno,Normal
8736,34,16,Corinthians,Yuri Alberto,Normal
8736,34,,Corinthians,Memphis Depay,Normal
8737,34,25,Sao Paulo,Lucas Moura,Normal
8737,34,15,Bragantino,Eduardo Sasha,Normal
8737,34,25,Sao Paulo,Lucas Moura,Normal
8738,34,66,Athletico-Pr,Nikão,Normal
8738,34,50,Athletico-Pr,Tomás Cuello,Normal
8739,34,68,Vitoria,Janderson,Normal
8740,34,27,Bahia,Luciano Rodriguez,Normal
8740,34,89,Palmeiras,José Manuel Alberto López,Normal
8740,34,,Palmeiras,Raphael Veiga,Normal
8740,34,27,Bahia,Luciano Rodriguez,Normal
8741,34,52,Juventude,Lucas Barbosa,Normal
8741,34,3,Gremio,Martin Braithwaite,Normal
8741,34,51,Juventude,Luis Mandaca,Normal
8741,34,94,Gremio,João Lucas,Contra
8742,34,93,Flamengo,Matheus Gonçalves,Normal
8742,34,,Flamengo,Guilherme Gomes,Normal
8742,34,59,Cuiaba,Derik Lacerda,Normal
8744,34,,Internacional,Wesley Ribeiro Silva,Normal
8745,34,11,Fluminense,Lima,Normal
8745,34,85,Fluminense,Germán Cano,Normal
8745,34,19,Fortaleza,Moisés Vieira Da Veiga,Normal
8745,34,43,Fortaleza,Mário Sérgio Santos Costa,Normal
8746,35,95,Juventude,Nenê,Normal
8746,35,95,Juventude,Nenê,Normal
8746,35,,Cuiaba,Matheus Alexandre Anastácio De Souza,Normal
8747,35,20,Vitoria,Alerrandro Barra Mansa Realino De Souza,Normal
8747,35,87,Botafogo-Rj,Wagner Leonardo,Contra
8748,35,20,Palmeiras,,Normal
8749,35,46,Sao Paulo,André Silva,Normal
8749,35,24,Sao Paulo,Fausto Vera,Contra
8749,35,18,Atletico-Mg,Paulinho,Normal
8749,35,1,Atletico-Mg,Paulinho,Normal
8750,35,15,Corinthians,-,Normal
8750,35,,Corinthians,Rodrigo Garro,Normal
8750,35,76,Vasco,José Luis Rodríguez Bebanz,Normal
8750,35,,Corinthians,Gustavo Henrique Vernes,Normal
8750,35,15,Corinthians,-,Normal
8751,35,86,Internacional,Wesley Ribeiro Silva,Normal
8751,35,88,Internacional,Wanderson,Normal
8751,35,5,Internacional,Alan Patrick,Normal
8751,35,20,Bragantino,Juninho Capixaba,Normal
8751,35,28,Internacional,-,Normal
8752,35,62,Athletico-Pr,Nikão,Normal
8752,35,93,Bahia,Gabriel Teixeira,Normal
8752,35,62,Athletico-Pr,Nikão,Normal
8755,35,42,Cruzeiro,Matheus Pereira,Normal
8755,35,19,Gremio,Martin Braithwaite,Normal
8756,36,89,Botafogo-Rj,Adryelson,Normal
8756,36,73,Botafogo-Rj,Jefferson Savarino,Normal
8756,36,93,Palmeiras,Richard Ríos,Normal
8756,36,19,Botafogo-Rj,Gregore,Normal
8757,36,67,Juventude,,Normal
8757,36,73,Atletico-Mg,Alisson Santana,Normal
8757,36,22,Juventude,Lucas Barbosa,Normal
8757,36,81,Atletico-Mg,Eduardo Vargas,Pênalti
8757,36,93,Juventude,-,Normal
8757,36,81,Atletico-Mg,Eduardo Vargas,Pênalti
8758,36,30,Criciuma,Yannick Bolasie,Normal
8758,36,83,Corinthians,Yuri Alberto,Normal
8758,36,65,Corinthians,Matheus Bidu,Normal
8758,36,62,Corinthians,Rodrigo Garro,Normal
8758,36,,Criciuma,Yannick Bolasie,Normal
8758,36,94,Corinthians,Yuri Alberto,Normal
8759,36,37,Bahia,Ademir,Normal
8759,36,84,Bahia,Luciano Rodriguez,Normal
8759,36,37,Bahia,Ademir,Normal
8759,36,,Cuiaba,Eliel,Normal
8759,36,84,Bahia,Luciano Rodriguez,Normal
8760,36,56,Atletico-Go,Luiz Fernando Moraes Dos Santos,Normal
8760,36,75,Vasco,Maxime Dominguez,Normal
8760,36,21,Atletico-Go,Luiz Fernando Moraes Dos Santos,Normal
8760,36,93,Vasco,Alex Teixeira,Normal
8761,36,46,Gremio,Ruan Tressoldi Netto,Contra
8761,36,36,Gremio,Franco Cristaldo,Normal
8761,36,64,Sao Paulo,Luiz Gustavo,Normal
8762,36,55,Internacional,Wesley Ribeiro Silva,Normal
8762,36,,Internacional,Enner Valencia,Normal
8762,36,37,Flamengo,,Normal
8762,36,41,Flamengo,Michael,Normal
8762,36,29,Flamengo,Lã©O Ortiz,Normal
8762,36,29,Flamengo,Lã©O Ortiz,Normal
8763,36,6,Bragantino,Eduardo Sasha,Normal
8763,36,,Cruzeiro,Ramiro,Normal
8764,36,65,Fluminense,Jhon  Arias,Normal
8764,36,2,Athletico-Pr,Lucas Belezi,Normal
8765,36,37,Vitoria,Alerrandro Barra Mansa Realino De Souza,Normal
8765,36,9,Vitoria,,Normal
8766,37,12,Corinthians,Memphis Depay,Normal
8766,37,49,Corinthians,Yuri  Alberto,Normal
8766,37,,Corinthians,Memphis Depay,Normal
8767,37,52,Vasco,Pablo Vegetti,Normal
8767,37,64,Vasco,Philippe Coutinho,Normal
8768,37,,Vitoria,Alerrandro Barra Mansa Realino De Souza,Normal
8768,37,37,Gremio,João Pedro Maturano Dos Santos,Normal
8769,37,84,Flamengo,Luiz Araújo,Normal
8769,37,45,Flamengo,Guillermo Varela,Normal
8769,37,71,Flamengo,Bruno Henrique,Pênalti
8769,37,71,Flamengo,Bruno Henrique,Pênalti
8770,37,77,Sao Paulo,Luciano Da Rocha Neves,Normal
8770,37,,Juventude,Gabriel Pereira Taliari,Normal
8770,37,62,Juventude,Erick Farias,Normal
8770,37,77,Sao Paulo,Luciano Da Rocha Neves,Normal
8771,37,12,Fortaleza,,Normal
8771,37,21,Atletico-Go,Derek,Normal
8771,37,79,Atletico-Go,,Normal
8771,37,85,Atletico-Go,Alejo Cruz,Normal
8771,37,79,Atletico-Go,,Normal
8772,37,5,Botafogo-Rj,Jefferson Savarino,Normal
8773,37,90,Palmeiras,Estêvão,Normal
8773,37,61,Palmeiras,,Normal
8773,37,,Cruzeiro,Matheus Pereira,Normal
8774,37,59,Fluminense,Kevin Serna,Normal
8775,37,82,Bragantino,Eduardo Sasha,Normal
8775,37,74,Athletico-Pr,Erick Luis Conrado Carvalho,Normal
8775,37,14,Bragantino,Eduardo Sasha,Normal
8776,38,7,Fortaleza,Moisés Vieira Da Veiga,Normal
8776,38,53,Fortaleza,Tinga,Normal
8776,38,20,Fortaleza,Moisés Vieira Da Veiga,Normal
8776,38,7,Fortaleza,Moisés Vieira Da Veiga,Normal
8777,38,30,Cruzeiro,Tevis Gabriel,Normal
8778,38,41,Bahia,Thaciano,Normal
8778,38,58,Bahia,Luciano Rodriguez,Pênalti
8779,38,74,Vitoria,,Normal
8779,38,16,Vitoria,,Normal
8779,38,59,Flamengo,Gabriel Barbosa,Normal
8779,38,79,Flamengo,Ayrton Lucas Dantas De Medeiros,Normal
8780,38,,Bragantino,Henry Mosquera,Normal
8780,38,55,Bragantino,,Normal
8780,38,39,Criciuma,Rodrigo Fagundes De Freitas,Normal
8780,38,,Bragantino,Juninho Capixaba,Normal
8780,38,30,Bragantino,Vinicinho,Normal
8780,38,80,Bragantino,Jhon Jhon,Normal
8781,38,73,Atletico-Mg,Rubens,Normal
8782,38,92,Botafogo-Rj,Gregore,Normal
8782,38,37,Botafogo-Rj,Jefferson Savarino,Normal
8782,38,92,Botafogo-Rj,Gregore,Normal
8782,38,63,Sao Paulo,William Gomes,Normal
8783,38,33,Cuiaba,Derik Lacerda,Normal
8783,38,43,Vasco,,Normal
8783,38,17,Vasco,Pablo Vegetti,Normal
8784,38,37,Fluminense,Kevin Serna,Normal
8785,38,46,Corinthians,Yuri Alberto,Pênalti
8785,38,88,Corinthians,Charles Rigon Matos,Normal
8785,38,88,Corinthians,Charles Rigon Matos,Normal
8785,38,93,Corinthians,Memphis Depay,Normal
8786,1,51,Juventude,,Normal
8786,1,8,Juventude,Gabriel Taliari,Normal
8787,1,4,Fortaleza,Juan Martín Lucero,Normal
8787,1,21,Fortaleza,Tinga,Normal
8788,1,45,Gremio,Edenílson Andrade Dos Santos,Normal
8788,1,75,Atletico-Mg,Rony,Normal
8788,1,33,Gremio,,Normal
8788,1,33,Gremio,,Normal
8790,1,14,Cruzeiro,Dudu,Normal
8790,1,48,Mirassol,Lucas Ramon Batista Silva,Normal
8790,1,22,Cruzeiro,,Normal
8791,1,,Flamengo,Léo Pereira,Normal
8791,1,34,Internacional,Bruno Henrique Corsini,Normal
8793,1,53,Vasco,,Normal
8793,1,21,Santos,Álvaro Barreal,Normal
8793,1,78,Vasco,Pablo Vegetti,Normal
8794,1,90,Corinthians,Héctor José Hernández Marrero,Normal
8794,1,46,Bahia,Gilberto Moraes Júnior,Normal
8795,1,23,Ceara,Marllon Borges,Normal
8795,1,12,Ceara,Pedro Raul,Normal
8795,1,93,Bragantino,Eric Dos Santos Rodrigues,Normal
8795,1,46,Bragantino,Ignacio Laquintana,Normal
8796,2,26,Ceara,Pedro Raul,Normal
8796,2,95,Ceara,Matheus Araújo,Normal
8797,2,12,Corinthians,Yuri Alberto,Normal
8797,2,91,Corinthians,João Victor,Normal
8797,2,27,Corinthians,Memphis Depay,Normal
8798,2,24,Botafogo-Rj,Igor Jesus,Normal
8798,2,24,Botafogo-Rj,Igor Jesus,Normal
8798,2,62,Botafogo-Rj,Mateo Ponte,Normal
8800,2,83,Bragantino,Isidro Pitta,Normal
8800,2,35,Fluminense,Lima,Normal
8800,2,,Fluminense,Martinelli,Normal
8801,2,77,Internacional,Rafael Santos Borrã©,Normal
8801,2,37,Internacional,Enner Valencia,Normal
8801,2,31,Internacional,Alan Patrick,Normal
8802,2,93,Mirassol,Cristian Renato,Normal
8802,2,15,Fortaleza,Emmanuel Martínez,Normal
8802,2,93,Mirassol,Cristian Renato,Normal
8803,2,62,Flamengo,Giorgian De Arrascaeta,Normal
8803,2,87,Flamengo,,Normal
8803,2,77,Vitoria,Wellington Rato,Normal
8803,2,87,Flamengo,,Normal
8804,2,38,Sport,Chrystian Barletta,Normal
8804,2,91,Palmeiras,Joaquín Piquerez,Pênalti
8804,2,33,Palmeiras,José Manuel Alberto López,Pênalti
8805,2,81,Santos,Diego Pituca,Normal
8805,2,90,Bahia,Luciano Juba,Normal
8805,2,50,Santos,Thaciano,Normal
8805,2,,Bahia,Erick Luis Conrado Carvalho,Normal
8806,3,46,Juventude,Luis Mandaca,Normal
8806,3,68,Juventude,Matheus Babi,Normal
8806,3,41,Ceara,Aylon,Normal
8807,3,,Bragantino,Eduardo Sasha,Normal
8808,3,19,Palmeiras,Emiliano Martínez,Normal
8808,3,14,Palmeiras,Joaquã­N Piquerez,Normal
8809,3,,Vasco,Pablo Vegetti,Normal
8809,3,41,Vasco,Pablo Vegetti,Normal
8809,3,83,Vasco,Rayan,Normal
8809,3,55,Sport,Hugo Moura,Contra
8810,3,40,Bahia,Erick Pulga,Normal
8810,3,17,Mirassol,Gabriel Santana,Normal
8810,3,40,Bahia,Erick Pulga,Normal
8811,3,67,Flamengo,Giorgian De Arrascaeta,Normal
8811,3,4,Flamengo,Giorgian De Arrascaeta,Normal
8811,3,67,Flamengo,Giorgian De Arrascaeta,Normal
8812,3,65,Cruzeiro,Kaio Jorge,Normal
8812,3,,Sao Paulo,Ferreirinha,Normal
8813,3,,Fluminense,Samuel Xavier,Normal
8815,3,87,Atletico-Mg,Igor Gomes,Normal
8815,3,48,Vitoria,Lucas Halter,Normal
8815,3,57,Atletico-Mg,Fausto Vera,Normal
8815,3,65,Vitoria,Matheus Martins Fogaça De Paulo,Normal
8816,4,81,Ceara,,Normal
8816,4,92,Vasco,Pablo Vegetti,Normal
8816,4,81,Ceara,,Normal
8816,4,29,Ceara,Pedro Raul,Normal
8817,4,24,Botafogo-Rj,Jefferson Savarino,Normal
8817,4,84,Botafogo-Rj,Igor Jesus,Normal
8817,4,58,Sao Paulo,André Silva,Normal
8817,4,21,Sao Paulo,Ferreirinha,Normal
8818,4,13,Bragantino,Juninho Capixaba,Normal
8819,4,3,Mirassol,Daniel Borges,Normal
8819,4,21,Mirassol,Reinaldo Manoel Da Silva,Normal
8819,4,78,Mirassol,Reinaldo Manoel Da Silva,Normal
8819,4,82,Gremio,Martin Braithwaite,Normal
8819,4,85,Mirassol,Daniel Borges,Normal
8820,4,64,Palmeiras,Facundo Torres,Normal
8821,4,63,Fluminense,Renê Rodrigues Martins,Normal
8821,4,82,Fluminense,Jhon Arias,Pênalti
8822,4,18,Flamengo,Gonzalo Plata,Normal
8822,4,81,Flamengo,,Normal
8822,4,13,Flamengo,,Normal
8822,4,22,Flamengo,,Normal
8822,4,71,Flamengo,Pedro,Normal
8822,4,56,Flamengo,Giorgian De Arrascaeta,Normal
8823,4,48,Fortaleza,,Normal
8823,4,74,Vitoria,Matheus Martins Fogaça De Paulo,Normal
8823,4,48,Fortaleza,,Normal
8823,4,,Vitoria,Janderson,Normal
8824,4,24,Santos,Ivaldo,Normal
8824,4,27,Santos,Álvaro Barreal,Normal
8825,4,76,Cruzeiro,Kaio Jorge,Normal
8825,4,52,Cruzeiro,Lucas Romero,Normal
8825,4,65,Cruzeiro,,Normal
8826,5,,Sport,Sérgio Oliveira,Normal
8826,5,62,Corinthians,Memphis Depay,Normal
8826,5,,Corinthians,Memphis Depay,Normal
8828,5,38,Gremio,Anthoni,Contra
8828,5,66,Internacional,Alan Patrick,Pênalti
8829,5,24,Juventude,Sebastião Ênio Santos De Almeida,Normal
8829,5,24,Juventude,Sebastião Ênio Santos De Almeida,Normal
8829,5,47,Juventude,Emerson Batalla,Normal
8829,5,34,Mirassol,Iury Lirio Freitas De Castilho,Normal
8829,5,72,Mirassol,Reinaldo Manoel Da Silva,Normal
8830,5,48,Santos,Tiquinho Soares,Pênalti
8830,5,10,Sao Paulo,Ferreirinha,Normal
8830,5,23,Sao Paulo,André Silva,Normal
8831,5,48,Atletico-Mg,Tomás Cuello,Normal
8832,5,90,Vitoria,Lucas Braga,Normal
8832,5,39,Fluminense,Germán Cano,Normal
8833,5,70,Fortaleza,Deyverson,Normal
8833,5,49,Palmeiras,Facundo Torres,Normal
8833,5,,Palmeiras,,Normal
8834,5,15,Bragantino,,Normal
8835,5,,Bahia,Éverton Ribeiro,Pênalti
8836,6,,Internacional,Victor Gabriel,Normal
8836,6,18,Internacional,Victor Gabriel,Normal
8836,6,4,Juventude,Emerson Batalla,Normal
8836,6,61,Internacional,Rafael Santos Borré,Normal
8837,6,12,Mirassol,Edson Carioca,Normal
8837,6,80,Atletico-Mg,Hulk,Pênalti
8837,6,70,Atletico-Mg,Rony,Normal
8837,6,92,Mirassol,Reinaldo Manoel Da Silva,Normal
8838,6,44,Sao Paulo,Ryan Francisco,Normal
8838,6,4,Ceara,Pedro Henrique Konzen,Normal
8840,6,37,Botafogo-Rj,Vitinho,Normal
8840,6,95,Botafogo-Rj,,Normal
8841,6,78,Flamengo,Pedro,Pênalti
8841,6,,Flamengo,Everton Cebolinha,Normal
8841,6,34,Flamengo,Giorgian De Arrascaeta,Normal
8841,6,37,Flamengo,,Normal
8842,6,20,Gremio,Jemerson De Jesus Nascimento,Normal
8842,6,66,Vitoria,Carlinhos,Normal
8843,6,94,Bahia,Kayky,Normal
8843,6,94,Bahia,Kayky,Normal
8844,6,64,Cruzeiro,Christian Roberto Alves Cardoso,Normal
8845,6,83,Bragantino,Ignacio Laquintana,Normal
8845,6,94,Santos,Deivid Washington,Normal
8845,6,63,Bragantino,Eduardo Sasha,Normal
8847,7,56,Ceara,-,Normal
8848,7,38,Internacional,Braian Aguirre,Normal
8848,7,64,Corinthians,Yuri Alberto,Normal
8848,7,25,Corinthians,Yuri Alberto,Normal
8848,7,42,Internacional,Thiago  Maia,Normal
8848,7,,Corinthians,Igor Coronado,Normal
8848,7,25,Corinthians,Yuri Alberto,Normal
8848,7,94,Corinthians,Yuri Alberto,Pênalti
8849,7,24,Sport,Pablo Felipe Teixeira,Normal
8849,7,97,Fluminense,Everaldo Stum,Normal
8849,7,60,Fluminense,Kevin Serna,Normal
8850,7,39,Bahia,,Normal
8851,7,77,Gremio,Cristian  Olivera,Normal
8852,7,60,Palmeiras,,Normal
8853,7,97,Cruzeiro,Gabriel Barbosa,Normal
8853,7,44,Flamengo,Giorgian De Arrascaeta,Normal
8853,7,15,Cruzeiro,Kaio Jorge,Normal
8853,7,97,Cruzeiro,Gabriel Barbosa,Normal
8854,7,93,Bragantino,Isidro Pitta,Normal
8855,7,30,Atletico-Mg,Gustavo Scarpa,Normal
8856,8,3,Fortaleza,,Normal
8856,8,89,Fortaleza,Calebe,Normal
8856,8,82,Fortaleza,Tomás Pochettino,Normal
8856,8,63,Fortaleza,Breno Lopes,Normal
8856,8,86,Fortaleza,Juan Martín Lucero,Normal
8857,8,90,Vitoria,,Normal
8857,8,60,Vitoria,Renato Kayzer,Normal
8857,8,90,Vitoria,,Normal
8857,8,42,Vasco,Pablo Vegetti,Normal
8858,8,,Bragantino,Isidro Pitta,Normal
8858,8,,Bragantino,Isidro Pitta,Normal
8858,8,87,Gremio,Francis Amuzu,Normal
8859,8,,Mirassol,,Normal
8859,8,50,Mirassol,Edson Carioca,Normal
8859,8,52,Corinthians,Cacá,Normal
8860,8,,Flamengo,Giorgian De Arrascaeta,Normal
8861,8,,Cruzeiro,Kaio Jorge,Normal
8861,8,,Cruzeiro,Matheus Pereira,Normal
8861,8,53,Cruzeiro,Matheus Pereira,Normal
8861,8,,Cruzeiro,Igor Carius,Contra
8862,8,95,Palmeiras,Vitor Roque,Normal
8863,8,,Fluminense,Agustín Canobbio,Normal
8863,8,84,Atletico-Mg,Júnior Santos,Normal
8863,8,94,Atletico-Mg,Igor Gomes,Normal
8863,8,77,Atletico-Mg,Rubens,Normal
8863,8,84,Atletico-Mg,Júnior Santos,Normal
8863,8,88,Fluminense,Kevin Serna,Normal
8864,8,44,Botafogo-Rj,Artur Victor Guimarães,Normal
8864,8,44,Botafogo-Rj,Artur Victor Guimarães,Normal
8864,8,69,Botafogo-Rj,Alex Telles,Normal
8864,8,54,Botafogo-Rj,Cuiabano,Normal
8864,8,9,Botafogo-Rj,-,Normal
8864,8,69,Botafogo-Rj,Alex Telles,Normal
8866,9,,Ceara,Lucas Mugni,Normal
8866,9,61,Ceara,Antonio Galeano,Normal
8867,9,80,Vasco,Pablo Vegetti,Normal
8867,9,46,Vasco,Pablo Vegetti,Normal
8867,9,3,Vasco,Nuno Moreira,Normal
8868,9,49,Sao Paulo,Robert Arboleda,Normal
8868,9,,Sao Paulo,André Silva,Pênalti
8868,9,37,Gremio,Alexander Aravena,Normal
8869,9,66,Corinthians,Yuri Alberto,Normal
8870,9,58,Fluminense,Hércules,Normal
8870,9,55,Juventude,Emerson Batalla,Normal
8871,9,23,Bahia,Erick Pulga,Normal
8871,9,54,Vitoria,Renato Kayzer,Normal
8871,9,66,Bahia,Michel Araújo,Normal
8872,9,24,Bragantino,Gabriel Girotto Franco,Normal
8872,9,72,Palmeiras,Murilo Cerqueira,Normal
8872,9,78,Palmeiras,Maurício,Normal
8874,9,8,Mirassol,Jemmes,Normal
8874,9,77,Internacional,Ricardo Mathias,Normal
8876,10,42,Fluminense,Pablo Vegetti,Contra
8876,10,25,Vasco,João Victor,Normal
8876,10,,Fluminense,Guga,Normal
8876,10,,Fluminense,Guga,Normal
8877,10,89,Mirassol,-,Pênalti
8877,10,53,Mirassol,Gabriel Santana,Normal
8879,10,61,Gremio,Martin Braithwaite,Pênalti
8879,10,61,Gremio,Martin Braithwaite,Pênalti
8880,10,73,Flamengo,Giorgian De Arrascaeta,Pênalti
8880,10,87,Flamengo,Ayrton Lucas Dantas De Medeiros,Normal
8881,10,7,Sport,Chrystian Barletta,Normal
8881,10,48,Internacional,Gustavo Prado,Normal
8882,10,18,Santos,Guilherme,Normal
8883,10,34,Cruzeiro,Kaio Jorge,Normal
8883,10,34,Cruzeiro,Kaio Jorge,Normal
8883,10,41,Cruzeiro,Lucas  Silva  Borges,Normal
8884,10,,Bragantino,Jhon Jhon,Normal
8885,10,45,Botafogo-Rj,Gonzalo Mastriani,Normal
8885,10,87,Ceara,Pedro Raul,Normal
8885,10,57,Ceara,Pedro Raul,Normal
8885,10,77,Botafogo-Rj,Marlon Freitas,Normal
8885,10,72,Botafogo-Rj,Alex Telles,Normal
8886,11,73,Bahia,Willian Josã©,Pênalti
8886,11,85,Sao Paulo,Luciano Da Rocha Neves,Pênalti
8886,11,73,Bahia,Willian Josã©,Pênalti
8886,11,73,Bahia,Willian Josã©,Pênalti
8886,11,,Bahia,Willian José,Normal
8887,11,34,Bragantino,Isidro Pitta,Normal
8887,11,,Bragantino,Lopes Guilherme,Normal
8887,11,34,Bragantino,Isidro Pitta,Normal
8888,11,34,Mirassol,Reinaldo Manoel Da Silva,Pênalti
8889,11,13,Gremio,Martin Braithwaite,Pênalti
8889,11,38,Gremio,Cristian Olivera,Normal
8890,11,86,Botafogo-Rj,Artur Victor Guimarães,Normal
8891,11,48,Flamengo,Evertton Araújo,Normal
8891,11,56,Flamengo,Luiz  Araújo,Normal
8891,11,30,Flamengo,Giorgian De Arrascaeta,Normal
8891,11,74,Flamengo,Luiz Araújo,Normal
8891,11,71,Flamengo,,Normal
8892,11,78,Atletico-Mg,Rony,Normal
8894,11,4,Cruzeiro,Kaio Jorge,Normal
8894,11,2,Cruzeiro,Kaio Jorge,Normal
8894,11,87,Palmeiras,Allan,Normal
8895,11,11,Fluminense,Kevin Serna,Normal
8895,11,11,Fluminense,Kevin Serna,Normal
8895,11,83,Fluminense,Paulo Baya,Normal
8896,12,,Bahia,Michel Araãºjo,Normal
8896,12,52,Bahia,-,Contra
8896,12,40,Bahia,Luciano Juba,Normal
8898,12,15,Santos,Álvaro Barreal,Normal
8898,12,71,Fortaleza,Yago Pikachu,Pênalti
8898,12,41,Santos,Guilherme,Normal
8898,12,74,Fortaleza,Yago Pikachu,Normal
8898,12,92,Santos,,Contra
8898,12,74,Fortaleza,Yago Pikachu,Normal
8899,12,,Gremio,Martin Braithwaite,Normal
8899,12,36,Corinthians,Breno Bidon,Normal
8900,12,30,Atletico-Mg,Vitão,Contra
8900,12,,Atletico-Mg,Júnior  Santos,Normal
8901,12,69,Vasco,Pablo Vegetti,Normal
8901,12,40,Vasco,Nuno Moreira,Normal
8901,12,26,Vasco,Rayan,Normal
8901,12,93,Sao Paulo,Ryan Francisco,Normal
8902,12,12,Botafogo-Rj,Jefferson Savarino,Normal
8902,12,58,Mirassol,Jemmes,Normal
8902,12,46,Mirassol,Chico Da Costa,Normal
8902,12,58,Mirassol,Jemmes,Normal
8902,12,,Botafogo-Rj,Álvaro Montoro,Normal
8902,12,61,Mirassol,Lucas Ramon Batista Silva,Normal
8902,12,31,Botafogo-Rj,Chris Ramos,Normal
8903,12,27,Palmeiras,Raphael Veiga,Normal
8903,12,76,Juventude,Rodrigo Sam,Normal
8903,12,49,Palmeiras,Bruno Fuchs,Normal
8903,12,44,Palmeiras,Bruno Rodrigues,Normal
8903,12,56,Palmeiras,Felipe Anderson,Normal
8903,12,44,Palmeiras,Bruno Rodrigues,Normal
8904,12,26,Fluminense,Renê Rodrigues Martins,Normal
8905,12,41,Flamengo,Luiz Araújo,Normal
8905,12,61,Flamengo,Olávio Vieira Dos Santos Júnior,Normal
8905,12,80,Flamengo,Douglas Telles,Normal
8905,12,,Sport,Pablo Felipe Teixeira,Normal
8905,12,71,Flamengo,Ayrton Lucas Dantas De Medeiros,Normal
8905,12,63,Flamengo,Bruno Henrique,Normal
8906,13,97,Flamengo,Wallace Yan,Normal
8906,13,,Flamengo,Luiz Araújo,Normal
8907,13,92,Internacional,Bruno Tabata,Normal
8907,13,92,Internacional,Bruno Tabata,Normal
8908,13,48,Botafogo-Rj,Arthur Cabral,Normal
8908,13,78,Botafogo-Rj,Nathan Fernandes,Normal
8909,13,53,Bahia,Luciano Juba,Normal
8909,13,,Atletico-Mg,Hulk,Normal
8909,13,97,Bahia,Michel Araújo,Normal
8909,13,53,Bahia,Luciano Juba,Normal
8910,13,97,Bragantino,Thiago Borbas,Normal
8910,13,52,Corinthians,-,Normal
8910,13,31,Bragantino,Eduardo Sasha,Pênalti
8911,13,25,Cruzeiro,Kaio Jorge,Normal
8911,13,33,Cruzeiro,Lucas Villalba,Normal
8911,13,54,Cruzeiro,Kaio Jorge,Normal
8911,13,64,Gremio,,Normal
8911,13,77,Cruzeiro,Kaio Jorge,Normal
8912,13,,Ceara,Antonio Galeano,Normal
8913,13,49,Juventude,Gilberto Oliveira Souza Junior,Normal
8913,13,12,Juventude,Gilberto Oliveira Souza Junior,Normal
8914,13,86,Mirassol,Negueba,Normal
8914,13,36,Mirassol,Guilherme,Normal
8914,13,56,Fluminense,Martinelli,Normal
8915,13,91,Santos,Benjamín Rollheiser,Normal
8916,14,72,Mirassol,Chico Da Costa,Normal
8916,14,54,Palmeiras,Null,Normal
8917,14,71,Corinthians,,Normal
8918,14,84,Santos,Neymar,Normal
8920,14,43,Bragantino,Guzmán Rodríguez,Normal
8920,14,48,Bragantino,,Normal
8920,14,64,Sao Paulo,André Silva,Normal
8920,14,9,Sao Paulo,André Silva,Normal
8921,14,,Cruzeiro,Fabrício Bruno,Normal
8921,14,35,Cruzeiro,Kaio Jorge,Normal
8922,14,12,Gremio,Martin Braithwaite,Pênalti
8922,14,17,Gremio,Martin Braithwaite,Pênalti
8922,14,24,Fortaleza,Deyverson,Normal
8922,14,12,Gremio,Martin Braithwaite,Pênalti
8923,14,3,Juventude,Nenê,Pênalti
8923,14,,Juventude,Gabriel Taliari,Normal
8924,14,62,Atletico-Mg,Rony,Normal
8924,14,38,Atletico-Mg,Guilherme Arana,Normal
8924,14,9,Atletico-Mg,-,Normal
8924,14,,Sport,Derik Lacerda,Pênalti
8925,14,51,Bahia,Willian José,Normal
8926,15,80,Bahia,Rodrigo Nestor,Normal
8926,15,29,Fortaleza,Mário Sérgio Santos Costa,Normal
8927,15,,Gremio,Gustavo Martins,Normal
8927,15,64,Vasco,Lucas Freitas,Normal
8928,15,69,Mirassol,Chico Da Costa,Normal
8928,15,92,Mirassol,Cristian Renato,Normal
8928,15,73,Mirassol,,Normal
8929,15,32,Sao Paulo,Luciano  Da  Rocha  Neves,Normal
8929,15,35,Sao Paulo,Luciano Da Rocha Neves,Normal
8930,15,23,Internacional,Alan Patrick,Normal
8931,15,9,Vitoria,Renato Kayzer,Normal
8932,15,51,Cruzeiro,Gabriel Barbosa,Normal
8932,15,63,Cruzeiro,Gabriel Barbosa,Normal
8932,15,92,Cruzeiro,Carlos Eduardo De Oliveira Alves,Normal
8932,15,39,Cruzeiro,Christian Roberto Alves Cardoso,Normal
8932,15,39,Cruzeiro,Christian Roberto Alves Cardoso,Normal
8933,15,91,Botafogo-Rj,Cuiabano,Normal
8934,15,77,Palmeiras,Maurício,Normal
8934,15,91,Atletico-Mg,Hulk,Normal
8934,15,,Palmeiras,Junior Alonso,Normal
8934,15,42,Atletico-Mg,Hulk,Normal
8934,15,33,Palmeiras,Lucas Evangelista,Normal
8935,15,,Flamengo,Pedro,Normal
8936,16,49,Palmeiras,Maurício,Normal
8936,16,49,Palmeiras,Maurício,Normal
8936,16,62,Palmeiras,Vitor Roque,Normal
8936,16,36,Fluminense,Germán Cano,Pênalti
8937,16,22,Mirassol,Negueba,Normal
8937,16,16,Mirassol,Chico  Da  Costa,Normal
8939,16,94,Vitoria,,Normal
8939,16,89,Sport,Romarinho,Normal
8939,16,54,Vitoria,Erick,Normal
8939,16,99,Sport,Romarinho,Normal
8940,16,9,Internacional,Johan Carbonero,Normal
8940,16,,Santos,Álvaro Barreal,Normal
8940,16,,Santos,Álvaro Barreal,Normal
8940,16,75,Internacional,Rafael Santos Borré,Pênalti
8941,16,46,Bragantino,Lucas Barbosa,Normal
8941,16,66,Flamengo,,Normal
8941,16,85,Flamengo,Wesley França,Normal
8942,16,85,Sao  Paulo,Luciano Da Rocha Neves,Normal
8943,16,77,Vasco,Luciano Juba,Contra
8943,16,46,Vasco,Philippe Coutinho,Normal
8943,16,31,Bahia,Mateo Sanabria,Normal
8943,16,60,Vasco,Puma Rodríguez,Normal
8944,16,,Gremio,,Pênalti
8944,16,53,Botafogo-Rj,Cuiabano,Normal
8945,16,47,Atletico-Mg,Vitor Hugo Franchescoli De Souza,Normal
8945,16,61,Atletico-Mg,Dudu,Normal
8945,16,47,Fortaleza,Deyverson,Normal
8945,16,67,Fortaleza,Deyverson,Pênalti
8945,16,93,Fortaleza,Deyverson,Normal
8945,16,8,Atletico-Mg,Hulk,Normal
8946,17,88,Santos,João Basso,Normal
8946,17,70,Sport,Gustavo  Henrique  Pereira,Contra
8946,17,,Santos,Gabriel Bontempo,Normal
8946,17,4,Sport,Derik Lacerda,Normal
8947,17,24,Botafogo-Rj,Arthur Cabral,Normal
8947,17,83,Corinthians,,Normal
8948,17,19,Fortaleza,Benjamín Kuscevic,Normal
8948,17,38,Bragantino,Isidro Pitta,Normal
8948,17,4,Fortaleza,Deyverson,Normal
8948,17,48,Fortaleza,Lucca Prior,Normal
8949,17,6,Mirassol,Edson Carioca,Normal
8949,17,13,Vitoria,Gabriel Baralhas,Normal
8950,17,3,Palmeiras,Facundo Torres,Normal
8951,17,,Ceara,Antonio Galeano,Normal
8951,17,4,Cruzeiro,Kaio Jorge,Normal
8951,17,39,Ceara,Antonio Galeano,Normal
8951,17,4,Cruzeiro,Kaio Jorge,Normal
8952,17,59,Sao Paulo,Ferreirinha,Normal
8952,17,91,Sao Paulo,Gonzalo Tapia,Normal
8952,17,77,Fluminense,Samuel Xavier,Normal
8952,17,,Sao Paulo,Robert Arboleda,Normal
8952,17,59,Sao Paulo,Ferreirinha,Normal
8953,17,58,Bahia,Jean Lucas Oliveira,Normal
8953,17,93,Bahia,Luciano Rodríguez,Normal
8953,17,27,Bahia,Jean Lucas Oliveira,Normal
8954,17,91,Internacional,Johan Carbonero,Normal
8954,17,30,Vasco,,Normal
8955,17,75,Flamengo,Léo Ortiz,Normal
8957,18,70,Vasco,Pablo Vegetti,Normal
8957,18,66,Vasco,Puma Rodríguez,Normal
8957,18,58,Mirassol,Chico Da Costa,Normal
8957,18,83,Mirassol,Alesson,Normal
8957,18,51,Mirassol,,Normal
8958,18,44,Fluminense,Everaldo Stum,Normal
8959,18,6,Fortaleza,Breno Lopes,Normal
8959,18,94,Corinthians,André Carrillo,Normal
8960,18,41,Cruzeiro,Matheus Pereira,Normal
8960,18,23,Cruzeiro,Christian Roberto Alves Cardoso,Normal
8961,18,67,Ceara,Pedro Raul,Normal
8961,18,,Flamengo,Giorgian De Arrascaeta,Normal
8962,18,7,Atletico-Mg,Igor  Gomes,Normal
8962,18,77,Bragantino,Ignacio Laquintana,Normal
8962,18,81,Atletico-Mg,Natanael,Normal
8963,18,,Palmeiras,José Manuel Alberto López,Normal
8963,18,,Palmeiras,José Manuel Alberto López,Normal
8963,18,70,Palmeiras,,Pênalti
8963,18,34,Vitoria,Renato Kayzer,Normal
8963,18,65,Vitoria,Erick,Normal
8964,18,89,Internacional,Bruno Tabata,Pênalti
8964,18,76,Sao Paulo,Damián Bobadilla,Normal
8964,18,43,Sao Paulo,Robert Arboleda,Normal
8965,18,46,Juventude,Wilker Ángel,Normal
8965,18,37,Santos,Neymar,Normal
8965,18,40,Santos,Álvaro Barreal,Normal
8965,18,,Santos,Neymar,Pênalti
8966,19,7,Internacional,Ricardo Mathias,Normal
8966,19,33,Internacional,Alan Patrick,Pênalti
8966,19,55,Bragantino,-,Normal
8966,19,,Internacional,Ricardo Mathias,Normal
8967,19,20,Sao Paulo,Damián Bobadilla,Normal
8967,19,86,Sao Paulo,Sabino,Normal
8968,19,73,Mirassol,Gabriel Santana,Normal
8968,19,19,Flamengo,Léo Pereira,Normal
8968,19,68,Flamengo,Gonzalo Plata,Normal
8969,19,53,Botafogo-Rj,David Ricardo,Normal
8969,19,,Botafogo-Rj,Fernando  Marçal,Normal
8969,19,,Botafogo-Rj,Arthur Cabral,Normal
8969,19,48,Botafogo-Rj,Fernando Marçal,Normal
8969,19,93,Botafogo-Rj,Matheus Martins,Normal
8970,19,72,Fluminense,Gustavo Nonato,Normal
8970,19,13,Bahia,Facundo Bernal,Contra
8970,19,19,Bahia,Éverton Ribeiro,Normal
8970,19,89,Bahia,Luciano Juba,Normal
8970,19,9,Fluminense,Germán Cano,Normal
8970,19,49,Fluminense,Germán Cano,Normal
8971,19,69,Palmeiras,Vitor Roque,Normal
8971,19,67,Palmeiras,José Manuel Alberto López,Pênalti
8971,19,51,Ceara,Lourenço,Normal
8972,19,1,Atletico-Mg,Gabriel Menino,Normal
8972,19,,Vasco,Pablo Vegetti,Pênalti
8973,19,62,Santos,,Normal
8973,19,62,Santos,,Normal
8973,19,,Santos,Gustavo Caballero,Normal
8973,19,43,Cruzeiro,Fabrício Bruno,Normal
8974,19,51,Sport,Matheus Leonardo Sales Cardoso,Normal
8975,19,27,Juventude,Gabriel Taliari,Normal
8975,19,91,Corinthians,Matheuzinho,Normal
8975,19,81,Juventude,Matheus Babi,Normal
8976,20,64,Fluminense,Agustín Canobbio,Normal
8976,20,73,Fortaleza,Breno Lopes,Normal
8976,20,9,Fluminense,Germán Cano,Normal
8977,20,14,Ceara,Aylon,Normal
8978,20,81,Juventude,Igor Formiga,Normal
8978,20,100,Juventude,,Pênalti
8978,20,,Vitoria,Renato Kayzer,Normal
8978,20,32,Vitoria,,Normal
8979,20,50,Sport,Derik Lacerda,Normal
8979,20,5,Sport,Lucas Rafael Araújo Lima,Normal
8979,20,,Sao Paulo,Lucas Moura,Normal
8979,20,,Sao Paulo,Lucas Moura,Normal
8979,20,91,Sao Paulo,Maik,Normal
8980,20,,Bahia,Michel Araújo,Normal
8980,20,,Bahia,Willian José,Pênalti
8980,20,31,Corinthians,Gui Negão,Normal
8981,20,45,Gremio,Edenílson Andrade Dos Santos,Normal
8981,20,90,Gremio,Alexander Aravena,Normal
8981,20,38,Atletico-Mg,Gustavo Scarpa,Normal
8981,20,58,Gremio,Fabián Balbuena,Normal
8982,20,54,Vasco,Philippe Coutinho,Normal
8982,20,52,Vasco,David Corrêa Da Fonseca,Normal
8982,20,52,Vasco,David Corrêa Da Fonseca,Normal
8982,20,,Vasco,Rayan,Pênalti
8982,20,18,Vasco,Lucas Piton,Normal
8982,20,62,Vasco,Philippe Coutinho,Normal
8982,20,68,Vasco,Danilo Neves,Normal
8983,20,62,Flamengo,Gonzalo Plata,Normal
8983,20,12,Flamengo,Pedro,Normal
8983,20,7,Flamengo,Pedro,Normal
8983,20,94,Internacional,Rafael Santos Borré,Normal
8984,20,45,Palmeiras,Felipe Anderson,Normal
8985,20,,Cruzeiro,Kaio Jorge,Normal
8985,20,,Cruzeiro,Kaio Jorge,Normal
8985,20,65,Mirassol,,Normal
8986,21,81,Bragantino,Davi Gomes,Normal
8986,21,63,Fluminense,Lucho Acosta,Normal
8986,21,4,Bragantino,Eduardo Sasha,Normal
8986,21,47,Fluminense,Hércules,Normal
8986,21,4,Bragantino,Eduardo Sasha,Normal
8986,21,2,Bragantino,Jhon Jhon,Normal
8986,21,48,Bragantino,Ignacio Laquintana,Normal
8986,21,63,Fluminense,Lucho Acosta,Normal
8987,21,19,Cruzeiro,Matheus  Pereira,Normal
8987,21,58,Cruzeiro,Kaio Jorge,Normal
8987,21,24,Internacional,Bruno Tabata,Normal
8989,21,60,Bahia,Luciano Rodríguez,Normal
8989,21,12,Bahia,Luciano Juba,Normal
8989,21,12,Bahia,Luciano Juba,Normal
8989,21,12,Bahia,Luciano Juba,Normal
8990,21,69,Corinthians,Gui Negão,Normal
8990,21,69,Corinthians,Gui Negão,Normal
8990,21,59,Vasco,Pablo Vegetti,Pênalti
8990,21,21,Corinthians,Maycon De Andrade Barberan,Normal
8990,21,85,Corinthians,,Normal
8990,21,96,Vasco,Rayan,Normal
8991,21,92,Botafogo-Rj,Chris Ramos,Normal
8991,21,30,Juventude,Emerson Batalla,Normal
8991,21,39,Botafogo-Rj,,Pênalti
8991,21,83,Botafogo-Rj,Chris Ramos,Normal
8991,21,92,Botafogo-Rj,Chris Ramos,Normal
8992,21,17,Mirassol,Edson Carioca,Normal
8993,21,81,Sao Paulo,Gonzalo Tapia,Normal
8993,21,23,Sao Paulo,Pablo Maia,Normal
8994,21,59,Palmeiras,Gustavo Gómez,Normal
8994,21,14,Palmeiras,,Normal
8994,21,,Palmeiras,José Manuel Alberto López,Normal
8995,21,3,Flamengo,Pedro,Normal
8995,21,2,Flamengo,Samuel Lino,Normal
8995,21,47,Flamengo,Pedro,Normal
8995,21,81,Flamengo,Bruno Henrique,Normal
8995,21,,Flamengo,,Normal
8995,21,54,Flamengo,Luiz Araújo,Normal
8995,21,50,Flamengo,Samuel Lino,Normal
8995,21,54,Flamengo,Luiz Araújo,Normal
8995,21,,Flamengo,Giorgian De Arrascaeta,Normal
8996,22,95,Juventude,Luis Mandaca,Normal
8997,22,15,Bragantino,Jhon Jhon,Normal
8997,22,6,Botafogo-Rj,,Normal
8997,22,92,Botafogo-Rj,Álvaro Montoro,Normal
8997,22,33,Botafogo-Rj,Newton,Normal
8997,22,47,Botafogo-Rj,Jefferson Savarino,Normal
8998,22,64,Cruzeiro,Matheus Pereira,Normal
9000,22,85,Gremio,Tiago Volpi,Pênalti
9000,22,85,Gremio,Tiago Volpi,Pênalti
9000,22,53,Flamengo,,Normal
9001,22,14,Palmeiras,Vitor Roque,Pênalti
9001,22,26,Corinthians,Joaquín Piquerez,Contra
9002,22,,Bahia,Rodrigo Nestor,Normal
9002,22,30,Mirassol,Lucas Ramon Batista Silva,Normal
9002,22,2,Mirassol,João Victor,Normal
9002,22,75,Mirassol,Cristian Renato,Normal
9002,22,59,Mirassol,Alesson,Normal
9002,22,22,Mirassol,-,Normal
9003,22,6,Vitoria,Erick,Normal
9004,22,49,Vasco,Pablo Vegetti,Pênalti
9004,22,49,Vasco,Pablo Vegetti,Pênalti
9004,22,43,Vasco,Philippe Coutinho,Normal
9004,22,8,Vasco,Nuno Moreira,Normal
9004,22,74,Sport,Ramon Menezes Roma,Normal
9004,22,25,Sport,Lucas Rafael Araújo Lima,Pênalti
9005,22,51,Internacional,Vitor Hugo Naum Dos Santos,Normal
9005,22,51,Internacional,Vitor Hugo Naum Dos Santos,Normal
9005,22,31,Fortaleza,Lucca Prior,Normal
9005,22,24,Internacional,,Pênalti
9006,23,31,Fortaleza,Breno Lopes,Normal
9006,23,47,Fortaleza,Bruno De Jesus Pacheco,Normal
9006,23,47,Fortaleza,Bruno De Jesus Pacheco,Normal
9007,23,,Mirassol,Alesson,Normal
9008,23,29,Palmeiras,Lucas Evangelista,Normal
9008,23,24,Palmeiras,Vitor Roque,Normal
9008,23,24,Palmeiras,Vitor Roque,Normal
9008,23,72,Internacional,Johan Carbonero,Normal
9008,23,43,Palmeiras,Vitor Roque,Normal
9008,23,4,Palmeiras,Vitor Roque,Normal
9008,23,29,Palmeiras,Lucas Evangelista,Normal
9009,23,73,Corinthians,Matheuzinho,Normal
9009,23,73,Corinthians,Matheuzinho,Normal
9010,23,93,Sport,Derik Lacerda,Normal
9010,23,57,Bragantino,,Pênalti
9011,23,59,Atletico-Mg,Igor Gomes,Normal
9011,23,87,Santos,Tiquinho Soares,Pênalti
9012,23,32,Flamengo,,Normal
9012,23,87,Flamengo,Emerson Royal,Normal
9013,23,7,Sao Paulo,Juan Dinenno,Normal
9014,23,95,Ceara,Pedro Henrique Konzen,Normal
9014,23,12,Vasco,Philippe Coutinho,Normal
9014,23,16,Ceara,Antonio Galeano,Normal
9014,23,80,Vasco,Carlos Cuesta,Normal
9015,23,,Bahia,Jean Lucas Oliveira,Normal
9015,23,,Cruzeiro,Luis Sinisterra,Normal
9015,23,86,Cruzeiro,Gabriel Barbosa,Normal
9015,23,,Bahia,Jean Lucas Oliveira,Normal
9016,24,37,Fluminense,Hércules,Normal
9017,24,56,Bahia,,Normal
9017,24,,Ceara,Lourenço,Normal
9018,24,48,Botafogo-Rj,Santiago Mariano Rodrã­Guez Molina,Normal
9019,24,57,Palmeiras,Ramón Sosa,Normal
9019,24,,Palmeiras,Raphael Veiga,Pênalti
9019,24,23,Fortaleza,Lucas Crispim,Normal
9019,24,90,Palmeiras,Andreas Pereira,Normal
9019,24,82,Palmeiras,Andreas Pereira,Normal
9020,24,47,Mirassol,Cristian Renato,Normal
9020,24,47,Mirassol,Cristian Renato,Normal
9020,24,34,Mirassol,Reinaldo Manoel Da Silva,Normal
9021,24,51,Internacional,Alan Patrick,Pênalti
9021,24,62,Gremio,Alysson,Normal
9021,24,,Internacional,Alan Patrick,Pênalti
9021,24,53,Gremio,André Henrique,Normal
9021,24,29,Gremio,Carlos Vinícius,Normal
9022,24,,Sport,Matheus Leonardo Sales Cardoso,Normal
9023,24,30,Vasco,Rayan,Normal
9023,24,11,Flamengo,Jorge Carrascal,Normal
9024,24,47,Cruzeiro,Lucas Silva Borges,Normal
9024,24,77,Cruzeiro,Kaiki Bruno,Normal
9024,24,26,Bragantino,Jhon Jhon,Normal
9024,24,77,Cruzeiro,Kaiki Bruno,Normal
9025,24,,Santos,Guilherme,Normal
9026,25,44,Fortaleza,Lucas Sasha,Normal
9027,25,61,Vasco,Paulo Henrique,Normal
9027,25,8,Vasco,Rayan,Normal
9028,25,24,Internacional,Alan Patrick,Normal
9028,25,63,Juventude,Sebastião Ênio Santos De Almeida,Normal
9029,25,9,Atletico-Mg,Vitor Hugo Franchescoli De Souza,Normal
9030,25,67,Gremio,Francis Amuzu,Normal
9030,25,48,Gremio,André Henrique,Normal
9030,25,89,Gremio,Alexander Aravena,Normal
9030,25,49,Vitoria,Aitor Cantalapiedra,Normal
9031,25,78,Bahia,Ademir,Normal
9032,25,33,Fluminense,Germán Cano,Normal
9032,25,89,Fluminense,Lima,Normal
9033,25,78,Bragantino,Pedro Henrique Ribeiro Gonçalves,Normal
9033,25,30,Bragantino,Lucas Barbosa,Normal
9033,25,56,Santos,Lautaro  Díaz,Normal
9033,25,60,Santos,Álvaro Barreal,Normal
9034,25,,Flamengo,Luiz Araújo,Normal
9034,25,47,Corinthians,Yuri Alberto,Normal
9034,25,55,Flamengo,Giorgian De Arrascaeta,Normal
9035,25,56,Ceara,Pedro Henrique Konzen,Normal
9037,26,6,Palmeiras,José Manuel Alberto López,Normal
9037,26,24,Palmeiras,Vitor Roque,Normal
9037,26,18,Palmeiras,-,Normal
9038,26,,Bragantino,Eric Dos Santos Rodrigues,Normal
9038,26,75,Mirassol,Reinaldo Manoel Da Silva,Normal
9039,26,,Sport,Luan Cândido,Normal
9039,26,64,Fluminense,Lucho Acosta,Normal
9039,26,,Fluminense,,Pênalti
9039,26,73,Sport,Lucas Rafael Araújo Lima,Normal
9040,26,10,Corinthians,Gui Negão,Normal
9040,26,,Internacional,Johan Carbonero,Pênalti
9041,26,,Gremio,Edenã­Lson Andrade Dos Santos,Normal
9041,26,,Santos,Lautaro Díaz,Normal
9042,26,27,Botafogo-Rj,Santiago Mariano Rodríguez Molina,Normal
9042,26,46,Botafogo-Rj,Jefferson Ruan Pereira Dos Santos,Normal
9042,26,55,Bahia,Rodrigo Nestor,Normal
9043,26,19,Vitoria,,Normal
9043,26,19,Vitoria,,Normal
9044,26,85,Sao Paulo,Luciano Da Rocha Neves,Normal
9044,26,11,Sao Paulo,Gonzalo Tapia,Normal
9046,27,9,Internacional,Alan Patrick,Normal
9046,27,50,Internacional,Vitor Hugo Naum Dos Santos,Normal
9047,27,58,Fluminense,Kevin Serna,Normal
9047,27,93,Fluminense,Keno,Normal
9047,27,15,Fluminense,Samuel Xavier,Normal
9048,27,,Bragantino,Jhon Jhon,Pênalti
9049,27,18,Corinthians,Maycon De Andrade Barberan,Pênalti
9049,27,95,Corinthians,André Luiz Santos Dias,Normal
9049,27,72,Corinthians,Yuri Alberto,Normal
9050,27,6,Vasco,Nuno Moreira,Normal
9050,27,97,Vasco,Gabriel Souza Da Silva,Normal
9050,27,,Vitoria,Aitor Cantalapiedra,Normal
9050,27,34,Vitoria,Lucas Halter,Normal
9050,27,72,Vitoria,Raãºl Cã¡Ceres,Normal
9050,27,52,Vasco,Rayan,Normal
9050,27,52,Vasco,Rayan,Normal
9050,27,68,Vasco,-,Normal
9051,27,89,Palmeiras,Ramón Sosa,Normal
9051,27,70,Palmeiras,Vitor Roque,Normal
9051,27,15,Sao Paulo,Luciano Da Rocha Neves,Normal
9051,27,74,Palmeiras,José Manuel Alberto López,Normal
9051,27,34,Sao Paulo,Gonzalo Tapia,Normal
9052,27,45,Bahia,Willian José,Normal
9053,27,6,Juventude,Rafael Bilú,Normal
9053,27,85,Fortaleza,Adam Bareiro,Normal
9053,27,85,Fortaleza,Adam Bareiro,Normal
9053,27,72,Fortaleza,Eros Mancuso,Normal
9053,27,6,Juventude,Rafael Bilú,Normal
9054,27,66,Ceara,Pedro Henrique Konzen,Normal
9054,27,10,Ceara,Lucas Mugni,Normal
9054,27,94,Ceara,Fernando Sobral,Normal
9055,27,41,Sport,Derik Lacerda,Normal
9055,27,59,Cruzeiro,Gabriel Barbosa,Normal
9056,28,38,Bragantino,Jhon Jhon,Normal
9056,28,51,Palmeiras,Bruno Fuchs,Normal
9056,28,84,Palmeiras,Josã© Manuel Alberto Lã³Pez,Normal
9056,28,73,Palmeiras,Felipe  Anderson,Normal
9056,28,89,Palmeiras,Vitor Roque,Normal
9056,28,58,Palmeiras,Vitor Roque,Normal
9057,28,40,Flamengo,Pedro,Normal
9057,28,70,Flamengo,Luiz Araújo,Normal
9057,28,80,Flamengo,Gonzalo Plata,Normal
9057,28,70,Flamengo,Luiz Araújo,Normal
9058,28,49,Mirassol,Negueba,Normal
9058,28,38,Internacional,Thiago Maia,Normal
9058,28,26,Mirassol,Neto,Normal
9058,28,49,Mirassol,Reinaldo  Manoel  Da  Silva,Normal
9059,28,,Ceara,Pedro Raul,Normal
9059,28,87,Sport,Igor Carius,Normal
9060,28,58,Corinthians,Raniele,Normal
9060,28,4,Santos,José Rafael Vivian,Normal
9060,28,,Santos,Benjamín Rollheiser,Pênalti
9060,28,,Santos,,Normal
9061,28,82,Vasco,David Corrêa Da Fonseca,Normal
9061,28,,Vasco,Rayan,Normal
9062,28,51,Atletico-Mg,Ruan Tressoldi Netto,Normal
9062,28,48,Cruzeiro,Matheus Pereira,Normal
9063,28,39,Gremio,Carlos Vinícius,Normal
9063,28,56,Gremio,Carlos Vinã­Cius,Pênalti
9064,28,,Vitoria,Renato Kayzer,Pênalti
9064,28,41,Bahia,Tiago,Normal
9064,28,64,Vitoria,Raúl Cáceres,Normal
9065,28,98,Fluminense,Thiago Emiliano Da Silva,Normal
9066,29,,Corinthians,Maycon De Andrade Barberan,Normal
9067,29,21,Cruzeiro,Christian Roberto Alves Cardoso,Normal
9068,29,10,Flamengo,Giorgian De Arrascaeta,Normal
9068,29,45,Flamengo,Pedro,Normal
9068,29,42,Flamengo,Jorge Luiz Frello Filho,Pênalti
9068,29,24,Palmeiras,Vitor  Roque,Normal
9068,29,94,Palmeiras,Gustavo Gómez,Normal
9069,29,,Botafogo-Rj,Jefferson Ruan Pereira Dos Santos,Normal
9069,29,39,Botafogo-Rj,Chris Ramos,Normal
9070,29,35,Mirassol,Reinaldo Manoel Da Silva,Pênalti
9070,29,,Mirassol,Carlos Eduardo Ferreira De Souza,Pênalti
9070,29,1,Mirassol,Alesson,Normal
9071,29,24,Internacional,Rafael Santos Borrã©,Normal
9071,29,68,Internacional,Bruno Henrique Corsini,Normal
9072,29,10,Bahia,Willian José,Normal
9072,29,57,Bahia,David Duarte,Normal
9072,29,4,Bahia,Iago,Normal
9072,29,93,Bahia,Rodrigo Nestor,Normal
9072,29,4,Bahia,Iago,Normal
9073,29,40,Juventude,Daniel Peixoto,Normal
9074,29,52,Vasco,Nuno Moreira,Normal
9074,29,,Vasco,Rayan,Normal
9075,29,41,Vitoria,Matheus Martins Fogaça De Paulo,Pênalti
9076,30,87,Corinthians,Charles Rigon Matos,Normal
9077,30,1,Atletico-Mg,Alan Franco Palma,Normal
9078,30,61,Fluminense,Samuel Xavier,Normal
9079,30,47,Mirassol,,Normal
9079,30,28,Mirassol,Negueba,Normal
9079,30,47,Mirassol,,Normal
9079,30,38,Sport,Derik Lacerda,Normal
9080,30,12,Fortaleza,Breno Lopes,Normal
9081,30,41,Sao Paulo,Damián Bobadilla,Normal
9081,30,41,Sao Paulo,Damián Bobadilla,Normal
9081,30,7,Sao Paulo,Luciano Da Rocha Neves,Normal
9082,30,67,Gremio,Carlos Vinícius,Normal
9082,30,35,Gremio,Carlos Vinícius,Pênalti
9082,30,48,Gremio,Carlos Vinícius,Normal
9082,30,79,Juventude,Igor Formiga,Normal
9083,30,70,Santos,Álvaro Barreal,Pênalti
9083,30,1,Botafogo-Rj,Joaquín Correa,Normal
9083,30,,Santos,,Normal
9083,30,39,Botafogo-Rj,Joaquín Correa,Normal
9084,30,69,Vasco,Pablo Vegetti,Normal
9084,30,89,Vasco,,Normal
9084,30,27,Vasco,Pablo Vegetti,Normal
9084,30,27,Vasco,Pablo Vegetti,Normal
9086,31,45,Cruzeiro,Keny  Arroyo,Normal
9086,31,37,Vitoria,Willian,Normal
9086,31,8,Cruzeiro,Kaio Jorge,Pênalti
9086,31,23,Cruzeiro,Kaio Jorge,Normal
9087,31,74,Santos,Bruno De Jesus Pacheco,Normal
9087,31,74,Santos,Bruno De Jesus Pacheco,Normal
9087,31,35,Fortaleza,Adam Bareiro,Normal
9089,31,,Flamengo,Giorgian De Arrascaeta,Normal
9089,31,51,Flamengo,Bruno Henrique,Normal
9089,31,60,Flamengo,Bruno Henrique,Normal
9090,31,38,Ceara,Antonio  Galeano,Normal
9090,31,72,Ceara,Pedro Raul,Normal
9091,31,75,Bahia,Willian José,Normal
9091,31,20,Bragantino,Matheus Fernandes,Normal
9091,31,75,Bahia,Willian José,Normal
9091,31,92,Bahia,Willian José,Normal
9092,31,16,Corinthians,Gustavo Henrique Vernes,Normal
9092,31,80,Corinthians,Nan,Pênalti
9092,31,80,Corinthians,,Pênalti
9093,31,24,Palmeiras,Bruno Rodrigues,Normal
9093,31,61,Palmeiras,Felipe Anderson,Normal
9095,31,87,Sao Paulo,Luiz Gustavo,Normal
9095,31,52,Sao Paulo,-,Pênalti
9096,32,79,Juventude,Sebastião Ênio Santos De Almeida,Normal
9096,32,79,Juventude,Sebastião Ênio Santos De Almeida,Normal
9096,32,79,Juventude,Sebastião Ênio Santos De Almeida,Normal
9096,32,47,Juventude,Gabriel Taliari,Normal
9097,32,68,Vitoria,Lucas Halter,Normal
9098,32,,Corinthians,Yuri Alberto,Normal
9098,32,48,Bragantino,Eduardo Sasha,Pênalti
9098,32,92,Bragantino,Isidro Pitta,Normal
9098,32,92,Bragantino,Isidro Pitta,Normal
9099,32,72,Botafogo-Rj,Artur Victor Guimarães,Normal
9099,32,,Botafogo-Rj,David Ricardo,Normal
9099,32,47,Botafogo-Rj,Alex Telles,Pênalti
9099,32,72,Botafogo-Rj,Artur Victor Guimarães,Normal
9100,32,,Cruzeiro,Fabrício Bruno,Normal
9101,32,66,Atletico-Mg,,Normal
9101,32,75,Atletico-Mg,,Normal
9101,32,77,Atletico-Mg,Gabriel Teixeira,Normal
9102,32,8,Flamengo,Giorgian De Arrascaeta,Pênalti
9102,32,80,Sao Paulo,Ferreirinha,Normal
9102,32,3,Sao Paulo,Luciano Da Rocha Neves,Normal
9102,32,64,Flamengo,Samuel Lino,Normal
9103,32,31,Fluminense,Kevin Serna,Normal
9104,32,37,Fortaleza,,Normal
9104,32,37,Fortaleza,,Normal
9104,32,90,Ceara,Pedro Raul,Normal
9105,32,80,Palmeiras,Vitor Roque,Normal
9105,32,67,Palmeiras,Vitor Roque,Normal
9106,33,18,Sport,Lã©O Pereira,Normal
9106,33,83,Atletico-Mg,Rony,Normal
9106,33,81,Atletico-Mg,Alexsander,Normal
9106,33,,Sport,Léo Pereira,Normal
9106,33,68,Atletico-Mg,Hulk,Normal
9106,33,70,Atletico-Mg,,Normal
9107,33,89,Juventude,,Normal
9107,33,46,Juventude,Nenê,Normal
9107,33,27,Vasco,Rayan,Normal
9107,33,39,Juventude,-,Normal
9108,33,94,Bahia,Tiago,Normal
9108,33,60,Bahia,Willian José,Normal
9108,33,,Internacional,Vitor Hugo Naum Dos Santos,Normal
9108,33,49,Internacional,Vitor Hugo Naum Dos Santos,Normal
9109,33,75,Bragantino,Jhon Jhon,Pênalti
9112,33,31,Ceara,Antonio Galeano,Normal
9113,33,81,Flamengo,Bruno Henrique,Normal
9113,33,37,Flamengo,Léo Pereira,Normal
9113,33,91,Santos,Lautaro Díaz,Normal
9113,33,51,Flamengo,Jorge Carrascal,Normal
9113,33,,Santos,Gabriel Bontempo,Normal
9114,33,5,Fortaleza,Adam Bareiro,Normal
9114,33,32,Gremio,Marlon Rodrigues Xavier,Normal
9114,33,,Gremio,Carlos Vinícius,Normal
9114,33,65,Fortaleza,Matheus  Pereira,Normal
9115,33,,Palmeiras,Vitor Roque,Normal
9115,33,47,Mirassol,João Victor,Normal
9115,33,2,Mirassol,Gabriel Santana,Normal
9116,37,55,Bragantino,Lucas Barbosa,Normal
9116,37,59,Bragantino,Gustavo Marques,Normal
9118,37,93,Mirassol,-,Normal
9118,37,70,Mirassol,Renato Marques,Normal
9119,37,54,Gremio,-,Normal
9119,37,19,Fluminense,Yeferson Soteldo,Normal
9119,37,52,Fluminense,Yeferson Soteldo,Normal
9120,37,8,Fortaleza,Tomás Pochettino,Normal
9120,37,58,Fortaleza,José María Herrera,Normal
9120,37,70,Corinthians,André Luiz Santos Dias,Normal
9121,37,56,Santos,Neymar,Normal
9121,37,65,Santos,Neymar,Normal
9121,37,73,Santos,Neymar,Pênalti
9122,37,21,Sao Paulo,Sabino,Normal
9122,37,48,Sao Paulo,Maik,Normal
9122,37,48,Sao Paulo,Luciano Da Rocha Neves,Normal
9123,37,40,Bahia,Rodrigo Nestor,Normal
9123,37,,Bahia,Luciano Juba,Normal
9124,37,,Flamengo,Samuel Lino,Normal
9125,37,15,Cruzeiro,Christian Roberto Alves Cardoso,Normal
9125,37,57,Botafogo-Rj,Fernando Marçal,Normal
9125,37,,Botafogo-Rj,Alex Telles,Pênalti
9125,37,50,Cruzeiro,Matheus Pereira,Normal
9126,34,28,Sport,Rafael Thyere De Albuquerque Marques,Normal
9126,34,28,Sport,Rafael Thyere De Albuquerque Marques,Normal
9126,34,30,Botafogo-Rj,Artur Victor Guimarães,Normal
9126,34,,Sport,Léo Pereira,Normal
9126,34,95,Botafogo-Rj,Kadir Barría,Normal
9126,34,30,Botafogo-Rj,Artur Victor Guimarães,Normal
9126,34,58,Botafogo-Rj,Kadir Barría,Normal
9126,34,95,Botafogo-Rj,Kadir Barría,Normal
9127,34,33,Fluminense,Kevin Serna,Normal
9127,34,25,Fluminense,,Normal
9127,34,33,Fluminense,Kevin Serna,Normal
9127,34,85,Flamengo,Jorge Luiz Frello Filho,Pênalti
9128,34,,Santos,Neymar,Normal
9128,34,61,Mirassol,Reinaldo Manoel Da Silva,Pênalti
9129,34,51,Gremio,Carlos Vinícius,Normal
9129,34,84,Gremio,Francis Amuzu,Normal
9130,34,,Cruzeiro,Kaio Jorge,Normal
9130,34,59,Juventude,Gabriel Taliari,Normal
9130,34,,Juventude,Gabriel Taliari,Normal
9130,34,53,Cruzeiro,Kaio Jorge,Normal
9130,34,41,Cruzeiro,Luis Sinisterra,Normal
9130,34,,Juventude,Marcelo Hermes,Normal
9131,34,30,Fortaleza,Adam Bareiro,Normal
9131,34,75,Fortaleza,Deyverson,Normal
9131,34,88,Bahia,Tiago,Normal
9131,34,36,Fortaleza,,Normal
9131,34,66,Bahia,Willian José,Pênalti
9132,34,89,Corinthians,Yuri Alberto,Normal
9132,34,54,Sao Paulo,Gonzalo Tapia,Normal
9132,34,84,Corinthians,Memphis Depay,Normal
9132,34,31,Corinthians,Yuri Alberto,Normal
9133,34,76,Internacional,Vitor Hugo Naum Dos Santos,Normal
9133,34,80,Ceara,Ricardo Mathias,Contra
9133,34,87,Internacional,Ricardo Mathias,Normal
9134,34,65,Bragantino,Jhon Jhon,Normal
9134,34,6,Bragantino,Eduardo Sasha,Normal
9134,34,8,Bragantino,Eduardo Sasha,Normal
9134,34,51,Bragantino,Lucas Barbosa,Normal
9134,34,51,Bragantino,Lucas Barbosa,Normal
9135,34,20,Palmeiras,Allan,Normal
9135,34,9,Palmeiras,José Manuel Alberto López,Normal
9135,34,81,Palmeiras,Luighi,Normal
9136,35,49,Gremio,André Henrique,Normal
9136,35,,Botafogo-Rj,Artur Victor Guimarães,Normal
9136,35,83,Botafogo-Rj,Fernando Marçal,Normal
9136,35,,Botafogo-Rj,Artur Victor Guimarães,Normal
9136,35,15,Botafogo-Rj,Cuiabano,Normal
9136,35,90,Gremio,N/A,Normal
9138,35,,Flamengo,Bruno Henrique,Normal
9138,35,,Flamengo,Jorge Luiz Frello Filho,Pênalti
9138,35,50,Flamengo,Giorgian De Arrascaeta,Normal
9139,35,73,Bahia,Erick Pulga,Normal
9140,35,94,Sao Paulo,Emiliano Rigoni,Normal
9140,35,96,Juventude,Nahuel Ferraresi,Contra
9140,35,7,Sao Paulo,Damián Bobadilla,Normal
9141,35,48,Vitoria,,Normal
9141,35,13,Vitoria,Luan Cândido,Contra
9141,35,29,Sport,Pablo Felipe Teixeira,Normal
9141,35,15,Vitoria,Aitor Cantalapiedra,Normal
9142,35,64,Cruzeiro,,Normal
9142,35,49,Cruzeiro,Kaio Jorge,Normal
9142,35,26,Cruzeiro,Kaio Jorge,Normal
9143,35,3,Mirassol,Negueba,Normal
9143,35,77,Mirassol,Alesson,Normal
9143,35,23,Mirassol,Reinaldo Manoel Da Silva,Normal
9144,35,20,Internacional,Alan Patrick,Normal
9144,35,62,Santos,Álvaro Barreal,Normal
9145,35,41,Fortaleza,Tomás Pochettino,Normal
9145,35,41,Fortaleza,Tomás Pochettino,Normal
9146,36,,Flamengo,Bruno Henrique,Normal
9146,36,34,Atletico-Mg,Bernard,Normal
9147,36,,Palmeiras,Facundo Torres,Normal
9147,36,,Palmeiras,Luiz Benedetti,Normal
9147,36,48,Gremio,Francis Amuzu,Normal
9147,36,61,Gremio,Carlos Vinícius,Pênalti
9147,36,85,Gremio,Willian,Pênalti
9148,36,76,Fortaleza,Adam Bareiro,Normal
9149,36,,Fluminense,Agustín Canobbio,Normal
9149,36,24,Fluminense,Gustavo Nonato,Normal
9149,36,87,Fluminense,Kevin Serna,Normal
9149,36,,Fluminense,Agustín Canobbio,Pênalti
9149,36,69,Fluminense,John Kennedy,Normal
9149,36,,Fluminense,Agustín Canobbio,Pênalti
9149,36,16,Fluminense,Martinelli,Normal
9150,36,28,Juventude,Gabriel Taliari,Normal
9150,36,21,Bahia,Ademir,Normal
9151,36,9,Vasco,Rayan,Normal
9151,36,2,Vasco,Andrés Gómez,Normal
9151,36,47,Internacional,Ricardo Mathias,Normal
9151,36,,Vasco,Rayan,Normal
9151,36,66,Vasco,Nuno Moreira,Normal
9151,36,,Vasco,Rayan,Normal
9151,36,58,Vasco,Cauan Barros,Normal
9152,36,25,Santos,Neymar,Normal
9152,36,36,Santos,Lucas Kal,Contra
9152,36,67,Santos,João Schmidt,Normal
9153,36,25,Vitoria,,Normal
9153,36,90,Vitoria,Matheus Martins Fogaça De Paulo,Pênalti
9154,36,56,Ceara,Vinicius Zanocelo,Normal
9154,36,71,Cruzeiro,Willian Machado,Contra
9155,36,60,Botafogo-Rj,Cuiabano,Normal
9155,36,60,Botafogo-Rj,Cuiabano,Normal
9155,36,66,Botafogo-Rj,,Normal
9155,36,7,Corinthians,Raniele,Normal
9155,36,82,Corinthians,Gustavo Henrique Vernes,Normal
9156,38,,Flamengo,Guilherme Gomes,Normal
9156,38,59,Flamengo,Guilherme Gomes,Normal
9156,38,13,Mirassol,Chico,Normal
9156,38,59,Flamengo,Guilherme Gomes,Normal
9156,38,8,Flamengo,Douglas Telles,Normal
9156,38,,Mirassol,Cristian  Renato,Normal
9156,38,41,Mirassol,Alesson,Normal
9157,38,75,Fluminense,Paulo Henrique Ganso,Normal
9157,38,83,Fluminense,Thiago Emiliano Da Silva,Normal
9158,38,,Palmeiras,Ramón Sosa,Normal
9158,38,12,Ceara,,Normal
9158,38,17,Palmeiras,Facundo Torres,Normal
9158,38,,Palmeiras,José Manuel Alberto López,Normal
9159,38,88,Juventude,Edison Negueba,Normal
9159,38,23,Corinthians,José Andrés Martínez,Normal
9160,38,28,Santos,Thaciano,Normal
9160,38,28,Santos,Thaciano,Normal
9160,38,26,Santos,,Normal
9160,38,60,Santos,João Schmidt,Normal
9161,38,48,Gremio,Franco Cristaldo,Normal
9161,38,,Gremio,-,Normal
9161,38,31,Gremio,Carlos Vinã­Cius,Normal
9161,38,31,Gremio,Carlos Vinã­Cius,Normal
9161,38,29,Gremio,,Normal
9162,38,68,Vitoria,Gabriel Baralhas,Normal
9163,38,48,Botafogo-Rj,Arthur Cabral,Normal
9163,38,17,Fortaleza,Breno Lopes,Normal
9163,38,95,Botafogo-Rj,Mateo Ponte,Normal
9163,38,95,Botafogo-Rj,Mateo Ponte,Normal
9163,38,56,Fortaleza,Adam Bareiro,Pênalti
9163,38,50,Botafogo-Rj,Álvaro Montoro,Normal
9163,38,84,Botafogo-Rj,Fernando Marçal,Normal
9164,38,75,Atletico-Mg,Victor Luis,Contra
9164,38,69,Atletico-Mg,Dudu,Normal
9164,38,18,Atletico-Mg,,Normal
9164,38,69,Atletico-Mg,Dudu,Normal
9164,38,49,Atletico-Mg,Dudu,Normal
9164,38,32,Atletico-Mg,Hulk,Normal
9165,38,81,Internacional,Johan Carbonero,Normal
9165,38,77,Internacional,Alan Patrick,Pênalti
9165,38,50,Internacional,Gabriel Mercado,Normal
9165,38,87,Bragantino,Jhon Jhon,Normal
