chutes,posse_de_bola,chutes_no_alvo,precisao_passes,partida_id,cartao_vermelho,cartao_amarelo,escanteios,clube,rodata,impedimentos,faltas,passes
0,,0,,2016,0,0,0,Juventude,6,0,0,0
0,,0,,1043,0,0,0,Palmeiras,41,0,0,0
0,,0,,2386,0,0,0,Goias,6,0,0,
null,34%,0,  ,5316,0,3,4,Goias,33,3,16,267
7,63%,4,81%,7722,0,2,6,  Corinthians,8,0,13,541
16,63%,8,,6034,0,5,7,Flamengo,29,2,23,497
0,-,0,,1767,0,0,0,Cruzeiro,21,0,0,0
0,,0,,3537,0,0,0,Internacional,8,0,0,0
27,62%,0,,5500,0,1,9,Gremio,14,1,11,543
7,40%,0,73%,8135,0,0,2,Flamengo,11,2,5,353
0,,0,,8526,0,0,0,Vasco,13,0,0,0
15,58%,0,,5378,0,3,6,Fluminense,2,0,20,462
-,,0,,2387,0,0,0,Portuguesa,7,0,0,0
0,,0,,8528,0,0,0,  Atletico-MG,13,0,0,0
0,,0,,558,0,0,0,Gremio,1,0,0,0
0,,0,,1900,0,0,0,Palmeiras,34,0,0,0
16, 48% ,3,80%,8298,0,6,7,bahia,28,0,23,351
10,45%,3,,6031,0,1,4,Gremio,29,1,14,453
9,49%,3,89%,8901,0,4,4,  Sao Paulo,12,0,17,426
7,39%,2,82%,7916,0,4,4,Avai,28,1,8,363
4,40%,1,91%,9048,1,4,2,Gremio,27,1,6,336
6,39%,3,70%,7505,0,4,3,Santos,24,2,13,300
0,  ,0,,2553,0,0,0,SAO PAULO,23,0,0,0
0,,0,,1379,0,-9,0,Fluminense,25,0,0,0
0,,0,,4082,0,0,0,Atletico-MG,24,0,0,0
10,39%,0,,5452,0,2,6,Botafogo-RJ,9,4,15,363
0,,0,,4923,0,0,0,criciuma,32,0,0,0
0,null,0,,3216,0,0,0,Santos,13,0,0,0
0,,0,,2315,0,0,0,nautico,37,0,0,0
15,42%,6,82%,7381,0,1,6,  Palmeiras,12,3,16,337
0,,0,,1057,0,0,0,Atletico-MG   ,43,0,0,0
9,46%,3,84%,6528,0,0,6,Ceara,3,1,12,450
0,,0,,1261,0,0,0,Sao Caetano,15,0,0,0
8,,5,87% un,7206,1,1,6,Vasco   ,33,0,15,400
15,null,7,,8117,0,1,5,Cruzeiro,10,5,9,465
0,,0,,3407,0,0,0,Vitoria,33,0,0,0
0,,0,,2737,0,0,0,Botafogo-RJ   ,4,0,0,0
0,,0,,2035,0,0,0,CORINTHIANS,8,0,0,0
0,,0,null,4573,0,0,0,Goias,35,0,0,0
0,,0,,4479,0,0,0,Atletico-MG,26,0,0,0
0,,0,,1746,0,0,0,CORINTHIANS,18,0,0,0
0,,0,,956,0,0,0,Cruzeiro,34,0,0,0
24,62%,0,,5580,0,4,7,Gremio,22,1,18,623
0,,0,,2489,0,0,0,fluminense,17,0,0,0
0,,0,,3197,0,0,0,Ceara   ,12,0,0,0
0,,0,,195,0,0,0,Fortaleza,17,0,0,0
13,59%,5,82%,6312,0,2,5,Corinthians,18,1,20,460
0,,0,,148,0,0,0,Sao Paulo,13,0,0,0
0,,0,,4006,0,0,0,Botafogo-RJ,16,0,0,0
16,48%,5,85%,7257,0,0,4,Bahia,38,2,11,447
10,53%,4,,6026,0,2,5,Vasco,29,1,10,483
,,0,,2148,0,0,0,Figueirense,20,0,0,0
13,41%,4,82% un,7084,0,1,5,  Gremio,20,2,13,396
19,49%,0,,5427,0,3,9,AMERICA-MG,7,1,15,432
13, 65% ,5,87%,8273,1,1,11,Vasco,25,2,12,545
0,,0,,3031,0,0,0,Botafogo-RJ,33,0,0,  
15,N/A,5,81%,8330,1,1,6,Santos,31,2,16,336
0,,0,,4607,0,0,0,figueirense,1,0,0,0
0,,0,,3736,0,0,0,Atletico-GO,27,0,0,0
21,46%,7,77%,7883,0,0,14,Cuiaba,24,0,13,366
6,46%,0,,5646,0,2,4,America-MG,28,1,15,386
12,59%,5,83%,8303,0,2,3,Fluminense,28,3,13,511
0,,0,,1088,0,0,0,Athletico-PR,45,0,0,0
0,,0,N/A,1319,0,0,0,BRASILIENSE,20,0,0,0
0,,0,,727,0,0,0,Paysandu,15,0,0,0
0,,0,,4298,0,0,0,Gremio,8,0,0,0
17,57%,5,80%,6262,0,-10,11,Sport,14,0,14,430
0,,0,,2181,0,0,0,Cruzeiro,23,0,0,-
13, 31% ,7,61%,6846,0,4,3,GOIAS,35,2,24,259
13,40%,7,76%,6315,0,3,7,INTERNACIONAL,18,0,17,376
0,,0,,3517,0,0,0,Atletico-MG,6,0,0,0
8,46%,0,,5126,0,5,2,PONTE PRETA,14,1,14,N/A
11,72%,4,90% un,7490,0,2,2,  Flamengo,23,1,13,777
12,47%,8,77%,6553,0,1,4,Fortaleza,5,2,12,395
  ,63%,4,-,6559,0,5,7,Santos,6,0,19,517
8,72%,2,87%,6704,0,-3,8,Fluminense,20,1,10,572
0,,0,,8754,0,0,0,Fortaleza,35,0,0,0
8, 58% ,0,84%,7835,0,3,4,Cuiaba,19,1,12,490
13,55%,4,85%,6767,0,3,4,Corinthians,27,0,15,
0,,0,,2090,0,0,0,America-RN,14,0,0,0
0,,0,null,3989,0,0,0,Bahia,15,0,0,0
9,48%,6,78%,7353,0,1,4,Sao Paulo   ,9,2,25,452
0,,0,,2271,0,0,0,America-RN,33,0,0,0
0,,0,,1120,0,0,0,Sao Paulo,2,0,0,0
15,55%,4,  ,6616,0,1,3,Palmeiras,12,1,22,386
0,,0,,4060,0,0,0,Atletico-MG,22,0,0,0
0,,0,,1586,0,0,0,  Fortaleza,2,0,0,0
null,42%,0,,5269,0,3,0,Athletico-PR,29,1,16,342
15, 40% ,3,92%,8789,0,0,6,Sao Paulo,1,1,19,492
0,,0,,4531,0,0,0,Internacional,31,0,0,0
18,42%,4,74%,7328,0,4,7,  Bahia,7,1,16,331
0,,0,,8605,0,0,0,Corinthians,20,0,0,0
0,,0,,2943,0,0,0,  Botafogo-RJ,24,0,0,0
0,,0,,2261,0,0,0,Atletico-MG,32,0,0,0
0,,0,,3029,0,0,0,sao paulo,33,0,0,0
0,,0,,4240,0,0,0,Flamengo,2,0,0,0
0,,0,,3768,0,0,0,Atletico-MG,31,0,0,0
null,,0,,8582,0,0,0,  Bragantino,18,0,0,0
13,61%,6,88%,7509,0,2,5,Flamengo,25,0,17,522
11,49%,1,null,5925,0,4,6,Vasco,18,1,12,460
14,45%,7,70%,8403,0,3,6,Fortaleza,38,2,9,
15,44%,8,77%,6687,0,5,5,Vasco,19,1,22,334
0,,0,N/A,1076,0,0,0,Gremio,44,0,0,0
0,,0,,3974,0,0,0,Cruzeiro,13,0,0,0
0,,0,,1161,0,0,0,Sao Paulo,6,0,0,0
20,65%,6,88%,7290,0,0,4,flamengo,3,3,17,672
0,,0,,1309,0,0,0,Santos,19,0,0,0
0,,0,,4102,0,0,0,Ponte Preta,26,0,0,null
0,,0,,1524,0,0,0,Flamengo,39,0,0,0
  ,,0,null,643,0,0,0,Botafogo-RJ,8,0,0,0
0,,0,,1604,0,0,0,Botafogo-RJ,4,0,0,0
0,,0,,2925,0,0,0,Internacional,22,0,0,0
11,55%,3,84%,7450,0,0,8,Chapecoense,19,1,18,519
0,,0,,514,0,0,0,VITORIA,43,0,0,0
14,64%,7,,6033,0,0,10,Palmeiras,29,1,14,513
0,,0,,2484,0,0,0,Ipatinga   ,16,0,0,0
0,,0,,1073,0,0,0,Goias,44,0,0,
13,28%,6,74%,8178,0,2,2,Cuiaba,16,2,9,212
0,,0,,4072,0,0,0,Botafogo-RJ,23,0,0,0
12,52%,5,77%,8354,0,0,2,BOTAFOGO-RJ,33,0,8,395
0,,0,,4049,0,0,0,  Portuguesa,21,0,0,0
0,,0,,2727,0,0,0,Barueri,3,0,0,0
12,68%,3,85%,7125,0,3,15,Atletico-GO,24,4,17,421
11,  ,4,87%,7354,0,5,5,Cuiaba,9,2,14,564
,53%,3,91%,8830,0,3,5,Santos,5,1,14,423
0,,0,,1606,0,0,0,JUVENTUDE,4,0,0,0
,69%,3,null,7918,0,4,3,Ceara,28,3,9,557
18,61%,5,90%,7547,0,1,5,Atletico-MG,34,1,20,588
0,,0,,4979,0,0,0,Bahia   ,38,0,0,0
7,28%,4,75% un,6506,0,0,3,Sao Paulo   ,1,2,23,269
0,,0,,3826,0,0,0,Palmeiras,36,0,0,0
14,46%,5,81%,7939,0,2,2,BRAGANTINO,30,1,14,412
26,,9,,8360,1,2,12,Gremio,34,2,15,
15,45%,9,90%,9136,0,1,7,BOTAFOGO-RJ,35,2,15,420
5,49%,1,81%,6877,0,3,5,flamengo,38,0,15,386
0,,0,,4838,0,0,0,botafogo-rj,23,0,0,0
0,,0,,729,0,0,0,Coritiba,15,0,0,0
12,44%,5,,6089,0,0,4,Atletico-MG,35,6,17,396
7,42%,0,,5469,0,3,4,ATLETICO-MG,11,5,17,354
N/A,,0,,1944,0,0,0,Corinthians,38,0,0,0
-,26%,5,,5971,0,5,3,  Avai,23,3,17,243
0,,0,-,1308,0,0,0,Sao Paulo,19,0,0,0
0,,0,,3944,0,0,0,  Atletico-GO,10,0,0,0
0,,0,,8534,0,0,0,Cruzeiro,13,0,0,0
12,49%,9,,5238,0,3,6,Palmeiras,26,0,19,372
0,,0,   un,526,0,0,0,ponte preta,44,0,0,0
10,,5,87% un,9039,0,1,1,Fluminense,26,2,13,387
0,,0,,4705,0,0,0,Sport,28,0,0,0
0,,0,,4188,0,0,0,Santos,35,0,0,0
0,,0,,402,0,0,0,Vitoria,34,0,0,0
7,54%,0,,5122,2,0,3,Sao Paulo,14,8,12,468
0,,0,,370,0,0,0,Figueirense,31,0,0,0
0,,0,,3348,0,0,0,Santos,27,0,0,0
0,,0,,990,0,0,0,Athletico-PR,37,0,0,0
0,,0, N/A ,670,0,0,0,Goias,10,0,0,0
0,,0,,497,0,0,0,Vasco,42,0,0,0
17,61%,7,,5791,0,2,8,  Flamengo,5,2,16,465
14,46%,5,,5920,1,2,10,Santos,18,1,18,402
0,,0,,1356,0,0,0,Paysandu,23,0,0,0
0,,0,,4968,0,0,0,Palmeiras,37,0,0,0
0,,0,,3467,0,0,0,Athletico-PR   ,1,0,0,0
0,,0,,1349,0,0,0,Brasiliense,23,0,0,0
0,,0,,3336,0,0,0,GREMIO,25,0,0,0
0,,0,,486,0,0,0,Coritiba,41,0,0,0
10,54%,2,85%,6465,0,2,4,America-MG,34,2,20,458
0,,0,,3940,0,0,0,Cruzeiro,10,0,0,0
0,,0,,2793,0,0,0,Gremio,9,0,0,0
21,42%,8,82%,6267,0,1,7,Parana,15,1,15,392
0,N/A,0,,1530,0,0,0,  Paysandu,39,0,0,-
0,,0,,3737,0,0,0,sao paulo,28,0,0,0
0,,0,,4070,0,0,0,Santos,23,0,0,0
0,,0,,2049,0,0,0,Corinthians,10,0,0,0
-,80%,9,89% un,8057,0,3,9,Fluminense,4,1,12,733
0,,0,,1988,0,0,0,Nautico,5,0,0,0
8,49%,0,,5156,0,1,5,Chapecoense,17,0,20,N/A
0,,0,,226,0,0,0,Paysandu,19,0,0,0
0,,0,,2097,0,0,0,Nautico,15,0,0,0
0,,0,,3333,0,0,0,Vitoria,25,0,0,0
0,,0,,3415,0,0,0,Gremio Prudente,33,0,0,0
0,,0,,2487,0,0,0,Portuguesa,17,0,0,0
0,,0,,1272,0,-4,0,Sao Caetano,16,0,0,0
0,,0,,3804,0,0,0,Vasco   ,34,0,0,0
0,,0,,2897,0,0,0,  Gremio,20,0,0,0
0,,0,,4883,0,0,0,Flamengo,27,0,0,0
0,,0,,8443,0,0,0,Juventude,4,0,0,0
15,47%,4,82%,6308,1,-5,4,Botafogo-RJ,18,2,9,393
13,57%,6,93%,8991,0,-3,3,Botafogo-RJ,21,0,17,437
0,,0,,4148,0,0,0,Internacional   ,31,0,0,0
12,46%,0,,5578,0,3,8,Cruzeiro,22,3,17,374
13,-,3,  ,6313,0,3,1,  Vitoria,18,1,17,481
0,,0,,8434,0,0,0,Sao Paulo,3,0,0,
  ,63%,5,,6004,0,1,13,Athletico-PR,26,1,17,569
9, 57% ,1,84%,7624,0,3,4,Atletico-GO,36,0,17,477
0,,0,,1095,0,0,0,  Criciuma,46,0,0,0
0,,0,,1227,0,0,0,Brasiliense,12,0,0,0
0,,0,,2220,0,0,0,Juventude,27,0,0,0
0,,0,,3832,0,0,0,Avai,37,0,0,0
,49%,4,82%,8128,0,4,2,CORINTHIANS,11,1,14,439
16,41%,3,76%,8221,0,6,3,Vasco,20,1,20,350
0,,0,,2675,0,0,0,Athletico-PR,35,0,0,0
0,,0,,1208,0,0,0,Cruzeiro,10,0,0,0
14,45%,6,74%,6459,0,4,8,vitoria,34,3,17,312
0,-,0,,768,0,0,0,parana,18,0,0,0
10,57%,0,,5662,0,2,3,Vitoria,30,4,12,369
0,,0,,3890,0,0,0,Atletico-MG,5,0,0,0
13, 53% ,6,79%,8020,0,3,7,Fortaleza,38,2,14,  
0,,0,,1487,0,0,0,Botafogo-RJ,35,0,0,0
22,54%,0,,5015,0,2,16,  Cruzeiro,3,3,17,390
0,,0,,3963,0,0,0,Fluminense,12,0,0,0
0,,0,,1198,0,0,0,FLUMINENSE,9,0,0,0
0,,0,,2013,0,0,0,Palmeiras,6,0,0,0
15,63%,1,89%,7024,0,3,3,Athletico-PR,14,2,11,579
0,,0,,1861,0,0,0,Sao Paulo,30,0,0,0
15,46%,0,,5020,0,2,7,Sport,4,0,11,415
0,,0,,4757,0,0,0,Internacional,15,0,0,0
0,,0,N/A,3930,0,0,0,Fluminense,9,0,0,0
12,51%,2,,5815,0,4,3,Fluminense,7,2,12,494
0,,0,,1447,0,0,0,fortaleza,32,0,0,0
5,55%,1,86%,6579,0,1,5,Corinthians   ,8,1,13,538
15,N/A,5,79%,8059,0,2,3,Bahia,4,1,28,423
0,,0,,1410,0,0,0,Goias,28,0,0,0
0,,0,,2870,0,0,0,  Nautico,17,0,0,0
14,40%,7,82%,8818,0,2,3,BRAGANTINO,4,3,11,307
0,,0,  ,3146,0,0,0,Internacional,6,0,0,0
8,62%,0,,5299,0,2,4,Santos,32,1,20,485
10, 47% ,3,76%,7612,0,2,9,Chapecoense,35,0,11,369
10,51%,4,,6112,0,2,4,Gremio,37,1,14,524
9,39%,4,85%,7984,0,1,4,Juventude,34,3,13,354
0,,0,,3140,0,0,0,Avai,6,0,0,0
6,47%,3,90%,8833,0,1,2,Palmeiras,5,4,13,304
0,,0,,2725,0,0,0,Vitoria,2,0,0,0
12,51%,0,,5427,0,2,3,Internacional,7,1,16,464
0,,0,,3192,0,0,0,Flamengo,11,0,0,0
23,59%,0,,5607,0,2,12,Botafogo-RJ,25,2,10,523
19,42%,8,85%,8948,0,4,9,Fortaleza,17,1,12,316
13,51%,5,69%,8243,0,5,5,bragantino,22,3,15,341
11, 56% ,4,,5765,0,1,5,Sao Paulo,2,1,16,444
null,,0,  ,3649,0,0,0,FLUMINENSE,19,0,0,0
0,,0,,8454,0,0,0,  Cruzeiro,5,0,0,0
0,,0,,1332,0,0,0,Botafogo-RJ,21,0,0,0
14,72%,4,89%,6618,0,1,4,Fluminense,12,0,20,660
0,,0,,574,0,0,0,VITORIA,2,0,0,0
0,,0,,4228,0,0,0,Vasco,1,0,0,0
0,,0,,1271,0,0,0,GOIAS,16,0,0,0
0,,0,,1444,0,0,0,Athletico-PR,31,0,0,0
0,,0,,1975,0,0,0,Goias,3,0,0,0
0,,0,,1104,0,0,0,Vasco,46,0,0,0
6, 38% ,2,76%,7016,0,2,3,Santos,14,0,16,-
10,44%,0,80%,8162,0,3,4,Internacional,14,0,16,403
27,N/A,8,81%,6868,0,1,11,Atletico-MG,37,2,11,419
0,,0,,8780,0,0,0,Bragantino,38,0,0,0
0,,0,,3732,0,0,0,Atletico-MG,27,0,0,0
13,    ,5,85%,6273,1,2,11,Internacional,15,3,9,525
0,,0,,3417,0,0,0,Santos,34,0,0,  
,,0,,2731,0,0,0,Fluminense,3,0,0,0
,34%,2,78%,6578,1,4,1,Fortaleza,8,0,7,343
0,,0,,3408,0,0,0,Internacional,33,0,0,0
0,,0,N/A,4244,0,0,0,criciuma,2,0,0,0
0,,0,,3945,0,0,0,Fluminense,10,0,0,0
15,53%,4,77%,7293,0,1,10,Fluminense   ,3,2,8,437
0,,0,,1960,0,0,0,Corinthians,2,0,0,0
7,47%,3,75%,7315,0,5,7,Gremio,5,2,10,370
7,46%,0,,5390,1,1,1,  Vitoria,3,3,18,
0,,0,,2345,0,0,0,PALMEIRAS,2,0,0,0
0,,0,,1409,0,0,0,Corinthians,28,0,0,0
0,,0,,3481,0,0,0,CORINTHIANS,2,0,0,0
18,66%,9,87%,7756,0,2,9,Santos,12,2,14,630
0,,0,,2841,0,0,0,Corinthians,14,0,0,0
8,39%,3,,8275,0,4,3,Goias,25,2,16,350
0,,0,,1997,0,0,0,Vasco,12,0,0,0
0,,0,,1522,0,0,0,Internacional,38,0,0,  
0,,0,,241,0,0,0,Fortaleza,21,0,0,0
17,61%,7,,5755,0,1,6,Coritiba,1,1,17,  
0,,0,,3302,0,0,0,Flamengo,22,0,0,0
9,59%,3,81%,6292,0,2,2,Vasco,17,3,9,493
0,,0,,1065,0,0,0,Sao Caetano   ,43,0,0,0
0,,0,,304,0,0,0,Coritiba,26,0,0,0
17,53%,5,81%,7319,0,3,10,Palmeiras,6,1,13,446
0,,0,,2874,0,0,0,Fluminense   ,17,0,0,0
0,,0,,1797,0,0,0,Athletico-PR,24,0,0,0
0,,0,,2614,0,0,0,Portuguesa,29,0,0,null
15,51%,4,74%,7781,0,1,5,palmeiras,14,1,17,392
0,,0,,2635,0,0,0,Portuguesa,31,0,0,0
0,,0,,255,0,0,0,Paysandu,22,0,0,0
0,,0,,2250,0,0,0,Corinthians,31,0,0,0
8,41%,0,,5483,0,1,4,CORINTHIANS,12,2,13,381
3,36%,0,77%,7698,0,3,4,Goias,7,3,19,316
0,,0,,1169,0,0,0,Coritiba,6,0,0,0
23,53%,9,84%,8133,0,2,6,Cuiaba,11,2,11,484
0,,0,,3586,0,0,0,Gremio,11,0,0,0
0,N/A,0,,3717,0,0,0,Fluminense,26,0,0,0
6,48%,2,  ,7528,0,1,1,Fluminense,27,1,15,420
0,,0,  ,176,0,0,0,Vitoria,15,0,0,0
17,55%,0,,4990,1,4,10,  Ponte Preta,1,0,21,473
8,58%,6,87%,9122,0,1,4,Sao Paulo   ,37,0,12,354
N/A,,0,,360,0,0,0,Ponte  Preta,30,0,0,0
14,65%,6,,5928,0,4,5,Flamengo,19,4,15,497
0,,0,,1475,0,0,0,  Athletico-PR,34,0,0,0
0,,0,,162,0,0,0,FLAMENGO,14,0,0,0
0,,0,,1789,0,0,0,Palmeiras,23,0,0,0
13,61%,3,89%,8796,0,3,10,Gremio,2,3,17,335
11,57%,1,81%,6270,0,3,8,Chapecoense,15,1,16,420
0,,0,,3873,0,0,0,Flamengo,3,0,0,0
9,37%,3,,5913,0,4,2,Vitoria,17,1,23,306
11,57%,0,null,4870,0,2,6,Coritiba,26,1,18,364
0,,0,,2218,0,0,0,  Santos,27,0,0,-
0,,0,null,865,0,0,0,Criciuma,27,0,0,0
0,,0,,3665,0,0,0,Flamengo,20,0,0,0
23,52%,7,85%,7455,0,2,9,Flamengo,19,4,10,480
8,31%,3,63%,6495,1,3,5,Sport,37,1,21,237
0,,0,,1893,0,0,0,Fortaleza,33,0,0,0
5,47%,3,83%,8133,0,2,2,Botafogo-RJ,11,2,13,  
12,30%,10,68%,8280,0,3,2,Santos,26,1,11,228
0,,0,,4206,0,0,0,  Sport,36,0,0,0
0,,0,,3106,0,0,0,athletico-pr,2,0,0,0
0,,0,,2793,0,0,0,Gremio,9,0,0,0
0,,0,,3144,0,0,0,GREMIO,6,0,0,0
17,60%,7,87%,7001,0,4,5,Palmeiras,12,1,14,493
0,,0,,3032,0,0,0,Vitoria,33,0,0,-
19,62%,0,,5274,0,1,4,Goias,29,0,15,423
8,42%,0,,5529,0,3,3,Santa Cruz   ,17,1,12,430
0,,0,,1558,0,0,0,Santos,42,0,0,0
12,55%,3,,5922,0,5,8,Botafogo-RJ,18,1,22,407
,63%,6,84%,7055,0,2,11,Botafogo-RJ,17,3,18,533
N/A,53%,4,,5547,0,2,11,Flamengo,19,5,11,410
0,,0,,1245,0,0,0,flamengo,13,0,0,0
21,63%,6, 85% ,7076,0,3,10,Athletico-PR,20,3,20,482
15,42%,2,76%,7479,0,1,6,  America-MG,22,5,9,369
4,56%,1,81%,6389,0,6,2,  Cruzeiro,27,1,19,433
20,55%,7,81%,7436,1,0,11,sport,18,1,17,415
18,57%,7,-,7767,0,3,9,Bragantino,13,0,18,441
0,,0,,469,0,0,0,GUARANI,40,0,0,0
8,44%,5,74%,6897,0,1,4,Corinthians,2,1,11,426
8,38%,0,,5453,1,2,2,Sao  Paulo,9,1,19,315
7,61%,4,82%,7441,0,5,8,Sao Paulo,18,3,21,460
0,,0,,1850,0,0,0,Gremio,29,0,0,N/A
0,,0,,4419,0,0,0,Bahia,20,0,0,0
0,-,0,,768,0,0,0,parana,18,0,0,0
,,0,,429,0,0,0,Parana,36,0,0,0
0,,0,,4326,0,-7,0,Internacional,10,0,0,0
0,,0,,3785,0,0,0,Coritiba,32,0,0,0
,53%,2,74%,7902,0,5,11,America-MG   ,26,3,20,421
0,,0,,3554,0,0,0,Ceara,9,0,0,0
0,N/A,0,,1556,0,0,0,Sao Paulo,42,0,0,0
0,,0,,407,0,0,0,Parana,34,0,0,0
0,,0,,59,0,0,0,Parana,5,0,0,null
0,,0,,1192,0,0,0,Santos,8,0,0,0
12,37%,2,75%,7378,0,-3,2,Corinthians,12,0,9,363
0,,0,N/A,544,0,0,0,Figueirense,46,0,0,0
0,,0,,1795,0,0,0,Botafogo-RJ,23,0,0,0
0,,0,,3961,0,0,0,Corinthians,12,0,0,0
0,,0,,3651,0,-3,0,Corinthians,19,0,0,0
18,null,0,null,5333,0,4,9,chapecoense,35,4,16,318
0,,0,,2775,0,0,0,Barueri,7,0,0,0
0,,0,,222,0,-2,0,Atletico-MG,19,0,0,-
7,62%,2,87%,8077,0,3,7,Fluminense,6,0,14,644
0,,0,,768,0,0,0,paysandu,18,0,0,0
0,,0,  ,63,0,0,0,  Internacional,6,0,0,0
11,48%,3,88%,8877,0,4,5,Sao Paulo,10,0,18,461
20,63%,7,,6032,0,0,9,Vitoria,29,1,11,515
0,,0,,2565,0,0,0,Ipatinga,24,0,0,N/A
0,,0,,4905,0,0,0,  Fluminense,30,0,0,0
13,62%,0,,5654,0,1,7,Flamengo,29,4,11,508
0,,0,,1752,0,0,0,Corinthians,19,0,0,0
0,,0,,2582,0,0,0,Botafogo-RJ,26,0,0,0
0,,0,,3103,0,0,0,Goias,2,0,0,0
0,,0,,1792,0,0,0,Parana,23,0,0,0
0,,0,,2449,0,0,0,Sport,14,0,0,0
16,54%,8,84%,7421,0,2,4,Bahia,16,3,18,489
0,  ,0,,1743,0,0,0,Athletico-PR,18,0,0,0
0,,0,,1802,0,0,0,Gremio,24,0,0,0
0,,0,,4432,0,0,0,  Goias,21,0,0,0
15,39%,0,-,5106,0,2,6,Fluminense,12,5,10,297
17,62%,7,80%,8322,0,6,10,Corinthians   ,30,3,22,446
0,,0,,4057,0,0,0,Ponte Preta,22,0,0,0
13,39%,4,80%,6533,1,1,4,GOIAS,3,1,10,333
10,48%,5,83%,6278,0,0,2,Corinthians   ,16,4,11,472
0,,0,,3057,0,0,0,Gremio,36,0,0,
0,,0,,1005,0,0,0,coritiba,38,0,0,0
11,60%,4,91%,8858,0,3,4,BRAGANTINO,8,4,8,432
0,,0,,8430,0,0,0,Flamengo,3,0,0,
20,51%,5,  ,8985,0,3,7,MIRASSOL,20,2,16,300
0,,0,,593,0,0,0,Flamengo,4,0,0,0
10,  ,5,,5804,1,0,4,Santos,6,3,12,391
15,58%,5,92%,8975,1,5,2,CORINTHIANS,19,1,10,523
14,,5,75%,6767,0,1,4,Cruzeiro,27,0,18,394
15,46%,6,,6096,0,4,8,sport,36,0,21,360
N/A,,0,,4791,0,0,0,  Criciuma,18,0,0,0
0,,0,,3120,0,0,0,Palmeiras,4,0,0,0
0,,0,,2926,0,0,0,Botafogo-RJ,22,0,0,0
0,,0,,3749,0,0,0,Gremio,29,0,0,
12,61%,0,,5184,0,1,6,Cruzeiro,20,6,7,590
16, 37% ,7,75%,8256,0,2,8,santos,24,2,13,317
0,,0,  ,3842,0,0,0,  Cruzeiro,38,0,0,0
0,,0,,8573,0,0,0,Fortaleza,17,0,0,0
19,64%,6,84%,7145,0,1,12,Corinthians,26,5,11,537
0,,0,,2422,0,0,0,Gremio,11,0,0,0
10,49%,4,83%,6404,0,2,6,Vasco,28,0,13,428
,59% un,4,,5994,0,5,4,Gremio,25,1,17,493
0,,0,,4017,0,0,0,Bahia,18,0,0,-
0,-,0,,2794,0,0,0,PALMEIRAS,9,0,0,0
12,45%,0,,5445,0,2,7,Internacional   ,8,6,23,399
13,43%,0,,5484,0,1,0,Ponte Preta,12,2,16,355
7,63%,4,,5930,0,3,0,Gremio,19,2,18,668
0,,0,,3154,0,0,0,Guarani,7,0,0,0
0,,0,,4244,0,0,0,Internacional,2,0,0,0
0,,0,,3904,0,0,0,Coritiba,6,0,0,0
9,53%,4,78%,7966,0,3,4,Athletico-PR,33,0,13,412
14,35%,7,76%,7366,0,1,6,Palmeiras,11,3,19,280
,,0,,1392,0,0,0,Fortaleza,27,0,0,0
0,,0,,1607,0,0,0,  Juventude,5,0,0,N/A
0,,0,,1502,0,0,0,  Fortaleza,37,0,0,0
0,,0,,951,0,0,0,Botafogo-RJ,34,0,0,0
0,,0,,4530,0,0,0,Santos,31,0,0,0
8,45%,2,88%,8996,0,6,5,Juventude,22,0,26,313
0,,0,,8509,0,0,0,Sao  Paulo,11,0,0,0
0,,0,,4421,0,0,0,corinthians,20,0,0,0
0,-,0,,2274,0,0,0,Parana,33,0,0,0
0,,0,,3782,0,0,0,Corinthians,32,0,0,0
0,,0,,2856,0,0,0,SAO PAULO,15,0,0,0
18,51%,5,83%,6404,0,3,7,Botafogo-RJ,28,0,13,444
0,,0,,3594,0,0,0,Santos,13,0,0,0
13,28%,3,75%,8219,0,1,1,  America-MG,20,0,12,256
0,,0,,1639,0,0,0,Parana,8,0,0,0
0,,0,,3015,0,0,0,  Avai,31,0,0,0
0,,0,,57,0,0,0,Paysandu,5,0,0,0
6,38%,1,68%,6982,0,2,3,Ceara,9,1,16,317
16,null,2,77%,6286,0,1,5,Botafogo-RJ   ,17,2,12,
N/A,62%,0,,5473,1,4,13,  Internacional,11,1,21,450
0,,0,,2942,0,0,0,Cruzeiro,24,0,0,0
0,,0,,3304,0,0,0,vitoria,22,0,0,0
0,,0,,3777,0,0,0,Santos,32,0,0,0
0,,0,,2027,0,0,0,Figueirense,8,0,0,0
0,,0,,4851,0,0,0,Sao Paulo,24,0,0,0
10,44%,3,84%,6869,1,1,5,CSA,37,1,13,369
9,67%,4,,5993,0,1,5,Atletico-MG,25,1,10,null
0,,0,,1900,0,0,0,Palmeiras,34,0,0,0
0,,0,,2429,0,0,0,Athletico-PR,10,0,0,0
0,,0,,3437,0,0,0,Gremio,36,0,0,0
16,59%,0,,5281,0,2,8,Palmeiras,30,1,18,404
  ,63%,4,90%,8372,0,2,5,Sao Paulo,35,1,12,668
0,,0,,3814,0,0,0,atletico-mg,35,0,0,0
0,,0,,3474,0,0,0,Figueirense,1,0,0,0
0,,0,,4551,0,0,0,Cruzeiro,33,0,0,0
0,,0,,303,0,0,0,Figueirense,26,0,0,0
12,51%,0,,5516,0,2,3,Atletico-MG,15,5,16,380
0,,0,,171,0,0,0,Santos,15,0,0,0
0,,0,,2471,0,0,0,Palmeiras,15,0,0,0
10,37%,5,84%,8849,0,5,6,Sport,7,6,13,
0,,0,,246,0,0,0,Goias,21,0,0,0
0,,0,,3313,0,0,0,Internacional   ,23,0,0,0
14, 55% ,3,80%,6430,0,3,5,Corinthians,31,2,11,429
0,,0,,157,0,0,0,Coritiba,14,0,0,0
0,,0,,932,0,0,0,Athletico-PR,32,0,0,0
12,49%,0,,5016,0,1,2,Sport,3,1,13,388
0,,0,,2926,0,0,0,Gremio,22,0,0,0
15,44%,5,75%,6540,1,3,5,Vasco,4,5,11,346
0,,0,,518,0,0,0,Atletico-MG,44,0,0,0
  ,,0,,1622,0,0,0,  Flamengo,6,0,0,0
0,,0,,8485,0,0,0,Palmeiras,8,0,0,0
9,44%,0,,5576,0,4,3,  Vitoria,21,2,20,385
0,,0,,4813,0,0,0,Botafogo-RJ,20,0,0,0
0,,0,,745,0,0,0,Parana,17,0,0,0
0,,0,,207,0,0,0,Paysandu,18,0,0,0
10,55% un,2,86%,6933,0,2,0,  Sport,5,1,21,516
0,,0,,2456,0,0,0,Atletico-MG,14,0,0,0
12,35%,5, 81% ,7970,0,2,2,  Botafogo-RJ,33,2,11,341
11,66%,3,81%,7616,0,3,9,Gremio,36,0,15,442
0,,0,,2208,0,0,0,Fluminense,26,0,0,
0,,0,,3341,0,0,0,Cruzeiro,26,0,0,-
0,,0,,1361,0,0,0,Figueirense   ,24,0,0,0
10,63%,2,86%,8244,1,4,5,Santos,22,2,16,587
-,,0,N/A,2885,0,0,0,Sport,18,0,0,0
12,,0,,5538,0,1,9,Sport,18,1,8,548
5,,3,,6040,0,1,3,Sao Paulo,30,0,14,366
0,null,0,,8778,0,0,0,Atletico-GO,38,0,0,0
0,,0,-,8494,0,0,0,Fortaleza,9,0,0,0
0,,0,,4565,0,0,0,Internacional,34,0,0,0
0,,0,,1758,0,0,0,Goias,20,0,0,0
9,,3,92%,8950,0,1,2,  Palmeiras,17,0,20,537
0,,0,,4504,0,0,0,Athletico-PR,28,0,0,0
0,,0,,1402,0,0,0,Paysandu,28,0,0,0
0,,0,,4820,0,0,0,Figueirense,21,0,0,0
0,,0,,3863,0,0,0,Botafogo-RJ,2,0,0,0
0,,0,,2375,0,0,0,Cruzeiro,5,0,0,0
0,,0,,229,0,0,0,Santos,20,0,0,0
0,,0,,857,0,0,0,Vasco,26,0,0,0
12,53% un,0,,5660,0,3,4,Botafogo-RJ,30,0,17,385
0,,0,,2371,0,0,0,Fluminense,5,0,0,0
,,0,,123,0,0,0,Coritiba,11,0,0,0
0,,0,,8482,0,0,0,  Sao Paulo,8,0,0,0
0,,0,,4936,0,0,0,Goias,33,0,0,0
0,,0,,543,0,0,0,  Goias,46,0,0,0
N/A,,0,,4197,0,0,0,Santos,36,0,0,0
19,31%,8,75%,6786,0,0,6,Palmeiras,29,1,12,267
19,73%,11,,5861,0,1,11,Gremio,12,2,9,null
14,69%,4,87%,6786,0,0,3,Sao Paulo,29,0,14,581
0,,0,,3111,0,0,0,Internacional,3,0,0,0
0,,0,,2518,0,0,0,Figueirense,20,0,0,0
0,,0,,4980,0,0,0,santos,38,0,0,0
-,65%,5,88%,6303,0,2,7,FLAMENGO,20,1,18,555
0,,0,,1177,0,0,0,Santos,7,0,0,0
19,55%,12,,7976,0,3,7,Flamengo,34,1,14,523
0,,0,,3455,0,0,0,Sao Paulo,37,0,0,0
-,,0,,1175,0,0,0,Palmeiras,7,0,0,0
15,54%,7,,5786,0,3,10,Fluminense,5,1,19,  
13,67%,3,,6043,0,1,3,Fluminense,30,1,12,608
19,65%,4,86%,7022,0,4,5,Palmeiras,14,2,15,534
8,54%,6,,6038,0,2,5,bahia,30,1,12,411
5,37%,1,72%,8316,1,2,1,Bahia,30,0,17,305
8,58%,1,90%,8820,0,0,1,Internacional,4,1,13,579
0,,0,,109,0,0,0,Fluminense,10,0,0,0
0,,0,,3213,0,0,0,Gremio Prudente,13,0,0,0
15,,4,,5829,0,1,4,Fluminense,9,0,20,445
0,,0,,3776,0,0,0,Santos   ,31,0,0,0
0,,0,,3416,0,0,0,Palmeiras,33,0,0,0
0,,0,,1924,0,0,0,cruzeiro,36,0,0,0
8,63%,1,88%,7049,0,4,2,Sao Paulo,17,1,24,  
0,-,0,,1885,0,0,0,Sao Paulo   ,32,0,0,0
0,,0,,1395,0,0,0,Santos,27,0,0,0
9,57%,3,78%,6511,0,4,4,Corinthians,1,0,5,  
7,25%,3,64%,8289,0,4,6,GOIAS,27,0,18,231
16, 49% ,8,76%,7367,0,2,7,INTERNACIONAL,11,0,19,401
0,,0,,2063,0,0,0,Corinthians,29,0,0,0
0,,0,,8525,0,0,0,sao paulo,12,0,0,0
0,,0,,2397,0,0,0,Vasco,8,0,0,0
0,,0,,125,0,0,0,Internacional,11,0,0,0
0,,0,,2866,0,0,0,santos,16,0,0,0
17,61%,0,,5140,0,4,9,Coritiba,16,3,11,459
9,25%,4,67%,8231,2,5,4,America-MG,21,2,21,218
33,77%,7,87%,7690,0,4,12,Atletico-GO,5,2,12,531
17,68% un,6,,6006,0,5,9,Cruzeiro,28,3,8,615
0,,0,,2386,0,0,0,Gremio,6,0,0,0
0,,0,,3212,0,0,0,Vitoria,13,0,0,0
0,,0,,3974,0,0,0,Palmeiras,13,0,0,0
,,0,,164,0,0,0,sao caetano,14,0,0,0
,,0,,1854,0,0,0,Figueirense,29,0,0,0
0,,0,,756,0,0,0,Criciuma,17,0,0,0
10,43% un,0,,5284,0,5,0,Chapecoense,30,1,19,306
,59%,3,84%,7510,0,1,5,athletico-pr,25,1,14,482
14,67%,0,,5408,0,0,7,Corinthians,5,0,14,648
0,,0,,1606,0,0,0,Cruzeiro,4,0,0,0
0,,0,,1228,0,0,0,FLUMINENSE,12,0,0,0
0,,0,,3436,0,0,0,Athletico-PR,35,0,0,0
0,,0,,4740,0,0,0,Bahia   ,13,0,0,0
17,64%,4,  ,6334,0,3,4,Atletico-MG,21,4,12,null
0,,0,,8733,0,0,0,Atletico-GO,33,0,0,0
0,,0,,1677,0,0,0,Botafogo-RJ,12,0,0,0
0,,0,,3528,0,0,0,Gremio,7,0,0,0
0,,0,,3215,0,0,0,  Sao Paulo,13,0,0,0
0,,0,,803,0,0,0,  Internacional,21,0,0,0
16,,4,93%,9011,0,2,7,Atletico-MG,23,1,12,
3,33%,0,,5408,0,2,3,Santos,5,3,14,331
0,,0,N/A,3434,0,0,0,VITORIA,35,0,0,0
0,,0,,8508,0,0,0,CUIABA,11,0,0,0
0,,0,,2789,0,0,0,Vitoria,9,0,0,0
,,0,,2130,0,0,0,Goias,18,0,0,
0,,0,,638,0,0,0,Juventude,8,0,0,0
0,,0,,1089,0,0,0,CORITIBA,45,0,0,0
0,,0,,2390,0,0,0,Coritiba,7,0,0,0
0,,0,,2354,0,0,0,Atletico-MG,3,0,0,0
0,,0,,2554,0,0,0,Portuguesa,23,0,0,0
6,41%,1,71%,6865,0,3,2,Vasco,36,1,16,295
0,,0,,2443,0,0,0,Sao Paulo,12,0,0,0
18,62%,8,82%,7912,0,2,14,Juventude,27,1,14,498
0,,0,,4462,0,0,0,  Corinthians,24,0,0,0
N/A,65%,6,77%,7795,1,-4,9,BRAGANTINO,15,6,11,434
15,63%,6,90%,7760,0,1,4,Flamengo,12,3,17,622
  ,,0,,3247,0,0,0,Goias   ,17,0,0,
12,61%,0,,5452,0,2,4,Corinthians,9,1,15,562
10,56%,0,,4808,0,3,6,CRICIUMA,20,1,17,471
0,,0,,1316,0,0,0,Athletico-PR,20,0,0,
0,,0,,3862,0,0,0,Atletico-MG,2,0,0,0
11,46%,5,78%,7215,0,0,6,Santos,33,2,24,368
10,55%,1,89%,9073,0,1,2,Bragantino,29,3,22,386
0,,0,,1098,0,0,0,Atletico-MG,46,0,0,0
0,null,0,,1747,0,0,0,Ponte Preta,19,0,0,0
9,57%,0,,5519,0,1,6,Palmeiras,16,5,11,426
0,,0,,4722,0,0,0,Cruzeiro,11,0,0,0
0,,0,,3424,0,0,0,Fluminense,34,0,0,0
8,42%,0,,5743,1,5,4,Flamengo,38,1,12,366
0,,0,,4783,0,0,0,Santos,17,0,0,0
0,,0,,1889,0,0,0,Vasco,33,0,0,0
8,48%,1,73%,7217,0,3,3,atletico-go,34,1,7,388
0,,0,,2469,0,0,0,Fluminense,15,0,0,0
0,,0,,69,0,0,0,Gremio,6,0,0,0
0,,0,,1353,0,0,0,Botafogo-RJ,23,0,0,0
9,55%,3,92%,8846,0,2,5,Sao Paulo,7,2,15,379
0,,0,,2962,0,0,0,Gremio,26,0,0,0
0,,0,,1535,0,0,0,Goias,40,0,0,0
9,35%,1,75%,6851,0,1,3,avai,35,3,13,277
12,52%,3,,5480,0,3,7,Coritiba,12,2,22,345
6,34%,5, 85% ,8980,0,4,1,bahia,20,1,19,199
,,0,,3354,0,0,0,Guarani,27,0,0,  
0,,0,,4948,0,0,0,Botafogo-RJ,34,0,0,0
6,40%,3,88%,8934,0,3,0,Atletico-MG,15,0,15,251
0,,0,,3978,0,0,0,atletico-go,14,0,0,0
11,65%,5,93%,8835,0,2,3,Bahia,5,5,15,553
0,-,0,,1990,0,0,0,Figueirense,5,0,0,0
23,44%,5,88%,8189,0,0,6,Vasco,17,0,11,517
0,,0,,8749,0,0,0,Atletico-MG,35,0,0,N/A
0,,0,N/A,8652,0,0,0,Sao Paulo,25,0,0,0
0,,0,,2575,0,0,0,Coritiba,25,0,0,0
0,,0,,3728,0,0,0,Avai,27,0,0,0
5,34%,3,72%,7317,0,1,2,Cuiaba,6,0,14,323
0,,0,,1532,0,0,0,Athletico-PR,39,0,0,0
0,,0,,8639,0,0,0,Bahia,24,0,0,0
0,,0,,3250,0,0,0,Gremio Prudente,17,0,0,0
,51%,0,,5233,0,1,7,Flamengo,25,3,12,440
  ,null,6,89%,9100,0,2,5,GREMIO,32,2,14,343
0,,0,,3720,0,-1,0,Sao Paulo,26,0,0,0
10,48%,4,,6003,0,2,3,  Atletico-GO,26,0,24,419
0,,0,,3940,0,0,0,Portuguesa,10,0,0,0
17,56%,4,83%,8110,0,2,5,Santos,9,0,19,476
0,,0,,1359,0,0,0,Fortaleza,24,0,0,0
0,,0,  ,4663,0,0,0,Botafogo-RJ,6,0,0,0
0,,0,,1911,0,0,0,Corinthians,35,0,0,0
11,46%,5,80%,8153,1,0,2,Palmeiras,13,4,9,381
19,63%,5,86%,8256,0,1,6,Bahia,24,2,13,543
23, 31% ,7,,5855,1,4,5,CHAPECOENSE,11,2,22,
7,52%,0,78%,6326,0,2,4,Bahia   ,21,2,17,385
0,N/A,0,,1427,0,0,0,PARANA,30,0,0,0
8,37%,0,,5168,0,1,4,Santos,19,3,13,307
17,55%,6,84%,6959,0,1,6,Botafogo-RJ,7,1,23,519
0,,0,,8656,0,0,0,ATLETICO-GO,26,0,0,0
0,,0,,2496,0,0,0,Athletico-PR,17,0,0,0
13,45%,3,85%,9159,0,1,7,JUVENTUDE,38,4,14,315
0,,0,,1731,0,0,0,Figueirense,17,0,0,0
0,,0,,2376,0,0,0,Santos,5,0,0,0
8,46%,0,,5441,1,3,3,Figueirense,8,0,8,396
0,,0,,2429,0,0,0,Athletico-PR,10,0,0,0
0,,0,,8696,0,0,0,Sao Paulo,30,0,0,0
0,,0,,1359,0,0,0,Sao Caetano,24,0,0,0
10,64%,4,90%,6399,0,3,5,Athletico-PR,28,0,10,
7,34%,0,,5620,0,1,1,CORITIBA,26,3,21,253
9,41%,1,69%,8104,0,1,4,Santos,8,4,10,341
0,,0,,4710,0,-4,0,Criciuma,10,0,0,0
0,,0,,3143,0,0,0,Sao Paulo,6,0,0,0
0,,0,,3779,0,0,0,Cruzeiro,32,0,0,0
17,53%,7,82%,8301,0,2,8,Vasco,28,1,15,429
0,,0,null,1510,0,0,0,Athletico-PR   ,37,0,0,0
14,64%,6,87%,7520,0,2,6,Flamengo,26,0,17,553
0,,0,,4477,0,0,0,Gremio,26,0,0,0
0,-,0,,547,0,0,0,Fortaleza,46,0,0,0
12,64%,4,93%,8986,0,4,11,Fluminense,21,1,8,540
0,,0,,2550,0,0,0,Gremio,23,0,0,0
11,52%,0,,5313,0,0,6,Gremio,33,0,12,506
0,,0,,3636,0,0,0,America-MG,17,0,0,0
0,,0,,348,0,0,0,Coritiba,29,0,0,0
0,,0,,1397,0,0,0,Flamengo,27,0,0,0
0,,0,,2212,0,0,0,Sport,26,0,0,0
11,37%,4,89%,8857,1,1,6,Vitoria,8,1,7,320
0,,0,,2604,0,0,0,Santos,28,0,0,0
0,,0,,2554,0,0,0,Atletico-MG,23,0,0,0
0,,0,,4491,0,0,0,  Athletico-PR,27,0,0,0
15,67%,5,,5025,1,5,8,Flamengo,4,1,24,  
0,,0,,1974,0,0,0,Parana,3,0,0,0
0,,0,  ,8782,0,0,0,Botafogo-RJ,38,0,0,0
0,,0,,543,0,0,0,Atletico-MG,46,0,0,0
0,,0,,8637,0,0,0,Palmeiras,24,0,0,0
16,62%,9,84%,7039,0,3,8,Athletico-PR,16,2,18,545
0,,0,,4507,0,0,0,CRUZEIRO,29,0,0,0
0,,0,,215,0,0,0,Cruzeiro,18,0,0,0
0,,0,,3667,0,0,0,Figueirense,21,0,0,N/A
0,,0,,8759,0,0,0,Bahia,36,0,0,0
0,,0,,1835,0,0,0,CORINTHIANS,27,0,0,0
0,,0,N/A,1447,0,0,0,Paysandu,32,0,0,0
6,34%,1,78%,8015,0,4,5,Cuiaba,37,1,11,326
0,,0,,1697,0,0,0,Figueirense,14,0,0,0
0,,0,,3482,0,0,0,Flamengo,2,0,0,0
19,72%,8,90%,8254,0,1,11,Fluminense,23,1,7,592
13,40%,3,  ,5947,0,3,3,  Atletico-GO,21,1,13,347
0,,0,,3901,0,0,0,gremio,6,0,0,0
0,,0,,985,0,0,0,Cruzeiro,37,0,0,0
19,70%,9,,5803,0,3,7,Cruzeiro,6,1,11,622
12,44%,0,  ,5144,0,2,4,Figueirense,16,1,19,303
0,,0,,1002,0,0,0,Figueirense,38,0,0,0
12,42%,3,-,7705,0,2,5,Athletico-PR,7,1,23,345
5,36%,1,65%,6731,0,1,1,Chapecoense,23,3,16,298
17,56%,2,83%,6437,0,4,8,Atletico-MG,32,0,12,484
12,59%,4,86%,7084,0,0,4,Fluminense,20,1,12,569
,,0,,2450,0,0,0,Coritiba,14,0,0,0
0,,0,,1388,0,0,0,  Goias,26,0,0,0
14,39%,6,89%,8796,0,1,3,Ceara,2,3,9,199
0,,0,,2743,0,0,0,Fluminense,4,0,0,0
6,29%,3,87%,8923,0,2,1,Juventude,14,2,6,222
0,,0,,2814,0,0,0,Corinthians,11,0,0,0
12,60% un,1,93%,9141,0,3,8,Sport,35,0,18,432
0,,0,,2613,0,0,0,Goias,29,0,0,0
11,30%,5,,5890,0,6,3,Bahia   ,15,1,18,264
0,,0,,3876,0,0,0,Botafogo-RJ   ,3,0,0,0
14,38% un,6,82%,9108,0,4,6,Internacional,33,2,22,211
0,,0,,1386,0,0,0,Internacional,26,0,0,0
17,52%,9,85%,7649,0,2,7,Coritiba,1,3,10,449
0,,0,,3820,0,0,0,Flamengo,36,0,0,0
0,,0,,1124,0,0,0,Botafogo-RJ,2,0,0,0
0,,0,,3581,0,-9,0,Flamengo,11,0,0,0
0,,0,,2930,0,0,0,Sport,23,0,0,0
8,39%,1,75%,7910,2,5,4,Ceara   ,27,0,15,329
0,,0,,2125,0,0,0,Vasco,17,0,0,0
-,,0,,3943,0,0,0,Corinthians,10,0,0,0
0,,0,,4768,0,0,0,Figueirense,16,0,0,0
0,,0,,1993,0,0,0,Goias,5,0,0,0
10,44%,6,85%,6873,0,5,1,Palmeiras,37,1,21,382
13,51%,6,,5925,0,1,4,  Cruzeiro,18,4,18,487
0,,0,,1585,0,0,0,Parana,2,0,0,0
0,,0,,2783,0,0,0,Coritiba,8,0,0,0
null,45%,4,82%,7976,0,4,2,Santos   ,34,2,16,439
0,,0,,2958,0,0,0,Barueri,26,0,0,0
0,,0,,3032,0,0,0,Coritiba,33,0,0,0
6,66%,1,92%,8808,0,5,3,Corinthians,3,0,17,546
0,,0,,8755,0,0,0,Gremio,35,0,0,0
14,59%,5,80%,7512,0,6,3,Juventude,25,0,24,428
0,,0,,4198,0,0,0,Vasco,36,0,0,0
0,,0,,2092,0,0,0,Figueirense,14,0,0,0
,   un,0,,8443,0,0,0,Athletico-PR,4,0,0,0
15,62%,0,,5298,0,1,4,Internacional,32,5,11,461
0,,0,,8542,0,0,0,  Gremio,14,0,0,0
11,38%,3,,6614,0,2,3,  Goias,11,0,19,304
0,,0,,2800,0,0,0,Cruzeiro,10,0,0,0
15,N/A,4,78%,8058,1,3,4,AMERICA-MG,4,5,19,404
0,,0,,3414,0,0,0,FLAMENGO,33,0,0,0
0,,0,,3842,0,0,0,Atletico-MG,38,0,0,0
0,N/A,0,,4075,0,-5,0,Sport,23,0,0,0
,null,0,,5211,0,1,9,chapecoense,23,1,9,507
18,40%,7,75%,8271,0,3,7,America-MG,25,1,10,343
NAN,,0,,881,0,0,0,Sao Caetano,28,0,0,0
8,41%,0,,5607,0,1,2,  Santos,25,3,10,403
0,  ,0,,130,0,0,0,Santos,11,0,0,N/A
0,,0,,2181,0,0,0,Palmeiras,23,0,0,0
0,,0,,3914,0,0,0,Atletico-GO,7,0,0,0
0,,0,N/A,3448,0,0,0,corinthians,37,0,0,0
13,49%,1,,5921,0,-11,3,atletico-go,18,0,20,451
0,,0,,3369,0,0,0,Vasco,29,0,0,0
0,,0,,2630,0,0,0,Vitoria,31,0,0,0
19,  ,9,,5876,0,0,8,Corinthians,14,1,5,621
9,44%,1,79%,6146,0,1,4,Gremio,3,2,12,388
11,51%,0,,5134,0,1,2,Cruzeiro,15,0,14,457
12,63%,4,86%,6232,0,2,7,Gremio,11,0,14,586
0,,0,,2404,0,0,0,gremio,8,0,0,0
0,,0,,2419,0,0,0,Internacional,11,0,0,0
13,56%,0,,5109,0,3,4,Atletico-MG,13,0,19,503
14,55%,0,,5717,0,2,6,Figueirense,36,3,16,294
0,,0,,2086,0,0,0,Figueirense,13,0,0,0
0,N/A,0,,440,0,0,0,Vasco,37,0,0,0
0,,0,null,110,0,0,0,SAO CAETANO,10,0,0,0
10,39%,4,77%,8061,0,2,2,Athletico-PR,4,2,15,349
0,,0,,3527,0,0,0,VASCO,7,0,0,0
0,,0,,2112,0,0,0,Athletico-PR,16,0,0,0
16, 61% ,2,,6060,1,5,7,Palmeiras,32,1,11,386
0,,0,,1919,0,0,0,Fluminense,36,0,0,0
8,51%,2,79%,8342,0,3,5,Coritiba,32,0,17,429
null,,0,,105,0,0,0,PONTE PRETA,9,0,0,0
,55%,1,82%,6301,1,2,3,Corinthians,20,0,8,550
6,69%,1,90% un,6189,0,1,4,Athletico-PR,7,1,14,673
0,,0,,253,0,-4,0,Vasco,22,0,0,0
11,60%,3,91%,9024,0,6,7,Cruzeiro,24,0,9,406
24,52%,7, 83% ,6883,0,2,7,vasco,38,1,18,378
0,,0,,4738,0,0,0,Criciuma,13,0,0,0
-,70%,7,91%,8101,0,2,6,Fluminense   ,8,3,6,728
7,48%,2,76%,6247,0,2,5,Parana,13,2,22,368
0,,0,,90,0,0,0,Fluminense,8,0,0,0
N/A,73%,3,86%,6845,0,3,17,Cruzeiro,33,0,14,573
11,31%,2,75%,6176,1,1,6,Cruzeiro,6,1,15,260
13,67%,5,83%,8373,0,5,7,Bragantino,35,4,13,539
0,,0,,874,0,0,0,Vitoria,27,0,0,0
0,,0,,1513,0,0,0,Parana,38,0,0,0
0,,0,,4266,0,0,0,Fluminense,4,0,0,0
0,,0,,2308,0,0,0,Juventude,37,0,0,0
15,67%,7,85%,7899,0,1,5,Fluminense,26,5,7,514
0,,0,,2186,0,0,0,Nautico   ,23,0,0,-
0,,0,,3156,0,0,0,cruzeiro,7,0,0,-
10,40%,4,89%,9023,0,3,7,Vasco,24,0,12,254
0,  ,0,,237,0,0,0,Sao Caetano,20,0,0,0
13,33%,1,72%,7314,0,1,7,  Chapecoense,5,2,10,281
0,,0,,41,0,0,0,Vasco   ,3,0,0,0
13,64%,4,85%,8216,0,4,5,sao paulo,20,7,12,564
7,45%,2,75%,8106,0,3,4,Bahia,9,3,9,367
0,,0,,4315,0,0,0,Bahia,9,0,0,0
0,,0,,2287,0,0,0,Goias,35,0,0,0
0,,0,,800,0,0,0,Flamengo,21,0,0,0
0,,0,,2037,0,0,0,America-RN,9,0,0,0
13,75%,5,87%,8231,1,1,6,Sao Paulo,21,0,9,630
12,52%,2,70%,6686,0,2,3,Flamengo,19,1,20,379
20,44%,7,78%,7678,0,1,12,Palmeiras,3,3,13,339
0,,0,,804,0,0,0,Vitoria,21,0,0,0
0,,0,,1134,0,0,0,Cruzeiro,3,0,0,0
23,-,11,90%,7552,0,1,11,Corinthians,34,0,6,640
0,,0,,8657,0,0,0,Fortaleza,26,0,0,0
5,64%,1,,5881,0,1,3,Flamengo,14,3,14,588
0,,0,,2669,0,0,0,  Sport,35,0,0,0
0,,0,,853,0,0,0,Flamengo,26,0,0,0
0,,0,,4598,0,0,0,Nautico,38,0,0,0
15,36%,4,null,7058,0,3,5,Ceara,18,1,22,270
0,,0,,3682,0,0,0,athletico-pr,22,0,0,0
0,,0,,1298,0,0,0,Brasiliense,18,0,0,0
5,34%,3,72% un,7773,1,4,2,juventude,13,1,11,276
0,,0,,1703,0,0,0,Flamengo,14,0,0,0
0,,0,,415,0,0,0,Sao Paulo,35,0,0,0
0,,0,,1480,0,0,0,Fortaleza,35,0,0,0
0,,0,,2071,0,0,0,Atletico-MG,11,0,0,0
3,61%,0,N/A,5673,0,2,4,santa cruz,31,4,17,524
21,48%,6,81%,6307,0,1,9,Bahia,18,2,11,438
0,  ,0,,8669,0,0,0,Bahia,27,0,0,0
16,42%,2,73%,6726,0,4,8,Vasco,23,1,15,285
0,,0,,4099,0,0,0,Santos,26,0,0,0
0,,0,,3759,0,0,0,Athletico-PR,30,0,0,0
0,,0,,8516,0,0,0,Botafogo-RJ,12,0,0,0
11,60%,3,81%,6200,0,3,3,Botafogo-RJ,8,1,16,467
0,,0,,4634,0,0,0,  Palmeiras,3,0,0,N/A
0,,0,,3786,0,0,0,Atletico-MG,32,0,0,0
12,59%,5,-,7149,0,1,2,Sao Paulo,27,0,22,579
10,34%,2,69%,6589,0,3,3,CSA,9,1,13,276
0,,0,,3476,0,0,0,bahia,1,0,0,0
0,,0,,3863,0,0,0,Coritiba,2,0,0,0
0,,0,,6829,0,0,0,ATLETICO-MG,34,0,0,0
19,null,7,81%,8224,0,6,9,SANTOS,20,0,16,395
0,,0,,100,0,0,0,Paysandu,9,0,0,0
0,,0,-,3064,0,0,0,Barueri,36,0,0,0
0,,0,,3569,0,0,0,Avai,10,0,0,0
0,,0,,4799,0,0,0,Chapecoense,19,0,0,0
22,73%,9,87%,8131,0,0,10,Gremio,11,2,10,729
0,,0,  ,1237,0,0,0,Sao Caetano,13,0,0,0
11,40%,0,,5330,0,4,6,Avai,35,1,12,
0,,0,,2487,0,-8,0,Goias,17,0,0,0
0,,0,,1698,0,0,0,Sao Caetano,14,0,0,0
0,N/A,0,,2165,0,0,0,Vasco,21,0,0,N/A
12,52%,5,null,7353,0,2,7,Bragantino,9,1,14,483
7,56%,2,79%,7411,0,2,8,Fluminense,15,1,13,462
0,,0,,1060,0,0,0,CRUZEIRO,43,0,0,0
0,,0,N/A un,3353,0,0,0,Flamengo,27,0,0,null
27,57%,5,85%,8391,0,0,10,Bahia,37,3,4,449
15,null,4,83%,6627,0,2,5,Internacional,13,0,12,
9,48%,2,,7517,1,2,5,Palmeiras,26,1,13,null
12,41%,6,,5865,0,2,2,Sport,12,2,18,291
0,,0,,2536,0,0,0,Flamengo,21,0,0,0
0,,0,,8725,0,-5,0,Atletico-GO,32,0,0,0
8,48%,2,,6071,0,3,2,Cruzeiro,33,1,10,468
0,,0,,1156,0,0,0,Vasco,5,0,0,0
0,,0,,3419,0,0,0,ATLETICO-GO,34,0,0,0
9,43%,2,78%,6816,0,4,5,Goias,32,2,19,344
0,,0,,2143,0,0,0,Goias,19,0,0,N/A
0,,0,,3996,0,0,0,FLUMINENSE,15,0,0,0
N/A,,0,,1285,0,0,0,Atletico-MG,17,0,0,0
10,44%,5,81%,6791,0,6,5,CSA,29,1,17,371
0,null,0,,3814,0,0,0,Coritiba,35,0,0,0
0,,0,,3027,0,0,0,FLAMENGO,33,0,0,0
0,,0,,2441,0,0,0,Cruzeiro,12,0,0,0
9,43%,2,85%,7138,0,2,3,Sport,26,2,21,402
0,,0,,3895,0,0,0,coritiba,5,0,0,0
0,,0,,1468,0,0,0,Coritiba,34,0,0,0
0,,0,,8458,0,0,0,atletico-go,6,0,0,0
0,,0,,8429,0,0,0,CRUZEIRO,3,0,0,0
9,36%,4,82%,6921,1,1,0,Coritiba,4,3,7,352
10,37%,4,70%,7549,0,1,4,Chapecoense,34,0,19,308
0,N/A,0,,647,0,0,0,Athletico-PR,8,0,0,0
0,,0,,3839,0,0,0,Santos   ,38,0,0,0
17,69%,0,,5175,0,1,10,Gremio,19,2,10,619
  ,,0,,1126,0,0,0,PAYSANDU,2,0,0,0
0,,0,,1212,0,0,0,Santos,10,0,0,0
0,,0,,1396,0,0,0,Cruzeiro,27,0,0,0
0,,0,,4887,0,0,0,Goias,29,0,0,0
0,,0,,8737,0,0,0,Bragantino,34,0,0,0
0,,0,,162,0,0,0,FLAMENGO,14,0,0,0
0,,0,,1071,0,0,0,Criciuma,44,0,0,0
9,35%,0,,5612,1,0,5,Flamengo,25,0,13,252
11,48%,0,,5549,0,3,4,PONTE PRETA,19,5,18,328
4,33%,1,70%,6156,0,4,3,  America-MG,4,0,24,282
0,  ,0,,8449,0,0,0,Athletico-PR,5,0,0,0
12,50%,0,,5067,0,3,12,Avai   ,9,1,14,375
0,,0,,489,0,-9,0,Bahia,41,0,0,0
15,57%,3,84%,6957,0,1,9,Atletico-GO,7,1,16,468
0,,0,-,1852,0,0,0,Flamengo,29,0,0,0
0,,0,,3993,0,0,0,Santos,15,0,0,0
0,,0,,1782,0,0,0,Athletico-PR,22,0,0,0
5,53%,2,,5831,0,2,3,Atletico-MG,9,2,23,431
0,,0,,8598,0,0,0,Internacional,20,0,0,0
0,,0,,2384,0,0,0,Coritiba,6,0,0,0
0,,0,,4863,0,-5,0,Vitoria,25,0,0,0
12,45%,3,78%,6895,0,1,3,Vasco,1,2,11,N/A
0,,0,,3806,0,0,0,Cruzeiro,34,0,0,0
,,0,,3986,0,0,0,Flamengo,14,0,0,0
0,,0,,4771,0,0,0,Bahia,16,0,0,0
9,35%,6,76%,7493,0,1,2,SPORT,23,0,18,293
6,37%,1,84%,7760,0,2,3,Cuiaba,12,0,14,352
14,49%,5,82%,6137,0,1,6,Flamengo,2,1,15,345
0,,0,,4948,0,0,0,Fluminense,34,0,0,0
6,41%,0,,5087,0,2,4,Joinville   ,11,2,17,333
8,,6,82%,8171,0,1,3,Bahia,15,0,9,448
3,45%,1,88%,8836,0,2,2,Juventude,6,5,9,328
14,32% un,3,77%,8379,0,4,3,bahia,36,0,15,278
0,,0,,2370,0,0,0,Internacional,5,0,0,0
10,36%,3,76%,7124,0,6,4,  Internacional,24,5,14,315
0,,0,,8781,0,0,0,Athletico-PR,38,0,0,null
10,56%,3,80%,8056,0,6,4,Cruzeiro,4,0,17,496
16,61%,7,90%,7091,0,1,3,Gremio,21,1,8,  
3, 42% ,2,71%,8297,0,3,3,Gremio,28,2,17,334
0,,0,,3922,0,0,0,Flamengo,8,0,0,0
0,,0,,2172,0,0,0,Atletico-MG   ,22,0,0,0
  ,55%,4,81%,8035,1,2,11,Santos,1,1,16,471
0,,0,,504,0,0,0,Atletico-MG,42,0,0,0
5,66%,0,,5169,0,1,7,Sao  Paulo,19,0,4,636
0,,0,,2198,0,0,0,Internacional,25,0,0,0
8,42%,2,73%,7873,0,4,2,Ceara,23,2,16,325
0,,0,,2612,0,0,0,Cruzeiro,29,0,0,0
11,37%,3,86%,8807,0,3,3,Bragantino,3,0,18,304
13,47%,0,,5602,0,2,4,  Internacional,24,1,12,327
0,,0,,2212,0,0,0,Parana,26,0,0,N/A
17,60%,5,84%,7806,0,1,5,ATHLETICO-PR,17,4,7,501
0,,0,,2787,0,0,0,SPORT,9,0,0,0
N/A,,0,,4685,0,0,0,FIGUEIRENSE,8,0,0,0
0,,0,,3254,0,0,0,  Sao Paulo,17,0,0,0
0,,0,-,1898,0,0,0,Figueirense,34,0,0,0
0,,0,,2217,0,0,0,SAO PAULO,27,0,0,0
0,,0,,2459,0,0,0,Cruzeiro,13,0,0,0
19,59%,8,92%,8906,0,2,7,Flamengo,13,0,13,610
15,48%,3,77%,7825,0,5,7,America-MG,18,1,16,399
7,,1,71%,8258,0,1,3,Goias,24,3,15,304
0,,0,,25,0,0,0,Paysandu   ,4,0,0,0
0,-,0,,1966,0,0,0,Vasco,2,0,0,
0,,0,,2963,0,0,0,Fluminense,26,0,0,0
18,47%,3,86%,6663,0,3,6,CSA,16,3,17,441
8,45%,3,72%,6810,1,7,3,Vasco,31,1,17,309
16,59%,4,83%,8251,0,4,5,Bragantino,23,3,21,538
14,  ,3,87%,6624,0,2,1,Fortaleza,12,2,18,408
0,,0,  ,3833,0,0,0,Cruzeiro,37,0,0,0
11,42%,5,80%,6901,0,3,1,Ceara,2,1,17,421
31,68%,7,,5957,0,1,11,Corinthians,22,0,15,591
0,,0,,3424,0,0,0,VASCO,34,0,0,0
0,,0,,481,0,0,0,Parana,41,0,0,0
0,,0,,4529,0,0,0,Bahia,31,0,0,0
0,,0,,856,0,0,0,Fluminense,26,0,0,0
24,N/A,6,,5816,0,1,11,Atletico-GO,8,0,16,601
0,,0,,465,0,0,0,CORINTHIANS,39,0,0,0
14,34%,6,90%,8808,0,6,1,Palmeiras   ,3,3,15,263
0,,0,,4863,0,0,0,Atletico-MG,25,0,0,0
0,,0,,3270,0,0,0,Santos   ,19,0,0,0
0,,0,,8656,0,0,0,Vitoria,26,0,0,0
22,46%,0,,5442,0,2,5,Botafogo-RJ,8,2,17,434
9,43%,0,,4998,0,2,2,Coritiba,2,3,22,353
0,,0,,3129,0,0,0,Palmeiras,5,0,0,N/A
0,,0,,1470,0,0,0,Atletico-MG,34,0,0,0
13,51%,5,90%,8966,0,2,6,INTERNACIONAL,19,3,8,442
11,37%,0,,5081,0,2,3,Flamengo,10,4,11,337
0,,0,,8681,0,0,0,Fluminense,28,0,0,0
9,74%,5,94%,8918,0,3,8,Flamengo,14,0,15,666
0,,0,,3007,0,0,0,Santo Andre   ,31,0,0,0
0,,0,,2908,0,0,0,Coritiba   ,21,0,0,0
13,36%,4,73%,7872,0,1,4,Fortaleza,23,0,14,284
0,,0,,8756,0,0,0,Botafogo-RJ,36,0,0,0
0,,0,,1127,0,0,0,Parana,3,0,0,0
0,,0,null,1491,0,0,0,Juventude,36,0,0,0
0,,0,,3556,0,0,0,Atletico-MG,9,0,0,0
10,49%,3,83%,8333,0,1,1,Vasco,31,2,10,461
0,-,0,,1730,0,0,0,Goias,17,0,0,0
,49%,2,  ,7102,0,4,4,Fluminense,22,0,20,455
13, 45% ,3,79%,7700,0,3,7,Juventude,7,1,20,380
14,56%,4,,5970,0,5,5,Corinthians,23,3,17,463
11,58%,1,89%,7000,0,2,2,Vasco,12,4,9,511
0,,0,,143,0,0,0,Bahia,12,0,0,
26,65% un,7,82%,8083,0,3,4,Athletico-PR,6,1,9,593
29,67%,6,83%,7556,0,1,8,ATHLETICO-PR,29,0,11,584
5,48%,3,80%,6239,0,2,2,Gremio,12,2,16,455
0,,0,,762,0,0,0,GUARANI,18,0,0,0
16,46%,5,81%,7003,0,3,5,BOTAFOGO-RJ,12,0,12,359
12,46%,3,85%,6947,0,4,2,Fluminense,6,1,19,
0,,0,,1067,0,0,0,gremio,43,0,0,0
7,42%,4,81%,8060,0,3,4,Sao  Paulo,4,2,16,374
18,60%,8,87%,6263,0,1,9,Cruzeiro,14,1,7,548
,61%,4,86%,6543,0,1,6,Avai,4,4,14,544
0,,0,,1309,0,0,0,Brasiliense,19,0,0,0
10,57%,5,87%,6173,0,1,6,Santos,5,4,12,545
,68%,7,91%,7845,0,5,5,Fluminense,20,0,12,660
16,59%,0,,5153,0,4,4,Flamengo,17,0,16,457
0,,0,,2047,0,0,0,America-RN,10,0,0,0
13,42%,4,-,6864,0,0,1,Gremio,36,0,15,375
0,,0,,1425,0,0,0,Juventude,30,0,0,0
0,,0,,3467,0,-2,0,Atletico-MG,1,0,0,0
-,,0,,2542,0,0,0,Santos,22,0,0,0
12,45% un,0,,5250,0,0,3,Goias,27,2,6,379
0,,0,,3332,0,0,0,Internacional,25,0,0,0
0,,0,,2256,0,0,0,Vasco,31,0,0,0
15,49%,0,,5064,2,3,3,Coritiba,8,2,20,384
0,,0,,3703,0,0,0,Fluminense,24,0,0,0
0,,0,N/A,2565,0,0,0,  Nautico,24,0,0,  
0,,0,,33,0,0,0,Coritiba,4,0,0,0
5,27%,3,60%,6964,0,5,1,Sport,7,1,11,277
8,38%,2,77% un,7578,0,1,4,  Sport,30,2,12,325
12,56%,5,87%,7458,1,4,3,Bragantino,20,2,17,501
0,,0,,468,0,0,0,Internacional,39,0,0,0
0,,0,,2113,0,0,0,Vasco,16,0,0,0
0,null un,0,,2411,0,0,0,Vitoria,9,0,0,0
15,57%,6,,5877,0,2,5,Palmeiras,14,1,21,461
0,,0,,108,0,0,0,Parana,9,0,0,0
0,,0,,4221,0,0,0,CRUZEIRO,38,0,0,0
9,56%,0,,5344,0,2,5,Fluminense,36,2,11,515
0,,0,,3954,0,0,0,Ponte Preta,11,0,0,0
0,,0,,3559,0,0,0,Avai,12,0,0,0
0,,0,,2131,0,0,0,Athletico-PR,18,0,0,0
13,39%,3,81%,6967,0,1,6,Botafogo-RJ,8,2,10,339
0,,0,,2764,0,0,0,Barueri,6,0,0,0
1,32%,0,  ,7897,0,3,3,Cuiaba,26,0,14,331
24,47%,6,79%,8031,0,2,5,Fortaleza,1,0,18,399
0,,0,,3238,0,0,0,  Ceara,16,0,0,0
7,68%,2,86%,7394,0,1,1,Chapecoense,13,1,15,545
11,48%,4,81%,6537,0,2,3,Corinthians,4,0,13,474
0,,0,,1551,0,0,0,  Juventude,41,0,0,0
0,,0,,2478,0,0,0,Vitoria,16,0,0,0
0,,0,,8563,0,0,0,Vitoria,16,0,0,0
0,,0,,2559,0,0,0,Flamengo,24,0,0,0
13,43% un,0,,4928,0,1,0,Atletico-MG,33,0,16,393
0,,0,,885,0,0,0,Flamengo,28,0,0,0
0,null,0,,4625,0,0,0,Goias,2,0,0,0
0,,0,,3799,0,0,0,Sao Paulo,34,0,0,0
0,,0,,539,0,0,0,Internacional,45,0,0,0
0,,0,,2884,0,0,0,Barueri,18,0,0,0
0,,0,,8753,0,0,0,Fluminense,35,0,0,0
0,,0,,1554,0,0,0,Flamengo,41,0,0,0
17,51%,0,,5064,0,2,2,ATHLETICO-PR,8,4,10,381
0,,0,,2743,0,0,0,Fluminense,4,0,0,0
14, 56% ,8,N/A,8162,0,2,7,Fluminense,14,3,18,510
0,,0,,2852,0,0,0,Corinthians,15,0,0,0
0,,0,,2627,0,0,0,Goias,31,0,0,0
20,53%,6,85%,6255,1,3,4,Athletico-PR,13,2,11,436
0,,0,,3385,0,0,0,Santos,30,0,0,0
0,,0,,8632,0,0,0,Palmeiras,23,0,0,0
17,  ,4,90%,7197,0,1,9,  Atletico-MG,32,0,11,684
0,,0,,2200,0,0,0,Cruzeiro,25,0,0,0
0,,0,,3249,0,0,0,Cruzeiro,17,0,0,0
10,62%,3,74%,7309,0,2,6,Internacional,5,1,16,407
7,42%,1,72%,6920,0,3,3,Atletico-GO,4,2,17,337
0,,0,,2968,0,0,0,Santo Andre,27,0,0,0
11,43%,4,75%,6885,0,1,3,Bahia,38,3,15,308
0,,0,,2206,0,0,0,Nautico,25,0,0,0
0,,0,,3581,0,0,0,Ceara,11,0,0,0
0,,0,,1366,0,0,0,Internacional,24,0,0,0
9,40%,0,,5204,0,3,3,  Goias,22,1,11,350
0,,0,,1684,0,0,0,Athletico-PR,12,0,0,0
0,,0,,128,0,0,0,FORTALEZA,11,0,0,0
4,33%,1,  ,6601,0,6,1,CSA,10,0,18,296
0,,0,,1318,0,0,0,Atletico-MG,20,0,0,0
15,40%,0,,5663,0,0,4,America-MG,30,1,11,354
4,35%,2,77%,7419,0,1,3,Sport,16,0,11,348
0,,0,,4494,0,0,0,Vasco,27,0,0,0
0,,0,,2777,0,0,0,Athletico-PR,8,0,0,0
21,57%,6,,6082,0,1,8,Bahia,34,0,12,446
13,58%,9,90%,8910,0,6,10,Corinthians,13,3,17,458
0,,0,,4294,0,0,0,Nautico,7,0,0,0
0,,0,,2734,0,0,0,Sport,3,0,0,0
21,71%,8,,6105,0,2,3,Palmeiras,36,1,10,694
0,,0,  ,1195,0,0,0,Internacional,9,0,0,0
NAN,,0,,2264,0,0,0,Figueirense,32,0,0,0
0,,0,,4206,0,0,0,  Sport,36,0,0,0
0,,0,,8578,0,0,0,Cruzeiro,18,0,0,null
0,,0,,174,0,-5,0,sao paulo,15,0,0,0
6,41%,2,76%,6464,0,2,3,Gremio,34,0,13,359
,,0,,2015,0,0,0,Sport,6,0,0,0
0,,0,,4841,0,0,0,Coritiba,23,0,0,-
0,,0,,2177,0,0,0,Sao Paulo,23,0,0,0
10,59%,2,  ,8006,0,4,7,Sao Paulo,37,2,11,511
0,,0,,3083,0,0,0,Santos,38,0,0,0
0,null un,0,,1968,0,0,0,Corinthians,3,0,0,0
,37%,3,76%,7723,1,5,2,Flamengo,8,4,16,302
0,  ,0,,1814,0,0,0,Corinthians,25,0,0,N/A
0,,0,,1750,0,0,0,Cruzeiro,19,0,0,0
15,47%,2,78%,8085,0,2,5,AMERICA-MG,6,5,10,380
0,,0,,2438,0,0,0,ipatinga,12,0,0,0
0,,0,N/A,8600,0,0,0,Botafogo-RJ,20,0,0,0
,,0,,934,0,0,0,Criciuma,32,0,0,0
0,,0,,1762,0,0,0,Internacional,20,0,0,0
0,,0,,3232,0,0,0,Flamengo,15,0,0,0
0,,0,,8581,0,0,0,Corinthians,18,0,0,0
9,null,2,88%,6147,0,2,2,Athletico-PR,3,1,12,
0,,0,null,3478,0,0,0,  Santos,2,0,0,0
0,,0,,3035,0,0,0,Gremio,33,0,0,0
0,,0,,3980,0,0,0,Vasco,14,0,0,0
6,35% un,0,,5206,0,4,4,Gremio,22,1,9,330
0,,0,,1046,0,0,0,Atletico-MG,42,0,0,0
0,,0,,51,0,0,0,Flamengo   ,5,0,0,0
0,,0,,908,0,0,0,Corinthians,30,0,0,0
11,43%,6,81%,6270,0,2,6,botafogo-rj,15,1,20,315
0,,0,,2279,0,0,0,Atletico-MG,34,0,0,0
0,,0,,1015,0,0,0,Corinthians,39,0,0,0
0,,0,,1177,0,0,0,Santos,7,0,0,0
31,69%,9,85%,7638,0,0,8,Ceara,38,0,4,620
0,,0,,3769,0,0,0,Gremio,31,0,0,0
0,,0,,4356,0,0,0,Gremio,13,0,0,0
8,53%,0,,5183,0,3,0,Athletico-PR,20,2,12,491
0,,0,,1983,0,0,0,Sport,4,0,0,0
0,,0,,4590,0,0,0,Criciuma   ,37,0,0,0
14,40%,3,,6084,0,2,10,Ponte Preta,34,1,15,-
5,40%,1,73%,8179,0,2,5,corinthians,16,4,20,333
16,33%,4,71%,8177,0,4,7,America-MG,16,4,13,289
  ,,0,,1951,0,0,0,  Internacional,1,0,0,0
0,,0,,2997,0,0,0,Santos,30,0,0,0
0,,0,,866,0,0,0,parana,27,0,0,0
0,,0,,766,0,0,0,  Figueirense,18,0,0,0
null,45%,4,82%,7976,0,4,2,Santos   ,34,2,16,439
  ,59%,2,,7808,0,3,8,Santos   ,17,1,12,474
0,,0,  ,8645,0,0,0,  Athletico-PR,24,0,0,0
0,,0,,40,0,0,0,Corinthians   ,3,0,0,0
19,54%,7,87%,8212,0,2,8,Flamengo,19,3,13,561
0,,0,,3738,0,0,0,Coritiba,28,0,0,  
0,,0,,2967,0,0,0,Nautico,27,0,0,0
20,66%,0,,5478,0,4,7,Vitoria   ,12,3,22,472
0,-,0,,2381,0,0,0,Internacional,6,0,0,0
0,,0,-,1158,0,0,0,Figueirense   ,5,0,0,0
0,,0,,2099,0,0,0,Gremio,15,0,0,0
4,45%,3,81%,7106,0,4,2,Botafogo-RJ,23,4,19,397
8,null,0,,4870,0,2,6,Athletico-PR,26,1,19,269
11,40%,2,75%,7409,1,1,4,Cuiaba,15,2,15,315
0,,0,,8735,0,0,0,Flamengo,33,0,0,0
0,,0,,895,0,0,0,santos,29,0,0,0
9,36%,2,76%,6941,0,3,3,Palmeiras,11,2,21,336
0,,0,,650,0,0,0,Botafogo-RJ,9,0,0,0
0,,0,-,710,0,0,0,Internacional,14,0,0,0
null,35%,2,73%,6482,0,2,3,Vasco   ,36,1,19,246
16,63%,0,,5613,0,0,3,Atletico-MG,25,1,13,612
13,N/A,4,88%,7178,0,2,2,Coritiba,30,0,13,N/A
11,48%,4,75%,7917,0,3,5,Santos,28,1,19,358
-,,0,,1756,0,0,0,Vasco,19,0,0,0
3,66%,0,87%,8091,0,2,4,Fluminense,7,1,14,539
0,,0,,3696,0,0,0,Bahia,23,0,0,0
0,,0,,192,0,0,0,BAHIA,16,0,0,0
8,47%,0, - ,5703,0,2,2,ATHLETICO-PR,34,4,18,337
0,,0,,757,0,0,0,Corinthians,18,0,0,0
14,53%,5,83%,6221,0,2,5,Gremio,10,0,13,449
21,63%,0,,5464,1,3,2,Gremio,10,1,11,557
0,,0,,1033,0,0,0,Botafogo-RJ,41,0,0,0
11,36%,5,66%,7385,0,3,4,Sport   ,12,2,22,274
0,,0,,4241,0,0,0,Coritiba,2,0,0,0
9,60%,4,83%,7409,0,2,11,Bahia,15,5,17,455
8,41%,0,,5596,1,3,5,Santos,23,2,8,341
0,,0,,4295,0,0,0,Goias,7,0,0,0
11,67%,4,,6562,1,2,3,Fluminense,6,2,10,603
16,,4,93%,9011,0,2,7,Atletico-MG,23,1,12,
0,,0,,3660,0,0,0,  Atletico-MG,20,0,0,0
0,,0,,8493,0,0,0,  Gremio,9,0,0,0
8,60%,2,null,6739,0,1,5,SAO PAULO,24,2,15,565
0,,0,,4166,0,0,0,Botafogo-RJ,32,0,0,0
0,,0,,702,0,0,0,Athletico-PR,13,0,0,0
15,27%,3,,5888,0,2,3,Avai,15,1,18,257
0,,0,,348,0,0,0,Coritiba,29,0,0,0
0,,0,,4167,0,0,0,Coritiba,33,0,0,0
0,  ,0,,452,0,0,0,Criciuma,38,0,0,0
0,,0,,4567,0,0,0,botafogo-rj,35,0,0,0
3,36%,2,67%,8314,1,3,2,Coritiba,29,2,21,287
-,,0,,2244,0,0,0,Cruzeiro,30,0,0,0
null,73%,3,84%,7538,0,3,7,Flamengo,28,1,16,543
2,45%,0,,5160,0,3,1,Chapecoense,18,0,16,450
19,55%,4,82%,7915,0,3,10,Atletico-GO,27,0,19,398
0,,0,,809,0,0,0,Flamengo,22,0,0,0
0,,0,,2030,0,0,0,Vasco,8,0,0,0
9,33%,2,73%,7770,0,4,4,Goias,13,1,13,300
20,47%,9,76%,6164,0,1,9,Sport,4,1,18,343
0,,0,,4613,0,0,0,Atletico-MG,1,0,0,0
5,40%,0,,5049,0,4,3,Sao Paulo,7,1,29,322
17,58%,3,89%,6205,0,1,7,Santos,8,1,6,610
  ,,0,,1140,0,0,0,Coritiba,4,0,0,0
9,52%,1,  ,7500,0,2,5,Internacional,24,1,16,373
12,49%,5,84%,7173,0,0,3,Botafogo-RJ,29,4,13,458
0,,0,,903,0,0,0,Juventude,30,0,0,0
21,,4, 87% ,6789,0,1,10,fluminense,29,2,8,686
0,,0,,3435,0,0,0,Sao Paulo,35,0,0,0
null,,0,,1414,0,0,0,Goias,29,0,0,0
8,27%,2,70%,7561,1,4,4,CEARA,29,1,8,217
25,58%,0,,5181,0,1,6,Ponte Preta,20,3,12,587
14,null,6,83%,7832,0,2,5,Atletico-MG,19,2,11,521
11,38%,6,82%,8865,0,2,6,Ceara,8,3,19,219
17,47%,7,82%,8238,1,3,12,Botafogo-RJ,22,1,14,405
14,49%,3,,5894,0,1,9,Atletico-GO,15,2,34,295
0,,0,,4914,0,0,0,Internacional,31,0,0,0
0,,0,,4026,0,0,0,Vasco,18,0,0,0
13,46%,6,null,6643,0,3,7,Botafogo-RJ,14,1,11,367
0,,0,-,2698,0,0,0,Vasco,38,0,0,N/A
0,,0,,2260,0,0,0,Corinthians,32,0,0,0
11,42%,3,79%,6172,0,2,3,Chapecoense,5,1,18,-
9,,3,95%,9012,0,2,7,Flamengo,23,0,11,593
13,51%,2,null,7540,1,3,2,Corinthians,28,1,11,514
0,,0,,2511,0,0,0,Vasco,19,0,0,0
0,,0,,4362,0,0,0,Gremio,14,0,0,0
0,,0,,4187,0,0,0,Botafogo-RJ,35,0,0,0
21,66%,10, 92% ,6654,0,2,8,Cruzeiro,15,1,16,
10,42%,4,76%,6910,0,1,3,Bahia,3,2,16,381
0,,0,,3388,0,0,0,Guarani   ,31,0,0,0
0,N/A,0,,1656,0,0,0,Goias,9,0,0,0
21,43%,3,77%,6577,0,2,7,Palmeiras,8,1,16,304
  ,,0,,3943,0,0,0,Flamengo   ,10,0,0,0
0,,0,,8562,0,0,0,Sao Paulo,16,0,0,0
,,0,,4656,0,0,0,Sport,5,0,0,0
0,,0,,3590,0,0,0,Sao Paulo   ,13,0,0,0
  ,,0,,2,0,0,0,Gremio,1,0,0,0
0,,0,,4357,0,0,0,BAHIA,14,0,0,0
0,,0,,4200,0,0,0,Cruzeiro,36,0,0,N/A
17,63%,11,null,8192,0,0,10,Sao Paulo,17,7,14,546
0,  ,0,,1593,0,0,0,Santos,3,0,0,0
12,44%,0,,5056,0,4,7,Athletico-PR,7,0,22,344
0,,0,,2554,0,0,0,Atletico-MG,23,0,0,0
16,62%,1,,6069,0,2,9,Athletico-PR,33,0,11,549
0,    ,0,,173,0,0,0,Corinthians,15,0,0,0
12,56%,0,,5723,0,1,5,Flamengo,36,3,15,497
0,,0,,3316,0,0,0,Ceara,23,0,0,0
0,,0,,1469,0,0,0,Internacional,34,0,0,0
0,,0,,2691,0,0,0,  Atletico-MG,37,0,0,0
0,,0,,2691,0,0,0,Santos,37,0,0,0
0,,0,,4136,0,0,0,Gremio,29,0,0,N/A
14,  ,7,81%,8193,0,1,4,Palmeiras,17,7,12,438
  ,,0,,1856,0,0,0,Vasco,29,0,0,0
0,,0,,3784,0,0,0,Internacional,32,0,0,0
0,,0,,3123,0,0,0,Cruzeiro,4,0,0,0
0,,0,,22,0,0,0,Sao Caetano,2,0,0,0
18,66%,8,91%,8943,0,1,6,Vasco,16,1,17,null
0,,0,,4232,0,0,0,Sao Paulo,1,0,0,0
,,0,,398,0,0,0,Internacional,34,0,0,0
0,,0,,4689,0,-8,0,Vitoria,9,0,0,0
11,56%,3,,6022,1,1,7,Vitoria,27,1,18,428
12,-,0,79%,6572,0,3,2,CSA,7,0,11,304
5,43% un,1,73%,7303,0,1,4,FORTALEZA,4,6,13,N/A
0,,0,,3090,0,0,0,Sao  Paulo,1,0,0,0
12,41%,0,,5115,0,1,4,Palmeiras,13,3,17,351
11,49%,4,  ,7699,1,5,2,Ceara,7,1,13,394
8,  ,3,85%,8261,0,3,0,Coritiba,24,2,15,412
5,43%,0,,5519,0,2,1,Atletico-MG,16,3,19,  
0,,0,,1012,0,0,0,  Cruzeiro,39,0,0,0
0,,0,  ,2982,0,0,0,Corinthians,28,0,0,0
0,,0,,24,0,0,0,Goias   ,2,0,0,0
0,,0,,4182,0,0,0,Sao Paulo,34,0,0,null
20,63%,7,84%,7504,0,2,7,Gremio,24,0,15,571
0,,0,,2159,0,0,0,Athletico-PR,21,0,0,0
0,,0,,674,0,0,0,Parana,11,0,0,0
0,,0,,3861,0,0,0,Sao Paulo,2,0,0,0
0,,0,,2769,0,0,0,  Santo Andre,7,0,0,0
15,40%,3,77%,7572,0,4,6,Fortaleza,31,5,15,333
13,54%,2,84%,7983,0,2,4,Sao Paulo,34,2,10,459
13,39%,0,,5637,0,3,6,Sport,28,2,30,341
0,,0,,8444,0,0,0,Internacional,4,0,0,0
0,,0,,6635,0,0,0,Sao Paulo,13,0,0,0
0,,0,,3901,0,0,0,Flamengo,6,0,0,0
0,  ,0,,747,0,0,0,Vitoria,17,0,0,null
0,,0,,2610,0,0,0,Vitoria,29,0,0,0
13,44%,0,,5243,0,2,5,INTERNACIONAL,26,4,15,348
12,41%,5,78%,7923,0,2,3,Bragantino,28,0,15,384
0,,0,,2561,0,0,0,SPORT,24,0,0,0
0,,0,,8481,0,0,0,Athletico-PR,8,0,0,0
,50%,0,,4988,0,2,11,Palmeiras,1,2,20,406
8,38%,2,81%,7213,0,2,2,SPORT,33,0,15,349
0,N/A,0,,346,0,0,0,  Ponte Preta,29,0,0,0
0,,0,,1986,0,0,0,Nautico,4,0,0,0
0,,0,,3593,0,0,0,Corinthians,13,0,0,0
9,null,3,74%,8208,0,1,3,Goias   ,19,1,12,344
0,,0,,6765,0,0,0,Fluminense,26,0,0,-
8,54%,7,86%,8069,0,2,1,Atletico-MG,5,1,17,551
13,54%,0,,5373,0,2,6,Figueirense,1,1,8,376
0,,0,,2568,0,0,0,Athletico-PR,25,0,0,0
0,,0,,3265,0,0,0,Sao Paulo,18,0,0,0
0,-,0,,3828,0,-6,0,Corinthians,37,0,0,0
0,,0,,8692,0,0,0,flamengo,29,0,0,0
14,40%,5,79%,8147,0,0,4,fortaleza,13,2,14,361
0,N/A,0,,3603,0,0,0,vasco,14,0,0,0
17,45%,0,87%,7807,0,1,6,Coritiba,17,1,11,447
0,,0,,3205,0,0,0,Vasco,12,0,0,0
0,,0,,791,0,0,0,SAO PAULO,20,0,0,0
10,45%,0,,5145,0,2,3,Santos,16,0,14,395
0,,0,,2900,0,0,0,Sport,20,0,0,0
16,N/A,3,,5980,0,1,7,Corinthians,24,3,15,558
0,,0,,3208,0,0,0,Guarani,13,0,0,0
12,54%,5,88%,9031,0,5,1,Bahia,25,1,13,352
0,-,0,,4878,0,0,0,Criciuma,27,0,0,0
0,   un,0,,1419,0,0,0,Fluminense,29,0,0,0
13,null,4,80%,6526,0,2,8,vasco,3,0,21,342
17,53%,0,,5745,0,0,13,Ponte Preta,38,0,14,412
0,,0,,4563,0,0,0,Cruzeiro,34,0,0,0
13,68%,4,,5827,0,2,6,Palmeiras,9,5,10,536
0,,0,,2246,0,0,0,Fluminense,30,0,0,null
14,48%,4,78%,7716,1,3,1,Bragantino,8,1,22,357
0,N/A,0,,4971,0,0,0,Santos,37,0,0,0
0,-,0,-,1108,0,0,0,Flamengo,1,0,0,0
0,,0,  ,355,0,0,0,Goias,30,0,0,0
0,,0,,3731,0,0,0,Vasco,27,0,0,0
0,,0,,2730,0,0,0,Sao Paulo,3,0,0,0
0,,0,,2836,0,0,0,Corinthians,13,0,0,0
0,,0,,345,0,0,0,Parana   ,29,0,0,0
0,,0,,4625,0,0,0,Criciuma,2,0,0,0
0,,0,,4300,0,0,0,Santos,8,0,0,0
14,51%,6,81%,6995,0,2,4,Vasco,10,2,8,443
0,,0,,1295,0,0,0,Juventude,18,0,0,0
-,67%,2,88%,7314,0,1,9,Atletico-MG,5,0,9,593
0,,0,,1283,0,0,0,Corinthians,17,0,0,0
0,,0,,8637,0,0,0,Cuiaba,24,0,0,0
0,,0,,1715,0,0,0,Santa Cruz,15,0,0,0
0,,0,,1711,0,0,0,Internacional,15,0,0,0
0,,0,,2948,0,0,0,Internacional,25,0,0,0
0,,0,,1182,0,0,0,Vasco,8,0,0,0
9,50% un,7,79%,6631,0,1,3,Corinthians,13,1,11,371
0,,0,,4074,0,0,0,  Portuguesa,23,0,0,0
0,,0,,4411,0,0,0,PORTUGUESA,19,0,0,0
0,,0,,4070,0,0,0,Sao Paulo,23,0,0,0
26,70%,7,,5916,0,5,15,Sport,18,0,14,503
0,,0,,4169,0,0,0,PONTE PRETA,33,0,0,0
,,0,N/A,722,0,0,0,Corinthians,15,0,0,0
8, 63% ,3,93%,8981,2,2,4,Atletico-MG,20,1,16,401
12,43%,0,,5622,0,0,6,Ponte Preta,26,4,12,362
0,,0,,3594,0,0,0,Athletico-PR,13,0,0,0
0,,0,,3605,0,0,0,Internacional,14,0,0,0
0,,0,,4828,0,0,0,CRUZEIRO,22,0,0,0
7,25%,2,67%,7391,0,2,2,Atletico-GO,13,2,7,242
13,59%,3,85%,6951,0,1,5,Coritiba,6,0,14,562
0,,0,,2911,0,0,0,sao paulo,21,0,0,0
,55%,2,85% un,7155,0,3,9,Atletico-GO,27,1,15,480
0,,0,,1255,0,0,0,Ponte Preta,14,0,0,0
5,43%,3,,5838,0,5,2,corinthians,10,0,16,448
0,,0,,2289,0,0,0,Gremio,35,0,0,N/A
4,-,3,,5874,0,2,2,Gremio,13,1,20,388
null,,0,  ,878,0,0,0,Sao Paulo,28,0,0,0
16,28%,8,72%,7339,0,0,4,America-MG,8,5,9,238
0,,0,,3056,0,0,0,internacional,35,0,0,0
18,46%,8,80%,6257,0,2,10,Sao  Paulo,14,2,9,315
13,48% un,8,74%,6346,0,1,8,BAHIA,23,1,19,409
19,49%,8,94%,8871,1,4,10,Vitoria,9,2,21,369
0,,0,,8454,0,0,0,Internacional,5,0,0,0
23,59%,0,,5113,0,1,10,athletico-pr,13,1,12,456
7,50%,4,87%,8804,0,4,3,Palmeiras,2,0,20,323
0,,0,  ,2096,0,0,0,Sport,14,0,0,0
0,,0,,1725,0,0,0,Sao Paulo,16,0,0,0
  ,42%,5,87%,8864,0,0,2,BOTAFOGO-RJ,8,2,11,363
0,,0,,3449,0,0,0,Flamengo   ,37,0,0,  
0,,0,,676,0,0,0,guarani,11,0,0,-
19,57%,8,84%,7852,0,2,5,palmeiras,21,3,12,438
0,,0,,1990,0,0,0,Flamengo,5,0,0,0
0,,0,,1348,0,0,0,Goias,23,0,0,0
9,34%,3,80%,7435,0,3,6,Fluminense,17,2,16,306
13,56%,6,90%,8861,0,0,4,Cruzeiro   ,8,2,5,456
10,52%,4,92%,9157,0,2,5,Fluminense,38,0,11,382
12,49%,3,84% un,6237,0,5,3,America-MG,12,2,13,413
21,46%,7,78%,6817,0,2,9,Palmeiras,32,3,12,323
15,72%,8,85%,7880,0,2,7,Sao Paulo,24,1,10,613
18,51%,6,86%,8267,0,1,3,Fortaleza,25,1,10,482
0,,0,,8704,0,0,0,Bragantino,30,0,0,0
10,52%,5,86%,6134,0,4,7,SAO PAULO,1,3,20,480
N/A,51%,3,78%,7331,1,2,6,Atletico-MG,7,4,16,408
25,53%,0,,5703,0,2,9,Vitoria,34,2,13,353
0,,0,,3608,0,0,0,Gremio,15,0,0,0
0,,0,,3275,0,0,0,Atletico-GO,19,0,0,0
0,  ,0,,4657,0,0,0,Coritiba,6,0,0,0
0,null,0,,2129,0,0,0,Nautico,18,0,0,0
0,,0,,4264,0,0,0,Bahia,4,0,0,0
0,,0,,2594,0,0,0,Internacional,27,0,0,0
9,  ,7,77%,7226,1,3,8,Bahia,35,1,18,379
14,52%,5,87%,6624,0,1,1,Corinthians,12,1,16,450
0,,0,,2264,0,0,0,Santos,32,0,0,0
10,53%,4,86%,6771,0,5,7,Fluminense,27,1,13,408
0,,0,,3568,0,0,0,FLUMINENSE,10,0,0,
7,47%,3,79%,7832,0,1,0,  Corinthians,19,0,12,474
,,0,,3707,0,0,0,America-MG,25,0,0,0
0,,0,,582,0,0,0,Gremio,3,0,0,0
3,26%,0,,4989,1,0,3,Joinville,1,1,14,250
0,,0,,4204,0,0,0,Internacional,36,0,0,0
8,36%,1,71%,7632,0,1,1,Cuiaba,37,4,22,279
9,62%,5,87%,6157,0,4,7,Atletico-MG,4,2,14,535
0,,0,,3081,0,0,0,Sport,38,0,0,0
0,,0,,1043,0,0,0,Figueirense,41,0,0,0
23,51% un,9,77%,6296,0,3,8,Ceara,20,1,11,373
17,42% un,3,81%,6366,0,2,4,Ceara,25,0,23,
19,58%,3,,5848,0,1,11,Sport,11,0,12,466
8,-,4,88%,7786,0,1,6,Atletico-MG,15,0,11,475
0,,0,,3000,0,0,0,Sport,30,0,0,0
14,62%,10,87%,7270,0,2,3,Flamengo,1,0,25,503
0,,0,,2552,0,0,0,Palmeiras,23,0,0,0
0,,0,,4080,0,0,0,Coritiba,24,0,0,0
0,,0,,678,0,0,0,Juventude,11,0,0,0
0,,0,,716,0,0,0,Parana,14,0,0,0
0,,0,,4403,0,0,0,Cruzeiro,18,0,0,0
0,,0,,8463,0,0,0,Criciuma,6,0,0,0
0,,0,,1536,0,0,0,Brasiliense,40,0,0,0
11,56%,5,85%,8115,0,0,0,Flamengo,9,0,18,538
7,48%,3,76%,7442,0,2,6,INTERNACIONAL,18,1,15,397
0,,0,,4633,0,0,0,Botafogo-RJ,3,0,0,0
13,44%,2,79%,6143,0,2,8,palmeiras,2,0,14,390
23,62%,9, 88% ,7098,0,1,4,flamengo,22,0,16,656
0,,0,,1853,0,0,0,INTERNACIONAL,29,0,0,0
9,32%,7,71%,7805,0,5,2,America-MG,16,2,8,309
6,31%,2,,6073,0,2,3,Chapecoense,33,1,14,287
0,,0,,2142,0,0,0,Figueirense,19,0,0,0
0,,0,,282,0,0,0,Atletico-MG   ,24,0,0,0
12,42%,2,72%,7335,0,2,5,Atletico-GO,7,1,24,336
9,56%,0,,5185,0,2,5,Sao Paulo,20,2,15,364
0,,0,,8738,0,0,0,Atletico-GO,34,0,0,0
13,30%,6,67%,6374,0,1,6,Sport,25,1,19,273
0,,0,,4153,0,0,0,Santos,31,0,0,0
0,,0,,3278,0,0,0,Cruzeiro,20,0,0,
0,,0,,3645,0,0,0,Santos,18,0,0,0
N/A,,0,,1023,0,0,0,Guarani,40,0,0,0
0,,0,,414,0,0,0,guarani,35,0,0,0
-,,0,,2961,0,0,0,Coritiba,26,0,0,0
20,47%,5,76%,7902,0,1,6,Botafogo-RJ,26,1,11,366
0,,0,,1525,0,0,0,Goias,39,0,0,0
11,46%,5,88%,8824,0,3,3,Santos,4,0,10,270
0,,0,,2886,0,0,0,Atletico-MG,18,0,0,0
0,,0,,146,0,0,0,Guarani,13,0,0,0
5,63%,2,91% un,8917,0,2,3,Corinthians,14,2,13,338
14,56%,8,,6940,0,0,4,Atletico-MG,11,4,14,-
0,,0,,2033,0,0,0,Parana,8,0,0,0
0,,0,,1206,0,0,0,Goias,10,0,0,0
8,55%,5,91%,8971,0,1,3,Palmeiras,19,5,7,460
-,,0,,4121,0,0,0,Internacional,28,0,0,0
0,,0,,4515,0,0,0,Goias,29,0,0,0
15,46%,5,71%,7783,0,3,4,Goias,14,2,14,311
15,71%,3,,5907,0,1,8,Palmeiras,17,1,19,661
0,,0,,3989,0,0,0,Portuguesa,15,0,0,0
0,,0,,321,0,0,0,Corinthians   ,27,0,0,-
17,,4,85%,6555,0,6,7,Gremio,5,1,16,493
20,68%,9,87%,7306,0,2,14,Flamengo,5,0,15,
13,60%,5,,5320,0,3,6,Fluminense,34,3,12,522
15,40%,3,90%,8890,1,3,5,Santos,11,0,13,281
12,55%,2,80%,6152,0,3,7,Fluminense,3,2,17,370
8,45%,2,76%,8367,0,4,1,Vasco,35,2,19,350
0,,0,,1022,0,0,0,Goias   ,40,0,0,0
N/A,44%,3,74%,7163,0,3,3,Atletico-GO,28,2,19,339
,45%,3,75%,8211,0,1,6,Santos,19,3,20,-
9,42%,0,,5054,0,-11,2,Figueirense,7,4,26,229
0,,0,,2642,0,0,0,Gremio,32,0,0,0
15,42%,0,,5558,0,2,11,ponte preta,20,1,21,272
14,58%,8, 87% ,6901,0,1,7,Gremio   ,2,0,7,571
0,,0,,1152,0,0,0,FLUMINENSE,5,0,0,0
21,63%,6,87%,7980,0,0,5,Internacional   ,34,2,8,526
18, 36% ,8,-,6485,0,2,7,Chapecoense,36,1,22,283
0,,0,,3241,0,0,0,SAO PAULO,16,0,0,0
3,26%,0,,4989,1,0,3,Joinville,1,1,14,250
0,,0,,982,0,0,0,Athletico-PR,36,0,0,null
0,,0,,3073,0,0,0,Cruzeiro,37,0,0,0
0,,0,,2415,0,0,0,Sao Paulo,9,0,0,0
12,52%,2,69%,6381,0,2,6,Sport,26,2,16,396
18,,0,,5383,0,0,6,chapecoense,2,3,12,495
15,52%,0,,5577,0,2,8,Ponte Preta,22,6,15,471
11,54%,3,,6692,0,1,5,Bahia,19,5,16,383
0,,0,,953,0,0,0,Sao  Caetano,34,0,0,0
6,  ,0,,5251,2,5,6,Santos,27,3,10,357
8,34%,0,,5757,0,2,4,Atletico-GO,2,0,11,332
0,N/A,0,,1523,0,0,0,Juventude,39,0,0,0
0,,0,,1553,0,0,0,Sao Paulo,41,0,0,0
0,,0,,4252,0,0,0,  Corinthians,3,0,0,0
0,,0,,2109,0,0,0,Palmeiras,16,0,0,0
8,28%,2,,6081,1,1,2,Vitoria,34,1,16,255
-,,0,,577,0,0,0,BOTAFOGO-RJ,3,0,0,0
5,43%,1,78%,6858,0,4,3,avai,36,0,26,377
0,,0,,2064,0,0,0,  Cruzeiro,29,0,0,0
6,38%,0,,5091,0,2,5,Goias,11,3,12,382
9,43%,3,83%,7599,0,1,2,Santos,33,1,14,395
0,,0,,8407,0,0,0,  Juventude,1,0,0,  
15, 60% ,6,86%,7933,0,1,7,Corinthians,29,1,11,650
4,-,0,,5164,0,1,1,Avai,18,1,6,318
16,null,5,85%,6529,0,1,8,Chapecoense,3,1,16,384
0,,0,,3670,0,0,0,  Flamengo,21,0,0,0
19,68%,7,,6049,0,1,8,  Corinthians,31,1,12,567
0,,0,,4030,0,0,0,Internacional,19,0,0,0
0,,0,,2530,0,0,0,  Sao Paulo,21,0,0,0
15,69%,0,,5739,0,2,10,Gremio,38,1,10,611
0,,0,,4528,0,0,0,Criciuma,31,0,0,0
0,,0,,4098,0,0,0,Nautico,26,0,0,0
0,,0,,1638,0,0,0,Figueirense,8,0,0,0
0,,0,,4323,0,0,0,Botafogo-RJ,10,0,0,-
0,,0,,1842,0,0,0,Cruzeiro,28,0,0,0
0,,0,-,2214,0,0,0,Figueirense   ,26,0,0,0
0,,0,,2488,0,0,0,Nautico,17,0,0,-
0,,0,,4041,0,0,0,Ponte Preta,20,0,0,0
null,,0,,427,0,0,0,Bahia   ,36,0,0,0
0,,0,,237,0,0,0,Goias,20,0,0,N/A
,,0,,3958,0,0,0,Sport,12,0,0,0
16,49%,5,80%,6289,0,3,8,Vitoria,17,0,19,388
0,,0,,3012,0,0,0,Coritiba,31,0,0,0
N/A,62%,3,,6045,0,2,2,Corinthians,30,0,14,629
8,36%,2,71%,6700,0,4,3,Chapecoense,20,0,19,303
0,,0,,3204,0,0,0,Cruzeiro,12,0,0,0
0,,0,,687,0,0,0,Athletico-PR,12,0,0,0
19,54%,5,-,8799,1,1,12,atletico-mg,2,0,15,407
0,,0,,369,0,0,0,Athletico-PR,31,0,0,0
0,,0,,643,0,0,0,VASCO,8,0,0,0
0,,0,,4650,0,0,0,Figueirense,5,0,0,0
0,,0,,8655,0,0,0,Vitoria,25,0,0,
9,,1,  ,6535,0,2,1,Avai,3,1,15,367
0,,0,,2337,0,0,0,Botafogo-RJ,2,0,0,0
0,,0,,229,0,0,0,FLUMINENSE,20,0,0,0
13,49%,4,,5463,0,2,5,Athletico-PR,10,3,17,305
11,  ,4,,5182,0,3,3,Joinville,20,3,26,320
20,77%,9,93%,9094,0,7,7,Internacional,31,4,17,549
0,,0,,1225,0,0,0,CRUZEIRO,11,0,0,
0,,0,,4243,0,0,0,Corinthians,2,0,0,0
N/A,59%,6,82%,7573,0,3,9,America-MG,31,1,14,497
13,,5,83%,8045,0,1,6,BAHIA,2,0,18,539
0,,0,,1141,0,0,0,Internacional,4,0,0,0
,,0,,3780,0,0,0,Vasco,32,0,0,0
6,49%,2,,6039,0,2,2,Gremio,30,4,17,472
0,,0,  ,1658,0,0,0,Fortaleza,10,0,0,0
0,,0,,573,0,0,0,Athletico-PR,2,0,0,0
0,,0,,2710,0,0,0,Internacional,1,0,0,0
0,  ,0,,3664,0,0,0,Santos,20,0,0,0
0,,0,,4418,0,0,0,Cruzeiro   ,20,0,0,0
0,,0,,2779,0,0,0,NAUTICO,8,0,0,0
0,,0,,4398,0,0,0,Vitoria,18,0,0,0
14,44%,8,,5970,0,3,5,Santos,23,3,9,364
0,,0,,4484,0,0,0,Ponte Preta,26,0,0,0
8,38%,2,78%,7232,0,-6,4,Ceara,35,2,17,338
12,48%,4,,5903,0,4,4,Botafogo-RJ,16,0,20,407
0,,0,,21,0,0,0,ATHLETICO-PR,2,0,0,0
13,62%,4,,5430,0,1,4,Sao Paulo   ,7,1,12,546
0,,0,,8423,0,0,0,  Flamengo,2,0,0,-
0,,0,,998,0,0,0,Athletico-PR,38,0,0,0
13,36%,0,,5171,0,0,8,Avai,19,5,15,282
0,,0,,3266,0,0,0,Corinthians,18,0,0,0
15,33%,7,77%,7603,0,2,2,  Juventude,33,1,20,309
0,,0,,764,0,0,0,  Sao Caetano,18,0,0,0
16,48%,5,85%,7257,0,0,4,Bahia,38,2,11,447
11,47%,7,85%,8998,0,2,6,Cruzeiro   ,22,1,10,250
0,,0,,4610,0,0,0,Gremio,1,0,0,0
0,,0,,562,0,0,0,Criciuma,1,0,0,0
0,,0,,4500,0,0,0,CRUZEIRO,28,0,0,0
0,,0,,3641,0,0,0,Flamengo,18,0,0,0
17,54%,0,,5198,0,5,6,Cruzeiro,22,1,22,440
0,,0,,3044,0,-4,0,Internacional,34,0,0,0
12,55%,4,87%,8892,1,3,8,Atletico-MG,11,3,16,356
0,,0,,1198,0,0,0,Corinthians,9,0,0,0
0,,0,,4249,0,0,0,Cruzeiro,3,0,0,0
0,,0,,3203,0,0,0,Goias   ,12,0,0,0
0,,0,,2581,0,0,0,Gremio,26,0,0,
0,,0,,674,0,0,0,Coritiba,11,0,0,0
0,,0,N/A,4744,0,0,0,INTERNACIONAL,13,0,0,0
6,37%,2,72%,7491,0,1,7,  Chapecoense,23,1,11,345
0,,0,,1688,0,0,0,Parana,13,0,0,0
12,58%,6,84%,7695,0,3,5,  Avai,5,0,14,546
17,52%,5,83%,7517,0,4,14,Bahia,26,3,22,375
21,59%,6,84%,7623,0,4,12,Cuiaba,36,3,15,455
9,65%,0,,4741,0,1,5,Flamengo,13,1,13,509
0,,0,,3379,0,0,0,avai,30,0,0,0
0,,0,,4422,0,0,0,Vasco,20,0,0,0
0,null,0,  ,18,0,0,0,Corinthians,2,0,0,0
0,,0,,4387,0,0,0,Nautico,17,0,0,0
0,,0,,3614,0,0,0,Atletico-GO   ,15,0,0,0
7,40%,0,,5092,0,2,4,Fluminense,11,2,16,333
0,,0,,4056,0,0,0,Coritiba,21,0,0,0
14,45%,5,77%,7816,0,0,3,Ceara,18,1,17,366
0,,0,,1321,0,0,0,Cruzeiro,20,0,0,N/A
0,N/A un,0,,4259,0,0,0,Criciuma,4,0,0,0
0,,0,,4914,0,0,0,Bahia,31,0,0,0
11,67%,4,87%,6246,0,0,5,Sport,13,2,12,575
,,0,,311,0,-5,0,Gremio,26,0,0,0
0,,0,,870,0,0,0,Flamengo   ,27,0,0,  
0,,0,,4370,0,0,0,Botafogo-RJ,15,0,0,0
0,,0,,162,0,0,0,Paysandu,14,0,0,0
0,,0,,1708,0,0,0,Juventude   ,15,0,0,0
0,,0,,1362,0,0,0,Juventude,24,0,0,0
0,,0,,2682,0,0,0,Cruzeiro   ,36,0,0,0
0,,0,,3123,0,0,0,Botafogo-RJ,4,0,0,0
14,29%,3,80%,7986,1,1,4,Ceara,35,2,11,283
0,,0,,2500,0,0,0,Sport,18,0,0,0
0,,0,,615,0,0,0,Cruzeiro,6,0,0,0
0,,0,  ,1263,0,0,0,Vasco,15,0,0,0
null,null,0,,3846,0,0,0,Athletico-PR,38,0,0,0
13,39%,0,,5560,0,4,6,Gremio,20,3,15,349
  ,,0,,992,0,0,0,Vasco,37,0,0,0
0,,0,,1368,0,0,0,Corinthians,24,0,0,0
0,,0,,3359,0,0,0,Botafogo-RJ,28,0,0,0
0,,0,,4011,0,0,0,Palmeiras,17,0,0,0
11,51%,3,82%,7733,0,3,2,Atletico-MG,9,4,19,N/A
11,-,1,85%,7177,0,1,5,Fluminense,30,2,23,540
0,,0,,3625,0,0,0,  Gremio,16,0,0,0
0,,0,,2050,0,0,0,Atletico-MG,10,0,0,0
0,,0,,4852,0,0,0,Corinthians,24,0,0,0
9,62%,0,,5256,0,3,5,Athletico-PR   ,27,2,23,407
0,,0,,3223,0,0,0,Vasco,14,0,0,0
0,,0,,8765,0,0,0,Vitoria,36,0,0,0
0,,0,,2625,0,0,0,Sport   ,30,0,0,0
8,59%,3,80% un,6193,0,1,6,Botafogo-RJ,7,6,10,497
0,,0,,2000,0,0,0,Juventude   ,12,0,0,0
7,45%,3,93%,8832,0,1,4,  Vitoria,5,1,14,376
0,,0,,4921,0,0,0,Sport,32,0,0,0
0,,0,,1231,0,0,0,VASCO,12,0,0,N/A
0,,0,,4503,0,0,0,Sao  Paulo,28,0,0,0
15,-,2,,5488,0,2,6,Athletico-PR,13,1,9,484
19,67%,9,,5852,0,3,10,Corinthians,11,2,14,645
14,66%,5,87%,6926,0,4,7,Athletico-PR,5,1,21,-
0,,0,,632,0,0,0,Parana,7,0,0,0
0,,0,,1078,0,0,0,Athletico-PR,44,0,0,0
0,,0,,2730,0,0,0,Palmeiras   ,3,0,0,0
0,,0,,3023,0,0,0,Sao Paulo,32,0,0,0
0,,0,,2363,0,0,0,Vitoria,4,0,0,0
0,,0,,1485,0,0,0,Sao Paulo,35,0,0,
12, 53% ,5,80% un,6365,0,4,6,Atletico-MG,24,3,13,434
17,44%,6,84%,8369,0,2,7,Atletico-MG,35,1,10,425
9,39%,4,72%,6392,0,1,7,Botafogo-RJ,27,2,20,null
0,,0,,1764,0,0,0,Palmeiras   ,20,0,0,0
0,,0,,3857,0,0,0,Atletico-GO,2,0,0,0
0,,0,,2395,0,0,0,Goias,7,0,0,0
12,36%,7,64%,7524,0,3,10,ceara,26,0,14,236
20,53%,11,74%,6535,0,1,9,Bahia,3,0,27,394
0,,0,,2776,0,0,0,  Internacional,7,0,0,0
0,,0,,1118,0,0,0,Brasiliense,2,0,0,0
15,67%,5,86%,8266,0,1,12,Flamengo,25,1,11,535
0,,0,,1295,0,0,0,palmeiras,18,0,0,0
21,65%,8,92%,6566,0,1,8,Flamengo,7,2,16,652
0,,0,,2222,0,0,0,Corinthians,27,0,0,0
0,,0,,1980,0,0,0,Corinthians,4,0,0,0
0,,0,,2049,0,0,0,fluminense,10,0,0,0
0,,0,,2667,0,0,0,Vasco,35,0,0,0
16,38%,4,,9113,0,2,3,Santos,33,1,11,286
0,,0,,6657,0,0,0,ATHLETICO-PR,16,0,0,0
14, 30% ,4,77%,8101,0,4,7,Corinthians,8,2,18,309
null,48%,5,84%,7600,0,4,6,Cuiaba,33,1,14,408
17, 45% ,4,  ,7198,0,2,6,Internacional,32,0,19,382
12,65%,2,91%,7366,0,6,5,Santos,11,0,21,498
0,,0,,1931,0,0,0,PARANA,37,0,0,N/A
0,,0,,214,0,0,0,Sao Paulo,18,0,0,0
0,,0,,2598,0,0,0,PORTUGUESA,28,0,0,0
0,,0,,4936,0,0,0,Bahia   ,33,0,0,0
0,,0,,1754,0,0,0,FORTALEZA,19,0,0,0
0,,0,,3163,0,0,0,Internacional,8,0,0,0
18,43%,0,,5582,0,4,6,Chapecoense,22,1,15,351
10,   un,4,82%,6240,0,2,4,Cruzeiro,12,4,23,471
0,,0,,1563,0,0,0,Juventude,42,0,0,0
0,,0,,8546,0,0,0,bragantino,15,0,0,0
13,48%,6,,5988,0,2,7,Sao Paulo,25,3,13,474
0,,0,,1632,0,0,0,Fluminense,7,0,0,0
0,,0,,4100,0,0,0,Botafogo-RJ,26,0,0,0
13,37%,5,61%,7601,0,4,1,Ceara,33,2,14,239
0,,0,,16,0,0,0,  Guarani,2,0,0,0
0,,0,,2609,0,0,0,Palmeiras,29,0,0,0
7,40%,2,79%,7230,0,3,3,Sport   ,35,1,11,-
0,,0,,717,0,0,0,  Athletico-PR,14,0,0,0
5,52%,3,-,7243,1,4,5,Gremio,36,0,19,520
13,54%,2,75%,7783,1,3,6,  Cuiaba,14,0,16,-
0,,0,  ,4395,0,0,0,Coritiba,17,0,0,0
11,31%,4,68%,6913,1,0,4,Atletico-GO,3,0,13,237
0,,0,,1739,0,0,0,Santa Cruz,18,0,0,0
N/A,,0,,324,0,0,0,CRICIUMA,27,0,0,0
0,,0,,8662,0,0,0,Atletico-MG,26,0,0,0
10,53%,5,84%,6738,0,4,2,Fortaleza,24,4,18,446
0,,0,,6721,0,0,0,  Athletico-PR,22,0,0,0
0,,0,,847,0,0,0,Santos,25,0,0,0
0,,0,,2207,0,0,0,Goias,26,0,0,0
0,,0,,662,0,0,0,Athletico-PR,10,0,0,0
0,,0,,2191,0,0,0,Santos,24,0,0,0
15,60%,3,,5763,0,0,6,Ponte Preta,2,1,12,648
0,,0,,1792,0,0,0,Fluminense,23,0,0,0
0,,0,null,1625,0,0,0,Fluminense,6,0,0,0
0,,0,,4951,0,0,0,Flamengo,34,0,0,0
21,62%,6,84%,7896,0,1,7,ATLETICO-MG,26,1,8,592
15,27%,5,59%,7719,0,5,5,Coritiba   ,8,3,10,188
0,,0,,2844,0,0,0,Cruzeiro   ,14,0,0,0
13,70%,5,null,7082,0,4,7,Flamengo   ,20,1,13,635
13,41%,4,77%,8022,0,3,4,BRAGANTINO,38,5,16,319
0,,0,,4855,0,0,0,Goias,24,0,0,0
0,-,0,null,1381,0,0,0,Juventude,26,0,0,0
0,,0,,4351,0,0,0,Coritiba,13,0,0,0
0,,0,,3091,0,0,0,Vasco,1,0,0,0
N/A,,0,,813,0,0,0,FIGUEIRENSE,22,0,0,0
0,,0,,715,0,0,0,Goias,14,0,0,0
0,,0,,1196,0,0,0,Flamengo,9,0,0,0
0,  ,0,,1291,0,0,0,Palmeiras,17,0,0,0
0,,0,,108,0,0,0,Sao Paulo,9,0,0,0
9,43%,5,81%,6557,0,4,4,Atletico-MG,6,0,14,437
7,51%,1, 76% ,7583,0,1,4,Cuiaba,30,4,13,347
0,,0,,132,0,0,0,Atletico-MG,11,0,0,0
0,,0,,699,0,0,0,Gremio,13,0,0,0
0,,0,-,3309,0,0,0,ATLETICO-GO,23,0,0,0
3,49% un,0,91%,8993,0,2,1,Atletico-MG,21,2,17,423
0,,0,,1711,0,0,0,Santos,15,0,0,0
8,51%,3,72%,6450,0,3,4,Vitoria,33,3,18,332
0,,0,,4975,0,0,0,Goias,37,0,0,0
0,,0,,2015,0,0,0,America-RN,6,0,0,0
  ,53%,1,83%,7506,0,2,3,Fluminense,25,3,15,419
0,,0,,1635,0,0,0,Gremio,7,0,0,0
0,N/A,0,,3778,0,0,0,Fluminense,32,0,0,0
0,,0,,1797,0,0,0,Santa Cruz,24,0,0,0
0,,0,,3604,0,0,0,Bahia   ,14,0,0,0
0,,0,,3836,0,0,0,Bahia,37,0,0,0
0,,0,,1329,0,0,0,Vasco   ,21,0,0,0
0,,0,,8646,0,0,0,Criciuma,25,0,0,0
  ,37%,4,75%,6391,0,6,5,Athletico-PR,27,2,17,317
6,69%,2,  ,6552,0,3,3,Botafogo-RJ,5,0,14,571
14,58%,0,,4846,0,4,4,Chapecoense,23,2,14,-
0,,0,,3715,0,0,0,Botafogo-RJ,25,0,0,0
11,64%,0,,5474,0,2,4,Santos,11,1,8,558
0,,0,,4097,0,0,0,Palmeiras,26,0,0,0
8,58%,1,85%,6366,0,4,3,  Vitoria,25,1,21,551
13,69%,6,89%,9091,0,3,4,Bahia,31,1,10,374
0,,0,,3413,0,0,0,Avai,33,0,0,0
0,,0,-,817,0,0,0,Goias,23,0,0,0
,,0,,1829,0,0,0,Ponte Preta,27,0,0,0
0,,0,,4895,0,0,0,CRUZEIRO,29,0,0,0
10,44%,1,84%,8380,0,3,2,Cuiaba,36,1,13,390
N/A,,0,,1537,0,0,0,Parana,40,0,0,0
16,47%,8,80%,7759,0,3,2,Internacional   ,12,0,14,407
0,,0,,3212,0,0,0,vasco,13,0,0,0
15,51%,8,87%,7585,0,1,6,Atletico-GO,30,2,19,434
19,49%,8,94%,8871,1,4,10,Vitoria,9,2,21,369
12,42%,3,83%,7000,0,1,5,Bragantino,12,1,16,  
14,43%,5,83%,8127,0,2,4,Athletico-PR,11,2,11,365
0,,0,,196,0,0,0,bahia,17,0,0,0
0,null,0,,2451,0,0,0,Goias,14,0,0,0
19,54%,0,,5272,0,3,6,Santos,29,9,24,442
0,null,0,,3874,0,0,0,Fluminense,3,0,0,0
10, 51% ,4,71%,7470,0,3,6,Ceara,21,0,17,390
0,,0,,518,0,0,0,Juventude,44,0,0,0
12,68%,1,84%,6493,0,2,9,Corinthians   ,37,0,13,581
0,,0,,3053,0,0,0,Botafogo-RJ,35,0,0,0
0,,0,,4636,0,0,0,Goias,3,0,0,0
0,,0,,1389,0,0,0,coritiba,26,0,0,0
  ,,0,,1320,0,0,0,flamengo,20,0,0,0
0,,0,,1204,0,0,0,Coritiba,10,0,0,0
0,,0,,2167,0,0,0,parana,22,0,0,0
9,49%,2,76%,7755,1,4,1,  Avai,11,5,22,409
0,,0,,778,0,0,0,Internacional,19,0,0,0
0,,0,,806,0,0,0,Sao Caetano,22,0,0,0
5,43%,0,80% un,7709,0,2,2,Atletico-GO,6,1,14,400
0,,0,,582,0,0,0,Corinthians,3,0,0,0
15,46%,3,,5915,0,1,12,ponte preta,17,2,14,329
null,34%,3,66% un,6222,0,1,1,Vasco,10,3,14,297
,,0,,8530,0,0,0,Bahia,13,0,0,0
18,49%,6,86%,7909,2,1,6,Flamengo,27,4,12,415
16,57%,6,,6203,0,0,4,Flamengo,8,0,10,588
7,60%,5,,5887,0,5,13,Santos,15,7,13,542
10,51%,0,,5308,0,3,4,  Avai,33,1,16,315
13,57%,6,87%,9098,0,7,6,  Bragantino,32,1,19,356
0,,0,,1500,0,0,0,Paysandu,36,0,0,0
  ,51%,4,83%,6522,0,0,8,Vasco,2,0,12,461
0,,0,,3886,0,0,0,Ponte Preta,4,0,0,0
11,,3,40%,7731,0,3,5,Juventude,9,5,21,-
9,36%,4,77%,7532,0,1,3,Atletico-GO,27,1,8,335
12,61%,6,94%,8957,0,1,4,Vasco,18,0,14,564
0,,0,,1501,0,0,0,Juventude,37,0,0,0
null,,0,N/A,3875,0,0,0,Figueirense,3,0,0,-
0,,0,,3381,0,0,0,Gremio,30,0,0,0
18,-,7,81%,8324,0,1,11,FORTALEZA,30,6,16,347
0,,0,,9,0,0,0,Sao Caetano,1,0,0,0
N/A,,0,,4465,0,0,0,Athletico-PR,24,0,0,0
15,43%,6,79% un,8262,0,3,7,Athletico-PR   ,24,1,12,353
0,,0,,666,0,0,0,Corinthians,10,0,0,0
0,,0,,723,0,0,0,Fluminense   ,15,0,0,0
0,,0,,3928,0,0,0,Figueirense   ,9,0,0,0
0,,0,  ,8649,0,0,0,Cruzeiro   ,25,0,0,0
0,,0,,353,0,0,0,FLAMENGO,30,0,0,0
0,,0,,139,0,0,0,Athletico-PR   ,12,0,0,0
0,,0,,3168,0,0,0,Sao Paulo,9,0,0,0
17,37%,0,,5412,0,2,5,Figueirense,5,0,16,257
10,55%,0,,5437,0,5,3,Sao Paulo,8,5,22,422
6,52%,4,80%,7620,0,3,3,Fluminense,36,0,18,334
0,,0,,3654,0,0,0,Bahia,19,0,0,0
0,,0,,136,0,0,0,Figueirense,12,0,0,0
20,61%,0,,5440,0,1,9,Santos,8,2,10,617
12,51%,1,80%,8097,0,1,5,vasco,8,3,15,387
0,,0,,260,0,0,0,Figueirense,22,0,0,0
0,,0,,1605,0,0,0,Goias   ,4,0,0,  
13,45%,4,80%,7915,0,2,2,Internacional,27,1,13,356
0,,0,  ,1279,0,0,0,Palmeiras,16,0,0,0
11,53%,2,86%,7927,0,4,5,Santos,29,1,13,503
0,,0,,1152,0,0,0,Coritiba,5,0,0,0
12,47%,0,,5029,0,5,10,Joinville,5,1,12,314
17,70%,11,91%,6710,0,0,5,Palmeiras,21,0,13,694
0,,0,,3848,0,0,0,Flamengo,1,0,0,0
0,,0,,1617,0,0,0,Goias,6,0,0,0
0,,0,,1402,0,0,0,Paysandu,28,0,0,0
10,44%,5,82%,6854,0,2,5,Vasco   ,35,0,16,376
0,,0,,1071,0,0,0,Parana,44,0,0,0
9,53%,0,,5354,0,2,2,Santos,37,3,12,349
0,-,0,,2240,0,0,0,sao paulo,30,0,0,0
18,51%,10,82%,8206,0,3,7,  Botafogo-RJ,19,0,15,481
19,42%,8,79%,6871,0,3,8,Sao Paulo,37,3,20,368
3,42%,1,80%,6707,1,0,1,Botafogo-RJ,21,1,9,377
0,,0,,3920,0,0,0,Coritiba,8,0,0,0
9,66%,3,75%,7586,0,2,14,Atletico-GO,32,2,13,423
,  ,0,,3745,0,0,0,Ceara,28,0,0,0
15,48%,8,77%,8024,0,2,6,Internacional   ,38,1,13,
0,,0,,1376,0,0,0,Ponte Preta,25,0,0,0
0,,0,,2405,0,0,0,fluminense,8,0,0,0
0,,0,,714,0,0,0,Juventude,14,0,0,0
5, 46% ,3,83%,9165,0,4,4,BRAGANTINO,38,4,15,283
0,,0,,4453,0,0,0,Cruzeiro,23,0,0,0
22,65%,8,,5996,0,3,3,Vasco,26,1,15,566
0,,0,,1901,0,0,0,Santos,34,0,0,0
12,49%,6,86%,7361,0,1,3,atletico-mg,10,2,19,501
0,,0,,2028,0,0,0,Sport,8,0,0,0
0,,0,,3746,0,0,0,Avai,28,0,0,0
0,,0,,3905,0,0,0,Atletico-GO,6,0,0,0
12,53%,3,,7193,0,0,5,Santos,31,1,14,378
,44% un,2,76% un,6723,0,2,5,Bahia,22,1,16,393
0,N/A,0,,3894,0,0,0,Gremio   ,5,0,0,0
10,44%,0,,5120,0,3,1,Chapecoense,14,4,13,-
15,45%,3,,5922,0,2,6,PALMEIRAS,18,0,14,342
0,,0,,8700,0,0,0,  Atletico-GO,30,0,0,0
,52%,0,81%,7204,0,1,1,Botafogo-RJ,32,1,20,435
0,,0,,2833,0,0,0,Botafogo-RJ,13,0,0,0
11,64%,3,82%,6276,0,1,3,Fluminense,16,0,13,472
0,,0,,2906,0,0,0,AVAI,20,0,0,0
5,33%,0,75%,7443,0,3,1,Bragantino,18,1,16,333
0,,0,,991,0,0,0,Santos,37,0,0,0
null,    ,0,,2385,0,0,0,  Vasco,6,0,0,0
0,,0,,4325,0,0,0,Sao Paulo,10,0,0,
0,,0,N/A,2260,0,0,0,Nautico,32,0,0,0
7,32%,1,74%,7104,2,1,4,  Corinthians,22,3,12,300
0,,0,,3700,0,0,0,Flamengo,24,0,0,0
9,37%,4,76%,8283,0,2,5,Coritiba,26,1,7,355
0,,0,,3608,0,0,0,Palmeiras,15,0,0,0
,,0,,1019,0,0,0,  Ponte Preta,39,0,0,null
0,,0,,853,0,0,0,parana,26,0,0,0
0,,0,,3328,0,0,0,Goias,25,0,0,0
10,53%,0,,5303,0,1,2,Chapecoense,32,1,17,397
22,55%,5,87%,6839,0,0,4,Palmeiras   ,33,0,16,
0,,0,,3370,0,0,0,Cruzeiro   ,29,0,0,0
12,60%,0,88%,8912,0,2,3,Fortaleza,13,4,12,324
0,,0,,2501,0,0,0,Santos,18,0,0,0
0,,0,,242,0,0,0,atletico-mg,21,0,0,0
0,,0,,2306,0,0,0,Fluminense,36,0,0,0
0,,0,,1844,0,0,0,GOIAS,28,0,0,0
17,50%,4,93%,8978,1,1,4,Vitoria,20,1,8,332
8,47%,5,91%,9084,0,1,3,Vasco,30,0,7,407
15,53%,6,81%,7799,0,2,7,Juventude,16,0,11,426
0,,0,,220,0,0,0,Fluminense,19,0,0,0
0,,0,,2318,0,0,0,Fluminense   ,38,0,0,0
17,51%,7,85%,6670,0,4,1,BOTAFOGO-RJ,17,1,6,496
21,63%,0,,5465,0,0,3,SAO PAULO,10,2,9,511
24,57%,8,88%,6557,0,1,13,gremio,6,0,10,570
N/A,,0,,3155,0,0,0,Internacional,7,0,0,0
19,62%,5,84%,6792,0,5,4,Santos,29,3,17,450
25,54%,6,84%,7085,0,0,9,Ceara,20,4,17,441
0,,0,,4438,0,0,0,Santos,22,0,0,0
0,,0,,8460,0,0,0,Vitoria   ,6,0,0,0
7,28%,2,57%,6695,0,3,3,CSA,19,1,16,206
0,,0,,3112,0,0,0,Corinthians,3,0,0,0
12,,3,75%,7250,1,0,4,Internacional,37,0,14,302
27,60% un,7,86%,7467,0,5,9,Athletico-PR,21,0,18,479
7,59%,3,85%,7475,1,2,1,Cuiaba,21,1,15,476
0,,0,,4406,0,0,0,Sao Paulo,18,0,0,0
13,65%,5,85%,8241,0,4,5,FLUMINENSE,22,4,13,535
0,-,0,,4381,0,0,0,VASCO,16,0,0,0
0,,0,,486,0,0,0,Corinthians,41,0,0,0
0,,0,,3069,0,0,0,atletico-mg,37,0,0,0
0,,0,,4850,0,0,0,Athletico-PR,24,0,0,0
13,,0,,5317,0,4,6,  Ponte Preta,34,4,20,360
0,,0,,3000,0,0,0,Corinthians,30,0,0,0
0,,0,,3792,0,0,0,Cruzeiro,33,0,0,0
10,-,4,86%,7250,0,4,1,Flamengo,37,3,21,456
27,61%,6,85%,7503,0,2,8,America-MG,24,1,14,436
,,0,,3380,0,0,0,guarani,30,0,0,0
0,,0,,3647,0,0,0,coritiba,19,0,0,0
16,43%,4,84%,7375,0,4,7,FORTALEZA,11,1,13,411
0,,0,,4031,0,0,0,Botafogo-RJ,19,0,0,0
0,,0,,2492,0,-4,0,Flamengo,17,0,0,0
10,44%,3,82% un,6449,0,4,4,Athletico-PR,33,0,17,445
37,46%,13,76%,7796,0,1,19,Bragantino,16,1,5,355
10,44%,3,82%,7647,0,3,4,Atletico-GO   ,1,1,7,403
0,,0,,3098,0,0,0,Atletico-MG,2,0,0,0
17,68%,6,89%,7575,1,0,8,Flamengo,31,3,14,557
17,48%,6,,5893,0,3,8,Fluminense,15,0,21,409
0,,0,,4759,0,0,0,Coritiba,15,0,0,0
0,,0,,1877,0,0,0,Vasco,32,0,0,0
18,71%,3,86%,6814,0,2,10,  Flamengo,31,0,14,497
0,,0,,1277,0,0,0,PARANA,16,0,0,0
12,69%,4,85%,7113,0,3,9,Vasco,23,1,15,486
23,57%,5,N/A,7121,0,3,12,Bragantino,24,0,26,423
10,46%,2,82%,8900,0,-13,5,Internacional,12,0,13,373
0,,0,,1209,0,0,0,Flamengo,10,0,0,0
  ,38%,0,null,5129,0,4,9,Figueirense,15,3,19,311
3,61%,0,87%,6689,0,1,0,Botafogo-RJ,19,0,5,570
  ,,0,,367,0,0,0,CORINTHIANS,31,0,0,0
19,64%,4,87%,7254,0,2,9,Palmeiras,37,0,20,543
0,,0,,1133,0,0,0,Corinthians,3,0,0,0
9,49%,3,84% un,7322,0,3,5,Sport,6,0,17,475
,,0,,3233,0,0,0,Guarani,15,0,0,-
0,,0,,4089,0,0,0,Coritiba,25,0,0,0
  ,,0,,4676,0,0,0,Criciuma,7,0,0,0
10,37%,0,,5345,0,3,3,Coritiba   ,36,2,13,282
0,,0,,4571,0,0,0,Fluminense,35,0,0,0
0,,0,,4437,0,0,0,Vitoria,22,0,0,0
14,54%,5,85%,6950,0,3,7,Sao Paulo,6,2,16,442
0,,0,,1944,0,0,0,Juventude,38,0,0,0
0,,0,,8718,0,0,0,Fortaleza   ,32,0,0,0
0,,0,,3969,0,0,0,Figueirense   ,13,0,0,
0,,0,,8737,0,0,0,Sao Paulo,34,0,0,0
0,,0,,3055,0,0,0,Goias,35,0,0,0
0,,0,,4313,0,0,0,Internacional,9,0,0,0
0,,0,,2236,0,0,0,Parana,28,0,0,0
0,N/A,0,,4309,0,0,0,Santos,9,0,0,0
0,,0,,4222,0,0,0,Sao Paulo   ,38,0,0,
8,- un,2,82%,6407,0,3,2,Corinthians,29,1,19,466
0,,0,,1388,0,0,0,Botafogo-RJ,26,0,0,-
5,-,1,88%,9149,0,1,4,Sao Paulo,36,2,9,340
0,,0,,4979,0,0,0,Coritiba,38,0,0,0
0,,0,,8603,0,0,0,Cuiaba,20,0,0,0
16,36% un,8,74%,6762,0,1,3,Vasco,26,1,15,275
12,60%,2,,6058,0,0,4,  Sao Paulo,32,0,9,637
21,55%,10,85%,8120,0,3,7,Botafogo-RJ,10,1,16,492
0,,0,,1583,0,0,0,JUVENTUDE,2,0,0,0
,,8,86%,6505,0,2,10,Palmeiras,38,3,11,457
14,40%,6,82%,6739,0,2,3,Bahia,24,3,10,378
0,,0,,4441,0,0,0,Sao  Paulo,22,0,0,0
0,,0,,721,0,0,0,Vitoria,15,0,0,0
null,,7,87%,8834,0,2,4,  Bragantino,5,0,18,N/A
null,,0,,3605,0,0,0,Fluminense,14,0,0,0
10,38%,4,,5784,0,3,5,Chapecoense   ,4,1,16,332
0, - ,0,,4946,0,0,0,Gremio,35,0,0,0
18,67%,7,86%,6156,0,4,3,Vasco,4,5,14,557
7,49%,4,84% un,9068,0,4,1,Flamengo,29,1,11,354
0,,0,  ,3508,0,0,0,Cruzeiro,5,0,0,0
0,,0,,1100,0,0,0,CORINTHIANS,46,0,0,0
14,44%,0,,5252,0,2,2,Vasco,27,4,13,
14,,5,89%,8379,0,3,5,Sao Paulo,36,3,11,592
-,46%,4,80%,6306,0,3,3,Ceara,18,0,15,377
18,61%,7,90%,9038,0,2,12,Mirassol,26,2,13,401
8,52%,3,81%,7442,0,1,6,Atletico-GO,18,3,13,429
20,51%,11,77%,6145,0,1,10,  Sport,2,2,14,-
0,,0,,3132,0,0,0,athletico-pr,5,0,0,0
0,,0,,1988,0,0,0,Parana,5,0,0,0
12,48%,4,87%,8854,0,3,4,Mirassol,7,0,12,441
0,,0,,2182,0,0,0,Atletico-MG,23,0,0,0
null,N/A,0,,2803,0,0,0,Flamengo,10,0,0,0
0,,0,,2175,0,0,0,Santos,22,0,0,0
6,47%,1,,7260,0,2,5,Corinthians,38,1,16,393
0,,0,,1395,0,0,0,Palmeiras,27,0,0,0
0,,0,,8677,0,0,0,Gremio,28,0,0,0
0,,0,,8768,0,0,0,Gremio,37,0,0,0
0,,0,,3637,0,0,0,Cruzeiro,18,0,0,0
10,34%,4,78%,6287,0,3,3,  Gremio,17,1,21,311
0,,0,,1446,0,0,0,botafogo-rj,32,0,0,0
0,,0,,1400,0,0,0,CORINTHIANS,27,0,0,0
-,,0,,461,0,0,0,SAO PAULO,39,0,0,0
0,,0,,544,0,0,0,Guarani,46,0,0,0
-, 54% ,8,80%,6321,0,4,3,Atletico-MG,19,1,12,494
0,,0,,920,0,0,0,Botafogo-RJ,31,0,0,0
0,,0,null,4338,0,0,0,Fluminense,12,0,0,0
0,,0,,4441,0,0,0,Sao  Paulo,22,0,0,0
14,63%,2,,6107,0,1,9,Athletico-PR,37,0,15,459
0,,0,,490,0,0,0,Goias,41,0,0,0
16, 55% ,5,82%,6186,0,1,6,Chapecoense,7,0,14,445
0,,0,,4831,0,0,0,Botafogo-RJ,22,0,0,0
6,36% un,3,85%,6399,0,3,1,America-MG,28,3,13,397
0,,0,,8425,0,0,0,VITORIA,2,0,0,0
0,,0,,326,0,0,0,Fortaleza,28,0,0,0
22,67%,5,,5883,0,2,8,Bahia,14,0,18,533
4,38%,1,86%,9041,0,3,0,Gremio,26,0,17,263
7,65%,2,83%,8073,0,1,5,Vasco,5,3,15,543
0,,0,,682,0,0,0,Goias,11,0,0,0
0,,0,,2690,0,0,0,ATHLETICO-PR,37,0,0,0
0,,0,,3492,0,0,0,Gremio,3,0,0,0
0,,0,,2118,0,0,0,Nautico,17,0,0,0
0,,0,,2288,0,0,0,Nautico,35,0,0,0
0,,0,,1706,0,0,0,Botafogo-RJ,14,0,0,0
0,,0,,3211,0,0,0,ceara,13,0,0,0
13,42%,4,68%,6475,0,3,4,Ceara,35,1,24,293
0,,0,,1852,0,0,0,Corinthians,29,0,0,0
0,,0,,4155,0,0,0,Sao Paulo,31,0,0,0
0,N/A,0,,3312,0,0,0,Vitoria,23,0,0,0
0,,0,,1565,0,0,0,Fortaleza,42,0,0,0
0,,0,,3361,0,0,0,Athletico-PR,28,0,0,0
0,,0,,646,0,0,0,Flamengo,8,0,0,0
0,,0,,2217,0,0,0,Figueirense,27,0,0,N/A
0,,0,,4268,0,0,0,Flamengo,5,0,0,
0,,0,,2082,0,0,0,Gremio,13,0,0,0
25,59%,7,N/A,6904,0,2,9,Internacional,2,2,28,515
0,,0,,1211,0,0,0,Palmeiras,10,0,0,0
0,,0,,2639,0,0,0,Nautico,32,0,0,null
6,37%,4,87%,8848,1,2,7,Internacional,7,3,13,270
0,,0,,3275,0,0,0,Vitoria,19,0,0,0
0,,0,,1796,0,0,0,Fortaleza,23,0,0,0
  ,,0,,3038,0,0,0,  Vitoria,34,0,0,0
0,,0,,3857,0,0,0,Ponte Preta,2,0,0,0
23,61%,6,,6833,0,4,9,Internacional,34,0,16,539
0,,0,,4202,0,0,0,Atletico-MG,36,0,0,0
7,33%,3,83%,9148,0,1,3,FORTALEZA,36,0,9,211
0,,0,,1911,0,0,0,figueirense,35,0,0,0
0,,0,,164,0,0,0,vitoria,14,0,0,
12,31%,2,77%,7740,1,1,5,Bragantino,10,2,11,
0,,0,,4671,0,0,0,Corinthians,7,0,0,0
0,,0,,3617,0,0,0,Athletico-PR,16,0,0,0
0,,0,,3867,0,0,0,Atletico-GO,3,0,0,0
12,52%,4,87%,8938,0,2,2,Cruzeiro,16,1,17,417
0,,0,,904,0,0,0,Goias   ,30,0,0,0
0,,0,,1440,0,0,0,Cruzeiro,31,0,0,0
18,80% un,5,90%,7565,0,1,14,Corinthians,29,0,12,
5,43%,4,86%,6813,0,1,2,Fluminense,31,1,16,475
0,,0,,8720,0,0,0,Corinthians,32,0,0,0
0,,0,,2232,0,-6,0,Sao  Paulo,28,0,0,
0,,0,,4159,0,0,0,  Bahia,32,0,0,0
N/A,,0,,692,0,0,0,Palmeiras,12,0,0,0
16,56%,6,82%,6328,0,2,8,Athletico-PR,21,1,18,493
0,,0,,3445,0,0,0,atletico-go,36,0,0,0
13,46%,3,81%,8395,0,4,6,Santos,37,0,15,337
16,53%,3,90%,8809,0,1,10,Sport,3,1,14,383
18,,0,,5658,0,4,11,Coritiba,30,5,13,-
0,,0,,1737,0,0,0,Ponte  Preta,18,0,0,0
0,  ,0,,2231,0,0,0,Botafogo-RJ   ,28,0,0,0
12,68%,2,88%,6915,0,1,6,Athletico-PR,3,0,22,587
0,,0,,857,0,0,0,Guarani,26,0,0,0
,53%,12,86%,6277,0,2,8,palmeiras,16,2,20,450
0,,0,,2114,0,0,0,Juventude,16,0,0,null
13,48%,0,,4856,0,3,10,Santos,24,6,18,355
0,,0,,2448,0,0,0,Gremio,14,0,0,0
0,,0,,1382,0,0,0,Palmeiras,26,0,0,0
0,,0,,1658,0,0,0,CRUZEIRO,10,0,0,0
0,,0,,1650,0,0,0,  Sao Caetano,9,0,0,0
4,31%,0,60%,7975,0,4,2,Fortaleza,33,3,22,235
0,,0,,8529,0,0,0,GREMIO,13,0,0,0
10,53%,1,84% un,6323,1,2,4,America-MG,19,1,13,N/A
0,-,0,,84,0,0,0,fluminense,7,0,0,0
0,,0,,8709,0,0,0,Fluminense,31,0,0,0
0,,0,,4074,0,0,0,Atletico-GO,23,0,0,0
0,  ,0,,8597,0,0,0,Criciuma,20,0,0,-
19,56%,6,76%,8340,0,1,10,Bragantino,32,0,14,383
6,36%,0,,5592,0,3,0,Ponte Preta,23,2,19,262
0,,0,,4595,0,0,0,Goias,37,0,0,0
14,46%,5,,5920,1,2,10,Santos,18,1,18,402
0,,0,,1059,0,0,0,PARANA,43,0,0,0
0,,0,,2904,0,0,0,Flamengo,20,0,0,0
0,,0,,1264,0,0,0,Ponte Preta,15,0,0,0
0,,0,,1395,0,0,0,Palmeiras,27,0,0,0
0,,0,,4258,0,0,0,Internacional,4,0,0,N/A
0,,0,,3072,0,0,0,Santos,37,0,0,  
0,,0,,2494,0,0,0,Coritiba,17,0,0,0
0,,0,,4710,0,0,0,Fluminense,10,0,0,0
0,,0,,4446,0,0,0,Portuguesa,22,0,0,0
0,,0,,344,0,0,0,  Flamengo,29,0,0,0
0,,0,,8474,0,0,0,Sao Paulo,7,0,0,0
14,53%,3,80%,8145,0,3,6,Cuiaba,12,5,13,417
10,34%,1,76%,7756,1,1,4,juventude,12,0,19,326
6,43%,2,,5983,1,3,5,Sport,24,2,18,396
11,43%,3,86%,6886,1,3,4,Fortaleza,1,1,14,414
0,,0,,1180,0,0,0,Coritiba   ,7,0,0,0
0,,0,,68,0,0,0,Santos,6,0,0,0
12,69%,0,,5433,1,4,7,ATLETICO-MG,7,4,15,489
10, 53% ,3,87%,8833,0,1,8,Fortaleza,5,1,13,  
0,,0,,3135,0,0,0,Vasco,5,0,0,0
17,-,4,86%,6254,0,4,8,Santos,13,1,15,
11,72%,2,89%,6506,0,4,2,Botafogo-RJ,1,1,7,702
3,35%,1,90%,9012,0,2,6,Juventude,23,2,15,207
8,54%,1,90%,7522,0,1,8,Corinthians,26,1,4,568
0,,0,,4876,0,0,0,Goias,26,0,0,0
0,N/A,0,,1850,0,0,0,Sao Caetano   ,29,0,0,0
0,,0,,4305,0,0,0,Vasco   ,8,0,0,0
25,46%,7,,6021,0,1,9,Atletico-MG,27,1,16,391
0,,0,,1882,0,0,0,Santos,32,0,0,0
null,55%,3,,5808,1,1,2,Vitoria,7,0,12,  
0,,0,,1064,0,0,0,Criciuma,43,0,0,0
12,52%,0,,5712,1,2,3,Corinthians,35,1,15,355
N/A,,0,,2765,0,0,0,palmeiras,6,0,0,0
0,,0,,2182,0,0,0,Athletico-PR,23,0,0,0
0,,0,,873,0,0,0,Athletico-PR,27,0,0,0
0,,0,,1890,0,0,0,Santos,33,0,0,0
14,-,3,81%,6653,1,2,6,Bahia,15,1,7,436
17, 38% ,7,,6075,0,4,10,Coritiba,33,0,20,273
20,52%,11,,5835,0,3,6,flamengo,9,3,21,359
17,57%,6,80%,8080,0,3,9,Gremio,6,1,22,514
5,N/A,0,,5531,0,4,1,Fluminense,17,1,21,416
0,,0,,4092,0,0,0,  Nautico,25,0,0,0
,,0,,2490,0,0,0,  Vitoria,17,0,0,0
0,,0,,699,0,0,0,Figueirense,13,0,0,0
0,,0,,1676,0,0,0,Palmeiras,11,0,0,0
0,,0,,3655,0,0,0,Avai,19,0,0,0
11,42%,4,82%,6159,1,4,6,INTERNACIONAL,4,0,15,
22,51%,7,74%,7755,0,4,7,Botafogo-RJ,11,1,19,415
0,,0,,3316,0,0,0,Goias,23,0,0,0
0,,0,,2020,0,0,0,Cruzeiro,7,0,0,0
21,58%,0,,5132,0,2,13,Ponte Preta,15,1,10,416
0,,0,,2911,0,0,0,Athletico-PR   ,21,0,0,0
0,,0,,2299,0,0,0,Internacional,36,0,0,0
9,47%,5,87%,8313,0,4,1,Internacional,29,3,14,460
17,45%,0,,5597,1,1,6,Vitoria,24,1,14,409
0,,0,,2964,0,0,0,  Santos,26,0,0,0
NULL,,0,,1959,0,0,0,America-RN,2,0,0,null
0,,0,,3405,0,0,0,Botafogo-RJ,32,0,0,0
14, 48% ,5,,5863,0,3,2,Sao Paulo,12,2,5,414
11,57%,3,84%,8247,0,4,7,Sao Paulo,23,0,14,574
-,51%,1,85%,6611,1,1,9,Botafogo-RJ,11,1,12,441
21,47%,3,78%,7793,0,2,3,  Goias,15,2,8,377
10,42%,3,77%,6848,0,1,4,Atletico-MG,35,2,20,
9,62%,1,77%,6260,0,3,3,America-MG,14,1,10,543
0,,0,,3834,0,0,0,America-MG,37,0,0,0
33,72%,6,86%,6695,0,1,11,Sao Paulo,19,3,14,523
0,,0,,3835,0,0,0,Atletico-GO,37,0,0,0
13,60%,5,86%,7937,0,0,5,Fluminense,30,1,13,482
0,,0,,4541,0,0,0,Gremio,32,0,0,0
9,48%,4,68%,6381,0,2,5,palmeiras,26,0,16,367
0,,0,,8511,0,0,0,Athletico-PR,11,0,0,0
5,null,1,90%,8952,0,4,3,Fluminense,17,0,9,452
8,64%,3,86%,8196,0,3,3,Santos,18,2,19,562
0,,0,,2881,0,0,0,Vitoria,18,0,0,0
19,51%,6,,5897,0,1,6,Flamengo,16,1,20,418
0,,0,,2236,0,0,0,fluminense,28,0,0,0
0,,0,,3920,0,0,0,Coritiba,8,0,0,0
0,,0,,358,0,0,0,Parana,30,0,0,0
21,67%,4,88%,7350,0,2,6,Flamengo,9,0,11,N/A
0,N/A,0,,1878,0,0,0,palmeiras,32,0,0,0
null,67%,5,85%,6258,0,6,10,Gremio,14,2,17,521
4,43%,1,82%,7069,1,2,3,Fortaleza,19,0,14,387
0,,0,,2086,0,0,0,Santos,13,0,0,0
6,23%,3,60%,7690,1,2,0,Goias,5,2,11,173
0,,0,,8621,0,-8,0,Botafogo-RJ,22,0,0,0
0,,0,,3004,0,0,0,santo andre,30,0,0,0
0,,0,,4,0,0,0,GOIAS,1,0,0,0
8,40%,2,73%,7879,0,1,3,  Athletico-PR,24,1,15,289
19,64%,3,81%,8287,0,0,4,Coritiba,27,2,14,516
0,,0,,3082,0,0,0,SANTO ANDRE,38,0,0,0
21,51%,0,,5267,0,2,8,Internacional,29,3,16,376
0,null,0,,2398,0,0,0,Vitoria,8,0,0,0
0,,0,,1757,0,0,0,Fluminense,20,0,0,0
4,53%,0,,5208,0,2,5,Atletico-MG,23,5,16,463
-,53%,0,,5029,0,3,7,Chapecoense,5,1,16,349
0,,0,,2719,0,0,0,Avai,2,0,0,0
0,,0,,2305,0,0,0,Santos,36,0,0,0
0,,0,,4333,0,0,0,CRICIUMA,11,0,0,0
16,null,2,75% un,7810,0,3,4,Goias,17,2,16,307
14,67%,3,84%,7291,0,4,6,Bahia,3,2,14,490
0,,0,,8779,0,0,0,Flamengo,38,0,0,0
0,,0,,3147,0,0,0,avai,7,0,0,0
0,,0,,512,0,0,0,Goias,43,0,0,0
10,22%,6,60%,7771,2,6,2,Botafogo-RJ,13,3,13,178
14,41%,4,78%,7727,0,5,7,Athletico-PR,9,2,21,296
0,,0,,6801,0,0,0,CSA,30,0,0,0
,,0,,1117,0,0,0,Fortaleza,2,0,0,
10,45%,4,77%,7013,1,3,4,Santos   ,13,0,15,317
0,,0,,2341,0,0,0,athletico-pr,2,0,0,0
0,,0,,3966,0,0,0,Bahia,12,0,0,0
0,,0,,4314,0,0,0,Vitoria,9,0,0,0
0,,0,,2076,0,0,0,Flamengo,11,0,0,0
0,null,0,,4283,0,0,0,Internacional,6,0,0,0
0,,0,,4837,0,-2,0,Athletico-PR,23,0,0,0
6,36%,2,76%,7811,0,4,5,Sao Paulo,17,5,17,328
14,40%,0,,5678,0,1,9,Ponte Preta,32,2,15,288
9,49%,6,,5856,0,4,4,Vitoria,12,4,23,366
0,,0,,4019,0,0,0,Ponte Preta   ,18,0,0,0
8,52%,2,-,8897,0,2,9,Vitoria,12,4,16,194
15,55%,5,80%,6599,0,3,5,  Palmeiras,10,4,18,406
0,,0,,1056,0,0,0,SAO PAULO,42,0,0,0
0,,0,,3402,0,0,0,Vitoria,32,0,0,0
0,,0,,8732,0,0,0,Fortaleza,33,0,0,0
0,,0,,3264,0,0,0,Santos,18,0,0,0
0,,0,,3295,0,0,0,Goias,21,0,0,
8,59%,0,,5270,2,6,3,Vasco,29,5,18,444
6,45%,0,,5675,1,3,7,Vitoria,31,0,20,294
15, 47% ,4,84%,7748,1,3,10,Fluminense,11,2,10,404
16,66%,5,N/A,7497,0,1,11,Atletico-MG,24,3,17,551
0,,0,,280,0,0,0,Fortaleza   ,24,0,0,0
13,54%,6,,5968,0,1,7,Ponte Preta,23,1,9,453
26,60%,8,90%,9048,0,1,6,bragantino,27,0,18,497
11,32%,4,76%,7750,0,3,4,Internacional,11,3,15,290
24,71%,4,86%,8094,0,1,7,Internacional,7,1,15,568
0,,0,,8761,0,0,0,Sao Paulo,36,0,0,0
7,41%,0,,5093,1,3,1,Santos,11,0,13,462
0,,0,,1450,0,0,0,ATHLETICO-PR,32,0,0,0
9,41%,2,,6062,0,0,3,Flamengo,32,0,14,466
0,,0,,3834,0,0,0,Athletico-PR,37,0,0,0
10,53%,5,90%,9005,0,1,4,Internacional   ,22,1,16,423
18,64%,0,,5479,0,3,5,SANTOS,12,3,14,655
16,55%,8,87%,6513,0,0,3,Ceara,1,2,15,
0,,0,,4929,0,0,0,Athletico-PR,33,0,0,  
0,,0,,4316,0,0,0,FLAMENGO,9,0,0,0
0,,0,,1410,0,0,0,Palmeiras,28,0,0,0
13,58%,0,,5279,0,1,4,Coritiba,30,4,16,407
N/A,33%,5,67%,8203,1,3,2,  America-MG,18,3,19,233
8,37%,4,85%,8981,2,2,4,  Gremio,20,0,7,263
0,,0,,4115,0,0,0,Sao Paulo,27,0,0,0
11, 53% ,4,90%,8998,0,4,9,Sao  Paulo,22,1,9,431
0,,0,,4420,0,0,0,Nautico   ,20,0,0,0
14,58%,3,88%,8862,0,1,10,palmeiras,8,2,12,N/A
16,63%,5,85%,7735,0,2,9,Botafogo-RJ,9,1,11,464
17,,6,83%,7133,0,1,5,Sao Paulo,25,1,8,501
15,53%,9,86%,7708,0,2,6,Corinthians,6,3,7,426
9,57%,4,83%,6790,0,2,4,Gremio,29,0,13,496
0,,0,,3550,0,0,0,Fluminense,9,0,0,0
0,,0,,3562,0,0,0,Santos   ,12,0,0,0
9,27%,4,70%,6956,0,2,2,Ceara,7,4,22,231
0,,0,,3283,0,0,0,Corinthians,20,0,0,0
6,43%,0,,5610,0,4,3,Athletico-PR,25,0,13,399
8,41%,5,75%,7579,0,3,1,Athletico-PR,30,1,25,337
13, 56% ,1,81%,6498,1,2,6,ceara,38,1,17,485
0,  ,0,,935,0,0,0,Botafogo-RJ,32,0,0,0
0,,0,,1348,0,0,0,Sao Caetano,23,0,0,
0,,0,,4622,0,0,0,Sao Paulo,2,0,0,0
10,null,3,87%,6220,0,4,6,Athletico-PR,10,2,20,573
0,,0,,4235,0,0,0,cruzeiro,1,0,0,0
0,,0,,4066,0,0,0,palmeiras,22,0,0,0
0,,0,,601,0,0,0,Juventude,5,0,0,0
null,48%,3,86%,7265,0,0,3,Fluminense,38,0,10,401
15,60%,6,85%,6840,0,1,5,Ceara,33,2,15,508
0,,0,,1819,0,0,0,Flamengo   ,26,0,0,-
0,,0,,4886,0,0,0,Internacional,27,0,0,0
,,0,,358,0,0,0,Coritiba   ,30,0,0,0
,  ,0,,1811,0,0,0,Athletico-PR   ,25,0,0,-
0,,0,,4758,0,0,0,Bahia,15,0,0,0
10,68%,1,84%,6418,0,2,7,Athletico-PR,30,2,15,559
0,,0,,1572,0,0,0,Cruzeiro,1,0,0,0
  ,60%,5,85%,6979,0,4,5,Sao Paulo,9,5,18,491
0,,0,,183,0,0,0,  Figueirense,16,0,0,0
21,60%,6,82%,7908,0,0,5,Bragantino   ,27,0,14,431
0,,0,,1506,0,0,0,ponte preta,37,0,0,0
9,49%,0,,5498,0,3,8,Botafogo-RJ,14,1,14,408
11,48%,4,77%,7472,0,2,6,Atletico-GO,21,1,11,410
0,,0,,3936,0,0,0,SAO PAULO,9,0,0,0
0,,0,,3546,0,0,0,Santos,8,0,0,0
0,,0,,1164,0,0,0,  Flamengo,6,0,0,0
23,52%,6,85%,8249,0,1,6,Fortaleza,23,0,14,451
0,,0,,1788,0,0,0,Vasco,23,0,0,0
0,,0,,1512,0,0,0,Palmeiras,38,0,0,0
null,,0,,3036,0,0,0,Sport,33,0,0,0
0,,0,,8531,0,0,0,Fortaleza   ,13,0,0,0
5,39%,2,72%,7829,0,2,5,Bragantino   ,19,4,20,331
0,,0,,579,0,0,0,Athletico-PR,3,0,0,0
0,,0,,2371,0,0,0,Gremio,5,0,0,0
12,52%,0,,5436,0,2,3,Santos,7,0,11,501
0,,0,-,234,0,0,0,Athletico-PR,20,0,0,0
12,41%,9,80%,6317,0,1,7,  Gremio,19,3,8,466
0,,0,,3235,0,0,0,FLUMINENSE,15,0,0,0
0,,0,,1754,0,0,0,Gremio,19,0,0,0
0,,0,,146,0,0,0,Ponte Preta,13,0,0,0
0,,0,,4322,0,0,0,Corinthians,10,0,0,0
0,,0,,1349,0,0,0,Palmeiras,23,0,0,0
13,35%,5,72%,6487,0,4,4,Ceara,37,2,18,285
25,67%,6,96%,8921,0,-10,7,Fluminense   ,14,0,12,567
8,63%,4,87%,8311,0,4,1,Flamengo,29,0,16,632
  ,,0,,3355,0,0,0,Sao Paulo,27,0,0,0
0,,0,,1111,0,0,0,Sao Paulo,1,0,0,
14,49%,3,,5894,0,1,9,Atletico-GO,15,2,34,295
9,35%,1,86%,7552,0,0,4,Santos,34,1,8,344
12,-,3,79%,7877,0,4,4,Coritiba,24,0,14,358
15,53%,2,80%,8338,0,4,2,Athletico-PR,32,1,17,
17,49%,0,,5493,0,2,6,Corinthians,13,1,15,450
9,41%,4,76%,7451,0,1,3,America-MG,19,5,18,322
0,,0,,3825,0,0,0,Coritiba,36,0,0,0
11,null,6,94%,9136,0,4,1,Gremio,35,0,7,498
0,,0,,1383,0,0,0,Flamengo,26,0,0,0
0,,0,,8475,0,0,0,Athletico-PR,7,0,0,
0,,0,  ,8782,0,0,0,Botafogo-RJ,38,0,0,0
,-,2,86%,8236,1,3,5,Internacional,22,2,13,575
0,,0,,3825,0,0,0,Coritiba,36,0,0,0
12,45%,5,80%,6899,0,0,3,Bahia,2,1,16,420
0,,0,,4765,0,0,0,Athletico-PR   ,15,0,0,0
11,38%,0,,5654,1,0,5,Santa Cruz,29,3,12,325
16,51%,5,82%,7477,0,1,9,Palmeiras   ,22,3,11,430
0,,0,,3298,0,0,0,Cruzeiro,22,0,0,0
20,46%,0,,5373,0,5,9,Ponte Preta,1,1,21,332
11,36%,4,,6100,0,3,5,Botafogo-RJ,36,1,17,327
19,64%,3,86%,6867,0,4,6,Corinthians,37,0,14,479
0,,0,,3710,0,0,0,Avai,25,0,0,0
0,,0,,115,0,0,0,GOIAS,10,0,0,0
15,,4,84%,7625,0,2,5,Fortaleza,36,2,20,411
0,,0,,3468,0,0,0,Flamengo,1,0,0,0
0,,0,,2047,0,0,0,  Parana,10,0,0,0
15,54%,6, 79% ,6300,0,2,4,sport,20,3,9,459
15,62%,2,86%,6893,1,2,8,Botafogo-RJ,1,0,18,502
10,51%,2,82%,6237,0,0,8,CHAPECOENSE,12,1,15,417
0,,0,,8784,0,0,0,Fluminense,38,0,0,0
8,52%,3,,6470,0,1,6,Santos,35,2,14,-
0,,0,,2799,0,0,0,  Nautico,10,0,0,0
16,46%,1,,6481,0,1,8,Vitoria,36,4,15,409
0,,0,,4623,0,0,0,Bahia,2,0,0,0
0,,0,,4810,0,0,0,Sport,20,0,0,0
0,,0,,3370,0,0,0,Fluminense   ,29,0,0,0
0,,0,,1136,0,0,0,brasiliense,3,0,0,0
0,,0,,2361,0,-3,0,Coritiba,4,0,0,0
0,-,0,,2336,0,0,0,Santos,1,0,0,null
0,,0,,2877,0,0,0,Avai,18,0,0,0
9,null,2,88%,6798,0,2,7,Palmeiras,30,2,14,493
12,32%,6,80%,8143,0,2,2,Santos,12,2,14,347
0,,0,,3087,0,0,0,Botafogo-RJ,1,0,0,0
0,,0,-,4549,0,0,0,  Goias,33,0,0,0
0,,0,,4329,0,0,0,flamengo,11,0,0,0
N/A,30%,3,69%,6758,0,1,4,Fortaleza,26,2,8,203
5,48%,3, 78% ,6326,0,1,6,Santos,21,3,25,
20,66%,4,86%,7798,0,1,2,Athletico-PR,16,3,10,481
9,41%,0,,5121,0,1,2,Figueirense,14,2,20,356
15,45%,0,-,5404,0,2,13,Sao Paulo,4,3,18,335
0,,0,,4822,0,0,0,Flamengo,21,0,0,0
0,,0,,1603,0,0,0,Sao Paulo,4,0,0,  
0,,0,,1159,0,0,0,Palmeiras,5,0,0,0
0,,0,,2234,0,-5,0,Cruzeiro,28,0,0,0
0,,0,,2313,0,0,0,Flamengo,37,0,0,0
0,,0,,4780,0,0,0,Gremio,17,0,0,0
0,,0,,3760,0,0,0,Santos,30,0,0,0
7,52%,0,,5619,0,2,2,Atletico-MG,26,2,23,420
9,37%,1,65%,6580,0,2,1,Bahia,8,3,10,296
0,N/A,0,,1572,0,0,0,Sao Caetano,1,0,0,0
0,,0,,8410,0,0,0,Vasco,1,0,0,0
-,38%,7,,6110,0,4,4,Coritiba,37,0,16,null
19,60%,0,,5649,0,0,13,CORINTHIANS,29,0,16,446
10,45%,0,,5437,0,2,2,Vitoria   ,8,2,22,357
17,54%,2,87%,7214,0,2,12,Palmeiras,33,1,16,-
13,32%,5,71%,7987,0,1,3,Cuiaba,35,1,18,277
9,42%,1,84%,8806,0,3,3,Ceara,3,0,16,270
0,,0,,2912,0,0,0,Gremio,21,0,0,0
15,32%,5,,5769,0,2,6,Ponte Preta,3,1,14,277
0,,0,-,3167,0,0,0,Vasco,9,0,0,0
0,,0,,3686,0,0,0,Flamengo,22,0,0,null
,,0,,3618,0,0,0,Santos,16,0,0,0
8,51%,2,82%,6615,0,3,3,Chapecoense,11,3,19,405
null,57%,6,88%,6742,0,1,2,Santos,24,3,16,474
0,,0,,3058,0,0,0,Corinthians,36,0,0,0
0,,0,,979,0,-1,0,  Internacional,36,0,0,0
0,,0,,247,0,0,0,Corinthians,21,0,0,0
null,,0,,2986,0,0,0,  Botafogo-RJ,28,0,0,0
14,-,4,88%,9111,0,6,5,Cruzeiro,33,2,16,304
0,,0,,1251,0,0,0,Sao Caetano,14,0,0,0
0,N/A,0,,3281,0,0,0,Sao Paulo,20,0,0,0
0,,0,,4705,0,0,0,Vitoria,28,0,0,0
0,,0,,4692,0,0,0,Flamengo,9,0,0,0
9,54%,3,,5915,0,1,5,  Fluminense,17,4,12,414
10,62%,3,82%,6385,0,5,4,Vasco,26,6,12,480
6,43%,3, 69% ,6795,0,3,4,Cruzeiro,29,1,15,328
15,53%,7,  ,8088,0,0,3,SAO PAULO,7,0,9,460
14,null,0,,5098,0,0,7,Goias,12,1,7,374
NULL,,0,,4935,0,0,0,Criciuma,33,0,0,0
0,,0,,2869,0,0,0,Botafogo-RJ,17,0,0,0
13,60%,6,90%,7971,0,2,6,Sao Paulo,33,1,10,599
8,20%,1,59%,8057,0,3,1,Vasco,4,1,19,195
0,,0,,3553,0,0,0,Corinthians,9,0,0,0
0,null un,0,,511,0,0,0,Parana,43,0,0,0
10,,4,84%,7898,0,3,5,Santos,26,2,17,452
0,-,0,,1418,0,0,0,Santos,29,0,0,0
0,,0,,4376,0,0,0,  Atletico-MG,15,0,0,0
10,54%,3,80% un,8130,0,3,8,Palmeiras,11,7,16,438
0,,0,,1244,0,-4,0,Brasiliense,13,0,0,0
0,,0,  ,4890,0,0,0,Atletico-MG   ,29,0,0,0
  ,,0,,2291,0,0,0,Cruzeiro,35,0,0,0
0,,0,,8559,0,0,0,palmeiras,16,0,0,  
14,63%,5,,5943,0,1,8,Gremio,20,0,15,541
22,76%,6,84% un,7656,0,0,6,Palmeiras,2,2,7,607
20, 66% ,0,,5391,0,3,7,Cruzeiro,3,1,15,537
0,,0,,67,0,0,0,Ponte  Preta,6,0,0,0
,47%,1,,5940,1,1,5,Flamengo,20,1,17,417
0,,0,,4572,0,0,0,Vitoria   ,35,0,0,0
22,,6,76%,6197,0,3,10,Vitoria   ,8,2,14,333
0,,0,,3684,0,-5,0,Gremio,22,0,0,0
0,,0,,4086,0,0,0,Botafogo-RJ,24,0,0,0
8,23%,3,56%,8217,0,5,6,fortaleza,20,1,12,
0,,0,,4209,0,0,0,BOTAFOGO-RJ,37,0,0,0
0,,0,,2026,0,0,0,  Vasco,7,0,0,0
0,,0,,2544,0,0,0,Botafogo-RJ,22,0,0,  
0,,0,,2185,0,0,0,Vasco,23,0,0,0
0,,0,,1738,0,0,0,Gremio,18,0,0,0
15,54%,4,85%,8149,0,-15,2,Internacional,13,1,12,
,,0,,970,0,0,0,Flamengo   ,35,0,0,0
0,,0,,3841,0,0,0,Gremio,38,0,0,0
0,,0,,246,0,0,0,Santos,21,0,0,0
17,56% un,4,81%,7648,0,4,11,Palmeiras,1,3,17,377
0,,0,,484,0,0,0,Vasco,41,0,0,0
0,,0,,1367,0,0,0,Coritiba,24,0,0,0
0,,0,,520,0,0,0,Sao Caetano,44,0,0,0
17,38%,5,,5820,0,5,5,Palmeiras,8,1,23,
0,,0,,112,0,0,0,Vasco,10,0,0,0
0,,0,,4908,0,0,0,Corinthians,31,0,0,0
4,45%,2,81%,6190,0,1,2,CORINTHIANS,7,0,10,437
0,,0,,1113,0,0,0,Ponte Preta,1,0,0,0
11,43%,3,83%,7362,0,1,7,Sport,10,1,9,372
-,-,0,,1775,0,0,0,Fortaleza,21,0,0,0
0,,0,,8618,0,0,0,Cruzeiro,22,0,0,0
14,58%,7,94%,8827,0,1,11,Flamengo,5,1,11,N/A
11,36%,2,79%,6583,0,3,2,Flamengo,8,0,17,339
,,0,,3091,0,0,0,atletico-mg,1,0,0,0
13,61%,2,86%,6677,0,1,5,Corinthians,18,2,9,508
N/A,,0,,2235,0,0,0,America-RN,28,0,0,0
0,,0,,2693,0,-8,0,Vitoria,37,0,0,0
9,46%,3,,5968,1,-4,3,Sao Paulo,23,1,12,411
0,,0,,4200,0,0,0,Fluminense,36,0,0,0
0,,0,,2666,0,0,0,atletico-mg,34,0,0,0
0,,0,,1971,0,0,0,Athletico-PR,3,0,0,0
0,,0,,3039,0,0,0,Sport,34,0,0,0
7,32%,3,67%,6408,0,3,1,Parana,29,0,10,276
7,37%,4,78%,7956,0,4,0,Flamengo,32,0,12,348
-,,0,,3623,0,0,0,Atletico-MG,16,0,0,0
0,,0,,1767,0,0,0,Gremio,21,0,0,0
0,,0,,4508,0,0,0,Internacional,29,0,0,0
11,69%,3,90%,6348,0,-3,4,Corinthians,23,1,19,611
0,,0,,4666,0,0,0,  Vitoria,6,0,0,0
0,,0,,1403,0,0,0,Brasiliense,28,0,0,null
0,,0,,2765,0,-5,0,Cruzeiro,6,0,0,0
16,59%,0,,5677,0,0,7,Santa Cruz,32,2,12,464
7,32%,1, 82% ,6245,0,0,5,  Ceara,12,3,10,314
0,,0,,301,0,0,0,Vasco,26,0,0,0
0,,0,,4575,0,0,0,  Bahia,35,0,0,0
17,52%,0,,5683,1,0,2,  Coritiba,32,1,12,449
0,,0,,1459,0,0,0,Flamengo,33,0,0,0
3,39%,3,81%,8868,0,4,3,  Gremio,9,0,12,278
0,,0,,2468,0,0,0,Ipatinga,15,0,0,0
9,55%,3,79%,7988,0,5,6,Atletico-MG,35,2,16,417
0,,0,N/A,1084,0,0,0,Parana,45,0,0,0
0,,0,,1644,0,0,0,palmeiras,8,0,0,0
0,,0,,8559,0,0,0,Atletico-GO,16,0,0,0
14,56%,8,87%,8911,0,4,6,Cruzeiro,13,1,13,231
0,,0,,2541,0,0,0,Internacional,22,0,0,0
0,,0,,8695,0,0,0,Juventude,29,0,0,0
7,40%,1,  ,7468,0,3,4,Sport,21,3,13,367
0,,0,null,4470,0,0,0,Portuguesa,25,0,0,0
0,,0,,3945,0,0,0,Bahia,10,0,0,0
0,,0,,371,0,0,0,Sao Paulo,31,0,0,0
0,,0,,208,0,0,0,Atletico-MG   ,18,0,0,null
0,,0,,4520,0,0,0,Flamengo,30,0,0,0
22,49%,8,80%,8342,0,3,9,Goias,32,1,22,428
0,,0,,3071,0,0,0,barueri,37,0,0,
12,58%,1,87%,6607,1,1,5,Bahia,11,1,17,517
0,,0,,3660,0,0,0,Athletico-PR,20,0,0,0
0,,0,,1923,0,0,0,Goias,36,0,0,0
0,,0,,3905,0,0,0,  Fluminense,6,0,0,0
18,57% un,5,82%,7483,0,5,3,Sport,22,2,19,452
,,0,,1038,0,0,0,Santos,41,0,0,0
5,60%,0,,5609,0,1,3,Gremio,25,3,18,488
12,61%,5,86%,8828,0,-10,7,Internacional,5,1,12,436
0,,0,,8616,0,0,0,Criciuma,22,0,0,0
0,,0,,1957,0,0,0,Parana   ,2,0,0,0
1,52%,1,76%,6479,0,6,2,America-MG,36,0,20,370
0,,0,,2238,0,0,0,Santos,30,0,0,0
0,,0,,2275,0,0,0,Botafogo-RJ,33,0,0,
0,,0,,3408,0,0,0,Fluminense,33,0,0,0
0,,0,,143,0,0,0,Sao Paulo,12,0,0,0
0,,0,,663,0,0,0,Parana,10,0,0,0
20,71%,2,84%,7555,0,3,9,  Sao Paulo,34,1,14,597
0,,0,,2814,0,0,0,Corinthians,11,0,0,0
0,,0,,1671,0,0,0,Santos,11,0,0,0
0,  ,0,,48,0,0,0,  Fluminense,3,0,0,0
0,,0,,2751,0,0,0,Atletico-MG,5,0,0,null
0,,0,,208,0,0,0,flamengo,18,0,0,0
19,57%,3,82%,7964,1,3,15,Bragantino,32,1,21,400
15,48%,8,77%,8024,0,2,6,Internacional   ,38,1,13,
0,,0,,3711,0,0,0,Sao Paulo,25,0,0,null
0,,0,  ,3959,0,0,0,Vasco   ,12,0,0,0
0,,0,,3489,0,0,0,Cruzeiro,3,0,0,0
15,60%,0,,5011,0,6,5,Santos,3,3,20,462
,69%,8,88%,8028,0,2,7,Sao Paulo,1,1,13,647
0,,0,,3769,0,0,0,America-MG,31,0,0,0
0,,0,,3193,0,0,0,Athletico-PR,11,0,0,0
0,,0,,4330,0,0,0,Internacional,11,0,0,0
18,47%,7,  ,6460,0,6,6,Palmeiras,34,2,20,318
0,,0,,2606,0,0,0,vasco,28,0,0,0
0,,0,,2919,0,0,0,Flamengo,22,0,0,0
0,,0,-,2609,0,0,0,Figueirense,29,0,0,0
null,,0,,3248,0,0,0,Botafogo-RJ,17,0,0,0
6,45%,1,81%,6513,1,0,6,CSA,1,1,4,416
0,,0,,8611,0,0,0,Corinthians,21,0,0,0
19,55%,3,82%,7554,0,1,8,Bahia,34,0,12,470
0,,0,,1151,0,0,0,Fortaleza,5,0,0,0
0,,0,,8606,0,0,0,  Vitoria,21,0,0,0
18,49%,7,80%,6748,0,2,7,palmeiras,25,2,22,413
0,,0,,2861,0,0,0,Sao Paulo,16,0,0,0
-,43%,7,76%,6737,0,4,5,Botafogo-RJ,24,2,29,348
6,30%,0,71%,8139,0,1,6,Cruzeiro,12,1,14,264
0,,0,null,4293,0,0,0,Sao Paulo,7,0,0,N/A
0,,0,,3514,0,0,0,atletico-mg,5,0,0,0
19,44%,4,83%,8335,1,3,4,Cruzeiro   ,31,1,12,405
  ,,0,,1373,0,0,0,Juventude,25,0,0,0
0,,0,,536,0,0,0,PONTE PRETA,45,0,0,0
14,54%,6,,6244,0,2,4,Internacional,12,3,13,472
0,,0,,345,0,0,0,BAHIA,29,0,0,0
12,44%,4,84%,7152,0,1,5,Vasco,27,3,11,373
10,60%,0,,5356,0,3,4,Flamengo,37,1,14,546
-,53%,9,84%,7748,0,2,6,Atletico-GO,11,3,13,484
22,57%,0,,5729,0,3,12,Corinthians,37,2,6,470
0,,0,,2491,0,0,0,Palmeiras,17,0,0,0
0,,0,,2274,0,0,0,Internacional,33,0,0,null
20,54%,0,,5346,0,3,10,Sport,36,3,10,461
15,37%,1,74%,6559,0,5,4,Internacional,6,3,19,316
null,,0,,1824,0,0,0,Ponte Preta,26,0,0,0
6,40%,1,90%,8869,1,5,3,Santos,9,0,14,318
0,,0,,3670,0,0,0,Bahia,21,0,0,0
0,,0,,4778,0,0,0,Chapecoense,17,0,0,0
15,41%,5,82%,7707,0,5,8,Ceara,6,4,18,333
14,51%,4,79%,7891,0,2,8,Internacional,25,1,14,485
14,47%,3,,5761,0,0,3,Vitoria,2,0,13,419
0,,0,,4388,0,0,0,Bahia,17,0,0,0
0,,0,,4681,0,0,0,Vitoria,8,0,0,0
0,,0,,866,0,-9,0,Juventude,27,0,0,0
,,8,81%,8037,0,3,7,America-MG,2,3,12,385
15,61%,6,87%,6967,0,3,12,corinthians,8,1,18,545
0,,0,,349,0,0,0,CRICIUMA,30,0,0,0
0,,0,,503,0,0,0,Corinthians,42,0,0,0
4,54%,2,91%,9077,0,3,3,Atletico-MG,30,1,9,465
0,null,0,-,4014,0,-6,0,Vasco,17,0,0,0
12,66%,4,88%,7267,0,3,11,  Santos,1,2,9,563
0,,0,,2879,0,0,0,Botafogo-RJ,18,0,0,0
0,,0,,4538,0,0,0,Vasco   ,32,0,0,0
0,,0,  ,8619,0,0,0,Bragantino,22,0,0,0
0,,0,-,3893,0,0,0,Vasco,5,0,0,0
0,,0,,515,0,0,0,Corinthians,43,0,0,0
14,N/A,5,82%,7979,0,2,6,Corinthians,34,1,16,  
16,53%,2,86%,6996,0,4,8,Corinthians,12,2,15,  
0,,0,,4348,0,0,0,Botafogo-RJ,13,0,0,0
0,,0,,4598,0,0,0,Corinthians,38,0,0,0
15,41% un,6,87%,6914,0,1,7,botafogo-rj,3,1,8,392
0,,0,,4207,0,0,0,Flamengo,37,0,0,0
17,58%,3,null,7697,0,4,3,atletico-go,7,1,14,498
0,,0,,3367,0,0,0,Santos,29,0,0,0
14,29%,6,60%,8094,1,0,3,Gremio,7,1,14,233
15,,4,91%,8854,0,2,4,BRAGANTINO,7,1,9,458
0,,0,,3866,0,0,0,Figueirense,2,0,0,0
14,66%,5,85%,7239,0,1,4,Flamengo   ,36,4,21,597
14,43%,0,,5636,0,2,6,Internacional,27,2,17,388
0,,0,,1051,0,0,0,Flamengo,42,0,0,0
-,47%,4,74%,6170,0,3,3,Palmeiras,5,2,21,366
,,0,,50,0,0,0,Gremio,5,0,0,0
13,42%,4,77%,7397,0,3,3,Cuiaba,14,0,18,379
11,45%,5,80%,7183,0,0,6,INTERNACIONAL,30,0,24,352
9,  ,1,,5895,1,4,4,Botafogo-RJ,15,1,21,353
20,51%,11,77%,6145,0,1,10,  Sport,2,2,14,-
0,,0,,2571,0,0,0,SAO PAULO,25,0,0,0
0,,0,,8502,0,0,0,Corinthians,10,0,0,0
0,,0,,4164,0,0,0,Atletico-GO,32,0,0,0
0,,0,null,1621,0,0,0,Palmeiras,6,0,0,0
0,,0,,1914,0,0,0,Gremio   ,35,0,0,0
-,,0,,833,0,0,0,Vasco   ,24,0,0,0
0,,0,,4764,0,0,0,Botafogo-RJ,15,0,0,0
5, 47% ,0,,5207,0,0,3,Internacional,23,1,10,420
0,,0,,739,0,0,0,Juventude,16,0,0,0
0,,0,,358,0,0,0,Parana,30,0,0,0
12,33%,6,,5773,0,1,6,Gremio,3,2,13,250
11,44%,2,88%,8944,0,1,7,Gremio,16,1,8,390
0,,0,,318,0,0,0,Vitoria,27,0,0,0
0,,0,,409,0,0,0,VASCO,35,0,0,0
0,,0,,2254,0,0,0,Palmeiras,31,0,0,0
0,,0,,3633,0,0,0,Corinthians,17,0,0,0
-, 49% ,9,84%,7618,0,0,7,Sao Paulo,36,2,16,395
0,,0,,1898,0,0,0,Sao Caetano,34,0,0,0
0,,0,,490,0,0,0,Goias,41,0,0,0
0,,0,,8486,0,-2,0,BRAGANTINO,9,0,0,0
0,,0,,3049,0,0,0,Sao Paulo,35,0,0,0
0,,0,,354,0,0,0,Figueirense,30,0,0,null
0,,0,,3931,0,0,0,Internacional,9,0,0,0
0,,0,,2516,0,0,0,FIGUEIRENSE,19,0,0,0
0,  ,0,,4067,0,0,0,Flamengo,23,0,0,0
19,58%,8,85%,7828,0,1,5,Flamengo,19,0,19,453
0,,0,,363,0,0,0,ponte preta,31,0,0,0
0,,0,,8624,0,0,0,Flamengo,22,0,0,0
0,,0,,3480,0,0,0,Sao  Paulo,2,0,0,0
0,,0,,419,0,0,0,vitoria,35,0,0,0
0,,0,,1765,0,0,0,Santa Cruz,20,0,0,0
16,  ,0,,5600,0,4,9,cruzeiro,24,4,16,480
14,54%,5, 82% ,6696,0,3,1,  Botafogo-RJ,20,2,14,442
7,47% un,1,75%,7349,0,2,9,Chapecoense,9,4,14,389
0,,0,,2004,0,0,0,Parana,12,0,0,0
7,56%,1,84%,7678,0,2,3,Corinthians,3,0,14,426
20,59%,0,,5627,0,2,4,Palmeiras,27,4,13,453
7,33%,4,80%,8979,0,4,4,Sport,20,0,13,
0,null,0,,1441,0,0,0,Sao Caetano,31,0,0,0
0,,0,,1922,0,0,0,Juventude,36,0,0,0
0,,0,,3768,0,0,0,Fluminense,31,0,0,  
9,36%,3,73%,7418,0,1,2,Gremio,16,1,16,312
0,,0,,580,0,0,0,Cruzeiro,3,0,0,0
0,,0,,1633,0,0,0,Flamengo,7,0,0,0
-,N/A,0,,4923,0,0,0,  Sao Paulo,32,0,0,0
3,,0,75%,8186,0,6,2,Santos   ,17,0,20,221
13,54% un,0,,5365,0,3,7,Joinville,38,3,12,null
0,,0,,2860,0,0,0,Corinthians,16,0,0,0
-,,0,,61,0,0,0,Coritiba,6,0,0,0
0,,0,,625,0,0,0,Botafogo-RJ,7,0,0,0
0,-,0,,411,0,0,0,Sao  Caetano,35,0,0,0
0,,0,null,3117,0,0,0,Vitoria   ,4,0,0,0
14,53%,4,,5884,0,4,3,Coritiba,14,5,19,329
17,67%,6,90%,7780,0,0,1,Atletico-MG,14,1,14,663
15,64%,3,86%,7811,0,2,3,FLUMINENSE,17,1,7,583
0,,0,,4383,0,0,0,Nautico,16,0,0,0
25,55%,7,91%,8855,0,2,5,Atletico-MG   ,7,3,13,366
14,39%,0,,5140,0,4,7,Goias,16,1,19,297
-,,0,,3623,0,0,0,Atletico-MG,16,0,0,0
9, 62% ,0,,5595,0,1,1,America-MG   ,23,0,19,586
9,45%,2,82%,7450,0,0,4,Fluminense,19,0,4,439
0,,0,,1757,0,0,0,Athletico-PR,20,0,0,0
0,,0,,3615,0,0,0,Avai,15,0,0,0
0,,0,,1867,0,0,0,Palmeiras   ,31,0,0,0
0,,0,,2492,0,0,0,Cruzeiro,17,0,0,0
7,40%,0,,5605,0,3,2,Palmeiras,24,4,16,303
14, 43% ,0,,5714,0,3,4,  Sao Paulo,35,2,15,443
0,,0,,4212,0,0,0,Coritiba,37,0,0,0
11,43%,6,,6082,0,4,2,Atletico-MG,34,1,13,359
11,45%,5,73%,8181,0,2,4,Internacional,16,3,14,359
0,,0,,2283,0,0,0,America-RN,34,0,0,0
0,,0,,3508,0,0,0,America-MG,5,0,0,0
  ,  ,0,,482,0,0,0,Fortaleza,41,0,0,0
0,,0,,8521,0,0,0,Vasco,12,0,0,0
0,,0,,980,0,0,0,Sao Caetano,36,0,0,0
0,,0,,8654,0,0,0,juventude,25,0,0,0
16,41%,11,,6053,0,6,7,Coritiba,31,2,21,281
0,,0,,2303,0,0,0,Juventude   ,36,0,0,0
0,,0,,1539,0,0,0,Sao Caetano,40,0,0,0
15,48%,8,83%,7551,0,-2,5,FLAMENGO,34,3,13,439
N/A,,0,,4354,0,0,0,CRICIUMA,13,0,0,0
0,  ,0,,1948,0,0,0,Goias,1,0,0,0
0,,0,,4391,0,0,0,Santos   ,17,0,0,0
0,,0,,466,0,0,0,atletico-mg,39,0,0,0
15,36%,6,75%,8401,0,2,3,Bahia,38,2,16,318
0,,0,,8569,0,0,0,  Criciuma,17,0,0,0
12,46%,3,84%,8066,0,2,4,Internacional   ,5,2,11,423
0,,0,,41,0,0,0,Vitoria,3,0,0,0
13,56%,7,-,8790,0,3,6,Mirassol,1,2,21,411
0,,0,,1077,0,0,0,Botafogo-RJ,44,0,0,0
13,65%,0,,5235,0,2,2,Avai,25,2,18,581
0,,0,,4546,0,0,0,Flamengo,32,0,0,0
0,,0,,464,0,0,0,Fortaleza,39,0,0,0
10,40%,5,80%,6766,0,4,1,Fortaleza,27,1,13,341
0,,0,,2667,0,0,0,Atletico-MG,35,0,0,0
0,,0,null,2370,0,0,0,Portuguesa,5,0,0,0
0,,0,,1616,0,0,0,Vasco,5,0,0,0
N/A,,0,,2138,0,0,0,Athletico-PR,19,0,0,0
6,25%,0,71%,6182,0,2,1,Parana,6,0,16,246
0,,0,,8606,0,0,0,Cuiaba,21,0,0,0
13,60%,5,86%,7937,0,0,5,Fluminense,30,1,13,482
6, 49% ,0,80%,7192,0,2,1,Palmeiras,31,2,15,444
19,55%,2,86%,6588,0,1,3,Bahia,9,0,7,593
15,58%,6,90%,7787,0,0,6,Fluminense   ,15,4,11,519
0,,0,,1747,0,0,0,Athletico-PR,19,0,0,0
13,,3,86%,6688,0,2,4,Palmeiras,19,1,20,461
0,,0,,3844,0,-10,0,America-MG,38,0,0,0
0,,0,,1718,0,0,0,Sao Caetano,16,0,0,0
0,,0,,3939,0,0,0,Ponte Preta   ,10,0,0,
13,46%,2,81%,8381,1,4,3,CORITIBA,36,0,15,421
6,48%,1,79%,6191,1,5,2,Vasco,7,2,16,442
0,,0,,2409,0,0,0,Nautico,9,0,0,0
12,41%,3,75%,7870,0,0,7,America-MG,23,2,10,369
0,,0,  ,4619,0,0,0,Botafogo-RJ   ,2,0,0,0
13,33%,6,75%,7054,0,4,2,Bahia,17,1,14,294
-,,0,,4173,0,0,0,Figueirense,33,0,0,0
0,,0,,3344,0,0,0,Gremio,26,0,0,0
0,,0,,6721,0,0,0,Chapecoense,22,0,0,0
12,59%,0,,5614,0,3,8,Fluminense,25,2,19,529
0,,0,,4136,0,0,0,Sport,29,0,0,0
10,45%,3,80%,7011,0,4,5,ATHLETICO-PR,13,2,22,376
0,,0,,2623,0,0,0,Cruzeiro,30,0,0,0
11,59%,6,81%,7677,0,2,5,FLAMENGO,3,1,10,500
9,51%,4,83%,7774,0,3,3,Avai,13,4,15,486
0,,0,,1744,0,0,0,Sao Caetano   ,18,0,0,0
6,48%,1,85%,7651,0,4,3,Internacional,1,0,18,491
0,,0,,3512,0,0,0,Sao Paulo,5,0,0,0
5,45%,0,,5255,1,0,6,Cruzeiro,27,2,12,364
0,,0,,3587,0,0,0,Gremio   ,13,0,0,0
0,,0,,3106,0,0,0,Guarani,2,0,0,0
,44%,1,90%,9139,1,3,1,Vasco,35,0,11,331
0,,0,,1585,0,0,0,Botafogo-RJ,2,0,0,0
0,,0,,3281,0,0,0,Flamengo,20,0,0,0
11,49%,0,,5694,0,2,3,Gremio,33,2,18,374
19,61%,2,85%,7681,0,0,8,America-MG,3,1,8,490
16,53%,0,,5602,0,0,7,Athletico-PR,24,1,11,360
9,66%,3,92%,9145,0,1,2,Atletico-MG   ,35,1,10,482
0,,0,,4458,0,-10,0,Coritiba,24,0,0,0
0,,0,,3002,0,0,0,INTERNACIONAL,30,0,0,0
0,,0,,1458,0,0,0,Sao Caetano,33,0,0,0
13,63%,6,84%,7713,0,3,5,Botafogo-RJ,6,3,14,
0,,0,,4722,0,-9,0,palmeiras,11,0,0,0
0,,0,,3196,0,0,0,Botafogo-RJ,11,0,0,0
26,74%,11,,4989,0,2,5,Fluminense,1,1,9,702
12,61%,0,,5497,0,1,5,Corinthians,14,3,13,522
0,,0,,3034,0,0,0,cruzeiro,33,0,0,0
0,,0,,3752,0,0,0,Corinthians,29,0,0,0
0,,0,,8575,0,0,0,Internacional,17,0,0,0
12,58%,2,,6103,0,2,5,Gremio,36,2,14,566
14,47%,2,79%,7757,0,3,2,Atletico-MG,12,0,17,456
0,,0,,779,0,0,0,Parana,19,0,0,0
0,,0,,1476,0,0,0,Paysandu,34,0,0,0
0,,0,,4076,0,0,0,Palmeiras,23,0,0,0
0,,0,,2366,0,0,0,Fluminense,4,0,0,0
0,,0,,4940,0,0,0,goias,35,0,0,
25,68%,11,,5055,0,0,7,Palmeiras   ,7,1,6,-
0,,0,,2426,0,0,0,Goias,11,0,0,0
13,61%,3,,7906,0,3,10,Atletico-MG,27,1,20,458
7,31%,2,67%,7169,0,4,3,Santos,29,0,21,249
0,,0,,2809,0,0,0,Barueri,11,0,0,0
0,  ,0,,4974,0,0,0,Atletico-MG,37,0,0,0
0,,0,,3626,0,0,0,Bahia,16,0,0,0
11,41%,3,81%,7373,1,0,4,Cuiaba   ,11,1,9,338
20,60%,0,,5137,0,0,3,Corinthians   ,16,0,7,552
13,49%,6,88%,9053,1,1,8,Juventude,27,3,14,304
0,,0,,8749,0,0,0,Sao Paulo,35,0,0,0
9,42%,3,87%,8879,0,4,4,Gremio,10,4,10,  
16,48%,3,84%,6477,0,2,5,Botafogo-RJ,36,1,16,419
18,59%,7,84%,8043,0,1,3,Coritiba,2,2,9,497
0,,0,,4185,0,0,0,  Coritiba,34,0,0,0
16,54%,0,,5210,0,0,4,Cruzeiro,23,5,15,476
0,,0,,4659,0,0,0,Cruzeiro,6,0,0,0
9,41%,0,,5510,0,2,1,Palmeiras   ,15,1,13,381
10,47%,0,,5217,1,2,2,Ponte Preta,24,0,20,  
,,0,,849,0,0,0,Ponte Preta,25,0,0,0
0,,0,-,4920,0,0,0,Santos,32,0,0,0
18,60%,6,90%,9160,0,2,9,Santos,38,1,8,414
0,,0,-,8701,0,0,0,Criciuma,30,0,0,null
0,,0,  ,4626,0,0,0,Sport,2,0,0,0
11,48%,4, 82% ,7863,0,0,4,Bragantino,22,1,10,362
0,,0,,4407,0,0,0,Vitoria,19,0,0,0
0,,0,,534,0,0,0,Guarani,45,0,0,0
N/A,,0,,2108,0,0,0,Goias,16,0,0,0
0,,0,,3521,0,0,0,Sao Paulo,6,0,0,null
12,51%,4,82%,7800,0,4,3,Flamengo   ,16,1,12,457
17,62%,8,84%,6716,0,3,9,Flamengo,22,2,20,531
  ,62%,0,,5526,0,1,4,Flamengo,16,1,11,535
0,,0,,368,0,0,0,  Vitoria,31,0,0,0
0,,0,,1222,0,0,0,Goias,11,0,0,0
4,40%,1,81%,8345,1,5,4,Sao Paulo,32,2,14,328
0,,0,,1253,0,0,0,Flamengo,14,0,0,0
21,58%,6,86%,7849,0,1,10,Bragantino,21,1,10,
0,,0,,1354,0,0,0,Ponte Preta,23,0,0,0
0,,0,,1069,0,0,0,FLUMINENSE,44,0,0,0
0,,0,,850,0,0,0,Coritiba,25,0,0,0
0,,0,,8661,0,0,0,  Juventude,26,0,0,0
8,28%,5,64%,6831,0,4,2,Botafogo-RJ,34,2,11,239
0,,0,,1021,0,-1,0,Paysandu,40,0,0,0
0,,0,,4732,0,0,0,Athletico-PR,12,0,0,0
0,,0,,1182,0,0,0,Palmeiras,8,0,0,0
0,,0,,2166,0,0,0,Flamengo,21,0,0,N/A
0,,0,,2185,0,0,0,Fluminense,23,0,0,0
0,,0,,3831,0,0,0,atletico-mg,37,0,0,0
0,,0,,4465,0,0,0,  Vitoria,24,0,0,0
23,61%,6,,6833,0,4,9,Internacional,34,0,16,539
0,,0,,3757,0,0,0,Ceara,30,0,0,0
15,67%,2,88%,8208,1,0,7,America-MG,19,2,12,655
12,54%,0,,5709,0,3,0,Coritiba,35,1,18,469
0,,0,N/A,4411,0,0,0,Gremio,19,0,0,0
4,,3,81%,7765,0,3,4,Fortaleza,12,2,17,424
13,43%,0,,5680,1,2,6,Cruzeiro,32,1,16,314
0,,0,,434,0,0,0,Fluminense,37,0,0,0
8,37%,3,73%,6992,0,1,5,Ceara,10,2,8,342
26,75%,10,87%,8032,0,6,14,Atletico-MG,1,2,15,601
0,,0,,611,0,0,0,vitoria,5,0,0,0
0,,0,,2115,0,0,0,Figueirense,16,0,0,0
15, 42% ,2,73%,7480,0,2,7,Bahia,22,0,15,347
N/A,,0,,2145,0,0,0,Santos   ,19,0,0,null
, 67% ,4,89%,9148,0,1,8,Bragantino,36,4,9,417
9,48%,4,80%,7263,0,0,4,Palmeiras,38,1,17,424
8,46%,1,84%,8212,0,6,2,Sao Paulo,19,4,15,502
0,,0,,3908,0,0,0,Cruzeiro,7,0,0,0
10,32%,3,65%,8274,0,2,4,  Palmeiras,25,3,20,256
0,,0,,2825,0,0,0,Sport,12,0,0,0
14,45%,10,77%,6599,0,3,8,Sao Paulo   ,10,0,19,333
0,,0,,4355,0,0,0,SAO PAULO,13,0,0,0
4,33%,3,null,7029,0,1,1,Goias,15,1,11,
0,,0,,4746,0,-3,0,  Athletico-PR,13,0,0,0
0,,0,,4672,0,0,0,Coritiba,7,0,0,0
11,55%,4,94%,8947,0,3,6,Botafogo-RJ,17,1,17,N/A
0,,0,,2608,0,0,0,Sport,29,0,0,0
9,42%,1,86%,8839,1,3,6,Fortaleza,6,3,8,320
0,,0,,1025,0,0,0,Santos,40,0,0,0
0,,0,,2512,0,0,0,Cruzeiro,19,0,0,0
12,50%,1,90%,9099,0,2,3,Vasco,32,0,10,406
12,53% un,0,,5660,0,3,4,Botafogo-RJ,30,0,17,385
0,,0,,4970,0,0,0,Figueirense,37,0,0,0
0,,0,,3218,0,0,0,Palmeiras,14,0,0,0
4,40%,1,91%,9048,1,4,2,Gremio,27,1,6,336
13,61%,3,94%,8860,1,0,8,flamengo,8,3,10,537
8,59%,3,85%,7341,0,1,3,Sao Paulo   ,8,5,26,559
15,64%,4,,6068,0,2,9,Sport,33,0,13,575
0,N/A,0,,4899,0,0,0,Internacional   ,30,0,0,0
12,59%,0,,5614,0,3,8,Fluminense,25,2,19,529
0,,0,,2488,0,0,0,Nautico,17,0,0,-
0,null,0,,2189,0,0,0,Flamengo,24,0,0,0
-,39%,3,N/A,7222,0,3,5,Vasco,34,1,15,346
8,59%,4,82%,8022,0,2,9,Fluminense,38,0,15,463
0,,0,N/A,8594,0,0,0,Vasco,19,0,0,0
0,,0,,3865,0,0,0,Palmeiras,2,0,0,0
,,0,,2999,0,0,0,  Avai,30,0,0,0
10,47%,0,,5217,1,2,2,Ponte Preta,24,0,20,  
10,35%,7,83%,9130,0,4,3,JUVENTUDE,34,1,19,237
0,,0,,4821,0,0,0,INTERNACIONAL,21,0,0,null
0,,0,,4194,0,0,0,Flamengo,35,0,0,  
0,,0,,2111,0,0,0,Santos,16,0,0,0
0,,0,,2626,0,0,0,Vasco,30,0,0,0
0,,0,,3677,0,0,0,Botafogo-RJ,22,0,0,0
0,null,0,,514,0,0,0,Sao Paulo,43,0,0,0
18,47%,2,,5813,0,1,7,Cruzeiro,7,4,16,470
16,47%,5,83%,6738,0,2,6,Chapecoense,24,1,17,397
0,,0,,4697,0,0,0,  Botafogo-RJ,28,0,0,0
18,35%,7,73%,7218,0,0,8,Corinthians,34,2,18,305
8,51%,2,,5992,0,2,9,Fluminense,25,2,26,409
9,42%,4,77%,7453,0,5,1,Internacional,19,1,18,353
0,,0,  ,2828,0,0,0,Cruzeiro,13,0,0,  
9,55%,1,82%,8300,0,3,1,Atletico-MG,28,0,24,418
0,  ,0,,4911,0,0,0,Atletico-MG,31,0,0,0
0,,0,,1740,0,0,0,Santos,18,0,0,0
0,,0,,2347,0,0,0,Nautico,3,0,0,0
0,,0,,2009,0,0,0,Corinthians,6,0,0,0
0,,0,,441,0,0,0,Fortaleza,37,0,0,0
10,40%,4,89%,9023,0,3,7,Vasco,24,0,12,254
0,,0,,1820,0,0,0,Palmeiras,26,0,0,0
0,,0,,4401,0,0,0,Corinthians,18,0,0,0
null,63%,6,88%,7216,0,5,5,Gremio,34,1,12,539
5,54%,2,86%,8220,0,3,3,Corinthians,20,1,13,480
8,41%,0,,5483,0,1,4,CORINTHIANS,12,2,13,381
12,54%,6,80%,8395,0,5,6,Athletico-PR,37,1,18,406
0,,0,,6617,0,0,0,Cruzeiro   ,12,0,0,N/A
12,59%,1,,6914,0,2,4,Fortaleza,3,2,9,561
0,,0,,316,0,0,0,Coritiba,27,0,0,0
8,57%,2,82%,8099,0,5,6,Coritiba,8,3,13,518
18,55%,0,,5255,0,2,3,Chapecoense,27,2,15,416
0,,0,,560,0,0,0,SANTOS,1,0,0,0
  ,,0,,1147,0,0,0,Santos,4,0,0,0
16,64%,0,,5012,0,0,9,Atletico-MG,3,3,8,537
0,,0,,3792,0,0,0,Flamengo,33,0,0,0
0,,0,,8434,0,0,0,ATLETICO-GO,3,0,0,
12,38%,2,,5800,1,2,4,Avai   ,6,1,17,327
0,,0,,1093,0,0,0,Palmeiras,46,0,0,0
,,0,,1495,0,0,0,Figueirense,36,0,0,0
0,,0,,2572,0,0,0,Sport,25,0,0,0
9,53%,3,79%,6199,0,3,2,  Ceara,8,1,13,414
0,,0,,1137,0,0,0,Vasco,3,0,0,0
0,,0,,137,0,0,0,Paysandu,12,0,0,0
0,,0,,3679,0,0,0,Avai,22,0,0,0
0,,0,,4030,0,0,0,Gremio,19,0,0,0
0,,0,,903,0,0,0,Guarani,30,0,0,0
15,35%,7,77%,7660,0,2,4,Santos,2,2,22,287
12,40%,0,,5302,1,4,3,Coritiba,32,2,17,344
3,53%,1,,5807,0,6,2,Avai,7,1,24,441
6,33%,4,68%,7291,1,4,5,Internacional,3,2,16,244
0,-,0,,1612,0,0,0,Figueirense,5,0,0,0
10,45%,4,80%,7155,0,2,5,Gremio,27,1,11,404
9,53%,1,93%,9084,0,1,5,Bragantino,30,1,11,454
7,36%,2,78%,7405,0,1,2,Juventude,14,1,18,330
0,,0,,889,0,0,0,Paysandu   ,29,0,0,0
10,33%,4,71%,7302,0,5,2,  Sport,4,1,16,301
14,42%,4,,6010,1,1,2,Atletico-GO,28,2,18,436
0,,0,,1360,0,0,0,Atletico-MG,24,0,0,0
0,,0,,4675,0,0,0,Palmeiras,7,0,0,0
0,,0,,3270,0,0,0,Flamengo,19,0,0,0
12,56%,4,86%,7336,0,1,9,Fluminense,8,1,16,517
18,57%,0,,5642,0,2,8,Ponte Preta,28,3,25,405
21,58%,8,93%,9101,0,2,13,Atletico-MG,32,2,6,
-,,0,,142,0,0,0,Criciuma,12,0,0,0
0,,0,,8412,0,0,0,Flamengo,1,0,0,0
0,,0,,3780,0,0,0,Sao Paulo   ,32,0,0,0
0,,0,,3525,0,0,0,Atletico-GO,6,0,0,0
-,,0,,2263,0,0,0,ATHLETICO-PR,32,0,0,0
0,,0,,1629,0,0,0,Juventude,7,0,0,0
null,,0,,2024,0,0,0,Nautico,7,0,0,0
15,63%,6,86%,7609,0,4,5,Corinthians,35,0,13,565
null,,0,,275,0,-2,0,Vasco,23,0,0,0
20,66%,7,,8788,0,0,11,Atletico-MG   ,1,4,5,0
14,29%,6,73%,7635,1,3,6,Chapecoense,37,0,16,213
0,,0,,8520,0,0,0,  Flamengo,12,0,0,0
null,35%,3, 68% ,7665,0,4,2,Botafogo-RJ   ,2,2,15,257
8,  ,5,71%,6510,1,4,2,Santos,1,1,18,335
0,,0,,2818,0,0,0,Palmeiras,12,0,0,0
12,39%,0,,5440,0,3,5,Sport,8,0,10,398
8,40%,0,,5162,2,3,8,Fluminense   ,18,0,14,-
14,55%,4,75%,6440,1,4,5,Vitoria,32,2,19,368
9,N/A,0,,5124,0,3,2,Palmeiras,14,3,24,301
0,,0,,3795,0,0,0,Fluminense,33,0,0,0
17,57%,0,,5610,0,3,15,Santa Cruz,25,1,12,492
5,49%,0,,5177,2,2,2,vasco,20,4,13,407
0,,0,,1526,0,0,0,Internacional,39,0,0,0
N/A,,0,,4685,0,0,0,FIGUEIRENSE,8,0,0,0
0,,0,,1034,0,0,0,Sao Caetano,41,0,0,0
11,35%,5,75%,6908,0,3,2,Goias,3,0,16,369
14,35%,0,,5358,0,1,5,Palmeiras,38,4,20,304
0,,0,,3200,0,0,0,Palmeiras,12,0,0,0
0,,0,,4732,0,0,0,Fluminense,12,0,0,0
8,51%,4, 84% ,6291,0,1,2,America-MG,17,0,16,516
17,54%,2,  ,8084,0,3,7,  Botafogo-RJ,6,2,18,393
8,25%,4,72%,7170,0,1,1,Ceara,29,0,12,233
0,,0,,4301,0,0,0,Corinthians,8,0,0,0
5,48%,0,,5671,0,4,2,Figueirense   ,31,2,18,285
6,49%,0,,5357,0,1,3,Cruzeiro,38,2,13,399
N/A,,0,,2883,0,0,0,Goias,18,0,0,0
0,,0,,4638,0,0,0,Palmeiras,4,0,0,0
0,,0,,680,0,0,0,Sao Paulo,11,0,0,0
0,,0,,4958,0,0,0,Bahia,36,0,0,0
0,,0,,4723,0,0,0,Vitoria,11,0,0,0
0,,0,,1689,0,0,0,Corinthians,13,0,0,0
0,,0,,2817,0,0,0,  Goias,12,0,0,0
0,,0,,1128,0,0,0,  Figueirense,3,0,0,0
0,,0,,2822,0,0,0,Vitoria,12,0,0,0
0,,0,,2831,0,0,0,Palmeiras,13,0,0,0
19,61%,7,,5505,0,1,4,Cruzeiro,14,5,9,543
15,47%,7,,5851,0,1,10,Flamengo,11,5,17,412
14,58%,4,94%,9154,0,4,8,Cruzeiro,36,3,15,406
19,42%,8,79%,6871,0,3,8,Sao Paulo,37,3,20,368
13,42%,0,,5132,0,2,8,Internacional,15,3,19,315
17,44%,0,,5305,0,4,8,Goias,32,0,14,363
10,49%,5,82%,7784,0,2,4,Ceara,14,0,16,352
0,,0,,2475,0,0,0,FLAMENGO,15,0,0,0
0,,0,,3950,0,0,0,Palmeiras,11,0,0,0
0,,0,,4299,0,0,0,  Sao Paulo,8,0,0,0
0,,0,,4129,0,0,0,Atletico-GO,29,0,0,0
13,28%,5,60%,7790,0,2,2,Athletico-PR,15,0,15,231
20,44%,4,76%,6761,2,2,5,Goias   ,26,2,10,305
8,51%,2,79%,6468,0,3,4,Bahia,35,2,24,386
16,57%,0,,5680,0,2,3,vitoria,32,2,20,402
12,62%,0,,5193,0,5,6,Flamengo,21,2,19,575
0,,0,,14,0,0,0,Santos   ,2,0,0,0
0,,0,,4760,0,0,0,Sao Paulo,15,0,0,0
0,,0,,2179,0,0,0,America-RN,23,0,0,0
0,,0,,25,0,0,0,Santos,4,0,0,0
8,48%,0,,5159,1,4,6,Vasco,18,0,22,
0,,0,,2239,0,0,0,Juventude,30,0,0,0
  ,47%,8,85%,7255,0,3,4,Botafogo-RJ,37,2,12,428
10,36%,0,,5679,1,3,2,Corinthians,32,1,19,278
9,41%,6, 86% ,9115,0,2,8,Palmeiras   ,33,0,13,276
0,,0,,2689,0,0,0,portuguesa,37,0,0,0
0,,0,,3815,0,0,0,Flamengo,35,0,0,0
0,,0,,653,0,0,0,Corinthians,9,0,0,0
NULL,56% un,5,84%,7662,0,3,5,Atletico-MG,2,0,14,521
9,52%,5,,5990,0,3,3,Botafogo-RJ,25,2,19,360
8,41% un,3,79%,8078,0,4,6,Bragantino,6,2,19,332
14, 45% ,0,,5288,1,1,5,Joinville,31,4,24,280
0,,0,  ,2042,0,0,0,Fluminense   ,9,0,0,
14,57%,5,83%,6236,1,3,6,Sao Paulo,12,5,24,454
0,,0,,2616,0,0,0,Atletico-MG,29,0,0,0
11,43% un,3,78%,8030,0,2,3,Athletico-PR,1,1,19,368
10,49%,6,74%,7523,0,1,4,Internacional,26,2,21,355
0,,0,,216,0,0,0,vitoria,18,0,0,0
15,58%,1,78%,6409,0,3,7,Chapecoense,29,1,14,409
0,,0,,4119,0,0,0,Coritiba,28,0,0,0
14,37%,2,76%,7812,0,4,6,BOTAFOGO-RJ,17,1,21,275
21,56%,6,85%,8369,0,2,7,Gremio,35,0,12,536
13,50%,0,,5650,0,0,5,Santos,29,3,16,null
0,,0,,4467,0,0,0,Atletico-MG,25,0,0,0
4,34%,2,83%,6654,1,0,4,Santos   ,15,1,7,297
0,,0,-,3108,0,0,0,Santos,3,0,0,0
  ,,0,,4507,0,0,0,  Fluminense,29,0,0,0
12,41%,1,68%,6655,0,-2,5,Chapecoense,15,2,25,317
9,60%,0,,5678,0,0,7,sao paulo,32,2,16,427
15,49%,0,,5308,0,3,3,Cruzeiro,33,0,16,325
12,40%,5,72%,6231,1,2,1,Botafogo-RJ,11,0,9,N/A
12,43%,7,77% un,6508,0,1,3,Chapecoense,1,0,15,392
null,74%,3,,5971,0,4,9,Sport,23,2,13,630
0,,0,,3356,0,0,0,ATLETICO-MG,27,0,0,0
10,43%,0,,5705,1,2,4,Figueirense,34,2,20,299
0,,0,,2310,0,0,0,Palmeiras,37,0,0,0
0,,0,,4904,0,0,0,Chapecoense,30,0,0,0
0,null,0,    ,39,0,0,0,Athletico-PR,3,0,0,0
0,,0,,2711,0,0,0,Sao Paulo,1,0,0,0
11,47%,6,86%,8914,0,3,5,mirassol,13,3,12,282
0,,0,,3744,0,0,0,Corinthians,28,0,0,0
11,41%,5,86%,7471,1,1,4,Fortaleza,21,1,15,358
0,,0,,203,0,0,0,  Criciuma,17,0,0,0
0,,0,,4051,0,0,0,Corinthians,21,0,0,0
0,,0,,3177,0,0,0,Sao Paulo,10,0,0,0
0,,0,,4151,0,0,0,Cruzeiro,31,0,0,
15,42%,6,72%,6347,0,3,5,  Botafogo-RJ,23,0,13,352
18,57%,2,83%,6632,0,4,8,Vasco,13,0,13,-
8,40%,3,,5785,0,2,4,Atletico-GO,4,4,27,321
0,,0,,1648,0,0,0,Vasco,9,0,0,0
0,,0,,1595,0,0,0,Goias,3,0,0,0
14,54%,2,82%,6306,0,3,9,Athletico-PR,18,0,14,443
0,,0,,2381,0,0,0,Botafogo-RJ,6,0,0,0
7,46%,0,N/A,4994,1,2,1,Figueirense,1,3,14,391
0,,0,,862,0,0,0,Sao Caetano,26,0,0,
0,,0,,3134,0,0,0,Ceara,5,0,0,0
0,,0,,333,0,0,0,Guarani,28,0,0,0
6,46%,1,78%,8242,1,3,0,Vasco   ,22,2,17,419
15,,5,92%,9112,0,1,9,  Corinthians,33,2,7,655
0,,0,,4900,0,0,0,Criciuma,30,0,0,0
12,48%,0,,5689,0,0,7,atletico-mg,33,4,12,343
5,33%,0,75%,7443,0,3,1,Bragantino,18,1,16,333
22,45%,9,81%,7657,0,3,5,AMERICA-MG,2,2,19,378
0,,0,,1115,0,0,0,Paysandu,1,0,0,0
0,,0,,1497,0,0,0,Vasco,36,0,0,0
null,,0,,2366,0,0,0,Flamengo,4,0,0,0
14,43%,6,80%,7945,0,4,5,Botafogo-RJ,30,1,20,346
0,,0,,2512,0,0,0,Portuguesa,19,0,0,0
0,,0,,4862,0,0,0,Gremio,25,0,0,
14,48%,3,,7053,1,3,7,palmeiras,17,2,19,422
0,,0,,4839,0,0,0,Atletico-MG,23,0,0,0
0,,0,,4205,0,0,0,Portuguesa,36,0,0,0
0,,0,,4573,0,0,0,Internacional,35,0,0,0
0,,0,,4160,0,0,0,Atletico-MG,32,0,0,0
0,,0,,2199,0,0,0,Vasco,25,0,0,0
0,,0,,2036,0,0,0,Flamengo,8,0,0,0
0,,0,,1017,0,0,0,Athletico-PR,39,0,0,0
7,53%,4,91%,9140,0,5,3,Sao Paulo   ,35,0,14,
0,,0,,305,0,0,0,  Athletico-PR,26,0,0,0
0,,0,,4331,0,0,0,Ponte Preta,11,0,0,
0,,0,,4314,0,0,0,Coritiba,9,0,0,0
0,,0,,10,0,0,0,Figueirense   ,1,0,0,0
15,63%,5,84%,8041,0,3,6,Atletico-MG,2,1,21,551
0,,0,,2286,0,0,0,  Internacional,34,0,0,  
11,36%,0,,5037,0,0,6,Cruzeiro,6,2,13,268
,60%,4,83%,7744,0,3,10,Sao Paulo,10,1,13,467
7,40%,3,88%,9008,0,2,1,internacional,23,0,16,N/A
18,74%,0,,5212,0,3,5,Gremio,23,3,15,690
10,57%,3,86% un,7489,0,4,7,Atletico-MG,23,2,16,490
8,40%,4,77%,6265,0,3,0,Ceara,14,3,13,418
0,,0,,1247,0,0,0,Corinthians   ,13,0,0,0
0,null,0,,3888,0,0,0,Figueirense,5,0,0,
17,62%,3,83%,8180,0,4,8,Atletico-MG,16,1,17,563
0,,0,,2613,0,0,0,Internacional,29,0,0,0
0,,0,,3048,0,0,0,Cruzeiro,35,0,0,0
18,45%,10,77%,8250,0,1,2,Bahia,23,1,17,358
0,,0,,1518,0,0,0,Coritiba,38,0,0,0
0,,0,,4286,0,0,0,Botafogo-RJ   ,6,0,0,0
7,54%,0,88%,7569,0,2,5,Corinthians,31,1,4,493
13,28%,4,N/A un,7374,0,3,1,Chapecoense,11,2,16,262
15,52%,0,  ,4856,0,3,2,Atletico-MG,24,5,16,394
  ,42%,6,,6070,0,5,6,Vasco,33,3,14,345
0,,0,,6809,0,0,0,Cruzeiro,31,0,0,0
-,,0,,4951,0,0,0,Coritiba   ,34,0,0,0
0,,0,,1800,0,0,0,Cruzeiro,24,0,0,0
0,  ,0,N/A,8518,0,0,0,Atletico-GO,12,0,0,0
0,,0,,1713,0,0,0,vasco,15,0,0,0
0,,0,,4692,0,0,0,Flamengo,9,0,0,0
0,,0,,1480,0,0,0,Goias,35,0,0,0
9,29%,5,65%,7304,0,4,2,Fluminense,4,1,14,249
0,,0,,3109,0,0,0,Gremio,3,0,0,0
0,,0,,2704,0,0,0,Botafogo-RJ,38,0,0,0
8,null,1,76%,7614,1,5,2,Cuiaba,35,2,14,N/A
0,,0,,4447,0,0,0,Coritiba   ,23,0,0,0
12,49%,5,87%,7585,0,2,2,JUVENTUDE,30,1,16,431
16,46%,6,88%,8909,0,2,4,Bahia,13,0,12,355
0,,0,,4682,0,0,0,Cruzeiro,8,0,0,0
,42%,1,91%,8827,0,-12,2,Vasco,5,1,14,267
15,40%,7,72%,6200,0,2,3,Sao Paulo,8,3,19,-
17,59%,3, 89% ,8239,0,1,9,Cuiaba,22,0,16,null
0,,0,,1642,0,0,0,Santa Cruz,8,0,0,0
21,62%,4,86%,6367,0,1,4,Gremio,25,5,11,553
  ,,0,,992,0,0,0,Vasco,37,0,0,0
0,,0,,2696,0,0,0,Sao Paulo,37,0,0,0
22,54%,0,,5015,0,2,16,  Cruzeiro,3,3,17,390
0,,0,,2073,0,0,0,Goias,11,0,0,  
10,,1,86%,7005,1,1,4,Coritiba,12,3,19,532
16, 45% ,7,N/A,7911,0,1,4,America-MG,27,2,14,379
0,,0,,4926,0,0,0,Palmeiras,32,0,0,0
0,,0,,3881,0,0,0,Internacional,4,0,0,0
0,,0,,329,0,0,0,Vasco   ,28,0,0,0
0,,0,,3675,0,0,0,Internacional,21,0,0,0
0,,0,,376,0,0,0,Bahia,32,0,0,0
0,,0,,1041,0,0,0,Vitoria,41,0,0,0
9,64%,2,,6100,0,2,4,sao paulo,36,0,13,588
0,,0,,3652,0,0,0,Sao Paulo,19,0,0,0
0,,0,,1662,0,0,0,Figueirense,10,0,0,0
0,,0,,1647,0,0,0,Cruzeiro,9,0,0,0
0,,0,,422,0,0,0,Guarani,36,0,0,0
0,,0,,3612,0,0,0,Corinthians,15,0,0,0
0,,0,,3652,0,0,0,Santos,19,0,0,0
0,,0,,8783,0,0,0,Cuiaba,38,0,0,0
10,45%,3,83%,7594,0,3,3,Juventude,32,0,17,408
7,47%,2,,5944,0,2,4,Fluminense,20,2,10,480
0,,0,,4767,0,0,0,Palmeiras,16,0,0,0
0,,0,,6657,0,0,0,Gremio   ,16,0,0,0
23,39%,6,-,6689,0,1,18,Ceara   ,19,5,11,347
10,57%,0,-,4998,0,3,4,Gremio,2,4,13,456
16,48%,0,,5079,0,0,2,Palmeiras   ,10,4,15,428
0,,0,,277,0,0,0,  Paysandu,24,0,0,0
0,,0,,2745,0,0,0,  Palmeiras,4,0,0,0
0,,0,,3896,0,0,0,Corinthians,5,0,0,0
0,,0,-,2557,0,0,0,Athletico-PR,24,0,0,null
13,45%,5, 73% ,6953,0,2,4,Ceara,6,2,11,308
10,44%,7,,5540,0,3,1,Athletico-PR,18,3,11,
0,,0,,289,0,0,0,FLUMINENSE,25,0,0,0
0,,0,,4766,0,0,0,Figueirense,15,0,0,0
null,,0,,8423,0,0,0,Sao Paulo,2,0,0,0
14,51%,5,83%,7383,0,4,7,Internacional,12,0,19,428
0,,0,,24,0,0,0,  Vasco,2,0,0,0
8,N/A,4,86%,7161,1,2,5,Sao Paulo,28,3,4,493
0,,0,,4459,0,0,0,Botafogo-RJ,24,0,0,0
12,44%,6,73%,6195,0,3,7,Sao Paulo,7,5,19,337
18,63%,6,89%,7642,0,-2,6,Sport,38,1,17,569
0,,0,,2075,0,0,0,  Sao Paulo,11,0,0,0
0,,0,,3038,0,0,0,Avai,34,0,0,0
0,,0,,609,0,0,0,botafogo-rj,5,0,0,N/A
0,,0,,4733,0,0,0,Corinthians,12,0,0,0
0,,0,,973,0,0,0,Corinthians,36,0,0,0
25,55%,10,80%,8211,0,2,10,Fortaleza   ,19,1,19,363
0,,0,,726,0,0,0,Parana,15,0,0,0
14,66%,4,N/A,8366,0,2,3,Corinthians   ,35,1,9,604
0,,0,,1677,0,0,0,Ponte Preta,12,0,0,0
0,,0,,4257,0,0,0,Sao Paulo,4,0,0,0
7,54%,3,85%,6329,0,3,5,fluminense,21,0,14,
0,,0,,1203,0,0,0,Cruzeiro,9,0,0,0
,31%,0,,5324,0,2,10,Figueirense,34,4,14,243
0,,0,,3705,0,0,0,Coritiba,24,0,0,0
10,33%,5,,5448,0,2,3,Athletico-PR,9,1,16,323
0,,0,  ,4956,0,0,0,Figueirense,34,0,0,0
18,59%,8,88%,7664,0,1,13,Bragantino,2,1,12,485
14,70%,5,86%,7067,0,5,12,ATLETICO-GO,19,0,18,557
19,60% un,4,81%,7879,0,0,8,  Ceara,24,1,9,402
0,,0,,1085,0,0,0,Flamengo,45,0,0,0
0,,0,,2819,0,0,0,Internacional,12,0,0,0
8,47%,2,84%,7209,0,3,2,Coritiba   ,33,0,26,407
0,,0,,4646,0,0,0,Vitoria,4,0,0,0
7, 48% ,4,,5917,0,5,3,Chapecoense,18,0,26,328
31,66%,12,85%,6945,0,1,9,Flamengo,11,1,12,562
9,48%,3,76%,6216,0,4,6,Sao Paulo,10,0,30,397
11,,0,,5272,0,2,4,Fluminense,29,0,12,386
8,47%,2,80%,6773,0,2,1,Palmeiras,27,4,11,407
N/A,46%,7,83%,7567,0,3,6,gremio,31,0,18,445
0,,0,,608,0,0,0,Corinthians,5,0,0,0
11,40%,5,81%,7388,0,1,8,Bahia,13,0,14,331
N/A,39%,0,N/A,5672,0,1,4,America-MG   ,31,3,10,391
16,41%,0,,5178,0,3,2,Avai,20,1,12,364
,27%,3,,5946,0,2,1,Vitoria,21,2,21,290
32,68%,9,88%,8323,0,1,7,Botafogo-RJ,30,2,12,577
0,,0,,2720,0,0,0,Santos,2,0,0,0
0,,0,,3379,0,0,0,atletico-mg,30,0,0,0
19,58%,8,85%,7175,0,1,3,Corinthians,29,1,17,522
0,,0,,2058,0,0,0,Palmeiras,29,0,0,
0,,0,,1668,0,0,0,Athletico-PR,11,0,0,0
0,,0,,373,0,0,0,Internacional,32,0,0,0
0,,0,,4497,0,0,0,Fluminense,28,0,0,0
0,,0,,2677,0,0,0,Nautico,36,0,0,0
0,,0,,4814,0,0,0,Vitoria,20,0,0,0
13,45% un,0,,5405,0,3,2,Coritiba,4,4,18,471
0,,0,,3673,0,0,0,GREMIO,21,0,0,0
0,,0,,1635,0,0,0,Goias,7,0,0,0
0,,0,  ,4909,0,0,0,Fluminense,31,0,0,0
null,42%,6,,6101,0,1,7,Athletico-PR,36,1,8,366
12,42%,2,80%,6325,1,0,6,ceara,19,1,21,335
15,48%,4,92%,8895,0,1,9,Internacional,11,1,13,445
0,,0,,8588,0,0,0,Flamengo   ,19,0,0,0
0,,0,,365,0,0,0,Guarani,31,0,0,0
N/A,47%,0,,5608,0,0,4,figueirense,25,1,17,368
0,,0,,821,0,0,0,Juventude,23,0,0,0
13,41%,4,75%,6312,1,1,7,Chapecoense,18,1,18,310
,   un,0,,5208,1,2,5,vasco,23,1,19,416
0,,0,,4184,0,0,0,Bahia,34,0,0,0
0,,0,,272,0,0,0,Fortaleza,23,0,0,0
13,28%,5,75%,8210,0,3,3,GREMIO,19,3,11,
0,,0,,8599,0,0,0,Fortaleza,20,0,0,0
13,63%,5,85%,6963,0,2,9,Santos   ,7,2,17,423
0,,0,,73,0,0,0,Vitoria,7,0,0,0
0,,0,,2301,0,0,0,Vasco,36,0,0,0
5,45%,3,90%,8810,0,5,2,Mirassol,3,3,11,346
0,,0,,120,0,0,0,Internacional   ,10,0,0,0
10,39%,7,71%,7087,0,1,2,  Santos,21,1,24,302
13,51%,5,69%,8243,0,5,5,bragantino,22,3,15,341
0,,0,,3766,0,0,0,Vasco,30,0,0,0
0,,0,,2495,0,0,0,ATLETICO-MG,17,0,0,N/A
16,51%,0,,5141,0,1,5,Palmeiras,16,2,13,433
0,,0,,977,0,0,0,Ponte Preta,36,0,0,0
0,,0,,2188,0,0,0,Goias,24,0,0,0
18,58%,5,88%,6151,0,4,10,  Atletico-MG,3,2,25,556
0,,0,,798,0,0,0,Criciuma,21,0,0,0
0,,0,,3757,0,0,0,FLAMENGO,30,0,0,0
10,58%,2,89%,8404,0,3,9,Flamengo,38,0,16,535
0,,0,,4342,0,0,0,Botafogo-RJ,12,0,0,0
0,,0,  ,4717,0,0,0,CHAPECOENSE,11,0,0,0
0,,0,,4904,0,0,0,Sao Paulo,30,0,0,0
0,,0,,2897,0,0,0,  Santos,20,0,0,0
0,,0,,3704,0,0,0,Figueirense   ,24,0,0,0
0,,0,,1983,0,0,0,Flamengo,4,0,0,0
21,60%,6,82%,7908,0,0,5,Bragantino   ,27,0,14,431
0,,0,,1040,0,0,0,  Athletico-PR,41,0,0,0
null,,0,,2104,0,0,0,Botafogo-RJ,15,0,0,0
14,52%,5,83%,7186,0,-9,6,Atletico-GO,31,1,14,384
19,67%,8,87%,8089,1,6,7,Atletico-MG,7,1,17,null
0,,0,,4439,0,0,0,Goias   ,22,0,0,0
0,,0,,4175,0,0,0,Gremio,33,0,0,0
0,,0,,1,0,0,0,Vasco,1,0,0,0
9,41%,3,-,6894,0,3,2,Goias,1,0,16,  
0,,0,,8613,0,0,0,Gremio,21,0,0,0
13,54%,6,79%,7668,0,0,11,Athletico-PR   ,4,3,12,417
0,,0,,2156,0,0,0,Sao Paulo,20,0,0,0
0,,0,,1073,0,0,0,Palmeiras,44,0,0,0
14,40%,3, 73% ,7099,1,2,4,Palmeiras,22,1,15,334
13,63%,7,88%,7644,0,1,9,Atletico-MG,38,0,11,548
0,,0,,3584,0,0,0,Fluminense,11,0,0,0
13,66%,4,83%,7389,0,2,5,Bragantino,13,0,14,513
0,,0,,1034,0,0,0,Cruzeiro,41,0,0,0
29,69%,2,,6044,0,5,12,Ponte Preta,30,0,19,513
0,,0,,2412,0,0,0,Atletico-MG   ,9,0,0,0
0,,0,,1745,0,0,0,Internacional,18,0,0,0
0,,0,,1136,0,0,0,Atletico-MG,3,0,0,0
0,,0,,8540,0,0,0,Flamengo,14,0,0,0
0,,0,,2724,0,0,0,BOTAFOGO-RJ,2,0,0,0
19,57%,7,,6539,0,2,7,Flamengo,4,1,18,
16, 61% ,8,83%,6968,2,2,7,Ceara,8,0,21,425
11,40%,6,,5763,0,1,1,Botafogo-RJ,2,1,15,446
17,61% un,2,- un,6007,0,3,1,Botafogo-RJ,28,1,13,513
15,42%,6,72%,7330,0,4,5,Fortaleza,7,3,12,301
0,,0,,2998,0,0,0,Sao Paulo,30,0,0,0
19,41%,5,79%,7413,0,2,6,Ceara,15,1,18,350
0,,0,null,3077,0,0,0,Atletico-MG,38,0,0,0
12,,0,,5291,0,1,5,Corinthians,31,1,12,389
0,,0,,4550,0,0,0,Sao Paulo,33,0,0,0
18,52%,7, 85% ,6659,0,4,2,Vasco   ,16,0,19,null
0,,0,,2933,0,0,0,Coritiba,23,0,0,  
N/A,48%,0,,5073,0,2,5,Athletico-PR,9,1,27,371
0,,0,,8417,0,0,0,Bragantino,2,0,0,0
10,27%,4,65%,6845,0,2,2,Avai,33,0,20,
11,N/A,5,87% un,7412,0,1,5,Santos,15,3,17,561
0,,0,,4527,0,0,0,Botafogo-RJ,31,0,0,0
0,,0,,4203,0,0,0,Bahia,36,0,0,0
0,,0,,3138,0,0,0,vitoria,6,0,0,0
0,,0,,2552,0,0,0,Palmeiras,23,0,0,0
0,,0,,3614,0,0,0,Bahia,15,0,0,0
8,48%,0,,5521,1,2,2,Sao Paulo,16,1,12,485
0,,0,  ,3469,0,0,0,Vasco,1,0,0,0
0,,0,,8745,0,-7,0,Fortaleza,34,0,0,0
0,,0,,4600,0,0,0,ATHLETICO-PR,38,0,0,0
0,,0,,8595,0,0,0,Atletico-MG,19,0,0,0
0,,0,,3146,0,0,0,CORINTHIANS,6,0,0,0
16,null,3,81%,7563,0,3,3,Atletico-GO,29,0,13,429
0,,0,,3956,0,0,0,bahia,11,0,0,0
15,67%,5,86%,8266,0,1,12,Flamengo,25,1,11,535
0,,0,,3640,0,0,0,Sao Paulo,18,0,0,0
0,,0,,3365,0,0,0,Goias,28,0,0,0
15,38%,6,72%,6385,1,2,8,Bahia,26,1,15,292
0,,0,,4719,0,0,0,Atletico-MG,11,0,0,0
13,45%,2,,5991,0,2,6,Cruzeiro,25,0,18,392
0,,0,,4861,0,0,0,Corinthians,25,0,0,N/A
-,N/A,0,,3626,0,0,0,Internacional,16,0,0,0
24,61%,7,82%,7829,1,5,9,Fluminense,19,2,11,528
0,,0,,589,0,0,0,Paysandu,4,0,0,N/A
0,,0,,4442,0,0,0,Ponte Preta,22,0,0,0
17,44%,6,78%,7643,0,1,11,Juventude,38,0,10,404
0,  ,0,,3727,0,0,0,Palmeiras   ,27,0,0,0
11,57%,5,83%,7274,0,1,3,Athletico-PR,1,0,18,557
0,,0,,2767,0,0,0,athletico-pr,7,0,0,-
  ,,0,,2686,0,0,0,Ipatinga,36,0,0,0
24,67%,9,85%,7900,0,0,14,Palmeiras,26,3,6,498
0,,0,,4665,0,0,0,Goias,6,0,0,0
11,58%,0,,5269,0,1,4,Sao Paulo,29,4,12,464
0,,0,,2835,0,0,0,Coritiba,13,0,0,
0,,0,,2545,0,0,0,Athletico-PR,22,0,0,0
8,48%,2,77%,7030,0,2,3,Fluminense,15,0,26,401
0,,0,,3407,0,0,0,Santos,33,0,0,0
0,,0,,4537,0,0,0,Sao Paulo,32,0,0,0
0,,0,,4180,0,0,0,Palmeiras,34,0,0,0
0,-,0,,4709,0,-8,0,Botafogo-RJ,10,0,0,0
0,,0,,4660,0,0,0,Criciuma,6,0,0,0
0,,0,N/A,4143,0,0,0,Coritiba,30,0,0,0
2,34% un,0,79%,6671,1,2,1,Palmeiras,17,3,16,341
7,44%,2,,5777,0,5,2,Vitoria,4,0,22,363
20,48%,7,79% un,8286,0,6,8,athletico-pr,27,1,13,440
0,,0,,584,0,0,0,sao paulo,3,0,0,0
0,,0,null,7015,0,0,0,atletico-mg,13,0,0,0
8,45%,0,,5418,0,3,2,Chapecoense,6,0,12,439
26,N/A,6,87%,7773,0,3,7,Atletico-GO,13,1,15,513
0,,0,,4751,0,0,0,Santos   ,14,0,0,0
0,,0,,3750,0,0,0,Sao Paulo,29,0,0,0
0,,0,,8551,0,0,0,Internacional,15,0,0,0
0,,0,-,2738,0,0,0,Coritiba,4,0,0,0
0,,0,,892,0,0,0,Atletico-MG,29,0,0,0
0,,0,,707,0,0,0,Santos,13,0,0,
0,,0,,566,0,0,0,Cruzeiro,2,0,0,0
9,57%,5,null,7996,0,3,9,SANTOS,36,1,14,477
null,48%,5,79%,7801,0,5,9,Santos,16,0,13,349
24,65%,9,84%,6175,0,1,8,Ceara,5,2,16,516
14,49%,3,77%,6842,0,0,5,Corinthians,33,2,9,411
0,,0,,2002,0,0,0,Cruzeiro,12,0,0,0
0,,0,,8693,0,0,0,Cuiaba,29,0,0,0
11,74%,5,88%,6658,0,2,5,Internacional,16,3,14,611
16,65%,11,-,6474,0,2,4,  Gremio,35,3,12,544
13,29%,5,,5954,0,4,3,Chapecoense,21,0,24,247
14,40%,9,79%,8067,0,3,1,Santos,5,5,18,379
12,37%,6,79%,6538,0,2,2,Goias,4,2,20,295
9,62%,5, 84% ,6970,0,2,8,  Internacional,8,1,11,528
0,,0,,2166,0,0,0,Goias,21,0,0,0
0,  ,0,,3922,0,0,0,Fluminense,8,0,0,0
0,,0,,2459,0,0,0,Gremio,13,0,0,0
9,46%,2,,6038,0,3,2,Vitoria,30,0,17,370
0,,0,,3434,0,0,0,Guarani,35,0,0,0
0,,0,,2806,0,0,0,Santo Andre,10,0,0,0
0,,0,,3440,0,0,0,Fluminense,36,0,0,0
14,55%,4,81% un,6794,0,3,3,Internacional,29,1,14,484
5,N/A,3,60%,6855,0,4,1,CSA,35,2,16,215
12,41%,2,,5941,0,1,9,Vasco,20,3,17,354
3,67%,0,87%,6412,0,2,5,Gremio,29,0,16,648
0,,0,,4680,0,0,0,Chapecoense,8,0,0,0
N/A,43%,4,78%,6754,1,4,4,Atletico-MG,25,0,17,394
0,,0,,2524,0,0,0,Atletico-MG,20,0,0,0
0,,0,-,4444,0,0,0,Flamengo,22,0,0,0
20,58%,6,86%,7564,0,2,7,Cuiaba,29,1,8,484
19,55%,7,87%,6190,0,3,12,Internacional,7,2,13,500
14,64%,0,,5068,0,1,16,Chapecoense,9,2,7,433
20,55%,4,,5991,0,4,4,Atletico-GO,25,2,16,455
9,37%,6,79%,7216,1,1,3,Santos   ,34,0,20,313
0,,0,,2022,0,0,0,America-RN,7,0,0,null
16,75%,4,94%,9124,0,0,4,Flamengo,37,0,13,637
18,60%,5,81%,7684,0,5,5,Goias   ,3,3,20,376
0,,0,,8625,0,0,0,Internacional,22,0,0,0
0,,0,,8733,0,0,0,Bragantino,33,0,0,0
0,,0,,3013,0,0,0,Fluminense,31,0,0,N/A
0,,0,,3545,0,0,0,Palmeiras,8,0,0,0
0,,0,,4560,0,0,0,Criciuma,34,0,0,0
15,56%,5,79%,6564,0,1,9,Goias,6,0,10,412
0,,0,,4577,0,0,0,Vitoria,36,0,0,0
11,62%,5,94%,9113,0,2,10,Flamengo,33,1,14,570
0,,0,,8515,0,0,0,Palmeiras,11,0,0,-
14,51%,3,81%,7434,0,2,9,AMERICA-MG,17,2,14,440
0,,0,null,8550,0,0,0,cruzeiro,15,0,0,0
0,,0,,1835,0,0,0,Santos,27,0,0,0
N/A,66%,4,,5388,0,2,5,Athletico-PR,3,1,12,645
16,49%,9,85%,6372,0,3,5,ATHLETICO-PR,25,4,15,456
0,,0,,2978,0,0,0,santo andre,28,0,0,0
19,45%,4,75%,7640,0,2,5,America-MG,38,2,18,383
9,null,0,,5094,0,3,5,Palmeiras,11,1,22,464
0,,0,,2647,0,0,0,Flamengo   ,33,0,0,0
0,,0,,8437,0,-8,0,Cuiaba,4,0,0,0
10,null,3,90% un,9005,0,1,5,Fortaleza,22,3,12,420
0,,0,,3599,0,0,0,Figueirense   ,14,0,0,0
0,,0,,245,0,0,0,Vasco,21,0,0,0
8,47%,1,80%,6591,0,2,1,Ceara,9,3,15,426
0,,0,,659,0,0,0,Flamengo,9,0,0,0
,,0,,1508,0,0,0,Goias,37,0,0,0
21,73%,7,88%,6708,0,1,6,Flamengo,21,1,16,594
0,,0,,195,0,0,0,cruzeiro,17,0,0,0
0,,0,,3739,0,0,0,Botafogo-RJ,28,0,0,0
0,,0,,3578,0,0,0,Atletico-GO,11,0,0,0
6,42%,0,,5394,0,3,3,Ponte Preta,3,1,15,411
15,53%,4,87%,6720,0,4,6,Gremio,22,1,9,531
19,53%,4,83%,6553,0,1,9,Chapecoense,5,0,16,419
14,55%,0,,5706,0,4,5,Gremio,34,0,11,542
0,  ,0,null,8775,0,0,0,  Athletico-PR,37,0,0,0
0,,0,,1246,0,0,0,Cruzeiro,13,0,0,0
12,,4,,5989,0,4,6,Chapecoense,25,0,16,N/A
null,,0,,4324,0,0,0,Goias,10,0,0,0
9,69%,3,84%,7975,0,1,11,Atletico-MG,33,0,10,519
29,59%,9,87%,7785,0,3,16,  Sao Paulo,14,0,15,527
0,,0,,455,0,0,0,Juventude,38,0,0,0
0,,0,,789,0,0,0,Goias,20,0,0,0
  ,62%,3,N/A,5869,0,3,8,palmeiras,13,3,16,490
0,-,0,,3906,0,0,0,Internacional,6,0,0,0
9,35%,1,77%,7851,0,1,6,Cuiaba,21,2,14,300
0,,0,,671,0,0,0,Internacional,10,0,0,0
0,,0,,2320,0,0,0,Palmeiras,38,0,0,0
0,,0,,4978,0,0,0,Internacional,38,0,0,null
2,47%,0,76%,6590,0,4,3,Corinthians   ,9,1,13,413
0,,0,,3136,0,0,0,Goias,5,0,0,0
10,68%,4,,5896,0,2,6,Vitoria   ,16,6,13,493
15,44%,2,79%,7256,0,0,7,Gremio,38,0,12,370
0,,0,,2346,0,0,0,SANTOS,2,0,0,0
0,,0,,995,0,0,0,CORINTHIANS,37,0,0,0
14,41%,4,81%,6519,0,0,3,CEARA,2,2,12,426
,,0,,3518,0,0,0,Bahia,6,0,0,0
24,54%,6,84%,8381,1,1,10,Botafogo-RJ,36,0,11,462
0,,0,,2775,0,0,0,Cruzeiro,7,0,0,0
0,,0,,2889,0,0,0,Botafogo-RJ,19,0,0,0
8,49%,3,76%,6296,0,2,3,Santos,20,3,13,385
27,48%,12,85%,7264,0,1,9,Vasco,38,2,12,390
17,40%,5,85%,8988,0,2,1,Ceara,21,0,12,273
8,50% un,0,,5534,0,1,2,Santos   ,17,5,12,517
0,,0,,60,0,0,0,Figueirense,5,0,0,0
0,,0,,1311,0,0,0,flamengo,19,0,0,0
0,-,0,,4737,0,0,0,Cruzeiro,13,0,0,0
0,,0,,1755,0,0,0,Sao Paulo,19,0,0,0
12,46%,4,82%,8209,0,2,2,Coritiba,19,0,13,447
11,35%,4,62%,6626,0,3,8,CEARA,13,4,14,229
11,29%,5,null,9131,0,5,2,Fortaleza,34,2,13,164
15,39%,5,,5762,0,6,5,  Fluminense,2,4,23,293
,,0,  ,477,0,0,0,Figueirense,40,0,0,0
0,,0,,4141,0,0,0,SANTOS,30,0,0,0
16,53%,3,88%,7692,0,2,8,Cuiaba,5,2,12,454
0,,0,,2598,0,0,0,Vitoria,28,0,0,0
9,63%,1,-,7626,1,5,3,Fluminense,37,1,20,512
8,48%,2,82%,7734,0,3,7,bragantino,9,2,20,434
0,,0,,2930,0,0,0,BOTAFOGO-RJ,23,0,0,0
0,,0,,8489,0,0,0,Vitoria,9,0,0,0
8,63%,0,,5154,0,2,6,Atletico-MG,17,0,11,568
17,56%,7,,5982,0,2,8,Sao Paulo,24,1,16,457
0,,0,,1275,0,0,0,Flamengo,16,0,0,0
7,57%,3,,5809,0,1,5,Sport,7,1,21,465
0,,0,,637,0,0,0,criciuma,8,0,0,0
0,,0,,2614,0,0,0,CORITIBA,29,0,0,0
0,  ,0,,4570,0,0,0,ponte preta,35,0,0,0
0,,0,,846,0,0,0,Parana,25,0,0,0
17,65% un,1,83%,6446,1,2,13,  America-MG,33,8,10,508
0,,0,,8674,0,0,0,sao paulo,27,0,0,0
16,48%,5,80%,7938,0,4,3,Goias,30,0,24,316
0,,0,,1374,0,0,0,  Palmeiras,25,0,0,0
13,61%,0,,5008,0,6,8,vasco,3,1,15,466
0,,0,,3136,0,0,0,Atletico-GO,5,0,0,0
7,,4,80%,7717,0,5,3,Ceara,8,3,10,356
0,,0,,3740,0,0,0,America-MG,28,0,0,0
0,,0,,3567,0,0,0,athletico-pr,10,0,0,-
0,,0,,1488,0,0,0,Internacional,35,0,0,0
0,,0,,492,0,0,0,Sao Caetano,41,0,0,0
11,54%,6,89%,8793,0,1,2,vasco,1,1,11,433
0,,0,,8597,0,-2,0,Juventude,20,0,0,0
0,,0,,1024,0,0,0,Parana,40,0,0,0
12,53%,6,81%,8233,0,3,2,  Fortaleza,21,1,22,419
0,,0,,3549,0,0,0,Athletico-PR,9,0,0,0
0,,0,,3551,0,0,0,Gremio,9,0,0,0
11,44%,4,86%,8960,0,2,5,Cruzeiro,18,2,7,330
0,,0,,1380,0,0,0,Ponte Preta,26,0,0,0
0,,0,,8780,0,0,0,  Criciuma,38,0,0,0
0,,0,,606,0,-6,0,Ponte Preta,5,0,0,0
-,63%,0,,5562,0,4,7,Atletico-MG   ,20,3,9,530
12,61%,7,-,7066,1,3,4,Botafogo-RJ,19,1,17,493
0,,0,,2029,0,0,0,Gremio,8,0,0,0
0,,0,,218,0,0,0,Juventude,19,0,0,0
0,,0,,3459,0,0,0,Cruzeiro,38,0,0,0
0,,0,,4274,0,0,0,Fluminense,5,0,0,0
10,47%,3,N/A,7739,1,3,6,  Avai,10,0,12,394
17,43%,7,86%,6203,0,2,5,Bahia,8,2,7,440
0,,0,,546,0,0,0,Gremio,46,0,0,0
0,,0,,1561,0,0,0,  Coritiba,42,0,0,0
0,,0,,2735,0,0,0,AVAI,3,0,0,
16,65%,0,,5231,0,5,9,Atletico-MG,25,3,16,499
0,  ,0,,4792,0,0,0,Sao Paulo,18,0,0,null
0,,0,,767,0,0,0,PONTE PRETA,18,0,0,0
0,,0,,2986,0,0,0,Atletico-MG,28,0,0,0
0,,0,,706,0,0,0,Criciuma   ,13,0,0,0
0,,0,,4985,0,0,0,Fluminense,38,0,0,0
14,57%,3,83%,6701,0,1,5,Palmeiras,20,4,11,459
0,,0,,1601,0,0,0,palmeiras,4,0,0,0
6,39%,3,75%,6324,0,2,2,Sao Paulo,19,1,17,358
0,,0,,1315,0,0,0,  Internacional,20,0,0,0
0,,0,,8704,0,0,0,Vitoria,30,0,0,0
20,65%,7,83%,6880,0,4,18,Internacional,38,2,11,470
0,,0,,1278,0,0,0,sao paulo,16,0,0,0
,,0,,3259,0,0,0,  Botafogo-RJ,18,0,0,0
12,41%,4,75%,7139,0,4,4,Internacional,26,1,13,327
15,N/A,9,,6010,0,1,3,Palmeiras,28,1,13,615
0,,0,,4374,0,0,0,Criciuma,15,0,0,0
0,,0,,1342,0,0,0,Juventude,22,0,0,0
4,35%,2,73%,7142,0,2,1,Vasco,26,0,26,255
14,46%,6,81%,7804,0,1,5,Cuiaba,16,2,7,404
19,46%,0,N/A,5019,0,4,7,athletico-pr,4,4,13,399
  ,,0,,729,0,0,0,Vasco,15,0,0,0
0,,0,,1788,0,0,0,Gremio,23,0,0,0
19,55%,0,,5490,0,4,12,Internacional,13,3,11,N/A
7,40% un,3,81%,8259,0,1,3,Cruzeiro,24,2,15,382
18, 42% ,6,  ,7390,0,6,4,SAO PAULO,13,4,16,316
11,46%,5,79%,6734,0,4,5,Botafogo-RJ,23,3,20,410
0,,0,,3014,0,0,0,Corinthians,31,0,0,0
13,43%,0,,5340,0,4,6,Internacional,36,2,21,322
,44%,5,86%,6798,0,2,5,CEARA,30,2,19,395
0,,0,,1769,0,0,0,Santa Cruz,21,0,0,0
0,,0,,8427,0,0,0,Corinthians,3,0,0,0
14,48%,0,,5257,0,3,4,Goias,28,2,15,null
-,39%,3,,6122,1,4,0,BAHIA,38,2,29,299
0,,0,,1477,0,0,0,Botafogo-RJ,34,0,0,0
0,,0,,2750,0,0,0,Palmeiras,5,0,0,
0,,0,N/A,697,0,0,0,Sao Paulo,13,0,0,-
11,61%,3,90%,7400,1,2,4,Atletico-MG,14,1,14,616
0,,0,,8467,0,0,0,Vitoria,7,0,0,0
6,33%,0,,5372,0,5,4,SAO PAULO,1,3,10,310
0,,0,,3962,0,0,0,Atletico-GO,12,0,0,0
0,-,0,,3527,0,0,0,Cruzeiro,7,0,0,0
0,,0,,1508,0,0,0,Atletico-MG,37,0,0,0
0,,0,,1811,0,0,0,Goias,25,0,0,0
0,,0,,8425,0,0,0,Cuiaba,2,0,0,0
15,62%,5,85%,6129,0,3,6,Sport,1,3,12,580
0,,0,,2185,0,0,0,Fluminense,23,0,0,0
13,61%,7,89%,6582,0,1,2,Botafogo-RJ,8,0,10,520
18,51%,8,81%,7285,2,2,5,Gremio,2,2,14,N/A
12,52%,4,81%,6518,0,2,7,Corinthians,2,1,14,424
12,64%,10,93%,8891,0,1,2,Flamengo,11,2,8,597
10,null,0,,5171,0,1,0,corinthians,19,1,8,546
0,,0,,884,0,0,0,Juventude,28,0,0,null
0,,0,,4447,0,-6,0,FLUMINENSE,23,0,0,0
0,,0,,4150,0,0,0,Bahia,31,0,0,0
0,,0,,4593,0,0,0,Vasco   ,37,0,0,0
20,  ,0,,5304,0,1,3,  Vasco,32,4,12,454
12,52%,0,,5214,0,2,4,avai,23,1,19,363
0,,0,,2055,0,0,0,Juventude,10,0,0,0
0,,0,,4639,0,0,0,Botafogo-RJ,4,0,0,0
11,67%,0,,5280,0,1,3,Flamengo   ,30,2,10,479
0,,0,,3867,0,0,0,Gremio,3,0,0,0
11,41% un,0,,5335,1,1,3,Flamengo,35,1,11,327
6,55%,2,,5905,0,1,5,Sao Paulo   ,16,0,17,507
9,60%,3,  ,6084,0,2,5,Coritiba,34,3,17,420
8,37%,5,,5767,0,3,9,Sao Paulo,3,1,13,323
0,,0,,3843,0,0,0,Figueirense,38,0,0,0
9,47%,3,84%,7028,0,2,8,Palmeiras,15,2,15,null
0,,0,,3113,0,0,0,Vitoria,3,0,0,0
8,40%,3,82%,6911,0,2,3,Vasco,3,1,16,379
0,,0,,4934,0,0,0,Corinthians,33,0,0,0
12,59%,0,,5868,0,3,6,Fluminense,13,0,13,509
13,37%,4,79%,6544,0,3,6,BAHIA,4,2,14,309
10,60%,0,,5249,0,4,7,Fluminense,27,1,14,498
12,47%,6,,5834,0,0,3,Coritiba,9,0,11,396
0,,0,,2843,0,0,0,  Nautico,14,0,0,0
0, - ,0,,502,0,0,0,GUARANI,42,0,0,0
0,,0,,531,0,0,0,Athletico-PR,45,0,0,0
21,62%,6,-,6422,0,2,12,Ceara,30,2,13,448
12,37%,4,72%,7055,0,1,5,Goias,17,0,11,326
0,,0,,2443,0,-5,0,Vitoria,12,0,0,0
0,,0,,476,0,0,0,Cruzeiro,40,0,0,0
17,39%,9,,5755,0,2,6,  Atletico-GO,1,1,13,315
-,,0,,4098,0,0,0,Fluminense,26,0,0,0
9,30%,1,N/A,7607,0,5,1,Fluminense,35,1,20,262
,40%,3,77%,6888,0,-11,2,sport,1,3,15,324
0,,0,,2692,0,0,0,Cruzeiro,37,0,0,0
0,,0,,2327,0,0,0,Nautico,1,0,0,0
0,,0,,8694,0,0,0,Corinthians,29,0,0,0
0,,0,,2153,0,0,0,America-RN,20,0,0,0
9, 51% ,0,,5016,0,4,5,Coritiba,3,0,17,385
0,,0,,4063,0,0,0,Sao Paulo,22,0,0,0
0,,0,,1929,0,0,0,Flamengo,37,0,0,0
13,51%,0,,5357,0,2,9,Internacional   ,38,4,11,381
16,53%,2,86%,6996,0,4,8,Corinthians,12,2,15,  
0,,0,,2158,0,0,0,Fluminense,21,0,0,0
0,,0,,1074,0,0,0,Corinthians,44,0,0,0
4,57%,3,,5859,0,3,2,Athletico-PR,12,4,13,504
0,,0,,2233,0,0,0,Juventude,28,0,0,0
0,,0,,1341,0,0,0,Flamengo,22,0,0,  
0,,0,,4392,0,0,0,Criciuma,17,0,0,-
0,,0,,859,0,0,0,Internacional,26,0,0,0
6,37%,2,71%,7370,0,1,1,Bahia,11,0,15,341
12,56%,4,90%,8380,0,2,5,Internacional,36,1,12,490
13,69%,3,88%,7740,0,4,7,flamengo,10,1,16,551
0,,0,,294,0,0,0,Ponte Preta,25,0,0,0
7,57%,0,-,5629,0,-7,7,Botafogo-RJ   ,27,5,12,493
0,,0,,8522,0,0,0,Internacional,12,0,0,null
0,,0,,1598,0,0,0,Fluminense,4,0,0,0
0,,0,,1416,0,0,0,Figueirense,29,0,0,0
0,,0,,1335,0,0,0,INTERNACIONAL,21,0,0,0
0,,0,,1134,0,0,0,Fluminense,3,0,0,0
6,41%,0,,5572,0,2,4,Fluminense,21,1,16,341
,66%,5,84%,7652,0,2,7,Fortaleza,1,1,22,444
0,,0,,3260,0,0,0,Goias,18,0,0,0
24,69%,3,,5806,0,2,12,Atletico-MG,7,2,11,514
15,,0,,5352,0,5,3,Atletico-MG,37,0,11,522
0,,0,,3069,0,0,0,Palmeiras,37,0,0,0
11,33%,5,72%,6937,0,3,4,  Corinthians,11,1,15,277
0,,0,,3741,0,0,0,Palmeiras,28,0,0,0
0,,0,,8682,0,0,0,Vasco,28,0,0,0
13,39%,0,,4942,0,-5,3,Bahia,35,1,23,310
0,,0,,3891,0,0,0,Sport,5,0,0,0
0,,0,,642,0,0,0,SANTOS,8,0,0,  
0,,0,,2600,0,0,0,Gremio,28,0,0,0
0,,0,,4479,0,0,0,Corinthians,26,0,0,0
12,54%,5,84%,6136,0,4,7,Bahia,2,2,29,395
16,57%,0,,4928,0,0,8,Palmeiras,33,3,14,495
0,,0,,8648,0,0,0,gremio,25,0,0,0
18,61%,0,,5400,0,2,8,Ponte  Preta,4,1,19,518
5,45%,0,,5255,1,0,6,Cruzeiro,27,2,12,364
13,35%,3,73%,6132,0,0,2,  Fluminense,1,0,15,-
0,,0,,1328,0,0,0,Goias,21,0,0,  
0,,0,,4035,0,0,0,  Atletico-GO,19,0,0,0
0,,0,,4834,0,0,0,Corinthians,22,0,0,0
11,71%,5,86%,7190,0,2,7,Sao Paulo,31,0,15,624
0,,0,,3350,0,0,0,Gremio Prudente,27,0,0,0
14,68%,4,85%,7249,0,1,7,CORINTHIANS,37,1,23,587
0,,0,,4750,0,0,0,flamengo,14,0,0,0
0,,0,,2493,0,0,0,VASCO,17,0,0,0
0,,0,,3154,0,0,0,Gremio Prudente,7,0,0,0
0,,0,,2064,0,0,0,Santos,29,0,0,0
8,58%,2,79%,6347,0,3,2,Cruzeiro,23,0,17,509
6,46%,1,85%,8392,0,2,4,Fortaleza,37,2,19,441
19,41%,6,72%,7530,0,7,1,Bragantino,27,0,14,326
0,,0,,1224,0,0,0,Coritiba   ,11,0,0,0
9,56%,2,,5842,2,6,2,Ponte Preta,10,3,21,440
11,42%,4,79%,6610,0,3,1,Internacional,11,0,13,415
0,,0,,8576,0,0,0,Criciuma   ,18,0,0,0
15,38%,5,  ,7488,0,0,6,Bragantino,23,1,10,349
0,,0,,786,0,0,0,Corinthians,20,0,0,0
null,,0,,700,0,0,0,  Vitoria,13,0,0,  
0,,0,,1142,0,0,0,Goias,4,0,0,0
0,,0,,4714,0,0,0,Santos,10,0,0,0
0,,0,,3795,0,0,0,internacional,33,0,0,0
-,,0,,2945,0,0,0,Goias,24,0,0,0
0,,0,,1012,0,0,0,Botafogo-RJ,39,0,0,0
12,54%,0,,5102,0,2,9,Atletico-MG,12,7,17,462
0,,0,,8567,0,0,0,Bragantino,17,0,0,0
8,51%,4,84%,7313,0,4,3,Juventude,5,2,16,508
0,null,0,,2254,0,0,0,Santos,31,0,0,0
0,  ,0,,1264,0,0,0,Santos   ,15,0,0,0
0,,0,,4006,0,0,0,Botafogo-RJ,16,0,0,0
18,N/A,9,83%,7830,0,0,12,Palmeiras,19,4,13,391
7,51% un,4,null,7618,0,1,5,Sport,36,0,14,-
0,,0,,1002,0,0,0,Parana,38,0,0,0
0,,0,,4159,0,0,0,  Bahia,32,0,0,0
0,,0,,1284,0,0,0,Goias,17,0,0,0
19, 46% ,8,75%,6706,0,2,8,Ceara,21,1,18,402
0,,0,,1154,0,0,0,Santos,5,0,0,0
0,,0,-,2161,0,0,0,Sao Paulo,21,0,0,0
8,53%,0,,5635,0,2,3,Chapecoense,27,0,12,560
0,-,0,,4132,0,0,0,Vasco,29,0,0,0
0,,0,,3873,0,0,0,Ponte Preta,3,0,0,0
0,,0,,453,0,0,0,Sao Paulo   ,38,0,0,0
0,,0,,3502,0,0,0,Corinthians,4,0,0,0
14,59%,1,80%,6865,0,3,17,  Cruzeiro,36,0,19,400
0,,0,,90,0,0,0,Paysandu,8,0,0,0
0,,0,,532,0,0,0,  Corinthians,45,0,0,-
,,0,,3849,0,0,0,Nautico   ,1,0,0,0
18,54%,9,90%,9114,1,4,7,FORTALEZA,33,2,12,359
-,null,4,80%,6288,0,2,9,ATHLETICO-PR,17,6,13,387
0,,0,,5955,0,0,0,  Atletico-MG,21,0,0,0
-,,0,,927,0,0,0,atletico-mg,32,0,0,0
0,,0,,1877,0,-3,0,Athletico-PR   ,32,0,0,0
14,49%,4,83%,6344,0,2,5,Internacional,22,0,14,445
0,,0,,4349,0,0,0,Flamengo,13,0,0,0
0,,0,,8537,0,0,0,Criciuma,14,0,0,0
11,53%,3,81%,7107,0,2,4,Coritiba,23,1,13,462
0,,0,,2424,0,0,0,Flamengo,11,0,0,0
5,53%,2,80%,6460,1,4,4,Fluminense,34,3,24,
0,,0,,2493,0,0,0,Sao Paulo,17,0,0,0
16,61%,7,90%,7091,0,1,3,Gremio,21,1,8,  
,,0,,2707,0,0,0,Sport,1,0,0,0
8,63%,2,84%,6556,0,10,0,Botafogo-RJ,6,0,13,-
6,40%,0,90%,8904,0,2,3,Ceara,12,2,10,333
0,,0,,964,0,0,0,Goias,35,0,0,0
NULL,62%,5,86%,6368,1,2,13,Flamengo,25,1,13,488
11,57% un,4,80%,8331,0,0,0,Atletico-MG,31,1,10,501
,,0,,2551,0,0,0,Internacional,23,0,0,0
13,40%,4,72%,7205,0,4,3,Bragantino,32,3,14,378
21,59%,7,87%,6639,1,2,5,Fluminense,14,2,13,527
0,,0,,37,0,0,0,Bahia,3,0,0,0
6,40%,2,78%,7803,0,1,4,sao paulo,16,0,16,null
0,,0,,4162,0,0,0,  Nautico,32,0,0,0
0,,0,,1252,0,0,0,Vasco,14,0,0,0
0,,0,null,3162,0,0,0,Vasco,8,0,0,0
0,,0,,2378,0,0,0,Cruzeiro,6,0,0,0
0,,0,,4353,0,0,0,Internacional,13,0,0,N/A
11, 26% ,3,,5872,0,3,4,Atletico-GO,13,0,21,211
-,,6,,8158,0,3,10,Atletico-MG,14,0,15,562
0,,0,,1232,0,0,0,Coritiba,12,0,0,0
9,21%,4,64%,7762,1,3,3,America-MG,12,0,12,183
7,46%,7,,6001,0,0,5,Sao Paulo,26,0,12,451
0,  ,0,,4214,0,0,0,Nautico,37,0,0,0
21,39%,5,84%,6582,0,2,8,CSA,8,3,20,328
17,53%,6,,5961,0,0,6,Flamengo,22,2,6,519
0,,0,,3418,0,0,0,Ceara   ,34,0,0,0
22,55%,6,83%,7368,0,0,3,Athletico-PR,11,0,18,490
0,,0,N/A,1863,0,0,0,Fortaleza,30,0,0,0
0,,0,,1956,0,0,0,Santos,1,0,0,0
7,56% un,3,87%,6355,0,1,5,Vasco,23,0,12,555
17,45%,8,,5977,0,2,3,Atletico-GO,24,2,20,405
0,,0,,8723,0,0,0,Vasco,32,0,0,0
0,,0,N/A,2586,0,0,0,Flamengo,26,0,0,0
0,,0,,3687,0,0,0,santos,23,0,0,0
0,,0,,4047,0,0,0,Palmeiras,21,0,0,0
14,64%,0,,5037,0,0,7,Atletico-MG,6,3,12,462
0,,0,,549,0,0,0,Juventude,46,0,0,0
0,,0,,3485,0,0,0,America-MG,2,0,0,0
0,null,0,,8415,0,0,0,Vitoria,1,0,0,0
0,,0,,2441,0,0,0,ATHLETICO-PR,12,0,0,0
0,,0,  ,8641,0,0,0,Fortaleza,24,0,0,0
0,,0,,2034,0,0,0,Botafogo-RJ,8,0,0,
0,,0,,3131,0,0,0,Fluminense,5,0,0,0
9,52%,2,76%,7363,0,2,7,Internacional,10,0,21,null
0,,0,,102,0,0,0,Vasco,9,0,0,0
0,,0,,2889,0,0,0,Palmeiras,19,0,0,0
0,,0,,2837,0,0,0,Santo  Andre,14,0,0,0
12,45%,6, 75% ,8055,0,4,6,Bahia,3,0,19,355
0,,0,,1044,0,0,0,JUVENTUDE,41,0,0,0
0,,0,,1735,0,0,0,Internacional,17,0,0,0
6,36%,0,,5736,0,6,3,Vitoria   ,37,2,19,254
0,,0,,4641,0,0,0,Fluminense,4,0,0,null
10,,0,,5019,0,0,4,Joinville,4,1,12,464
0,,0,,3252,0,0,0,Flamengo,17,0,0,0
0,,0,,4152,0,0,0,Portuguesa,31,0,0,0
0,,0,,1964,0,0,0,Gremio,2,0,0,0
0,,0,,1962,0,0,0,Figueirense,2,0,0,0
11,50%,2,86%,7252,0,3,2,Gremio,37,1,19,463
0,,0,,8692,0,0,0,Bahia,29,0,0,0
0,,0,-,3897,0,0,0,Sao Paulo,6,0,0,0
0,,0,,218,0,0,0,Juventude,19,0,0,0
0,,0,,1271,0,0,0,GOIAS,16,0,0,0
0,,0,,1102,0,0,0,Paysandu,46,0,0,0
0,,0,,787,0,0,0,PAYSANDU,20,0,0,0
18,76%,2,89%,7286,0,2,8,Santos,3,0,14,703
0,,0,,8616,0,0,0,FORTALEZA,22,0,0,0
18,,5,81%,8218,0,6,2,Palmeiras,20,1,18,373
0,,0,,4862,0,0,0,Gremio,25,0,0,
null,,0,,640,0,0,0,Palmeiras,8,0,0,N/A
18,61%,1,,5760,0,2,5,Athletico-PR   ,2,0,11,566
N/A,39%,8,78%,7948,0,7,6,  Goias,31,0,23,290
14,58%,2,82%,7194,0,1,6,Goias,31,1,12,513
-,,0,,4581,0,0,0,Corinthians,36,0,0,0
9,33%,4,,6111,0,2,3,Vasco   ,37,1,20,null
7,42% un,0, - ,5070,0,1,3,Joinville,9,7,13,376
,,0,,4108,0,0,0,Vasco,27,0,0,0
0,,0,,3238,0,0,0,Botafogo-RJ,16,0,0,0
10,64%,4,,5792,1,2,3,Ponte Preta,5,0,9,536
0,,0,,3558,0,0,0,Cruzeiro,12,0,0,0
0,,0,,2619,0,0,0,Figueirense,30,0,0,0
-,60%,3,83%,7572,0,5,5,SAO PAULO,31,3,11,471
0,,0,,2362,0,0,0,  Botafogo-RJ,4,0,0,0
0,,0,,8473,0,0,0,Criciuma,7,0,0,0
0,,0,,687,0,0,0,Juventude,12,0,0,null
0,,0,,443,0,0,0,Corinthians,37,0,0,0
17,48%,6,,6467,0,3,4,Athletico-PR,35,4,23,410
0,,0,,520,0,0,0,Sao Caetano,44,0,0,0
9,47%,3,83%,7357,0,3,2,JUVENTUDE,10,3,19,468
0,,0,,736,0,0,0,CORINTHIANS,16,0,0,null
18,46%,6,80%,6889,0,1,2,Bragantino,1,2,19,377
0,,0,,147,0,0,0,Athletico-PR,13,0,0,0
0,,0,,1225,0,0,0,  Atletico-MG,11,0,0,0
17,52%,2,81%,7716,0,2,6,Goias,8,0,18,358
9,30%,4,68%,6770,0,3,3,Atletico-MG,27,1,24,224
-,51%,1,85%,6611,1,1,9,Botafogo-RJ,11,1,12,441
0,  ,0,,3338,0,0,0,Flamengo,26,0,0,0
0,,0,,2098,0,0,0,Vasco,15,0,0,0
0,,0,,4267,0,0,0,Cruzeiro,5,0,0,0
8,40%,5,  ,6086,0,1,5,Ponte Preta,35,1,12,337
10,40%,2,82%,6625,0,4,2,CSA,12,0,13,350
0,-,0,,1048,0,0,0,Gremio,42,0,0,0
10,31%,3,84%,9127,0,4,3,Fluminense,34,2,12,228
0,  ,0,,2302,0,0,0,Sport,36,0,0,  
19,45%,0,,5537,0,1,4,Coritiba   ,18,2,19,296
0,null,0,,1741,0,0,0,  Juventude,18,0,0,0
9,48%,6,,5909,0,4,5,Atletico-MG,17,2,25,327
0,,0,,599,0,0,0,Sao Paulo,4,0,0,0
0,,0,,1327,0,0,0,Sao Paulo,21,0,0,0
0,,0,,506,0,0,0,Fortaleza,43,0,0,0
0,,0,,1870,0,0,0,Internacional,31,0,0,0
0,,0,,1827,0,0,0,Fortaleza,27,0,0,0
0,,0,,579,0,0,0,Athletico-PR,3,0,0,0
0,,0,,8472,0,0,0,bahia,7,0,0,0
0,,0,,1717,0,0,0,Vasco,16,0,0,0
0,,0,,3067,0,0,0,Goias,37,0,0,0
0,,0,,2650,0,0,0,Palmeiras,33,0,0,0
0,,0,,3949,0,0,0,Portuguesa,11,0,0,0
0,,0,,4183,0,0,0,Corinthians,34,0,0,0
0,,0,,3406,0,0,0,Guarani,32,0,0,0
17,41%,9,78%,6641,1,6,8,palmeiras,14,1,15,287
0,,0,,3345,0,0,0,Corinthians,26,0,0,0
0,,0,,4801,0,0,0,Corinthians,19,0,0,0
0,,0,,451,0,0,0,Bahia,38,0,0,0
0,,0,,3229,0,0,0,Avai,15,0,0,0
0,,0,,468,0,0,0,Juventude   ,39,0,0,0
,,0,,3171,0,0,0,Atletico-MG,9,0,0,0
13,35%,4,68%,7459,0,4,1,Bahia,20,0,20,312
6,35%,4,90%,8786,0,3,3,Juventude,1,0,17,277
11,54%,0,,5180,0,3,0,Chapecoense,20,2,17,447
0,,0, null ,2778,0,0,0,  Barueri,8,0,0,0
17,43%,6,85%,9158,0,4,7,  Ceara,38,2,13,324
0,,0,,1652,0,0,0,Santos,9,0,0,0
0,,0,,588,0,0,0,juventude,3,0,0,0
0,,0,,2410,0,0,0,Vasco,9,0,0,0
0,,0,,182,0,0,0,Sao Caetano   ,16,0,0,
0,,0,,2689,0,0,0,Sport,37,0,0,0
N/A,,0,,3176,0,0,0,Gremio Prudente,9,0,0,0
8,58%,1,85%,6366,0,4,3,  Vitoria,25,1,21,551
0,,0,,3306,0,0,0,Vasco,22,0,0,0
null,,0,,480,0,0,0,CORITIBA,40,0,0,0
0,,0,,4402,0,0,0,Atletico-MG,18,0,0,0
0,,0,,575,0,0,0,Criciuma,2,0,0,0
0,-,0,,1478,0,0,0,  Parana,34,0,0,0
0,,0,,2740,0,0,0,sao paulo,4,0,0,0
0,,0,,1027,0,0,0,Fluminense,40,0,0,null
10,42%,4,85%,8975,0,6,3,Juventude,19,1,20,-
0,,0,,1029,0,0,0,coritiba,40,0,0,0
0,,0,,4476,0,0,0,vasco,25,0,0,0
0,,0,,1254,0,0,0,Palmeiras,14,0,0,0
10,40%,5,76%,6431,0,3,4,Chapecoense,31,1,12,317
21,59%,10,,6053,0,3,11,Sport,31,1,21,371
11,54%,3,81%,6749,0,3,3,Santos,25,2,18,492
0,,0,,2034,0,0,0,Fluminense,8,0,0,0
12,37%,3,,6034,0,4,2,Bahia,29,0,11,291
0,,0,,1163,0,0,0,Palmeiras,6,0,0,0
0,,0,,111,0,0,0,Corinthians,10,0,0,0
0,,0,,4213,0,-6,0,Atletico-GO,37,0,0,0
10,58%,5,,5999,0,4,5,Corinthians,26,3,14,574
  ,,0,,4536,0,0,0,Goias,31,0,0,0
0,,0,,2088,0,0,0,Santos   ,14,0,0,0
,N/A,0,,4237,0,0,0,Cruzeiro,2,0,0,0
N/A,,0,,1579,0,0,0,Figueirense,2,0,0,0
0,,0,,335,0,0,0,Corinthians   ,28,0,0,0
20,51%,6,88%,7960,0,2,7,Juventude,32,0,10,470
5,44%,0,,5311,1,4,4,Athletico-PR,33,1,12,341
4,39%,0,74%,8144,0,2,4,goias,12,6,23,317
0,,0,,3443,0,0,0,Vitoria,36,0,0,0
8,57%,0,,5014,0,6,2,Flamengo,3,7,17,443
18,51%,11,86%,7437,0,4,5,Flamengo,18,2,14,456
19, 60% ,7,92%,9078,0,0,6,Fluminense,30,1,13,522
27,null,8,85%,6799,0,2,6,Chapecoense,30,0,19,313
21,72% un,4,90%,7237,0,1,6,Atletico-MG,36,1,10,745
0,,0,  ,1807,0,0,0,GREMIO,25,0,0,0
27,67%,8,-,6601,0,2,16,Corinthians,10,1,2,549
-,41%,7,null,8033,0,4,7,Corinthians,1,4,14,405
29,57%,0,,5666,0,2,9,Gremio,30,0,16,573
7,54% un,1,79%,6504,0,3,1,Sao Paulo,38,3,23,432
14,51%,6,77%,6642,1,1,1,  Cruzeiro,14,2,15,386
0,,0,,4045,0,0,0,Sport,20,0,0,0
9,61%,0,,5443,0,3,4,Palmeiras,8,2,19,462
16,46%,4,73%,7729,0,2,7,Sao Paulo,9,2,23,387
12,48%,5,83%,7204,0,2,2,Fluminense,32,0,20,394
0,,0,,2975,0,0,0,cruzeiro,27,0,0,0
10,47%,5,,9135,1,2,6,Palmeiras,34,1,12,
0,,0,,1926,0,0,0,Athletico-PR,36,0,0,0
0,,0,,8666,0,0,0,ATLETICO-GO,27,0,0,0
0,,0,,2981,0,0,0,Vitoria   ,28,0,0,-
16,55%,6,,5811,0,3,7,Palmeiras,7,3,14,490
0,,0,,2884,0,0,0,Gremio,18,0,0,0
0,,0,,3360,0,0,0,Internacional,28,0,0,null
13,49%,3,72%,7617,0,2,5,America-MG,36,0,14,353
7,54%,1,82%,7883,0,0,2,  Santos,24,4,6,451
0,,0,,529,0,0,0,Vitoria,45,0,0,0
0,,0,,2100,0,0,0,Corinthians   ,15,0,0,0
14,53%,0,,5017,1,1,4,  Chapecoense,4,0,15,483
0,,0,,3246,0,0,0,Palmeiras,16,0,0,0
0,,0,,1199,0,0,0,SANTOS,9,0,0,0
0,,0,,233,0,0,0,Paysandu,20,0,0,0
  ,59%,4,80%,7998,0,6,5,Bragantino,36,3,17,447
11,70% un,1,83%,6770,0,4,7,Santos   ,27,1,14,504
  ,48%,1,80%,7088,0,5,8,Goias,21,3,14,
0,,0,  ,2063,0,0,0,Fluminense,29,0,0,0
0,,0,,1436,0,0,0,Fortaleza,31,0,0,0
13,42%,1,92%,9072,0,1,5,Gremio,29,0,11,329
11,46% un,2,80%,7356,0,2,4,Athletico-PR,10,2,13,428
16,61%,5,79%,6187,0,3,9,Palmeiras,7,4,17,501
21,63%,4,80%,7940,0,2,13,Athletico-PR,30,1,11,484
-,null,4,80%,7997,1,0,3,Sao Paulo,36,2,16,333
19,68%,7,91%,9087,0,4,7,Santos,31,2,17,460
0,-,0,,1079,0,0,0,cruzeiro,44,0,0,0
0,N/A,0,,2065,0,0,0,Parana,29,0,0,0
,,0,,4368,0,0,0,Cruzeiro,15,0,0,0
0,,0,,4319,0,0,0,portuguesa,10,0,0,0
6,53%,2,81%,8288,0,1,1,Botafogo-RJ,27,0,15,460
0,,0,,1771,0,0,0,juventude,21,0,0,0
0,,0,,2600,0,0,0,Botafogo-RJ,28,0,0,0
9,40%,0,,5249,0,3,5,Ponte Preta,27,2,14,348
16,-,6,76%,7726,0,0,8,America-MG,9,3,11,448
22,63%,7,-,8276,0,2,6,Goias,26,2,8,481
3,42%,1,80%,6707,1,0,1,Botafogo-RJ,21,1,9,377
12,59%,6,82%,6652,0,3,5,Sao Paulo,15,4,12,463
0,,0,,1385,0,0,0,Fortaleza   ,26,0,0,0
12,43%,5,62%,6345,0,4,5,PALMEIRAS,22,2,23,297
13,45%,7,,6985,0,1,4,Atletico-GO,9,1,23,380
0,,0,,51,0,0,0,Santos,5,0,0,
12, 45% ,8,90%,9004,0,1,5,Vasco,22,0,7,355
0,,0,,831,0,0,0,GREMIO,24,0,0,0
0,,0,,8547,0,0,0,Flamengo,15,0,0,0
0,,0,,1352,0,0,0,  Cruzeiro,23,0,0,-
0,,0,,4707,0,0,0,Gremio,10,0,0,0
15,34%,6,71%,8161,1,6,8,Santos,14,1,17,266
12,53%,4,,5761,0,1,4,Corinthians,2,2,6,473
10,44%,3,-,5853,0,2,6,Avai,11,3,14,407
13,51%,5,76%,7371,0,1,10,Atletico-MG,11,0,17,403
-,,0,,3525,0,0,0,vasco,6,0,0,0
0,,0,,848,0,0,0,Corinthians,25,0,0,0
0,,0,,3105,0,0,0,Avai,2,0,0,0
0,,0,,533,0,0,0,Cruzeiro   ,45,0,0,0
0,,0,,2955,0,0,0,Corinthians,25,0,0,0
9,53%,2,,6061,0,2,5,ATHLETICO-PR,32,1,13,536
0,,0,,4367,0,0,0,nautico,15,0,0,0
0,,0,,4335,0,0,0,VITORIA,11,0,0,null
0,,0,,3662,0,0,0,Sao Paulo,20,0,0,0
null,56% un,5,84%,7662,0,3,5,Atletico-MG,2,0,14,521
24,63%,6,84%,7549,0,1,4,Gremio,34,0,18,518
0,,0,,1742,0,0,0,Sao Paulo,18,0,0,0
9,40%,3,75%,7184,0,5,4,Goias,30,1,24,357
22,54%,8,89%,8268,0,5,11,  Sao Paulo,25,2,14,470
0,,0,,361,0,0,0,Cruzeiro,31,0,0,0
0,,0,N/A,4872,0,0,0,  Sao Paulo,26,0,0,0
0,,0,,18,0,0,0,Figueirense,2,0,0,-
12,49%,6,80%,8053,0,5,5,Gremio,3,2,12,432
7,57%,3,82%,6577,0,4,7,athletico-pr,8,1,29,406
0,,0,,1181,0,0,0,Sao Paulo,7,0,0,0
0,,0,,8714,0,0,0,Corinthians,31,0,0,0
13,null,4,82%,7568,0,4,6,Athletico-PR,31,0,9,429
0,,0,,2350,0,0,0,Santos,3,0,0,0
0,,0,,1454,0,0,0,  Flamengo,32,0,0,0
0,,0,,1311,0,0,0,Parana,19,0,0,0
0,,0,,3127,0,0,0,Avai,5,0,0,0
0,,0,,469,0,0,0,Bahia,40,0,0,0
0,,0,,201,0,0,0,Sao Paulo,17,0,0,0
  ,51% un,3,82%,6501,0,1,1,Santos,38,0,21,443
0,,0,,3641,0,0,0,Internacional,18,0,0,0
9,38%,3,77%,6358,0,2,3,Chapecoense,24,1,13,304
7,43%,2,81%,7566,0,1,2,Chapecoense,31,0,15,385
0,,0,,3704,0,0,0,Athletico-PR,24,0,0,0
N/A,,0,,1068,0,0,0,Juventude,43,0,0,0
27,  ,9,,5790,0,0,14,VASCO,5,2,10,448
25,56%,4,84%,7814,0,3,10,America-MG,17,2,8,490
5,52%,3,-,7243,1,4,5,Gremio,36,0,19,520
0,,0,,3544,0,0,0,Figueirense,8,0,0,0
15,41%,9,77%,8246,0,2,2,ATHLETICO-PR,23,0,19,371
0,,0,,4458,0,0,0,Nautico,24,0,0,0
0,,0,,4826,0,0,0,Goias,21,0,0,0
0,,0,,1560,0,0,0,Vasco,42,0,0,0
0,,0,,6849,0,0,0,Athletico-PR,35,0,0,0
0,,0,,4707,0,0,0,Goias,10,0,0,0
0,,0,,607,0,0,0,  Fluminense,5,0,0,0
-,38%,3,64%,7301,0,5,2,Bahia,4,0,16,271
0,,0,,8636,0,0,0,Atletico-GO,24,0,0,0
0,,0,,1961,0,0,0,Goias,2,0,0,0
0,,0,,543,0,0,0,  Goias,46,0,0,0
0,,0,-,3243,0,0,0,Gremio,16,0,0,0
0,,0,,4466,0,0,0,Internacional,24,0,0,0
,-,0,,4487,0,0,0,coritiba,27,0,0,0
0,,0,,3179,0,0,0,Goias,10,0,0,0
0,,0,null,4583,0,0,0,Santos   ,36,0,0,0
10,50%,0,,5131,0,2,6,Joinville,15,2,12,482
0,,0,,8450,0,0,0,Vitoria,5,0,0,0
14,41%,9,73%,6862,0,3,7,Atletico-MG,36,2,15,273
0,,0,,2925,0,0,0,Goias,22,0,0,0
10,46%,5,93%,9077,0,0,7,Ceara,30,1,13,429
,40%,0,,5150,0,-6,9,Joinville,17,3,21,301
8,46%,0,,5709,0,2,5,Santa Cruz,35,1,13,406
0,,0,,1690,0,0,0,Sao Caetano,13,0,0,0
0,,0,,1326,0,0,0,  Sao Caetano,21,0,0,0
0,,0,,4337,0,0,0,Sao  Paulo,12,0,0,0
0,,0,,730,0,0,0,Sao Paulo,15,0,0,0
,34%,1,71%,7646,0,0,1,Santos,1,4,18,286
0,,0,,661,0,0,0,Coritiba,10,0,0,0
0,,0,,885,0,0,0,Vitoria,28,0,0,0
0,,0,,2462,0,0,0,Sport,13,0,0,0
12,51%,4,84%,8128,0,2,5,Santos,11,0,17,427
-,62%,5,84%,7645,0,1,6,Santos   ,38,0,17,513
0,,0,,627,0,0,0,Goias,7,0,0,0
10,47%,0,,5536,0,2,8,America-MG,17,1,15,399
0,,0,,1297,0,0,0,Fortaleza,18,0,0,N/A
null,,0,,2503,0,0,0,Sao Paulo,18,0,0,0
0,,0,,1807,0,0,0,ponte preta,25,0,0,0
0,,0,,1668,0,0,0,Fortaleza,11,0,0,0
0,,0,,4011,0,0,0,Flamengo,17,0,0,0
0,,0,,1784,0,0,0,Vasco,22,0,0,0
0,,0,,4782,0,0,0,vitoria,17,0,0,0
0,,0,,738,0,0,0,GUARANI,16,0,0,0
0,,0,,65,0,0,0,Flamengo,6,0,0,0
9,33%,2,68%,6821,0,0,2,Bahia,32,0,11,278
14,62% un,4,92%,9015,0,1,6,Bahia,23,1,10,454
0,,0,,2871,0,0,0,SANTOS,17,0,0,0
0,,0,,4417,0,0,0,  Athletico-PR,20,0,0,0
7,55%,2,,6046,0,6,4,Santos,31,2,31,460
12,  ,5,83%,6465,0,1,7,Internacional,34,2,19,409
0,,0,,4073,0,0,0,Vasco,23,0,0,0
0,,0,,1387,0,0,0,Figueirense,26,0,0,0
18,40%,3,,5320,0,3,5,Chapecoense,34,2,14,351
0,-,0,,2372,0,0,0,Sport,5,0,0,0
13,,7,82%,6397,0,1,10,Flamengo,28,0,18,432
11,55%,2,80%,7640,0,2,5,Sao Paulo,38,0,18,463
0,,0,,913,0,0,0,Sao Caetano,31,0,0,0
0,,0,,4291,0,0,0,Atletico-MG,7,0,0,0
4,45%,0,71%,6360,0,3,3,corinthians,24,0,16,348
0,,0,,170,0,0,0,Juventude,15,0,0,0
0,,0,,4708,0,0,0,Coritiba,10,0,0,0
0,,0,,2205,0,0,0,Palmeiras,25,0,0,-
20,65%,9,85%,7077,0,2,10,Sao Paulo,20,1,9,503
9,59%,0,,5247,0,4,2,Gremio,27,1,17,432
14,56%,0,,5223,0,0,4,Corinthians,24,0,7,604
12,52%,5,null,7353,0,2,7,Bragantino,9,1,14,483
0,,0,,4053,0,0,0,Sport,21,0,0,0
0,,0,N/A,4755,0,0,0,Chapecoense,14,0,0,0
0,,0,,3373,0,0,0,Vitoria,29,0,0,0
7,  ,2,-,7848,0,2,2,Avai,21,4,11,367
11,34%,0,,5573,0,6,9,Ponte Preta,21,0,22,238
0,,0,,1109,0,0,0,  Internacional,1,0,0,0
17,56%,4,85%,7831,0,3,3,Ceara,19,1,14,429
0,,0,,1498,0,0,0,Botafogo-RJ,36,0,0,0
N/A,65%,7,89%,8227,0,3,7,Corinthians,21,0,16,626
15,71%,3,90%,9080,0,1,11,Flamengo,30,1,12,605
0,,0,,8591,0,0,0,Gremio,19,0,0,0
12,51%,6,87%,8872,0,2,12,Palmeiras,9,0,12,302
0,,0,,2246,0,0,0,Flamengo,30,0,0,0
9,34%,4,73%,7429,0,1,3,Cuiaba,17,3,14,306
0,,0,,4485,0,0,0,Criciuma,26,0,0,0
0,null,0,,4530,0,0,0,Corinthians,31,0,0,null
0,,0,,2680,0,0,0,Coritiba,36,0,0,0
13,42%,0,,5065,0,5,9,Avai,8,1,13,314
11,47%,6,78%,7966,0,-8,4,Bragantino,33,1,16,376
18,57%,4,85%,6218,0,0,4,Botafogo-RJ,10,2,17,463
0,,0,,328,0,0,0,Sao Caetano,28,0,0,0
0,,0,,2392,0,0,0,VITORIA,7,0,0,0
14,48%,7,79%,7706,0,2,7,Palmeiras   ,6,3,11,388
0,,0,,1300,0,0,0,Coritiba,18,0,0,0
0,,0,  ,355,0,0,0,Goias,30,0,0,0
15,64%,4,87%,8270,1,1,4,Internacional   ,25,0,17,570
0,,0,  ,3897,0,0,0,Portuguesa,6,0,0,0
0,,0,,1676,0,0,0,Palmeiras,11,0,0,0
18,39%,8,75%,7681,0,2,3,Santos,3,2,16,324
0,,0,,3955,0,0,0,GREMIO,11,0,0,0
13,37%,0,,5285,0,5,4,Goias,30,6,10,367
0,,0,,1612,0,0,0,Fluminense,5,0,0,0
8,60%,2,80%,6431,0,4,4,America-MG,31,1,24,486
-,,0,,2230,0,0,0,santos,28,0,0,0
0,,0,,2465,0,0,0,  Sao Paulo,13,0,0,0
,,0,,3805,0,0,0,Atletico-GO,34,0,0,0
0,,0,,1810,0,0,0,Fortaleza,25,0,0,0
  ,42%,3,76%,6938,0,1,3,Fortaleza,11,2,9,318
0,,0,,227,0,0,0,Sao Paulo,19,0,0,0
0,,0,,3879,0,0,0,Portuguesa,4,0,0,0
14,55%,7,80%,6261,0,3,5,Bahia,14,1,18,402
8,45%,0,,5700,0,1,5,America-MG,34,1,9,461
9,60%,0,,5071,0,3,2,Sao Paulo,9,3,14,null
23,68%,9, 90% ,7931,0,1,10,Flamengo,29,0,7,671
0,,0,,8480,0,0,0,Cruzeiro,8,0,0,0
19,53%,8,87%,7661,0,2,2,Flamengo,2,2,17,420
15,43%,0,null un,5262,0,2,5,  Joinville,28,2,19,369
11,55%,0,,5537,0,2,7,  Vitoria,18,4,9,null
0,N/A,0,,268,0,0,0,Juventude,23,0,0,0
0,,0,,4972,0,0,0,Corinthians,37,0,0,0
0,,0,,2265,0,0,0,Internacional,32,0,0,0
9,53%,0,,5027,0,4,4,figueirense,5,5,8,442
14,49%,4,86%,6291,0,2,9,Palmeiras,17,0,18,489
0,,0,,1215,0,0,0,Parana,11,0,0,0
0,,0,,919,0,0,0,Vitoria,31,0,0,0
0,,0,,4793,0,0,0,  Santos,18,0,0,0
0,,0,,4955,0,0,0,Palmeiras   ,34,0,0,0
0,,0,,2312,0,0,0,  Cruzeiro,37,0,0,0
18,42%,8,80% un,7978,0,1,5,Botafogo-RJ,34,1,12,329
0,,0,,3790,0,0,0,Santos,33,0,0,0
-,,0,,1732,0,0,0,Corinthians,17,0,0,0
N/A,38%,7,82%,6368,0,3,6,Vasco,25,0,19,302
0,,0,,1350,0,0,0,Sao Paulo   ,23,0,0,0
,,0,,4605,0,0,0,Portuguesa,38,0,0,0
12,54%,3,,6257,0,7,7,Corinthians,14,0,21,377
0,,0,,946,0,0,0,Santos,33,0,0,null
0,,0,,520,0,0,0,Fluminense,44,0,0,0
0,,0,,2672,0,0,0,Figueirense,35,0,0,0
0,,0,,3070,0,0,0,INTERNACIONAL,37,0,0,0
0,N/A,0,,4148,0,0,0,Figueirense,31,0,0,0
0,,0,,4339,0,0,0,Criciuma,12,0,0,0
0,,0,,3466,0,0,0,Atletico-GO,38,0,0,0
0,,0,,936,0,0,0,Santos,32,0,0,0
0,,0,null,4485,0,0,0,GOIAS,26,0,0,0
0,,0,,2174,0,0,0,internacional,22,0,0,0
null,,0,,1865,0,0,0,Botafogo-RJ,30,0,0,0
0,,0,,4471,0,-2,0,Fluminense,25,0,0,0
11,51%,5,81%,7560,0,2,2,Palmeiras,29,0,12,410
0,,0,,2988,0,0,0,SAO PAULO,29,0,0,0
0,,0,,3738,0,0,0,Gremio,28,0,0,0
0,,0,,845,0,0,0,Palmeiras,25,0,0,null
11,63%,5,91%,6234,0,2,9,Flamengo,11,1,11,601
0,,0,,3257,0,0,0,Gremio,18,0,0,0
0,,0,,3202,0,0,0,Internacional,12,0,0,0
0,   un,0,,2592,0,0,0,Sao Paulo,27,0,0,0
0,,0,,98,0,0,0,Sao Caetano,9,0,0,0
N/A,,0,,263,0,0,0,Bahia,22,0,0,0
-,47%,4,80%,6891,0,3,3,Fluminense   ,1,1,16,447
24,53%,8,76%,7033,0,1,7,Atletico-GO,15,0,17,368
8,45%,2,88%,8805,0,2,3,  Bahia,2,0,16,348
10,42%,3,,5959,0,2,2,Sao Paulo   ,22,3,8,364
0,,0,,421,0,0,0,Coritiba,36,0,0,0
7,54%,4,81%,6135,0,4,3,Palmeiras,1,0,23,498
12,38%,0,,5254,0,3,9,Avai,27,3,17,294
0,,0,,3850,0,0,0,Corinthians,1,0,0,0
0,,0,,2487,0,-8,0,Goias,17,0,0,0
13,69%,0,,5230,0,0,8,Corinthians,25,2,10,595
0,,0,,3788,0,0,0,Figueirense,33,0,0,0
23,57%,4,91% un,8967,0,3,4,Sao  Paulo,19,0,16,486
0,,0,,8750,0,0,0,Corinthians,35,0,0,0
8,47% un,4,,6054,0,2,4,Gremio,31,1,19,444
0,,0,,3221,0,0,0,Cruzeiro,14,0,0,0
23,61%,7,,5874,0,2,8,Flamengo,13,1,12,587
9,47%,4,,6119,0,3,10,Sport,38,6,19,429
0,,0,,231,0,0,0,Fortaleza,20,0,0,0
10,54%,2,90%,8909,0,2,7,Atletico-MG,13,0,11,374
6,,4,83%,9104,0,3,4,Fortaleza   ,32,0,11,212
0,,0,,1443,0,0,0,Flamengo,31,0,0,0
14,48%,9,82%,6425,0,1,5,Internacional,30,2,14,387
0,,0,,1927,0,0,0,corinthians,37,0,0,0
11,54%,3,81% un,8242,0,2,6,Bahia,22,2,22,477
0,,0,,91,0,0,0,Atletico-MG,8,0,0,0
20,59%,0,,5685,0,2,11,Chapecoense,32,2,13,469
0,,0,,2207,0,0,0,Goias,26,0,0,0
0,,0,,3567,0,0,0,Vasco,10,0,0,0
0,-,0,,1266,0,0,0,Paysandu,15,0,0,0
0,,0,,8730,0,0,0,Cruzeiro,33,0,0,0
24,71%,9,93%,9019,0,1,11,Palmeiras,24,2,10,427
21,70%,0,,5271,0,2,9,flamengo,29,8,17,478
0,,0,,3004,0,0,0,santo andre,30,0,0,0
0,,0,,49,0,0,0,Bahia,5,0,0,null
0,,0,,4608,0,0,0,Vitoria,1,0,0,0
0,,0,,3011,0,0,0,Gremio   ,31,0,0,0
0,,0,,3050,0,0,0,Atletico-MG,35,0,0,0
0,,0,,4389,0,0,0,Atletico-MG   ,17,0,0,0
  ,,0,,3185,0,0,0,Botafogo-RJ,10,0,0,0
0,,0,,2510,0,0,0,Sport,19,0,0,0
6,null,0,88%,8878,0,4,1,Corinthians,10,0,14,382
0,,0,,3887,0,0,0,Botafogo-RJ,5,0,0,null
9,47%,1,84%,7376,0,3,5,Athletico-PR,12,0,15,386
4,56%,1,78%,7641,0,5,2,Internacional,38,0,26,474
9,56%,1,89%,7499,0,2,6,Juventude,24,1,11,572
7,32%,0,,5329,0,4,1,Figueirense,35,2,24,262
0,,0,,854,0,0,0,corinthians,26,0,0,0
-,,0,,127,0,0,0,Bahia,11,0,0,0
0,,0,,859,0,0,0,Internacional,26,0,0,0
8,40%,3,82%,6911,0,2,3,Vasco,3,1,16,379
0,  ,0,,653,0,0,0,Goias,9,0,0,0
10,43%,2,84%,8812,0,6,6,Cruzeiro,3,0,21,263
25,45%,7,83%,6579,0,1,11,Cruzeiro,8,2,12,448
0,,0,,3785,0,0,0,America-MG,32,0,0,0
0,  ,0,,3446,0,0,0,Santos,36,0,0,0
0,,0,,3683,0,0,0,Cruzeiro,22,0,0,0
10,38%,3,83%,7920,0,1,5,Juventude,28,3,9,409
0,,0,,1966,0,0,0,sport,2,0,0,0
29,75%,2,89%,7391,0,2,15,Santos,13,3,14,N/A
0,,0,,4029,0,0,0,  Ponte Preta,19,0,0,0
0,,0,,4407,0,0,0,Atletico-MG,19,0,0,N/A
0,,0,,467,0,0,0,Gremio,39,0,0,0
0,,0,,129,0,0,0,Figueirense,11,0,0,0
7,73%,3,88%,7921,0,5,3,Flamengo,28,0,15,668
11,68%,5,88%,6863,0,3,3,Santos,36,2,18,  
0,,0,,4188,0,0,0,Atletico-GO,35,0,0,0
0,  ,0,,1264,0,0,0,Santos   ,15,0,0,0
0,,0,,2748,0,0,0,  Santos,5,0,0,0
0,,0,,687,0,0,0,Athletico-PR,12,0,0,0
0,,0,-,8440,0,0,0,Corinthians,4,0,0,0
0,,0,,2037,0,0,0,Palmeiras,9,0,0,0
0,,0,,2117,0,0,0,sport,17,0,0,0
N/A,48%,4,78%,6965,0,0,3,Sao  Paulo,7,1,11,468
11,48%,3,79%,7985,0,1,10,Cuiaba,34,0,15,420
0,,0,,1005,0,0,0,Vasco,38,0,0,0
,54%,0,,4994,0,1,7,Sport,1,0,17,449
0,,0,,2991,0,-6,0,Coritiba,29,0,0,0
7,49%,2,91%,8876,0,3,2,Vasco,10,1,16,383
0,,0,,1976,0,0,0,Botafogo-RJ,3,0,0,0
15,46%,8,83%,6665,0,0,3,Palmeiras,16,0,12,406
0,,0,,2953,0,0,0,Flamengo   ,25,0,0,0
0,,0,,1460,0,0,0,Parana,33,0,0,0
0,,0,,2337,0,0,0,Botafogo-RJ,2,0,0,0
N/A,,0,,1280,0,0,0,Corinthians,16,0,0,-
8,40%,6,90%,9024,0,6,4,Bragantino,24,1,18,228
20,62%,0,,5229,0,2,10,Santos,25,0,15,531
0,,0,,519,0,0,0,Guarani,44,0,0,0
27,67%,9,,5866,0,1,18,Ponte Preta,13,0,12,569
0,,0,,1362,0,0,0,Juventude,24,0,0,0
25,58%,8,,5959,0,1,8,Palmeiras,22,2,12,null
10,28%,3,66%,6532,0,1,2,  CSA,3,1,11,250
12,48%,5,92%,9157,0,3,4,Bahia,38,2,21,353
5,40%,3,78%,8045,0,2,3,BOTAFOGO-RJ,2,5,9,366
15,59%,7,88%,8034,0,3,6,Flamengo   ,1,1,20,541
0,,0,,3284,0,0,0,Botafogo-RJ,20,0,0,0
0,,0,,8650,0,0,0,Flamengo,25,0,0,0
0,,0,,4531,0,0,0,Sao Paulo,31,0,0,0
  ,,0,null,643,0,0,0,Botafogo-RJ,8,0,0,0
0,,0,,1436,0,0,0,Corinthians,31,0,0,0
0,,0,,8406,0,0,0,Bahia,1,0,0,0
13,34%,4,68%,6448,0,4,4,Botafogo-RJ,33,4,30,258
  ,,0,,2291,0,0,0,Cruzeiro,35,0,0,0
7,,4,85%,8114,0,5,6,Coritiba   ,9,0,13,  
7,67%,0,,5237,0,3,3,Sport,26,6,11,-
12,56%,4,86%,7132,0,2,6,Flamengo,25,3,12,457
0,,0,,2878,0,0,0,Santo  Andre,18,0,0,0
11,39%,6,,6020,1,2,2,Vasco,27,0,28,329
0,,0,,4143,0,0,0,Bahia,30,0,0,0
0,,0,N/A,4811,0,0,0,Chapecoense,20,0,0,0
N/A,,0,,4246,0,0,0,  Fluminense,2,0,0,0
N/A,,0,,3798,0,0,0,Atletico-MG,34,0,0,0
-,,0,,771,0,0,0,Athletico-PR,19,0,0,0
0,,0,,4745,0,0,0,Fluminense,13,0,0,0
0,,0,,1358,0,0,0,  Vasco,24,0,0,0
0,,0,,1145,0,0,0,PAYSANDU,4,0,0,0
13,62%,4,85%,7406,0,1,8,Bragantino   ,15,1,14,451
10,51%,2,71%,7523,0,2,6,America-MG,26,1,23,370
N/A,,0,,4146,0,0,0,Botafogo-RJ,30,0,0,null
,,3,82%,7398,0,1,4,Bragantino,14,1,13,531
5,61%,3,85%,7516,0,4,4,Atletico-GO,26,0,13,483
12, N/A ,5,88%,9007,0,2,3,Mirassol,23,0,14,342
15,62%,6,91%,9017,0,1,6,Bahia,24,3,10,505
0,,0,,4352,0,0,0,cruzeiro,13,0,0,0
10,48%,1,78%,6518,0,1,2,Chapecoense,2,1,10,403
8,,3,,6035,0,5,1,Santos,29,2,23,389
9,29%,1,,5907,1,2,5,Avai,17,1,18,262
14,47%,2,79%,7757,0,3,2,Atletico-MG,12,0,17,456
0,,0,,4222,0,0,0,Corinthians,38,0,0,0
0,,0,,2573,0,0,0,vasco,25,0,0,0
0,,0,,668,0,0,0,Paysandu,10,0,0,0
13,51%,0,,5177,0,3,4,Goias,20,2,16,-
20,57%,4,80%,6795,0,1,12,Botafogo-RJ,29,1,15,406
5,38%,0,N/A,4996,0,5,2,Goias,1,2,27,null
0,,0,,8448,0,0,0,  Fortaleza,5,0,0,0
0,,0,,993,0,0,0,Fluminense,37,0,0,0
6,44%,3,82%,7132,0,1,4,Santos,25,2,11,366
0,,0,,1220,0,0,0,Palmeiras,11,0,0,0
0,,0,,4742,0,0,0,Coritiba,13,0,0,0
0,,0,,2742,0,0,0,  Flamengo,4,0,0,0
,49%,3,,8302,0,1,6,Santos,28,0,9,422
14,38%,5,74%,6297,0,2,5,Internacional,20,1,18,343
18,51%,7,82%,7173,0,1,6,  Vasco,29,0,11,465
,,0,,1961,0,0,0,Flamengo,2,0,0,0
7,31%,3,75%,7023,1,2,1,Fortaleza,14,1,9,263
0,,0,,4803,0,0,0,Cruzeiro,19,0,0,0
0,,0,,2785,0,0,0,Sport,8,0,0,0
0,,0,null,4502,0,0,0,Internacional,28,0,0,0
0,,0,,3151,0,0,0,Vasco,7,0,0,0
0,,0,,2973,0,0,0,Botafogo-RJ,27,0,0,0
0,,0,,1418,0,0,0,Fortaleza,29,0,0,0
12,44%,6,,7511,0,2,3,BRAGANTINO,25,0,15,379
0,,0,,269,0,0,0,Goias,23,0,0,-
  ,66%,7,86%,7429,0,1,13,Palmeiras,17,4,8,544
0,,0,,570,0,0,0,Coritiba,2,0,0,0
0,,0,,2003,0,0,0,Fluminense,12,0,0,0
0,,0,,3035,0,0,0,SANTO ANDRE,33,0,0,0
0,,0,,3008,0,0,0,Atletico-MG,31,0,0,0
0,,0,,2372,0,0,0,PALMEIRAS,5,0,0,0
0,,0,,309,0,0,0,Cruzeiro,26,0,0,0
0,,0,,657,0,0,0,Juventude,9,0,0,0
6,35%,1,70%,7545,0,3,0,Sport,28,0,20,284
11,54%,3,,6692,0,1,5,Bahia,19,5,16,383
0,,0,,1626,0,0,0,Juventude,6,0,0,0
0,,0,,1776,0,0,0,vasco,21,0,0,null
10,51%,0,88% un,7571,0,3,8,Atletico-GO   ,31,0,13,442
4,32%,0,78% un,6863,0,4,2,chapecoense,36,0,19,243
0,,0,,3303,0,0,0,Palmeiras,22,0,0,0
-,,6,86%,8305,0,2,4,Corinthians,28,1,15,644
0,,0,,2491,0,0,0,Ipatinga,17,0,0,0
0,,0,,4173,0,0,0,Portuguesa,33,0,0,0
16,59%,3,86%,7448,0,1,9,Athletico-PR,19,2,10,481
14,42%,3,,5843,1,1,5,Bahia,10,1,6,375
12,51%,0,null,5043,1,3,3,internacional,6,2,5,424
0,,0,,3128,0,0,0,Flamengo,5,0,0,0
0,,0,,561,0,0,0,Coritiba,1,0,0,0
0,,0,,1338,0,0,0,Goias,22,0,0,0
0,,0,,1742,0,0,0,cruzeiro,18,0,0,-
0,,0,,4597,0,0,0,Flamengo,38,0,0,0
,52% un,3,77%,6216,0,2,3,Internacional,10,1,8,449
6,29%,2,57%,6814,1,4,1,Botafogo-RJ,31,0,16,207
0,,0,,8484,0,0,0,Fortaleza   ,8,0,0,0
14,53%,0,,5300,0,2,11,palmeiras,32,1,15,452
0,N/A,0,,2829,0,0,0,GREMIO,13,0,0,
0,,0,,1766,0,0,0,Fortaleza,20,0,0,0
0,,0,,918,0,0,0,Corinthians,31,0,0,0
0,,0,,2546,0,0,0,Nautico,22,0,0,0
7,36%,2,77%,8245,0,3,3,Coritiba,22,0,12,314
0,,0,,3864,0,0,0,Santos,2,0,0,0
0,,0,,522,0,0,0,goias,44,0,0,0
0,,0,,4649,0,0,0,Gremio,5,0,0,0
0,,0,N/A,2654,0,0,0,Fluminense,33,0,0,0
0,,0,,491,0,0,0,flamengo,41,0,0,0
0,,0,,4875,0,0,0,  Atletico-MG,26,0,0,0
0,,0,,2116,0,0,0,Flamengo,16,0,0,0
11,49%,2,69%,8202,0,5,4,Bragantino,18,0,22,344
0,,0,,3793,0,0,0,Avai,33,0,0,0
0,,0,,8774,0,0,0,Cuiaba   ,37,0,0,0
0,,0,,42,0,0,0,Sao Paulo,3,0,0,0
0,,0,,191,0,0,0,Coritiba,16,0,0,0
null,,0,,181,0,0,0,  Parana,16,0,0,0
15, 45% ,7,-,6310,0,1,2,  Sport,18,0,7,398
0,,0,,3892,0,0,0,Santos,5,0,0,0
14,58%,3,76%,6637,0,1,2,Santos,14,1,15,367
0,,0,,2784,0,0,0,Santo Andre,8,0,0,0
0,,0,,3672,0,0,0,Corinthians,21,0,0,0
0,,0,,2296,0,0,0,Sao Paulo,35,0,0,0
0,  ,0,,3315,0,0,0,Gremio,23,0,0,0
18,54%,0,,5089,0,0,6,Cruzeiro,11,1,10,424
0,,0,,1118,0,0,0,Palmeiras,2,0,0,0
18,62%,0,,5468,0,3,12,Corinthians,11,2,14,537
,,0,,4071,0,0,0,Internacional   ,23,0,0,N/A
0,,0,,649,0,0,0,Guarani,9,0,0,0
-,58% un,9,,7348,0,2,3,Corinthians,9,0,11,540
0,,0,,2714,0,0,0,Gremio,1,0,0,0
11,41%,3,null,5746,0,2,4,Flamengo,1,3,7,345
4,31% un,2,-,9091,0,5,3,Bragantino,31,2,19,178
0,,0,,2896,0,0,0,Santos   ,19,0,0,0
9,52%,0,,5460,0,0,3,Flamengo   ,10,2,12,483
12,40%,4,74%,8337,1,1,0,AMERICA-MG,32,0,11,366
8,59%,1,93%,8977,0,4,4,Bragantino,20,1,16,402
0,,0,,8773,0,0,0,  Cruzeiro,37,0,0,0
0,,0,,1370,0,0,0,Cruzeiro,25,0,0,0
18,37%,4,70%,6793,0,-6,3,Goias,29,4,18,227
0,,0,,630,0,0,0,Fluminense,7,0,0,0
0,,0,,1329,0,0,0,Parana,21,0,0,0
0,,0,,1336,0,0,0,Palmeiras,22,0,0,0
0,,0,,4259,0,0,0,Santos,4,0,0,0
23,64%,6,91%,6536,0,3,8,Fluminense,4,4,16,504
13,48%,0,,5326,0,2,8,Sport,34,1,8,426
0,,0,,2427,0,0,0,Internacional,10,0,0,0
0,,0,,670,0,0,0,Juventude,10,0,0,0
0,,0,,56,0,0,0,Fortaleza,5,0,0,0
0,,0,,2518,0,0,0,Portuguesa,20,0,0,0
0,,0,,4645,0,0,0,Coritiba,4,0,0,0
13,54%,3,  ,6155,0,1,10,Santos,3,3,11,444
16,53%,5,81%,6730,0,5,3,Cruzeiro,23,0,18,470
22,64%,3,88%,7532,0,0,8,Atletico-MG,27,1,7,593
16,54%,5,84%,6542,0,0,4,Internacional,4,0,10,505
10,  ,3,61%,8068,0,3,4,America-MG,5,2,17,271
26,69%,5,89%,7169,0,2,8,  Sao Paulo,29,0,19,531
7,33%,0,,5044,0,3,2,Figueirense,6,7,22,253
0,,0,,3265,0,0,0,Atletico-GO,18,0,0,0
0,,0,,193,0,0,0,Sao Caetano   ,17,0,0,0
0,,0,,2413,0,0,0,Internacional,9,0,0,0
16,69%,5,88%,6800,0,0,8,Flamengo,30,1,12,636
8,35%,3,72%,8170,0,5,3,Santos,15,2,16,246
8, 41% ,0,77%,6153,0,3,4,Cruzeiro,3,1,14,350
0,,0,,4383,0,0,0,Bahia,16,0,0,0
0,,0,,67,0,0,0,Figueirense,6,0,0,0
13,41%,0,,5553,0,5,3,Figueirense,19,1,18,297
16,61%,5,84%,7847,0,4,8,Ceara,21,1,9,533
12,36%,6,  ,6030,0,2,4,Fluminense,29,2,23,339
15,63%,6,83%,7370,0,0,2,Sao Paulo,11,2,16,566
5, 66% ,1,-,7062,0,3,4,ATHLETICO-PR,18,1,15,557
0,,0,,2829,0,0,0,Avai,13,0,0,0
,60%,7,,6095,0,2,11,Santos   ,35,1,16,491
0,,0,,4778,0,0,0,Botafogo-RJ,17,0,0,0
0,,0,,1044,0,0,0,Internacional,41,0,0,0
0,,0,,4895,0,0,0,Vitoria,29,0,0,0
0,,0,,3526,0,0,0,Santos,6,0,0,0
15,55%,7,77%,7228,0,2,4,Flamengo,35,4,16,433
0,,0,,2008,0,0,0,Internacional,6,0,0,0
0,,0,,3948,0,0,0,vasco,11,0,0,0
20,46%,0,,5373,0,5,9,Ponte Preta,1,1,21,332
6,49%,0,,5532,0,2,2,Flamengo,17,0,13,369
13,46%,3,,5787,0,1,10,Avai,5,4,10,390
0,,0,,1645,0,0,0,Goias,8,0,0,0
0,,0,-,4543,0,0,0,Vitoria,32,0,0,0
0,,0,,215,0,0,0,Gremio,18,0,0,0
14,57% un,7,82%,7709,0,-9,10,Atletico-MG,6,2,16,526
0,,0,,8532,0,0,0,Internacional,13,0,0,0
0,,0,,3090,0,0,0,Flamengo,1,0,0,0
0,,0,,8586,0,0,0,Juventude,19,0,0,0
11,36%,7,72%,6705,0,3,4,avai,20,2,11,318
12,43%,6,81%,6420,0,1,5,VITORIA,30,1,18,375
10,56%,3, 87% ,6873,0,1,3,Goias   ,37,1,13,475
0,,0,,2912,0,0,0,Gremio,21,0,0,0
0,,0,,3533,0,0,0,Atletico-GO,7,0,0,0
18,46%,0,,5273,0,3,3,Cruzeiro,29,4,9,436
0,,0,,3753,0,0,0,Flamengo,29,0,0,0
0,,0,,1608,0,0,0,BOTAFOGO-RJ,5,0,0,0
0,,0,,3603,0,0,0,Santos,14,0,0,0
0,,0,,917,0,0,0,Flamengo,31,0,0,0
,,0,,1830,0,0,0,Fluminense   ,27,0,0,0
11,39%,5,88%,8957,0,0,4,Mirassol,18,2,10,334
17,36%,6,71%,7203,0,4,3,  Goias,32,2,19,  
21,41%,9,78%,6486,1,4,9,Santos   ,37,0,19,354
11,44%,5,79%,7588,0,3,2,Bragantino,32,1,25,356
19,53%,4,80%,6590,0,4,2,Santos,9,2,16,461
4,37%,1,67%,6354,0,1,5,Vitoria,23,0,8,312
18, 58% ,5,,7330,1,2,10,Gremio,7,1,13,398
11,-,4,76%,7246,0,0,5,Ceara,37,1,9,336
16,67%,7, 86% ,8177,0,2,12,Flamengo,16,4,8,565
0,,0,,3244,0,0,0,Vitoria,16,0,0,0
0,,0,,327,0,0,0,Goias,28,0,0,null
0,,0,,3368,0,0,0,Sao Paulo,29,0,0,0
14,51%,4,87%,6219,0,3,8,Corinthians,10,2,12,425
0,,0,,1618,0,0,0,Parana,6,0,0,0
9, 43% ,0,,5321,0,4,2,  Vasco,34,3,13,333
0,,0,,1374,0,0,0,Parana,25,0,0,0
0,,0,,557,0,0,0,Palmeiras,1,0,0,N/A
18, 58% ,5,,7330,1,2,10,Gremio,7,1,13,398
11,48%,1,73%,6962,0,3,5,Palmeiras,7,1,21,372
0,,0,-,189,0,0,0,Fortaleza,16,0,0,0
0,,0,,1050,0,0,0,Ponte Preta,42,0,0,0
13,38%,2,85%,8077,0,4,3,Cuiaba,6,4,10,391
0,,0,,1497,0,0,0,Athletico-PR,36,0,0,0
0,,0,,4122,0,0,0,Vasco,28,0,0,0
0,,0,,639,0,0,0,Figueirense,8,0,0,0
24,68%,10,,6109,0,6,10,Vitoria,37,3,19,444
  ,37%,2,,6002,0,2,2,Fluminense,26,1,18,356
N/A,,0,,8700,0,0,0,cuiaba,30,0,0,0
14,36%,5,72%,6776,0,3,4,Corinthians,28,0,20,285
,,0,,1067,0,0,0,Athletico-PR,43,0,0,0
0,,0,,4176,0,0,0,  Flamengo,33,0,0,  
12,42%,5,81%,8293,0,3,9,Cruzeiro,27,3,20,370
9,59%,3,,5857,0,1,9,Flamengo,12,2,15,415
12,46%,5,87%,8844,0,0,4,Cruzeiro,6,1,18,298
0,,0,,4524,0,0,0,Botafogo-RJ,30,0,0,0
16,45%,7,85%,8174,0,1,4,Gremio,15,1,10,431
0,,0,,3045,0,0,0,BOTAFOGO-RJ,34,0,0,0
12,39%,2,83%,7422,0,1,3,Cuiaba,16,2,15,331
0,,0,,4468,0,0,0,Ponte Preta,25,0,0,0
9,45% un,5,,5811,0,1,10,Santos,7,2,16,406
0,,0,,432,0,0,0,Fortaleza,36,0,0,0
13,65%,2,,6027,0,1,7,Cruzeiro,29,0,9,623
,74%,0,,5010,1,6,13,Palmeiras,3,5,13,N/A
24,60%,13,92%,8874,0,2,6,Internacional,9,1,10,558
0,,0,,861,0,0,0,Ponte Preta,26,0,0,0
0,,0,,8739,0,0,0,VITORIA,34,0,0,0
N/A,,0,,4967,0,0,0,CRICIUMA,37,0,0,0
9,53%,3,,5221,0,1,3,Coritiba,24,1,11,426
6,43%,1,88%,8967,0,3,3,  Vitoria,19,2,9,303
0,,0,,4577,0,0,0,Criciuma,36,0,0,0
0,,0,,320,0,0,0,Fortaleza,27,0,0,0
17,75%,6,86%,6319,0,3,15,Internacional,19,1,16,547
0,,0,,2078,0,0,0,America-RN,13,0,0,0
0,,0,,284,0,0,0,  Cruzeiro,24,0,0,0
10,38%,0,,5526,0,0,5,america-mg,16,2,13,335
0,,0,,4026,0,0,0,  Flamengo,18,0,0,0
12,66%,0,N/A,5716,0,2,3,Atletico-MG,35,5,18,451
0,,0,null,654,0,0,0,Vasco,9,0,0,0
0,,0,,8411,0,0,0,  Cuiaba,1,0,0,0
-,,0,,2164,0,0,0,America-RN,21,0,0,  
0,,0,,4385,0,0,0,INTERNACIONAL,16,0,0,0
11,60%,2,84%,6243,0,1,8,Corinthians,12,2,11,510
0,,0,,2588,0,0,0,sport,27,0,0,0
13,68%,4,84%,8204,0,1,8,Cruzeiro,18,1,17,563
12,40%,2,81%,6126,0,3,7,Cruzeiro,1,0,20,425
0,,0,,4602,0,0,0,Botafogo-RJ,38,0,0,0
0,,0,,4145,0,0,0,Fluminense,30,0,0,0
0,,0,,4620,0,0,0,athletico-pr,2,0,0,0
9,,3,91%,9039,0,3,3,  Sport,26,3,14,352
0,,0,,898,0,0,0,Fluminense   ,29,0,0,0
0,,0,,4000,0,0,0,flamengo,16,0,0,0
0,,0,,3853,0,0,0,Atletico-MG,1,0,0,0
0,,0,,983,0,0,0,Criciuma,36,0,0,0
0,,0,,1322,0,0,0,Fortaleza,20,0,0,0
0,,0,,4849,0,-7,0,Bahia,24,0,0,0
0,,0,,4939,0,0,0,athletico-pr,35,0,0,0
  ,62%,0,,5526,0,1,4,Flamengo,16,1,11,535
9,45%,3,91%,8811,0,1,3,Gremio,3,1,11,344
,,0,,2422,0,0,0,PORTUGUESA,11,0,0,0
0,,0,,2559,0,0,0,Figueirense,24,0,0,0
0,,0,null,4525,0,0,0,Coritiba,30,0,0,0
0,,0,,3110,0,0,0,Atletico-MG,3,0,0,0
0,,0,,3158,0,0,0,Cruzeiro,8,0,0,0
0,,0,,3195,0,0,0,Corinthians,11,0,0,0
0,,0,,3174,0,0,0,Cruzeiro,9,0,0,N/A
0,,0,,2352,0,0,0,  Fluminense,3,0,0,0
0,,0,,1276,0,0,0,PONTE PRETA,16,0,0,0
0,,0,,1943,0,0,0,Athletico-PR,38,0,0,0
13,70%,3,90%,7342,0,0,6,Gremio,8,1,12,689
0,,0,,1139,0,0,0,Botafogo-RJ,4,0,0,0
15,48%,7,83%,8193,0,2,5,America-MG,17,1,13,411
6,-,1,77%,7696,1,3,3,Bragantino,7,1,13,384
0,,0,,213,0,0,0,GUARANI,18,0,0,0
0,,0,,142,0,0,0,INTERNACIONAL,12,0,0,0
0,,0,,500,0,-1,0,Bahia,42,0,0,0
0,,0,,4336,0,0,0,Santos   ,11,0,0,N/A
,,0,,1591,0,0,0,Flamengo,3,0,0,0
0,,0,,3696,0,0,0,atletico-mg,23,0,0,0
0,,0,,3276,0,0,0,Internacional,19,0,0,0
0,,0,,2865,0,0,0,Coritiba,16,0,0,0
0,  ,0,,1918,0,0,0,Flamengo   ,36,0,0,0
20,53%,4,89%,9144,0,0,5,Internacional,35,0,10,421
0,,0,,1623,0,0,0,VASCO,6,0,0,0
0,,0,,2154,0,0,0,Internacional,20,0,0,0
11,40%,4,73%,6622,0,2,4,Avai,12,0,13,308
10,30%,3,85%,9120,0,5,0,Fortaleza,37,5,15,184
0,,0,,4127,0,0,0,Portuguesa,29,0,0,0
7,65%,3,87%,8265,0,3,6,Atletico-MG   ,24,3,15,582
0,,0,,4180,0,0,0,Botafogo-RJ,34,0,0,0
6,  ,1,89%,8994,0,2,3,SPORT,21,1,10,356
10,54%,4,81%,6223,0,2,6,Bahia,10,2,18,457
0,,0,,2316,0,0,0,Corinthians,37,0,0,0
8,28%,2,70%,6515,0,1,5,Goias,1,0,9,235
7,44%,2,82%,8102,0,-5,2,Internacional   ,8,3,10,429
11,,4,70%,6292,0,2,5,Sao Paulo,17,1,27,327
0,,0,,4189,0,0,0,Coritiba,35,0,0,0
0,,0,,342,0,0,0,SAO CAETANO,29,0,0,0
15,58%,4,94%,8792,0,3,2,Palmeiras,1,1,17,481
9,52%,5,82%,7734,0,3,3,Internacional,9,1,12,479
0,,0,,75,0,0,0,Athletico-PR   ,7,0,0,0
0,,0,,2846,0,0,0,Barueri,14,0,0,0
19,67%,5,93%,9000,0,1,13,Flamengo,22,1,16,577
0,-,0,,1706,0,0,0,Fluminense,14,0,0,0
0,,0,,3882,0,0,0,Bahia,4,0,0,0
0,,0,,4181,0,0,0,sport,34,0,0,0
-,43%,5,84%,7412,0,1,3,CORINTHIANS,15,1,9,426
13,null,4,77%,7432,0,2,4,Internacional,17,1,14,406
13,54%,7,86%,7229,0,0,2,Gremio,35,1,18,468
0,,0,,3841,0,0,0,Gremio,38,0,0,0
7,35%,4,80%,8365,0,1,2,cuiaba,34,2,7,340
0,,0,,4508,0,0,0,Santos,29,0,0,0
  ,58%,3,81%,6282,0,2,4,Cruzeiro,16,3,11,509
0,,0,,2170,0,0,0,Figueirense,22,0,0,0
9,35%,2,90%,8835,0,4,4,Ceara,5,1,16,240
0,,0,,1340,0,0,0,Sao Paulo,22,0,0,0
0,,0,,8767,0,0,0,vasco,37,0,0,0
18,,5,,5805,0,0,11,Gremio,6,2,15,643
22,58%,2, 86% ,6924,0,3,13,Ceara,4,1,18,484
0,,0,,1895,0,0,0,Botafogo-RJ,33,0,0,-
0,,0,-,4318,0,0,0,ATLETICO-MG,10,0,0,  
0,,0,,640,0,0,0,Coritiba,8,0,0,0
0,,0,,4068,0,0,0,Figueirense,23,0,0,0
0,,0, - ,1183,0,0,0,Corinthians,8,0,0,0
19,59%,0,,5454,0,0,12,INTERNACIONAL,9,0,15,370
5,42%,3,78%,6336,1,1,3,America-MG,22,3,10,394
0,,0,,58,0,0,0,Cruzeiro,5,0,0,0
  ,55%,7,82%,7531,0,1,6,Gremio,27,1,24,492
13,49%,4,84%,6611,1,2,2,Santos,11,1,14,445
15,55%,0,,5738,0,-2,7,Fluminense,38,2,19,370
0,,0,,8473,0,0,0,Palmeiras,7,0,0,0
0,,0,,557,0,0,0,Atletico-MG,1,0,0,0
13,41% un,0,,4997,0,2,6,Goias,2,0,14,334
0,,0,,3839,0,0,0,Sao Paulo,38,0,0,0
13,49%,1,,5921,0,-11,3,atletico-go,18,0,20,451
12,31%,2,69%,7638,0,2,5,Palmeiras,38,2,18,N/A
0,-,0,,4848,0,0,0,Coritiba,24,0,0,0
,,0,,1736,0,0,0,Sao Paulo   ,17,0,0,0
17,62%,7,80%,6327,0,3,8,Corinthians,21,2,18,458
0,,0,,629,0,0,0,Palmeiras,7,0,0,0
0,,0,,1843,0,0,0,Sao Caetano,28,0,0,0
0,,0,,3192,0,0,0,Flamengo,11,0,0,0
11,45% un,4,84%,6933,0,3,3,Sao Paulo,5,0,25,425
8,40%,2,71%,6444,0,1,3,Chapecoense,32,5,22,279
8,49%,4,84%,7372,0,2,3,Atletico-GO,11,0,23,459
0,,0,,1244,0,0,0,Sao Paulo,13,0,0,0
0,,0,,3797,0,0,0,Fluminense,34,0,0,0
0,,0,,4794,0,0,0,Gremio,18,0,0,N/A
13,58%,5,87%,7299,0,3,4,Palmeiras,4,1,24,527
0,,0,,8698,0,0,0,Athletico-PR,30,0,0,0
0,,0,,415,0,-2,0,Bahia,35,0,0,0
14,,11,91%,9149,0,1,3,  Fluminense,36,0,8,509
0,,0,,802,0,0,0,BOTAFOGO-RJ,21,0,0,0
21,66%,8,89%,8368,0,2,6,Fluminense,35,1,15,612
-,,0,,1530,0,0,0,Botafogo-RJ,39,0,0,0
18,47%,6,85%,7360,0,2,4,PALMEIRAS,10,2,15,429
6,56%,0,,5402,0,-11,7,Botafogo-RJ,4,0,17,459
0,N/A,0,,4276,0,0,0,Gremio,5,0,0,0
7,47% un,3,87%,6586,0,1,4,Botafogo-RJ,9,1,9,463
0,,0,,2514,0,0,0,Fluminense,19,0,0,0
N/A,44%,0,,5186,0,3,2,Palmeiras,20,2,12,386
0,,0,,4768,0,0,0,Botafogo-RJ,16,0,0,0
0,,0,,2676,0,0,0,Santos,35,0,0,0
, 44% ,2, 90% ,8937,0,3,6,Mirassol,16,1,10,338
9,55%,5,83%,6985,1,2,1,vasco,9,0,15,471
0,,0,,1715,0,0,0,Cruzeiro,15,0,0,0
0,,0,,961,0,0,0,Coritiba,35,0,0,0
8,51%,0,,5528,0,1,1,ATHLETICO-PR,17,1,9,444
9,44%,2,67%,8340,0,2,6,CORINTHIANS,32,0,12,-
-,,0,,4762,0,0,0,Cruzeiro,15,0,0,0
23,null,7,93%,8399,0,3,7,Fluminense,38,0,12,643
7, 51% ,3,81%,6376,0,1,2,America-MG,26,0,12,  
0,,0,,3782,0,0,0,Avai,32,0,0,0
14,47%,5,87%,8376,0,2,3,Corinthians,36,1,5,489
0,,0,,1925,0,0,0,Fortaleza,36,0,0,0
0,,0,,1970,0,0,0,Sao Paulo,3,0,0,0
16,67%,4,82%,6928,0,2,11,Atletico-GO,5,2,19,541
,43%,2,86%,6986,0,4,9,Athletico-PR,10,3,21,349
16,65%,2,85%,7074,0,1,9,Atletico-MG,19,0,12,546
0,-,0,,4134,0,-6,0,Atletico-MG,29,0,0,0
14,-,5,83%,7351,0,1,6,Palmeiras,9,1,13,436
6,35%,1,73%,7159,0,3,4,Sport,28,0,14,269
14,60%,0,,5364,0,0,5,Atletico-MG,38,2,7,N/A
0,,0,,1806,0,0,0,Flamengo,24,0,0,0
16, 59% ,4,87%,6486,0,1,8,Atletico-MG,37,0,15,508
0,,0,,662,0,0,0,Vitoria,10,0,0,0
0,,0,,8709,0,0,0,Fluminense,31,0,0,0
0,,0,,4796,0,0,0,Flamengo,18,0,0,0
0,,0,,5955,0,0,0,Fluminense   ,21,0,0,0
0,,0,,84,0,0,0,Vasco   ,7,0,0,0
7,43%,0,,5475,0,2,2,Chapecoense,11,3,10,382
0,,0,,3269,0,0,0,botafogo-rj,19,0,0,0
0,,0,,4859,0,0,0,Fluminense,25,0,0,0
16,61%,7,81%,6392,0,2,7,SAO PAULO,27,2,18,423
0,,0,,162,0,0,0,FLAMENGO,14,0,0,0
0,,0,,8723,0,0,0,Vasco,32,0,0,0
0,,0,,202,0,0,0,ponte preta,17,0,0,0
15,53%,7,84%,8171,0,2,5,Athletico-PR,15,4,14,493
11,48%,6,79%,7742,0,1,3,Internacional,10,1,16,411
,,0,,74,0,0,0,Gremio,7,0,0,0
0,,0,-,1535,0,0,0,Juventude,40,0,0,0
5,30%,1,69%,7067,0,2,0,CORITIBA,19,0,22,248
,-,0,,36,0,0,0,Goias,4,0,0,0
10,52%,5,82%,8298,0,4,2,Fortaleza   ,28,5,13,376
6,53%,2,N/A,9132,0,2,5,Sao Paulo,34,2,15,344
11, 38% ,0,,5411,0,5,2,Fluminense,5,5,19,373
6,43%,5,75%,6656,0,2,3,Bahia,16,0,16,391
8,59%,2,,6066,0,3,3,Gremio,33,0,14,526
18,59%,2,83% un,6398,1,3,8,VITORIA,28,0,17,447
0,,0,,749,0,0,0,Flamengo   ,17,0,0,null
0,,0,,4866,0,0,0,Santos,25,0,0,0
12,52%,1,,5909,0,4,2,coritiba,17,3,18,336
0,,0,,3423,0,0,0,Botafogo-RJ,34,0,0,0
19,66%,3,,6098,0,2,7,cruzeiro,36,0,7,575
0,,0,,4773,0,0,0,Flamengo,16,0,0,0
13,64%,7,89%,7122,0,4,11,Sao  Paulo,24,0,17,647
9,-,3,93%,8886,0,1,5,Bahia,11,2,12,465
0,,0,,3394,0,0,0,Santos,31,0,0,0
0,null,0,,1874,0,0,0,Botafogo-RJ,31,0,0,0
19,58%,5,,6108,0,4,7,Corinthians,37,0,15,508
0,,0,,3852,0,0,0,botafogo-rj,1,0,0,0
19, 60% ,7,87%,7685,0,4,1,  Ceara,3,2,18,451
17,52%,6,83%,7930,0,3,11,Athletico-PR   ,29,0,12,336
9,44%,3,75%,7295,1,4,4,Atletico-GO   ,3,0,14,346
0,,0,,965,0,0,0,Fluminense,35,0,0,0
0,,0,,3930,0,0,0,Botafogo-RJ,9,0,0,0
9,57%,3,,6085,0,3,6,Santos,34,3,16,481
0,,0,,2417,0,0,0,  Sao Paulo,11,0,0,0
0,,0,,984,0,0,0,  Palmeiras,36,0,0,0
7,42%,3,88%,8898,0,3,0,Santos   ,12,2,13,285
14,52%,8,82%,6965,0,0,5,Atletico-MG,7,3,18,496
0,,0,,818,0,0,0,Internacional,23,0,0,-
0,,0,,8477,0,0,0,vitoria,8,0,0,0
0,,0,,3296,0,0,0,Ceara,21,0,0,0
10,40%,0,,5364,0,0,4,Chapecoense,38,0,11,N/A
12,38%,7,76%,8321,0,5,1,Coritiba,30,1,18,288
13,65%,0,,5708,0,3,12,Botafogo-RJ,35,2,15,454
14,29%,5,78%,7926,0,2,10,Atletico-MG,29,1,16,250
17,67%,0,,5561,0,2,4,  Cruzeiro,20,4,15,503
0,,0,,3460,0,0,0,Corinthians,38,0,0,0
0,,0,,740,0,0,0,Fluminense   ,16,0,0,0
17,60%,0,,5162,0,6,8,Internacional   ,18,0,20,null
0,,0,,3655,0,0,0,Figueirense,19,0,0,0
0,null,0,-,750,0,0,0,Figueirense,17,0,0,0
11,54%,3,85%,6397,0,2,4,Corinthians,28,1,9,N/A
36,60%,13,83%,8135,0,0,17,Bragantino,11,2,2,496
15,53%,6,82%,7427,0,1,4,gremio,17,0,12,489
0,,0,,4040,0,0,0,Nautico,20,0,0,0
7,48%,1,84%,6134,0,2,7,Parana,1,2,15,446
0,,0,,668,0,0,0,  Sao Paulo,10,0,0,0
18,54% un,6,85%,6719,0,3,3,Internacional,22,0,28,
0,,0,,2510,0,0,0,  Coritiba,19,0,0,0
9,44%,2,79%,6570,1,3,4,Fluminense,7,0,17,372
0,,0,,1354,0,0,0,Ponte Preta,23,0,0,0
0,,0,,858,0,0,0,CRUZEIRO,26,0,0,-
20,73%,5,,5860,0,4,10,Bahia,12,2,16,620
0,,0,null un,8550,0,0,0,Corinthians,15,0,0,0
0,,0,,2410,0,0,0,Vasco,9,0,0,0
10,45%,5,,5782,0,2,7,Ponte Preta,4,2,13,365
0,,0,,4520,0,-3,0,Atletico-MG,30,0,0,0
0,,0,,4238,0,0,0,Botafogo-RJ,2,0,0,0
0,,0,,1928,0,0,0,Juventude,37,0,0,0
0,,0,,3673,0,0,0,GREMIO,21,0,0,0
0,,0,,2001,0,0,0,Corinthians,12,0,0,0
23,53%,6,78%,8152,0,2,7,America-MG,13,3,19,405
0,,0,,437,0,0,0,Coritiba,37,0,0,0
0,,0,,1367,0,0,0,Palmeiras,24,0,0,0
4,36%,2,74%,7262,0,6,1,Sao Paulo,38,0,27,305
0,,0,,159,0,0,0,Atletico-MG,14,0,0,0
0,,0,,3476,0,0,0,america-mg,1,0,0,N/A
13, 39% ,6,70%,6187,1,2,3,Sport,7,0,10,324
11,51%,4,,5817,0,1,6,Avai,8,0,22,415
0,null,0,,3967,0,0,0,Vasco,13,0,0,0
10,54%,2,,7003,0,2,7,Atletico-GO,12,2,16,406
12,35%,0,,5231,1,2,3,  Cruzeiro,25,4,17,278
0,,0,,1421,0,0,0,  Brasiliense,29,0,0,0
0,,0,,2575,0,0,0,Vitoria,25,0,0,0
0,,0,,476,0,0,0,Fortaleza,40,0,0,0
0,,0,,4668,0,0,0,  Gremio,7,0,0,0
0,,0,,4817,0,0,0,Palmeiras,21,0,0,0
0,,0,,3118,0,0,0,Flamengo,4,0,0,0
0,,0,,16,0,0,0,Gremio,2,0,0,0
0,,0,,3439,0,0,0,Ceara,36,0,0,0
0,,0,,820,0,0,0,Guarani,23,0,0,0
11,52%,0,,5222,0,1,2,Sao Paulo,24,3,9,
11,60%,5,86%,6911,0,5,4,Sao Paulo,3,1,15,559
13,52%,0,,5100,0,1,7,Figueirense,12,2,11,337
0,,0,,2061,0,0,0,juventude,29,0,0,N/A
10,45%,5,  ,5905,0,3,8,Gremio,16,1,14,408
0,,0,,4501,0,0,0,criciuma,28,0,0,0
0,,0,,3564,0,0,0,Sao Paulo,12,0,0,0
0,,0,,2334,0,0,0,Portuguesa,1,0,0,0
5,58%,1,,7978,0,4,4,Bragantino,34,2,12,448
0,,0,N/A,983,0,0,0,Flamengo,36,0,0,0
0,,0,,8691,0,0,0,Bragantino,29,0,0,0
0,,0,,793,0,0,0,Fluminense,21,0,0,0
0,,0,,1014,0,0,0,PALMEIRAS,39,0,0,0
18,57%,7,81%,7580,0,3,9,Atletico-MG,30,1,21,479
13,55%,7,null,7011,0,3,4,  Flamengo,13,2,18,446
11,32%,6,77%,6915,0,1,2,Santos,3,0,9,290
0,,0,,4670,0,0,0,Figueirense,7,0,0,0
16,47%,5,73%,7403,0,0,5,America-MG,14,1,14,  
14,62%,3,85%,7276,0,5,12,Sao Paulo,2,1,14,459
0,,0,,3592,0,0,0,Internacional,13,0,0,0
-,,0,,1368,0,0,0,Sao Paulo,24,0,0,0
0,,0,,3537,0,0,0,Athletico-PR,8,0,0,0
0,   un,0,,3961,0,0,0,cruzeiro,12,0,0,0
0,-,0,,3184,0,0,0,Guarani,10,0,0,0
15,29%,6,72%,6735,0,3,4,CSA,23,1,10,242
21,48%,8,85%,8065,0,-11,5,Corinthians,4,3,6,488
0,,0,,3327,0,0,0,Cruzeiro   ,25,0,0,0
0,,0,,1796,0,0,0,Santos,23,0,0,0
0,,0,,797,0,0,0,Paysandu,21,0,0,0
16,70%,2,85%,7426,1,2,6,Atletico-GO,17,1,13,559
0,,0,,3255,0,0,0,Atletico-GO,17,0,0,0
0,,0,null,351,0,0,0,Gremio,30,0,0,0
20,N/A,6,78%,6810,0,4,6,Palmeiras,31,1,27,374
13,47%,5,82%,7708,0,2,5,Internacional,6,1,8,  
0,,0,,4555,0,0,0,Nautico,33,0,0,0
0,null,0,,3833,0,0,0,Ceara,37,0,0,0
8,57%,4,84%,6885,0,2,2,  Fortaleza,38,4,9,  
0,,0,,2007,0,0,0,CRUZEIRO,6,0,0,0
0,,0,,3722,0,0,0,  Corinthians,26,0,0,0
0,,0,,659,0,0,0,Athletico-PR,9,0,0,0
0,,0,,4366,0,0,0,Botafogo-RJ,14,0,0,0
0,,0,,383,0,0,0,Coritiba,32,0,0,0
0,,0,,4261,0,0,0,Gremio   ,4,0,0,0
0,,0,,2184,0,0,0,Goias,23,0,0,0
0,,0,,2965,0,0,0,Botafogo-RJ,26,0,0,
0,  ,0,,2874,0,0,0,Sport,17,0,0,0
N/A, 57% ,4,83%,7602,0,1,7,Palmeiras,33,1,12,422
0,,0,,4909,0,0,0,Athletico-PR,31,0,0,0
11,58%,1,84%,6938,0,3,7,Internacional,11,2,20,420
0,,0,,20,0,0,0,Ponte Preta,2,0,0,0
0,,0,,1809,0,0,0,Juventude,25,0,0,-
N/A,,0,,728,0,0,0,goias,15,0,0,0
6,32%,1,74%,8323,0,5,2,Cuiaba   ,30,4,17,290
17,52%,7,80%,7009,0,0,7,Botafogo-RJ,13,0,20,385
0,,0,,4582,0,0,0,Gremio,36,0,0,0
0,,0,,1455,0,0,0,Santos,32,0,0,0
17,71%,5,92%,7986,0,2,7,Fluminense,35,2,8,
-,,0,,3875,0,0,0,Corinthians,3,0,0,0
0,,0,,1246,0,0,0,Coritiba   ,13,0,0,0
22,61%,8,83%,6755,0,1,9,  Chapecoense,25,0,12,484
0,,0,,8720,0,0,0,palmeiras,32,0,0,0
0,,0,,526,0,-10,0,Sao  Paulo,44,0,0,0
0,,0,,4144,0,0,0,Nautico,30,0,0,0
0,,0,,4016,0,0,0,SANTOS,17,0,0,0
0,,0,,4922,0,0,0,Botafogo-RJ   ,32,0,0,0
18,49%,6,87%,6984,1,2,4,Gremio,9,2,9,479
0,,0,null,8459,0,0,0,Botafogo-RJ,6,0,0,0
0,,0,,3060,0,0,0,Botafogo-RJ,36,0,0,0
19,40%,0,,5224,0,3,6,Goias,24,0,8,382
0,,0,,1415,0,0,0,Juventude,29,0,0,0
13,44%,7,84%,7075,0,1,4,Bragantino,19,0,12,466
13,49%,0,  ,5041,0,1,5,corinthians,6,0,9,430
12,44%,4,78%,6744,0,1,6,Vasco,24,1,11,419
0,,0,,153,0,0,0,Figueirense,13,0,0,0
10,  ,3,,5867,0,2,4,Santos   ,13,3,13,298
0,,0,,3831,0,0,0,Botafogo-RJ,37,0,0,0
21,53%,5,77%,7793,0,2,11,America-MG,15,2,14,412
14,39%,4,80%,6235,0,4,2,Internacional,11,1,20,348
0,,0,,2572,0,0,0,Sport,25,0,0,0
null,,0,,5237,0,4,5,Joinville,26,3,19,262
11,54%,0,,4999,0,4,2,chapecoense,2,5,13,487
-,,0,,126,0,0,0,parana,11,0,0,0
0,,0,,259,0,0,0,Criciuma,22,0,0,  
9,65%,0,,4741,0,1,5,Flamengo,13,1,13,509
0,,0,,3734,0,0,0,Athletico-PR,27,0,0,0
0,,0,,3244,0,0,0,Vitoria,16,0,0,0
0,,0,,2927,0,0,0,  Corinthians,23,0,0,0
0,,0,,3021,0,0,0,vitoria,32,0,0,0
0,,0,,2918,0,0,0,Avai,22,0,0,0
0,,0,,4046,0,0,0,Sao Paulo,20,0,0,0
0,,0,,3572,0,0,0,Sao Paulo,10,0,0,0
0,,0,,376,0,0,0,PAYSANDU,32,0,0,0
0,,0,,3602,0,0,0,Palmeiras,14,0,0,0
0,,0,null,3323,0,0,0,Gremio,24,0,0,0
0,,0,,372,0,0,0,flamengo,31,0,0,0
0,,0,,3682,0,0,0,Palmeiras,22,0,0,0
0,,0,,88,0,0,0,corinthians,8,0,0,
9,51%,1,N/A,8202,0,3,3,Coritiba,18,2,21,335
17,58%,10,87%,6648,0,3,7,Flamengo,15,0,18,491
0,,0,,4624,0,0,0,Atletico-MG,2,0,0,0
,38%,6,76%,6422,1,5,4,Palmeiras,30,1,14,300
10,56% un,3,91%,8859,0,5,5,Corinthians,8,0,17,473
N/A,63%,7,84%,7318,0,1,11,Flamengo   ,6,1,18,470
0,,0,-,4094,0,0,0,Flamengo,25,0,0,0
0,,0,,4080,0,0,0,Atletico-GO,24,0,0,0
15,48%,10,79%,7151,0,1,7,Internacional,27,2,12,357
0,,0,,193,0,0,0,Athletico-PR,17,0,0,0
16,45%,4,80%,7368,0,4,2,  Bragantino,11,3,16,
0,,0,,3659,0,0,0,Coritiba   ,20,0,0,  
0,,0,,4713,0,0,0,Internacional,10,0,0,
13, 58% ,1,94%,8879,0,4,17,Bahia,10,1,9,515
0,,0,,3868,0,0,0,palmeiras,3,0,0,-
12,55%,0,80%,7393,0,4,2,Sport,13,2,12,415
0,,0,,2558,0,0,0,Santos,24,0,0,0
10,48%,2,77%,7934,0,4,2,Botafogo-RJ,29,1,16,399
15,54%,6,87%,6528,0,1,4,Atletico-MG,3,1,7,531
0,,0,,2337,0,0,0,Botafogo-RJ,2,0,0,0
6,37%,1,73%,7890,1,6,7,Ceara   ,25,2,19,296
0,N/A,0,,4700,0,0,0,Cruzeiro   ,28,0,0,0
7,50%,0,,5067,0,3,4,Gremio,9,3,16,406
17,59%,7,85%,7712,0,1,7,Coritiba,6,4,11,410
0,,0,,493,0,0,0,Fluminense   ,42,0,0,  
0,,0,,222,0,0,0,Internacional,19,0,0,0
0,,0,,4192,0,0,0,Vasco,35,0,0,0
0,  ,0,,1891,0,0,0,PONTE PRETA,33,0,0,0
24,57%,0,,5705,0,1,8,Chapecoense,34,2,16,381
8,52%,3,77%,6209,0,4,9,Sao Paulo,9,0,23,326
0,N/A,0,,4268,0,0,0,  Criciuma,5,0,0,0
0,,0,,3955,0,0,0,Botafogo-RJ,11,0,0,0
11,51%,4,  ,7478,0,1,5,Atletico-MG   ,22,1,12,501
,51%,4,75%,6289,0,-15,8,  Cruzeiro,17,2,20,407
0,,0,,244,0,0,0,Athletico-PR,21,0,0,0
14,67%,7,87%,7302,0,4,7,Gremio,4,2,11,600
  ,,0,,3318,0,0,0,GREMIO PRUDENTE,24,0,0,0
0,,0,,615,0,0,0,Palmeiras,6,0,0,0
N/A,38%,0,,5053,0,3,6,Goias,7,1,19,279
-,34%,0,,5377,0,3,4,Ponte Preta,2,3,21,268
null,,0,,389,0,0,0,Figueirense,33,0,0,0
NULL,27%,5,65%,6208,0,4,7,Botafogo-RJ,9,0,16,238
0,,0,,453,0,0,0,Guarani,38,0,0,0
15,68%,3,91%,7104,0,1,12,Gremio,22,1,14,  
17,53%,3,90%,7261,0,0,7,  Botafogo-RJ,38,2,4,505
13,44%,4,,6019,0,0,2,Cruzeiro,27,1,13,-
0,,0,,2373,0,0,0,Goias,5,0,0,0
N/A,,0,,4962,0,0,0,Cruzeiro,36,0,0,0
0,,0,,3540,0,0,0,  Vasco,8,0,0,0
0,,0,,186,0,0,0,Goias,16,0,0,0
10,38%,2,80%,8118,0,3,6,CUIABA,10,1,13,
0,,0,N/A,1540,0,0,0,Vasco,40,0,0,0
-,,0,,3513,0,0,0,Botafogo-RJ,5,0,0,0
0,,0,,1509,0,0,0,Fluminense,37,0,0,0
0,,0,,3127,0,0,0,VITORIA,5,0,0,0
19,56%,7,81%,6687,0,2,7,Chapecoense,19,0,14,400
6,64%,0,,5362,0,1,3,sao paulo,38,0,21,540
,,0,,827,0,0,0,Criciuma,23,0,0,0
14,53%,4,  ,8132,0,2,10,Coritiba,11,1,23,381
0,,0,,1712,0,0,0,Sao Paulo,15,0,0,0
0,,0,,6649,0,0,0,Atletico-MG,15,0,0,0
0,,0,-,3108,0,0,0,Santos,3,0,0,0
N/A,36%,5,88%,8986,0,3,2,Bragantino,21,0,17,303
0,,0,,3764,0,0,0,sao paulo,30,0,0,0
0,,0,,605,0,0,0,Gremio,5,0,0,
7,53%,1,,6349,0,3,6,Athletico-PR,23,1,18,424
0,,0,,4336,0,0,0,NAUTICO,11,0,0,0
0,,0,,1932,0,0,0,Santos,37,0,0,0
0,,0,,744,0,0,0,Sao Paulo,16,0,0,
22,59%,6,83%,6153,0,4,18,Internacional,3,5,15,462
22,51%,10,84%,7728,0,1,5,Ceara,9,4,14,424
0,,0,,31,0,0,0,Flamengo,4,0,0,0
0,,0,,2878,0,0,0,  Nautico,18,0,0,0
0,,0,,83,0,0,0,CRICIUMA,7,0,0,0
0,,0,,2679,0,0,0,Goias,36,0,0,0
16,53%,5,81%,8172,0,3,7,Palmeiras,15,2,13,446
0,,0,,4539,0,0,0,Atletico-MG,32,0,0,0
12,47%,6,82%,7319,0,3,5,Bragantino,6,1,13,428
0,,0,,8463,0,0,0,Cuiaba,6,0,0,0
14,70%,4,91%,9075,0,2,3,Santos,29,1,11,465
0,,0,,710,0,0,0,Gremio,14,0,0,0
7,N/A,4,75%,6932,0,0,3,Coritiba,5,2,18,397
0,,0,,1128,0,0,0,Goias,3,0,0,0
0,,0,,2044,0,0,0,Sport,9,0,0,0
0,,0,,4424,0,0,0,Ponte Preta,20,0,0,0
0,,0,,2727,0,0,0,Barueri,3,0,0,0
12,49%,5,87%,8902,0,-2,5,Mirassol,12,1,10,358
0,,0,,4227,0,0,0,INTERNACIONAL,1,0,0,0
11, 42% ,4,,5904,0,3,5,Vasco,16,1,16,341
0,,0,,2138,0,0,0,Sao Paulo,19,0,0,0
3,45%,2,85%,6753,0,1,1,Corinthians,25,0,10,
0,,0,,1222,0,0,0,santos,11,0,0,0
5,37%,0,,5009,0,5,4,Figueirense,3,1,24,326
0,,0,,1035,0,0,0,Gremio,41,0,0,0
10,45%,0,-,5396,0,5,4,Gremio,3,1,14,449
0,,0,,1023,0,0,0,Flamengo,40,0,0,0
0,,0,,8630,0,0,0,Internacional,23,0,0,0
13,57%,5,89%,6886,0,2,4,Athletico-PR,1,1,10,549
0,,0,,540,0,0,0,Sao Caetano,45,0,0,0
0,,0,,1859,0,0,0,Santos,30,0,0,0
0,,0,,1088,0,0,0,Vasco,45,0,0,0
0,,0,,2094,0,0,0,Juventude,14,0,0,0
0,,0,,313,0,0,0,FLAMENGO,27,0,0,0
0,,0,null,2932,0,0,0,CRUZEIRO,23,0,0,0
11,-,7,84%,7236,0,4,2,Goias,36,2,22,415
0,,0,,2075,0,0,0,corinthians,11,0,0,0
0,,0,,1778,0,0,0,Internacional   ,22,0,0,0
0,,0,,3094,0,0,0,Fluminense,1,0,0,0
-,,2,79%,6628,0,4,6,Goias   ,13,1,8,311
0,,0,,73,0,0,0,Flamengo,7,0,0,0
0,,0,,2931,0,0,0,Athletico-PR,23,0,0,0
0,,0,,2885,0,0,0,Internacional,18,0,0,0
10,55%,0,,5334,0,0,5,Atletico-MG,35,4,9,516
0,  ,0,,678,0,0,0,Corinthians,11,0,0,null
0,,0,,4087,0,0,0,Atletico-GO,25,0,0,0
0,,0,,3075,0,0,0,Athletico-PR,37,0,0,0
11,60% un,3,85%,8347,0,0,8,America-MG,33,0,16,547
15,55%,3,null,9150,0,3,5,Bahia,36,2,15,391
9,54%,4,84%,6947,1,1,4,Vasco   ,6,1,16,527
0,,0,,4777,0,0,0,Atletico-MG,17,0,0,0
21,null,4,84%,8146,0,2,12,Sao Paulo,13,2,16,473
13,40%,5,85%,9141,0,1,2,Vitoria,35,0,13,293
0,,0,,3120,0,0,0,Sao Paulo,4,0,0,0
0,,0,,8544,0,0,0,Fluminense,14,0,0,0
15,55%,3,    ,6899,0,5,8,Coritiba,2,5,18,  
21,58%,6,86%,6285,0,4,6,Bahia,16,1,15,510
0,,0,,2801,0,0,0,ATHLETICO-PR,10,0,0,0
0,,0,,4035,0,0,0,  Atletico-GO,19,0,0,0
14,61%,4,84%,8061,0,2,8,FLAMENGO,4,0,11,532
0,,0,,1226,0,0,0,Figueirense,12,0,0,0
0,,0,,944,0,0,0,athletico-pr,33,0,0,0
11,  ,3,91%,9013,0,3,4,SAO PAULO,23,5,11,409
0,,0,,1065,0,0,0,Corinthians,43,0,0,0
14,65%,6,,5928,0,4,5,Flamengo,19,4,15,497
0,,0,,454,0,0,0,Parana,38,0,0,0
18,69%,4,89%,7045,0,3,5,Sao Paulo,16,1,13,659
11,null,4,86%,8940,0,2,2,internacional,16,0,9,248
0,,0,,2439,0,0,0,SANTOS,12,0,0,0
5, 46% ,0,,5210,0,4,3,Figueirense   ,23,1,15,420
0,,0,,4920,0,0,0,Internacional,32,0,0,N/A
0,,0,,2655,0,-1,0,Gremio,33,0,0,0
22,53%,6,85%,6952,0,6,9,Santos,6,5,14,429
0,,0,,3975,0,0,0,ponte preta,13,0,0,0
0,,0,  ,1552,0,0,0,corinthians,41,0,0,
15,53%,3,,5944,0,2,5,  Santos,20,2,7,522
0,,0,,262,0,0,0,Gremio,22,0,0,0
16,47%,4,81%,7589,0,7,5,Internacional,32,4,17,380
0,,0,,4819,0,0,0,Santos,21,0,0,0
0,,0,,4932,0,0,0,figueirense,33,0,0,0
8,49%,0,,5142,0,1,4,Avai,16,0,9,392
0,,0,,4848,0,0,0,  Cruzeiro,24,0,0,  
20,51%,0,,5201,1,4,10,Atletico-MG,22,10,18,344
0,,0,,2952,0,0,0,Avai,25,0,0,0
15,58%,3,93%,8983,0,0,5,Flamengo   ,20,3,6,535
0,,0,,2376,0,0,0,Vitoria,5,0,0,0
,56%,4,86%,7135,0,2,2,  Fluminense,25,0,14,516
0,,0,,3214,0,0,0,Fluminense,13,0,0,0
0,,0,,3277,0,0,0,Ceara,20,0,0,0
9,60%,2,89%,7179,0,1,3,Sao Paulo,30,8,14,551
0,,0,,2678,0,0,0,Botafogo-RJ,36,0,0,0
,53%,5,78%,7321,1,2,9,Chapecoense,6,2,12,366
0,,0,,2813,0,0,0,Sao Paulo,11,0,0,0
4,53%,0,,5208,0,2,5,Atletico-MG,23,5,16,463
20,56%,4,84%,6463,0,3,8,Flamengo,34,0,22,440
11,52%,2,87%,6467,1,2,3,Vitoria,35,0,15,427
0,,0,,1554,0,0,0,Goias,41,0,0,0
0,,0,,1004,0,0,0,PONTE PRETA,38,0,0,0
8,48%,1,88%,6148,0,1,2,  Ceara,3,1,18,401
11,37%,2,,6090,0,6,8,fluminense,35,1,26,299
0,,0,,1377,0,0,0,Coritiba,25,0,0,0
12,41%,1,68%,6655,0,-2,5,Chapecoense,15,2,25,317
7,35%,3,75%,8272,0,2,2,Coritiba,25,3,21,249
0,,0,,847,0,0,0,Botafogo-RJ,25,0,0,0
6,44%,1,77%,6484,0,1,1,  Fluminense,36,2,9,390
10,39%,0,,4991,0,1,2,Athletico-PR,1,1,17,335
0,,0,,2204,0,0,0,SPORT,25,0,0,0
0,,0,,8421,0,0,0,Atletico-MG,2,0,0,0
0,,0,,4513,0,0,0,Atletico-MG,29,0,0,0
14,55%,4,76%,6298,0,1,9,Sao Paulo,20,3,12,413
0,,0,,1645,0,0,0,SAO CAETANO,8,0,0,0
0,,0,,8684,0,0,0,Criciuma,28,0,0,0
0,,0,-,1253,0,0,0,Coritiba,14,0,0,0
0,,0,,3464,0,0,0,Sao Paulo,38,0,0,  
,47%,1,,5814,1,1,5,Coritiba,7,5,16,323
0,,0,,731,0,0,0,palmeiras,15,0,0,0
12,44%,6,73%,8049,1,3,2,Santos,3,0,19,294
21,52%,10,80%,7217,0,3,8,Bragantino,34,2,15,414
0,,0,,4762,0,0,0,Santos,15,0,0,0
20,53%,6,81%,8164,0,3,7,  Fortaleza,14,7,9,415
24,55%,13,87%,7884,0,0,10,Internacional   ,24,0,4,521
12,36%,4,75%,6990,0,1,3,Bragantino,10,0,18,306
0,,0,,8601,0,0,0,Fluminense,20,0,0,0
0, N/A ,0,,1293,0,0,0,corinthians,18,0,0,0
24,60%,9,90%,9126,0,2,7,Botafogo-RJ,34,1,11,471
0,,0,,2874,0,0,0,Fluminense   ,17,0,0,0
  ,,0,,2126,0,0,0,Parana,17,0,0,0
14,40%,3,69%,7584,1,2,7,Chapecoense,30,3,14,302
0,,0,,2637,0,0,0,PORTUGUESA,32,0,0,0
0,,0,,8683,0,0,0,Vitoria,28,0,0,0
17,70% un,8, 92% ,6403,0,1,8,Fluminense   ,28,3,8,618
20,43%,7,89%,6539,0,3,4,Chapecoense,4,1,9,362
12,49%,4,81%,7751,0,6,2,goias,11,1,20,360
-,56%,0,,5632,0,3,5,Sao Paulo,27,5,19,406
11,39%,4,79%,7736,1,1,4,Cuiaba,10,0,10,354
0,,0,,2067,0,0,0,Figueirense,11,0,0,0
3,28%,2,74%,7496,1,0,0,Bahia   ,24,0,18,288
10,33%,2,72%,7556,0,2,2,Santos,29,1,9,305
9,47%,4,,5439,0,2,4,Athletico-PR,8,0,15,449
,40%,0,,5609,0,2,5,Ponte Preta,25,5,16,313
0,,0,,3646,0,0,0,  Vasco,18,0,0,0
0,,0,,1803,0,0,0,Juventude,24,0,0,0
13,44%,4,null,5802,0,1,0,Sao Paulo,6,1,15,386
0,,0,,1777,0,0,0,Cruzeiro,22,0,0,0
7,36%,2,70%,8182,0,3,2,Santos,16,1,23,294
0,,0,,4563,0,0,0,Vitoria,34,0,0,0
8,38%,4,82%,7823,0,3,2,  Coritiba,18,1,15,372
null,,0,,1465,0,0,0,Figueirense,33,0,0,0
16,45%,3,85%,6724,0,3,5,Fortaleza,22,1,15,N/A
0,,0,,533,0,0,0,  Fluminense,45,0,0,0
0,,0,,3068,0,0,0,flamengo,37,0,0,0
8,57%,3,89%,6646,0,3,2,Botafogo-RJ,15,2,13,545
0,,0,,4256,0,0,0,PORTUGUESA,3,0,0,0
0,,0,,886,0,0,0,Guarani,28,0,0,0
-,,0,,167,0,0,0,Fluminense,14,0,0,0
0,,0,,1995,0,0,0,Internacional,5,0,0,0
7,31%,3,,6005,1,5,2,Ponte Preta,26,0,23,241
0,,0,,1311,0,0,0,flamengo,19,0,0,0
0,,0,,1933,0,0,0,Goias,37,0,0,0
0,,0,,3120,0,0,0,Sao Paulo,4,0,0,0
0,,0,,3373,0,0,0,goias,29,0,0,0
9,54%,3,79%,6286,0,5,2,Santos,17,4,19,460
,,0,,4056,0,0,0,Botafogo-RJ,21,0,0,0
7,35%,4,80%,8365,0,1,2,cuiaba,34,2,7,340
17,69%,5,,6073,0,-8,13,Sao Paulo,33,0,8,604
0,,0,,2638,0,0,0,Atletico-MG,32,0,0,0
11,47%,3,79% un,7625,0,0,4,Juventude,36,0,14,
0,,0,,1151,0,0,0,brasiliense,5,0,0,0
0,N/A,0,,2065,0,0,0,Parana,29,0,0,0
0,,0,,4120,0,0,0,PALMEIRAS,28,0,0,0
4, 41% ,1,,5912,0,5,4,Santos,17,0,17,434
0,,0,,2139,0,0,0,Nautico,19,0,0,0
15,55%,5,91%,8800,0,0,6,Bragantino,2,2,12,405
9,53%,0,,5158,1,3,4,Athletico-PR,18,1,16,458
10,54%,2,83%,7533,0,3,4,Santos   ,27,2,11,461
12,65%,6,,5367,0,1,8,PALMEIRAS,1,2,14,577
0,,0,,842,0,0,0,ATHLETICO-PR,25,0,0,0
0,,0,,2375,0,0,0,VASCO,5,0,0,0
5,36%,3,,7714,2,5,6,Juventude,6,0,16,-
0,,0,,1589,0,0,0,Sao Paulo,3,0,0,0
0,,0,,4832,0,0,0,Flamengo,22,0,0,0
0,,0,,2996,0,0,0,Botafogo-RJ,29,0,0,0
,,0,,290,0,0,0,Cruzeiro,25,0,0,0
0,,0,,4536,0,0,0,Nautico,31,0,0,0
0,,0,,168,0,0,0,vasco,15,0,0,0
9,N/A,2,78%,7486,0,2,3,America-MG,23,2,20,322
0,,0,,4423,0,0,0,Vitoria,20,0,0,0
0,,0,N/A,4874,0,0,0,Cruzeiro,26,0,0,0
0,,0,,2293,0,0,0,America-RN,35,0,0,0
8,61% un,0,,5672,0,2,4,Corinthians,31,4,11,609
12,57% un,3,77%,8282,0,4,7,Bragantino,26,0,15,429
0,,0,,3219,0,0,0,Botafogo-RJ,14,0,0,  
0,,0,,4546,0,0,0,Fluminense   ,32,0,0,
0,,0,,339,0,0,0,internacional,29,0,0,0
12,36% un,3,73%,7182,0,1,6,Ceara,30,1,13,290
0,,0,,4718,0,0,0,Figueirense,11,0,0,0
0,,0,,4348,0,0,0,Goias,13,0,0,0
0,,0,,392,0,0,0,Juventude,33,0,0,0
11,41%,6,81% un,7380,0,2,6,Chapecoense,12,1,15,372
13,60%,5,93%,8988,0,2,4,Gremio,21,2,14,451
0,,0,,4734,0,0,0,ATLETICO-MG,12,0,0,
0,,0,,899,0,0,0,Gremio,29,0,0,0
13,60%,4,88%,6766,1,1,8,Gremio,27,0,17,504
0,,0,,2676,0,0,0,Internacional,35,0,0,0
0,,0,,4840,0,0,0,Fluminense,23,0,0,0
0,,0,,4340,0,0,0,Bahia,12,0,0,0
0,,0,,3877,0,0,0,coritiba,4,0,0,0
17,62%,0,,5411,0,2,0,Atletico-MG,5,4,16,593
0,,0,,747,0,0,0,Juventude,17,0,0,0
14,41%,3,79%,8009,0,4,6,Avai,37,2,17,300
,,0,,1584,0,0,0,  Gremio,2,0,0,0
,,0,,2043,0,0,0,Goias,9,0,0,0
11,47%,2,86%,9152,0,2,3,SPORT,36,2,14,253
0,,0,,8712,0,0,0,Internacional,31,0,0,0
0,,0,,2693,0,0,0,Palmeiras,37,0,0,0
0,,0,,2906,0,0,0,Atletico-MG,20,0,0,0
0,,0,null,1430,0,0,0,Vasco,30,0,0,0
17,52%,10,,5812,0,3,3,Chapecoense,7,1,24,363
0,,0,,3808,0,0,0,Internacional,35,0,0,0
0,,0,,978,0,0,0,sao paulo,36,0,0,0
0,,0,,2585,0,0,0,Internacional,26,0,0,0
0,N/A,0,,4469,0,0,0,Gremio,25,0,0,0
0,,0,,4104,0,0,0,Bahia,26,0,0,0
20,52% un,7,80%,7990,0,0,7,America-MG,35,2,9,435
10,34%,4,68%,8096,0,4,5,Gremio,8,2,15,282
7,53%,3,,5813,0,0,6,Corinthians,7,6,9,533
0,,0,,4897,0,0,0,Bahia,30,0,0,0
0,,0,null un,267,0,0,0,  Internacional,23,0,0,0
15,55%,6,84%,8250,0,-8,7,Coritiba,23,5,14,N/A
0,,0,,238,0,0,0,Sao Paulo,20,0,0,0
19,58%,5,-,9164,0,-2,6,Atletico-MG,38,3,11,614
  ,,0,,4746,0,0,0,  Atletico-MG,13,0,0,0
18,43%,7,82%,6480,0,2,9,  Flamengo,36,0,17,387
0,null,0,,1881,0,0,0,Fortaleza,32,0,0,0
0,,0,N/A,2729,0,0,0,Internacional,3,0,0,0
0,,0,,3504,0,0,0,ATLETICO-GO,4,0,0,0
  ,60%,4,,8890,0,2,4,Botafogo-RJ,11,1,16,520
null,57%,4, 83% ,6737,0,2,5,  Goias,24,1,18,446
0,,0,,3326,0,0,0,Vitoria,24,0,0,0
0,,0,,635,0,0,0,Athletico-PR,7,0,0,0
10,31%,5,76%,6740,0,3,4,ceara,24,1,19,293
11,35%,5,80%,7919,0,3,4,atletico-go,28,0,14,330
6,64%,0,,5362,0,1,3,sao paulo,38,0,21,540
0,,0,,4113,0,0,0,CORINTHIANS,27,0,0,null
25,71% un,4,88%,7635,0,4,3,Sport   ,37,0,27,526
0,N/A,0,,1891,0,0,0,Sao Caetano,33,0,0,0
22,-,9,91%,6279,0,1,8,flamengo,16,1,12,547
12,47%,4,79%,6991,0,2,5,Atletico-GO,10,1,20,380
0,,0,N/A,3823,0,0,0,Athletico-PR,36,0,0,0
,,0,,2673,0,0,0,Botafogo-RJ,35,0,0,0
0,,0,,3325,0,0,0,atletico-mg,24,0,0,0
19,53%,0,,5094,0,3,1,Ponte Preta,11,1,12,506
11,37%,4,,5876,0,0,3,Athletico-PR,14,2,11,372
0,,0,,1944,0,0,0,Juventude,38,0,0,0
0,,0,,784,0,0,0,Juventude,20,0,0,0
0,,0,,8580,0,0,0,Atletico-MG,18,0,0,0
0,,0,,3860,0,0,0,Nautico,2,0,0,0
N/A,,0,,2918,0,0,0,Coritiba,22,0,0,0
0,,0,,2258,0,0,0,Fluminense,32,0,0,0
6,29%,2,83%,9080,0,1,5,Fortaleza,30,3,9,107
0,,0,,8645,0,0,0,Vasco,24,0,0,0
,43%,1,,7730,0,3,0,Corinthians   ,9,0,11,435
23,N/A,11,null,5756,0,4,4,coritiba,2,2,17,378
0,,0,,773,0,0,0,Criciuma,19,0,0,0
13,64%,0,,5699,0,1,5,Santos,34,3,19,447
0,  ,0,  ,2955,0,0,0,Goias,25,0,0,0
18,57%,2,86%,8184,0,2,8,Vasco,16,2,19,423
15,55%,8,83%,8027,0,2,1,Fluminense,1,3,9,440
14,41%,1,73%,7598,0,1,5,Atletico-GO,33,1,14,353
8,46%,3,82%,7320,0,2,3,Juventude,6,1,16,408
-,45%,6,78%,8405,0,3,2,Vasco,38,0,8,321
0,,0,,642,0,0,0,Atletico-MG   ,8,0,0,0
17,45%,5,77%,7989,0,2,5,Athletico-PR,35,0,10,366
6,-,0,95%,8923,0,1,5,  Vasco,14,0,9,-
0,,0,,4438,0,0,0,Santos,22,0,0,0
0,,0,,1239,0,0,0,Atletico-MG,13,0,0,0
25,71% un,4,88%,7635,0,4,3,Sport   ,37,0,27,526
12,60%,3,84%,7791,0,0,4,  Avai,15,3,10,562
8,40%,1,,6024,1,2,4,Ponte Preta,27,1,20,301
9,48%,7,  ,8237,0,3,7,Atletico-MG   ,22,1,13,-
5,32% un,1,72%,7242,0,3,4,FORTALEZA,36,0,11,281
0,,0,,2592,0,0,0,Cruzeiro,27,0,0,0
-,59%,6,83%,7425,0,1,9,America-MG,16,3,11,402
0,,0,,1038,0,0,0,GOIAS,41,0,0,0
29,49%,12,82%,7764,0,2,12,Palmeiras,12,2,12,361
9,47% un,4,89%,8964,0,2,4,Internacional,18,0,23,418
0,,0,,2095,0,0,0,Atletico-MG,14,0,0,0
20,52%,6,84%,8076,2,4,10,Bahia,6,0,16,411
11,,6,82%,6909,0,2,4,Atletico-MG,3,2,14,475
0,,0,,1802,0,0,0,Gremio,24,0,0,0
13,61%,4,82%,8087,0,3,6,  Bragantino,7,2,20,453
9,41%,3,76%,7929,0,4,3,Atletico-GO,29,0,13,312
0,,0,,3377,0,0,0,Flamengo,30,0,0,0
0,,0,,2160,0,0,0,BOTAFOGO-RJ,21,0,0,0
8,44%,3,79%,7994,0,1,2,Fortaleza,35,2,16,419
16,61%,5,80%,7384,0,6,4,Santos   ,12,3,15,485
0,,0,,8771,0,0,0,Atletico-GO,37,0,0,0
0,,0,N/A,2069,0,0,0,vasco,11,0,0,0
0,,0,,707,0,0,0,Ponte Preta,13,0,0,0
10,54%,4,86%,7327,0,1,5,Corinthians,7,0,11,535
30,60%,4, 85% ,6629,1,2,16,Avai   ,13,3,12,507
0,,0,,4084,0,0,0,Santos,24,0,0,0
0,,0,,1702,0,0,0,Vasco,14,0,0,0
11,56%,6,75%,7031,0,2,4,SANTOS,15,3,17,402
15,72%,5,93%,9146,0,2,4,Flamengo,36,2,8,678
10,,0,,5244,1,2,11,VASCO,26,2,4,398
10,50%,1,85%,7387,0,1,7,Palmeiras,13,2,13,484
0,  ,0,,3941,0,0,0,Atletico-MG,10,0,0,0
0,,0,,4072,0,0,0,Nautico,23,0,0,-
0,,0,,3966,0,0,0,Palmeiras,12,0,0,0
0,,0,,3187,0,0,0,Atletico-GO,11,0,0,0
14,null,7,86%,6872,0,0,5,Gremio,37,1,11,580
4,54%,2,92%,8797,0,3,1,Corinthians,2,1,19,505
0,,0,,8596,0,0,0,Palmeiras,20,0,0,0
0,,0,,3973,0,0,0,Bahia,13,0,0,0
0,,0,,3046,0,0,0,Goias,34,0,0,0
0,,0,,1994,0,0,0,Sao Paulo,5,0,0,0
12,-,4,75%,6584,0,2,5,atletico-mg,8,1,14,383
16,48%,0,,5028,0,3,2,Ponte Preta,5,3,18,417
  ,,0,,4147,0,0,0,FLUMINENSE,31,0,0,0
0,,0,,1913,0,0,0,Goias,35,0,0,0
15,44%,9,76%,6940,0,2,6,Atletico-GO,11,1,16,359
12,37%,5,  ,7430,0,0,4,Ceara,17,1,13,null
0,,0,,8734,0,0,0,Athletico-PR,33,0,0,N/A
0,-,0,,4284,0,0,0,Sao Paulo,6,0,0,N/A
14,51%,0,,5341,0,1,4,Figueirense,36,3,13,400
0,,0,,78,0,0,0,  Paysandu,7,0,0,0
12,38%,0,,5193,1,1,4,Sport,21,3,6,351
0,,0,,94,0,0,0,  Athletico-PR,8,0,0,0
0,,0,,1791,0,0,0,CORINTHIANS,23,0,0,
0,,0,,1250,0,0,0,Fortaleza,14,0,0,0
12,37%,3,,5949,0,1,5,Avai,21,0,17,309
10,39%,4,71%,8235,0,4,6,  Gremio,21,5,12,340
0,,0,,3572,0,0,0,internacional,10,0,0,0
0,,0,,4916,0,0,0,Goias,31,0,0,0
0,,0,,3989,0,0,0,Portuguesa,15,0,0,0
14,47%,6,90%,8845,0,5,10,  Bragantino,6,2,15,286
0,,0,,1674,0,0,0,Santa Cruz,11,0,0,0
17,53%,7,90%,9152,0,0,9,Santos,36,2,9,N/A
15,56% un,6,86%,7608,0,3,6,Santos,35,3,15,424
9,45%,2,,5841,0,2,9,CORITIBA,10,2,26,333
17,60%,0,,5539,0,2,9,FLAMENGO,18,1,9,533
0,,0,,1955,0,0,0,America-RN,1,0,0,0
0,,0,,1507,0,0,0,Parana,37,0,0,0
11,47%,0,,5421,0,1,5,Botafogo-RJ,6,1,12,441
11,58%,0,,5544,0,1,4,Internacional,18,2,14,  
0,,0,,3460,0,0,0,Goias,38,0,0,0
0,,0,,2774,0,0,0,Santos,7,0,0,0
0,,0,,3927,0,0,0,Corinthians,9,0,0,0
16,48%,3,84%,6477,0,2,5,Botafogo-RJ,36,1,16,419
0,,0,,4372,0,0,0,Sao Paulo,15,0,0,0
0,,0,,4199,0,0,0,Flamengo,36,0,0,0
14,64%,0,,5697,0,3,2,Flamengo,34,0,14,479
18,39%,6,74%,6442,0,1,5,Botafogo-RJ,32,0,25,288
0,,0,,1822,0,0,0,Internacional,26,0,0,0
0,,0,,217,0,0,0,Fortaleza,19,0,0,0
15,42%,2,75%,6834,1,1,4,Chapecoense,34,0,15,360
8,62%,2,92%,9162,0,1,1,Sao Paulo,38,2,18,432
13,39%,3,,6569,0,2,2,CEARA,7,0,14,301
8,49%,3,,5931,0,0,3,  Coritiba,19,0,13,408
12,49%,2,76%,7371,0,1,8,  America-MG,11,3,15,386
,41%,0,,5306,0,1,5,Ponte Preta,32,2,12,409
0,,0,,4903,0,0,0,CORITIBA,30,0,0,0
19,56%,6,87%,6869,0,1,2,Chapecoense,37,1,21,468
0,,0,,1181,0,0,0,Paysandu,7,0,0,
0,,0,,337,0,0,0,Gremio,29,0,0,null
19,63%,3,86%,7482,0,0,5,Santos,22,1,16,534
0,,0,,4962,0,0,0,GOIAS,36,0,0,0
12,,2,80%,8343,0,4,4,  Botafogo-RJ,32,2,13,457
13,39%,8,,6060,0,6,6,Corinthians,32,2,21,250
16,60%,2,,6051,0,1,8,Atletico-MG,31,2,21,469
  ,,0,,1422,0,0,0,SAO PAULO,29,0,0,0
8,43%,1,85%,7379,0,4,4,Gremio,12,0,12,416
15,40%,3,82%,7467,1,1,3,Juventude,21,0,7,341
0,,0,,1407,0,0,0,Cruzeiro,28,0,0,0
,,0,,4830,0,0,0,Criciuma,22,0,0,-
10,43%,2,76%,7666,0,4,6,Palmeiras,4,1,21,347
0,,0,,2561,0,0,0,SPORT,24,0,0,0
  ,,0,,3107,0,0,0,Goias,3,0,0,0
0,,0,,665,0,0,0,Palmeiras,10,0,0,0
0,,0,,3195,0,0,0,Guarani,11,0,0,0
0,,0,,4493,0,0,0,Botafogo-RJ,27,0,0,0
0,,0,,4820,0,0,0,Bahia,21,0,0,0
0,,0,,458,0,0,0,Fluminense,39,0,0,0
23,61%,6,86%,7633,0,3,11,Internacional   ,37,3,14,535
0,,0,,4171,0,0,0,Vasco,33,0,0,0
0,,0,,826,0,0,0,sao caetano,23,0,0,0
7,45%,2,,6647,0,2,0,Internacional,15,4,14,413
15,61%,2,84%,6664,0,2,5,Botafogo-RJ,16,0,13,450
0,,0,,4012,0,0,0,Sao Paulo,17,0,0,0
0,,0,null,2602,0,0,0,Palmeiras,28,0,0,0
11,  ,4,,6018,0,3,6,  Coritiba,27,4,16,389
0,,0,,220,0,0,0,Coritiba   ,19,0,0,0
0,,0,,3334,0,0,0,Athletico-PR,25,0,0,0
15,44%,8,79%,7650,0,4,4,  Corinthians,1,1,18,382
11,34%,3,70%,7040,0,1,4,Fluminense,16,3,9,295
7,48%,0,,5202,0,2,3,Coritiba,22,2,16,414
,51%,7,95%,9082,0,3,4,Gremio,30,1,11,310
0,,0,,1287,0,0,0,Flamengo,17,0,0,0
30,53%,10,,9135,0,1,10,  Atletico-MG,34,0,15,0
0,,0,,2084,0,0,0,  Parana,13,0,0,0
0,,0,,1600,0,0,0,  Gremio,4,0,0,0
10,  ,4,79%,7502,0,2,4,Fortaleza,24,0,16,403
10,36%,5,74%,7007,0,4,4,  Ceara,13,0,20,319
0,,0,,4332,0,0,0,Goias,11,0,0,0
0,,0,,3178,0,0,0,Internacional,10,0,0,0
0,,0,N/A,4154,0,-5,0,VASCO,31,0,0,0
0,,0,,2821,0,0,0,Athletico-PR,12,0,0,0
0,,0,,4101,0,0,0,Cruzeiro,26,0,0,0
7,31%,2,70%,8183,0,5,1,Goias,16,2,21,260
0,,0,,3114,0,0,0,cruzeiro,3,0,0,0
,51%,8,null,8901,0,2,3,  Vasco,12,1,14,412
14,41%,2,77%,8396,0,2,8,Goias,38,3,12,358
17,58%,7,84%,7962,0,0,5,Fluminense,32,1,15,565
14,33%,3,68%,8038,0,3,4,Cuiaba,2,3,17,
4,39%,1,83%,6249,0,2,2,Atletico-MG,13,1,19,-
0,,0,,8411,0,0,0,Athletico-PR,1,0,0,0
0,,0,,2750,0,0,0,Vitoria,5,0,0,0
0,,0,,4649,0,0,0,Fluminense,5,0,0,0
0,  ,0,,3299,0,0,0,Goias,22,0,0,0
9,52%,4,89%,9074,0,1,4,Fluminense,29,0,16,452
0,,0,,2515,0,0,0,Santos,19,0,0,0
0,,0,,140,0,0,0,Goias,12,0,0,0
0,,0,,1789,0,0,0,Palmeiras,23,0,0,0
15,49%,4,80%,6271,0,2,5,Vitoria,15,1,17,439
0,,0,,3902,0,0,0,Figueirense,6,0,0,0
6,46%,3,74%,6300,0,2,4,America-MG,20,2,21,422
12,null,0,,5702,0,0,2,Internacional,34,1,19,347
0,,0,N/A,822,0,0,0,  Figueirense,23,0,0,0
0,,0,,945,0,0,0,Juventude,33,0,0,0
14, 57% ,4,81%,6333,0,2,5,Internacional,21,1,14,495
17,59% un,2,N/A,6057,0,4,5,Fluminense,32,1,16,493
9,66%,1,,6287,0,-10,1,Flamengo,17,2,17,607
0,,0,,1800,0,0,0,Palmeiras,24,0,0,0
0,-,0,,1499,0,0,0,Parana,36,0,0,N/A
0,,0,,2252,0,0,0,Fluminense,31,0,0,0
14,51%,6,81%,8129,0,4,5,Atletico-MG,11,0,19,427
10,56%,4,81%,6314,0,1,5,Palmeiras,18,3,17,453
0,,0,,1597,0,0,0,santa cruz,4,0,0,0
0,,0,,4940,0,0,0,corinthians,35,0,0,0
21,63%,0,,5332,0,3,9,Gremio,35,3,20,499
0,,0,,3758,0,0,0,  Figueirense,30,0,0,0
17, 47% ,7,88%,9142,0,3,9,Cruzeiro,35,1,18,
12,62%,5,92%,9070,0,3,7,Sao Paulo,29,5,14,519
0,,0,,3490,0,0,0,ATLETICO-GO,3,0,0,0
0,,0,-,287,0,0,0,Guarani,24,0,0,0
0,,0,,4744,0,0,0,Santos,13,0,0,0
0,,0,,677,0,0,0,Vasco,11,0,0,0
0,,0,,1952,0,0,0,Parana,1,0,0,0
0,-,0,,8479,0,0,0,Bragantino,8,0,0,0
8,58%,3,,6070,0,2,6,Santos,33,2,14,466
0,,0,,2089,0,0,0,Nautico,14,0,0,0
-,,0,,3807,0,0,0,America-MG,35,0,0,0
14,,5,,5829,0,1,5,Avai,9,1,19,423
0,,0,,256,0,0,0,Ponte Preta,22,0,0,0
N/A,,0,,1440,0,0,0,  Figueirense,31,0,0,0
0,,0,,3653,0,0,0,internacional,19,0,0,0
0,,0,,717,0,0,0,Palmeiras,14,0,0,0
0,,0,,2278,0,0,0,Fluminense,34,0,0,0
0,,0,,4763,0,0,0,chapecoense,15,0,0,0
0,,0,,8764,0,0,0,Athletico-PR,36,0,0,0
0,,0,,4797,0,0,0,Vitoria,19,0,0,0
3,47%,1,85%,6499,0,4,5,Corinthians,38,0,15,507
0,,0,,4412,0,0,0,Flamengo,19,0,0,0
0,null,0,,1686,0,0,0,Flamengo,12,0,0,0
0,,0,,2196,0,0,0,Fluminense,24,0,0,0
11,33%,5,73%,6548,1,3,2,Atletico-MG,5,0,11,255
8,52%,3,,6470,0,1,6,Santos,35,2,14,-
0,,0,,3039,0,0,0,Cruzeiro,34,0,0,0
,,0,,306,0,0,0,Criciuma,26,0,0,0
0,,0,,3352,0,0,0,Cruzeiro,27,0,0,0
13,52%,3,N/A,6565,0,4,3,Avai,6,2,21,417
12,53%,3,,5439,0,0,4,Ponte Preta,8,2,9,498
11,61%,4,89%,9155,0,3,7,corinthians,36,2,14,391
14,59%,4,null,7848,0,1,8,Corinthians,21,2,12,522
11,52%,5,77%,6305,0,3,4,Athletico-PR,20,0,18,349
9,43%,3,  ,7121,0,4,3,  Coritiba,24,2,17,334
13,65%,7,90%,8025,0,1,4,Sao Paulo,38,0,14,591
0,,0,,8746,0,0,0,Cuiaba,35,0,0,0
18,62%,8,88%,6966,0,1,11,Flamengo,8,3,12,517
0,,0,,1725,0,0,0,Goias,16,0,0,0
11,58%,3,91%,8834,0,3,9,Cruzeiro,5,1,12,464
0,,0,,2401,0,0,0,Figueirense,8,0,0,0
16,63%,7,89%,7017,0,0,8,  Flamengo,14,1,14,572
25,56%,13,81%,6897,0,0,8,Atletico-MG,2,3,19,515
14, 49% ,0,,5138,0,0,3,Atletico-MG   ,16,2,6,521
0,,0,,3253,0,0,0,  Atletico-MG,17,0,0,0
0,,0,,8686,0,0,0,Criciuma,29,0,0,0
13,42%,6,72%,7305,0,2,3,Flamengo,4,0,15,311
11,51%,0,,5624,0,1,5,Santa Cruz,26,2,11,458
0,,0,N/A,3909,0,0,0,Ponte Preta,7,0,0,0
0,,0,,1973,0,0,0,vasco,3,0,0,0
0,,0,,4227,0,0,0,Vitoria,1,0,0,0
0,,0,null,2167,0,0,0,Cruzeiro,22,0,0,0
0,,0,,1463,0,0,0,Juventude,33,0,0,0
0,,0,,1753,0,0,0,SAO CAETANO,19,0,0,0
0,,0,,2971,0,0,0,SANTOS,27,0,0,0
0,,0,,2331,0,0,0,Vasco   ,1,0,0,0
12,42%,6,74%,6699,0,4,2,Gremio,20,0,15,346
0,,0,,8554,0,0,0,Bahia,15,0,0,0
,,0,,2781,0,0,0,Botafogo-RJ,8,0,0,0
10,41%,0,,5060,1,4,6,Santos,8,4,19,351
6,55%,2,84%,6724,0,2,1,Botafogo-RJ,22,1,12,502
0,,0,,227,0,0,0,Athletico-PR,19,0,0,0
11,33%,5,73%,7350,0,1,5,Fluminense,9,2,15,282
-,,0,,4303,0,0,0,BAHIA,8,0,0,0
0,,0,,3189,0,0,0,Vitoria,11,0,0,0
0,,0,,3683,0,0,0,Fluminense,22,0,0,0
0,,0,,3444,0,0,0,Cruzeiro,36,0,0,0
11,39%,4,81%,7633,0,2,3,Atletico-GO,37,0,9,365
0,,0,,8644,0,0,0,Flamengo,24,0,0,0
11,65%,4,81%,6626,1,0,4,Fortaleza,13,2,16,N/A
null,-,2,84%,7153,0,0,8,bragantino,27,1,6,486
0,,0,,2756,0,0,0,Botafogo-RJ,5,0,0,0
0,,0,,564,0,0,0,Athletico-PR,1,0,0,0
0,,0,,8552,0,0,0,Vitoria,15,0,0,0
0,,0,,2215,0,0,0,Flamengo,26,0,0,0
0,,0,,900,0,0,0,Ponte Preta,29,0,0,0
10,29%,3,,6788,0,3,2,Chapecoense,29,0,10,207
8,35%,3,69%,7077,1,0,2,goias,20,1,19,272
0,,0,,4751,0,0,0,Corinthians,14,0,0,0
0,,0,,3760,0,0,0,Gremio,30,0,0,0
0,,0,,253,0,0,0,SANTOS,22,0,0,0
0,,0,,2508,0,0,0,Sao Paulo,19,0,0,0
0,,0,,2972,0,0,0,  Sport,27,0,0,0
11,46%,1,80%,8215,0,3,3,Cuiaba,19,1,12,358
0,,0,,1721,0,0,0,Botafogo-RJ,16,0,0,0
0,,0,,4534,0,0,0,coritiba,31,0,0,0
10,40% un,2,74%,6979,0,2,1,Bragantino,9,2,18,341
0,,0,,6750,0,0,0,Flamengo   ,25,0,0,0
,,0,,2204,0,0,0,America-RN,25,0,0,0
0,,0,,2157,0,0,0,  Cruzeiro,21,0,0,0
0,,0,,4176,0,0,0,Atletico-MG,33,0,0,0
0,,0,,4620,0,0,0,Vitoria,2,0,0,N/A
0,null,0,,3337,0,0,0,Vasco,26,0,0,0
8,27%,3,,5861,1,4,5,Avai,12,1,17,257
13,40%,3,76%,7791,0,0,4,Cuiaba,15,2,12,374
0,,0,,1631,0,0,0,Sao Caetano,7,0,0,0
0,,0,,878,0,0,0,coritiba,28,0,0,0
0,,0,,3856,0,0,0,Gremio,1,0,0,0
0,,0,,4409,0,0,0,Goias,19,0,0,0
14,52%,6,82%,7938,1,3,7,Ceara,30,1,19,339
8,48% un,2,,5480,0,2,3,Athletico-PR,12,2,16,336
17,74%,10,90%,7818,0,0,3,FLUMINENSE,18,0,9,603
0,,0,,2536,0,0,0,Gremio,21,0,0,0
22,64%,0,,5114,0,2,11,Cruzeiro,13,0,17,537
0,,0,,1475,0,0,0,Fluminense   ,34,0,0,0
0,,0,,1432,0,0,0,flamengo,30,0,0,0
0,,0,,4045,0,0,0,Flamengo,20,0,0,0
0,,0,,8755,0,0,0,cruzeiro,35,0,0,0
0,,0,,4198,0,0,0,Coritiba,36,0,0,0
0,,0,,88,0,0,0,Criciuma,8,0,0,0
8,41%,4,74%,7510,0,2,2,Bahia,25,0,9,347
10,53%,3,87%,6499,0,2,7,Gremio,38,1,11,560
9,51%,5,N/A,7092,0,2,3,PALMEIRAS,21,3,15,455
7,39%,4,75%,6968,2,4,5,Santos,8,3,16,
0,,0,,4288,0,0,0,Fluminense,7,0,0,0
0,,0,,2053,0,0,0,Internacional,10,0,0,0
0,,0,,756,0,0,0,Santos,17,0,0,0
0,,0,,841,0,0,0,Gremio,25,0,0,0
10,53%,0,,5507,0,4,1,Flamengo,15,1,22,442
0,,0,,1972,0,0,0,Sport,3,0,0,0
0,,0,,4023,0,0,0,Gremio,18,0,0,0
14,41%,5,,6042,0,4,3,Atletico-MG,30,1,14,  
11,44%,0,,5109,0,1,4,Ponte Preta,13,2,13,406
-,,0,,4251,0,0,0,Goias,3,0,0,0
10,29%,5,-,9163,0,4,2,Fortaleza   ,38,3,8,199
0,,0,,8719,0,0,0,Athletico-PR,32,0,0,0
0,,0,,240,0,0,0,Gremio,20,0,0,0
16,67%,0,,5035,0,2,7,sport,5,4,11,597
N/A,,0,-,2789,0,0,0,Flamengo   ,9,0,0,0
0,,0,,924,0,0,0,Coritiba   ,31,0,0,0
19,69%,4,88%,6576,0,2,10,Internacional,8,5,16,635
11,67%,1,81%,6927,0,2,5,Atletico-MG   ,5,1,21,null
N/A,,0,,8719,0,0,0,Vitoria,32,0,0,0
7,45%,0,86%,7654,0,3,5,Athletico-PR,1,2,14,435
24,69%,9,83%,6846,0,2,11,Internacional,35,3,22,562
0,  ,0,,3141,0,0,0,Santos,6,0,0,0
20,60%,5,,8818,0,3,9,Sport,4,4,10,
0,,0,,665,0,0,0,Sao Caetano   ,10,0,0,0
0,,0,,8452,0,0,0,palmeiras,5,0,0,0
0,,0,,1710,0,0,0,flamengo,15,0,0,0
0,,0,,6617,0,0,0,Athletico-PR,12,0,0,0
,,0,,4816,0,0,0,Bahia,20,0,0,0
0,,0,,3592,0,0,0,atletico-go,13,0,0,0
0,,0,,841,0,0,0,Gremio,25,0,0,0
0,,0,,727,0,0,0,Ponte Preta,15,0,0,0
0,,0,,388,0,0,0,Cruzeiro   ,33,0,0,0
0,,0,,1055,0,0,0,Internacional,42,0,0,0
9,42%,2,77%,7202,0,0,3,Bahia,32,1,8,335
0,,0,,3563,0,0,0,PALMEIRAS,12,0,0,0
7,44%,0,,5456,0,2,1,Cruzeiro,9,2,16,453
0,,0,,683,0,0,0,cruzeiro,11,0,0,0
0,,0,,3906,0,0,0,SPORT,6,0,0,0
0,   un,0,,4445,0,0,0,Internacional,22,0,0,0
21,45%,8,88%,6983,0,2,6,Palmeiras,9,2,16,437
0,,0,,8566,0,0,0,Bahia,17,0,0,0
0,,0,,4017,0,0,0,Nautico,18,0,0,0
0,,0,,4093,0,0,0,Bahia,25,0,0,0
0,,0,,150,0,0,0,Juventude   ,13,0,0,0
0,,0,,554,0,0,0,  Internacional,1,0,0,0
0,,0,,426,0,0,0,Sao Paulo,36,0,0,0
11,40%,5,69%,7117,1,3,7,  Palmeiras,24,0,16,263
11,61%,4,89%,9155,0,3,7,corinthians,36,2,14,391
0,,0,,3722,0,0,0,Bahia,26,0,0,0
12,59%,0,,5121,0,2,2,Coritiba,14,0,18,523
0,,0,,1124,0,0,0,Corinthians,2,0,0,0
13,58%,4,,6101,0,2,5,Vasco,36,0,8,-
13, 46% ,6,80%,7416,0,4,9,Juventude,16,2,14,379
null,null,0,,1516,0,0,0,Athletico-PR,38,0,0,0
0,,0,,805,0,0,0,fluminense,22,0,0,0
N/A,,0,,4955,0,0,0,Sao Paulo   ,34,0,0,0
0,N/A,0,,4487,0,0,0,santos,27,0,0,0
0,,0,,5,0,0,0,Internacional,1,0,0,0
0,,0,,3791,0,0,0,America-MG,33,0,0,0
0,N/A,0,,4416,0,0,0,Athletico-PR,19,0,0,0
0,,0,,2032,0,0,0,Atletico-MG   ,8,0,0,0
14,55%,0,,5288,0,3,3,Figueirense,31,2,16,348
14,  ,5,85%,6268,0,2,4,Cruzeiro,15,2,10,570
11,51%,6,,5751,0,0,4,Ponte Preta,1,2,13,456
0,,0,,2969,0,-5,0,Corinthians,27,0,0,0
12,47%,4,84%,6316,1,2,4,Sport,19,1,21,409
0,,0,,4466,0,0,0,Cruzeiro   ,24,0,0,0
0,,0,,2551,0,0,0,Sport,23,0,0,0
13,60%,4,86% un,8125,0,3,7,Fluminense,10,1,23,475
14,60%,6,87%,7518,0,2,4,Atletico-MG,26,0,10,500
0,,0,,1549,0,0,0,INTERNACIONAL,41,0,0,0
0,,0,,8629,0,0,0,Corinthians,23,0,0,0
12,45%,0,,5139,0,3,4,Fluminense,16,3,16,399
N/A,,0,,2394,0,0,0,Athletico-PR,7,0,0,  
8,37%,0,,5292,0,2,1,Internacional,31,0,24,286
null,48%,2,87%,8386,1,2,5,Corinthians,37,2,4,491
0,,0,,4774,0,0,0,Internacional,16,0,0,0
0,,0,,3438,0,0,0,Guarani,36,0,0,0
19,61%,7,  ,7935,0,2,5,Sao Paulo,29,5,12,554
0,,0,,4459,0,0,0,Ponte Preta,24,0,0,0
0,,0,,1829,0,0,0,parana,27,0,0,0
0,,0,,1854,0,0,0,PONTE PRETA,29,0,0,0
0,,0,,597,0,0,0,juventude,4,0,0,0
8,44%,1,80%,7596,0,1,3,Athletico-PR,33,0,15,408
0,,0,,4073,0,0,0,Bahia   ,23,0,0,0
0,,0,,3813,0,0,0,Corinthians,35,0,0,0
10,57%,2,91%,9102,1,3,5,Flamengo,32,1,17,389
0,,0,,4807,0,0,0,  Athletico-PR,20,0,0,0
null,65%,2,72%,7326,0,1,10,Flamengo,7,1,12,510
16,56%,6,,5796,0,4,6,Palmeiras,6,3,24,419
13,40%,6,72%,7332,0,2,5,America-MG,7,1,16,309
19,56%,7,81%,6687,0,2,7,Chapecoense,19,0,14,400
  ,,3,73%,6206,0,3,3,Sport,9,2,14,396
0,,0,,8638,0,0,0,fluminense,24,0,0,0
8,49%,3,82%,7960,0,1,4,Atletico-GO,32,1,19,472
0,,0,,2857,0,0,0,Palmeiras,16,0,0,0
0,,0,-,3271,0,0,0,Guarani,19,0,0,0
0,,0,,3210,0,0,0,Palmeiras,13,0,0,null
23,61%,5,89%,6249,0,1,5,Gremio,13,1,10,648
0,,0,,4280,0,0,0,Portuguesa,6,0,0,0
0,,0,,2959,0,0,0,Internacional,26,0,0,0
8,55%,1,87%,8958,0,1,6,Fluminense,18,0,11,391
14,61%,3,79%,7505,0,2,9,SAO PAULO,24,3,19,431
0,,0,,3937,0,0,0,santos,10,0,0,0
null,,0,,3293,0,0,0,Cruzeiro,21,0,0,0
11,52%,2,82%,8024,0,3,5,Palmeiras,38,2,17,306
15,53%,5,,5781,0,2,7,  Palmeiras,4,1,20,398
11,54%,0,,5555,0,4,6,Corinthians   ,19,2,15,485
0,,0,,1243,0,0,0,Figueirense,13,0,0,0
19,N/A,7,87%,7435,0,3,6,Atletico-MG,17,1,16,602
13,40%,5,75%,6563,0,3,3,Corinthians,6,1,16,296
0,,0,,4719,0,0,0,Bahia,11,0,0,0
10,45%,3,85%,9022,0,6,8,Sport,24,3,17,229
0,,0,,3097,0,0,0,Fluminense,2,0,0,0
0,,0,,905,0,0,0,Fluminense,30,0,0,0
0,,0,N/A,3777,0,0,0,Athletico-PR,32,0,0,0
17,59%,0,,5306,0,2,6,ATLETICO-MG,32,0,15,552
11,41%,4,81%,7462,0,2,4,Flamengo,20,1,15,379
0,,0,,131,0,0,0,Vitoria,11,0,0,  
11,58%,3,82%,7501,0,3,4,Flamengo,24,1,20,441
9,35%,6,74%,6272,0,5,3,Sao Paulo,15,0,19,302
0,,0,,8753,0,0,0,Fluminense,35,0,0,0
14,44%,7,74%,7703,0,3,8,Sao Paulo,7,2,12,414
0,,0,,3373,0,0,0,goias,29,0,0,0
0,,0,,786,0,0,0,Sao Caetano,20,0,0,0
12,42%,4,78%,7194,0,0,1,Ceara,31,0,11,385
11,45%,3,82%,7168,0,2,5,Gremio,29,1,12,366
14, 66% ,0,,5316,0,3,5,Internacional,33,2,12,520
18,64%,3,91%,8913,0,3,8,Sport,13,2,16,484
15,47%,0,,5481,0,4,8,Chapecoense,12,2,19,339
0,,0,,2279,0,0,0,Atletico-MG,34,0,0,0
8,51%,1, 79% ,6202,0,3,3,Cruzeiro,8,3,26,439
0,,0,,686,0,0,0,Ponte  Preta,12,0,0,0
0,,0,,1546,0,0,0,Brasiliense,41,0,0,0
0,,0,,2520,0,0,0,Gremio,20,0,0,0
9,48%,4,82%,7244,0,1,0,Fluminense,36,0,8,429
0,,0,,3553,0,0,0,atletico-go,9,0,0,0
,63%,3,86%,7026,0,5,5,FLAMENGO,15,2,25,571
15,42%,1,81%,8054,1,0,11,Goias,3,4,10,N/A
13,37%,6,70%,6803,0,0,8,Botafogo-RJ,30,0,8,
24,47%,7,78%,8288,0,1,12,America-MG,27,4,6,380
0,,0,,2795,0,0,0,Nautico,9,0,0,0
0,,0,,4277,0,0,0,Athletico-PR,6,0,0,0
15,  ,4,82%,6913,0,2,9,sport,3,2,15,509
0,,0,,4664,0,0,0,Palmeiras,6,0,0,0
0,,0,,2757,0,0,0,Santo Andre,6,0,0,0
0,,0,,4008,0,0,0,Cruzeiro,17,0,0,0
21,65%,6,87%,6954,0,1,9,Atletico-MG,6,1,8,
0,,0,,2977,0,0,0,Sport,28,0,0,0
0,,0,,2947,0,0,0,Athletico-PR,25,0,0,0
0,,0,,2944,0,0,0,Gremio,24,0,0,0
0,,0,,8695,0,0,0,Vasco,29,0,0,0
13,42%,0,,5720,0,0,5,Athletico-PR,36,0,11,374
6,-,3,78%,7591,1,1,1,Sao Paulo,32,0,6,375
0,,0,,4956,0,0,0,atletico-mg,34,0,0,0
0,,0,,3453,0,0,0,atletico-mg,37,0,0,0
null,,0,,989,0,0,0,BOTAFOGO-RJ,37,0,0,0
6,-,0,,5538,0,3,3,AMERICA-MG,18,0,22,224
0,,0,,722,0,0,0,Criciuma,15,0,0,0
13, 62% ,6,87%,7628,0,1,5,Atletico-MG,37,1,5,580
0,null,0,,3740,0,0,0,Atletico-MG,28,0,0,0
0,,0,null un,1156,0,0,0,Sao Paulo,5,0,0,0
11,63%,6,,6115,0,3,8,Palmeiras,37,0,19,N/A
0,,0,,884,0,0,0,Santos   ,28,0,0,0
13,57%,4,87%,7362,0,4,4,Atletico-GO,10,0,16,null
0,,0,null,4690,0,0,0,Gremio,9,0,0,0
0,,0,,4751,0,0,0,Corinthians,14,0,0,0
0,,0,,745,0,0,0,gremio,17,0,0,0
-,,0,,2461,0,0,0,Palmeiras,13,0,0,0
7,N/A,1,73%,7470,0,2,4,Santos,21,0,13,390
5,44%,1,75%,7959,2,3,3,Sao Paulo,32,0,14,305
9,70%,2,,5939,0,1,8,Sport,20,2,14,681
0,,0,,3390,0,0,0,Sao  Paulo,31,0,0,0
0,-,0,,3083,0,0,0,Cruzeiro,38,0,0,0
0,,0,,3681,0,0,0,Atletico-GO,22,0,0,0
27,53%,2,80%,7834,0,4,7,  Fortaleza,19,3,11,381
0,,0,,4522,0,0,0,Goias   ,30,0,0,0
9,49%,6,90%,8819,0,2,2,Mirassol,4,1,12,324
0,,0,,2320,0,0,0,Atletico-MG,38,0,0,0
14,62%,4,88%,6633,0,3,6,Cruzeiro,13,2,13,595
7,55%,0,,5250,0,1,8,Joinville,27,0,12,437
9,42%,1,73%,6411,1,3,4,SAO PAULO,29,1,23,289
18,51%,4,72%,6462,0,1,10,Chapecoense,34,1,12,349
0,,0,N/A,828,0,0,0,Fluminense,23,0,0,
16,58%,0,,5065,0,1,9,Sao Paulo,8,9,14,414
0,,0,,1442,0,0,0,Sao Paulo,31,0,0,0
0,,0,,2716,0,0,0,Goias,1,0,0,0
0,,0,,3676,0,0,0,Santos,21,0,0,0
-,,0,,1092,0,0,0,Ponte Preta,45,0,0,0
20,35% un,5,76%,8241,0,3,7,Fortaleza,22,2,16,293
0,,0,,4245,0,0,0,Atletico-MG,2,0,0,0
0,,0,,495,0,0,0,Criciuma   ,42,0,0,0
0,-,0,,8519,0,0,0,  Cuiaba,12,0,0,0
19,52%,3,88%,9027,0,1,9,Cruzeiro,25,1,13,365
6,48%,2,82%,8249,0,2,3,Corinthians,23,1,17,439
12,54%,3,81%,7396,1,3,7,Sao Paulo,14,2,20,403
,,0,,2407,0,0,0,Sport,9,0,0,0
0,  ,0,,1064,0,0,0,Ponte  Preta,43,0,0,0
11,60%,2, 84% ,7803,0,1,7,Atletico-MG,16,2,12,496
16,49%,5,,5817,0,4,4,Vasco,8,0,20,399
0,,0,,506,0,0,0,  Atletico-MG,43,0,0,0
18,43%,0,,5554,0,1,3,Chapecoense,19,3,12,379
0,,0,,1045,0,0,0,Figueirense,42,0,0,0
18, 57% ,4,84% un,7047,0,5,9,Coritiba,17,1,18,442
0,,0,,489,0,0,0,Ponte Preta,41,0,0,0
0,,0,,3690,0,0,0,Vasco,23,0,0,0
13,68%,6,90%,7242,0,0,3,Palmeiras,36,4,16,
12,54%,2,83%,6322,0,2,3,Cruzeiro,19,3,14,535
0,,0,,2418,0,0,0,atletico-mg,11,0,0,0
0,,0,,4309,0,0,0,Ponte  Preta,9,0,0,0
0,,0,N/A,2634,0,0,0,Athletico-PR,31,0,0,0
0,,0,,3043,0,0,0,Santo Andre,34,0,0,0
22,69%,6,,6838,0,1,10,Gremio,33,3,9,559
0,,0,,625,0,0,0,Figueirense,7,0,0,0
0,,0,,4647,0,0,0,Botafogo-RJ,5,0,0,0
0,,0,,1038,0,0,0,GOIAS,41,0,0,0
0,,0,,8576,0,0,0,Flamengo,18,0,0,0
0,,0,,3510,0,0,0,Gremio,5,0,0,0
11,45%,2,77%,6430,0,3,5,Bahia,31,0,15,363
14,53%,4,81%,8124,0,0,3,Flamengo,10,1,20,501
0,,0,,1646,0,0,0,Sao Paulo,8,0,0,0
0,,0,,458,0,0,0,Bahia,39,0,0,0
,,0,,3227,0,0,0,Gremio Prudente,15,0,0,0
0,,0,,2933,0,0,0,Goias,23,0,0,0
29,61%,0,,5523,0,1,12,Cruzeiro,16,2,15,442
16,51%,2,,5886,0,3,7,Vitoria,15,1,18,464
0,,0,,3829,0,0,0,SAO PAULO,37,0,0,0
8,62%,1,,5862,0,4,9,Palmeiras,12,3,15,484
0,,0,,4904,0,0,0,Chapecoense,30,0,0,0
0,,0,,2859,0,0,0,Nautico,16,0,0,0
0,,0,,8573,0,0,0,Vitoria,17,0,0,0
12,55%,4,89%,7594,0,3,6,Chapecoense,32,2,15,473
0,,0,,3957,0,0,0,Internacional,12,0,0,0
16,47%,5,null,5221,0,4,7,Fluminense,24,2,24,376
0,,0,,2380,0,0,0,Sao Paulo,6,0,0,0
18,48%,11,93%,8856,0,3,5,FORTALEZA,8,0,13,280
6,51%,2,88%,8871,1,3,1,Bahia   ,9,0,13,309
0,,0,,1694,0,0,0,juventude,13,0,0,
-,46%,5,87%,8397,0,2,5,Botafogo-RJ,38,3,10,473
5,41%,2,83%,6949,1,2,4,Bragantino,6,1,10,395
2,39%,0,80%,7547,0,2,1,Juventude,34,0,13,387
9,49%,0,,5267,1,2,4,Sport,29,1,11,382
0,,0,,1907,0,0,0,Santos,35,0,0,0
0,,0,,399,0,0,0,Ponte Preta,34,0,0,0
7,null,0,,5728,1,4,10,Ponte Preta,37,1,17,258
0,,0,,8491,0,0,0,Vasco,9,0,0,0
0,,0,,4684,0,0,0,ATLETICO-MG,8,0,0,0
0,,0,,1317,0,-3,0,Corinthians,20,0,0,0
0,,0,,8481,0,0,0,Criciuma,8,0,0,0
14,43%,0,,5135,0,2,11,Goias,15,0,11,
0,,0,,875,0,0,0,ponte preta,27,0,0,0
10,48%,0,,5214,0,4,1,Coritiba   ,23,3,22,365
9,52%,3,82%,7553,0,2,1,America-MG,34,0,17,415
0,,0,,2656,0,0,0,Internacional,33,0,0,0
0,,0,,562,0,0,0,Vasco,1,0,0,0
0,,0,,1551,0,0,0,Fluminense,41,0,0,0
0,,0,,31,0,0,0,Sao Caetano,4,0,0,0
5, 49% ,0,,5416,0,3,2,Vitoria,5,1,18,384
0,,0,,8653,0,0,0,PALMEIRAS,25,0,0,0
16,47% un,7,81%,6771,0,3,10,Flamengo,27,0,23,364
9,58%,2,85%,8293,0,2,3,Flamengo,27,1,11,513
0,,0,,1550,0,0,0,parana,41,0,0,  
9,32%,0,,5026,0,3,5,Figueirense,4,2,17,266
0,,0,,4976,0,0,0,Gremio,37,0,0,0
23,58%,4,,5775,1,1,6,Chapecoense,3,3,16,519
11,55%,6,90%,9159,0,0,4,  Corinthians,38,3,15,443
15,42%,6,72%,7330,0,4,5,Fortaleza,7,3,12,301
0,,0,,4776,0,0,0,Gremio,16,0,0,0
16,33% un,7,80%,7941,0,2,3,Internacional,30,2,8,338
14,45%,6,77%,6573,0,5,5,Palmeiras,7,0,21,356
9,57%,0,,5484,0,2,8,Santa Cruz,12,4,15,453
10,53%,3,,5814,1,4,6,Bahia,7,2,14,367
null,,0,,8781,0,0,0,Atletico-MG,38,0,0,0
N/A,,0,null,6690,0,0,0,Avai,19,0,0,0
10,35%,6,,5928,0,2,0,Vitoria,19,1,21,286
0,-,0,,2560,0,0,0,Atletico-MG,24,0,0,0
0,,0,,1116,0,0,0,Sao Caetano,2,0,0,0
26,null,10,89%,6763,0,3,8,Internacional,26,2,16,675
0,,0,,1527,0,0,0,Corinthians,39,0,0,0
0,null,0,,4864,0,0,0,Figueirense,25,0,0,0
0,,0,,3037,0,0,0,Gremio,34,0,0,0
5,34%,1,78%,6850,1,1,3,Ceara,35,1,10,287
0,,0,,3975,0,0,0,Santos,13,0,0,null
,,0,,797,0,0,0,Atletico-MG   ,21,0,0,0
0,,0,N/A,2428,0,0,0,Portuguesa,10,0,0,0
0,null,0,,2853,0,0,0,Palmeiras,15,0,0,0
7,57%,2,85%,6396,0,1,4,Internacional,28,0,10,null
0,,0,,2834,0,0,0,Fluminense,13,0,0,0
0,,0,,3796,0,0,0,Palmeiras,33,0,0,  
,,0,,1611,0,0,0,Internacional,5,0,0,0
19,38%,4,71%,7440,0,1,9,America-MG,18,2,19,
0,,0,,4452,0,0,0,  Botafogo-RJ,23,0,0,N/A
0,,0,,1776,0,0,0,Ponte Preta,21,0,0,0
16,44%,4,76%,6564,0,3,3,CSA   ,6,1,19,334
0,,0,,1204,0,0,0,PAYSANDU,10,0,0,0
8,58%,1,88%,6603,0,0,3,Botafogo-RJ   ,10,0,8,640
0,,0,,2845,0,0,0,VITORIA,14,0,0,0
0,,0,,1685,0,0,0,Internacional,12,0,0,0
0,,0,,3990,0,0,0,corinthians,15,0,0,0
0,,0,,3273,0,0,0,Athletico-PR,19,0,0,0
9,37%,2,75%,7683,0,2,2,ATLETICO-GO,3,2,11,320
0,,0,,355,0,0,0,Internacional,30,0,0,0
0,,0,,811,0,0,0,Internacional,22,0,0,0
0,,0,,3661,0,0,0,Cruzeiro,20,0,0,0
0,,0,,4720,0,0,0,Botafogo-RJ,11,0,0,0
11,42%,6,79%,6860,0,4,6,Fortaleza,36,1,15,334
0,,0,,8777,0,0,0,JUVENTUDE,38,0,0,0
0,,0,,220,0,0,0,Fluminense,19,0,0,0
0,,0,,1269,0,0,0,Parana,15,0,0,0
0,,0,,3100,0,0,0,Ceara,2,0,0,0
0,,0,,2431,0,0,0,Atletico-MG,10,0,0,0
0,,0,,4884,0,0,0,Bahia,27,0,0,0
0,,0,-,2706,0,0,0,sao paulo,38,0,0,0
0,,0,,3095,0,0,0,goias,1,0,0,0
0,,0,,1429,0,0,0,Fortaleza,30,0,0,0
0,,0,,1102,0,0,0,Juventude,46,0,0,0
0,,0,N/A,1723,0,0,0,Cruzeiro,16,0,0,null
0,,0,,6765,0,0,0,Athletico-PR,26,0,0,0
12,39%,3,73%,7775,0,3,3,Sao Paulo   ,13,1,17,287
,,0,,258,0,0,0,Sao Paulo,22,0,0,0
-,,0,,2154,0,0,0,Botafogo-RJ,20,0,0,0
13,47%,6,85%,7018,0,4,4,Bahia,14,0,18,454
17,61%,4,92%,8951,0,0,10,Cruzeiro   ,17,0,6,406
10,55%,4,91%,9016,1,2,6,Fluminense   ,24,1,14,380
0,,0,,8511,0,0,0,corinthians,11,0,0,0
0,,0,,3479,0,0,0,Atletico-MG   ,2,0,0,0
0,,0,,3802,0,0,0,palmeiras,34,0,0,0
0,,0,,4451,0,0,0,Nautico,23,0,0,0
0,,0,,4622,0,0,0,Cruzeiro,2,0,0,0
12,53%,5,83%,7452,0,2,6,Palmeiras,19,3,11,427
N/A,,0,,4413,0,0,0,Corinthians,19,0,0,0
0,,0,,4708,0,0,0,Figueirense,10,0,0,0
8,52%,2,83%,6537,0,4,2,Gremio,4,1,19,-
0,-,0,-,4175,0,0,0,Bahia,33,0,0,0
0,null,0,,3820,0,0,0,Atletico-GO,36,0,0,0
N/A,67%,0,,5372,0,1,7,Botafogo-RJ,1,3,7,590
0,,0,,3247,0,0,0,Santos,17,0,0,0
0,,0,,467,0,0,0,Flamengo,39,0,0,0
10,47%,6,80%,6952,0,7,2,Flamengo,6,1,26,399
0,,0,,4844,0,0,0,Santos,23,0,0,0
17,57%,4,79%,8159,0,3,8,America-MG,14,0,20,405
6,43%,3,87%,8866,0,1,5,Ceara,9,3,12,284
0,,0,,1843,0,0,0,Internacional,28,0,0,  
0,,0,,1745,0,0,0,Palmeiras,18,0,0,0
6,36%,3,,6068,0,4,0,Botafogo-RJ,33,1,20,346
0,,0,,8647,0,0,0,Fortaleza,25,0,0,0
9,37%,5,79%,7813,0,0,6,Fortaleza   ,17,0,9,
0,,0,,3222,0,0,0,INTERNACIONAL,14,0,0,0
0,,0,,4440,0,0,0,Criciuma,22,0,0,
0,,0,,1669,0,0,0,Fluminense,11,0,0,0
0,,0,,685,0,0,0,Criciuma,12,0,0,0
11,65%,5,88%,7851,0,2,11,Fluminense,21,1,11,558
15,46%,0,,5122,0,1,2,Sport,14,4,9,408
0,,0,,774,0,0,0,Figueirense,19,0,0,0
0,,0,,8770,0,0,0,Sao Paulo,37,0,0,0
0,,0,,1298,0,0,0,Internacional,18,0,0,
17,75%,6,84%,8385,2,1,15,Bragantino,36,0,9,
16,53%,7,85%,7395,1,2,5,Cuiaba,13,4,16,501
0,,0,,4807,0,0,0,Gremio,20,0,0,0
,,0,,8707,0,0,0,Juventude,31,0,0,0
0,,0,,910,0,0,0,VITORIA,30,0,0,0
0,,0,,3985,0,0,0,Nautico,14,0,0,0
0,,0,,4547,0,0,0,Atletico-MG,33,0,0,0
0,,0,,177,0,0,0,Internacional,15,0,0,0
0,,0,null,4525,0,0,0,cruzeiro,30,0,0,0
21,42%,7,78%,6212,0,1,9,America-MG,9,1,9,391
0,,0,,542,0,0,0,Criciuma,46,0,0,0
0,,0,,548,0,0,0,Cruzeiro,46,0,0,0
0,,0,,4421,0,0,0,corinthians,20,0,0,0
0,,0,,968,0,0,0,Guarani,35,0,0,0
9,56%,0,,5951,0,0,3,Sport,21,0,12,526
0,,0,,2457,0,0,0,Portuguesa,13,0,0,0
0,,0,,4105,0,0,0,Gremio,26,0,0,0
0,,0,,2830,0,0,0,Athletico-PR,13,0,0,0
12,52%,0,,5202,0,2,4,Sport,22,3,14,452
6,57%,0,,5714,0,2,1,Gremio,35,3,17,593
0,,0,,1996,0,0,0,Juventude,5,0,0,0
0,,0,,1724,0,0,0,Internacional,16,0,0,0
,49%,2,81%,6585,1,0,6,Chapecoense,8,0,17,350
0,,0,,3877,0,0,0,Flamengo,4,0,0,0
0,,0,,8731,0,0,0,Bahia,33,0,0,0
3, 50% ,1,-,7052,0,2,6,Sport,17,0,13,464
12,52%,3,,5840,0,3,1,Vitoria,10,2,11,517
0,,0,,4823,0,0,0,Cruzeiro,21,0,0,null
9,58%,3,,5522,0,5,7,Fluminense,16,0,20,466
16,48%,0,,5513,0,3,7,Vitoria,15,2,10,373
0,,0,,1288,0,0,0,parana,17,0,0,0
0,,0,,1463,0,0,0,  Internacional,33,0,0,0
0,,0,,2298,0,0,0,Nautico,36,0,0,0
0,,0,,2579,0,0,0,Atletico-MG,26,0,0,0
-,,0,,3916,0,0,0,Botafogo-RJ,7,0,0,0
14,null,0,,5040,0,3,3,VASCO,6,2,7,480
0,,0,,2661,0,0,0,Cruzeiro,34,0,0,0
0,,0,,4091,0,0,0,Vasco,25,0,0,0
0,,0,,4648,0,0,0,Cruzeiro,5,0,0,0
0,,0,,8577,0,0,0,BOTAFOGO-RJ,18,0,0,N/A
7,64%,5,84%,8401,0,2,5,Atletico-MG,38,3,10,550
10,34%,4,66%,7497,0,2,4,Chapecoense,24,1,12,282
0,,0,,2572,0,0,0,Figueirense,25,0,0,0
0,,0,,3235,0,0,0,Vasco,15,0,0,0
0,,0,,2497,0,0,0,Ipatinga,18,0,0,0
,,0,,2578,0,0,0,Coritiba,26,0,0,0
0,N/A,0,,4978,0,0,0,figueirense,38,0,0,0
22,43%,0,,5626,0,1,4,America-MG,26,0,12,313
0,,0,,1147,0,0,0,Flamengo,4,0,0,0
10,53%,3,79%,7843,0,0,7,Avai,20,2,17,422
0,,0,,8567,0,0,0,Cruzeiro,17,0,0,0
0,,0,,1804,0,0,0,Fluminense,24,0,0,0
0,,0,,2548,0,0,0,Ipatinga,23,0,0,0
0,,0,,4979,0,0,0,Coritiba,38,0,0,0
0,,0,,4095,0,0,0,Internacional,25,0,0,0
14,48%,0,,5107,0,1,6,SANTOS,13,2,12,391
12,38%,5,72%,7329,0,1,5,Chapecoense,7,2,15,313
0,,0,N/A,4947,0,0,0,Criciuma,34,0,0,0
0,,0,,830,0,0,0,Juventude,24,0,0,0
25,71% un,4,88%,7635,0,4,3,Sport   ,37,0,27,526
9,39%,0,,5724,0,1,1,CHAPECOENSE,36,1,20,330
0,,0,,2929,0,0,0,Gremio,23,0,0,
0,,0,,422,0,0,0,ponte preta,36,0,0,0
0,,0,,1489,0,0,0,  Coritiba,35,0,0,0
0,,0,,2023,0,0,0,Internacional,7,0,0,0
7,58%,5,92%,8946,1,2,3,  Santos,17,3,16,441
0,,0,,8545,0,0,0,Corinthians,14,0,0,0
0,,0,,1046,0,0,0,Parana,42,0,0,0
13,37%,6,N/A,6757,0,2,6,Bahia,26,0,15,337
18,74%,0,,5212,0,3,5,Gremio,23,3,15,690
0,,0,,1532,0,0,0,CRUZEIRO,39,0,0,0
7,52%,3,85%,6280,0,5,1,Vitoria,16,1,17,421
null,41%,2,82%,8303,0,3,7,Bragantino,28,0,17,363
12,55%,3,-,7989,0,1,6,Goias   ,35,0,11,435
6,39%,0,,5429,1,2,1,Gremio,7,0,10,384
8,,3,null,6501,0,3,1,Sport   ,38,5,21,420
0,,0,,3968,0,0,0,Gremio,13,0,0,0
0,,0,,1325,0,0,0,  Juventude,21,0,0,0
15,55%,3,,9004,0,2,10,SPORT,22,3,11,399
,,0,,4818,0,0,0,  Chapecoense,21,0,0,0
0,,0,,8523,0,0,0,Palmeiras,12,0,0,0
0,N/A,0,,3441,0,0,0,Botafogo-RJ,36,0,0,0
13,45%,6,75%,7035,0,2,6,Internacional,15,3,19,404
0,,0,,2073,0,0,0,Cruzeiro,11,0,0,0
0,,0,,620,0,0,0,Coritiba,6,0,0,0
0,,0,,1214,0,0,0,Ponte Preta,10,0,0,0
0,,0,,8433,0,0,0,Botafogo-RJ,3,0,0,0
0,,0,,4103,0,0,0,Atletico-GO,26,0,0,0
0,,0,,8,0,0,0,Fortaleza,1,0,0,0
0,,0,,2828,0,0,0,Santo Andre,13,0,0,0
0,,0,,2390,0,0,0,  Fluminense,7,0,0,0
0,,0,,1408,0,0,0,Coritiba,28,0,0,0
0,,0,,1467,0,0,0,Santos,33,0,0,0
8,37%,0,,5332,1,4,4,Fluminense,35,2,21,293
5,41% un,0,,5571,0,2,0,Sao Paulo,21,0,22,346
11,34%,3,79%,6713,0,0,7,Fortaleza,21,1,8,321
0,,0,,3242,0,0,0,Cruzeiro   ,16,0,0,0
0,,0,,870,0,0,0,Flamengo   ,27,0,0,  
18,64%,9,94%,8995,0,0,8,Flamengo,21,0,16,654
0,,0,,4731,0,0,0,Goias,12,0,0,0
0,,0,,840,0,0,0,Sao Paulo,24,0,0,0
0,,0,,4190,0,0,0,Fluminense,35,0,0,0
0,  ,0,,1310,0,0,0,Fortaleza,19,0,0,0
0,,0,,1441,0,0,0,Internacional,31,0,0,0
0,,0,,3409,0,0,0,Botafogo-RJ,33,0,0,0
0,,0,,3209,0,0,0,Flamengo,13,0,0,0
0,-,0,-,1108,0,0,0,Flamengo,1,0,0,0
0,,0,,3,0,0,0,Coritiba,1,0,0,0
16,47%,5,80%,8148,0,3,7,Bahia,13,0,21,402
0,,0,  ,2507,0,0,0,Athletico-PR,19,0,0,0
16,51%,0,  ,5498,0,1,11,Coritiba,14,0,21,414
6, 52% ,2,91%,8877,0,1,4,mirassol,10,1,10,425
0,,0,,3574,0,0,0,Flamengo,10,0,0,0
0,,0,,2256,0,0,0,Vasco,31,0,0,0
0,,0,,2920,0,0,0,Nautico   ,22,0,0,0
10,27%,3,76%,7233,0,0,6,Fluminense,35,3,8,308
20,57%,3,76%,8348,0,1,14,Athletico-PR,33,3,20,347
0,,0,,3942,0,0,0,Sao Paulo,10,0,0,0
19,46%,9,82%,7344,0,0,4,Atletico-MG,8,1,13,480
3,45%,0,,5653,0,2,2,Ponte Preta,29,0,25,410
14,69%,5,92%,8961,0,2,7,  Flamengo,18,2,12,546
0,,0,,1682,0,0,0,Cruzeiro,12,0,0,null
12,34%,0,,5616,0,5,2,Vitoria,25,1,24,279
0,,0,,970,0,0,0,Paysandu,35,0,0,0
11,55%,3, 82% ,7201,1,1,5,Fortaleza,32,2,13,395
14,52%,5,,5315,1,4,5,Fluminense,33,2,22,472
0,,0,,4968,0,0,0,Internacional,37,0,0,0
0,,0,,2426,0,0,0,Coritiba,11,0,0,0
0,,0,,1939,0,0,0,Palmeiras,38,0,0,0
0,,0,,2951,0,0,0,Sao Paulo,25,0,0,0
8,52% un,1,,6003,0,2,7,Avai,26,2,14,417
17,45%,4,82%,6192,0,4,7,Cruzeiro,7,0,12,407
0,,0,,1450,0,0,0,Coritiba,32,0,0,  
,,0,,1858,0,0,0,Goias,30,0,0,0
13,52%,5,85%,7244,0,1,9,Ceara,36,0,18,435
0,,0,,1743,0,0,0,Figueirense,18,0,0,0
15,48%,11,,5840,0,0,5,ATHLETICO-PR,10,3,10,473
0,,0,,2535,0,0,0,Goias,21,0,0,
0,,0,,8628,0,0,0,Bragantino,23,0,0,0
0,,0,,1514,0,0,0,Paysandu,38,0,0,0
10,53%,1,85%,7589,0,3,5,athletico-pr,32,1,13,423
11,-,4, 82% ,6669,0,1,10,Athletico-PR,17,0,14,534
5,34%,3,75%,7165,0,1,2,Santos,28,0,14,341
0,,0,,4512,0,0,0,Bahia,29,0,0,0
14,61% un,0,,5057,0,2,4,INTERNACIONAL,8,0,18,425
22,39%,7,81%,8063,0,1,5,Botafogo-RJ,4,0,14,341
,,0,,76,0,0,0,Fortaleza,7,0,0,null
0,N/A,0,,2733,0,0,0,Botafogo-RJ,3,0,0,0
0,,0,,2962,0,0,0,Goias,26,0,0,0
0,,0,,2353,0,0,0,Ipatinga,3,0,0,0
0,,0,,8710,0,0,0,Athletico-PR   ,31,0,0,0
0,,0,,3233,0,0,0,Palmeiras,15,0,0,0
,,0,,288,0,0,0,  Coritiba,24,0,0,
11,64%,6,94%,9064,0,2,3,Bahia,28,3,6,400
0,,0,,4425,0,0,0,Santos,20,0,0,0
0,,0,,2932,0,0,0,Sao Paulo,23,0,0,0
0,,0,,3565,0,0,0,Vasco,12,0,0,0
,53%,2,91%,8851,0,3,6,Santos,7,2,20,414
6,40%,3,85%,7123,0,1,3,Vasco,24,1,8,
16,52%,5,87%,6645,0,3,2,CSA,14,3,19,470
  ,47%,0,,5693,1,2,7,Internacional,33,3,15,416
0,,0,,2358,0,0,0,Sport,4,0,0,0
21,64%,6,80%,8257,0,2,14,Bragantino,24,2,17,
0,,0,,3560,0,0,0,Atletico-MG,12,0,0,0
0,,0,,1168,0,0,0,Athletico-PR,6,0,0,null
0,,0,,1230,0,0,0,Santos,12,0,0,0
23,43%,6,71%,8282,0,2,8,ATHLETICO-PR,26,6,15,323
11,71%,6,88%,6596,0,2,4,Gremio,10,2,18,622
0,,0,,2103,0,0,0,Internacional,15,0,0,0
0,,0,,1267,0,0,0,Flamengo,15,0,0,0
0,,0,,843,0,0,0,Sao Caetano,25,0,0,0
null,55%,3,76%,6476,0,1,11,Internacional,36,2,10,485
  ,61%,0,,5116,0,2,7,Chapecoense,13,1,14,433
null,,0,,2762,0,0,0,Flamengo,6,0,0,0
  ,,0,,2768,0,0,0,BOTAFOGO-RJ,7,0,0,0
9,43%,2,78%,6827,0,2,4,Cruzeiro,34,1,19,356
0,,0,,2060,0,0,0,ATLETICO-MG,29,0,0,0
0,,0,,3129,0,0,0,Gremio Prudente,5,0,0,0
0,,0,,4596,0,0,0,Athletico-PR,37,0,0,0
17,66%,7,89%,7399,0,1,6,Flamengo,14,1,13,742
24,47%,8,86%,6906,0,2,7,Gremio,3,0,16,
24,64%,6,,5867,0,1,15,Atletico-MG,13,1,9,485
11,51%,0,,5189,0,5,6,Coritiba,21,1,15,399
16,47%,5,78%,7293,0,3,10,Bragantino,3,0,11,390
0,,0,,1314,0,0,0,Sao Caetano,20,0,0,0
0,,0,,8506,0,0,0,Criciuma,11,0,0,0
15,44%,3,,5402,0,1,2,Fluminense,4,0,16,377
7,52%,0,,5257,0,4,0,fluminense,28,0,27,437
0,,0,,2683,0,0,0,Vasco,36,0,0,N/A
8,41%,1,65%,7038,0,3,2,Atletico-GO   ,16,2,21,288
0,,0,,996,0,0,0,Guarani,37,0,0,0
0,,0,,3821,0,0,0,atletico-mg,36,0,0,  
0,,0,,1974,0,0,0,Cruzeiro,3,0,0,0
0,,0,,788,0,0,0,Figueirense,20,0,0,0
0,,0,,792,0,0,0,Botafogo-RJ,20,0,0,0
,,0,,761,0,0,0,Criciuma,18,0,0,0
0,,0,,3349,0,0,0,  Ceara,27,0,0,0
0,,0,,809,0,0,0,sao paulo,22,0,0,0
0,,0,,249,0,0,0,CRICIUMA,21,0,0,0
-,,0,,1965,0,0,0,Sao Paulo,2,0,0,0
null,55%,4,83%,7013,1,3,2,Goias,13,4,16,N/A
0,,0,,4124,0,0,0,Fluminense,28,0,0,0
,,0,,2235,0,0,0,Palmeiras,28,0,0,0
,,0,,667,0,0,0,Botafogo-RJ,10,0,0,
  ,,0,,2709,0,0,0,Avai,1,0,0,0
9,43%,5,84%,8194,0,3,3,  Coritiba,17,1,12,385
0,,0,,3026,0,0,0,GOIAS,32,0,0,0
0,,0,,4344,0,0,0,Santos,12,0,0,0
11,56%,0,,5401,0,2,8,Sport,4,4,7,581
0,null,0,,2530,0,0,0,Athletico-PR,21,0,0,  
0,,0,,1794,0,0,0,Internacional,23,0,0,0
0,,0,,3184,0,0,0,ceara,10,0,0,0
30,74%,16,89%,6600,0,1,11,Flamengo   ,10,0,8,561
9,52%,3,82%,7553,0,2,1,America-MG,34,0,17,415
0,,0,,1161,0,0,0,Cruzeiro,6,0,0,0
11,60%,4,88%,8259,0,6,7,Fluminense,24,3,6,568
0,,0,,205,0,0,0,Goias,18,0,0,0
0,,0,,109,0,0,0,Atletico-MG,10,0,0,0
0,,0,,2006,0,0,0,Palmeiras,12,0,0,0
0,,0,,3034,0,0,0,FLUMINENSE,33,0,0,-
13,38%,3,70%,6327,1,3,7,Parana,21,0,20,281
14,44%,4,88%,7776,0,4,9,CORITIBA,14,2,16,427
11,37%,4,,6121,0,1,4,Atletico-GO,38,2,16,284
0,,0,,1008,0,0,0,Sao Paulo,38,0,0,0
0,,0,,512,0,0,0,Sao Caetano,43,0,0,0
0,-,0,,772,0,0,0,Gremio,19,0,0,0
0,,0,,4424,0,0,0,Sao Paulo,20,0,0,0
0,,0,,3335,0,0,0,  Ceara,25,0,0,0
0,,0,,133,0,0,0,Fluminense,12,0,0,0
0,,0,,4957,0,0,0,Atletico-MG,36,0,0,0
14,49%,4,null,7772,0,0,8,America-MG,13,5,5,325
25,58%,0,,5381,0,1,14,Atletico-MG,2,3,7,523
0,,0,,1914,0,0,0,Athletico-PR,35,0,0,0
24,67%,7,83%,7676,0,2,9,Sao Paulo   ,3,2,12,495
15,49%,0,,5516,0,2,3,Coritiba,15,2,18,361
0,,0,,4526,0,0,0,Vitoria,30,0,0,0
11,39%,1,,6007,0,5,7,Vasco,28,0,16,
0,,0,,1383,0,-1,0,sao caetano,26,0,0,0
0,,0,,2333,0,0,0,Ipatinga,1,0,0,0
14,40%,6,83%,6597,0,2,5,Fortaleza,10,0,15,null
0,,0,,633,0,0,0,Criciuma,7,0,0,0
19,61%,7,85%,6489,0,4,9,Gremio,37,1,20,544
0,,0,,1795,0,0,0,Flamengo,23,0,0,0
null,45%,2,82%,7423,0,2,6,fortaleza,16,4,17,390
0,,0,,3902,0,0,0,bahia,6,0,0,
0,,0,,3615,0,0,0,Sao Paulo,15,0,0,0
17,56%,3,-,7786,0,2,6,Juventude,15,1,11,574
0,null,0,,2382,0,0,0,Figueirense,6,0,0,0
8,49%,0,,5434,0,4,2,Corinthians,7,2,18,373
0,,0,,835,0,0,0,Fluminense,24,0,0,0
7,33%,2,,5025,1,3,1,Fluminense,4,0,23,253
18,44%,6,77%,8320,0,2,7,Goias,30,0,17,322
7,44%,3,,8356,0,4,1,CORITIBA,34,2,15,341
9,47%,3,81%,7562,0,2,1,Internacional,29,0,13,457
9,35%,6,76%,7493,0,1,2,SPORT,23,0,18,293
0,,0,null,8773,0,0,0,Palmeiras,37,0,0,0
0,,0,,3463,0,0,0,santos,38,0,0,0
0,,0,,8441,0,0,0,Vitoria,4,0,0,0
14,62%,5,,5784,0,1,4,Cruzeiro,4,2,8,525
0,,0,,1917,0,0,0,  Santa Cruz,36,0,0,  
0,,0,,3511,0,0,0,Figueirense,5,0,0,0
-,,0,,5123,0,2,9,Fluminense,14,0,15,375
0,,0,,2355,0,-4,0,Palmeiras,3,0,0,0
0,,0,,4100,0,0,0,Corinthians,26,0,0,0
15, 62% ,0,,5129,0,2,8,Atletico-MG,15,1,16,508
0,null,0,,2721,0,0,0,Athletico-PR,2,0,0,0
0,,0,,4378,0,-3,0,Gremio   ,16,0,0,null
1,44%,0,,5368,1,1,4,Sport,1,3,15,437
N/A,,0,,8675,0,0,0,Athletico-PR,27,0,0,0
0,N/A,0,,4606,0,-2,0,Coritiba,38,0,0,0
0,,0,,4468,0,0,0,Nautico,25,0,0,0
16,32%,4,  ,5847,1,2,3,Atletico-GO,11,0,14,263
-,52%,1,,5472,1,0,7,Gremio,11,3,16,480
,,0,,380,0,0,0,Santos   ,32,0,0,0
8,57%,1,75%,6330,0,2,2,Sport,21,0,13,420
0,,0,,3642,0,0,0,Avai,18,0,0,0
0,,0,,1069,0,0,0,Ponte Preta,44,0,0,0
10,53%,1,78%,6369,1,1,1,America-MG,25,4,18,464
0,,0,,1799,0,0,0,Parana,24,0,0,0
19,  ,6,86%,7162,0,6,7,Ceara,28,0,18,495
N/A,,0,,8470,0,0,0,Botafogo-RJ,7,0,0,0
13,46%,4,,6025,0,1,2,Palmeiras,27,0,23,334
11,60%,3,92%,8990,0,3,3,Vasco,21,1,16,469
  ,31%,0,,5517,0,6,5,Figueirense,16,3,21,262
28,66%,5,,5830,0,3,8,Sao Paulo   ,9,1,15,553
14,63%,3,87%,6435,0,4,6,Atletico-MG,31,3,21,494
0,,0,,2809,0,0,0,Santos,11,0,0,0
0,,0,,4821,0,0,0,Botafogo-RJ,21,0,0,0
0,,0,,448,0,0,0,Figueirense,38,0,0,0
17,43%,9,69%,7892,0,2,9,botafogo-rj,25,1,14,291
0,,0,,4328,0,0,0,Cruzeiro,11,0,0,0
9,39%,0,,5443,0,4,6,Coritiba,8,1,14,  
0,,0,,614,0,0,0,santos,6,0,0,0
0,,0,,3150,0,0,0,Gremio,7,0,0,0
20,64%,1,84%,7262,0,3,7,Flamengo,38,2,24,510
0,,0,,1667,0,0,0,Internacional,11,0,0,0
0,,0,,2378,0,0,0,Palmeiras,6,0,0,0
0,,0,,1812,0,0,0,  Santos,25,0,0,0
0,,0,,3258,0,0,0,Internacional,18,0,0,0
15,68%,1,,5844,0,5,8,  Chapecoense,10,2,24,462
0,,0,null,4292,0,0,0,  Athletico-PR,7,0,0,0
11,58%,4,91%,8963,0,2,2,Palmeiras,18,2,20,391
13,55%,4,81%,7657,1,0,5,Juventude,2,2,11,444
14,36%,4,,7086,0,2,2,Vasco,21,1,21,N/A
0,,0,,2433,0,0,0,Nautico,10,0,0,0
7,,1,89%,9066,0,3,3,Atletico-MG,29,1,19,275
0,,0,,4486,0,0,0,Portuguesa,26,0,0,0
,52%,6,89%,7143,1,3,8,Bahia,26,1,22,396
0,,0,,1112,0,0,0,Corinthians,1,0,0,0
0,,0,,2340,0,0,0,Flamengo,2,0,0,0
0,,0,,4236,0,0,0,Athletico-PR,1,0,0,0
0,,0,,1899,0,0,0,  Gremio,34,0,0,0
0,,0,,1114,0,0,0,Vasco,1,0,0,0
17,  ,4,83%,7671,0,2,6,Botafogo-RJ   ,4,2,14,402
0,,0,,473,0,0,0,Criciuma,40,0,0,0
0,,0,,639,0,0,0,Paysandu,8,0,0,0
null,,0,,2056,0,0,0,Flamengo,10,0,0,0
0,,0,,3547,0,0,0,Internacional,9,0,0,0
0,,0,,1415,0,0,0,Juventude,29,0,0,0
15,51%,3,84%,7372,0,2,4,Juventude,11,1,17,454
14,51%,0,,4949,0,2,8,Bahia,34,3,17,440
0,,0,,8614,0,0,0,Internacional,21,0,0,0
13,39%,4,,6023,0,4,4,  Fluminense,27,1,16,274
0,,0,,4434,0,0,0,Nautico,21,0,0,0
0,,0,,4259,0,0,0,Santos,4,0,0,0
0,,0,,8602,0,0,0,Atletico-GO,20,0,0,0
15,34%,2,66%,8095,0,3,2,CUIABA,7,2,15,-
7, 58% ,3,,6065,1,3,2,  Sport,32,3,16,425
0,,0,,929,0,0,0,Fluminense,32,0,0,0
19,55%,7,87%,6190,0,3,12,Internacional,7,2,13,500
21, 53% ,10,86%,6782,0,3,5,Gremio,28,1,13,497
0,,0,,1406,0,0,0,Figueirense,28,0,0,0
-,,0,,2458,0,0,0,Fluminense,13,0,0,0
0,,0,,592,0,0,0,Goias,4,0,0,-
0,,0,,4621,0,0,0,Corinthians,2,0,0,0
0,,0,N/A,3468,0,0,0,avai,1,0,0,0
4,29%,1,73%,9117,0,3,3,Vitoria,37,0,12,200
10,57%,3,86%,7675,0,2,2,SAO PAULO,4,2,15,459
0,,0,,2712,0,0,0,Vitoria,1,0,0,0
0,,0,,1749,0,0,0,Palmeiras,19,0,0,0
8,38%,1,86%,8942,0,3,4,juventude,16,0,15,278
0,,0,,730,0,0,0,Sao Caetano,15,0,0,
,54%,0,,4891,0,1,3,Flamengo,29,8,11,485
20, 61% ,6,87%,6533,0,1,5,Cruzeiro,3,1,14,519
0,,0,,2680,0,0,0,santos,36,0,0,0
0,,0,,3113,0,0,0,Ceara,3,0,0,0
16,60%,0,,5080,0,3,3,Atletico-MG,10,6,8,564
-,null,0,,4685,0,0,0,Flamengo,8,0,0,0
14,-,0,,5570,0,0,6,Atletico-MG,21,1,15,509
0,,0,,8517,0,0,0,Athletico-PR,12,0,0,  
14,34%,5,,8788,0,4,1,  Gremio,1,1,17,
0,,0,,794,0,0,0,  Palmeiras,21,0,0,0
0,,0,,698,0,0,0,Goias,13,0,0,0
9,40%,1,,6051,0,2,3,Botafogo-RJ   ,31,0,16,317
0,,0,,3294,0,0,0,Guarani,21,0,0,0
,,0,,1945,0,0,0,Fortaleza,38,0,0,0
21,53%,5,77%,7793,0,2,11,America-MG,15,2,14,412
8,32% un,3,71%,8253,1,1,3,Goias,23,5,19,285
8,43%,5,81%,6881,0,1,3,Palmeiras   ,38,2,11,384
0,,0,,2811,0,0,0,palmeiras,11,0,0,0
0,,0,,1881,0,0,0,Corinthians,32,0,0,0
0,,0,,2428,0,0,0,Coritiba,10,0,0,0
0,,0,,3309,0,0,0,Athletico-PR,23,0,0,0
-, 47% ,5,79%,6514,0,2,1,fortaleza,1,1,16,349
24,61%,3,80%,7769,2,4,12,CORITIBA,13,3,12,372
15,46%,5,85%,7327,1,3,8,Fluminense,7,1,14,449
0,,0,,4325,0,0,0,Nautico,10,0,0,0
0,,0,,2427,0,0,0,  Goias,10,0,0,0
0,,0,,1650,0,0,0,Internacional,9,0,0,0
15,41%,0,,5644,0,2,2,Internacional,28,0,32,281
13,56%,5,78%,6778,0,1,6,Bahia,28,1,16,470
0,,0,,4780,0,0,0,Corinthians,17,0,0,0
9,57%,4,81%,6256,0,0,1,Flamengo,14,0,17,497
0,,0,,941,0,0,0,Sao Caetano,33,0,0,0
0,,0,,1517,0,0,0,ponte preta,38,0,0,0
0,,0,,1952,0,0,0,Gremio,1,0,0,0
0,,0,,1048,0,0,0,Vitoria,42,0,0,0
0,,0,,2066,0,0,0,Internacional,29,0,0,0
0,,0,,1092,0,0,0,Internacional,45,0,0,0
,40%,5,78%,7973,0,3,4,Atletico-GO,33,1,20,330
0,,0,,2062,0,0,0,Athletico-PR,29,0,0,  
14,38%,5,70%,7133,0,0,4,Corinthians,25,0,12,N/A
0,,0,,3851,0,0,0,Internacional,1,0,0,0
13,55%,4,,6013,0,4,2,Coritiba,28,1,14,437
0,,0,N/A,915,0,0,0,Atletico-MG,31,0,0,0
0,,0,,4177,0,0,0,Cruzeiro,34,0,0,0
0,,0,,4727,0,0,0,Chapecoense,12,0,0,0
0,,0,,2393,0,0,0,Vasco,7,0,0,0
8,,2,87%,6916,0,3,1,FLAMENGO,4,1,17,596
N/A,N/A,0,,3957,0,0,0,Figueirense,12,0,0,0
0,,0,,1123,0,0,0,flamengo,2,0,0,0
0,,0,,743,0,0,0,  Vasco,16,0,0,0
0,,0,,2273,0,0,0,Corinthians,33,0,0,0
,,0,,1019,0,0,0,  Ponte Preta,39,0,0,null
11,49%,3,86%,6139,0,1,7,Sao Paulo,2,1,7,476
0,,0,,1826,0,0,0,Gremio,26,0,0,null
0,,0,,2455,0,0,0,Flamengo,14,0,0,0
0,,0,-,2766,0,0,0,Internacional,6,0,0,0
-,30%,5,,5939,0,1,1,Ponte Preta,20,1,10,296
20,72%,7,89%,7339,0,4,8,Bahia,8,3,6,605
11,38%,0,,5654,1,0,5,Santa Cruz,29,3,12,325
0,,0,,1916,0,0,0,Santa Cruz   ,35,0,0,0
13,58%,3,,5904,0,5,7,Atletico-MG,16,1,24,461
0,,0,,4436,0,0,0,Atletico-MG,21,0,0,0
0,,0,,3346,0,0,0,Ceara,26,0,0,0
20,54% un,9,86%,7191,0,0,3,Bragantino,31,1,12,525
0,,0,,3478,0,0,0,Botafogo-RJ,2,0,0,0
0,,0,,4601,0,0,0,Fluminense,38,0,0,0
0,,0,,2465,0,0,0,Botafogo-RJ,13,0,0,0
6,58%,4,84%,6267,1,1,5,Atletico-MG,15,1,16,557
11, 51% ,3,84%,6372,0,2,3,fluminense,25,0,14,474
23,58%,7,80%,8334,0,3,7,Bragantino,31,1,18,375
0,,0,,4886,0,0,0,Chapecoense,27,0,0,0
0,,0,,4823,0,0,0,Sao Paulo,21,0,0,0
0,,0,,238,0,0,0,Vitoria,20,0,0,0
0,,0,,14,0,0,0,Santos   ,2,0,0,0
0,,0,,3104,0,0,0,Vasco,2,0,0,0
0,,0,,4472,0,0,0,Goias   ,25,0,0,0
0,,0,,2085,0,0,0,sport,13,0,0,0
14,69%,4,92%,9127,0,3,5,FLAMENGO,34,4,12,519
0,,0,,403,0,0,0,Bahia,34,0,0,0
  ,,0,,8499,0,0,0,Vasco,10,0,0,0
0,,0,,4627,0,0,0,Gremio,3,0,0,0
0,,0,,8629,0,0,0,fluminense,23,0,0,  
17,72%,7,85%,6532,0,4,12,Santos,3,1,13,632
0,,0,,3756,0,0,0,  Athletico-PR,29,0,0,0
9,46%,0,,5495,1,4,2,Atletico-MG,13,1,21,361
N/A,,0,,572,0,0,0,Sao Caetano,2,0,0,0
13,52%,0,,5069,0,0,7,Corinthians,9,1,10,473
0,,0,,1380,0,0,0,PARANA,26,0,0,0
,47% un,4,90%,8929,0,2,5,CORINTHIANS,15,0,9,470
0,,0,,3685,0,0,0,Coritiba,22,0,0,0
14,38%,2,83%,6560,0,2,5,VASCO,6,0,12,337
,37%,0,,5584,0,5,4,Internacional,22,2,19,288
null,,0,,3994,0,0,0,Ponte Preta,15,0,0,0
0,,0,,3364,0,0,0,Avai,28,0,0,N/A
22,63%,5,81%,6580,0,2,9,Ceara,8,1,12,477
0,,0,,4528,0,0,0,Criciuma,31,0,0,0
0,,0,,3859,0,0,0,Portuguesa,2,0,0,0
17,34%,2,77%,7936,0,1,2,Juventude   ,30,1,9,326
0,,0,,8703,0,0,0,Internacional,30,0,0,0
18, 53% ,11,82%,6591,0,0,5,Vasco,9,2,14,484
10, 41% ,4,75%,8251,0,2,1,Gremio,23,1,16,382
0,,0,,1872,0,0,0,Athletico-PR,31,0,0,0
0,,0,,30,0,0,0,  Ponte Preta,4,0,0,0
15,45%,8,83%,6456,0,1,5,Vasco,34,0,13,396
N/A,,0,,463,0,0,0,Guarani,39,0,0,0
0,,0,,8747,0,0,0,Vitoria,35,0,0,0
0,,0,,4406,0,0,0,  Criciuma,18,0,0,0
9,33%,0,,5125,0,3,3,Avai,14,0,16,263
12,48%,4,79%,8026,1,3,4,Cuiaba,1,2,12,427
0,,0,,4429,0,0,0,Internacional,21,0,0,
18,50%,4,82% un,7052,0,2,8,Bragantino,17,1,13,449
10,47%,2,78%,8233,0,6,3,Coritiba,21,0,22,370
4,61%,2,80%,8344,0,1,4,  Santos,32,0,13,null
0,,0,,1273,0,0,0,Fluminense,16,0,0,0
0,,0,,3595,0,0,0,America-MG,13,0,0,0
21,34%,7,79%,8091,0,4,7,Botafogo-RJ,7,2,24,272
0,,0,,4311,0,0,0,Corinthians,9,0,0,0
0,,0,,4007,0,0,0,gremio,17,0,0,0
15,40%,7,90%,8825,0,5,4,Cruzeiro,4,2,14,326
18,33%,8,74%,8175,2,3,3,  America-MG,15,1,16,301
0,-,0,,3461,0,0,0,Gremio,38,0,0,0
0,,0,,1411,0,0,0,Santos   ,28,0,0,0
12,60%,2,,5823,0,2,5,Sao  Paulo,8,4,12,445
0,,0,,4159,0,0,0,  Bahia,32,0,0,0
0,,0,,8409,0,0,0,Sao Paulo,1,0,0,0
0,,0,,3224,0,0,0,Avai,14,0,0,0
0,,0,,3522,0,0,0,Gremio,6,0,0,N/A
22,40%,9,79%,8125,0,3,6,Goias,10,5,15,314
17,46%,0,N/A,5657,0,1,5,CHAPECOENSE,30,2,16,366
0,,0,,2797,0,0,0,Avai,10,0,0,null
13,58%,4,,5818,0,3,5,Santos,8,2,17,560
0,,0,,1164,0,0,0,Fluminense,6,0,0,0
11,37%,4,,5876,0,0,3,Athletico-PR,14,2,11,372
11,60%,5,,6888,0,3,4,Ceara,1,0,18,null
0,,0,,2434,0,0,0,  Palmeiras,10,0,0,0
0,,0,,4737,0,0,0,Botafogo-RJ,13,0,0,0
0,N/A,0,,4107,0,0,0,Portuguesa   ,27,0,0,0
17,41%,6,N/A,6029,0,2,8,Avai,29,1,20,338
0,,0,,2721,0,0,0,Sao Paulo,2,0,0,0
0,,0,,3444,0,0,0,Vasco,36,0,0,0
12,39%,3,73%,7775,0,3,3,Sao Paulo   ,13,1,17,287
0,,0,,2671,0,0,0,Palmeiras,35,0,0,0
0,,0,,1866,0,0,0,Fluminense,30,0,0,0
8,55%,2,83%,7423,0,1,2,santos,16,1,13,471
11,55%,0,,5317,0,2,4,Internacional,34,0,20,-
0,,0,,4126,0,0,0,Figueirense,28,0,0,0
0,,0,,8620,0,0,0,VASCO,22,0,0,0
16,52%,8,80%,6857,0,7,6,  Ceara,36,1,17,382
11,53%,0,,5713,0,3,6,Santos,35,2,16,387
8,68%,0,90%,7865,0,1,5,Fluminense,22,2,12,628
13,59%,5,85%,6697,0,2,4,Flamengo,20,0,14,487
23,59%,5,85%,7180,0,2,15,Santos   ,30,2,8,410
9,60% un,2,94%,8869,0,2,5,Corinthians,9,0,8,510
null,,0,,1628,0,0,0,Figueirense,7,0,0,0
10,45%,0,,5504,0,4,6,Fluminense,14,3,22,273
0,,0,,2253,0,0,0,America-RN,31,0,0,0
0,,0,,1991,0,0,0,Sport,5,0,0,0
0,,0,,3912,0,0,0,Portuguesa,7,0,0,0
0,,0,,4390,0,0,0,PONTE PRETA,17,0,0,0
0,,0,,1082,0,0,0,Paysandu,45,0,0,0
17,49%,6,83%,8362,0,1,7,vasco,34,0,13,378
0,,0,,1456,0,0,0,Sao Caetano,32,0,0,0
0,,0,,4471,0,0,0,Botafogo-RJ,25,0,0,0
8,54%,5,81%,8370,0,3,5,Santos,35,4,15,435
0,,0,,8422,0,0,0,Juventude   ,2,0,0,  
13,63%,8,87%,7378,0,2,5,Atletico-MG   ,12,2,22,602
0,,0,,238,0,0,0,Vitoria,20,0,0,0
13,52%,6,83%,6868,0,3,8,Botafogo-RJ,37,1,10,446
10,44%,5,81%,6355,0,1,4,America-MG,23,2,19,450
0,,0,,438,0,0,0,Parana,37,0,0,0
  ,51%,8,86%,8114,0,4,11,Palmeiras   ,9,3,15,412
16,35%,7,78%,7473,0,0,2,America-MG,21,1,13,350
14,43%,3,,6037,0,1,2,Atletico-GO,30,3,14,423
13,43%,6,75%,8002,1,4,3,Atletico-GO,36,1,12,333
14, 53% ,7,79%,8148,0,2,2,Gremio,13,6,11,462
0,,0,,3515,0,0,0,Internacional,5,0,0,0
0,,0,,2197,0,0,0,FIGUEIRENSE,25,0,0,0
null,,0,,1511,0,0,0,Coritiba,37,0,0,0
0,,0,,4470,0,0,0,Cruzeiro,25,0,0,0
9,50%,3,-,7387,0,2,5,FLUMINENSE,13,1,9,476
0,,0,,3396,0,0,0,Internacional,31,0,0,N/A
9,27%,3,67%,8090,0,4,1,America-MG,7,0,14,284
22,44%,0,,5185,0,4,10,Flamengo,20,2,25,277
0,,0,,524,0,0,0,Criciuma,44,0,0,0
15,56%,0,,5681,0,2,8,SPORT,32,3,23,345
0,,0, null ,3425,0,0,0,Guarani,34,0,0,0
0,,0,,6849,0,0,0,Gremio,35,0,0,0
-,52%,6,83%,6191,0,1,4,Bahia,7,3,20,460
0,,0,,4568,0,0,0,Criciuma,35,0,0,
0,,0,,2189,0,0,0,Figueirense,24,0,0,0
0,,0,,3751,0,0,0,Cruzeiro,29,0,0,0
0,,0,,398,0,0,0,Paysandu,34,0,0,0
0,,0,  ,1873,0,0,0,Figueirense,31,0,0,0
18,78%,8,87%,7771,2,4,7,Internacional,13,5,13,597
15,54%,0,,5265,0,0,6,Chapecoense,28,1,8,null
0,,0,,1413,0,0,0,Parana,29,0,0,0
0,,0,,3247,0,0,0,Santos,17,0,0,0
0,,0,,4231,0,0,0,  Criciuma,1,0,0,0
16,49%,3,78%,7733,0,1,6,Palmeiras,9,0,8,367
0,,0,,3648,0,0,0,AMERICA-MG,19,0,0,0
12,38%,4,74%,6893,0,3,5,Bahia,1,1,14,322
0,,0,,1098,0,0,0,Sao Caetano,46,0,0,0
12,null,3,85%,6903,0,2,7,Fortaleza,2,3,18,443
0,,0,,4169,0,0,0,Cruzeiro,33,0,0,0
0,,0,,1522,0,0,0,Santos,38,0,0,0
15,N/A,0,,5228,0,4,4,Palmeiras,25,3,19,424
0,,0,null,522,0,0,0,Santos,44,0,0,0
9,36%,3,76%,8197,0,1,5,Goias,18,2,15,317
0,,0,,839,0,0,0,  Parana,24,0,0,0
0,,0,,4405,0,0,0,Vasco,18,0,0,0
23,68%,10,90%,9089,1,3,9,Flamengo,31,0,16,541
0,,0,,4677,0,0,0,Coritiba,8,0,0,0
0,,0,,2153,0,0,0,Vasco,20,0,0,0
N/A,,0,,1918,0,0,0,figueirense,36,0,0,0
0,,0,,941,0,0,0,Palmeiras,33,0,0,N/A
18,65%,7,89%,7970,0,3,9,Fluminense,33,3,15,623
0,  ,0,  ,3352,0,0,0,Athletico-PR,27,0,0,0
0,,0,,2513,0,0,0,Botafogo-RJ,19,0,0,0
8,47%,2, 87% ,6545,0,2,4,Sao Paulo,4,0,14,430
0,,0,,888,0,0,0,Vasco,28,0,0,0
13,55%,5,87%,8232,0,2,9,Palmeiras,21,2,20,513
0,,0,,8492,0,0,0,Bahia   ,9,0,0,0
0,,0,,8654,0,0,0,Internacional,25,0,0,0
0,,0,,3891,0,0,0,Bahia,5,0,0,0
12,65%,3,83%,7271,0,3,4,GREMIO,1,0,18,520
12,59%,0,,5604,0,2,9,Ponte Preta,24,3,10,431
0,,0,,2972,0,0,0,Gremio   ,27,0,0,N/A
0,,0,,1356,0,0,0,Fluminense,23,0,0,0
,52%,10,,5753,0,0,3,Palmeiras,1,5,19,399
0,,0,,4256,0,0,0,Nautico   ,3,0,0,0
5,40%,2,76%,7550,0,3,1,Ceara,34,5,21,320
11,60%,5,89%,6194,0,2,3,Gremio,7,0,13,638
5,36%,1,85%,8956,0,1,3,sport,18,2,13,286
11,37%,6,83%,8353,0,3,4,Cuiaba,33,3,23,326
0,N/A,0,N/A,3480,0,0,0,Figueirense   ,2,0,0,0
0,,0,,99,0,0,0,Juventude,9,0,0,0
0,,0,,2210,0,0,0,  Botafogo-RJ,26,0,0,null
,,0,,3509,0,0,0,Avai,5,0,0,0
,,0,,278,0,0,0,Athletico-PR,24,0,0,0
12,69%,1,,6005,0,3,4,Flamengo,26,2,17,518
0,,0,,173,0,0,0,Fluminense,15,0,0,0
0,  ,0,,4271,0,0,0,Botafogo-RJ,5,0,0,0
11,36%,0,,5143,0,2,7,Chapecoense,16,3,13,301
21,,4, 87% ,6789,0,1,10,fluminense,29,2,8,686
0,,0,,2103,0,0,0,Internacional,15,0,0,0
0,,0,,1119,0,0,0,Ponte Preta,2,0,0,0
0,,0,,825,0,0,0,Athletico-PR,23,0,0,0
0,,0,,3076,0,0,0,FLUMINENSE,37,0,0,0
0,,0,,2923,0,0,0,  Atletico-MG,22,0,0,0
0,,0,,291,0,-4,0,Parana,25,0,0,0
-,,0,,1078,0,0,0,Sao Caetano,44,0,0,0
4,58%,0,,5686,0,0,2,athletico-pr,32,5,9,547
0,,0,,2670,0,0,0,Nautico,35,0,0,0
0,,0,,1546,0,0,0,Brasiliense,41,0,0,0
0,,0,,896,0,0,0,Flamengo,29,0,0,0
0,,0,,1847,0,0,0,Fortaleza,29,0,0,0
9,36%,4,78%,7289,0,4,4,Athletico-PR,3,0,12,350
0,,0,,416,0,0,0,Cruzeiro,35,0,0,0
0,,0,,4557,0,0,0,Ponte Preta,34,0,0,0
0,,0,,1496,0,0,0,Flamengo,36,0,0,null
23,71%,7,87%,6605,0,2,14,Fluminense   ,10,1,11,628
12,44%,5,,6083,1,2,5,Fluminense,34,1,8,445
7,51%,2,80%,6379,0,2,4,Flamengo,26,2,26,438
0,,0,,1229,0,0,0,Corinthians,12,0,0,0
0,,0,,4656,0,0,0,  Bahia,5,0,0,0
6,40%,1,79%,6507,0,1,4,Avai,1,1,18,362
9,54%,3,,5289,0,3,2,coritiba,31,2,27,428
0,,0,,183,0,0,0,CRUZEIRO,16,0,0,0
0,,0,,2504,0,0,0,Vitoria,18,0,0,0
0,,0,,3560,0,0,0,Fluminense,12,0,0,0
0,,0,,3579,0,0,0,Athletico-PR,11,0,0,0
0,,0,,145,0,0,0,Fluminense,13,0,0,0
0,,0,,6809,0,0,0,Cruzeiro,31,0,0,0
0,,0,,1189,0,0,0,Coritiba,8,0,0,0
,35%,0,,5322,0,0,2,Goias,34,1,14,null
0,,0,,1029,0,0,0,Figueirense,40,0,0,0
18,  ,7,,5794,0,4,5,chapecoense,5,0,22,362
0,  ,0,,8487,0,0,0,Atletico-GO,9,0,0,0
0,,0,,2542,0,0,0,cruzeiro,22,0,0,0
0,,0,,3193,0,0,0,Goias,11,0,0,0
0,,0,,8424,0,0,0,botafogo-rj,2,0,0,0
0,,0,,2863,0,0,0,Santo Andre,16,0,0,  
0,,0,,4446,0,0,0,Nautico,22,0,0,0
11, 52% ,0,,5395,0,3,7,Internacional,3,3,14,430
0,,0,,4140,0,0,0,Sport,30,0,0,0
9,36%,4,75%,7634,0,3,1,Santos,37,4,14,280
23,48%,6, 80% ,6805,0,1,4,Goias,30,0,19,354
15,35%,3,,8093,0,2,9,Corinthians,7,2,12,356
0,,0,,2694,0,0,0,Flamengo,37,0,0,-
N/A,53%,6,87%,6980,0,1,6,  Flamengo,9,2,16,508
0,,0,,2788,0,0,0,Barueri,9,0,0,0
  ,,0,,2281,0,0,0,Nautico,34,0,0,0
0,,0,,3604,0,0,0,Sao Paulo,14,0,0,0
4,37%,0,,5524,0,1,0,CHAPECOENSE,16,1,14,354
0,,0,,4894,0,0,0,Palmeiras,29,0,0,0
,,0,,3849,0,0,0,Nautico   ,1,0,0,0
0,,0,,2874,0,0,0,Fluminense   ,17,0,0,0
4,32%,0,,5742,0,2,2,  Figueirense,38,1,22,248
,,0,,8516,0,0,0,Bragantino,12,0,0,0
  ,53%,1,-,5046,0,2,5,Sport,6,0,10,479
0,-,0,,3165,0,0,0,Atletico-GO,8,0,0,0
0,,0,,2640,0,0,0,Goias,32,0,0,0
8,66%,0,,5722,1,2,6,Fluminense   ,36,1,18,565
7,39%,2,72%,7272,0,3,3,Atletico-GO,1,5,14,351
6,51%,0,,5935,0,4,2,Vasco,19,0,16,399
0,,0,,2567,0,0,0,Goias,25,0,0,N/A
7,59%,0,,5245,0,2,6,sao paulo,26,2,12,474
0,,0,,1555,0,0,0,Santos,41,0,0,0
12,33%,1,,6797,0,3,3,Vasco,30,1,12,308
0,,0,,432,0,0,0,Paysandu   ,36,0,0,0
0,,0,,1628,0,0,0,  Parana,7,0,0,0
12,66%,6,87%,7936,0,2,5,Corinthians,30,1,7,650
0,,0,,3400,0,0,0,Ceara,32,0,0,0
15,35%,0,,4741,0,4,8,Chapecoense,13,0,19,280
0,,0,,755,0,0,0,Athletico-PR,17,0,0,0
0,,0,,1324,0,0,0,Fluminense,20,0,0,0
0,,0,,4043,0,0,0,Gremio,20,0,0,0
7,36%,4,74%,6343,1,2,5,Sao Paulo,22,0,14,  
16,56%,0,,5119,0,1,6,Atletico-MG,14,2,15,467
9,54%,2,,6021,0,3,10,  Sao Paulo,27,0,12,448
0,,0,,3006,0,0,0,Nautico,30,0,0,0
0,,0,,3267,0,0,0,Vasco,19,0,0,0
0,,0,,2094,0,0,0,  Botafogo-RJ,14,0,0,0
0,,0,,1720,0,0,0,flamengo,16,0,0,0
27,70%,8,91%,6414,0,0,10,Athletico-PR,29,0,13,566
0,,0,,3653,0,0,0,Gremio,19,0,0,0
3,32%,0,72%,7639,0,2,3,Chapecoense,38,2,10,260
0,,0,,2124,0,0,0,Sao Paulo   ,17,0,0,0
19,61%,0,,5668,0,1,6,Cruzeiro   ,31,2,15,550
12,64%,3,91%,8956,0,1,6,Bahia,18,0,8,550
0,,0,,2688,0,0,0,Botafogo-RJ,37,0,0,0
6,36%,3,63% un,8228,0,3,4,Cuiaba,21,0,14,297
  ,,0,,2807,0,0,0,Goias,11,0,0,
0,,0,,1378,0,0,0,  Atletico-MG,25,0,0,0
-,56% un,0,,5385,0,2,5,Flamengo,2,4,8,535
0,N/A,0,,338,0,0,0,Fortaleza,29,0,0,0
N/A,,0,,856,0,0,0,Sao Paulo,26,0,0,0
,66%,10,84%,7042,0,2,5,Flamengo,16,1,16,606
18,46%,5,81%,8370,0,2,4,Botafogo-RJ,35,1,14,364
13,34%,6,66%,7616,0,3,3,bahia,36,1,15,236
0,,0,,2395,0,0,0,Santos,7,0,0,0
19,71%,7,88%,6768,0,3,12,Internacional,27,2,14,605
12,52%,0,,5232,0,3,6,Gremio,25,1,11,473
0,,0,,1137,0,0,0,Botafogo-RJ,3,0,0,0
0,,0,,2029,0,0,0,Santos,8,0,0,0
10,44%,4,,6022,0,3,4,Sport,27,4,13,350
0,,0,,2496,0,0,0,BOTAFOGO-RJ,17,0,0,0
17,47%,3, 83% ,6980,0,1,7,Fluminense,9,1,15,445
0,,0,,3458,0,0,0,Fluminense   ,38,0,0,0
0,,0,,2144,0,0,0,America-RN   ,19,0,0,0
0,,0,,4204,0,0,0,Corinthians,36,0,0,0
0,,0,,2737,0,0,0,Sport,4,0,0,  
5,50%,3,92%,8843,0,2,4,Bahia,6,1,13,429
14,53%,3,79%,7486,0,-8,4,Cuiaba,23,0,13,368
0,,0,,3770,0,0,0,Avai,31,0,0,0
0,,0,,629,0,0,0,Santos,7,0,0,0
,28%,5,69%,7160,0,4,4,Fluminense,28,2,22,258
12,55%,0,,5418,0,0,3,Fluminense,6,3,11,520
11,49%,5,,5776,0,3,6,  Coritiba,4,1,15,383
16,43%,6,null,7602,0,2,3,Sao Paulo,33,3,19,342
0,,0,,1062,0,0,0,Paysandu,43,0,0,0
0,,0,,1346,0,0,0,Coritiba,22,0,0,0
9,56%,0,,5344,0,2,5,Fluminense,36,2,11,515
0,,0,,4342,0,0,0,Atletico-MG,12,0,0,0
0,N/A,0,,3060,0,0,0,Sao Paulo,36,0,0,0
0,,0,,1977,0,0,0,Athletico-PR   ,4,0,0,0
0,,0,,759,0,0,0,Sao Paulo,18,0,0,0
11,39%,4,77%,8207,0,2,2,Atletico-MG,19,4,15,317
-,,0,,1808,0,0,0,Figueirense,25,0,0,0
0,,0,,396,0,0,0,CORITIBA,33,0,0,0
0,  ,0,,4272,0,0,0,Athletico-PR,5,0,0,0
0,,0,,933,0,0,0,Corinthians,32,0,0,0
0,,0,,3033,0,0,0,ATLETICO-MG,33,0,0,0
,N/A,0,,169,0,0,0,Sao Caetano,15,0,0,0
0,,0,,8736,0,0,0,Cruzeiro,34,0,0,  
0,,0,,4711,0,0,0,Bahia,10,0,0,0
0,,0,,1174,0,0,0,ATHLETICO-PR,7,0,0,0
0,,0,,2012,0,0,0,Sao Paulo,6,0,0,0
16,49%,3,,7955,0,0,8,Juventude,31,1,10,432
21,49%,8,,5290,0,2,7,Cruzeiro,31,1,13,426
0,,0,,4340,0,0,0,Bahia,12,0,0,0
0,,0,,8410,0,0,0,gremio,1,0,0,0
0,,0,,2855,0,0,0,Atletico-MG,15,0,0,0
0,,0,,3365,0,0,0,Cruzeiro,28,0,0,0
22,64%,10,88%,6693,0,0,15,Gremio,19,1,10,
10,52%,2,75%,7444,0,4,8,Bahia,18,3,21,398
12, 47% ,2,,5997,0,5,3,Coritiba,26,3,18,
14,49%,0,,5286,0,3,9,Gremio,30,0,14,  
20,null,5,,6118,0,2,3,Santos   ,38,3,17,576
11,null,4,77%,7847,0,3,3,Botafogo-RJ,21,0,23,347
20,42%,7,71%,6637,0,6,5,Sao Paulo,14,1,21,263
13,61%,5,92%,9002,0,0,2,Bahia,22,0,7,471
18,51%,0,,5420,0,2,9,AMERICA-MG,6,1,20,354
0,-,0,,17,0,0,0,Flamengo,2,0,0,0
-,,0,,539,0,0,0,Sao Paulo,45,0,0,-
0,,0,,156,0,0,0,Atletico-MG,13,0,0,0
12,59%,8,87%,9086,0,4,5,Cruzeiro,31,1,15,312
-,,0,,1092,0,0,0,Ponte Preta,45,0,0,0
10,29%,5,71%,6596,0,4,6,Vasco,10,1,12,255
13,52%,4,82%,6247,0,2,5,Vitoria,13,1,24,382
0,,0,,2700,0,0,0,Flamengo,38,0,0,0
0,,0,,4543,0,0,0,Corinthians,32,0,0,0
0,,0,,4638,0,0,0,Goias,4,0,0,0
0,,0,,3457,0,0,0,Internacional,38,0,0,0
10,41%,2,null,7677,0,4,6,Athletico-PR,3,2,15,354
7,,3,,6014,0,0,7,Bahia,28,2,11,451
0,,0,,119,0,0,0,Vitoria,10,0,0,0
0,,0,,2580,0,0,0,Sport,26,0,0,0
0,,0,,3865,0,0,0,Gremio,2,0,0,0
0,,0,,240,0,0,0,Vasco,20,0,0,0
0,,0,,4226,0,-3,0,Sport,38,0,0,0
0,,0,,3343,0,0,0,Avai,26,0,0,0
0,,0,,2944,0,0,0,Nautico,24,0,0,0
13,41%,4,87%,6870,1,0,1,Fortaleza,37,1,9,411
0,,0,,2636,0,0,0,Internacional,31,0,0,
0,,0,,873,0,0,0,Athletico-PR,27,0,0,0
,54%,4,82%,6837,0,2,1,Fluminense,33,0,15,504
7,56%,0,,5296,1,0,7,Atletico-MG,31,1,8,545
0,,0,,2144,0,0,0,  Cruzeiro,19,0,0,
0,,0,,2641,0,0,0,botafogo-rj,32,0,0,0
26,46%,12,77%,6320,0,1,3,PALMEIRAS,19,0,18,416
23,67%,5,85%,6436,1,2,9,Fluminense,32,1,14,534
0,,0,,8628,0,0,0,Fortaleza,23,0,0,0
0,N/A,0,,513,0,0,0,Bahia,43,0,0,0
0,,0,,2360,0,0,0,Santos,4,0,0,0
9,-,0,,5325,1,3,11,Joinville,34,3,22,237
13,42%,5,74%,7904,0,6,7,Coritiba,26,1,16,322
0,,0,,1457,0,0,0,Brasiliense,33,0,0,0
9,56%,0,,5950,0,4,6,Vasco,21,0,18,473
21,58%,7, 75% ,8062,0,2,7,Bragantino,4,2,20,
9,38%,0,,5383,0,4,2,America-MG,2,1,26,313
0,,0,,852,0,0,0,Sao  Paulo,25,0,0,0
0,,0,,3638,0,0,0,Botafogo-RJ,18,0,0,0
0,,0,,3175,0,0,0,Botafogo-RJ,9,0,0,0
0,,0,,1872,0,0,0,Parana,31,0,0,0
0,,0,,4064,0,0,0,Cruzeiro,22,0,0,0
0,,0,,4265,0,0,0,Corinthians   ,4,0,0,0
0,,0,,2784,0,0,0,Vitoria,8,0,0,0
0,,0,,3432,0,0,0,Avai,35,0,0,0
16,70%,7,87%,6434,0,2,5,Athletico-PR,31,1,19,565
0,,0,,2117,0,0,0,Athletico-PR,17,0,0,0
14,48%,1,83%,6264,0,4,3,Santos,14,2,13,N/A
13,48%,6,73%,8354,0,2,6,Gremio   ,33,0,17,378
0,,0,,3557,0,0,0,Corinthians,12,0,0,-
12,52%,2,,6012,0,2,3,Atletico-MG,28,2,14,431
15,62%,4,90%,9108,0,2,5,bahia,33,3,14,418
0,,0,,4191,0,0,0,Sao Paulo,35,0,0,0
11,45%,5,79%,6186,0,1,1,  Fluminense,7,1,21,387
13,36%,3,75%,6229,0,2,6,Vitoria   ,11,0,19,287
0,,0,,3065,0,0,0,Internacional,36,0,0,0
10,60%,2, 86% ,6413,0,1,16,Atletico-MG,29,1,16,null
8,34%,3,64%,7068,0,4,2,Corinthians,19,2,16,314
,48%,5,,8076,0,5,4,flamengo,6,5,13,390
17,38%,6,89%,9055,0,2,3,Sport,27,1,13,
14,57%,4,,6076,0,0,5,Botafogo-RJ,34,1,13,627
0,,0,,1180,0,0,0,  Vasco,7,0,0,0
0,,0,,2333,0,0,0,Athletico-PR,1,0,0,
15,43%,6,75%,6511,0,1,4,Bahia,1,1,17,351
0,,0,,4474,0,0,0,Bahia,25,0,0,0
11,42%,3,81%,6378,0,4,3,Parana,26,0,11,
0,,0,,2095,0,0,0,fluminense,14,0,0,0
0,,0,,4078,0,0,0,Figueirense,24,0,0,0
9,57%,0,,5626,0,2,6,Internacional,26,2,14,405
0,,0,,4618,0,0,0,Fluminense,2,0,0,0
0,,0,,2855,0,0,0,Flamengo,15,0,0,0
0,,0,,4695,0,0,0,Athletico-PR,9,0,0,
0,,0,,4738,0,0,0,Sao Paulo,13,0,0,0
0,,0,,1063,0,0,0,Flamengo,43,0,0,0
0,,0,,4565,0,0,0,Atletico-MG   ,34,0,0,0
0,,0,,2831,0,0,0,Goias,13,0,0,0
0,,0,,3883,0,0,0,Santos,4,0,0,0
0,,0,,1989,0,-1,0,  Vasco,5,0,0,0
0,,0,,367,0,0,0,Criciuma,31,0,0,0
0,,0,,4117,0,0,0,Bahia,28,0,0,0
0,,0,,2599,0,0,0,Sport   ,28,0,0,0
15,55%,4,87%,6647,1,1,7,fortaleza,15,0,14,485
0,,0,,1882,0,0,0,Juventude,32,0,0,0
0,,0,,28,0,0,0,Guarani,4,0,0,0
0,,0,,2281,0,0,0,Santos,34,0,0,0
0,,0,,1167,0,0,0,parana,6,0,0,0
0,,0,,2255,0,0,0,gremio,31,0,0,0
17, 47% ,3,82%,6225,0,2,11,America-MG   ,10,3,13,434
0,,0,  ,167,0,0,0,Guarani,14,0,0,0
14,48%,0,,5261,0,5,4,Flamengo,28,2,26,307
0,,0,,2591,0,0,0,Palmeiras,27,0,0,0
0,,0,,3628,0,0,0,  Vasco,17,0,0,0
null,47%,3,88%,8851,0,5,3,Gremio,7,0,10,333
8,58%,1,90%,8820,0,0,1,Internacional,4,1,13,579
0,,0,,1159,0,0,0,Cruzeiro,5,0,0,0
10,30%,6,90%,9107,0,4,1,Juventude,33,3,13,208
0,,0,,1095,0,0,0,Coritiba,46,0,0,0
0,,0,,4387,0,0,0,Athletico-PR,17,0,0,0
15,46% un,4,,6874,1,2,2,Bahia,37,1,21,436
19,54%,0,,4992,0,2,4,Sao Paulo,1,1,17,502
0,,0,,3089,0,0,0,Palmeiras,1,0,0,0
0,,0,,4587,0,0,0,Atletico-MG,37,0,0,0
14,47%,4,83%,7529,1,4,6,Internacional,27,0,21,423
0,,0,,4614,0,0,0,Flamengo,1,0,0,0
  ,,0,null,2157,0,0,0,Corinthians,21,0,0,0
9,44%,0,,5511,0,1,3,Figueirense,15,3,16,348
9,42%,0,,5381,0,3,5,Athletico-PR,2,1,18,391
14,48%,0,,5683,0,4,2,Fluminense,32,4,17,426
9,40%,4,88%,9160,0,2,3,CRUZEIRO,38,5,12,338
0,,0,,2701,0,0,0,Sport,38,0,0,0
0,,0,,107,0,0,0,Flamengo,9,0,0,0
0,,0,,749,0,0,0,Guarani,17,0,0,0
25,52%,10,82%,7889,0,2,4,America-MG,25,0,19,429
0,,0,,4526,0,0,0,Portuguesa,30,0,0,0
0,,0,,4535,0,0,0,Vitoria,31,0,0,0
15,59%,7,88%,8034,0,3,6,Flamengo   ,1,1,20,541
11,41%,2,79%,8103,0,3,3,Palmeiras,8,3,15,347
0,,0,,1578,0,0,0,Fluminense,2,0,0,0
13,67%,4,83%,7089,0,5,6,Atletico-MG,21,1,11,544
0,,0,,4379,0,0,0,Ponte Preta,16,0,0,0
0,,0,,2525,0,0,0,Sport,20,0,0,0
0,,0,,53,0,0,0,Corinthians,5,0,0,0
6,null,1,82%,8235,0,3,5,cruzeiro,21,0,20,528
0,,0,,4033,0,0,0,Figueirense,19,0,0,0
0,,0,,1703,0,0,0,Athletico-PR,14,0,0,0
,,0,,2821,0,0,0,Coritiba,12,0,0,0
0,,0,,4509,0,0,0,Portuguesa,29,0,0,0
0,,0,,4135,0,0,0,Palmeiras,29,0,0,0
0,,0,,3859,0,0,0,Vasco,2,0,0,0
0,,0,,3529,0,0,0,Flamengo,7,0,0,0
0,,0,,3194,0,0,0,Ceara,11,0,0,0
14,49%,1,,5952,0,4,3,Botafogo-RJ,21,0,18,397
0,,0,,2549,0,0,0,Botafogo-RJ,23,0,0,0
20,null,8,,5902,0,2,12,Athletico-PR,16,2,25,614
N/A,35%,6,73%,8073,0,2,5,Coritiba,5,1,22,303
0,,0,,765,0,0,0,Goias,18,0,0,0
8,32%,2,73%,8201,0,5,3,Atletico-MG,18,1,17,276
0,,0,,4824,0,0,0,Athletico-PR,21,0,0,0
0,   un,0,,483,0,0,0,Criciuma,41,0,0,0
0,,0,,1988,0,0,0,Nautico,5,0,0,0
0,,0,null,832,0,0,0,Ponte Preta,24,0,0,0
0,,0,,231,0,0,0,Atletico-MG   ,20,0,0,0
16,41%,9,78%,8043,0,2,7,  Fortaleza,2,2,10,343
0,,0,,4234,0,0,0,Atletico-MG,1,0,0,0
15,53%,5,81%,7885,0,1,5,Bragantino,24,5,8,488
5,52%,0,  ,5241,0,2,2,Gremio,26,1,5,488
0,,0,,3395,0,0,0,Atletico-MG,31,0,0,0
0,,0,,3806,0,0,0,Cruzeiro,34,0,0,0
N/A,,0,,3609,0,0,0,Atletico-MG,15,0,0,0
17,64%,1,90%,9049,0,3,6,Mirassol,27,1,13,392
  ,55%,5,86%,6674,0,1,4,Atletico-MG,17,1,14,607
0,,0,,3303,0,0,0,Gremio   ,22,0,0,0
22,53%,7,N/A,7615,0,3,6,Flamengo,35,0,11,426
12,51%,6,93%,8867,1,2,4,Vasco,9,3,12,370
11,-,7,,5866,0,3,0,Bahia,13,2,14,null
11,null,6,94%,9136,0,4,1,Gremio,35,0,7,498
0,,0,,3899,0,0,0,Atletico-MG,6,0,0,0
0,,0,,4416,0,0,0,Vasco,19,0,0,0
17,60%,6,89%,8269,0,3,7,Cuiaba,25,2,18,538
0,,0,N/A,210,0,0,0,Corinthians,18,0,0,  
12,41%,3,81%,6359,0,1,4,Ceara,24,1,10,423
6,37% un,4,77%,7482,0,3,2,JUVENTUDE,22,2,15,325
13,53%,6,88%,9071,0,3,3,Internacional   ,29,4,16,195
0,,0,,1826,0,0,0,Goias,26,0,0,
10,67%,0,,4927,0,5,8,fluminense,33,0,12,440
10,40%,2,82%,6625,0,4,2,CSA,12,0,13,350
16,53%,4,77%,8325,0,4,8,Flamengo,30,2,10,433
0,,0,,86,0,0,0,SANTOS,8,0,0,0
18,55%,0,,5431,1,4,7,Coritiba,7,4,18,411
0,,0,,168,0,0,0,Fortaleza,15,0,0,0
0,,0,,2576,0,0,0,Internacional,25,0,0,0
0,,0,,4257,0,-9,0,Goias,4,0,0,0
0,,0,,4205,0,0,0,Gremio,36,0,0,0
14,35%,7,76%,7366,0,1,6,Palmeiras,11,3,19,280
0,,0,,764,0,0,0,Cruzeiro,18,0,0,0
0,,0,,202,0,0,0,Fluminense,17,0,0,0
13,45%,0,,5414,0,3,7,Ponte Preta,5,2,15,
0,,0,,2695,0,0,0,  Gremio,37,0,0,0
0,,0,,375,0,0,0,Fortaleza,32,0,0,0
0,,0,,306,0,0,0,Sao Paulo,26,0,0,0
0,,0,,426,0,0,0,Corinthians,36,0,0,0
17,66%,7,,5799,0,4,6,Chapecoense,6,2,22,467
12,54%,0,,5578,0,3,6,Santa Cruz,22,4,13,428
14,57%,5,84%,6494,0,1,5,Botafogo-RJ,37,4,13,475
0,,0,,3333,0,0,0,fluminense,25,0,0,0
0,,0,,4031,0,0,0,Flamengo,19,0,0,0
0,,0,,2588,0,0,0,Flamengo,27,0,0,0
9,42%,3,76%,6371,0,1,6,Bahia,25,0,14,384
8,47%,0,,5105,0,1,3,Corinthians,12,1,6,453
0,,0,,1544,0,0,0,Botafogo-RJ,40,0,0,0
14,62%,3,94%,8942,0,2,8,SAO PAULO,16,0,12,495
19,49%,0,,5342,0,2,9,Sao Paulo,36,3,10,441
14,55%,3,80%,6373,0,7,4,  Santos,25,5,15,425
0,,0,,1594,0,0,0,Fluminense,3,0,0,0
N/A,,0,,3919,0,0,0,Atletico-GO,8,0,0,0
0,,0,,1017,0,0,0,Athletico-PR,39,0,0,0
0,,0,,3729,0,0,0,Santos,27,0,0,0
0,,0,,122,0,0,0,  Cruzeiro,11,0,0,0
3,48%,1,83%,6659,1,3,1,Sao Paulo,16,2,16,449
0,,0,,6820,0,0,0,Athletico-PR,32,0,0,0
0,,0,,3800,0,0,0,Flamengo,34,0,0,0
11,43%,5,76%,7869,0,2,4,Flamengo,23,0,16,385
7,36%,4,82%,6785,0,2,2,CSA   ,28,5,13,351
15,46%,7,82%,7484,0,5,7,Gremio,22,0,18,437
13,38%,4,89% un,9123,0,3,2,Sport,37,1,10,319
0,,0,,3894,0,0,0,Nautico,5,0,0,0
8,63%,5,93%,8908,0,2,5,Vasco,13,0,13,530
14,,5,83%,7526,0,1,3,Fortaleza,27,4,12,498
0,,0,,1869,0,0,0,Gremio,31,0,0,0
5,31%,1,,6094,0,3,4,Coritiba,35,0,20,235
0,,0,,3418,0,0,0,Gremio,34,0,0,0
14,49%,8,,6124,0,5,5,Vasco,38,2,18,333
17,47%,7,82%,7136,0,2,5,  Sao Paulo,26,3,9,485
10,,5,85%,7021,0,2,4,Fluminense,14,4,15,472
0,,0,,3390,0,0,0,Ceara,31,0,0,
0,,0,,782,0,0,0,GREMIO,20,0,0,0
0,,0,,3992,0,0,0,Botafogo-RJ,15,0,0,0
0,,0,N/A,4595,0,0,0,Gremio,37,0,0,0
10,39%,4,75%,7840,0,3,6,Athletico-PR,20,1,15,312
0,,0,,2812,0,0,0,Fluminense,11,0,0,0
4,null,4,87%,8907,0,1,5,Vitoria,13,1,12,326
0,,0,,403,0,0,0,Bahia,34,0,0,0
0,,0,,3339,0,0,0,Palmeiras,26,0,0,0
0,,0,,1389,0,0,0,Fluminense   ,26,0,0,0
0,,0,,1607,0,0,0,Sao Caetano,5,0,0,0
0,,0,,1357,0,0,0,Santos,23,0,0,0
8,-,3,88%,8918,0,2,3,Santos,14,1,13,213
14,58%,4,81%,7857,0,2,5,Corinthians,22,1,15,490
6,31%,4,,8787,0,1,4,Fortaleza,1,4,16,0
  ,42%,6,83%,8070,0,1,7,Goias,5,1,9,406
13,48%,0,,5619,1,0,4,Cruzeiro,26,2,12,377
0,,0,,2361,0,0,0,Cruzeiro,4,0,0,0
14,43%,1,69%,7253,0,2,3,Goias,37,1,18,317
20,51%,6,75%,7751,1,2,10,Ceara   ,11,3,14,369
6,57%,2,81%,7945,0,2,3,AVAI,30,2,17,441
16,52%,0,,5293,0,1,7,Vasco,31,2,16,427
0,null,0,,2983,0,0,0,Nautico,28,0,0,0
10,44%,2, 73% ,6339,0,3,3,Atletico-MG,22,2,21,416
15,56%,3,88%,9028,0,2,7,Juventude,25,1,20,  
0,,0,,43,0,0,0,Fortaleza   ,3,0,0,0
11,36%,0,,5012,1,4,2,Athletico-PR,3,4,7,324
15,51%,0,,5138,0,1,4,Sao Paulo,16,7,6,550
0,,0,,2071,0,0,0,Sport,11,0,0,0
0,,0,,3231,0,0,0,internacional,15,0,0,0
0,,0,,1107,0,0,0,Sao  Caetano,1,0,0,0
0,,0,,4024,0,0,0,Internacional,18,0,0,0
18,49%,6,75%,6554,0,2,10,Avai,5,3,14,348
0,,0,,1669,0,0,0,Juventude,11,0,0,0
0,,0,,3452,0,0,0,Guarani,37,0,0,0
-,,0,,3773,0,0,0,Bahia,31,0,0,0
0,,0,,1176,0,0,0,Botafogo-RJ,7,0,0,0
8,40%,3,-,7514,1,5,3,Gremio,25,1,25,319
11, 57% ,3,,5864,0,1,4,Botafogo-RJ,12,1,14,503
13,28%,6,74%,8178,0,2,2,Cuiaba,16,2,9,212
9,46%,3,79%,7630,0,3,6,Juventude,37,1,13,291
0,,0,,2574,0,0,0,Santos,25,0,0,0
0,,0,,4404,0,0,0,Coritiba,18,0,0,0
16,61%,2,86%,8390,0,4,6,Botafogo-RJ,37,3,17,523
10,53%,3,87%,7178,1,2,10,Vasco,30,1,10,507
0,,0,,3351,0,0,0,Vitoria,27,0,0,0
N/A,,0,,4434,0,0,0,VITORIA,21,0,0,0
0,,0,,3951,0,0,0,Atletico-GO,11,0,0,0
0,,0,,3347,0,0,0,Goias   ,27,0,0,0
14,30%,1,77%,6133,0,-9,9,Chapecoense,1,1,16,271
14,39%,5,81%,8309,0,2,1,cruzeiro,29,1,11,349
9,55%,0,,5157,0,1,8,Palmeiras,18,1,11,475
0,,0,,4985,0,0,0,Fluminense,38,0,0,0
18,51%,0,,5590,0,2,5,Atletico-MG,23,3,17,406
0,,0,,4344,0,0,0,Corinthians,12,0,0,0
0,,0,,1351,0,0,0,Figueirense,23,0,0,0
0,,0,,4125,0,0,0,Gremio,28,0,0,0
0,,0,,4394,0,-6,0,Flamengo,17,0,0,0
4,46%,3,80%,6546,0,2,2,Cruzeiro,5,1,12,442
12,38%,0,,5506,0,3,4,PALMEIRAS,14,3,17,287
0,,0,,2223,0,0,0,atletico-mg,27,0,0,0
10,67%,6,90%,6302,0,2,6,Gremio,20,0,13,752
0,,0,,1349,0,0,0,Palmeiras,23,0,0,0
0,,0,-,8417,0,0,0,Vasco,2,0,0,0
0,,0,,3959,0,0,0,BOTAFOGO-RJ,12,0,0,null
0,,0,,3870,0,0,0,Bahia,3,0,0,  
0,,0,,1345,0,0,0,figueirense,22,0,0,0
0,,0,,761,0,0,0,Athletico-PR,18,0,0,0
0,,0,,8721,0,0,0,Sao Paulo,32,0,0,0
0,,0,,3825,0,0,0,  Santos,36,0,0,0
0,,0,,2516,0,0,0,Internacional,19,0,0,
13,63%,5,83%,8374,1,2,7,  Palmeiras,35,1,11,438
6,53%,0,,4892,0,3,4,Coritiba,29,3,15,418
17,48%,10,82%,8137,1,1,9,  Fluminense,12,2,9,443
0,,0,,1268,0,0,0,Coritiba,15,0,0,0
6,38%,2,70%,8180,0,3,3,Gremio,16,0,7,355
0,  ,0,,1798,0,0,0,Vasco,24,0,0,0
16,61%,5,86%,8296,0,1,13,Cuiaba,28,4,13,459
0,,0,null,4525,0,0,0,Coritiba,30,0,0,0
0,,0,,1953,0,0,0,Atletico-MG,1,0,0,0
13,54%,7,86%,6481,0,2,6,Cruzeiro,36,2,18,
0,,0,,8713,0,0,0,SAO PAULO,31,0,0,0
0,,0,,838,0,0,0,Vitoria   ,24,0,0,
15,52%,6,,5893,0,3,4,Cruzeiro,15,3,18,438
8,46%,0,,5059,1,0,3,Atletico-MG,8,1,14,457
13,47%,4,76%,6808,1,4,8,Avai,31,0,19,359
0,,0,,4183,0,0,0,Atletico-GO,34,0,0,0
0,,0,,1030,0,0,0,Juventude,40,0,0,0
18,47%,6,76%,7843,0,1,7,America-MG,20,0,16,
12,54%,6, 80% ,8215,0,5,5,Athletico-PR,19,1,22,428
0,,0,,1154,0,0,0,Atletico-MG,5,0,0,0
10,40%,0,N/A,5080,0,5,4,Coritiba,10,5,11,394
0,,0,,2277,0,0,0,Athletico-PR,34,0,0,0
9,64%,0,,5491,0,1,11,Santos,13,1,13,639
0,,0,,3549,0,0,0,Avai,9,0,0,0
13,54%,5,83%,6729,0,3,4,  Athletico-PR,23,1,14,491
7,59%,0,88% un,8255,0,1,3,Botafogo-RJ,23,1,12,543
0,,0,,8460,0,0,0,Vasco,6,0,0,0
14,36%,5,74%,7447,0,3,3,Cuiaba,19,0,11,330
11,55%,5,81%,6516,0,2,5,Flamengo,2,3,9,
0,,0,,2674,0,0,0,Gremio,35,0,0,0
12,42%,5,79%,6607,0,1,5,  Cruzeiro,11,2,8,384
0,,0,,3138,0,0,0,vitoria,6,0,0,0
0,,0,,2681,0,0,0,Gremio,36,0,0,0
0,,0,,2643,0,0,0,Vitoria,32,0,0,0
12,48%,4,75%,7404,0,2,5,Ceara,14,2,13,313
0,,0,,949,0,0,0,Vasco,34,0,0,0
5,30%,3,76%,7862,0,2,4,Athletico-PR,22,1,14,260
13,59%,7,84%,7292,0,3,3,Fortaleza,3,2,22,480
0,,0,,2226,0,0,0,Vasco,27,0,0,0
15,39%,3,74%,8142,0,2,3,America-MG,12,0,25,311
14,67%,7,90%,8979,0,1,10,Sao Paulo,20,1,17,454
10,49%,3,80%,8375,0,3,4,Goias,35,0,18,N/A
0,,0,,1888,0,0,0,ATHLETICO-PR,33,0,0,0
0,N/A,0,,4528,0,0,0,Cruzeiro,31,0,0,0
0,,0,,1659,0,0,0,Gremio,10,0,0,null
0,,0,,4050,0,0,0,Flamengo,21,0,0,0
14,55%,6,,6015,0,2,5,Santos,28,0,12,463
0,,0,,2647,0,0,0,Portuguesa,33,0,0,0
10,35%,4,,6880,0,1,3,Atletico-MG,38,1,16,272
N/A,,0,,8740,0,0,0,palmeiras,34,0,0,0
6,  ,1,65%,8081,0,1,1,Santos,6,3,12,247
4, 47% ,1,82%,6977,0,1,1,Sport,9,2,14,null
6,38%,1,73%,7815,0,1,4,Cuiaba,17,1,12,310
0,,0,,2126,0,0,0,BOTAFOGO-RJ,17,0,0,0
0,,0,,8457,0,0,0,Athletico-PR,6,0,0,0
10, 40% ,2,80%,7008,0,1,3,Bragantino,13,1,18,377
0,,0,,2224,0,0,0,Athletico-PR,27,0,0,0
0,,0,N/A,4220,0,0,0,Gremio,38,0,0,0
8,-,2,90%,8941,0,1,2,Bragantino   ,16,2,10,314
0,,0,,3520,0,0,0,Fluminense,6,0,0,0
0,,0,,808,0,0,0,Gremio   ,22,0,0,0
0,,0,,8658,0,0,0,Botafogo-RJ,26,0,0,0
0,,0,,4228,0,0,0,Portuguesa,1,0,0,0
0,,0,,1987,0,0,0,Botafogo-RJ,5,0,0,0
0,,0,-,8711,0,0,0,Bragantino,31,0,0,0
0,,0,,2784,0,0,0,Vitoria,8,0,0,0
22,63%,8,87%,6390,0,1,6,Atletico-MG   ,27,2,18,563
0,,0,,800,0,0,0,Coritiba,21,0,0,0
12,65%,3,84%,6272,0,4,9,  Gremio,15,2,23,566
5,51%,0,,5283,0,5,0,  Athletico-PR,30,3,20,384
0,,0,,902,0,0,0,Vasco,30,0,0,0
11,44%,3, 89% ,9020,0,2,11,juventude,24,0,10,409
N/A,59%,0,,5098,0,3,5,Santos,12,1,8,546
12,51%,6,,5952,0,4,7,  Ponte Preta,21,1,18,393
0,,0,,4965,0,0,0,Botafogo-RJ,36,0,0,0
10,40%,5,78%,8347,0,1,4,Coritiba,33,1,13,385
0,,0,,3494,0,0,0,Internacional,3,0,0,0
16,56%,5,83%,7359,0,2,2,  Fortaleza,10,2,18,466
12,56%,6,89%,8189,0,2,0,  Corinthians,17,0,12,648
  ,,0,,867,0,0,0,Sao Paulo,27,0,0,N/A
0,,0,,8489,0,0,0,Internacional,9,0,0,0
N/A,,0,,387,0,-9,0,Athletico-PR,33,0,0,0
0,,0,,4291,0,0,0,Corinthians,7,0,0,0
15,51%,5,91%,8876,0,4,6,Fluminense,10,0,11,
10,56%,4,84%,7279,0,1,1,Cuiaba,2,4,15,489
0,,0,,1168,0,0,0,Botafogo-RJ,6,0,0,0
7,67%,2,80%,8038,0,3,5,Bragantino,2,2,21,508
0,,0,,8744,0,0,0,Internacional,34,0,0,0
0,,0,,3223,0,0,0,Gremio Prudente,14,0,0,null
0,,0,,200,0,0,0,Vasco,17,0,0,0
10,43%,0,,5163,0,1,4,Sport,18,4,8,391
N/A,,0,,1714,0,0,0,Ponte Preta,15,0,0,0
19,72%,8,86%,7160,0,1,11,Flamengo,28,0,12,672
0,,0,,1304,0,0,0,Vasco,19,0,0,0
  ,59%,9,87%,6802,0,2,5,Gremio,30,1,16,518
0,,0,  ,2475,0,0,0,Botafogo-RJ,15,0,0,0
0,,0,,2563,0,0,0,Portuguesa,24,0,0,0
0,,0,,3771,0,0,0,Corinthians,31,0,0,0
12, 47% ,7,83%,7692,0,1,4,Santos,5,1,14,417
0,,0,,8623,0,0,0,Atletico-GO,22,0,0,0
0,,0,,1469,0,0,0,Internacional,34,0,0,0
12, 51% ,3,84% un,7961,0,3,3,Botafogo-RJ,32,1,15,488
8,44%,5,78%,8326,0,2,2,Bahia,31,1,15,405
,,0,,3780,0,0,0,Vasco,32,0,0,0
0,,0,,4428,0,0,0,Fluminense,21,0,0,0
0,,0,,2860,0,0,0,Avai,16,0,0,0
8,48%,2,,5833,0,2,1,Cruzeiro,9,3,23,392
0,,0,,1016,0,0,0,Figueirense,39,0,0,-
11,42%,3,78%,7701,2,1,4,Cuiaba,7,2,9,319
null,-,2,84%,7153,0,0,8,bragantino,27,1,6,486
0,  ,0,,1030,0,0,0,Vitoria,40,0,0,0
16,57%,2,83%,8030,0,3,8,GOIAS,1,1,18,478
8,46%,2,,5001,0,1,0,fluminense,2,2,9,411
15,56%,6,85%,6854,0,4,5,Sao Paulo,35,2,29,486
0,,0,,2134,0,0,0,Gremio,18,0,0,0
0,,0,,3921,0,0,0,Vasco,8,0,0,0
0,,0,,1102,0,0,0,Juventude,46,0,0,0
,,0,,2362,0,0,0,Nautico,4,0,0,0
0,,0,,3693,0,0,0,Coritiba,23,0,0,0
6,40%,2,,6052,0,3,2,Atletico-GO,31,1,18,348
0,,0,,4242,0,0,0,Vitoria,2,0,0,0
22,60%,10,89%,7123,0,2,5,Gremio,24,1,9,604
0,,0,,436,0,0,0,  Gremio,37,0,0,0
0,,0,,1420,0,0,0,Palmeiras,29,0,0,0
6,44%,4,77%,7280,0,3,4,corinthians,2,0,19,386
0,,0,,8676,0,0,0,Atletico-MG,28,0,0,0
7,N/A,0,,5032,0,3,10,Avai,5,3,12,395
15,-,7,,6059,0,1,3,Coritiba,32,2,15,405
0,,0,,2072,0,0,0,Gremio,11,0,0,0
12,48%,4,77%,6774,0,2,6,Bahia,27,4,14,384
7,56%,1,80%,6339,0,1,6,CORINTHIANS,22,0,16,522
0,,0,,3724,0,0,0,Cruzeiro,26,0,0,0
0,,0,,8445,0,0,0,Sao Paulo,4,0,0,0
11,39%,7,78%,6382,0,4,1,Botafogo-RJ,26,2,17,null
0,,0,,1725,0,0,0,Goias,16,0,0,0
7,59%,2,82% un,7413,0,2,3,Atletico-GO,15,0,15,516
2,26%,1,61%,6283,0,2,2,America-MG,16,1,13,234
0,,0,,1146,0,0,0,Parana,4,0,0,0
0,N/A,0,,972,0,0,0,Botafogo-RJ   ,35,0,0,0
0,,0,,2862,0,0,0,Fluminense,16,0,0,0
0,,0,,4019,0,0,0,Sao Paulo,18,0,0,0
0,,0,,4580,0,0,0,Athletico-PR,36,0,0,0
9,64%,2,85%,7124,0,2,3,Atletico-MG,24,4,18,584
20,53%,0,,5451,0,0,10,Atletico-MG,9,1,9,  
0,,0,,1513,0,0,0,Botafogo-RJ,38,0,0,0
0,,0,,2041,0,0,0,Athletico-PR   ,9,0,0,N/A
11,62%,0,,5218,0,3,5,ATLETICO-MG,24,3,17,587
9,N/A,0,,5179,0,1,8,Figueirense,20,8,19,284
0,,0,,446,0,0,0,Sao Caetano,38,0,0,0
0,,0,,137,0,0,0,  Parana,12,0,0,0
0,,0,,8574,0,0,0,athletico-pr,17,0,0,0
0,,0,,1791,0,0,0,Sao Paulo,23,0,0,0
,N/A,6,85%,7136,1,2,3,Atletico-MG,26,3,10,533
9, 42% ,3,76%,7857,0,2,3,palmeiras,22,4,10,369
0,,0,,2752,0,0,0,Sport,5,0,0,0
0,,0,,2956,0,0,0,  Cruzeiro,25,0,0,0
0,,0,,1840,0,0,0,Palmeiras,28,0,0,0
-,-,0,,2842,0,0,0,Goias,14,0,0,0
11,49%,2,87%,7437,0,4,4,Santos,18,3,14,445
4,52%,0,,5349,1,1,2,Ponte  Preta,37,1,27,371
9,45%,0,85%,8958,0,3,4,Gremio,18,1,15,316
15,-,6,  ,7163,0,2,4,Vasco,28,2,17,423
15,56%,0,,5305,0,4,5,Cruzeiro,32,0,11,N/A
0,,0,,700,0,0,0,Vasco,13,0,0,N/A
0,,0,,11,0,0,0,Parana,1,0,0,0
0,,0,,4128,0,0,0,Santos,29,0,0,0
0,,0,,8406,0,0,0,Internacional,1,0,0,0
3,60%,1,86%,7167,0,1,2,Athletico-PR,29,0,10,584
6,N/A,4,80%,6202,0,6,3,PALMEIRAS,8,1,18,439
7,32%,4,78%,6188,0,4,1,Flamengo,7,4,13,306
18,49%,2, 83% ,8312,0,1,6,Cuiaba   ,29,2,11,459
18,40%,7,84% un,7129,0,3,7,BAHIA,25,1,20,343
0,,0,,926,0,0,0,  Paysandu,32,0,0,0
0,,0,,2081,0,0,0,Goias,13,0,0,0
0,,0,,1240,0,0,0,Fluminense,13,0,0,0
13,55%,6,81%,6421,1,2,4,  Fluminense,30,2,14,500
0,,0,,2297,0,0,0,Parana,36,0,0,0
10,48%,3,83%,7308,0,3,8,Corinthians,5,2,18,505
11,55%,1,,6079,0,1,5,  Flamengo,34,6,18,456
0,-,0,,962,0,0,0,Figueirense,35,0,0,0
,,0,,1019,0,0,0,  Ponte Preta,39,0,0,null
0,,0,,8716,0,0,0,Gremio,32,0,0,0
7,40%,0,,5428,0,4,3,Chapecoense,7,1,22,312
0,,0,,4016,0,0,0,Figueirense,17,0,0,0
12,51%,5,  ,6039,0,1,4,Palmeiras,30,0,19,482
16, 43% ,2,80%,8075,1,1,4,Fortaleza,5,3,9,369
0,,0,,1173,0,0,0,sao caetano,7,0,0,0
0,,0,,1572,0,0,0,Cruzeiro,1,0,0,0
16,59%,0,,5726,0,2,10,Corinthians   ,36,1,22,481
5,34%,2,81%,6955,0,2,1,Goias,6,1,17,
0,,0,,3124,0,0,0,Ceara,4,0,0,0
, 47% ,0,,5366,0,1,4,Coritiba,38,1,20,295
0,,0,,4582,0,0,0,ponte preta,36,0,0,0
0,  ,0,,2874,0,0,0,Sport,17,0,0,0
11,41%,3,76%,7573,1,2,6,sport,31,0,11,346
14,40%,0,,5336,1,1,8,Vasco,35,6,12,305
12,47%,0,,5303,0,2,4,Avai,32,1,16,367
0,,0,,3536,0,0,0,Internacional,7,0,0,0
,60%,0,,5005,0,3,4,Sao Paulo,2,1,14,549
  ,44%,4,,5926,0,1,3,corinthians,19,1,2,454
15,63%,4,88%,7812,0,3,2,Atletico-MG,17,3,18,487
0,,0,,2077,0,0,0,Juventude,13,0,0,-
14,68%,4, 87% ,7487,0,1,10,Fortaleza   ,23,4,14,466
15,51%,0,,5370,0,1,5,Coritiba,1,1,19,444
0,,0,,1611,0,0,0,Sao Paulo,5,0,0,0
,  ,0,,610,0,0,0,Figueirense,5,0,0,0
0,,0,,4160,0,0,0,Fluminense,32,0,0,0
10,52%,0,,5104,0,0,2,Sao Paulo,12,4,10,507
0,-,0,,3414,0,0,0,Ceara,33,0,0,0
6,52%,4,80%,7620,0,3,3,Fluminense,36,0,18,334
0,,0,,3173,0,0,0,  Fluminense,9,0,0,0
11,48%,1, 90% ,8880,0,4,3,Palmeiras,10,1,12,340
0,,0,,3838,0,0,0,Flamengo,38,0,0,0
0,,0,,1197,0,0,0,Figueirense,9,0,0,0
6,34%,1,75%,7410,0,1,4,Juventude,15,1,17,310
0,,0,,978,0,-2,0,Atletico-MG,36,0,0,0
0,,0,,3161,0,0,0,Corinthians   ,8,0,0,0
16,43%,6,81%,7996,0,0,4,Avai,36,0,13,377
0,,0,,4959,0,0,0,Sao Paulo,36,0,0,0
0,,0,,2773,0,0,0,corinthians,7,0,0,0
0,,0,,871,0,0,0,Corinthians,27,0,0,0
0,,0,,3027,0,0,0,Santos,33,0,0,0
N/A,,0,,3109,0,0,0,PALMEIRAS,3,0,0,0
6,49%,0,,5370,2,2,0,Cruzeiro,1,4,23,442
0,,0,,4221,0,-7,0,Atletico-MG,38,0,0,  
0,,0,,232,0,0,0,Figueirense,20,0,0,0
0,null,0,,4066,0,0,0,Sport,22,0,0,0
18,73%,3,83%,7719,0,3,9,Botafogo-RJ,8,4,12,485
0,,0,,2982,0,0,0,Fluminense,28,0,0,0
9,36%,2,88%,8896,1,2,4,Bragantino,12,1,3,305
17,56%,0,,5576,0,2,8,Corinthians,21,1,15,484
0,,0,-,673,0,0,0,Criciuma,11,0,0,0
null,,0,,43,0,0,0,Sao Caetano,3,0,0,0
20,40%,0,,5489,1,2,10,vitoria,13,5,18,238
27,66%,7,90%,6850,0,2,13,FLAMENGO,35,0,13,553
16,35%,7,71%,7240,0,6,9,Internacional,36,0,20,257
18,48%,8,80%,8291,0,3,6,Vasco,27,1,7,383
0,,0,,3734,0,0,0,Internacional,27,0,0,0
0,,0,,1515,0,0,0,Fortaleza   ,38,0,0,0
10,52%,2,75%,7444,0,4,8,Bahia,18,3,21,398
,57%,3,93%,9110,0,1,7,Botafogo-RJ,33,2,17,374
0,,0,,4782,0,0,0,FIGUEIRENSE,17,0,0,0
0,,0,,4444,0,0,0,Athletico-PR,22,0,0,0
0,,0,,3333,0,0,0,Vitoria,25,0,0,0
0,,0,,4025,0,0,0,Palmeiras   ,18,0,0,0
12,66%,4,90%,6671,0,2,1,Flamengo,17,0,15,658
0,,0,,3778,0,0,0,Ceara,32,0,0,N/A
17,49%,0,,5590,0,5,6,Vitoria,23,5,17,394
0,,0,,728,0,0,0,  Athletico-PR,15,0,0,0
8,67%,0,,5165,0,2,9,Cruzeiro,18,3,10,627
11,41%,6,92%,9095,0,2,5,Sao Paulo,31,2,15,319
0,,0,,1726,0,0,0,Parana,16,0,0,0
12,52%,1,83%,7030,0,3,4,Bahia,15,0,18,429
23,56%,8,79%,6540,0,2,8,Santos,4,1,18,435
0,,0,,4858,0,0,0,Sport,25,0,0,0
0,,0,,909,0,0,0,Parana,30,0,0,0
16,61%,2,86%,8390,0,4,6,Botafogo-RJ,37,3,17,523
0,,0,,8592,0,0,0,  Criciuma,19,0,0,0
0,,0,,42,0,0,0,CRICIUMA,3,0,0,0
10,55%,4,90%,6983,2,2,5,Corinthians,9,1,13,517
12,37%,5, 77% ,6550,0,3,3,CSA,5,2,9,342
0,,0,,2657,0,0,0,Portuguesa,34,0,0,0
0,,0,,1550,0,0,0,Cruzeiro,41,0,0,0
0,,0,,4112,0,0,0,Flamengo,27,0,0,0
10,52%,4,88%,9069,0,3,5,Botafogo-RJ,29,1,13,330
0,,0,,4712,0,0,0,athletico-pr,10,0,0,0
-,N/A,1,84%,6905,1,3,8,Sport,2,4,17,416
0,,0,,4307,0,0,0,Criciuma,9,0,0,0
0,,0,,2583,0,0,0,Cruzeiro,26,0,0,0
15,52%,5,81%,7717,1,2,8,Sao Paulo   ,8,2,19,
8,27%,4,69%,7347,0,4,2,America-MG,9,4,13,245
0,,0,,8753,0,0,0,Criciuma,35,0,0,0
0,,0,,3412,0,0,0,Cruzeiro,33,0,0,0
0,,0,,317,0,0,0,Figueirense,27,0,0,0
0,,0,,3356,0,0,0,Atletico-GO,27,0,0,0
0,null,0,,962,0,0,0,Vasco   ,35,0,0,0
0,,0,,3755,0,0,0,Coritiba   ,29,0,0,0
0,,0,,3950,0,0,0,Nautico,11,0,0,0
0,,0,,1567,0,0,0,JUVENTUDE,1,0,0,0
9,38%,0,,5600,0,2,1,Botafogo-RJ,24,2,16,312
7,49%,0,,5702,0,0,4,Palmeiras,34,2,10,333
16,44% un,5,85%,8829,0,2,5,Juventude   ,5,1,16,338
16, 45% ,2,-,6623,0,1,7,Goias,12,1,14,397
18,65%,6,81%,8155,0,5,7,Goias,13,1,20,477
0,,0,,4506,0,0,0,Bahia,28,0,0,0
13,69%,1,N/A,6630,0,1,7,flamengo,13,2,14,582
0,,0,,1574,0,0,0,Santa Cruz,1,0,0,0
,,0,,8574,0,0,0,fluminense,17,0,0,0
0,,0,,2358,0,0,0,internacional,4,0,0,0
12,43%,5,81%,7767,0,4,3,Santos,13,0,13,341
  ,,0,null,2501,0,0,0,Atletico-MG,18,0,0,0
0,,0,,4081,0,0,0,Sport   ,24,0,0,0
0,,0,,3403,0,0,0,Goias,32,0,0,0
0,,0,,1481,0,0,0,Atletico-MG   ,35,0,0,0
16,52%,6,85%,7839,0,0,6,Flamengo,20,1,12,469
0,,0,,1719,0,0,0,Figueirense,16,0,0,0
,60%,1,89%,7187,0,0,4,  Athletico-PR,31,2,14,528
18,59%,7,90%,9054,0,3,7,Santos,27,1,15,416
0,,0,,2483,0,0,0,Internacional,16,0,0,0
13,51%,0,,5393,0,2,6,Coritiba,3,0,18,419
0,,0,,4137,0,0,0,Flamengo,30,0,0,0
12,51%,6,87%,8872,0,2,12,Palmeiras,9,0,12,302
0,,0,,8440,0,0,0,Fluminense,4,0,0,0
15,61%,3, 89% ,9035,0,2,7,Sao Paulo,25,0,14,474
0,,0,,2099,0,0,0,Athletico-PR   ,15,0,0,0
0,,0,,4496,0,0,0,Flamengo,27,0,0,0
0,,0,-,206,0,0,0,Fortaleza,18,0,0,0
9,57%,0,,5484,0,2,8,Santa Cruz,12,4,15,453
0,,0,,3882,0,0,0,  Vasco,4,0,0,0
13,45%,3,82%,6978,1,2,2,Coritiba,9,2,13,396
0,,0,,2006,0,0,0,Santos,12,0,0,0
0,,0,,812,0,0,0,Paysandu,22,0,0,0
0,,0,,798,0,0,0,Parana,21,0,0,0
0,,0,,4410,0,0,0,Fluminense,19,0,0,0
  ,44%,5,76%,7494,0,2,2,Santos,23,0,18,385
0,,0,,3179,0,0,0,Vitoria,10,0,0,0
0,,0,,85,0,0,0,FLAMENGO,8,0,0,0
0,,0,,2460,0,0,0,Vasco,13,0,0,0
0,,0,,1449,0,0,0,Parana,32,0,0,0
0,,0,,1603,0,0,0,Corinthians,4,0,0,0
7,26%,2,72%,7888,0,2,6,Athletico-PR,25,1,15,241
0,,0,,4178,0,0,0,Gremio,34,0,0,0
8,39%,4,67%,6401,0,3,2,Palmeiras,28,3,17,
0,,0,,8572,0,0,0,Botafogo-RJ,17,0,0,0
14,53%,4,,5884,0,4,3,Coritiba,14,5,19,329
23, 67% ,11,85%,7029,0,0,8,Atletico-MG,15,4,14,614
0,,0,,2703,0,0,0,Fluminense,38,0,0,0
0,,0,,3792,0,0,0,Cruzeiro,33,0,0,0
0,,0,,1533,0,0,0,FLUMINENSE,39,0,0,0
9,56% un,4,84%,7650,0,1,2,Botafogo-RJ,1,0,6,474
0,,0,,693,0,0,0,Botafogo-RJ,12,0,0,0
12,52%,5,80%,7934,1,1,6,Palmeiras,29,6,14,421
0,,0,,649,0,0,0,Guarani,9,0,0,0
0,,0,,342,0,0,0,Vasco,29,0,0,0
0,,0,,4953,0,0,0,Goias,34,0,0,0
0,,0,,8678,0,0,0,Bragantino,28,0,0,0
18,62%,6,87%,6405,0,1,10,CRUZEIRO,28,2,7,552
8,47%,2,82%,7968,1,3,4,Corinthians,33,0,11,454
8,43%,3,81%,7675,0,4,4,Santos,4,0,8,353
17,71%,1,88%,6735,0,3,8,Avai,23,1,11,593
12,43%,5,81%,7767,0,4,3,Santos,13,0,13,341
9,54%,0,  ,4898,0,1,6,Vitoria,30,3,12,470
0,,0,,340,0,0,0,Guarani,29,0,0,0
14,34%,0,,5169,0,0,8,Goias   ,19,1,4,339
0,,0,,749,0,0,0,Guarani,17,0,0,0
  ,,0,,4001,0,0,0,Vasco,16,0,0,0
0,,0,,401,0,0,0,Sao Paulo,34,0,0,0
10,53%,2,79%,7315,0,1,2,CUIABA,5,0,12,415
0,N/A,0,,374,0,0,0,Ponte Preta,32,0,0,0
0,,0,,8426,0,0,0,Fluminense,3,0,0,0
0,,0,,2024,0,0,0,Goias,7,0,0,0
0,,0,,2991,0,0,0,Barueri,29,0,0,0
0,,0,,4845,0,0,0,Goias,23,0,0,0
6,56%,1,87%,7438,0,2,4,Corinthians,18,0,7,593
0,,0,N/A,1104,0,0,0,Santos,46,0,0,0
0,,0,,1529,0,0,0,Vasco,39,0,0,0
14,53%,0,,5195,1,2,4,Cruzeiro,21,1,17,505
0,,0,,296,0,0,0,Atletico-MG,25,0,0,0
10,60%,0,,5422,0,6,5,Internacional,6,1,19,386
11,49%,3,,5793,0,1,6,  Vitoria,5,1,18,371
0,,0,,1845,0,0,0,Gremio,28,0,0,0
28,67%,12,81%,8004,0,0,9,Palmeiras,36,3,8,493
0,,0,,746,0,0,0,Corinthians,17,0,0,0
5,59%,0,77%,6655,0,0,3,Avai,15,2,15,449
13,,3,,5963,0,5,7,CHAPECOENSE,22,0,22,446
17,47%,4,82%,8088,0,4,9,Vasco,7,1,16,N/A
0,-,0,,262,0,0,0,Corinthians,22,0,0,0
20,56%,7,88%,8829,0,2,3,MIRASSOL,5,0,9,421
0,,0,  ,703,0,0,0,Guarani,13,0,0,0
0,,0,,2633,0,0,0,Santos,31,0,0,0
0,,0,,4847,0,0,0,Internacional,24,0,0,0
0,,0,,482,0,0,0,Internacional,41,0,0,0
16,62%,4,80%,7928,0,3,5,Ceara,29,0,15,407
9,47%,2,82%,6996,0,3,3,SPORT,12,1,11,  
15,64%,3, 84% ,6823,0,4,8,Ceara,32,0,17,null
0,,0,,4156,0,0,0,Sport,31,0,0,0
18,51%,9,,5793,0,1,10,Sao Paulo,5,1,14,N/A
13,51%,2,75%,6842,0,2,3,Internacional,33,0,19,421
0,,0,,4449,0,0,0,GOIAS,23,0,0,
0,,0,,4523,0,0,0,Internacional,30,0,0,0
0,,0,,1644,0,0,0,Gremio,8,0,0,0
14,44%,0,,5691,0,2,5,Chapecoense,33,5,18,387
0,,0,,4733,0,0,0,Palmeiras,12,0,0,0
0,,0,,2922,0,0,0,Santos,22,0,0,0
14,60%,5,,6099,0,4,4,Atletico-GO,36,1,12,509
0,,0,,2905,0,0,0,Goias,20,0,0,0
7,51%,0,,5213,0,3,1,Corinthians,23,2,14,351
0,,0,,3261,0,0,0,  Flamengo,18,0,0,0
0,,0,,752,0,0,0,Sao Caetano,17,0,0,-
0,,0,,595,0,0,0,Fluminense,4,0,0,0
0,,0,,2171,0,0,0,Palmeiras,22,0,0,0
20,,6,,6012,0,2,6,Sport,28,0,19,381
5,29%,3,64%,7974,0,4,4,Goias,33,5,16,227
0,,0,,4963,0,0,0,Figueirense,36,0,0,0
,N/A,4,75%,7918,0,2,7,Coritiba,28,3,12,256
16,52%,6, 81% ,6406,0,2,6,Flamengo,29,0,16,404
0,,0,,2343,0,0,0,Goias   ,2,0,0,0
0,,0,,3588,0,0,0,cruzeiro,13,0,0,0
0,,0,N/A,2342,0,0,0,Nautico,2,0,0,0
11,39%,5,90%,8955,0,4,7,atletico-mg,17,2,14,256
0,,0,,4352,0,0,0,cruzeiro,13,0,0,0
0,,0,,1496,0,0,0,Flamengo,36,0,0,null
10,49%,3,79%,7434,0,0,0,BRAGANTINO,17,2,15,449
0,,0,,2383,0,0,0,Portuguesa,6,0,0,0
0,,0,,8448,0,0,0,CORINTHIANS,5,0,0,0
10,38%,5,84%,9045,1,6,2,Cruzeiro,26,1,18,300
0,,0,  ,1663,0,0,0,Palmeiras,10,0,0,0
14,53%,2,N/A,6308,1,3,4,Parana,18,2,11,423
10,37% un,3,66%,8166,0,1,4,Botafogo-RJ,15,1,16,301
0,,0,,2388,0,0,0,sport,7,0,0,null
0,,0,,4020,0,0,0,Santos,18,0,0,0
null,,0,,413,0,0,0,Athletico-PR,35,0,0,0
19,77%,2,,7219,0,3,8,Atletico-MG,34,4,13,819
14,39%,5,70%,7503,0,3,5,Palmeiras,24,2,17,301
11,56%,3, 83% ,8113,0,-9,4,Goias,9,2,19,447
0,-,0,,6841,0,0,0,Athletico-PR,33,0,0,0
10,47%,3,74%,6492,0,2,1,America-MG,37,3,19,N/A
0,,0,,807,0,0,0,Goias,22,0,0,0
0,,0,,2478,0,0,0,Athletico-PR,16,0,0,0
0,,0,,3861,0,0,0,Bahia,2,0,0,0
14,43%,4,76%,8080,0,4,5,Fortaleza,6,1,22,389
0,,0,,3067,0,0,0,Sao Paulo,37,0,0,0
0,  ,0,,3131,0,0,0,  Atletico-MG,5,0,0,0
10, 47% ,2,80%,6293,0,4,6,Fluminense,17,1,12,348
5,43%,3,80%,6936,0,1,1,Athletico-PR,11,1,16,464
  ,,0,,4836,0,0,0,Gremio,22,0,0,0
0,,0,,726,0,0,0,Figueirense,15,0,0,0
10,34%,4,69%,7846,0,2,2,  America-MG,21,1,18,278
0,,0,,757,0,-7,0,Fluminense,18,0,0,0
0,,0,,1347,0,0,0,juventude,23,0,0,0
15,57%,0,,5669,0,3,6,Coritiba,31,2,14,436
0,,0,,4273,0,0,0,Coritiba,5,0,0,N/A
0,,0,  ,3307,0,0,0,Corinthians,23,0,0,0
0,,0,,930,0,0,0,Sao  Paulo,32,0,0,0
0,,0,,3898,0,0,0,Cruzeiro,6,0,0,0
0,,0,,3828,0,0,0,FIGUEIRENSE,37,0,0,0
0,,0,,8612,0,0,0,Fluminense,21,0,0,0
0,,0,,8703,0,0,0,Gremio,30,0,0,0
6,33%,3,62%,6927,0,1,2,  Internacional,5,3,20,306
0,,0,,873,0,0,0,Coritiba,27,0,0,0
15,73%,3,88%,8185,0,1,11,Fluminense,16,1,7,614
-,,0,,2434,0,0,0,Figueirense,10,0,0,0
0,,0,,912,0,0,0,Atletico-MG,30,0,0,0
0,,0,,406,0,0,0,Coritiba,34,0,0,0
0,,0,,435,0,0,0,Flamengo,37,0,0,0
11,55% un,3,,5782,0,5,7,Sao Paulo,4,3,12,
null,53%,5,80% un,6525,0,3,3,BOTAFOGO-RJ,2,0,11,482
0,,0,,8609,0,0,0,  Botafogo-RJ,21,0,0,0
0,,0,,4535,0,0,0,Fluminense,31,0,0,0
12,54%,4,86%,6587,0,6,5,Cruzeiro,9,2,15,426
0,,0,,3511,0,0,0,Athletico-PR,5,0,0,null
3,63%,0,,5541,0,2,2,Botafogo-RJ,18,1,12,546
,,0,,1641,0,0,0,Internacional,8,0,0,0
-,49%,2,87%,9042,1,5,4,Bahia,26,0,11,326
0,,0,,1595,0,0,0,Juventude,3,0,0,0
0,,0,,3289,0,0,0,FLUMINENSE,21,0,0,0
5,42%,1,80%,6151,0,3,0,  Corinthians,3,0,15,413
12,48%,6,91%,8992,0,4,11,Fortaleza,21,2,15,352
15,45%,5,84%,6839,0,2,2,Bahia,33,1,17,
0,,0,,4178,0,0,0,ponte preta,34,0,0,
0,,0,,2525,0,0,0,Sport,20,0,0,0
0,,0,,2708,0,0,0,Coritiba,1,0,0,0
null,,0,,4941,0,0,0,  Coritiba,35,0,0,0
12,41%,7,85%,7449,0,4,2,Juventude,19,1,20,437
14,,5,83%,7526,0,1,3,Fortaleza,27,4,12,498
N/A,,0,N/A,3973,0,0,0,Corinthians,13,0,0,0
0,,0,  ,4065,0,0,0,santos,22,0,0,0
0,,0,,1765,0,0,0,Figueirense,20,0,0,0
4,28%,0,62%,7631,0,1,1,Palmeiras,37,0,10,249
0,,0,,4211,0,0,0,Sao Paulo,37,0,0,0
8, 59% ,0,,5510,0,4,9,internacional,15,0,17,502
0,  ,0,,3075,0,0,0,Botafogo-RJ,37,0,0,0
0,,0,,2711,0,0,0,Fluminense,1,0,0,0
0,,0,,3365,0,0,0,Cruzeiro,28,0,0,0
23,68%,5,87%,7987,0,1,11,Botafogo-RJ,35,0,4,561
0,,0,,2540,0,0,0,PORTUGUESA,22,0,0,0
,55%,2,87%,9034,0,5,3,Flamengo,25,0,22,416
0,,0,,1285,0,0,0,Paysandu,17,0,0,0
,,0,,2482,0,0,0,Figueirense,16,0,0,0
9,33%,4,64%,7957,1,2,8,Fortaleza,32,1,24,234
0,,0,,923,0,0,0,Athletico-PR,31,0,0,0
0,,0,,3615,0,0,0,Sao Paulo,15,0,0,0
0,,0,,8634,0,0,0,Botafogo-RJ,23,0,0,0
12,46%,0,,5058,0,2,4,Sport,8,1,10,425
15,52%,0,,4865,0,1,6,Internacional,25,1,12,477
13,38%,6,72%,6260,0,3,3,Parana,14,4,23,337
,59%,6,83%,7923,0,1,6,Internacional,28,2,14,544
8,46%,0,,5198,1,2,5,Ponte Preta,22,1,19,383
0,,0,,2267,0,0,0,Fluminense,33,0,0,0
14,null,0,,5098,0,0,7,Goias,12,1,7,374
11,47%,0,,5304,0,2,9,GREMIO,32,4,16,416
0,,0,,2034,0,0,0,Fluminense,8,0,0,0
11,68%,4,,5933,0,2,8,Sao Paulo,19,0,12,567
9,40%,4,-,7933,0,0,4,cuiaba,29,2,5,422
16,42%,5,,5974,0,0,5,Botafogo-RJ,23,1,10,332
25,66%,7,80%,8359,0,2,7,BRAGANTINO,34,0,12,475
0,,0,,2649,0,0,0,coritiba,33,0,0,0
0,,0,,2238,0,0,0,Botafogo-RJ,30,0,0,0
0,,0,,1687,0,0,0,Gremio,13,0,0,0
8,40%,0,,5103,0,2,2,Flamengo,12,5,19,385
0,,0,,3205,0,0,0,flamengo,12,0,0,0
15, 57% ,0,,5036,0,1,9,  Palmeiras,5,3,15,456
0,,0,,1820,0,0,0,Sao  Paulo,26,0,0,0
0,  ,0,,3724,0,0,0,Vasco   ,26,0,0,  
17,56%,5,84%,6761,0,4,5,Corinthians,26,0,16,411
0,,0,,872,0,0,0,Fluminense,27,0,0,0
0,,0,,2675,0,0,0,vitoria,35,0,0,0
13,58%,0,,5275,0,4,7,Corinthians,29,1,15,445
0,,0,,1673,0,0,0,Cruzeiro,11,0,0,0
0,,0,N/A,1010,0,0,0,Goias,39,0,0,0
0,,0,,1761,0,0,0,Gremio,20,0,0,0
9, 23% ,1,72%,8008,2,1,3,Goias,37,3,11,192
7,53%,1,,6349,0,3,6,Athletico-PR,23,1,18,424
9,51%,2,null,7206,0,3,6,  Bahia,33,1,16,-
0,,0,,8724,0,0,0,Cruzeiro,32,0,0,0
0,,0,,4881,0,0,0,  Cruzeiro,27,0,0,0
10, 58% ,4, 85% ,6524,0,2,1,  Fluminense,2,3,14,517
16,44%,4,85%,7431,1,1,4,athletico-pr,17,1,12,479
0,,0,,2303,0,0,0,Atletico-MG,36,0,0,0
0,,0,,1699,0,0,0,Palmeiras,14,0,0,0
0,,0,,3074,0,0,0,Santo Andre,37,0,0,0
6,53%,3,84%,7325,0,3,1,Santos,6,2,14,483
0,,0,,15,0,0,0,Internacional,2,0,0,0
0,,0,,264,0,0,0,Sao Caetano,22,0,0,0
0,,0,,3065,0,0,0,Internacional,36,0,0,0
6,36%,3,90%,8913,0,3,1,Juventude,13,2,16,229
9,30%,4,64%,7324,2,1,2,ATHLETICO-PR,6,1,8,256
0,,0,,4287,0,0,0,Portuguesa,7,0,0,0
0,null,0,,65,0,0,0,Corinthians,6,0,0,0
0,,0,,738,0,0,0,Goias,16,0,0,0
0,,0,,2322,0,0,0,Corinthians,38,0,0,0
0,,0,,2756,0,0,0,FLUMINENSE,5,0,0,0
0,,0,,1909,0,0,0,Vasco,35,0,0,0
12,47%,7,79% un,7837,1,3,6,Ceara,20,0,14,373
11,44%,0,,4993,0,1,4,Corinthians,1,2,15,391
17,65%,8,89%,8837,0,2,7,Atletico-MG,6,3,5,358
7,47%,2,79% un,8324,0,1,1,Cruzeiro,30,0,14,333
0,,0,,2414,0,0,0,Gremio,9,0,0,0
0,,0,,4544,0,0,0,Internacional,32,0,0,0
,,0,,3088,0,0,0,Atletico-GO,1,0,0,0
0,,0,,2758,0,0,0,Sport,6,0,0,0
0,,0,,4667,0,0,0,Fluminense,7,0,0,0
0,,0,,3914,0,0,0,Flamengo,7,0,0,0
0,,0,,990,0,0,0,Palmeiras,37,0,0,0
0,,0,,4371,0,0,0,Goias   ,15,0,0,0
0,,0,,8690,0,-6,0,Vitoria,29,0,0,0
8,46%,0,,5219,1,5,3,  Internacional,24,2,21,367
0,,0,,4321,0,0,0,Bahia   ,10,0,0,0
0,,0,,4819,0,0,0,Coritiba,21,0,0,0
12,63%,5,84%,6443,0,2,11,Internacional,32,1,9,512
9,24%,6,60%,7656,0,4,2,Goias,2,0,16,198
13,44%,6,77%,6394,0,4,5,Ceara,27,0,15,335
-,36%,6,71%,8287,0,2,4,Cuiaba,27,2,11,306
0,,0,,4096,0,0,0,Botafogo-RJ,25,0,0,0
0,,0,,1801,0,0,0,Internacional   ,24,0,0,0
6,44%,1,74%,7925,0,-11,6,Goias,28,2,16,-
0,,0,,8734,0,0,0,Sao Paulo,33,0,0,0
0,,0,,1101,0,0,0,Internacional,46,0,0,0
0,,0,,3911,0,0,0,INTERNACIONAL,7,0,0,0
0,,0,,790,0,0,0,  Vitoria,20,0,0,0
0,,0,,2211,0,0,0,Palmeiras,26,0,0,0
12,46%,0,,5615,1,0,5,  Cruzeiro,25,0,8,436
0,,0,,4281,0,0,0,CORINTHIANS,6,0,0,0
0,,0,,1165,0,0,0,Ponte Preta,6,0,0,0
23,43%,6,71%,8282,0,2,8,ATHLETICO-PR,26,6,15,323
18,39%,8,80%,8332,1,6,2,Botafogo-RJ,31,0,12,301
0,,0,,4114,0,0,0,Bahia,27,0,0,0
20,71%,2,84%,7555,0,3,9,  Sao Paulo,34,1,14,597
0,,0,,8508,0,0,0,Atletico-GO,11,0,0,0
8,-,4,,5906,0,0,1,Botafogo-RJ,17,1,9,314
12,56%,3,,6120,0,3,2,Flamengo,38,2,13,472
12,44%,3,81%,7662,0,2,2,Athletico-PR   ,2,1,9,408
0,  ,0,,4349,0,0,0,Fluminense,13,0,0,0
0,,0,,4071,0,0,0,FLUMINENSE,23,0,0,0
0,,0,,3751,0,0,0,Cruzeiro,29,0,0,0
0,,0,,2963,0,0,0,Avai,26,0,0,0
0,,0,,4852,0,0,0,Figueirense,24,0,0,0
0,,0,,3732,0,0,0,Ceara,27,0,0,0
4,,2,,6028,1,1,6,Atletico-MG,29,4,16,427
0,,0,,3433,0,0,0,Atletico-GO,35,0,0,0
0,,0,,2534,0,0,0,Vasco   ,21,0,0,0
0,,0,  ,3421,0,0,0,Goias,34,0,0,0
17,60%,3,,5826,0,2,8,Vitoria,9,4,15,453
0,null,0,,4843,0,0,0,Bahia,23,0,0,0
15,,6,77%,7408,1,1,2,Fortaleza,15,2,13,324
0,,0,,1396,0,0,0,Sao Paulo,27,0,0,0
0,,0,,197,0,0,0,Paysandu,17,0,0,0
0,,0,,977,0,0,0,Santos,36,0,0,0
  ,30%,18,76%,8046,0,0,8,Fortaleza,3,2,8,256
25,51%,3,,6078,0,2,5,Vasco,34,2,15,380
18,69%,5,86%,6176,0,3,3,Atletico-MG,6,0,13,588
16,39%,5,68%,7864,0,1,6,America-MG,22,1,16,null
11,51%,3,,5463,0,2,5,chapecoense,10,3,16,315
0,,0,,158,0,0,0,Vasco,14,0,0,0
0,,0,,1003,0,0,0,  Juventude,38,0,0,0
15,59%,4,90%,8889,0,2,5,JUVENTUDE,11,4,11,N/A
0,,0,,209,0,0,0,Bahia,18,0,0,0
0,,0,,3645,0,0,0,  Bahia,18,0,0,0
7,57%,2,84%,6858,0,5,4,  Fluminense,36,0,20,488
0,,0,,432,0,0,0,Fortaleza,36,0,0,0
0,,0,,3315,0,0,0,AVAI,23,0,0,0
0,,0,,3044,0,0,0,BARUERI,34,0,0,0
0,,0,,1692,0,0,0,Vasco,13,0,0,0
12,48%,2,74%,7081,0,1,5,Bragantino,20,1,15,
4,43%,2,82%,8021,1,3,1,CORITIBA,38,2,8,389
0,,0,,303,0,0,0,Santos,26,0,0,0
0,,0,,8,0,0,0,Bahia,1,0,0,0
0,,0,,4957,0,0,0,Internacional,36,0,0,0
0,,0,,4131,0,0,0,Bahia,29,0,0,0
0, null ,0,,3207,0,0,0,BOTAFOGO-RJ,13,0,0,0
0,,0,,1077,0,0,0,Botafogo-RJ,44,0,0,0
14,33%,0,,5165,0,1,8,Joinville,18,0,10,298
14,47%,0,,5392,0,0,4,Fluminense,3,3,12,360
0,,0,,2887,0,0,0,  Avai,19,0,0,0
0,,0,,1525,0,0,0,sao paulo,39,0,0,0
0,,0,,1977,0,0,0,Atletico-MG,4,0,0,0
0,N/A,0,,3862,0,0,0,corinthians,2,0,0,0
0,,0,,155,0,0,0,Flamengo,13,0,0,0
0,,0,,2733,0,0,0,Gremio,3,0,0,0
0,,0,,742,0,-1,0,Coritiba,16,0,0,0
0,,0,,628,0,0,0,CORITIBA,7,0,0,0
0,,0,,8447,0,0,0,Bragantino,5,0,0,0
10,46% un,0,,5085,1,1,1,Figueirense,10,1,17,395
0,,0,,2994,0,0,0,Sport,29,0,0,0
0,,0,,3019,0,0,0,santo andre,32,0,0,0
  ,,0,  ,575,0,0,0,SAO PAULO,2,0,0,  
9,57%,2,88%,9103,0,2,3,  Mirassol,32,3,10,-
0,,0,,1263,0,0,0,Athletico-PR   ,15,0,0,0
19,58%,3,86%,6707,0,-11,5,Bahia,21,0,17,509
0,,0,,4723,0,0,0,  Corinthians,11,0,0,0
-, 42% ,2,92%,8984,0,2,3,Palmeiras,20,3,6,370
0,,0,,1065,0,0,0,Corinthians,43,0,0,0
0,,0,,352,0,0,0,Corinthians,30,0,0,-
0,,0,,974,0,0,0,Figueirense,36,0,0,0
0,,0,,2436,0,0,0,Sport,10,0,0,0
0,,0,,1838,0,0,0,Fortaleza,28,0,0,0
0,,0,,1922,0,0,0,Palmeiras,36,0,0,0
0,,0,,3287,0,0,0,  Vitoria,21,0,0,0
17,63%,6,86%,7723,1,3,12,Fluminense,8,2,9,505
13,35%,5,,6091,0,3,5,Atletico-GO,35,3,17,308
12,46%,0,,4891,0,1,5,Athletico-PR,29,2,7,411
0,,0,,556,0,0,0,juventude,1,0,0,0
9,61%,5,79%,6442,0,2,3,CORINTHIANS,32,1,19,439
0,,0,,953,0,0,0,Goias,34,0,0,0
0,,0,,3829,0,0,0,palmeiras,37,0,0,0
,,0,,319,0,0,0,Santos,27,0,0,0
0,  ,0,,124,0,0,0,Sao Caetano,11,0,0,0
0,,0,,1205,0,0,0,fluminense,10,0,0,0
0,,0,,3796,0,0,0,Coritiba,33,0,0,0
10,56%,0,,4808,0,3,6,CRICIUMA,20,1,17,471
0,,0,,3376,0,0,0,Internacional,29,0,0,0
0,,0,,349,0,0,0,Santos,30,0,0,0
0,,0,,4311,0,0,0,Corinthians,9,0,0,0
0,,0,,944,0,0,0,Vitoria,33,0,0,0
17,55%,6,92%,8798,0,2,3,Botafogo-RJ   ,2,1,13,459
16,49%,5,,5817,0,4,4,Vasco,8,0,20,399
0,,0,,1115,0,0,0,Paysandu,1,0,0,0
0,,0,,3837,0,0,0,Corinthians,38,0,0,0
15,51%,0,,5665,0,2,9,sao paulo,30,2,16,421
12,48%,0,,5063,1,4,3,Joinville,8,0,13,377
N/A,,0,,2807,0,0,0,Avai   ,11,0,0,0
0,,0,,4893,0,0,0,INTERNACIONAL,29,0,0,0
12,68%,3,,8126,0,4,5,Cruzeiro,11,1,9,561
0,,0,,3561,0,0,0,Gremio,12,0,0,0
0,,0,,47,0,0,0,Ponte Preta,3,0,0,0
0,,0,,8446,0,0,0,Fluminense,5,0,0,0
0,,0,,8446,0,0,0,Atletico-MG,5,0,0,0
0,-,0,,2888,0,0,0,Santo Andre,19,0,0,0
0,,0,,591,0,0,0,ponte preta,4,0,0,0
0,,0,null,3499,0,0,0,Sao  Paulo,4,0,0,0
11,61%,3,82%,6177,2,2,6,Flamengo,6,3,16,462
11,41%,3,89%,8886,0,2,3,Sao Paulo,11,3,10,327
0,,0,,946,0,0,0,  Internacional,33,0,0,0
0,,0,,2423,0,0,0,Sport,11,0,0,0
0,,0,,1006,0,0,0,Flamengo   ,38,0,0,0
0,,0,,3793,0,-2,0,Ceara,33,0,0,0
N/A,54%,3,84% un,7344,0,2,4,Atletico-GO,8,1,12,561
14,38%,5,74%,6297,0,2,5,Internacional,20,1,18,343
0,,0,,3213,0,0,0,Cruzeiro,13,0,0,0
0,,0,,8669,0,0,0,Fortaleza,27,0,0,-
12,39%,4,78%,6602,0,-7,2,Internacional,10,3,16,303
0,,0,,2983,0,0,0,Internacional,28,0,0,0
0,,0,,3117,0,0,0,Atletico-MG,4,0,0,0
,47%,5,82%,7452,0,4,7,CEARA,19,2,19,368
0,,0,,1045,0,0,0,Fluminense,42,0,0,0
0,,0,,55,0,0,0,Juventude   ,5,0,0,0
11,62%,1,83%,8092,0,1,4,Palmeiras,7,3,11,553
0,,0,,2110,0,0,0,Botafogo-RJ   ,16,0,0,
0,,0,,4882,0,0,0,GREMIO,27,0,0,0
10, 49% ,4,79%,8059,0,7,5,Coritiba,4,2,24,406
13,48% un,8,74%,6346,0,1,8,BAHIA,23,1,19,409
0,,0,,1479,0,0,0,Juventude,35,0,0,0
0,,0,,8769,0,0,0,Criciuma,37,0,0,0
17,53%,6,83%,6974,0,1,9,Sport,8,1,18,486
0,,0,,219,0,0,0,Sao Caetano,19,0,0,0
0,,0,,1772,0,0,0,CORINTHIANS,21,0,0,0
0,,0,,542,0,0,0,Coritiba,46,0,0,0
-,,0,,3454,0,0,0,Vitoria,37,0,0,0
0,,0,null un,8659,0,0,0,Bragantino,26,0,0,0
11,40%,0,,5422,0,1,2,Vitoria,6,1,16,270
0,,0,,1438,0,0,0,Juventude,31,0,0,0
0,,0,,2005,0,0,0,Gremio,12,0,0,0
0,,0,,1689,0,0,0,Corinthians,13,0,0,0
0,,0,,3541,0,0,0,Atletico-MG   ,8,0,0,0
4,39%,1,73%,6543,0,2,0,CSA,4,0,18,376
0,,0,,4478,0,0,0,Vitoria,26,0,0,0
0,,0,,473,0,0,0,Atletico-MG   ,40,0,0,0
0,,0,,4128,0,0,0,Botafogo-RJ,29,0,0,0
7,38%,2,77%,6157,0,4,6,Sao Paulo,4,2,17,317
0,,0,,8629,0,0,0,fluminense,23,0,0,  
N/A,,0,,4196,0,0,0,Internacional,35,0,0,-
7,36%,2,76%,7871,1,2,3,Atletico-GO,23,1,14,300
8,57%,0,,5135,0,1,4,Flamengo,15,1,6,448
17,61%,6,85%,6602,0,3,6,Athletico-PR,10,2,15,460
0,,0,,4170,0,0,0,  Palmeiras,33,0,0,0
0,,0,,795,0,0,0,GUARANI,21,0,0,0
10,51%,0,,5268,0,2,1,  Atletico-MG,29,0,11,443
0,,0,,2000,0,0,0,Juventude   ,12,0,0,0
0,,0,,1665,0,0,0,Sao Paulo,10,0,0,0
0,,0,,1822,0,0,0,Corinthians,26,0,0,0
10,58%,2,,5989,0,3,3,  Ponte Preta,25,0,19,459
16,53%,0,,5110,0,1,2,Sao Paulo,13,5,18,447
null,,0,,3824,0,0,0,Fluminense   ,36,0,0,0
0,,0,,186,0,0,0,Guarani,16,0,0,0
0,,0,,4628,0,0,0,Cruzeiro,3,0,0,0
9,49%,4,77%,6680,0,5,2,Sao Paulo,18,1,16,N/A
9,45%,2,81%,7207,0,0,4,Ceara,33,1,15,379
21,41%,9,78%,6486,1,4,9,Santos   ,37,0,19,354
,,0,,4937,0,0,0,Internacional,35,0,0,0
0,,0,,577,0,0,0,Atletico-MG,3,0,0,0
3,33%,0,,5852,0,2,2,Botafogo-RJ,11,1,14,342
12,62%,3,86%,7659,0,1,5,  Fluminense,2,0,14,525
0,,0,,3963,0,0,0,Fluminense,12,0,0,0
0,,0,,4489,0,0,0,Ponte Preta,27,0,0,0
22,  ,0,,5579,0,3,11,santos,22,3,13,611
0,,0,,2169,0,0,0,Flamengo   ,22,0,0,0
0,,0,-,3138,0,0,0,Fluminense,6,0,0,0
0,,0,N/A,2634,0,0,0,Athletico-PR,31,0,0,0
0,,0,,4930,0,0,0,Vitoria,33,0,0,0
NULL,,0,,734,0,0,0,Athletico-PR,16,0,0,0
0,,0,,8587,0,0,0,Sao Paulo,19,0,0,0
0,,0,,1007,0,0,0,Criciuma,38,0,0,0
0,,0,,1315,0,0,0,Palmeiras,20,0,0,0
0,,0,N/A,3394,0,0,0,Gremio Prudente,31,0,0,0
0,,0,-,1241,0,0,0,Internacional,13,0,0,0
0,,0,,3383,0,0,0,Vitoria   ,30,0,0,0
18,45%,4,83%,9073,0,3,4,JUVENTUDE,29,0,24,336
0,,0,,1474,0,0,0,Brasiliense,34,0,0,0
20,63%,3,89%,6242,0,2,9,ATHLETICO-PR,12,1,9,554
13,35%,2,81%,6728,0,2,5,Corinthians,23,0,12,338
11,61%,0,,5004,0,1,5,Palmeiras,2,3,12,589
14,52%,8,84%,7041,0,2,7,Internacional,16,3,19,450
16,-,4,81%,8040,0,3,6,Internacional,2,2,14,310
-,,0,,2931,0,0,0,Flamengo,23,0,0,
0,,0,,92,0,0,0,Fortaleza,8,0,0,0
0,,0,,1856,0,0,0,santa cruz,29,0,0,
4,52%,0,75%,7081,0,4,3,Santos,20,1,20,448
17, 60% ,4,82%,6395,1,-1,5,Vasco,27,2,11,480
0,,0,,3749,0,0,0,Gremio,29,0,0,
9,37%,7,N/A,6032,0,3,4,Athletico-PR,29,2,12,328
10,52% un,4,81%,7432,0,2,4,Santos,17,2,19,434
0,,0,,1848,0,0,0,JUVENTUDE,29,0,0,null
18,64%,0,,5038,0,1,5,Flamengo,6,2,13,437
10,57%,3,,5885,0,3,6,Sport,14,3,16,526
0,,0,,2771,0,0,0,Fluminense,7,0,0,0
14,41%,0,null,5247,0,2,9,Palmeiras,27,2,22,284
8,44%,0,,5301,1,1,6,Flamengo,32,6,20,397
13,35%,7,,9014,1,2,3,Ceara,23,2,10,262
17,36%,7,75%,7145,0,0,4,Goias,26,2,15,304
10,54%,1,81%,7358,0,3,4,Bragantino,10,0,15,436
15,-,5,79%,7609,0,3,2,Ceara,35,0,16,337
0,,0,,297,0,0,0,Figueirense,25,0,0,0
0,,0,,3855,0,0,0,Santos,1,0,0,0
11,49%,0,,5656,0,2,8,  Botafogo-RJ,29,1,13,408
0,,0,,3010,0,0,0,Sao Paulo,31,0,0,0
0,,0,,1833,0,0,0,Sao Paulo,27,0,0,0
0,,0,,515,0,0,0,Guarani,43,0,0,0
12,48%,0,,5194,0,2,7,Chapecoense,21,4,14,388
0,,0,,1963,0,0,0,Botafogo-RJ,2,0,0,0
0,,0,,1582,0,0,0,PONTE PRETA,2,0,0,0
0,,0,,2892,0,0,0,Atletico-MG,19,0,0,0
,,0,,410,0,0,0,  Gremio,35,0,0,0
0,,0,,270,0,0,0,Parana,23,0,0,0
-,,0,,4285,0,0,0,Atletico-MG,6,0,0,0
,,0,,2782,0,0,0,  Santos,8,0,0,0
13,47%,0,,5660,0,2,7,Internacional,30,0,15,346
0,,0,,681,0,0,0,Paysandu,11,0,0,0
0,,0,,2976,0,0,0,Coritiba,27,0,0,0
15,55%,0,,5396,0,1,5,Atletico-MG,3,0,8,530
16,41%,6,78%,6796,1,2,7,atletico-mg,30,2,19,290
17,43%,7,82%,7231,0,2,5,Fortaleza,35,1,15,390
0,,0,,4368,0,0,0,VITORIA,15,0,0,0
0,,0,,4033,0,0,0,Coritiba,19,0,0,0
0,,0,,2460,0,0,0,ATHLETICO-PR,13,0,0,0
N/A,31%,7,75%,6348,0,6,7,Ceara,23,0,19,263
0,,0,,3331,0,0,0,Flamengo,25,0,0,0
0,,0,,3272,0,0,0,Cruzeiro,19,0,0,0
0,,0,,2864,0,0,0,  Cruzeiro,16,0,0,-
14,57%,3,85%,7730,0,3,9,atletico-go,9,3,9,528
10,31%,7,65%,6630,1,1,4,Bahia,13,4,18,273
11,34%,4,57%,8359,0,1,3,Botafogo-RJ,34,3,16,256
0,,0,,4749,0,0,0,Fluminense,14,0,0,0
20,37%,8,77%,8374,0,2,4,Fortaleza,35,0,18,266
0,,0,,1157,0,0,0,Internacional,5,0,0,0
  ,,0,,265,0,0,0,  Fluminense,23,0,0,0
13,59%,3,87%,6870,1,1,6,Fluminense,37,0,16,560
0,,0,,1734,0,0,0,Juventude,17,0,0,-
0,,0,- un,1186,0,0,0,SAO CAETANO,8,0,0,0
0,,0,,4483,0,0,0,Nautico,26,0,0,0
0,,0,,1728,0,0,0,Santa Cruz,17,0,0,0
0,,0,,4247,0,0,0,athletico-pr,3,0,0,0
10,42%,4,77%,7682,0,4,7,Cuiaba,3,1,19,314
0,,0,,4726,0,0,0,Sport,11,0,0,0
0,,0,null,4894,0,0,0,Santos,29,0,0,0
0,,0,,1323,0,0,0,Botafogo-RJ,20,0,0,0
20,N/A,1,81%,6788,0,3,18,Atletico-MG,29,2,15,475
15,59%,6,84%,6894,0,0,9,Sao Paulo,1,1,19,466
8,52%,0,,5079,0,3,3,Chapecoense,10,2,17,472
0,,0,,3665,0,0,0,Avai,20,0,0,0
0,,0,,4943,0,0,0,Flamengo,35,0,0,0
18,44%,7,82%,7809,0,1,6,Ceara,17,2,18,434
0,,0,,2290,0,0,0,Atletico-MG,35,0,0,0
0,,0,,4415,0,0,0,Botafogo-RJ,19,0,0,0
0,,0,,152,0,0,0,Sao Caetano,13,0,0,0
0,,0,,2093,0,0,0,Internacional,14,0,0,0
,,0,,883,0,0,0,Palmeiras,28,0,0,0
13,51%,0,,5493,0,3,7,Flamengo,13,5,10,475
0,,0,,8685,0,0,0,Athletico-PR,28,0,0,0
0,,0,,2269,0,0,0,Goias,33,0,0,0
9,44%,1,79%,6146,0,1,4,Gremio,3,2,12,388
0,,0,,4683,0,0,0,Sao Paulo,8,0,0,0
0,,0,,8486,0,0,0,Juventude,9,0,0,0
0,,0,,8779,0,0,0,Vitoria,38,0,0,0
20,,8,88%,8849,0,1,10,fluminense,7,0,12,519
0,,0,,236,0,0,0,Flamengo,20,0,0,0
20, 70% ,6, 88% ,6201,0,1,8,Gremio,8,2,19,632
0,N/A,0,,600,0,0,0,Coritiba   ,4,0,0,0
0,,0,,8538,0,0,0,Vasco,14,0,0,0
6,37%,2,,6048,0,4,4,Chapecoense,31,0,20,388
0,,0,,2120,0,0,0,Flamengo,17,0,0,null
10,46%,2,,5981,0,3,3,Fluminense,24,4,13,423
8,61%,5,80%,7577,1,3,8,Gremio,30,1,17,451
7,46%,3,75%,7668,0,1,6,America-MG,4,4,19,364
0,,0,,3094,0,0,0,Ceara,1,0,0,0
-,,0,,2562,0,0,0,Vasco,24,0,0,N/A
0,,0,,1764,0,0,0,Palmeiras   ,20,0,0,0
8,40%,2,78%,7402,0,3,2,Sport,14,1,18,354
16,  ,4,85%,6480,0,3,4,gremio,36,0,14,527
13,67%,0,,5044,0,3,4,Palmeiras,6,3,14,506
0,,0,,3611,0,0,0,Santos,15,0,0,0
15,62%,0,,5444,0,0,9,Cruzeiro,8,0,9,N/A
0,,0,,4674,0,0,0,Botafogo-RJ,7,0,0,0
13, 50% ,0,,5534,0,1,4,Cruzeiro,17,2,10,502
0,,0,,3349,0,0,0,Corinthians,27,0,0,0
0,,0,,1270,0,0,0,Fortaleza,16,0,0,0
5,52%,1,88%,8884,0,4,2,Juventude,10,0,20,343
7,48%,3,89%,8997,0,2,8,Bragantino,22,1,14,360
0,,0,,2011,0,0,0,FLUMINENSE,6,0,0,0
,37%,11,79%,6168,0,2,10,Atletico-MG,5,0,16,358
0,,0,,1162,0,0,0,Figueirense,6,0,0,0
21,61%,0,,4698,0,2,5,Coritiba,28,0,13,587
0,,0,,1011,0,0,0,Coritiba   ,39,0,0,0
9,49%,3,78%,6490,1,4,5,VASCO,37,0,17,394
15,40%,8,68%,6154,1,1,8,America-MG,3,0,14,305
0,,0,,284,0,0,0,Sao Paulo,24,0,0,0
  ,,0,,1126,0,0,0,PAYSANDU,2,0,0,0
11,59%,3,  ,8396,0,2,7,America-MG,38,2,13,499
7,47%,2,80%,7597,0,2,1,Bragantino,33,0,17,-
0,,0,,2000,0,0,0,Athletico-PR,12,0,0,0
10,43%,5,78%,7942,1,2,5,Santos,30,4,18,
0,,0,,2245,0,0,0,Parana,30,0,0,0
0,,0,,4794,0,0,0,Bahia,18,0,0,0
12,46%,3,89%,8847,0,4,3,Vitoria,7,3,29,298
  ,,0,,973,0,0,0,Coritiba,36,0,0,0
0,,0,,2585,0,0,0,Vitoria,26,0,0,N/A
8,54%,3,null,8842,0,4,6,VITORIA,6,1,18,406
8,60%,2,86%,8789,0,2,2,Sport,1,2,18,275
0,,0,,3745,0,0,0,Figueirense   ,28,0,0,0
16,62%,0,,5053,0,3,5,  Ponte Preta,7,3,24,430
7,61%,3,87%,7420,0,1,7,Corinthians,16,0,7,631
0,,0,,1291,0,0,0,Sao Paulo,17,0,0,0
0,,0,,4264,0,0,0,  Botafogo-RJ,4,0,0,
0,,0,,4242,0,0,0,Nautico,2,0,0,0
14,55%,7,80%,6261,0,3,5,Bahia,14,1,18,402
6,38%,2,80%,7896,0,2,5,Bragantino,26,1,10,363
7,46%,2,82%,7541,0,0,2,Cuiaba,28,0,13,428
0,,0,,3461,0,0,0,Botafogo-RJ,38,0,0,0
12,53%,4,88%,7360,0,2,5,Gremio,10,0,16,465
0,,0,,2526,0,0,0,Coritiba,20,0,0,N/A
17,63%,8,81%,8166,0,1,11,bragantino,15,3,11,503
10,45%,4,80%,7155,0,2,5,Gremio,27,1,11,404
0,,0,,2772,0,0,0,Nautico,7,0,0,0
0,N/A,0,,4310,0,0,0,Gremio,9,0,0,0
9,46%,3,79%,6281,0,2,4,Botafogo-RJ,16,0,14,
0,,0,,2060,0,0,0,Gremio,29,0,0,0
9,65%,1,92%,9066,0,3,5,  Corinthians,29,3,15,519
0,,0,,1642,0,0,0,Botafogo-RJ,8,0,0,0
3,39%,0,72%,6454,0,2,5,SPORT,33,2,16,345
0,,0,,570,0,0,0,Fluminense,2,0,0,0
15,42%,4,,6009,0,2,7,Chapecoense   ,28,1,23,N/A
8,,0,,5387,1,3,2,SANTOS,3,1,12,484
N/A,,0,,4239,0,0,0,Vasco,2,0,0,0
N/A,61%,1,81%,6401,0,2,4,Sao Paulo,28,2,21,458
0,,0,,4576,0,0,0,Portuguesa,35,0,0,0
10,62%,0,,5744,0,6,2,Palmeiras,38,1,16,589
7,56%,2,81% un,6143,0,2,9,Internacional,2,2,15,483
0,,0,,3759,0,0,0,Botafogo-RJ,30,0,0,0
13,56%,5,80%,7703,0,2,8,Corinthians,7,2,11,513
0,,0,,1305,0,0,0,Atletico-MG,19,0,0,0
12,63%,5,87%,6718,1,0,10,Santos,22,1,13,572
8,51%,2,78%,6746,0,3,2,CSA,25,1,21,376
0,,0,,79,0,0,0,  Internacional,7,0,0,0
19,61%,7, 91% ,6835,0,2,3,Fluminense   ,34,2,14,  
0,,0,,1229,0,0,0,Parana,12,0,0,0
0,,0,,4430,0,0,0,Flamengo,21,0,0,0
,,0,,620,0,0,0,  Ponte Preta,6,0,0,0
0,,0,,1906,0,0,0,Cruzeiro,34,0,0,0
27,67%,8,-,6601,0,2,16,Corinthians,10,1,2,549
  ,,0,,4415,0,0,0,Criciuma,19,0,0,0
0,,0,,1032,0,0,0,Sao Caetano,40,0,0,0
0,,0,,441,0,0,0,Figueirense,37,0,0,0
0,,0,,2936,0,0,0,Atletico-MG,23,0,0,0
0,,0,,1654,0,0,0,Botafogo-RJ,9,0,0,0
0,,0,,8585,0,0,0,Fluminense,18,0,0,0
  ,77%,9,88%,7059,0,1,13,Atletico-MG,18,2,10,699
-,,0,,3774,0,0,0,Ceara,31,0,0,0
0,  ,0,,2480,0,0,0,  Botafogo-RJ,16,0,0,0
0,,0,,3528,0,0,0,Avai,7,0,0,0
15,39%,6,79%,7420,0,1,6,Ceara,16,0,16,399
0,,0,,66,0,0,0,Juventude,6,0,0,0
15,31%,2,79%,6189,0,3,10,Parana,7,1,8,N/A
0,,0,,3382,0,0,0,Vasco,30,0,0,0
6,37%,1,84%,7760,0,2,3,Cuiaba,12,0,14,352
  ,,0,,4274,0,0,0,Goias,5,0,0,0
0,,0,,2402,0,0,0,Sport   ,8,0,0,0
9,46%,3,79%,7630,0,3,6,Juventude,37,1,13,291
0,,0,,3150,0,0,0,sao paulo,7,0,0,0
5,40%,1,80%,7518,0,7,2,Santos,26,1,13,336
15,40%,6, 81% ,6198,0,4,1,sport,8,3,14,355
19,60%,4,93% un,9062,0,4,2,Atletico-MG   ,28,1,19,  
0,,0,,3254,0,0,0,Fluminense,17,0,0,0
0,,0,,207,0,0,0,Vasco,18,0,0,0
11,42%,0,,5018,0,4,3,Avai,4,0,21,310
12,    ,2,75%,6223,0,4,3,Parana,10,1,17,412
9,39%,2,75%,7441,0,2,3,Juventude,18,0,15,298
14,61%,3,89%,7984,0,2,3,Atletico-MG,34,3,13,555
0,,0,,1031,0,0,0,Botafogo-RJ,40,0,0,0
11,51%,7,79%,8039,0,2,5,GREMIO,2,3,8,511
11,56%,3,86%,7075,0,1,3,Gremio,19,1,13,579
7,33%,5,81%,6302,0,4,2,Cruzeiro,20,0,16,378
0,,0,,2550,0,0,0,Vasco   ,23,0,0,0
15,57%,4,81%,8327,0,0,3,Internacional,31,0,15,514
0,,0,,3539,0,0,0,Avai,8,0,0,0
0,,0,,4116,0,0,0,Gremio,27,0,0,0
0,  ,0,,1394,0,0,0,Brasiliense,27,0,0,0
17,53%,6,,5961,0,0,6,Flamengo,22,2,6,519
0,,0,,3170,0,0,0,Flamengo,9,0,0,0
0,,0,,3251,0,0,0,Corinthians   ,17,0,0,0
26,67%,8,90%,7443,0,4,17,Atletico-MG,18,1,18,653
0,,0,,2914,0,-8,0,Santos,21,0,0,0
16,55%,0,,5597,0,1,6,  Flamengo,24,4,8,494
0,,0,,2359,0,0,0,Goias,4,0,0,0
0,,0,,2523,0,0,0,Nautico,20,0,0,0
0,,0,,1108,0,0,0,Cruzeiro,1,0,0,0
8,43%,0,77%,6415,0,3,3,botafogo-rj,29,1,10,377
0,,0,,3498,0,0,0,America-MG,4,0,0,0
0,-,0,,8594,0,0,0,Cuiaba,19,0,0,0
7,31%,4,85%,8961,0,3,3,Ceara,18,3,14,224
0,N/A,0,,1523,0,0,0,Juventude,39,0,0,0
23,65% un,6,83%,7833,0,0,6,Atletico-GO,19,2,4,554
0,,0,,742,0,0,0,Paysandu,16,0,0,0
19,58%,6,82%,6998,0,0,4,Sao Paulo   ,12,0,16,536
0,,0,,2522,0,0,0,Vasco,20,0,0,0
13,44%,2,83%,6269,0,1,10,Santos,15,2,17,-
0,,0,,1473,0,0,0,FLAMENGO,34,0,0,0
11,42%,4,71%,6362,0,5,5,Internacional,24,2,17,347
17,41%,7,82%,8023,0,6,4,Atletico-MG,38,0,19,351
0,,0,,3319,0,0,0,Cruzeiro,24,0,0,0
18,36%,7,,7334,0,4,3,Ceara,7,1,20,268
0,,0,,2723,0,0,0,Palmeiras,2,0,0,0
18,64%,6,88%,6583,0,2,5,Fluminense,8,1,14,
21,53%,7,-,6054,0,1,10,Avai,31,0,13,472
10,41%,5,72%,6652,0,2,11,Ceara,15,0,16,316
19,46%,8,85%,7983,1,4,7,Atletico-GO,34,0,12,392
,,0,,4715,0,0,0,Vitoria,10,0,0,0
0,,0,,4062,0,0,0,Figueirense,22,0,0,0
,40%,0,,5599,0,2,3,Figueirense,24,0,17,325
0,,0,,187,0,0,0,Corinthians,16,0,0,0
0,,0,,1847,0,0,0,Cruzeiro   ,29,0,0,0
0,,0,,1279,0,0,0,Athletico-PR,16,0,0,0
17,37%,4,78%,6825,0,4,4,Botafogo-RJ,32,1,19,295
0,,0,,322,0,0,0,Internacional,27,0,0,0
15,51%,6,83%,7581,0,2,2,Palmeiras,30,2,17,453
0,,0,,4874,0,0,0,Internacional,26,0,0,0
0,,0,,1737,0,0,0,Goias,18,0,0,0
8,52%,2,83%,7689,0,2,3,Fluminense,5,0,13,403
13,62%,3, 82% ,6266,1,2,3,Palmeiras,15,1,16,491
  ,38%,6,82%,6633,0,2,6,Atletico-MG,13,0,19,359
0,,0,,4084,0,0,0,Flamengo,24,0,0,0
0,,0,,4435,0,0,0,Botafogo-RJ,21,0,0,0
0,,0,,2045,0,0,0,Atletico-MG,9,0,0,0
0,,0,,2391,0,0,0,Ipatinga,7,0,0,0
0,,0,,930,0,0,0,Sao  Paulo,32,0,0,0
10,60%,5,87% un,6265,0,2,4,Internacional,14,1,12,601
0,,0,,3292,0,0,0,Atletico-MG,21,0,0,0
0,,0,,3852,0,0,0,Sao Paulo,1,0,0,0
12,37%,3,76%,6621,0,2,4,Botafogo-RJ,12,3,16,290
0,,0,,2184,0,-5,0,Figueirense,23,0,0,0
0,,0,,3625,0,0,0,  Gremio,16,0,0,0
0,,0,,4386,0,0,0,Athletico-PR,16,0,0,0
N/A,64%,2,83% un,7334,0,6,6,  Sao Paulo,7,5,12,461
0,,0,,1678,0,0,0,figueirense,12,0,0,0
0,,0,,264,0,0,0,Internacional,22,0,0,0
0,,0,,2027,0,0,0,  Sao Paulo,8,0,0,0
0,,0,,3728,0,0,0,Bahia,27,0,0,0
0,,0,,8575,0,0,0,Flamengo   ,17,0,0,0
0,,0,,2819,0,0,0,Gremio,12,0,0,
18,66%,9,87%,7756,0,2,9,Santos,12,2,14,630
0,,0,,3631,0,0,0,Botafogo-RJ   ,17,0,0,  
11,,0,,5406,0,1,5,Internacional,4,0,14,454
11,52%,2,83%,6264,0,1,15,CHAPECOENSE,14,1,10,391
0,,0,,4616,0,0,0,Palmeiras,1,0,0,0
-,,0,,2852,0,0,0,Santo Andre,15,0,0,0
11,58%,3,86%,6549,1,1,4,Sao Paulo,5,3,9,512
0,,0,,4906,0,0,0,Sport,30,0,0,0
11,43%,4,81%,8160,0,2,4,Palmeiras   ,14,5,13,388
0,,0,  ,2719,0,0,0,flamengo,2,0,0,0
0,,0,,2373,0,0,0,Athletico-PR,5,0,0,0
0,,0,,529,0,0,0,Atletico-MG,45,0,0,0
0,,0,,2139,0,0,0,Nautico,19,0,0,0
9,65%,4,N/A,6417,0,2,8,Botafogo-RJ,30,0,10,492
  ,49%,0,,5467,0,2,6,palmeiras,11,3,14,384
N/A,53%,7,82%,7127,0,3,2,Bragantino,25,0,17,420
0,,0,,437,0,0,0,Coritiba,37,0,0,0
9,43%,6,,5864,0,3,7,Atletico-MG,12,1,27,391
0,  ,0,,4511,0,0,0,Sao Paulo,29,0,0,0
4,40%,3,73%,8019,1,2,5,Atletico-GO   ,38,3,12,319
5,42%,2,77%,7298,0,2,9,Corinthians,4,2,13,367
0,,0,,2017,0,0,0,  Parana,7,0,0,
9,39%,0,,5443,0,4,6,Coritiba,8,1,14,  
0,,0,  ,2131,0,0,0,Flamengo,18,0,0,0
3,31%,1,69%,6141,1,3,1,Fluminense,2,0,13,273
0,,0,,154,0,0,0,Bahia   ,13,0,0,0
20,53%,9,,5754,0,2,6,Gremio,1,1,13,450
0,,0,,2135,0,0,0,Internacional,18,0,0,0
0,,0,  ,1749,0,0,0,Fluminense,19,0,0,0
14,57%,0,,5251,0,2,9,corinthians,27,2,8,464
0,,0,,2570,0,0,0,  Cruzeiro,25,0,0,0
9,56%,0,,5511,0,4,5,Chapecoense,15,1,18,420
0,,0,,6780,0,0,0,fortaleza,28,0,0,N/A
7,53%,1,,5948,0,2,2,Gremio,21,2,11,507
0,,0,,2591,0,0,0,Nautico,27,0,0,0
0,,0,,4347,0,0,0,Nautico,13,0,0,0
6,N/A,0,,5731,0,2,2,  Chapecoense,37,1,24,null
0,,0,,963,0,0,0,Criciuma,35,0,0,0
13,28%,5,78%,6618,0,3,2,Sao  Paulo,12,0,14,264
0,,0,,4426,0,0,0,Atletico-MG,20,0,0,0
0,,0,    ,8507,0,-2,0,Internacional,11,0,0,0
-,- un,8,,5398,0,2,7,Athletico-PR,4,3,17,426
,,0,,8751,0,0,0,Bragantino,35,0,0,0
0,,0,,3105,0,0,0,Cruzeiro,2,0,0,0
0,-,0,,676,0,0,0,  Santos,11,0,0,0
,51%,3,83%,7465,0,4,5,Sport,20,2,21,434
,43%,0,78%,6337,0,3,6,Botafogo-RJ,22,0,19,352
0,,0,,4801,0,0,0,Criciuma,19,0,0,0
0,,0,,2581,0,0,0,athletico-pr,26,0,0,0
0,,0,,8523,0,0,0,Fortaleza,12,0,0,0
0,,0,,434,0,0,0,Fluminense,37,0,0,0
11,64%,0,86%,6343,0,2,5,fluminense,22,0,16,540
0,,0,,1673,0,0,0,Cruzeiro,11,0,0,0
0,,0,,4087,0,0,0,Fluminense,25,0,0,0
0,,0,,2163,0,0,0,Palmeiras,21,0,0,
21,48%,0,  ,4865,0,1,11,coritiba,25,1,11,437
0,,0,,1769,0,0,0,Internacional,21,0,0,0
0,,0,,1227,0,0,0,Goias,12,0,0,0
0,,0,N/A,3811,0,0,0,Palmeiras,35,0,0,0
0,,0,,3042,0,0,0,Atletico-MG,34,0,0,0
0,,0,,594,0,0,0,Santos,4,0,0,0
0,,0,,2458,0,0,0,figueirense,13,0,0,0
0,,0,,8478,0,0,0,BOTAFOGO-RJ,8,0,0,0
0,,0,,2969,0,0,0,Athletico-PR,27,0,0,0
N/A,,0,,1133,0,0,0,Sao Paulo,3,0,0,
-,,0,,130,0,0,0,Sao Paulo,11,0,0,0
11,37%,6,83%,8353,0,3,4,Cuiaba,33,3,23,326
0,,0,,4498,0,0,0,Coritiba,28,0,0,0
0,,0,,1958,0,0,0,Internacional,2,0,0,0
13,54%,6,,5920,1,2,8,Flamengo,18,1,15,480
0,,0,,546,0,0,0,Corinthians,46,0,0,N/A
13,73%,4,83%,6709,0,2,10,Sao Paulo,21,4,21,543
N/A,,0,,3466,0,0,0,Vitoria   ,38,0,0,0
0,,0,,2325,0,0,0,Figueirense,38,0,0,0
0,,0,,1105,0,0,0,Parana,1,0,0,0
16,35%,3,,6027,0,1,7,Coritiba,29,2,7,337
18,59%,4,87%,8138,1,1,8,Atletico-MG,12,1,13,591
0,,0,,4910,0,0,0,Criciuma   ,31,0,0,0
0,,0,,3583,0,0,0,Bahia,11,0,0,0
0,,0,,417,0,0,0,Parana,35,0,0,0
14,70%,4, 87% ,7607,1,5,7,Internacional,35,0,18,583
11,31% un,0,,5433,3,5,4,Cruzeiro,7,1,15,229
6,59%,2,  ,8156,0,3,5,Bahia   ,14,0,13,-
15,62%,4,90%,9108,0,2,5,bahia,33,3,14,418
12,49%,0,,5220,0,2,6,Athletico-PR,24,1,9,407
19,57%,11,89%,7943,0,1,9,palmeiras,30,4,16,501
0,,0,,450,0,0,0,Cruzeiro,38,0,0,0
,43%,0,,5191,0,3,1,Joinville,21,1,18,360
0,,0,,2636,0,0,0,ATLETICO-MG,31,0,0,0
0,,0,,267,0,0,0,Sao Paulo   ,23,0,0,0
0,,0,,1210,0,0,0,Internacional,10,0,0,0
31,66%,14,90%,7065,0,0,12,Sao Paulo,18,1,12,646
0,,0,,2339,0,0,0,Vasco,2,0,0,0
0,,0,,1464,0,0,0,paysandu,33,0,0,0
null,58%,2,83%,6834,1,0,4,Avai,34,0,11,490
0,,0,,1125,0,0,0,Coritiba,2,0,0,0
8,64%,1,91%,9088,0,1,7,MIRASSOL,31,1,12,500
0,,0,,2740,0,0,0,Cruzeiro,4,0,0,0
0,,0,,1739,0,0,0,Fluminense,18,0,0,0
8,-,3,71%,6875,0,1,3,Avai   ,37,2,13,283
0,,0,,4370,0,0,0,Portuguesa,15,0,0,0
0,,0,,4181,0,0,0,Vasco,34,0,0,0
0,,0,,4728,0,0,0,Cruzeiro,12,0,0,0
0,,0,,860,0,0,0,Athletico-PR,26,0,0,0
,63%,0,,5292,0,0,5,Flamengo,31,0,19,459
0,,0,,2905,0,0,0,Nautico   ,20,0,0,0
0,,0,,2111,0,0,0,Atletico-MG   ,16,0,0,0
0,,0,,1232,0,0,0,Botafogo-RJ   ,12,0,0,0
0,,0,,2648,0,0,0,  Vitoria,33,0,0,0
0,null,0,,3397,0,0,0,Flamengo,32,0,0,0
11,46%,0,,5651,0,0,1,Sport,29,1,19,386
0,,0,,217,0,0,0,FLAMENGO,19,0,0,0
0,,0,,1484,0,0,0,Vasco,35,0,0,0
19,52%,0,,5671,0,3,7,Palmeiras,31,2,29,302
0,,0,,4547,0,0,0,Bahia,33,0,0,0
0,,0,,1058,0,0,0,Botafogo-RJ,43,0,0,0
18,44%,0,,5568,0,1,3,Botafogo-RJ,21,1,19,378
0,,0,,4182,0,0,0,Sao Paulo,34,0,0,null
0,,0,,8555,0,0,0,Atletico-MG,15,0,0,0
11,59%,4,,6519,0,1,2,Cruzeiro,2,1,10,614
10,41%,0,,5153,0,2,3,Ponte  Preta,17,0,17,337
11,45%,5,80%,7183,0,0,6,INTERNACIONAL,30,0,24,352
10,60%,0,-,5224,0,1,5,Sport,24,1,6,
14,55%,0,,5414,0,1,3,America-MG,5,5,7,529
0,,0,  ,1670,0,0,0,Sao Paulo,11,0,0,0
18,64%,3,91%,8913,0,3,8,Sport,13,2,16,484
null,,0,,3668,0,0,0,Atletico-MG,21,0,0,null
0,,0,,1505,0,0,0,Corinthians,37,0,0,0
13,64%,1,93%,9065,0,2,8,Fluminense,28,0,12,530
15,64%,6,82%,7058,0,1,8,Coritiba,18,1,12,493
9,40%,2,87%,8826,0,2,4,Sport,5,0,13,359
8,32%,3,,5957,0,5,4,Atletico-GO,22,3,17,290
0,,0,,3313,0,0,0,Internacional   ,23,0,0,0
0,,0,,2927,0,0,0,Santos   ,23,0,0,0
0,,0,,8615,0,0,0,Fortaleza,21,0,0,0
24,  ,11,82%,7014,0,2,11,BAHIA,13,2,15,488
0,,0,,3951,0,0,0,Internacional,11,0,0,0
0,,0,,1846,0,0,0,Botafogo-RJ   ,28,0,0,0
7,null,1,,5809,0,1,1,Sao Paulo,7,3,14,355
0,,0,,2887,0,0,0,Nautico,19,0,0,0
0,,0,,4341,0,0,0,Flamengo   ,12,0,0,0
11,30%,5,74%,7342,0,3,3,JUVENTUDE,8,0,15,295
0,,0,,2209,0,0,0,Sao Paulo,26,0,0,0
0,,0,,3102,0,0,0,Gremio,2,0,0,0
0,,0,,1236,0,0,0,paysandu,12,0,0,0
N/A,,0,null,920,0,0,0,Vasco,31,0,0,0
24,65% un,0,,5612,0,2,4,Palmeiras,25,0,13,452
0,,0,,4059,0,0,0,Vasco,22,0,0,0
8,52%,4,89%,8992,0,2,3,Mirassol,21,1,11,393
8,52%,5,  ,6668,0,2,5,Chapecoense,17,1,17,399
14,-,5,86%,6859,0,1,3,Palmeiras,36,4,18,420
0,,0,,3380,0,0,0,Corinthians,30,0,0,0
null,null,6,86% un,7004,0,1,9,Santos,12,1,12,416
20,64%,0,,5625,0,2,7,  Vitoria,26,2,15,439
0,,0,,3291,0,0,0,Botafogo-RJ,21,0,0,0
0,,0,,4397,0,0,0,Goias,18,0,0,
18,55%,6,92%,8805,0,5,9,Santos,2,4,13,409
0,,0,,311,0,0,0,Goias,26,0,0,  
0,,0,,829,0,0,0,Figueirense,24,0,0,0
0,,0,,1322,0,0,0,Sao Paulo,20,0,0,0
11,52%,3,87%,8386,0,2,4,Internacional,37,1,13,525
13,52%,7,92%,8831,0,3,8,Atletico-MG,5,1,10,359
0,,0,,3256,0,0,0,Gremio,17,0,0,0
4,29%,1,65%,7141,0,5,4,Athletico-PR,26,6,17,223
  ,,0,,3942,0,0,0,Vasco,10,0,0,0
7,49%,0,,6063,0,2,7,Ponte Preta,32,1,18,368
0,,0,,1000,0,0,0,  Atletico-MG,38,0,0,0
0,,0,,3968,0,0,0,Coritiba,13,0,0,0
0,,0,,844,0,0,0,Cruzeiro,25,0,0,0
0,,0,,1941,0,0,0,Vasco,38,0,0,0
0,,0,,2644,0,0,0,Sport,32,0,0,0
0,,0,null,3135,0,0,0,Botafogo-RJ,5,0,0,0
0,,0,,3761,0,0,0,Cruzeiro,30,0,0,0
0,,0,,4038,0,0,0,Santos,20,0,0,0
6,37%,0,,5564,0,2,7,Botafogo-RJ,20,1,14,295
0,,0,,2123,0,0,0,Atletico-MG,17,0,0,0
17,64%,8,82%,7056,0,1,9,  Vasco,18,1,12,547
0,,0,,3300,0,0,0,Athletico-PR,22,0,0,
14,45%,3,81%,7134,0,1,6,Coritiba,25,0,14,373
6,51%,2,83%,6832,0,1,5,Sao  Paulo,34,0,16,479
17,57%,3,87%,8402,0,3,9,Athletico-PR,38,2,15,506
0,,0,,1662,0,0,0,Ponte Preta,10,0,0,0
0,,0,,3616,0,0,0,Vasco,15,0,0,0
0,,0,,862,0,0,0,Juventude,26,0,0,0
0,,0,-,2877,0,0,0,Santos,18,0,0,0
0,,0,,3053,0,0,0,barueri,35,0,0,0
17,64%,5,89%,6804,1,2,3,Cruzeiro,30,4,16,489
7,40%,2,78%,7012,0,5,1,Atletico-GO,13,0,14,350
0,,0,,1205,0,0,0,Parana,10,0,0,0
0,,0,,3960,0,0,0,  Nautico,12,0,0,0
0,,0,,1733,0,0,0,Santos,17,0,0,0
0,,0,,4059,0,0,0,Nautico,22,0,0,0
0,null,0,,4295,0,0,0,Criciuma,7,0,0,0
8,35%,3,72%,7343,1,2,6,Ceara,8,2,17,307
0,,0,,1086,0,0,0,Sao Caetano,45,0,0,0
,51%,6,  ,7992,0,1,7,Bragantino,35,0,17,436
0,,0,,3917,0,0,0,Bahia,8,0,0,0
0,,0,,1805,0,0,0,Santos,24,0,0,0
0,,0,,4360,0,0,0,Vitoria,14,0,0,0
0,,0,,431,0,0,0,Gremio,36,0,0,0
0,,0,,224,0,0,0,Vasco,19,0,0,null
,,0,,1539,0,0,0,Athletico-PR   ,40,0,0,0
12,43%,0,,5633,0,3,8,Fluminense,27,2,15,381
8,52%,2,94%,8794,0,2,5,Corinthians,1,1,15,561
0,,0,,191,0,0,0,Santos,16,0,0,0
,,0,,1731,0,0,0,Flamengo,17,0,0,0
0,,0,,4790,0,0,0,Coritiba,18,0,0,0
0,,0,,413,0,0,0,Ponte Preta,35,0,0,0
0,,0,,3737,0,0,0,Cruzeiro,28,0,0,0
0,,0,,353,0,0,0,Vitoria,30,0,0,0
9,46%,4,80%,6999,0,1,4,Gremio   ,12,0,11,408
9,55%,1,83%,7766,0,2,6,ceara,13,6,10,454
0,,0,,2016,0,0,0,Santos,6,0,0,0
N/A,,0,,1337,0,0,0,Ponte Preta   ,22,0,0,0
0,,0,,2739,0,0,0,Atletico-MG,4,0,0,0
0,,0,,2476,0,0,0,Portuguesa,15,0,0,0
-,,0,,8431,0,0,0,Bahia   ,3,0,0,0
,52%,4,92%,9096,0,3,5,Juventude,32,3,16,308
0,,0,,3845,0,0,0,bahia,38,0,0,0
13,69%,4,,6094,0,5,3,Flamengo,35,1,12,499
0,,0,,2921,0,0,0,Sao Paulo,22,0,0,0
0,,0,,4617,0,0,0,Coritiba,2,0,0,0
0,,0,,4476,0,0,0,Internacional,25,0,0,0
0,,0,,3800,0,0,0,Flamengo,34,0,0,0
11,34%,5,71%,7868,0,2,2,  Juventude,23,2,19,289
6,34%,0,,5397,0,1,4,America-MG,4,1,9,293
0,,0,,1722,0,-4,0,Gremio,16,0,0,0
0,,0,,2987,0,0,0,Corinthians,29,0,0,N/A
21,47%,0,,5735,0,3,3,Santa Cruz,37,2,12,419
0,,0,,3411,0,0,0,Gremio,33,0,0,0
7,26%,0,,5010,1,4,6,Goias,3,1,24,171
N/A,,0,,8653,0,-6,0,Athletico-PR   ,25,0,0,-
,,0,,104,0,0,0,Fortaleza,9,0,0,N/A
0,,0,,1170,0,0,0,Internacional   ,6,0,0,0
23,58%,7,80%,8334,0,3,7,Bragantino,31,1,18,375
0,,0,,2437,0,0,0,Sport,12,0,0,0
0,,0,,1534,0,0,0,Sao  Paulo,40,0,0,0
0,,0,,8439,0,0,0,Botafogo-RJ,4,0,0,0
9,40%,3,,5759,1,1,5,Bahia,2,3,23,253
0,,0,,2811,0,0,0,Flamengo,11,0,0,0
0,,0,,2401,0,0,0,Atletico-MG,8,0,0,N/A
0,,0,,1955,0,0,0,America-RN,1,0,0,0
8,41%,2,81%,6678,1,1,4,Avai,18,1,15,378
0,,0,,3765,0,0,0,Coritiba,30,0,0,0
N/A,43%,6,,5859,0,1,10,Chapecoense,12,0,18,359
6,30% un,3,71%,7100,0,4,4,Vasco,22,2,19,298
12,null,0,,5711,0,1,5,America-MG,35,4,13,336
0,,0,,352,0,0,0,Fortaleza   ,30,0,0,0
7,54% un,0,,5219,1,2,3,Palmeiras,24,0,23,426
0,,0,,2587,0,0,0,Goias,27,0,0,0
0,-,0,,968,0,0,0,Atletico-MG,35,0,0,0
0,,0,,8728,0,0,0,CORINTHIANS,33,0,0,0
8,54%,2,79%,7006,1,1,5,Internacional,13,1,16,453
0,,0,,2348,0,0,0,Flamengo,3,0,0,0
0,,0,,2583,0,0,0,Figueirense,26,0,0,0
21,62%,0,,5108,0,1,6,  Gremio,13,0,16,590
0,,0,,2757,0,0,0,Sao Paulo,6,0,0,0
7,63%,0,,5240,0,2,6,Figueirense,26,0,16,362
11,39%,5,78%,7137,0,3,11,  Atletico-GO,26,0,17,  
0,,0,,1414,0,0,0,Ponte Preta,29,0,0,0
0,,0,,4628,0,0,0,ATHLETICO-PR,3,0,0,0
0,,0,,1361,0,0,0,Goias,24,0,0,0
null,71%,4,84%,7974,0,3,6,Cuiaba,33,2,11,558
7,37%,0,,5111,0,3,2,Internacional,13,3,19,283
0,,0,,234,0,0,0,Bahia,20,0,0,0
14,41%,6,83%,6961,0,1,5,Bahia,7,2,8,459
0,,0,,377,0,0,0,Criciuma,32,0,0,0
0,,0,,4062,0,0,0,Figueirense,22,0,0,0
7,59%,3,,5941,0,2,5,Palmeiras,20,4,13,530
10,65%,1,82%,7459,0,1,5,Santos,20,0,16,566
18,59%,5,88%,7471,1,3,8,  Internacional,21,2,12,497
6,25%,4,55%,8385,0,4,3,Fortaleza,36,2,10,218
0,,0,,2096,0,0,0,sao paulo,14,0,0,0
0,,0,,528,0,0,0,Paysandu,44,0,0,null
,48%,0,,5313,1,0,1,Flamengo,33,1,12,474
16,53%,3,90%,8809,0,1,10,Sport,3,1,14,383
9,53% un,0,,5248,0,1,5,Internacional,27,2,22,415
8,29%,3,61%,6432,0,5,4,Palmeiras,31,2,17,210
0,-,0,,4652,0,0,0,Chapecoense,5,0,0,0
0,,0,,4933,0,0,0,Sport,33,0,0,0
0,,0,,4590,0,0,0,Criciuma   ,37,0,0,0
19,56%,8,76%,8049,0,4,6,America-MG,3,1,16,368
0,,0,,2916,0,0,0,Flamengo,21,0,0,0
7,52%,0,,5257,0,4,0,fluminense,28,0,27,437
16,57%,0,,5403,0,6,5,Atletico-MG,4,2,18,447
0,,0,,3915,0,0,0,  Palmeiras,7,0,0,0
10,30%,3,63%,6150,0,1,1,Sport,3,3,15,261
6,47%,1,84%,7661,0,6,3,Sao Paulo,2,1,25,372
0,,0,,731,0,0,0,palmeiras,15,0,0,0
0,,0,,8670,0,0,0,Atletico-MG,27,0,0,0
0,,0,,2309,0,0,0,Botafogo-RJ,37,0,0,0
14,38%,4,76%,6129,0,1,2,America-MG,1,4,11,363
0,-,0,N/A,456,0,0,0,Fortaleza,38,0,0,0
0,,0,,4414,0,0,0,Sao Paulo,19,0,0,0
9,47%,2,86%,6782,0,2,7,Botafogo-RJ,28,0,9,441
N/A,N/A,0,,1148,0,0,0,Brasiliense,4,0,0,0
17,68%,4,  ,5978,1,2,5,Atletico-MG,24,0,16,null
0,,0,,921,0,0,0,Ponte Preta,31,0,0,0
,,0,,3447,0,0,0,Palmeiras,37,0,0,0
0,,0,,3639,0,0,0,corinthians,18,0,0,0
0,,0,,2827,0,-7,0,Barueri,13,0,0,0
0,,0,,1695,0,0,0,Botafogo-RJ,13,0,0,0
0,,0,,4369,0,0,0,Vasco,15,0,0,0
0,,0,,3340,0,0,0,Gremio  Prudente,26,0,0,0
0,,0,,8509,0,0,0,VASCO,11,0,0,0
0,,0,,4600,0,0,0,Vasco   ,38,0,0,0
0,,0,,2005,0,0,0,Goias,12,0,0,0
15,49%,4,,5992,0,2,5,Palmeiras,25,1,9,403
0,,0,,602,0,0,0,Parana,5,0,0,0
11,47%,4,90%,9140,1,1,8,Juventude,35,2,20,328
0,,0,,4860,0,0,0,Flamengo,25,0,0,0
0,,0,,55,0,0,0,Vitoria,5,0,0,0
11,,3, 90% ,9104,0,3,5,Ceara,32,1,18,N/A
,,0,,3617,0,0,0,Sao Paulo,16,0,0,0
0,,0,,851,0,0,0,Atletico-MG,25,0,0,0
0,,0,,2940,0,0,0,Athletico-PR,24,0,0,0
13,N/A,3,80%,8306,0,2,17,Bragantino,29,1,13,410
17,42%,9,82%,6205,0,1,4,Athletico-PR,8,2,14,446
0,,0,,118,0,0,0,BAHIA,10,0,0,0
12,38%,0,,5187,0,4,1,Figueirense,21,0,19,313
8,36%,0,,6033,0,4,4,Ponte Preta,29,5,18,283
0,,0,,492,0,0,0,Sao Caetano,41,0,0,0
10,40%,6,,5826,0,1,5,Santos,9,4,10,319
20,44%,4,84%,7135,0,6,4,Vasco,25,1,21,404
7,43%,2,,5877,0,3,6,Vitoria,14,2,19,363
11,49%,6,79%,7331,0,4,4,Santos,7,1,20,406
0,,0,,3866,0,0,0,Fluminense,2,0,0,0
0,,0,,3786,0,0,0,Palmeiras,32,0,0,0
0,,0,,3098,0,0,0,Gremio Prudente,2,0,0,0
10, 48% ,6,87%,8952,0,3,7,  Sao Paulo,17,3,12,392
0,,0,,3278,0,0,0,Internacional,20,0,0,0
16,47%,8,,5768,0,3,6,Coritiba,3,4,16,347
19,N/A,6,94%,9067,0,5,6,  Fortaleza,29,0,16,332
11,48%,3,90% un,9006,0,3,4,Fortaleza,23,0,12,301
0,,0,,2481,0,0,0,  Palmeiras,16,0,0,0
0,,0,,8450,0,0,0,Sao  Paulo,5,0,0,0
N/A,,0,,3422,0,0,0,Cruzeiro,34,0,0,0
0,,0,,8715,0,0,0,Vasco,31,0,0,0
9,51%,0,,5694,0,2,8,Figueirense,33,2,22,347
0,N/A,0,,4701,0,0,0,Bahia,28,0,0,0
0,,0,  ,2195,0,0,0,palmeiras,24,0,0,0
0,,0,,705,0,0,0,Paysandu   ,13,0,0,0
0,,0,,3580,0,0,0,America-MG,11,0,0,0
10,51% un,1,82%,6478,0,4,5,Corinthians,36,0,14,444
0,,0,,8563,0,0,0,BOTAFOGO-RJ,16,0,0,0
23,70%,7,93%,9133,2,1,5,Internacional,34,2,13,464
10,39%,2,80%,6916,0,3,2,GREMIO,4,3,20,390
8,60%,1,93%,8840,0,4,3,Fluminense,6,2,9,576
0,,0,,866,0,0,0,parana,27,0,0,0
0,,0,,4147,0,0,0,Gremio,31,0,0,0
18,62%,6,,5892,0,2,10,Flamengo,15,4,16,451
0,,0,,1694,0,0,0,Santos,13,0,0,0
0,,0,,3568,0,0,0,Coritiba   ,10,0,0,0
0,,0,,3850,0,0,0,fluminense,1,0,0,0
11,53%,7,76%,8223,0,5,7,BRAGANTINO,20,5,18,384
8,59%,2,85%,8033,0,2,4,Cruzeiro,1,3,12,576
15,49%,3,83%,6698,0,2,4,Corinthians,20,2,12,396
0,,0,,738,0,0,0,Goias,16,0,0,0
8,43%,0,,5128,0,0,4,sport,15,0,8,462
N/A,,0,,2321,0,0,0,Cruzeiro,38,0,0,0
14,44%,5,,5982,0,3,3,Vitoria,24,3,21,N/A
21,58%,6,83%,6608,0,2,9,Palmeiras,11,1,13,374
0,,0,,1210,0,0,0,Sao Caetano,10,0,0,0
18,47%,1,71%,7629,0,2,3,America-MG,37,2,13,329
14,53%,6,78%,6593,0,1,9,Palmeiras,9,1,13,421
0,,0,,808,0,0,0,Atletico-MG,22,0,0,0
0,  ,0,,2708,0,0,0,Palmeiras,1,0,0,0
20,60%,0,,5599,0,2,10,Sao Paulo,24,1,25,456
10,46%,2,85%,6128,0,1,2,Ceara,1,0,5,472
13,40%,4,,6571,1,2,5,Sao Paulo,7,0,15,369
,44%,3,84%,8962,1,4,0,Bragantino,18,2,11,291
0,,0,,3669,0,0,0,Atletico-GO,21,0,0,0
0,,0,,4301,0,0,0,Athletico-PR,8,0,0,0
10,48%,5,90%,9074,0,1,1,Vasco,29,0,13,395
11,57%,6,,5824,0,0,5,SPORT,8,3,10,483
,,0,,987,0,0,0,Coritiba,37,0,0,0
15,52%,3,85%,8137,0,0,10,Bahia   ,12,0,11,468
,,0,,1185,0,0,0,Athletico-PR,8,0,0,0
12,60%,6,84%,7184,0,1,5,Flamengo   ,30,3,13,526
13,51%,2,86%,8333,0,2,5,Cuiaba,31,0,13,463
0,,0,,4124,0,0,0,Botafogo-RJ,28,0,0,0
9,44%,0,,5264,0,2,3,Palmeiras,28,0,17,315
17,63%,5,84%,8222,0,3,5,Flamengo,20,0,10,522
0,,0,,4159,0,0,0,Corinthians,32,0,0,0
0,  ,0,-,2394,0,0,0,gremio,7,0,0,0
0,,0,,2008,0,0,0,Flamengo,6,0,0,0
,,0,,4034,0,0,0,Atletico-MG,19,0,0,0
0,,0,,3539,0,0,0,Bahia,8,0,0,0
0,,0,,8438,0,0,0,Gremio,4,0,0,0
0,,0,,3771,0,0,0,Internacional,31,0,0,
null,,0,,2464,0,0,0,  Flamengo,13,0,0,0
0,,0,,1840,0,0,0,Flamengo,28,0,0,0
0,,0,,8727,0,0,0,Gremio,33,0,0,0
3,51%,2,80%,7316,0,3,5,Fluminense,6,4,17,394
8,63%,0,,5081,0,3,3,Joinville,10,1,14,580
N/A,,0,,8536,0,0,0,Botafogo-RJ,14,0,0,0
0,-,0,,4306,0,0,0,Atletico-MG,8,0,0,0
7,,1,75%,7456,0,1,5,Athletico-PR   ,20,1,17,350
9,55%,5,80%,8058,0,4,6,Cuiaba,4,2,12,476
19,35%,8,76%,7074,0,2,3,Palmeiras,19,2,10,300
0,,0,,1998,0,0,0,Sport,12,0,0,0
12,49%,4,83%,7581,0,3,4,santos,30,1,14,426
0,,0,,4413,0,0,0,Nautico,19,0,0,0
0,,0,,1022,0,0,0,Goias   ,40,0,0,0
0,,0,,108,0,0,0,Parana,9,0,0,0
0,,0,,1192,0,0,0,Santos,8,0,0,0
-,,0,,2486,0,0,0,Coritiba,16,0,0,0
9,51%,0,,5694,0,2,8,Figueirense,33,2,22,347
0,,0,,2759,0,0,0,  Botafogo-RJ,6,0,0,0
0,,0,,2749,0,0,0,Corinthians,5,0,0,0
0,,0,,836,0,0,0,Goias,24,0,0,0
0,,0,,4816,0,0,0,Cruzeiro   ,20,0,0,0
0,null,0,,3051,0,0,0,  Flamengo,35,0,0,0
0,,0,-,3198,0,0,0,Fluminense,12,0,0,0
0,,0,,2354,0,0,0,Athletico-PR,3,0,0,0
12,46%,3,81%,7421,0,0,5,Atletico-GO   ,16,1,11,433
0,,0,,2805,0,0,0,Goias,10,0,0,0
0,,0,,1681,0,0,0,  Santos,12,0,0,0
10,58%,5,N/A,9081,0,2,5,Sao Paulo,30,2,10,
6,39%,4,,5760,1,3,3,Gremio,2,3,16,372
0,,0,,4048,0,0,0,FIGUEIRENSE,21,0,0,0
19,52%,8,  ,6682,0,2,7,Cruzeiro,18,0,11,571
0,,0,,8552,0,0,0,Criciuma,15,0,0,0
0,,0,,2440,0,-4,0,Portuguesa,12,0,0,0
,,0,,1903,0,0,0,Flamengo,34,0,0,0
13,48%,4,84%,6416,0,0,4,Gremio,30,2,8,  
11,45%,2,78%,7859,0,3,3,ATLETICO-GO,22,3,10,396
0,,0,,3245,0,0,0,Atletico-MG,16,0,0,0
0,,0,,8660,0,0,0,Criciuma,26,0,0,0
0,,0,,3147,0,0,0,Fluminense   ,7,0,0,0
13,54%,4,82%,7939,0,3,7,Cuiaba,30,0,10,461
0,,0,N/A,3832,0,0,0,Coritiba,37,0,0,0
18,49%,0,,5043,0,5,11,Coritiba,6,4,16,401
0,,0,,3654,0,0,0,  Ceara,19,0,0,  
0,,0,,2539,0,0,0,Coritiba,22,0,0,0
0,,0,,4119,0,0,0,Ponte Preta,28,0,0,0
15,44%,7,77% un,7411,0,-5,4,America-MG,15,1,17,365
N/A,N/A,0,,2349,0,0,0,  Figueirense,3,0,0,0
0,,0,,3789,0,0,0,Atletico-MG,33,0,0,0
0,,0,,4060,0,0,0,Bahia,22,0,0,0
0,null,0,,1150,0,0,0,Paysandu,5,0,0,0
0,,0,,822,0,0,0,Corinthians,23,0,0,0
0,-,0,,4804,0,0,0,Coritiba,19,0,0,0
0,,0,,3774,0,0,0,Athletico-PR   ,31,0,0,
16, 58% ,2,78% un,6284,0,1,10,Chapecoense,16,1,12,443
0,,0,,8473,0,0,0,Criciuma,7,0,0,0
0,,0,,382,0,0,0,Fluminense,32,0,0,0
0,,0,,4644,0,-1,0,Santos,4,0,0,  
15,  ,0,,5628,1,1,5,Santos   ,27,2,11,474
16,51%,0,,4995,0,2,4,Avai,1,2,10,462
14,46%,0,,5555,0,3,6,cruzeiro,19,5,8,430
0,,0,,4190,0,0,0,Fluminense,35,0,0,0
0,,0,,323,0,0,0,Atletico-MG,27,0,0,0
7,36%,0,,5458,0,4,2,Cruzeiro,10,0,14,294
0,,0,,4366,0,0,0,INTERNACIONAL,14,0,0,
0,,0,,1649,0,0,0,Ponte Preta,9,0,0,0
10,66%,2,84%,8258,0,3,2,Flamengo,24,1,14,589
7,48%,3,77%,7663,0,5,5,Fortaleza,2,3,13,453
0,,0,,1172,0,0,0,ponte preta,7,0,0,0
10,44%,0,,4808,0,4,5,Palmeiras,20,1,18,384
0,,0,,3718,0,0,0,  Santos,26,0,0,0
0,,0,,1460,0,0,0,Corinthians,33,0,0,0
0,,0,,1676,0,0,0,Vasco,11,0,0,0
0,,0,,1197,0,0,0,Botafogo-RJ,9,0,0,0
0,,0,,3503,0,0,0,Atletico-MG,4,0,0,0
0,,0,,8745,0,0,0,Fluminense,34,0,0,0
14,41%,4,76%,7808,0,5,6,Avai,17,3,17,338
0,,0,,2545,0,0,0,  Atletico-MG,22,0,0,0
0,,0,,4043,0,0,0,vasco,20,0,0,0
0,,0,,3327,0,0,0,Santos,25,0,0,0
8,53%,5,91%,8813,0,2,3,Fluminense,3,1,14,470
14,58%,8, 87% ,6901,0,1,7,Gremio   ,2,0,7,571
11,40%,2,77% un,7744,0,3,1,Coritiba,10,1,12,318
9,,4,76%,7306,0,3,2,bragantino,5,2,13,272
0,,0,,811,0,0,0,Internacional,22,0,0,0
0,,0,,603,0,0,0,Athletico-PR,5,0,0,0
4,38%,2,80%,6966,0,1,3,Fortaleza,8,4,21,329
0,,0,,4871,0,0,0,Botafogo-RJ,26,0,0,
0,,0,,3607,0,0,0,Coritiba,15,0,0,  
0,,0,,8722,0,0,0,Criciuma,32,0,0,0
7,51%,1,85%,6144,1,2,4,Athletico-PR,2,1,15,602
0,,0,,1242,0,0,0,Vasco,13,0,0,0
0,,0,,245,0,0,0,Figueirense,21,0,0,0
0,N/A,0,,4709,0,0,0,  Sport,10,0,0,0
15,56%,6,,5973,0,2,9,Chapecoense,23,3,15,N/A
0,,0,,8604,0,0,0,Gremio,20,0,0,0
0,,0,,2280,0,0,0,Goias,34,0,0,0
5,32%,3,84%,9089,0,2,8,Sport,31,3,15,222
0,,0,,3347,0,0,0,Vasco   ,27,0,0,0
0,,0,,3953,0,0,0,Figueirense,11,0,0,0
0,,0,,2870,0,0,0,Corinthians   ,17,0,0,0
12, 53% ,3,85%,7743,0,1,4,Botafogo-RJ,10,0,14,440
10,43%,0,,5662,0,4,4,Ponte Preta,30,3,23,274
0,,0,,3460,0,0,0,Corinthians,38,0,0,0
11,38%,1,75%,7912,0,3,2,Fortaleza,27,1,17,324
null,41%,5,80%,8239,0,2,2,Gremio,22,3,18,413
0,,0,,4402,0,0,0,Fluminense,18,0,0,0
13,55%,7,83%,7495,0,3,8,  Bahia,23,0,19,410
0,,0,,3521,0,0,0,  Corinthians,6,0,0,0
13,59%,1,-,7282,0,0,5,  Juventude,2,1,14,519
0,,0,,3011,0,0,0,  Internacional,31,0,0,0
0,,0,,564,0,0,0,Sao Paulo,1,0,0,0
14,39%,5,70%,7503,0,3,5,Palmeiras,24,2,17,301
0,,0,,3656,0,0,0,Atletico-MG,19,0,0,0
22,54%,0,,5015,0,2,16,  Cruzeiro,3,3,17,390
0,,0,,3320,0,0,0,ATLETICO-GO,24,0,0,0
0,,0,,4964,0,0,0,Corinthians,36,0,0,0
17,56%,6,,5777,0,0,5,Fluminense,4,5,18,459
8, 32% ,3,86%,8959,0,2,3,Fortaleza,18,3,17,265
0,,0,,835,0,0,0,Paysandu,24,0,0,0
0,,0,,4308,0,0,0,Athletico-PR,9,0,0,  
0,,0,,4326,0,0,0,Santos,10,0,0,0
0,,0,,4090,0,0,0,Palmeiras,25,0,0,0
10,51%,3,80%,7838,0,0,4,Botafogo-RJ,20,0,6,488
0,,0,,8665,0,0,0,Cuiaba,26,0,0,0
0,,0,,519,0,0,0,Guarani,44,0,0,0
0,,0,,1950,0,0,0,Palmeiras,1,0,0,0
0,,0,,3375,0,0,0,Ceara,29,0,0,0
0,,0,,3960,0,0,0,CORITIBA,12,0,0,0
0,,0,,3079,0,0,0,Flamengo,38,0,0,0
0,,0,,1657,0,0,0,Internacional,10,0,0,null
0,,0,,243,0,0,0,Paysandu,21,0,0,0
0,,0,,799,0,0,0,Vasco,21,0,0,0
,58%,3,81%,7397,1,1,2,Internacional,14,2,20,510
13,55%,0,,5501,0,4,5,Atletico-MG   ,14,2,23,428
,34%,0,,5391,0,2,1,Santa Cruz,3,3,16,282
null,,0,,2859,0,0,0,Flamengo,16,0,0,0
0,,0,,894,0,0,0,Figueirense,29,0,0,0
0,,0,,4120,0,0,0,Sao Paulo,28,0,0,0
0,,0,,811,0,0,0,Ponte Preta,22,0,0,0
8,27%,2,,5845,0,2,2,Avai,10,0,10,231
11,37%,4,-,7032,1,1,8,Botafogo-RJ,15,0,15,314
0,,0,,8471,0,0,0,Vasco,7,0,0,0
0,,0,,4022,0,0,0,Botafogo-RJ   ,18,0,0,0
10,N/A,0,,5450,0,4,2,chapecoense,9,2,18,336
0,,0,,442,0,0,0,VITORIA,37,0,0,0
0,null,0,,272,0,0,0,CORITIBA,23,0,0,0
16,63%,0,,5719,0,0,4,Palmeiras,36,3,13,433
0,-,0,,2450,0,0,0,Ipatinga   ,14,0,0,0
0,,0,,823,0,0,0,Cruzeiro,23,0,0,0
0,,0,,989,0,0,0,Vitoria,37,0,0,0
9,66%,2,87%,7515,0,2,2,Sao Paulo,25,0,16,568
0,,0,,2061,0,0,0,Vasco,29,0,0,0
0,,0,,4621,0,0,0,Flamengo,2,0,0,0
0,,0,,1081,0,0,0,Atletico-MG,45,0,0,0
0,,0,,3911,0,0,0,Bahia,7,0,0,0
8,61%,2,84%,8142,0,1,2,Internacional,12,1,6,505
13,41%,3,78%,7460,0,0,5,Gremio,20,0,22,359
14,36%,5,72%,6776,0,3,4,Corinthians,28,0,20,285
0,-,0,,2718,0,0,0,Atletico-MG,2,0,0,0
0,,0,,1553,0,0,0,Sao Paulo,41,0,0,0
20,53%,0,N/A,5188,0,0,7,Ponte Preta,21,1,11,551
0,,0,,8586,0,0,0,Juventude,19,0,0,0
0,,0,,259,0,0,0,Coritiba,22,0,0,0
14,45%,7,83%,6588,0,1,3,Internacional,9,0,11,506
0,,0,,4099,0,0,0,Portuguesa   ,26,0,0,0
0,,0,,420,0,0,0,Figueirense,35,0,0,0
19,44%,9,69%,7648,1,8,8,Ceara,1,0,14,309
0,,0,,8608,0,0,0,ATLETICO-MG,21,0,0,0
6,43%,1,88%,8967,0,3,3,  Vitoria,19,2,9,303
0,,0,,2420,0,0,0,Botafogo-RJ,11,0,0,0
0,null,0,,2445,0,0,0,Atletico-MG,12,0,0,0
0,,0,,8619,0,0,0,corinthians,22,0,0,0
0,,0,,382,0,0,0,Figueirense,32,0,0,0
9,39%,0,,5497,1,0,3,Chapecoense   ,14,3,17,333
9,46%,3,81%,8130,0,4,6,bahia,11,6,18,385
0,,0,,2421,0,0,0,  Figueirense,11,0,0,null
0,,0,,4172,0,0,0,Botafogo-RJ,33,0,0,0
0,,0,,3540,0,0,0,Corinthians,8,0,0,0
  ,,0,,572,0,0,0,Guarani,2,0,0,0
0,,0,,3095,0,0,0,GUARANI,1,0,0,0
,37%,0,,5030,1,3,1,Santos,5,0,15,329
14,56%,7,78%,7817,0,4,4,  Bragantino,18,1,14,406
0,,0,,2731,0,0,0,santos,3,0,0,0
9,38%,5,,5966,2,3,4,Palmeiras,23,3,18,299
0,,0,,2579,0,0,0,Nautico,26,0,0,0
0,,0,,901,0,0,0,Sao Paulo,30,0,0,0
0,,0,,2379,0,0,0,ipatinga,6,0,0,N/A
15,59%,4,84%,7346,0,3,4,Fortaleza,9,0,14,513
0,,0,,4448,0,0,0,Gremio,23,0,0,N/A
9,38%,0,N/A,5256,1,7,5,Coritiba,27,1,19,260
0,,0,,266,0,0,0,Gremio,23,0,0,0
0,,0,,960,0,0,0,Juventude,34,0,0,0
14,,4,76%,7568,1,3,3,Ceara,31,2,10,407
10,48%,4,90%,9027,0,2,3,Vasco,25,0,12,330
17,63%,9,,6121,0,4,13,Fluminense,38,1,18,462
null,47%,0,,5228,1,3,4,Figueirense,25,5,18,382
0,,0,,975,0,0,0,Vasco,36,0,0,
11,-,7,84%,7236,0,4,2,Goias,36,2,22,415
21,  ,5,79%,7305,0,4,7,Athletico-PR,4,3,8,407
9,42%,0,,5548,0,2,2,America-MG,19,1,11,381
16,61%,7,95%,8822,0,1,6,  Flamengo,4,0,14,581
N/A,73%,9,84%,6855,0,0,9,  Cruzeiro,35,1,9,525
11,61%,3,90% un,7247,1,3,2,Fortaleza,37,0,15,547
0,,0,,3680,0,0,0,ATLETICO-MG,22,0,0,0
0,,0,,242,0,0,0,Juventude,21,0,0,0
0,,0,,3171,0,0,0,Corinthians,9,0,0,0
15, 47% ,8,,6123,0,3,12,Chapecoense,38,0,18,313
10,36%,2,75%,6142,0,1,3,Chapecoense,2,2,13,306
18,65%,7,88%,6907,0,3,5,Flamengo,3,1,16,541
0,,0,,3948,0,0,0,Santos,11,0,0,0
0,,0,,952,0,0,0,  Atletico-MG,34,0,0,0
15,63%,7,,5949,0,3,9,Sao Paulo   ,21,1,16,522
0,,0,-,3342,0,0,0,Athletico-PR,26,0,0,0
12,53%,3,84%,7968,1,1,7,Santos,33,1,15,486
8,43%,0,,5729,0,2,4,Athletico-PR,37,0,9,367
0,,0,,593,0,0,0,Sao Caetano,4,0,0,0
0,,0,,1531,0,0,0,Coritiba   ,39,0,0,0
0,,0,,1930,0,0,0,Athletico-PR,37,0,0,0
12,74%,3,,6072,0,1,4,Palmeiras,33,3,10,642
0,,0,,413,0,0,0,Ponte Preta,35,0,0,0
0,,0,,145,0,0,0,Goias,13,0,0,0
0,,0,,292,0,0,0,Sao Paulo,25,0,0,0
0,,0,,2344,0,0,0,  Figueirense,2,0,0,0
  ,,0,,1636,0,0,0,Corinthians,7,0,0,0
0,,0,,3519,0,0,0,Cruzeiro,6,0,0,0
0,,0,,4463,0,0,0,Sao Paulo,24,0,0,0
0,,0,,1940,0,0,0,parana,38,0,0,0
11,44%,3,79%,7359,0,1,3,America-MG   ,10,1,16,378
0,,0,,1091,0,0,0,Cruzeiro,45,0,0,0
0,,0,,4215,0,0,0,Internacional,37,0,0,0
0,,0,,3812,0,0,0,  Cruzeiro,35,0,0,0
0,,0,,4790,0,0,0,atletico-mg,18,0,0,0
15,52%,8,,5772,0,0,9,corinthians,3,5,11,
11,32%,5,,5933,0,4,2,Bahia,19,5,20,271
19,65%,2,,5779,0,2,11,Flamengo,4,0,19,  
29,74%,4,90%,6283,0,2,14,Santos,16,2,8,614
0,,0,,4781,0,0,0,Criciuma,17,0,0,  
  ,,0,,4460,0,0,0,Vasco,24,0,0,0
8, 39% ,1,-,7400,0,3,2,Athletico-PR,14,1,12,null
0,,0,,3101,0,0,0,Botafogo-RJ,2,0,0,0
23,53%,7,78%,7778,0,1,7,Flamengo,14,2,17,430
7,34%,5,,5932,0,3,3,Athletico-PR   ,19,4,22,338
0,,0,,3818,0,0,0,Avai,36,0,0,0
8,63%,0,,5556,0,4,4,Gremio,19,1,25,507
-,55%,0,,5700,0,1,5,Santa Cruz,34,4,10,564
,,0,,8505,0,0,0,Palmeiras,10,0,0,0
0,,0,,4416,0,0,0,Vasco,19,0,0,0
0,,0,,92,0,0,0,VITORIA,8,0,0,0
9,51%,2,-,5238,0,1,5,FLUMINENSE,26,3,14,392
11,57%,0,,5333,1,2,3,Internacional,35,7,14,433
0,,0,,2044,0,0,0,Corinthians,9,0,0,0
19,null,3,87%,7774,0,0,6,Fluminense,13,1,8,479
0,,0,,708,0,0,0,Coritiba,13,0,0,0
NULL,null,3,,6074,0,5,2,Atletico-GO,33,3,13,446
9,40%,0,,5042,0,2,3,Gremio,6,1,14,436
0,,0,,4631,0,0,0,Figueirense,3,0,0,0
0,,0,,684,0,0,0,Atletico-MG,11,0,0,0
9,38%,4,68%,6683,0,6,3,Athletico-PR   ,18,1,15,289
8,55%,0,,5638,0,3,2,Flamengo,28,3,9,459
0,,0,,2845,0,0,0,Coritiba,14,0,0,0
18, 55% ,6,86%,6978,1,4,9,Goias,9,0,27,459
13,29%,4,74%,8305,0,3,4,America-MG   ,28,0,13,270
0,,0,,8590,0,0,0,Palmeiras   ,19,0,0,0
17,61%,6,89%,7916,0,2,9,Sao Paulo,28,1,13,568
0,,0,,4684,0,0,0,Fluminense,8,0,0,0
0,,0,,3318,0,0,0,Palmeiras,24,0,0,0
0,,0,,3693,0,0,0,Coritiba,23,0,0,0
10,46%,2,90%,8793,0,1,3,santos,1,0,12,365
6,,2,82%,7804,2,1,2,  Botafogo-RJ,16,2,11,473
0,null,0,,1335,0,0,0,CORITIBA,21,0,0,0
22,45%,5,,6067,0,2,10,Avai,33,4,18,353
11,58%,0,,5648,0,3,6,vitoria,29,0,16,453
0,,0,,3403,0,0,0,Palmeiras,32,0,0,0
0,,0,,4433,0,0,0,Bahia,21,0,0,  
0,,0,,1103,0,0,0,athletico-pr,46,0,0,0
0,,0,,8553,0,-8,0,Athletico-PR,15,0,0,0
,,0,,1830,0,0,0,Fluminense   ,27,0,0,0
0,,0,,863,0,0,0,VITORIA,26,0,0,0
0,,0,,1231,0,0,0,  Flamengo,12,0,0,0
0,,0,,3049,0,0,0,  Vitoria,35,0,0,0
17,null,11,83%,8317,0,2,7,Gremio,30,1,5,541
0,,0,,8602,0,0,0,Flamengo,20,0,0,0
0,  ,0,,3739,0,0,0,Bahia,28,0,0,0
0,,0,,1282,0,0,0,Sao Caetano,17,0,0,0
0,,0,,3488,0,0,0,CEARA,3,0,0,  
0,,0,,833,0,0,0,criciuma,24,0,0,0
0,,0,,1919,0,0,0,Corinthians,36,0,0,0
12,53%,6,87%,8930,0,2,5,CEARA,15,5,6,393
0,  ,0,,1297,0,0,0,Flamengo,18,0,0,0
-,,0,,402,0,0,0,Corinthians,34,0,0,0
9,36%,2,74%,6867,1,2,9,Ceara,37,2,15,261
10,47%,4,,6026,1,2,7,Atletico-GO,29,0,23,429
9,,1,,5923,0,2,6,Avai,18,1,18,355
0,,0,,3982,0,0,0,Fluminense,14,0,0,0
0,,0,,906,0,0,0,palmeiras,30,0,0,0
12,-,0,,5446,0,2,4,Fluminense,8,5,12,410
0,,0,,1766,0,0,0,Botafogo-RJ,20,0,0,0
0,,0,,2160,0,0,0,atletico-mg,21,0,0,0
0,N/A,0,,302,0,0,0,bahia,26,0,0,0
12,57%,0,,5048,0,2,8,Coritiba,7,0,17,478
10,41%,3,85%,8034,0,3,3,Coritiba,1,2,17,380
15,62%,9,,5820,0,2,3,bahia,8,2,14,442
0,,0,,2521,0,0,0,Flamengo,20,0,0,0
19,36% un,4,78%,6334,0,2,6,Vitoria,21,4,17,329
0,,0,,1638,0,0,0,Fortaleza,8,0,0,0
,,0,,881,0,0,0,Sao Caetano,28,0,0,0
15,63%,4,88%,7812,0,3,2,Atletico-MG,17,3,18,487
12,59%,5,89%,7462,1,0,7,Palmeiras,20,2,14,509
0,,0,,4699,0,0,0,GREMIO,28,0,0,0
16,48%,3,84%,7768,0,4,9,Atletico-MG,13,1,18,373
0,,0,,8784,0,0,0,Fluminense,38,0,0,0
5,54%,1,87%,8392,0,4,2,Goias,37,0,14,531
8,37%,0,,5332,1,4,4,Fluminense,35,2,21,293
15,57%,5,83%,7599,0,2,5,Chapecoense,33,0,14,523
0,,0,,22,0,0,0,Criciuma,2,0,0,0
0,,0,,4837,0,0,0,Internacional,23,0,0,0
0,,0,,2485,0,0,0,Atletico-MG,16,0,0,0
0,,0,,4844,0,0,0,Figueirense,23,0,0,0
14,46%,0,,5024,1,0,10,Sao Paulo,4,3,17,434
8,56%,0,,5045,0,2,6,goias,6,4,15,496
,61%,1,87%,7422,0,1,5,athletico-pr,16,1,20,499
10,41%,5,68%,7425,1,1,3,Chapecoense   ,16,1,10,300
0,,0,,438,0,0,0,Internacional,37,0,0,0
0,,0,,3439,0,0,0,  Gremio Prudente,36,0,0,0
9,60%,0,-,5103,0,3,3,internacional,12,2,17,563
0,,0,,814,0,0,0,Cruzeiro,22,0,0,0
16,41%,0,,5454,0,3,7,Figueirense,9,4,16,277
0,,0,,3228,0,0,0,Gremio,15,0,0,0
0,,0,,1142,0,0,0,Cruzeiro,4,0,0,0
9,41%,2,79%,7712,1,4,4,america-mg,6,1,23,294
0,,0,,492,0,0,0,Guarani,41,0,0,0
12,57%,2,85% un,7877,0,3,5,Avai,24,2,14,460
0,-,0,,1910,0,0,0,cruzeiro,35,0,0,null
  ,53% un,0,,5244,0,4,11,  Cruzeiro,26,0,15,437
N/A,51%,3,78%,7331,1,2,6,Atletico-MG,7,4,16,408
11,56%,0,,5691,0,1,7,Corinthians,33,1,11,488
0,,0,,591,0,0,0,Atletico-MG,4,0,0,0
-,,0,,510,0,0,0,SANTOS,43,0,0,0
0,,0,,1478,0,0,0,Sao Caetano,34,0,0,0
7,31%,2,,6424,1,1,4,parana,30,1,17,317
0,,0,,152,0,0,0,Santos   ,13,0,0,0
16,,2,83%,6744,0,1,7,Avai,24,0,18,505
0,,0,,1202,0,0,0,Palmeiras,9,0,0,0
0,,0,,3473,0,0,0,Coritiba,1,0,0,0
0,,0,,2324,0,0,0,Vasco,38,0,0,0
17, 51% ,6,N/A,6063,0,1,7,  Bahia,32,0,16,394
0,,0,,2580,0,0,0,Sport,26,0,0,0
13,49%,0,,5406,0,1,5,santos,4,2,9,457
0,,0,,2713,0,0,0,cruzeiro,1,0,0,0
0,,0,,475,0,0,0,Juventude,40,0,0,0
9,45%,6,81%,7993,0,2,7,Santos,35,0,10,392
11,59%,5,85%,7166,0,5,7,Sport,29,2,15,518
0,,0,,2839,0,0,0,Botafogo-RJ,14,0,0,0
12,43%,0,,5101,0,6,2,Avai,12,1,11,329
0,,0,,4254,0,0,0,CRICIUMA,3,0,0,0
0,,0,,2803,0,0,0,Sao Paulo,10,0,0,0
0,,0,,8688,0,0,0,Gremio,29,0,0,0
0,,0,,161,0,0,0,sao paulo,14,0,0,0
9,49%,0,80%,6741,0,3,5,Fluminense,24,0,18,460
11,30%,3,76%,8361,0,0,1,Santos,34,1,12,251
0,,0,,4109,0,0,0,Cruzeiro,27,0,0,0
,41%,0,,5306,0,1,5,Ponte Preta,32,2,12,409
15,,9,82%,8294,0,1,4,bragantino,27,0,8,624
null,N/A,0,,5569,0,2,7,Flamengo,21,1,14,433
0,,0,,3630,0,0,0,Gremio   ,17,0,0,0
11,57%,0,,5333,1,2,3,Internacional,35,7,14,433
0,,0,,2192,0,0,0,SAO PAULO,24,0,0,0
0,,0,,8760,0,0,0,Vasco,36,0,0,0
0,,0,,475,0,0,0,Flamengo,40,0,0,0
0,,0,,4302,0,0,0,Internacional,8,0,0,0
17,46%,0,,5287,0,4,5,Palmeiras   ,31,1,29,330
19,38%,7,76%,7050,0,4,10,Corinthians,17,1,14,314
15,65%,0,,5358,0,0,1,Flamengo,38,1,16,559
0,,0,  ,2615,0,0,0,Athletico-PR,29,0,0,N/A
24,59%,5,87%,6584,0,1,4,Santos   ,8,0,12,532
0,,0,,4425,0,0,0,Santos,20,0,0,0
0,,0,,2129,0,0,0,FIGUEIRENSE,18,0,0,0
13,56%,0,,5252,0,2,5,Sport,27,2,10,477
0,,0,,1615,0,0,0,Corinthians,5,0,0,0
17,48%,0,,5152,0,4,5,cruzeiro,17,4,21,415
0,,0,,2767,0,0,0,Palmeiras,7,0,0,null
0,,0,,8712,0,0,0,Atletico-MG,31,0,0,0
-,,0,,4454,0,0,0,Santos,23,0,0,0
,,0,- un,3197,0,0,0,Sao Paulo,12,0,0,0
0,,0,,2561,0,0,0,SPORT,24,0,0,0
25,37%,9,92%,9129,0,4,5,Gremio,34,3,13,323
0,,0,-,343,0,0,0,Goias,29,0,0,0
0,,0,,2620,0,0,0,Palmeiras,30,0,0,0
0,,0,,4145,0,0,0,Ponte Preta,30,0,0,null
4,42%,1,80%,7691,0,2,1,Corinthians,5,1,9,416
16,45%,10,87%,8928,1,1,9,Mirassol,15,3,16,343
0,,0,,3698,0,0,0,gremio,24,0,0,0
11,48%,1, 90% ,8880,0,4,3,Palmeiras,10,1,12,340
0,,0,,55,0,0,0,Juventude   ,5,0,0,0
0,,0,,4784,0,0,0,Sport,17,0,0,0
12,42%,4,  ,8946,0,3,4,SPORT,17,4,24,286
0,,0,,2051,0,0,0,Botafogo-RJ,10,0,0,0
9,38%,5,,5748,0,1,5,fluminense,1,2,15,306
6,52%,2,39%,7731,1,4,7,FLUMINENSE,9,1,10,259
0,,0,,3283,0,0,0,Athletico-PR,20,0,0,0
10,59%,0,86%,7721,0,5,8,Cuiaba,8,0,9,460
16,57%,0,,5307,0,1,4,SAO PAULO,33,3,10,541
0,,0,,4219,0,0,0,Vasco,38,0,0,0
  ,,0,,2532,0,0,0,Fluminense,21,0,0,0
23,56%,8,,6008,0,1,6,Sao Paulo,28,0,6,583
0,,0,  ,36,0,0,0,Parana,4,0,0,0
0,,0,-,4327,0,0,0,Bahia,11,0,0,0
0,,0,,642,0,0,0,Atletico-MG   ,8,0,0,0
0,,0,,1312,0,0,0,Juventude,19,0,0,0
15,51%,6,82%,7192,0,2,4,Flamengo,31,1,26,460
10,35%,6,,6125,0,3,6,Athletico-PR,38,2,16,332
21,60%,5,93%,9003,0,3,5,atletico-mg,22,3,13,469
16,52%,2,88%,8065,0,2,5,Fortaleza,4,2,9,511
14,55%,4,,5977,0,2,6,Ponte Preta,24,1,22,477
0,,0,  ,2853,0,0,0,Fluminense,15,0,0,0
7, 39% ,0,71%,8344,0,2,4,Cuiaba,32,1,7,312
9,57%,1,82%,8157,0,2,4,Vasco,14,3,7,465
6,21%,1,62%,6993,1,4,0,goias,10,1,10,170
8,36%,0,,5474,1,2,10,Sao Paulo,11,0,14,305
0,,0,,3374,0,0,0,Avai,29,0,0,0
0,,0,,4776,0,0,0,Cruzeiro   ,16,0,0,-
0,,0,,2396,0,0,0,Atletico-MG   ,7,0,0,0
16,57%,3,74%,6466,0,2,9,Vasco,35,1,14,442
0,,0,,4044,0,0,0,ATLETICO-GO,20,0,0,0
0,,0,,160,0,0,0,Parana,14,0,0,0
9,40%,0,,5166,0,3,3,Gremio,18,2,12,413
18,64%,5,94%,9106,0,0,4,Atletico-MG,33,3,6,539
0,,0,,2957,0,0,0,Palmeiras,26,0,0,0
0,,0,,2808,0,0,0,Gremio,11,0,0,0
null,68% un,0,,5329,0,4,5,Ponte Preta,35,3,18,534
null,,0,,2760,0,0,0,Corinthians,6,0,0,0
18,62%,9,84%,7232,0,4,8,  Sao Paulo,35,2,11,518
0,,0,,166,0,0,0,Cruzeiro,14,0,0,0
0,,0,,1559,0,0,0,Brasiliense,42,0,0,0
12,52%,4,82%,6278,0,4,4,Vasco,16,0,17,null
0,,0,,1666,0,0,0,Botafogo-RJ,10,0,0,0
0,,0,,307,0,0,0,Corinthians,26,0,0,0
6,55%,1,79%,7882,0,2,4,Flamengo,24,2,14,502
10,46%,3,75%,6351,0,3,2,Atletico-MG,23,0,17,346
0,,0,,4774,0,0,0,Sao Paulo,16,0,0,0
11,41%,5,76%,6923,0,5,4,Sport,4,1,23,354
0,,0,,3080,0,0,0,Palmeiras,38,0,0,0
0,,0,,4931,0,0,0,gremio,33,0,0,0
10,30%,6,68%,7777,0,4,5,Athletico-PR,14,0,14,247
0,,0,,4843,0,0,0,Vitoria,23,0,0,0
0,,0,,4634,0,0,0,Flamengo,3,0,0,0
0,  ,0,,8666,0,0,0,Corinthians,27,0,0,0
0,,0,,4393,0,0,0,BOTAFOGO-RJ,17,0,0,0
11,58% un,3,83%,6871,0,4,2,Internacional,37,1,19,515
0,,0,,3750,0,0,0,Internacional,29,0,0,0
14,52%,7,79%,7982,0,1,3,Fortaleza,34,1,15,441
0,,0,,1733,0,0,0,Cruzeiro,17,0,0,0
18,N/A,4,89%,8972,0,3,6,VASCO,19,0,10,427
null,,0,,3451,0,0,0,Athletico-PR,37,0,0,0
0,,0,,3938,0,0,0,Sport,10,0,0,0
0,,0,,3063,0,0,0,CORITIBA,36,0,0,0
0,N/A,0,,641,0,0,0,Vitoria,8,0,0,0
12,53%,3,,7193,0,0,5,Santos,31,1,14,378
0,,0,,8568,0,0,0,Juventude,17,0,0,0
  ,56%,6,83%,7174,0,0,6,  Atletico-MG,29,1,11,490
8,36%,2,,5967,0,3,0,VASCO,23,0,18,
0,,0,,3029,0,0,0,Barueri,33,0,0,0
13,60%,3,85%,7208,0,1,5,Sao Paulo,33,1,9,498
11,null,3,81%,7369,0,1,1,Sport,11,2,16,446
0,,0,,3510,0,0,0,Vasco,5,0,0,0
0,,0,,2846,0,0,0,Sao Paulo,14,0,0,0
19, 46% ,8,75%,6706,0,2,8,Ceara,21,1,18,402
0,,0,,37,0,0,0,Internacional,3,0,0,0
0,,0,,4253,0,0,0,SAO PAULO,3,0,0,0
0,,0,,35,0,0,0,Fortaleza,4,0,0,  
0,,0,,4110,0,0,0,  Nautico,27,0,0,0
14,62%,2,86%,8098,0,4,2,Flamengo,8,5,12,618
0,,0,,2177,0,0,0,Parana,23,0,0,0
0,,0,,4294,0,0,0,Cruzeiro   ,7,0,0,0
0,,0,,4304,0,0,0,Goias,8,0,0,0
0,,0,-,3342,0,0,0,Athletico-PR,26,0,0,0
0,,0,,3725,0,0,0,ceara,26,0,0,0
8,35%,2,66%,6446,1,1,6,PARANA,33,1,10,277
0,,0,-,4278,0,0,0,Coritiba,6,0,0,0
0,,0,,8421,0,-7,0,  Criciuma,2,0,0,0
24,54%,11,87%,6546,0,3,10,Fluminense,5,0,20,501
0,,0,,2671,0,0,0,Flamengo,35,0,0,
1,50%,1,84%,8916,0,3,3,Mirassol,14,2,17,319
15,44%,0,,5661,0,4,2,cruzeiro,30,1,16,345
0,,0,,3912,0,0,0,Portuguesa,7,0,0,0
  ,,0,null,3987,0,0,0,vasco,15,0,0,0
0,,0,,1935,0,-10,0,Fluminense,37,0,0,0
0,,0,,4502,0,0,0,Nautico,28,0,0,0
19,51%,4,,6011,0,2,6,Fluminense,28,1,18,486
0,,0,,1303,0,0,0,Athletico-PR,19,0,0,0
0,,0,,8684,0,0,0,Bahia,28,0,0,0
20,null,9,90%,8939,0,4,6,Vitoria,16,1,11,333
,,0,,2264,0,0,0,Figueirense,32,0,0,0
0,-,0,,4243,0,0,0,Goias,2,0,0,0
0,,0,,8705,0,0,0,Palmeiras,30,0,0,0
0,,0,,3026,0,0,0,Palmeiras,32,0,0,0
0,,0,,4085,0,0,0,Nautico,24,0,0,0
11,30%,2,89%,8926,0,5,9,Fortaleza,15,3,16,223
0,,0,,3341,0,0,0,Atletico-GO,26,0,0,0
24,60%,0,,5166,0,2,12,Atletico-MG,18,1,10,N/A
17,60%,2,86%,7230,2,2,7,Internacional,35,0,12,530
0,,0,,3819,0,0,0,GREMIO,36,0,0,0
  ,,0,,8493,0,0,0,Botafogo-RJ,9,0,0,0
N/A,,0,N/A,286,0,0,0,Figueirense,24,0,0,0
14,45%,2,,5771,0,3,6,Cruzeiro,3,0,14,427
0,,0,,3497,0,0,0,Santos,4,0,0,0
0,,0,,2699,0,0,0,figueirense,38,0,0,null
7,56%,0,,5003,0,-10,3,Cruzeiro,2,5,13,445
21,54%,0,,5731,0,1,5,Palmeiras,37,0,25,299
0,,0,,2841,0,0,0,Palmeiras,14,0,0,0
0,,0,,46,0,0,0,Goias,3,0,0,0
12,49% un,4,,5815,0,3,2,Gremio,7,1,17,505
27,65%,9,81%,8393,0,4,12,Bragantino,37,1,16,467
0,-,0,,2374,0,0,0,Coritiba,5,0,0,0
0,,0,,4480,0,0,0,Athletico-PR,26,0,0,0
8,48%,2,,7463,0,2,5,Corinthians,20,2,10,444
11,56%,0,,5368,0,2,4,FLAMENGO,1,2,18,553
0,N/A,0,,2847,0,0,0,nautico,15,0,0,0
0,,0,,4428,0,0,0,Portuguesa,21,0,0,0
9,53%,3,78%,6808,1,2,6,Santos,31,2,11,412
11,27%,6,64%,7538,0,6,5,Fluminense,28,1,22,206
10,57%,0,,5687,0,2,3,  Sport,33,2,12,428
0,,0,,2183,0,0,0,  Botafogo-RJ,23,0,0,0
0,,0,,1509,0,0,0,FIGUEIRENSE,37,0,0,0
12,44%,0,,5216,0,0,1,Santos   ,23,3,9,448
5,52%,2,78% un,8154,0,2,5,Santos,13,1,16,396
0,,0,,415,0,0,0,Sao Paulo,35,0,0,0
0,,0,,4642,0,0,0,cruzeiro,4,0,0,-
0,-,0,,2050,0,0,0,Gremio,10,0,0,0
N/A,36%,5,88%,8986,0,3,2,Bragantino,21,0,17,303
13,53%,7,87%,7051,0,1,6,Internacional,17,1,17,524
-,28%,2,,5899,0,2,4,  Avai,16,2,20,246
9,51%,4,83%,7774,0,3,3,Avai,13,4,15,486
0,,0,,4624,0,0,0,Gremio,2,0,0,0
0,,0,,1750,0,0,0,Botafogo-RJ,19,0,0,0
16,71%,4,,7534,0,1,12,Flamengo,27,1,12,691
8,55%,0,,5404,0,5,2,Palmeiras,4,3,21,403
4,31%,0,65%,7245,0,3,1,Sport,36,0,8,273
0,,0,,4552,0,0,0,Botafogo-RJ,33,0,0,0
0,,0,,743,0,0,0,Ponte Preta,16,0,0,0
0,,0,,3827,0,0,0,Vasco,37,0,0,0
11,57%,0,,5676,0,4,3,Sao Paulo,31,3,18,400
11,38%,4,77%,6934,0,1,6,Ceara,5,1,21,339
28,52%,8,79%,7404,0,3,9,Fortaleza,14,1,12,331
0,,0,,338,0,0,0,Santos,29,0,0,0
0,,0,,2568,0,0,0,portuguesa,25,0,0,0
0,,0,,12,0,0,0,Corinthians   ,1,0,0,0
  ,63%,4,-,6559,0,5,7,Santos,6,0,19,517
14,44%,0,,5234,0,2,6,Vasco,25,4,18,351
15,60%,8,,6052,0,1,16,Vitoria,31,0,19,487
7,34%,3,67%,8108,0,5,4,Atletico-MG,9,5,21,249
0,,0,,1008,0,0,0,Sao Caetano,38,0,0,  
0,,0,-,1533,0,0,0,Atletico-MG,39,0,0,0
,47%,2,  ,7792,0,-17,0,Sao Paulo   ,15,1,20,346
0,,0,,3055,0,0,0,Santo Andre,35,0,0,0
5,40%,2,72%,7014,0,3,0,Sport,13,0,13,361
0,,0,,3552,0,0,0,Botafogo-RJ,9,0,0,0
0,,0,,3188,0,0,0,atletico-mg,11,0,0,0
0,,0,,8575,0,0,0,Internacional,17,0,0,0
0,,0,,3992,0,0,0,Palmeiras,15,0,0,0
8,38%,0,,5639,0,2,2,Vitoria,28,1,18,296
0,,0,,3464,0,0,0,Atletico-MG,38,0,0,0
0,,0,,521,0,0,0,Flamengo,44,0,0,0
0,,0,,4359,0,0,0,Vasco,14,0,0,-
4,N/A,2,86%,9043,0,4,6,Vitoria,26,3,12,223
0,,0,,57,0,0,0,PONTE PRETA,5,0,0,0
0,,0,-,3496,0,0,0,Sao Paulo,3,0,0,0
0,,0,,2141,0,0,0,  Palmeiras,19,0,0,0
0,,0,,3776,0,0,0,Flamengo,31,0,0,0
0,,0,,4212,0,0,0,Cruzeiro,37,0,0,0
7,44%,3,73%,6452,0,2,4,Palmeiras,33,4,14,346
0,,0,,8680,0,0,0,Cuiaba,28,0,0,0
0,,0,,1927,0,0,0,Botafogo-RJ,37,0,0,0
0,,0,,2910,0,0,0,Botafogo-RJ,21,0,0,0
7,58%,1,81%,6371,0,2,3,Palmeiras,25,2,11,555
0,,0,,929,0,0,0,Fluminense,32,0,0,0
0,,0,,880,0,0,0,Goias,28,0,0,0
26,66%,6,87%,8122,1,2,8,sao paulo,10,0,15,580
0,,0,N/A,3823,0,0,0,Athletico-PR,36,0,0,0
0,,0,  ,1841,0,0,0,Parana,28,0,0,0
11,62%,0,,4996,0,3,4,VASCO,1,0,16,439
7,51%,1,87%,8999,0,4,1,Fluminense,22,0,17,421
0,,0,,1802,0,0,0,Botafogo-RJ,24,0,0,0
0,,0,,6635,0,0,0,athletico-pr,13,0,0,-
0,,0,,3708,0,0,0,Coritiba,25,0,0,0
8,39%,0,,4698,0,2,1,  Goias,28,1,16,385
9,34%,4,69%,7652,0,3,1,Cuiaba,1,0,23,245
0,,0,,3140,0,0,0,  Ceara,6,0,0,0
0,,0,,4558,0,0,0,Vasco,34,0,0,0
19,46%,8,83%,8220,0,3,10,Cruzeiro,20,1,17,399
0,,0,,3160,0,0,0,Botafogo-RJ,8,0,0,
11,34%,3,N/A,7239,0,5,3,Corinthians,36,1,16,307
-,64%,7,87%,7414,1,1,7,Flamengo   ,15,1,9,559
null,62%,6,92%,9041,0,3,10,Santos   ,26,1,20,466
0,,0,,891,0,0,0,Sao Paulo,29,0,0,0
0,,0,,4739,0,0,0,Vitoria,13,0,0,
N/A,45%,6,81%,6987,0,2,2,Sao Paulo,10,3,20,338
0,,0,,1912,0,0,0,Flamengo   ,35,0,0,0
10,41%,3,78%,7341,0,1,5,Corinthians,8,1,15,388
0,,0,,3656,0,0,0,Cruzeiro,19,0,0,0
0,,0,,2920,0,0,0,ATHLETICO-PR,22,0,0,0
12,36%,1,74%,8216,0,2,2,Botafogo-RJ   ,20,0,9,319
15,59%,4,81%,6836,0,3,4,sao paulo,33,4,25,463
0,,0,,2523,0,0,0,Goias,20,0,0,0
0,,0,,4457,0,0,0,Goias,24,0,0,0
0,,0,,1920,0,0,0,Parana,36,0,0,0
0,,0,,3176,0,0,0,Gremio,9,0,0,0
14,46%,5,77%,7006,1,0,5,Gremio,13,1,15,388
14,42%,2,82%,7175,0,-9,3,Fluminense,29,3,15,387
15,30%,4,71%,8315,0,2,4,Fortaleza,29,2,17,237
N/A,,0,,4932,0,0,0,Chapecoense,33,0,0,0
0,,0,N/A,4491,0,0,0,Corinthians,27,0,0,0
21,60%,4,86%,7402,0,2,11,Bahia,14,0,16,512
0,,0,,3896,0,0,0,Ponte Preta,5,0,0,-
20,44%,0,,5385,0,3,11,Gremio,2,4,17,434
22,57%,6,83%,7604,0,-8,8,Flamengo,33,2,15,493
15,41%,0,,5644,0,2,2,Internacional,28,0,32,281
10,52%,4,82%,7053,0,2,1,Fortaleza,17,0,14,464
0,,0,,8633,0,0,0,  Juventude,23,0,0,0
0,,0,-,1493,0,0,0,Cruzeiro   ,36,0,0,0
0,,0,,1640,0,0,0,Santos   ,8,0,0,0
,,0,,1419,0,0,0,Internacional,29,0,0,-
0,,0,,1333,0,0,0,Flamengo,21,0,0,0
0,,0,,2452,0,0,0,Vitoria,14,0,0,0
11,65%,2,84%,6132,0,0,6,corinthians,1,0,14,515
0,,0,,1175,0,0,0,Goias,7,0,0,0
22,67%,7,81%,6290,0,4,13,Parana,17,0,15,557
0,,0,,8702,0,0,0,Cruzeiro,30,0,0,0
13,36%,0,,5176,0,4,3,Chapecoense,19,1,12,313
0,,0,,3320,0,0,0,Goias,24,0,0,0
0,,0,,3357,0,0,0,Santos,28,0,0,0
0,,0,,708,0,0,0,Corinthians,13,0,0,0
17,63%,3,85%,7032,0,3,6,Sport,15,0,11,528
0,,0,,2610,0,0,0,Vitoria,29,0,0,0
0,,0,  ,3079,0,0,0,gremio,38,0,0,0
0,,0,,1517,0,0,0,Flamengo   ,38,0,0,0
17,56%,5,,5987,0,1,6,Athletico-PR,25,1,14,595
0,,0,,1817,0,0,0,fortaleza,26,0,0,0
8,53%,4,  ,8964,0,2,5,Sao Paulo,18,3,18,353
7,36%,3,61%,6455,0,1,4,Chapecoense,33,4,24,262
0,,0,,2779,0,0,0,SAO PAULO,8,0,0,0
0,,0,,675,0,0,0,Flamengo,11,0,0,0
0,,0,,4250,0,0,0,Vasco,3,0,0,0
0,,0,,3534,0,0,0,Ceara,7,0,0,0
22,58%,10,95%,9072,0,2,11,Bahia,29,0,8,477
0,,0,,2949,0,0,0,Nautico,25,0,0,0
0,,0,,4282,0,0,0,Vitoria,6,0,0,0
0,,0,,810,0,-3,0,corinthians,22,0,0,0
0,,0,,4236,0,0,0,fluminense,1,0,0,0
0,,0,,3524,0,0,0,Figueirense,6,0,0,0
0,,0,,1466,0,0,0,Coritiba,33,0,0,0
0,,0,N/A,1604,0,0,0,Flamengo,4,0,0,0
15,58%,3,90%,8806,0,1,4,Juventude,3,3,14,372
0,,0,,2151,0,0,0,Nautico,20,0,0,0
7,35%,0,,5708,0,1,6,Chapecoense   ,35,2,18,255
19,55%,5,null,6644,0,4,3,Goias,14,2,14,420
10,48%,0,,5718,0,3,5,  Santos,36,3,11,395
3,36%,0,,5114,0,1,2,Goias,13,1,13,315
0,,0,,976,0,0,0,Fluminense,36,0,0,0
0,,0,,2415,0,0,0,Ipatinga   ,9,0,0,0
13,33%,6,78%,7064,0,3,4,Bahia,18,1,14,256
0,,0,,4854,0,0,0,Palmeiras,24,0,0,0
0,,0,,535,0,0,0,Gremio,45,0,0,0
0,,0,,1831,0,0,0,  Gremio,27,0,0,0
,53%,0,,5481,0,6,3,Cruzeiro,12,1,20,401
0,,0,,1239,0,0,0,FORTALEZA,13,0,0,0
0,,0,,1139,0,0,0,Atletico-MG,4,0,0,0
0,,0,,634,0,0,0,Juventude,7,0,0,0
9,36%,3,75%,7254,0,1,6,Atletico-GO,37,1,13,307
0,,0,,3933,0,0,0,Gremio,9,0,0,0
null,,2,75%,7608,0,2,4,Fortaleza,35,5,15,331
0,,0,,1520,0,0,0,BRASILIENSE,38,0,0,0
12,42%,5,72%,7307,0,4,5,America-MG,5,3,10,316
26,,10,90%,6955,0,2,8,Gremio,6,2,15,680
,32%,2,70%,7340,0,4,1,Sport,8,3,19,
0,-,0,,2517,0,0,0,Athletico-PR,20,0,0,0
10,28%,4,61%,8234,1,3,2,Athletico-PR,21,1,9,226
,,0,,174,0,0,0,Guarani,15,0,0,0
0,,0,  ,1131,0,0,0,Internacional,3,0,0,0
0,,0,,3139,0,0,0,Atletico-GO   ,6,0,0,0
,54%,2,81%,7796,0,3,7,avai,16,0,6,434
0,,0,,3548,0,0,0,Cruzeiro,9,0,0,0
0,,0,,8744,0,0,0,VASCO,34,0,0,0
0,,0,,2941,0,0,0,VITORIA,24,0,0,0
0,,0,,2477,0,0,0,Cruzeiro,16,0,0,0
0,,0,,4386,0,0,0,Botafogo-RJ,16,0,0,0
0,,0,,739,0,0,0,Flamengo,16,0,0,0
0,,0,,4187,0,0,0,Portuguesa   ,35,0,0,0
0,,0,,4584,0,0,0,Portuguesa,36,0,0,0
0,,0,,8670,0,0,0,Bragantino,27,0,0,0
  ,45%,3,91%,8798,0,3,3,  Juventude,2,5,7,344
0,,0,,3627,0,0,0,Athletico-PR,17,0,0,0
0,,0,,127,0,0,0,GOIAS,11,0,0,0
0,,0,,3644,0,0,0,Athletico-PR,18,0,0,0
20,66%,11,,5757,0,1,7,Flamengo,2,1,13,641
0,,0,,2257,0,0,0,Palmeiras,32,0,0,0
0,,0,,53,0,0,0,Internacional,5,0,0,0
0,,0,,1859,0,0,0,Santos,30,0,0,0
0,,0,,3354,0,0,0,Internacional,27,0,0,
N/A,,0,,211,0,0,0,JUVENTUDE,18,0,0,0
0,,0,,3260,0,0,0,Atletico-MG,18,0,0,0
10,48%,5,80%,6661,0,0,2,Flamengo,16,3,14,404
0,,0,,4430,0,0,0,Flamengo,21,0,0,0
11,39%,0,,5260,0,4,6,Internacional,28,1,17,324
0,  ,0,,4574,0,0,0,Flamengo   ,35,0,0,0
0,,0,N/A,4969,0,0,0,Flamengo,37,0,0,0
-,67%,7,82% un,7957,0,1,4,America-MG,32,1,10,457
7,38%,3,75% un,7251,1,4,4,FLUMINENSE,37,1,19,281
0,,0,,2304,0,0,0,Gremio,36,0,0,-
15,39%,9,75%,8352,0,1,5,Corinthians,33,3,8,348
14,63%,4,87%,8036,0,3,10,Fluminense,2,3,13,559
  ,,0,,951,0,0,0,Fluminense   ,34,0,0,0
0,,0,,3783,0,0,0,Bahia,32,0,0,null
0,,0,,4235,0,0,0,Goias   ,1,0,0,0
0,,0,,20,0,0,0,Juventude,2,0,0,0
16,33%,5, 73% ,8047,0,4,7,CORITIBA,3,2,14,288
19,58%,0,,5172,0,1,3,Fluminense,19,1,14,442
0,,0,,4438,0,0,0,Gremio,22,0,0,0
0,,0,,1491,0,0,0,Fortaleza,36,0,0,0
0,,0,,4966,0,0,0,coritiba,36,0,0,0
13,51%,8,78%,8383,0,3,6,GREMIO,36,0,16,435
0,,0,,1775,0,0,0,Sao Paulo   ,21,0,0,0
,,0,  ,1445,0,0,0,Coritiba,31,0,0,0
7,52%,1,84%,6364,1,4,2,Vitoria,24,0,19,432
17,62%,9,81%,6982,0,0,10,Internacional,9,1,15,517
0,,0,,2286,0,0,0,  Internacional,34,0,0,  
0,,0,,3229,0,0,0,Botafogo-RJ,15,0,0,0
0,,0,,940,0,0,0,Cruzeiro,33,0,0,0
0,,0,,8638,0,0,0,Atletico-MG   ,24,0,0,0
0,,0,,1949,0,0,0,Cruzeiro,1,0,0,0
0,,0,,1375,0,0,0,Corinthians   ,25,0,0,0
19,31%,6,78%,6552,0,1,9,Goias,5,7,18,238
0,,0,,3426,0,0,0,Flamengo,34,0,0,0
0,,0,N/A,210,0,0,0,Corinthians,18,0,0,  
0,,0,,3944,0,0,0,Figueirense   ,10,0,0,0
0,,0,,3194,0,0,0,Palmeiras,11,0,0,0
0,,0,,4704,0,0,0,Athletico-PR,28,0,0,0
,49%,3,70%,8243,0,1,8,Cruzeiro,22,4,16,317
20,27%,8,77%,7921,0,2,7,Fortaleza,28,3,15,241
0,,0,,3244,0,0,0,GUARANI,16,0,0,0
0,,0,,79,0,0,0,Goias,7,0,0,0
0,,0,,3167,0,0,0,Athletico-PR,9,0,0,0
13,36%,7,,5792,0,1,8,Atletico-GO,5,4,20,297
0,,0,,2967,0,0,0,Sao Paulo,27,0,0,0
null,37%,7, 81% ,6242,0,0,8,Botafogo-RJ   ,12,0,11,332
0,,0,,4034,0,0,0,Cruzeiro,19,0,0,0
0,,0,,3042,0,0,0,Atletico-MG,34,0,0,0
0,,0,,2520,0,0,0,Sao Paulo,20,0,0,0
N/A,,0,,894,0,0,0,Sao Caetano,29,0,0,0
0,,0,,19,0,0,0,Paysandu,2,0,0,
,,0,,3884,0,0,0,Botafogo-RJ,4,0,0,0
0,,0,,2108,0,0,0,Parana,16,0,0,0
0,  ,0,,778,0,0,0,Sao Caetano,19,0,0,0
0,,0,,3629,0,0,0,Fluminense,17,0,0,0
0,,0,,3200,0,0,0,Corinthians,12,0,0,0
17,45%,3,80%,7913,0,4,5,  Santos,27,1,12,374
9,49%,4,  ,8129,0,2,3,fluminense,11,5,20,  
N/A,,0,,1855,0,0,0,Palmeiras,29,0,0,0
7,40%,2,85%,8874,0,4,2,Mirassol,9,3,9,310
17,49%,8,86%,8966,0,1,8,  Bragantino,19,1,7,414
3,41%,2,80%,8072,0,4,4,Gremio,5,0,13,407
0,,0,,2891,0,0,0,Gremio,19,0,0,0
0,  ,0,,4657,0,0,0,Coritiba,6,0,0,0
25,62%,6,85%,6722,0,0,5,Atletico-MG,22,0,13,515
18, 58% ,4,91%,8907,0,2,2,Internacional,13,2,15,585
0,,0,,3538,0,0,0,Cruzeiro   ,8,0,0,0
23,65%,10, 87% ,7822,0,2,4,Botafogo-RJ,18,2,18,553
17,57%,3,87%,8402,0,3,9,Athletico-PR,38,2,15,506
0,,0,,8611,0,0,0,Juventude,21,0,0,0
0,,0,,874,0,0,0,Figueirense,27,0,0,0
16, 44% ,5,83%,6606,0,4,3,Vasco   ,11,4,25,391
18,53%,6,88%,6684,1,2,8,Atletico-MG,18,4,14,482
0,,0,,3633,0,0,0,Atletico-MG,17,0,0,0
9,59% un,0,,5021,0,1,3,Gremio,4,1,14,495
0,,0,,2031,0,0,0,Goias,8,0,0,0
0,,0,,1853,0,0,0,  Fluminense,29,0,0,0
N/A,,0,,1978,0,0,0,Botafogo-RJ,4,0,0,0
0,,0,,3912,0,0,0,SANTOS,7,0,0,0
0,,0,,1715,0,0,0,Cruzeiro,15,0,0,0
8,57%,0,,5006,0,3,4,Internacional,2,2,17,451
0,,0,null,1257,0,0,0,Internacional,14,0,0,0
0,,0,,2341,0,0,0,Sao Paulo,2,0,0,N/A
0,,0,,4202,0,0,0,Atletico-GO,36,0,0,0
0,,0,,2374,0,0,0,Botafogo-RJ,5,0,0,0
12,62%,4,88% un,8277,0,1,3,Sao  Paulo,26,1,7,562
12,40%,4,74%,8337,1,1,0,AMERICA-MG,32,0,11,366
14,,6,80% un,7636,0,4,6,Fortaleza,38,3,15,338
18,38%,10,76%,8358,0,1,6,Palmeiras,34,3,13,
N/A,53%,6,86%,6663,0,3,4,Cruzeiro,16,1,14,497
12,49%,0,,5061,0,4,1,Gremio,8,7,11,485
0,,0,,905,0,0,0,Flamengo   ,30,0,0,0
0,,0,,1053,0,0,0,Coritiba,42,0,0,0
14,33%,6,68%,7338,1,2,3,Palmeiras,8,1,13,269
18,44% un,4,,6120,2,2,4,Vitoria,38,0,17,N/A
0,,0,,4643,0,0,0,  Corinthians,4,0,0,0
0,,0,,858,0,0,0,Criciuma,26,0,0,0
0,,0,,3808,0,0,0,BAHIA,35,0,0,0
0,,0,,4343,0,0,0,Nautico,12,0,0,0
0,,0,,3220,0,0,0,Atletico-MG,14,0,0,0
33,68%,12,91%,6651,0,1,7,Fluminense,15,1,7,686
0,,0,,2917,0,0,0,Corinthians,22,0,0,0
0,,0,,8408,0,0,0,Fluminense,1,0,0,0
0,   un,0,,1419,0,0,0,Fluminense,29,0,0,0
0,,0,,3678,0,0,0,Internacional,22,0,0,0
7,33%,4,,5924,0,5,2,Coritiba,18,1,15,271
9,57%,6,83%,7072,0,4,6,Santos,19,2,19,463
0,,0,,627,0,0,0,Goias,7,0,0,0
-,,0,,3465,0,0,0,Avai,38,0,0,0
13,59%,4,81%,6862,0,1,5,Corinthians   ,36,3,8,394
12,35%,6,63%,7861,0,4,8,Fortaleza,22,1,13,266
-,60%,4,84%,6451,0,5,5,Internacional,33,1,15,515
10,40%,3,76%,6876,0,3,5,Fluminense,38,2,14,360
19,62%,7,81%,7991,0,4,4,Coritiba,35,3,18,441
  ,,0,,2433,0,0,0,Sao Paulo,10,0,0,0
0,,0,,1153,0,0,0,Goias,5,0,0,0
0,-,0,,3455,0,0,0,Atletico-GO,37,0,0,0
22,62%,4,,5929,0,3,7,Cruzeiro,19,3,16,521
10,51%,2, 83% ,7764,1,1,4,Atletico-GO,12,2,16,392
0,,0,,4290,0,0,0,Botafogo-RJ,7,0,0,0
0,,0,,3285,0,0,0,Vasco,20,0,0,0
0,,0,,3162,0,0,0,  Goias,8,0,0,0
0,,0,,4126,0,0,0,Atletico-MG,28,0,0,0
15,53%,6,86%,7979,0,3,3,Fluminense,34,1,9,480
0,,0,,3343,0,0,0,Avai,26,0,0,0
10,66%,5,87%,7165,0,1,4,Atletico-MG,28,1,10,665
21,68%,0,,5530,0,4,13,Sao Paulo,17,3,13,569
19,54%,0,,5096,0,3,4,Atletico-MG,11,0,11,537
0,,0,,1423,0,0,0,Athletico-PR   ,29,0,0,0
21,57%,7,84%,6415,0,1,6,Ceara,29,1,13,474
0,,0,,987,0,0,0,Juventude   ,37,0,0,0
0,,0,,4729,0,0,0,Criciuma,12,0,0,0
0,,0,,133,0,0,0,Vitoria,12,0,0,0
10,null,0,,5455,0,2,2,Sport,9,2,12,345
11, 61% ,4,87%,7736,0,2,3,Corinthians,10,0,11,552
0,,0,,1397,0,0,0,Fluminense,27,0,0,0
N/A,,0,,1166,0,0,0,Corinthians,6,0,0,0
16,49%,9,83%,6670,0,4,8,  Internacional,17,0,10,485
27,72%,7,90%,6572,0,0,11,Atletico-MG   ,7,2,2,771
15,52%,3,,5839,0,1,6,sao paulo,10,0,12,365
0,,0,,3997,0,0,0,Cruzeiro,16,0,0,0
7,45%,3,80%,6959,0,1,6,Coritiba,7,0,21,433
15,32%,5,  ,5880,0,4,1,Chapecoense,14,0,22,216
0,,0,,160,0,0,0,Internacional,14,0,0,0
,,0,,769,0,0,0,Botafogo-RJ,19,0,0,0
,,0,,736,0,0,0,VITORIA,16,0,0,0
11,42%,7,,6103,0,2,5,SANTOS,36,3,22,414
0,,0,,685,0,0,0,Internacional,12,0,0,0
0,,0,,371,0,0,0,  Atletico-MG,31,0,0,0
11,72%,3,  ,7627,0,1,2,Corinthians,37,3,7,633
0,,0,  ,596,0,0,0,Corinthians,4,0,0,
12,52%,0,,5423,0,1,2,Sport,6,2,10,502
18,63%,4,84%,7696,0,2,10,Atletico-MG,7,2,5,648
13,43%,0,,5014,0,5,4,Avai,3,0,15,338
14,38%,3,84%,9017,0,3,3,Ceara,24,0,10,219
0,,0,,3694,0,0,0,Athletico-PR,23,0,0,0
0,,0,,1746,0,0,0,  Botafogo-RJ,18,0,0,0
0,,0,,3023,0,0,0,Internacional,32,0,0,0
0,,0,,4795,0,0,0,Goias,18,0,0,-
9,47%,0,,5754,0,5,4,Botafogo-RJ,1,1,19,415
0,,0,,618,0,0,0,Goias,6,0,0,0
0,,0,,4924,0,0,0,Atletico-MG,32,0,0,0
6,32%,0,,5075,0,4,2,Vasco,9,1,18,255
0,,0,,4562,0,0,0,Sao Paulo,34,0,0,0
8,51%,7,89%,9083,0,4,6,SANTOS,30,0,8,298
0,,0,,4482,0,0,0,Internacional   ,26,0,0,0
0,,0,,4877,0,0,0,Botafogo-RJ,27,0,0,0
,43%,3,90%,9125,0,2,1,Cruzeiro,37,1,13,279
0,,0,,647,0,0,0,Cruzeiro,8,0,0,0
13,61%,4,84%,7097,0,0,9,Athletico-PR,22,2,22,525
13,53%,5,82%,7521,0,2,4,Gremio   ,26,2,17,439
11,40%,2,,5203,0,3,3,  Fluminense,22,6,11,345
0,,0,,3932,0,0,0,  Flamengo,9,0,0,0
14,59%,6,86%,7576,0,3,8,Corinthians,30,0,18,501
9,68%,3,,5880,0,2,1,SAO PAULO,14,5,14,455
0,,0,,282,0,0,0,santos,24,0,0,0
  ,,0,,516,0,0,0,Juventude,43,0,0,0
0,,0,,2886,0,0,0,palmeiras,18,0,0,0
0,,0,-,8775,0,0,0,Bragantino,37,0,0,0
16,45%,3,81% un,6275,0,2,5,Vasco,15,1,14,399
0,,0,,4742,0,0,0,Corinthians,13,0,0,0
0,,0,,3532,0,0,0,Sao Paulo,7,0,0,0
0,,0,,2201,0,0,0,Juventude,25,0,0,0
15,64% un,6,88%,6843,0,0,4,Fortaleza,33,0,10,516
7,44%,2,,6008,1,2,0,Athletico-PR   ,28,1,12,461
0,,0,,3489,0,0,0,Fluminense,3,0,0,0
0,,0,,8643,0,0,0,Cruzeiro,24,0,0,0
0,,0,  ,1586,0,0,0,Sao Paulo,2,0,0,0
20,56%,7,84%,7725,0,2,12,Atletico-GO,8,0,16,524
0,,0,,2858,0,0,0,Barueri,16,0,0,0
0,,0,,3821,0,0,0,atletico-mg,36,0,0,  
0,null,0,,626,0,0,0,Paysandu,7,0,0,0
2,32%,1,84%,8388,0,1,2,Cuiaba,37,1,9,307
0,,0,,3487,0,0,0,  Palmeiras,3,0,0,0
0,,0,,1110,0,0,0,Coritiba,1,0,0,0
0,,0,,3703,0,0,0,Fluminense,24,0,0,0
15,45%,7,88%,8987,0,1,5,Cruzeiro   ,21,0,10,304
20,55%,4,73%,8181,0,3,13,Bragantino,16,0,15,409
0,,0,,8428,0,0,0,Gremio,3,0,0,0
15,55%,6,77%,8403,0,2,10,Santos,38,4,15,353
0,,0,,8432,0,0,0,Internacional,3,0,0,
9,67%,3,90%,7508,0,0,4,Corinthians,25,1,7,707
0,,0,,4798,0,0,0,Gremio,19,0,0,0
0,,0,,3168,0,0,0,Vitoria,9,0,0,0
0,,0,  ,2275,0,0,0,Juventude,33,0,0,0
,56%,4,81%,6394,0,5,8,Chapecoense,27,1,20,421
0,,0,,3524,0,0,0,internacional,6,0,0,0
7,54%,2,79%,6817,0,1,2,Corinthians,32,0,18,394
0,,0,,4789,0,0,0,Corinthians,18,0,0,0
0,,0,,1179,0,0,0,Flamengo,7,0,0,0
19,,0,,5005,0,1,6,Ponte Preta,2,5,15,373
11,35%,4,72%,7154,0,3,2,Ceara,27,1,24,263
10,59%,5,85%,8221,0,3,7,Atletico-MG,20,0,14,508
0,,0,,2664,0,0,0,Flamengo,34,0,0,0
0,N/A,0,,718,0,0,0,Figueirense,14,0,0,0
0,,0,,132,0,0,0,Vasco,11,0,0,0
0,,0,,4163,0,-3,0,Ponte Preta,32,0,0,0
19,39%,5,87%,9060,0,3,5,Santos,28,2,21,273
12,48%,3,82%,7128,0,4,4,Internacional,25,0,23,416
0,,0,,8651,0,0,0,Bragantino,25,0,0,0
14,45%,5,91%,8800,0,1,6,Fluminense,2,1,14,362
0,,0,,1689,0,0,0,Fortaleza,13,0,0,0
N/A,,0,,3174,0,0,0,Goias,9,0,0,0
0,,0,,4292,0,0,0,Coritiba   ,7,0,0,0
0,,0,,1690,0,0,0,Fluminense   ,13,0,0,0
15,54%,3,87%,8875,0,1,15,Cruzeiro,9,1,17,274
0,,0,,4775,0,0,0,corinthians,16,0,0,0
0,,0,,4310,0,0,0,Fluminense,9,0,0,0
0,,0,,719,0,0,0,Fluminense,14,0,0,0
8,42%,4,79% un,7695,0,3,7,Coritiba,5,1,13,385
0,,0,,3981,0,0,0,Bahia,14,0,0,0
8,44%,3,92%,9161,0,1,1,Sport,38,2,6,362
0,,0,,2347,0,0,0,  Gremio,3,0,0,0
0,,0,,3723,0,0,0,Gremio,26,0,0,
0,,0,,3121,0,0,0,Gremio Prudente,4,0,0,0
14,41%,4,76%,7808,0,5,6,Avai,17,3,17,338
0,,0,,4297,0,0,0,Nautico,8,0,0,0
-,,0,,1039,0,0,0,Atletico-MG,41,0,0,0
8,38%,1, 73% ,6716,0,4,2,sao paulo,22,3,27,334
0,,0,,44,0,0,0,JUVENTUDE,3,0,0,0
0,,0,,8623,0,-1,0,Sao Paulo,22,0,0,0
0,,0,,3364,0,0,0,Avai,28,0,0,N/A
12,55%,6,89%,8996,0,0,4,CEARA,22,2,17,441
0,,0,,3093,0,0,0,Corinthians   ,1,0,0,0
4,36%,3,71%,7352,1,1,3,Juventude,9,0,15,302
0,,0,,1444,0,0,0,brasiliense,31,0,0,0
13,52%,2,79%,8329,1,1,6,Coritiba,31,0,11,
21,63%,0,,5465,0,0,3,SAO PAULO,10,2,9,511
0,,0,,2557,0,0,0,Goias,24,0,0,0
0,,0,,2216,0,0,0,Internacional,26,0,0,0
0,,0,,3013,0,0,0,Goias,31,0,0,0
12,49%,5,87%,7585,0,2,2,JUVENTUDE,30,1,16,431
0,,0,,3446,0,0,0,Goias,36,0,0,0
0,   un,0,,3758,0,0,0,America-MG,30,0,0,0
0,,0,,711,0,0,0,Santos,14,0,0,0
13,48%,8,,5858,0,2,2,Corinthians,12,1,17,498
20,null,9,90%,8939,0,4,6,Vitoria,16,1,11,333
15,61%,4,93%,9009,0,1,5,Fluminense,23,0,16,575
0,,0,,4002,0,0,0,Internacional,16,0,0,0
0,,0,-,3554,0,0,0,Figueirense,9,0,0,0
0,,0,,2187,0,0,0,America-RN,24,0,0,0
0,,0,,831,0,0,0,Flamengo,24,0,0,0
0,,0,,48,0,0,0,Flamengo,3,0,0,0
0,,0,,922,0,0,0,Figueirense,31,0,0,0
0,,0,,386,0,0,0,gremio,33,0,0,0
0,,0,,8447,0,0,0,Flamengo,5,0,0,0
0,,0,,644,0,0,0,Sao Paulo,8,0,0,0
17,37%,2,70%,6556,0,0,8,Palmeiras,6,6,19,254
-,37%,0,  ,5557,0,2,5,Sport,20,1,24,315
0,,0,,971,0,0,0,Athletico-PR,35,0,0,0
0,  ,0,,4792,0,0,0,Sao Paulo,18,0,0,null
0,null,0,,4984,0,0,0,Gremio,38,0,0,0
0,,0,,4133,0,0,0,Corinthians,29,0,0,0
0,,0,,1699,0,0,0,Parana,14,0,0,0
18,40%,0,,5725,1,2,7,Santa Cruz,36,3,16,359
0,,0,,2533,0,0,0,IPATINGA,21,0,0,0
4,,2,,6028,1,1,6,Atletico-MG,29,4,16,427
0,,0,,2023,0,0,0,Gremio,7,0,0,0
0,,0,,8748,0,0,0,atletico-go,35,0,0,0
0,,0,,8449,0,0,0,Vasco,5,0,0,N/A
13,69%,0,,5324,0,4,6,Atletico-MG,34,2,13,562
0,,0,,2949,0,0,0,Atletico-MG,25,0,0,0
24,72%,7, N/A ,7374,0,3,11,Flamengo,11,0,19,661
0,,0,,1982,0,0,0,Juventude,4,0,0,0
0,,0,,1969,0,0,0,  Fluminense,3,0,0,0
8,40%,0,,5112,0,2,1,CORINTHIANS,13,1,15,
0,,0,,4900,0,0,0,Athletico-PR,30,0,0,0
0,,0,-,556,0,0,0,Cruzeiro,1,0,0,0
0,,0,,2219,0,0,0,Goias,27,0,0,0
10,59%,2,,6029,0,4,4,Botafogo-RJ,29,0,22,null
0,,0,,55,0,0,0,Vitoria,5,0,0,0
11,56%,0,,5291,0,2,7,athletico-pr,31,5,11,470
0,,0,,1574,0,-8,0,Figueirense,1,0,0,0
0,,0,,689,0,0,0,Goias,12,0,0,0
0,,0,,8626,0,0,0,Bahia,23,0,0,0
null,,0,,3755,0,0,0,Fluminense,29,0,0,
0,,0,,72,0,0,0,Sao Caetano,6,0,0,0
0,,0,,3097,0,0,0,Atletico-GO,2,0,0,0
  ,,0,,1760,0,0,0,Flamengo,20,0,0,0
12,64%,6, 84% ,7418,0,3,6,Sao Paulo,16,2,14,553
0,,0,,3639,0,0,0,Figueirense,18,0,0,0
null,,0,,3036,0,0,0,NAUTICO,33,0,0,0
13,59%,3,80%,8351,0,2,5,Goias,33,2,19,435
null,49% un,4,81%,7513,0,1,7,Chapecoense,25,1,14,422
16,,7,74%,6620,0,1,5,Bahia,12,1,15,411
null,43%,5,76%,6751,0,3,0,Avai,25,3,16,368
9,,5, 89% ,8377,0,3,3,  Fluminense,36,0,9,730
0,,0,,916,0,0,0,Criciuma,31,0,0,0
0,,0,,2105,0,0,0,America-RN,15,0,0,0
18,56%,0,,5186,0,1,7,Atletico-MG,20,5,13,472
14,45%,0,,5253,0,2,6,ATLETICO-MG,27,0,16,379
0,,0,,2979,0,0,0,Athletico-PR,28,0,0,0
13,48%,3,,5927,0,3,7,  Atletico-GO,19,2,12,419
7,41%,3,77%,8802,0,3,1,Fortaleza,2,3,10,217
0,,0,,527,0,0,0,CORINTHIANS,44,0,0,0
14,64%,7,,6033,0,0,10,Palmeiras,29,1,14,513
0,,0,,298,0,0,0,Fortaleza,25,0,0,0
10,47%,0,,5051,0,0,3,Sport,7,7,10,379
0,,0,,763,0,0,0,Flamengo,18,0,0,0
0,,0,,2857,0,0,0,Sport,16,0,0,  
0,,0,,2916,0,0,0,Avai,21,0,0,0
0,,0,,2578,0,0,0,fluminense,26,0,0,0
12,61%,2,85%,7840,0,4,5,Sao Paulo,20,1,13,484
25,65%,0,,5618,0,2,9,Flamengo,26,0,16,565
8,67%,2,87%,7853,0,5,5,Internacional,21,0,15,547
0,,0,,8472,0,0,0,Atletico-MG,7,0,0,0
16,38%,0,,5299,0,5,4,Figueirense,32,3,24,281
0,,0,,381,0,0,0,Corinthians,32,0,0,0
0,,0,,3913,0,0,0,  Atletico-MG,7,0,0,0
6,48%,4,77%,7444,0,2,3,Fluminense,18,2,19,391
22,52%,4,null,8165,0,2,10,Gremio,14,1,8,481
9, 51% ,0,,5016,0,4,5,Coritiba,3,0,17,385
0,,0,,29,0,0,0,Figueirense,4,0,0,0
0,,0,,3523,0,0,0,Ceara,6,0,0,0
11,37%,6,65%,6784,0,3,6,Avai,28,0,18,266
0,,0,-,4367,0,0,0,Fluminense,15,0,0,
0,,0,,480,0,0,0,Sao Paulo,40,0,0,0
0,,0,,4335,0,0,0,Portuguesa,11,0,0,0
0,,0,,3307,0,0,0,Gremio Prudente,23,0,0,0
17,57%,6,84%,7954,0,2,9,Palmeiras,31,1,8,451
8,61%,4,86%,8330,2,2,1,Flamengo,31,0,13,529
0,,0,,3622,0,0,0,Palmeiras,16,0,0,0
6,47%,0,,5195,0,2,2,Santos,21,1,12,469
12,48%,2,82% un,7745,0,2,2,Goias,10,2,18,379
0,,0,,1978,0,0,0,Gremio   ,4,0,0,0
  ,,0,,2213,0,0,0,Cruzeiro,26,0,0,0
0,,0,,565,0,0,0,Flamengo,2,0,0,0
5,55%,4,89%,8987,1,5,1,Internacional   ,21,3,18,378
0,,0,,2026,0,0,0,  Flamengo,7,0,0,0
14,45% un,4,80%,7882,0,3,3,Botafogo-RJ,24,0,19,417
0,,0,,3429,0,0,0,Santos,35,0,0,0
0,,0,,2677,0,0,0,Figueirense,36,0,0,0
  ,,0,,2294,0,0,0,Sport   ,35,0,0,0
8,47%,1,92%,9071,0,2,6,Sport,29,2,14,493
15,40%,9,74%,7687,0,5,4,Athletico-PR,5,1,19,285
0,,0,,492,0,0,0,Sao Caetano,41,0,0,0
12,64%,3,91%,8956,0,1,6,Bahia,18,0,8,550
0,,0,,8510,0,0,0,Bahia,11,0,0,0
16,45% un,0,,5659,0,2,4,Santa Cruz   ,30,8,8,437
0,,0,,1863,0,0,0,Athletico-PR,30,0,0,0
0,,0,,634,0,0,0,GUARANI,7,0,0,0
0,,0,,2436,0,0,0,Vasco,10,0,0,0
15,47%,2,85%,6210,0,1,7,Corinthians,9,0,18,417
0,,0,,3630,0,0,0,Ceara   ,17,0,0,0
8, 39% ,5,79%,6636,0,3,2,Ceara,14,4,20,292
9,48%,4,81%,7620,0,6,7,Atletico-MG   ,36,0,22,
15,59%,6,88%,6806,0,2,2,Corinthians,31,1,18,559
0,,0,,2200,0,0,0,Gremio,25,0,0,0
0,,0,,2057,0,0,0,Sao Paulo,29,0,0,0
16,46%,7,82%,7788,0,4,7,Santos,15,2,15,418
10,64%,3,83%,6762,0,0,7,Botafogo-RJ,26,2,11,485
0,,0,,949,0,0,0,Internacional,34,0,0,0
10,51%,1,,6124,0,5,4,Ponte Preta,38,0,16,326
0,,0,,3711,0,0,0,Corinthians,25,0,0,0
0,,0,,8764,0,0,0,Fluminense,36,0,0,0
16,54%,4,79%,6253,0,4,2,Vasco,13,1,21,425
8,57%,4,81%,7749,0,3,4,Bragantino,11,0,15,450
0,null,0,,1269,0,0,0,  Internacional,15,0,0,0
15,59%,5,81%,7469,0,4,2,  Bragantino,21,0,13,
0,,0,,4054,0,0,0,atletico-go,21,0,0,0
0,,0,,3462,0,0,0,Ceara,38,0,0,0
0,,0,,4456,0,0,0,ATLETICO-MG,23,0,0,0
0,,0,,331,0,0,0,Parana   ,28,0,0,N/A
10,41%,0,,5726,0,2,3,Internacional,36,2,22,347
0,,0,,4377,0,0,0,Santos,16,0,0,0
0,,0,null,560,0,0,0,Parana,1,0,0,0
0,,0,,645,0,0,0,  Parana,8,0,0,0
13,44%,5,81%,8115,0,2,4,Vasco,9,2,13,413
10,60%,3,,6040,0,1,8,Flamengo,30,1,12,514
0,,0,,3682,0,0,0,Palmeiras,22,0,0,0
0,,0,,1160,0,0,0,Goias,6,0,0,0
0,,0,,709,0,0,0,Ponte  Preta,14,0,0,0
,,0,,8456,0,0,0,Corinthians,6,0,0,0
0,,0,,4,0,0,0,Paysandu,1,0,0,0
30,-,0,,5453,0,1,14,Flamengo,9,0,9,501
0,,0,,498,0,0,0,Fortaleza,42,0,0,N/A
14,53%,0,,5563,0,1,3,Vitoria,20,2,15,
0,,0,,2159,0,0,0,Internacional,21,0,0,0
0,,0,,4834,0,0,0,Chapecoense,22,0,0,0
7,30%,2,77%,6414,0,3,3,SPORT,29,2,12,256
0,,0,,1206,0,0,0,Vasco,10,0,0,0
0,,0,,149,0,0,0,Paysandu,13,0,0,0
0,,0,,933,0,0,0,Goias,32,0,0,0
8,38%,3,76%,7294,0,2,2,  Chapecoense,3,0,16,308
16, 49% ,0,,5213,0,6,11,Palmeiras,23,2,20,312
9,55%,0,,5588,0,2,7,Athletico-PR,23,1,20,405
7,61%,3,85%,6828,0,3,4,Gremio,34,1,14,609
13,53%,4,83%,7028,0,1,4,Sao Paulo,15,0,17,483
0,,0,,573,0,0,0,Figueirense   ,2,0,0,0
  ,,0,,2898,0,0,0,Athletico-PR,20,0,0,0
11,52%,2, 84% ,9013,0,1,4,Botafogo-RJ,23,0,14,476
12,,5,80%,7335,0,2,8,Bragantino   ,7,0,16,468
18,62%,6,,5923,0,1,3,Athletico-PR   ,18,1,9,603
7,46%,1,89%,8814,0,2,5,Internacional,3,0,14,344
13,48%,0,,5078,1,3,6,Vasco,10,6,16,375
14,48%,0,,5232,0,3,4,Sao Paulo,25,0,13,  
12,40%,4,70%,8150,0,3,4,Corinthians,13,5,15,367
16,57%,3,78%,7737,0,2,4,America-MG,10,3,18,452
11,42%,0,,5647,0,3,1,Chapecoense,29,2,14,336
0,,0,,4907,0,-9,0,Cruzeiro,31,0,0,0
0,,0,,420,0,0,0,Atletico-MG,35,0,0,0
13,  ,0,,5737,0,0,9,Santos,38,5,6,745
0,,0,,1638,0,0,0,Fortaleza,8,0,0,0
17,51%,5,89%,7670,0,2,4,CUIABA,4,1,12,475
0,,0,,4191,0,0,0,  Gremio,35,0,0,0
0,,0,,4728,0,0,0,Figueirense   ,12,0,0,0
0,,0,,242,0,0,0,Juventude,21,0,0,0
14,54% un,4,82%,6930,0,2,4,gremio,5,0,17,474
0,,0,,4694,0,0,0,Criciuma,9,0,0,0
,-,0,,2110,0,0,0,America-RN,16,0,0,0
8,,2, N/A ,9056,0,4,3,Bragantino,28,1,12,280
21,44%,6,,5987,0,1,4,Santos,25,1,7,
25,61%,11,88%,6691,0,0,10,Atletico-MG,19,0,6,659
15, 52% ,0,,5063,1,4,11,Goias,8,2,12,394
6,49%,0,,5665,0,3,3,santos,30,2,18,436
0,,0,,8607,0,0,0,Vasco   ,21,0,0,0
0,,0,,330,0,-4,0,Paysandu,28,0,0,0
0,,0,,1372,0,0,0,Internacional,25,0,0,  
0,,0,,897,0,0,0,Corinthians,29,0,0,0
5,37%,2,  ,7504,0,2,3,Cuiaba,24,1,10,360
0,,0,,2716,0,0,0,Nautico,1,0,0,  
14,47%,3,82%,6255,0,5,6,Internacional,13,1,16,388
  ,,0,,250,0,0,0,Internacional,21,0,0,0
0,,0,,2142,0,0,0,Botafogo-RJ,19,0,0,0
12,56%,3, 86% ,7333,0,1,7,Cuiaba,7,2,17,537
0,,0,N/A,732,0,0,0,Santos,15,0,0,0
11,51%,0,,5146,0,2,6,cruzeiro,16,5,17,473
14,57%,5,77%,7253,0,0,11,Bragantino   ,37,1,20,405
,,0,,2014,0,0,0,Botafogo-RJ,6,0,0,0
0,,0,,1145,0,0,0,Sao Caetano,4,0,0,0
11,  ,4,,5182,0,3,3,Joinville,20,3,26,320
11,56%,5,83%,7401,0,0,5,Santos,14,0,13,458
0,,0,,4579,0,0,0,Atletico-MG,36,0,0,0
0,,0,,225,0,0,0,goias,19,0,0,0
0,,0,,4315,0,0,0,Goias   ,9,0,0,0
0,,0,,337,0,0,0,Fluminense,29,0,0,  
12,53%,5,83%,7452,0,2,6,Palmeiras,19,3,11,427
0,,0,,4803,0,0,0,fluminense,19,0,0,0
8,60%,2,85%,7099,0,2,1,Goias,22,1,20,487
0,,0,,2873,0,0,0,Palmeiras,17,0,0,0
0,,0,,748,0,0,0,Atletico-MG,17,0,0,0
13,56%,0,,5670,0,1,2,Flamengo,31,1,13,435
-,,0,,2631,0,0,0,fluminense,31,0,0,0
0,-,0,,1986,0,0,0,Internacional,4,0,0,0
0,,0,,1876,0,0,0,  Sao Caetano,31,0,0,0
16,54%,0,,5032,0,3,7,  Atletico-MG,5,4,15,479
0,,0,,379,0,0,0,Sao Paulo,32,0,0,0
13,45%,3,83%,7525,0,0,5,Sport,26,1,8,394
17,56%,8,,6083,0,4,8,  Cruzeiro,34,1,13,556
5,34%,3,,5799,0,2,1,Ponte Preta,6,3,8,257
3,40%,2, 88% ,9062,1,4,1,Cruzeiro,28,2,12,238
10,42%,6,,5790,0,3,1,Corinthians,5,3,14,357
0,,0,,860,0,0,0,Paysandu   ,26,0,0,0
0,,0,,688,0,0,0,Figueirense,12,0,0,0
0,,0,,3086,0,0,0,Fluminense,38,0,0,0
14,54%,4,92%,8824,0,3,6,ATLETICO-MG,4,4,18,471
0,,0,,3289,0,0,0,FLUMINENSE,21,0,0,0
0,,0,,269,0,0,0,Figueirense,23,0,0,0
0,-,0,,4455,0,0,0,Athletico-PR,23,0,0,0
10,55%,0,,5659,0,2,4,Corinthians   ,30,1,7,518
0,,0,,3073,0,0,0,coritiba,37,0,0,0
0,,0,,324,0,0,0,  Ponte Preta,27,0,0,0
N/A,42%,1,,5848,0,3,4,Athletico-PR,11,2,18,351
0,,0,  ,1094,0,0,0,Vitoria,46,0,0,0
15,72%,6,  ,7905,0,1,9,Flamengo,26,0,14,548
0,,0,,3993,0,0,0,Santos,15,0,0,0
0,,0,,84,0,0,0,Vasco   ,7,0,0,0
0,,0,N/A,4730,0,0,0,Internacional,12,0,0,0
12,44%,4,-,6407,0,3,5,Santos,29,3,19,  
17,47%,0,,5507,0,2,7,Botafogo-RJ,15,2,12,391
N/A,,0,,943,0,0,0,guarani,33,0,0,0
9,36% un,5,65%,7337,0,3,7,Chapecoense,8,2,24,259
12,52%,4,81%,6805,0,-6,3,Avai,30,0,19,-
5,N/A,3,60%,6855,0,4,1,CSA,35,2,16,215
0,,0,,1516,0,0,0,Goias   ,38,0,0,0
0,,0,,1052,0,0,0,Corinthians,42,0,0,0
10,56%,2,94%,9018,0,2,4,Atletico-MG,24,0,8,  
0,,0,,3584,0,0,0,Palmeiras,11,0,0,0
0,,0,,1946,0,0,0,Santos   ,38,0,0,0
12,60%,3,88%,6204,0,2,1,Corinthians,8,2,14,619
0,null,0,,998,0,0,0,Goias,38,0,0,0
13,61%,3,94%,8860,1,0,8,flamengo,8,3,10,537
0,,0,,2702,0,0,0,Cruzeiro,38,0,0,0
15,54%,4,85%,8149,0,-15,2,Internacional,13,1,12,
0,-,0,,2648,0,0,0,NAUTICO,33,0,0,0
0,,0,,4027,0,0,0,Palmeiras,19,0,0,0
14,49%,6,80%,7536,1,1,3,Santos,28,1,10,431
14,39%,0,,5593,0,3,5,coritiba,23,0,15,370
0,,0,,2453,0,0,0,Fluminense,14,0,0,0
14,N/A,7,82%,6259,1,2,7,Atletico-MG,14,4,18,506
3,51%,2,80%,7316,0,3,5,Fluminense,6,4,17,394
5, 32% ,3,83% un,7931,1,0,1,Bragantino,29,1,6,328
0,,0,,1490,0,0,0,Atletico-MG,36,0,0,0
-,,0,,1789,0,0,0,Sao  Caetano,23,0,0,0
12,70%,4,86%,7223,0,3,3,Athletico-PR,34,2,15,587
0,,0,,8543,0,0,0,BAHIA,14,0,0,0
0,,0,,8769,0,0,0,Flamengo,37,0,0,0
0,,0,,558,0,0,0,Flamengo,1,0,0,0
12,52%,0,,5130,1,3,10,Fluminense,15,1,16,373
0,,0,,1734,0,0,0,Palmeiras,17,0,0,0
0,,0,,2573,0,0,0,Nautico,25,0,0,0
null,52%,0,,4853,0,0,6,Gremio,24,4,19,383
12,49%,3,83%,7311,0,2,4,Athletico-PR,5,2,17,440
13,44%,0,,5242,0,1,1,Santos,26,2,7,477
17,63%,9,,6121,0,4,13,Fluminense,38,1,18,462
0,,0,,3697,0,0,0,Atletico-GO   ,24,0,0,  
0,-,0,,8649,0,0,0,atletico-go,25,0,0,0
24,67%,10,84%,6548,0,1,18,Flamengo,5,0,8,488
23,72%,10,87%,8234,0,3,8,Fluminense,21,4,15,571
0,,0,,4117,0,0,0,Flamengo,28,0,0,0
4,N/A un,2,,5902,0,2,0,Ponte Preta   ,16,1,19,265
-,,0,,1274,0,0,0,Brasiliense,16,0,0,0
13,58%,3,  ,7746,0,1,4,  Corinthians,11,3,15,573
0,,0,,2692,0,0,0,Internacional,37,0,0,0
0,,0,,1897,0,0,0,Vasco,34,0,0,0
0,,0,-,3813,0,0,0,Ceara,35,0,0,0
0,,0,,4514,0,0,0,Gremio,29,0,0,0
0,,0,,3513,0,0,0,Flamengo,5,0,0,0
-,44%,0,,5167,0,1,3,Coritiba,19,0,19,323
0,,0,,400,0,0,0,Figueirense,34,0,0,0
11,33%,5,72%,6937,0,3,4,  Corinthians,11,1,15,277
0,,0,,216,0,0,0,  Santos,18,0,0,0
13,49%,0,,5205,0,1,9,Chapecoense,22,2,12,420
9,38%,0,,5298,0,2,4,Joinville,32,1,18,279
12,48%,0,,5727,0,3,4,Sport,37,5,15,405
13,52%,3,79%,6919,0,2,6,Fortaleza,4,2,15,410
6, 49% ,0,,5520,1,2,2,Internacional,16,1,13,347
0,null un,0,,3818,0,0,0,Vasco,36,0,0,0
0,,0,,1566,0,0,0,Corinthians,42,0,0,
0,,0,,116,0,0,0,Gremio,10,0,0,0
0,,0,,1519,0,0,0,Fluminense,38,0,0,0
18,56%,7,87%,7259,0,0,7,Atletico-GO,38,1,8,556
13,36%,9,80%,7826,0,5,3,Goias,19,3,11,308
13,38%,4,,5960,0,2,7,Bahia,22,2,14,316
10,65%,2,84%,6482,0,4,7,SAO PAULO,36,2,22,445
0,null,0,,3714,0,0,0,  Palmeiras,25,0,0,0
7,35%,2,88%,8931,0,3,2,Vitoria,15,2,17,210
9,38%,0,,5468,0,1,1,Santa Cruz,11,2,16,338
23,59%,9,,5912,1,3,3,Gremio,17,3,14,601
0,,0,,8642,0,0,0,Vitoria,24,0,0,0
24,74%,13,N/A,8052,0,4,7,Flamengo,3,3,14,642
0,,0,,2685,0,0,0,Atletico-MG,36,0,0,0
0,,0,,8462,0,0,0,Fluminense,6,0,0,0
15,52%,5,88%,7257,0,0,4,Santos,38,1,13,475
14,null,0,,5040,0,3,3,VASCO,6,2,7,480
23,52%,6,82%,8237,1,1,12,Athletico-PR,22,1,13,445
0,,0,,1579,0,0,0,Palmeiras   ,2,0,0,0
0,,0,,3443,0,0,0,  Corinthians,36,0,0,0
0,,0,,3674,0,0,0,VASCO,21,0,0,0
16,39%,0,,5076,1,2,7,Santos,9,3,12,324
0,,0,,4972,0,-6,0,Fluminense,37,0,0,0
0,,0,,3952,0,0,0,Flamengo,11,0,0,0
,,0,,4666,0,0,0,Atletico-MG,6,0,0,0
0,,0,,3372,0,0,0,Botafogo-RJ,29,0,0,0
9,48%,2,84%,6883,0,3,2,Chapecoense,38,0,16,363
13,67%,4,83%,7548,0,2,6,Palmeiras,34,2,12,  
0,,0,,2218,0,0,0,  Gremio,27,0,0,0
0,,0,,1159,0,0,0,Cruzeiro,5,0,0,0
0,,0,N/A,1011,0,0,0,Paysandu,39,0,0,0
0,,0,,3709,0,0,0,Bahia,25,0,0,0
0,,0,,4954,0,0,0,Vitoria,34,0,0,0
16,41%,8,78%,7346,0,3,3,Athletico-PR,9,3,18,364
13,  ,0,,5737,0,0,9,Santos,38,5,6,745
10,39%,0,,4991,0,1,2,Athletico-PR,1,1,17,335
20,43% un,3,72%,6333,0,3,4,Palmeiras,21,0,24,387
11,54%,0,,5084,0,2,5,Ponte Preta,10,2,12,522
0,,0,,1713,0,0,0,Parana,15,0,0,0
10,45%,3,78%,6794,0,2,5,Athletico-PR,29,0,22,405
0,,0,,4693,0,0,0,Internacional,9,0,0,0
0,,0,,8442,0,0,0,Bragantino,4,0,0,0
17,48%,8,,5985,0,3,10,Palmeiras,24,1,18,  
14,52%,5,83%,7186,0,-9,6,Atletico-GO,31,1,14,384
0,,0,,2053,0,0,0,Figueirense,10,0,0,0
0,,0,,2482,0,0,0,Sao Paulo,16,0,0,0
0,,0,,6703,0,0,0,Vasco,20,0,0,
0,,0,,2974,0,-4,0,Fluminense,27,0,0,0
0,,0,,4106,0,0,0,Coritiba,26,0,0,0
0,,0,,399,0,0,0,  Sao Caetano,34,0,0,0
N/A,,0,,2734,0,0,0,Atletico-MG,3,0,0,0
,,0,,942,0,0,0,Vasco,33,0,0,0
18,68%,3,87%,6184,0,2,6,athletico-pr,6,1,18,612
0,,0,N/A un,2413,0,0,0,Coritiba,9,0,0,
0,,0,,1188,0,-4,0,Sao Paulo,8,0,0,0
0,,0,,4007,0,0,0,Portuguesa,17,0,0,0
0,,0,,601,0,0,0,Santos,5,0,0,0
4,31%,0,,5630,1,5,3,Ponte Preta   ,27,1,20,290
16,55%,8,84%,7525,0,4,2,Cuiaba,26,2,14,491
0,,0,,3084,0,0,0,Athletico-PR,38,0,0,0
0,,0,,2070,0,0,0,  Santos,11,0,0,0
15,37% un,0,,5464,0,4,3,vitoria,10,4,17,
0,,0,,244,0,0,0,Athletico-PR,21,0,0,0
0,,0,,3575,0,0,0,Figueirense,10,0,0,0
23,53%,9,84%,8133,0,2,6,Cuiaba,11,2,11,484
23,,3,85%,7674,0,2,18,Internacional,4,0,15,537
0,,0,,4131,0,0,0,Fluminense,29,0,0,0
0,,0,,3470,0,0,0,Internacional,1,0,0,-
8,34%,0,,5478,2,-9,3,  Sport,12,2,19,260
0,,0,,667,0,0,0,Ponte Preta,10,0,0,0
21,52%,6,81%,8363,0,2,7,Goias,34,3,16,428
0,,0,,1653,0,0,0,Flamengo,9,0,0,-
0,,0,,2190,0,0,0,CRUZEIRO,24,0,0,0
0,,0,,1553,0,0,0,FORTALEZA,41,0,0,0
15,45%,2,79%,7436,0,1,5,chapecoense,18,2,17,354
0,,0,,4792,0,0,0,Figueirense,18,0,0,0
0,,0,,8483,0,0,0,  Flamengo,8,0,0,0
0,,0,,711,0,0,0,  Sao Paulo,14,0,0,0
0,,0,,2603,0,0,0,Flamengo,28,0,0,0
7,72%,3,87%,7268,0,1,4,Sao Paulo,1,2,10,636
7,28%,4, 73% ,7905,0,3,4,Goias,26,1,14,219
20,63%,5,85%,8339,0,2,8,Cruzeiro,32,2,9,514
0,,0,,855,0,0,0,  Santos,26,0,0,0
0,,0,,4627,0,0,0,Santos,3,0,0,-
0,,0,,218,0,0,0,Figueirense   ,19,0,0,0
16,58%,4,,5918,0,3,10,atletico-mg,18,6,19,543
12,52%,0,,5551,0,3,7,Sao Paulo,19,0,24,419
0,,0,,1166,0,0,0,  Atletico-MG,6,0,0,null
0,,0,,113,0,0,0,Flamengo,10,0,0,
16,48%,0,null,4853,0,0,6,FLUMINENSE,24,1,17,363
0,,0,,289,0,0,0,Criciuma,25,0,0,0
0,  ,0,,2132,0,0,0,Botafogo-RJ,18,0,0,0
0,,0,-,343,0,0,0,Goias,29,0,0,0
0,null,0,,3410,0,0,0,Atletico-MG,33,0,0,-
0,,0,,3876,0,-7,0,Cruzeiro,3,0,0,0
0,null,0,,2611,0,0,0,Sao Paulo,29,0,0,0
0,,0,,1893,0,0,0,Goias,33,0,0,0
6,45%,3,  ,7531,0,3,1,Juventude,27,0,15,408
0,,0,,2901,0,0,0,Fluminense,20,0,0,0
0,,0,,4477,0,0,0,Botafogo-RJ,26,0,0,  
0,,0,,4380,0,0,0,  Criciuma,16,0,0,0
0,,0,,4495,0,0,0,Portuguesa,27,0,0,
6,N/A,0,,5355,0,3,6,Palmeiras,37,4,22,495
18,66%,4,84% un,6162,0,1,9,Fluminense,4,1,7,N/A
0,,0,,3487,0,0,0,Athletico-PR,3,0,0,0
11,57%,6,84%,7741,0,3,9,Atletico-MG,10,3,15,425
0,,0,,4250,0,0,0,Vitoria,3,0,0,0
0,,0,,3019,0,0,0,Cruzeiro,32,0,0,0
0,,0,,3217,0,0,0,Ceara,14,0,0,
  ,63% un,0,,5435,0,2,4,Flamengo,7,0,17,474
12,63%,6,83%,6350,0,2,3,Chapecoense,23,1,19,498
0,,0,,1391,0,0,0,Figueirense,27,0,0,0
0,,0,,8566,0,0,0,Cuiaba,17,0,0,0
0,,0,,828,0,0,0,Palmeiras,23,0,0,0
0,,0,,648,0,0,0,Sao Caetano,8,0,0,0
0,,0,,3928,0,0,0,Atletico-MG,9,0,0,0
0,,0,,4617,0,0,0,Santos,2,0,0,0
0,,0,,296,0,0,0,Corinthians,25,0,0,-
16,-,7,77%,8279,0,6,4,Internacional,26,5,15,383
12,38%,8,87%,9070,0,3,3,Mirassol,29,0,9,280
0,N/A,0,,2569,0,0,0,Atletico-MG   ,25,0,0,0
N/A,58%,5,84%,6920,1,3,4,Internacional,4,1,19,452
20, 58% ,7,85%,8278,0,3,8,Flamengo,26,0,13,515
13,52%,7,86%,6534,0,2,8,  Gremio,3,0,8,544
2,39%,1,87%,9009,0,5,4,Corinthians,23,1,19,374
22,49%,6,,6144,0,3,7,Gremio,2,3,9,587
0,,0,,2850,0,0,0,Internacional,15,0,0,0
22,62%,11,77%,6683,0,3,11,Santos,18,1,8,437
0,,0,null,2490,0,0,0,Gremio,17,0,0,0
0,,0,,2445,0,0,0,Internacional,12,0,0,0
14,42%,6,81%,7697,2,1,5,Coritiba,7,1,13,358
0,,0,,8610,0,0,0,Flamengo,21,0,0,0
null,,0,,1435,0,0,0,Botafogo-RJ,31,0,0,0
null,,0,,4186,0,0,0,Internacional,34,0,0,0
null,55%,0,N/A,5415,0,4,1,Gremio,5,1,19,415
11,70%,4,87%,6758,0,3,12,Flamengo,26,2,16,462
14,63%,0,,5524,0,2,3,BOTAFOGO-RJ,16,5,16,579
12,44%,4,,5953,0,3,8,Coritiba,21,2,13,325
0,,0,,2318,0,0,0,Santos,38,0,0,0
0,,0,,1773,0,0,0,Athletico-PR,21,0,0,0
14,70%,8,88%,8139,0,3,5,Sao Paulo,12,8,15,615
0,,0,,1193,0,0,0,Parana,9,0,0,N/A
0,,0,,2190,0,0,0,CRUZEIRO,24,0,0,0
0,,0,,2989,0,0,0,  Santo Andre,29,0,0,0
0,,0,,581,0,0,0,Ponte Preta,3,0,0,0
0,,0,,2978,0,0,0,Barueri,28,0,0,0
0,,0,,4484,0,0,0,Bahia,26,0,0,0
16,54%,8,84%,7421,0,2,4,Bahia,16,3,18,489
0,,0,,8632,0,0,0,Palmeiras,23,0,0,0
,55%,1,82%,6301,1,2,3,Corinthians,20,0,8,550
0,,0,,1396,0,0,0,Cruzeiro,27,0,0,0
0,,0,,1326,0,0,0,  Cruzeiro,21,0,0,0
-,,0,,787,0,0,0,SANTOS,20,0,0,0
0,,0,,3954,0,0,0,Ponte Preta,11,0,0,0
0,,0,,1976,0,0,0,flamengo,3,0,0,0
8,37%,0,,5435,0,2,4,figueirense,7,1,17,282
12,48%,6,88%,7637,0,2,6,Flamengo,38,0,7,439
17,64%,2,86%,6400,0,3,9,  Atletico-MG,28,1,15,497
20,44%,9,93%,9147,0,3,5,Gremio,36,0,10,336
0,,0,-,666,0,0,0,Flamengo,10,0,0,0
8,52%,0,,5086,0,2,1,Fluminense,10,1,7,442
null,,0,,1959,0,0,0,America-RN,2,0,0,null
0,,0,,1887,0,0,0,Figueirense,33,0,0,0
0,,0,,2743,0,0,0,nautico,4,0,0,0
0,,0,,3041,0,0,0,FLUMINENSE,34,0,0,0
12,39%,4,,5821,0,1,3,Fluminense,8,0,16,240
0,,0,,525,0,0,0,Coritiba,44,0,0,0
0,,0,,312,0,0,0,Flamengo,26,0,0,0
0,,0,,4006,0,0,0,Portuguesa,16,0,0,0
10,37%,5,73%,7318,0,1,2,Fortaleza,6,2,15,286
14,47%,3,82%,6255,0,5,6,Internacional,13,1,16,388
0,,0,,4647,0,0,0,goias,5,0,0,0
,47%,2,85%,6946,0,3,5,botafogo-rj,6,2,14,471
0,,0,,1541,0,0,0,Atletico-MG,40,0,0,0
0,,0,,751,0,0,0,Palmeiras,17,0,0,0
0,,0,,2498,0,0,0,Vasco,18,0,0,0
9,45%,0,,5715,0,3,4,Ponte Preta,35,0,19,289
0,,0,,8506,0,0,0,BOTAFOGO-RJ,11,0,0,0
0,,0,,6541,0,0,0,Palmeiras,4,0,0,0
10,49%,4,88%,9085,1,5,8,Cruzeiro,30,1,16,269
17,66%,7,87%,7317,0,1,5,Sao Paulo,6,3,18,614
0,,0,,3886,0,0,0,Figueirense,4,0,0,0
0,N/A,0,-,1271,0,0,0,Atletico-MG,16,0,0,0
10,39%,3,N/A,7769,0,6,1,Athletico-PR,13,2,11,251
0,,0,,8674,0,0,0,Internacional,27,0,0,0
0,,0,,551,0,0,0,Santos,46,0,0,0
12,45%,9,77%,7036,0,2,2,  Coritiba,16,2,20,382
23,63%,5,88%,6551,0,1,11,Athletico-PR,5,3,16,583
0,,0,,6743,0,0,0,Athletico-PR,24,0,0,0
11,57%,3,  ,6673,0,3,3,Cruzeiro,17,2,14,501
9,49%,3,78%,6490,1,4,5,VASCO,37,0,17,394
0,,0,,2362,0,0,0,  Botafogo-RJ,4,0,0,0
0,,0,,3057,0,0,0,Palmeiras,36,0,0,0
0,,0,,2135,0,0,0,Internacional,18,0,0,0
0,,0,,3991,0,0,0,Flamengo   ,15,0,0,0
0,,0,,3219,0,0,0,Atletico-GO,14,0,0,0
5,49%,3,80%,6251,0,1,5,Chapecoense,13,1,12,399
14,29%,6,73%,7635,1,3,6,Chapecoense,37,0,16,213
0,,0,,3518,0,0,0,Athletico-PR,6,0,0,0
15,49%,6,78%,6335,0,3,6,  Vasco,21,0,18,428
9,46%,0,N/A,5265,0,3,4,Sport,28,2,17,
0,,0,,737,0,0,0,Parana,16,0,0,
,48%,0,,5655,0,1,4,Palmeiras,29,1,10,437
9,51%,2,,5931,0,0,6,Chapecoense   ,19,1,21,419
9,45%,6,81%,7993,0,2,7,Santos,35,0,10,392
19,null,4,85%,7445,0,2,7,FORTALEZA,18,2,15,539
0,,0,,425,0,0,0,Criciuma,36,0,0,0
11,null,0,,5490,0,5,3,Gremio,13,1,11,335
23,68%,11,95%,8801,0,1,9,INTERNACIONAL,2,3,19,562
0,,0,,4963,0,-8,0,Vitoria,36,0,0,0
,60%,2,,5911,0,1,11,Flamengo,17,1,16,549
10,,0,,5134,0,0,5,Sao Paulo,15,4,16,428
0,,0,,1106,0,0,0,Atletico-MG,1,0,0,0
0,,0,,8422,0,0,0,Corinthians,2,0,0,0
0,,0,,1602,0,0,0,Athletico-PR,4,0,0,0
5,53%,2,88%,6906,0,3,5,Corinthians,3,0,14,  
13,32%,3,72%,6388,0,2,4,Bahia,27,2,16,
NULL,N/A,0,,5569,0,2,7,Flamengo,21,1,14,433
0,,0,,4793,0,0,0,Botafogo-RJ,18,0,0,-
0,null,0,,644,0,0,0,Corinthians,8,0,0,0
0,,0,,4303,0,0,0,Vitoria,8,0,0,0
0,,0,,1799,0,0,0,Corinthians,24,0,0,0
0,,0,,8671,0,0,0,Palmeiras,27,0,0,0
18,73%,0,,5339,0,3,6,Atletico-MG,36,3,16,  
13,53%,2,73%,6165,0,1,6,  Chapecoense,4,0,10,373
11,36%,1,75%,7046,2,3,2,Atletico-GO,17,1,10,271
0,,0,,1636,0,0,0,Internacional,7,0,0,0
0,,0,,2359,0,0,0,Figueirense,4,0,0,0
0,,0,,503,0,0,0,Goias   ,42,0,0,0
15,47%,5,77%,7778,0,2,7,america-mg,14,1,13,N/A
11,41%,0,,5634,0,2,3,Cruzeiro,27,1,12,375
0,,0,,8505,0,0,0,  Bragantino,10,0,0,0
0,,0,,4229,0,0,0,Botafogo-RJ,1,0,0,0
12,45%,4,90%,8817,0,4,4,Sao Paulo,4,2,5,373
3,36%,2,78%,8196,0,2,3,Athletico-PR,18,2,27,323
0,,0,,3107,0,0,0,Botafogo-RJ,3,0,0,0
0,,0,,8424,0,0,0,Atletico-GO,2,0,0,0
12,53%,7,88%,7096,0,2,5,Bragantino,22,0,16,444
0,,0,,1774,0,0,0,Parana,21,0,0,0
10,52%,0,,5276,0,5,7,Palmeiras,29,2,17,336
0,,0,,126,0,0,0,Flamengo,11,0,0,0
7,57%,1,88%,7375,0,3,6,Corinthians,11,1,14,529
0,N/A,0,,2569,0,0,0,Atletico-MG   ,25,0,0,0
0,,0,,4669,0,0,0,Flamengo   ,7,0,0,-
0,null,0,,1072,0,0,0,Paysandu,44,0,0,0
0,,0,,3047,0,0,0,sport,35,0,0,0
0,,0,,3202,0,0,0,Gremio,12,0,0,0
0,,0,,3817,0,0,0,Sao Paulo,36,0,0,0
0,,0,,865,0,0,0,Botafogo-RJ,27,0,0,0
0,,0,,4637,0,0,0,Internacional,4,0,0,0
0,,0,,836,0,0,0,Botafogo-RJ,24,0,0,0
10,37% un,3,73%,6491,1,1,4,Fluminense,37,1,17,291
7,44%,2,89%,9018,1,5,7,Botafogo-RJ,24,1,12,272
12,45%,5,,6702,0,1,6,CSA,20,4,20,322
0,,0,N/A,986,0,0,0,Internacional,37,0,0,0
0,,0,,8569,0,0,0,Corinthians,17,0,0,0
0,,0,,4834,0,0,0,Chapecoense,22,0,0,0
6,56%,3,80%,7672,0,1,9,Corinthians,4,1,14,422
0,,0,,3904,0,0,0,Santos,6,0,0,0
0,,0,-,348,0,0,0,Atletico-MG,29,0,0,0
0,,0,-,2867,0,0,0,CRUZEIRO,17,0,0,0
0,,0,,8698,0,0,0,Corinthians,30,0,0,0
4,52%,1,91%,8932,0,2,3,Juventude,15,0,8,334
21,66%,6,88%,6127,0,3,4,Vitoria,1,2,24,545
0,,0,,8548,0,0,0,Fluminense,15,0,0,0
18,67%,4,85%,7944,0,4,3,Sao Paulo,30,1,13,563
0,,0,,8455,0,0,0,Criciuma,5,0,0,0
13,41%,5,78%,7623,1,1,4,Palmeiras,36,0,10,337
16,63%,5,88%,7246,0,1,7,Coritiba,37,2,14,573
7,46%,1,,5786,0,3,4,ATHLETICO-PR,5,1,16,null
0,,0,,1548,0,0,0,Coritiba,41,0,0,0
14,54%,5, 79% ,7057,0,0,6,Bragantino,18,1,17,408
0,,0,,3685,0,0,0,Vasco,22,0,0,0
0,,0,,1058,0,0,0,Guarani,43,0,0,0
9,39%,2,82%,7878,0,3,3,Palmeiras,24,2,16,350
0,,0,,1138,0,0,0,Ponte Preta,4,0,0,0
12,45%,1,,5901,0,2,6,Corinthians,16,3,13,412
0,,0,,1623,0,0,0,Corinthians,6,0,0,0
7,31%,1,66%,8168,0,4,0,cuiaba,15,2,17,242
0,,0,,3092,0,0,0,INTERNACIONAL,1,0,0,0
  ,,0,,2521,0,0,0,Santos,20,0,0,0
,,0,,2409,0,0,0,Flamengo,9,0,0,
13,54%,0,,5535,0,3,4,Palmeiras,17,4,23,400
0,,0,,1784,0,0,0,Fluminense,22,0,0,0
15,43%,5,82%,8247,0,-11,4,Internacional,23,0,17,438
5,53%,0,,5735,0,4,4,Gremio,37,3,16,479
0,,0,,3089,0,0,0,Vitoria,1,0,0,0
9,42%,3,,6108,0,1,7,Atletico-MG,37,4,10,376
0,,0,,3157,0,0,0,Gremio,8,0,0,0
16,58%,0,,5566,0,1,2,Chapecoense,20,1,15,360
6,30%,3,68%,6201,0,5,0,Fluminense,8,0,13,278
0,,0,,329,0,0,0,Sao Paulo,28,0,0,0
0,,0,,3345,0,0,0,Botafogo-RJ,26,0,0,null
16,64%,6,N/A,7211,0,0,7,Bragantino,33,0,12,538
,34%,1,85%,8919,0,5,5,Vitoria,14,1,17,290
-,58%,7,86%,6159,0,5,6,Flamengo,4,1,12,470
15,67%,3,87%,8175,0,2,8,Vasco,15,2,15,572
24,51%,8, 80% ,6248,0,3,10,Botafogo-RJ,13,1,13,421
0,,0,,1616,0,0,0,Goias,5,0,0,0
12,43% un,8,93%,8823,0,1,5,  Vitoria,4,4,14,329
0,,0,,1246,0,0,0,Coritiba   ,13,0,0,0
,,0,,3606,0,0,0,  Athletico-PR,14,0,0,0
0,,0,,2984,0,0,0,Goias,28,0,0,0
0,,0,,8599,0,-2,0,sao paulo,20,0,0,0
0,,0,,477,0,0,0,Paysandu,40,0,0,0
0,,0,,4682,0,0,0,Corinthians,8,0,0,0
12,51%,0,,5148,0,1,5,  Santos,17,1,12,453
0,,0,,2834,0,0,0,Atletico-MG,13,0,0,0
13,48%,2,78%,6445,0,3,3,Ceara,32,1,16,
0,  ,0,,3514,0,0,0,ATLETICO-GO,5,0,0,0
12,38%,4,71%,8092,0,3,3,Santos,7,0,15,345
0,,0,  ,1705,0,0,0,Gremio,14,0,0,0
0,,0,,2388,0,0,0,Sao Paulo   ,7,0,0,0
14,66%,8,85%,7040,0,3,9,Atletico-MG,16,0,11,571
12,54%,0,,5390,0,4,4,AMERICA-MG,3,1,22,null
7, 46% ,3,79%,7396,0,3,2,Palmeiras   ,14,1,15,350
0,,0,,731,0,0,0,Botafogo-RJ,15,0,0,0
0,,0,,4513,0,0,0,Athletico-PR,29,0,0,
21,52%,0,,5159,0,3,6,Santos,18,8,12,370
0,,0,-,3977,0,0,0,INTERNACIONAL,14,0,0,-
19,56%,6,85%,6146,0,1,10,  Botafogo-RJ,3,0,14,464
N/A,36%,3, 79% ,6575,1,2,5,  Goias,7,4,11,318
13,56%,0,,5661,0,1,3,Palmeiras,30,1,16,429
12,59%,0,,5121,0,2,2,Coritiba,14,0,18,523
0,,0,,2577,0,0,0,Goias,26,0,0,0
0,,0,,574,0,0,0,Parana,2,0,0,0
0,,0,,969,0,0,0,palmeiras,35,0,0,0
7,53%,1,78%,6164,1,1,7,Bahia,4,0,21,393
14,42%,6,90%,8983,0,2,10,Internacional,20,1,11,366
0,,0,,8748,0,0,0,  Palmeiras,35,0,0,0
0,,0,,8441,0,0,0,Vitoria,4,0,0,0
N/A,,0,,2958,0,0,0,CRUZEIRO,26,0,0,0
0,,0,,232,0,0,0,Internacional,20,0,0,0
0,,0,,1516,0,0,0,Goias   ,38,0,0,0
0,,0,,2699,0,0,0,Internacional   ,38,0,0,0
7,30%,3,85%,8893,0,4,3,Vitoria,11,2,13,224
0,,0,,1930,0,0,0,Figueirense,37,0,0,0
0,,0,,144,0,0,0,Flamengo,12,0,0,0
0,,0,,1566,0,0,0,Goias,42,0,0,0
0,,0,,4009,0,0,0,Atletico-GO,17,0,0,0
0,,0,,3391,0,0,0,Avai,31,0,0,0
0,,0,,3312,0,0,0,Atletico-MG,23,0,0,0
-,,0,,1321,0,0,0,Parana,20,0,0,N/A
0,,0,,1887,0,0,0,Juventude,33,0,0,0
0,,0,,1120,0,0,0,Parana,2,0,0,0
0,,0,,1832,0,0,0,  Sao Caetano,27,0,0,0
13,,7,81%,6484,0,2,3,Bahia,36,1,23,478
20,59%,9,86%,6961,0,2,6,Flamengo,7,2,17,647
,,0,,2570,0,0,0,Palmeiras,25,0,0,0
10,49%,4,79%,7043,0,5,5,Goias,16,1,16,402
0,,0,,1196,0,0,0,Brasiliense,9,0,0,0
12,61%,5,91%,8955,0,4,5,Flamengo   ,17,0,18,473
0,,0,,4356,0,0,0,Bahia   ,13,0,0,0
,,0,,1542,0,0,0,Fluminense,40,0,0,0
6,36%,0,,5362,0,4,2,Goias,38,1,12,309
7,41%,0,,5604,0,1,5,America-MG,24,1,12,-
16,48%,9,,8883,0,1,8,Cruzeiro   ,10,2,9,401
0,,0,,2796,0,0,0,  Corinthians,9,0,0,0
0,,0,,832,0,0,0,Corinthians,24,0,0,0
0,,0,,1214,0,0,0,SAO PAULO,10,0,0,0
0,,0,,2072,0,0,0,Palmeiras,11,0,0,0
0,,0,,2148,0,0,0,Athletico-PR,20,0,0,0
6,38%,1,84%,8903,0,2,0,JUVENTUDE,12,0,15,251
7,44%,1,76%,6943,0,4,8,botafogo-rj,11,0,15,321
0,,0,,8657,0,0,0,Athletico-PR,26,0,0,0
0,,0,,4065,0,-2,0,Fluminense,22,0,0,0
0,,0,,3442,0,0,0,Atletico-MG,36,0,0,0
15,55%,6,90%,9058,0,3,9,mirassol,28,2,11,495
-,59%,9,78%,8104,0,2,5,Bragantino,8,3,13,483
0,,0,,1200,0,0,0,Goias,9,0,0,0
0,,0,null,4452,0,0,0,Bahia,23,0,0,0
0,,0,,2107,0,0,0,Nautico,16,0,0,0
0,,0,,8512,0,0,0,Flamengo,11,0,0,0
0,,0,,1294,0,0,0,  Paysandu,18,0,0,-
0,,0,,1188,0,0,0,Botafogo-RJ,8,0,0,0
,53%,7,,7837,0,3,5,Palmeiras,20,5,11,424
0,,0,,3319,0,0,0,Ceara,24,0,0,0
19,68%,3,87% un,8201,0,6,9,Sao Paulo,18,6,16,573
21,62%,3,85%,7578,0,1,5,Fluminense,30,2,11,534
18,57%,8,87%,7273,0,0,7,  Bragantino,1,2,12,552
14,42%,5,80%,8278,0,3,2,Corinthians,26,2,5,368
0,,0,,4747,0,0,0,Cruzeiro,14,0,0,0
10,,5,,5764,0,3,5,Sport,2,1,20,364
13,43%,0,,5680,1,2,6,Cruzeiro,32,1,16,314
0,,0,,2823,0,0,0,Cruzeiro,12,0,0,0
0,,0,,4501,0,0,0,Vasco,28,0,0,0
N/A,,0,,4644,0,0,0,Figueirense,4,0,0,0
N/A,,0,,1262,0,0,0,Cruzeiro,15,0,0,0
0,,0,,2025,0,0,0,Botafogo-RJ,7,0,0,0
16,54%,2,88%,7094,0,3,7,Coritiba,21,1,12,451
28,70%,12,85%,6150,0,1,8,Parana,3,2,14,575
0,,0,N/A,210,0,0,0,Coritiba,18,0,0,0
12,  ,0,,5000,0,2,6,Figueirense,2,3,18,381
0,,0,,2507,0,0,0,Flamengo,19,0,0,0
16,51%,9,89%,6230,0,2,4,Atletico-MG,11,3,15,493
0,,0,,2893,0,0,0,Sao Paulo,19,0,0,0
0,,0,,3598,0,0,0,Atletico-MG,14,0,0,0
15,51%,0,,5520,0,3,10,Ponte Preta,16,3,20,339
0,  ,0,,1848,0,0,0,Sao Paulo,29,0,0,0
0,,0,,356,0,0,0,Paysandu,30,0,0,0
17,63%,8,81%,8166,0,1,11,bragantino,15,3,11,503
0,,0,,2253,0,0,0,Atletico-MG,31,0,0,0
,,0,,8593,0,0,0,Fortaleza,19,0,0,0
0,,0,,4731,0,0,0,SAO PAULO,12,0,0,0
0,,0,,8496,0,0,0,Botafogo-RJ,10,0,0,0
9,55%,0,,5225,0,4,2,JOINVILLE,24,2,13,361
  ,,0,,748,0,0,0,Goias,17,0,0,0
N/A,32%,3,,5844,0,5,0,Atletico-MG,10,7,19,237
11,42%,6,79%,6860,0,4,6,Fortaleza,36,1,15,334
0,,0,,3118,0,0,0,Fluminense,4,0,0,0
0,,0,,4727,0,0,0,Santos,12,0,0,0
0,,0,,4139,0,0,0,Corinthians,30,0,0,0
0,,0,,2068,0,0,0,JUVENTUDE,11,0,0,0
8,41%,3,82%,8006,0,5,2,Internacional,37,2,12,374
0,,0,,1452,0,0,0,Corinthians,32,0,0,0
0,,0,,2455,0,0,0,  Portuguesa,14,0,0,0
16,49%,3,81%,7037,0,2,4,Botafogo-RJ,16,0,13,458
null,,0,,762,0,0,0,Vitoria,18,0,0,0
0,,0,,8750,0,0,0,Vasco   ,35,0,0,0
13,51%,0,,5342,0,2,3,Corinthians,36,0,10,459
0,,0,,3627,0,0,0,  Cruzeiro,17,0,0,0
0,,0,,2604,0,0,0,athletico-pr,28,0,0,0
0,,0,,622,0,0,0,Parana,6,0,0,0
0,,0,,704,0,-5,0,Palmeiras,13,0,0,0
0,,0,,1660,0,0,0,  Corinthians,10,0,0,0
22,68%,8,88%,7639,0,3,9,Fluminense,38,1,12,541
0,,0,,459,0,0,0,  Vitoria,39,0,0,-
0,,0,,228,0,0,0,Criciuma,19,0,0,0
11,48%,0,,5603,0,1,3,Corinthians,24,1,17,384
4,49%,0,,5751,0,2,2,Sport,1,1,17,458
4,27%,1,78%,7210,0,1,1,Fortaleza,33,2,15,301
0,,0,,1408,0,0,0,Vasco   ,28,0,0,0
0,,0,,1421,0,0,0,Corinthians,29,0,0,0
18,,9,87%,6646,0,2,7,Corinthians,15,2,17,393
22,65%,11,87%,6530,0,1,6,Sao Paulo,3,0,16,456
15,40%,5,,6099,0,4,5,Chapecoense,36,2,23,
12,42%,5,72%,7307,0,4,5,America-MG,5,3,10,316
0,,0,,3126,0,0,0,Atletico-GO,4,0,0,null
14,null,4,,5797,0,0,3,Vasco,6,2,15,365
0,,0,,1507,0,0,0,paysandu,37,0,0,0
0,,0,,8646,0,0,0,  Cuiaba,25,0,0,0
0,,0,,4934,0,0,0,Santos,33,0,0,0
0,,0,,4849,0,0,0,Sport,24,0,0,0
16,62%,1,,6069,0,2,9,Athletico-PR,33,0,11,549
0,,0,,3054,0,0,0,Fluminense,35,0,0,0
0,,0,,388,0,0,0,Vitoria,33,0,0,0
14,60%,0,,5721,0,0,5,Gremio,36,5,8,597
0,,0,,816,0,0,0,Vasco,22,0,0,0
0,,0,,8466,0,0,0,Bragantino,7,0,0,0
14,-,5,86%,6818,0,2,3,Fluminense,32,0,9,621
0,,0,,4917,0,0,0,Fluminense,32,0,0,0
0,,0,,4333,0,0,0,Corinthians,11,0,0,0
0,,0,,1387,0,0,0,Corinthians,26,0,0,0
14,39%,1,75%,6180,1,3,4,Sao Paulo,6,2,13,341
13,-,4,,6123,0,2,6,  Coritiba,38,4,11,
0,,0,,4801,0,0,0,Criciuma,19,0,0,0
15,61%,3,85%,7498,0,3,11,Atletico-GO,24,2,12,487
0,,0,,8500,0,0,0,Gremio,10,0,0,0
0,,0,,2223,0,0,0,atletico-mg,27,0,0,0
0,,0,,4592,0,0,0,Portuguesa,37,0,0,0
0,,0,,300,0,0,0,Athletico-PR,25,0,0,0
0,,0,,2282,0,0,0,Flamengo,34,0,0,0
N/A,34%,5,77%,7093,0,1,4,Atletico-GO,21,2,16,293
0,,0,,2010,0,0,0,Atletico-MG,6,0,0,0
0,,0,,2330,0,0,0,palmeiras,1,0,0,0
15,53%,6,82%,8187,0,1,7,Athletico-PR,17,1,16,413
13,61%,3,87%,6382,0,1,3,vitoria,26,2,15,
0,,0,,2343,0,0,0,Atletico-MG,2,0,0,0
0,,0,,8413,0,0,0,Corinthians,1,0,0,0
0,,0,,2168,0,0,0,Juventude,22,0,0,0
N/A,,0,,3109,0,0,0,PALMEIRAS,3,0,0,0
0,,0,,4334,0,0,0,Botafogo-RJ,11,0,0,  
8,59%,0,,5581,0,7,5,Fluminense   ,22,2,17,428
9,57%,5,95%,8823,0,1,5,Fortaleza,4,4,9,539
0,,0,,2541,0,0,0,Flamengo,22,0,0,0
17,44%,4,76%,6389,0,5,7,Palmeiras,27,3,15,334
0,,0,,2899,0,0,0,Santo Andre,20,0,0,0
8,43%,0,77%,6415,0,3,3,botafogo-rj,29,1,10,377
11,58%,0,,5018,0,4,5,Coritiba,4,3,17,
0,,0,,724,0,0,0,Cruzeiro   ,15,0,0,0
9,26%,0,,5212,1,3,3,Goias,23,0,12,248
15,40%,8,83%,6413,0,0,3,America-MG,29,2,15,362
19,42%,0,,5508,0,2,6,PONTE PRETA,15,1,11,328
12,55%,5,82%,6423,0,2,4,Cruzeiro,30,1,9,516
10,55%,5,81%,6987,0,3,5,Santos,10,1,18,412
0,,0,,3656,0,0,0,Cruzeiro,19,0,0,0
0,,0,,3519,0,0,0,Coritiba,6,0,0,0
-,,0,,3001,0,0,0,Gremio,30,0,0,0
0,,0,,1430,0,0,0,Cruzeiro   ,30,0,0,0
17,58% un,7,89%,9059,0,4,5,Sport,28,1,14,379
0,,0,,1879,0,0,0,Santa Cruz,32,0,0,0
0,,0,,1610,0,0,0,Santa Cruz,5,0,0,0
0,,0,,1763,0,0,0,Parana,20,0,0,0
0,,0,,3300,0,0,0,Atletico-MG   ,22,0,0,0
0,,0,,2974,0,-4,0,Fluminense,27,0,0,0
13,71%,3,,5954,0,1,14,  Palmeiras,21,0,11,572
0,,0,,1300,0,0,0,Ponte Preta,18,0,0,0
null,,0,,2348,0,0,0,Internacional,3,0,0,0
0,,0,,8480,0,0,0,Cuiaba,8,0,0,0
0,,0,null,3716,0,0,0,Vasco,25,0,0,0
0,,0,,2621,0,0,0,Fluminense,30,0,0,0
9,36%,1,  ,6400,0,3,5,Chapecoense,28,2,20,279
0,,0,,8413,0,0,0,Atletico-MG,1,0,0,0
0,,0,,4321,0,0,0,Flamengo,10,0,0,0
0,,0,,3404,0,0,0,Gremio Prudente,32,0,0,0
20,null,9,90%,8939,0,4,6,Vitoria,16,1,11,333
0,,0,,4523,0,0,0,Internacional,30,0,0,0
23,55%,8,  ,9061,1,5,10,Fortaleza,28,2,15,363
16,58%,3,82%,6910,0,1,7,Bragantino,3,1,16,505
0,,0,,1235,0,0,0,Palmeiras,12,0,0,0
13,-,0,,5078,1,2,6,avai,10,1,11,404
8,null,2,80%,7852,0,3,4,Goias,21,1,10,342
13,53%,5,82%,7521,0,2,4,Gremio   ,26,2,17,439
  ,,0,,2243,0,0,0,america-rn,30,0,0,0
0,,0,,4591,0,0,0,Cruzeiro   ,37,0,0,0
16,59%,6,84%,6179,0,0,4,Ceara,6,1,17,508
19,57%,9,,5942,0,2,8,Athletico-PR,20,4,13,  
13,56%,4,90%,9020,0,1,4,Mirassol,24,1,10,420
18,46%,8,86%,6679,0,1,5,Fortaleza,18,2,13,413
0,,0,,3620,0,0,0,Botafogo-RJ,16,0,0,
0,,0,,2305,0,0,0,Flamengo,36,0,0,0
,57%,11,82%,6816,0,2,4,Santos,32,3,16,444
0,,0,,254,0,0,0,ATLETICO-MG,22,0,0,0
7,26%,2,70%,6600,0,2,0,Goias,10,3,9,202
11,49%,4,79%,7465,0,1,4,Internacional,20,1,20,449
0,,0,,524,0,0,0,Gremio,44,0,0,0
18,58% un,8,79%,7922,0,6,4,America-MG,28,1,14,426
0,,0,,4597,0,0,0,Cruzeiro,38,0,0,  
10,51%,2,81%,6185,0,2,2,Chapecoense,6,0,15,462
15,36%,2,72%,6276,0,5,9,Ceara,16,3,22,262
0,,0,,8503,0,0,0,Atletico-MG,10,0,0,0
null,32%,6, 75% ,6184,0,-11,3,Fluminense,6,2,13,294
0,,0,,1570,0,0,0,Gremio,1,0,0,0
11,62%,4, 84% ,6352,0,1,3,Flamengo,23,2,13,N/A
  ,48%,2,,5965,0,5,2,Sport,22,2,21,501
24,N/A,7, 84% ,8214,0,3,7,Bragantino,19,0,12,497
0,,0,,389,0,0,0,Bahia   ,33,0,0,0
4,42%,1,  ,6998,1,2,1,Internacional,12,3,16,401
0,,0,null,4986,0,0,0,Goias,38,0,0,0
11,null un,4,79%,7174,0,4,6,Bragantino,29,0,15,390
0,,0,,2019,0,0,0,Santos,7,0,0,0
N/A,,0,,4695,0,0,0,Figueirense   ,9,0,0,0
0,,0,,4788,0,0,0,Cruzeiro,18,0,0,0
15,57%,5,84%,7277,0,3,4,santos,2,1,18,548
0,,0,,8583,0,0,0,Juventude,18,0,0,0
6,45%,2,90%,9058,0,2,2,Internacional   ,28,1,18,362
7,49%,0,79%,6473,0,2,1,Cruzeiro,35,3,17,427
12,39%,4,82%,7498,0,3,7,Athletico-PR,24,1,16,324
0,,0,,3042,0,0,0,Flamengo,34,0,0,0
0,,0,,4654,0,0,0,  Criciuma,5,0,0,0
0,,0,,1492,0,0,0,Santos   ,36,0,0,0
null,47%,0,,5228,1,3,4,Figueirense,25,5,18,382
5,46%,2,87%,8863,0,2,0,Fluminense,8,0,7,379
12,54%,0,,5441,0,3,9,Santa Cruz,8,3,25,424
0,,0,,2946,0,0,0,Coritiba,24,0,0,0
12,54%,4,83%,6892,0,2,4,Corinthians,1,4,18,461
12,56%,0,,5216,0,1,7,Sport,23,0,9,517
0,N/A,0,,4594,0,0,0,Vitoria,37,0,0,0
0,,0,,4579,0,0,0,Goias,36,0,0,0
0,,0,,3003,0,0,0,Flamengo,30,0,0,0
-,,0,,283,0,0,0,Goias,24,0,0,0
0,,0,,2004,0,0,0,Flamengo,12,0,0,0
0,,0,,2950,0,0,0,Fluminense,25,0,0,0
0,,0,,421,0,0,0,Athletico-PR,36,0,0,0
0,,0,,1945,0,0,0,Gremio,38,0,0,0
0,,0,,4917,0,0,0,Goias,32,0,0,0
14,62%,4,85%,6969,0,3,3,palmeiras,8,2,12,581
,,0,,3821,0,0,0,Corinthians,36,0,0,0
7,42%,3,73%,7348,0,2,2,Internacional,9,2,17,407
0,,0,,4330,0,0,0,Gremio,11,0,0,0
0,,0,,1343,0,0,0,Paysandu,22,0,0,0
0,,0,,4669,0,0,0,Santos,7,0,0,0
0,,0,null,2069,0,0,0,Athletico-PR,11,0,0,0
0,,0,,383,0,0,0,vasco,32,0,0,0
0,,0,,721,0,0,0,Atletico-MG,15,0,0,0
18,40%,5,,5887,0,2,7,Chapecoense,15,1,17,368
18,54%,0,,5710,0,2,7,Sport   ,35,0,10,441
0,,0,,1937,0,0,0,Internacional   ,38,0,0,0
11,-,7,84%,7236,0,4,2,Goias,36,2,22,415
12,48%,4,87%,8854,0,3,4,Mirassol,7,0,12,441
12,51%,0,,5532,0,1,8,Coritiba,17,0,9,338
0,,0,,2435,0,0,0,Ipatinga,10,0,0,0
8,N/A,3,64%,7227,1,2,0,Atletico-GO,35,1,18,233
0,,0,,1318,0,0,0,  Vasco,20,0,0,0
13,52%,3,82%,6917,0,5,6,Bragantino,4,2,19,438
10,53%,2,78%,6293,0,2,8,Bahia,17,0,18,392
14,58%,3,82%,7570,0,1,7,Bragantino,31,0,10,478
0,,0,,3357,0,0,0,Fluminense,28,0,0,N/A
0,,0,,1514,0,0,0,Atletico-MG,38,0,0,0
0,,0,,8736,0,0,0,Corinthians,34,0,0,0
0,  ,0,,2074,0,0,0,America-RN,11,0,0,0
0,,0,,651,0,0,0,  Atletico-MG,9,0,0,0
0,,0,,484,0,0,0,PAYSANDU,41,0,0,0
0,,0,,3170,0,0,0,Atletico-GO,9,0,0,-
0,,0,null,1013,0,0,0,Flamengo,39,0,0,0
19,62%,6,89%,7823,0,1,9,Corinthians,18,1,16,584
N/A,  ,0,,3689,0,0,0,Internacional,23,0,0,0
0,,0,,4693,0,0,0,Fluminense,9,0,0,0
null,,0,,1352,0,0,0,internacional,23,0,0,0
10,57%,2,88%,8812,0,5,4,sao paulo,3,1,14,365
5,,3,,7664,0,4,2,ATLETICO-GO,2,2,9,366
0,null,0,,3893,0,0,0,Palmeiras,5,0,0,0
0,,0,,513,0,0,0,Athletico-PR,43,0,0,0
18,48%,7,77%,7386,0,3,5,America-MG,13,1,16,432
0,,0,,4714,0,0,0,palmeiras,10,0,0,0
0,,0,,4328,0,0,0,Coritiba,11,0,0,0
10,43%,5,75%,8229,0,2,4,Botafogo-RJ,21,1,14,380
9,58% un,3,82%,6233,0,2,4,Palmeiras,11,2,12,505
8,65%,4,93%,8816,0,4,2,Vasco,4,2,13,577
14,52%,3,80%,7917,0,3,4,Athletico-PR,28,2,21,389
0,,0,,4779,0,0,0,Palmeiras,17,0,0,0
0,,0,,4829,0,0,0,Sport   ,22,0,0,0
0,,0,,1752,0,0,0,Juventude,19,0,0,0
0,,0,,1252,0,0,0,Corinthians,14,0,0,0
9,36%,0,,5601,1,1,4,santa cruz,24,0,18,276
3,36%,0,,5625,0,5,1,Botafogo-RJ,26,2,24,269
0,,0,-,1213,0,0,0,  Athletico-PR,10,0,0,0
13,null,5,,5192,0,4,6,Atletico-MG,21,0,16,484
19,51%,0,,5410,0,4,6,Coritiba,5,1,17,387
0,,0,,1377,0,0,0,Sao Paulo,25,0,0,0
0,,0,,29,0,0,0,Athletico-PR,4,0,0,N/A
0,,0,,2124,0,0,0,Gremio,17,0,0,0
0,,0,,2137,0,0,0,Juventude,19,0,0,0
0,,0,,1906,0,0,0,Santa Cruz,34,0,0,0
12,41%,0,,5097,0,1,5,Chapecoense,12,0,8,365
0,null,0,,4076,0,0,0,Atletico-MG,23,0,0,0
12,46%,5,86%,8945,0,1,6,Fortaleza,16,2,10,320
0,,0,,680,0,0,0,palmeiras,11,0,0,0
16,47%,0,,5354,0,3,10,Vasco,37,1,14,307
0,,0,,4921,0,0,0,Figueirense   ,32,0,0,0
0,,0,,8578,0,0,0,Palmeiras,18,0,0,0
0,,0,,1082,0,0,0,Guarani,45,0,0,0
0,,0,,440,0,0,0,Criciuma,37,0,0,0
0,,0,,790,0,0,0,Coritiba,20,0,0,0
0,    ,0,,3787,0,0,0,Sao Paulo,33,0,0,0
0,,0,,755,0,0,0,Fluminense,17,0,0,0
13,34%,4,,5945,0,1,1,CHAPECOENSE,20,0,13,292
16,31%,8,77%,7824,0,1,4,Cuiaba,18,1,7,296
0,,0,,2001,0,0,0,Internacional,12,0,0,0
11,67%,1,81%,6927,0,2,5,Atletico-MG   ,5,1,21,null
0,,0,,923,0,0,0,Cruzeiro   ,31,0,0,0
0,,0,,3921,0,0,0,figueirense,8,0,0,0
0,,0,,2285,0,0,0,Palmeiras,34,0,0,0
0,,0,,3482,0,0,0,Bahia,2,0,0,0
18,63%,0,,5047,0,1,12,  Atletico-MG,7,4,8,520
11,37%,2,,6090,0,6,8,fluminense,35,1,26,299
15,58%,9,84%,6378,0,0,6,Athletico-PR,26,1,15,502
0,,0,-,2640,0,0,0,PALMEIRAS,32,0,0,0
5,30%,3,,5803,0,4,2,Atletico-GO,6,1,21,264
0,,0,,4729,0,0,0,Vitoria,12,0,0,0
0,,0,,1810,0,0,0,Parana,25,0,0,0
0,,0,,1055,0,0,0,sao caetano,42,0,0,0
0,,0,,3887,0,0,0,Internacional,5,0,0,0
17,55%,3,88%,6753,0,0,2,Sao  Paulo,25,2,9,568
null,,0,,3017,0,0,0,Santos   ,32,0,0,0
0,,0,,2662,0,0,0,Coritiba,34,0,0,
17,49%,8,86%,8966,0,1,8,  Bragantino,19,1,7,414
N/A,39%,4,85%,7680,0,1,3,Coritiba,3,0,8,415
0,,0,,2106,0,0,0,Fluminense,15,0,0,0
13,,0,,5407,0,2,4,Athletico-PR,5,4,15,449
0,,0,-,1253,0,0,0,Coritiba,14,0,0,0
9,45%,3,82%,6898,0,1,3,Botafogo-RJ,2,1,8,472
0,,0,,319,0,0,0,PAYSANDU,27,0,0,0
0,,0,,4492,0,0,0,Cruzeiro,27,0,0,0
0,,0,,1610,0,0,0,Athletico-PR,5,0,0,0
19,55%,4,82%,7913,1,3,8,Palmeiras,27,1,12,432
0,,0,,3142,0,0,0,flamengo,6,0,0,0
0,,0,,8603,0,0,0,athletico-pr,20,0,0,0
11,55%,0,,5173,0,2,5,Cruzeiro,19,3,14,476
0,,0,,598,0,0,0,Figueirense   ,4,0,0,0
0,,0,,23,0,0,0,Sao  Paulo,2,0,0,
25,61%,10,87%,7248,0,4,4,Atletico-MG,37,0,13,585
  ,,0,,490,0,0,0,athletico-pr,41,0,0,
25,46%,12,82%,8382,0,2,10,Palmeiras,36,2,10,357
0,,0,,3394,0,0,0,Santos,31,0,0,0
19,63%,0,,5009,0,6,11,Gremio,3,1,16,536
0,,0,,1482,0,0,0,Santos,35,0,0,0
0,,0,,2782,0,0,0,Palmeiras,8,0,0,0
10,37%,3,,7713,1,0,1,Fortaleza,6,2,15,302
0,N/A,0,N/A,4889,0,0,0,Fluminense,29,0,0,0
12,49%,0,,5074,0,5,3,Coritiba   ,9,4,22,362
0,,0,-,2258,0,0,0,Goias,32,0,0,0
0,,0,,4802,0,0,0,Botafogo-RJ,19,0,0,0
10,38%,4,65%,7928,0,4,4,America-MG,29,1,23,261
0,,0,,988,0,0,0,Paysandu,37,0,0,0
0,,0,,2561,0,0,0,Palmeiras,24,0,0,0
26,58%,9,80%,8012,0,4,10,Palmeiras,37,1,11,401
8,60%,2,84%,6759,0,2,2,Sao Paulo,26,1,16,558
NAN,55%,2,87%,9034,0,5,3,Flamengo,25,0,22,416
8,33%,2,69%,6667,0,1,2,CSA,17,3,17,285
0,,0,,3445,0,0,0,Avai,36,0,0,0
15,65%,4,,8140,0,0,12,Palmeiras,12,4,17,472
17,52%,7,93%,8997,0,0,6,Botafogo-RJ,22,6,9,393
18,,0,,5020,0,1,8,Santos,4,6,9,472
6,26%,3,72%,7711,1,1,3,cuiaba,6,0,15,215
18,51%,5,,5856,0,1,14,Atletico-GO,12,3,12,353
12, null ,6,-,8350,0,1,4,Flamengo,33,0,13,512
0,,0,,876,0,0,0,Cruzeiro,27,0,0,0
8,73%,1,89%,7233,0,1,6,  Atletico-MG,35,1,13,848
7,43%,2,77%,7842,0,4,3,Fortaleza,20,1,10,344
N/A,,0,,219,0,0,0,Bahia,19,0,0,0
10,,4,88%,8160,0,3,7,flamengo,14,3,16,517
,,0,,3801,0,-2,0,Ceara,34,0,0,0
0,,0,,917,0,0,0,goias,31,0,0,0
0,,0,,4827,0,0,0,Vitoria,22,0,0,0
7,55%,0,,6031,0,1,2,Corinthians,29,1,13,557
,,0,,19,0,0,0,Vitoria,2,0,0,0
0,,0,,4389,0,0,0,Goias,17,0,0,0
18,57%,5,,5914,0,3,6,VASCO,17,1,13,450
0,,0,,3103,0,0,0,  Internacional,2,0,0,0
0,,0,,1995,0,0,0,Santos   ,5,0,0,0
14,70%,2,88%,6736,0,2,11,Internacional,24,4,9,593
0,,0,,357,0,0,0,Juventude,30,0,0,0
0,,0,,280,0,0,0,Fluminense,24,0,0,0
15,54%,7,79%,7963,0,3,10,Athletico-PR,32,3,21,387
6,51% un,0,-,6748,0,2,2,Botafogo-RJ,25,0,13,422
0,,0,,1169,0,0,0,  Juventude,6,0,0,0
16,60%,0,,5112,0,0,13,  Flamengo,13,7,7,535
0,,0,,4418,0,0,0,Goias,20,0,0,null
8,63%,0,,5389,1,4,2,Flamengo   ,3,3,10,536
0,,0,,4537,0,0,0,Portuguesa,32,0,0,0
10,53%,0,,5608,1,1,8,America-MG,25,2,13,386
0,,0,,4384,0,0,0,Fluminense,16,0,0,0
9,60%,4,83%,8017,0,1,3,BOTAFOGO-RJ,38,0,13,415
3,37%,1,74%,7457,1,4,0,Cuiaba,20,1,13,349
5,38%,1,75%,7724,1,2,0,Avai,8,0,10,321
10,38%,3,71%,8322,0,2,3,Santos,30,1,14,
0,,0,,4166,0,0,0,FIGUEIRENSE,32,0,0,0
0,,0,,3719,0,0,0,America-MG   ,26,0,0,0
7,54%,1,81%,7073,0,7,6,Vasco,19,5,20,401
,,0,,4216,0,0,0,Fluminense   ,37,0,0,0
12,52%,3,85%,7287,0,3,4,Palmeiras,3,4,14,491
0,,0,,1874,0,0,0,Ponte Preta,31,0,0,0
0,,0,,799,0,0,0,Corinthians,21,0,0,0
37,65%,16,84%,7545,0,1,23,Palmeiras,28,1,10,472
0,,0,,2247,0,0,0,  Figueirense,31,0,0,0
,79%,4,92%,6896,0,3,3,Athletico-PR   ,2,1,16,728
0,,0,,4688,0,0,0,atletico-mg,9,0,0,0
10,48%,4,80%,6612,0,4,2,Fortaleza,11,0,12,385
0,,0,,3004,0,0,0,Athletico-PR,30,0,0,0
0,,0,,8579,0,0,0,Gremio,18,0,0,0
0,,0,,2164,0,0,0,Santos,21,0,0,0
0,,0,,1504,0,0,0,Vasco,37,0,0,-
15, 45% ,4,84%,6301,0,1,8,Fluminense,20,5,12,452
0,,0,,4142,0,0,0,figueirense,30,0,0,0
16,53%,8,80%,8085,0,0,6,Cruzeiro,6,3,17,427
0,,0,,313,0,0,0,Sao Caetano,27,0,0,0
0,,0,,3763,0,0,0,Fluminense,30,0,0,0
0,,0,,2816,0,0,0,Botafogo-RJ,11,0,0,0
0,,0,,871,0,0,0,  Palmeiras,27,0,0,0
6,43%,2,77%,7047,0,2,1,Santos,17,0,25,341
14, 49% ,0,,5413,0,3,7,Cruzeiro,5,2,23,399
18,45%,6,79%,6882,0,1,7,Goias,38,1,21,309
0,,0,  ,1426,0,0,0,Goias,30,0,0,0
11,63%,2,  ,6992,0,0,8,Flamengo,10,2,6,-
7,65%,1,83%,7218,0,0,3,Ceara   ,34,2,14,561
9,33%,4,,6111,0,2,3,Vasco   ,37,1,20,null
20,64%,4,86%,7826,0,2,6,Sao Paulo,19,0,7,541
9,38%,3,null un,9015,0,3,5,Cruzeiro,23,1,12,245
11,54%,3,81%,6749,0,3,3,Santos,25,2,18,492
10,48%,4,76%,6685,0,3,3,  CSA,18,3,22,312
,,0,,3970,0,0,0,Sao Paulo,13,0,0,0
0,,0,  ,4015,0,0,0,corinthians,17,0,0,0
0,,0,,1707,0,0,0,Sao Caetano   ,15,0,0,0
12,41%,4,,5795,1,2,6,Cruzeiro   ,5,1,12,362
15,N/A,9,  ,7164,0,2,7,palmeiras,28,3,14,430
14,-,3,81%,6653,1,2,6,Bahia,15,1,7,436
-,,0,,455,0,0,0,Gremio,38,0,0,0
0,,0,,4615,0,0,0,Sport,1,0,0,0
9,42%,1,87%,9001,0,2,3,Corinthians,22,1,16,286
0,,0,,381,0,0,0,Cruzeiro   ,32,0,0,0
0,,0,,1560,0,0,0,Parana,42,0,0,0
0,,0,,494,0,0,0,Gremio,42,0,0,0
5,24%,1,66%,6458,2,3,0,Parana   ,34,0,19,212
8,42%,4,71%,6284,0,3,3,Gremio,16,1,15,340
18,66% un,3,85%,6222,0,1,12,Cruzeiro,10,1,8,533
0,,0,,8560,0,0,0,Fluminense,16,0,0,0
11,45%,0,,5325,0,2,7,Santos,34,8,19,203
21,57%,5,86%,7060,0,1,6,Atletico-GO,18,0,15,474
0,,0,,148,0,0,0,Corinthians,13,0,0,0
14,60%,0,,5336,0,3,6,Corinthians,35,0,15,442
0,,0,,893,0,0,0,Goias,29,0,0,0
0,,0,,2203,0,0,0,Athletico-PR,25,0,0,0
23,67%,6,87%,8047,0,1,6,Sao Paulo,3,2,12,613
0,,0,,2660,0,0,0,  Palmeiras,34,0,0,0
0,,0,,2928,0,0,0,Barueri,23,0,0,0
8,42% un,5,78%,7464,0,5,4,FLUMINENSE,20,0,16,309
0,,0,,4749,0,-1,0,Coritiba,14,0,0,0
15, 66% ,8,81% un,8095,0,1,6,Cruzeiro,7,5,16,539
0,,0,-,8741,0,0,0,Juventude,34,0,0,0
20,39%,5,83%,8346,0,2,5,Internacional,33,4,13,370
0,,0,,4943,0,0,0,atletico-mg,35,0,0,0
0,,0,,2869,0,0,0,Sao Paulo,17,0,0,0
0,,0,-,2888,0,0,0,Internacional,19,0,0,0
0,,0,,4375,0,0,0,Santos,15,0,0,-
9,56%,2,84%,8195,0,2,5,gremio,17,1,11,522
,35%,6,70%,7271,0,3,5,Ceara,1,2,17,277
0,,0,,3995,0,0,0,ATLETICO-MG,15,0,0,0
0,,0,,8735,0,0,0,Atletico-MG,33,0,0,0
0,,0,,1790,0,0,0,Cruzeiro,23,0,0,0
13,33%,4,,5883,0,0,3,Avai,14,2,12,264
0,,0,,3706,0,0,0,Cruzeiro,24,0,0,0
9,37%,3,76%,6963,0,3,2,Vasco,7,1,21,267
  ,35%,7,75%,7822,0,2,4,Santos,18,2,15,298
0,,0,,3658,0,0,0,Ceara,20,0,0,0
0,,0,,1333,0,0,0,Paysandu,21,0,0,0
0,,0,,1299,0,0,0,Fluminense,18,0,0,N/A
0,,0,,4454,0,0,0,Criciuma,23,0,0,0
0,,0,,3291,0,0,0,Sao Paulo   ,21,0,0,0
0,,0,,1581,0,0,0,Athletico-PR,2,0,0,0
0,,0,,1592,0,0,0,Parana,3,0,0,0
13,43%,3,-,8348,0,0,2,Fortaleza,33,1,12,273
0,,0,,1190,0,0,0,Internacional,8,0,0,0
0,,0,,2402,0,0,0,  Flamengo,8,0,0,0
17,63%,8,84%,7491,0,1,7,Sao Paulo,23,3,11,571
0,,0,,2848,0,0,0,Botafogo-RJ,15,0,0,0
18,63%,8,88%,6168,0,2,6,Athletico-PR,5,1,15,607
11,43%,5,71%,7158,0,3,4,Goias,28,2,17,359
0,,0,,2697,0,0,0,Santos   ,38,0,0,0
13,40%,3,88%,7971,0,2,5,JUVENTUDE,33,2,6,410
0,,0,N/A,4687,0,0,0,Coritiba,9,0,0,0
0,,0,,6743,0,0,0,Corinthians,24,0,0,0
18,59%,6,85%,6796,0,3,7,Fortaleza,30,1,18,433
4,35%,0,,5367,1,3,1,Athletico-PR,1,0,17,316
0,,0,,8635,0,0,0,Vitoria,23,0,0,null
5,30%,1,73%,7119,1,2,2,Athletico-PR,24,0,18,254
0,,0,,4490,0,0,0,Vitoria,27,0,0,
5,45%,1,  ,6440,0,3,2,Parana,32,0,19,316
0,,0,,4646,0,0,0,Bahia,4,0,0,N/A
,33%,4,64%,8004,0,2,4,Cuiaba,36,2,13,
0,,0,,2687,0,0,0,Coritiba,37,0,0,0
12,57%,3,80%,7942,0,4,4,Atletico-MG,30,1,18,461
0,,0,,807,0,0,0,CORITIBA,22,0,0,0
0,,0,,2917,0,0,0,Barueri,22,0,0,0
7,33%,0,,5561,0,4,5,Coritiba,20,2,20,256
0,,0,  ,2909,0,-9,0,Vitoria   ,21,0,0,0
16,59%,0,,5553,0,3,5,Sport,19,1,16,439
0,,0,,1009,0,0,0,  Santos,39,0,0,0
16,68%,4,88%,7747,0,4,5,Atletico-MG,11,1,11,601
0,,0,,136,0,0,0,Figueirense,12,0,0,0
0,,0,,2882,0,0,0,Coritiba,18,0,0,0
0,,0,,302,0,0,0,Internacional,26,0,0,0
0,,0,,2665,0,0,0,Ipatinga,34,0,0,0
0,,0,,4696,0,0,0,Botafogo-RJ,9,0,0,0
5,56%,2, 85% ,6606,2,2,2,Fluminense,11,1,22,499
0,,0,,3507,0,0,0,Bahia,5,0,0,0
0,,0,,121,0,0,0,Fluminense,11,0,0,0
17,57%,8,,6041,0,0,5,Athletico-PR,30,1,15,488
14,47%,0,,5263,0,3,4,corinthians,28,0,14,367
0,,0,,4150,0,0,0,PALMEIRAS,31,0,0,0
0,,0,,3402,0,0,0,  Vasco,32,0,0,0
  ,53%,0,,5366,1,0,3,Vasco,38,3,15,327
0,,0,,1398,0,0,0,Juventude,27,0,0,0
0,,0,,2124,0,0,0,Sao Paulo   ,17,0,0,0
0,,0,,2416,0,0,0,Fluminense,9,0,0,0
16,69%,6,85%,6141,0,2,7,Cruzeiro,2,3,19,576
0,,0,,2673,0,0,0,Goias,35,0,0,0
0,,0,,2602,0,0,0,Atletico-MG,28,0,0,0
13,32%,5,70% un,6779,0,4,5,  Chapecoense,28,0,14,258
18,36%,5,80%,6523,0,3,2,Fortaleza,2,1,12,291
13,-,1,85%,8075,1,3,10,sao paulo,5,2,17,482
9,29%,5,72%,6605,0,2,5,Ceara,10,2,15,265
0,  ,0,,8487,0,0,0,Fluminense,9,0,0,0
0,,0,,1981,0,0,0,Cruzeiro,4,0,0,0
0,,0,,1937,0,0,0,Goias,38,0,0,0
0,,0,,89,0,0,0,Vasco,8,0,0,  
7,41%,3,72%,8336,0,2,5,GREMIO,32,1,9,380
0,,0,,2397,0,0,0,Vasco,8,0,0,0
0,,0,,3721,0,0,0,INTERNACIONAL,26,0,0,0
0,,0,,3573,0,0,0,Bahia,10,0,0,0
0,,0,,2980,0,0,0,Coritiba,28,0,0,0
,,0,,901,0,0,0,cruzeiro,30,0,0,0
14,32%,5,73% un,6418,0,3,4,Sao Paulo,30,5,20,252
0,,0,,4735,0,0,0,Flamengo,12,0,0,0
0,,0,,3841,0,0,0,Internacional,38,0,0,0
0,,0,,3020,0,0,0,Avai,32,0,0,0
0,,0,,3591,0,0,0,Ceara,13,0,0,0
0,,0,,4111,0,0,0,Ponte Preta,27,0,0,0
6,39%,0,,5429,1,2,1,Gremio,7,0,10,384
0,,0,,1412,0,0,0,Atletico-MG,28,0,0,0
11,43%,5,71%,7158,0,3,4,Goias,28,2,17,359
,47%,1,,5814,1,1,5,Coritiba,7,5,16,323
0,,0,,1465,0,0,0,Ponte Preta,33,0,0,0
22,61%,5,91%,8868,0,4,8,Sao Paulo,9,1,13,475
0, N/A ,0,,3871,0,0,0,Coritiba,3,0,0,0
11,39%,4,78%,7674,0,4,2,Avai   ,4,0,16,378
7,39%,3,68%,8119,0,3,2,Bragantino,10,1,14,358
0,,0,,624,0,0,0,Corinthians,6,0,0,0
0,,0,,8522,0,0,0,Internacional,12,0,0,null
0,,0,  ,2269,0,0,0,Santos,33,0,0,0
0,,0,null,2039,0,0,0,figueirense,9,0,0,0
0,,0,  ,2966,0,0,0,  Sport,26,0,0,0
0,,0,,1620,0,0,0,Sao Caetano,6,0,0,0
0,,0,,54,0,0,0,Criciuma,5,0,0,0
11,48%,4,81%,6537,0,2,3,Corinthians,4,0,13,474
13, 51% ,3,77%,7043,2,3,2,Bahia,16,3,18,403
0,,0,,8682,0,0,0,Cruzeiro,28,0,0,0
16,41%,5,,5868,0,4,7,Botafogo-RJ,13,2,20,360
0,,0,,8461,0,-1,0,  Bahia,6,0,0,N/A
0,,0, - ,2924,0,0,0,Vitoria,22,0,0,0
,42%,9,80%,7819,0,3,3,Athletico-PR,18,2,15,383
0,,0,,2209,0,0,0,  Santos,26,0,0,0
0,,0,,2937,0,0,0,Sao Paulo,24,0,0,0
0,,0,-,4049,0,0,0,Vasco,21,0,0,0
12,61%,6, 81% ,7087,0,2,7,Internacional,21,2,18,479
-,37%,7,71%,8294,0,4,5,Santos,27,5,8,362
12,53%,4,81%,8213,0,2,3,palmeiras,19,1,13,423
N/A,,0,,2187,0,0,0,Corinthians,24,0,0,0
15,-,6,  ,7163,0,2,4,Vasco,28,2,17,423
20,67%,4,86%,7054,0,1,8,Atletico-MG,17,1,14,555
9,34%,2,74%,6681,0,5,3,Goias,18,1,11,276
0,,0,,8557,0,0,0,Vasco,16,0,0,0
20,76%,6,86%,6402,0,2,9,Gremio,28,5,13,603
13,46%,4,80%,6321,0,2,4,botafogo-rj,19,2,13,411
0,,0,,2576,0,0,0,Botafogo-RJ,25,0,0,0
10,38%,3,  ,6266,0,2,2,Fluminense,15,1,18,301
7,59%,0,,5245,0,2,6,sao paulo,26,2,12,474
0,,0,,3734,0,0,0,Athletico-PR,27,0,0,0
12,67%,0,,5617,1,1,9,Corinthians   ,26,0,16,635
9,47%,0,,5300,0,1,1,Sport,32,1,9,433
0,,0,,487,0,0,0,Vitoria,41,0,0,  
0,,0,,8768,0,0,0,Vitoria,37,0,0,0
0,,0,,2162,0,0,0,  Juventude,21,0,0,0
0,,0,,1827,0,0,0,Figueirense,27,0,0,0
0,,0,,2937,0,0,0,Avai,24,0,0,0
0,,0,,2420,0,0,0,Santos,11,0,0,0
0,,0,,3800,0,0,0,Coritiba,34,0,0,0
0,,0,,3691,0,0,0,Corinthians,23,0,0,0
0,,0,,1519,0,0,0,vasco,38,0,0,0
NAN,,0,,3405,0,0,0,  Atletico-MG,32,0,0,
-,,0,,1545,0,0,0,Vasco,41,0,0,0
15,53%,3,73%,7629,0,0,7,Ceara,37,3,14,357
0,,0,null,3601,0,0,0,Cruzeiro,14,0,0,0
0,,0,,4632,0,0,0,Sport,3,0,0,0
17,66%,0,,5399,0,1,9,Chapecoense,4,0,16,527
0,null,0,,3735,0,0,0,Gremio,27,0,0,0
0,,0,,1424,0,0,0,Sao Caetano,30,0,0,0
17,56%,5,,5764,0,3,7,Cruzeiro,2,2,14,457
0,,0,,3166,0,0,0,Fluminense,8,0,0,0
,,0,,6,0,0,0,Criciuma,1,0,0,0
0,,0,,2935,0,0,0,Nautico,23,0,0,null
null,,0,,4430,0,0,0,Ponte Preta,21,0,0,0
0,,0,,714,0,0,0,  Coritiba,14,0,0,0
12,,5,,9011,1,3,3,Santos,23,0,14,388
16,58%,7,94%,8882,0,3,5,Vitoria,10,2,13,389
NAN,,0,,2224,0,0,0,Parana,27,0,0,0
0,,0,,2408,0,0,0,Athletico-PR,9,0,0,0
9,46%,6,81%,6905,0,2,5,Vasco,2,1,29,371
13,56%,2,80%,8167,0,1,11,Cruzeiro,15,1,14,-
9,53%,2,79%,6991,1,2,5,bahia,10,5,16,429
0,,0,,1404,0,0,0,Fortaleza,28,0,0,0
2,29%,0,67%,7534,0,1,2,Cuiaba,27,2,7,303
8,26%,4,,6072,1,3,3,Vitoria,33,1,20,227
0,,0,,4260,0,0,0,atletico-mg,4,0,0,0
0,,0,,673,0,0,0,Gremio,11,0,0,0
15,42%,6,72%,7330,0,4,5,Fortaleza,7,3,12,301
0,,0,,189,0,0,0,Criciuma   ,16,0,0,0
null,,0,,456,0,0,0,Vasco,38,0,0,0
0,,0,,1700,0,0,0,Santos,14,0,0,0
0,N/A,0,,252,0,0,0,PONTE PRETA,21,0,0,0
10,44%,4,87%,8861,0,-2,7,Sport,8,0,11,400
9,null,4,81%,8308,0,2,1,Goias,29,1,21,323
0,,0,,2653,0,0,0,Botafogo-RJ,33,0,0,0
12,58%,7,80%,7480,0,2,8,Internacional,22,0,19,503
0,N/A,0,,624,0,0,0,Guarani,6,0,0,0
0,,0,,2195,0,0,0,Botafogo-RJ,24,0,0,0
15,60%,6,83%,8337,1,2,4,Atletico-MG,32,2,20,545
0,,0,,599,0,0,0,Guarani,4,0,0,0
0,,0,,1496,0,0,0,palmeiras,36,0,0,0
0,,0,null,2477,0,0,0,Nautico,16,0,0,0
0,,0,,712,0,0,0,Vitoria,14,0,0,0
0,,0,,4438,0,0,0,Santos,22,0,0,0
0,,0,,128,0,0,0,  Juventude,11,0,0,0
0,,0,,4104,0,0,0,Internacional,26,0,0,0
9,61%,2,86%,7886,0,6,3,AVAI,25,4,15,  
0,,0,,4241,0,0,0,Bahia,2,0,0,0
0,,0,,3144,0,0,0,Atletico-MG,6,0,0,
13,55%,6,,5889,0,0,1,coritiba,15,3,12,439
,53%,5,75%,7752,0,2,4,america-mg,11,0,16,
10, 40% ,2,80%,7008,0,1,3,Bragantino,13,1,18,377
13,55%,5,83%,7850,0,2,5,Sao Paulo,21,1,12,495
0,,0,,2523,0,0,0,Goias,20,0,0,0
16,73%,6,88%,8090,0,2,2,Fortaleza,7,1,8,744
22,54%,11,,9134,0,3,5,bragantino,34,2,16,0
0,,0,,618,0,0,0,  Criciuma,6,0,0,0
null,47%,6,80%,6309,0,2,3,ATLETICO-MG,18,1,17,375
23,57%,0,,5525,0,3,13,VITORIA,16,3,15,434
6,48%,1,81%,7930,0,5,2,Juventude,29,0,11,333
0,,0,,4654,0,0,0,Internacional,5,0,0,0
0,,0,,6841,0,0,0,Botafogo-RJ,33,0,0,0
0,,0,,6884,0,0,0,Athletico-PR,38,0,0,0
0,,0,,3941,0,0,0,internacional,10,0,0,0
12,41%,4, 85% ,8974,0,0,2,Sport,19,2,19,281
0,,0,,2566,0,0,0,Coritiba   ,24,0,0,0
0,,0,,2957,0,0,0,Athletico-PR,26,0,0,0
0,,0,,4230,0,0,0,GREMIO,1,0,0,N/A
0,,0,,1962,0,0,0,Palmeiras,2,0,0,0
0,,0,,3064,0,0,0,Vitoria   ,36,0,0,0
13,37%,5,,6107,0,3,5,Avai,37,2,19,274
0,,0,,8595,0,0,0,Athletico-PR,19,0,0,0
15,52%,0,,5577,0,2,8,Ponte Preta,22,6,15,471
0,,0,,3910,0,0,0,Coritiba,7,0,0,0
0,,0,,3255,0,0,0,Avai,17,0,0,0
7,54%,4,,5787,0,3,2,Atletico-MG,5,4,20,469
15,38%,4,92%,9057,0,5,3,BOTAFOGO-RJ,28,0,17,300
12,39%,6,81%,6677,0,1,8,Ceara,18,2,10,320
0,,0,,690,0,0,0,Guarani,12,0,0,0
0,,0,,3845,0,0,0,bahia,38,0,0,0
null,,0,,1845,0,0,0,Santos   ,28,0,0,0
12,58%,8,78%,7390,0,3,7,Flamengo,13,2,23,428
0,,0,,2380,0,0,0,Sao Paulo,6,0,0,0
10,34%,3,,5388,0,2,3,Botafogo-RJ,3,5,8,333
0,,0,,2038,0,0,0,Internacional,9,0,0,0
0,,0,,1896,0,0,0,Palmeiras,33,0,0,0
0,,0,,4410,0,0,0,Bahia,19,0,0,0
0,,0,,2903,0,0,0,  Corinthians,20,0,0,0
0,,0,-,327,0,0,0,CRUZEIRO,28,0,0,null
18,55%,4, 83% ,8367,0,1,5,Athletico-PR,35,2,15,411
0,,0,,3937,0,0,0,Botafogo-RJ,10,0,0,0
8,36%,1, 86% ,9088,0,4,2,Botafogo-RJ,31,0,22,236
7,26%,4,68%,6658,1,2,5,Goias,16,0,9,203
0,,0,,2665,0,0,0,Internacional   ,34,0,0,0
0,  ,0,,3613,0,0,0,America-MG,15,0,0,0
null,55%,4,94%,8873,0,1,7,Flamengo,9,2,9,489
12,41%,0,,5343,0,3,3,Ponte Preta,36,2,23,360
18,68%,5,,5871,0,4,8,Vitoria,13,3,16,514
0,,0,,3077,0,0,0,Corinthians,38,0,0,0
14,59%,3,76%,6361,0,4,7,Botafogo-RJ,24,2,14,457
0,,0,,8702,0,0,0,Bahia,30,0,0,0
17,42%,6,78%,6233,0,3,4,Ceara,11,1,15,358
19,56%,3,81%,8328,0,2,7,Athletico-PR,31,2,11,518
9,48%,6,72%,7636,0,2,3,Bahia,38,1,17,312
11,47%,2,,5547,0,4,3,Athletico-PR,19,2,11,395
16,57%,4,78%,7881,0,4,1,Atletico-MG,24,1,14,421
0,,0,,1462,0,0,0,  Athletico-PR,33,0,0,0
19,58%,8,80%,7328,0,3,7,Palmeiras,7,6,10,N/A
0,,0,,754,0,0,0,Sao Paulo,17,0,0,0
11,53%,5,79%,6170,0,2,10,Corinthians,5,0,15,
N/A,,0,,1066,0,0,0,Coritiba   ,43,0,0,0
7,63%,4,,5930,0,3,0,Gremio,19,2,18,668
0,,0,,825,0,0,0,  Botafogo-RJ,23,0,0,0
0,,0,,2446,0,0,0,Flamengo,12,0,0,0
0,,0,,366,0,0,0,Vasco   ,31,0,0,0
0,,0,,3384,0,0,0,Botafogo-RJ,30,0,0,0
11,40%,3,73%,7208,0,3,8,atletico-go,33,1,13,335
9,38%,4,69%,6970,0,3,5,Bahia,8,2,12,326
0,,0,,4102,0,0,0,Vasco   ,26,0,0,0
0,,0,,8628,0,0,0,Bragantino,23,0,0,0
12,59%,3,,6080,0,3,9,Sport   ,34,1,15,  
0,,0,,4969,0,0,0,Vitoria,37,0,0,
0,,0,,2611,0,0,0,  Nautico,29,0,0,0
0,,0,,8782,0,0,0,Sao Paulo,38,0,0,0
0,,0,,1364,0,0,0,Santos,24,0,0,0
0,,0,,2952,0,0,0,Barueri,25,0,0,0
22,40%,10,78%,6243,0,2,7,Bahia,12,1,19,333
14,40%,3,74%,8912,0,4,5,Ceara,13,3,10,216
25,52%,8,84%,7020,0,3,5,  Sao Paulo,14,1,17,
0,-,0,,772,0,0,0,Gremio,19,0,0,0
26,70%,6,88%,8280,0,2,6,Palmeiras,26,7,8,506
0,,0,-,1564,0,0,0,Cruzeiro,42,0,0,0
,,0,,579,0,0,0,paysandu,3,0,0,0
17,52%,5,84%,8026,0,2,4,Palmeiras,1,3,23,455
0,,0,,2993,0,0,0,cruzeiro,29,0,0,0
0,N/A un,0,,17,0,0,0,Bahia,2,0,0,  
0,,0,,3597,0,0,0,Corinthians,14,0,0,N/A
14, 49% ,7,93%,9083,0,4,6,Botafogo-RJ,30,4,12,
0,,0,,8762,0,0,0,Flamengo,36,0,0,0
0,,0,,4890,0,0,0,Chapecoense,29,0,0,0
0,,0,,4589,0,0,0,CORITIBA,37,0,0,0
20,53%,3,87%,7209,0,3,3,Gremio,33,2,12,469
,,0,,3151,0,-2,0,Santos,7,0,0,0
0,,0,,806,0,0,0,SANTOS,22,0,0,0
0,,0,,470,0,0,0,Sao Caetano,40,0,0,  
  ,45%,3,91%,9061,2,2,2,Vasco,28,2,9,313
0,,0,,2021,0,0,0,Athletico-PR   ,7,0,0,0
10,51%,3,82%,7311,0,2,3,Atletico-GO,5,1,15,477
0,,0,,4379,0,0,0,Cruzeiro,16,0,0,0
0,,0,  ,373,0,0,0,Athletico-PR,32,0,0,0
0,null,0,,2054,0,0,0,Palmeiras,10,0,0,0
N/A,36%,3,82%,7867,0,2,3,Coritiba   ,23,3,13,334
0,,0,,2792,0,0,0,Botafogo-RJ   ,9,0,0,0
0,,0,,1446,0,0,0,Fluminense,32,0,0,0
0,,0,,2351,0,0,0,Sao Paulo,3,0,0,0
0,,0,,4967,0,0,0,Sport,37,0,0,0
18,56%,6,84%,8105,0,2,7,Botafogo-RJ,8,2,9,473
0,,0,,1334,0,0,0,Santos,21,0,0,0
21,67%,6,89%,7941,0,3,11,flamengo,30,0,13,661
10,39%,0,N/A,5295,0,1,1,Goias,31,1,8,374
0,,0,,2825,0,0,0,Avai,12,0,0,0
0,,0,,911,0,0,0,Gremio,30,0,0,0
11,47%,2,,7107,0,2,3,Corinthians,23,2,25,418
0,,0,,3709,0,0,0,athletico-pr,25,0,0,0
0,,0,null,4772,0,0,0,Chapecoense,16,0,0,0
5,42%,2,89%,9040,0,5,4,Corinthians   ,26,1,15,318
0,,0,,3585,0,0,0,atletico-mg,11,0,0,0
0,,0,,479,0,0,0,Internacional,40,0,0,0
0,,0,,1056,0,0,0,Juventude,42,0,0,0
13,49%,3,,5935,0,1,7,Ponte Preta,19,2,17,377
0,,0,,2555,0,0,0,CORITIBA,23,0,0,0
11,59%,6,,6062,0,-7,2,Gremio,32,0,12,660
0,,0,,3816,0,0,0,Atletico-GO,35,0,0,0
12,44%,6,,7511,0,2,3,BRAGANTINO,25,0,15,379
14, 57% ,4,92%,9092,0,3,5,Corinthians,31,0,13,-
0,,0,,2755,0,0,0,barueri,5,0,0,0
0,,0,,3962,0,0,0,Sao Paulo,12,0,0,0
9, 43% ,0,,5307,0,2,2,Sport,33,2,15,415
0,,0,,4426,0,0,0,coritiba,20,0,0,0
24,60%,12, 92% ,9056,0,2,8,Palmeiras,28,2,8,460
7,45%,0,,5638,0,4,11,Sao Paulo   ,28,1,18,371
0,,0,,8465,0,0,0,Gremio,6,0,0,0
19,64%,0,,5196,0,1,6,  Athletico-PR,21,0,12,
0,,0,,1481,0,0,0,Atletico-MG   ,35,0,0,0
0,,0,,2321,0,0,0,America-RN,38,0,0,0
0,,0,  ,1201,0,0,0,Athletico-PR,9,0,0,0
0,,0,,3657,0,0,0,Gremio   ,20,0,0,0
0,,0,,3628,0,0,0,Avai,17,0,0,0
0,,0,,2744,0,0,0,Gremio,4,0,0,0
0,,0,,2279,0,0,0,Parana,34,0,0,0
0,,0,,8706,0,0,0,Palmeiras,31,0,0,0
null,38%,2,73%,7779,0,3,2,Santos,14,4,10,335
5,23%,2, 69% ,9094,1,4,1,Atletico-MG,31,0,10,117
null,  ,0,,4809,0,0,0,Fluminense,20,0,0,0
20,66% un,8,88%,8308,0,4,6,Fluminense,29,3,14,619
0,,0,-,1320,0,0,0,GOIAS,20,0,0,0
22,65%,7, 87% ,7493,0,2,11,Gremio,23,0,21,520
0,,0,,4839,0,0,0,Cruzeiro,23,0,0,0
0,,0,,1575,0,0,0,Athletico-PR,1,0,0,0
-,,0,,3513,0,0,0,Botafogo-RJ,5,0,0,0
16,63%,2,86%,7310,0,3,7,Fortaleza,5,6,14,534
0,,0,,1324,0,0,0,Juventude,20,0,0,0
11,41%,6,,5958,0,4,3,Ponte Preta,22,1,20,353
0,,0,,4149,0,0,0,Coritiba,31,0,0,0
14,36%,5,74%,7447,0,3,3,Cuiaba,19,0,11,330
13,64%,6, 78% ,6485,0,1,6,Sport,36,1,13,502
0,,0,,783,0,0,0,Palmeiras   ,20,0,0,0
0,,0,,27,0,0,0,Vitoria,4,0,0,0
12,48%,6,82%,6280,0,3,6,Athletico-PR,16,1,20,398
16,67%,5,85%,7338,0,3,7,Internacional,8,0,14,544
9,null,4,87%,7634,0,3,5,Flamengo,37,3,23,482
  ,,0,,724,0,0,0,Gremio,15,0,0,
8,36% un,1,88% un,8969,1,2,2,Fortaleza,19,1,7,279
0,,0,,3328,0,0,0,Sao Paulo,25,0,0,0
0,,0,-,2474,0,0,0,ATLETICO-MG,15,0,0,0
14,63%,7, 86% ,6550,0,2,4,Internacional,5,4,11,601
25,62%,0,N/A,5227,0,4,4,CORITIBA,25,0,13,514
0,,0,,4979,0,0,0,Coritiba,38,0,0,0
10,  ,3,80%,7083,0,3,4,Botafogo-RJ,20,1,17,361
0,,0,,35,0,0,0,  Sao Paulo,4,0,0,0
0,,0,,2584,0,0,0,Palmeiras,26,0,0,0
22,68%,8,85%,8274,0,4,6,Bragantino,25,0,14,529
0,,0,,1376,0,0,0,Fortaleza,25,0,0,0
0,,0,,3589,0,0,0,Atletico-MG,13,0,0,0
0,,0,,3396,0,0,0,Gremio,31,0,0,0
10,58%,4,87%,9040,0,4,3,  Internacional,26,4,20,477
0,,0,,2406,0,0,0,palmeiras,8,0,0,0
0,,0,,6609,0,0,0,CSA,11,0,0,0
N/A,,0,,1537,0,0,0,Parana,40,0,0,0
0,,0,,1171,0,0,0,Fortaleza,7,0,0,0
6,59%,0,,5644,0,2,0,Figueirense,28,2,19,410
15, 44% ,8,80%,8113,0,3,5,cuiaba,9,1,14,368
0,,0,,3924,0,0,0,  Ponte Preta,8,0,0,0
8,52%,3,78%,6425,0,3,7,Santos,30,2,15,418
0,,0,,943,0,0,0,criciuma,33,0,0,0
19,70%,0,,5696,0,1,11,SAO PAULO,33,7,8,517
0,,0,,2890,0,0,0,Coritiba,19,0,0,0
  ,,0,,2174,0,0,0,Fluminense,22,0,0,0
0,,0,,4097,0,0,0,Figueirense   ,26,0,0,0
18,65%,6,89%,7196,0,1,7,Sao Paulo,32,1,19,641
0,,0,,3660,0,0,0,Athletico-PR,20,0,0,0
12, 72% ,3,88%,8178,0,5,4,sao paulo,16,0,17,555
9,57%,4,89%,6531,0,0,7,  Botafogo-RJ,3,0,10,-
14,43%,7,70%,8159,0,5,7,Coritiba,14,2,16,307
0,,0,,1391,0,0,0,Sao Caetano,27,0,0,0
12,52%,3,81%,6419,0,3,4,Vasco,30,0,18,468
,45%,0,,5431,1,3,0,Sport,7,1,26,
0,,0,,4825,0,0,0,  Gremio,21,0,0,0
0,,0,,4724,0,0,0,ATHLETICO-PR,11,0,0,0
0,,0,,3926,0,0,0,Sport,8,0,0,0
0,,0,,1588,0,0,0,Athletico-PR,3,0,0,0
21,53%,0,,5022,0,0,5,Atletico-MG,4,2,16,457
0,,0,,1235,0,0,0,Fortaleza,12,0,0,0
0,,0,,648,0,0,0,gremio,8,0,0,0
0,,0,,2697,0,0,0,Nautico,38,0,0,N/A
0,,0,,2703,0,0,0,Ipatinga,38,0,0,0
0,,0,-,8494,0,0,0,Fortaleza,9,0,0,0
9,62%,3,,6110,0,1,8,Sao Paulo,37,1,12,485
,,0,,4320,0,0,0,Ponte Preta,10,0,0,0
0,,0,,3923,0,0,0,Gremio,8,0,0,0
17,null,4,84%,6777,0,3,11,Ceara   ,28,3,11,544
2,48%,0,,5577,1,1,0,Corinthians,22,0,8,458
0,,0,,1813,0,0,0,Sao Caetano,25,0,0,0
0,,0,,1160,0,0,0,  Paysandu,6,0,0,0
15,34%,8, 81% ,8016,0,1,3,Avai,38,0,11,313
0,,0,N/A,1093,0,0,0,Fluminense,46,0,0,0
0,-,0,,2240,0,0,0,Corinthians   ,30,0,0,0
13,60%,0,,5042,0,3,4,Sao Paulo,6,2,19,631
0,,0,,578,0,0,0,Internacional,3,0,0,  
14,48%,5,,5772,0,2,5,Atletico-GO,3,5,23,403
0,,0,,165,0,0,0,Figueirense,14,0,0,0
12,42%,4,,5918,0,1,4,Corinthians,18,6,12,415
0,,0,,4961,0,0,0,Sport,36,0,0,0
15,53%,0,,5327,0,4,13,Sport,35,3,15,410
0,,0,,8652,0,0,0,Fluminense,25,0,0,0
0,,0,,1614,0,0,0,Flamengo,5,0,0,0
0,,0,,3262,0,0,0,Ceara,18,0,0,0
0,,0,,1499,0,0,0,Internacional,36,0,0,0
0,,0,,8533,0,0,0,Vitoria,13,0,0,0
5,73%,0,85%,6956,0,2,6,Fortaleza,7,2,18,620
0,,0,,2208,0,0,0,America-RN,26,0,0,0
11,54%,4,87%,6958,0,3,6,Corinthians,7,0,12,511
  ,61%,3,90%,7878,0,3,3,Fluminense,24,0,16,544
0,,0,,1234,0,0,0,Internacional,12,0,0,0
3,23%,0,56%,7059,0,0,4,Sport,18,1,11,224
0,,0,,1435,0,0,0,Palmeiras,31,0,0,0
8,49%,2,85%,6973,0,1,3,Atletico-GO,8,0,16,459
11,58%,1,85%,7381,0,2,4,atletico-go,12,4,8,
0,,0,,3794,0,0,0,Atletico-GO,33,0,0,0
,,0,,4903,0,0,0,botafogo-rj,30,0,0,0
0,,0,,8530,0,0,0,Sao Paulo,13,0,0,0
0,,0,,1096,0,0,0,GREMIO,46,0,0,0
0,,0,,4961,0,0,0,Fluminense,36,0,0,0
7,34%,1,72% un,6162,0,2,3,Vitoria,4,3,18,274
0,,0,,3337,0,0,0,Santos,26,0,0,0
0,,0,- un,1036,0,0,0,Fluminense,41,0,0,0
0,,0,,4083,0,0,0,Palmeiras,24,0,0,0
28,51%,5,77%,8364,0,3,11,Bahia,34,0,8,408
0,,0,,3797,0,0,0,America-MG,34,0,0,0
0,,0,,3152,0,0,0,Atletico-MG,7,0,0,0
28,73%,7,85%,7866,0,0,7,Atletico-MG,23,0,10,591
0,,0,,2955,0,0,0,Corinthians,25,0,0,0
3,36%,2,78%,8196,0,2,3,Athletico-PR,18,2,27,323
0,,0,,3057,0,0,0,Palmeiras,36,0,0,0
17,38%,7,73%,7406,0,3,9,Sport,15,0,17,274
9,57%,1,85%,6181,0,4,2,Botafogo-RJ,6,5,11,  
13,49%,3,82%,6185,0,1,2,Internacional,6,2,14,450
0,,0,,3791,0,0,0,Corinthians,33,0,0,0
0,,0,,2035,0,0,0,Palmeiras,8,0,0,0
26,60%,8,83%,7587,0,1,9,gremio,32,3,16,515
20,69%,8,87%,6594,0,2,12,Atletico-MG,9,0,13,721
0,,0,,6781,0,0,0,goias,28,0,0,0
0,,0,,2651,0,0,0,Cruzeiro,33,0,0,0
0,,0,,1163,0,0,0,Santos,6,0,0,0
0,,0,,2136,0,0,0,Parana,18,0,0,0
9,39%,3,,5505,0,4,1,Athletico-PR,14,4,17,null
9,41%,2,79%,7576,0,3,4,Fortaleza,30,2,26,367
0,,0,,3375,0,0,0,Guarani   ,29,0,0,0
0,,0,,1250,0,0,0,  Goias,14,0,0,-
0,,0,,3807,0,0,0,Botafogo-RJ   ,35,0,0,0
0,,0,,3452,0,0,0,GREMIO,37,0,0,0
0,,0,,4706,0,0,0,Criciuma,28,0,0,0
0,,0,,2618,0,0,0,internacional,30,0,0,0
0,,0,,4535,0,0,0,Fluminense,31,0,0,0
0,,0,,1637,0,0,0,Athletico-PR,8,0,0,0
13,40%,0,,5071,0,1,8,Palmeiras,9,2,18,344
0,,0,,2637,0,0,0,Ipatinga,32,0,0,0
20,45%,0,,5717,0,4,7,Vitoria   ,36,2,20,242
0,,0,,1452,0,0,0,Palmeiras   ,32,0,0,0
0,,0,,8540,0,0,0,  Atletico-MG,14,0,0,
0,,0,,395,0,0,0,Fluminense,33,0,0,0
9,51%,2,,5776,0,2,6,Athletico-PR,4,5,11,392
0,,0,,1674,0,0,0,Santa Cruz,11,0,0,0
-,56%,3,81%,7079,0,3,4,Palmeiras,20,1,19,  
11,57%,4,88%,7069,0,1,7,Fluminense,19,1,18,481
19,67%,10,,5773,1,3,12,Sport,3,0,21,499
12,53%,4,83%,6225,0,2,6,Atletico-MG,10,1,7,504
17,60%,3,86%,8067,0,4,4,Bahia,5,1,13,550
13,47%,4,80%,6178,0,2,4,bahia,6,1,13,393
8,41%,6,82%,6824,0,2,3,Vasco,32,0,18,337
,,6,94%,8984,0,1,4,Botafogo-RJ   ,20,2,6,554
0,,0,,3099,0,0,0,Vitoria,2,0,0,0
0,,0,,3848,0,0,0,Sport,1,0,0,
0,,0,,3015,0,0,0,Sport,31,0,0,0
0,,0,,1689,0,0,0,Fortaleza,13,0,0,0
0,,0,,292,0,0,0,Juventude,25,0,0,0
16,55%,0,,4987,0,2,5,Coritiba,1,0,21,388
9,35%,1,71%,6530,0,7,2,Flamengo,3,2,15,259
18,72%,6,87%,7874,0,2,9,  Sao Paulo,23,0,9,669
0,N/A,0,,175,0,0,0,Criciuma,15,0,0,0
13,51%,2,,5995,0,4,3,Vasco,25,1,16,399
0,,0,,1377,0,0,0,Coritiba,25,0,0,0
0,,0,,4004,0,0,0,Sao Paulo,16,0,0,0
0,,0,,1675,0,0,0,Flamengo,11,0,0,0
10,47%,5,90%,9116,1,1,7,  Atletico-MG,37,1,11,267
0,,0,,401,0,0,0,SANTOS,34,0,0,0
0,-,0,,1768,0,0,0,Goias,21,0,0,0
12,54%,5,86%,6734,0,1,2,  Fluminense,23,3,20,481
0,,0,,4587,0,0,0,Fluminense,37,0,0,0
,,0,,356,0,0,0,Sao Caetano,30,0,0,0
0,,0,,8467,0,0,0,Atletico-GO,7,0,0,0
0,,0,,2587,0,0,0,vitoria,27,0,0,0
11,66%,0,,5377,0,4,6,  Palmeiras,2,3,16,497
0,,0,,846,0,0,0,Vitoria,25,0,0,0
12,42%,4,76%,7679,0,3,4,Internacional,3,2,12,383
24,66%,11,85%,6589,0,-6,12,Flamengo   ,9,2,10,515
0,,0,,1546,0,0,0,  Figueirense,41,0,0,0
0,,0,,8777,0,0,0,Cruzeiro,38,0,0,0
0,,0,,3855,0,0,0,Bahia,1,0,0,0
0,,0,,3427,0,0,0,Ceara,35,0,0,0
  ,,0,,1390,0,0,0,Santos,26,0,0,0
null,,0,,3231,0,0,0,Atletico-GO,15,0,0,0
19,58%,8,95%,9138,0,2,4,Flamengo,35,2,8,498
0,,0,,809,0,0,0,Flamengo,22,0,0,0
0,,0,,3472,0,0,0,Gremio   ,1,0,0,0
15,58%,0,,5529,0,1,10,Atletico-MG,17,1,13,590
22,61%,6,  ,7181,0,2,10,Atletico-MG,30,0,13,547
16,57%,4,85%,8240,1,2,11,Palmeiras,22,1,17,474
2,20%,2,  ,7565,0,4,0,Chapecoense   ,29,0,19,200
0,,0,,2544,0,0,0,Vasco,22,0,0,0
7,58%,2,,5013,0,2,6,Corinthians,3,3,6,500
23, 59% ,4,82%,7598,0,1,2,America-MG,33,2,7,498
0,,0,,4040,0,0,0,Figueirense,20,0,0,0
10,62%,0,,5506,0,2,2,Santos,14,1,17,458
18,null,8,83%,7258,0,0,8,Athletico-PR,38,2,15,480
0,,0,,1802,0,0,0,Gremio,24,0,0,0
0,,0,  ,4488,0,0,0,Gremio,27,0,0,0
,53%,6,,5034,0,1,3,fluminense,5,1,13,451
0,,0,,4752,0,0,0,athletico-pr,14,0,0,0
13,42%,0,-,5279,0,6,4,Joinville,30,0,23,293
0,,0,,1202,0,0,0,Paysandu,9,0,0,0
-,,0,,4373,0,0,0,Coritiba   ,15,0,0,0
,57%,6,85%,7238,0,0,7,SANTOS,36,3,15,472
23,72%,4,83%,7631,0,1,8,Athletico-PR,37,4,11,600
7,25%,2,67%,7391,0,2,2,Atletico-GO,13,2,7,242
7,39%,3,78%,8828,1,6,3,GREMIO,5,1,14,247
10,60%,3,,7332,0,3,5,Internacional,7,0,20,474
14,53%,0,,5000,0,6,7,VASCO,2,0,13,436
0,,0,,3619,0,0,0,Avai   ,16,0,0,0
0,,0,,1940,0,0,0,Sao  Paulo,38,0,0,0
  ,,0,,3457,0,0,0,Gremio Prudente,38,0,0,0
13,65%,0,,5708,0,3,12,Botafogo-RJ,35,2,15,454
0,,0,,852,0,0,0,Criciuma,25,0,0,0
0,,0,,2499,0,0,0,Athletico-PR,18,0,0,0
0,,0,,2823,0,0,0,Corinthians,12,0,0,0
10,39%,3,79%,8296,0,3,2,Goias,28,5,17,329
0,,0,,563,0,0,0,Paysandu,1,0,0,0
0,,0,,2261,0,0,0,Vasco,32,0,0,
18,74%,3,,5872,0,0,9,Sao Paulo,13,0,18,600
0,,0,,1773,0,0,0,Santos,21,0,0,0
11,44%,5,,5950,0,0,3,Bahia,21,2,18,402
,,0,,3883,0,0,0,Sao Paulo,4,0,0,0
7,31% un,4,72%,6800,0,1,2,Corinthians,30,2,10,293
0,N/A,0,,4702,0,0,0,Fluminense,28,0,0,0
13,54%,6, 81% ,7150,0,1,7,Corinthians,27,2,20,508
16,60%,3,78%,7687,0,4,9,Ceara,5,1,8,408
0,,0,,4003,0,0,0,Corinthians,16,0,0,0
0,,0,,1106,0,0,0,Figueirense,1,0,0,0
17,-,5,84%,6354,0,1,9,Fluminense,23,1,11,527
27,null,8,85%,6799,0,2,6,Chapecoense,30,0,19,313
0,,0,,1567,0,0,0,Parana,1,0,0,0
13,44%,7,,5973,0,1,3,  Cruzeiro,23,3,17,363
22,66%,4,78%,7958,0,4,10,CEARA,32,3,11,377
10,34%,2,69%,7224,0,3,8,  Sport,34,0,19,284
12,44%,0,,5681,0,3,5,Palmeiras,32,0,26,284
0,,0,,2970,0,0,0,BARUERI,27,0,0,0
0,,0,,2173,0,0,0,Sport,22,0,0,0
13,47%,0,,5017,0,4,0,Ponte Preta,4,1,20,438
8,37%,2,82%,7820,1,3,4,Juventude,18,1,13,317
0,,0,,1054,0,0,0,Paysandu,42,0,0,0
7,41%,0,,5093,1,3,1,Santos,11,0,13,462
0,,0,,4690,0,0,0,Palmeiras,9,0,0,0
0,,0,,1518,0,0,0,Corinthians,38,0,0,0
14,-,3,89%,8929,0,2,6,Sao Paulo,15,0,18,400
13,63%,3,85%,7956,0,0,10,Atletico-MG,32,1,12,563
0,null,0,,3534,0,0,0,Coritiba,7,0,0,0
0,,0,,2332,0,0,0,Sport,1,0,0,0
19,41% un,9,80%,6639,0,4,3,Atletico-MG,14,4,14,373
8,44% un,5,80%,8400,0,1,4,Palmeiras,38,0,19,349
0,,0,,1185,0,0,0,Flamengo,8,0,0,0
0,,0,,4872,0,0,0,Gremio,26,0,0,0
12,34% un,4,,6098,0,3,3,Vitoria,36,2,20,303
0,,0,,223,0,0,0,Ponte Preta,19,0,0,0
0,,0,,4462,0,0,0,  Corinthians,24,0,0,0
2,36%,2,N/A,8995,0,0,1,Vitoria,21,2,5,N/A
0,,0,,8582,0,0,0,Athletico-PR,18,0,0,0
0,,0,,417,0,0,0,Paysandu,35,0,0,0
0,,0,,8730,0,0,0,Criciuma,33,0,0,0
0,,0,,1533,0,0,0,FLUMINENSE,39,0,0,0
0,,0,,3858,0,0,0,Internacional,2,0,0,0
13,65%,7,80%,8042,0,3,5,  Palmeiras,2,0,15,466
0,,0,,614,0,0,0,Athletico-PR   ,6,0,0,0
7,42%,3,75%,7225,0,2,1,Sao Paulo,34,3,16,314
,,0,,1303,0,0,0,Sao Caetano,19,0,0,0
0,,0,,1624,0,0,0,Ponte Preta,6,0,0,0
0,,0,,3425,0,0,0,palmeiras,34,0,0,0
0,,0,null,4013,0,0,0,botafogo-rj,17,0,0,0
17,-,7,75%,6330,0,2,9,Botafogo-RJ,21,4,21,314
14,49%,2,78%,6878,0,2,6,Ceara   ,38,2,19,382
10,48%,2,83%,8285,0,0,5,Cuiaba,26,3,9,407
0,,0,,1355,0,0,0,Vasco,23,0,0,0
15,54%,7,83%,7221,0,2,4,Fortaleza,34,0,18,400
11,48%,4,,5774,0,1,2,Botafogo-RJ,3,1,20,372
15,48%,0,,5222,0,1,2,Santos,24,2,11,431
13,40%,2,82%,7167,0,2,3,Coritiba,29,0,11,389
0,,0,,8414,0,0,0,Cruzeiro,1,0,0,0
6,24%,0,,5419,0,5,3,Coritiba,6,3,12,238
19,77%,5,87%,8217,0,4,10,Internacional,20,1,14,656
5,41%,0,74%,7292,1,3,3,Sport,3,0,16,337
0,,0,,4575,0,0,0,Nautico,35,0,0,0
7,51%,2,81%,7784,0,2,2,Atletico-GO,14,6,18,369
0,,0,,8414,0,0,0,Botafogo-RJ,1,0,0,0
0,,0,-,4788,0,0,0,CHAPECOENSE,18,0,0,0
0,,0,,1599,0,0,0,  Santos,4,0,0,0
20,61%,5,89%,7680,0,2,3,Atletico-MG,3,0,10,659
9,,4,77%,6340,0,2,1,Ceara,22,0,14,285
0,,0,,247,0,0,0,Bahia,21,0,0,0
14,56%,5,86%,8123,0,3,6,vasco,10,4,21,519
12,61%,5,82%,6393,0,3,7,Internacional,27,4,19,483
  ,,0,,392,0,0,0,Corinthians,33,0,0,0
0,,0,,3301,0,0,0,Fluminense,22,0,0,  
13,51%,4,81%,6680,0,1,9,INTERNACIONAL,18,3,14,445
4,47%,0,,5643,0,3,1,  Gremio,28,1,20,424
11,37%,2,76%,8236,2,1,5,Goias,22,3,16,330
0,,0,,1620,0,0,0,  Sao Paulo,6,0,0,0
16,33%,8,67%,7323,0,3,6,Ceara,6,1,16,262
0,,0,null,437,0,0,0,Bahia,37,0,0,  
17,39%,6,78%,6828,0,2,4,Palmeiras   ,34,1,14,376
0,,0,,1025,0,0,0,Criciuma,40,0,0,0
0,,0,,52,0,0,0,Vasco,5,0,0,0
13,44%,7,77%,6437,0,1,3,  Gremio,32,4,12,398
0,,0,,1409,0,0,0,Flamengo,28,0,0,0
0,,0,,958,0,0,0,Gremio,34,0,0,0
0,,0,,3251,0,0,0,Vitoria,17,0,0,0
0,,0,,2844,0,0,0,Fluminense,14,0,0,0
-,,0,,3367,0,0,0,Athletico-PR,29,0,0,0
0,,0,,1819,0,0,0,Santos,26,0,0,0
0,,0,,54,0,0,0,Guarani,5,0,0,0
0,null,0,,1070,0,0,0,Figueirense,44,0,0,0
9,62%,1,N/A,7779,0,3,3,Corinthians,14,0,20,527
0,,0,,1375,0,0,0,Corinthians   ,25,0,0,0
0,,0,N/A,4469,0,0,0,Athletico-PR,25,0,0,0
0,,0,,335,0,0,0,Internacional,28,0,0,0
14,65%,3,,5780,0,4,5,Sport,4,1,25,600
13,34%,4,,5945,0,1,1,CHAPECOENSE,20,0,13,292
13,51%,0,,5575,0,5,2,Cruzeiro,21,3,24,416
0,,0,null,1663,0,0,0,Athletico-PR,10,0,0,null
0,,0,,3990,0,0,0,Atletico-GO,15,0,0,0
0,,0,,2242,0,0,0,Sport,30,0,0,0
15,49%,2,79%,7655,0,5,4,Bragantino,1,1,17,418
0,,0,,720,0,0,0,  Atletico-MG,14,0,0,0
14,43%,6,,6213,0,4,11,Vitoria,9,0,16,329
11,33%,6,78%,6130,0,3,3,Atletico-MG,1,3,18,321
0,,0,,3290,0,0,0,Vasco,21,0,0,
0,,0,,2406,0,0,0,Nautico,8,0,0,0
11,36%,0,,5512,0,0,5,Fluminense,15,3,17,-
14,-,4,87%,6208,0,2,4,vasco,9,0,12,668
0,,0,,4677,0,0,0,Criciuma,8,0,0,0
0,,0,,3066,0,0,0,Goias,36,0,0,0
22,59%,9,84%,6174,0,2,9,Fluminense,5,2,12,465
9,,0,,5451,0,1,3,ponte preta,9,1,17,445
7,38%,3,,6069,0,1,2,corinthians,33,0,11,347
N/A, 57% ,5,82%,8127,0,3,4,Sao Paulo,11,3,15,479
14,58%,8, 87% ,6901,0,1,7,Gremio   ,2,0,7,571
0,,0,,3668,0,0,0,avai,21,0,0,0
13,46%,3,80%,6135,0,1,8,Botafogo-RJ,1,0,7,
0,,0,,918,0,0,0,  Sao Paulo,31,0,0,0
0,,0,,4691,0,0,0,Bahia,9,0,0,0
17,54%,6,84%,7621,0,1,3,Internacional,36,1,16,478
18,52%,1,null,5832,1,2,9,Bahia,9,2,12,444
14,55%,3,84%,6895,0,1,6,Palmeiras,1,0,19,477
6,35%,0,,5492,1,2,2,Sao Paulo,13,3,16,277
,,0,,8723,0,0,0,Botafogo-RJ,32,0,0,0
9,,0,,5615,0,0,2,Sao Paulo   ,25,2,14,512
7,26%,4,68%,6658,1,2,5,Goias,16,0,9,203
10,42%,0,,5586,0,3,6,  Athletico-PR,22,0,12,344
14,54%,5,91% un,9119,0,3,10,gremio,37,2,13,509
0,,0,,1502,0,0,0,CRUZEIRO,37,0,0,0
0,,0,,4108,0,0,0,Figueirense,27,0,0,0
0,,0,,8579,0,0,0,Vitoria,18,0,0,0
0,,0,,2695,0,0,0,Ipatinga,37,0,0,0
20,59%,7,83%,7373,0,2,7,Ceara,11,2,13,479
-,,0,,656,0,0,0,Sao Caetano,9,0,0,
12,59%,3,79%,7038,0,3,7,Santos,16,1,18,400
0,,0,,1740,0,0,0,Vasco,18,0,0,0
0,,0,,395,0,0,0,Atletico-MG   ,33,0,0,0
19,48%,5,90%,8954,0,1,10,Internacional,17,3,10,
18,56%,3,74%,6206,0,3,14,Internacional,9,2,14,457
,,0,,3871,0,0,0,Portuguesa,3,0,0,0
0,,0,,1643,0,0,0,Fluminense,8,0,0,0
12,55% un,4,82%,7507,0,1,8,ATLETICO-MG,25,2,12,428
0,,0,,1262,0,0,0,corinthians,15,0,0,0
17,45%,8,,5808,0,1,7,Botafogo-RJ,7,2,10,378
6,40%,1,,6058,0,2,2,Atletico-GO,32,2,17,409
17,61%,5,80%,7130,0,1,9,Gremio,25,2,10,446
14,39%,6, 77% ,6426,1,2,6,Sao Paulo,31,0,24,315
11,  ,2,84%,7299,0,0,7,Juventude,4,0,11,379
0,,0,,4630,0,0,0,Fluminense,3,0,0,-
0,,0,,3116,0,0,0,  Flamengo,3,0,0,0
22,55%,11,77%,8190,0,3,9,Bragantino,17,1,24,432
11,37%,2,79%,7049,0,2,7,Gremio,17,2,15,316
0,,0,,4399,0,0,0,Athletico-PR,18,0,0,0
0,,0,,2871,0,0,0,Coritiba,17,0,0,0
15,62%,0,,5542,0,1,5,gremio,18,2,18,584
0,,0,,2504,0,0,0,Palmeiras,18,0,0,0
0,,0,,3108,0,0,0,Atletico-GO,3,0,0,0
0,,0,,4889,0,0,0,Criciuma,29,0,0,0
18,55%,8,88%,7654,0,1,5,Sao Paulo,1,2,17,517
0,,0,,2629,0,-5,0,Flamengo,31,0,0,0
7,58%,0,,5565,0,3,4,Athletico-PR,20,1,12,485
12,56%,4,80%,6195,0,4,9,America-MG,7,2,22,427
6,44%,1,,5849,0,3,5,Bahia,11,2,16,
6,37%,0,,5613,1,1,4,Sport,25,1,15,376
12,,0,,4992,0,1,6,flamengo,1,6,12,430
19,43%,5, 77% ,7749,0,1,5,Cuiaba,11,0,14,334
0,,0,,1651,0,0,0,Fluminense,9,0,0,0
15,56%,8,88%,7776,0,2,1,Internacional,14,0,9,550
0,,0,,3422,0,0,0,Vitoria,34,0,0,0
15,44%,0,,5632,0,4,6,Vitoria,27,0,21,311
0,,0,,3997,0,0,0,Bahia,16,0,0,0
0,,0,,2704,0,0,0,Palmeiras,38,0,0,0
18,44%,4,87%,9025,0,3,4,  Santos,24,1,16,null
-,,0,,357,0,0,0,Guarani,30,0,0,0
0,,0,,2895,0,0,0,Athletico-PR,19,0,0,0
0,,0,,2216,0,0,0,Gremio,26,0,0,0
0,,0,,2631,0,0,0,Palmeiras,31,0,0,0
0,,0,,2961,0,0,0,nautico,26,0,0,  
7,50%,5,91%,8978,1,3,6,juventude,20,2,14,344
0,,0,,8548,0,0,0,Fortaleza,15,0,0,0
0,,0,-,2706,0,0,0,sao paulo,38,0,0,0
0,,0,,8512,0,0,0,Fluminense,11,0,0,0
0,,0,,276,0,0,0,Atletico-MG,23,0,0,0
11,69%,6,88%,6424,0,0,1,Flamengo,30,2,13,699
0,,0,null,1621,0,0,0,Palmeiras,6,0,0,0
12,51%,4,80%,7765,0,1,3,Avai,12,2,16,435
14,40%,7,91%,8840,0,4,6,Botafogo-RJ,6,2,19,
16,57%,3,-,7485,0,1,8,Atletico-GO,22,1,10,395
15,51%,3,80%,6971,0,3,3,Sao Paulo,8,0,21,463
0,,0,,4249,0,0,0,Botafogo-RJ,3,0,0,0
17,51%,8,91%,9042,0,4,6,Botafogo-RJ,26,2,19,371
0,,0,,1633,0,0,0,SANTOS,7,0,0,0
0,,0,,4663,0,0,0,Gremio,6,0,0,0
0,,0,,2531,0,0,0,Internacional,21,0,0,0
0,,0,,4223,0,0,0,Coritiba,38,0,0,0
0,,0,,1050,0,0,0,Athletico-PR,42,0,0,0
0,,0,,3501,0,0,0,Internacional,4,0,0,0
0,,0,,3648,0,0,0,Atletico-GO,19,0,0,0
0,,0,,1836,0,0,0,Cruzeiro,27,0,0,0
0,,0,,2485,0,0,0,Vasco,16,0,0,0
3,  ,0,,5685,0,3,1,Santos   ,32,4,16,368
11,44%,4,80%,6463,0,5,2,Santos,34,0,18,N/A
13,48%,3,,5315,0,2,13,Vasco,33,0,18,444
0,,0,,2220,0,0,0,Flamengo,27,0,0,  
11,37%,6,93%,9037,0,1,1,Palmeiras,26,2,7,359
16,52%,5,N/A,8387,0,1,5,Sao Paulo,37,0,9,435
0,,0,,4472,0,0,0,Vitoria   ,25,0,0,0
0,,0,,1838,0,0,0,Fortaleza,28,0,0,0
20,60%,6,,5937,0,1,7,Vitoria,20,0,14,null
15,38%,6,77%,6161,0,2,6,Palmeiras   ,4,1,15,389
0,,0,,12,0,0,0,atletico-mg,1,0,0,0
,,0,,1469,0,0,0,Goias,34,0,0,0
11,61%,5,,5750,1,0,3,Athletico-PR   ,1,1,11,473
18,51%,5,79%,6137,0,1,12,America-MG,2,0,17,345
N/A,,0,,3301,0,0,0,Corinthians,22,0,0,
6,33%,1,  ,7900,0,3,3,  Juventude,26,1,15,251
19,56%,4,84%,7428,0,1,5,Juventude,17,0,8,495
12,65%,2,,6017,0,1,4,Botafogo-RJ,27,6,12,577
0,,0,,2417,0,0,0,Palmeiras,11,0,0,0
12,43%,2,91%,9092,0,3,8,Gremio,31,1,7,361
7,52%,2,87%,6822,0,2,2,Gremio,32,0,13,477
14,58%,4,,7701,0,7,11,Internacional,7,1,12,426
0,,0,,2918,0,0,0,Avai,22,0,0,0
21,60%,9,82%,6231,0,4,13,Bahia   ,11,3,24,463
0,,0,,8504,0,0,0,Bahia,10,0,0,N/A
0,,0,,40,0,0,0,Paysandu,3,0,0,0
0,,0,,1707,0,0,0,Figueirense,15,0,0,0
7,23%,0,,5209,3,1,2,Joinville,23,2,17,169
0,,0,,1439,0,0,0,Vasco,31,0,0,0
0,,0,,203,0,0,0,ATLETICO-MG,17,0,0,0
0,,0,,1494,0,0,0,Goias,36,0,0,0
21,54%,0,,5126,0,2,8,Joinville,14,1,11,451
0,,0,,3305,0,0,0,Sao Paulo,22,0,0,0
19,45%,8,89%,8994,0,0,6,Palmeiras   ,21,1,12,333
9,32%,4,,5827,0,2,3,atletico-go,9,6,17,259
0,,0,,8417,0,0,0,Bragantino,2,0,0,0
8,36%,3,75%,6777,0,3,3,Vasco,28,0,14,321
null,47% un,2,77%,7752,0,2,2,Sao Paulo,11,2,14,406
20,59%,5,86%,6824,1,1,5,CSA,32,4,17,472
0,,0,,3280,0,0,0,Goias,20,0,0,0
0,,0,,4395,0,0,0,Internacional,17,0,0,0
0,,0,,8527,0,0,0,CUIABA,13,0,0,0
0,,0,,3632,0,0,0,Coritiba,17,0,0,0
16,58%,4,82%,6848,0,1,10,Bahia   ,35,0,12,463
20,43%,4,,5956,0,4,1,  Vasco,22,1,12,386
0,,0,,2894,0,0,0,goias,19,0,0,0
,,0,,3756,0,0,0,Vasco,29,0,0,0
10,52%,3,,6102,0,5,11,coritiba,36,0,15,413
0,,0,,8479,0,0,0,Atletico-MG,8,0,0,0
0,,0,,3619,0,0,0,Cruzeiro,16,0,0,0
8,60%,2,  ,6370,0,1,3,Atletico-MG,25,2,16,551
9,47%,0,,5740,0,1,1,Santa Cruz   ,38,0,9,464
0,,0,,263,0,0,0,Cruzeiro,22,0,0,0
0,,0,,878,0,0,0,coritiba,28,0,0,0
0,,0,,2256,0,0,0,botafogo-rj,31,0,0,-
13,65%,3,89%,8365,0,2,9,Fortaleza   ,34,2,15,605
0,,0,,6884,0,0,0,Avai,38,0,0,0
0,,0,,2632,0,0,0,Botafogo-RJ,31,0,0,0
0,,0,,535,0,0,0,Santos,45,0,0,0
0,,0,,4171,0,0,0,Corinthians,33,0,0,0
  ,,0,,4210,0,0,0,Gremio,37,0,0,0
13,59%,0,80% un,7139,0,2,8,Palmeiras,26,1,23,440
6,39%,6,86%,9035,0,3,3,Ceara,25,0,17,283
0,N/A,0,,3308,0,0,0,Botafogo-RJ,23,0,0,0
8,61%,4,86%,8330,2,2,1,Flamengo,31,0,13,529
0,,0,-,333,0,0,0,Criciuma   ,28,0,0,0
21,56%,6, 83% ,6943,0,2,10,Santos,11,1,13,416
0,,0,,359,0,0,0,Vasco,30,0,0,0
22,63%,7,87%,7794,0,3,6,  Fortaleza,15,1,22,479
0,,0,,2087,0,0,0,CRUZEIRO,14,0,0,0
0,-,0,,850,0,0,0,Fluminense,25,0,0,0
0,  ,0,,939,0,0,0,fluminense,33,0,0,0
12,36%,4,69%,7056,0,2,6,Corinthians,18,2,18,313
0,,0,,674,0,0,0,Parana,11,0,0,0
,,0,,3662,0,0,0,Fluminense   ,20,0,0,0
0,,0,,4875,0,0,0,Criciuma,26,0,0,0
17,35%,6,null,8837,0,4,9,Mirassol,6,1,9,234
0,,0,,3401,0,0,0,Santos,32,0,0,0
0,,0,,2466,0,0,0,Coritiba,13,0,0,0
0,,0,,3535,0,0,0,Athletico-PR,7,0,0,0
0,,0,,3582,0,0,0,CRUZEIRO,11,0,0,0
14,43%,6,86%,9103,0,4,4,Fluminense,32,1,21,299
8,33%,2,64%,8373,0,5,4,Internacional,35,0,18,277
0,,0,,4496,0,0,0,Internacional   ,27,0,0,0
0,,0,,3431,0,0,0,Goias,35,0,0,0
0,,0,,4086,0,0,0,Botafogo-RJ,24,0,0,0
20,44%,0,,5723,0,-8,3,Coritiba,36,1,18,377
17,49%,0,,5594,0,2,8,Sport,23,5,17,433
0,null,0,,4066,0,0,0,Sport,22,0,0,0
0,,0,,3299,0,0,0,botafogo-rj,22,0,0,0
0,,0,,4341,0,0,0,portuguesa,12,0,0,0
N/A,,0,,8653,0,-6,0,Athletico-PR   ,25,0,0,-
0,,0,,34,0,0,0,Fluminense,4,0,0,0
0,,0,,1294,0,0,0,Botafogo-RJ,18,0,0,0
17,47%,0,,5645,0,6,9,Santa Cruz,28,2,20,378
16,51%,0,,5434,0,4,2,Palmeiras,7,3,19,368
,,0,,4193,0,0,0,Cruzeiro,35,0,0,0
11,49% un,1,78%,7961,0,5,4,Internacional,32,3,13,475
0,,0,,8680,0,0,0,Fortaleza,28,0,0,0
10,51% un,4,83%,7037,1,3,1,Gremio,16,1,11,
N/A,45%,6,81%,6987,0,2,2,Sao Paulo,10,3,20,338
0,,0,,4910,0,0,0,Vitoria,31,0,0,0
12,26%,6,69%,8052,1,2,2,Botafogo-RJ,3,1,12,
0,,0,,2146,0,0,0,Parana,19,0,0,0
0,,0,  ,1949,0,0,0,Fluminense,1,0,0,0
6,32%,1,85%,8935,0,1,3,Fluminense,15,2,6,277
-,,0,,675,0,0,0,figueirense,11,0,0,0
14,42%,0,,5648,0,3,2,Gremio,29,3,19,357
9,42%,4,75%,6282,0,1,2,Sao Paulo,16,2,11,387
16,64%,5,82%,7364,0,2,4,Fluminense   ,10,2,24,
0,,0,,1889,0,0,0,Cruzeiro,33,0,0,0
0,,0,,8622,0,0,0,vitoria,22,0,0,0
0,,0,,1871,0,0,0,Fortaleza,31,0,0,0
14,42%,4,81%,7365,0,3,5,Chapecoense,10,2,17,397
0,,0,,2038,0,0,0,Internacional,9,0,0,0
24,64%,10,-,6055,0,0,15,Palmeiras,31,0,9,615
0,,0,,3853,0,0,0,Ponte Preta,1,0,0,0
16, 48% ,7,80%,6470,0,6,4,America-MG,35,1,20,420
0,,0,,1393,0,0,0,Goias,27,0,0,0
,,0,,1793,0,0,0,  Figueirense,23,0,0,0
,,0,,3555,0,0,0,Palmeiras,9,0,0,0
0,,0,,3187,0,0,0,Vasco,11,0,0,0
,47%,11,77%,7321,2,3,9,Internacional,6,3,19,345
9,48%,0,,5585,0,3,4,Vitoria,22,1,20,379
0,,0,,2532,0,0,0,Nautico,21,0,0,0
0,,0,,1804,0,0,0,figueirense,24,0,0,0
9,30%,4,73%,6434,0,5,2,Botafogo-RJ,31,1,30,242
0,,0,,3475,0,0,0,Fluminense,1,0,0,0
0,,0,,3879,0,0,0,Atletico-GO,4,0,0,0
0,,0,,4830,0,0,0,Figueirense,22,0,0,0
, 45% ,5,,5819,0,2,10,  Coritiba,8,3,18,339
0,,0,,4607,0,0,0,Fluminense,1,0,0,0
0,,0,,4451,0,0,0,Flamengo,23,0,0,0
13,49%,1,,5921,0,-11,3,atletico-go,18,0,20,451
N/A,65%,7,89%,8227,0,3,7,Corinthians,21,0,16,626
11,38%,0,,5218,0,3,2,Avai,24,2,16,369
11,-,4,82%,6710,0,1,2,CSA,21,0,13,295
0,,0,,4701,0,0,0,Chapecoense,28,0,0,0
8,49%,3,91%,8867,1,1,7,Fortaleza,9,1,10,370
17,54%,0,,5384,0,4,11,Sao Paulo,2,0,11,406
0,,0,,4797,0,0,0,santos,19,0,0,0
0,,0,,3009,0,0,0,Barueri,31,0,0,0
4,42%,2,75%,7835,1,4,4,Coritiba,19,0,16,365
0,,0,,1479,0,0,0,Figueirense,35,0,0,0
N/A,36%,3,82%,7867,0,2,3,Coritiba   ,23,3,13,334
0,,0,,4844,0,0,0,Figueirense,23,0,0,0
0,,0,,2705,0,0,0,Gremio,38,0,0,
0,,0,,4816,0,0,0,Cruzeiro   ,20,0,0,0
0,,0,,3762,0,0,0,Internacional,30,0,0,0
0,,0,,552,0,-5,0,Sao Paulo,46,0,0,0
15,45%,7,,5825,0,2,8,gremio,8,0,14,442
12,62%,3,88%,6560,0,1,2,Fortaleza,6,0,9,539
12,55%,1,78%,8248,0,3,8,santos,23,2,8,430
0,,0,,2346,0,0,0,Ipatinga,2,0,0,0
0,,0,,780,0,0,0,Santos,19,0,0,0
11,43%,3,,5942,0,4,5,Bahia,20,0,15,344
0,,0,,1248,0,0,0,Athletico-PR,14,0,0,0
14,58%,4,94%,9154,0,4,8,Cruzeiro,36,3,15,406
7,40%,0,73%,8135,0,0,2,Flamengo,11,2,5,353
0,,0,,1764,0,0,0,Ponte Preta,20,0,0,0
0,,0,,2272,0,0,0,Nautico,33,0,0,-
10,null,0,72%,7177,1,1,4,sport,30,1,18,276
0,,0,,1701,0,0,0,Santa Cruz,14,0,0,0
14,43%,5,85%,6512,0,1,0,Vasco,1,1,19,389
27,70%,8,91%,6414,0,0,10,Athletico-PR,29,0,13,566
11,52%,0,,5549,0,4,3,Coritiba,19,0,20,342
13,48%,0,,5551,0,1,6,Santa  Cruz,19,2,15,386
0,,0,,1138,0,0,0,Fortaleza,4,0,0,-
0,,0,,1189,0,0,0,Parana,8,0,0,
10,48%,0,,5423,0,3,4,Atletico-MG,6,2,17,477
24,65%,7,84%,8170,0,3,4,Sao Paulo,15,2,21,463
19,55%,5,,5901,0,2,6,Fluminense,16,4,15,510
0,,0,,8429,0,0,0,ATLETICO-MG,3,0,0,0
0,-,0,,4922,0,0,0,Cruzeiro,32,0,0,0
0,,0,,147,0,0,0,Coritiba   ,13,0,0,0
14,,0,,5515,0,0,3,Sport,15,1,15,405
0,,0,,1313,0,0,0,Cruzeiro,19,0,0,0
22,63%,3,81%,6491,0,3,8,Internacional,37,1,12,477
0,,0,,4981,0,0,0,Sao Paulo,38,0,0,0
12,52%,4,77%,7386,0,3,8,Gremio,13,1,20,N/A
10,45% un,3,81%,6439,0,1,2,Cruzeiro,32,1,8,439
11,42%,6,82%,6648,0,0,7,Vasco,15,0,12,347
8,27%,3,,5861,1,4,5,Avai,12,1,17,257
12,44%,5,78%,8050,2,3,5,Bragantino,3,1,18,369
, 36% ,3,,5881,0,3,6,Cruzeiro,14,1,16,332
12,49%,3,83%,7311,0,2,4,Athletico-PR,5,2,17,440
0,,0,,2440,0,0,0,Nautico,12,0,0,0
6,49%,4,76%,8364,0,4,5,Athletico-PR,34,0,14,404
13,38%,0,,5274,1,5,5,Figueirense,29,3,11,
10,68%,4,88%,8143,0,1,7,Flamengo,12,1,11,716
0,,0,,8601,0,0,0,  Bragantino,20,0,0,0
8,36%,0,,5211,0,2,11,Ponte Preta,23,1,17,294
18,39%,6,78%,6755,0,1,7,Cruzeiro,25,0,13,331
0,,0,,2221,0,0,0,  Sport,27,0,0,0
14,41%,0,,5002,0,3,3,SPORT,2,1,7,373
7,45%,4,81%,7673,1,2,1,Fluminense,4,2,16,386
12,,6,,5831,0,1,2,Sport,9,3,26,390
25,53%,0,,5703,0,2,9,Vitoria,34,2,13,353
0,,0,,181,0,0,0,Vasco,16,0,0,0
0,,0,,344,0,0,0,  Flamengo,29,0,0,0
0,,0,,2293,0,-1,0,Botafogo-RJ,35,0,0,0
,,0,,419,0,0,0,Fluminense,35,0,0,0
0,,0,,3507,0,0,0,Fluminense,5,0,0,0
0,,0,,4230,0,0,0,  Nautico,1,0,0,0
15, 62% ,0,,5639,0,1,2,CHAPECOENSE,28,5,18,468
12,52%,3,,5917,0,3,5,Bahia,18,4,17,344
18,57%,0,,5101,0,2,11,Palmeiras,12,2,12,430
0,,0,,864,0,0,0,Atletico-MG,26,0,0,0
15,40%,8,83%,6413,0,0,3,America-MG,29,2,15,362
0,,0,,8526,0,0,0,botafogo-rj,13,0,0,0
0,,0,,1183,0,0,0,Brasiliense,8,0,0,0
10,31%,5,72%,7715,0,0,5,goias,6,0,14,
0,N/A,0,,1590,0,0,0,ponte preta,3,0,0,0
11,64%,0,,5143,0,3,11,Internacional,16,2,4,509
18,44%,4,N/A,7720,0,5,3,Santos,8,1,19,384
15,48%,5,,5753,0,2,2,VASCO,1,2,16,378
18,59%,9,83%,7870,0,0,2,Athletico-PR,23,2,10,532
0,,0,,2127,0,0,0,Cruzeiro,18,0,0,0
21,51%,8,82%,6772,0,5,9,Goias,27,2,14,314
3,35%,1,90%,9012,0,2,6,Juventude,23,2,15,207
0,,0,,4827,0,0,0,  Fluminense,22,0,0,0
0,,0,,3692,0,0,0,Atletico-GO,23,0,0,0
0,,0,,4052,0,0,0,Sao Paulo,21,0,0,0
0,,0,,4933,0,0,0,Flamengo   ,33,0,0,0
14,61%,0,,5471,0,3,8,Vitoria,11,3,17,469
0,,0,,3484,0,0,0,palmeiras,2,0,0,0
,,0,,3084,0,0,0,Barueri,38,0,0,0
N/A,,0,,3232,0,0,0,Athletico-PR,15,0,0,0
0,,0,null,1531,0,0,0,Ponte Preta,39,0,0,null
0,,0,,445,0,0,0,Goias,38,0,0,0
0,,0,,484,0,0,0,PAYSANDU,41,0,0,0
10,37%,0,,5240,0,4,1,AVAI,26,0,23,  
3,56%,1,88%,9025,0,3,3,  Sao Paulo,24,2,16,429
0,,0,,982,0,0,0,Parana,36,0,0,0
0,,0,,4926,0,0,0,Bahia,32,0,0,0
0,,0,,4662,0,0,0,Fluminense,6,0,0,0
13,42%,4,76%,7501,0,1,10,Bragantino,24,1,13,324
0,,0,null,4177,0,0,0,Santos,34,0,0,0
0,,0,,3559,0,0,0,Avai,12,0,0,0
0,,0,,4766,0,0,0,Atletico-MG,15,0,0,0
0,,0,,2587,0,0,0,Goias,27,0,0,0
9,58% un,4,,7705,0,6,4,Avai,7,0,17,464
17,42%,3,72%,6409,0,2,3,Vitoria,29,0,20,314
0,,0,,1429,0,0,0,Athletico-PR,30,0,0,0
0,,0,,4877,0,0,0,Palmeiras,27,0,0,0
20,44%,0,,5003,0,1,15,Santos,2,2,18,351
-,,0,,3610,0,0,0,Internacional,15,0,0,0
0,,0,,8538,0,0,0,Vasco,14,0,0,0
12,45%,4,,7988,0,3,7,Sao Paulo,35,2,10,344
0,,0,,1135,0,0,0,Sao  Caetano,3,0,0,0
0,,0,  ,1886,0,0,0,CRUZEIRO,32,0,0,0
21,42%,7,78%,6212,0,1,9,America-MG,9,1,9,391
14,42% un,4,83%,6567,0,1,10,Bahia,7,0,8,394
0,,0,,66,0,0,0,Goias,6,0,0,0
11,52%,3,,5066,0,3,6,Ponte Preta,8,0,18,473
0,,0,,291,0,0,0,Santos,25,0,0,0
0,,0,,8674,0,0,0,Internacional,27,0,0,0
0,,0,,4871,0,0,0,Vitoria,26,0,0,0
12,36%,3,73%,7211,0,3,3,Internacional   ,33,0,11,308
0,,0,,3420,0,0,0,  Corinthians,34,0,0,0
0,,0,null,199,0,0,0,Flamengo,17,0,0,-
,47%,0,,5110,0,3,10,Coritiba,13,3,14,397
0,,0,,3282,0,0,0,  Vitoria,20,0,0,0
0,,0,,4650,0,0,0,Corinthians,5,0,0,0
18,69%,7,,6495,0,2,7,Sao Paulo,37,7,14,514
0,N/A,0,,1965,0,0,0,Nautico,2,0,0,0
10,44%,4,82% un,6167,0,3,4,sport,5,2,16,389
0,,0,,4201,0,0,0,Nautico,36,0,0,0
0,,0,,2030,0,-7,0,Cruzeiro,8,0,0,0
7,28%,2,57%,6695,0,3,3,CSA,19,1,16,206
18,49%,7,82%,6478,0,2,8,Athletico-PR,36,1,18,428
0,,0,,4093,0,0,0,Figueirense,25,0,0,0
6,57%,2,,5236,0,2,3,Sport,25,1,19,440
0,,0,,112,0,0,0,Vasco,10,0,0,0
0,,0,null,2121,0,0,0,Cruzeiro,17,0,0,0
0,,0,,2425,0,0,0,  Fluminense,11,0,0,0
0,,0,,3389,0,0,0,Palmeiras,31,0,0,0
0,,0,,2307,0,0,0,Gremio,37,0,0,0
13,40%,6,79%,6204,2,2,4,  America-MG,8,1,13,
14,49% un,6,80%,7728,0,4,6,Coritiba,9,1,9,419
0,,0,,4296,0,0,0,Vasco,7,0,0,0
13,63%,3,,5749,0,1,5,Sao Paulo,1,0,13,-
9,47%,3,81%,6221,0,5,7,Palmeiras,10,1,30,414
,,0,,8427,0,0,0,Bragantino   ,3,0,0,0
12,32%,6,80%,8143,0,2,2,Santos,12,2,14,347
13,62%,4,85%,7016,0,2,6,corinthians,14,0,19,558
0,,0,,2505,0,0,0,Figueirense,18,0,0,0
17,null,5,87%,6310,0,3,3,  Sao Paulo,18,1,15,491
0,,0,,1702,0,0,0,Cruzeiro,14,0,0,0
0,,0,,1760,0,0,0,Sao Paulo,20,0,0,0
0,,0,,1942,0,0,0,BOTAFOGO-RJ,38,0,0,0
0,,0,,3213,0,0,0,Cruzeiro,13,0,0,0
0,,0,,3378,0,-10,0,GOIAS,30,0,0,0
8,48%,5,78%,7009,0,1,4,Fluminense,13,2,21,365
0,,0,,1458,0,0,0,Fluminense,33,0,0,0
4,41%,2,80%,7785,0,4,1,Juventude,14,1,7,400
null,,0,,2146,0,0,0,Vasco,19,0,0,0
0,,0,,4037,0,0,0,Coritiba,20,0,0,0
0,,0,,1213,0,0,0,Brasiliense,10,0,0,0
11,65%,5,86%,7154,0,2,11,Santos,27,2,15,473
0,,0,,2633,0,0,0,Figueirense,31,0,0,0
6,null,1,81%,7098,0,3,4,Coritiba,22,1,18,402
0,  ,0,,3082,0,0,0,Internacional,38,0,0,0
0,,0,,1777,0,0,0,Figueirense,22,0,0,0
0,,0,,4593,0,0,0,Vasco   ,37,0,0,0
16,33%,5, 73% ,8047,0,4,7,CORITIBA,3,2,14,288
12,55%,8,75% un,7559,0,5,5,Fortaleza,29,2,19,401
9,52%,5,82%,7734,0,3,3,Internacional,9,1,12,479
0,,0,,3775,0,0,0,Atletico-GO,31,0,0,0
13,43%,3,73%,6520,0,4,11,Avai,2,0,15,375
0,,0,,2942,0,0,0,Cruzeiro,24,0,0,0
null,48%,5,84%,7600,0,4,6,Cuiaba,33,1,14,408
0,,0,,580,0,0,0,criciuma,3,0,0,0
0,,0,,3448,0,0,0,  Vasco,37,0,0,0
0,,0,N/A,2764,0,0,0,Avai,6,0,0,0
0,,0,,4025,0,0,0,Atletico-GO   ,18,0,0,0
0,,0,,405,0,0,0,Fortaleza,34,0,0,0
0,,0,,8591,0,0,0,Gremio,19,0,0,0
0,,0,,1334,0,0,0,Figueirense,21,0,0,0
17,49%,7,,6028,0,3,4,Chapecoense,29,2,15,420
21,null,4,84%,8146,0,2,12,Sao Paulo,13,2,16,473
0,,0,,4398,0,0,0,Vitoria,18,0,0,0
0,,0,,1596,0,0,0,figueirense,3,0,0,0
0,,0,,1813,0,0,0,SAO PAULO,25,0,0,0
0,,0,,4939,0,0,0,santos,35,0,0,0
0,,0,,8693,0,0,0,Sao Paulo,29,0,0,0
0,,0,,1736,0,0,0,Athletico-PR,17,0,0,0
16,68%,0,,5742,0,5,6,Sport,38,1,22,
0,,0,,8416,0,0,0,Bahia,2,0,0,0
14,47%,3,78%,8020,0,1,5,Santos,38,0,17,361
0,,0,,2048,0,0,0,Cruzeiro,10,0,0,0
0,,0,,4146,0,0,0,Gremio,30,0,0,0
0,,0,,698,0,0,0,Fluminense,13,0,0,0
0,,0,,2989,0,0,0,Fluminense,29,0,0,0
0,N/A,0,,1686,0,0,0,Vasco,12,0,0,0
0,,0,,4448,0,0,0,Vitoria,23,0,0,0
10,38%,3,,5882,0,2,3,Ponte Preta,14,1,18,  
17,62%,3,83%,8180,0,4,8,Atletico-MG,16,1,17,563
6, 46% ,2,86%,8268,0,2,4,Corinthians,25,1,14,404
8,27%,4,69%,7347,0,4,2,America-MG,9,4,13,245
7,67%,1,86%,7603,0,1,5,fluminense,33,1,19,619
0,,0,,527,0,0,0,Bahia,44,0,0,-
22, 78% ,7,89%,6769,0,4,12,Sao Paulo   ,27,2,23,682
12,49% un,5,83%,7090,0,2,2,Fortaleza,21,1,15,395
11,65%,5,83%,8272,0,4,11,Athletico-PR,25,2,12,441
11,51%,2,73%,7367,0,1,5,  Gremio,11,2,12,409
0,,0,,4431,0,0,0,vasco,21,0,0,0
12,46%,4, 87% ,8074,0,2,3,Corinthians,5,0,5,527
0,,0,,3952,0,0,0,Cruzeiro,11,0,0,0
0,,0,,869,0,0,0,  Paysandu,27,0,0,0
0,,0,,785,0,0,0,Ponte Preta,20,0,0,0
0,N/A,0,,235,0,0,0,Coritiba,20,0,0,0
,,0,,372,0,0,0,Goias,31,0,0,0
0,  ,0,,4208,0,0,0,Corinthians,37,0,0,0
36,60%,9,82%,8019,0,3,17,AMERICA-MG,38,0,14,420
0,,0,,2007,0,0,0,Gremio,6,0,0,0
6,30%,1,68% un,7108,0,0,0,Goias,23,0,19,266
0,,0,,4412,0,0,0,CRUZEIRO,19,0,0,0
0,,0,,4655,0,0,0,Atletico-MG,5,0,0,0
12,62%,0,,5328,0,1,5,Goias,35,4,20,484
0,,0,,3143,0,0,0,Goias,6,0,0,0
11,53%,4,81%,6653,0,3,6,Goias,15,1,13,471
13,56%,9,95%,9161,0,4,5,gremio,38,2,15,578
8, 63% ,3,93%,8981,2,2,4,Atletico-MG,20,1,16,401
15,39%,4,77%,7034,1,4,6,Ceara,15,2,9,304
0,,0,,2761,0,0,0,Gremio,6,0,0,0
11, 49% ,6,-,6787,0,1,4,  Fortaleza,29,0,10,448
11,55%,4,79%,7114,0,3,5,Bragantino,23,0,21,434
0,,0,,4324,0,0,0,Vasco,10,0,0,0
12,35%,0,,5235,0,2,3,GOIAS,25,2,19,326
8,33%,2,68%,8005,0,5,2,BOTAFOGO-RJ,36,2,19,270
0,,0,,2180,0,0,0,Santos,23,0,0,0
17,38%,3,75%,8173,0,5,6,Goias,15,0,16,315
9,31%,3,75%,6594,0,4,5,Sao Paulo   ,9,0,17,318
19,N/A,5,,5898,0,1,7,Bahia,16,2,19,440
10,58%,1,,5282,0,4,5,Sao Paulo   ,30,2,21,462
0,,0,,2558,0,0,0,Vitoria,24,0,0,0
0,,0,,3591,0,0,0,Ceara,13,0,0,0
0,,0,null,4293,0,0,0,Vitoria,7,0,0,0
11,34%,3,70%,7798,0,2,2,Goias,16,0,15,256
0,,0,,2607,0,0,0,Santos,29,0,0,0
0,,0,,1823,0,0,0,santa cruz,26,0,0,0
0,,0,,4977,0,0,0,CORINTHIANS,38,0,0,0
0,null,0,,4518,0,0,0,  Santos,30,0,0,0
15,45%,0,-,5404,0,2,13,Sao Paulo,4,3,18,335
0,,0,,11,0,0,0,Santos,1,0,0,0
0,,0,,1860,0,0,0,Ponte Preta,30,0,0,0
0,,0,,1236,0,0,0,CRUZEIRO,12,0,0,0
, 44% ,6,74%,8167,0,4,8,Coritiba,15,5,11,343
9,38%,4,,6114,0,3,5,Chapecoense,37,1,21,283
0,,0,-,2768,0,0,0,Vitoria,7,0,0,0
15,49%,2,,6112,0,3,7,Atletico-GO,37,0,16,506
27,52%,0,,5521,0,0,7,Gremio,16,0,16,515
0,,0,,390,0,0,0,Goias,33,0,0,0
12,62%,4,,5960,0,0,3,Botafogo-RJ,22,0,9,520
0,,0,null,3713,0,0,0,Internacional   ,25,0,0,0
9,35%,1,77%,7290,0,0,2,America-MG,3,1,18,366
0,,0,,6743,0,0,0,Corinthians,24,0,0,0
0,,0,,3267,0,0,0,Ceara   ,19,0,0,0
0,,0,,1716,0,0,0,Fortaleza,15,0,0,0
0,,0,,4649,0,0,0,Fluminense,5,0,0,0
0,,0,,383,0,0,0,vasco,32,0,0,0
11,46%,0,,5710,0,2,7,cruzeiro,35,4,11,398
12,50%,2,92%,8878,0,2,1,Atletico-MG,10,0,21,378
0,,0,,2145,0,0,0,FLUMINENSE,19,0,0,0
0,,0,,2363,0,0,0,Ipatinga,4,0,0,0
0,,0,,735,0,0,0,Palmeiras,16,0,0,0
8,41%,5,77%,6174,0,2,5,botafogo-rj,5,2,12,328
22,52%,6,80%,7742,0,2,10,santos,10,2,11,null
0,,0,,2858,0,0,0,  Botafogo-RJ,16,0,0,0
7,39%,2,78%,6675,0,1,2,Avai,17,0,15,344
8,58%,7,83%,7464,0,4,5,Sao Paulo   ,20,3,16,417
13,41%,0,,5553,0,5,3,Figueirense,19,1,18,297
0,,0,,4213,0,0,0,Palmeiras,37,0,0,
0,N/A,0,,187,0,0,0,Athletico-PR,16,0,0,0
0,,0,,2925,0,0,0,Goias,22,0,0,0
0,,0,,4814,0,0,0,Internacional,20,0,0,0
15,74%,3,88%,7492,0,1,8,Palmeiras,23,3,19,602
0,,0,,4756,0,0,0,Sao Paulo   ,14,0,0,0
0,,0,,44,0,0,0,Coritiba,3,0,0,0
0,,0,,2121,0,0,0,Internacional,17,0,0,0
15,79%,4,90%,6993,0,3,12,Internacional,10,5,14,572
0,,0,null,522,0,0,0,Santos,44,0,0,0
3,29%,0,-,7555,0,2,0,  Athletico-PR,34,2,15,252
,,0,,861,0,0,0,GOIAS,26,0,0,-
9,,4,76%,7306,0,3,2,bragantino,5,2,13,272
0,,0,,2663,0,0,0,Sport,34,0,0,0
0,,0,,2043,0,0,0,Botafogo-RJ,9,0,0,
0,,0,,3643,0,0,0,Atletico-GO,18,0,0,0
21,54%,0,,5338,1,4,7,  Joinville,36,3,21,338
0,,0,,913,0,0,0,Gremio,31,0,0,0
,-,5,82%,7606,0,3,6,Atletico-MG,35,0,22,410
9,47%,8,82%,6224,0,-12,7,FLAMENGO,10,1,7,383
,,0,,1179,0,0,0,  Corinthians,7,0,0,0
13,55%,4,,8894,0,3,13,Palmeiras,11,0,14,404
13,58%,2,82%,7682,1,1,6,Juventude,3,2,18,428
0,,0,,1617,0,0,0,Athletico-PR,6,0,0,0
17,40%,3,73%,7806,0,2,5,INTERNACIONAL,17,2,13,338
,,0,,960,0,0,0,  Corinthians,34,0,0,0
0,,0,,8474,0,0,0,cruzeiro,7,0,0,0
0,,0,,785,0,0,0,criciuma,20,0,0,0
0,,0,,916,0,0,0,Fluminense,31,0,0,0
0,,0,,4245,0,0,0,gremio,2,0,0,0
0,,0,,623,0,0,0,Vitoria,6,0,0,0
0,,0,,4674,0,0,0,Botafogo-RJ,7,0,0,0
0,,0,,4679,0,0,0,Gremio   ,8,0,0,0
5,58%,2,,5879,0,3,8,  Atletico-MG,14,9,24,449
16,60%,0,,5663,0,0,9,Atletico-MG,30,4,8,521
null,,0,,2329,0,0,0,Cruzeiro   ,1,0,0,0
13,-,4,,6023,0,2,10,FLAMENGO,27,2,17,413
0,,0,,4500,0,0,0,Atletico-MG,28,0,0,0
15,60%,5, 86% ,6597,0,2,13,Avai,10,1,12,513
4,N/A,3,88%,9021,1,2,1,Gremio,24,2,8,250
,74%,9,88%,7711,0,2,15,Sao Paulo,6,1,5,593
0,,0,,664,0,0,0,Cruzeiro,10,0,0,0
0,,0,,4172,0,0,0,Atletico-GO,33,0,0,0
23,71%,9,93%,9131,0,1,10,Bahia,34,1,7,497
9,39%,3,79%,7248,0,4,2,Sport,37,0,16,372
0,,0,,4449,0,0,0,Sao Paulo,23,0,0,0
0,,0,,2432,0,0,0,Santos,10,0,0,0
null,,0,,3747,0,0,0,America-MG,29,0,0,0
23,56%,8,88%,8937,0,-11,14,Ceara,16,1,13,406
13,null,0,,5667,0,2,5,Botafogo-RJ   ,31,6,16,332
11,47%,4,84%,6323,0,0,4,Fluminense,19,0,8,459
0,,0,,613,0,0,0,Vasco,6,0,0,0
0,,0,,889,0,0,0,Vasco,29,0,0,0
16,59%,6,84%,6179,0,0,4,Ceara,6,1,17,508
11,52%,4,82%,7600,0,1,4,  Internacional,33,1,17,429
16,51%,3,86%,7322,0,0,4,Corinthians,6,1,8,
10,  ,4,77%,7195,0,0,5,Sport,31,3,7,348
12,39%,0,,5570,0,2,5,Athletico-PR,21,0,15,332
15,67%,6,89%,7417,0,2,11,Atletico-MG   ,16,1,14,658
8,60%,4,85%,8226,0,2,6,Flamengo,21,2,13,529
0,,0,,4355,0,0,0,Portuguesa,13,0,0,0
11,59%,5,90%,8899,0,3,6,Corinthians,12,3,12,489
0,,0,,3201,0,0,0,Vitoria,12,0,0,
11,42%,1,84%,8371,0,4,3,America-MG,35,0,9,380
0,,0,,375,0,0,0,Goias,32,0,0,0
0,,0,,3638,0,0,0,Atletico-MG,18,0,0,0
0,,0,,2624,0,0,0,Portuguesa,30,0,0,0
0,,0,,631,0,0,0,Vasco,7,0,0,0
0,,0,,3590,0,0,0,Vasco,13,0,0,0
0,,0,,945,0,0,0,Goias,33,0,0,0
10,46% un,0,,5684,2,3,3,Figueirense,32,3,15,352
,,0,,356,0,0,0,Sao Caetano,30,0,0,0
8,41%,4,76%,6981,0,-9,4,Santos   ,9,4,11,300
7,58%,2,87%,6567,0,2,4,Gremio,7,5,10,537
14,46%,3,86%,7574,0,2,2,Juventude,31,1,19,416
0,,0,  ,3969,0,0,0,Botafogo-RJ,13,0,0,0
0,,0,,2405,0,0,0,Botafogo-RJ,8,0,0,0
0,,0,,1665,0,0,0,Juventude,10,0,0,0
0,,0,,1647,0,0,0,ATHLETICO-PR,9,0,0,0
11, 51% ,5,-,6948,0,2,2,Palmeiras,6,4,16,456
0,,0,,6809,0,0,0,Athletico-PR,31,0,0,0
0,,0,,1926,0,0,0,Sao Paulo,36,0,0,0
0,,0,,2776,0,0,0,Flamengo   ,7,0,0,0
13,42%,8,83%,7564,0,3,2,Bragantino,29,1,16,363
0,,0,,4149,0,0,0,  Nautico,31,0,0,0
16,67%,6,84%,7323,0,4,7,ATLETICO-MG,6,5,16,541
0,,0,,898,0,0,0,Vitoria,29,0,0,0
19,59%,4,87%,8378,0,3,10,Flamengo,36,0,12,null
0,,0,  ,2959,0,0,0,Flamengo,26,0,0,0
15,58%,5,83%,8349,0,2,9,Sao Paulo,33,0,10,445
13,37%,7,,5943,0,3,4,BOTAFOGO-RJ,20,0,18,326
0,,0,,2513,0,0,0,Palmeiras,19,0,0,0
0,,0,,830,0,0,0,Cruzeiro,24,0,0,0
0,,0,,106,0,0,0,vitoria,9,0,0,0
14,45%,4,79%,8300,0,3,7,Cruzeiro,28,3,15,N/A
6,N/A,4,80%,6202,0,6,3,PALMEIRAS,8,1,18,439
0,,0,,2221,0,0,0,Nautico,27,0,0,0
0,,0,,3675,0,0,0,Ceara,21,0,0,0
0,,0,  ,2597,0,0,0,Goias,28,0,0,0
0,,0,,4785,0,0,0,Goias,17,0,0,0
0,,0,,4266,0,0,0,Coritiba,4,0,0,0
0,,0,,1084,0,0,0,Fluminense,45,0,0,0
0,,0,,1556,0,-4,0,Athletico-PR,42,0,0,0
0,,0,,397,0,0,0,Athletico-PR,34,0,0,0
0,,0,,116,0,0,0,Sao Paulo,10,0,0,0
6,51%,2,83%,6973,1,2,3,Gremio,8,1,13,471
19,67%,5,87%,8281,0,2,3,fluminense,26,3,15,612
0,,0,-,8412,0,0,0,Atletico-GO   ,1,0,0,0
0,,0,,104,0,0,0,goias,9,0,0,0
0,,0,,4667,0,0,0,Bahia,7,0,0,0
,40%,5,80%,6840,0,2,6,Chapecoense,33,0,13,
8,33%,3,77%,7780,0,5,3,Fortaleza,14,0,15,328
0,,0,,2251,0,0,0,Parana,31,0,0,
15,48%,6,83%,8154,0,0,9,Cuiaba,13,1,7,362
0,,0,,4763,0,0,0,vitoria,15,0,0,0
0,,0,,1208,0,0,0,Figueirense,10,0,0,null
0,,0,,3302,0,0,0,Gremio Prudente,22,0,0,0
10,53%,3,79%,7843,0,0,7,Avai,20,2,17,422
6,29%,2,71%,6453,0,4,2,Vasco,33,0,17,256
13,58%,0,,5508,0,3,5,Santos,15,0,14,484
0,,0,,418,0,0,0,CRICIUMA,35,0,0,0
0,,0,  ,4532,0,0,0,Vasco,31,0,0,0
0,,0,,4039,0,0,0,Portuguesa,20,0,0,0
15,68% un,6,89%,6318,0,1,5,flamengo,19,1,10,553
0,,0,,4739,0,0,0,Vitoria,13,0,0,
0,,0,N/A,4906,0,0,0,Goias,30,0,0,0
0,,0,,3018,0,0,0,Nautico,32,0,0,0
15,60%,0,,5302,0,3,3,Sao Paulo,32,1,21,525
0,,0,,612,0,0,0,Sao Paulo,5,0,0,0
0,,0,,4982,0,0,0,Atletico-MG,38,0,0,0
0,,0,,8738,0,0,0,Athletico-PR,34,0,0,0
0,,0,,3279,0,0,0,Atletico-GO,20,0,0,0
20,41%,0,,5688,0,2,2,Vitoria,33,2,22,279
0,,0,,694,0,0,0,Santos,12,0,0,0
0,,0,,1001,0,0,0,Guarani,38,0,0,0
0,,0,,2805,0,0,0,Sport,10,0,0,0
0,,0,,2291,0,0,0,Flamengo,35,0,0,0
14,32%,2,65%,6493,0,-8,4,Chapecoense,37,1,13,276
12, 56% ,3,87%,7647,0,2,10,Flamengo,1,2,11,502
,,0,,1266,0,0,0,Brasiliense,15,0,0,0
10,,1,82%,6902,0,3,3,Fluminense,2,3,20,430
0,,0,,3632,0,0,0,Santos,17,0,0,0
0,,0,  ,2853,0,0,0,Fluminense,15,0,0,0
9,34%,3,79%,7399,0,1,3,Corinthians,14,0,7,389
0,,0,,1540,0,0,0,Paysandu,40,0,0,0
0,,0,,3733,0,0,0,Coritiba,27,0,0,0
15,59%,5,,6042,0,2,6,Cruzeiro,30,2,23,-
11,47%,4,null,7753,1,1,5,  Coritiba,11,1,11,
null,,0,,2392,0,0,0,internacional,7,0,0,0
13,N/A,1,81%,6749,0,2,9,Internacional,25,8,16,420
  ,,0,N/A,2202,0,0,0,CORINTHIANS,25,0,0,0
0,,0,,8627,0,0,0,Atletico-MG,23,0,0,0
7,37%,4,,5900,0,4,3,Palmeiras,16,1,31,290
7,53%,2,73%,7403,0,4,4,Atletico-GO,14,1,21,  
0,,0,,3203,0,0,0,AVAI,12,0,0,0
0,,0,,3822,0,0,0,Botafogo-RJ,36,0,0,null
0,null,0,,4035,0,0,0,Bahia,19,0,0,0
0,,0,,3228,0,0,0,Gremio,15,0,0,0
16,62%,8,84%,7815,0,3,11,Palmeiras,17,3,17,494
0,,0,,1083,0,0,0,Criciuma,45,0,0,0
0,,0,,4408,0,0,0,Ponte Preta,19,0,0,N/A
0,,0,,4266,0,0,0,Coritiba,4,0,0,0
0,,0,,1902,0,0,0,Corinthians,34,0,0,0
6,42%,2,72%,8012,0,2,3,America-MG,37,2,11,286
15,45%,4,86%,9034,0,3,5,Corinthians,25,0,14,376
11,41%,6,78%,7103,0,1,5,Fortaleza,22,2,15,355
6,-,0,,5310,0,5,6,Figueirense,33,2,29,247
0,,0,,8717,0,0,0,Bragantino,32,0,0,0
10,64%,1,87%,7289,0,5,6,Gremio   ,3,0,21,610
0,,0,,253,0,-4,0,Vasco,22,0,0,0
0,,0,,3819,0,0,0,  Ceara,36,0,0,0
6,,0,,5062,0,3,4,Chapecoense,8,1,16,323
8,48%,0,,5099,0,6,2,Ponte Preta   ,12,6,17,396
11,59%,2,89%,7449,0,3,2,CORINTHIANS,19,0,15,628
11,64%,0,,5310,0,2,7,Coritiba,33,3,13,424
11,32%,0,,5621,0,3,1,Fluminense,26,6,11,317
20, 61% ,6,87%,6533,0,1,5,Cruzeiro,3,1,14,519
0,,0,,694,0,0,0,  Corinthians,12,0,0,
15,58%,7,94%,8841,0,2,10,flamengo,6,2,13,500
11,59%,4,83%,7707,0,5,3,Flamengo   ,6,0,22,486
,34%,5,80%,7950,0,1,3,Fortaleza,31,1,16,327
13,47%,3,80% un,6711,2,2,1,Fluminense,21,2,12,418
17,63%,6,86%,7457,0,3,5,Juventude,20,4,12,560
0,,0,- un,1548,0,0,0,sao caetano,41,0,0,0
0,,0,,8520,0,0,0,Juventude,12,0,0,0
0,,0,,1643,0,0,0,Flamengo,8,0,0,0
0,,0,,4966,0,0,0,Palmeiras,36,0,0,0
0,,0,,8618,0,0,0,Atletico-MG,22,0,0,0
15,44%,4,80%,7258,0,1,5,Sport,38,2,10,362
0,,0,,3925,0,0,0,Portuguesa,8,0,0,0
0,,0,,658,0,0,0,Figueirense,9,0,0,N/A
18,49%,0,,5043,0,5,11,Coritiba,6,4,16,401
11,51%,5,,6251,0,2,3,  Bahia,13,1,19,420
0,,0,,4211,0,0,0,PONTE PRETA,37,0,0,0
10,41%,0,,5550,0,4,2,Vitoria,19,5,20,338
10,58%,3,82%,6610,0,2,2,Gremio,11,0,14,570
17,48%,8,82%,6861,1,3,8,bahia,36,0,12,372
0,,0,,8701,0,0,0,Botafogo-RJ,30,0,0,0
9,57%,0,,5622,0,2,7,Chapecoense,26,3,16,455
0,,0,,4826,0,0,0,Criciuma,21,0,0,0
0,,0,,2537,0,0,0,sport,22,0,0,0
0,,0,,4688,0,0,0,Sao Paulo,9,0,0,0
9,35%,2,70%,6417,0,1,2,Bahia,30,0,21,274
14,66%,7,    ,8015,0,1,3,Atletico-MG   ,37,1,12,635
0,,0,,8589,0,0,0,Bahia,19,0,0,0
0,,0,,1135,0,0,0,Fortaleza,3,0,0,0
,64%,6,89%,6575,0,1,6,  Corinthians,7,0,13,575
7,28%,2,57%,6695,0,3,3,CSA,19,1,16,206
13,56%,3,86%,6269,0,1,8,Flamengo,15,1,14,503
4,45%,2,82%,8146,1,2,2,FLUMINENSE,13,1,7,407
0,,0, N/A ,4299,0,0,0,Cruzeiro,8,0,0,0
0,,0,,712,0,0,0,Botafogo-RJ,14,0,0,0
7,40%,0,87%,9078,0,2,3,Internacional,30,1,9,362
13,68%,1,87%,8003,0,3,8,Flamengo,36,3,11,515
20,57%,7,  ,6508,0,1,5,Internacional,1,2,11,511
0,,0,,6609,0,0,0,CSA,11,0,0,0
0,,0,  ,188,0,0,0,Juventude,16,0,0,0
19,59%,0,,5151,0,4,8,Sao Paulo,17,7,13,503
11,45%,7,88%,9100,0,3,6,Cruzeiro,32,0,17,279
0,,0,,771,0,0,0,Ponte Preta   ,19,0,0,
null,47%,5,89% un,8930,0,1,7,Internacional,15,4,13,327
0,,0,,3634,0,0,0,Flamengo,17,0,0,0
11,52%,4,null,5398,0,1,5,figueirense,4,1,17,447
21,62%,8,84%,7593,0,2,6,Sport,32,1,17,472
0,,0,,2304,0,0,0,Sao  Paulo,36,0,0,0
,34%,2,79%,8368,0,2,5,Coritiba,35,3,10,316
0,,0,,4218,0,0,0,Flamengo,38,0,0,0
0,,0,,3567,0,0,0,athletico-pr,10,0,0,-
0,,0,,2770,0,0,0,Gremio   ,7,0,0,0
0,,0,,2065,0,0,0,America-RN,29,0,0,0
,37%,0,83%,8372,0,0,1,Cuiaba,35,2,11,395
10,54%,1,93%,8814,1,5,5,Fortaleza,3,2,12,412
0,,0,,4519,0,0,0,CORINTHIANS,30,0,0,0
10,46%,0,,5102,0,2,5,Sport,12,0,12,404
0,  ,0,,4748,0,0,0,Goias,14,0,0,0
0,,0,,4643,0,0,0,Sao Paulo,4,0,0,0
7,67%,1,89%,8082,0,4,4,Sao Paulo,6,2,18,691
14,N/A,4,81%,6997,0,1,6,Bahia,12,4,11,410
,,0,,8728,0,0,0,Vitoria,33,0,0,0
0,,0,,3062,0,0,0,Avai   ,36,0,0,0
0,,0,,4282,0,0,0,Goias,6,0,0,0
0,,0,,1886,0,0,0,Parana,32,0,0,0
0,,0,,555,0,0,0,vitoria,1,0,0,0
0,,0,N/A,2328,0,0,0,Sao Paulo,1,0,0,0
-,41%,4, 79% ,8151,0,5,8,Vasco,13,1,15,330
0,,0,,4616,0,0,0,Criciuma,1,0,0,0
14,57%,4,,6047,0,1,5,Flamengo,31,3,16,457
0,,0,,4107,0,0,0,atletico-mg,27,0,0,0
25,59%,3,85%,6847,0,2,5,Chapecoense,35,0,12,396
0,,0,,4134,0,0,0,Internacional,29,0,0,0
0,,0,,3550,0,0,0,Flamengo,9,0,0,0
0,,0,,4564,0,0,0,Bahia,34,0,0,0
13,41%,8,68%,7998,0,2,3,AMERICA-MG,36,1,9,320
0,,0,,4959,0,0,0,Santos   ,36,0,0,0
11,37%,4,78%,8311,0,3,6,Gremio,29,0,14,357
0,,0,,4549,0,0,0,Flamengo,33,0,0,0
0,,0,,869,0,0,0,internacional,27,0,0,0
15, 61% ,6,88%,8332,0,5,6,Palmeiras,31,3,13,434
14,47%,3,,5948,0,2,2,athletico-pr,21,0,26,458
0,,0,,281,0,0,0,Ponte Preta   ,24,0,0,0
6,40%,2,79%,6263,1,3,3,Athletico-PR,14,0,14,377
0,,0,,1673,0,0,0,Corinthians,11,0,0,0
5,67%,2,,5747,0,2,1,Corinthians,1,1,10,638
0,  ,0,,4678,0,0,0,Palmeiras,8,0,0,0
  ,,0,,4825,0,0,0,Atletico-MG,21,0,0,0
0,,0,,4158,0,0,0,Coritiba,32,0,0,0
,,0,,4869,0,0,0,bahia,26,0,0,0
0,,0,,3687,0,0,0,cruzeiro,23,0,0,0
18,44%,2,,6568,0,3,9,  Vasco,7,1,16,362
17,56%,0,,5456,0,0,5,gremio,9,4,13,572
0,,0,,41,0,0,0,Vitoria,3,0,0,0
9,56%,5,91%,9118,0,3,1,MIRASSOL,37,2,7,383
7,38%,2,80%,6727,0,2,3,Fortaleza,23,0,14,300
0,,0,,4203,0,0,0,Ponte Preta,36,0,0,0
16,56%,0,,5242,0,1,3,Atletico-MG,26,1,11,592
0,,0,,2104,0,0,0,Cruzeiro,15,0,0,0
11,67%,1,83%,6725,0,3,9,Cruzeiro,22,2,19,
17,54%,6,82%,7827,0,0,2,BOTAFOGO-RJ,19,0,16,494
,,0,,1846,0,0,0,Figueirense,28,0,0,0
0,,0,,825,0,0,0,Athletico-PR,23,0,0,0
0,,0,,2319,0,0,0,Nautico   ,38,0,0,0
0,,0,,1260,0,0,0,Fluminense,15,0,0,0
0,,0,,4383,0,0,0,Bahia,16,0,0,0
-,55%,8,89%,7673,0,0,8,Coritiba,4,1,13,438
,,0,,470,0,0,0,Athletico-PR,40,0,0,0
null,,0,,200,0,0,0,Internacional,17,0,0,0
0,,0,,145,0,0,0,Goias,13,0,0,0
0,,0,,8450,0,0,0,Vitoria,5,0,0,0
21,62%,0,,5170,0,2,6,Flamengo,19,4,15,466
15,60%,5,80%,7117,0,3,8,Santos,24,2,14,386
0,,0,,1936,0,0,0,Palmeiras,37,0,0,0
5,46%,0,,5089,1,2,4,Athletico-PR,11,1,18,370
9,62%,4,,6088,0,3,3,Sao Paulo   ,35,1,12,679
0,,0,  ,1457,0,0,0,Goias,33,0,0,0
13,30%,0,,5147,0,2,6,Avai,17,2,14,221
8,,1,75%,7992,0,2,2,Avai,35,0,17,419
0,,0,,2997,0,0,0,Barueri,30,0,0,0
6,32%,5,70%,7487,0,4,4,Atletico-GO,23,1,20,219
0,,0,,2052,0,0,0,goias,10,0,0,0
0,,0,,2219,0,0,0,America-RN,27,0,0,0
0,,0,,8761,0,0,0,Gremio,36,0,0,-
0,,0,,8558,0,0,0,Bahia,16,0,0,0
15,37%,4,75%,8222,0,3,4,Coritiba,20,2,10,298
  ,39%,0,,5004,0,3,1,Joinville,2,5,17,377
17,54%,0,,5651,0,2,5,Sao Paulo,29,2,17,463
7,46%,5,78%,8084,0,6,4,  Goias,6,2,23,342
0,,0,,1975,0,0,0,Juventude,3,0,0,  
27,70%,8,91%,6414,0,0,10,Athletico-PR,29,0,13,566
13,47%,5,84%,6461,0,2,6,Cruzeiro,34,1,13,458
0,,0,,1037,0,0,0,Sao Paulo,41,0,0,N/A
0,,0,,2915,0,0,0,Nautico,21,0,0,
0,,0,,316,0,0,0,Cruzeiro,27,0,0,0
19,-,7,83%,6711,1,2,5,Santos,21,1,15,467
0,,0,,1759,0,0,0,Cruzeiro,20,0,0,0
26,  ,0,,5504,0,3,13,Vitoria,14,4,16,311
19,65%,3,89%,7614,0,4,8,ATHLETICO-PR,35,1,15,502
-,31%,6,76%,7045,0,5,5,Ceara,16,2,20,303
0,,0,,3983,0,0,0,  Sport,14,0,0,0
0,,0,,2544,0,0,0,Botafogo-RJ,22,0,0,  
0,,0,,3743,0,0,0,Fluminense,28,0,0,0
13,54%,4,91%,8863,0,2,10,Atletico-MG,8,3,13,393
0,null,0,,8483,0,0,0,Gremio,8,0,0,0
0,,0,,384,0,0,0,Atletico-MG,32,0,0,0
23,61%,7,,5874,0,2,8,Flamengo,13,1,12,587
0,,0,,1892,0,0,0,Internacional,33,0,0,0
  ,  ,0,,8495,0,0,0,Palmeiras,9,0,0,0
0,,0,,4672,0,0,0,Athletico-PR,7,0,0,0
0,,0,,2970,0,0,0,Atletico-MG,27,0,0,0
8,55%,0,,5350,0,3,4,CORINTHIANS,37,2,17,484
16,47%,5,82%,6365,1,5,6,Athletico-PR,24,0,14,385
,51%,0,,5233,0,1,7,Flamengo,25,3,12,440
0,,0,,1442,0,0,0,Ponte Preta,31,0,0,0
0,,0,null,612,0,0,0,Coritiba   ,5,0,0,0
5,46%,2,82%,7221,2,3,4,CORITIBA,34,3,15,345
-,,0,,2435,0,0,0,Cruzeiro,10,0,0,0
0,,0,,1667,0,0,0,Ponte Preta,11,0,0,0
19, 62% ,10, 84% ,6628,0,3,6,santos,13,4,15,500
12,60%,2,,6058,0,0,4,  Sao Paulo,32,0,9,637
0,,0,,2453,0,0,0,Vasco,14,0,0,N/A
0,-,0,,2267,0,0,0,Atletico-MG,33,0,0,0
,,0,,837,0,0,0,Guarani   ,24,0,0,0
8,34%,1,80%,7065,1,2,0,Botafogo-RJ,18,0,8,353
-,63% un,8,,6116,1,7,7,ATLETICO-MG,38,4,17,492
N/A,,0,,3109,0,0,0,PALMEIRAS,3,0,0,0
0,,0,,2040,0,0,0,Gremio,9,0,0,null
0,,0,,3477,0,0,0,Ceara,2,0,0,0
7,29%,3,82%,7146,0,0,3,Coritiba,27,2,13,277
16,54%,8,,5001,0,2,7,Atletico-MG,2,1,17,null
0,,0,,8633,0,0,0,Athletico-PR,23,0,0,0
17,56%,0,,5234,0,2,13,Athletico-PR,25,2,20,423
19,41%,5,79%,7413,0,2,6,Ceara,15,1,18,350
11,40%,1,83%,6194,0,4,6,Ceara,7,1,15,411
N/A,40%,2,83%,9033,0,3,5,  Bragantino,25,0,10,290
8,44%,0,,5119,0,1,2,Corinthians,14,4,12,392
16,42%,4,83%,7605,0,1,3,Sport,33,0,19,369
12,52%,2,84%,7128,0,5,6,Botafogo-RJ   ,25,0,19,445
0,,0,,1783,0,0,0,juventude,22,0,0,0
0,,0,,4754,0,0,0,Palmeiras,14,0,0,0
,,0,,8476,0,0,0,Atletico-GO,8,0,0,0
6,32%,4,,6006,1,0,3,Ponte Preta,28,1,12,null
0,,0,,2171,0,0,0,Sao Paulo   ,22,0,0,0
13,56%,0,,4993,0,3,2,Cruzeiro,1,4,17,487
10,42%,4, 89% ,9101,1,2,3,Bahia,32,1,8,
0,,0,,3695,0,0,0,SAO PAULO,23,0,0,0
0,,0,,2753,0,0,0,Sao Paulo,5,0,0,0
0,,0,null,430,0,0,0,Flamengo,36,0,0,0
2,42%,1,,6509,1,4,2,Cruzeiro,1,1,17,396
0,,0,,2231,0,0,0,Goias,28,0,0,  
0,,0,,4517,0,0,0,Ponte Preta   ,30,0,0,0
0,,0,,3938,0,0,0,Gremio,10,0,0,0
0,,0,,298,0,0,0,  Bahia,25,0,0,0
14,68%,4,86%,6972,0,1,2,Athletico-PR,8,1,16,603
0,,0,,4406,0,0,0,  Criciuma,18,0,0,0
0,,0,,3900,0,0,0,Palmeiras,6,0,0,0
0,,0,,4594,0,0,0,Flamengo,37,0,0,0
,45%,0,,5486,0,0,9,Atletico-MG,12,2,15,373
0,,0,,4885,0,0,0,ATLETICO-MG,27,0,0,0
,40%,4,,6095,0,3,3,Bahia,35,1,17,338
0,,0,,976,0,0,0,Goias,36,0,0,0
0,N/A,0,,4561,0,0,0,Coritiba,34,0,0,0
23,64%,6,  ,7754,0,1,7,Fortaleza,11,1,13,500
10,61%,0,82%,7144,1,1,5,Fortaleza,26,0,18,402
21,72%,11,,7496,0,0,7,Corinthians,24,0,14,-
0,,0,,3473,0,0,0,Atletico-GO,1,0,0,0
0,,0,,4981,0,-9,0,Sport,38,0,0,0
0,  ,0,,3917,0,0,0,botafogo-rj,8,0,0,0
0,,0,,1261,0,0,0,Botafogo-RJ,15,0,0,0
0,,0,,3369,0,0,0,Gremio,29,0,0,0
0,,0,,2780,0,0,0,Avai,8,0,0,0
12,null,6,79%,7747,1,4,6,Santos,11,2,16,277
0,,0,,3931,0,0,0,SANTOS,9,0,0,0
-,,0,,8651,0,0,0,BAHIA,25,0,0,0
N/A,52%,0,,5513,0,3,4,Athletico-PR,15,3,16,
0,,0,,2351,0,0,0,Coritiba,3,0,0,0
13,66%,4,81%,6448,0,6,3,Flamengo,33,2,16,501
0,,0,,1117,0,0,0,Vasco,2,0,0,0
17,66%,0,,5620,0,0,8,Sport,26,3,20,464
8,47%,0,,5149,0,0,2,SPORT,17,0,11,491
9,38%,0,,5468,0,1,1,Santa Cruz,11,2,16,338
0,,0,,3979,0,0,0,Figueirense,14,0,0,0
0,,0,,590,0,0,0,Botafogo-RJ,4,0,0,0
16,49%,2, 70% ,6450,0,4,5,Bahia,33,3,25,326
,41%,3,80%,8051,1,3,5,Athletico-PR,3,3,11,398
16,55%,5, 83% ,6439,0,3,8,America-MG,32,0,18,506
0,,0,N/A,4608,0,0,0,Internacional,1,0,0,0
null,59%,4,,5746,0,3,6,Atletico-MG,1,1,10,501
19,  ,4,,5972,0,1,6,Vitoria,23,2,9,417
20,56%,6,82%,7511,0,1,8,Palmeiras,25,4,14,457
-,33%,1,87%,9000,0,2,0,Gremio,22,1,11,274
0,,0,,6750,0,0,0,Athletico-PR,25,0,0,0
0,,0,,2136,0,0,0,SANTOS,18,0,0,0
0,,0,,2713,0,0,0,Flamengo,1,0,0,0
0,,0,,3726,0,0,0,Atletico-GO,26,0,0,0
0,,0,,1701,0,0,0,Corinthians,14,0,0,0
0,,0,,3748,0,0,0,ATLETICO-GO,29,0,0,0
-,37%,3,-,8815,0,3,3,Vitoria,3,0,10,254
0,,0,,776,0,0,0,Juventude   ,19,0,0,0
0,,0,,505,0,0,0,Internacional,43,0,0,0
0,,0,,2295,0,0,0,Vasco,35,0,0,0
15,56%,8,88%,7776,0,2,1,Internacional,14,0,9,550
8,37%,0,,5465,0,2,3,Sport,10,0,19,313
  ,43%,3,79%,8391,1,2,2,America-MG,37,1,15,346
0,,0,,2548,0,0,0,Vitoria   ,23,0,0,0
0,,0,,325,0,0,0,Santos,28,0,0,0
11,41%,8,82%,7199,0,2,3,Athletico-PR,32,4,20,384
10,49%,0,,5528,0,2,6,Sport   ,17,1,23,421
0,,0,,2488,0,0,0,Figueirense,17,0,0,-
0,,0,,364,0,0,0,Paysandu,31,0,0,0
11,26%,4,67%,6304,0,4,1,  Vasco,20,0,15,256
17,33% un,8,68%,6547,0,2,5,Palmeiras,5,0,23,245
0,,0,,4376,0,0,0,Internacional   ,15,0,0,0
0,,0,,4086,0,0,0,Internacional,24,0,0,0
11,52%,8,89%,6712,0,1,6,GREMIO,21,0,18,585
0,,0,,3431,0,0,0,Fluminense,35,0,0,0
0,,0,,166,0,0,0,Juventude,14,0,0,0
0,,0,,3515,0,0,0,coritiba,5,0,0,0
11,61%,2,79%,7864,0,0,6,Santos,22,1,9,541
0,,0,,4354,0,0,0,Ponte Preta,13,0,0,0
0,,0,,105,0,0,0,Gremio,9,0,0,-
0,,0,,6721,0,0,0,  Athletico-PR,22,0,0,0
5,57% un,1,85%,6986,1,0,6,Coritiba,10,3,12,463
0,,0,,3172,0,0,0,avai,9,0,0,0
0,,0,,891,0,0,0,Parana,29,0,0,0
14,34%,4,71%,7389,0,4,3,Fortaleza,13,1,21,279
0,,0,,1774,0,0,0,Botafogo-RJ,21,0,0,0
0,,0,,720,0,0,0,Cruzeiro,14,0,0,0
11,66%,0,,5353,0,5,4,Chapecoense,37,0,17,
0,,0,,1302,0,0,0,Figueirense,18,0,0,0
0,,0,,1220,0,0,0,Corinthians,11,0,0,0
0,  ,0,,3416,0,0,0,Athletico-PR,33,0,0,
0,,0,,2397,0,0,0,IPATINGA,8,0,0,0
0,,0,,4721,0,0,0,Flamengo,11,0,0,0
0,,0,,2898,0,0,0,Vitoria,20,0,0,N/A
0,,0,,8442,0,0,0,Fortaleza,4,0,0,0
0,,0,,3239,0,0,0,Avai   ,16,0,0,0
0,,0,,4764,0,0,0,fluminense,15,0,0,0
-,51%,5,78%,7617,0,3,6,Bragantino,36,0,21,357
13,49%,5,  ,5984,0,1,10,Bahia,24,0,19,371
0,,0,null,4525,0,0,0,Coritiba,30,0,0,0
19,67%,7,88%,6733,0,3,17,Palmeiras,23,2,12,506
0,,0,,7,0,0,0,Juventude,1,0,0,0
14, 57% ,4,,5983,0,0,2,  Flamengo,24,2,13,531
0,,0,,410,0,0,0,Fortaleza,35,0,0,null
18,60%,0,  ,5489,0,3,8,Cruzeiro,13,5,12,366
11,40%,2,87%,9076,0,6,5,  Vitoria,30,3,23,265
0,,0,,4094,0,0,0,Gremio,25,0,0,0
0,,0,,4938,0,0,0,Botafogo-RJ,35,0,0,0
0,,0,,230,0,0,0,Corinthians,20,0,0,0
21,55%,8,88%,8174,0,1,6,Corinthians,15,1,17,511
8,68%,0,90%,7865,0,1,5,Fluminense,22,2,12,628
0,,0,,4924,0,0,0,Athletico-PR,32,0,0,0
0,,0,,1729,0,0,0,Vasco,17,0,0,0
0,,0,,3575,0,0,0,Gremio,10,0,0,0
19,38%,8,81%,9162,0,5,10,Vitoria,38,1,16,217
0,,0,,330,0,0,0,Ponte Preta,28,0,0,0
0,,0,,435,0,0,0,Flamengo,37,0,0,0
15,59%,5,82%,6464,0,1,2,Sao Paulo,34,2,14,-
10,46%,0,,5552,0,4,3,Fluminense,19,1,14,371
0,,0,,8626,0,0,0,Gremio,23,0,0,0
0,,0,,471,0,0,0,GREMIO,40,0,0,0
0,,0,,1381,0,0,0,Paysandu,26,0,0,0
0,,0,,4813,0,0,0,Sao Paulo,20,0,0,0
19,49%,8,94%,8871,1,4,10,Vitoria,9,2,21,369
5,48%,1,84%,7839,1,7,3,Atletico-GO,20,0,16,N/A
21,40%,7,78%,8112,0,2,6,Gremio,9,3,9,374
3,47%,2,87%,9144,0,2,0,Santos,35,2,10,390
0,,0,,492,0,0,0,Sao Caetano,41,0,0,0
0,,0,,2048,0,0,0,Santos,10,0,0,0
0,,0,-,701,0,0,0,Internacional,13,0,0,0
0,,0,,3846,0,0,0,Coritiba,38,0,0,0
0,,0,,4112,0,0,0,Fluminense,27,0,0,0
0,,0,,4063,0,0,0,internacional,22,0,0,0
0,,0,,3182,0,0,0,Vasco,10,0,0,0
0,,0,,2902,0,0,0,Coritiba   ,20,0,0,0
0,,0,,1839,0,0,0,Fluminense,28,0,0,0
0,,0,,3286,0,0,0,  Gremio Prudente,20,0,0,0
20,52%,5,84%,7264,0,2,6,Goias,38,2,18,null
23,55%,8,88%,6898,0,3,12,bragantino,2,1,13,558
14,63%,0,,5485,0,1,4,  Palmeiras,12,1,26,513
9,49%,3,,5897,0,6,1,Coritiba,16,1,24,423
11,46%,3,84%,6958,0,1,3,Goias,7,1,16,446
,,0,,2595,0,0,0,Santos,27,0,0,null
15,53%,6,87%,7543,0,1,4,Bahia,28,0,6,519
0,,0,-,555,0,0,0,Sao Caetano,1,0,0,0
0,,0,,8759,0,0,0,cuiaba,36,0,0,0
12,43%,0,,5155,0,4,5,Internacional,17,1,12,417
0,,0,,1615,0,0,0,Corinthians,5,0,0,0
12,56%,3,,6449,0,7,3,Cruzeiro,33,1,14,null
0,,0,,8743,0,0,0,  Botafogo-RJ,34,0,0,0
15,52%,3,72%,6685,2,1,7,Chapecoense,18,0,14,320
7,47%,3,,5756,0,6,3,Santos,2,1,24,338
18,45%,5,79%,8199,0,2,8,Palmeiras,18,3,22,314
null,,0,,2919,0,0,0,Santo Andre,22,0,0,0
0,,0,-,2176,0,0,0,Vasco,22,0,0,0
13,46%,4,81%,7539,0,2,10,Athletico-PR,28,0,12,N/A
0,,0,,890,0,0,0,Cruzeiro,29,0,0,0
-,,0,,1282,0,0,0,Juventude   ,17,0,0,0
0,,0,,1353,0,0,0,  Corinthians,23,0,0,0
0,,0,,521,0,0,0,Internacional,44,0,0,0
0,,0,,2548,0,0,0,Vitoria   ,23,0,0,0
0,,0,,782,0,0,0,Athletico-PR,20,0,0,0
0,,0,,8504,0,0,0,Flamengo,10,0,0,0
0,,0,,278,0,0,0,PARANA,24,0,0,0
0,,0,,1536,0,0,0,Santos,40,0,0,  
9,37%,3,75%,8339,0,1,1,Internacional,32,0,10,328
0,,0,,2239,0,0,0,nautico,30,0,0,0
0,,0,,3766,0,0,0,Atletico-MG,30,0,0,0
16,48%,3,75%,6305,0,1,8,Chapecoense,20,2,19,321
16,65%,5,92%,8931,0,2,5,Bragantino,15,0,13,542
16,64%,3,81%,7385,0,1,9,America-MG   ,12,2,19,468
13,49%,2,84%,7313,0,0,5,Sport,5,1,9,484
0,,0,,709,0,0,0,  Guarani,14,0,0,
17,37%,6,81%,7111,0,0,5,Bahia,23,1,12,351
0,,0,,8740,0,0,0,Bahia   ,34,0,0,0
12,43%,2,83%,6673,0,4,11,Vasco,17,1,15,364
0,,0,,2301,0,0,0,Figueirense,36,0,0,0
0,,0,,4717,0,0,0,Sao Paulo,11,0,0,-
12,73%,5,91%,7210,0,0,5,Atletico-MG,33,3,16,787
0,,0,,3981,0,0,0,Gremio,14,0,0,N/A
0,,0,,3702,0,0,0,Avai,24,0,0,0
18,47%,3,71%,6165,1,2,4,Parana,4,1,16,338
14,60%,8,,5203,0,0,8,Corinthians,22,0,12,520
0,,0,,621,0,0,0,Botafogo-RJ,6,0,0,  
0,,0,,1868,0,0,0,Flamengo,31,0,0,0
0,,0,,4481,0,0,0,VASCO,26,0,0,0
14,51%,4,,6056,0,3,7,Atletico-MG,32,4,18,448
13,52%,0,,5152,0,3,7,Palmeiras,17,4,18,446
NAN,,0,,419,0,0,0,Fluminense,35,0,0,0
12,47%,0,,5029,0,5,10,Joinville,5,1,12,314
18,63%,9,87%,6544,0,2,8,ATHLETICO-PR,4,3,13,539
6,45%,4,76%,8079,0,3,3,INTERNACIONAL,6,2,8,425
0,,0,,162,0,0,0,FLAMENGO,14,0,0,0
0,,0,,4510,0,0,0,PONTE PRETA,29,0,0,
7,67%,3,,5448,0,1,5,Santos,9,2,7,652
14,40%,3,74%,8912,0,4,5,Ceara,13,3,10,216
0,,0,,15,0,0,0,coritiba,2,0,0,0
11,36%,5,70%,7914,1,1,4,CUIABA,27,2,10,258
0,N/A,0,,178,0,0,0,Parana,15,0,0,0
0,,0,,4822,0,0,0,Corinthians,21,0,0,0
0,,0,  ,1586,0,0,0,Sao Paulo,2,0,0,0
0,,0,,8758,0,0,0,Corinthians,36,0,0,0
-,,0,,4303,0,0,0,BAHIA,8,0,0,0
null,61%,1,null,9060,0,5,4,Corinthians,28,2,11,399
16,49%,5,,6056,0,1,10,Santos,32,3,12,437
0,,0,,4265,0,0,0,Cruzeiro,4,0,0,0
0,  ,0,null,2822,0,0,0,Atletico-MG,12,0,0,
0,,0,,3433,0,0,0,  Palmeiras,35,0,0,0
9,43%,2, 86% ,7345,0,3,1,Cuiaba,8,2,18,418
10,,3,78%,6918,0,0,8,Palmeiras,4,3,20,362
0,,0,,1838,0,0,0,Vasco,28,0,0,0
0,,0,,2128,0,-10,0,Fluminense,18,0,0,0
0,,0,,483,0,0,0,Juventude,41,0,0,0
0,,0,,3216,0,0,0,Internacional,13,0,0,0
0,,0,,60,0,0,0,Coritiba,5,0,0,0
0,,0,,3398,0,0,0,Gremio,32,0,0,0
0,,0,,2130,0,0,0,Atletico-MG,18,0,0,0
0,,0,,2790,0,0,0,Sao Paulo,9,0,0,0
0,,0,,165,0,0,0,Fortaleza,14,0,0,0
0,,0,,2356,0,0,0,Botafogo-RJ,3,0,0,0
0,,0,,1641,0,0,0,Cruzeiro,8,0,0,0
0,,0,,1187,0,0,0,Ponte Preta,8,0,0,0
0,,0,,2755,0,0,0,Goias,5,0,0,0
0,,0,,1277,0,0,0,  Paysandu,16,0,0,0
9,29%,3,73%,6768,0,1,3,Vasco,27,0,12,250
0,,0,,716,0,0,0,Parana,14,0,0,0
10,40%,0,-,5539,0,2,4,SANTOS,18,1,10,379
11,38%,2,82%,8277,0,4,7,Vasco,26,3,15,335
16,48%,0,,5436,0,1,6,Santa Cruz,7,0,19,451
0,,0,,1090,0,0,0,Figueirense,45,0,0,0
0,,0,,2457,0,0,0,ipatinga,13,0,0,0
0,,0,,2577,0,0,0,Santos,26,0,0,0
0,,0,,606,0,0,0,Palmeiras,5,0,0,0
9,47%,4,80%,8172,0,1,4,Internacional,15,1,18,392
0,,0,,8667,0,0,0,vitoria,27,0,0,0
9,46%,2,78%,7358,0,2,6,Cuiaba,10,1,21,388
0,,0,,1562,0,0,0,Palmeiras,42,0,0,  
0,,0,,28,0,0,0,Atletico-MG   ,4,0,0,0
0,,0,,4878,0,0,0,Coritiba,27,0,0,0
  ,,3,78%,6457,0,3,0,Ceara,34,1,15,341
0,,0,,1884,0,0,0,Botafogo-RJ,32,0,0,0
9,52%,2,76%,7363,0,2,7,Internacional,10,0,21,null
16,72%,4,  ,6149,0,4,14,Palmeiras,3,2,17,589
0,,0,,3544,0,-8,0,Coritiba,8,0,0,0
22,60%,0,,5447,0,1,2,Palmeiras,9,2,18,521
0,,0,,301,0,0,0,Vitoria,26,0,0,0
0,,0,-,4569,0,0,0,vasco,35,0,0,0
0,,0,,2276,0,0,0,Palmeiras,33,0,0,0
0,,0,,472,0,0,0,Ponte Preta,40,0,0,0
13,,9,92%,9047,0,2,4,fluminense,27,3,12,447
20,66%,4,88%,7410,0,3,5,Atletico-MG,15,2,14,586
0,,0,,8631,0,0,0,Vasco,23,0,0,0
11,48%,4, 80% ,7407,1,4,2,Sao Paulo,15,2,16,419
0,,0,,4659,0,0,0,Sport,6,0,0,0
0,,0,,2593,0,0,0,Vasco,27,0,0,0
11,52%,2,81%,7706,0,2,4,Bragantino,6,0,14,410
0,,0,,781,0,0,0,Fluminense,20,0,0,0
0,,0,,2425,0,0,0,  Fluminense,11,0,0,0
12,62%,0,,5095,0,3,8,Flamengo,11,4,9,549
  ,,0,,3107,0,0,0,Goias,3,0,0,0
4,37%,2,81%,6551,0,4,3,Corinthians,5,1,12,362
0,,0,,2271,0,0,0,Flamengo,33,0,0,0
0,,0,,892,0,0,0,Juventude,29,0,0,0
8,43%,3,83%,7238,0,4,3,Coritiba,36,1,16,362
0,,0,,548,0,0,0,Bahia,46,0,0,0
0,,0,,2773,0,0,0,SAO PAULO,7,0,0,0
0,null,0,,974,0,0,0,gremio,36,0,0,N/A
,51%,5,-,7875,0,1,4,Internacional,23,0,9,476
16,59%,0,,5281,0,2,8,Palmeiras,30,1,18,404
-,,0,,1789,0,0,0,Sao  Caetano,23,0,0,0
0,,0,,339,0,0,0,Vitoria,29,0,0,0
4,34%,0,,5399,0,4,1,  Santa Cruz,4,1,19,298
0,,0,,3395,0,0,0,Cruzeiro,31,0,0,0
0,,0,null,697,0,0,0,Atletico-MG,13,0,0,0
14,60%,0,,5330,0,1,8,Joinville,35,0,13,392
0,null,0,,377,0,0,0,Vitoria,32,0,0,0
13,43%,9,78%,7741,0,3,1,Fluminense,10,1,13,332
0,,0,,1869,0,0,0,FLUMINENSE,31,0,0,0
0,,0,,1489,0,0,0,Flamengo,35,0,0,0
0,,0,,3350,0,0,0,Fluminense,27,0,0,0
0,,0,,1608,0,0,0,Gremio,5,0,0,0
11,57%,4,86%,7275,0,4,6,Internacional,1,0,24,485
0,,0,,4983,0,0,0,Athletico-PR,38,0,0,  
N/A,,0,,886,0,0,0,Athletico-PR,28,0,0,0
0,,0,,1827,0,0,0,Fortaleza,27,0,0,0
19,66%,7,91%,8980,0,2,9,Corinthians,20,6,14,481
11,32%,0,,5457,0,1,4,America-MG,10,1,8,316
22,55%,9,,5841,0,0,8,Cruzeiro,10,2,15,413
0,,0,,1512,0,0,0,Sao Paulo,38,0,0,0
,,0,,2701,0,0,0,Coritiba,38,0,0,0
0,,0,,3929,0,0,0,Ponte Preta,9,0,0,0
11,48%,0,,5603,0,1,3,Corinthians,24,1,17,384
21,53%,0,,5051,0,4,6,Joinville,7,2,13,417
0,,0,,3438,0,0,0,Flamengo,36,0,0,0
9,56%,8,87%,6859,0,2,6,FLAMENGO,36,1,21,545
0,,0,,2596,0,0,0,Fluminense,27,0,0,0
0,-,0,,2310,0,0,0,Internacional,37,0,0,0
0,,0,,8730,0,0,0,Cruzeiro,33,0,0,0
8,49%,3,,6092,0,4,1,Vitoria   ,35,1,18,340
13,N/A,6,90%,8398,0,0,6,Corinthians,38,1,12,538
10,34%,4,75%,8122,0,1,3,PALMEIRAS,10,2,16,306
0,,0,,4364,0,0,0,Fluminense,14,0,0,  
16,42%,5,79%,7126,0,2,5,Athletico-PR,25,4,20,null
10,33%,4, 74% ,8089,1,3,5,Coritiba,7,2,20,273
0,,0,,4075,0,0,0,Cruzeiro,23,0,0,0
0,,0,,3985,0,0,0,Santos,14,0,0,0
0,,0,,2076,0,0,0,Fluminense,11,0,0,0
8, 44% ,1, 80% ,6856,0,2,5,Botafogo-RJ,36,3,8,374
21,47%,0,,5327,0,2,13,Cruzeiro,35,3,13,369
0,,0,,3413,0,0,0,Corinthians,33,0,0,0
0,,0,,4058,0,0,0,Coritiba,22,0,0,0
20,56%,0,,5056,0,1,13,gremio,7,6,8,428
0,,0,,351,0,0,0,Bahia,30,0,0,0
0,,0,,3086,0,0,0,Fluminense,38,0,0,0
0,,0,,1159,0,0,0,Cruzeiro,5,0,0,0
0,,0,,4081,0,0,0,Bahia,24,0,0,0
0,,0,,3436,0,0,0,Gremio Prudente,35,0,0,0
0,,0,-,8752,0,0,0,Bahia,35,0,0,0
,,0,,2223,0,0,0,INTERNACIONAL,27,0,0,0
0,,0,,3432,0,0,0,Internacional,35,0,0,0
0,,0,,3494,0,0,0,America-MG,3,0,0,
0,-,0,N/A,2425,0,0,0,Vitoria,11,0,0,0
0,,0,,4756,0,0,0,Vitoria,14,0,0,0
,,0,,2201,0,0,0,Santos,25,0,0,0
11,,3,81%,7792,0,5,3,Atletico-GO,15,2,9,376
0,,0,,4783,0,0,0,Sao Paulo,17,0,0,0
0,,0,,1467,0,0,0,Sao  Paulo,33,0,0,0
9,43%,3,71%,6676,0,1,3,Bahia,18,1,19,354
,,0,,4913,0,0,0,GREMIO,31,0,0,0
0,,0,,4750,0,0,0,Sport,14,0,0,0
0,,0,,4371,0,0,0,Ponte Preta,15,0,0,0
0,  ,0,,8705,0,0,0,Juventude,30,0,0,0
18,38%,7,88%,9063,0,1,5,Gremio,28,0,11,311
,,0,,2188,0,0,0,ATHLETICO-PR,24,0,0,0
13,64%,3,82%,7086,0,0,4,Sport,21,2,14,573
0,,0,,1849,0,0,0,Santos,29,0,0,-
0,,0,,1007,0,0,0,Corinthians,38,0,0,0
,   un,0,,8443,0,0,0,Athletico-PR,4,0,0,0
8,42%,2,81%,7746,0,4,5,Juventude,11,4,12,427
11,59%,6,86%,7380,0,2,2,Cuiaba,12,2,13,543
0,,0,,2840,0,0,0,  Santos,14,0,0,0
14,49%,8,,6124,0,5,5,Vasco,38,2,18,333
7,53%,4,87%,6946,0,1,3,internacional,6,2,24,542
0,,0,,1074,0,0,0,Vasco,44,0,0,0
0,,0,  ,4398,0,0,0,Flamengo,18,0,0,
0,,0,,1362,0,0,0,PARANA,24,0,0,0
7,48%,6,84%,7995,0,-4,0,Corinthians,35,1,14,518
11,44%,0,,5045,0,4,2,Avai,6,2,17,401
5,44%,2, 91% ,9028,0,2,1,Internacional,25,1,17,263
0,,0,,4862,0,0,0,Botafogo-RJ,25,0,0,0
24,67%,8,84%,7895,0,1,13,Santos,25,1,8,516
21,41%,0,,5477,0,1,8,Flamengo   ,12,1,11,373
9,25%,2,59%,6319,0,5,3,Parana,19,0,16,190
0, N/A ,0,,3421,0,0,0,Gremio Prudente,34,0,0,0
20,47%,0,,5215,1,5,9,Flamengo,23,0,24,402
0,,0,,406,0,0,0,Guarani,34,0,0,0
  ,,0,,2659,0,0,0,Figueirense,34,0,0,0
11,38%,5,73%,7474,0,4,4,Gremio,21,0,17,330
0,,0,,157,0,0,0,Bahia,14,0,0,0
0,,0,,1037,0,0,0,VASCO,41,0,0,0
0,,0,,4876,0,0,0,Figueirense   ,26,0,0,0
N/A,,0,,8696,0,0,0,Vasco,30,0,0,0
0,,0,N/A,8435,0,0,0,  Fortaleza,3,0,0,0
0,,0,,3868,0,0,0,Sport,3,0,0,0
0, N/A ,0,,443,0,0,0,Ponte Preta,37,0,0,0
15, 42% ,0,,4846,0,2,9,Gremio,23,1,20,357
,,0,,896,0,0,0,INTERNACIONAL,29,0,0,0
26,61%,10,88%,6675,0,3,12,  Fluminense,17,0,14,509
16,43%,1,80%,6790,0,2,10,Vasco,29,0,9,363
-,48%,0,,5100,0,2,10,Joinville,12,0,21,325
0,,0,,1728,0,0,0,GREMIO,17,0,0,0
0,,0,,4440,0,-4,0,Fluminense,22,0,0,null
0,,0,,1948,0,0,0,Sao Paulo,1,0,0,0
0,N/A,0,,3778,0,0,0,Fluminense,32,0,0,0
10,43%,4,77%,7164,1,3,7,Corinthians,28,0,11,null
11,69%,4, null ,6740,0,0,4,Gremio,24,1,11,N/A
0,,0,,4125,0,0,0,Cruzeiro,28,0,0,0
9,60%,0,-,5103,0,3,3,internacional,12,2,17,563
0,,0,,4008,0,0,0,Fluminense,17,0,0,0
10,64%,3,86%,8011,0,3,4,flamengo,37,0,14,512
11,44%,0,,5296,0,0,4,Sport,31,1,13,429
5, 34% ,3,75%,7267,0,3,4,Bahia,1,2,18,304
0,,0,,4821,0,0,0,INTERNACIONAL,21,0,0,null
12,38%,3,75%,7593,0,1,2,Ceara   ,32,0,12,291
0,,0,,3963,0,0,0,  Gremio,12,0,0,0
0,,0,,735,0,0,0,Gremio,16,0,0,0
0,null,0,,4815,0,0,0,corinthians,20,0,0,0
0,,0,N/A,239,0,0,0,Cruzeiro,20,0,0,0
13,48%,0,,5276,0,0,2,Chapecoense,29,0,17,314
N/A,null,0,,1372,0,0,0,Figueirense,25,0,0,0
0,,0,,2710,0,0,0,Corinthians,1,0,0,0
9,51%,3,76%,6271,0,2,7,sport,15,1,14,436
16,46%,1,,6481,0,1,8,Vitoria,36,4,15,409
0,,0,,8626,0,0,0,Gremio,23,0,0,0
13,60%,5,77%,7205,0,5,8,Corinthians,32,2,16,546
-,,0,,3021,0,0,0,corinthians,32,0,0,0
  ,,0,null,1384,0,0,0,Vasco,26,0,0,0
0,,0,,2285,0,0,0,Juventude,34,0,0,0
11,31%,3,,6044,0,2,5,avai,30,2,19,251
13,44%,6,,6117,0,1,4,Botafogo-RJ,38,3,13,348
0,,0,,1081,0,0,0,Gremio,45,0,0,0
12,36%,4,89%,8891,0,1,4,Fortaleza,11,2,10,299
0,,0,,2338,0,0,0,sport,2,0,0,0
null,,0,,3731,0,0,0,Corinthians,27,0,0,0
0,,0,,4623,0,0,0,Figueirense,2,0,0,  
27,,7,92% un,8927,0,2,12,Vasco,15,0,17,
0,,0,,8746,0,0,0,Juventude,35,0,0,0
null,,0,,1653,0,0,0,Palmeiras,9,0,0,0
8,40%,2,71%,6444,0,1,3,Chapecoense,32,5,22,279
12,54%,0,,5059,0,0,4,Flamengo,8,1,8,504
0,,0,,3190,0,0,0,Sao Paulo,11,0,0,0
0,  ,0,,8648,0,0,0,Atletico-MG,25,0,0,0
0,,0,,8690,0,-6,0,Vitoria,29,0,0,0
0,,0,,1939,0,0,0,Fluminense,38,0,0,0
0,,0,,538,0,0,0,Fortaleza,45,0,0,0
0,  ,0,,4653,0,0,0,Vitoria,5,0,0,0
0,,0,,1969,0,0,0,Internacional,3,0,0,0
17,52%,8,,5863,0,4,6,Santos,12,0,18,442
18,54%,4,82%,7101,1,1,7,Atletico-MG,22,1,12,455
0,,0,,8471,0,0,0,Flamengo,7,0,0,0
0,,0,,3582,0,0,0,Corinthians,11,0,0,0
11,41%,0,,5614,0,4,2,Chapecoense,25,2,18,-
0,,0,,2119,0,0,0,Corinthians,17,0,0,null
0,,0,,3359,0,0,0,guarani,28,0,0,0
0,,0,,4885,0,0,0,Fluminense,27,0,0,0
0,,0,,4832,0,0,0,Palmeiras,22,0,0,0
0,,0,,1075,0,0,0,Sao Paulo,44,0,0,0
0,,0,,4258,0,0,0,Portuguesa,4,0,0,0
9,,4,81%,6420,0,4,5,Corinthians,30,1,23,502
9,null,0,,5058,0,3,4,Vasco,8,0,12,482
0,,0,,4753,0,0,0,Gremio,14,0,0,0
0,,0,,26,0,0,0,Juventude,4,0,0,0
9,43%,5, 72% ,7881,0,4,6,America-MG,24,0,23,313
19,46%,7,75%,8116,0,3,8,Coritiba,10,4,15,348
0,,0,,3671,0,0,0,Palmeiras,21,0,0,0
20,40%,5,76%,6395,0,1,11,Parana,27,2,15,317
18,55%,3,88%,7140,0,1,11,botafogo-rj,26,2,18,409
7,48%,0,,5161,1,4,6,Sao Paulo,18,0,18,356
10,37%,3,78% un,6232,0,3,4,America-MG,11,0,13,357
10,70%,2,85%,7876,1,2,3,  Atletico-GO,24,1,9,486
12,63%,4,86%,6232,0,2,7,Gremio,11,0,14,586
,53%,6,82%,7226,0,4,1,Goias,35,1,13,422
0,  ,0,,3900,0,0,0,Corinthians,6,0,0,0
0,null,0,,1259,0,0,0,Juventude,15,0,0,0
0,,0,,3643,0,0,0,Gremio,18,0,0,0
0,,0,,4626,0,0,0,  Chapecoense,2,0,0,  
16,60%,5,85%,7012,0,5,8,FORTALEZA,13,1,8,517
9,44%,2,91%,8911,0,2,3,Gremio,13,1,10,384
0,,0,,2046,0,0,0,Vasco,9,0,0,0
0,,0,,4835,0,0,0,Goias,22,0,0,0
5,27%,3,63%,7866,0,0,0,Goias,23,2,13,233
8,56%,5,94%,8936,1,2,3,Palmeiras,16,1,13,337
14,52%,0,,5718,1,-11,5,Cruzeiro,36,5,11,410
0,,0,,1573,0,0,0,ponte preta,1,0,0,0
10,42%,5,82%,6756,0,3,1,CSA,26,2,18,358
25,49%,9,83%,6995,0,2,5,  Botafogo-RJ,10,0,18,
7,40%,3,77%,7266,0,3,1,Juventude   ,1,1,14,342
6,42%,3,,5801,0,3,4,Vitoria,6,2,20,353
0,,0,,131,0,0,0,Corinthians,11,0,0,0
0,,0,,2566,0,0,0,Botafogo-RJ,24,0,0,0
,,0,,3964,0,0,0,Santos,12,0,0,0
3,52% un,1,85%,8856,0,4,4,Juventude,8,3,12,313
6,44%,3,89%,8976,0,2,2,Fluminense,20,0,10,324
0,,0,,271,0,0,0,Guarani,23,0,0,0
0,,0,,2133,0,0,0,Corinthians,18,0,0,0
0,,0,,2747,0,0,0,gremio,5,0,0,0
0,,0,,8561,0,0,0,Fortaleza,16,0,0,0
10,37%,4,,5930,0,1,8,atletico-mg,19,1,13,389
0,,0,,1746,0,0,0,  Botafogo-RJ,18,0,0,0
16,42%,4,83%,9122,0,2,9,Internacional,37,2,17,272
11,59%,2,,5783,0,2,6,Gremio,4,3,15,537
0,,0,,378,0,0,0,  Guarani,32,0,0,null
7,45%,3,79%,6666,0,1,5,Gremio,17,0,9,426
0,,0,,8415,0,0,0,Palmeiras,1,0,0,0
0,,0,,1276,0,0,0,Internacional,16,0,0,0
0,  ,0,,3037,0,0,0,Sao Paulo,34,0,0,0
25,67%,7,88%,6937,0,2,11,Bahia,11,5,13,-
7, 39% ,1,71%,6393,1,6,0,vitoria,27,1,18,314
0,,0,,2610,0,0,0,Botafogo-RJ,29,0,0,0
6,46%,4,83%,6383,0,2,4,CRUZEIRO,26,1,17,428
26,64%,7,80%,8013,0,1,7,Atletico-GO,37,1,8,497
0,,0,,118,0,0,0,BAHIA,10,0,0,0
0,,0,,2149,0,0,0,parana,20,0,0,0
0,,0,,2938,0,0,0,flamengo,24,0,0,0
0,,0,,3331,0,0,0,Palmeiras,25,0,0,0
0,,0,,50,0,0,0,Sao Caetano,5,0,0,0
18,66%,9,83%,6681,1,0,7,PALMEIRAS,18,2,21,516
0,,0,,8510,0,0,0,Cruzeiro,11,0,0,0
16,46%,4,80%,7827,0,2,11,Athletico-PR,19,3,15,410
14,51%,3,85%,6139,0,1,7,Ceara,2,1,12,497
0,,0,,2682,0,0,0,Flamengo,36,0,0,0
  ,,0,,2384,0,0,0,Vitoria,6,0,0,0
0,,0,,3753,0,0,0,Palmeiras,29,0,0,0
22,49%,6,84%,7563,0,4,6,  Sport,29,2,15,403
0,,0,,4400,0,0,0,Portuguesa,18,0,0,0
17,40%,6,79%,7797,0,3,10,Ceara,16,2,17,344
0,,0,  ,656,0,0,0,Coritiba,9,0,0,0
0,,0,,792,0,0,0,Guarani,20,0,0,0
13,62%,1,93%,9063,0,3,3,Sao Paulo,28,0,15,575
,,0,,1218,0,0,0,sao paulo,11,0,0,0
0,,0,,523,0,0,0,Fortaleza,44,0,0,0
27,63%,8,93%,8815,0,2,16,Atletico-MG,3,2,8,493
0,,0,,4884,0,0,0,Santos,27,0,0,0
0,,0,,2505,0,0,0,botafogo-rj,18,0,0,0
13,43%,7,84%,9151,0,0,3,Vasco,36,4,14,226
0,,0,,744,0,0,0,Figueirense,16,0,0,0
0,,0,,3817,0,0,0,America-MG,36,0,0,0
14,56%,0,,5466,1,1,7,Coritiba   ,10,1,13,355
10,45%,2,73%,8190,0,2,2,Fortaleza,17,5,16,374
10,41% un,0,,5151,1,1,5,Corinthians   ,17,4,16,354
0,,0,,2901,0,0,0,Sao Paulo,20,0,0,0
0,,0,,2746,0,0,0,Avai,4,0,0,0
0,,0,,8407,0,0,0,criciuma,1,0,0,0
0,,0,,310,0,0,0,Parana,26,0,0,0
0,,0,,1900,0,0,0,Fortaleza,34,0,0,0
26,72%,9,,5899,0,0,8,Cruzeiro,16,2,10,638
19,52%,6,85%,6477,0,2,9,Santos,36,0,19,-
12,41%,4,,5795,1,2,6,Cruzeiro   ,5,1,12,362
0,,0,,801,0,0,0,Gremio,21,0,0,0
13,46%,3,79%,8304,0,1,3,  Coritiba,28,2,13,392
0,,0,,925,0,0,0,Figueirense,32,0,0,0
0,  ,0,,4905,0,0,0,Santos,30,0,0,N/A
0,,0,,877,0,0,0,Fluminense,28,0,0,0
6,62%,2,77% un,7440,0,2,2,Ceara,18,1,13,481
0,,0,,1022,0,0,0,Atletico-MG,40,0,0,0
0,,0,,1042,0,0,0,Parana,41,0,0,0
0,,0,,3983,0,0,0,Sao Paulo,14,0,0,0
16,47%,7,82%,8107,0,3,6,Athletico-PR,9,3,15,
0,,0,,274,0,0,0,Flamengo,23,0,0,0
0,,0,,3100,0,0,0,Santos,2,0,0,0
0,,0,,109,0,0,0,Fluminense,10,0,0,0
15,34%,7,82%,7821,0,4,4,Internacional,18,3,11,297
0,,0,,679,0,0,0,Fluminense,11,0,0,0
0,-,0,,2574,0,0,0,Fluminense,25,0,0,N/A
13,51%,0,,5177,0,3,4,Goias,20,2,16,-
0,,0,,4436,0,0,0,  Gremio,21,0,0,0
12,60%,0,,5369,0,2,2,Santos,1,5,12,517
12,39%,3,73%,7775,0,3,3,Sao Paulo   ,13,1,17,287
14,57%,0,,5348,0,-7,3,Internacional,37,1,20,486
0,,0,,3008,0,0,0,Vitoria,31,0,0,-
0,,0,,3588,0,0,0,Botafogo-RJ,13,0,0,0
0,,0,,87,0,0,0,Parana,8,0,0,0
0,,0,,4803,0,0,0,fluminense,19,0,0,0
0,,0,,1105,0,0,0,Goias,1,0,0,0
5,30%,1,73%,7119,1,2,2,Athletico-PR,24,0,18,254
9,31%,1,84%,8870,0,4,5,Juventude,9,0,14,238
0,,0,,1894,0,0,0,Santa Cruz,33,0,0,0
18,77%,0,,5209,1,4,4,ATHLETICO-PR,23,5,15,539
NAN,,0,,1419,0,0,0,Internacional,29,0,0,-
16,72%,6,87%,7063,0,5,7,Flamengo,18,1,16,616
0,,0,,4662,0,0,0,Sao Paulo,6,0,0,0
21,51%,12,,8121,0,2,7,America-MG,10,1,19,364
0,,0,,2554,0,0,0,Atletico-MG,23,0,0,0
0,,0,,8568,0,0,0,Atletico-MG,17,0,0,N/A
0,,0,N/A,1223,0,0,0,Internacional,11,0,0,0
13,58%,7,88%,6214,0,4,6,Cruzeiro,9,4,15,563
0,,0,,663,0,0,0,Vasco,10,0,0,0
  ,,0,,802,0,0,0,juventude,21,0,0,0
0,null,0,,4970,0,0,0,Sao Paulo,37,0,0,0
0,,0,,4009,0,0,0,Atletico-MG,17,0,0,0
18,48%,12,,5472,0,1,6,Athletico-PR,11,4,12,461
0,,0,,2045,0,0,0,Flamengo   ,9,0,0,N/A
0,,0,,649,0,0,0,FLUMINENSE,9,0,0,0
0,,0,,1001,0,0,0,Internacional,38,0,0,0
0,,0,,8438,0,0,0,Bahia,4,0,0,0
0,,0,,1020,0,0,0,Sao Caetano,39,0,0,0
0,,0,,754,0,0,0,Botafogo-RJ,17,0,0,0
5,39%,4, 81% ,7097,0,2,2,Santos,22,1,13,344
0,,0,,780,0,0,0,  Coritiba,19,0,0,null
8,43%,5,82%,7275,0,2,1,Sport,1,2,15,362
N/A,,0,-,2789,0,0,0,Flamengo   ,9,0,0,0
9,52%,4,82%,6138,0,1,2,CORINTHIANS,2,1,16,
15,54%,9,78%,6281,0,1,5,Internacional,16,0,13,442
8,63%,0,,5345,1,3,5,SANTOS,36,1,21,480
14,49%,4,null,6522,0,0,4,atletico-mg,2,1,9,466
19,53%,4,87%,6210,0,3,8,Flamengo   ,9,1,14,462
9,42%,2,84%,8882,0,1,5,Santos,10,1,11,250
0,,0,,2806,0,0,0,Fluminense,10,0,0,0
17,48%,2,89%,6822,0,2,5,Chapecoense,32,0,10,425
0,null,0,,2668,0,0,0,Portuguesa   ,35,0,0,N/A
0,,0,,4784,0,0,0,  Fluminense,17,0,0,0
29,59%,9,87%,7785,0,3,16,  Sao Paulo,14,0,15,527
  ,,0,,2082,0,0,0,Flamengo,13,0,0,0
0,,0,,3970,0,0,0,  Flamengo,13,0,0,0
0,,0,,1777,0,0,0,Cruzeiro,22,0,0,0
0,,0,,3009,0,0,0,Nautico,31,0,0,  
0,,0,,3454,0,0,0,Internacional,37,0,0,0
15,48%,5,81%,7020,0,2,3,Atletico-GO,14,2,12,415
3,42%,2,,6113,0,4,1,Santos,37,0,17,398
0,,0,,3363,0,0,0,  Atletico-MG,28,0,0,0
0,,0,,619,0,0,0,Atletico-MG,6,0,0,0
14,56%,6,82%,8400,0,1,3,Cruzeiro,38,0,9,445
20,56%,7,83%,7295,0,5,0,cuiaba,3,0,17,444
13,56%,0,,5323,0,2,2,Sao Paulo,34,0,12,577
19,55%,2,86%,6588,0,1,3,Bahia,9,0,7,593
0,,0,,1126,0,0,0,Fluminense,2,0,0,0
,,0,,4609,0,0,0,Chapecoense,1,0,0,0
0,,0,,1836,0,0,0,Internacional,27,0,0,0
,68%,7,91%,7845,0,5,5,Fluminense,20,0,12,660
7,45%,6,68%,7738,0,4,5,Athletico-PR,10,1,10,340
,,0,,8585,0,0,0,Cuiaba,18,0,0,0
0,,0,,3532,0,0,0,Sao Paulo,7,0,0,0
0,,0,,4255,0,0,0,Internacional,3,0,0,0
21,63%,10,92%,8848,0,3,3,Corinthians,7,3,9,545
18,,8,70%,7772,0,1,5,Fortaleza,13,1,8,355
0,,0,,4945,0,0,0,Fluminense,35,0,0,0
0,,0,,8567,0,0,0,Bragantino,17,0,0,0
0,,0,,474,0,0,0,Santos,40,0,0,0
31,-,9,,5845,0,1,17,Botafogo-RJ,10,1,11,588
0,,0,,3493,0,0,0,Coritiba,3,0,0,0
12,48%,4,null,6682,0,1,2,  Gremio,18,0,10,533
0,,0,,1486,0,0,0,Fluminense,35,0,0,0
12, 47% ,2,82%,6730,0,3,3,Internacional,23,1,14,440
N/A,46%,1,,7057,0,3,4,Goias,18,3,15,361
0,,0,,1943,0,0,0,Ponte Preta,38,0,0,0
0,,0,,2683,0,0,0,Vasco,36,0,0,N/A
16,59% un,4,91%,8802,0,2,8,  Mirassol,2,5,14,486
24,56%,7,87%,6488,0,6,8,Cruzeiro,37,0,10,540
8,57%,1,,5956,0,2,2,Fluminense,22,1,14,490
0,,0,,3351,0,0,0,gremio,27,0,0,0
24,65%,9,84%,6175,0,1,8,Ceara,5,2,16,516
26,65%,11,82%,6510,0,3,12,Gremio,1,2,12,607
0,,0,,8686,0,0,0,Atletico-GO   ,29,0,0,0
12,56%,3,,5540,0,0,6,Corinthians,18,4,12,536
7,45%,4,81%,8971,0,3,3,Ceara,19,3,11,297
0,,0,,3577,0,0,0,Avai,11,0,0,0
0,,0,,3030,0,0,0,Corinthians,33,0,0,0
0,,0,,921,0,0,0,Juventude,31,0,0,0
21,46%,8,,6106,0,2,6,Sport,37,0,19,407
0,,0,,783,0,0,0,Palmeiras   ,20,0,0,0
0,,0,,1837,0,0,0,Juventude,28,0,0,0
5,45%,1,  ,6440,0,3,2,Parana,32,0,19,316
0,,0,,2168,0,0,0,Goias,22,0,0,0
0,,0,,2350,0,0,0,Cruzeiro,3,0,0,0
12,69%,0,,5376,0,3,9,Internacional,1,1,14,494
0,,0,,1661,0,0,0,Vasco,10,0,0,0
0,N/A,0,,2597,0,0,0,Fluminense,28,0,0,0
13,49%,0,,5233,0,2,3,Chapecoense,25,1,13,429
0,,0,,2066,0,0,0,Figueirense,29,0,0,0
0,,0,,2387,0,0,0,Botafogo-RJ,7,0,0,0
0,,0,,3290,0,0,0,Palmeiras,21,0,0,0
13,46%,3,77%,8225,0,2,4,Goias,20,2,15,357
0,,0,,2355,0,0,0,  Portuguesa,3,0,0,0
0,,0,,424,0,0,0,Atletico-MG,36,0,0,0
10,,2,81%,6447,0,3,2,Sao Paulo   ,33,4,18,397
0,,0,,420,0,0,0,Atletico-MG,35,0,0,0
0,,0,null,4375,0,0,0,Bahia,15,0,0,0
12,42%,0,,5565,0,3,7,Palmeiras,20,3,15,350
0,,0,,3767,0,0,0,Palmeiras   ,31,0,0,0
13,34%,7,77%,8366,0,3,3,bahia,35,1,14,331
0,,0,,3880,0,-7,0,Corinthians,4,0,0,0
0,,0,,2299,0,0,0,Cruzeiro,36,0,0,0
0,,0,,4815,0,0,0,Atletico-MG,20,0,0,0
0,,0,,2896,0,0,0,cruzeiro,19,0,0,0
0,,0,,8512,0,0,0,Fluminense,11,0,0,0
14,65%,7,91%,9130,0,1,9,Cruzeiro,34,2,13,434
0,,0,,1076,0,0,0,Santos,44,0,0,0
0,,0,,303,0,0,0,Figueirense,26,0,0,0
16,54%,5, 85% ,7484,0,1,3,Athletico-PR,22,0,17,514
8,56%,0,,5136,0,3,8,  Vasco,15,8,14,446
0,,0,,8760,0,0,0,Atletico-GO,36,0,0,0
0,,0,-,3616,0,0,0,Botafogo-RJ,15,0,0,0
0,,0,,1157,0,0,0,Athletico-PR,5,0,0,0
4,37%,3,74%,7310,0,0,3,FLUMINENSE,5,2,17,
,,0,81%,6802,1,2,3,Internacional,30,0,16,359
0,,0,,992,0,0,0,  Flamengo,37,0,0,0
0,N/A,0,,4196,0,0,0,Ponte Preta,35,0,0,0
0,  ,0,,4343,0,0,0,Goias,12,0,0,0
,62%,0,,5732,0,0,7,Santos   ,37,4,14,508
0,,0,,2867,0,0,0,Athletico-PR,17,0,0,0
0,,0,,1423,0,0,0,Flamengo,29,0,0,0
0,,0,,2276,0,0,0,Vasco,33,0,0,0
0,,0,,2669,0,0,0,Ipatinga,35,0,0,0
16,37%,0,  ,5719,1,4,4,Botafogo-RJ,36,1,22,258
0,,0,,2059,0,0,0,Goias   ,29,0,0,0
0,,0,,4095,0,0,0,Sport,25,0,0,0
8,43%,0,,6047,0,1,2,Vasco,31,1,12,348
N/A,41%,0,N/A,5677,0,2,5,Botafogo-RJ,32,1,15,331
0,,0,,1875,0,0,0,Goias,31,0,0,
21,72%,2,86%,7965,0,3,4,CORINTHIANS,32,1,11,613
17,44%,6,79%,6778,0,5,4,Internacional,28,2,11,-
0,,0,,4002,0,0,0,Ponte Preta,16,0,0,0
9,49%,4,82%,9051,0,3,4,Sao Paulo,27,1,13,249
10,45%,0,,5494,0,1,6,Botafogo-RJ,13,1,11,401
12,57%,4,,5788,0,3,8,Palmeiras,5,1,17,421
15,43%,6,78%,8317,0,0,5,America-MG,30,1,11,403
0,,0,,4540,0,0,0,Botafogo-RJ,32,0,0,0
0,,0,,180,0,0,0,  Goias,15,0,0,0
6,65%,2,89%,8389,1,2,1,Fluminense,37,3,12,586
0,,0,,4570,0,0,0,Cruzeiro,35,0,0,0
0,,0,,4226,0,0,0,Nautico,38,0,0,0
  , null ,3,90%,8880,0,2,3,Flamengo,10,1,16,335
  ,,0,,4077,0,0,0,Portuguesa,24,0,0,0
11,46%,6, 79% ,7544,0,2,3,Atletico-GO,28,0,11,360
,,0,,61,0,0,0,Atletico-MG,6,0,0,0
0,,0,,2196,0,0,0,  Sport,24,0,0,0
9,37%,2,76%,6718,0,2,4,CSA,22,2,12,338
17,55%,5,88%,8915,0,1,8,Santos,13,0,11,414
,,0,,1153,0,0,0,Botafogo-RJ,5,0,0,0
0,,0,,3701,0,0,0,Santos,24,0,0,0
7,36%,3,,5805,0,1,4,Bahia   ,6,0,16,361
  ,,0,N/A,8687,0,0,0,  Cruzeiro,29,0,0,0
0,,0,null,2914,0,0,0,Goias,21,0,0,0
0,,0,,4599,0,0,0,Atletico-MG,38,0,0,0
19,,3,,5828,0,1,6,Vasco,9,1,11,440
22,58%,8,81%,8307,0,0,14,Athletico-PR,29,3,14,478
0,,0,,8673,0,-2,0,Cruzeiro,27,0,0,0
,,0,,4443,0,0,0,Cruzeiro,22,0,0,0
0,,0,,1528,0,0,0,Santos,39,0,0,0
,,0,,1786,0,0,0,CORINTHIANS,22,0,0,0
0,,0,,25,0,0,0,Paysandu   ,4,0,0,0
15,57%,0,,5163,0,2,9,Corinthians   ,18,2,11,491
0,,0,  ,254,0,0,0,Goias,22,0,0,0
0,,0,,1593,0,0,0,Palmeiras,3,0,0,0
, 41% ,2,74%,6847,0,3,2,Botafogo-RJ,35,0,18,290
0,,0,,114,0,0,0,Coritiba,10,0,0,0
7,53%,1,83%,7255,1,5,3,sao paulo,37,0,15,457
14,51%,6,,6097,0,4,8,Corinthians,36,0,16,438
0,,0,,1424,0,0,0,Santos,30,0,0,0
0,,0,,4391,0,0,0,Fluminense,17,0,0,0
22,47%,8, 80% ,7521,0,2,10,FORTALEZA,26,0,13,393
0,,0,,1504,0,0,0,Sao Caetano,37,0,0,0
20,52%,4,80%,7745,0,1,6,Fortaleza,10,5,12,391
0,,0,,2165,0,0,0,Sport,21,0,0,0
9,47%,8,82%,6224,0,-12,7,FLAMENGO,10,1,7,383
0,,0,,538,0,0,0,Coritiba,45,0,0,0
15,38%,0,,5473,0,3,4,BOTAFOGO-RJ,11,0,18,299
13,49%,1,85%,7351,0,2,3,Sport,9,0,23,414
5,37%,2,  ,7504,0,2,3,Cuiaba,24,1,10,360
0,,0,,3827,0,0,0,Fluminense,37,0,0,0
0,,0,,3609,0,0,0,Figueirense,15,0,0,0
0,,0,,1474,0,0,0,Sao Paulo,34,0,0,0
10,31%,4,64%,6299,1,4,3,Botafogo-RJ,20,0,17,230
17,56%,0,,5456,0,0,5,gremio,9,4,13,572
12,55%,4,88%,7590,0,1,4,Corinthians,32,1,15,536
0,,0,,8663,0,0,0,Flamengo,26,0,0,0
0,,0,,4319,0,0,0,  Criciuma,10,0,0,0
20,54%,8,,5182,0,2,4,Fluminense,20,5,15,379
0,,0,,2228,0,0,0,Sport,28,0,0,0
10, 37% ,5,80%,7355,0,0,7,Atletico-GO,9,4,9,405
0,,0,,2092,0,0,0,corinthians,14,0,0,
0,,0,,1559,0,0,0,Ponte Preta,42,0,0,0
16,57%,6,93%,8791,0,2,4,Flamengo,1,5,10,524
0,,0,,3440,0,0,0,Sao Paulo,36,0,0,0
0,,0,,1135,0,0,0,Fortaleza,3,0,0,0
,48%,0,,5130,0,2,1,chapecoense,15,3,15,372
12,33%,0,,5617,0,4,1,Palmeiras   ,26,1,16,325
0,,0,,2662,0,0,0,  Nautico,34,0,0,0
21,58%,5,,7298,0,0,12,Bragantino,4,1,15,494
10,58%,1,84%,6864,0,0,5,Sao Paulo,36,1,16,  
0,,0,,1211,0,0,0,Botafogo-RJ,10,0,0,0
9,51%,1,N/A,8202,0,3,3,Coritiba,18,2,21,335
0,,0,-,8615,0,0,0,Cruzeiro,21,0,0,0
0,,0,,3589,0,0,0,  Palmeiras,13,0,0,0
4,35%,2,77%,7419,0,1,3,Sport,16,0,11,348
10,45%,4,79%,7140,0,3,4,Coritiba,26,2,14,null
0,,0,,509,0,0,0,FLAMENGO,43,0,0,0
21,62%,7,80%,6604,0,5,10,Atletico-MG,10,2,16,439
0,,0,,4272,0,0,0,Vitoria,5,0,0,0
0,,0,,3872,0,0,0,Internacional,3,0,0,0
0,,0,,965,0,0,0,Gremio,35,0,0,0
0,  ,0,,747,0,0,0,Vitoria,17,0,0,null
0,,0,,176,0,0,0,athletico-pr,15,0,0,0
15,47%,9,85%,7615,0,2,6,Sport,35,0,13,
0,,0,,111,0,0,0,Juventude,10,0,0,0
0,,0,,3016,0,0,0,Flamengo,31,0,0,0
24,62%,7,88%,8118,0,2,8,Corinthians,10,1,11,N/A
0,,0,,8747,0,0,0,Vitoria,35,0,0,0
0,,0,,4590,0,0,0,Sao Paulo,37,0,0,0
8,54%,3,82%,7502,0,2,5,Fluminense,24,1,13,461
0,,0,,1254,0,0,0,Atletico-MG,14,0,0,0
14,54%,5,85%,6950,0,3,7,Sao Paulo,6,2,16,442
11,60%,3,77%,7887,0,4,11,  Palmeiras,25,3,12,
0,,0,,283,0,0,0,Vasco,24,0,0,0
0,,0,,4888,0,0,0,Sao Paulo,29,0,0,0
null,39%,0,,5184,0,2,3,Corinthians,20,0,12,387
0,,0,,4046,0,0,0,Botafogo-RJ   ,20,0,0,0
8,44%,3,80%,8110,0,4,5,Internacional,9,0,12,385
11,35%,5,76%,7445,0,5,4,Cuiaba,18,2,17,307
0,,0,,1693,0,0,0,Santa Cruz,13,0,0,0
0,,0,,1967,0,0,0,America-RN,3,0,0,0
0,,0,,3980,0,0,0,Corinthians   ,14,0,0,0
0,,0,,1363,0,0,0,Cruzeiro,24,0,0,0
0,,0,,1407,0,0,0,Ponte Preta,28,0,0,0
0,,0,,1724,0,0,0,FORTALEZA,16,0,0,-
9,64%,4,92%,8786,0,4,5,vitoria,1,0,15,479
0,,0,,1770,0,0,0,Palmeiras,21,0,0,0
22,52%,0,,5461,0,1,4,Fluminense,10,0,9,501
8,43%,4,  ,7898,0,4,3,Ceara,26,4,24,343
17,55%,4,90%,7807,0,0,8,Flamengo,17,0,13,543
21,62%,6,,5966,0,3,9,Atletico-MG,23,4,14,455
0,,0,-,2766,0,0,0,Internacional,6,0,0,0
14,63%,5,93%,8857,0,3,3,Vasco,8,0,16,606
0,,0,,3764,0,0,0,ATLETICO-GO,30,0,0,0
0,,0,,411,0,0,0,Corinthians   ,35,0,0,0
17,57%,0,,5128,0,-5,13,gremio,15,7,6,582
0,,0,,2974,0,0,0,Flamengo,27,0,0,0
0,,0,,4140,0,0,0,Atletico-MG,30,0,0,0
0,,0,,4137,0,0,0,Cruzeiro,30,0,0,null
23,69%,9,83%,8081,0,4,14,Vasco,6,0,14,515
0,,0,,706,0,0,0,Criciuma   ,13,0,0,0
15,55%,0,,5445,0,1,5,ATLETICO-MG,8,1,12,494
0,,0,,4512,0,0,0,Flamengo   ,29,0,0,0
12,56%,3,,6019,0,0,7,  Gremio,27,2,15,589
0,,0,,3823,0,0,0,Cruzeiro   ,36,0,0,0
15,48%,4,null,7433,0,2,3,Sport,17,0,15,-
13,44%,3,75%,8292,0,3,2,atletico-mg,27,2,19,386
0,,0,,1428,0,0,0,Botafogo-RJ,30,0,0,
22,68%,0,,5621,0,4,9,Gremio,26,1,17,645
17,62%,0,,5187,0,2,7,Vasco,21,3,11,490
0,,0,,3706,0,0,0,America-MG,24,0,0,0
10,47%,5,88%,9030,0,4,5,Vitoria,25,2,10,357
0,,0,,4130,0,0,0,Ponte Preta,29,0,0,0
0,,0,,4121,0,0,0,Santos,28,0,0,0
8,45%,4,,5972,1,3,3,Fluminense,23,2,11,365
-,49%,6, 82% ,6332,1,2,6,FLAMENGO,21,0,9,
17,64%,5,84%,7714,0,2,6,Avai,6,0,18,545
11,45%,0,,4990,0,3,5,Gremio,1,2,17,401
9,41%,4,89%,8977,0,3,3,Ceara,20,2,19,299
0,,0,,3885,0,0,0,Cruzeiro,4,0,0,0
0,,0,,8685,0,0,0,flamengo,28,0,0,0
  ,,0,,2070,0,0,0,botafogo-rj,11,0,0,0
0,,0,,1354,0,0,0,Atletico-MG,23,0,0,0
0,,0,,596,0,0,0,  Palmeiras,4,0,0,0
0,,0,,4643,0,0,0,  Corinthians,4,0,0,0
,,0,,2423,0,0,0,Nautico   ,11,0,0,0
0,,0,,2606,0,0,0,Figueirense   ,28,0,0,0
0,,0,,1996,0,0,0,Cruzeiro   ,5,0,0,-
0,,0,,4032,0,0,0,SAO PAULO,19,0,0,0
19,49%,0,,5283,0,2,11,Cruzeiro,30,5,7,365
0,,0,,2840,0,0,0,Flamengo,14,0,0,0
null,48%,2,79%,7889,0,3,5,Coritiba,25,4,8,404
15,57%,0,,5475,0,3,13,Sport,11,0,22,494
25,47%,8,79%,8124,0,3,7,Gremio,10,1,17,442
15,54%,6,75%,7967,0,1,11,Flamengo,33,3,10,413
16,57%,4,78%,7881,0,4,1,Atletico-MG,24,1,14,421
24,59%,8,79%,7476,0,0,8,Ceara   ,22,1,8,485
-,,0,,8687,0,0,0,Fluminense,29,0,0,0
8,58%,3,84%,7188,0,1,3,Gremio,31,1,11,637
11,33%,5,,6733,0,4,2,Atletico-MG,23,1,20,254
0,,0,,1941,0,0,0,Figueirense,38,0,0,0
6,61%,0,88%,8309,0,2,2,Bahia,29,1,10,544
17, 44% ,8,82%,7234,0,3,3,Corinthians,35,1,19,420
6,40%,4,80%,6377,0,1,0,Ceara,26,0,9,380
0,,0,,2468,0,0,0,Internacional,15,0,0,0
8,53% un,2,85% un,7357,0,2,3,Bahia   ,10,1,19,508
0,,0,,3358,0,0,0,Gremio Prudente,28,0,0,0
11,52%,2,,5988,0,4,4,Corinthians   ,25,2,12,511
0,,0,,3874,0,0,0,Santos,3,0,0,
8,-,2,73%,7426,0,5,1,CHAPECOENSE,17,3,24,234
0,,0,,2618,0,0,0,Athletico-PR,30,0,0,0
0,,0,,1973,0,-1,0,Nautico,3,0,0,0
14,-,0,,5061,0,3,7,Palmeiras,8,0,9,476
0,,0,,1083,0,0,0,Palmeiras,45,0,0,0
0,,0,,1451,0,0,0,Vasco,32,0,0,0
8,58%,0,,5054,0,4,5,Avai,7,0,14,304
0,,0,,4362,0,0,0,Cruzeiro,14,0,0,  
0,,0,,4359,0,0,0,Santos,14,0,0,0
6,46%,5,,8842,0,1,2,Gremio   ,6,2,11,335
9,42%,1,84%,6279,0,1,2,Sport,16,2,11,420
0,,0,   un,2835,0,0,0,Sport   ,13,0,0,-
0,,0,,86,0,0,0,Cruzeiro,8,0,0,0
0,,0, null ,320,0,0,0,Sao Paulo,27,0,0,0
10,49%,4,71%,6462,0,2,5,Botafogo-RJ,34,1,14,364
18,71%,8,86%,7304,0,-10,9,Santos,4,1,9,616
0,,0,,1735,0,0,0,parana,17,0,0,0
17,54%,3,78%,6500,0,1,8,Cruzeiro   ,38,3,15,394
0,  ,0,,2533,0,0,0,santos,21,0,0,0
null,,0,,4671,0,0,0,Sport,7,0,0,0
0,,0,,775,0,0,0,Guarani,19,0,0,0
0,,0,,3720,0,0,0,Botafogo-RJ,26,0,0,-
24,-,10, 91% ,8295,2,3,15,Fluminense,27,2,15,690
20,51%,0,,5467,0,4,5,CRUZEIRO,11,1,13,390
15,42%,4,,5013,0,2,9,Fluminense,3,2,19,
7,51%,3,78%,7947,0,1,5,Corinthians,31,4,10,412
11,41%,6,81%,8378,0,2,1,Atletico-MG,36,3,12,421
20,53%,6,,5940,0,4,7,Atletico-MG,20,1,22,465
0,,0,,4460,0,0,0,Bahia,24,0,0,0
6,29%,3,87%,8923,0,2,1,Juventude,14,2,6,222
0,,0,,3060,0,0,0,Botafogo-RJ,36,0,0,0
0,,0,,4210,0,0,0,Figueirense,37,0,0,0
0,,0,,4514,0,0,0,Corinthians,29,0,0,0
0,,0,,1247,0,0,0,Paysandu,13,0,0,0
0,,0,,4661,0,0,0,  Corinthians,6,0,0,
0,,0,,4800,0,0,0,Sao Paulo,19,0,0,0
14,44%,8,88%,7499,0,2,0,Sport,24,1,11,468
7,46%,0,,5365,0,1,4,Gremio,38,3,13,314
17,64%,4,84%,6142,0,2,3,Vasco,2,2,8,559
0,N/A,0,,1656,0,0,0,Goias,9,0,0,0
0,,0,,4129,0,0,0,Figueirense,29,0,0,0
7,37%,0,85%,6234,0,0,5,Parana,11,1,8,-
7,48%,2,85%,8387,0,4,3,Atletico-MG,37,0,15,401
7,40%,2,86%,8269,1,2,0,Fluminense,25,3,12,371
0,,0,,1014,0,0,0,Gremio,39,0,0,0
N/A,,0,,937,0,0,0,Sao Paulo,33,0,0,0
0,,0,,178,0,0,0,Atletico-MG,15,0,0,0
0,,0,,2681,0,0,0,vitoria,36,0,0,0
20,66%,7,88%,7093,0,2,11,Flamengo,21,1,15,559
0,,0,,8738,0,0,0,Athletico-PR,34,0,0,0
0,,0,,583,0,0,0,Figueirense,3,0,0,0
11,41%,6,,5958,0,4,3,Ponte Preta,22,1,20,353
0,,0,,8724,0,0,0,Flamengo,32,0,0,0
0,,0,,1698,0,0,0,Ponte Preta,14,0,0,0
18,60%,6,78%,7446,0,1,4,Fortaleza,19,0,7,467
19,53%,9,N/A,7595,0,3,6,Atletico-MG,32,1,12,425
-,,0,,1564,0,0,0,Sao Caetano,42,0,0,0
0,,0,,4857,0,0,0,Chapecoense,25,0,0,0
N/A,,0,,4253,0,0,0,Atletico-MG,3,0,0,0
18,42%,3,77%,6960,0,2,8,Bragantino,7,0,12,354
0,,0,,4694,0,0,0,Santos,9,0,0,0
0,,0,,3563,0,0,0,  Figueirense,12,0,0,0
10,58%,1,,5282,0,4,5,Sao Paulo   ,30,2,21,462
0,,0,,2190,0,0,0,Juventude,24,0,0,0
8,27% un,2,66%,8131,1,1,2,America-MG,11,3,11,279
4,-,0,79%,7122,0,4,1,Sport,24,3,17,381
0,,0,,1796,0,0,0,Fortaleza,23,0,0,0
9,52%,4,83%,6311,0,3,5,Flamengo,18,3,28,
  ,35%,0,67%,8393,0,1,6,Coritiba,37,1,10,265
14,59%,0,,5483,0,2,8,America-MG,12,3,10,539
13,51%,4,91%,8902,0,4,6,Botafogo-RJ,12,1,17,431
14,60%,0,,5092,0,1,7,Sao Paulo,11,3,18,492
0,,0,,163,0,0,0,Ponte Preta   ,14,0,0,0
0,,0,,3946,0,0,0,Palmeiras,10,0,0,0
0,,0,,2586,0,0,0,Ipatinga,26,0,0,0
0,,0,,2826,0,0,0,Flamengo,12,0,0,0
0,,0,,3374,0,0,0,FLAMENGO,29,0,0,0
0,,0,,3702,0,0,0,  Palmeiras,24,0,0,0
,,0,,1605,0,0,0,Figueirense,4,0,0,0
15,47%,0,,5635,0,2,3,  Gremio,27,2,13,510
6,32%,1,,6050,1,3,4,bahia,31,1,17,274
8,,4,91%,9097,0,4,4,Internacional,32,2,21,298
14,62%,6,84%,7294,0,2,7,  Ceara,3,1,14,511
0,,0,,2377,0,0,0,SANTOS,6,0,0,0
0,,0,,4442,0,0,0,Corinthians,22,0,0,0
20,64%,0,,5679,0,2,13,Flamengo,32,6,13,463
0,N/A,0,,1191,0,0,0,Juventude,8,0,0,0
N/A,60%,8,  ,8345,0,5,3,Fluminense   ,32,1,25,492
7,48%,3,78%,7297,0,2,1,Chapecoense,4,3,13,419
N/A,44%,5,85%,6183,0,2,3,Sport,6,1,18,436
,,0,,4012,0,0,0,Nautico,17,0,0,0
12,61%,3,N/A,7095,0,0,7,Botafogo-RJ   ,21,2,16,439
0,  ,0,,3332,0,0,0,Corinthians,25,0,0,0
NAN,52%,8,89%,9010,0,2,5,Bragantino,23,2,11,275
0,,0,,4090,0,0,0,  Corinthians,25,0,0,0
5,N/A,2,,5812,0,2,5,Vasco,7,0,15,362
0,,0,,3929,0,0,0,Coritiba,9,0,0,0
,,0,,2222,0,0,0,Palmeiras,27,0,0,0
0,  ,0,,551,0,0,0,Vasco,46,0,0,  
14,58%,4,83%,7605,0,3,5,BAHIA,33,0,14,498
17,51%,7,80%,6585,0,2,6,Goias,8,0,14,353
0,,0,,4304,0,0,0,Portuguesa,8,0,0,0
0,,0,,4032,0,0,0,Corinthians,19,0,0,0
0,,0,,1626,0,0,0,Botafogo-RJ,6,0,0,0
20,63%,7,80%,6169,0,2,7,Vasco,5,1,16,472
0,,0,,1781,0,0,0,Fortaleza,22,0,0,0
0,,0,,355,0,0,0,Internacional,30,0,0,0
0,N/A,0,N/A,59,0,0,0,Fluminense,5,0,0,0
7,38%,0,  ,5108,0,3,3,Vasco,13,0,12,372
  ,,0,,2300,0,0,0,Goias   ,36,0,0,0
0,,0,,1023,0,0,0,Flamengo,40,0,0,0
0,,0,,3712,0,0,0,Flamengo,25,0,0,0
0,,0,,3066,0,0,0,flamengo,36,0,0,0
  ,55%,4,79%,6715,0,3,9,Chapecoense   ,21,1,19,397
0,,0,,159,0,0,0,Gremio,14,0,0,0
9,51% un,3,79%,6866,0,2,6,Athletico-PR,37,3,16,366
0,,0,,2658,0,0,0,Santos,34,0,0,0
0,,0,,8495,0,0,0,Atletico-MG,9,0,0,0
0,,0,,3306,0,0,0,Avai,22,0,0,0
10, 51% ,4,71%,7470,0,3,6,Ceara,21,0,17,390
0,,0,,2502,0,0,0,goias,18,0,0,0
0,,0,,3263,0,0,0,  Palmeiras,18,0,0,0
0,,0,,4798,0,0,0,Flamengo,19,0,0,0
10,40%,7,71%,7002,0,4,7,goias,12,3,14,286
0,,0,null,2150,0,0,0,Palmeiras,20,0,0,0
0,,0,,2872,0,0,0,Goias   ,17,0,0,0
0,,0,,3760,0,0,0,Santos,30,0,0,0
0,,0,,2736,0,0,0,Flamengo,3,0,0,0
0,,0,  ,2912,0,0,0,Atletico-MG,21,0,0,0
14,,6,88%,7115,0,3,5,Flamengo,23,0,24,531
0,,0,,32,0,0,0,Corinthians,4,0,0,0
0,,0,,3816,0,0,0,Santos,35,0,0,0
0,,0,,2093,0,0,0,Parana   ,14,0,0,0
0,,0,,1692,0,-9,0,Athletico-PR,13,0,0,0
20,65% un,0,,5459,0,0,14,Botafogo-RJ,10,5,12,513
0,,0,,204,0,0,0,parana,17,0,0,0
0,,0,,2463,0,0,0,Nautico,13,0,0,0
13,55%,1,,5771,0,2,9,Santos,3,1,8,509
7,48%,0,,5712,0,3,3,Figueirense,35,8,26,326
0,,0,,4683,0,0,0,athletico-pr,8,0,0,null
0,,0,,1394,0,0,0,Parana   ,27,0,0,0
0,,0,,3190,0,0,0,Santos,11,0,0,0
0,,0,,1121,0,0,0,cruzeiro,2,0,0,0
2,32%,1,69%,8204,0,2,1,Botafogo-RJ,18,1,7,279
0,,0,,1744,0,0,0,Parana,18,0,0,0
10,37%,1,81%,8036,0,3,6,Athletico-PR,2,1,20,341
0,,0,,3156,0,0,0,Atletico-GO,7,0,0,0
0,,0,,4612,0,0,0,BAHIA,1,0,0,0
21,47%,0,,5197,0,4,8,JOINVILLE,22,0,23,359
7,54%,3,  ,8397,0,1,1,  Internacional,38,2,10,569
0,,0,,2752,0,0,0,Flamengo,5,0,0,0
0,,0,,1221,0,0,0,Botafogo-RJ,11,0,0,0
0,,0,,2345,0,0,0,Internacional,2,0,0,0
0,,0,  ,1304,0,0,0,Paysandu,19,0,0,0
0,,0,  ,4716,0,0,0,Atletico-MG,10,0,0,0
9,54%,4,86%,6679,0,2,4,Fluminense,18,4,15,472
0,,0,,3429,0,0,0,GREMIO,35,0,0,0
9,61%,4,,7789,0,4,3,Ceara,15,3,24,391
0,,0,,1055,0,0,0,sao caetano,42,0,0,0
0,,0,,3330,0,0,0,Gremio Prudente,25,0,0,0
0,null,0,,713,0,0,0,Flamengo,14,0,0,0
,,0,,2514,0,0,0,Ipatinga,19,0,0,0
0,,0,,2641,0,0,0,Sao Paulo,32,0,0,0
22,64%,3,88%,7532,0,0,8,Atletico-MG,27,1,7,593
0,,0,,752,0,0,0,Ponte Preta,17,0,0,0
7,32%,0,,5530,0,1,1,Chapecoense,17,0,11,291
0,,0,,4899,0,0,0,flamengo,30,0,0,0
18,  ,0,,5334,0,0,5,Sao Paulo,35,3,7,418
25,71% un,4,88%,7635,0,4,3,Sport   ,37,0,27,526
0,,0,,340,0,0,0,Cruzeiro,29,0,0,0
0,,0,,3339,0,0,0,Internacional,26,0,0,0
0,null,0,,2876,0,0,0,Atletico-MG,17,0,0,0
0,,0,,3601,0,0,0,Flamengo,14,0,0,N/A
13,48%,0,,5050,0,0,4,Corinthians,7,4,10,392
6,56%,0,80%,6918,0,5,5,ATHLETICO-PR,4,0,23,459
10,49%,2,80%,6196,1,3,2,Parana,8,4,18,392
0,,0,,2527,0,0,0,Vitoria,21,0,0,0
0,,0,,926,0,0,0,CRUZEIRO,32,0,0,0
0,,0,,3263,0,0,0,Fluminense,18,0,0,0
0,,0,,536,0,0,0,Flamengo,45,0,0,0
9,45%,5,91%,8947,0,2,2,Corinthians,17,1,15,422
0,N/A,0,,3393,0,0,0,Flamengo,31,0,0,0
15,49%,0,,5337,0,1,2,Cruzeiro,36,2,13,433
0,,0,,1398,0,0,0,CORITIBA,27,0,0,0
0,,0,,1697,0,0,0,Juventude,14,0,0,0
0,,0,,550,0,0,0,Paysandu,46,0,0,0
,,0,,3692,0,0,0,Ceara   ,23,0,0,0
16,42%,0,,5518,0,1,4,Coritiba,16,0,19,339
0,,0,  ,875,0,0,0,  Atletico-MG,27,0,0,0
0,,0,,212,0,0,0,parana,18,0,0,0
12,34%,6,,7732,0,4,3,Fortaleza,9,5,21,280
,,0,,2913,0,0,0,Fluminense,21,0,0,0
12,39%,7,84%,7247,0,3,0,BAHIA,37,1,13,353
13,58%,0,,5070,0,2,10,Atletico-MG,9,4,11,505
0,,0,,8571,0,0,0,Gremio   ,17,0,0,0
17,73%,0,,5246,0,2,10,Flamengo,26,2,12,627
11,58%,4,91%,8963,0,2,2,Palmeiras,18,2,20,391
,26%,4,68%,7492,0,1,2,Juventude   ,23,1,13,215
0,,0,,3528,0,0,0,Gremio,7,0,0,0
0,,0,,4201,0,0,0,Sao Paulo,36,0,0,0
0,,0,,3016,0,0,0,Flamengo,31,0,0,0
0,,0,,2968,0,0,0,Vitoria,27,0,0,null
16,48%,4,,5990,0,2,7,Coritiba,25,2,20,328
9,43%,2,88%,9110,0,1,6,Vitoria,33,3,18,257
0,,0,,2447,0,0,0,Palmeiras,14,0,0,0
0,,0,,4365,0,0,0,SAO PAULO,14,0,0,0
0,,0,  ,4486,0,0,0,Santos,26,0,0,
0,,0,,362,0,0,0,Gremio,31,0,0,0
0,,0,-,2589,0,0,0,FIGUEIRENSE,27,0,0,  
12,60%,0,,5077,1,2,7,Internacional,10,3,8,469
0,,0,,931,0,0,0,Palmeiras,32,0,0,0
0,,0,,3298,0,0,0,Guarani,22,0,0,0
0,,0,,844,0,0,0,Goias,25,0,0,0
0,,0,,4252,0,0,0,Ponte Preta,3,0,0,0
12,39%,4,78%,6602,0,-7,2,Internacional,10,3,16,303
0,,0,,997,0,0,0,PALMEIRAS,38,0,0,
12,53%,0,,5263,0,3,9,Figueirense,28,3,21,385
15,46%,3,78%,7963,0,2,4,Coritiba,32,0,11,343
9,56%,4,84%,8102,0,2,7,Bahia,8,0,13,528
13,65%,2,84%,7343,0,1,6,Bragantino,8,0,11,532
14,45%,7,83%,6588,0,1,3,Internacional,9,0,11,506
0,,0,-,3059,0,0,0,Cruzeiro,36,0,0,0
0,,0,,1730,0,0,0,Botafogo-RJ,17,0,0,0
0,,0,,3286,0,0,0,Avai,20,0,0,0
12,41%,0,,5097,0,1,5,Chapecoense,12,0,8,365
0,,0,,2837,0,0,0,Gremio,14,0,0,0
0,,0,,4651,0,0,0,Flamengo,5,0,0,0
15,64%,7,87%,7182,0,2,9,BRAGANTINO,30,0,16,494
0,,0,,1417,0,0,0,Atletico-MG,29,0,0,0
0,,0,,4306,0,0,0,Ponte Preta,8,0,0,0
0,,0,,2760,0,0,0,Goias,6,0,0,0
20,59%,5,85%,7083,0,2,4,Bahia,20,1,19,499
15,62%,6,86%,6358,0,2,8,Flamengo,24,1,17,492
N/A,,0,,8475,0,0,0,Fortaleza,7,0,0,0
0,,0,,287,0,0,0,Gremio,24,0,0,0
0,,0,,4225,0,0,0,Portuguesa,38,0,0,0
11,48%,5,90% un,8794,1,3,3,Bahia,1,1,16,392
0,,0,,8708,0,0,0,  Gremio,31,0,0,0
0,,0,,4617,0,0,0,Santos,2,0,0,0
16,59%,5,95%,8970,0,2,8,Bahia,19,0,16,387
11,null,4,79%,7849,0,2,8,Atletico-GO,21,1,10,338
0,,0,,1815,0,0,0,Cruzeiro,25,0,0,0
17,47%,8,90%,8939,0,3,10,Sport,16,1,17,null
0,,0,,8455,0,0,0,Criciuma,5,0,0,0
0,-,0,,1453,0,0,0,Atletico-MG,32,0,0,0
0,,0,,4352,0,0,0,Santos,13,0,0,-
0,,0,,3178,0,0,0,Atletico-MG,10,0,0,0
14,54%,0,,5258,0,-3,3,Gremio,28,2,13,538
-, 60% ,2,84%,8271,1,3,9,Cruzeiro,25,2,15,525
0,,0,,425,0,0,0,Figueirense,36,0,0,0
0,,0,,1125,0,0,0,Santos,2,0,0,0
0,,0,,2809,0,0,0,Barueri,11,0,0,0
0,,0,,4283,0,0,0,Vasco,6,0,0,0
-,,0,,3513,0,0,0,Botafogo-RJ,5,0,0,0
0,,0,,8441,0,0,0,cruzeiro,4,0,0,0
0,,0,,4061,0,0,0,Atletico-GO,22,0,0,0
0,,0,,2653,0,0,0,Atletico-MG,33,0,0,0
0,,0,,2039,0,0,0,Cruzeiro,9,0,0,0
9,42%,5,,6065,0,3,0,Chapecoense,32,1,21,308
10,51%,0,,5462,0,1,2,Corinthians,10,2,11,479
0,N/A,0,,8543,0,0,0,Juventude,14,0,0,0
  ,,0,,8499,0,0,0,Vasco,10,0,0,0
0,,0,,2051,0,0,0,Athletico-PR,10,0,0,0
0,,0,,499,0,0,0,Sao Paulo,42,0,0,0
0,,0,,2179,0,0,0,juventude,23,0,0,0
0,,0,,4686,0,0,0,Santos,8,0,0,0
18,  ,7,,5794,0,4,5,chapecoense,5,0,22,362
0,,0,,276,0,0,0,Vitoria   ,23,0,0,0
17,43%,7,90%,8991,0,0,5,Juventude,21,1,9,406
0,,0,,2199,0,0,0,Sao Paulo   ,25,0,0,0
0,-,0,,1751,0,0,0,Santa Cruz,19,0,0,0
-,37%,4,71%,6890,0,2,2,Atletico-MG,1,3,24,321
8,61%,4,89%,8346,0,2,3,FLUMINENSE,33,0,16,584
0,,0,,4018,0,0,0,sport,18,0,0,0
0,,0,,704,0,0,0,JUVENTUDE,13,0,0,0
6,62%,1,82%,8173,1,4,4,ATLETICO-MG,15,0,14,515
0,,0,,3272,0,0,0,Cruzeiro,19,0,0,0
4,39%,0,74%,8144,0,2,4,goias,12,6,23,317
11,62%,7,90%,7488,0,0,8,CORINTHIANS,23,1,6,595
,48%,3,79%,7844,0,1,5,Juventude,20,1,15,421
11,55%,3, 82% ,7201,1,1,5,Fortaleza,32,2,13,395
0,,0,,347,0,0,0,ATHLETICO-PR,29,0,0,0
17,39%,0,,5359,0,4,7,Figueirense,38,0,16,262
0,,0,,2506,0,0,0,Internacional,18,0,0,0
0,,0,,1722,0,0,0,ATHLETICO-PR,16,0,0,0
N/A,,0,,4588,0,0,0,Corinthians,37,0,0,0
12,37%,2,,5752,0,0,7,Avai,1,2,6,321
0,,0,,2102,0,0,0,juventude,15,0,0,0
0,,0,,2127,0,0,0,Sport,18,0,0,0
,,0,,4142,0,0,0,Sao  Paulo,30,0,0,0
,38%,0,,5229,0,5,2,Ponte Preta,25,1,22,333
0,,0,,8486,0,0,0,Juventude,9,0,0,0
null,42%,4,81%,7828,0,1,6,Avai   ,19,1,19,333
0,,0,,1519,0,0,0,Fluminense,38,0,0,0
0,  ,0,,130,0,0,0,Santos,11,0,0,N/A
9,53%,0,,5027,0,4,4,figueirense,5,5,8,442
11, 56% ,4,,5765,0,1,5,Sao Paulo,2,1,16,444
0,,0,,2762,0,0,0,Coritiba,6,0,0,0
,64% un,2,85%,8000,0,4,9,Corinthians,36,4,10,566
0,,0,,2018,0,0,0,Juventude,7,0,0,0
0,,0,,1816,0,0,0,Santa Cruz,25,0,0,0
16,48%,5,77% un,7500,0,5,9,Ceara,24,1,22,337
0,,0,,225,0,0,0,corinthians,19,0,0,0
0,,0,,3377,0,0,0,Internacional,30,0,0,0
0,,0,,2556,0,0,0,  Flamengo,23,0,0,0
0,,0,,1780,0,0,0,Gremio,22,0,0,0
,52%,0,,5194,0,3,5,Corinthians,21,1,11,429
0,,0,,3671,0,0,0,Cruzeiro,21,0,0,
0,,0,,1684,0,0,0,Parana,12,0,0,0
12,,3,87%,8136,0,2,5,Corinthians,12,1,11,606
14,46%,0,,5531,0,6,7,Ponte Preta,17,0,21,352
0,,0,  ,1268,0,0,0,Figueirense,15,0,0,0
9,41%,3,84%,8138,0,1,3,Fortaleza,12,1,10,420
19,64%,3,82%,6776,0,1,3,Santos,28,5,12,502
13,41%,6,81%,8255,0,2,5,Atletico-MG   ,23,4,15,377
0,,0,,585,0,0,0,PARANA,3,0,0,0
0,,0,,2084,0,0,0,  Parana,13,0,0,0
0,,0,,3947,0,0,0,Atletico-MG,11,0,0,0
0,,0,,4139,0,0,0,Corinthians,30,0,0,0
0,,0,,1575,0,0,0,Fluminense,1,0,0,0
12,60%,5,86%,7388,0,2,8,  Atletico-MG,13,3,17,511
0,,0,,441,0,0,0,Fortaleza,37,0,0,0
0,,0,,3376,0,0,0,Atletico-MG,29,0,0,0
  ,,0,,4715,0,0,0,Cruzeiro,10,0,0,0
0,,0,,3787,0,0,0,Bahia,33,0,0,0
0,,0,,1935,0,-10,0,Fluminense,37,0,0,0
null,,0,,734,0,0,0,Athletico-PR,16,0,0,0
0,,0,,4079,0,0,0,Ponte Preta,24,0,0,0
0,,0,,8569,0,0,0,Corinthians,17,0,0,0
0,,0,,3271,0,0,0,  Fluminense,19,0,0,0
17,66%,5,,6077,0,3,7,Corinthians,34,0,15,651
0,,0,,230,0,0,0,Guarani,20,0,0,0
,44%,4,80%,6259,0,2,2,Palmeiras,14,4,20,405
8,47%,0,,5248,0,5,5,Figueirense,27,0,22,368
0,,0,,2080,0,0,0,Nautico,13,0,0,0
0,,0,,1520,0,0,0,Cruzeiro,38,0,0,0
  ,,0,,2087,0,0,0,Athletico-PR,14,0,0,0
0,,0,,8535,0,0,0,Corinthians,13,0,0,0
N/A,33%,2,78%,8264,1,4,1,Botafogo-RJ,24,1,8,342
12,54%,1,79%,8290,1,1,3,Internacional,27,0,13,442
0,,0,,290,0,0,0,Sao Caetano,25,0,0,0
0,,0,,3288,0,0,0,Corinthians   ,21,0,0,0
14,60%,5,,6024,0,2,10,Santos,27,2,11,449
0,,0,,3736,0,0,0,Botafogo-RJ,27,0,0,0
0,,0,,8598,0,0,0,Bahia,20,0,0,0
17,61%,6,86%,7222,0,1,7,  Flamengo,34,0,19,530
0,   un,0,,434,0,0,0,Guarani,37,0,0,0
15,49%,3,84%,8267,0,2,7,Gremio,25,1,12,466
0,,0,,2090,0,0,0,Flamengo,14,0,0,0
0,,0,,3175,0,0,0,Guarani,9,0,0,0
13,57%,6,93%,8991,0,-3,3,Botafogo-RJ,21,0,17,437
-,,0,,8570,0,0,0,Vasco,17,0,0,0
0,,0,,204,0,0,0,gremio,17,0,0,0
0,,0,,2226,0,0,0,Cruzeiro,27,0,0,0
9,55%,0,,5139,1,1,4,Gremio,16,1,13,484
null,,0,,1529,0,0,0,Figueirense,39,0,0,0
11,46%,0,,5096,1,1,6,Internacional,11,5,5,452
0,,0,,3533,0,0,0,Palmeiras,7,0,0,0
0,,0,,82,0,0,0,coritiba,7,0,0,0
17,37%,6,84%,8205,0,2,10,cuiaba,18,1,9,295
10,36%,0,,5196,0,3,3,Goias,21,2,13,284
8,49%,3,82%,6248,0,2,3,Corinthians,13,0,19,
19,55%,0,,5675,0,1,10,Sport,31,2,9,354
21,67%,6,,6111,0,3,11,Cruzeiro,37,2,16,572
0,,0,,1659,0,0,0,SAO CAETANO,10,0,0,0
16,47%,4,-,6061,0,1,4,  Cruzeiro,32,2,9,488
0,,0,,3933,0,0,0,Cruzeiro,9,0,0,0
25,66%,6,85%,7224,0,1,10,Botafogo-RJ,34,3,11,542
3,40%,2,,6064,0,3,1,Vasco,32,1,17,343
0,,0,null,3426,0,0,0,Athletico-PR,34,0,0,0
0,,0,,924,0,0,0,palmeiras,31,0,0,0
null,42%,4,89%,8910,0,5,2,BRAGANTINO,13,0,14,285
0,,0,,669,0,0,0,CRICIUMA,10,0,0,0
0,,0,,4394,0,0,0,Corinthians,17,0,0,0
0,,0,,4897,0,0,0,Bahia,30,0,0,0
24,64%,6,83%,8314,0,2,11,  Santos,29,1,15,null
0,,0,,4474,0,0,0,Corinthians   ,25,0,0,0
8,43%,0,,5629,0,2,5,America-MG,27,1,16,374
17,63%,5,84%,8222,0,3,5,Flamengo,20,0,10,522
0,,0,null,3499,0,0,0,Sao  Paulo,4,0,0,0
0,,0,,354,0,0,0,Sao Paulo,30,0,0,0
0,,0,,1748,0,0,0,Internacional,19,0,0,0
0,,0,,2287,0,0,0,Parana,35,0,0,
21,47%,3,78%,7793,0,2,3,  Goias,15,2,8,377
0,,0,,3854,0,0,0,Atletico-GO,1,0,0,0
0,,0,  ,3530,0,0,0,Santos,7,0,0,0
0,,0,,2791,0,0,0,Cruzeiro,9,0,0,0
11,32%,3,69%,6764,0,4,7,Ceara   ,26,2,11,228
0,,0,,1576,0,0,0,Goias,1,0,0,0
0,N/A,0,,3311,0,0,0,Santos,23,0,0,0
0,,0,,2393,0,0,0,Palmeiras,7,0,0,0
13,35%,5,,5996,0,0,4,Chapecoense,26,2,22,300
0,,0,,2021,0,0,0,Palmeiras,7,0,0,0
13,47%,4,82%,7235,0,2,5,Coritiba,35,1,16,381
  ,,0,,4632,0,0,0,Internacional,3,0,0,0
14,57%,7,87%,8194,0,1,7,Botafogo-RJ,17,0,14,504
10,42%,3,74%,8349,0,2,5,Bragantino,33,2,24,322
9,34%,3,,5816,0,5,0,ATHLETICO-PR,8,0,15,332
,,0,,4560,0,0,0,Athletico-PR,34,0,0,0
28,39%,9,,5750,0,0,14,Bahia,1,4,11,290
16,68%,3,84%,7924,0,3,7,ATLETICO-MG,28,2,11,-
0,,0,,1217,0,0,0,Paysandu,11,0,0,0
0,,0,,123,0,0,0,Guarani,11,0,0,0
0,,0,,1908,0,0,0,Internacional,35,0,0,0
13, 45% ,4,86%,6852,0,3,2,Fluminense,35,0,15,468
  ,41%,5,86%,8970,1,2,2,Fluminense,19,1,12,235
0,,0,,4545,0,0,0,ponte preta,32,0,0,
0,,0,,1132,0,-2,0,Coritiba,3,0,0,0
14,51%,0,,5220,0,2,10,Figueirense,24,2,7,403
0,,0,,418,0,0,0,internacional,35,0,0,0
0,,0,,4312,0,0,0,Atletico-MG,9,0,0,
15,63%,6,86%,7890,1,3,12,Flamengo,25,0,12,483
0,,0,N/A,587,0,0,0,Vitoria,3,0,0,0
16,71%,7,94%,9163,0,1,2,Botafogo-RJ   ,38,0,9,563
0,,0,,3220,0,0,0,Guarani,14,0,0,0
16,59%,5,85%,6923,0,2,5,Santos,4,1,17,513
7,,3,78%,6405,0,3,1,Ceara,28,1,18,346
19,46% un,10,  ,7073,0,5,2,Goias,19,2,16,354
15,66%,3,83%,7846,0,1,13,Juventude,21,2,12,506
0,,0,,2645,0,0,0,Athletico-PR,32,0,0,0
20,45%,7,79%,7850,0,2,3,Flamengo,21,1,7,423
0,,0,,4051,0,0,0,Atletico-MG,21,0,0,0
0,,0,,2476,0,0,0,Sao Paulo   ,15,0,0,0
0,,0,,125,0,0,0,  Paysandu,11,0,0,0
14, 46% ,4,76%,8290,0,1,5,Bahia,27,4,14,378
0,,0,,3977,0,0,0,Palmeiras,14,0,0,0
18,57%,5,,5914,0,3,6,VASCO,17,1,13,450
  ,,0,,3669,0,0,0,Fluminense,21,0,0,N/A
0,,0,,1408,0,0,0,Vasco   ,28,0,0,0
6, 56% ,3,80%,6613,1,3,5,Flamengo,11,0,17,410
9,31%,4,71%,6634,0,3,3,Chapecoense,13,0,16,268
0,,0,-,3898,0,0,0,Vasco,6,0,0,0
0,,0,,2360,0,0,0,Sao Paulo,4,0,0,0
0,,0,,1704,0,0,0,Goias,14,0,0,0
0,,0,,4285,0,0,0,Criciuma,6,0,0,0
11,54%,0,,5646,0,2,4,CORITIBA,28,2,17,453
0,,0,,4312,0,0,0,Cruzeiro   ,9,0,0,0
20,59%,5,84%,7189,1,4,12,Fluminense,31,1,10,459
0,,0,,3714,0,0,0,Ceara,25,0,0,0
0,,0,,4482,0,0,0,Fluminense,26,0,0,0
0,,0,,999,0,0,0,Gremio,38,0,0,0
0,,0,,2115,0,0,0,Gremio,16,0,0,0
11,42%,3,72%,7922,0,1,2,Cuiaba,28,2,13,311
20,53%,9,89%,8376,0,3,8,Vasco,36,0,9,512
4,43%,0,,5666,0,3,4,Athletico-PR,30,0,13,438
0,,0,,2815,0,0,0,Vitoria,11,0,0,0
0,null,0,,2011,0,0,0,Athletico-PR,6,0,0,0
11,31%,6,65%,7113,0,2,3,Ceara   ,23,3,18,230
0,,0,-,2377,0,0,0,FLUMINENSE,6,0,0,0
0,,0,,4575,0,0,0,  Bahia,35,0,0,0
10,45%,2,82%,8048,0,3,3,Corinthians,3,1,15,437
15,61%,6,83%,7272,0,5,10,Corinthians,1,1,18,N/A
0,,0,N/A,2113,0,0,0,Internacional,16,0,0,0
0,,0,,4828,0,0,0,athletico-pr,22,0,0,0
0,,0,N/A,1841,0,0,0,Santa Cruz,28,0,0,0
0,,0,,1510,0,0,0,Palmeiras,37,0,0,0
0,,0,,2168,0,0,0,Juventude,22,0,0,0
0,,0,,3727,0,0,0,America-MG,27,0,0,0
15,39%,5,81%,6818,0,3,4,Internacional,32,1,16,408
N/A,,0,,1993,0,0,0,  Athletico-PR,5,0,0,0
11,52%,5,85%,7463,0,4,4,Atletico-GO,20,2,10,481
0,,0,,4603,0,0,0,Goias,38,0,0,0
0,,0,,4432,0,0,0,  Goias,21,0,0,0
0,,0,,1290,0,0,0,  Fortaleza,17,0,0,0
0,,0,,2213,0,0,0,Atletico-MG,26,0,0,0
0,,0,,2152,0,0,0,Corinthians,20,0,0,0
0,,0,,1834,0,0,0,  Botafogo-RJ,27,0,0,0
0,,0,,4207,0,0,0,VASCO,37,0,0,0
13,41%,4,82% un,7084,0,1,5,  Gremio,20,2,13,396
0,,0,,1226,0,0,0,Ponte Preta,12,0,0,0
0,,0,,3411,0,0,0,Goias   ,33,0,0,0
4,57%,2,79%,6520,0,3,4,  Gremio,2,0,17,504
0,,0,,3262,0,0,0,Athletico-PR,18,0,0,0
0,,0,,8498,0,0,0,Sao Paulo,10,0,0,0
0,,0,,8777,0,0,0,JUVENTUDE,38,0,0,0
0,,0,,4480,0,0,0,Coritiba,26,0,0,0
0,,0,,1587,0,0,0,Sao Caetano,3,0,0,0
0,,0,,613,0,0,0,Paysandu,6,0,0,0
17,63%,2,80%,6890,0,3,9,Flamengo,1,2,12,525
8,75%,2,90%,6182,0,1,9,Gremio,6,1,18,719
0,,0,,273,0,0,0,Bahia,23,0,0,0
0,,0,,604,0,0,0,Sao Caetano,5,0,0,0
12,47%,5,85% un,6720,0,1,2,Fluminense,22,0,17,481
0,,0,,4337,0,0,0,Internacional,12,0,0,0
,,0,,4629,0,0,0,Sao Paulo   ,3,0,0,0
0,,0,,3624,0,0,0,Flamengo,16,0,0,0
0,,0,,1327,0,0,0,Athletico-PR,21,0,0,0
0,,0,,4385,0,0,0,Goias,16,0,0,0
8,52%,1,76%,6931,1,2,6,Santos,5,0,15,383
0,,0,null,695,0,0,0,Paysandu,12,0,0,0
16,62%,10,88%,8903,0,1,6,  Palmeiras,12,1,8,513
9,48%,1,,5407,0,5,7,INTERNACIONAL,5,3,30,418
0,,0,,439,0,0,0,  Athletico-PR,37,0,0,0
-,48%,0,,5361,0,4,9,Ponte Preta,38,4,21,358
0,,0,,4195,0,0,0,Sport,35,0,0,
0,,0,,49,0,0,0,Atletico-MG,5,0,0,0
5,43%,3,,5788,0,4,2,coritiba,5,7,14,331
0,,0,,2206,0,0,0,Nautico,25,0,0,0
17,77%,4,,5979,0,1,9,Gremio,24,8,6,686
-,,0,,1413,0,0,0,Coritiba,29,0,0,0
10,38%,0,,5595,0,2,3,cruzeiro,23,5,13,370
0,,0,,1955,0,0,0,Vasco,1,0,0,0
13,66%,0,,5382,0,4,5,CORINTHIANS,2,3,24,529
0,,0,,3845,0,0,0,  Ceara,38,0,0,0
11,38%,5,81%,6976,0,0,3,Botafogo-RJ,9,2,10,310
0,,0,,3250,0,0,0,Ceara,17,0,0,0
20,52% un,7,80%,7990,0,0,7,America-MG,35,2,9,435
0,,0,,4224,0,0,0,Bahia,38,0,0,0
0,,0,,3891,0,0,0,Bahia,5,0,0,0
0,,0,,4039,0,0,0,Palmeiras,20,0,0,0
0,,0,,3483,0,0,0,Gremio,2,0,0,0
0,,0,,3241,0,0,0,Vasco,16,0,0,0
0,  ,0,,2356,0,0,0,Vasco,3,0,0,0
0,null,0,,8631,0,0,0,CRICIUMA,23,0,0,0
0,,0,,6517,0,0,0,CSA,2,0,0,0
7,43%,1,80%,6240,0,8,3,Parana   ,12,1,23,365
0,,0,,495,0,0,0,Criciuma   ,42,0,0,0
0,,0,,4155,0,0,0,Sao Paulo,31,0,0,0
0,,0,,1351,0,0,0,flamengo,23,0,0,0
11,39%,3,84%,7091,0,2,4,Ceara   ,21,0,14,-
0,,0,,1259,0,0,0,Fortaleza,15,0,0,0
21,57%,7,82%,6656,0,0,6,Atletico-MG,16,1,17,501
0,,0,,4861,0,0,0,Athletico-PR,25,0,0,0
0,,0,,2170,0,0,0,  America-RN,22,0,0,0
11,52%,3,90%,9006,0,6,2,Vitoria   ,23,0,15,429
0,,0,,8627,0,0,0,Cuiaba,23,0,0,0
0,,0,,2679,0,0,0,Portuguesa,36,0,0,0
0,,0,,3322,0,0,0,  Athletico-PR,24,0,0,0
0,,0,,2987,0,0,0,Gremio,29,0,0,0
  ,,0,,4730,0,0,0,Bahia,12,0,0,0
0,,0,,1868,0,0,0,Vasco,31,0,0,0
11,40%,4,79%,7241,0,1,4,Atletico-GO   ,36,3,9,306
13,47%,0,,5598,0,2,4,Chapecoense,24,3,20,353
14,62%,4,89%,6158,0,2,12,Corinthians,4,2,12,585
0,N/A,0,,3894,0,0,0,Gremio   ,5,0,0,0
0,,0,,2321,0,0,0,America-RN,38,0,0,0
0,,0,,4937,0,0,0,Sao Paulo   ,35,0,0,0
16,49%,0,,5476,0,4,3,Coritiba,11,4,23,370
0,,0,,939,0,0,0,Atletico-MG,33,0,0,0
-,70%,7,,7324,0,2,9,Bahia,6,3,12,577
0,,0,,2632,0,0,0,Ipatinga,31,0,0,0
0,,0,,4224,0,0,0,Atletico-GO,38,0,0,0
0,,0,,8763,0,0,0,Bragantino,36,0,0,0
8,49%,3,85%,6353,0,1,1,Gremio,23,0,8,568
11,63%,0,,5584,0,4,9,Sport,22,0,18,474
0,,0,,2580,0,0,0,  Sao Paulo,26,0,0,0
5,43%,3,87%,9098,2,4,1,Corinthians,32,0,13,236
10,48%,2,80%,7455,0,1,7,Atletico-GO,19,2,15,443
0,,0,,380,0,0,0,Juventude   ,32,0,0,0
0,,0,,2741,0,0,0,Santos,4,0,0,0
0,,0,,328,0,0,0,Gremio,28,0,0,0
0,,0,,2910,0,0,0,Corinthians,21,0,0,0
0,,0,,2645,0,0,0,Vasco   ,32,0,0,0
0,,0,,1454,0,0,0,Sao Paulo,32,0,0,0
0,,0,,3872,0,0,0,  Sao Paulo,3,0,0,0
0,,0,,2820,0,0,0,Sao Paulo,12,0,0,0
0,,0,,4817,0,0,0,Fluminense,21,0,0,  
0,,0,,1523,0,0,0,Palmeiras,39,0,0,  
17,53%,5,86%,9116,0,4,3,Bragantino,37,1,12,349
11,49%,0,,5393,0,2,3,Sao Paulo,3,1,12,407
0,,0,,4263,0,0,0,NAUTICO,4,0,0,0
22,54%,8,89%,8268,0,5,11,  Sao Paulo,25,2,14,470
0,,0,,4223,0,0,0,FIGUEIRENSE,38,0,0,0
0,,0,,3661,0,0,0,Figueirense,20,0,0,0
0,,0,,3080,0,0,0,  Botafogo-RJ,38,0,0,0
14,44%,1,77%,8001,1,1,5,athletico-pr,36,1,20,357
10,57%,4,86%,6288,0,2,2,Corinthians,17,1,8,537
0,,0,,3012,0,0,0,athletico-pr,31,0,0,0
0,,0,,2547,0,0,0,  Figueirense,23,0,0,
16,49%,0,,5606,0,1,7,Fluminense,24,5,14,444
13,59%,0,,5611,0,1,5,Corinthians,25,5,12,526
8,46%,3,85%,9105,0,2,5,Santos,32,2,9,278
14,54% un,4,82%,6930,0,2,4,gremio,5,0,17,474
12,51%,4,84%,7909,3,4,2,Fluminense,27,0,10,440
0,-,0,,566,0,0,0,GOIAS,2,0,0,0
11,51%,0,,5606,0,4,2,  Atletico-MG,24,1,16,458
18, 66% ,0,,5573,0,3,4,Palmeiras,21,2,12,455
0,,0,,1830,0,0,0,flamengo,27,0,0,  
0,,0,,1664,0,0,0,Goias,10,0,0,0
0,,0,,4745,0,0,0,Goias,13,0,0,0
7,48%,2,91%,9096,0,3,4,Sport,32,4,22,412
0,,0,,1341,0,0,0,Cruzeiro,22,0,0,
0,,0,,591,0,0,0,Atletico-MG,4,0,0,0
null,,0,,2690,0,0,0,Nautico,37,0,0,0
7,39%,0,,5008,1,2,1,Internacional,3,0,16,312
0,,0,,4787,0,0,0,Palmeiras,18,0,0,
0,,0,,3620,0,0,0,America-MG,16,0,0,0
0,,0,,2767,0,0,0,Palmeiras,7,0,0,null
null,  ,5,,5837,0,2,3,vasco,10,0,21,434
0,,0,,3,0,0,0,Flamengo,1,0,0,0
0,,0,,2088,0,0,0,Goias,14,0,0,0
0,,0,,964,0,0,0,Vitoria,35,0,0,0
0,,0,,8409,0,0,0,Fortaleza,1,0,0,0
9,46%,2,76%,7611,0,3,0,Juventude,35,2,15,334
14,64%,0,,5190,0,2,8,Internacional,21,1,12,516
0,,0,,1448,0,0,0,Juventude   ,32,0,0,0
0,,0,,2921,0,0,0,palmeiras,22,0,0,0
0,,0,,1691,0,0,0,Sao Paulo   ,13,0,0,0
-,,0,,4758,0,0,0,Corinthians,15,0,0,0
0,,0,,4287,0,0,0,Portuguesa,7,0,0,0
0,,0,,2479,0,0,0,Fluminense,16,0,0,0
15,72% un,3,90%,6515,0,4,5,Fluminense,1,1,14,598
0,,0,,8456,0,0,0,Flamengo,6,0,0,0
14,59%,9,94%,8885,0,1,6,Botafogo-RJ,10,2,11,494
13,,0,,5653,0,2,3,Cruzeiro,29,5,15,504
0,,0,,2862,0,0,0,Athletico-PR,16,0,0,0
15,32%,7,79%,6650,0,0,2,Palmeiras,15,1,14,304
19,,7,82%,7860,0,0,9,Atletico-MG,22,0,20,531
0,,0,,472,0,0,0,Fluminense,40,0,0,0
0,,0,,1618,0,0,0,FORTALEZA,6,0,0,0
0,,0,,1629,0,0,0,Santa Cruz,7,0,0,0
0,,0,,8714,0,0,0,Cuiaba,31,0,0,0
null,,0,,8625,0,0,0,Athletico-PR   ,22,0,0,0
0,N/A,0,,4185,0,0,0,Atletico-MG,34,0,0,0
0,,0,,4313,0,0,0,Nautico,9,0,0,0
9,32%,6,71%,6826,0,5,4,Vasco,34,1,25,245
0,,0,,155,0,0,0,Vasco,13,0,0,0
0,,0,,783,0,0,0,Flamengo,20,0,0,0
6,41%,3,,6080,0,0,2,Atletico-GO,34,1,20,379
0,,0,-,3366,0,0,0,Flamengo,28,0,0,0
0,,0,,1068,0,0,0,Vasco,43,0,0,0
12,55%,6,88%,7220,0,1,4,Bahia,34,0,15,521
13,52%,0,,5432,0,3,6,Botafogo-RJ,7,5,20,358
0,,0,,2280,0,0,0,Goias,34,0,0,0
19,47%,8,77%,7061,0,5,10,fluminense,18,2,13,275
9,44%,3,78%,7079,0,1,0,Vasco   ,20,0,17,376
-,,0,,1938,0,0,0,Flamengo,38,0,0,0
0,,0,,8751,0,0,0,Internacional,35,0,0,0
-,,0,,3699,0,0,0,Ceara,24,0,0,0
0,,0,,1140,0,0,0,Sao Paulo,4,0,0,0
0,,0,,3538,0,0,0,Gremio,8,0,0,0
14,44%,4,82%,6410,1,2,9,Cruzeiro,29,1,17,410
7,64%,5,84%,8401,0,2,5,Atletico-MG,38,3,10,550
0,,0,,8770,0,0,0,Juventude,37,0,0,0
0,,0,,2599,0,0,0,Sport   ,28,0,0,0
0,,0,,1319,0,0,0,Figueirense,20,0,0,0
16,60%,4,85%,8112,0,1,8,Sao Paulo,9,2,13,550
9,43%,5,73%,6384,0,3,2,Fluminense,26,0,19,316
0,,0,,4270,0,0,0,Vasco,5,0,0,0
0,,0,,1649,0,0,0,Ponte Preta,9,0,0,0
0,,0,,115,0,0,0,Criciuma,10,0,0,-
0,,0,,4186,0,0,0,Nautico,34,0,0,-
12,66%,4,,6578,0,1,10,gremio,8,3,7,630
0,,0,,369,0,0,0,Juventude,31,0,0,0
0,,0,,1431,0,0,0,Paysandu,30,0,0,  
17,-,5,79%,6931,0,5,5,Palmeiras,5,4,21,369
0,,0,,4109,0,0,0,Internacional,27,0,0,0
17,55%,5,87%,7946,0,2,6,Flamengo,31,2,11,405
20,37%,6, 71% ,7519,0,4,5,Chapecoense,26,3,17,313
23,47%,10,86%,7161,0,2,4,Bragantino,28,0,17,458
10,43%,2,77%,7954,0,4,4,Atletico-GO,31,1,15,350
0,,0,,2854,0,0,0,Vitoria,15,0,0,0
13,32%,2,73%,7394,0,5,3,Juventude,13,1,16,266
0,,0,,4767,0,0,0,  Sport,16,0,0,0
0,,0,,2968,0,0,0,Vitoria,27,0,0,null
9,null,0,,5094,0,3,5,Palmeiras,11,1,22,464
0,,0,,3249,0,0,0,Vasco,17,0,0,0
N/A,,0,,378,0,0,0,Flamengo,32,0,0,0
8,33%,2,66%,6725,0,0,0,Goias,22,0,20,252
18,60%,3,82% un,7558,0,2,7,  Juventude,29,2,13,-
0,,0,,4061,0,0,0,Gremio,22,0,0,0
0,,0,,4497,0,0,0,Gremio,28,0,0,0
8,33%,5,  ,8921,0,2,2,Cruzeiro   ,14,2,13,185
8,52%,2,84%,8285,0,3,5,cruzeiro,26,1,20,440
0,-,0,,3101,0,0,0,Sao  Paulo,2,0,0,0
16,52%,4,83%,7801,0,4,10,Atletico-GO,16,0,18,370
0,,0,,46,0,0,0,Gremio   ,3,0,0,0
0,,0,,2684,0,0,0,  Fluminense,36,0,0,0
0,,0,,4044,0,0,0,Cruzeiro,20,0,0,0
0,,0,,2843,0,0,0,sport,14,0,0,0
10,,1,82%,6902,0,3,3,Fluminense,2,3,20,430
18,62%,10,85%,8321,1,7,5,  Internacional,30,0,13,457
0,,0,,841,0,0,0,juventude,25,0,0,0
0,,0,,3779,0,0,0,Botafogo-RJ,32,0,0,0
0,,0,,4285,0,0,0,Criciuma,6,0,0,0
0,,0,,4840,0,0,0,Flamengo,23,0,0,0
0,,0,,2981,0,0,0,  Flamengo,28,0,0,0
0,,0,,1308,0,0,0,Figueirense,19,0,0,0
2,25%,1,88%,9124,0,0,3,Ceara,37,0,5,254
0,,0,,3935,0,0,0,Vasco,9,0,0,0
0,,0,,1437,0,0,0,Fluminense,31,0,0,0
0,,0,,2707,0,0,0,barueri,1,0,0,0
16,54%,5,77%,6351,0,1,9,Sao Paulo,23,2,18,394
10,43%,4,80%,6211,0,5,1,Gremio,9,4,16,372
10,59%,3,77%,7377,0,3,9,Sao Paulo   ,12,1,18,358
10,43%,0,,5642,0,2,2,Atletico-MG,28,0,16,N/A
14,48%,0,,5460,0,1,7,Santa Cruz,10,2,13,N/A
0,,0,,4339,0,0,0,Cruzeiro,12,0,0,null
13,41%,4,77%,8022,0,3,4,BRAGANTINO,38,5,16,319
0,,0,,1143,0,0,0,vasco,4,0,0,0
0,,0,,1867,0,0,0,Corinthians,31,0,0,0
0,,0,,4523,0,0,0,Gremio,30,0,0,0
21,61%,7,84%,7910,0,2,10,Sao Paulo   ,27,0,11,-
0,,0,,4473,0,0,0,Flamengo,25,0,0,0
0,,0,,518,0,0,0,Atletico-MG,44,0,0,0
0,,0,,2460,0,0,0,ATHLETICO-PR,13,0,0,0
20,53%,3,87%,7209,0,3,3,Gremio,33,2,12,469
14,43%,6,85%,8402,1,2,5,Cuiaba,38,3,9,400
0,,0,-,3313,0,0,0,  Vasco,23,0,0,0
9,,3,78%,6912,0,2,4,  Internacional,3,1,24,433
,,0,,2564,0,0,0,fluminense,24,0,0,
0,,0,,4664,0,0,0,Figueirense,6,0,0,0
11,52%,5,79%,8286,1,2,4,Gremio,27,1,9,469
9,55%,5,86%,6380,0,0,2,Corinthians,26,1,13,580
0,,0,,773,0,0,0,Paysandu,19,0,0,0
0,,0,,370,0,-1,0,Sao Caetano,31,0,0,0
7,54%,4,,5787,0,3,2,Atletico-MG,5,4,20,469
17,54%,0,,5438,0,2,5,Gremio,8,0,15,452
0,,0,,838,0,0,0,Sao Caetano,24,0,0,0
0,,0,,1289,0,0,0,Fluminense,17,0,0,0
0,,0,,3493,0,0,0,Vasco,3,0,0,0
0,,0,,3398,0,0,0,Fluminense,32,0,0,0
10,49%,0,,5569,0,1,4,Gremio,21,1,16,434
0,,0,,1762,0,0,0,Vasco,20,0,0,0
22,61%,6,,6627,0,1,8,Fluminense,13,0,8,640
10, - ,0,,5275,1,1,8,Ponte Preta,29,6,17,320
0,,0,,2367,0,0,0,Atletico-MG,5,0,0,0
0,,0,,3463,0,0,0,Flamengo,38,0,0,0
0,,0,,387,0,0,0,Flamengo,33,0,0,0
0,,0,,433,0,0,0,sao paulo,37,0,0,0
0,,0,,4263,0,0,0,Flamengo,4,0,0,0
0,,0,,2601,0,0,0,Sao Paulo,28,0,0,0
,70%,4,91%,8926,0,3,3,Bahia,15,2,6,471
0,,0,,321,0,0,0,Vasco,27,0,0,0
0,null,0,,10,0,0,0,  Vitoria,1,0,0,0
8,26%,3,69%,6944,0,0,5,SPORT,11,3,10,251
23,66%,0,,5545,0,0,8,Palmeiras   ,18,0,15,495
0,,0,,1602,0,0,0,Internacional,4,0,0,0
0,,0,,3546,0,0,0,FLUMINENSE,8,0,0,0
15,54% un,6,85%,6252,0,3,3,Cruzeiro,13,3,11,521
0,,0,,2603,0,0,0,Nautico,28,0,0,0
0,,0,,4529,0,0,0,Athletico-PR,31,0,0,0
11,45%,0,,5588,0,1,3,Figueirense,23,3,16,339
20,53%,0,N/A,5188,0,0,7,Ponte Preta,21,1,11,551
35,72%,7,84%,7790,1,1,9,Palmeiras,15,0,12,553
0,,0,,3462,0,0,0,Vasco,38,0,0,0
0,,0,,1921,0,-8,0,Sao Caetano,36,0,0,0
0,,0,,8439,0,0,0,Flamengo   ,4,0,0,0
14,47%,5,,6000,0,2,4,Vitoria,26,1,21,384
16,53% un,0,,5598,0,3,7,CORITIBA,24,2,16,395
0,,0,,4578,0,0,0,Vasco,36,0,0,0
0,,0,,8634,0,0,0,Flamengo,23,0,0,0
14,53%,5,87%,6461,1,1,10,Corinthians,34,1,6,513
0,,0,,3335,0,-9,0,AVAI,25,0,0,0
0,,0,,1621,0,0,0,Santa Cruz,6,0,0,0
0,,0,,2280,0,0,0,Vasco,34,0,0,0
0,,0,,1655,0,0,0,Santa Cruz,9,0,0,0
9,46%,0,,5180,0,3,5,Coritiba,20,0,19,374
0,,0,N/A,184,0,0,0,Paysandu,16,0,0,0
0,,0,,1862,0,0,0,Parana,30,0,0,0
10,67%,0,,5509,0,2,4,  America-MG,15,2,9,650
0,,0,,3836,0,0,0,Santos,37,0,0,0
13,60%,3,,5895,0,3,3,Athletico-PR,15,4,16,531
0,,0,,2364,0,-8,0,Palmeiras,4,0,0,0
0,,0,,4374,0,0,0,Athletico-PR,15,0,0,0
0,,0,,1472,0,0,0,Santos,34,0,0,N/A
0,,0,,239,0,0,0,Parana,20,0,0,0
0,,0,,821,0,0,0,PAYSANDU,23,0,0,0
0,,0,,1680,0,0,0,palmeiras,12,0,0,0
21,60%,10,92%,9008,0,1,7,Palmeiras,23,5,10,540
13,,5,88%,9132,0,1,4,Corinthians,34,0,16,308
9,66%,3,88%,6900,1,1,5,Flamengo,2,1,19,555
0,,0,,587,0,0,0,Palmeiras,3,0,0,0
21,70%,5,88%,7669,0,4,10,Atletico-MG,4,2,15,582
0,N/A,0,,3043,0,0,0,Corinthians,34,0,0,0
,,0,,4812,0,0,0,Goias,20,0,0,0
NULL,,0,,2508,0,0,0,  Goias,19,0,0,0
9,28%,2,77%,7490,0,2,3,Athletico-PR,23,2,14,295
0,,0,,1683,0,0,0,Fortaleza   ,12,0,0,0
18,51%,10,91%,8965,0,3,8,Juventude,18,3,15,371
3, 38% ,1,70%,6792,0,3,0,Bahia,29,1,26,290
6,32%,3,null,6274,0,4,2,  Bahia,15,1,25,236
0,,0,,706,0,0,0,Flamengo,13,0,0,0
13,55%,8,84%,6241,3,6,6,  Flamengo,12,0,18,408
11,48%,5,77%,7830,0,1,5,Internacional,19,1,15,374
0,,0,,3336,0,0,0,Atletico-MG,25,0,0,0
15,60%,0,,5667,0,4,8,Atletico-MG,31,1,13,484
0,,0,,4317,0,0,0,Fluminense,10,0,0,0
0,,0,,8580,0,0,0,Vasco,18,0,0,0
0,,0,,408,0,0,0,Criciuma,34,0,0,0
0,,0,,3252,0,0,0,Guarani,17,0,0,  
0,,0,,3663,0,0,0,Palmeiras,20,0,0,0
0,,0,,1066,0,0,0,Vitoria,43,0,0,0
0,,0,,899,0,0,0,Botafogo-RJ,29,0,0,0
0,  ,0,,3864,0,0,0,Sport   ,2,0,0,0
0,,0,,2288,0,0,0,Fluminense,35,0,0,0
0,,0,,2596,0,0,0,BOTAFOGO-RJ,27,0,0,0
0,,0,,4085,0,0,0,GREMIO,24,0,0,0
0,,0,,1562,0,0,0,fluminense,42,0,0,0
0,,0,,2683,0,0,0,Sao Paulo,36,0,0,0
7,28%,3,72%,6207,1,3,3,Chapecoense,9,6,19,225
0,,0,,2151,0,0,0,Atletico-MG,20,0,0,0
0,,0,,179,0,0,0,Athletico-PR,15,0,0,0
0,,0,,1545,0,0,0,Atletico-MG,41,0,0,0
  ,43%,2,72%,7485,0,4,4,Cuiaba,22,2,16,312
23,56%,5,,5810,0,2,5,Flamengo,7,2,12,476
0,,0,,183,0,0,0,  Figueirense,16,0,0,0
10,36%,5,79%,7854,0,2,2,Athletico-PR,21,1,14,287
0,,0,,2627,0,0,0,Vasco,31,0,0,0
,null,5,93%,9030,0,1,1,Gremio,25,1,5,384
0,,0, - ,767,0,0,0,Gremio   ,18,0,0,0
16,57% un,7,,5910,0,2,2,Bahia,17,1,18,492
9,,1,,5923,0,2,6,Avai,18,1,18,355
9,62%,3,,5800,0,1,9,Flamengo   ,6,2,18,523
0,,0,,1427,0,0,0,atletico-mg,30,0,0,0
0,,0,,4135,0,0,0,Coritiba,29,0,0,0
0,,0,,4873,0,0,0,Sport,26,0,0,0
,,0,,3746,0,0,0,Athletico-PR   ,28,0,0,0
11,47%,4,,6036,1,1,8,Vasco,30,1,10,362
19,66%,5,84%,8108,0,6,12,Cruzeiro,9,3,19,445
0,,0,,8757,0,0,0,Juventude,36,0,0,0
6,33%,2,67%,6928,0,5,3,Goias,5,5,26,275
0,-,0,  ,651,0,0,0,internacional,9,0,0,0
0,,0,,3137,0,0,0,Botafogo-RJ,6,0,0,N/A
0,,0,,2763,0,0,0,Atletico-MG,6,0,0,-
11,,6,84%,7540,1,3,3,Internacional,28,4,23,482
0,,0,,1639,0,0,0,  Ponte Preta,8,0,0,0
0,,0,,4648,0,0,0,Coritiba,5,0,0,0
0,-,0,,3115,0,0,0,Avai,3,0,0,0
0,,0,,741,0,0,0,Criciuma,16,0,0,0
14,57%,6,94%,9158,0,2,6,Palmeiras,38,1,13,407
0,,0,,801,0,0,0,Santos,21,0,0,0
12,61% un,0,,5076,0,3,8,Internacional,9,2,4,506
0,,0,,2546,0,0,0,Gremio,22,0,0,0
0,  ,0,,3536,0,0,0,Atletico-MG,7,0,0,0
0,,0,,8408,0,0,0,bragantino,1,0,0,0
15,55%,0,,5494,0,3,6,Santa Cruz,13,2,13,477
10,55%,6,94%,8832,0,0,6,Fluminense,5,1,12,644
23,45%,8,71%,7559,0,0,7,America-MG,29,1,13,
13,45%,5,77%,7116,1,2,3,  Fortaleza,24,2,12,343
0,,0,,1831,0,0,0,Palmeiras,27,0,0,0
0,,0,,3025,0,0,0,Atletico-MG,32,0,0,0
0,,0,,4378,0,0,0,Flamengo,16,0,0,0
0,,0,N/A un,2413,0,0,0,Coritiba,9,0,0,
0,,0,,4678,0,0,0,Botafogo-RJ,8,0,0,0
0,,0,,2842,0,0,0,Atletico-MG,14,0,0,0
11,42%,3,,5775,1,0,0,Avai,3,0,11,388
16,61%,7, 84% ,6454,0,0,4,Fluminense,33,3,18,542
0,,0,null,201,0,0,0,Coritiba,17,0,0,0
0,,0,,769,0,0,0,  Flamengo,19,0,0,0
0,,0,,1257,0,0,0,Paysandu,14,0,0,
13,38%,6,77%,7039,1,3,2,Corinthians,16,1,14,332
7, 32% ,0,71% un,7249,0,2,4,Vasco,37,6,18,279
17,47%,4,82%,8088,0,4,9,Vasco,7,1,16,N/A
15,34%,6,74%,7515,0,2,4,Cuiaba,25,1,14,299
0,,0,,1506,0,0,0,Internacional,37,0,0,0
13,63%,3,84%,8283,0,2,2,Atletico-MG,26,1,12,587
0,,0,,362,0,0,0,Coritiba,31,0,0,0
0,,0,,151,0,0,0,Gremio,13,0,0,0
0,,0,,1597,0,0,0,Ponte Preta,4,0,0,0
8,44%,3,84%,7279,0,2,0,FLUMINENSE,2,0,22,394
0,,0,,3666,0,0,0,Bahia,20,0,0,0
22,68%,6, 88% ,6245,0,1,8,  Atletico-MG,12,2,10,672
14,45%,5,86%,6674,0,0,10,Corinthians,17,0,9,484
0,,0,,2107,0,0,0,Fluminense,16,0,0,0
0,,0,,1366,0,0,0,Flamengo,24,0,0,0
16,57%,3,86%,7566,0,1,6,CUIABA,31,3,13,
8,37%,5,,5749,0,0,5,Cruzeiro,1,0,10,321
7,39%,0,,5668,0,2,5,Chapecoense,31,0,17,360
0,null,0,,1741,0,0,0,  Juventude,18,0,0,0
0,-,0,,8673,0,0,0,Cuiaba,27,0,0,0
0,,0,,4641,0,0,0,Fluminense,4,0,0,null
11,64%,7,87%,6574,0,0,5,  Internacional,7,3,11,682
0,,0,,2292,0,0,0,Corinthians,35,0,0,0
23,61%,7,,5874,0,2,8,Flamengo,13,1,12,587
0,  ,0,,3686,0,0,0,Corinthians,22,0,0,null
6,49%,0,,5341,0,3,5,Chapecoense   ,36,1,15,397
22,60%,9,87%,7468,0,2,6,Atletico-MG,21,0,18,
0,,0,,1260,0,0,0,Goias,15,0,0,0
0,,0,,3719,0,0,0,Flamengo,26,0,0,0
18,51%,8,88%,9068,1,2,8,Palmeiras,29,0,13,394
0,,0,,4674,0,0,0,VITORIA,7,0,0,0
0,,0,,3483,0,0,0,Athletico-PR,2,0,0,0
0,,0,  ,608,0,0,0,Atletico-MG,5,0,0,0
16,37%,3,66%,6350,0,2,11,Parana,23,2,24,277
0,,0,,3530,0,0,0,FIGUEIRENSE,7,0,0,N/A
8,40%,1,78%,8134,0,3,2,Goias,11,3,24,362
0,,0,,1176,0,0,0,Juventude,7,0,0,0
0,,0,,4631,0,0,0,Criciuma,3,0,0,
0,,0,,8555,0,0,0,Botafogo-RJ,15,0,0,0
0,-,0,,1990,0,0,0,Figueirense,5,0,0,0
0,,0,  ,8497,0,0,0,Criciuma   ,10,0,0,
0,,0,,2714,0,0,0,santos,1,0,0,0
12,42%,4,74%,7702,0,2,3,America-MG,7,3,19,377
0,   un,0,  ,1714,0,0,0,Fluminense,15,0,0,0
-,,0,,4431,0,0,0,Sao Paulo,21,0,0,0
24,70%,10,86%,6428,0,2,12,Santos,31,2,15,
0,,0,,3612,0,0,0,Athletico-PR,15,0,0,0
0,,0,,2998,0,0,0,ATLETICO-MG,30,0,0,0
0,,0,,4420,0,0,0,Gremio,20,0,0,0
7,null,0,,5536,1,2,1,Gremio,17,4,8,476
0,,0,,1884,0,0,0,  Internacional,32,0,0,
0,,0,,2150,0,0,0,Flamengo,20,0,0,0
0,,0,,3212,0,0,0,vasco,13,0,0,0
12,-,2,77%,7972,0,3,7,Coritiba,33,3,16,272
0,,0,,394,0,0,0,Parana,33,0,0,0
9,43%,0,,5525,0,2,2,Santos,16,2,11,358
11,  ,3,87%,7732,0,3,9,Flamengo,9,2,9,526
11,64%,6,88%,7698,0,1,6,Flamengo,7,1,14,580
-,58%,0,87%,7288,0,1,5,Sao Paulo,3,1,22,514
,,0,,3242,0,0,0,Corinthians,16,0,0,0
-,52%,6,83%,6191,0,1,4,Bahia,7,3,20,460
0,,0,,3927,0,0,0,Nautico,9,0,0,null
0,,0,,4183,0,0,0,Atletico-GO,34,0,0,0
19,54%,6,79%,8304,0,1,6,Palmeiras,28,2,18,451
17,58%,5,85%,6509,0,4,6,Flamengo,1,0,13,526
0,,0,,1258,0,0,0,JUVENTUDE,14,0,0,0
0,,0,,2314,0,0,0,Goias,37,0,0,0
10,43%,5,76%,6912,0,2,1,Fluminense,3,1,13,339
  ,,0,,499,0,0,0,Athletico-PR,42,0,0,0
0,,0,,8771,0,0,0,Fortaleza,37,0,0,0
0,,0,,77,0,0,0,Sao Paulo,7,0,0,0
0,,0,,3626,0,0,0,Bahia,16,0,0,0
11,42%,0,,5734,0,3,4,Figueirense,37,0,26,null
0,,0,,3119,0,0,0,Avai,4,0,0,0
27,56%,6,81%,7456,0,1,9,America-MG,20,3,14,426
0,null,0,,4029,0,0,0,portuguesa,19,0,0,0
1,33%,1,80%,7417,1,0,2,Palmeiras,16,1,14,322
0,,0,,2755,0,0,0,barueri,5,0,0,0
11,54%,3,86%,8318,0,1,4,Fluminense,30,2,11,452
0,,0,,3754,0,0,0,Santos,29,0,0,0
null,,0,,4464,0,0,0,Atletico-MG,24,0,0,0
0,,0,,78,0,0,0,Sao Caetano,7,0,0,0
15,58%,4,87%,8060,0,4,9,INTERNACIONAL,4,3,9,486
0,,0,,1543,0,0,0,Palmeiras,40,0,0,0
0,,0,,8661,0,-1,0,Fluminense,26,0,0,0
,,0,,777,0,0,0,Vasco,19,0,0,0
9,41%,3, 80% ,6697,0,2,1,  Cruzeiro,20,3,9,351
,37%,5,90%,8908,0,2,3,  Botafogo-RJ,13,1,14,325
21,45%,5,80%,7946,0,2,7,Cuiaba,31,1,14,326
15,41%,6,,5994,0,4,3,Bahia,25,1,18,349
0,,0,,251,0,0,0,Sao Caetano,21,0,0,0
0,,0,,1162,0,0,0,  Sao Caetano,6,0,0,0
0,,0,,457,0,0,0,Santos,39,0,0,0
11, 53% ,4,81%,7392,0,4,8,Athletico-PR,13,1,14,413
0,,0,,4393,0,0,0,SAO PAULO,17,0,0,0
0,,0,,75,0,0,0,Cruzeiro,7,0,0,0
13,39%,3,81%,7181,0,3,9,Atletico-GO,30,2,14,356
0,,0,,8605,0,0,0,  Atletico-MG,20,0,0,0
27,28%,9,  ,8377,0,2,5,Santos,36,3,18,268
0,,0,,683,0,0,0,Ponte Preta,11,0,0,0
0,N/A,0,,870,0,0,0,Sao Caetano,27,0,0,0
0,,0,,1501,0,0,0,Sao Paulo,37,0,0,0
,-,2,82%,6229,0,2,10,Corinthians,11,4,14,499
0,,0,,4655,0,0,0,Santos,5,0,0,0
16,43%,4,79%,7580,0,2,1,America-MG,30,2,10,372
0,,0,,3481,0,0,0,CORINTHIANS,2,0,0,0
15,45%,7,72%,8248,0,2,9,Cruzeiro,23,1,13,354
0,,0,N/A,1449,0,0,0,Figueirense   ,32,0,0,0
0,,0,,1861,0,0,0,GREMIO,30,0,0,0
0,,0,,3575,0,0,0,Gremio,10,0,0,0
0,,0,,4777,0,0,0,Internacional,17,0,0,0
21,39%,0,,5118,0,1,7,Flamengo,14,1,12,323
N/A,,0,null,445,0,0,0,Ponte  Preta,38,0,0,
0,,0,,2736,0,0,0,Santo Andre,3,0,0,0
0,,0,,1601,0,0,0,Sao  Caetano,4,0,0,0
,59%,6,83%,7923,0,1,6,Internacional,28,2,14,544
13,,3,,5236,0,3,2,Fluminense,25,0,17,336
0,,0,,2412,0,-7,0,Palmeiras,9,0,0,0
0,N/A,0,,2353,0,0,0,GOIAS,3,0,0,0
null,59%,4,83%,6331,0,3,8,SAO PAULO,21,0,13,448
null,,0,,172,0,0,0,Flamengo,15,0,0,0
14,41%,4,73%,6361,0,3,6,Fluminense,24,1,21,315
0,,0,,2080,0,0,0,Corinthians,13,0,0,0
0,,0,,1619,0,0,0,FIGUEIRENSE,6,0,0,0
0,,0,,1595,0,0,0,Juventude,3,0,0,0
0,,0,,2262,0,0,0,cruzeiro,32,0,0,0
0,,0,,1112,0,0,0,  Juventude,1,0,0,0
11,,3,79%,6197,0,2,4,Internacional,8,2,12,415
15,51%,4,83%,8053,1,3,7,CUIABA,3,2,16,410
0,,0,,1061,0,0,0,Internacional,43,0,0,0
0,,0,,3430,0,0,0,ATLETICO-MG,35,0,0,0
0,,0,,497,0,0,0,Cruzeiro,42,0,0,0
7,42%,2,82%,6638,0,2,3,GREMIO,14,1,15,380
9,44%,3,78%,8224,1,4,4,Gremio,20,2,21,334
18,57%,7,80%,7903,0,1,7,Corinthians,26,3,14,473
17,67%,4,88%,7283,0,2,5,  Palmeiras,2,1,10,550
17,55%,4,75%,7738,0,2,11,  Juventude,10,0,9,385
20,47%,0,,5127,0,3,7,avai,15,2,5,362
0,,0,,3686,0,0,0,Flamengo,22,0,0,null
0,,0,,3122,0,0,0,santos,4,0,0,0
0,,0,,2368,0,0,0,Flamengo   ,5,0,0,
0,,0,,2581,0,0,0,athletico-pr,26,0,0,0
0,,0,,733,0,0,0,Cruzeiro,16,0,0,0
0,,0,,2297,0,0,0,Botafogo-RJ,36,0,0,0
23,62%,9, 88% ,7098,0,1,4,flamengo,22,0,16,656
0,,0,,1785,0,0,0,Santa Cruz,22,0,0,0
15,63%,4,,6048,0,-3,6,Athletico-PR,31,5,6,630
,,0,,2922,0,0,0,Fluminense,22,0,0,0
0,,0,,141,0,0,0,Sao Caetano,12,0,0,0
0,,0,,4091,0,0,0,Vasco,25,0,0,0
10, 35% ,3,67%,7833,0,1,3,America-MG,19,2,12,318
-,32%,7,,5896,0,5,4,Chapecoense,16,1,19,239
0,null un,0,,3088,0,0,0,Gremio,1,0,0,0
9,51%,5,84%,8312,0,3,5,Corinthians,29,0,13,500
0,,0,,4467,0,0,0,Criciuma,25,0,0,0
0,,0,,2087,0,0,0,CRUZEIRO,14,0,0,0
17,40%,0,,5356,0,1,2,Athletico-PR,37,2,16,null
18,54%,9,86%,7356,0,2,7,  Santos,10,2,17,503
9,47%,0,,5158,0,2,7,Flamengo,18,1,10,390
8,57%,3,87%,6775,1,1,3,CSA,27,2,16,511
0,    ,0,,3691,0,0,0,Fluminense,23,0,0,0
0,,0,,8742,0,0,0,Cuiaba,34,0,0,0
12,63%,5,84%,6443,0,2,11,Internacional,32,1,9,512
15,38%,3,70%,6604,0,3,5,Chapecoense,10,2,20,264
0,,0,,4433,0,0,0,Coritiba,21,0,0,0
17,65%,1,85%,7159,0,1,8,Fortaleza,28,1,12,491
0,,0,,1581,0,0,0,Santos,2,0,0,0
0,,0,,1323,0,0,0,Santos,20,0,0,0
12,48%,6,92%,8932,0,1,8,Cruzeiro   ,15,1,17,302
0,,0,,1588,0,0,0,botafogo-rj,3,0,0,  
10,56%,2,,8960,0,3,6,Botafogo-RJ,18,1,16,444
9,58%,4, 90% ,8948,0,4,5,Bragantino,17,2,13,438
null,,0,,603,0,0,0,Guarani,5,0,0,N/A
0,,0,,3207,0,0,0,atletico-mg,13,0,0,0
18,66%,4,84%,8263,0,3,11,Palmeiras,24,3,14,420
0,,0,,309,0,0,0,ponte preta,26,0,0,0
10, 59% ,0,,5060,1,3,7,Corinthians,8,1,17,502
0,,0,,1558,0,0,0,Figueirense,42,0,0,0
12,61%,4,,5417,0,0,4,Athletico-PR,6,0,12,561
0,,0,,3137,0,0,0,Botafogo-RJ,6,0,0,N/A
4,39%,1,90%,8822,0,1,0,Juventude,4,1,10,276
0,,0,,3742,0,0,0,Internacional,28,0,0,0
16, 44% ,5,83%,6606,0,4,3,Vasco   ,11,4,25,391
24,59%,10,95%,9095,0,2,6,Vasco   ,31,0,10,507
6,39%,3,84%,8951,0,2,3,CEARA,17,4,11,228
0,,0,,1375,0,0,0,  Athletico-PR,25,0,0,0
13,-,3,87%,6903,0,1,5,Sao Paulo,2,4,16,474
0,,0,,1233,0,0,0,Athletico-PR,12,0,0,0
17,,0,,5160,0,1,12,Goias,18,0,6,507
24,65%,8,,5906,0,1,6,SAO PAULO,17,0,11,578
13,46%,4,87%,9090,0,3,4,CEARA,31,2,13,335
13,45%,4,89%,8915,0,1,5,Palmeiras   ,13,2,15,348
0,,0,,679,0,0,0,Botafogo-RJ,11,0,0,0
0,,0,,2232,0,0,0,Internacional   ,28,0,0,0
0,  ,0,,3900,0,0,0,Corinthians,6,0,0,0
0,,0,,4499,0,0,0,Santos,28,0,0,0
15,-,6,79%,6444,0,1,5,Bahia,32,1,15,410
5, 50% ,2,88%,8804,0,6,6,Sport,2,1,15,317
0,,0,,3889,0,0,0,Portuguesa,5,0,0,0
0,,0,,796,0,0,0,Sao Caetano,21,0,0,0
0,,0,,3341,0,0,0,Atletico-GO,26,0,0,0
0,,0,,1571,0,0,0,fortaleza,1,0,0,0
6,52%,2,88%,6238,0,3,7,santos,12,3,12,528
0,,0,,2670,0,0,0,Cruzeiro,35,0,0,0
0,,0,,4450,0,0,0,Portuguesa,23,0,0,0
0,,0,  ,4384,0,0,0,Sao Paulo,16,0,0,0
24,47%,6,79%,8031,0,2,5,Fortaleza,1,0,18,399
0,,0,,274,0,0,0,ponte preta,23,0,0,0
0,,0,null,3571,0,0,0,Ceara,10,0,0,0
0,,0,,3635,0,0,0,Palmeiras,17,0,0,0
0,,0,  ,3469,0,0,0,ceara,1,0,0,0
-,,0,,14,0,0,0,Atletico-MG,2,0,0,0
0,,0,,534,0,0,0,Paysandu,45,0,0,0
0,,0,,1960,0,0,0,Cruzeiro,2,0,0,0
16,51%,5,74%,6342,0,3,11,sport,22,1,19,369
0,,0,,3305,0,0,0,Internacional,22,0,0,0
0,,0,,2758,0,0,0,  Athletico-PR,6,0,0,0
0,,0,,3342,0,0,0,Vitoria,26,0,0,0
0,,0,,2700,0,0,0,Athletico-PR,38,0,0,0
12,44%,0,,5681,0,3,5,Palmeiras,32,0,26,284
12,43%,4,79%,7060,0,4,3,Palmeiras   ,18,2,17,360
0,,0,,4042,0,0,0,Fluminense,20,0,0,0
0,,0,,4718,0,0,0,Gremio,11,0,0,0
16,33%,7,74%,7853,1,1,7,Fortaleza,21,1,12,266
7,38%,0,,5371,0,3,6,Santa Cruz,1,6,11,227
0,,0,,2375,0,0,0,Cruzeiro,5,0,0,0
0,,0,,221,0,0,0,Vitoria,19,0,0,0
10,36%,5,79%,7854,0,2,2,Athletico-PR,21,1,14,287
5, 40% ,0,,5559,0,5,2,America-MG,20,0,28,331
0,,0,,2230,0,0,0,Vasco,28,0,0,0
,,0,,2635,0,0,0,Nautico,31,0,0,
0,,0,,931,0,0,0,Vasco,32,0,0,0
16,57%,0,,5446,1,0,9,Corinthians,8,1,7,547
0,,0,,2911,0,0,0,Athletico-PR   ,21,0,0,0
0,,0,,4159,0,0,0,Corinthians,32,0,0,0
10,51%,0,,5337,0,2,1,Palmeiras,36,1,20,438
0,,0,,4613,0,0,0,Corinthians,1,0,0,0
0,,0,,1,0,0,0,Guarani,1,0,0,0
0,,0,,1363,0,0,0,Fluminense   ,24,0,0,0
11,46%,0,,5710,0,2,7,cruzeiro,35,4,11,398
0,,0,,4262,0,0,0,Athletico-PR,4,0,0,0
15,39%,5,69%,6664,0,1,4,Chapecoense,16,2,16,
0,,0,,2663,0,0,0,GOIAS,34,0,0,0
7, 46% ,0,,5346,0,2,5,  Athletico-PR,36,2,20,411
0,,0,,4599,0,0,0,Vitoria   ,38,0,0,0
0,,0,  ,3479,0,0,0,Avai,2,0,0,0
0,,0,,3666,0,0,0,America-MG,20,0,0,0
0,,0,,2984,0,0,0,Cruzeiro,28,0,0,0
12,56%,7,86%,7234,0,0,2,  Athletico-PR,35,0,12,530
14,48%,4,81%,7461,0,1,5,Fortaleza,20,1,13,451
,,0,,2015,0,0,0,Sport,6,0,0,0
0,,0,,1732,0,0,0,Fluminense,17,0,0,0
0,,0,,268,0,0,0,Sao Caetano,23,0,0,0
7,46%,1,86%,8069,0,1,6,Cuiaba,5,0,12,465
7,34%,2,,6077,0,3,6,avai,34,2,12,null
0,,0,,2915,0,0,0,Cruzeiro   ,21,0,0,0
0,,0,,293,0,0,0,Paysandu,25,0,0,0
19,58%,4,,5938,2,3,7,cruzeiro,20,0,18,432
14,53%,6,80%,6178,0,3,5,Palmeiras,6,4,17,438
0,,0,N/A,8437,0,0,0,ATLETICO-MG,4,0,0,0
13,34%,3,73%,7118,1,1,5,Botafogo-RJ,24,0,16,293
9,39%,3,,7278,0,4,2,Bahia   ,2,3,13,295
7,36%,3,70%,8252,1,4,1,America-MG,23,1,18,334
0,,0,,4346,0,0,0,Gremio,12,0,0,0
0,,0,,4881,0,0,0,Corinthians,27,0,0,0
,,0,,3182,0,0,0,  Gremio,10,0,0,0
0,,0,,4545,0,0,0,  Criciuma,32,0,0,0
5,42%,3,85%,8862,0,2,1,Sao  Paulo,8,0,15,325
0,,0,,3234,0,0,0,Vitoria,15,0,0,0
6,,0,,5075,0,0,10,Flamengo,9,7,10,535
10,49%,2,86%,8872,0,2,8,BRAGANTINO,9,1,15,284
10,32%,4,,5871,0,3,9,  Vasco,13,5,14,251
0,,0,,3854,0,0,0,Cruzeiro,1,0,0,0
8,47%,4,,5034,0,4,4,Coritiba,5,3,24,null
0,,0,,959,0,0,0,Parana,34,0,0,0
15,52% un,0,,5689,0,1,6,Flamengo,33,2,14,374
11,55%,0,,5537,0,2,7,  Vitoria,18,4,9,null
0,,0,,4859,0,0,0,SAO PAULO,25,0,0,0
0,,0,,4055,0,0,0,Nautico,21,0,0,0
0,,0,,4043,0,0,0,vasco,20,0,0,0
  ,,0,,956,0,0,0,Ponte Preta,34,0,0,0
7,54%,3,79%,8116,1,0,3,Santos,10,3,18,414
11,46%,3,82%,7236,1,3,5,Botafogo-RJ,36,2,26,351
9,41%,0,74%,7112,0,1,8,Atletico-GO   ,23,5,19,283
0,,0,,567,0,0,0,Juventude,2,0,0,0
17,72%,6,88%,7977,0,5,9,Palmeiras,34,2,10,576
11, 37% ,4,70%,7735,0,2,2,Goias,9,1,22,282
17,40%,0,,5356,0,1,2,Athletico-PR,37,2,16,null
0,,0,,8497,0,0,0,Atletico-GO,10,0,0,null
0,,0,,660,0,0,0,Vitoria   ,9,0,0,0
0,,0,,2197,0,0,0,Atletico-MG,25,0,0,0
0,,0,,4157,0,0,0,Palmeiras,32,0,0,0
0,,0,,8765,0,0,0,Fortaleza,36,0,0,0
13,65%,0,,5322,0,1,5,Flamengo,34,4,16,581
21,43%,6,  ,7072,0,2,9,Bahia,19,3,13,345
0,,0,,3664,0,0,0,Internacional,20,0,0,0
0,,0,,3041,0,0,0,  Palmeiras,34,0,0,0
8,62%,1,75%,7312,0,4,7,Sao Paulo,5,2,20,413
0,,0,,1307,0,0,0,Internacional   ,19,0,0,0
0,,0,,3287,0,0,0,Flamengo,21,0,0,0
0,,0,,8622,0,0,0,Bahia,22,0,0,0
11,54%,5,82%,8200,0,1,5,Vasco,18,1,19,473
0,-,0,,1087,0,0,0,Botafogo-RJ   ,45,0,0,0
16,58%,6,82%,6325,0,1,4,Vasco   ,19,0,16,464
19,52%,5,75%,6375,0,4,6,Chapecoense,25,0,14,N/A
0,,0,,1805,0,0,0,Ponte Preta,24,0,0,0
8,44%,1,78%,6640,0,2,3,Corinthians,14,0,8,
0,,0,,3215,0,0,0,Athletico-PR,13,0,0,0
N/A,71%,4,82%,6432,0,2,15,Flamengo,31,0,19,496
31,74%,9,87%,6922,0,0,16,Atletico-MG,4,2,10,609
0,,0,,3999,0,0,0,Atletico-GO,16,0,0,0
0,,0,,4572,0,0,0,Santos,35,0,0,0
0,,0,,1885,0,0,0,Ponte Preta,32,0,0,0
0,-,0,,2539,0,0,0,Sao Paulo,22,0,0,0
0,,0,,4138,0,0,0,Atletico-GO   ,30,0,0,0
9,53%,4,,6119,0,2,0,Corinthians,38,1,18,504
0,,0,,323,0,0,0,GUARANI,27,0,0,0
0,,0,,4810,0,0,0,Santos,20,0,0,0
0,,0,N/A,2316,0,0,0,Vasco,37,0,0,0
16,56%,8,88%,7152,0,0,6,Athletico-PR,27,1,14,480
0,,0,,120,0,0,0,Santos   ,10,0,0,0
0,,0,,8589,0,0,0,  Atletico-GO,19,0,0,0
0,,0,,4197,0,0,0,Figueirense,36,0,0,  
19,58%,6,83%,7202,0,3,10,Sport,32,5,16,456
19,44%,0,,5386,0,2,1,Botafogo-RJ,2,5,10,443
,51%,8,82%,6877,0,2,3,Santos,38,4,12,391
11,37% un,0, null ,5730,0,6,5,Sao Paulo,37,1,15,289
10,44%,0,,5466,0,5,5,internacional,10,1,27,301
0,,0,,3802,0,0,0,gremio,34,0,0,0
17,63%,6,86%,7457,0,3,5,Juventude,20,4,12,560
-,,0,,934,0,0,0,Juventude   ,32,0,0,0
,  ,12,83%,7195,0,1,6,Corinthians,31,2,9,545
null,,0,,3248,0,0,0,internacional,17,0,0,0
16,48%,5,85%,7143,1,1,7,  Flamengo,26,2,17,379
,,0,,1265,0,-6,0,atletico-mg,15,0,0,0
20,63%,9,78%,8068,0,5,5,  Bragantino,5,3,16,438
0,,0,,911,0,0,0,Paysandu   ,30,0,0,0
0,,0,N/A,1207,0,0,0,Corinthians,10,0,0,0
0,,0,,4122,0,0,0,Atletico-GO,28,0,0,0
8,52%,3,88%,8895,0,0,1,fluminense,11,1,11,501
0,,0,,3321,0,0,0,Botafogo-RJ,24,0,0,0
0,,0,,2594,0,0,0,Gremio,27,0,0,0
17,54%,9,N/A,8209,0,2,4,  Corinthians,19,2,17,529
11,43% un,6,,5885,0,4,3,Botafogo-RJ,14,1,14,407
0,,0,,2283,0,0,0,Sao Paulo,34,0,0,0
13,36%,3,77%,6804,0,0,5,Bahia,30,3,11,270
0,,0,,3972,0,0,0,Sport,13,0,0,0
7,41%,5,89%,9086,0,4,3,Vitoria,31,1,7,377
0,,0,,3196,0,0,0,Fluminense,11,0,0,0
0,,0,,1060,0,0,0,Fluminense,43,0,0,0
22,68%,0,,5026,1,5,4,Cruzeiro,4,1,11,545
0,,0,,1890,0,0,0,Sao Paulo,33,0,0,0
12,54%,3,79%,7694,0,2,9,Fortaleza,5,3,16,
0,,0,,2481,0,0,0,Flamengo,16,0,0,0
0,,0,,1416,0,0,0,Figueirense,29,0,0,0
0,,0,,253,0,0,0,SANTOS,22,0,0,0
12,56%,0,,5723,0,1,5,Flamengo,36,3,15,497
0,,0,,460,0,0,0,Figueirense,39,0,0,0
0,,0,,8460,0,0,0,Vitoria   ,6,0,0,0
17,46%,7,-,6696,0,1,11,Sao Paulo,20,2,23,383
23,53%,7,78%,7778,0,1,7,Flamengo,14,2,17,430
0,,0,,4308,0,0,0,portuguesa,9,0,0,0
0,,0,,2156,0,0,0,Goias   ,20,0,0,0
8,67%,2,87%,7853,0,5,5,Internacional,21,0,15,547
8,44%,1,84%,7333,0,0,3,Sport,7,3,11,445
0,,0,,114,0,0,0,Paysandu,10,0,0,0
17,51%,5,82%,7156,0,4,10,Bahia,28,1,17,419
9,32%,4, 69% ,8003,0,5,5,Coritiba,36,0,13,245
0,,0,,1382,0,0,0,Cruzeiro,26,0,0,0
19,55%,4,81%,6666,1,0,5,Sao Paulo,17,0,10,496
12,53%,2,,5851,0,1,0,Sao Paulo,11,0,14,464
0,,0,,4636,0,0,0,  Atletico-MG,3,0,0,0
14,45%,1,79%,7766,0,0,7,Cuiaba,13,1,15,368
16,60%,0,,5559,0,2,9,Fluminense,20,2,12,482
0,,0,,3001,0,0,0,Coritiba,30,0,0,0
0,,0,,2861,0,0,0,Vitoria,16,0,0,0
0,,0,,2449,0,0,0,Athletico-PR,14,0,0,0
0,,0,,2792,0,-1,0,Atletico-MG,9,0,0,0
0,,0,,2878,0,0,0,  Nautico,18,0,0,0
26,67%,10,,5924,0,4,10,Sao Paulo,18,2,18,531
0,,0,,3934,0,0,0,Sport   ,9,0,0,0
11,39%,3,78%,7516,1,1,5,bragantino,26,0,12,308
9,53%,2,83% un,7120,0,2,6,Bahia,24,1,12,450
0,,0,,565,0,0,0,Flamengo,2,0,0,0
0,,0,,8592,0,0,0,Bragantino,19,0,0,0
12,57%,0,,5262,0,2,5,Atletico-MG,28,5,8,498
8,63%,0,N/A,5200,0,1,2,Flamengo,22,3,14,588
0,,0,,784,0,0,0,Vasco,20,0,0,  
N/A,60%,0,,5150,0,2,9,Vasco,17,2,17,440
0,,0,,854,0,0,0,Gremio,26,0,0,0
0,,0,,3728,0,0,0,Bahia,27,0,0,0
0,,0,,1577,0,0,0,Sao Caetano,2,0,0,0
15,47%,0,,5183,0,1,8,Internacional,20,0,10,430
20,61%,3,,5762,0,0,12,Atletico-MG,2,3,18,420
11,48%,6,79%,7742,0,1,3,Internacional,10,1,16,411
,,0,,8468,0,0,0,Fluminense,7,0,0,0
0,,0,,260,0,0,0,Guarani   ,22,0,0,0
0,,0,,3134,0,0,0,Cruzeiro,5,0,0,0
10,65%,3,89%,6592,1,-13,3,fluminense,9,1,21,549
0,,0,,3555,0,0,0,Santos,9,0,0,0
17,  ,0,,5285,0,1,6,Corinthians,30,3,9,620
0,,0,,4913,0,0,0,Coritiba,31,0,0,0
14,59%,3,81%,7727,0,3,6,SANTOS,9,0,11,421
8,27% un,0,,5246,0,-6,0,coritiba,26,3,21,245
0,,0,,4325,0,0,0,Nautico,10,0,0,0
11,53%,3, 86% ,6224,0,5,10,Fluminense,10,0,16,409
10,35%,6,76%,6954,0,2,1,Athletico-PR,6,1,24,317
0,,0,,1371,0,-2,0,  Santos,25,0,0,0
0,,0,,3725,0,0,0,  Coritiba,26,0,0,0
0,,0,,3947,0,0,0,Sport,11,0,0,0
,,0,,3756,0,0,0,Vasco,29,0,0,0
0,,0,,2234,0,0,0,Figueirense,28,0,0,0
0,,0,,4023,0,0,0,  Figueirense,18,0,0,0
8,46%,4,79%,7191,0,0,3,VASCO,31,0,17,455
15,-,8,86%,7473,1,1,5,Corinthians,21,1,8,656
7,30%,2,null,7669,0,5,0,Goias,4,0,20,253
8,55%,5,93%,8811,0,2,4,Flamengo,3,0,11,556
0,,0,,4964,0,0,0,GREMIO,36,0,0,N/A
9,55%,0,,5715,0,1,6,INTERNACIONAL,35,2,15,350
12,33%,5,77%,8281,0,2,2,Botafogo-RJ,26,1,14,304
17,54%,7,86%,7070,0,4,6,flamengo,19,2,18,446
0,,0,,3621,0,0,0,Ceara,16,0,0,0
0,,0,,3236,0,0,0,Sao Paulo   ,15,0,0,0
6,48% un,3,85%,6645,0,1,3,Fortaleza,14,4,13,450
10,32%,2,65%,8126,0,4,2,FORTALEZA,11,7,12,267
0,,0,,4527,0,0,0,Atletico-MG,31,0,0,0
6,41%,1,67%,8163,0,2,4,Sao Paulo,14,0,9,295
,,0,,3028,0,0,0,  Avai,33,0,0,0
0,,0,,299,0,0,0,Guarani,25,0,0,0
0,null,0,,2128,0,0,0,Juventude,18,0,0,0
0,,0,,1281,0,0,0,Brasiliense,17,0,0,0
12,37%,0,,5389,0,1,5,Chapecoense,3,3,24,318
8,56%,1,84%,6568,0,2,4,Botafogo-RJ,7,1,15,469
0,,0,,3723,0,0,0,Avai,26,0,0,0
0,  ,0,,4271,0,0,0,Botafogo-RJ,5,0,0,0
0,,0,,3385,0,0,0,sao paulo,30,0,0,0
12,55%,3,81%,7932,0,3,6,GOIAS,29,3,11,421
0,,0,,1350,0,0,0,Parana,23,0,0,0
0,,0,,3226,0,0,0,Goias,14,0,0,0
0,,0,,3976,0,0,0,Nautico   ,13,0,0,0
6,35%,2,70%,8140,0,3,1,Botafogo-RJ,12,0,14,278
0,,0,,523,0,0,0,Parana,44,0,0,0
10,64%,4,89%,6523,0,3,7,Athletico-PR,2,0,19,507
0,,0,,1331,0,0,0,Brasiliense   ,21,0,0,0
0,,0,,2229,0,0,0,  Flamengo,28,0,0,0
10,36%,0,,5679,1,3,2,Corinthians,32,1,19,278
10,30%,4,,5916,1,4,3,Fluminense,18,2,18,232
8,26%,4,69%,8260,0,6,0,Fortaleza,24,0,14,245
9,47%,3,78%,6844,0,2,3,Vasco,33,3,22,360
0,,0,null,2245,0,0,0,figueirense,30,0,0,0
-,,0,,1032,0,0,0,Ponte Preta   ,40,0,0,0
0,,0,,2323,0,0,0,Goias,38,0,0,0
0,,0,,4557,0,0,0,Goias,34,0,0,0
11,52%,0,,5502,0,2,7,Internacional,14,1,19,360
0,,0,,1888,0,0,0,Flamengo,33,0,0,0
0,,0,,1587,0,0,0,Sao Caetano,3,0,0,0
0,  ,0,,2799,0,0,0,Palmeiras,10,0,0,0
0,,0,,4754,0,0,0,Palmeiras,14,0,0,0
11,62%,0,  ,5371,0,0,1,Vitoria,1,1,17,380
0,,0,,4651,0,0,0,Sao Paulo,5,0,0,0
0,,0,,3635,0,0,0,Bahia,17,0,0,0
10,44%,5,83%,7725,0,1,3,INTERNACIONAL,8,0,7,433
11,54%,0,,5287,0,3,1,  Avai,31,2,14,379
,47%,1,,5940,1,1,5,Flamengo,20,1,17,417
0,,0,,2102,0,0,0,palmeiras,15,0,0,0
9,47%,3,83%,7927,0,1,2,Internacional,29,3,7,455
0,,0,,4373,0,0,0,Corinthians,15,0,0,  
  ,,0,,4609,0,0,0,Coritiba,1,0,0,0
19,45%,5,89%,9150,0,2,7,Juventude,36,4,17,294
14,53%,5,86%,6521,1,2,10,sao paulo,2,1,12,433
14,38%,2,64%,7309,0,-6,7,Ceara,5,1,23,252
15,,6,83%,8165,0,5,2,Botafogo-RJ,14,1,13,470
10,54%,5,,5072,1,2,3,Fluminense,9,1,12,443
0,,0,,8784,0,0,0,Fluminense,38,0,0,0
0,,0,,4273,0,0,0,Nautico,5,0,0,0
0,,0,,2804,0,0,0,Vitoria,10,0,0,0
0,,0,,491,0,0,0,Atletico-MG,41,0,0,0
0,,0,,4018,0,0,0,Fluminense,18,0,0,N/A
0,,0,,2741,0,0,0,Corinthians,4,0,0,0
0,,0,,2535,0,0,0,Atletico-MG,21,0,0,0
0,  ,0,,2399,0,0,0,  Portuguesa,8,0,0,0
0,,0,,8570,0,0,0,Atletico-GO,17,0,0,0
0,,0,,1832,0,0,0,  Goias,27,0,0,0
0,,0,,2764,0,0,0,Barueri,6,0,0,0
  ,53% un,0,,5244,0,4,11,  Cruzeiro,26,0,15,437
0,-,0,,3474,0,0,0,Cruzeiro,1,0,0,0
0,,0,,2329,0,0,0,Vitoria,1,0,0,0
0,,0,,3208,0,0,0,Avai,13,0,0,0
0,,0,,8444,0,0,0,Atletico-GO,4,0,0,0
,,0,,1576,0,0,0,Santos,1,0,0,0
14,56%,4,76%,7667,0,1,5,Ceara,4,4,11,447
14,52%,8,80%,7281,0,1,1,Fortaleza,2,2,19,378
0,,0,,2407,0,0,0,  Cruzeiro,9,0,0,0
0,,0,,4633,0,0,0,Bahia,3,0,0,0
0,,0,,2985,0,0,0,Avai,28,0,0,0
17,60%,6,,5947,0,2,6,FLAMENGO,21,7,12,515
-,48% un,4,80%,6668,0,4,5,Santos,17,3,19,386
0,,0,,1471,0,0,0,Palmeiras,34,0,0,0
7,51%,2,84%,6353,0,2,5,Santos,23,0,14,578
0,,0,,672,0,0,0,Fluminense,10,0,0,0
0,,0,,749,0,0,0,Flamengo   ,17,0,0,null
0,,0,,696,0,0,0,Cruzeiro,12,0,0,0
0,,0,,8690,0,0,0,  Atletico-MG,29,0,0,0
-,,0,,3721,0,0,0,ATLETICO-MG,26,0,0,0
0,,0,,829,0,0,0,Internacional,24,0,0,0
0,,0,,4405,0,0,0,Nautico,18,0,0,0
0,,0,,8549,0,0,0,  Gremio,15,0,0,0
0,,0,,2907,0,0,0,palmeiras,21,0,0,0
9,41%,4,69%,7377,0,2,5,Fortaleza,12,1,20,267
0,,0,,3074,0,0,0,Nautico,37,0,0,0
,,0,,4888,0,0,0,Bahia,29,0,0,0
0,,0,,707,0,0,0,Ponte Preta,13,0,0,0
null,39%,2,73%,7130,0,4,4,Goias,25,0,12,298
7,46%,7,,6001,0,0,5,Sao Paulo,26,0,12,451
0,,0,,1129,0,0,0,Ponte Preta,3,0,0,0
0,,0,,194,0,0,0,Corinthians,17,0,0,0
0,,0,,4032,0,0,0,Corinthians,19,0,0,0
null,,0,,3061,0,0,0,Sport,36,0,0,0
0,,0,,1107,0,0,0,Palmeiras,1,0,0,0
0,,0,,2802,0,0,0,Gremio,10,0,0,0
15,49%,0,,5410,0,5,9,Chapecoense,5,1,23,376
0,,0,,4443,0,0,0,  Botafogo-RJ,22,0,0,0
0,,0,,3003,0,0,0,palmeiras,30,0,0,0
0,,0,,2709,0,0,0,atletico-mg,1,0,0,0
0,,0,,2470,0,0,0,Vasco,15,0,0,
12,46%,5,  ,6719,0,2,3,Palmeiras,22,1,17,403
0,,0,,1815,0,0,0,Flamengo,25,0,0,0
0,,0,,1580,0,0,0,internacional,2,0,0,0
0,,0,,2147,0,0,0,  Santos,20,0,0,0
null,,0,,4580,0,0,0,  Nautico,36,0,0,0
0,,0,,235,0,0,0,Ponte Preta,20,0,0,0
null,,0,  ,878,0,0,0,Sao Paulo,28,0,0,0
16,51%,4,82%,7536,0,2,5,America-MG,28,3,12,441
13, 48% ,4,82% un,6919,0,4,2,Goias,4,3,16,
0,,0,,8544,0,0,0,Internacional,14,0,0,0
0,,0,,3191,0,0,0,Gremio,11,0,0,0
0,,0,,1915,0,0,0,Botafogo-RJ,35,0,0,0
26,65%,9,89%,6340,0,2,12,Flamengo,22,2,16,515
0,,0,,192,0,0,0,Fluminense,16,0,0,0
16,50%,0,,5650,0,0,5,fluminense,29,5,10,447
13,46%,0, 71% ,6500,0,4,7,Bahia,38,0,18,341
18,64%,7,81%,8182,0,3,8,Botafogo-RJ,16,0,20,502
0,,0,,669,0,0,0,Guarani,10,0,0,0
21,58%,7,84%,6756,1,2,7,  Atletico-MG,26,0,13,498
19,57%,0,,5470,0,0,8,Flamengo,11,0,9,505
0,,0,,1369,0,0,0,Paysandu,25,0,0,0
0,,0,,1225,0,0,0,CRUZEIRO,11,0,0,
  ,,0,,8707,0,0,0,Flamengo,31,0,0,0
13,-,3,74%,7903,0,3,3,Sao  Paulo,26,1,11,355
14,32%,8,80%,6318,0,3,5,athletico-pr,19,3,15,263
  ,,0,,368,0,0,0,Fortaleza,31,0,0,
20,59%,3,81%,7929,0,2,11,Avai,29,2,7,419
18,N/A,0,,5002,0,2,13,Flamengo,2,6,10,492
0,,0,,3162,0,0,0,  Goias,8,0,0,0
16,59%,2,79%,6819,0,1,4,Cruzeiro,32,1,9,426
4, 37% ,2,72%,7537,0,2,3,  Ceara,28,2,20,294
0,,0,,8758,0,0,0,Criciuma,36,0,0,0
0,,0,,948,0,0,0,Corinthians,33,0,0,0
0,,0,,4712,0,0,0,Flamengo,10,0,0,0
0,,0,,2331,0,0,0,INTERNACIONAL,1,0,0,0
8,46%,3,80%,8169,1,-10,1,Flamengo,15,1,20,392
0,,0,,3885,0,0,0,SPORT,4,0,0,0
,,0,,3548,0,0,0,Sao  Paulo,9,0,0,0
0,,0,,3111,0,0,0,Sao Paulo,3,0,0,0
6,59%,2,78%,7451,0,3,8,Sao Paulo,19,4,17,452
0,,0,,4692,0,0,0,Cruzeiro,9,0,0,0
0,,0,,8538,0,0,0,Fortaleza,14,0,0,0
5,45%,3,90%,8810,0,5,2,Mirassol,3,3,11,346
13,47%,3,77%,7595,0,2,4,  Bahia,32,1,13,387
0,,0,,800,0,0,0,Coritiba,21,0,0,0
0,,0,,3520,0,0,0,Fluminense,6,0,0,0
null,43%,6,,5824,0,0,5,Vitoria,8,1,19,375
12,51%,0,,5286,1,3,11,Santos,30,1,4,474
14,55%,4,80%,7035,0,0,1,  Athletico-PR,15,2,14,483
15,49%,5,85% un,7092,0,2,5,Fluminense,21,3,8,440
10,55%,2,86%,7535,0,2,5,Corinthians,27,2,8,500
8,34%,2,78%,7062,0,1,2,Gremio,18,1,11,291
0,,0,,3180,0,0,0,Flamengo,10,0,0,0
0,,0,,457,0,0,0,coritiba,39,0,0,0
8,N/A,0,76%,6403,0,2,2,Parana,28,0,18,269
0,,0,,1997,0,0,0,Botafogo-RJ,12,0,0,0
0,,0,,3348,0,0,0,PALMEIRAS,27,0,0,0
0,,0,,8778,0,0,0,Bahia,38,0,0,0
0,,0,,516,0,0,0,  Paysandu,43,0,0,0
0,,0,,4583,0,0,0,Fluminense,36,0,0,0
0,,0,,1111,0,0,0,Fluminense,1,0,0,0
11,N/A,5,,5984,1,5,12,Cruzeiro,24,0,12,376
0,,0,,4755,0,0,0,figueirense,14,0,0,0
,,0,,789,0,-10,0,Parana,20,0,0,0
12,64%,5,84%,7352,0,2,4,Ceara   ,9,0,23,530
null,,0,,4975,0,0,0,Athletico-PR,37,0,0,0
0,,0,,1897,0,0,0,Vasco,34,0,0,0
0,,0,,1828,0,0,0,Athletico-PR,27,0,0,0
14,49%,6,77%,8383,0,2,3,Goias,36,1,14,437
0,,0,,2176,0,0,0,Nautico,22,0,0,0
9,62%,3,,6110,0,1,8,Sao Paulo,37,1,12,485
0,,0,,4152,0,0,0,Flamengo,31,0,0,0
0,,0,,1660,0,0,0,Flamengo,10,0,0,0
3,54%,0,,5273,0,3,5,Gremio,29,0,15,526
0,,0,,3844,0,0,0,Atletico-GO,38,0,0,0
0,,0,,2868,0,0,0,Avai,17,0,0,0
0,,0,,1462,0,0,0,Atletico-MG,33,0,0,0
0,,0,N/A,2794,0,0,0,Avai,9,0,0,0
0,,0,,3547,0,0,0,Vasco,9,0,0,0
-,,0,,3164,0,0,0,Santos,8,0,0,0
0,,0,,758,0,0,0,Internacional,18,0,0,null
0,,0,,1654,0,0,0,Figueirense   ,9,0,0,0
9,45%,0,,5640,0,2,6,Santos,28,2,10,448
0,,0,,1187,0,0,0,Goias,8,0,0,0
0,,0,,1717,0,0,0,Juventude,16,0,0,0
0,,0,,1132,0,0,0,  Palmeiras,3,0,0,
0,,0,,2241,0,0,0,vasco,30,0,0,0
0,,0,,2135,0,0,0,Palmeiras,18,0,0,0
4,,1,94% un,9047,0,4,2,Atletico-MG,27,2,14,537
0,,0,,696,0,0,0,coritiba,12,0,0,0
0,,0,,447,0,0,0,Vitoria,38,0,0,0
0,,0,,746,0,0,0,internacional,17,0,0,
20,51%,5,  ,8985,0,3,7,MIRASSOL,20,2,16,300
10,41%,0,,5021,0,1,2,Goias,4,0,14,345
  ,33%,4,74%,7894,0,3,7,Cuiaba,25,5,18,277
0,,0,,4261,0,0,0,Vitoria,4,0,0,0
0,,0,,4713,0,0,0,Corinthians,10,0,0,0
0,,0,,1468,0,0,0,Cruzeiro,34,0,0,0
7,37%,3,71%,6441,0,2,8,Sao Paulo   ,32,1,17,290
0,,0,,3946,0,0,0,Palmeiras,10,0,0,0
17,58%,0,,5469,0,3,2,America-MG,11,3,19,476
15,51%,6,83%,7581,0,2,2,Palmeiras,30,2,17,453
0,,0,,1472,0,0,0,Santos,34,0,0,N/A
7,41%,4,,5822,0,2,3,Botafogo-RJ,8,4,13,309
0,,0,,565,0,0,0,Ponte Preta   ,2,0,0,0
N/A,,0,,366,0,0,0,  Bahia,31,0,0,0
3,58%,0,,5558,0,2,3,Figueirense,20,3,25,395
2,24%,0,70%,7286,0,3,0,Juventude,3,3,20,236
0,,0,,1543,0,0,0,Ponte Preta,40,0,0,0
0,  ,0,,3650,0,0,0,Vasco,19,0,0,0
0,,0,,2295,0,0,0,Vasco,35,0,0,0
26,71%,7,86%,6250,0,3,9,  Flamengo,13,0,11,552
0,,0,,1409,0,0,0,Flamengo,28,0,0,0
0,,0,,4490,0,0,0,Bahia,27,0,0,0
0,,0,,3801,0,0,0,santos,34,0,0,0
0,,0,  ,400,0,0,0,Gremio,34,0,0,0
0,,0,,3130,0,0,0,Guarani,5,0,0,0
  ,,0,,368,0,0,0,Fortaleza,31,0,0,
11,39%,5,70%,7095,0,3,3,  Bragantino,21,0,18,273
0,,0,,1123,0,0,0,figueirense,2,0,0,0
0,,0,,89,0,0,0,Bahia,8,0,0,0
5,58%,0,,5734,0,3,4,Fluminense,37,1,28,470
14,64%,3,,5967,0,0,8,Gremio,23,3,11,628
0,,0,,589,0,0,0,Internacional   ,4,0,0,0
  ,41%,1,79%,6904,0,3,4,Santos,2,2,14,N/A
-,58%,5,89%,8933,0,2,4,Botafogo-RJ,15,1,10,509
16,64%,0,,5012,0,0,9,Atletico-MG,3,3,8,537
0,N/A,0,,4916,0,0,0,Sao Paulo,31,0,0,0
0,,0,  ,396,0,0,0,paysandu,33,0,0,0
0,,0,,3732,0,0,0,Ceara,27,0,0,0
13,45%,0,,4987,0,2,3,Chapecoense,1,3,20,326
15,36%,0,,5697,0,3,2,Botafogo-RJ,34,0,26,276
null,,0,,99,0,0,0,Santos,9,0,0,0
9,60%,1,92%,9036,0,3,5,Atletico-MG   ,26,2,12,585
12,61%,5,86%,6140,0,2,6,Atletico-MG   ,2,6,22,497
0,,0,,3838,0,0,0,Vasco,38,0,0,0
13,  ,3,88% un,6694,0,1,6,Corinthians,19,1,12,439
0,,0,,275,0,0,0,Athletico-PR,23,0,0,0
0,,0,,1670,0,0,0,Gremio,11,0,0,0
13,41%,5, 71% ,6471,1,0,8,Flamengo,35,0,13,321
16,,3,88%,7529,0,3,5,Palmeiras,27,4,13,
11,33%,3,81%,7508,0,3,7,Sport,25,1,14,340
0,,0,,3735,0,-4,0,Cruzeiro,27,0,0,0
7,49%,5,,5886,0,3,0,gremio,15,1,7,486
0,,0,,1857,0,0,0,Palmeiras,30,0,0,0
19,59%,6,87%,7103,0,1,7,Botafogo-RJ,22,3,18,481
11,62%,0,,5254,0,4,5,Sao Paulo   ,27,2,19,490
0,,0,,8614,0,0,0,Palmeiras,21,0,0,0
7,56%,1,84%,6640,0,3,9,Internacional,14,3,16,551
N/A,36%,3, 79% ,6575,1,2,5,  Goias,7,4,11,318
0,,0,,3767,0,0,0,Figueirense,31,0,0,0
15,69%,4,88%,7023,0,3,8,ATLETICO-MG,14,2,19,577
0,,0,,45,0,0,0,Guarani,3,0,0,0
0,,0,,8721,0,-7,0,  Bahia,32,0,0,0
0,null un,0,,2357,0,0,0,Vasco,4,0,0,0
0,,0,,2608,0,0,0,Vasco,29,0,0,0
10,61%,0,,5728,0,5,3,Botafogo-RJ,37,2,19,411
,59%,8,93%,8982,0,4,3,Vasco,20,2,11,470
0,,0,,2517,0,0,0,Ipatinga,20,0,0,0
0,,0,,3458,0,0,0,Guarani,38,0,0,0
0,,0,,1292,0,0,0,Athletico-PR   ,18,0,0,0
12,52%,4,82%,8291,0,2,6,fortaleza,27,1,9,406
0,,0,  ,8498,0,0,0,Cuiaba,10,0,0,0
0,,0,,312,0,0,0,Fluminense,26,0,0,0
6,36%,4,85%,9106,0,1,4,Sport,33,2,12,248
0,,0,,3112,0,0,0,Fluminense   ,3,0,0,0
0,,0,,394,0,0,0,Sao  Caetano,33,0,0,0
0,,0,,1667,0,0,0,Ponte Preta,11,0,0,0
11,54%,5,84%,7567,0,1,0,Fluminense,31,1,9,513
0,,0,,157,0,0,0,Bahia,14,0,0,0
0,,0,,3005,0,0,0,botafogo-rj,30,0,0,0
0,,0,,8418,0,0,0,  Athletico-PR,2,0,0,0
0,,0,,4168,0,0,0,Santos,33,0,0,0
11,37%,2,76%,8236,2,1,5,Goias,22,3,16,330
20, 46% ,0,,5741,0,2,6,CRUZEIRO,38,5,9,421
7,48%,0,83%,7649,0,4,3,Goias,1,2,12,421
9,55%,2,80%,8405,1,1,3,Bragantino,38,1,14,398
12,45%,2,75%,6715,0,2,7,Corinthians,21,2,15,336
0,,0,    ,8507,0,-2,0,Internacional,11,0,0,0
10,42%,0,,5378,0,5,5,Santa Cruz,2,0,23,341
15,45%,5,79%,6241,3,4,4,Palmeiras,12,0,21,340
0,,0,,261,0,0,0,Parana,22,0,0,0
0,,0,,243,0,0,0,Cruzeiro,21,0,0,0
21,67%,8,85%,6821,0,1,11,Flamengo,32,3,10,526
0,-,0,,2240,0,0,0,sao paulo,30,0,0,0
0,,0,,4985,0,0,0,Cruzeiro   ,38,0,0,0
13,49%,0,,5420,0,3,2,figueirense,6,2,14,null
9,58%,5,88%,9067,0,1,3,Cruzeiro,29,0,13,461
8,41%,7,   un,7185,0,3,3,Bahia,30,0,24,291
0,,0,,3450,0,0,0,Botafogo-RJ,37,0,0,0
20,54%,8,,5182,0,2,4,Fluminense,20,5,15,379
0,,0,,517,0,0,0,  Vasco,44,0,0,0
13,34%,6,66%,7616,0,3,3,bahia,36,1,15,236
0,,0,,1306,0,0,0,  Palmeiras,19,0,0,0
-,,0,,758,0,0,0,Juventude,18,0,0,0
N/A,,0,,3096,0,0,0,Gremio Prudente,1,0,0,0
0,  ,0,,8536,0,0,0,Cuiaba,14,0,0,0
0,,0,,3621,0,0,0,Corinthians,16,0,0,0
N/A,,0,,2880,0,0,0,Corinthians,18,0,0,0
0,,0,,1035,0,0,0,Ponte Preta,41,0,0,0
0,,0,,3933,0,0,0,Gremio,9,0,0,0
0,,0,,4119,0,0,0,Coritiba,28,0,0,0
0,,0,,4271,0,0,0,Ponte Preta,5,0,0,0
0,,0,,2754,0,0,0,CRUZEIRO,5,0,0,N/A
0,,0,,732,0,0,0,Flamengo,15,0,0,0
0,,0,,3958,0,0,0,Ponte Preta,12,0,0,0
0,,0,,936,0,0,0,Vitoria,32,0,0,0
13,53%,3,  ,8218,0,2,9,Cuiaba,20,2,17,388
0,,0,,2289,0,0,0,  Figueirense,35,0,0,0
5,42%,1,92%,9138,0,3,6,Bragantino,35,0,11,334
0,,0,,3608,0,0,0,Palmeiras,15,0,0,0
0,,0,,4929,0,0,0,Botafogo-RJ,33,0,0,0
8,37%,0,,5541,0,2,5,Ponte Preta,18,0,16,322
13,45%,5,90%,8398,0,1,6,Coritiba,38,0,17,452
0,,0,,3677,0,0,0,Ceara,22,0,0,0
0,,0,,2312,0,0,0,Sport,37,0,0,0
5,48%,2,76%,7726,0,1,4,Cuiaba,9,4,11,421
0,,0,,2410,0,0,0,Figueirense,9,0,0,0
0,,0,,110,0,0,0,Parana   ,10,0,0,0
0,,0,,4977,0,0,0,Criciuma,38,0,0,0
22,69%,6,83%,6299,0,2,11,Palmeiras,20,3,14,506
8,N/A,4,87%,9146,1,3,2,Atletico-MG,36,2,10,236
6,37%,1,80%,6390,1,3,6,Sport,27,0,16,326
12,46%,0,,5695,0,4,6,Santos,33,3,20,374
16,51%,6,88%,7361,0,1,6,Flamengo,10,3,10,497
21,54%,13,  ,9105,0,1,13,  Palmeiras,32,0,11,318
0,,0,,1242,0,0,0,Santos,13,0,0,0
0,,0,,2140,0,0,0,Corinthians,19,0,0,0
0,,0,,3058,0,0,0,nautico,36,0,0,0
13,48%,0,,5050,0,0,4,Corinthians,7,4,10,392
15,,0,null,5471,0,2,3,Ponte Preta,11,0,22,
0,,0,,1960,0,0,0,Cruzeiro,2,0,0,0
12,31%,3,77%,8028,0,3,3,Botafogo-RJ,1,2,20,295
,N/A,0,,3245,0,0,0,flamengo,16,0,0,0
12,54%,3,79%,7694,0,2,9,Fortaleza,5,3,16,
8,43%,0,,5048,1,3,2,Flamengo,7,2,14,380
0,,0,,4740,0,0,0,palmeiras,13,0,0,0
0,,0,,8608,0,0,0,Criciuma,21,0,0,null
null,47%,6,73%,6217,0,3,3,vitoria,10,2,20,369
0,,0,,2827,0,0,0,Flamengo,13,0,0,0
23,62%,1,83%,7810,0,2,7,Juventude,17,1,16,473
  ,35%,7,75%,7822,0,2,4,Santos,18,2,15,298
0,,0,,8515,0,0,0,Juventude,11,0,0,0
0,,0,,4028,0,0,0,Fluminense,19,0,0,0
0,,0,,3302,0,0,0,Gremio Prudente,22,0,0,0
15,52%,5,84%,7622,0,6,8,Flamengo   ,36,3,20,427
0,,0,,3766,0,0,0,Vasco,30,0,0,0
0,,0,,1448,0,0,0,Brasiliense,32,0,0,0
0,,0,    ,839,0,0,0,Santos,24,0,0,0
18,49%,4,79%,7836,0,1,3,Goias,20,1,18,356
0,,0,,3031,0,0,0,Internacional,33,0,0,0
0,,0,,451,0,0,0,SANTOS,38,0,0,0
14,37%,2,85%,8917,0,3,7,Ceara,14,2,16,320
  ,,0,,3566,0,0,0,Athletico-PR,12,0,0,
0,,0,,1150,0,0,0,Juventude,5,0,0,0
8,47%,4,,5798,0,3,5,Coritiba,6,1,28,358
0,,0,,2716,0,0,0,Nautico,1,0,0,  
0,,0,,4247,0,0,0,Flamengo,3,0,0,0
0,,0,,4867,0,-8,0,Chapecoense,26,0,0,0
3,40%,2, 88% ,9062,1,4,1,Cruzeiro,28,2,12,238
15,67%,5,88%,6929,0,3,5,flamengo,5,0,15,637
15,43%,4,90%,9102,0,2,3,Sao Paulo,32,1,12,380
13,64%,2,86%,7148,0,3,4,Flamengo,27,0,14,519
0,,0,null,4110,0,0,0,Atletico-GO,27,0,0,0
null,65%,10,89%,7382,0,1,3,Flamengo   ,12,2,8,633
0,,0,,8624,0,0,0,Palmeiras,22,0,0,0
-,,0,,3387,0,0,0,VITORIA,31,0,0,0
0,,0,,8612,0,0,0,Bahia,21,0,0,0
9,45%,3,  ,5962,0,2,5,Santos,22,1,18,402
12,34%,0,,5722,0,3,4,PONTE PRETA,36,0,20,null
12,49%,2,83%,7893,0,1,5,Atletico-GO,25,1,12,
8,55%,0,91%,8928,0,1,2,Santos,15,2,9,454
15,52%,3,86%,7995,0,0,6,Flamengo   ,35,1,9,542
0,,0,,3631,0,0,0,internacional,17,0,0,0
null,,0,,1296,0,0,0,Parana,18,0,0,0
0,,0,,3984,0,0,0,Ponte Preta,14,0,0,0
0,,0,,1079,0,0,0,Internacional,44,0,0,0
0,,0,,2183,0,0,0,Gremio,23,0,0,0
,66%,7,80%,6469,0,2,11,Palmeiras,35,5,8,493
0,,0,,4789,0,0,0,  Fluminense,18,0,0,0
0,,0,,4785,0,0,0,  Cruzeiro,17,0,0,0
21,43%,0,,5294,1,2,3,Chapecoense,31,1,13,369
10,38%,2, 65% ,7991,0,3,4,Juventude,35,0,11,280
,37%,2, 79% ,6872,1,3,6,Cruzeiro,37,1,21,342
0,,0,,8535,0,0,0,PALMEIRAS,13,0,0,0
0,,0,,2628,0,0,0,Sport,31,0,0,0
0,,0,,341,0,0,0,Paysandu,29,0,0,0
0,,0,,2266,0,0,0,Gremio,32,0,0,0
5,41%,0,74%,6483,0,1,6,Parana,36,1,12,302
7,47%,3,  ,6807,0,2,8,goias,31,1,16,350
0,,0,,1580,0,0,0,Santa Cruz,2,0,0,0
9,46%,3,92%,8797,0,2,4,Vasco,2,0,15,409
0,,0,,1494,0,0,0,Fluminense,36,0,0,0
0,,0,,2462,0,0,0,Santos,13,0,0,0
0,,0,,942,0,0,0,Parana,33,0,0,0
16,  ,8,82%,7088,0,1,10,Athletico-PR,21,0,12,
2,25%,1,88%,9124,0,0,3,Ceara,37,0,5,254
0,,0,,971,0,0,0,juventude,35,0,0,
  ,,0,,1649,0,0,0,Juventude,9,0,0,0
,,0,,1770,0,0,0,Figueirense,21,0,0,0
0,,0,,2988,0,0,0,Flamengo,29,0,0,0
0,,0,,1865,0,0,0,SAO CAETANO,30,0,0,0
0,,0,,249,0,0,0,Gremio,21,0,0,0
0,,0,,2856,0,0,0,  Gremio,15,0,0,-
0,,0,,592,0,0,0,Gremio,4,0,0,0
0,,0,,688,0,0,0,Vasco,12,0,0,0
null,,0,,2508,0,0,0,  Goias,19,0,0,0
16,57%,2,,5804,0,1,7,Athletico-PR,6,2,15,495
16,39%,7,76%,6177,2,3,11,Vasco,6,0,24,298
0,,0,  ,314,0,0,0,GOIAS,27,0,0,0
0,,0,,2380,0,0,0,Flamengo,6,0,0,0
20,64%,7,N/A,6994,1,1,6,  Palmeiras,10,3,15,567
13,37%,0,,5154,0,2,2,Goias,17,3,8,347
0,,0,,1783,0,0,0,juventude,22,0,0,0
0,,0,,3021,0,0,0,vitoria,32,0,0,0
7,32%,4,78%,6188,0,4,1,Flamengo,7,4,13,306
0,,0,,8577,0,0,0,Internacional,18,0,0,0
0,,0,,1432,0,0,0,brasiliense,30,0,0,0
0,,0,,2105,0,0,0,Sao Paulo,15,0,0,0
-,,0,,8711,0,0,0,Botafogo-RJ,31,0,0,-
10,41%,3,78%,7172,0,0,6,Internacional,29,2,14,332
11,60%,5,89%,8904,0,5,9,fluminense,12,2,17,525
0,,0,,1451,0,0,0,Internacional,32,0,0,0
12,53%,4,N/A,8238,0,3,6,Flamengo,22,2,8,464
0,,0,,4441,0,0,0,Atletico-MG,22,0,0,null
0,,0,,2270,0,0,0,Sport,33,0,0,0
10,45% un,2,69%,6356,0,1,4,Cruzeiro,24,2,19,369
8,46%,2,80%,6136,0,3,6,Santos,2,5,21,352
0,,0,,3344,0,0,0,Sao Paulo   ,26,0,0,0
0,,0,,3338,0,0,0,GOIAS,26,0,0,0
null,,0,,3228,0,0,0,Ceara,15,0,0,0
0,,0,,4606,0,0,0,sao paulo,38,0,0,0
0,,0,,684,0,0,0,Athletico-PR,11,0,0,0
4,36%,4,,6055,0,2,2,Cruzeiro,31,4,9,375
8,37%,3,69% un,6294,0,1,5,Chapecoense,17,2,20,341
N/A,,0,,1328,0,0,0,Corinthians,21,0,0,0
0,,0,,597,0,0,0,Parana,4,0,0,0
0,,0,,2802,0,0,0,Corinthians,10,0,0,0
8,41%,0,,5483,0,1,4,CORINTHIANS,12,2,13,381
17,62%,3,89%,6976,0,1,7,Athletico-PR,9,3,19,509
0,,0,,2868,0,0,0,Santo Andre,17,0,0,0
0,,0,,3606,0,0,0,Atletico-GO,14,0,0,0
0,,0,,2650,0,0,0,Santos,33,0,0,0
0,,0,,1599,0,0,0,Fortaleza,4,0,0,0
0,,0,,3326,0,0,0,Vitoria,24,0,0,0
9,51%,3,78%,6490,0,5,14,Palmeiras,37,2,18,N/A
0,,0,,1471,0,0,0,Figueirense,34,0,0,0
0,,0,N/A,8672,0,0,0,Flamengo,27,0,0,0
8,75% un,3,89%,8289,0,3,3,Sao Paulo,27,0,15,699
18,39%,6,74%,6442,0,1,5,Botafogo-RJ,32,0,25,288
0,,0,,4448,0,0,0,Vitoria,23,0,0,0
9,48%,0,,5086,0,3,3,Santos,10,1,21,424
0,,0,,2990,0,0,0,Internacional,29,0,0,0
9,38%,4,,5998,0,5,1,Santos,26,3,22,236
0,,0,,2268,0,0,0,Athletico-PR,33,0,0,0
6,43%,2,null,8240,1,1,2,  Corinthians,22,2,13,380
  ,  ,0,,5031,0,2,5,  Cruzeiro,5,2,16,410
-,43%,6,,5770,0,1,5,Athletico-PR,3,3,10,430
0,,0,,3835,0,0,0,Gremio,37,0,0,0
0,,0,,3804,0,0,0,  Botafogo-RJ,34,0,0,0
13,46%,4,89%,7522,0,1,3,Fluminense,26,0,9,503
0,,0,,3435,0,0,0,Vasco   ,35,0,0,0
8,38%,3,72%,7645,0,2,4,cuiaba,38,1,15,321
21,55%,6,84%,8048,0,3,12,Palmeiras,3,0,20,508
21,56%,6,85%,8369,0,2,7,Gremio,35,0,12,536
13,48%,4,79%,6497,0,4,5,Atletico-MG,38,0,15,379
9,49%,0,,5239,0,2,11,Goias,26,0,12,449
15,52%,6,80%,7407,0,2,8,Athletico-PR   ,15,1,12,427
11,49%,2,83%,7156,0,2,3,Gremio,28,0,11,407
8,51%,4,83%,6335,0,2,4,Chapecoense,21,1,20,445
12,48%,2,78%,6662,1,0,4,Avai,16,2,19,399
18,-,7,81%,8324,0,1,11,FORTALEZA,30,6,16,347
0,,0,,3343,0,0,0,Fluminense   ,26,0,0,0
0,,0,,2715,0,0,0,Santo Andre,1,0,0,0
0,,0,,4596,0,0,0,Santos,37,0,0,0
18,64%,8,90%,6163,0,1,8,Gremio,4,0,15,657
-,,0,,2634,0,0,0,Cruzeiro,31,0,0,0
,,0,,1894,0,0,0,Corinthians,33,0,0,0
0,,0,,1758,0,0,0,Santos,20,0,0,0
0,,0,,893,0,0,0,Criciuma,29,0,0,0
16,59%,0,,5688,0,3,9,Fluminense   ,33,8,20,null
20,66%,9,89%,6713,0,3,11,Athletico-PR,21,0,11,607
0,,0,,3570,0,0,0,Santos,10,0,0,0
-,,0,,251,0,0,0,Fluminense,21,0,0,-
17,73%,0,88%,7561,0,2,7,Fluminense,29,3,7,546
9,54% un,0,,5023,0,5,2,Corinthians,4,4,21,477
N/A,58%,4,84%,7171,0,0,6,Bahia,29,1,18,424
12,65%,0,,5527,1,3,3,Vitoria,17,0,26,446
0,,0,,1021,0,0,0,Palmeiras   ,40,0,0,0
0,,0,,2032,0,0,0,Internacional,8,0,0,0
0,,0,-,4640,0,0,0,Gremio,4,0,0,0
0,,0,,1456,0,0,0,PONTE PRETA,32,0,0,0
0,,0,,4280,0,0,0,cruzeiro,6,0,0,
0,,0,,4521,0,0,0,Sao Paulo,30,0,0,0
-,52%,5,83%,8007,0,4,5,CORITIBA,37,1,15,384
4,null,2,-,7395,0,1,5,Corinthians,13,2,12,467
0,,0,,4621,0,0,0,Flamengo,2,0,0,0
N/A,34%,6,,8136,0,5,5,Athletico-PR,12,1,25,
0,,0,,8502,0,0,0,Internacional,10,0,0,0
0,,0,,1336,0,0,0,Sao Caetano,22,0,0,0
0,,0,,8751,0,0,0,Internacional,35,0,0,0
,,0,,2956,0,-4,0,Palmeiras,25,0,0,0
0,,0,,4879,0,0,0,SAO PAULO,27,0,0,0
12,49%,5,84%,7173,0,0,3,Botafogo-RJ,29,4,13,458
17,57%,0,,5582,0,0,3,Flamengo,22,2,13,492
  ,,0,,4260,0,0,0,Vasco,4,0,0,0
0,,0,,1017,0,0,0,Internacional,39,0,0,0
0,,0,,2545,0,0,0,Athletico-PR,22,0,0,0
0,,0,,6781,0,0,0,Athletico-PR,28,0,0,0
0,,0,,407,0,0,0,Flamengo,34,0,0,0
0,,0,,3620,0,0,0,America-MG,16,0,0,0
0,,0,,1639,0,0,0,Parana,8,0,0,0
20,55%,0,,5486,0,0,9,Botafogo-RJ,12,6,9,438
15,49%,4,80%,6379,0,2,6,Atletico-MG,26,1,15,421
0,,0,,3141,0,0,0,Cruzeiro,6,0,0,0
0,,0,,2119,0,0,0,GOIAS,17,0,0,0
20,54%,6,N/A,6999,0,1,9,Atletico-MG,12,0,20,478
9,42%,3,72%,6732,0,0,9,Goias   ,23,1,12,null
0,,0,,540,0,0,0,Juventude,45,0,0,0
0,,0,,1114,0,0,0,brasiliense,1,0,0,0
9,51%,3,92%,8850,0,3,3,Bahia,7,2,11,364
16,41%,0,,5581,0,5,5,Palmeiras,22,2,20,304
0,,0,,3710,0,0,0,  Fluminense,25,0,0,0
15,,0,,5449,0,3,3,Coritiba,9,1,12,415
0,,0,-,817,0,0,0,Goias,23,0,0,0
10,36%,1,90%,9065,0,6,2,Juventude,28,1,15,242
0,,0,,4680,0,0,0,internacional,8,0,0,null
0,,0,,1631,0,0,0,Athletico-PR,7,0,0,0
,,0,,2826,0,0,0,Botafogo-RJ,12,0,0,0
14, 53% ,0,,5645,0,3,6,Palmeiras,28,1,12,426
5,,0,,4833,0,1,2,Sao Paulo,22,3,10,481
21,57%,10,87%,6213,0,0,8,Santos,9,5,12,447
0,,0,,1932,0,0,0,Santos,37,0,0,0
0,,0,,1470,0,0,0,Fortaleza,34,0,0,0
0,,0,,4305,0,0,0,Fluminense,8,0,0,0
-,,0,,3542,0,0,0,Flamengo,8,0,0,0
0,,0,,1959,0,0,0,Santos,2,0,0,  
10,  ,3,78%,6830,0,2,5,Bahia   ,34,0,23,415
0,,0,,4864,0,0,0,palmeiras,25,0,0,0
0,N/A,0,,845,0,0,0,Internacional,25,0,0,0
0,,0,,8468,0,0,0,Juventude,7,0,0,0
16,59%,6,,5865,1,2,10,Coritiba,12,2,16,399
0,,0,,153,0,0,0,Criciuma,13,0,0,-
0,,0,,2041,0,0,0,Nautico,9,0,0,0
19,67%,9,,5852,0,3,10,Corinthians,11,2,14,645
N/A,,0,,1500,0,0,0,BRASILIENSE,36,0,0,0
0,,0,,8554,0,0,0,Palmeiras,15,0,0,0
0,,0,,4919,0,0,0,Corinthians,32,0,0,0
0,,0,,617,0,0,0,Figueirense,6,0,0,0
0,,0,,4866,0,0,0,Goias,25,0,0,0
0,,0,,1158,0,0,0,Corinthians   ,5,0,0,
9,43%,0,,4833,0,5,11,Coritiba,22,1,14,360
7,59%,5,92%,9143,0,2,6,Mirassol,35,3,9,461
0,,0,,8466,0,0,0,GREMIO,7,0,0,0
10,47%,5,82%,8301,0,1,7,Flamengo,28,1,10,394
0,,0,-,1751,0,0,0,Santos,19,0,0,0
0,,0,,2173,0,0,0,Gremio,22,0,0,0
0,,0,,4915,0,0,0,  Botafogo-RJ,31,0,0,null
0,,0,,4516,0,0,0,  Vitoria,29,0,0,0
0,,0,,1020,0,0,0,Parana,39,0,0,0
0,,0,,3237,0,0,0,Fluminense,16,0,0,0
11,58%,3,82%,7501,0,3,4,Flamengo,24,1,20,441
0,,0,,3752,0,0,0,Botafogo-RJ,29,0,0,0
0,,0,,3240,0,0,0,Gremio Prudente,16,0,0,0
0,null,0,,1950,0,0,0,Flamengo,1,0,0,0
0,,0,,394,0,0,0,Parana,33,0,0,0
0,,0,,1786,0,0,0,Ponte Preta,22,0,0,0
12,52% un,0,,5733,0,3,4,Internacional,37,0,13,441
0,,0,,2727,0,0,0,Corinthians,3,0,0,0
6,55%,0,,5640,0,1,3,Athletico-PR,28,3,13,541
  ,  ,0,,4013,0,0,0,Sport,17,0,0,0
16,45%,5,78%,6714,0,2,7,Vasco,21,2,22,338
0,,0,,279,0,0,0,Sao Caetano,24,0,0,0
16,49%,9,85%,6372,0,3,5,ATHLETICO-PR,25,4,15,456
9,37%,4,78%,6443,0,3,5,Athletico-PR,32,1,20,318
0,,0,-,4944,0,0,0,Palmeiras,35,0,0,0
16,60%,7,88%,8934,0,2,9,Palmeiras,15,1,21,379
0,,0,,2149,0,0,0,Gremio,20,0,0,null
0,N/A,0,,4268,0,0,0,  Criciuma,5,0,0,0
8,40%,4,77%,6265,0,3,0,Ceara,14,3,13,418
-,,0,,2057,0,0,0,Flamengo   ,29,0,0,0
N/A,,0,,3334,0,0,0,Botafogo-RJ,25,0,0,0
18,37%,8,73%,7953,0,3,7,America-MG,31,4,18,303
0,,0,,1570,0,0,0,Corinthians,1,0,0,0
3,42%,2,-,7787,0,3,4,Corinthians,15,0,12,
0,,0,,295,0,0,0,Flamengo,25,0,0,0
,,0,,1683,0,0,0,Santa Cruz,12,0,0,0
0,,0,,1345,0,0,0,Atletico-MG,22,0,0,0
0,,0,,2751,0,0,0,Athletico-PR,5,0,0,0
11,44%,3,,5891,0,3,1,Sao Paulo,15,1,26,329
N/A,,0,,728,0,0,0,goias,15,0,0,0
,,0,,4111,0,0,0,Palmeiras,27,0,0,0
0,,0,,1199,0,0,0,Sao Caetano,9,0,0,0
26,63%,9,86% un,8316,0,1,6,Palmeiras,30,5,15,  
12,41%,5,  ,7475,0,2,5,Fluminense,21,2,16,334
0,,0,,2747,0,0,0,Nautico,5,0,0,0
12,52%,0,,5050,0,2,7,INTERNACIONAL,7,1,9,427
0,,0,,1086,0,0,0,Santos,45,0,0,0
0,,0,,463,0,0,0,Goias   ,39,0,0,0
0,,0,,4069,0,0,0,Gremio,23,0,0,-
N/A,54%,0,81%,7611,0,3,4,Bragantino,35,2,25,376
0,,0,,4541,0,0,0,Gremio,32,0,0,0
7,53%,2,,6036,0,-4,2,Coritiba,30,0,15,416
6,56%,1,,5758,0,1,4,palmeiras,2,2,13,393
0,,0,N/A,4811,0,0,0,Chapecoense,20,0,0,0
10,44%,3,-,5853,0,2,6,Avai,11,3,14,407
14,45%,0,77%,7393,0,1,8,Ceara,13,1,13,345
0,,0,,1563,0,0,0,Atletico-MG,42,0,0,0
0,,0,,2838,0,0,0,Avai,14,0,0,0
0,,0,,1399,0,0,0,Ponte Preta,27,0,0,0
0,,0,,3811,0,0,0,Vasco,35,0,0,0
0,,0,,3282,0,0,0,Palmeiras,20,0,0,0
9,41%,2,,5963,0,4,1,Avai,22,6,18,322
10,47%,2,79%,8164,0,3,2,Athletico-PR,14,0,18,378
0,,0,null,4573,0,0,0,Goias,35,0,0,0
0,N/A,0,,4229,0,0,0,Corinthians,1,0,0,0
18, 37% ,4,72%,6363,0,-7,3,Parana,24,0,15,296
null,  ,0,,4925,0,0,0,Chapecoense,32,0,0,
16,48%,7,76%,7982,1,1,3,Coritiba,34,1,12,412
7,45%,1,82%,7884,0,3,1,Juventude,24,0,10,435
11,46%,6, 79% ,7544,0,2,3,Atletico-GO,28,0,11,360
,,0,,4824,0,0,0,Vitoria,21,0,0,0
  ,,0,,2903,0,0,0,Internacional,20,0,0,0
0,,0,,3282,0,0,0,  Vitoria,20,0,0,0
0,,0,,2992,0,0,0,Santos   ,29,0,0,0
7,43%,2,80%,6218,0,3,4,ceara,10,2,17,365
0,,0,,2942,0,0,0,internacional,24,0,0,0
17,47%,0,,4892,0,4,7,Figueirense,29,4,19,375
6,32%,0,,5674,0,7,1,Gremio,31,1,20,301
15,60%,0,,5725,1,-7,3,Atletico-MG,36,2,10,553
8,58%,5,82%,7702,0,1,5,BOTAFOGO-RJ,7,1,9,516
11,59%,3,82%,7579,0,2,5,Bragantino,30,1,16,452
0,,0,,8747,0,0,0,botafogo-rj,35,0,0,0
0,,0,,1091,0,0,0,Vitoria,45,0,0,0
17,,1,,6338,0,1,8,vasco,22,1,12,571
0,,0,,1622,0,0,0,CRUZEIRO,6,0,0,0
0,,0,,737,0,0,0,Sao  Caetano,16,0,0,0
18,63%,8,88%,6168,0,2,6,Athletico-PR,5,1,15,607
0,,0,,3052,0,0,0,Corinthians,35,0,0,0
0,null,0,,3216,0,0,0,Santos,13,0,0,0
18,53%,7,80%,7758,0,2,4,Bragantino,12,1,13,449
23,64%,6,  ,7754,0,1,7,Fortaleza,11,1,13,500
12,48%,0,,5733,0,4,8,Cruzeiro,37,0,15,415
10,46%,1,71%,6504,0,0,5,Chapecoense,38,2,11,354
0,,0,,4542,0,0,0,Cruzeiro,32,0,0,0
9,58%,5,84%,7479,0,1,6,FLAMENGO,22,2,12,505
0,,0,,4711,0,0,0,SAO PAULO,10,0,0,0
14,49%,7,89%,7571,0,1,5,Palmeiras,31,1,10,443
0,,0,,213,0,0,0,Sao Caetano,18,0,0,0
0,,0,  ,4980,0,0,0,  Vitoria,38,0,0,0
0,,0,,4940,0,0,0,goias,35,0,0,
,,0,,4679,0,0,0,Sport,8,0,0,0
-,,0,,1155,0,0,0,Flamengo,5,0,0,0
0,,0,,4233,0,0,0,SANTOS,1,0,0,0
0,,0,,85,0,0,0,Goias,8,0,0,0
0,,0,,1979,0,0,0,Goias   ,4,0,0,0
0,,0,,2804,0,0,0,Santos,10,0,0,0
0,,0,,2909,0,0,0,sport,21,0,0,0
0,,0,,2646,0,0,0,Figueirense,32,0,0,0
0,null,0,,4232,0,0,0,Ponte Preta,1,0,0,0
13,43%,0,,5690,0,1,6,Athletico-PR,33,2,17,395
0,,0,,863,0,0,0,VITORIA,26,0,0,0
0,,0,,4471,0,0,0,Botafogo-RJ,25,0,0,0
0,,0,,594,0,0,0,Cruzeiro,4,0,0,0
0,,0,,4699,0,0,0,palmeiras,28,0,0,0
10,N/A,0,,4988,0,4,2,Atletico-MG,1,4,14,426
0,,0,,4518,0,0,0,Nautico,30,0,0,0
0,,0,-,1243,0,0,0,palmeiras,13,0,0,0
18,63%,5,84% un,7430,0,2,5,Flamengo,17,0,12,null
0,,0,,454,0,0,0,Atletico-MG,38,0,0,0
0,,0,,1750,0,0,0,Cruzeiro,19,0,0,0
0,,0,,4174,0,0,0,Sao Paulo,33,0,0,0
16,64%,2,85%,7952,0,3,16,ATLETICO-MG,31,3,12,565
0,,0,,3899,0,0,0,Nautico,6,0,0,0
null,,0,,4880,0,0,0,vitoria,27,0,0,0
0,,0,,3701,0,0,0,Corinthians,24,0,0,0
0,,0,,3045,0,0,0,  Coritiba,34,0,0,0
0,,0,,1041,0,0,0,Guarani,41,0,0,0
0,,0,,3965,0,0,0,Flamengo,12,0,0,0
15,46%,2,82%,6932,1,2,10,Bragantino,5,1,17,319
,,0,,8668,0,0,0,Fluminense,27,0,0,0
0,,0,,3967,0,0,0,  Internacional,13,0,0,0
0,,0,,2901,0,0,0,Sao Paulo,20,0,0,0
21,56% un,7,,6089,0,1,14,Vasco,35,3,12,472
0,,0,,4660,0,0,0,  Chapecoense,6,0,0,0
18,56%,5,81%,8050,0,3,9,Cruzeiro,3,4,8,471
0,,0,,1331,0,0,0,Ponte Preta,21,0,0,0
0,,0,  ,8619,0,0,0,Bragantino,22,0,0,0
0,,0,,4965,0,0,0,Chapecoense,36,0,0,0
N/A,,0,,3609,0,0,0,Atletico-MG,15,0,0,0
0,,0,,2339,0,0,0,Portuguesa,2,0,0,0
0,,0,,3269,0,0,0,Gremio,19,0,0,0
16, 62% ,6,,6016,0,3,5,Athletico-PR,27,2,15,605
0,,0,,2605,0,0,0,Coritiba,28,0,0,0
0,,0,,1332,0,0,0,FORTALEZA,21,0,0,0
6,null,0,,5038,1,0,1,  Chapecoense,6,1,12,262
0,,0,,8763,0,0,0,Cruzeiro,36,0,0,0
16,59%,0,,5314,0,1,11,Atletico-MG,33,5,11,
0,,0,,8572,0,0,0,Palmeiras,17,0,0,null
28,59%,10,88%,8072,0,2,7,Palmeiras,5,2,10,562
0,,0,,740,0,0,0,Santos   ,16,0,0,0
6,43%,4,77%,6273,1,2,3,America-MG,15,0,12,null
0,,0,,347,0,0,0,Criciuma,29,0,0,0
0,,0,,8548,0,0,0,Fortaleza,15,0,0,0
10, 39% ,4,73%,7066,1,4,2,Ceara,19,0,19,
0,,0,,3183,0,0,0,Santos,10,0,0,0
14, 55% ,2,93%,8810,0,2,10,Bahia,3,2,11,451
0,,0,,1078,0,0,0,Athletico-PR,44,0,0,0
0,  ,0,,8562,0,0,0,Atletico-MG,16,0,0,0
0,,0,,3688,0,0,0,America-MG,23,0,0,0
0,,0,,652,0,0,0,Sao Paulo,9,0,0,0
-,,0,,3920,0,0,0,Sao Paulo,8,0,0,0
0,,0,,1858,0,0,0,Santa Cruz,30,0,0,0
0,,0,,4057,0,0,0,flamengo,22,0,0,0
0,,0,,2990,0,0,0,Internacional,29,0,0,0
0,,0,,2519,0,0,0,Vitoria,20,0,0,0
0,,0,,2211,0,0,0,Athletico-PR,26,0,0,0
0,,0,,1814,0,0,0,Vasco,25,0,0,0
25,68%,5,90%,6925,0,2,5,Sao Paulo,4,4,14,634
0,,0,,2259,0,0,0,Sport,32,0,0,0
16,58%,0,,5647,0,2,7,Athletico-PR,29,5,9,457
0,,0,,3680,0,0,0,ATLETICO-MG,22,0,0,0
-,,0,,4380,0,0,0,Coritiba,16,0,0,0
  ,53%,4,82%,7454,0,5,1,Atletico-MG,19,2,10,445
12,46%,0,  ,5384,1,6,5,Internacional,2,2,16,362
0, null ,0,,719,0,0,0,Sao Caetano,14,0,0,0
0,,0,,257,0,0,0,Fluminense,22,0,0,0
0,,0,,2638,0,0,0,  Coritiba,32,0,0,
22,68%,6,82%,6274,0,3,11,Ceara,15,0,16,484
20,62%,0,,5033,0,3,5,Corinthians,5,0,10,627
-,,0,-,2833,0,0,0,Nautico,13,0,0,0
0,,0,,2702,0,0,0,Portuguesa,38,0,0,null
0,-,0,,2966,0,0,0,Santo Andre   ,26,0,0,0
0,null,0,,8683,0,0,0,Internacional,28,0,0,0
0,,0,,4475,0,0,0,Sao Paulo,25,0,0,0
1,33%,1,80%,7417,1,0,2,Palmeiras,16,1,14,322
0,,0,,1171,0,0,0,Parana,7,0,0,0
13,61%,3,,6122,1,4,8,Sao Paulo,38,1,20,450
11,42%,3,69%,8062,0,5,4,Gremio,4,3,9,353
13,39%,4,,6023,0,4,4,  Fluminense,27,1,16,274
0,,0,null,2205,0,0,0,GOIAS,25,0,0,0
14,70%,5,87%,6374,0,2,5,CORINTHIANS,25,4,16,
0,,0,,2767,0,0,0,Palmeiras,7,0,0,null
10,51%,0,,5156,0,1,7,Figueirense,17,2,13,321
0,,0,,3841,0,0,0,Internacional,38,0,0,0
28,62%,11,92%,9123,0,1,6,Bahia,37,2,11,558
0,,0,,8710,0,0,0,Cruzeiro,31,0,0,0
0,,0,,4351,0,0,0,Vasco,13,0,0,0
6,39%,2,79%,7509,1,0,3,fortaleza,25,3,10,343
0,,0,,322,0,0,0,Fluminense,27,0,0,0
21,69%,5,88%,7841,0,1,7,Atletico-MG,20,1,12,600
0,,0,,770,0,0,0,Corinthians,19,0,0,0
0,,0,,4561,0,0,0,Corinthians,34,0,0,0
0,null,0,,607,0,0,0,Internacional,5,0,0,0
0,,0,,8607,0,0,0,Bragantino,21,0,0,0
,,0,,1286,0,0,0,Santos,17,0,0,0
0,,0,,4435,0,0,0,Santos   ,21,0,0,0
11,51%,2,75%,6554,0,1,5,Vasco,5,3,16,368
0,,0,,3054,0,0,0,Athletico-PR,35,0,0,0
8,28%,2,70%,6515,0,1,5,Goias,1,0,9,235
18,60%,8,  ,5785,0,0,7,Bahia,4,6,21,462
21,58% un,9,88%,6336,0,5,5,  Vitoria,22,1,21,533
0,,0,,2808,0,0,0,Coritiba,11,0,0,0
0,,0,,198,0,0,0,Goias,17,0,0,0
null,,0,,733,0,0,0,Botafogo-RJ,16,0,0,0
9,34%,3,62%,6469,0,4,4,Parana,35,0,22,266
9,N/A,1,82%,6322,0,2,5,Bahia,19,2,13,457
0,,0,,598,0,0,0,Vitoria,4,0,0,0
9,67%,4,,5993,0,1,5,Atletico-MG,25,1,10,null
8,48%,0,,5031,0,3,10,Flamengo   ,5,1,17,378
0,,0,,1798,0,0,0,Goias,24,0,0,0
0, - ,0,,8632,0,-8,0,Sao  Paulo,23,0,0,0
0,,0,,3181,0,0,0,corinthians,10,0,0,0
12,43%,0,,5676,0,1,3,Fluminense,31,1,8,316
10,46%,2,73%,6357,0,2,4,Bahia   ,24,2,19,353
0,,0,,4353,0,0,0,Athletico-PR,13,0,0,0
0,,0,,4218,0,0,0,Botafogo-RJ,38,0,0,0
0,,0,,3362,0,0,0,Sao Paulo,28,0,0,0
13,59%,6,87% un,6949,0,2,3,Fortaleza,6,0,22,571
0,,0,,257,0,0,0,Juventude,22,0,0,0
26,61%,0,,5429,0,4,6,fluminense,7,1,9,548
0,,0,,474,0,0,0,Corinthians,40,0,0,0
14,55%,5,84%,7168,0,4,4,Fortaleza,29,3,17,447
  ,64%,2,78%,6455,0,2,5,Santos,33,3,15,447
0,,0,,3076,0,0,0,  Vitoria,37,0,0,0
15,58%,4,85%,7904,1,3,8,Atletico-GO,26,2,11,454
8,33%,3,70%,7548,0,3,2,Fortaleza,34,2,22,267
13,44%,4,80%,7858,0,4,5,Cuiaba,22,4,14,341
0,,0,,887,0,0,0,Botafogo-RJ,28,0,0,0
11,42%,4,67%,6503,0,5,4,fluminense,38,3,15,300
17,64%,0,,5601,1,2,11,Sport,24,3,14,459
0,,0,,136,0,0,0,Atletico-MG,12,0,0,0
0,,0,,52,0,0,0,Vasco,5,0,0,0
0,,0,,4495,0,0,0,Goias,27,0,0,0
0,null,0,,1812,0,0,0,Fluminense,25,0,0,0
0,,0,,1192,0,0,0,Fortaleza,8,0,0,0
12,64%,0,,5512,0,6,14,cruzeiro,15,0,17,480
0,,0,,3505,0,0,0,Coritiba   ,4,0,0,0
13,,7,81%,7831,0,1,8,Juventude,19,1,20,337
0,,0,,4635,0,0,0,Corinthians,3,0,0,0
0,,0,,461,0,0,0,Sao Caetano,39,0,0,0
0,,0,,2317,0,0,0,Sao Paulo,38,0,0,  
0,,0,,4255,0,0,0,Bahia,3,0,0,0
0,,0,,374,0,0,0,Gremio,32,0,0,0
0,,0,,3854,0,0,0,Cruzeiro,1,0,0,0
0,,0,,1787,0,0,0,Ponte Preta,23,0,0,0
0,,0,,4492,0,0,0,  Sao Paulo,27,0,0,0
11,41% un,0,,5335,1,1,3,Flamengo,35,1,11,327
13,-,7,84%,7985,0,1,6,Avai,34,1,11,459
16,57%,2,82% un,7158,0,4,6,Coritiba,28,2,13,467
4,46%,2,72%,7694,0,3,4,Sao Paulo,5,2,14,339
17,47%,5,,5807,0,3,7,Atletico-GO,7,2,21,377
10,34%,0,null,5382,1,4,5,Vitoria,2,5,20,270
9,52%,3,84%,6988,0,4,8,CORINTHIANS,10,2,15,378
0,,0,  ,4279,0,0,0,Ponte Preta,6,0,0,0
12,55%,7,87%,7176,0,1,7,Gremio   ,30,0,10,530
0,,0,,3226,0,0,0,Gremio,14,0,0,0
0,,0,  ,2800,0,0,0,Atletico-MG,10,0,0,0
9,43%,3,72% un,8029,0,1,7,Bahia   ,1,3,13,343
9,47%,2,79%,6277,0,2,4,  Parana,16,3,17,419
17,59%,0,,5178,0,1,7,Santos,20,1,14,538
0,,0,,1821,0,0,0,  Figueirense,26,0,0,0
0,,0,,8501,0,0,0,FLUMINENSE,10,0,0,0
0,,0,,4327,0,0,0,Sao Paulo,11,0,0,0
0,,0,,2085,0,0,0,sport,13,0,0,0
0,,0,,4753,0,0,0,  Internacional,14,0,0,0
0,,0,,957,0,0,0,Guarani,34,0,0,0
0,,0,,4345,0,0,0,Vasco,12,0,0,0
0,,0,,300,0,0,0,Gremio,25,0,0,0
0,,0,,1947,0,0,0,Figueirense,1,0,0,0
,,3, 69% ,6169,0,3,2,Vitoria,5,1,19,289
0,,0,,2771,0,0,0,Avai,7,0,0,0
0,,0,,827,0,0,0,Coritiba,23,0,0,0
16,65%,4,87%,8040,0,1,2,Flamengo,2,3,13,588
0,,0,,4055,0,0,0,Cruzeiro,21,0,0,0
18,54%,4,82%,7101,1,1,7,Atletico-MG,22,1,12,455
0,,0,,947,0,0,0,Ponte Preta,33,0,0,0
0,,0,,3918,0,0,0,Cruzeiro,8,0,0,0
0,,0,,1122,0,0,0,Athletico-PR,2,0,0,0
  ,53%,7,,5794,0,3,1,Gremio   ,5,2,9,414
6,42%,3,81%,8384,0,4,3,Athletico-PR,36,1,13,352
0,,0,,3253,0,0,0,Palmeiras,17,0,0,0
0,,0,null,2194,0,0,0,Nautico   ,24,0,0,0
0,,0,,131,0,0,0,Corinthians,11,0,0,0
0,,0,,190,0,0,0,Vitoria,16,0,0,0
0,,0,,984,0,0,0,Juventude,36,0,0,0
0,,0,,1979,0,0,0,Figueirense,4,0,0,0
20,64%,8,85%,8252,0,1,9,Cuiaba,23,3,11,549
0,,0,,734,0,0,0,Internacional,16,0,0,0
N/A,54% un,2,81%,6320,0,2,3,Vitoria,19,0,25,471
12,49%,4,81%,6772,0,2,6,Chapecoense,27,1,23,-
0,,0,,2850,0,0,0,Barueri,15,0,0,0
0,,0,,623,0,0,0,Fluminense,6,0,0,0
0,,0,,4054,0,0,0,Ponte Preta,21,0,0,0
8,45%,3,81%,8120,0,3,3,FORTALEZA,10,4,12,412
15,58%,5, 91% ,9001,0,3,10,  Palmeiras,22,3,16,377
13,52%,5,79%,7472,0,1,8,SAO PAULO,21,1,18,443
0,,0,,471,0,0,0,Parana,40,0,0,0
0,,0,,1476,0,0,0,corinthians,34,0,0,0
0,,0,,4842,0,0,0,Corinthians,23,0,0,0
0,,0,,1674,0,0,0,Goias,11,0,0,0
13,55%,3,75%,6360,0,2,8,  Palmeiras,24,4,14,397
0,,0,,1338,0,0,0,Parana,22,0,0,0
8,39%,0,,5523,0,4,3,Sport,16,1,18,304
7,null,5,null,6352,0,4,4,Internacional,23,1,13,371
9,59%,5,86%,6678,0,2,8,Flamengo,18,1,9,540
19,65%,0,,5455,0,0,7,FLUMINENSE,9,4,12,617
11,,3, 90% ,9104,0,3,5,Ceara,32,1,18,N/A
0,-,0,-,8541,0,0,0,Atletico-GO,14,0,0,0
15,49%,3,80%,8111,0,2,6,Bragantino,9,1,12,398
12,40%,2,81%,6126,0,3,7,Cruzeiro,1,0,20,425
0,,0,,2664,0,0,0,Botafogo-RJ   ,34,0,0,null
15,59%,3,84%,8009,0,5,6,Ceara,37,1,21,428
0,,0,,3292,0,0,0,  Gremio Prudente,21,0,0,0
15,57%,5,87%,6936,0,2,4,  Sao Paulo,11,3,13,605
0,,0,,1411,0,0,0,Fluminense,28,0,0,0
0,,0,,2166,0,0,0,Goias,21,0,0,0
0,,0,,8610,0,0,0,Sao Paulo,21,0,0,0
0,,0,,1263,0,0,0,Athletico-PR   ,15,0,0,0
4,43%,1,84%,8791,0,4,2,Internacional,1,1,17,
0,,0,,3625,0,0,0,Fluminense,16,0,0,0
0,,0,,150,0,0,0,PARANA,13,0,0,0
7,-,4,72%,7671,0,5,4,Juventude,4,2,18,256
0,N/A,0,,4619,0,0,0,Internacional,2,0,0,0
0,,0,,3386,0,0,0,Palmeiras,30,0,0,0
0,,0,,1912,0,0,0,PONTE PRETA,35,0,0,0
  ,,0,,2768,0,0,0,BOTAFOGO-RJ,7,0,0,0
0,,0,,3990,0,0,0,Atletico-GO,15,0,0,0
13,38%,0,,5732,0,1,5,Flamengo,37,3,20,
0,,0,,1019,0,0,0,Vasco,39,0,0,0
0,,0,,2031,0,0,0,AMERICA-RN,8,0,0,0
10,46%,0,,5226,0,3,3,Flamengo,24,1,18,360
0,,0,,1177,0,0,0,Fluminense,7,0,0,0
7,53%,2,,6059,0,-10,6,Avai,32,2,6,430
10,54%,0,,5083,0,0,2,Sao Paulo,10,3,8,501
0,,0,,8496,0,0,0,athletico-pr,10,0,0,0
7,49%,0,,5146,0,1,6,Sport,16,3,15,457
0,,0,,750,0,0,0,Coritiba,17,0,0,0
18,58%,5,82%,6699,0,1,9,Santos,20,0,13,468
0,,0,,1759,0,0,0,Sao Caetano,20,0,0,0
0,,0,,771,0,0,0,Ponte Preta   ,19,0,0,
7,45%,1,79%,7114,0,2,5,Fluminense   ,23,4,15,-
0,,0,N/A,4425,0,0,0,Flamengo,20,0,0,0
0,,0,,4182,0,0,0,Fluminense,34,0,0,N/A
0,,0,,3415,0,0,0,Vasco,33,0,0,0
0,,0,,3577,0,0,0,Internacional   ,11,0,0,0
0,,0,,8604,0,0,0,Vasco,20,0,0,0
13,60%,5,82%,7514,0,4,9,Santos,25,1,14,446
0,,0,,2055,0,0,0,Vasco,10,0,0,0
0,,0,,121,0,0,0,Athletico-PR,11,0,0,0
11,52%,2, 84% ,9013,0,1,4,Botafogo-RJ,23,0,14,476
19,60%,5,79%,7002,0,3,11,Ceara,12,9,13,411
0,,0,,1573,0,0,0,Palmeiras,1,0,0,0
5,42%,2,80%,6285,0,2,3,Atletico-MG,16,3,18,405
N/A,,0,,823,0,0,0,flamengo,23,0,0,0
14,43%,4,81%,7274,0,2,1,America-MG,1,0,9,429
0,,0,,3688,0,0,0,Avai,23,0,0,0
5,58%,2,84%,8319,0,5,3,Sao Paulo,30,0,12,482
0,,0,,2797,0,0,0,Botafogo-RJ,10,0,0,0
8,51%,0,  ,5476,0,3,4,Figueirense,11,4,19,368
16,54%,6,89%,8074,0,1,3,Botafogo-RJ,5,0,12,604
15, 57% ,4,74% un,7892,0,1,5,Fortaleza,25,2,15,386
13,28%,5,null,7237,0,1,2,Bahia,36,1,9,298
0,null,0,,8683,0,0,0,Internacional,28,0,0,0
13,51%,7,,8302,0,1,3,Internacional,28,2,18,455
0,,0,,2616,0,0,0,Flamengo,29,0,0,0
null,,0,,1039,0,0,0,Flamengo,41,0,0,0
0,,0,,2074,0,0,0,Internacional,11,0,0,0
0,,0,,3748,0,0,0,Avai,29,0,0,0
0,,0,  ,4522,0,0,0,Athletico-PR,30,0,0,0
,40%,4,,6095,0,3,3,Bahia,35,1,17,338
10,52%,1,80%,6497,0,3,10,Botafogo-RJ,38,2,17,397
0,,0,,2985,0,0,0,Palmeiras,28,0,0,0
0,,0,,4161,0,0,0,Flamengo,32,0,0,0
18, 46% ,3,88%,8920,0,3,6,Bragantino,14,0,11,427
16,53%,0,,5149,0,0,7,Athletico-PR,17,4,6,516
0,,0,,1984,0,0,0,Sao Paulo,4,0,0,0
0,,0,,1121,0,0,0,Internacional,2,0,0,0
0,,0,,826,0,-4,0,Atletico-MG,23,0,0,null
-,67%,2,88%,7314,0,1,9,Atletico-MG,5,0,9,593
7,41%,1,75%,7653,2,3,1,America-MG,1,2,18,395
0,,0,,3378,0,0,0,Athletico-PR,30,0,0,0
5,47%,4,78%,8132,0,4,5,Internacional,11,6,14,364
13,37%,4,77%,7026,0,2,5,Vasco,15,3,14,344
9,40%,3,79% un,7200,1,2,2,Ceara,32,3,9,338
13,  ,8,69%,7446,0,3,6,Bahia,19,2,25,315
3,53%,0,91%,9142,1,2,3,Corinthians,35,3,7,332
16,49%,7,81%,6427,0,3,6,Vasco   ,31,1,17,372
0,,0,,2052,0,0,0,Sport,10,0,0,0
N/A,58%,3,86%,7126,0,2,3,Atletico-MG,25,4,13,488
0,,0,,3878,0,0,0,Atletico-MG,4,0,0,0
13,66%,4,81%,6448,0,6,3,Flamengo,33,2,16,501
8,33%,1,62%,7089,0,3,6,CORINTHIANS,21,2,29,269
0,,0,,4419,0,0,0,Criciuma,20,0,0,0
0,,0,,4742,0,0,0,Corinthians,13,0,0,0
17,66%,4,91%,8016,0,0,10,FLAMENGO,38,1,14,579
0,,0,,1401,0,0,0,Athletico-PR,27,0,0,0
0,,0,,2302,0,0,0,Athletico-PR,36,0,0,-
0,,0,,2467,0,0,0,Nautico,15,0,0,0
15,60%,7,88%,7129,0,2,8,Palmeiras,25,4,11,511
0,,0,,993,0,0,0,Sao Caetano,37,0,0,0
0,,0,,1931,0,0,0,Sao Caetano,37,0,0,0
0,,0,,3888,0,0,0,Cruzeiro   ,5,0,0,0
5,47%,2,,5837,0,0,1,Atletico-GO,10,1,19,398
0,,0,,4873,0,0,0,Corinthians,26,0,0,0
0,,0,,163,0,0,0,Corinthians,14,0,0,0
null,36%,4,76%,6994,1,3,2,Sport   ,10,1,12,327
16,51%,0,,5266,1,1,6,coritiba,28,3,13,N/A
0,,0,,3946,0,0,0,Coritiba,10,0,0,0
0,,0,,3198,0,0,0,Athletico-PR,12,0,0,0
9,37%,3,,6087,0,2,1,  Avai,35,1,9,394
-,,0,,8679,0,0,0,Corinthians,28,0,0,0
18,47%,2,,5813,0,1,7,Cruzeiro,7,4,16,470
0,,0,,2040,0,0,0,Juventude,9,0,0,0
0,,0,,1119,0,0,0,Atletico-MG,2,0,0,0
0,  ,0,,2615,0,0,0,Fluminense,29,0,0,0
16,61%,5,79%,6187,0,3,9,Palmeiras,7,4,17,501
0,,0,,2286,0,0,0,SPORT,34,0,0,0
0,,0,,4489,0,0,0,ATLETICO-MG,27,0,0,0
8,36%,2,81%,6843,0,1,3,CSA,33,1,20,294
0,,0,,3730,0,0,0,Flamengo,27,0,0,
,,0,,636,0,0,0,cruzeiro,7,0,0,0
0,,0,,433,0,0,0,Goias,37,0,0,0
19,55%,3,92%,9022,0,1,7,Corinthians,24,1,8,291
0,,0,,2472,0,0,0,Athletico-PR,15,0,0,0
0,,0,,1127,0,0,0,Juventude,3,0,0,0
0,,0,,3006,0,0,0,Vitoria,30,0,0,0
0,,0,,3456,0,0,0,Santos   ,37,0,0,0
12,32%,7,81%,9087,0,-3,4,Fortaleza,31,2,21,171
0,,0,,3500,0,0,0,Figueirense,4,0,0,0
0,,0,  ,188,0,0,0,Juventude,16,0,0,0
0,,0,,8488,0,0,0,corinthians,9,0,0,0
11, 31% ,0,,5175,0,0,4,Joinville,19,1,18,282
0,,0,,3971,0,0,0,Atletico-MG,13,0,0,
0,,0,,305,0,0,0,Atletico-MG,26,0,0,0
0,,0,,2326,0,0,0,Sport,38,0,0,0
1,42%,0, 92% ,9164,1,0,1,Vasco,38,0,4,416
0,,0,,4325,0,0,0,Nautico,10,0,0,0
0,,0,,4439,0,0,0,Coritiba,22,0,0,0
0,  ,0,,3941,0,0,0,Atletico-MG,10,0,0,0
0,,0,,2438,0,0,0,Botafogo-RJ,12,0,0,0
0,,0,,2960,0,0,0,Corinthians,26,0,0,0
14,38%,5,70%,7133,0,0,4,Corinthians,25,0,12,N/A
10,53%,1,88%,7018,1,2,6,Vasco,14,1,15,496
0,,0,,1184,0,0,0,Paysandu,8,0,0,
18,N/A,0,,5701,0,2,5,Cruzeiro,34,1,14,452
0,,0,null,3884,0,0,0,Nautico,4,0,0,0
0,,0,,3558,0,0,0,  Atletico-GO,12,0,0,0
17,63%,5,85%,6825,1,2,4,AVAI,32,1,16,502
0,,0,,4552,0,0,0,Internacional,33,0,0,0
10, 33% ,0,,5318,0,3,7,Coritiba   ,34,2,17,331
0,,0,,4203,0,0,0,Bahia,36,0,0,0
0,,0,,1895,0,0,0,Fluminense,33,0,0,0
0,,0,,8569,0,0,0,  Criciuma,17,0,0,0
6,37%,3,,6004,0,4,6,atletico-mg,26,1,16,337
0,,0,,2791,0,0,0,Goias,9,0,0,0
9,45%,4,82%,7495,1,1,5,Ceara,23,2,13,
17,54%,0,,5684,0,2,4,ATLETICO-MG,32,2,16,409
9,49%,2, 88% ,8999,0,3,6,Santos,22,7,12,400
0,,0,,2531,0,0,0,Palmeiras,21,0,0,0
0,,0,,4818,0,0,0,Sport,21,0,0,0
-,,0,,2125,0,0,0,Figueirense,17,0,0,0
-,-,0,,4024,0,0,0,Portuguesa,18,0,0,0
0,,0,,4340,0,0,0,Athletico-PR,12,0,0,0
0,,0,,332,0,0,0,Juventude,28,0,0,0
0,,0,,4194,0,0,0,Nautico,35,0,0,0
9,49%,2,82%,7316,0,3,6,Atletico-GO,6,0,22,390
14,64%,6,N/A,8245,0,2,4,Sao Paulo,22,2,12,  
10,33%,3,77%,6220,0,2,1,Sport   ,10,0,13,291
13,60%,2,84%,6228,0,3,2,Sport,11,4,10,546
8,49%,0,,5591,0,3,2,Sao Paulo,23,3,19,
,,0,,4658,0,0,0,FLAMENGO,6,0,0,0
0,,0,,1400,0,0,0,Atletico-MG,27,0,0,0
0,,0,,2268,0,0,0,cruzeiro,33,0,0,0
15,64% un,6,88%,6843,0,0,4,Fortaleza,33,0,10,516
13,  ,5,85% un,8246,1,2,8,Flamengo,23,4,12,512
7,40%,2,75%,7860,0,3,1,Coritiba,22,0,7,370
0,,0,,3264,0,0,0,Santos,18,0,0,0
0,,0,,3598,0,0,0,Gremio,14,0,0,0
9,49%,3,83% un,6866,1,3,3,Santos,37,5,9,364
12,,3,88%,9097,0,3,4,Vitoria,32,1,14,231
19,49%,4,75%,7947,0,0,6,Athletico-PR,31,0,16,389
0,,0,,2787,0,0,0,Santos,9,0,0,0
0,,0,,3068,0,0,0,Corinthians,37,0,0,0
24,64%,5,82%,6731,0,0,8,Flamengo   ,23,2,20,520
0,,0,,2225,0,0,0,Botafogo-RJ,27,0,0,0
null,59%,0,,5277,0,2,5,Atletico-MG,30,3,14,488
0,,0,,2624,0,0,0,Gremio,30,0,0,0
14,61%,3,86%,8352,0,4,6,Atletico-MG,33,0,19,528
0,,0,,1991,0,0,0,  Fluminense,5,0,0,0
0,,0,,4971,0,0,0,Botafogo-RJ,37,0,0,0
0,,0,,3913,0,0,0,gremio,7,0,0,0
8,47%,1,82% un,7096,0,4,9,Bahia,22,0,13,383
21,61%,0,,5543,0,2,12,sao paulo,18,1,9,544
0,,0,,1344,0,0,0,Internacional,22,0,0,0
0,,0,,1989,0,0,0,Gremio,5,0,0,0
17,44%,6,84%,8369,0,2,7,Atletico-MG,35,1,10,425
0,,0,,139,0,0,0,Ponte Preta,12,0,0,0
12,63%,3,80%,6581,0,2,10,Sao Paulo,8,1,17,513
0,,0,,1087,0,0,0,Corinthians,45,0,0,0
12,51%,0,,5427,0,2,3,Internacional,7,1,16,464
0,,0,,4364,0,0,0,corinthians,14,0,0,0
0,,0,,3729,0,0,0,Fluminense,27,0,0,-
0,,0,,2599,0,-6,0,Cruzeiro,28,0,0,-
8,31%,4,71% un,6429,0,2,0,Sport,31,0,16,293
13,49%,0,,4949,0,2,3,Corinthians,34,0,20,447
6,37%,2,71%,7370,0,1,1,Bahia,11,0,15,341
0,,0,,6609,0,0,0,Athletico-PR,11,0,0,0
,  ,0,,8640,0,0,0,  Criciuma,24,0,0,0
9,57%,3,,5836,0,0,9,Santos,10,0,13,null
  ,,0,,2807,0,0,0,Goias,11,0,0,
9,59%,3,85%,6317,0,1,5,Corinthians,19,0,8,649
0,,0,,4489,0,0,0,Ponte Preta,27,0,0,0
0,,0,,2089,0,0,0,Gremio,14,0,0,0
0,,0,,3653,0,0,0,internacional,19,0,0,0
0,,0,,2442,0,0,0,Fluminense,12,0,0,0
0,,0,,2907,0,0,0,Internacional,21,0,0,0
0,,0,,1905,0,0,0,Botafogo-RJ,34,0,0,0
14,47%,5,77%,8117,0,5,6,Bahia,10,8,15,405
14,51%,0,,5041,0,1,9,Joinville,6,1,8,432
0,,0,,4361,0,0,0,Coritiba,14,0,0,0
17,33%,3,79%,6246,0,0,6,Ceara,13,0,15,291
19,54%,5,84%,7544,1,7,11,  Gremio,28,1,17,404
0,,0,,2342,0,0,0,Fluminense,2,0,0,0
0,,0,,3623,0,0,0,Coritiba,16,0,0,0
0,,0,N/A,2772,0,0,0,Coritiba,7,0,0,0
0,,0,,3677,0,0,0,Ceara,22,0,0,0
12,38%,3,,5934,0,3,4,Avai,19,1,22,324
0,,0,,2798,0,0,0,Barueri,10,0,0,0
  ,37%,0,,5200,0,4,5,Avai,22,1,18,345
7,61%,2,84%,6324,0,1,6,Chapecoense,19,1,20,561
0,,0,,2838,0,0,0,Athletico-PR,14,0,0,0
20,67%,4,87%,6797,0,2,8,Fluminense,30,2,7,610
14,54%,5,83%,8225,0,4,7,Athletico-PR,20,2,16,426
0,,0,,3449,0,0,0,cruzeiro,37,0,0,0
0,,0,,2282,0,0,0,corinthians,34,0,0,0
0,,0,,4189,0,0,0,Corinthians,35,0,0,0
0,,0,,3370,0,0,0,Fluminense   ,29,0,0,0
10,66%,2,86%,7950,0,1,6,Avai,31,0,11,624
0,,0,,636,0,0,0,Sao Paulo,7,0,0,0
12,,2,78%,6357,0,3,11,Sao Paulo,24,3,16,392
0,,0,,1177,0,0,0,Fluminense,7,0,0,0
0,,0,,4377,0,0,0,Vitoria,16,0,0,0
0,,0,,4805,0,0,0,  Palmeiras,19,0,0,0
0,,0,,693,0,0,0,Sao Caetano,12,0,0,0
22,65%,6,87%,7660,0,4,7,Coritiba,2,0,10,519
0,,0,,4519,0,0,0,criciuma,30,0,0,0
0,,0,,2929,0,0,0,vitoria,23,0,0,0
13,67%,4,83%,6547,0,4,5,Santos,5,1,19,479
0,,0,,149,0,0,0,Fortaleza,13,0,0,0
0,,0,,4317,0,0,0,Cruzeiro   ,10,0,0,0
26,58%,9,86%,8384,0,3,2,CRUZEIRO,36,1,10,457
0,,0,,2415,0,0,0,Sao Paulo,9,0,0,0
0,,0,,1934,0,0,0,CRUZEIRO,37,0,0,0
17,45%,6,    ,8035,0,3,4,gremio,1,1,12,402
16,52%,4,77%,7863,0,1,13,SAO PAULO,22,4,17,381
-,,0,,1039,0,0,0,Atletico-MG,41,0,0,0
11,N/A,5,86%,7110,0,3,5,Santos,23,3,17,421
5,60%,1,83%,6472,2,3,9,internacional,35,3,18,472
14,55%,4,86%,7658,0,1,7,  Corinthians,2,1,22,597
0,,0,,1473,0,0,0,FLAMENGO,34,0,0,0
0,  ,0,,1115,0,0,0,  Santos,1,0,0,0
0,,0,,1433,0,0,0,Corinthians,30,0,0,0
0,,0,,1273,0,0,0,Figueirense,16,0,0,0
0,,0,,97,0,0,0,Figueirense,9,0,0,0
15,51%,3,89%,9128,0,-9,7,Mirassol,34,1,11,N/A
0,,0,,3684,0,0,0,Bahia,22,0,0,0
0,,0,,3321,0,0,0,Vasco,24,0,0,0
,,0,,3751,0,0,0,Bahia,29,0,0,0
11,47%,3,71%,7834,0,4,5,Santos   ,19,1,11,375
0,,0,null,4505,0,0,0,Botafogo-RJ,28,0,0,0
0,,0,,1737,0,0,0,Ponte  Preta,18,0,0,0
0,,0,,2033,0,0,0,Athletico-PR,8,0,0,0
0,,0,,3279,0,0,0,Gremio,20,0,0,0
13,56%,0,,5386,0,3,10,Sport,2,1,14,537
0,,0,,3038,0,0,0,Avai,34,0,0,0
N/A,53%,6,87%,6980,0,1,6,  Flamengo,9,2,16,508
0,,0,,2766,0,0,0,Vitoria,6,0,0,0
0,,0,,3428,0,0,0,Cruzeiro,35,0,0,0
0,,0,,3381,0,0,0,Cruzeiro,30,0,0,0
0,,0,,2652,0,0,0,Athletico-PR,33,0,0,0
5,54%,1,83%,8382,0,2,2,  America-MG,36,2,15,440
0,,0,,2328,0,0,0,Gremio,1,0,0,0
0,,0,,161,0,0,0,Goias,14,0,0,0
0,,0,,3579,0,0,0,  Botafogo-RJ,11,0,0,0
0,,0,,686,0,0,0,Sao Paulo,12,0,0,0
0,,0,,2106,0,0,0,Fluminense,15,0,0,0
0,,0,,8736,0,0,0,Cruzeiro,34,0,0,  
7,33%,3,,5993,0,2,4,  Vitoria,25,4,21,296
0,,0,,1337,0,0,0,Athletico-PR,22,0,0,0
0,,0,,4550,0,0,0,Athletico-PR,33,0,0,0
0,,0,,4251,0,0,0,Coritiba,3,0,0,0
16,52%,5,,6071,0,2,6,Flamengo,33,2,17,475
13,52%,4,83%,6861,0,3,6,CSA,36,4,9,414
0,,0,null,1700,0,0,0,Sao Paulo,14,0,0,0
8,42%,0,,5123,0,6,2,Vasco,14,2,17,287
0,,0,,4269,0,0,0,Corinthians,5,0,0,0
19,57%,5,80%,7842,0,2,10,Cuiaba,20,0,11,429
0,,0,,2502,0,0,0,Flamengo,18,0,0,N/A
0,,0,,8419,0,0,0,Fortaleza,2,0,0,0
0,,0,,940,0,0,0,Cruzeiro,33,0,0,0
0,,0,,464,0,0,0,Criciuma,39,0,0,0
0,,0,,122,0,0,0,Criciuma,11,0,0,0
11,49%,4,  ,7383,1,4,5,  Juventude,12,2,14,433
0,,0,,3586,0,0,0,Santos,11,0,0,-
0,,0,null,4105,0,0,0,Atletico-MG   ,26,0,0,0
0,,0,,71,0,0,0,Paysandu,6,0,0,0
0,,0,,2992,0,0,0,Vitoria,29,0,0,0
0,,0,,4077,0,0,0,fluminense,24,0,0,0
0,,0, - ,1183,0,0,0,Corinthians,8,0,0,0
0,,0,,8583,0,0,0,Sao Paulo,18,0,0,  
0,,0,,64,0,0,0,Guarani,6,0,0,0
N/A,,0,,581,0,0,0,Goias,3,0,0,0
15,63%,4,85%,8353,1,1,7,Bahia,33,0,10,555
0,,0,,2155,0,0,0,Fluminense,20,0,0,0
0,,0,,2977,0,0,0,Santos,28,0,0,0
0,,0,,143,0,0,0,Bahia,12,0,0,
12,28%,3,67%,7965,0,2,2,Goias,32,2,11,236
0,,0,,4912,0,0,0,Chapecoense,31,0,0,0
11,68%,4,84%,6826,0,6,5,Flamengo,34,0,23,513
19,53%,8,87%,7661,0,2,2,Flamengo,2,2,17,420
,,0,,2656,0,0,0,Sao Paulo,33,0,0,0
9,33%,0,,5035,0,4,3,Goias,5,1,13,296
14,51%,0,,5341,0,1,4,Figueirense,36,3,13,400
17,57%,2,86%,7666,0,3,9,Flamengo,4,1,15,444
9,41%,4,77%,6338,0,1,3,Santos,22,0,11,412
14,52%,8,80%,7281,0,1,1,Fortaleza,2,2,19,378
0,,0,,8433,0,0,0,Juventude,3,0,0,0
0,,0,,4345,0,0,0,Ponte Preta,12,0,0,0
,,0,,586,0,0,0,Guarani,3,0,0,0
0,,0,,116,0,0,0,Gremio,10,0,0,0
16,47%,0,,5188,0,4,3,Sao Paulo,21,2,16,496
,,0,,2490,0,0,0,  Vitoria,17,0,0,0
,null,11,83%,7513,0,3,7,Internacional,25,1,16,434
0,,0,,3397,0,0,0,Corinthians,32,0,0,0
0,,0,,2965,0,0,0,Vitoria,26,0,0,0
13,37%,9,74%,8276,0,2,4,Bahia,26,1,6,290
0,,0,,8525,0,0,0,Criciuma,12,0,0,0
14,40%,4,-,9126,0,4,5,Sport,34,3,7,302
15,66%,0,,5616,0,3,8,Internacional,25,3,18,519
0,,0,,930,0,0,0,Gremio,32,0,0,-
16,68%,3,  ,7750,0,3,4,Flamengo,11,1,14,599
0,,0,,138,0,0,0,Vasco,12,0,0,0
9,43%,3,77%,8099,0,3,2,Cuiaba,8,0,8,392
0,,0,,3391,0,0,0,  Goias,31,0,0,0
0,,0,,8507,0,0,0,Gremio,11,0,0,0
11,45%,6,87%,9121,0,2,3,Santos,37,0,12,309
12,56%,5,,5891,0,3,4,VASCO,15,2,20,409
0,,0,N/A,937,0,0,0,Paysandu,33,0,0,0
-,,0,,1561,0,0,0,  Internacional,42,0,0,0
0,,0,,4289,0,0,0,Bahia,7,0,0,0
0,,0,,657,0,0,0,Criciuma,9,0,0,0
0,,0,,517,0,0,0,Figueirense,44,0,0,0
0,,0,,4170,0,0,0,internacional,33,0,0,
13,47%,3,82%,7392,0,3,2,Internacional,13,0,13,373
0,,0,,8549,0,0,0,  Gremio,15,0,0,0
0,,0,,3192,0,0,0,Internacional,11,0,0,0
13,46%,7,83%,7466,0,2,1,  Palmeiras,21,1,14,419
21,,7, 85% ,6935,0,0,5,Corinthians,5,0,14,584
9,41%,3,89%,8885,0,2,0,Ceara,10,3,10,319
0,,0,,3956,0,0,0,Coritiba,11,0,0,0
16,44%,4,76%,6564,0,3,3,CSA   ,6,1,19,334
0,,0,,466,0,0,0,Paysandu,39,0,0,0
13,47%,5,80% un,8213,0,3,5,Cruzeiro,19,1,26,396
12,54%,5,,6106,0,4,4,Fluminense,37,2,9,470
0,,0,,346,0,0,0,  Figueirense,29,0,0,0
3,54%,0,85%,8310,1,2,0,Sao Paulo,29,2,16,N/A
18,53% un,5,82%,7044,0,0,11,Fortaleza,16,1,20,394
0,,0,,3183,0,0,0,athletico-pr,10,0,0,0
0,,0,,955,0,0,0,Vitoria,34,0,0,0
0,,0,,4511,0,0,0,Nautico,29,0,0,0
6,,2,,5846,0,1,0,Gremio,11,1,14,null
11,40%,0,N/A,5137,0,3,4,VASCO,16,9,15,357
0,,0,,2843,0,0,0,  Nautico,14,0,0,0
0,,0,,1703,0,0,0,Athletico-PR,14,0,0,0
0,,0,,23,0,0,0,Cruzeiro,2,0,0,0
0,,0,,1970,0,0,0,Palmeiras,3,0,0,0
0,,0,,2697,0,0,0,Nautico,38,0,0,N/A
0,,0,,3557,0,0,0,Internacional,12,0,0,0
17,N/A,4,83%,7546,0,6,7,Sport,34,0,14,472
0,,0,,2172,0,0,0,Corinthians,22,0,0,0
0,,0,,1483,0,0,0,Parana,35,0,0,0
0,,0,,1985,0,0,0,Fluminense,4,0,0,0
0,-,0,,4691,0,0,0,  Chapecoense,9,0,0,0
0,,0,,2454,0,0,0,Internacional,14,0,0,
10,59%,4,84%,8103,0,3,3,ATLETICO-MG,8,0,27,489
16,49%,4,78%,7583,0,3,8,Ceara,30,2,15,333
11,55%,2,86%,6942,0,1,6,Coritiba,11,3,14,497
0,,0,,4239,0,0,0,Sao Paulo,2,0,0,0
0,,0,,3741,0,0,0,Santos,28,0,0,  
8,46%,0,,5133,0,3,5,Corinthians   ,15,0,18,405
0,,0,,3155,0,0,0,palmeiras,7,0,0,0
0,,0,,2091,0,0,0,Vasco,14,0,0,0
0,,0,,1547,0,0,0,Athletico-PR,41,0,0,0
0,,0,,8446,0,0,0,Fluminense,5,0,0,0
13,49%,4,84%,6376,0,1,6,Sao Paulo,26,1,14,452
0,,0,,3978,0,0,0,botafogo-rj,14,0,0,0
0,,0,,2778,0,0,0,Atletico-MG,8,0,0,0
8,45%,2,81%,7535,0,3,6,Sao Paulo,27,4,21,420
9, 33% ,4,69%,6258,1,4,8,VASCO,14,0,12,269
0,,0,,1992,0,0,0,corinthians,5,0,0,0
7,39%,3,68%,8119,0,3,2,Bragantino,10,1,14,358
0,,0,,3471,0,0,0,Palmeiras,1,0,0,0
5,63%,2,93%,9129,0,3,3,Vasco,34,1,16,570
0,,0,,703,0,0,0,Cruzeiro   ,13,0,0,N/A
0,-,0,,1598,0,0,0,Parana,4,0,0,0
17,57%,8,88%,8021,0,1,8,Cuiaba,38,2,9,505
0,,0,,3063,0,0,0,Santos,36,0,0,0
9,46%,3,,7967,0,1,4,America-MG,33,1,17,348
0,,0,,485,0,0,0,sao paulo,41,0,0,0
9,44%,1,91%,9032,0,2,2,botafogo-rj,25,1,11,429
  ,,0,,3274,0,0,0,Atletico-MG,19,0,0,0
15,33%,5,,5964,1,2,3,Vitoria,22,5,22,245
0,,0,N/A,4559,0,0,0,Portuguesa,34,0,0,0
7,61%,1,82%,6180,0,2,2,Santos,6,1,6,557
18,52%,0,,5039,0,2,6,Santos,6,2,17,451
14,,2,74%,6459,0,4,7,Sport,34,2,21,392
0,,0,,1433,0,0,0,FLUMINENSE,30,0,0,0
0,,0,,1437,0,0,0,Parana,31,0,0,0
0,,0,,2408,0,0,0,Santos,9,0,0,0
7,28%,3,72%,6207,1,3,3,Chapecoense,9,6,19,225
0,,0,,2979,0,0,0,Gremio,28,0,0,0
15,51%,3,86%,9085,0,2,4,  Palmeiras,30,1,25,251
10,41%,0,,5611,1,2,4,CORITIBA,25,4,15,368
0,,0,,914,0,0,0,Parana,31,0,0,N/A
0,,0,,2237,0,0,0,Palmeiras,30,0,0,
16,55%,5,  ,7981,0,3,8,AMERICA-MG,34,0,23,  
12,65%,3,84%,6272,0,4,9,  Gremio,15,2,23,566
7,42%,3,77%,6688,0,3,4,Cruzeiro,19,0,19,351
12,40%,7,89%,8990,0,2,5,Corinthians,21,2,18,235
-,43%,9,,5910,0,6,3,Sport,17,1,24,383
0,,0,,895,0,0,0,Athletico-PR,29,0,0,0
0,,0,null,70,0,0,0,Athletico-PR,6,0,0,0
0,,0,,1031,0,0,0,Sao Paulo,40,0,0,0
0,,0,,6595,0,0,0,Goias,9,0,0,0
0,,0,,3583,0,0,0,Coritiba,11,0,0,0
1,56%,1,    ,7643,1,2,4,Corinthians   ,38,0,22,
13,58%,4,,6101,0,2,5,Vasco,36,0,8,-
11,63%,1,84%,7105,0,-11,10,Sport,22,1,17,431
0,,0,,952,0,0,0,Athletico-PR,34,0,0,0
0,,0,,8571,0,0,0,Sao Paulo,17,0,0,
8,51%,5,87%,7115,0,5,2,Gremio,23,1,15,548
0,,0,,2344,0,0,0,Coritiba,2,0,0,0
0,,0,,8596,0,0,0,Vitoria,20,0,0,0
0,-,0,N/A,4047,0,0,0,Gremio,21,0,0,0
0,,0,,2452,0,0,0,Nautico,14,0,0,0
0,,0,,3393,0,0,0,Vasco,31,0,0,0
0,-,0,,2939,0,0,0,Santo Andre   ,24,0,0,0
17,53%,6,83%,8037,0,5,3,Sao Paulo,2,1,18,435
0,,0,,4786,0,0,0,Bahia,17,0,0,0
0,,0,,26,0,0,0,Bahia,4,0,0,0
N/A,,0,N/A,1174,0,0,0,Figueirense,7,0,0,0
0,,0,,3225,0,0,0,Santos,14,0,0,0
0,,0,,4216,0,0,0,Sport   ,37,0,0,0
0,,0,,4311,0,0,0,  Sao Paulo,9,0,0,0
0,,0,,2294,0,0,0,Palmeiras,35,0,0,0
0,,0,,8776,0,0,0,Internacional,38,0,0,0
18,N/A,10,81%,6622,0,2,15,SANTOS,12,4,9,435
20,57%,6,82%,7300,0,1,3,AMERICA-MG,4,2,16,413
12,null,3,85%,6903,0,2,7,Fortaleza,2,3,18,443
17,43%,9,69%,7892,0,2,9,botafogo-rj,25,1,14,291
10, 38% ,3,82%,8881,0,2,6,SPORT,10,1,11,281
0,,0,-,507,0,0,0,Coritiba,43,0,0,0
7,N/A,6,86%,6386,0,2,2,Gremio,27,1,13,
0,,0,,777,0,0,0,GOIAS,19,0,0,0
0,,0,,2938,0,0,0,Sport,24,0,0,0
0,,0,,4217,0,0,0,  Santos,38,0,0,0
0,,0,,4488,0,0,0,Criciuma,27,0,0,0
10,41%,3,93%,9143,0,2,12,Ceara,35,3,10,399
  ,69%,0,,5630,0,2,10,Athletico-PR,27,1,11,null
0,  ,0,,3099,0,0,0,FLAMENGO,2,0,0,0
0,,0,,4585,0,0,0,Coritiba,36,0,0,0
17,42%,2,77%,6549,0,3,6,  Bahia,5,1,19,371
12,57%,1,N/A,7231,0,3,7,VASCO,35,1,14,487
0,,0,,3201,0,0,0,Botafogo-RJ,12,0,0,0
0,,0,,2849,0,0,0,Goias,15,0,0,0
0,,0,,1472,0,0,0,Vasco   ,34,0,0,0
15,52%,5,87%,7651,0,2,3,Atletico-MG,1,2,12,534
,54%,5,83%,8153,0,4,7,Athletico-PR,13,1,20,437
17,35%,7,83%,7424,0,2,5,Internacional,16,2,14,347
26,66%,6,N/A,7646,0,1,8,Fluminense,1,0,14,545
15, 72% ,9,87%,8186,0,6,6,Fluminense,17,0,18,576
0,,0,,3693,0,0,0,BOTAFOGO-RJ,23,0,0,0
11,39%,8,null,9002,0,0,4,mirassol,22,2,13,310
0,,0,,811,0,0,0,Ponte Preta,22,0,0,0
10,26%,5,63%,6922,0,2,7,Botafogo-RJ,4,1,9,210
0,,0,,2790,0,0,0,Coritiba,9,0,0,0
12, 38% ,0,-,5170,0,2,3,palmeiras,19,0,18,
8,59%,0,,4997,1,1,5,Athletico-PR,2,1,18,477
  ,,0,,3953,0,0,0,Sao Paulo,11,0,0,0
19,56%,0,null,5144,0,3,5,Ponte Preta,16,1,18,388
0,,0,,8416,0,0,0,Fluminense,2,0,0,0
9,44%,4,77%,8056,0,3,4,Santos   ,4,5,15,397
0,,0,,4786,0,0,0,Athletico-PR   ,17,0,0,0
0,,0,,528,0,0,0,Cruzeiro,44,0,0,0
13,40%,0,,5077,0,2,6,Sport,10,2,13,322
0,,0,,3392,0,0,0,Athletico-PR,31,0,0,0
11,55%,3,80%,6275,0,1,8,ATHLETICO-PR,15,1,15,475
3,N/A,0,,8906,0,2,1,Sao Paulo,13,2,9,363
21,57%,4,89% un,6813,0,2,2,Sao Paulo,31,0,6,612
12, 30% ,5,79%,8399,0,3,3,Gremio,38,0,12,280
13,58%,5,87%,7299,0,3,4,Palmeiras,4,1,24,527
null,59%,4,,5746,0,3,6,Atletico-MG,1,1,10,501
12,46%,4,76%,8200,0,1,7,Gremio,18,1,17,404
0,,0,,805,0,0,0,Parana,22,0,0,0
0,,0,,1549,0,0,0,Palmeiras,41,0,0,0
0,,0,,8432,0,0,0,Athletico-PR,3,0,0,0
0,,0,,1209,0,0,0,Atletico-MG,10,0,0,0
14,49%,3,77%,6842,0,0,5,Corinthians,33,2,9,411
0,,0,,1010,0,0,0,  Guarani,39,0,0,0
0,,0,,1486,0,0,0,Ponte Preta,35,0,0,0
11,38%,5,66%,7312,0,2,3,Santos,5,3,22,271
7,48%,1,80%,6160,0,4,6,Botafogo-RJ,4,1,12,395
13,47%,2,78%,7025,1,3,7,Bragantino,14,2,18,404
16,63%,4,82%,6784,0,2,5,Palmeiras,28,2,17,463
,,0,,1379,0,0,0,Brasiliense,25,0,0,0
N/A,-,3, 87% ,9155,1,5,4,Botafogo-RJ,36,1,19,247
,,0,,1624,0,0,0,Gremio,6,0,0,0
0,,0,,62,0,0,0,Parana,6,0,0,0
0,,0,,554,0,0,0,Figueirense,1,0,0,0
8,44%,1,79%,6498,0,2,3,Vasco,38,4,11,390
0,,0,,908,0,0,0,Athletico-PR,30,0,0,0
15,50%,2,92%,8852,0,0,11,Palmeiras,7,2,8,350
6,42%,2,80%,7296,0,1,1,Atletico-MG   ,4,0,13,437
N/A,70%,3,86% un,7227,0,2,10,Santos,35,4,13,493
8,32%,5,68%,6925,0,2,6,Bahia,4,1,16,304
0,,0,,112,0,0,0,Ponte Preta,10,0,0,0
10,63%,1,,5767,0,-2,3,Palmeiras,3,2,16,571
0,,0,,4399,0,0,0,  Santos,18,0,0,0
0,,0,,1062,0,0,0,Santos,43,0,0,N/A
null,37%,7, 81% ,6242,0,0,8,Botafogo-RJ   ,12,0,11,332
N/A,37%,3,76%,6853,0,2,5,Fortaleza   ,35,1,16,246
0,,0,,8464,0,0,0,Internacional,6,0,0,0
9,66%,6,95%,9079,0,2,1,Mirassol,30,3,7,
0,,0,,487,0,0,0,  Santos,41,0,0,0
0,,0,,4486,0,0,0,Portuguesa,26,0,0,0
0,,0,    ,1415,0,0,0,Cruzeiro,29,0,0,0
0,,0,,3125,0,0,0,Internacional,4,0,0,0
0,,0,,1099,0,0,0,Cruzeiro,46,0,0,0
0,,0,,2038,0,0,0,  Sao Paulo,9,0,0,N/A
0,,0,,610,0,0,0,Goias,5,0,0,0
N/A,,0,,3851,0,0,0,Coritiba,1,0,0,0
19,51%,4,,5778,0,0,9,Corinthians,4,2,11,442
0,,0,,8766,0,0,0,Corinthians,37,0,0,0
0,   un,0,,363,0,0,0,parana,31,0,0,0
21,68%,4,86%,7805,0,0,13,Internacional,16,2,5,647
0,,0,,4586,0,0,0,  Botafogo-RJ,36,0,0,0
0,,0,,405,0,0,0,Juventude,34,0,0,0
19,55%,4,82%,7913,1,3,8,Palmeiras,27,1,12,432
20,null,7,94%,9099,0,3,8,Botafogo-RJ   ,32,3,10,  
0,,0,,8678,0,0,0,Juventude,28,0,0,0
5,55%,1,82%,7613,0,2,0,Sao Paulo,35,1,13,488
9,70%,1,85%,8315,0,4,5,Botafogo-RJ,29,0,19,551
10,48%,3,77%,6857,1,1,4,Athletico-PR,36,2,16,373
0,,0,,2461,0,0,0,Goias,13,0,0,0
0,,0,null,1862,0,0,0,Flamengo,30,0,0,0
0,,0,,1589,0,0,0,Sao Paulo,3,0,0,0
10,33%,5,75%,6562,0,2,3,Bahia,6,0,9,303
14,47%,4,77%,6369,1,1,5,BOTAFOGO-RJ,25,1,13,419
,,0,,1982,0,0,0,America-RN,4,0,0,0
11,51%,4,93%,8819,0,4,7,Gremio,4,0,14,478
0,,0,,1345,0,0,0,figueirense,22,0,0,0
12,54%,6,86%,7788,0,2,3,Flamengo,15,0,13,489
,,0,,4726,0,0,0,Goias,11,0,0,0
N/A,,0,,4720,0,0,0,Coritiba,11,0,0,0
null,,0,,883,0,0,0,Ponte Preta   ,28,0,0,0
0,,0,,2277,0,0,0,Gremio,34,0,0,0
0,,0,,304,0,0,0,Juventude,26,0,0,0
,51%,3,80%,7699,0,1,6,Santos   ,7,2,9,382
15,45%,4,73%,7932,0,2,3,Fortaleza,29,2,15,357
7,N/A,5,,8358,0,2,3,Internacional,34,1,13,559
0,,0,,1609,0,0,0,Ponte Preta,5,0,0,0
0,,0,,2871,0,0,0,Coritiba,17,0,0,0
0,,0,,4240,0,0,0,ponte preta,2,0,0,0
0,,0,,1028,0,0,0,Cruzeiro,40,0,0,0
6,33%,0,,5583,0,1,0,Coritiba,22,1,16,264
0,,0,,1583,0,0,0,Flamengo,2,0,0,0
0,,0,,1538,0,0,0,Internacional,40,0,0,0
0,,0,,3382,0,0,0,Atletico-GO,30,0,0,0
0,,0,,1275,0,0,0,Botafogo-RJ,16,0,0,0
0,,0,,829,0,0,0,Internacional,24,0,0,0
0,,0,,3982,0,0,0,Fluminense,14,0,0,0
0,,0,,4036,0,0,0,Sport,19,0,0,  
9,57%,4,89%,8866,0,4,8,sport,9,2,17,431
0,,0,,4322,0,0,0,Gremio,10,0,0,0
0,N/A,0,,1365,0,0,0,Ponte Preta,24,0,0,0
0,,0,,3159,0,0,0,  Sao Paulo,8,0,0,0
0,,0,,3775,0,0,0,Cruzeiro,31,0,0,0
0,,0,,2147,0,0,0,Sport,20,0,0,0
0,,0,,2942,0,0,0,Cruzeiro,24,0,0,0
0,,0,,3360,0,0,0,Ceara,28,0,0,0
0,,0,,214,0,0,0,Fluminense,18,0,0,0
5,44%,0,,5487,0,2,2,Coritiba,13,1,19,373
,,0,,2659,0,0,0,Athletico-PR   ,34,0,0,0
0,,0,,4427,0,0,0,Cruzeiro,21,0,0,N/A
10,54%,2,85%,6465,0,2,4,America-MG,34,2,20,458
0,null,0,,4847,0,0,0,Criciuma,24,0,0,0
  ,,0,,1434,0,0,0,Sao Paulo,30,0,0,0
0,,0,,2046,0,0,0,Santos,9,0,0,0
0,,0,,4095,0,0,0,Internacional,25,0,0,0
8,38%,2,,5789,0,2,2,Botafogo-RJ,5,2,9,367
0,,0,,2623,0,0,0,Atletico-MG,30,0,0,0
0,,0,,501,0,0,0,Juventude,42,0,0,0
0,,0,,2114,0,0,0,Sao Paulo,16,0,0,0
0,,0,,1211,0,0,0,Palmeiras,10,0,0,0
7,39% un,2,89%,8860,0,1,2,Bahia,8,1,9,346
0,,0,,1790,0,0,0,Juventude,23,0,0,0
0,,0,,3366,0,0,0,Atletico-GO,28,0,0,0
0,,0,,1923,0,0,0,Botafogo-RJ,36,0,0,0
0,,0,,481,0,0,0,Figueirense,41,0,0,0
0,null,0,,4887,0,0,0,Gremio,29,0,0,0
19,70%,13,91%,7862,0,3,12,Flamengo,22,0,13,571
18,46%,2,79%,7907,0,4,10,Coritiba,27,3,17,347
14,49%,0,,5201,0,4,2,Athletico-PR,22,1,16,368
15,,4,87%,6230,0,2,7,Fluminense,11,0,9,479
0,,0,,1928,0,-5,0,Fortaleza,37,0,0,0
0,,0,,2444,0,0,0,Vasco,12,0,0,0
15,57%,2,81%,6211,0,2,5,Bahia,9,0,18,467
0,,0,,379,0,0,0,Parana,32,0,0,0
14,43%,3,87%,6531,0,2,4,Fortaleza,3,1,16,  
14,54%,5,91% un,9119,0,3,10,gremio,37,2,13,509
0,,0,,2657,0,0,0,Sao Paulo,34,0,0,  
0,,0,,1144,0,0,0,Corinthians,4,0,0,0
0,,0,,3219,0,0,0,Atletico-GO,14,0,0,0
0,,0,,8491,0,0,0,Cruzeiro,9,0,0,0
15,33%,3,67%,7676,0,5,6,Bragantino,3,1,13,242
32,65%,9,86%,6851,0,0,7,Corinthians,35,2,15,503
16,59%,5,80%,6752,0,2,10,Vasco,25,1,14,406
9,55%,4,81%,7116,1,2,4,  Corinthians,24,0,15,412
0,,0,,2414,0,0,0,Botafogo-RJ,9,0,0,0
5,40%,2,72%,7908,0,5,2,goias,27,0,16,295
0,,0,,4190,0,0,0,  Palmeiras,35,0,0,0
,,0,,404,0,0,0,Vasco,34,0,0,0
0,,0,,1954,0,0,0,Juventude,1,0,0,0
13,42%,6,,7171,0,2,6,Atletico-GO,29,3,20,301
N/A,45%,5,71%,7981,0,2,3,Goias,34,1,14,-
-,60%,8,87%,6377,0,3,17,Gremio,26,1,12,550
0,,0,,3512,0,0,0,Sao Paulo,5,0,0,0
0,  ,0,,979,0,0,0,Botafogo-RJ,36,0,0,0
18,59%,0,,5319,0,1,7,Athletico-PR,34,1,21,N/A
0,,0,,4673,0,0,0,Cruzeiro,7,0,0,0
11, 47% ,4,84%,7592,2,4,2,Palmeiras,32,0,20,443
,-,4,,6115,0,4,4,Botafogo-RJ,37,1,17,315
12,55%,0,,5701,0,1,5,  Fluminense,34,1,7,543
0,,0,,3667,0,0,0,Sao Paulo,21,0,0,0
7,31%,3,83%,9050,2,2,0,  Vitoria,27,2,14,158
0,,0,,1203,0,0,0,Vasco,9,0,0,0
0,,0,  ,2593,0,0,0,Ipatinga,27,0,0,0
0,,0,,537,0,0,0,Criciuma,45,0,0,0
null,40%,1,80%,7354,0,2,1,Atletico-MG,9,2,15,387
0,,0,,8581,0,0,0,  Bahia,18,0,0,0
11,53%,3,77%,6217,0,2,5,  Chapecoense,10,1,15,403
0,,0,,3264,0,0,0,Avai,18,0,0,0
19,65%,3,92%,6815,0,3,11,Gremio,31,0,15,N/A
0,,0,,3658,0,0,0,Ceara,20,0,0,0
15,,6,77%,7408,1,1,2,Fortaleza,15,2,13,324
3,51%,0,,5142,0,2,10,JOINVILLE,16,2,22,393
11,42%,4,71%,6362,0,5,5,Internacional,24,2,17,347
0,,0,,1411,0,0,0,Santos   ,28,0,0,0
0,,0,-,4049,0,0,0,Vasco,21,0,0,0
0,,0,,4954,0,0,0,Chapecoense,34,0,0,
0,-,0,,818,0,0,0,  Parana,23,0,0,0
0,,0,,661,0,0,0,Gremio,10,0,0,0
21,48%,6,,5066,0,2,3,Fluminense,8,1,16,452
0,,0,- un,1237,0,0,0,Parana,13,0,0,0
  ,,0,-,3754,0,0,0,Atletico-MG,29,0,0,0
14,47%,0,,5331,0,2,1,  Athletico-PR,35,5,13,363
0,,0,,502,0,0,0,  Vitoria,42,0,0,0
16,,2,77%,7557,0,2,7,Atletico-MG,29,1,19,453
0,,0,,3830,0,0,0,Internacional,37,0,0,0
8,52%,2,94%,8794,0,2,5,Corinthians,1,1,15,561
0,,0,,8584,0,0,0,Atletico-GO,18,0,0,0
0,,0,,3784,0,0,0,Atletico-GO,32,0,0,0
11,41%,2,79%,8103,0,3,3,Palmeiras,8,3,15,347
15,45%,2,81%,6423,0,1,4,Chapecoense,30,1,15,  
7,36%,2,70%,7364,0,3,0,Ceara,10,0,21,282
16,29%,6,66%,8109,0,1,2,America-MG,9,1,16,287
8,40%,3,80%,7179,0,2,1,athletico-pr,30,0,10,376
0,,0,,4850,0,0,0,Chapecoense,24,0,0,0
N/A,,0,,1944,0,0,0,Corinthians,38,0,0,0
0,,0,,2685,0,0,0,Sport,36,0,0,0
0,,0,,3465,0,0,0,Athletico-PR,38,0,0,0
0,,0,,4812,0,0,0,Flamengo,20,0,0,null
0,,0,  ,3145,0,0,0,Vasco,6,0,0,0
13,47%,2,82%,6521,0,3,5,Goias,2,0,15,380
9,57%,3,86%,6881,0,0,4,Cruzeiro,38,1,11,505
9,46%,3,81%,8149,1,2,4,Cruzeiro,13,1,14,440
0,null,0,,4453,0,0,0,  Corinthians,23,0,0,0
12,39%,6,74%,7802,0,0,2,Fortaleza,16,1,9,295
11,51%,5,,5898,0,1,4,Santos,16,1,10,460
0,,0,,493,0,0,0,Coritiba,42,0,0,0
21,59% un,0,,5634,0,1,8,Flamengo,27,6,13,
0,,0,,3993,0,0,0,Cruzeiro,15,0,0,0
0,,0,,3085,0,0,0,Vitoria   ,38,0,0,0
0,,0,,3025,0,0,0,Fluminense,32,0,0,0
0,,0,,3695,0,0,0,Gremio,23,0,0,0
12,52%,3,85%,7287,0,3,4,Palmeiras,3,4,14,491
0,,0,,8744,0,0,0,VASCO,34,0,0,0
8,null,1,83%,7460,0,0,4,Ceara,20,0,9,508
0,,0,,8783,0,0,0,Vasco   ,38,0,0,0
7,28%,0,,6149,0,6,1,Chapecoense,3,2,17,237
6,34%,2,66%,7951,1,0,5,  Coritiba,31,2,7,269
15,64%,0,,5458,0,4,12,Ponte Preta,10,3,11,473
0,,0,,3268,0,0,0,  Corinthians,19,0,0,0
0,,0,,4743,0,0,0,Sport,13,0,0,0
0,,0,-,1234,0,0,0,Juventude,12,0,0,0
0,,0,,8462,0,0,0,Sao Paulo,6,0,0,0
null,,0,,134,0,0,0,Guarani,12,0,0,0
0,,0,,3982,0,0,0,coritiba,14,0,0,0
0,,0,,1793,0,0,0,Goias   ,23,0,0,0
12,40%,4,74%,6472,0,2,1,Botafogo-RJ,35,1,13,333
12,69%,8,,5855,0,3,6,fluminense,11,6,14,453
0,,0,,47,0,0,0,Cruzeiro,3,0,0,0
0,,0,N/A,4739,0,0,0,Gremio,13,0,0,0
9,63%,3,93% un,9037,0,1,3,Vasco,26,0,15,460
0,,0,,3256,0,0,0,Athletico-PR,17,0,0,0
13,40%,7,79%,6228,0,4,1,Vasco,11,1,27,  
0,,0,,1422,0,0,0,Botafogo-RJ,29,0,0,0
0,,0,,2263,0,0,0,america-rn,32,0,0,0
0,,0,,295,0,0,0,Coritiba,25,0,0,0
0,,0,,2296,0,0,0,Juventude,35,0,0,0
14,60%,4,84%,6571,0,3,9,cruzeiro,7,4,12,567
9,61%,1,85%,8063,0,3,9,Atletico-MG,4,4,8,536
0,,0,,4427,0,0,0,Athletico-PR,21,0,0,null
0,,0,,1184,0,0,0,Paysandu,8,0,0,
7,53%,0,,5421,0,1,7,Santos,6,2,12,499
11,59%,0,,5115,0,2,6,sport,13,5,10,506
0,,0,,2313,0,0,0,Athletico-PR,37,0,0,0
0,,0,,2953,0,0,0,Coritiba,25,0,0,0
0,,0,,1880,0,0,0,Gremio,32,0,0,0
0,,0,,3423,0,0,0,Avai,34,0,0,0
16,45%,6,89%,7176,0,3,3,Palmeiras   ,30,2,22,431
15,55%,6,-,8055,0,1,7,Vasco,3,5,19,430
0,,0,,1016,0,0,0,Sao Paulo,39,0,0,0
12, 60% ,0,,5426,0,2,3,Cruzeiro,6,4,12,541
0,,0,,4437,0,0,0,vasco,22,0,0,0
15,53%,6,88%,8313,2,1,7,Vasco,29,1,17,481
,,0,,4724,0,0,0,Criciuma,11,0,0,0
0,,0,,2728,0,0,0,Vitoria,3,0,0,0
16, 66% ,4,  ,8096,0,2,10,Athletico-PR,8,1,14,539
0,,0,,725,0,0,0,Guarani,15,0,0,0
11,53%,6,80%,8031,0,1,1,Internacional,1,2,13,471
N/A,52% un,0,,5727,1,1,5,AMERICA-MG,37,2,13,422
19,47%,4,79%,6525,0,0,6,Bahia,2,4,15,421
0,,0,,1953,0,0,0,nautico,1,0,0,0
,-,0,,1219,0,0,0,Sao Caetano,11,0,0,0
0,,0,N/A,8558,0,0,0,Athletico-PR,16,0,0,0
0,,0,,4915,0,0,0,Flamengo,31,0,0,
0,,0,,2324,0,0,0,Parana,38,0,0,0
0,,0,,4235,0,0,0,Goias   ,1,0,0,0
15,70%,3,85%,7901,0,3,7,Avai,26,1,17,550
0,,0,,449,0,0,0,Fluminense,38,0,0,0
0,,0,,4902,0,0,0,Gremio,30,0,0,0
0,,0,,3501,0,0,0,Palmeiras,4,0,0,0
0,,0,,794,0,0,0,Goias,21,0,0,0
0,,0,,3346,0,0,0,Atletico-MG,26,0,0,0
26,  ,8,86%,6779,0,1,5,Fluminense   ,28,0,11,563
24,48%,9,78%,6479,0,0,9,Palmeiras,36,3,13,339
0,,0,,860,0,0,0,Paysandu   ,26,0,0,0
0,,0,,3051,0,0,0,Nautico,35,0,0,0
23,64%,8,80%,7524,0,3,10,Sao Paulo,26,3,18,422
0,,0,,1904,0,0,0,Fluminense,34,0,0,0
0,,0,,4407,0,0,0,Vitoria,19,0,0,0
  ,,0,,1256,0,0,0,Cruzeiro,14,0,0,0
15,null,5,75%,6447,1,0,7,CORINTHIANS,33,1,10,346
0,,0,,1981,0,0,0,  Palmeiras,4,0,0,N/A
7,45%,2,,8873,0,5,3,Botafogo-RJ,9,2,20,321
0,,0,,8664,0,0,0,sao paulo,26,0,0,0
0,,0,,3520,0,0,0,Avai   ,6,0,0,0
24,42%,6,88%,6879,0,1,6,CSA,38,1,17,349
15,60%,0,85% un,6625,0,2,6,gremio,12,2,13,526
0,,0,,3040,0,0,0,Santos,34,0,0,
21,71%,6,84%,7141,0,2,17,Bragantino,26,6,8,506
0,,0,,446,0,0,0,Coritiba,38,0,0,
14,58%,4,81%,7857,0,2,5,Corinthians,22,1,15,490
  ,,0,,2807,0,0,0,Goias,11,0,0,
0,N/A,0,,2013,0,0,0,Goias,6,0,0,0
0,,0,null,2470,0,0,0,Santos,15,0,0,0
7,48%,3,,8938,0,4,4,Corinthians,16,2,19,296
29,40%,10,77%,7937,0,4,12,Atletico-GO,30,4,16,301
0,,0,,2950,0,0,0,  Gremio,25,0,0,0
11,40%,4, 81% ,7187,0,2,9,  Bahia,31,3,15,347
0,,0,,8699,0,-5,0,Flamengo,30,0,0,0
19,75%,5,88%,7010,0,3,11,Sao Paulo,13,2,12,
0,,0,,4276,0,0,0,Sao  Paulo,5,0,0,  
0,-,0,,3809,0,0,0,Fluminense,35,0,0,0
9,-,4,81%,6917,0,5,4,Fluminense,4,0,14,406
17,61%,0,,5496,0,4,5,Sport,13,2,18,
11,43%,4,78%,6957,1,2,2,Fluminense,7,0,14,368
0,,0,,293,0,0,0,Goias,25,0,0,0
9,63%,0,,5730,0,1,3,Atletico-MG,37,1,18,503
0,,0,,1967,0,-6,0,figueirense,3,0,0,0
22,63%,5,81%,6580,0,2,9,Ceara,8,1,12,477
0,,0, N/A ,632,0,0,0,PONTE PRETA,7,0,0,0
13,63%,5,83%,8374,1,2,7,  Palmeiras,35,1,11,438
,59%,2,88%,7199,0,0,3,Flamengo,32,1,11,556
  ,64%,6,87%,7405,0,2,7,Fluminense,14,1,23,579
0,,0,,156,0,0,0,cruzeiro,13,0,0,0
0,,0,,859,0,0,0,Coritiba,26,0,0,0
12,63%,1,,5752,0,2,4,Vitoria,1,2,15,
0,-,0,,3005,0,0,0,CRUZEIRO,30,0,0,0
0,null,0,,1028,0,0,0,Vasco,40,0,0,0
10,26%,4,65%,8360,1,6,1,Corinthians,34,0,6,222
0,,0,,2335,0,0,0,  Fluminense,1,0,0,0
0,,0,,2162,0,0,0,  Parana,21,0,0,0
0,,0,,3326,0,0,0,Avai,24,0,0,0
0,,0,,1892,0,0,0,  Gremio,33,0,0,0
0,,0,,505,0,0,0,Figueirense,43,0,0,N/A
0,,0,,3675,0,0,0,Ceara,21,0,0,0
6,,2,,9134,0,0,0,Vitoria,34,4,13,0
12,49% un,0,,5189,0,5,7,Gremio,21,2,13,385
0,,0,,3707,0,0,0,Santos,25,0,0,0
16,49%,7,-,5908,0,1,5,Chapecoense,17,0,21,366
0,,0,,8729,0,0,0,Botafogo-RJ,33,0,0,0
0,,0,null,4192,0,0,0,Atletico-MG,35,0,0,0
0,,0,,4950,0,0,0,Athletico-PR   ,34,0,0,0
11,37%,1,65%,6581,0,5,4,Avai,8,1,17,302
0,,0,,1398,0,0,0,Juventude,27,0,0,0
18,53%,9,79%,6514,0,1,6,palmeiras,1,3,12,379
0,,0,,2042,0,0,0,Parana,9,0,0,0
14,58%,2,80%,6475,0,4,2,  Fluminense,35,5,16,415
0,,0,,4365,0,0,0,Athletico-PR,14,0,0,0
0,,0,,34,0,0,0,Internacional,4,0,0,0
0,,0,,994,0,0,0,  Criciuma,37,0,0,0
0,,0,,8524,0,0,0,Vitoria,12,0,0,0
11,48%,4,89%,8884,1,4,6,Bragantino,10,1,14,348
11,40%,2,87%,9076,0,6,5,  Vitoria,30,3,23,265
0,,0,,3642,0,0,0,Coritiba,18,0,0,0
24,59%,5,87%,6584,0,1,4,Santos   ,8,0,12,532
0,,0,  ,1346,0,0,0,Fortaleza,22,0,0,0
16,57%,0,,5155,0,2,4,Gremio,17,1,16,553
13,51%,0,,5567,0,1,6,America-MG,21,0,13,412
0,,0,,4541,0,0,0,Bahia,32,0,0,0
0,,0,,4588,0,0,0,  Internacional,37,0,0,0
8,57%,3,85%,7582,0,2,6,Sao Paulo,30,4,18,521
N/A,,0,,3600,0,0,0,Avai,14,0,0,0
0,,0,,4769,0,0,0,Athletico-PR   ,16,0,0,0
14,65%,7,91%,9130,0,1,9,Cruzeiro,34,2,13,434
0,,0,,2522,0,0,0,INTERNACIONAL,20,0,0,0
0,,0,,1466,0,0,0,Botafogo-RJ,33,0,0,0
0,,0,,4680,0,0,0,internacional,8,0,0,null
0,,0,-,4094,0,0,0,Flamengo,25,0,0,0
N/A,32%,0,,5704,0,1,5,  Coritiba,34,1,12,296
0,,0,,2943,0,0,0,Fluminense,24,0,0,0
0,,0,,1172,0,0,0,Cruzeiro,7,0,0,0
8,58%,2,89% un,8821,0,2,7,  Corinthians,4,0,7,474
11,53%,5,,5873,0,2,5,Sport,13,1,9,385
0,,0,,8726,0,0,0,Fluminense,33,0,0,0
0,,0,,3297,0,0,0,Santos,22,0,0,0
15,53%,4,80%,6891,0,2,6,Gremio,1,2,24,496
0,null,0,,1072,0,0,0,Paysandu,44,0,0,0
0,,0,,314,0,0,0,Parana,27,0,0,0
12,54%,6, 80% ,8215,0,5,5,Athletico-PR,19,1,22,428
12,61%,3,82%,6569,0,1,0,Santos,7,2,22,470
18,-,5,86%,6638,0,4,4,FLAMENGO,14,0,14,506
19,49%,7, 84% ,6219,0,2,11,Santos,10,3,15,421
0,,0,,3773,0,0,0,vasco,31,0,0,0
10,34%,1,52%,7958,1,4,7,  Cuiaba,32,1,20,211
0,,0,N/A,2383,0,0,0,Athletico-PR,6,0,0,0
0,,0,,4897,0,0,0,Atletico-MG,30,0,0,0
0,,0,,1837,0,0,0,Ponte Preta,28,0,0,0
-,,2,79%,6628,0,4,6,Goias   ,13,1,8,311
0,,0,,64,0,0,0,Cruzeiro,6,0,0,0
18,44%,4,89%,8972,0,1,10,Atletico-MG,19,2,9,321
12,70%,3,87%,8361,0,2,4,Sao Paulo,34,1,14,587
0,,0,,1761,0,0,0,Gremio,20,0,0,0
0,,0,,2106,0,0,0,Figueirense,15,0,0,0
0,,0,,3651,0,0,0,Palmeiras,19,0,0,0
13,21%,3, 72% ,6896,0,3,3,GOIAS,2,1,18,196
-,39%,5,75%,6215,0,6,4,  Parana,9,2,14,323
0,,0,,3498,0,0,0,Avai,4,0,0,N/A
0,,0,,8453,0,0,0,Juventude,5,0,0,0
0,,0,,1201,0,0,0,Fortaleza,9,0,0,0
0,,0,,3153,0,0,0,corinthians,7,0,0,-
0,,0,,8458,0,0,0,cruzeiro,6,0,0,0
14,41%,10,88%,8853,0,4,6,Cruzeiro,7,2,17,328
13,60%,7,86%,6198,0,2,3,Atletico-MG,8,5,10,540
14,48%,5,79%,6375,1,2,4,Internacional,25,3,15,318
0,,0,,595,0,0,0,Vasco,4,0,0,0
0,,0,,135,0,0,0,Fortaleza,12,0,0,0
7,43%,3,70%,7737,0,3,4,  Ceara,10,0,20,348
13, 45% ,0,,5350,0,6,8,sport,37,4,14,399
0,,0,,1678,0,0,0,Sao Paulo,12,0,0,0
17,46%,0,,5084,0,1,5,corinthians,10,0,5,468
0,,0,,2658,0,0,0,Vasco,34,0,0,0
0,,0,,4611,0,0,0,Sao  Paulo,1,0,0,0
0,,0,,2139,0,0,0,Flamengo,19,0,0,0
0,,0,,2665,0,0,0,Internacional   ,34,0,0,0
19,61%,0,,5637,0,1,6,Fluminense,28,4,11,530
0,,0,,4554,0,0,0,Corinthians,33,0,0,0
0,,0,,4761,0,0,0,Criciuma,15,0,0,0
0,,0,,549,0,0,0,Fluminense,46,0,0,0
12,43%,0,,5623,0,1,5,Athletico-PR,26,2,12,372
6,43%,4,78%,7489,0,2,6,Internacional,23,1,15,371
0,,0,,3329,0,0,0,Vasco,25,0,0,0
16, 67% ,0,,5583,0,2,13,Sao Paulo,22,5,18,506
0,,0,,638,0,0,0,Ponte Preta   ,8,0,0,0
0,,0,,2851,0,0,0,Sport,15,0,0,0
11,46%,5,87%,7569,0,2,8,Atletico-MG,31,1,20,434
19,67%,5,89%,8264,0,4,6,Corinthians,24,2,18,-
0,,0,,4369,0,0,0,Gremio,15,0,0,0
17,54%,0,,5495,1,2,4,  Figueirense,13,1,18,407
0,,0,,3399,0,0,0,athletico-pr,32,0,0,0
0,,0,,4806,0,0,0,Figueirense,19,0,0,0
0,,0,,3310,0,0,0,Palmeiras,23,0,0,
0,,0,,1680,0,0,0,corinthians,12,0,0,0
0,,0,,3878,0,0,0,Palmeiras,4,0,0,0
0,,0,,91,0,0,0,Sao Paulo   ,8,0,0,0
9,30%,2, 67% ,7901,1,3,2,Athletico-PR,26,1,20,250
12,51%,2,82%,6332,0,3,3,America-MG,21,0,12,
0,,0,,8430,0,0,0,Palmeiras,3,0,0,0
0,,0,,4558,0,0,0,  Gremio,34,0,0,0
0,,0,null,8445,0,0,0,Palmeiras,4,0,0,0
,,0,,2012,0,0,0,Vasco   ,6,0,0,0
12,48%,4,83%,7622,0,1,6,CEARA,36,3,19,410
0,,0,,3258,0,0,0,Vitoria,18,0,0,0
0,,0,,2284,0,0,0,Botafogo-RJ,34,0,0,0
9,40%,5,78%,6629,0,1,1,Botafogo-RJ,13,0,11,368
,,0,,3304,0,0,0,Ceara,22,0,0,0
13,44%,0,,5344,0,3,5,Avai,36,2,6,400
7,38%,0,,5424,1,1,2,FLAMENGO,6,1,11,310
9,71%,3,91%,9117,0,2,6,Palmeiras   ,37,2,14,521
21,66%,10, 92% ,6654,0,2,8,Cruzeiro,15,1,16,
  ,,0,,981,0,0,0,  Guarani,36,0,0,
0,,0,,2497,0,0,0,Gremio,18,0,0,0
0,,0,,2446,0,0,0,  Coritiba,12,0,0,0
21,-,5,90%,7170,0,3,6,Flamengo,29,3,10,675
0,,0,,7015,0,0,0,Vasco,13,0,0,0
0,,0,,4021,0,0,0,Cruzeiro,18,0,0,0
0,,0,,2935,0,0,0,Fluminense,23,0,0,0
0,,0,,4796,0,0,0,Vitoria,18,0,0,0
11,58%,1,86%,7296,0,3,8,Internacional,4,1,13,561
0,,0,,2654,0,0,0,Vasco,33,0,0,0
0,,0,,3116,0,0,0,Gremio Prudente   ,3,0,0,0
0,,0,,8465,0,0,0,Atletico-MG   ,6,0,0,0
19,57%,0,,5470,0,0,8,Flamengo,11,0,9,505
0,,0,,8436,0,0,0,Criciuma   ,4,0,0,0
0,,0,,627,0,0,0,  Internacional,7,0,0,0
0,,0,,1589,0,0,0,Santa Cruz,3,0,0,0
23,69%,9,88%,6634,0,4,11,Gremio,13,3,17,583
0,,0,,1680,0,0,0,palmeiras,12,0,0,0
5,56%,2,84%,8320,1,3,2,  Vasco,30,1,12,427
15,64%,6,88%,7867,0,1,11,Fluminense,23,1,13,
12,56%,2,85%,6791,0,2,3,Corinthians,29,2,10,469
0,,0,,3781,0,0,0,Flamengo,32,0,0,0
0,,0,,40,0,0,0,Paysandu,3,0,0,0
0,,0,,3161,0,0,0,Ceara,8,0,0,0
14,N/A,0,null,5743,0,2,6,athletico-pr,38,1,15,494
-,,0,,8533,0,0,0,athletico-pr,13,0,0,0
0,,0,,3708,0,0,0,Cruzeiro,25,0,0,0
0,,0,,3770,0,0,0,Botafogo-RJ,31,0,0,0
20,63%,4,82%,6294,0,1,8,Sport   ,17,1,14,555
0,,0,,496,0,0,0,Santos,42,0,0,0
0,,0,,8717,0,0,0,Cuiaba,32,0,0,0
28,58%,9,,6113,0,3,7,Flamengo,37,0,14,512
0,,0,,525,0,0,0,  Vitoria,44,0,0,0
,45%,4,75%,6131,0,2,4,Internacional,1,1,16,412
9,44%,1,82%,7259,0,1,4,Coritiba,38,1,9,
14,55%,0,,5706,0,4,5,Gremio,34,0,11,542
0,,0,,4611,0,0,0,Botafogo-RJ,1,0,0,0
0,,0,,4233,0,0,0,Flamengo,1,0,0,null
6,61%,0,,5118,0,5,4,Gremio,14,1,11,506
0,,0,,2382,0,0,0,Sport   ,6,0,0,0
0,,0,,4532,0,0,0,Ponte  Preta,31,0,0,
0,,0,,938,0,0,0,Gremio,33,0,0,0
23,51%,4,83%,8086,0,1,4,Bahia,7,1,19,430
0,,0,,4642,0,0,0,Atletico-MG,4,0,0,0
0,,0,,4841,0,0,0,Sport,23,0,0,0
0,,0,,3644,0,0,0,America-MG,18,0,0,0
14,52%,0,,5707,0,3,4,Athletico-PR,35,2,16,420
0,,0,,4505,0,0,0,Flamengo   ,28,0,0,
0,N/A,0,,3500,0,0,0,vasco,4,0,0,0
14,36%,0,,5190,0,2,5,Avai,21,2,14,290
6,,3,79%,6833,0,2,3,Fortaleza,34,3,12,366
0,,0,,2174,0,0,0,internacional,22,0,0,0
13,40%,0,,5447,1,3,3,Santa Cruz   ,9,0,24,349
  ,,0,N/A,4735,0,0,0,Botafogo-RJ,12,0,0,0
0,,0,,2816,0,0,0,Cruzeiro,11,0,0,0
8,56%,3,88%,9032,0,2,4,  Fluminense,25,3,10,366
13,43%,0,88%,8230,0,2,2,  Santos,21,1,12,367
22,63%,10,85%,7953,0,1,8,Fluminense,31,4,8,511
0,,0,,4347,0,0,0,Atletico-MG,13,0,0,0
0,,0,,4052,0,0,0,Bahia,21,0,0,0
N/A,56%,8,78%,6452,0,3,6,Atletico-MG,33,0,22,430
11,55%,5,82%,6619,0,3,6,Internacional,12,1,11,490
16,45%,2,73%,6298,0,3,4,Parana   ,20,2,14,349
0,,0,-,2244,0,0,0,GOIAS,30,0,0,0
6,53%,0,,4892,0,3,4,Coritiba,29,3,15,418
9,43%,3,,5836,0,1,0,Sport,10,1,17,416
-,,0,,4307,0,0,0,Vasco,9,0,0,0
0,,0,,1963,0,0,0,Atletico-MG,2,0,0,0
0,,0,,4973,0,0,0,chapecoense,37,0,0,0
0,,0,,590,0,0,0,  Criciuma,4,0,0,0
11,40%,5,69%,7117,1,3,7,  Palmeiras,24,0,16,263
14,61%,5,85%,8207,1,1,9,Bahia,19,1,12,
16,55% un,2,83%,7816,0,2,3,Avai,18,1,14,444
0,,0,,8772,0,0,0,Internacional   ,37,0,0,0
null,48%,5,80%,7553,0,1,2,FLUMINENSE,34,1,21,384
0,N/A,0,,3916,0,0,0,  Corinthians,7,0,0,0
null,,0,,5428,0,3,9,Ponte Preta,7,0,22,461
13, 61% ,4,83%,6215,0,3,7,Fluminense   ,9,3,16,
17,-,5, 94% ,9014,0,-9,3,Vasco,23,2,17,473
0,,0,,1557,0,0,0,Paysandu,42,0,0,0
0,,0,,1652,0,0,0,Gremio,9,0,0,0
5,30%,1,73%,7223,0,2,2,internacional,34,1,20,256
0,,0,,4779,0,0,0,Coritiba,17,0,0,0
10,28%,5,78%,6789,0,1,4,Ceara   ,29,1,12,275
23,61%,7,82%,7775,0,1,7,  Palmeiras,13,2,9,446
0,,0,,846,0,0,0,Vitoria,25,0,0,0
11,43%,8,90%,9026,0,3,5,  Sport,25,3,12,  
8,49%,0,,5574,0,3,5,  Santos,21,5,16,410
0,,0,null,2525,0,0,0,Botafogo-RJ,20,0,0,  
12,51%,7,82%,7893,0,2,3,Atletico-MG,25,3,6,484
0,,0,,3570,0,0,0,Atletico-MG,10,0,0,0
0,N/A,0,,1655,0,0,0,PARANA,9,0,0,0
0,,0,,753,0,0,0,Vasco,17,0,0,0
8,60%,3,86%,7241,0,3,7,Athletico-PR,36,4,14,453
0,,0,,904,0,0,0,Internacional   ,30,0,0,
0,,0,,1936,0,0,0,INTERNACIONAL,37,0,0,0
0,,0,,8697,0,0,0,Atletico-MG,30,0,0,0
0,,0,,1896,0,0,0,Parana,33,0,0,0
7,48%,2,85%,8387,0,4,3,Atletico-MG,37,0,15,401
8,67%,1,,7064,0,3,7,  Fortaleza,18,2,11,523
0,,0,,1405,0,0,0,Botafogo-RJ,28,0,0,0
0,,0,,4630,0,0,0,Vitoria,3,0,0,  
null,null,2,88%,9119,0,1,0,Fluminense,37,0,11,355
13,47%,5,82%,6830,0,2,4,Goias,34,2,14,367
0,,0,,859,0,0,0,Internacional,26,0,0,0
0,,0,,1358,0,0,0,botafogo-rj,24,0,0,0
8,-,4,51%,7326,0,2,5,Juventude,7,4,17,284
,,0,,925,0,0,0,Ponte Preta,32,0,0,0
0,,0,,2257,0,0,0,Parana,32,0,0,0
0,,0,,8644,0,0,0,Bragantino,24,0,0,0
28,64%,11,85%,7007,0,1,9,Palmeiras,13,1,10,560
9,41%,0,-,5314,0,0,2,Corinthians,33,1,15,363
11,43% un,3,78%,8030,0,2,3,Athletico-PR,1,1,19,368
10,51%,3,81% un,6427,1,5,4,Internacional,31,2,20,391
0,,0,,3314,0,0,0,Flamengo,23,0,0,0
0,,0,,1718,0,0,0,Santa Cruz,16,0,0,0
7,36%,2,63%,8257,0,1,2,America-MG,24,0,7,290
17,67%,3,85%,7770,0,1,6,Corinthians,13,3,7,603
18,63%,6,90%,6757,0,3,10,Gremio,26,1,13,554
0,,0,,71,0,0,0,Sao Paulo,6,0,0,0
0,,0,,3386,0,0,0,Ceara,30,0,0,0
0,,0,,8709,0,0,0,Vitoria,31,0,0,
12,36%,0,,5589,0,5,3,Botafogo-RJ,23,3,22,278
0,,0,,3497,0,0,0,Cruzeiro,4,0,0,0
12,31%,3,77%,8028,0,3,3,Botafogo-RJ,1,2,20,295
0,,0,,824,0,0,0,Vasco,23,0,0,0
9,53%,1,93%,9084,0,1,5,Bragantino,30,1,11,454
8,49%,3,84%,7477,0,1,5,Corinthians,22,2,8,423
N/A,41%,1,81%,7149,0,3,0,  Fluminense,27,0,17,401
13,43%,3,N/A,6742,1,2,3,Palmeiras,24,0,13,364
27,48%,5,88%,8071,0,1,16,CRUZEIRO,5,1,14,401
9, 58% ,1,N/A,5801,0,2,4,Atletico-MG,6,1,7,480
0,-,0,,559,0,0,0,Ponte Preta,1,0,0,0
9,42%,2,,7288,0,0,4,atletico-mg,3,2,14,382
0,,0,,879,0,0,0,Cruzeiro   ,28,0,0,0
0,,0,,252,0,0,0,Sao Paulo   ,21,0,0,0
0,,0,,3266,0,0,0,Vasco,18,0,0,0
18,52%,7,86%,6148,0,2,5,Flamengo,3,3,12,431
0,,0,,436,0,0,0,Atletico-MG,37,0,0,0
0,,0,,1679,0,0,0,Fluminense,12,0,0,0
0,,0,,4553,0,0,0,Ponte Preta,33,0,0,0
0,,0,,3840,0,0,0,Fluminense,38,0,0,0
0,,0,null,361,0,0,0,Santos,31,0,0,0
9,62%,0,,5499,0,2,4,Sport,14,0,12,436
21,57%,0,,5633,0,4,4,Corinthians,27,0,19,498
0,,0,,444,0,0,0,Juventude,37,0,0,0
0,,0,,918,0,0,0,Corinthians,31,0,0,0
17,63%,8,93%,8941,0,5,3,Flamengo,16,4,17,562
15,55%,2,90%,9137,0,3,7,Palmeiras,35,3,15,376
0,,0,,4174,0,0,0,Sport,33,0,0,0
0,,0,,4867,0,0,0,palmeiras,26,0,0,0
9,35%,1,67%,7795,0,4,4,  Botafogo-RJ,15,0,19,248
0,,0,,4053,0,0,0,Santos,21,0,0,0
0,,0,,2439,0,0,0,Figueirense,12,0,0,0
18,43%,0,,5470,0,1,3,Fluminense,11,2,14,400
15,40%,3,76%,8284,0,1,2,America-MG,26,2,12,351
16,42% un,5,81%,8319,0,1,4,Athletico-PR   ,30,3,13,340
0,,0,,158,0,0,0,criciuma,14,0,0,0
13,-,8,92%,9156,0,1,2,Mirassol,38,4,10,476
0,,0,,8480,0,0,0,Cruzeiro,8,0,0,0
18,61%,6,84%,8275,0,4,8,Botafogo-RJ,25,1,18,501
0,N/A,0,null,8665,0,0,0,Internacional,26,0,0,0
0,,0,,2118,0,0,0,America-RN,17,0,0,0
0,,0,,2876,0,0,0,Internacional,17,0,0,0
0,null,0,,3065,0,0,0,Atletico-MG,36,0,0,0
0,,0,,2724,0,0,0,CORINTHIANS,2,0,0,0
0,,0,,1565,0,0,0,Botafogo-RJ,42,0,0,0
15,26%,5,73%,7818,0,2,2,  Goias,18,2,19,-
0,,0,,999,0,0,0,Cruzeiro,38,0,0,0
  ,,0,,452,0,0,0,Paysandu,38,0,0,0
0,,0,,1985,0,0,0,VASCO,4,0,0,0
12,42%,6,71%,8307,0,1,5,America-MG,29,0,14,355
0,,0,,1490,0,0,0,Sao Paulo,36,0,0,0
11,,0,,5083,0,2,4,Athletico-PR,10,1,17,432
0,,0,,169,0,0,0,Coritiba,15,0,0,0
17,36%,0,,5479,0,-13,4,Gremio,12,2,10,375
0,,0,,1278,0,0,0,Juventude,16,0,0,0
7,46%,2,82%,7541,0,0,2,Cuiaba,28,0,13,428
0,,0,,3564,0,0,0,Sao Paulo,12,0,0,0
0,,0,,1493,0,-4,0,corinthians,36,0,0,0
10,54%,0,,5442,0,2,2,America-MG,8,1,20,481
0,,0,null,2311,0,0,0,Parana,37,0,0,0
0,,0,,3268,0,0,0,  Corinthians,19,0,0,0
,,2,,5835,0,1,7,Chapecoense,9,1,13,329
18,41%,5,85%,8899,0,2,4,Gremio,12,1,13,307
0,,0,,1782,0,0,0,Botafogo-RJ,22,0,0,0
null,38%,4,78%,6969,1,1,5,Bragantino,8,1,23,350
7,  ,0,,5501,0,1,6,Flamengo,14,0,10,360
0,,0,,2411,0,0,0,Portuguesa,9,0,0,0
11,54%,2,84%,6526,0,1,2,Corinthians,3,0,8,411
12,62%,4,94%,9057,0,-15,2,Flamengo,28,0,17,502
13,47%,5,74%,7127,0,2,5,Fortaleza,25,2,18,null
8,38%,1,73%,6722,0,2,8,  Ceara,22,1,12,315
0,,0,,1709,0,0,0,Athletico-PR,15,0,0,0
0,,0,,154,0,0,0,  Vitoria,13,0,0,N/A
0,,0,,3935,0,0,0,Atletico-GO,9,0,0,0
8,32%,2,,6049,0,4,3,Ponte Preta,31,3,19,263
0,,0,,8655,0,0,0,Vasco,25,0,0,0
0,,0,,175,0,0,0,Paysandu,15,0,0,0
0,,0,,2960,0,0,0,Sao Paulo,26,0,0,0
18,42%,9,76%,6939,0,4,5,bragantino,11,2,24,308
19,67%,6,89%,6745,0,0,9,Flamengo,24,0,10,630
0,,0,,3624,0,0,0,FIGUEIRENSE,16,0,0,0
0,,0,,2854,0,0,0,Avai   ,15,0,0,0
17,64%,6,87%,7046,0,5,11,Athletico-PR,17,2,20,454
0,,0,,2243,0,0,0,internacional,30,0,0,0
15,49%,0,,5575,1,3,8,Figueirense,21,1,20,389
9,42%,4,,5938,1,4,4,Sao Paulo,20,0,19,333
0,,0,,4700,0,0,0,Flamengo,28,0,0,0
0,  ,0,,4721,0,0,0,Internacional,11,0,0,0
-,56%,0,,5124,0,3,5,Santos,14,3,10,374
12,47%,6,86%,7261,1,2,5,Ceara,38,0,7,469
10,40%,3,82%,7080,0,3,3,Coritiba,20,2,13,369
0,,0,,4132,0,0,0,Sao Paulo,29,0,0,0
11,64%,4,81%,8228,0,4,11,Bragantino,21,1,21,520
0,,0,,3428,0,0,0,Corinthians,35,0,0,0
11,39%,5,74%,7384,0,3,5,  Bragantino,12,2,17,316
14,49%,7,-,7670,0,0,6,Atletico-GO   ,4,0,14,473
7,49% un,0,82%,7478,0,1,3,Sao Paulo,22,0,14,495
0,,0,,4298,0,0,0,Criciuma,8,0,0,0
0,,0,,8485,0,0,0,Vasco,8,0,0,0
0,,0,,1404,0,0,0,Parana,28,0,0,N/A
0,-,0,,3451,0,0,0,Ceara,37,0,0,0
17,,5,88%,6775,0,2,4,Botafogo-RJ,27,2,18,389
0,,0,-,834,0,0,0,Atletico-MG,24,0,0,0
0,,0,,3790,0,0,0,  Vasco,33,0,0,0
0,,0,,2786,0,0,0,FLUMINENSE,8,0,0,0
0,,0,,4974,0,0,0,coritiba,37,0,0,0
0,,0,,38,0,0,0,Figueirense,3,0,0,0
10,60%,4,83%,8147,0,2,5,Flamengo,13,1,13,549
0,,0,,3125,0,0,0,Internacional,4,0,0,0
0,,0,,723,0,0,0,Juventude,15,0,0,0
12,37%,2,77%,8041,0,3,9,Santos,2,0,11,
20,54%,3,82%,7415,0,1,9,Gremio,15,2,14,547
0,,0,,1630,0,0,0,  Sao Paulo,7,0,0,0
0,,0,,848,0,0,0,Paysandu,25,0,0,0
8,39%,0,,5543,0,2,3,Atletico-MG   ,18,1,17,384
12,36%,4,84%,6693,0,1,4,Goias,19,0,10,365
0,,0,,788,0,0,0,Atletico-MG,20,0,0,0
0,,0,,8636,0,-9,0,JUVENTUDE,24,0,0,0
5,58%,0,,5698,0,4,4,  Corinthians,34,0,19,508
0,null,0,,2214,0,0,0,Juventude,26,0,0,0
0,,0,,816,0,0,0,Athletico-PR,22,0,0,0
0,,0,,134,0,0,0,Santos,12,0,0,0
0,,0,,941,0,0,0,Sao Caetano,33,0,0,0
19,52%,8,89%,7263,0,3,5,Atletico-MG,38,5,22,451
10,41%,5,72%,6652,0,2,11,Ceara,15,0,16,316
16, 61% ,8,83%,6968,2,2,7,Ceara,8,0,21,425
0,,0,,2538,0,0,0,Vitoria,22,0,0,0
0,null,0,,2748,0,0,0,Santo Andre,5,0,0,0
0,,0,,4905,0,0,0,  Fluminense,30,0,0,0
0,,0,,8447,0,0,0,Flamengo,5,0,0,0
0,,0,,4521,0,0,0,Bahia,30,0,0,null
22,35%,5,83%,8389,0,1,7,Palmeiras,37,1,11,301
9,68%,3,92%,8935,0,3,8,Flamengo,15,1,13,595
0,,0,,1272,0,0,0,vasco,16,0,0,0
12,46%,0,,5535,0,4,3,Botafogo-RJ,17,1,20,361
7,24%,3,74%,8295,0,3,1,Corinthians,27,2,15,234
12,57%,5,85%,7345,0,5,5,Flamengo,8,3,26,528
0,,0,,93,0,0,0,Guarani,8,0,0,0
12,31%,5,,5986,0,0,8,Avai,25,0,16,232
11,36%,0,,5012,1,4,2,Athletico-PR,3,4,7,324
0,,0,,2780,0,0,0,Cruzeiro,8,0,0,0
0,,0,,4596,0,0,0,Athletico-PR,37,0,0,0
0,,0,,3596,0,0,0,Figueirense,13,0,0,0
0,,0,,2083,0,0,0,Sao Paulo   ,13,0,0,0
15,69%,1,,8787,0,0,5,  Fluminense,1,1,5,98
12,null,2,89%,9045,0,3,4,Flamengo,26,1,16,490
17,41%,0,76%,6819,0,1,8,Atletico-MG,32,0,12,302
  ,,0,  ,3296,0,0,0,Santos,21,0,0,0
0,,0,,619,0,0,0,Juventude,6,0,0,0
0,-,0,  ,1555,0,0,0,Botafogo-RJ,41,0,0,0
0,,0,,4353,0,0,0,Athletico-PR,13,0,0,0
0,,0,,1958,0,0,0,Athletico-PR,2,0,0,0
0,,0,N/A,226,0,0,0,Gremio,19,0,0,
10,34%,4,69%,7846,0,2,2,  America-MG,21,1,18,278
12,N/A,3,76%,7021,0,3,5,Goias,14,0,19,347
0,,0,-,423,0,0,0,Santos,36,0,0,0
0,,0,,2601,0,0,0,Ipatinga,28,0,0,0
0,,0,,3574,0,0,0,Palmeiras,10,0,0,0
17,62%,1,,5998,0,3,10,Palmeiras,26,2,18,361
10,55%,3,87%,9121,0,2,5,Juventude   ,37,2,11,283
11,59%,3,90%,8922,0,6,5,FORTALEZA,14,1,24,429
8,46%,4,89%,8799,1,3,4,Sao Paulo,2,1,11,311
0,,0,,1223,0,0,0,Vasco,11,0,0,0
0,,0,,1552,0,0,0,Ponte Preta,41,0,0,0
13,34%,0,,5545,0,1,2,Chapecoense,18,1,18,261
0,,0,,3847,0,0,0,Portuguesa,1,0,0,0
0,,0,,2388,0,0,0,sport,7,0,0,null
0,,0,,4869,0,0,0,Fluminense,26,0,0,0
0,,0,,3488,0,0,0,Botafogo-RJ,3,0,0,0
0,,0,,3048,0,0,0,Gremio,35,0,0,0
0,,0,,4754,0,0,0,ATLETICO-MG,14,0,0,0
0,,0,,1077,0,0,0,Juventude,44,0,0,0
0,N/A,0,,2753,0,0,0,Avai   ,5,0,0,0
9,49%,3,85%,8985,0,4,2,Cruzeiro,20,2,12,316
19,52%,7,84% un,6612,0,1,3,Atletico-MG,11,0,15,409
0,,0,,2534,0,0,0,Portuguesa,21,0,0,0
9,42%,2,,5818,0,4,2,Ponte Preta,8,3,13,423
17,55%,5,83%,6456,0,0,7,Athletico-PR,34,4,9,461
0,,0,,344,0,0,0,Corinthians,29,0,0,0
0,,0,,2605,0,0,0,Internacional,28,0,0,0
18,55%,0,,5515,0,3,7,Gremio,15,2,16,481
null,,0,,389,0,0,0,Figueirense,33,0,0,0
0,,0,,4209,0,0,0,Atletico-MG,37,0,0,0
0,,0,,3164,0,0,0,  Palmeiras,8,0,0,0
0,,0,,3163,0,0,0,Guarani,8,0,0,0
12,53%,0,,5174,0,0,1,Ponte Preta,19,2,16,542
16,60%,3,83%,6876,0,1,3,Corinthians,38,0,21,null
0,,0,,2451,0,0,0,Cruzeiro,14,0,0,null
0,,0,null,4375,0,0,0,Bahia,15,0,0,0
0,,0,,4592,0,0,0,Ponte Preta,37,0,0,0
0,,0,,1403,0,0,0,Sao Caetano,28,0,0,null
0,,0,,1660,0,0,0,Flamengo,10,0,0,0
0,,0,,1569,0,0,0,Flamengo,1,0,0,0
0,,0,,1189,0,0,0,Coritiba,8,0,0,0
0,,0,,2732,0,0,0,nautico,3,0,0,0
13,58%,4,89%,6879,1,2,4,Sao Paulo,38,1,24,493
13,62%,1,88% un,8865,0,1,9,Santos,8,5,11,414
0,,0,,1592,0,0,0,Gremio   ,3,0,0,0
0,,0,,3774,0,0,0,Athletico-PR   ,31,0,0,
0,,0,,3763,0,0,0,Palmeiras,30,0,0,0
0,,0,,8564,0,0,0,Cuiaba,16,0,0,0
0,,0,,3191,0,0,0,Cruzeiro,11,0,0,0
0,,0,,1600,0,0,0,Vasco,4,0,0,0
0,-,0,,8722,0,0,0,Internacional,32,0,0,0
0,,0,,646,0,0,0,Goias,8,0,0,0
10, 39% ,2,86%,6387,0,0,1,America-MG,27,1,8,453
0,,0,,4867,0,-8,0,Chapecoense,26,0,0,0
12,35%,0,,5347,0,4,2,Figueirense,37,6,26,289
0,,0,,8463,0,0,0,Criciuma,6,0,0,0
13,63%,0,,5168,1,1,11,Athletico-PR,19,2,10,502
14,44%,7,74%,7703,0,3,8,Sao Paulo,7,2,12,414
0,,0,,8650,0,0,0,corinthians,25,0,0,0
7,53%,1,83%,7255,1,5,3,sao paulo,37,0,15,457
0,,0,,3772,0,0,0,Coritiba,31,0,0,0
9, 62% ,4,89%,6161,0,1,3,athletico-pr,4,3,10,619
20,56%,2,,5953,0,1,5,Santos,21,1,7,428
0,,0,,1706,0,0,0,Botafogo-RJ,14,0,0,0
17,61%,6,89%,7916,0,2,9,Sao Paulo,28,1,13,568
18,66%,9,86%,7868,0,2,4,Botafogo-RJ,23,3,11,557
16,72%,5,,6081,0,0,8,Gremio   ,34,2,14,624
0,,0,,940,0,0,0,Figueirense,33,0,0,0
0,,0,,2600,0,0,0,Gremio,28,0,0,0
10,44%,3,73%,6227,0,2,3,Chapecoense   ,11,3,22,338
16,N/A,1,83%,8183,0,4,13,CRUZEIRO,16,2,8,566
0,,0,,2729,0,0,0,Goias,3,0,0,0
0,,0,  ,8451,0,0,0,Botafogo-RJ,5,0,0,0
18,57%,4,85%,6218,0,0,4,Botafogo-RJ,10,2,17,463
17,68%,0,,5674,0,1,9,Santos,31,0,13,615
10,64%,2,,6030,0,0,1,Sao Paulo,29,3,12,596
,,0,,1075,0,0,0,Vitoria   ,44,0,0,-
,,0,,2077,0,0,0,Internacional,13,0,0,0
0,,0,,519,0,0,0,Athletico-PR,44,0,0,0
0,,0,,4417,0,0,0,Fluminense,20,0,0,0
27,28%,9,  ,8377,0,2,5,Santos,36,3,18,268
,69%,3,88%,7715,0,0,9,SANTOS,6,2,11,507
19, 57% ,6,81%,8229,0,3,7,Bahia,21,3,10,493
0,N/A,0,,2079,0,0,0,Vasco,13,0,0,null
0,,0,,325,0,0,0,Flamengo,28,0,0,
0,,0,,4637,0,0,0,Athletico-PR,4,0,0,0
0,,0,  ,3358,0,0,0,gremio,28,0,0,0
0,,0,,431,0,0,0,Internacional,36,0,0,0
23,55%,9,79%,6702,0,2,11,ceara,20,1,9,399
0,,0,,4548,0,0,0,Coritiba,33,0,0,0
N/A,,0,,95,0,0,0,  Sao Caetano,8,0,0,0
0,,0,,4151,0,0,0,  Corinthians,31,0,0,0
0,,0,,3014,0,0,0,  Cruzeiro,31,0,0,0
15,67%,5,86%,8266,0,1,12,Flamengo,25,1,11,535
0,,0,,972,0,0,0,Sao Caetano,35,0,0,0
8,49%,0,,5148,0,4,5,Coritiba,17,3,15,447
0,,0,,2178,0,0,0,Sport,23,0,0,0
11,39%,6,,6020,1,2,2,Vasco,27,0,28,329
0,,0,,4392,0,0,0,Vitoria,17,0,0,0
,66% un,0,78%,7068,1,3,4,Internacional,19,2,13,580
8,63%,0,,5117,0,1,6,Internacional,14,1,18,540
0,,0,,3988,0,0,0,  Internacional,15,0,0,0
0,-,0,,1986,0,0,0,Internacional,4,0,0,0
N/A,,0,,1262,0,0,0,Cruzeiro,15,0,0,0
0,,0,,3317,0,0,0,Guarani,24,0,0,0
21,56%,7,92%,8962,0,1,9,Atletico-MG,18,1,11,420
15,61%,3,87%,6426,0,1,4,Vitoria   ,31,0,8,  
13,64%,3,82%,7632,0,3,2,Fortaleza,37,1,23,489
17,-,6,84%,6598,0,3,7,Santos,10,1,11,527
0,,0,,1399,0,0,0,Vasco,27,0,0,0
0,,0,,8561,0,0,0,Flamengo,16,0,0,0
0,,0,,2084,0,0,0,Palmeiras,13,0,0,0
13,46%,0,,5258,0,3,8,Avai,28,0,12,426
0,,0,,4478,0,0,0,Sao Paulo,26,0,0,0
7,23%,3,82%,9112,0,7,4,Ceara,33,4,21,151
0,,0,,1316,0,0,0,Paysandu,20,0,0,0
0,,0,-,1207,0,0,0,Fortaleza,10,0,0,0
0,,0,,548,0,0,0,Cruzeiro,46,0,0,0
0,,0,,3033,0,0,0,Goias,33,0,0,0
17,54%,6,77%,7729,0,2,4,Avai,9,1,11,445
0,,0,,774,0,0,0,FLUMINENSE,19,0,0,0
0,,0,,2295,0,0,0,Internacional,35,0,0,-
0,,0,,3018,0,0,0,Botafogo-RJ,32,0,0,0
0,,0,,4559,0,0,0,  Botafogo-RJ,34,0,0,0
17,52%,5,85%,7855,0,3,7,Santos,21,2,10,464
0,,0,,3477,0,0,0,Internacional,2,0,0,0
0,,0,,1568,0,0,0,Internacional,1,0,0,0
0,,0,,1929,0,0,0,Gremio,37,0,0,0
9,45%,2,75%,6619,0,3,6,Ceara,12,0,12,408
16,44%,6,81%,7814,0,1,4,Bragantino   ,17,1,18,408
0,,0,,1022,0,0,0,Goias   ,40,0,0,0
23,67%,7,84%,6811,0,1,6,BAHIA,31,3,20,483
13,57%,4,87%,7362,0,4,4,Atletico-GO,10,0,16,null
0,,0,,3210,0,0,0,Goias,13,0,0,null
21,63%,4,89%,7355,0,3,11,Gremio,9,2,16,662
0,,0,,1903,0,0,0,Goias,34,0,0,0
16,72%,6,87%,7063,0,5,7,Flamengo,18,1,16,616
8,28%,0,,5425,1,4,2,Ponte Preta,6,0,13,271
0,,0,,4820,0,0,0,Figueirense,21,0,0,0
0,,0,,3718,0,0,0,Figueirense,26,0,0,0
9,null,3,83%,7592,1,3,5,Fluminense,32,0,12,480
0,,0,,3388,0,0,0,Atletico-GO   ,31,0,0,0
0,,0,,680,0,0,0,palmeiras,11,0,0,0
16, 55% ,5,82%,7036,0,3,6,Palmeiras,16,1,13,431
0,,0,,236,0,0,0,Criciuma,20,0,0,N/A
0,,0,,630,0,0,0,  Flamengo,7,0,0,0
13,40%,0,,5011,0,5,4,Chapecoense,3,3,13,N/A
null,,0,,1130,0,0,0,Santos,3,0,0,0
  ,33%,4,74%,7894,0,3,7,Cuiaba,25,5,18,277
9,36%,4,75%,7634,0,3,1,Santos,37,4,14,280
,,2,84%,6694,0,4,3,Fluminense,19,2,19,429
null,,0,,2817,0,0,0,Fluminense,12,0,0,0
0,,0,,1664,0,0,0,  Parana,10,0,0,N/A
0,,0,,3115,0,0,0,Vasco,3,0,0,
0,,0,,3694,0,0,0,  Flamengo,23,0,0,0
17,51%,6,84%,6747,0,1,7,Bahia   ,25,0,15,447
10,39%,0,,5199,0,3,2,Internacional,22,2,22,345
0,,0,,8426,0,0,0,Vasco,3,0,0,0
0,,0,,2524,0,0,0,Fluminense,20,0,0,0
0,,0,,633,0,0,0,Vitoria,7,0,0,0
3, 42% ,2,71%,8297,0,3,3,Gremio,28,2,17,334
-,,0,,3610,0,0,0,Cruzeiro,15,0,0,0
0,,0,,488,0,0,0,gremio,41,0,0,0
0,-,0,,1289,0,0,0,  Vasco,17,0,0,0
0,,0,,2934,0,0,0,INTERNACIONAL,23,0,0,0
11,49%,4,76%,6558,0,4,9,Flamengo   ,6,2,16,392
0,,0,,4567,0,0,0,Athletico-PR,35,0,0,0
  ,65%,4,88%,6728,0,3,10,Gremio,23,3,12,609
0,,0,,3294,0,0,0,Athletico-PR,21,0,0,0
11,76%,4,90%,6458,0,-5,5,Atletico-MG,34,2,14,672
,N/A,0,,1195,0,0,0,Sao Paulo,9,0,0,0
0,,0,,55,0,0,0,Juventude   ,5,0,0,0
0,,0,,2511,0,0,0,Vitoria,19,0,0,0
0,,0,,3576,0,0,0,Botafogo-RJ,10,0,0,0
12,64%,3,82%,6295,0,1,6,Atletico-MG,17,1,13,562
7,48%,2,81%,6672,1,1,3,Goias,17,4,14,365
0,,0,,3591,0,0,0,  Fluminense,13,0,0,0
,47%,2,81%,7506,0,2,6,Atletico-GO,25,1,17,389
16,48%,0,,5707,0,3,4,Fluminense,35,5,14,-
0,,0,,1942,0,0,0,Cruzeiro,38,0,0,0
0,,0,,3028,0,0,0,Athletico-PR,33,0,0,0
26,61%,0,,5560,0,1,10,Corinthians,20,0,14,509
0,,0,,4069,0,0,0,Corinthians,23,0,0,
0,,0,,4902,0,0,0,Figueirense,30,0,0,0
8,68%,2,81%,7949,1,3,10,Sao Paulo,31,4,16,500
-,,0,,3803,0,0,0,Corinthians   ,34,0,0,0
0,,0,,1938,0,0,0,  Sao Caetano,38,0,0,0
9,30%,4,71%,7082,0,5,2,Atletico-MG,20,1,21,283
0,,0,,1406,0,0,0,Athletico-PR,28,0,0,0
0,,0,,4569,0,0,0,Corinthians,35,0,0,0
0,,0,,246,0,0,0,Goias,21,0,0,0
0,,0,,929,0,0,0,Guarani,32,0,0,0
15, 42% ,0,,4846,0,2,9,Gremio,23,1,20,357
0,,0,,1999,0,0,0,America-RN,12,0,0,0
0,,0,,2607,0,0,0,  Gremio,29,0,0,0
0,,0,,4141,0,0,0,Vasco,30,0,0,0
null,,0,,1628,0,0,0,Figueirense,7,0,0,0
0,,0,,3663,0,0,0,Botafogo-RJ,20,0,0,0
0,,0,,1355,0,0,0,Fortaleza,23,0,0,0
8,62% un,2,84%,7251,0,3,4,Santos,37,1,20,454
0,,0,,3697,0,0,0,  Atletico-MG,24,0,0,0
0,,0,,2314,0,0,0,Atletico-MG,37,0,0,0
0,,0,,8564,0,0,0,Juventude,16,0,0,0
0,,0,,661,0,0,0,Gremio,10,0,0,0
,64%,9,93%,8953,0,-6,2,Bahia,17,1,16,562
0,,0,,4576,0,0,0,Atletico-MG,35,0,0,0
0,,0,,2582,0,0,0,Portuguesa,26,0,0,0
0,,0,,3516,0,0,0,Santos,5,0,0,N/A
7,47%,5,82%,8341,0,3,3,Flamengo,32,0,11,450
16, 49% ,6,,6097,0,4,6,Flamengo,36,3,20,
0,,0,,568,0,0,0,Palmeiras,2,0,0,0
0,,0,,2265,0,0,0,juventude,32,0,0,0
N/A,53%,12,,5834,0,2,6,Gremio,9,4,18,439
0,,0,,1755,0,0,0,Parana   ,19,0,0,0
0,,0,,2375,0,0,0,VASCO,5,0,0,0
13,59%,0,,5335,0,2,6,santos,35,2,20,471
-,41%,1,72%,6193,0,4,1,Vitoria,7,2,18,359
15,58%,6, 85% ,7453,0,2,6,Bragantino,19,1,13,473
0,,0,,3545,0,0,0,America-MG   ,8,0,0,0
16,58%,5,,6018,0,1,10,Corinthians,27,1,8,539
0,,0,,4973,0,0,0,Cruzeiro,37,0,0,0
12,45%,4,  ,8894,0,3,5,Cruzeiro,11,2,16,-
21,60%,5,88%,8134,0,2,8,Vasco,11,4,19,521
20,47%,0,,5215,1,5,9,Flamengo,23,0,24,402
0,null,0,,3169,0,0,0,Internacional,9,0,0,0
0,,0,null,3716,0,0,0,Vasco,25,0,0,0
0,,0,,3492,0,0,0,Bahia,3,0,0,0
23,64%,8,84%,7704,0,1,12,Fortaleza,7,0,13,486
10,35%,5,71%,6561,0,3,2,Chapecoense,6,0,11,313
8,47%,4,,5034,0,4,4,Coritiba,5,3,24,null
0,,0,,459,0,0,0,Ponte Preta,39,0,0,0
0,,0,,1256,0,0,0,Santos,14,0,0,0
9,57%,4,89%,8866,0,4,8,sport,9,2,17,431
0,,0,,6649,0,0,0,athletico-pr,15,0,0,0
0,,0,,1258,0,0,0,Figueirense,14,0,0,0
13,60%,5,86%,7937,0,0,5,Fluminense,30,1,13,482
0,,0,,285,0,0,0,Bahia,24,0,0,0
0,,0,,725,0,0,0,  Internacional,15,0,0,0
0,,0,  ,1708,0,0,0,Gremio,15,0,0,0
15,40%,4,88%,9003,0,2,2,Vitoria,22,3,17,202
,60%,4,83%,7744,0,3,10,Sao Paulo,10,1,13,467
0,,0,,8664,0,0,0,Cruzeiro,26,0,0,0
0,,0,,4646,0,0,0,Vitoria,4,0,0,0
20,62%,2,85%,7408,1,4,6,Palmeiras,15,1,22,507
0,,0,,3517,0,-1,0,Flamengo,6,0,0,0
11,35%,4,,7022,0,4,2,Botafogo-RJ,14,0,16,298
0,,0,,3419,0,0,0,Internacional,34,0,0,0
14,55%,4,79%,6953,1,1,4,Atletico-GO   ,6,1,16,361
0,,0,,1614,0,0,0,Fortaleza,5,0,0,0
15,45%,5,84%,6839,0,2,2,Bahia,33,1,17,
9,52%,2,85%,7265,0,0,5,Fortaleza,38,1,12,422
5,60%,2,  ,6086,0,3,6,Athletico-PR,35,1,10,507
0,,0,,2203,0,0,0,Fluminense,25,0,0,0
11,49% un,5,83%,7019,0,2,6,Gremio,14,1,18,466
0,,0,,4615,0,0,0,Santos,1,0,0,0
11,47%,5,86%,7120,0,2,4,Ceara,24,1,17,412
0,,0,,3924,0,0,0,PALMEIRAS,8,0,0,0
0,,0,,1772,0,0,0,  Sao Caetano,21,0,0,0
,,0,,1109,0,0,0,Botafogo-RJ,1,0,0,0
12,59%,5,83%,8303,0,2,3,Fluminense,28,3,13,511
0,,0,,3016,0,0,0,Botafogo-RJ   ,31,0,0,  
15,41%,4,76%,8351,0,1,6,Santos,33,1,13,319
7,,5,80%,6950,0,0,4,Corinthians,6,1,22,388
0,,0,,1425,0,0,0,Ponte Preta,30,0,0,-
0,,0,,2894,0,0,0,  Vitoria,19,0,0,0
0,,0,,8639,0,0,0,Botafogo-RJ,24,0,0,0
0,,0,,2499,0,0,0,Athletico-PR,18,0,0,0
0,,0,,671,0,0,0,Santos,10,0,0,0
0,,0,,1632,0,0,0,Fortaleza,7,0,0,0
-,,0,,3939,0,0,0,Nautico,10,0,0,0
0,,0,,1299,0,0,0,atletico-mg,18,0,0,0
0,,0,null,3420,0,0,0,Sao Paulo,34,0,0,null
0,,0,,1645,0,0,0,SAO CAETANO,8,0,0,0
0,,0,,2873,0,0,0,Gremio,17,0,0,0
0,,0,,326,0,0,0,athletico-pr,28,0,0,0
0,,0,,3020,0,0,0,Gremio,32,0,0,0
18,59%,0,,5550,0,2,4,Palmeiras,19,4,13,491
0,,0,,1130,0,0,0,Athletico-PR,3,0,0,0
5,36%,3,,7714,2,5,6,Juventude,6,0,16,-
0,,0,,2698,0,0,0,Vitoria,38,0,0,0
0,,0,,1078,0,0,0,Athletico-PR,44,0,0,0
N/A,,0,,3543,0,0,0,BOTAFOGO-RJ,8,0,0,0
11,55%,7,93%,8836,0,1,9,Internacional,6,3,17,360
15,,5,77%,7185,0,1,10,Corinthians,30,1,19,382
0,,0,,1763,0,0,0,Juventude,20,0,0,0
9,N/A,0,,5462,0,3,3,Atletico-MG,10,4,24,456
0,,0,,8694,0,0,0,Internacional,29,0,0,0
0,,0,,2241,0,0,0,Athletico-PR,30,0,0,0
0,,0,,2832,0,0,0,Internacional,13,0,0,0
0,,0,,4896,0,0,0,Sport,29,0,0,0
0,,0,,45,0,0,0,PARANA,3,0,0,0
12,37%,0,,5389,0,1,5,Chapecoense,3,3,24,318
20,62%,2,85%,6297,0,1,3,Bahia,20,0,15,517
17,56%,4,86%,8973,0,5,15,Cruzeiro,19,2,17,335
9,54%,0,,5695,0,3,2,Palmeiras   ,33,1,22,442
9,24%,6,60%,7656,0,4,2,Goias,2,0,16,198
,28%,2,59%,6760,1,3,4,Chapecoense   ,26,0,14,222
18,66%,4,94%,8940,0,4,8,Santos,16,1,15,485
12,47%,5,78%,8152,1,1,4,Atletico-MG,13,1,16,367
0,,0,,3805,0,0,0,Bahia,34,0,0,0
0,,0,,631,0,0,0,Sao Caetano,7,0,0,0
0,,0,,1920,0,0,0,Internacional,36,0,0,0
10,43%,2,,7273,0,1,5,Chapecoense,1,0,9,428
,57%,7, 77% ,8029,0,3,4,Bragantino,1,2,20,435
0,,0,,3024,0,0,0,coritiba,32,0,0,0
5,56%,3,82%,7858,1,4,4,Juventude,22,2,14,443
0,,0,,496,0,0,0,Santos,42,0,0,0
0,,0,,1755,0,0,0,Sao Paulo,19,0,0,0
0,,0,,4153,0,0,0,Atletico-MG,31,0,0,0
,,0,,460,0,0,0,Cruzeiro,39,0,0,0
4,43%,0,,5352,0,3,3,Gremio,37,3,10,  
9,48%,6,,5839,0,1,3,Fluminense,10,4,25,342
0,,0,,82,0,0,0,Parana,7,0,0,0
8,36%,4,91%,8927,0,3,2,  Gremio,15,1,15,204
23,58%,5,89%,8070,0,0,8,  Flamengo,5,1,22,551
0,,0,,3325,0,0,0,atletico-mg,24,0,0,0
0,,0,,8728,0,0,0,CORINTHIANS,33,0,0,0
12,41%,3,80%,6398,0,2,2,Santos,28,1,24,327
14,59%,4,N/A,7172,0,2,2,Goias,29,1,14,479
6,39%,5,76%,7144,0,1,1,Ceara,26,0,17,266
0,,0,,4571,0,0,0,Sao Paulo,35,0,0,0
0,,0,,2298,0,0,0,America-RN,36,0,0,0
15,57%,4,90%,9026,0,2,8,Fortaleza,25,1,15,354
13,42%,4,null,5980,0,2,6,Vasco,24,0,9,425
21,57%,0,,5351,0,2,3,CRUZEIRO,37,2,12,504
5,32%,3,72%,6651,0,2,1,CSA,15,1,16,344
0,,0,,1437,0,0,0,Fluminense,31,0,0,0
13,51%,4,80%,7102,0,2,4,Internacional,22,1,20,454
0,,0,,8553,0,0,0,Atletico-GO,15,0,0,0
19,61%,7,85%,6489,0,4,9,Gremio,37,1,20,544
10,68%,4,88%,8143,0,1,7,Flamengo,12,1,11,716
,53%,5,88%,8845,0,2,6,Santos,6,3,12,364
4,35%,1,77%,6303,0,2,4,  Vitoria,20,1,19,313
0,,0,,3681,0,0,0,Atletico-GO,22,0,0,0
0,,0,,3502,0,0,0,Fluminense,4,0,0,0
0,,0,,2063,0,0,0,Corinthians,29,0,0,0
0,,0,,738,0,0,0,Goias,16,0,0,0
10,48%,0,,5349,0,1,8,Avai,37,0,19,333
11,52%,4,84%,7461,0,2,4,Atletico-MG,20,1,18,488
0,,0,,3314,0,0,0,fluminense,23,0,0,0
0,,0,,4653,0,0,0,palmeiras,5,0,0,N/A
11,42%,5,78%,7570,0,2,5,Santos,31,3,11,361
0,,0,,1023,0,0,0,Flamengo,40,0,0,0
0,,0,,4248,0,0,0,Gremio,3,0,0,0
0,,0,,4935,0,0,0,Cruzeiro,33,0,0,0
14,57%,4,,5770,0,0,5,Flamengo,3,0,12,  
17,48%,5,78%,7186,0,2,3,Botafogo-RJ,31,2,17,365
0,,0,null,1378,0,0,0,BOTAFOGO-RJ,25,0,0,0
0,,0,,2836,0,0,0,Corinthians,13,0,0,0
17,54%,10,,6025,0,2,7,Bahia,27,0,24,390
0,,0,,2495,0,0,0,Sport,17,0,0,0
0,,0,,604,0,0,0,Criciuma,5,0,0,0
0,,0,,1191,0,0,0,Cruzeiro,8,0,0,0
15,63%,3,87%,7813,0,1,5,Atletico-GO,17,1,7,555
11,56%,4,84%,7809,0,1,2,Corinthians,17,1,5,542
13,59%,4,89%,8357,1,4,2,Fluminense,34,2,17,N/A
N/A,43%,5,75%,6262,0,5,4,FLUMINENSE,14,1,17,353
0,,0,,2101,0,0,0,Parana,15,0,0,0
  ,51%,4,78%,6196,1,3,4,Vasco,8,0,24,399
14,55%,3,80%,6373,0,7,4,  Santos,25,5,15,425
0,,0,,4048,0,0,0,Fluminense,21,0,0,0
15,43%,4,84%,8064,1,2,4,Goias,4,1,13,396
24,74%,13,N/A,8052,0,4,7,Flamengo,3,3,14,642
19,66%,5,85%,8161,1,2,13,Goias,14,4,19,542
3,25%,1,64%,7010,0,2,2,Coritiba,13,0,13,234
0,,0,,185,0,0,0,Gremio,16,0,0,0
0,,0,,1052,0,0,0,cruzeiro,42,0,0,0
17,29%,6,75%,6763,1,1,6,Avai,26,0,7,273
,59%,0,,5571,0,1,8,internacional,21,2,9,
0,,0,,1880,0,0,0,figueirense,32,0,0,0
0,,0,,345,0,0,0,BAHIA,29,0,0,0
0,,0,,919,0,0,0,Internacional,31,0,0,0
0,,0,,1221,0,0,0,Fluminense,11,0,0,0
18,,4,87%,9137,0,2,6,Fluminense,35,3,17,321
0,,0,,4879,0,0,0,ATHLETICO-PR,27,0,0,0
0,,0,,2857,0,0,0,Sport,16,0,0,  
22,62%,9,84%,8018,0,4,8,ceara,38,1,16,467
0,,0,,4403,0,0,0,Bahia,18,0,0,0
0,,0,,2252,0,0,0,Sao Paulo,31,0,0,0
12,48%,3,79%,7610,0,5,4,Atletico-GO,35,6,16,
null,,0,,547,0,0,0,ponte preta,46,0,0,0
0,,0,,8593,0,0,0,Internacional,19,0,0,N/A
0,,0,,3362,0,0,0,Vitoria,28,0,0,0
17,32%,3,,7763,0,6,3,Botafogo-RJ,12,1,17,276
0,,0,-,4481,0,0,0,FLAMENGO,26,0,0,0
15,49%,3,73%,6342,0,2,3,Parana,22,3,12,371
17,66%,4,85%,7951,0,3,8,BRAGANTINO,31,2,12,488
0,,0,,80,0,0,0,Ponte Preta,7,0,0,0
,,0,N/A,101,0,0,0,Athletico-PR,9,0,0,0
0,,0,,3243,0,0,0,Santos   ,16,0,0,0
0,,0,,1971,0,0,0,Santos,3,0,0,0
0,,0,,4787,0,0,0,Internacional   ,18,0,0,0
0,,0,,4986,0,0,0,Chapecoense,38,0,0,0
0,,0,,2467,0,0,0,Coritiba,15,0,0,0
-,42%,0,-,5566,0,2,5,Internacional,20,0,18,266
6,43%,0,,5006,0,7,9,Avai,2,4,26,
0,,0,,3824,0,0,0,Figueirense,36,0,0,0
9,38%,4,69%,6970,0,3,5,Bahia,8,2,12,326
0,,0,,617,0,0,0,Sao Caetano,6,0,0,0
,-,0,,4584,0,0,0,Bahia,36,0,0,0
11,33%,3,72%,7899,0,2,6,Fortaleza,26,6,19,245
0,,0,,1524,0,0,0,Fortaleza,39,0,0,0
29,73%,7,86%,6964,0,1,11,Gremio,7,1,10,680
0,,0,,3979,0,0,0,  Portuguesa,14,0,0,0
16,  ,0,  ,5574,0,1,5,CORITIBA,21,4,13,  
0,,0,,1461,0,0,0,Fortaleza,33,0,0,  
0,,0,,769,0,0,0,  Flamengo,19,0,0,0
14,51%,7,88%,8949,0,2,8,Mirassol   ,17,0,12,355
22,55%,6,85%,7993,0,3,4,Atletico-GO,35,4,15,468
20,57%,3,-,7869,0,0,10,Palmeiras,23,1,11,487
5,39%,2,,8950,0,2,3,Gremio,17,1,20,298
0,,0,,2141,0,-1,0,ATLETICO-MG,19,0,0,  
0,,0,,3056,0,0,0,Santos,35,0,0,null
N/A,63%,3,82%,7519,0,5,8,Athletico-PR,26,0,13,512
18,52%,5,82%,7663,0,5,8,  Internacional,2,0,15,476
14,56%,4,82%,6723,0,1,7,Avai,22,4,16,481
0,,0,,3102,0,0,0,Corinthians,2,0,0,0
  ,,3,78%,6457,0,3,0,Ceara,34,1,15,341
14,62%,3,,6114,1,4,9,Bahia,37,1,16,431
0,,0,,1373,0,0,0,Vasco,25,0,0,0
0,,0,,2158,0,0,0,Gremio,21,0,0,0
0,,0,,2180,0,0,0,corinthians,23,0,0,0
17,39%,0,,5375,0,0,8,America-MG,1,2,8,317
null,54%,8,,6035,0,1,11,Sport,29,3,17,408
0,,0,,854,0,0,0,Gremio,26,0,0,0
0,,0,,194,0,0,0,santos,17,0,0,0
25,72%,5,88%,6831,0,2,8,Corinthians,34,2,19,597
16,44%,5,80%,7542,0,3,3,Bragantino,28,1,14,357
0,,0,,3744,0,0,0,Atletico-GO,28,0,0,0
8,51%,3,79%,6473,0,2,3,Sao Paulo,35,4,14,441
0,,0,,2444,0,0,0,Goias,12,0,0,0
0,,0,,429,0,0,0,JUVENTUDE,36,0,0,0
-,,0,,188,0,0,0,Internacional,16,0,0,0
0,,0,,3272,0,0,0,Palmeiras,19,0,0,0
8,66%,0,,5722,1,2,6,Fluminense   ,36,1,18,565
0,,0,,1286,0,0,0,Internacional,17,0,0,0
0,,0,,1901,0,0,0,Internacional,34,0,0,0
N/A,39%,1,,5417,0,2,2,Santa  Cruz,6,0,18,363
0,,0,,2728,0,0,0,Cruzeiro,3,0,0,0
13,57%,4,82%,8262,0,5,5,Internacional,24,1,17,457
19,51%,4,84%,6344,0,3,8,Cruzeiro,22,3,16,457
4,30%,0,,5271,0,3,2,Joinville,29,0,27,217
0,,0,,4423,0,0,0,Internacional,20,0,0,N/A
0,,0,,3430,0,0,0,Flamengo,35,0,0,0
13,56%,0,,5487,0,1,10,Fluminense,13,6,14,467
7,55%,2,82%,8279,0,4,1,Gremio,26,4,9,446
17,56%,0,,5311,0,3,7,chapecoense,33,2,13,402
0,,0,,478,0,0,0,GOIAS,40,0,0,0
0,,0,,3705,0,0,0,Internacional,24,0,0,0
,64%,6,86%,7710,0,3,4,  Fluminense,6,1,12,525
0,N/A,0,,2973,0,0,0,Goias,27,0,0,0
6,48%,0,74%,6686,0,5,1,Santos,19,3,24,349
0,,0,,308,0,0,0,FORTALEZA,26,0,0,0
7,,5,null,5892,0,9,2,Palmeiras,15,0,23,286
-,,0,,1293,0,0,0,Sao Caetano,18,0,0,0
0,null,0,,38,0,0,0,Santos   ,3,0,0,0
0,,0,,3206,0,0,0,SANTOS,12,0,0,N/A
0,,0,,1671,0,0,0,Figueirense,11,0,0,0
0,,0,,1761,0,0,0,Corinthians,20,0,0,0
0,,0,,4938,0,0,0,Figueirense   ,35,0,0,0
10,,4,84%,7898,0,3,5,Santos,26,2,17,452
0,,0,,405,0,0,0,Juventude,34,0,0,0
19,72%,7,90%,8210,0,4,8,Fluminense,19,2,7,712
0,,0,,4851,0,0,0,flamengo,24,0,0,0
0,,0,,2939,0,0,0,Santos,24,0,0,0
9,37%,8,,5875,0,2,3,Coritiba,13,1,18,276
0,,0,,248,0,0,0,Vitoria,21,0,0,0
0,,0,,4498,0,0,0,Vitoria,28,0,0,0
18,55% un,4,81%,6573,0,2,3,Chapecoense,7,1,14,410
22,,9,86%,7969,0,2,9,Palmeiras,33,3,12,384
0,,0,,907,0,0,0,Figueirense,30,0,0,0
10,32%,5,86%,9029,1,-14,4,atletico-mg,25,0,11,195
  ,,0,,496,0,0,0,PONTE PRETA,42,0,0,0
15,57%,4,90%,9026,0,2,8,Fortaleza,25,1,15,354
6, 52% ,1,,5833,0,2,5,ponte preta,9,0,21,405
0,,0,,8524,0,0,0,Fluminense   ,12,0,0,0
10,39%,4,,5854,0,5,5,Vasco,11,1,20,253
-,,0,,1487,0,0,0,Brasiliense,35,0,0,0
0,,0,,1491,0,0,0,Fortaleza,36,0,0,0
0,,0,,4206,0,0,0,Botafogo-RJ   ,36,0,0,0
0,,0,,1473,0,0,0,Juventude,34,0,0,0
0,,0,,4752,0,0,0,Botafogo-RJ   ,14,0,0,0
0,,0,,1582,0,0,0,Vasco,2,0,0,0
0,,0,,2340,0,0,0,Gremio,2,0,0,0
0,,0,,1317,0,0,0,PONTE PRETA,20,0,0,0
0,,0,,1809,0,0,0,Botafogo-RJ,25,0,0,0
0,,0,-,4118,0,0,0,Sport,28,0,0,0
0,,0,,3936,0,0,0,Palmeiras,9,0,0,0
11,56%,5,90%,8976,0,4,6,Fortaleza,20,1,17,484
0,,0,,1336,0,0,0,Sao Caetano,22,0,0,0
14,44%,3,,5810,0,2,4,Ponte  Preta,7,1,16,380
0,,0,,1897,0,0,0,Parana,34,0,0,0
12,,6,,5882,0,1,7,Gremio   ,14,1,20,536
8,62%,3,,5789,0,4,7,Santos,5,2,13,594
0,,0,,4857,0,0,0,Criciuma,25,0,0,0
0,,0,,1439,0,0,0,Goias,31,0,0,0
8,54%,0,,5024,0,3,5,Internacional,4,3,19,516
9,33%,4,65%,7895,0,2,2,Goias   ,25,0,16,270
0,,0,,1720,0,0,0,Ponte Preta   ,16,0,0,0
0,,0,N/A,947,0,0,0,Botafogo-RJ,33,0,0,0
0,,0,-,3230,0,-2,0,Atletico-MG   ,15,0,0,0
0,,0,,124,0,0,0,Ponte Preta,11,0,0,0
7,49%,4,  ,7781,0,4,2,Avai,14,0,18,395
0,,0,,2628,0,0,0,  Gremio,31,0,0,0
16,44%,6,81%,7814,0,1,4,Bragantino   ,17,1,18,408
14,47%,4,74%,7885,0,1,5,Corinthians,24,1,12,437
0,,0,,2584,0,0,0,Vasco,26,0,0,0
22,58%,6,  ,6503,0,2,8,America-MG,38,0,19,400
6, 47% ,2,,5884,0,4,3,fluminense,14,2,18,292
0,,0,,3232,0,0,0,Flamengo,15,0,0,0
0,,0,,753,0,0,0,Cruzeiro,17,0,0,0
19,59%,5,81% un,8336,0,4,4,  Bahia,32,0,17,542
0,,0,,336,0,0,0,Bahia,28,0,0,0
12,44%,3,81%,7662,0,2,2,Athletico-PR   ,2,1,9,408
17,45%,8,76%,7613,0,3,6,  Gremio,35,0,17,398
7,,1,75%,7456,0,1,5,Athletico-PR   ,20,1,17,350
0,,0,,4716,0,0,0,Chapecoense,10,0,0,0
0,,0,,8733,0,0,0,Bragantino,33,0,0,0
  ,,0,,449,0,0,0,Corinthians,38,0,0,0
0,,0,,1654,0,0,0,Figueirense   ,9,0,0,0
11,40%,2,72%,7887,0,4,2,Bragantino,25,2,14,323
0,,0,,4015,0,0,0,internacional,17,0,0,0
0,-,0,,3133,0,0,0,Santos   ,5,0,0,0
6,38%,5,,5430,0,2,4,Athletico-PR,7,2,17,337
21,62%,6,91%,7920,0,1,5,Fluminense,28,2,5,658
9,53%,0,,5693,0,2,2,Santa Cruz,33,1,11,476
0,,0,,1453,0,0,0,Cruzeiro,32,0,0,0
0,,0,,3002,0,0,0,Fluminense,30,0,0,0
null,N/A,0,,3870,0,0,0,Atletico-MG,3,0,0,0
0,null,0,,4887,0,0,0,Gremio,29,0,0,0
12,43%,2,71%,6466,0,-3,5,corinthians,35,3,22,339
9,48%,1,,5407,0,5,7,INTERNACIONAL,5,3,30,418
7,37%,4,,7644,0,3,3,gremio,38,1,15,328
20,64%,9,87%,7203,0,4,11,Santos,32,4,11,476
8,54%,1,85%,8394,0,1,6,Vasco,37,2,12,418
0,,0,,4019,0,0,0,Ponte Preta   ,18,0,0,0
0,,0,,4199,0,0,0,Palmeiras,36,0,0,0
12,60%,4,86%,7008,0,2,8,Corinthians,13,1,13,555
0,,0,,2,0,0,0,  Athletico-PR,1,0,0,0
7,51%,4,83%,7090,0,4,3,Sao Paulo,21,2,18,404
7,42%,3,,5282,0,0,3,Fluminense,30,1,16,340
,42%,3,,5999,0,3,5,Cruzeiro,26,2,15,425
0,,0,,4986,0,0,0,Chapecoense,38,0,0,0
0,,0,,318,0,0,0,Gremio,27,0,0,0
17,  ,4,77%,6256,1,1,6,Botafogo-RJ,14,2,15,357
0,,0,,3040,0,0,0,Nautico,34,0,0,0
0,,0,,266,0,0,0,  Santos,23,0,0,0
0,,0,,2097,0,0,0,Nautico,15,0,0,0
0,,0,,4092,0,0,0,Atletico-MG,25,0,0,0
0,,0,,1309,0,0,0,Santos,19,0,0,0
0,,0,,3240,0,0,0,Athletico-PR,16,0,0,null
25,53%,10,82%,7597,0,0,11,Gremio,33,2,15,
0,,0,,2103,0,0,0,SPORT,15,0,0,0
0,,0,,1290,0,0,0,  Fortaleza,17,0,0,0
23,55%,9,79%,6702,0,2,11,ceara,20,1,9,399
13,45%,0,,5533,0,2,8,Corinthians,17,2,19,381
0,,0,,3705,0,0,0,Internacional,24,0,0,0
0,,0,,4462,0,0,0,portuguesa,24,0,0,0
0,,0,,1704,0,0,0,Fortaleza,14,0,0,0
7,49%,0,,5266,1,0,3,Cruzeiro   ,28,0,13,458
0,,0,,2996,0,0,0,Avai,29,0,0,0
0,,0,,3165,0,0,0,Atletico-MG   ,8,0,0,0
13,39%,0,,5496,0,5,0,Palmeiras,13,1,21,297
9,41%,3, 72% ,8343,0,2,4,Vasco,32,2,23,327
0,,0,,1288,0,0,0,Botafogo-RJ,17,0,0,0
N/A,,0,,1296,0,0,0,Santos,18,0,0,0
20,70%,8,95%,9120,0,1,7,Corinthians,37,0,16,476
11,53%,5,,6000,1,2,1,  Botafogo-RJ,26,3,11,429
0,,0,,4193,0,0,0,Bahia,35,0,0,0
,,0,,1310,0,0,0,Fluminense,19,0,0,0
0,-,0,,4287,0,0,0,Santos,7,0,0,0
12,27%,0,,5339,0,3,2,  Goias,36,1,12,242
0,,0,,4736,0,-9,0,Gremio,12,0,0,0
0,,0,,1053,0,0,0,santos,42,0,0,0
8,34%,0,,5259,0,4,2,Ponte Preta,28,4,18,278
0,,0,,8464,0,0,0,Juventude,6,0,0,0
0,,0,,1883,0,0,0,Fluminense   ,32,0,0,0
0,,0,,2133,0,0,0,Vasco,18,0,0,0
0,,0,,2498,0,0,0,coritiba,18,0,0,N/A
0,,0,,2529,0,0,0,Cruzeiro,21,0,0,0
0,,0,,2229,0,0,0,Atletico-MG   ,28,0,0,0
15,57%,6,,5838,0,4,7,Gremio,10,2,16,564
0,,0,,359,0,0,0,  Fluminense,30,0,0,0
0,,0,-,1909,0,0,0,Juventude   ,35,0,0,0
0,,0,,3387,0,-6,0,Botafogo-RJ,31,0,0,0
9,51%,0,,5594,0,-4,2,CORINTHIANS,23,1,15,447
15,51%,0,,5370,0,1,5,Coritiba,1,1,19,444
13,68%,1,84%,7340,0,1,7,santos,8,1,11,592
0,,0,,4907,0,0,0,Figueirense,31,0,0,0
15,46%,3,78%,7963,0,2,4,Coritiba,32,0,11,343
0,,0,,4645,0,0,0,  Sport,4,0,0,0
0,,0,,3406,0,0,0,Avai,32,0,0,0
0,,0,,1947,0,0,0,Athletico-PR,1,0,0,0
0,,0,,4681,0,0,0,Goias,8,0,0,0
21,60%,10,84%,7584,1,-12,6,Flamengo,30,5,11,452
11,null,0,,5328,0,-6,3,Coritiba,35,0,18,316
0,,0,,1851,0,0,0,Goias,29,0,0,0
0,,0,,3690,0,0,0,Figueirense,23,0,0,0
0,,0,,3158,0,0,0,Athletico-PR,8,0,0,0
18,56%,6,87%,6410,0,6,10,Vasco,29,1,14,511
0,,0,,1825,0,0,0,Vasco,26,0,0,null
0,,0,,96,0,0,0,Gremio,8,0,0,0
3,27%,2,72%,6708,2,1,1,internacional,21,3,6,232
0,,0,,409,0,0,0,Juventude,35,0,0,0
0,,0,,8767,0,0,0,Atletico-MG,37,0,0,0
9,39%,4,72%,7906,0,4,2,Avai,27,2,16,307
0,,0,,3081,0,0,0,Sao Paulo,38,0,0,0
8,66%,4,88%,7821,0,5,3,Sao Paulo,18,4,10,
0,,0,,2207,0,0,0,Nautico,26,0,0,0
12,52%,0,,5585,0,5,8,America-MG,22,4,19,389
0,,0,,2454,0,0,0,Sao Paulo,14,0,0,0
0,,0,,2777,0,0,0,corinthians,8,0,0,0
6,39%,0,,5400,1,1,2,Flamengo,4,1,13,346
5,59%,4,93%,8853,0,2,5,Flamengo,7,1,8,487
,,0,,119,0,0,0,Cruzeiro,10,0,0,0
20,69%,10,,6104,0,2,9,Fluminense,36,5,16,529
14,56%,6,82%,8400,0,1,3,Cruzeiro,38,0,9,445
18,54%,0,,5546,0,3,11,Fluminense,18,4,21,323
20,58%,8,83%,8297,0,1,6,sao paulo,28,1,24,456
0,,0,,2134,0,0,0,America-RN,18,0,0,0
0,,0,,2810,0,0,0,Santo Andre   ,11,0,0,0
0,,0,,8522,0,0,0,Atletico-MG,12,0,0,0
0,,0,,4320,0,0,0,Coritiba,10,0,0,0
0,,0,,2549,0,0,0,Nautico,23,0,0,0
22,64%,10,82%,7337,1,2,2,Fortaleza,8,2,17,458
0,,0,,1122,0,0,0,Juventude,2,0,0,0
0,,0,,4143,0,0,0,Bahia,30,0,0,0
0,,0,,1779,0,0,0,Santos,22,0,0,  
23,55%,9,79%,6702,0,2,11,ceara,20,1,9,399
0,,0,,4165,0,0,0,Internacional,32,0,0,0
0,,0,,2815,0,0,0,NAUTICO,11,0,0,0
,56%,0,,5301,0,3,1,  Corinthians,32,1,19,509
0,,0,,2255,0,0,0,Goias,31,0,0,0
0,,0,,8753,0,0,0,Criciuma,35,0,0,0
9,62%,4,,6088,0,3,3,Sao Paulo   ,35,1,12,679
18,46%,6,86%,7229,0,0,5,  Botafogo-RJ,35,1,14,409
15,49% un,5,80%,7560,0,5,4,Gremio,29,2,26,397
0,,0,,8613,0,0,0,ATHLETICO-PR,21,0,0,0
0,,0,,1149,0,0,0,Ponte Preta,5,0,0,-
27,52%,5,N/A,5903,0,1,4,Atletico-GO,16,1,12,
0,,0,,3965,0,0,0,Portuguesa,12,0,0,0
3,49% un,0,91%,8993,0,2,1,Atletico-MG,21,2,17,423
null,39%,3,79%,7162,0,4,4,Internacional,28,0,16,328
0,,0,,8499,0,0,0,Juventude   ,10,0,0,0
0,,0,,4350,0,0,0,Corinthians,13,0,0,0
0,,0,,3542,0,0,0,Sao Paulo,8,0,0,0
0,,0,,2367,0,0,0,Sao Paulo,5,0,0,0
0,,0,,4457,0,0,0,Fluminense,24,0,0,  
18,36%,5,80%,6523,0,3,2,Fortaleza,2,1,12,291
12,59%,5,83%,8303,0,2,3,Fluminense,28,3,13,511
0,,0,,3512,0,0,0,Ceara,5,0,0,0
9,43%,0,,5641,0,4,2,Botafogo-RJ,28,6,23,396
15,43%,7,76%,7483,0,2,3,  Fortaleza,22,0,14,null
0,,0,,3050,0,0,0,CORITIBA,35,0,0,0
15,44%,9,76%,6940,0,2,6,Atletico-GO,11,1,16,359
23,N/A,11,null,5756,0,4,4,coritiba,2,2,17,378
0,,0,,2754,0,0,0,  Internacional,5,0,0,0
9,40%,3,,5911,0,0,2,Corinthians,17,1,9,388
0,,0,,1360,0,0,0,Brasiliense,24,0,0,0
0,,0,,851,0,0,0,Vasco,25,0,0,0
12,-,6,89%,6799,0,2,2,Sao Paulo,30,2,11,528
0,,0,,3485,0,0,0,Vasco,2,0,0,0
0,,0,,4710,0,-4,0,Criciuma,10,0,0,0
26,N/A,4,75%,8163,0,2,6,  Bragantino,14,0,16,418
0,,0,,3110,0,0,0,Athletico-PR,3,0,0,N/A
0,,0,,8494,0,0,0,Cuiaba,9,0,0,0
0,,0,,32,0,0,0,Vasco,4,0,0,0
17,48%,3,  ,9069,0,2,9,Ceara,29,5,10,370
15,42%,8,88%,9059,0,2,4,Ceara,28,2,16,263
17,N/A,2,85%,7683,0,1,7,Botafogo-RJ   ,3,2,5,526
0,,0,,68,0,0,0,FORTALEZA,6,0,0,0
0,,0,,3487,0,0,0,  Palmeiras,3,0,0,0
null,42%,0,,5544,0,1,6,Cruzeiro,18,1,10,347
null,65%,3,78%,7861,0,3,4,Ceara,22,2,9,483
0,,0,,602,0,0,0,Cruzeiro,5,0,0,0
0,,0,,3061,0,0,0,Fluminense,36,0,0,0
10,49%,2,79%,7875,0,5,8,Avai,23,0,15,464
17,60%,6,,6064,0,4,3,VITORIA,32,2,23,495
19,61%,7,90% un,8795,0,1,9,Bragantino,1,2,13,475
11,41%,3,73%,7071,1,2,2,Sport,19,3,17,340
9,40%,4,80%,6812,0,2,6,Ceara   ,31,3,8,413
0,,0,,3149,0,0,0,Vitoria,7,0,0,0
0,,0,,1964,0,-3,0,Fluminense,2,0,0,0
9,-,3,82%,7198,0,2,1,Gremio   ,32,1,15,467
0,,0,,8542,0,0,0,  Gremio,14,0,0,0
0,,0,,1806,0,0,0,Fortaleza   ,24,0,0,0
0,,0,,1167,0,0,0,brasiliense,6,0,0,0
18,56%,3,,5853,0,2,5,Ponte Preta,11,0,25,525
0,null,0,,1094,0,0,0,Ponte Preta,46,0,0,0
0,,0,,97,0,0,0,Fluminense,9,0,0,
14,43%,2,81%,6181,0,2,5,America-MG   ,6,1,20,422
13,37%,3,,7980,0,2,5,ceara,34,0,15,316
19,47%,6,81%,7325,0,2,7,  Gremio,6,2,21,415
0,,0,,1344,0,0,0,Botafogo-RJ,22,0,0,0
22,52%,9,84%,7551,0,2,8,Internacional,34,3,14,452
0,,0,,1392,0,0,0,Internacional,27,0,0,0
0,,0,,1018,0,0,0,Atletico-MG,39,0,0,0
0,,0,,2552,0,0,0,Athletico-PR,23,0,0,0
16,41%,3,77%,6836,0,0,3,Santos,33,0,14,320
0,,0,,819,0,0,0,Ponte Preta,23,0,0,0
0,,0,,4157,0,0,0,Cruzeiro,32,0,0,0
24,55%,0,,5587,1,2,11,Santa Cruz,23,2,9,417
-,,0,N/A,2885,0,0,0,Sport,18,0,0,0
0,,0,,1538,0,0,0,Corinthians   ,40,0,0,0
0,,0,,3650,0,0,0,Flamengo,19,0,0,null
0,,0,,1640,0,0,0,Corinthians,8,0,0,0
0,,0,,4003,0,0,0,Corinthians,16,0,0,0
0,,0,,8459,0,0,0,  Fortaleza,6,0,0,0
0,  ,0,,4164,0,0,0,  Sport,32,0,0,0
11,40%,2,80%,6759,0,2,4,CRUZEIRO,26,3,18,363
0,,0,,3679,0,0,0,Santos,22,0,0,0
8,58%,4,,6726,1,2,2,Santos,23,1,17,423
6,31%,0,N/A,5376,1,3,4,Chapecoense,1,1,20,227
0,,0,,3915,0,0,0,Figueirense,7,0,0,  
5,40%,1,,8226,0,4,3,Internacional,21,3,20,367
0,,0,,3849,0,0,0,Figueirense,1,0,0,0
18,46%,3,83%,7214,0,1,6,Botafogo-RJ,33,0,10,388
N/A,,0,,2836,0,0,0,Vitoria,13,0,0,0
0,,0,,8531,0,0,0,JUVENTUDE,13,0,0,-
12,53%,0,,5331,2,4,4,Palmeiras,35,4,15,395
0,,0,,4468,0,0,0,Ponte Preta,25,0,0,0
0,,0,,2655,0,0,0,Figueirense,33,0,0,0
13,49%,4,91%,8850,0,4,3,Botafogo-RJ,7,0,5,418
12,59%,3,90%,9046,0,2,4,Botafogo-RJ,27,0,11,433
8,30%,1,65%,6428,0,3,2,Fluminense,31,1,17,240
5,58%,0,N/A,5518,0,2,4,Santa Cruz,16,7,17,456
0,,0,,2745,0,0,0,Barueri,4,0,0,  
0,,0,-,4014,0,0,0,Coritiba,17,0,0,0
6,39%,0,,5374,0,-8,2,Gremio,1,3,20,
0,N/A,0,,346,0,0,0,  Ponte Preta,29,0,0,0
9,38%,3,,6016,0,2,4,Atletico-GO,27,1,17,365
14,60%,0,,5052,0,2,6,Vasco,7,3,13,536
0,,0,,508,0,0,0,Gremio,43,0,0,0
0,,0,,435,0,0,0,Paysandu,37,0,0,0
0,,0,,997,0,0,0,Botafogo-RJ,38,0,0,0
8,54%,0,,5312,1,3,4,Palmeiras,33,3,18,325
11,57%,4,,5975,0,2,8,BAHIA,23,3,11,462
null,65%,5,89%,7424,0,0,8,Fluminense,16,0,8,622
13,41%,3,74%,7469,0,1,4,Bahia,21,0,16,372
-,N/A,0,-,5280,0,1,4,Figueirense,30,1,14,228
0,,0,,3806,0,0,0,Cruzeiro,34,0,0,0
0,,0,,2642,0,0,0,Cruzeiro,32,0,0,0
0,,0,,2198,0,0,0,Flamengo,25,0,0,0
0,,0,,681,0,0,0,Vitoria,11,0,0,0
0,,0,,815,0,0,0,Criciuma,22,0,0,0
16,58%,6,82%,6325,0,1,4,Vasco   ,19,0,16,464
0,,0,,776,0,0,0,Sao Paulo,19,0,0,0
0,,0,,4127,0,0,0,cruzeiro,29,0,0,0
15,44%,0,,5223,0,3,6,Gremio,24,2,6,473
12,54%,2,84%,7320,1,1,8,America-MG,6,0,17,459
0,,0,,2520,0,0,0,Sao Paulo,20,0,0,0
,,0,,8723,0,0,0,Botafogo-RJ,32,0,0,0
0,,0,,2849,0,-8,0,Athletico-PR,15,0,0,0
0,,0,,2560,0,-3,0,Sao Paulo,24,0,0,0
0,,0,,568,0,0,0,Internacional,2,0,0,0
11,38%,0,,5499,0,2,4,  Ponte Preta,14,5,17,N/A
9,49%,0,,5141,0,2,4,Athletico-PR,16,2,18,442
10,54%,0,,5226,0,3,7,Cruzeiro,24,2,10,412
0,,0,,2018,0,0,0,Figueirense,7,0,0,0
13,51%,0,,5205,0,0,4,Santos,22,1,16,null
0,- un,0,,1215,0,0,0,  Figueirense,11,0,0,0
0,,0,,2081,0,0,0,Fluminense,13,0,0,0
21,45%,6,,6015,0,4,12,Vitoria,28,0,15,381
0,,0,,430,0,0,0,Vasco,36,0,0,0
0,,0,,1482,0,0,0,  Cruzeiro,35,0,0,0
0,-,0,,1216,0,0,0,Juventude   ,11,0,0,0
0,,0,,4190,0,0,0,  Palmeiras,35,0,0,0
0,,0,,3838,0,0,0,Flamengo,38,0,0,0
0,,0,N/A,2794,0,0,0,Avai,9,0,0,0
0,,0,,2469,0,0,0,cruzeiro,15,0,0,0
17,-,0,,5449,0,0,3,America-MG,9,3,17,395
0,,0,,2643,0,0,0,Flamengo   ,32,0,0,0
0,,0,,4184,0,0,0,Portuguesa,34,0,0,0
,40%,5,82%,6451,0,2,6,ceara,33,2,11,330
0,,0,,1047,0,0,0,Guarani,42,0,0,0
0,,0,,615,0,0,0,Cruzeiro,6,0,0,0
8, 43% ,0,,5669,0,0,5,Athletico-PR   ,31,1,18,333
6,44%,2,,5842,1,3,4,palmeiras,10,0,28,365
0,,0,,3909,0,0,0,Vasco   ,7,0,0,0
0,,0,,961,0,0,0,Cruzeiro,35,0,0,0
0,,0,,30,0,0,0,Criciuma,4,0,0,0
9,39%,5,77%,6660,0,3,5,FORTALEZA,16,0,22,N/A
8,42%,4,85%,8821,0,2,4,Fluminense,4,0,13,359
0,,0,  ,2210,0,0,0,CORINTHIANS,26,0,0,-
0,,0,,4238,0,0,0,Santos,2,0,0,0
0,,0,,907,0,0,0,Botafogo-RJ,30,0,0,0
0,,0,,637,0,0,0,Fluminense,8,0,0,0
13,46%,5,82%,7621,0,2,5,Santos,36,1,17,412
0,,0,,1498,0,0,0,Sao Caetano,36,0,0,0
0,,0,,3255,0,0,0,Atletico-GO,17,0,0,0
16,49%,4,78%,7838,0,0,3,Corinthians,20,1,6,484
19,41%,8,78%,7721,0,0,8,Athletico-PR,8,4,17,333
23,61%,7,,5874,0,2,8,Flamengo,13,1,12,587
3,36%,0,90%,8953,1,2,1,Juventude,17,1,13,266
0,-,0,,1330,0,0,0,Palmeiras,21,0,0,0
0,,0,,4640,0,0,0,Chapecoense   ,4,0,0,0
11,41%,7,83%,8357,1,1,5,Flamengo,34,3,13,383
0,,0,,2112,0,0,0,Corinthians,16,0,0,0
17,45%,7,81%,6516,0,3,4,Internacional   ,2,1,8,431
14,46%,3,82%,6155,1,2,6,Vasco,3,0,17,397
N/A,56%,2,88%,6183,0,3,5,Corinthians,6,2,17,562
0,,0,,1924,0,0,0,Santos,36,0,0,0
9,53%,3,,5221,0,1,3,Coritiba,24,1,11,426
14,60%,0,,5330,0,1,8,Joinville,35,0,13,392
18,38%,6, 80% ,8098,0,5,1,cruzeiro,8,3,18,378
18,38%,11,85%,7628,0,2,3,  Bragantino,37,0,10,361
14,49%,6,81%,8097,0,3,9,Fortaleza,8,3,11,370
,,0,null,1780,0,0,0,Parana,22,0,0,0
16,47%,4,76%,6620,0,1,10,Chapecoense,12,0,16,360
0,,0,,1307,0,0,0,Corinthians,19,0,0,0
0,null,0,,8641,0,0,0,  Corinthians,24,0,0,0
0,,0,,760,0,-1,0,Coritiba,18,0,0,0
0,,0,,2003,0,0,0,sao paulo,12,0,0,0
12,63%,0,  ,5412,0,1,5,Sao Paulo,5,1,19,456
0,,0,,2881,0,0,0,Fluminense,18,0,0,0
0,,0,,2818,0,0,0,Santo Andre,12,0,0,
0,,0,,4200,0,0,0,Cruzeiro,36,0,0,N/A
9,60%,4,90%,9076,1,4,6,Corinthians,30,2,13,365
22,65%,11,87%,6530,0,1,6,Sao Paulo,3,0,16,456
0,,0,,3565,0,0,0,  Bahia,12,0,0,
8,40%,3,76%,7131,0,0,2,Ceara,25,3,13,344
3,38%,2,,5869,0,4,1,Corinthians,13,5,14,332
13,37%,5,69%,7722,0,1,5,America-MG,8,1,19,316
0,,0,,995,0,0,0,Parana,37,0,0,0
0,,0,-,3869,0,0,0,Nautico,3,0,0,null
9,41%,0,,5281,0,3,6,Ponte Preta,30,0,17,306
0,,0,,100,0,0,0,Bahia,9,0,0,0
10,51%,0,,5337,0,2,1,Palmeiras,36,1,20,438
9,56%,2,85%,7596,0,2,6,Atletico-MG,33,1,14,520
0,,0,,2430,0,0,0,Botafogo-RJ,10,0,0,0
0,,0,,2996,0,0,0,Avai,29,0,0,0
0,-,0,,4882,0,0,0,Sport,27,0,0,0
null,46%,5,79%,6253,0,2,4,Fluminense,13,1,21,362
11,N/A,1,70%,7977,1,3,0,Athletico-PR,34,0,7,235
0,,0,,1883,0,0,0,Sao Caetano,32,0,0,0
0,,0,,4620,0,0,0,Vitoria,2,0,0,N/A
19,62%,8,89%,6727,0,3,9,Sao Paulo,23,0,15,478
0,,0,,3218,0,0,0,ATHLETICO-PR,14,0,0,0
0,,0,,3925,0,0,0,Atletico-MG,8,0,0,0
10,  ,5,72%,6127,1,2,5,Flamengo,1,2,10,286
22,67%,7,85%,8203,0,4,7,Bahia,18,2,20,468
,72%,5,91%,8219,0,1,7,Fluminense,20,3,7,656
0,,0,,444,0,0,0,Cruzeiro,37,0,0,0
0,,0,,3124,0,0,0,GOIAS,4,0,0,0
0,,0,,3495,0,0,0,Avai,3,0,0,0
0,,0,,3022,0,0,0,Flamengo,32,0,0,0
12,55%,0,,5405,0,0,4,Gremio,4,1,19,572
0,,0,,713,0,0,0,Vasco,14,0,0,null
19,67%,5,89%,8264,0,4,6,Corinthians,24,2,18,-
9,43%,3,76%,7964,0,4,2,Santos,32,1,11,335
0,,0,,56,0,0,0,Athletico-PR,5,0,0,
0,,0,,4082,0,0,0,Sao Paulo   ,24,0,0,0
19,68%,7,91%,9087,0,4,7,Santos,31,2,17,460
16,,6,90%,8100,0,2,11,Sao Paulo,8,3,12,604
0,,0,,2280,0,0,0,Vasco,34,0,0,0
11,63%,2,89%,8807,0,2,8,Botafogo-RJ,3,2,11,512
8,58%,0,,5720,0,2,6,Sport,36,2,12,N/A
12,40%,0,,5628,0,3,4,Sport,27,2,20,312
15,68%,4,91%,8959,0,0,5,Corinthians,18,3,10,614
  ,,0,,4284,0,0,0,Santos,6,0,0,  
10, 41% ,6,74%,8156,0,2,5,Cuiaba,14,9,12,346
12, 59% ,0,,5380,0,5,2,  Santos,2,6,12,622
0,,0,,1866,0,0,0,juventude,30,0,0,0
0,,0,,3730,0,0,0,Flamengo,27,0,0,
0,,0,,2494,0,0,0,Coritiba,17,0,0,0
0,,0,,1393,0,0,0,Paysandu,27,0,0,0
9,48%,1,82%,6902,0,3,3,Palmeiras,2,0,31,400
17,34%,4,86%,9145,0,0,9,  Fortaleza,35,0,7,242
0,,0,,928,0,0,0,sao caetano,32,0,0,0
-,49%,2,81%,7800,0,2,6,Corinthians,16,3,7,433
20,68% un,7,86%,6408,0,3,12,Bahia,29,3,5,542
0,,0, N/A ,500,0,0,0,SAO CAETANO,42,0,0,0
0,,0,,197,0,0,0,figueirense,17,0,0,0
11,56%,6,,5802,0,1,3,Corinthians,6,2,11,492
0,,0,,3214,0,0,0,  Gremio,13,0,0,0
17,46%,10,,5289,0,3,6,Ponte  Preta,31,2,30,369
0,,0,,3049,0,0,0,  Vitoria,35,0,0,0
0,,0,,4058,0,0,0,Portuguesa,22,0,0,0
null,,0,,2499,0,0,0,  Nautico,18,0,0,0
4,41%,1,77%,7109,0,1,1,Athletico-PR,23,2,15,354
0,,0,,2420,0,0,0,Santos,11,0,0,0
0,,0,,2399,0,0,0,Santos,8,0,0,0
0,,0,,2385,0,0,0,Nautico,6,0,0,0
6,55%,0,,5533,0,2,3,Internacional,17,3,19,446
0,,0,,2101,0,0,0,ATLETICO-MG,15,0,0,0
9,49%,2, 88% ,8999,0,3,6,Santos,22,7,12,400
0,,0,,954,0,0,0,Figueirense,34,0,0,0
0,,0,,2474,0,0,0,Vitoria,15,0,0,0
0,,0,,4281,0,0,0,Bahia,6,0,0,0
0,,0,,3017,0,0,0,Athletico-PR,32,0,0,0
0,,0,,3810,0,0,0,Sao Paulo,35,0,0,0
0,,0,,576,0,0,0,BOTAFOGO-RJ,2,0,0,-
10,59%,4,87%,9115,0,3,8,Mirassol,33,2,11,392
0,,0,,4854,0,0,0,Vitoria,24,0,0,0
0,N/A,0,,3556,0,0,0,AMERICA-MG,9,0,0,0
10,40%,4,81%,7001,0,2,4,Flamengo,12,0,16,335
0,,0,,2036,0,0,0,Juventude,8,0,0,
0,,0,,1116,0,0,0,Goias,2,0,0,0
0,,0,,87,0,0,0,Ponte Preta,8,0,0,0
0,,0,,4381,0,0,0,  Corinthians,16,0,0,0
0,,0,,1705,0,0,0,Internacional,14,0,0,0
0,,0,,770,0,0,0,Cruzeiro,19,0,0,0
0,,0,,1148,0,0,0,Fluminense,4,0,0,0
0,,0,,4772,0,-1,0,Fluminense,16,0,0,0
0,,0,,682,0,0,0,  Sao Caetano,11,0,0,0
0,,0,,2191,0,0,0,internacional,24,0,0,0
0,,0,,341,0,0,0,Sao Paulo,29,0,0,0
  ,34%,5,,6527,0,2,4,Palmeiras,3,0,15,255
0,,0,,1833,0,0,0,Vasco   ,27,0,0,0
0,,0,,258,0,0,0,Flamengo,22,0,0,0
  ,,0,,83,0,0,0,Santos,7,0,0,0
18,39%,4,84%,6835,0,2,5,CSA,34,1,15,null
32,-,9,95%,8905,0,3,15,Flamengo,12,1,5,556
0,,0,,958,0,0,0,Criciuma   ,34,0,0,0
0,,0,,3634,0,0,0,Atletico-GO,17,0,0,0
14,78%,0,,5363,0,2,4,Corinthians,38,2,11,761
0,,0,,553,0,0,0,GOIAS,1,0,0,0
12,37%,3,,6034,0,4,2,Bahia,29,0,11,291
0,,0,,1312,0,0,0,Goias,19,0,0,0
0,,0,,4970,0,0,0,Figueirense,37,0,0,0
0,,0,,2646,0,0,0,Fluminense,32,0,0,0
0,,0,,8706,0,0,0,  Fortaleza,31,0,0,0
11,,0,,5557,0,3,9,Flamengo,20,0,15,522
8,59%,0,,5581,0,7,5,Fluminense   ,22,2,17,428
0,,0,,76,0,0,0,Corinthians,7,0,0,0
11,48%,4,89%,6712,0,1,2,Avai,21,0,9,538
0,,0,,1428,0,0,0,Figueirense,30,0,0,0
0,  ,0,,1310,0,0,0,Fortaleza,19,0,0,0
0,,0,,8420,0,0,0,Internacional,2,0,0,0
0,,0,,1778,0,0,0,Flamengo,22,0,0,N/A
0,,0,,8725,0,0,0,Atletico-MG,32,0,0,0
16,47%,5,80%,7758,0,1,5,coritiba,12,1,12,413
9,35%,6,74%,6272,0,5,3,Sao Paulo,15,0,19,302
0,,0,,2270,0,0,0,Sao  Paulo,33,0,0,0
10,42%,4,79%,7188,0,1,1,Atletico-MG,31,2,7,470
12,59%,8,87%,9086,0,4,5,Cruzeiro,31,1,15,312
16,63%,0,,5007,0,2,5,Sao Paulo,3,3,12,642
11,39%,3,78%,6140,0,4,5,vitoria,2,1,19,321
0,,0,,8699,0,0,0,Fluminense,30,0,0,0
9,40%,0,66%,7558,0,1,3,Bahia,29,0,17,326
0,,0,,1884,0,0,0,Botafogo-RJ,32,0,0,0
0,,0,-,2571,0,0,0,Flamengo,25,0,0,0
13,51%,2,,5908,0,1,6,Atletico-GO,17,3,19,367
15,38%,4,92%,9057,0,5,3,BOTAFOGO-RJ,28,0,17,300
0,,0,,1726,0,0,0,Santos,16,0,0,0
7,24%,3,74%,8295,0,3,1,Corinthians,27,2,15,234
9,37%,1,65%,6580,0,2,1,Bahia,8,3,10,296
0,,0,,1386,0,0,0,Athletico-PR,26,0,0,0
,55%,1,75%,6356,0,3,8,Sport,24,3,22,423
10,35%,4,86%,6566,0,0,2,Fortaleza,7,1,6,343
6,  ,2,86%,6126,1,1,4,Gremio,1,3,15,649
13,37%,0,,5090,1,5,5,AVAI,11,4,16,293
0,,0,  ,2909,0,-9,0,Vitoria   ,21,0,0,0
0,,0,,2819,0,0,0,Gremio,12,0,0,
14, 39% ,5,,5791,0,2,3,Sport,5,1,17,302
  ,60%,5,85%,6979,0,4,5,Sao Paulo,9,5,18,491
0,,0,,2869,0,0,0,Botafogo-RJ,17,0,0,0
0,,0,,691,0,0,0,fluminense,12,0,0,0
0,,0,,2087,0,0,0,CRUZEIRO,14,0,0,0
22,44%,6, 82% ,7458,0,2,6,Chapecoense,20,1,13,387
0,,0,,1917,0,0,0,GREMIO,36,0,0,0
0,N/A,0,,2389,0,0,0,Cruzeiro   ,7,0,0,0
0,,0,,2152,0,0,0,Juventude,20,0,0,0
0,,0,,2480,0,0,0,Goias   ,16,0,0,0
11,null,6,  ,8803,0,0,6,Flamengo,2,0,17,614
13,56%,5,87%,8335,0,1,3,Sao Paulo   ,31,5,10,null
0,,0,,3710,0,0,0,  Fluminense,25,0,0,0
0,,0,,1627,0,-6,0,Ponte Preta,7,0,0,0
0,,0,,8478,0,0,0,fluminense,8,0,0,0
18,53%,4,86%,8341,0,1,4,fortaleza,32,5,9,477
12,39%,3,87%,9038,0,3,5,Bragantino,26,0,17,238
17,48%,2,78%,8897,1,2,4,Cruzeiro,12,4,17,209
6,41%,1,80%,7153,0,3,5,  Palmeiras,27,1,10,  
11,57%,6, 86% ,7761,1,2,4,Corinthians,12,0,9,
null,57%,1,87%,7138,1,1,7,Gremio,26,2,9,518
18,47%,3,71%,6165,1,2,4,Parana,4,1,16,338
17,52%,10,,5774,0,1,11,Bahia,3,1,18,382
8,37%,2,82%,7820,1,3,4,Juventude,18,1,13,317
23,59%,9,79%,7530,0,2,11,Ceara,27,2,13,458
9,41%,3,  ,7110,0,3,4,Sport,23,0,24,293
0,,0,,1238,0,0,0,Botafogo-RJ,13,0,0,0
9,41%,4,86%,8922,0,3,2,Gremio,14,0,25,243
8,43%,2,76%,8331,0,2,4,Fortaleza,31,1,14,380
15,42%,4,,5879,0,2,5,Atletico-GO   ,14,3,21,334
9,49%,1,82%,6948,0,2,8,BAHIA,6,1,15,429
0,,0,,4800,0,0,0,sport,19,0,0,0
0,,0,,3351,0,0,0,Vitoria,27,0,0,0
0,N/A,0,,1591,0,0,0,Internacional,3,0,0,0
18,60%,3,82% un,7558,0,2,7,  Juventude,29,2,13,-
0,,0,,4138,0,0,0,Internacional,30,0,0,0
0,,0,,4533,0,0,0,Flamengo,31,0,0,0
12,51%,0,,5516,0,2,3,Atletico-MG,15,5,16,380
18,  ,5, 92% ,8916,0,1,7,Palmeiras,14,2,13,330
0,,0,,2279,0,0,0,Parana,34,0,0,0
0,-,0,,3907,0,0,0,Nautico,7,0,0,0
12,45%,2,77%,6421,0,2,7,Atletico-MG,30,0,19,417
0,,0,,3149,0,0,0,Athletico-PR,7,0,0,  
14,56%,0,,5223,0,0,4,Corinthians,24,0,7,604
11,28%,5,70%,7268,0,2,5,Fluminense   ,1,2,12,251
0,,0,,3951,0,0,0,Atletico-GO,11,0,0,0
0,,0,,567,0,0,0,Gremio,2,0,0,0
18,44%,0,,5323,0,1,6,Cruzeiro,34,4,5,446
7,52%,0,,5261,0,6,5,Vasco,28,0,21,334
0,,0,,232,0,0,0,Figueirense,20,0,0,0
0,,0,,1313,0,0,0,botafogo-rj,19,0,0,0
8,58%,1,78%,6502,0,2,6,Internacional,38,3,15,
0,,0,null,887,0,0,0,Paysandu,28,0,0,0
20,54%,9,,5297,0,1,7,Fluminense   ,32,2,4,478
0,,0,,957,0,0,0,Santos,34,0,0,0
17,63%,8,90%,7111,0,2,9,Sao Paulo,23,1,15,597
0,,0,,4629,0,0,0,Coritiba,3,0,0,null
7,44%,1,74%,6314,0,2,3,Vasco,18,2,16,357
11, 46% ,5,78%,7101,0,4,2,CEARA,22,2,11,400
20,55%,8,83%,7700,0,0,7,Palmeiras,7,2,6,465
0,,0,,553,0,0,0,Botafogo-RJ,1,0,0,0
15,null,5,93%,8870,0,3,5,Fluminense,9,0,14,495
0,,0,,2479,0,0,0,Portuguesa,16,0,0,0
0,,0,,4154,0,0,0,botafogo-rj,31,0,0,0
0,,0,,144,0,0,0,Flamengo,12,0,0,0
0,,0,-,1849,0,0,0,Botafogo-RJ,29,0,0,0
0,,0,,3890,0,0,0,Sao  Paulo,5,0,0,0
0,,0,,8518,0,0,0,Gremio,12,0,0,0
0,,0,,315,0,0,0,Bahia,27,0,0,0
0,,0,,1228,0,0,0,Sao Caetano,12,0,0,0
0,,0,,8453,0,0,0,Atletico-GO,5,0,0,0
0,,0,,1032,0,0,0,Sao Caetano,40,0,0,0
0,,0,,1089,0,0,0,Goias,45,0,0,0
0,,0,,8537,0,0,0,Cruzeiro,14,0,0,0
0,,0,,1405,0,0,0,Juventude,28,0,0,0
14,45%,3,73%,6152,0,-10,8,SAO PAULO,3,0,16,316
0,,0,,600,0,0,0,Athletico-PR,4,0,0,0
0,,0,,3810,0,0,0,Athletico-PR,35,0,0,0
0,,0,,2234,0,0,0,Figueirense,28,0,0,0
12,49%,0,,5567,0,1,4,Chapecoense   ,21,0,10,396
16,47%,5,80%,7758,0,1,5,coritiba,12,1,12,413
0,,0,,2865,0,0,0,Atletico-MG   ,16,0,0,0
15,50%,1,88%,8843,0,1,6,Palmeiras,6,4,12,400
,43%,0,,5348,1,3,3,Fluminense,37,0,13,369
0,,0,N/A,2484,0,0,0,Sport   ,16,0,0,0
-,65%,0,,5206,0,4,9,Figueirense,22,3,14,572
0,,0,,2014,0,0,0,Nautico,6,0,0,0
18,53%,7,80%,7758,0,2,4,Bragantino,12,1,13,449
0,,0,N/A,1794,0,0,0,Athletico-PR,23,0,0,0
11,  ,2,84%,7299,0,0,7,Juventude,4,0,11,379
9,42% un,4,84%,6214,0,2,1,Ceara,9,1,13,405
0,,0,,4139,0,0,0,Portuguesa,30,0,0,0
0,,0,,1834,0,0,0,Santa  Cruz,27,0,0,0
10,52%,1,84% un,6239,0,3,4,SPORT,12,0,14,476
15,63%,5,88%,6391,0,2,12,Santos,27,2,8,512
8,61%,0,,5106,0,2,5,cruzeiro,12,1,15,454
0,,0,,1712,0,-3,0,Botafogo-RJ,15,0,0,0
15,51%,0,,5360,0,1,5,Athletico-PR,38,3,10,442
0,,0,,4101,0,0,0,Sao Paulo,26,0,0,0
4,40%,1,91%,9048,1,4,2,Gremio,27,1,6,336
0,,0,,2684,0,0,0,Internacional,36,0,0,0
0,,0,,1455,0,0,0,  Goias,32,0,0,0
13,46%,7,85%,7070,0,3,4,Sao Paulo,19,0,18,396
0,,0,,650,0,0,0,Parana,9,0,0,0
0,,0,,1824,0,0,0,Cruzeiro,26,0,0,0
0,,0,,8609,0,0,0,Atletico-GO,21,0,0,0
0,,0,,8748,0,0,0,  Palmeiras,35,0,0,0
  ,77%,9,88%,7059,0,1,13,Atletico-MG,18,2,10,699
12,56%,5,87%,7458,1,4,3,Bragantino,20,2,17,501
0,,0,,4275,0,0,0,Atletico-MG,5,0,0,0
0,,0,-,2726,0,0,0,Cruzeiro,2,0,0,0
15, 59% ,0,,5343,0,3,8,Flamengo,36,0,19,501
11,  ,3,73%,7685,1,5,4,  Fortaleza,3,0,18,299
0,,0,,3934,0,0,0,Portuguesa   ,9,0,0,0
5,39%,0,85%,6433,0,2,0,Parana   ,31,1,18,400
15,58%,6,77%,7307,0,3,7,Palmeiras,5,0,15,422
11,46%,0,,4898,0,1,7,Corinthians,30,0,18,399
16,44%,4,,5878,0,4,9,Vasco,14,1,16,354
13,56%,3,null,6997,0,4,1,ATHLETICO-PR,12,2,20,528
0,,0,,4880,0,0,0,Goias,27,0,0,0
6,25%,3,72%,7197,0,4,2,Vasco,32,0,15,
0,,0,,3239,0,0,0,Internacional,16,0,0,0
0,,0,,4409,0,0,0,Santos,19,0,0,0
0,,0,,250,0,0,0,Flamengo,21,0,0,0
14,61%,1,,5846,0,3,4,PALMEIRAS,11,2,23,480
12,59%,6,87%,8974,0,2,3,Gremio,19,1,10,440
0,,0,,559,0,0,0,Corinthians,1,0,0,0
0,,0,,2820,0,0,0,Santos,12,0,0,0
0,,0,,2543,0,0,0,Ipatinga,22,0,0,0
0,,0,,879,0,0,0,Parana,28,0,0,0
8,23%,0,,5737,0,1,2,America-MG,38,0,9,231
0,,0,,8630,0,0,0,Atletico-GO,23,0,0,0
0,,0,,2076,0,0,0,Flamengo,11,0,0,0
,,0,,3177,0,0,0,Gremio Prudente,10,0,0,0
0,,0,,821,0,0,0,Juventude,23,0,0,0
,,0,,404,0,0,0,Vasco,34,0,0,0
0,,0,,1825,0,0,0,Botafogo-RJ,26,0,0,0
7,41%,3,78%,7180,0,1,6,Botafogo-RJ,30,3,24,285
21,63%,10,,6002,0,1,6,Gremio,26,5,12,588
18,64%,0,,5592,0,1,10,Flamengo,23,2,15,
0,,0,,849,0,0,0,Flamengo,25,0,0,0
0,,0,,1149,0,0,0,  Parana,5,0,0,0
20,44%,6,77%,7401,0,0,6,Chapecoense,14,3,17,361
12,64%,5,84%,7352,0,2,4,Ceara   ,9,0,23,530
0,,0,,2970,0,0,0,Atletico-MG,27,0,0,0
17,50%,4,93%,8978,1,1,4,Vitoria,20,1,8,332
0,,0,,4983,0,0,0,Palmeiras,38,0,0,0
18,69%,0,,5517,0,2,7,  Corinthians,16,0,15,545
0,,0,,1657,0,0,0,Fluminense,10,0,0,0
1,33%,1,80%,7417,1,0,2,Palmeiras,16,1,14,322
0,,0,,4893,0,0,0,corinthians,29,0,0,0
0,,0,,4958,0,0,0,Athletico-PR,36,0,0,0
-,N/A,0,,107,0,0,0,guarani,9,0,0,0
0,,0,,537,0,-8,0,Bahia,45,0,0,0
0,,0,,4346,0,0,0,Coritiba,12,0,0,0
N/A,,0,,3504,0,0,0,Ceara,4,0,0,0
15,39%,9,83%,6691,0,1,0,Internacional,19,1,14,435
0,,0,,4329,0,0,0,Atletico-MG,11,0,0,0
14, 63% ,4, 85% ,6853,2,6,8,Santos,35,3,17,419
8,,3,76%,7693,0,5,3,Internacional,5,1,13,359
0,,0,,13,0,0,0,Fluminense,2,0,0,0
11,37%,4,78%,8311,0,3,6,Gremio,29,0,14,357
10,53%,0,,5303,0,1,2,Chapecoense,32,1,17,397
0,,0,,3830,0,0,0,Flamengo,37,0,0,0
0,,0,,6703,0,0,0,Athletico-PR,20,0,0,  
0,,0,,2847,0,0,0,SANTOS,15,0,0,0
0,,0,,4883,0,0,0,Figueirense,27,0,0,0
21,67%,8,85%,6821,0,1,11,Flamengo,32,3,10,526
13, 65% ,5,87%,8273,1,1,11,Vasco,25,2,12,545
5,63%,3,83% un,6363,0,3,2,Santos,24,0,18,530
0,,0,,4586,0,0,0,SAO PAULO,36,0,0,0
27,72%,0,,5425,1,2,10,Gremio,6,0,14,662
7,66%,2,,5945,0,4,3,Corinthians,20,2,7,
0,,0,,316,0,0,0,Cruzeiro,27,0,0,0
NAN,,0,,2307,0,0,0,AMERICA-RN,37,0,0,0
0,,0,,4358,0,0,0,Criciuma,14,0,0,0
0,,0,,8776,0,0,0,Fortaleza,38,0,0,0
0,,0,,3310,0,0,0,Sao Paulo,23,0,0,0
0,,0,,2622,0,0,0,Goias,30,0,0,0
0,,0,,552,0,0,0,flamengo,46,0,0,0
0,,0,,1103,0,0,0,Botafogo-RJ,46,0,0,0
,34%,2,79%,8368,0,2,5,Coritiba,35,3,10,316
19,71%,4,89%,6453,0,2,7,Gremio,33,1,12,611
null, 31% ,0,,5739,1,3,5,Botafogo-RJ,38,0,13,285
,  ,0,N/A,5655,1,2,1,America-MG,29,0,17,458
5,49%,1,81%,6877,0,3,5,flamengo,38,0,15,386
16,null,7,84%,7539,0,2,4,Fortaleza,28,0,13,442
N/A,45%,4,74%,6261,1,4,7,Vitoria,14,0,26,330
0,,0,,2212,0,0,0,Sport,26,0,0,0
9,41%,2,78%,7448,1,1,7,Sport,19,3,9,346
0,,0,,360,0,0,0,Atletico-MG,30,0,0,0
5,42%,4,81%,6924,0,3,2,Vasco,4,2,14,375
0,,0,,3078,0,0,0,Nautico,38,0,0,0
0,,0,,2022,0,0,0,Fluminense   ,7,0,0,0
0,,0,,4113,0,0,0,Sport,27,0,0,0
12,null,6,79%,7747,1,4,6,Santos,11,2,16,277
12,70%,3,90%,8046,0,3,5,Fluminense,3,1,15,598
0,,0,  ,2913,0,0,0,Barueri,21,0,0,0
8,23%,5,,5979,0,5,6,Chapecoense   ,24,0,19,195
0,,0,,1934,0,0,0,Sao Paulo,37,0,0,-
0,,0,,1384,0,0,0,Sao Paulo,26,0,0,0
6,51%,0,,5935,0,4,2,Vasco,19,0,16,399
9,45%,0,,5173,0,2,6,Internacional,19,0,22,391
0,,0,,8739,0,0,0,Criciuma,34,0,0,0
15,51%,8,,5976,0,2,4,Botafogo-RJ,24,0,14,459
10,36%,3,81%,9049,0,3,2,Corinthians   ,27,0,16,-
0,,0,,2123,0,0,0,  Juventude,17,0,0,0
11,68%,5,,6050,0,1,2,Fluminense,31,1,19,579
20,60%,4,84%,7550,0,0,10,Atletico-GO,34,0,10,459
0,,0,,701,0,0,0,Botafogo-RJ   ,13,0,0,0
10,52%,3,82%,6416,0,0,5,America-MG,30,1,17,486
0,,0,,1627,0,0,0,Cruzeiro   ,7,0,0,0
0,,0,,1377,0,0,0,Coritiba,25,0,0,0
0,,0,,1080,0,0,0,Coritiba,44,0,0,0
0,,0,,4289,0,0,0,Ponte Preta,7,0,0,0
0,,0,,8741,0,0,0,Gremio   ,34,0,0,0
0,,0,,3506,0,0,0,Athletico-PR,4,0,0,0
0,,0,,8591,0,0,0,Corinthians,19,0,0,0
19,52%,0,,5099,0,4,7,Coritiba,12,1,18,422
0,,0,,1921,0,0,0,Vasco,36,0,0,0
12,  ,7,,5926,0,-4,5,Sport,19,4,10,569
0,,0,,1051,0,0,0,Botafogo-RJ,42,0,0,0
0,,0,,837,0,0,0,Coritiba   ,24,0,0,
13,70%,0,,5147,0,2,9,Fluminense,17,3,12,null
0,,0,,2122,0,0,0,Fluminense,17,0,0,0
0,,0,,3742,0,0,0,Vasco   ,28,0,0,0
6,33%,4,76%,7283,0,0,3,Chapecoense,2,2,11,279
0,,0,-,2474,0,0,0,ATLETICO-MG,15,0,0,0
11,44%,4,,5758,0,1,3,Chapecoense,2,1,16,313
0,,0,,4246,0,0,0,Portuguesa,2,0,0,0
5,54%,1,81%,7416,0,4,2,Bragantino,16,1,14,456
0,  ,0,,8470,0,0,0,CORINTHIANS,7,0,0,0
9,43%,2,78%,8184,1,3,2,Athletico-PR,16,1,21,338
12, 52% ,2,86%,7308,0,1,3,Bahia,5,0,10,535
0,,0,,4697,0,0,0,Corinthians,28,0,0,0
5,43% un,0,,5036,0,4,2,Internacional,5,1,13,354
18,48% un,0,,5432,0,1,8,Vitoria,7,1,18,338
0,,0,,1003,0,0,0,Fluminense,38,0,0,0
,33%,4, 66% ,7944,0,2,3,America-MG,30,0,13,null
24,53%,7,79%,7612,0,2,8,America-MG,35,0,10,  
14,54%,3,78%,6706,0,3,3,Cruzeiro,21,2,17,461
0,,0,,1129,0,0,0,Paysandu,3,0,0,0
0,null,0,,8557,0,0,0,Corinthians,16,0,0,0
0,,0,,2788,0,0,0,Santo Andre,9,0,0,0
0,,0,,4542,0,0,0,Santos,32,0,0,0
0,,0,,2678,0,0,0,Athletico-PR,36,0,0,0
0,,0,,3047,0,0,0,Palmeiras,35,0,0,0
0,,0,,3968,0,0,0,Gremio,13,0,0,0
0,,0,null,760,0,0,0,Botafogo-RJ,18,0,0,0
0,,0,,690,0,0,0,Atletico-MG,12,0,0,0
11,43%,7,77%,7606,0,4,2,Palmeiras   ,35,0,16,314
,42% un,1,87%,6603,0,0,5,Cruzeiro,10,3,11,454
4,54%,3, 91% ,9090,1,0,5,Fluminense,31,1,15,-
0,,0,N/A,2923,0,0,0,sport,22,0,0,0
0,,0,,3573,0,0,0,Cruzeiro   ,10,0,0,0
11,55%,2,80%,8106,0,2,8,Fortaleza,9,3,17,
8,33%,6,74%,6412,0,4,4,Palmeiras,29,0,16,326
0,,0,,2918,0,0,0,Avai,22,0,0,0
0,,0,,4911,0,0,0,Sport,31,0,0,0
13,58%,2,81%,6362,0,5,4,Gremio,24,2,15,471
0,,0,,179,0,0,0,Santos,15,0,0,0
17,53%,8,81%,7688,0,1,10,Flamengo,5,8,13,408
0,,0,,117,0,0,0,Fortaleza,10,0,0,0
19,65%,3,,6091,0,1,8,  Botafogo-RJ,35,1,12,537
0,,0,,3160,0,0,0,Flamengo,8,0,0,0
11,53%,3,,5997,0,4,5,Bahia,26,1,13,438
0,,0,,774,0,0,0,FLUMINENSE,19,0,0,0
0,,0,,975,0,0,0,Vitoria   ,36,0,0,0
0,,0,,3181,0,0,0,Atletico-GO,10,0,0,0
0,,0,,2987,0,0,0,Corinthians,29,0,0,N/A
7,40%,2,88%,9109,0,2,1,BRAGANTINO,33,2,19,229
13,58%,4,,5843,0,3,3,Flamengo,10,0,23,518
13,39%,4,80%,7935,0,6,3,Coritiba,29,2,12,347
0,,0,,2786,0,0,0,FLUMINENSE,8,0,0,0
0,,0,,1113,0,0,0,Athletico-PR,1,0,0,0
22,49%,6,84%,7563,0,4,6,  Sport,29,2,15,403
N/A,43%,0,77%,7624,0,2,3,Chapecoense,36,3,17,354
4,44%,1,77%,8105,0,3,0,America-MG,8,3,11,386
0,,0,,2786,0,0,0,Flamengo,8,0,0,0
0,N/A,0,,2262,0,0,0,Sao Paulo   ,32,0,0,0
0,,0,,2900,0,0,0,Barueri,20,0,0,0
0,,0,,2872,0,0,0,Flamengo,17,0,0,0
0,,0,N/A,2365,0,0,0,  Portuguesa,4,0,0,0
0,,0,,3910,0,0,0,Sport,7,0,0,0
-,,0,,4432,0,0,0,Corinthians   ,21,0,0,0
0,,0,,2906,0,0,0,AVAI,20,0,0,0
13,52%,3,88% un,7637,0,4,4,Atletico-GO   ,38,1,15,  
0,,0,,1221,0,0,0,Fluminense,11,0,0,0
9,62%,6,83%,7050,0,5,3,Flamengo,17,2,13,530
13,49%,3,,5995,1,1,10,Sport,25,3,13,378
0,,0,,1584,0,0,0,  Cruzeiro,2,0,0,0
15,51%,2,84%,6878,0,0,3,Botafogo-RJ,38,0,12,  
17,58%,7,84%,7962,0,0,5,Fluminense,32,1,15,565
13,51%,3,84%,7019,0,2,6,  Coritiba,14,4,21,475
0,,0,,3509,0,0,0,Palmeiras,5,0,0,0
9,46%,1,77%,6692,0,-7,7,Fortaleza,19,0,11,336
12,36%,4,78%,8000,0,4,11,Ceara,36,2,12,
20,74%,4,85%,6304,0,2,12,Atletico-MG,20,0,16,718
16,45%,1,90%,8846,0,2,13,Fortaleza,7,1,16,300
null,,0,,2473,0,0,0,Goias,15,0,0,0
17,52%,5,81%,7825,0,3,7,Palmeiras,18,2,6,419
20,null,5,,6118,0,2,3,Santos   ,38,3,17,576
0,,0,,3024,0,0,0,SPORT,32,0,0,0
0,,0,,4614,0,0,0,Goias,1,0,0,0
0,,0,,2793,0,0,0,Athletico-PR,9,0,0,-
-,,0,,2796,0,0,0,Fluminense,9,0,0,0
0,,0,,616,0,0,0,Internacional,6,0,0,0
N/A,52%,3, 82% ,6672,0,3,5,Fortaleza,17,0,21,389
9,31%,5,61%,6669,0,3,4,Ceara,17,2,15,  
21,53%,4,84%,7376,0,4,5,Ceara,12,3,11,436
0,,0,,4123,0,0,0,Corinthians,28,0,0,0
16,54%,5,90%,8925,0,1,6,Bahia,14,0,9,444
24,62%,7,88%,8118,0,2,8,Corinthians,10,1,11,N/A
0,,0,,3280,0,0,0,Guarani,20,0,0,0
13,,8,77%,7688,0,3,4,Botafogo-RJ,5,1,18,387
null,null,3,,6074,0,5,2,Atletico-GO,33,3,13,446
0,,0,,79,0,0,0,Goias,7,0,0,0
null,,0,,795,0,0,0,Figueirense,21,0,0,0
  ,69%,8,80%,7686,0,4,11,Atletico-MG,5,3,7,539
0,,0,,2783,0,0,0,INTERNACIONAL,8,0,0,0
0,,0,,3599,0,0,0,Botafogo-RJ,14,0,0,0
0,,0,,8697,0,0,0,Fortaleza,30,0,0,0
  ,51%,0,,5290,0,1,3,Fluminense,31,0,14,430
26,63%,8,87%,7537,0,1,9,JUVENTUDE,28,0,15,496
11,47%,6,84%,6684,0,4,2,Botafogo-RJ,18,2,14,435
0,,0,,779,0,0,0,Atletico-MG,19,0,0,0
0,,0,,1426,0,0,0,Coritiba   ,30,0,0,0
0,,0,,221,0,0,0,GUARANI,19,0,0,N/A
18,60%,6,87%,7797,0,2,9,Fluminense,16,0,16,501
0,,0,,4020,0,0,0,Santos,18,0,0,0
0,,0,,1402,0,0,0,SAO PAULO,28,0,0,0
0,,0,,1851,0,0,0,parana,29,0,0,0
0,,0,,2845,0,0,0,Coritiba,14,0,0,0
0,,0,,2364,0,0,0,Athletico-PR,4,0,0,-
0,,0,,1477,0,0,0,Ponte Preta,34,0,0,0
0,,0,,1283,0,0,0,Coritiba   ,17,0,0,0
12,64%,0,,5176,1,3,7,  Atletico-MG,19,2,8,538
0,,0,,8587,0,0,0,Botafogo-RJ,19,0,0,0
-,40%,3, 77% ,6370,0,3,6,Cruzeiro,25,2,19,362
0,,0,,3234,0,0,0,Cruzeiro,15,0,0,0
0,,0,,3680,0,0,0,Sao Paulo   ,22,0,0,  
14,55%,5,84%,7859,1,0,8,BOTAFOGO-RJ,22,0,18,459
0,,0,,3912,0,0,0,SANTOS,7,0,0,0
9,38%,3,78%,6226,0,3,3,Sao Paulo,11,3,18,318
0,,0,,3113,0,0,0,Vitoria,3,0,0,0
7,37%,4,81%,7642,0,1,4,ATHLETICO-PR,38,0,14,338
0,,0,,2593,0,0,0,Vasco,27,0,0,0
0,,0,,4275,0,0,0,Santos,5,0,0,0
0,,0,,2622,0,0,0,Coritiba,30,0,0,0
0,,0,,1047,0,0,0,palmeiras,42,0,0,0
14,48%,0,,5104,0,3,8,VASCO,12,0,12,475
10,43%,3,,5975,0,1,5,Atletico-GO,23,4,16,355
N/A,,0,,93,0,0,0,Internacional   ,8,0,0,0
0,null,0,,8565,0,0,0,Internacional,16,0,0,0
0,,0,,8774,0,0,0,Fluminense,37,0,0,0
0,,0,,691,0,0,0,Gremio,12,0,0,0
12,45%,5,82%,8855,0,2,3,  Juventude,7,2,12,297
null,,0,,4302,0,0,0,Flamengo,8,0,0,0
7,64%,1,81%,7872,0,2,7,Corinthians,23,0,7,494
8,44%,0,,5765,0,2,6,Avai,2,2,10,352
16, 52% ,6,83%,7528,0,2,6,Athletico-PR,27,0,22,439
0,,0,,3533,0,0,0,Atletico-GO,7,0,0,0
0,,0,,4225,0,0,0,Ponte Preta,38,0,0,0
5,  ,0,,5696,0,0,4,  America-MG,33,1,17,236
0,,0,,4553,0,0,0,Ponte Preta,33,0,0,0
0,,0,,3649,0,0,0,botafogo-rj,19,0,0,0
0,,0,,4036,0,0,0,  Nautico,19,0,0,0
12, 49% ,4,75%,6468,1,2,10,Atletico-MG,35,3,16,376
0,,0,,4984,0,0,0,  Flamengo,38,0,0,0
0,-,0,,4703,0,0,0,Sao Paulo,28,0,0,0
0,,0,,13,0,0,0,Fortaleza,2,0,0,0
0,,0,,1682,0,0,0,Goias,12,0,0,0
0,,0,,545,0,0,0,Internacional,46,0,0,0
13,61%,5,88%,6433,0,0,9,Cruzeiro   ,31,3,13,N/A
9,38%,0,null,5444,0,0,5,Flamengo,8,4,9,336
10,44%,3,,5796,0,2,3,Fluminense,6,1,19,322
0,,0,,1089,0,0,0,CORITIBA,45,0,0,0
11,55%,0,,5253,0,2,6,Flamengo,27,4,16,438
14,60%,5,79%,6154,0,2,7,vitoria,3,3,12,445
0,,0,,8545,0,0,0,Vitoria,14,0,0,0
19,51%,8,85%,7955,0,2,3,SANTOS,31,0,13,-
17,58%,2,,5974,0,0,15,Flamengo,23,2,16,434
0,,0,,3169,0,0,0,Ceara,9,0,0,0
0,,0,,138,0,0,0,Juventude,12,0,0,-
null,27%,5,65%,6208,0,4,7,Botafogo-RJ,9,0,16,238
0,-,0,,1954,0,0,0,Corinthians,1,0,0,0
0,,0,,2924,0,0,0,Cruzeiro,22,0,0,0
10,52%,1,80%,6497,0,3,10,Botafogo-RJ,38,2,17,397
0,,0,,569,0,0,0,Atletico-MG,2,0,0,0
8,52%,4,78%,6662,1,1,2,Corinthians,16,2,15,420
0,,0,,1249,0,0,0,Brasiliense,14,0,0,0
7,35%,3,66%,8083,0,3,1,Coritiba,6,1,12,324
0,,0,,3872,0,0,0,  Sao Paulo,3,0,0,0
22,69%,6,84%,7245,0,0,15,Bragantino,36,1,10,580
9,48%,4,72%,6565,0,3,0,Ceara,6,1,15,399
0,,0,,1968,0,0,0,Atletico-MG,3,0,0,  
11,47%,1,84%,7543,0,1,9,Chapecoense,28,0,11,450
0,,0,,1194,0,0,0,Juventude,9,0,0,0
0,,0,,4010,0,0,0,Ponte Preta,17,0,0,0
0,,0,,3544,0,-8,0,Coritiba,8,0,0,0
18,68%,6,N/A un,8253,0,3,6,Palmeiras   ,23,2,12,555
0,,0,,932,0,0,0,Flamengo,32,0,0,-
10,32%,3,79%,7845,0,2,5,Santos,20,2,14,314
0,,0,,185,0,0,0,Flamengo,16,0,0,0
0,,0,,4548,0,0,0,Portuguesa,33,0,0,0
0,,0,,8752,0,0,0,Athletico-PR,35,0,0,N/A
0,,0,null,1902,0,0,0,Athletico-PR,34,0,0,0
13,51%,7,81% un,7655,0,4,5,Juventude,1,5,16,420
0,,0,,1771,0,-4,0,Flamengo   ,21,0,0,-
0,,0,,1913,0,0,0,sao paulo,35,0,0,0
0,,0,,3324,0,0,0,Santos   ,24,0,0,0
11,  ,4,87%,7354,0,5,5,Cuiaba,9,2,14,564
16,55%,5,83%,6496,1,3,6,Flamengo,38,1,17,445
0,,0,,8756,0,0,0,Palmeiras,36,0,0,0
16,68%,4,84%,6764,0,3,5,Santos,26,3,15,493
0,,0,,3637,0,0,0,Ceara,18,0,0,0
9,50%,3,null,8852,0,2,7,  Vasco,7,1,11,396
0,,0,,3965,0,0,0,Portuguesa,12,0,0,0
15,53%,3,79%,6492,1,1,4,Bahia,37,2,21,407
0,,0,,3587,0,0,0,Flamengo   ,13,0,0,0
null,37%,5,75%,6435,0,2,3,Ceara,31,2,13,288
0,,0,,2934,0,0,0,AVAI,23,0,0,0
0,-,0,,2381,0,0,0,Internacional,6,0,0,0
0,,0,,442,0,0,0,Sao  Caetano,37,0,0,0
null,52%,2,75%,6962,0,5,4,Internacional,7,0,23,403
0,,0,,1812,0,0,0,  Santos,25,0,0,0
0,,0,,279,0,0,0,Criciuma,24,0,0,0
0,,0,,981,0,0,0,Cruzeiro,36,0,0,0
15,67%,7,84%,6667,0,1,8,  Bahia,17,0,15,538
0,,0,,605,0,0,0,VASCO,5,0,0,0
0,,0,N/A,3843,0,0,0,Avai,38,0,0,0
0,,0,,8431,0,0,0,Vitoria,3,0,0,0
19,61%,5,,6020,1,5,9,Avai,27,4,23,491
14,,0,null,5243,0,1,6,corinthians,26,1,12,N/A
0,,0,,1818,0,0,0,Sao Caetano,26,0,0,0
0,,0,,855,0,0,0,Figueirense,26,0,0,0
0,,0,,571,0,0,0,  Paysandu,2,0,0,0
0,,0,,3104,0,0,0,palmeiras,2,0,0,0
0,,0,,2283,0,0,0,America-RN,34,0,0,0
10,47%,6,90%,8809,0,3,1,Vasco,3,0,11,343
0,,0,,1340,0,0,0,Fluminense,22,0,0,0
8, 56% ,2,86%,7431,0,0,2,Corinthians,17,1,7,599
0,,0,,655,0,0,0,Paysandu,9,0,0,0
13,53%,4,81%,8107,0,2,7,Botafogo-RJ,9,0,12,422
8,56%,2,81%,6227,0,3,6,Cruzeiro,11,4,17,432
0,,0,,3453,0,0,0,Goias,37,0,0,0
9,67%,6,,5964,2,2,7,Coritiba,22,2,18,  
13,48%,5,81%,7041,0,3,2,SPORT,16,1,6,438
0,,0,,4725,0,0,0,santos,11,0,0,0
0,,0,,1076,0,0,0,Santos,44,0,0,0
,34%,3, 87% ,9079,1,1,7,Sport,30,1,6,294
17,-,8,80%,6643,0,1,7,Athletico-PR,14,0,12,426
,,0,,2503,0,0,0,Fluminense,18,0,0,
8,52% un,1,83%,7999,0,4,5,Goias,36,1,15,309
0,,0,  ,814,0,0,0,Vitoria,22,0,0,0
0,,0,,4868,0,0,0,Flamengo,26,0,0,0
0,,0,,182,0,0,0,Sao Paulo,16,0,0,0
0,,0,,69,0,0,0,Fluminense,6,0,0,0
0,,0,,4248,0,0,0,Santos   ,3,0,0,0
26,58%,9,86%,8384,0,3,2,CRUZEIRO,36,1,10,457
15,51%,0,,5591,0,3,6,Palmeiras,23,1,20,335
0,,0,,171,0,0,0,Bahia,15,0,0,0
0,,0,,2431,0,0,0,Flamengo   ,10,0,0,0
0,,0,,4795,0,0,0,Athletico-PR,18,0,0,0
,47%,2,85%,6946,0,3,5,botafogo-rj,6,2,14,471
17, 48% ,0,,5293,1,1,4,Sao Paulo,31,3,11,401
0,,0,,2763,0,0,0,Nautico,6,0,0,0
-,,0,,4279,0,0,0,Nautico,6,0,0,0
21,68%,0,,5457,0,0,6,Palmeiras,10,4,6,663
0,,0,,967,0,0,0,Corinthians,35,0,0,0
0,,0,,1178,0,0,0,Internacional,7,0,0,0
10,32%,3,65%,7924,0,3,9,Palmeiras,28,3,13,245
0,,0,,1619,0,0,0,INTERNACIONAL,6,0,0,0
14,41%,3,,6179,0,4,7,Vitoria,6,0,11,351
0,,0,,4757,0,0,0,Goias,15,0,0,0
7,40%,2,88%,9109,0,2,1,BRAGANTINO,33,2,19,229
0,,0,,1904,0,0,0,ponte preta,34,0,0,0
0,,0,,969,0,0,0,Parana,35,0,0,0
0,,0,,2810,0,0,0,Athletico-PR,11,0,0,0
9,35%,6,76%,7493,0,1,2,SPORT,23,0,18,293
0,,0,,8766,0,0,0,Bahia,37,0,0,0
0,,0,,3070,0,0,0,SPORT,37,0,0,0
0,,0,,393,0,0,0,Ponte Preta,33,0,0,0
0,,0,,4020,0,0,0,Corinthians   ,18,0,0,0
0,,0,,4158,0,0,0,Gremio,32,0,0,0
0,,0,,1707,0,0,0,Sao Caetano   ,15,0,0,0
0,,0,,1085,0,0,0,Sao Paulo,45,0,0,0
6,55%,2,75%,7078,0,4,3,Corinthians,20,2,25,-
7,43%,3,,5914,0,3,3,athletico-pr,17,1,20,365
14,65%,7, 83% ,8176,0,3,4,Palmeiras,16,1,17,432
0,,0,,3298,0,0,0,Guarani,22,0,0,0
0,,0,,2062,0,0,0,Botafogo-RJ,29,0,0,0
12,41%,4,76%,7166,0,3,6,Palmeiras,29,2,21,366
0,,0,,3799,0,0,0,avai,34,0,0,0
0,,0,,4687,0,0,0,Goias   ,9,0,0,0
0,-,0,,2327,0,0,0,Goias,1,0,0,0
0,,0,,224,0,0,0,CRUZEIRO,19,0,0,0
0,,0,,4806,0,0,0,Internacional,19,0,0,0
9,47%,3,83%,7927,0,1,2,Internacional,29,3,7,455
0,,0,,8772,0,0,0,Botafogo-RJ,37,0,0,0
0,,0,,4835,0,0,0,Atletico-MG,22,0,0,0
0,,0,,2875,0,0,0,Barueri,17,0,0,0
13,,5,77%,7874,0,4,5,Santos,23,1,12,269
17,56%,6,79%,7925,0,4,11,Botafogo-RJ,28,1,14,N/A
15,49%,0,,5976,0,2,10,Santos,24,1,12,446
0,,0,,465,0,0,0,Athletico-PR,39,0,0,0
17,64%,4,84%,6142,0,2,3,Vasco,2,2,8,559
0,,0,,4388,0,0,0,Portuguesa,17,0,0,0
12,-,0,,5562,0,4,4,Santos,20,1,24,314
13,51%,9,85%,7369,0,3,3,Fluminense   ,11,3,13,455
N/A,  ,5,,5870,0,1,1,Cruzeiro   ,13,1,9,403
13,,7,72%,6900,0,1,11,Atletico-GO,2,2,15,284
0,,0,,2660,0,0,0,  Palmeiras,34,0,0,0
0,,0,,1006,0,0,0,Santos,38,0,0,0
0,,0,,3806,0,0,0,Internacional,34,0,0,0
4,55%,0,84%,8014,1,4,4,Santos   ,37,1,17,467
16,44% un,0,,5670,0,3,6,Internacional,31,1,22,340
0,,0,,1142,0,0,0,Cruzeiro,4,0,0,0
0,,0,,3285,0,0,0,Atletico-MG,20,0,0,0
0,,0,,2678,0,0,0,Botafogo-RJ,36,0,0,0
9,44%,3,84%,8198,0,3,4,Corinthians,18,2,7,445
7,45%,0,,5587,0,3,4,Chapecoense,23,7,18,362
0,,0,,3919,0,0,0,NAUTICO,8,0,0,0
0,,0,,1681,0,0,0,Sao Caetano,12,0,0,
17,59%,6,80%,6483,0,2,7,Ceara,36,2,17,450
14,36%,0,,5068,0,6,3,Sport,9,1,16,265
0,,0,,571,0,0,0,Corinthians,2,0,0,0
0,,0,,3187,0,0,0,Vasco,11,0,0,0
9,,4,76%,7306,0,3,2,bragantino,5,2,13,272
10,41% un,2,73%,7512,0,3,4,america-mg,25,0,26,
17,56%,4,87%,7720,0,1,4,Palmeiras,8,2,15,477
24,58%,8,86%,8371,0,4,7,Flamengo   ,35,0,13,514
0,,0,,1568,0,0,0,Vasco,1,0,0,0
0,,0,,3496,0,0,0,Atletico-MG,3,0,0,0
19,43%,0,,5482,0,4,7,Sao Paulo,12,1,17,383
0,,0,,912,0,0,0,Coritiba,30,0,0,0
13,N/A,0,,5040,0,4,7,Athletico-PR,6,2,15,380
0,,0,,1630,0,0,0,Palmeiras,7,0,0,0
5,52%,0,,5107,0,5,2,Figueirense,13,1,12,419
0,,0,,2020,0,0,0,Atletico-MG,7,0,0,-
0,,0,,3342,0,0,0,Vitoria,26,0,0,0
0,,0,,1753,0,0,0,flamengo,19,0,0,0
0,,0,,1339,0,0,0,Vasco,22,0,0,0
21,68%,13,88%,6875,0,0,8,Flamengo,37,0,18,608
19,66%,0,N/A,5259,0,2,13,Athletico-PR,28,0,16,488
0,,0,,910,0,0,0,Criciuma   ,30,0,0,0
0,,0,,3733,0,0,0,Figueirense,27,0,0,-
0,,0,,2813,0,0,0,Atletico-MG,11,0,0,0
11,52%,4,91%,9052,0,3,3,Bahia,27,1,21,430
0,,0,,3535,0,0,0,Fluminense,7,0,0,0
0,,0,,4673,0,0,0,Internacional,7,0,0,0
10,52%,4,76%,6171,0,3,3,Sao Paulo,5,1,14,392
0,,0,,2335,0,0,0,  Atletico-MG,1,0,0,0
0,,0,,4725,0,0,0,Fluminense,11,0,0,0
0,,0,,2739,0,0,0,Santo Andre,4,0,0,0
0,,0,,789,0,0,0,Goias,20,0,0,0
20, 51% ,3,  ,7836,1,2,7,Coritiba,20,3,11,355
0,,0,,929,0,0,0,Fluminense,32,0,0,0
0,,0,,1143,0,0,0,Juventude   ,4,0,0,0
13,59%,5,85%,6697,0,2,4,Flamengo,20,0,14,487
0,,0,,3221,0,0,0,SAO PAULO,14,0,0,0
0,,0,,3016,0,0,0,Botafogo-RJ   ,31,0,0,  
0,,0,,196,0,0,0,guarani,17,0,0,0
0,,0,,815,0,0,0,Palmeiras,22,0,0,0
22,73%,7,,5888,0,3,11,Corinthians,15,1,10,704
15,47%,5,77%,7778,0,2,7,america-mg,14,1,13,N/A
10, 46% ,3,80%,6930,0,5,6,Vasco   ,5,1,23,414
0,,0,N/A,3860,0,0,0,Cruzeiro,2,0,0,0
-,,0,,3773,0,0,0,Bahia,31,0,0,0
14,57%,0,,5690,0,1,4,Cruzeiro,33,3,13,535
0,,0,,2330,0,0,0,Coritiba,1,0,0,0
16,29%,2,70%,6250,1,3,5,SAO PAULO,13,3,17,228
0,,0,,4551,0,0,0,Gremio,33,0,0,0
13,63%,0,   un,5030,0,5,8,Sao Paulo,5,1,14,531
0,,0,,922,0,0,0,Paysandu,31,0,0,0
12, 56% ,4,82%,8292,0,6,7,Palmeiras,27,2,17,461
0,,0,,1935,0,0,0,Santa Cruz,37,0,0,0
0,,0,  ,2528,0,0,0,figueirense,21,0,0,0
0,,0,  ,2945,0,0,0,Barueri,24,0,0,0
10,47%,3,78%,7193,0,3,7,FORTALEZA,31,4,20,340
0,,0,,1040,0,0,0,Criciuma,41,0,0,0
8,48%,4, 79% ,8363,1,1,3,  Atletico-MG,34,1,17,407
0,,0,,1905,0,0,0,Sao Paulo,34,0,0,0
14,69%,7,94%,9050,0,1,5,Vasco,27,1,11,535
0,,0,,468,0,0,0,Internacional,39,0,0,0
8,52%,0,,5326,1,3,4,Gremio,34,2,16,460
0,,0,,888,0,0,0,Gremio,28,0,0,0
10,64%,4,95%,8896,0,2,1,Bahia,12,0,10,715
0,,0,,1873,0,0,0,Sao Paulo   ,31,0,0,-
0,,0,,2722,0,0,0,Fluminense,2,0,0,0
12,42%,4,84%,9154,0,2,5,Ceara   ,36,3,11,207
13,64%,3,85%,6941,0,2,6,Gremio,11,0,21,590
-,,0,,938,0,0,0,Coritiba,33,0,0,0
0,,0,,1881,0,0,0,Corinthians,32,0,0,0
7,43%,2,81%,7566,0,1,2,Chapecoense,31,0,15,385
0,,0,,1527,0,0,0,Sao Caetano,39,0,0,0
13,,5,82%,6837,0,3,2,  Atletico-MG,33,3,15,  
14,36%,1,78%,6574,0,0,7,Avai   ,7,1,12,382
11,48%,0,,5549,0,3,4,PONTE PRETA,19,5,18,328
0,,0,,2308,0,-9,0,Fluminense,37,0,0,0
12,54%,4,  ,7907,0,2,5,Botafogo-RJ,27,1,12,420
0,,0,,1661,0,0,0,Santa Cruz,10,0,0,0
7,42%,3,90%,9081,0,4,4,bahia,30,1,8,391
0,,0,,1656,0,0,0,Corinthians,9,0,0,0
15,58%,9, 92% ,8839,0,0,6,Sport   ,6,2,10,455
6,32%,1,89%,8801,1,1,2,Cruzeiro,2,3,11,250
9,45%,2,85% un,8892,0,1,8,  Ceara,11,3,15,289
6,45%,2,72%,6373,0,4,4,  Sao Paulo,25,1,15,354
10,33%,4,72%,6436,0,3,2,vasco,32,2,12,273
13,53%,6,,5798,0,4,5,  Botafogo-RJ,6,1,14,409
0,,0,,3986,0,0,0,Atletico-MG,14,0,0,0
12,34%,0,,5716,0,4,3,Palmeiras,35,0,27,227
26,56%,13,87%,8010,0,1,7,Fortaleza,37,1,17,432
0,,0,,759,0,0,0,Vasco,18,0,0,0
0,,0,,3655,0,0,0,Avai,19,0,0,0
0,,0,,2248,0,0,0,Nautico,31,0,0,0
0,,0,,1557,0,0,0,  Flamengo,42,0,0,0
18, 60% ,5,N/A,8284,0,2,8,Fortaleza,26,3,11,491
14, 53% ,7,79%,8148,0,2,2,Gremio,13,6,11,462
15,41%,4,,5919,0,3,7,Vitoria,18,0,20,355
0,,0,,1445,0,0,0,Paysandu,31,0,0,0
0,null,0,,428,0,0,0,  Goias,36,0,0,0
NAN,-,0,,4584,0,0,0,Bahia,36,0,0,0
0,-,0,,2464,0,0,0,Vitoria   ,13,0,0,0
10,40%,3,81%,6935,0,2,1,Fortaleza,5,5,12,405
0,,0,,2732,0,0,0,Athletico-PR,3,0,0,0
0,,0,,2742,0,0,0,Athletico-PR,4,0,0,0
19,60%,6,85%,6315,0,3,7,Fluminense,18,0,8,545
,74%,6,93%,9153,0,2,9,Mirassol,36,3,10,N/A
0,,0,,1915,0,0,0,Palmeiras,35,0,0,0
15,41%,6,91%,9046,0,2,6,Internacional,27,0,13,
0,N/A,0,,2349,0,0,0,Vitoria,3,0,0,0
8,null,0, 76% ,7554,0,0,4,CUIABA,34,4,9,391
0,,0,,2494,0,0,0,Santos,17,0,0,0
0,,0,,2326,0,0,0,Juventude,38,0,0,0
26,55%,0,,5145,0,4,9,FLAMENGO,16,2,17,443
0,,0,,3399,0,0,0,SAO PAULO,32,0,0,0
0,,0,,2908,0,0,0,Santo Andre,21,0,0,0
0,,0,,2706,0,0,0,  Goias,38,0,0,0
0,,0,,4167,0,0,0,Fluminense,33,0,0,0
0,,0,,1412,0,0,0,Internacional,28,0,0,0
0,,0,,4919,0,0,0,Coritiba,32,0,0,0
20,N/A,0,,5167,0,3,7,Vasco,19,1,12,389
8,38%,1,75%,6367,0,1,3,Parana,25,0,13,334
10,54%,4,81%,6889,0,0,4,Santos,1,4,10,444
0,,0,,3908,0,0,0,Sao Paulo,7,0,0,0
0,,0,,2206,0,0,0,botafogo-rj,25,0,0,0
,,0,,4461,0,0,0,Criciuma,24,0,0,0
0,,0,,3361,0,0,0,Vasco,28,0,0,0
0,,0,,1131,0,0,0,Flamengo,3,0,0,0
,,0,,3717,0,0,0,Athletico-PR,26,0,0,0
0,,0,,4652,0,0,0,Athletico-PR,5,0,0,0
17,53%,3,90%,7261,0,0,7,  Botafogo-RJ,38,2,4,505
21,,0,,5596,0,4,10,  Internacional,23,5,19,484
0,,0,,1004,0,0,0,  Paysandu,38,0,0,0
  ,,0,,96,0,0,0,Coritiba,8,0,0,0
9,35%,2,74%,6907,1,4,5,  Coritiba,3,3,25,286
,,0,,1144,0,0,0,  Athletico-PR,4,0,0,0
0,,0,,4390,0,0,0,Gremio,17,0,0,0
16,59%,6,83%,8151,0,2,4,  Botafogo-RJ,13,0,10,457
0,,0,,386,0,0,0,SAO PAULO,33,0,0,0
15,57%,0,,5294,0,3,5,Gremio,31,2,17,489
11,63%,5,91%,6234,0,2,9,Flamengo,11,1,11,601
8,44%,2,86%,8973,0,3,3,Santos,19,3,11,265
11,44%,2,85%,7438,1,1,6,GREMIO,18,0,17,462
10,,1,87%,7284,0,2,7,Atletico-MG,2,0,15,474
13,46%,5,80%,8394,0,3,5,Gremio,37,1,18,385
0,,0,,3084,0,0,0,Athletico-PR,38,0,0,0
15,47%,4,,5046,0,3,7,Fluminense,6,3,12,408
0,,0,,8461,0,0,0,bragantino,6,0,0,0
  ,,0,,3159,0,0,0,Avai,8,0,0,0
10,,6,,5927,0,1,3,Fluminense,19,1,13,453
0,,0,-,3293,0,0,0,Avai,21,0,0,0
  ,,0,,724,0,0,0,Gremio,15,0,0,
0,,0,,172,0,0,0,Figueirense,15,0,0,0
17,61%,10,86%,6660,0,3,3,  Santos,16,1,14,486
9,59%,0,,5664,0,3,4,Fluminense,30,1,14,395
0,,0,,8560,0,0,0,Criciuma,16,0,0,0
0,,0,,4585,0,0,0,Internacional   ,36,0,0,0
0,,0,,1959,0,0,0,Santos,2,0,0,  
0,,0,,3687,0,0,0,cruzeiro,23,0,0,0
0,,0,,1024,0,0,0,Gremio,40,0,0,0
0,,0,,3564,0,0,0,Coritiba,12,0,0,0
9,  ,2,78%,8145,0,6,4,Vasco,12,2,19,384
-,,0,,3916,0,0,0,Botafogo-RJ,7,0,0,0
11,63%,0,,5090,0,2,9,Sport,11,2,14,500
10,55%,6,,6067,0,2,3,Bahia,33,0,25,438
26,53%,11,80%,6807,0,0,10,Atletico-MG,31,4,15,380
0,,0,,8528,0,0,0,  Atletico-GO,13,0,0,0
0,,0,,747,0,0,0,Juventude,17,0,0,0
0,,0,,390,0,0,0,Criciuma,33,0,0,0
0,,0,,4952,0,0,0,Santos,34,0,0,0
0,,0,,4639,0,0,0,Criciuma,4,0,0,0
0,,0,,1267,0,0,0,Palmeiras,15,0,0,0
0,,0,,2688,0,0,0,Figueirense,37,0,0,0
0,,0,,3431,0,0,0,Fluminense,35,0,0,0
  ,61%,6,78%,8119,0,2,7,Atletico-MG,10,5,8,552
16,,4,79%,7428,0,1,9,Fortaleza,17,2,9,395
N/A,,0,,8689,0,0,0,Athletico-PR,29,0,0,0
0,,0,,4130,0,0,0,Ponte Preta,29,0,0,0
10,  ,5,91%,8993,0,1,5,Sao Paulo,21,0,20,441
0,,0,,21,0,0,0,Parana   ,2,0,0,0
8,57%,0,,5623,0,1,4,sao paulo,26,2,12,476
  ,,0,,1320,0,0,0,flamengo,20,0,0,0
21,62%,9,87%,7213,0,2,6,Flamengo   ,33,1,20,563
21,59%,6,,5822,0,0,8,Chapecoense,8,2,11,421
0,,0,,3409,0,0,0,Atletico-GO,33,0,0,  
0,,0,,8785,0,0,0,Corinthians,38,0,0,0
7,51%,5,90%,9051,0,6,7,Palmeiras,27,1,11,263
7,30%,0,,5355,0,3,2,coritiba,37,4,27,225
12,60%,4,88% un,7080,1,2,9,Internacional,20,0,9,526
0,,0,,731,0,0,0,palmeiras,15,0,0,0
0,,0,,1812,0,0,0,  Santos,25,0,0,0
0,null,0,,2248,0,0,0,Cruzeiro,31,0,0,0
13,63%,3,82%,6538,0,2,7,Ceara,4,2,12,487
18,49%,6,  ,6832,0,3,13,Ceara,34,0,12,434
3,43%,2,87%,6989,1,2,2,FORTALEZA,10,0,13,424
7,45%,0,,5503,0,4,3,America-MG,14,0,13,  
16,37%,8,76%,7718,0,3,7,Juventude,8,0,16,334
0,,0,,3618,0,0,0,Atletico-GO,16,0,0,0
23,52%,5,85%,7844,0,1,7,Bragantino,20,2,11,445
15,53%,0,,5207,0,0,7,Sao Paulo,23,0,10,464
0,,0,,2538,0,0,0,Figueirense,22,0,0,0
0,,0,-,4831,0,0,0,Bahia,22,0,0,0
0,,0,,32,0,0,0,Corinthians,4,0,0,0
0,,0,,2067,0,0,0,parana,11,0,0,0
11,60%,4,91%,8858,0,3,4,BRAGANTINO,8,4,8,432
16,43%,6,81%,7481,0,2,4,fluminense,22,2,11,404
0,,0,,2140,0,0,0,Gremio   ,19,0,0,0
9,42%,3,84%,8404,0,0,4,SAO PAULO,38,2,13,406
0,,0,,3850,0,0,0,fluminense,1,0,0,0
15,60%,0,-,5049,0,2,7,Chapecoense,7,3,5,460
16,41%,3,81%,6505,0,2,2,Vitoria,38,0,6,334
24,64%,10,-,6055,0,0,15,Palmeiras,31,0,9,615
0,,0,,3072,0,0,0,Avai,37,0,0,-
null,,0,,2832,0,0,0,Sao Paulo,13,0,0,0
11,45%,3,86%,6942,0,2,6,Vasco,11,0,15,415
15,55%,6,75%,7527,0,1,8,America-MG,27,3,12,382
0,null,0,,4516,0,0,0,Botafogo-RJ,29,0,0,  
0,,0,,1339,0,0,0,Brasiliense,22,0,0,
0,,0,,70,0,0,0,Criciuma,6,0,0,0
0,,0,,1305,0,0,0,Coritiba,19,0,0,0
0,,0,,3353,0,0,0,Botafogo-RJ,27,0,0,0
  ,N/A,2,79%,7619,0,3,3,Athletico-PR   ,36,1,19,334
6,null,0,88%,8878,0,4,1,Corinthians,10,0,14,382
0,,0,,3712,0,0,0,ATLETICO-MG,25,0,0,0
7,45% un,0,,5225,0,2,6,Chapecoense   ,24,3,10,305
20,41%,8,,6066,1,4,9,PONTE PRETA,33,0,19,357
N/A,45%,3,90%,8989,0,1,0,Santos,21,1,17,
0,,0,,8420,0,0,0,Palmeiras,2,0,0,0
23,77%,9,90%,8008,0,3,11,Fluminense   ,37,6,10,639
0,,0,   un,4091,0,0,0,Cruzeiro,25,0,0,0
11,55% un,3,,5782,0,5,7,Sao Paulo,4,3,12,
0,N/A,0,,8672,0,0,0,GREMIO,27,0,0,0
0,,0,,4775,0,0,0,Goias,16,0,0,0
0,,0,,3186,0,0,0,FLUMINENSE,10,0,0,0
0,,0,,2315,0,0,0,Figueirense,37,0,0,-
11,48%,4,87%,7243,0,4,2,Sao Paulo,36,0,18,492
0,,0,,223,0,0,0,Santos,19,0,0,0
0,,0,,4901,0,0,0,Cruzeiro,30,0,0,0
  ,,0,,4524,0,0,0,Vasco,30,0,0,0
0,-,0,,1916,0,0,0,Sao Caetano,35,0,0,0
0,,0,,1880,0,0,0,figueirense,32,0,0,0
0,,0,,3173,0,0,0,Santos,9,0,0,0
14,69%,4,92%,9127,0,3,5,FLAMENGO,34,4,12,519
0,,0,,980,0,0,0,Paysandu,36,0,0,0
0,,0,,77,0,0,0,Figueirense,7,0,0,0
10,,0,,5244,1,2,11,VASCO,26,2,4,398
12,64%,3,91%,8956,0,1,6,Bahia,18,0,8,550
0,null,0,,2290,0,0,0,Santos,35,0,0,0
0,,0,,545,0,0,0,Sao Caetano   ,46,0,0,0
5,33%,1,66%,6290,0,2,2,Ceara,17,5,21,284
0,,0,,4562,0,0,0,Flamengo,34,0,0,0
,,0,,3976,0,0,0,portuguesa,13,0,0,0
15,54%,0,,5552,0,4,7,Internacional,19,2,22,413
7,49%,0,,5146,0,1,6,Sport,16,3,15,457
0,,0,,3209,0,0,0,Corinthians,13,0,0,0
12,36%,4,72%,8013,0,0,4,athletico-pr,37,0,12,283
0,,0,,4544,0,0,0,Athletico-PR,32,0,0,0
11,40%,0,,5721,0,2,2,America-MG,36,1,18,400
0,  ,0,,3551,0,0,0,Coritiba,9,0,0,0
0,,0,  ,550,0,0,0,Athletico-PR,46,0,0,0
0,,0,,2717,0,0,0,Coritiba,2,0,0,0
6,45%,1,77%,6616,0,4,4,Vasco,12,0,22,321
0,,0,,3227,0,0,0,Goias,15,0,0,0
11,78%,1,89%,6166,0,3,11,Gremio,5,0,13,721
15,53%,0,,5392,0,1,8,Palmeiras   ,3,1,20,390
0,,0,,1675,0,0,0,Parana,11,0,0,0
0,,0,,2052,0,0,0,goias,10,0,0,0
0,,0,,4589,0,0,0,Botafogo-RJ,37,0,0,0
6,29%,3,87%,8923,0,2,1,Juventude,14,2,6,222
0,,0,,294,0,0,0,  Internacional,25,0,0,0
0,null,0,,4675,0,0,0,Chapecoense,7,0,0,0
14,61%,3,83%,6636,0,2,4,Chapecoense,14,1,11,459
6,22%,1,62%,6769,1,1,0,Avai,27,1,11,206
12,54%,4,84%,8900,0,4,6,ATLETICO-MG,12,5,18,360
9,57%,0,,5482,0,3,4,Fluminense,12,1,15,508
0,,0,,6829,0,0,0,ATHLETICO-PR,34,0,0,0
10,60% un,5,83%,8150,0,2,2,BRAGANTINO,13,1,17,545
0,,0,,323,0,0,0,GUARANI,27,0,0,0
10,63%,2,,5875,0,2,6,Avai,13,5,14,455
N/A,,0,,4804,0,0,0,Bahia,19,0,0,0
12,44%,4,80%,8328,0,1,1,Corinthians,31,2,4,423
14,62%,6,,5870,0,3,9,ATHLETICO-PR,13,0,16,621
13,45%,3,69% un,7527,0,-5,7,Bahia,27,2,22,320
0,,0,,113,0,0,0,Athletico-PR,10,0,0,0
0,,0,,1933,0,0,0,Ponte Preta,37,0,0,0
12,46%,4,,5297,0,3,5,Athletico-PR,32,1,21,427
0,,0,,3638,0,0,0,Atletico-MG,18,0,0,0
15,  ,0,,5628,1,1,5,Santos   ,27,2,11,474
  ,59%,6,81%,8078,0,1,15,Palmeiras,6,3,12,444
0,,0,,4220,0,0,0,Internacional,38,0,0,0
0,,0,,765,0,0,0,Santos,18,0,0,0
10,30%,3,,9075,0,4,3,Vitoria,29,1,17,146
0,,0,,462,0,0,0,Parana,39,0,0,0
13,,5,90%,8881,1,1,4,Internacional,10,1,10,503
0,,0,,8534,0,0,0,Flamengo,13,0,0,0
8,40% un,0,,5052,0,4,0,Cruzeiro,7,1,25,362
0,,0,,3595,0,0,0,Coritiba,13,0,0,0
6,43%,3,,6076,0,1,2,Athletico-PR,34,4,14,488
17,60%,0,,5539,0,2,9,FLAMENGO,18,1,9,533
0,,0,,1301,0,0,0,SAO PAULO,18,0,0,0
0,,0,,2954,0,0,0,Santos,25,0,0,0
13,52%,0,,5603,0,2,6,Santos,24,3,18,402
0,,0,,3578,0,0,0,Sao  Paulo,11,0,0,0
0,,0,,1155,0,0,0,Sao Caetano,5,0,0,0
0,,0,- un,8539,0,0,0,Athletico-PR,14,0,0,0
11,55%,6,87%,7106,0,2,10,Atletico-MG,23,2,25,463
0,,0,,307,0,0,0,Paysandu,26,0,0,0
10,,0,,5546,0,3,4,FIGUEIRENSE,18,1,15,306
  ,,0,,3317,0,0,0,Sao Paulo,24,0,0,0
0,,0,,2079,0,0,0,Atletico-MG,13,0,0,0
0,,0,,950,0,0,0,Sao Paulo,34,0,0,0
17,-,6,90%,6984,1,1,8,Bahia   ,9,1,12,474
0,,0,,141,0,0,0,Corinthians,12,0,0,0
0,,0,,129,0,0,0,Gremio,11,0,0,0
10,47%,0,,5563,0,2,5,Santa Cruz,20,9,20,343
0,,0,  ,176,0,0,0,Vitoria,15,0,0,0
0,,0,,2472,0,0,0,Figueirense,15,0,0,0
12,58%,5,87%,7365,0,0,8,Corinthians   ,10,0,10,549
18,42%,7,,5766,0,2,3,Vasco,3,3,11,299
0,,0,,3486,0,0,0,Atletico-GO,2,0,0,0
18,64%,5,89%,7447,0,1,5,Santos,19,1,11,551
10,64%,3,83%,6762,0,0,7,Botafogo-RJ,26,2,11,485
0,,0,,2612,0,0,0,Ipatinga,29,0,0,0
,,0,,1144,0,0,0,  Athletico-PR,4,0,0,0
0,,0,,4041,0,0,0,Atletico-MG,20,0,0,0
0,,0,,3358,0,0,0,Gremio Prudente,28,0,0,0
0,,0,,4875,0,0,0,  Atletico-MG,26,0,0,0
14,60%,0,,5204,0,3,7,Palmeiras,22,2,14,510
0,,0,,241,0,0,0,Parana,21,0,0,0
15,56%,4,86%,8198,1,3,1,Internacional,18,0,18,563
0,,0,,3206,0,0,0,Gremio Prudente,12,0,0,0
0,,0,,1281,0,0,0,CRUZEIRO,17,0,0,0
0,,0,,3427,0,0,0,Botafogo-RJ,35,0,0,0
0,,0,,2774,0,0,0,Atletico-MG,7,0,0,0
5,33%,2,72%,6745,0,3,2,Atletico-MG   ,24,1,9,318
20,68%,4,93%,9029,0,3,11,MIRASSOL,25,2,7,515
,,0,,4602,0,0,0,Criciuma,38,0,0,0
17,59%,0,,5093,0,1,2,  Gremio,11,2,12,654
9,39%,3,79%,6783,0,0,6,Atletico-MG   ,28,4,11,353
  ,49%,7,,8141,1,4,5,Coritiba,12,4,17,399
8,36%,4,66%,8214,0,5,6,Vasco,19,3,17,281
0,,0,,3600,0,0,0,Ceara,14,0,0,0
0,,0,,3412,0,0,0,Sao Paulo,33,0,0,0
7,51%,1, 76% ,7583,0,1,4,Cuiaba,30,4,13,347
N/A,,0,,391,0,0,0,  Guarani,33,0,0,0
9,41%,1,76%,7476,1,2,5,Chapecoense,22,1,18,339
11,36% un,0,,5491,0,1,6,Chapecoense,13,1,12,359
0,,0,,3261,0,-7,0,Cruzeiro,18,0,0,0
0,,0,,2891,0,0,0,flamengo,19,0,0,0
11,46%,4,81%,6587,1,0,6,Fortaleza,9,1,10,354
0,,0,,4641,0,0,0,Flamengo,4,0,0,0
0,,0,,4686,0,0,0,Bahia,8,0,0,0
,,0,,4656,0,0,0,Sport,5,0,0,0
N/A,44%,0,,5136,0,1,4,  Palmeiras,15,5,21,363
N/A,,0,,2528,0,0,0,coritiba,21,0,0,0
-,44%,0,,5401,0,1,1,Corinthians,4,0,12,479
0,,0,,3114,0,0,0,cruzeiro,3,0,0,0
0,,0,,864,0,0,0,Botafogo-RJ,26,0,0,0
0,,0,,8503,0,0,0,VITORIA,10,0,0,0
11,67%,1,84%,8005,0,2,6,  Atletico-MG,36,5,10,530
0,,0,,2334,0,0,0,FIGUEIRENSE,1,0,0,0
0,,0,,4270,0,0,0,Bahia,5,0,0,0
0,,0,,1876,0,0,0,Santos,31,0,0,0
20,56%,4,84%,6463,0,3,8,Flamengo,34,0,22,440
13,48%,4,80%,6364,1,1,5,Vasco,24,0,19,395
12,68%,0,,5704,0,3,2,Atletico-MG,34,1,11,621
0,,0,,144,0,0,0,  Cruzeiro,12,0,0,0
,,0,,1569,0,0,0,Sao Paulo,1,0,0,0
12,54% un,1,87%,6665,0,2,7,fluminense,16,2,11,463
10,,2,83%,7183,0,3,1,Fortaleza,30,1,17,443
  , 56% ,6,87%,6570,0,1,6,Athletico-PR,7,1,20,457
17,63% un,8, 80% ,7601,0,1,5,Fortaleza,33,1,14,402
0,,0,,1735,0,0,0,parana,17,0,0,0
15,,0,,5424,0,2,7,Palmeiras,6,1,12,479
  , null ,3,90%,8880,0,2,3,Flamengo,10,1,16,335
0,,0,,817,0,0,0,Sao Paulo,23,0,0,0
15,61%,4,85%,6235,1,3,7,Santos,11,1,10,535
19,66%,3,,5932,0,1,7,Palmeiras,19,1,10,635
7,48%,2,85%,8387,0,4,3,Atletico-MG,37,0,15,401
0,,0,,3086,0,0,0,Coritiba,38,0,0,-
,,0,,3762,0,0,0,Avai,30,0,0,0
0,,0,,286,0,0,0,Corinthians,24,0,0,0
0,,0,,4950,0,0,0,Sport,34,0,0,0
33,68%,12,91%,6651,0,1,7,Fluminense,15,1,7,686
0,,0,,299,0,0,0,Vasco,25,0,0,0
18,44%,6,77%,7667,1,5,4,Bragantino,4,0,20,357
0,,0,,3673,0,0,0,Athletico-PR,21,0,0,0
0,N/A,0,,3153,0,0,0,botafogo-rj,7,0,0,0
12,56%,2,85%,6791,0,2,3,Corinthians,29,2,10,469
6,61%,5,86%,8191,0,5,2,Flamengo,17,0,14,580
9,53%,3,87%,8914,0,4,5,Fluminense,13,0,13,385
0,,0,,877,0,0,0,Internacional,28,0,0,0
0,,0,,2717,0,0,0,Santo Andre,2,0,0,0
15,35%,4,78%,6592,0,2,5,Chapecoense,9,1,12,-
32,58%,11,87%,8898,0,5,15,  Fortaleza,12,5,17,377
0,,0,,9,0,0,0,Cruzeiro,1,0,0,0
,52%,7,,5965,0,1,3,Gremio,22,2,8,541
0,,0,,3641,0,0,0,Internacional,18,0,0,0
0,,0,,4568,0,0,0,Coritiba,35,0,0,0
10,59%,2,  ,8006,0,4,7,Sao Paulo,37,2,11,511
0,,0,,586,0,0,0,Vasco,3,0,0,0
11,80%,3,89%,7782,0,2,6,Fluminense,14,1,14,730
0,,0,,3964,0,0,0,Atletico-MG,12,0,0,0
0,,0,,4261,0,0,0,Gremio   ,4,0,0,0
0,,0,,1049,0,0,0,goias,42,0,0,0
0,,0,,1255,0,0,0,Ponte Preta,14,0,0,0
12,45%,4,91%,9016,1,2,10,Vitoria,24,3,19,334
14,60%,2,85%,7266,0,1,9,Cuiaba,1,0,14,490
20, 61% ,11,85%,7948,0,1,6,Internacional,31,0,15,-
0,,0,,4568,0,0,0,Criciuma,35,0,0,
0,,0,,8640,0,0,0,Gremio,24,0,0,0
0,,0,,24,0,0,0,Goias   ,2,0,0,0
0,,0,,1330,0,0,0,Fluminense,21,0,0,0
0,,0,,2674,0,0,0,Coritiba,35,0,0,0
0,,0,,4517,0,0,0,Fluminense,30,0,0,0
0,,0,,8490,0,0,0,Flamengo,9,0,0,0
0,,0,,102,0,0,0,coritiba,9,0,0,0
0,,0,,3949,0,0,0,  Corinthians,11,0,0,0
0,,0,,4918,0,0,0,Gremio,32,0,0,0
,,0,,1009,0,0,0,Fluminense,39,0,0,-
0,,0,,8655,0,0,0,Vasco,25,0,0,0
,,0,,8514,0,0,0,Atletico-MG,11,0,0,0
0,,0,,4231,0,0,0,Bahia,1,0,0,0
0,,0,,988,0,0,0,  Goias,37,0,0,0
  ,,0,,81,0,0,0,  Juventude,7,0,0,0
0,,0,,2500,0,0,0,Portuguesa,18,0,0,0
10,49%,3,89%,9093,0,1,1,Palmeiras,31,2,15,343
N/A,,0,,4791,0,0,0,  Criciuma,18,0,0,0
0,,0,,2357,0,0,0,gremio,4,0,0,0
0,,0,,4534,0,0,0,Gremio,31,0,0,0
,,0,,716,0,0,0,Corinthians,14,0,0,0
13,54%,6,78%,7630,0,5,7,Sao Paulo,37,0,25,356
15,48%,6,-,6419,0,0,1,Sport,30,1,16,447
18,74%,4,87%,6944,0,1,8,Fluminense,11,3,9,700
10,42%,0,,5586,0,3,6,  Athletico-PR,22,0,12,344
0,,0,,3856,0,0,0,Vasco,1,0,0,0
0,,0,,3869,0,0,0,vasco,3,0,0,0
0,,0,,2155,0,0,0,Cruzeiro,20,0,0,0
0,,0,,3676,0,0,0,Botafogo-RJ,21,0,0,0
16,-,5,73%,7078,0,3,7,Atletico-GO,20,2,22,339
0,,0,,8541,0,0,0,Bragantino   ,14,0,0,0
13,49%,3,82%,6747,0,0,4,Fluminense,25,1,11,434
12,47%,0,,5027,0,1,6,Athletico-PR,5,1,12,385
10,40%,0,,5426,0,0,5,Sao Paulo,6,3,9,372
0,null,0,,1693,0,0,0,Flamengo,13,0,0,0
0,,0,,1431,0,0,0,Palmeiras,30,0,0,  
null,26%,2,86%,9153,0,1,3,Vitoria,36,0,14,159
17,56%,4,81%,7494,0,2,4,fluminense,23,0,10,468
12, 60% ,2,84% un,7973,0,2,5,Ceara,33,3,13,497
15,62%,0,,5298,0,1,4,Internacional,32,5,11,461
14,63%,3,84%,7718,0,2,8,Fortaleza,8,1,10,553
0,,0,,1049,0,0,0,Vasco,42,0,0,0
10,59%,0,,5097,0,2,8,Gremio,12,3,7,  
0,,0,,4001,0,-1,0,Atletico-MG,16,0,0,0
14,56%,8,,6940,0,0,4,Atletico-MG,11,4,14,-
0,,0,,2509,0,0,0,Gremio,19,0,0,0
0,,0,,1390,0,0,0,Atletico-MG,26,0,0,0
0,,0,,3199,0,0,0,Atletico-GO,12,0,0,0
19,48%,0,  ,5039,0,2,2,Ponte  Preta,6,3,15,416
8,41%,4,76%,6981,0,-9,4,Santos   ,9,4,11,300
6,59%,3,84%,7048,0,3,4,Fluminense   ,17,2,17,539
0,,0,,1049,0,0,0,goias,42,0,0,0
0,,0,,4165,0,0,0,Vasco,32,0,0,0
0,-,0,,4515,0,0,0,Vasco,29,0,0,0
0,,0,,1738,0,0,0,Flamengo,18,0,0,0
9,,4,75%,6445,0,3,8,Sport,32,1,13,427
16,35%,7,71%,7240,0,6,9,Internacional,36,0,20,257
19,46%,7,75%,8116,0,3,8,Coritiba,10,4,15,348
0,,0,,867,0,0,0,Guarani,27,0,0,0
0,,0,,1146,0,0,0,  Palmeiras,4,0,0,0
0,,0,,643,0,0,0,VASCO,8,0,0,0
10,46%,6,76%,6244,0,0,7,vasco,12,0,11,402
14,62%,5,85%,6226,0,3,5,Athletico-PR,11,1,15,509
15,46%,0,,5015,0,2,3,PONTE PRETA,3,4,11,357
0,,0,,510,0,0,0,Fluminense,43,0,0,0
10,65%,3,91%,8093,0,0,6,Flamengo,7,0,9,672
10,39%,2,77%,8299,0,1,3,Athletico-PR,28,4,12,366
0,,0,,4770,0,0,0,Vitoria,16,0,0,0
0,,0,,8762,0,0,0,Internacional   ,36,0,0,0
0,,0,,826,0,-4,0,Atletico-MG,23,0,0,null
0,,0,,416,0,0,0,Flamengo   ,35,0,0,0
0,,0,,585,0,0,0,Flamengo,3,0,0,0
4,52%,0,,5361,0,2,5,  Sport,38,2,12,402
0,,0,,3122,0,0,0,Guarani,4,0,0,0
0,  ,0,,2735,0,0,0,Coritiba,3,0,0,0
17,59%,4,84%,8023,0,3,5,Corinthians   ,38,1,11,494
13,null,0,,5131,0,2,7,Santos,15,7,4,481
7,25%,3,65%,8032,0,5,3,VASCO,1,2,10,207
0,,0,,8637,0,0,0,Palmeiras,24,0,0,0
13,N/A,0,,5586,0,2,6,Botafogo-RJ,22,3,14,477
0,,0,,1674,0,0,0,Santa Cruz,11,0,0,0
0,,0,,2547,0,0,0,Goias   ,23,0,0,0
0,,0,,271,0,0,0,Paysandu,23,0,0,0
0,,0,,4665,0,0,0,  Santos,6,0,0,0
0,,0,,8529,0,0,0,Fluminense,13,0,0,0
10, 47% ,4,77%,6349,0,2,6,  Palmeiras,23,1,16,371
20,52%,5,84%,7264,0,2,6,Goias,38,2,18,null
0,null,0,,1696,0,0,0,Goias,13,0,0,0
9,43%,1,,6041,0,2,4,Sport,30,1,13,376
3,38%,0,,5580,0,4,0,Atletico-MG,22,1,17,383
14,66%,3,-,7118,1,1,7,Flamengo,24,0,26,569
null,,0,,8492,0,0,0,Criciuma,9,0,0,0
14,45%,7,83%,8014,0,2,3,Botafogo-RJ,37,6,15,391
7,38%,0,  ,5108,0,3,3,Vasco,13,0,12,372
10,34%,3,,5388,0,2,3,Botafogo-RJ,3,5,8,333
8, 48% ,0,,5502,0,0,4,Santa Cruz,14,1,21,339
0,,0,,1980,0,0,0,Santos,4,0,0,0
0,,0,,3324,0,0,0,Corinthians,24,0,0,0
16,59%,6,86%,8051,0,3,1,Atletico-MG   ,3,2,18,574
10,48%,2,80%,8044,0,2,8,Corinthians   ,2,1,23,392
0,,0,,1796,0,0,0,Santos,23,0,0,0
,52%,8,89%,9010,0,2,5,Bragantino,23,2,11,275
0,,0,,1287,0,0,0,Ponte Preta,17,0,0,0
5,51%,0,-,5413,0,1,9,botafogo-rj,5,3,11,419
11,60%,3,93%,9043,0,1,3,Ceara,26,2,15,401
0,,0,N/A,2519,0,0,0,Cruzeiro,20,0,0,0
0,,0,,541,0,0,0,Parana,46,0,0,0
0,,0,,2946,0,0,0,Corinthians,24,0,0,0
13,  ,4,81% un,7269,0,2,5,Atletico-MG,1,2,16,398
0,,0,,1013,0,0,0,Juventude,39,0,0,0
null, 36% ,1,69%,6555,0,-4,2,CEARA,5,2,14,281
0,,0,,2935,0,0,0,Fluminense,23,0,0,0
0,,0,,3955,0,0,0,Botafogo-RJ,11,0,0,0
5,49%,3,80%,6251,0,1,5,Chapecoense,13,1,12,399
9,42% un,5,69%,8306,0,4,5,Atletico-MG,29,4,13,311
0,,0,,507,0,0,0,Ponte Preta,43,0,0,0
16,49%,3,86%,7439,0,3,8,Palmeiras,18,4,10,459
0,,0,,4618,0,0,0,Palmeiras,2,0,0,0
0,,0,,2626,0,0,0,Flamengo,30,0,0,0
0,,0,N/A,4809,0,0,0,Figueirense,20,0,0,0
0,,0,,1090,0,0,0,Juventude,45,0,0,0
0,,0,  ,8547,0,0,0,Cuiaba,15,0,0,0
0,,0,,8757,0,0,0,Atletico-MG,36,0,0,0
9,33%,3,,6043,0,1,4,Chapecoense,30,2,22,291
-,,0,,2556,0,0,0,fluminense,23,0,0,0
0,,0,-,890,0,0,0,Palmeiras,29,0,0,0
15,42%,6,83%,8963,0,4,6,Vitoria,18,3,12,269
8,58%,2,83%,7691,0,1,1,Bragantino,5,3,11,537
0,,0,,3803,0,0,0,Athletico-PR,34,0,0,0
15,48%,3,82%,6988,1,2,5,FLUMINENSE,10,0,14,352
0,N/A,0,,8713,0,0,0,Criciuma,31,0,0,0
12,54%,2,,8924,0,2,9,Sport,14,1,8,444
5,null,1,90%,8952,0,4,3,Fluminense,17,0,9,452
8,51%,0,,5239,0,5,1,Ponte Preta,26,2,11,489
9,62%,1,85%,7474,0,3,2,Flamengo,21,2,16,534
0,,0,,2567,0,0,0,Gremio,25,0,0,0
0,,0,,1080,0,0,0,Flamengo,44,0,0,0
13,41%,0,,5664,0,3,4,Flamengo,30,1,21,  
12,55%,2,,7027,0,0,4,Fortaleza,15,0,12,498
8,null,1,88%,7284,0,3,4,Sport,2,1,18,448
0,,0,,3224,0,0,0,Corinthians,14,0,0,0
0,,0,,1984,0,0,0,  Parana,4,0,0,0
0,,0,,715,0,0,0,Paysandu,14,0,0,0
0,,0,,1541,0,0,0,CORITIBA,40,0,0,0
0,,0,,1265,0,0,0,  Sao Paulo,15,0,0,0
4,56%,0,,5878,1,2,3,Santos,14,0,25,471
12,46%,0,,5023,0,5,6,Palmeiras,4,3,21,409
8,51%,3,88%,9053,0,3,1,Fortaleza,27,2,16,321
0,,0,,3010,0,0,0,Santos,31,0,0,0
0,,0,,8418,0,0,0,Gremio,2,0,0,0
0,,0,,8452,0,0,0,CUIABA,5,0,0,0
0,,0,,1864,0,0,0,Corinthians,30,0,0,0
0,,0,,4277,0,0,0,Gremio,6,0,0,0
0,,0,,3557,0,0,0,Corinthians,12,0,0,-
0,,0,,4761,0,0,0,Gremio   ,15,0,0,0
0,,0,,3119,0,0,0,gremio,4,0,0,  
  ,,0,,2964,0,0,0,Atletico-MG,26,0,0,0
10,49%,4,79%,8206,0,3,3,Internacional,19,4,10,
0,,0,,4450,0,0,0,Internacional,23,0,0,0
0,,0,,4358,0,0,0,Nautico,14,0,0,0
0,,0,,689,0,0,0,Vitoria,12,0,0,0
0,,0,,863,0,0,0,Palmeiras,26,0,0,0
0,,0,,1878,0,-6,0,Goias   ,32,0,0,0
8,34%,0,,5259,0,4,2,Ponte Preta,28,4,18,278
5,27%,3,63%,7866,0,0,0,Goias,23,2,13,233
0,,0,,2054,0,0,0,Nautico   ,10,0,0,0
9,51%,2,,5936,0,2,6,Atletico-GO,20,1,27,331
14,-,4,88%,9111,0,6,5,Cruzeiro,33,2,16,304
8,46%,2,83%,6252,0,1,5,America-MG,13,1,8,453
17,49%,6,85%,6529,0,3,3,Athletico-PR,3,2,17,399
11,52%,7,86%,8071,1,5,3,Fluminense,5,3,10,469
13,46%,0,,5387,0,2,7,figueirense,3,2,21,403
0,,0,,4976,0,0,0,Bahia,37,0,0,0
9,  ,4,85%,7287,0,0,4,CORINTHIANS,3,2,14,458
0,,0,,8521,0,0,0,Bahia,12,0,0,0
9,,5, 89% ,8377,0,3,3,  Fluminense,36,0,9,730
16,59%,6,83%,7112,1,2,9,Internacional,23,4,18,400
14,48%,2,78%,7999,0,6,8,Juventude   ,36,0,22,283
0,,0,,3566,0,0,0,Ceara,12,0,0,0
10,45%,5,null,8968,0,1,10,Mirassol,19,1,12,364
11,61%,0,,5593,0,0,2,Gremio,23,3,9,576
4,33%,3,null,7029,0,1,1,Goias,15,1,11,
0,,0,,2438,0,0,0,Botafogo-RJ,12,0,0,0
23,40%,0,,5369,0,2,4,Atletico-MG,1,3,18,361
0,,0,,4249,0,0,0,Cruzeiro,3,0,0,0
18,66%,8,88%,7997,0,1,8,Fluminense   ,36,1,16,633
19,,7,88%,6130,0,4,9,Vasco,1,3,11,596
0,,0,,343,0,0,0,Juventude,29,0,0,0
10,48%,0,,5718,0,3,5,  Santos,36,3,11,395
23,64%,8,84%,7704,0,1,12,Fortaleza,7,0,13,486
11,36%,4,79%,7148,0,3,4,Fortaleza,27,1,22,293
0,,0,,1233,0,0,0,Atletico-MG,12,0,0,0
17,48%,6,84%,6138,0,1,5,Parana,2,2,16,413
16,73%,4,,5946,0,1,9,Corinthians,21,5,9,737
0,,0,,3576,0,0,0,corinthians,10,0,0,0
20,  ,5,80%,8191,0,3,7,Atletico-MG,17,1,21,356
0,,0,,2974,0,0,0,Flamengo,27,0,0,0
0,,0,,2292,0,0,0,Athletico-PR,35,0,0,0
9,37%,5,,6116,0,1,2,Gremio,38,1,20,298
9,36%,3,81%,6536,0,5,3,botafogo-rj,4,4,12,305
0,,0,,8457,0,0,0,PALMEIRAS,6,0,0,0
15,45%,7,88%,8987,0,1,5,Cruzeiro   ,21,0,10,304
0,,0,,1992,0,0,0,America-RN,5,0,0,  
-,58% un,9,,7348,0,2,3,Corinthians,9,0,11,540
0,,0,,3152,0,0,0,Ceara,7,0,0,0
0,,0,,4945,0,0,0,  Chapecoense,35,0,0,0
0,,0,,391,0,0,0,Fortaleza,33,0,0,0
0,,0,,8435,0,0,0,Criciuma,3,0,0,0
0,,0,,2990,0,0,0,Athletico-PR,29,0,0,0
0,,0,,1099,0,0,0,Flamengo,46,0,0,0
null,47%,3,82%,7051,0,1,3,Vasco,17,0,11,482
0,,0,,3507,0,0,0,Bahia,5,0,0,0
14,54%,4,83%,9165,0,2,2,Internacional,38,3,15,
0,,0,,4918,0,0,0,Vitoria,32,0,0,0
0,,0,,3490,0,0,0,  Figueirense,3,0,0,N/A
13,63%,6,,5913,0,4,3,Cruzeiro,17,2,15,514
0,,0,,1190,0,0,0,fluminense,8,0,0,0
6,35%,2,90%,8816,0,3,1,Ceara   ,4,1,14,304
null,38%,0,,5744,0,1,7,Vitoria,38,1,15,350
0,,0,,3257,0,0,0,  Guarani,18,0,0,0
,59%,4,84%,6641,1,3,3,bahia,14,1,19,428
0,,0,,3785,0,0,0,Coritiba,32,0,0,0
8,65%,0,83%,7240,0,1,3,Vasco   ,36,2,9,460
0,,0,,2720,0,0,0,Goias,2,0,0,0
4, 41% ,0,null,5380,0,2,1,Coritiba,2,3,15,451
null,,0,,3248,0,0,0,internacional,17,0,0,0
0,,0,,4483,0,0,0,Cruzeiro,26,0,0,0
0,,0,,2749,0,0,0,  Coritiba,5,0,0,0
0,,0,,2666,0,0,0,Vitoria,34,0,0,null
5,40%,3,78%,9036,0,4,1,Juventude   ,26,2,15,189
  ,,0,,2266,0,0,0,Flamengo,32,0,0,0
null,,0,,4935,0,0,0,Criciuma,33,0,0,0
N/A,37%,4,75% un,7794,1,2,2,Coritiba,15,1,11,288
10,49%,3,80%,8375,0,3,4,Goias,35,0,18,N/A
19,46%,6,,5072,0,2,13,Goias,9,6,15,371
17,38%,6,,6045,0,3,6,Botafogo-RJ,30,2,19,375
6,33%,4,73%,8266,1,2,2,BAHIA,25,3,13,272
6,57%,0,-,5641,0,4,8,corinthians,28,0,16,495
,,0,,1899,0,0,0,Juventude   ,34,0,0,0
0,,0,,3895,0,0,0,Atletico-GO,5,0,0,0
0,,0,null,1729,0,0,0,Sao Caetano,17,0,0,0
0,,0,,2471,0,0,0,Gremio,15,0,0,0
0,,0,,4610,0,0,0,Athletico-PR,1,0,0,0
0,,0,,1908,0,0,0,Internacional,35,0,0,0
15,54%,3,85%,7466,0,2,8,CHAPECOENSE,21,1,16,461
0,,0,,3552,0,0,0,Bahia,9,0,0,0
0,,0,,4042,0,0,0,Corinthians,20,0,0,
10,28%,4,61%,8234,1,3,2,Athletico-PR,21,1,9,226
0,,0,,2470,0,0,0,Vasco,15,0,0,
0,,0,,4863,0,-5,0,Vitoria,25,0,0,0
N/A,,0,,4657,0,0,0,  Internacional,6,0,0,0
0,,0,,3087,0,0,0,Santos,1,0,0,0
0,,0,,1818,0,0,0,Athletico-PR,26,0,0,0
0,,0,,8482,0,0,0,Internacional,8,0,0,0
0,,0,,3137,0,0,0,Athletico-PR,6,0,0,
0,,0,,199,0,0,0,Juventude,17,0,0,0
0,,0,,1596,0,0,0,Cruzeiro,3,0,0,0
0,,0,,9,0,0,0,Cruzeiro,1,0,0,0
0,,0,,1869,0,0,0,FLUMINENSE,31,0,0,0
0,,0,,2479,0,0,0,Portuguesa,16,0,0,0
0,,0,,3700,0,0,0,Botafogo-RJ,24,0,0,0
0,,0,,297,0,0,0,VITORIA,25,0,0,0
0,,0,,2360,0,0,0,Sao Paulo,4,0,0,0
0,,0,,2866,0,0,0,  Internacional,16,0,0,0
15,61%,0,,5374,0,1,10,Corinthians,1,2,12,579
0,,0,,2400,0,0,0,Cruzeiro,8,0,0,0
10,67%,0,,5318,0,0,6,Corinthians,34,1,5,698
0,,0,,2398,0,0,0,  Goias,8,0,0,0
4,35%,0,,5618,1,2,1,FIGUEIRENSE,26,0,17,311
0,,0,,4331,0,0,0,Fluminense,11,0,0,0
0,,0,,81,0,0,0,guarani,7,0,0,0
0,,0,,336,0,0,0,  Atletico-MG,28,0,0,0
8,38%,4,78%,7157,0,2,3,athletico-pr,28,1,21,329
0,,0,,3218,0,0,0,Palmeiras,14,0,0,0
17,45%,2,79%,8027,0,3,11,America-MG,1,2,25,333
17,65%,9,87%,7419,0,4,6,flamengo,16,2,14,637
0,,0,,2772,0,0,0,Nautico,7,0,0,0
0,,0,,3998,0,0,0,  Figueirense,16,0,0,0
25,52%,0,,5450,0,1,11,Vitoria,9,2,20,  
0,,0,,3880,0,0,0,Gremio,4,0,0,0
0,N/A,0,,2419,0,0,0,Athletico-PR,11,0,0,0
0,,0,,3277,0,0,0,Fluminense,20,0,0,0
0,,0,,2242,0,0,0,Atletico-MG,30,0,0,0
0,,0,,1859,0,0,0,Figueirense,30,0,0,0
  ,76%,0,,5419,0,2,11,Corinthians,6,1,13,718
0,,0,,3071,0,0,0,Gremio,37,0,0,
0,-,0,,4982,0,0,0,botafogo-rj,38,0,0,0
0,,0,,775,0,0,0,palmeiras,19,0,0,0
9,36%,5,76%,7414,0,2,2,Internacional,15,0,15,331
0,,0,,384,0,0,0,Sao Caetano,32,0,0,0
  ,,0,,2848,0,0,0,Coritiba,15,0,0,N/A
0,,0,,4860,0,0,0,Bahia,25,0,0,0
7,44%,2,89%,9018,1,5,7,Botafogo-RJ,24,1,12,272
0,,0,,2259,0,0,0,BOTAFOGO-RJ,32,0,0,0
22,  ,5,87%,6207,0,2,6,Atletico-MG,9,0,15,568
0,,0,,1199,0,0,0,SANTOS,9,0,0,0
14,48%,7,89%,9010,0,3,7,Sport,23,0,9,308
0,,0,,1647,0,0,0,Cruzeiro,9,0,0,0
0,,0,,4506,0,0,0,Goias,28,0,0,0
0,,0,,702,0,0,0,Parana   ,13,0,0,0
0,,0,,692,0,0,0,Parana,12,0,0,0
5,42%,0,,5172,1,1,2,Figueirense,19,1,18,330
0,,0,,820,0,0,0,Gremio,23,0,0,0
17,41%,4,75%,7048,0,3,3,Ceara,17,2,16,389
0,,0,,4404,0,0,0,Botafogo-RJ,18,0,0,0
0,,0,-,3204,0,0,0,Atletico-MG,12,0,0,0
0,,0,,4538,0,0,0,coritiba,32,0,0,0
0,,0,,8784,0,0,0,Palmeiras   ,38,0,0,0
0,,0,,2725,0,0,0,sport,2,0,0,0
12,43%,5,,6085,0,0,4,Chapecoense,34,1,10,374
0,,0,,2540,0,0,0,  Palmeiras,22,0,0,0
16,61%,6,85%,6783,0,0,6,Sao Paulo,28,3,9,543
0,,0,,8542,0,0,0,  Gremio,14,0,0,0
0,,0,,1925,0,0,0,Ponte Preta,36,0,0,0
0,,0,,3246,0,0,0,Atletico-GO,16,0,0,0
14,52%,0,,5073,0,1,6,PONTE PRETA,9,2,16,408
7,42%,1,72%,6920,0,3,3,Atletico-GO,4,2,17,337
0,,0,,3561,0,0,0,America-MG,12,0,0,0
16,59%,6,86%,8051,0,3,1,Atletico-MG   ,3,2,18,574
0,,0,,3308,0,0,0,Cruzeiro,23,0,0,0
0,,0,,2590,0,0,0,coritiba,27,0,0,0
15,56%,5,86%,6167,0,2,7,Cruzeiro,5,4,18,481
0,,0,,1803,0,0,0,Sao Caetano,24,0,0,0
0,,0,,1251,0,0,0,Sao Paulo,14,0,0,0
0,,0,,423,0,0,0,Sao Caetano,36,0,0,0
0,,0,,4372,0,0,0,Flamengo,15,0,0,0
12,47%,3,,5961,0,2,1,Athletico-PR,22,1,11,476
10,49%,3,,5936,0,3,5,Coritiba,20,0,20,339
8,48%,3,77%,6209,0,4,5,Palmeiras,9,2,22,303
0,,0,,3984,0,0,0,  Cruzeiro,14,0,0,0
0,,0,,3672,0,0,0,Coritiba,21,0,0,0
11,58%,5,83%,6960,0,2,2,Athletico-PR   ,7,1,15,503
0,,0,,527,0,0,0,Bahia,44,0,0,-
8,52%,2,90%,9111,0,3,1,Fluminense,33,1,16,349
0,,0,,3580,0,0,0,Figueirense,11,0,0,0
0,,0,,1483,0,0,0,athletico-pr,35,0,0,0
15,30%,6,72%,7876,1,2,3,Goias,24,1,14,211
13,53%,5,79%,7739,0,1,8,Atletico-GO,10,1,12,429
0,,0,,2890,0,0,0,Fluminense,19,0,0,0
0,,0,,8719,0,0,0,Athletico-PR,32,0,0,0
0,,0,,1270,0,0,0,Cruzeiro,16,0,0,0
18,59%,0,N/A,5572,0,0,8,Santa Cruz,21,2,16,484
0,,0,,1934,0,0,0,CRUZEIRO,37,0,0,0
11,48%,5,76%,7363,0,3,3,SAO PAULO,10,4,24,396
0,,0,,4215,0,0,0,Internacional,37,0,0,0
0,,0,,2466,0,0,0,Atletico-MG,13,0,0,0
0,,0,,2951,0,0,0,Santo Andre,25,0,0,0
0, null ,0,,4144,0,0,0,Palmeiras,30,0,0,0
0,,0,,4394,0,0,0,Corinthians,17,0,0,0
0,,0,,2830,0,0,0,Santos   ,13,0,0,0
17,57%,7,88%,8064,0,6,6,palmeiras,4,1,29,524
0,,0,,2954,0,0,0,Botafogo-RJ,25,0,0,0
0,,0,,3689,0,0,0,Palmeiras,23,0,0,0
0,,0,,3363,0,0,0,Corinthians,28,0,0,0
18,54%,9,86%,7356,0,2,7,  Santos,10,2,17,503
10,52%,2,75%,6346,0,1,4,sport,23,2,19,436
0,,0,,4133,0,0,0,Flamengo,29,0,0,0
0,,0,,3847,0,0,0,Palmeiras,1,0,0,0
0,,0,,4163,0,0,0,Santos,32,0,0,null
0,,0,-,666,0,0,0,Flamengo,10,0,0,0
18,70%,8,-,6133,0,1,3,ATHLETICO-PR,1,3,10,646
10,60%,0,,5711,0,0,10,Flamengo,35,1,11,495
0,,0,,914,0,0,0,Guarani,31,0,0,0
5,22%,1,65%,6166,0,4,1,Internacional,5,0,24,212
  ,,0,,281,0,0,0,Juventude,24,0,0,0
0,N/A un,0,,1998,0,0,0,  Figueirense,12,0,0,0
0,-,0,-,2718,0,0,0,Gremio,2,0,0,0
0,,0,,2230,0,0,0,Vasco,28,0,0,0
12,43%,2,,5192,0,3,0,Fluminense   ,21,0,23,372
null,54%,5,91%,8920,0,0,4,Sao Paulo,14,0,16,469
0,,0,N/A,2215,0,0,0,Vasco,26,0,0,0
0,,0,,2974,0,-4,0,Fluminense,27,0,0,0
0,,0,,4960,0,0,0,Criciuma,36,0,0,0
8,57%,0,,5623,0,1,4,sao paulo,26,2,12,476
21,53%,8,85%,7562,0,0,5,SAO PAULO,29,4,17,494
0,,0,  ,1420,0,-10,0,  Vasco,29,0,0,0
14,49%,4,79%,8355,0,1,7,Cruzeiro,33,3,12,372
0,,0,,2895,0,0,0,Barueri,19,0,0,0
7,33%,3,80%,8082,0,2,5,Corinthians,6,0,16,344
0,,0,,4868,0,0,0,Santos,26,0,0,0
4,43%,0,N/A,5351,0,3,2,Joinville,37,1,13,null
0,,0,,530,0,0,0,Figueirense,45,0,0,0
0,,0,,8703,0,0,0,Internacional,30,0,0,0
0,,0,,2448,0,0,0,Figueirense,14,0,0,0
23,63%,8,null,6087,0,4,8,Cruzeiro,35,1,10,626
0,,0,,74,0,0,0,Bahia,7,0,0,0
18,47%,6,73%,8338,0,3,2,Palmeiras   ,32,2,17,386
0,,0,,4278,0,0,0,Flamengo,6,0,0,0
11,  ,3,87%,7732,0,3,9,Flamengo,9,2,9,526
0,,0,,2233,0,0,0,Gremio,28,0,0,0
0,,0,,3726,0,0,0,Palmeiras,26,0,0,0
0,,0,,118,0,0,0,Figueirense,10,0,0,0
5,36%,2,76%,7952,0,5,0,Ceara,31,1,18,328
0,,0,,2699,0,0,0,Internacional   ,38,0,0,0
10,42%,0,,5378,0,5,5,Santa Cruz,2,0,23,341
0,,0,,3573,0,0,0,Bahia,10,0,0,0
14,N/A,0,,5062,0,4,5,Cruzeiro,8,2,9,526
17,56%,7,84%,6856,0,3,9,Internacional,36,1,14,475
0,  ,0,,1542,0,0,0,  Fortaleza,40,0,0,0
0,,0,,317,0,0,0,Athletico-PR,27,0,0,0
0,,0,,1342,0,0,0,CORINTHIANS,22,0,0,0
0,  ,0,,3338,0,0,0,Flamengo,26,0,0,0
14,47%,4,83%,7529,1,4,6,Internacional,27,0,21,423
14,null,0,,5264,0,1,7,Sao Paulo,28,2,13,402
19,65%,8,87%,7919,0,0,5,Corinthians,28,1,5,611
13,38%,0,,5033,0,2,3,Gremio,5,6,22,397
7,47%,1,80%,7398,0,2,5,Gremio,14,0,19,473
18,-,8,,6037,0,1,10,santos,30,4,15,542
0,,0,,1900,0,0,0,Fortaleza,34,0,0,0
9, 53% ,2,80%,7061,0,4,8,Santos,18,3,18,301
0,,0,-,4855,0,0,0,Botafogo-RJ,24,0,0,0
0,,0,,2625,0,0,0,Nautico,30,0,0,0
0,null,0,,4269,0,0,0,Portuguesa,5,0,0,0
0,,0,,3716,0,0,0,Atletico-GO,25,0,0,0
11,35%,4,68%,6175,0,3,2,  America-MG,5,3,18,287
0,,0,,803,0,0,0,  Cruzeiro,21,0,0,0
0,,0,,3991,0,0,0,Figueirense,15,0,0,0
0,,0,,1472,0,0,0,Vasco   ,34,0,0,0
0,,0,,868,0,0,0,Gremio,27,0,0,0
11,54%,4,81%,7215,0,0,5,  Corinthians,33,2,25,417
0,,0,,2143,0,0,0,Internacional,19,0,0,0
11,60%,4,90%,9109,0,1,7,Sao Paulo,33,1,10,497
0,,0,,1241,0,0,0,Goias,13,0,0,0
,70%,0,,5379,0,3,5,Cruzeiro,2,1,11,533
0,,0,,1319,0,0,0,Figueirense,20,0,0,0
0,,0,,1857,0,0,0,Vasco,30,0,0,0
0,,0,,3355,0,0,0,Avai,27,0,0,0
0,,0,,8551,0,0,0,Vasco,15,0,0,0
13,49%,4,84%,6376,0,1,6,Sao Paulo,26,1,14,452
0,,0,,2595,0,0,0,Portuguesa,27,0,0,0
0,,0,,2897,0,0,0,  Santos,20,0,0,0
15,57%,6,89%,8230,0,5,5,ATLETICO-MG,21,2,22,471
22,59%,8,  ,7109,0,2,10,Palmeiras,23,4,16,470
0,null,0,,3923,0,0,0,Santos,8,0,0,N/A
11,26%,4,67%,6304,0,4,1,  Vasco,20,0,15,256
19,47%,5,77%,7033,0,1,11,Bragantino,15,2,18,336
0,,0,,6517,0,0,0,palmeiras,2,0,0,0
0,,0,,248,0,0,0,Vitoria,21,0,0,0
,,0,,3383,0,0,0,Gremio Prudente,30,0,0,0
27,66%,0,,5397,0,1,15,cruzeiro,4,1,7,544
0,,0,,563,0,0,0,Fluminense,1,0,0,0
3,47%,1,86%,8813,0,4,3,Santos,3,2,15,319
0,,0,,3076,0,0,0,  Vitoria,37,0,0,0
14,45%,2,,5771,0,3,6,Cruzeiro,3,0,14,427
0,,0,,2192,0,0,0,Atletico-MG,24,0,0,0
12,61%,7,-,7066,1,3,4,Botafogo-RJ,19,1,17,493
17,58%,5,91%,8864,0,1,7,Internacional,8,1,10,502
0,,0,,8592,0,0,0,  Criciuma,19,0,0,0
0,,0,,3713,0,0,0,Figueirense   ,25,0,0,0
,,0,N/A,3329,0,0,0,Guarani   ,25,0,0,0
0,,0,,8743,0,0,0,Atletico-MG,34,0,0,  
  ,,0,,4581,0,0,0,Flamengo,36,0,0,0
0,,0,,3812,0,0,0,Avai,35,0,0,0
0,,0,,494,0,0,0,Paysandu,42,0,0,0
9,48%,3,78%,8007,1,5,7,corinthians,37,1,8,375
0,,0,,1438,0,0,0,santos,31,0,0,0
11,47%,4,,5850,0,4,4,Atletico-MG,11,3,23,-
0,,0,,4429,0,0,0,Criciuma,21,0,0,0
16,54%,8,83%,8169,0,7,8,Fluminense,15,1,25,448
11,45%,5,80%,7507,0,3,5,ceara,25,2,10,352
0,,0,,8514,0,0,0,fortaleza,11,0,0,0
22,-,8,91%,8817,0,0,9,botafogo-rj,4,1,8,
0,,0,-,8436,0,0,0,  Vasco,4,0,0,0
0,  ,0,,4838,0,0,0,criciuma,23,0,0,0
  ,,0,,1521,0,0,0,Sao Caetano,38,0,0,0
9,38%,4,76%,8018,0,4,3,Juventude,38,0,16,297
0,,0,,2506,0,0,0,Cruzeiro,18,0,0,0
10,55%,0,,5652,0,2,3,Internacional,29,0,15,426
0,,0,,1637,0,0,0,Juventude,8,0,0,0
0,,0,,3516,0,0,0,Corinthians,5,0,0,0
0,  ,0,N/A,1842,0,0,0,Athletico-PR,28,0,0,0
0,,0,  ,3404,0,0,0,Cruzeiro,32,0,0,0
11,48%,5,78%,6171,0,5,3,Bahia,5,1,20,
0,,0,,660,0,0,0,Santos,9,0,0,0
0,,0,,1613,0,-3,0,Cruzeiro,5,0,0,0
0,,0,,8731,0,0,0,Juventude,33,0,0,0
0,,0,,387,0,0,0,Flamengo,33,0,0,0
12,33%,0,,4927,0,2,5,Coritiba,33,4,24,212
0,,0,,2880,0,0,0,Flamengo,18,0,0,0
11,49%,0,,5309,0,5,4,joinville,33,0,17,330
10,55%,5,82%,8199,1,4,0,Fluminense,18,3,18,422
0,,0,,2309,0,0,0,Sao Paulo,37,0,0,0
0,,0,,359,0,0,0,  Fluminense,30,0,0,0
0,,0,,652,0,0,0,Gremio,9,0,0,0
16,66%,5,87%,7619,0,5,10,Corinthians,36,1,14,660
0,,0,,518,0,0,0,Juventude,44,0,0,0
25, 57% ,11,null,6827,0,2,10,Santos,34,4,16,456
0,,0,,4941,0,0,0,Vitoria,35,0,0,0
0,,0,,2761,0,0,0,Fluminense,6,0,0,0
0,,0,,4811,0,0,0,Coritiba,20,0,0,0
0,,0,,900,0,0,0,Coritiba,29,0,0,0
13,62%,2,,6075,0,3,7,Fluminense   ,33,2,11,435
0,,0,,4845,0,0,0,  Palmeiras,23,0,0,0
0,,0,,3222,0,0,0,Fluminense   ,14,0,0,0
0,,0,,4318,0,0,0,ATHLETICO-PR,10,0,0,0
12,61%,5,83%,7802,0,1,6,Palmeiras,16,2,15,454
0,,0,,1828,0,0,0,juventude,27,0,0,0
0,,0,,3529,0,0,0,America-MG,7,0,0,0
11,65%,3,87%,7972,0,1,6,Internacional,33,2,10,
13,42%,0,,5686,0,0,5,America-MG,32,1,8,398
13,54%,3,81%,7856,0,2,2,Avai,22,2,10,391
0,,0,,645,0,0,0,Guarani   ,8,0,0,0
0,,0,,1069,0,0,0,Ponte Preta,44,0,0,0
17,51%,0,,5416,0,2,5,Flamengo,5,1,14,391
9,29%,4,,6105,0,2,2,avai,36,6,9,284
  ,49%,1,77%,6145,0,3,7,Botafogo-RJ,2,0,15,375
0,,0,,4937,0,0,0,Sao Paulo   ,35,0,0,0
15,45%,7,72%,8248,0,2,9,Cruzeiro,23,1,13,354
23,58%,5,85%,6732,0,1,15,Ceara,23,2,7,411
0,,0,N/A,3448,0,0,0,corinthians,37,0,0,0
0,,0,,4952,0,0,0,Cruzeiro,34,0,0,0
0,,0,,1808,0,0,0,Internacional,25,0,0,0
0,,0,,3559,0,0,0,botafogo-rj,12,0,0,0
0,,0,,8681,0,0,0,Atletico-GO,28,0,0,N/A
0,,0,,3007,0,0,0,Palmeiras,31,0,0,0
9,36%,2,,6823,0,4,3,Fortaleza,32,0,13,283
,28%,5,68%,7063,0,6,1,Internacional,18,1,16,244
0,,0,,2442,0,0,0,Palmeiras,12,0,0,0
9,35%,3,80%,8265,0,3,3,Cuiaba,24,1,14,311
0,,0,  ,6541,0,0,0,ATLETICO-MG,4,0,0,0
14,32%,8,80%,6318,0,3,5,athletico-pr,19,3,15,263
8,53%,3,,6014,0,2,4,Corinthians,28,2,16,515
0,,0,,2085,0,0,0,botafogo-rj,13,0,0,0
,,0,,4456,0,0,0,Vasco,23,0,0,0
0,,0,,3274,0,0,0,Sao Paulo,19,0,0,0
0,,0,,2227,0,0,0,Athletico-PR,28,0,0,0
0,,0,,2637,0,0,0,PORTUGUESA,32,0,0,0
0,,0,null,206,0,0,0,Internacional,18,0,0,0
19,58%,5,-,9164,0,-2,6,Atletico-MG,38,3,11,614
0,,0,,6595,0,0,0,  Athletico-PR,9,0,0,0
  ,39%,4,68%,8087,0,3,5,Athletico-PR,7,3,12,291
0,,0,,4118,0,0,0,Portuguesa,28,0,0,0
7,44%,0,,5514,0,3,7,Sao Paulo,15,5,26,355
11,44%,4,72%,7031,1,2,7,GREMIO,15,2,14,314
9,47%,3,,5781,0,4,6,Atletico-MG,4,2,12,363
7,  ,1,,5780,0,4,2,Avai,4,0,26,322
18,60%,5,83%,8179,0,3,11,Bahia,16,2,13,482
0,,0,,6,0,0,0,Fluminense,1,0,0,0
0,,0,,2381,0,0,0,Botafogo-RJ,6,0,0,0
0,,0,,590,0,0,0,  Criciuma,4,0,0,0
19,65%,0,,5347,0,1,4,Sao Paulo,37,0,16,526
0,,0,,1443,0,0,0,ATLETICO-MG,31,0,0,0
0,,0,,3237,0,0,0,Goias,16,0,0,N/A
0,,0,,4612,0,0,0,Cruzeiro,1,0,0,0
16,58%,5,,6009,0,2,2,Flamengo,28,5,17,423
0,,0,,1495,0,0,0,Coritiba,36,0,0,0
11,60%,0,,5605,0,4,5,Gremio,24,5,23,444
0,,0,,3506,0,0,0,Flamengo,4,0,0,0
13, null ,6,,5766,0,3,7,Fluminense   ,3,1,11,421
N/A,45%,6,85%,7220,0,1,1,Fluminense,34,2,11,435
0,null,0,,4464,0,0,0,Santos,24,0,0,0
9,53%,3,84%,6309,0,0,4,  Santos,18,1,8,407
22,66%,7,93%,8919,0,1,6,botafogo-rj,14,1,10,572
0,,0,,4543,0,0,0,Corinthians,32,0,0,0
0,,0,,1280,0,0,0,Santos   ,16,0,0,0
,63%,4,,6090,0,1,3,Corinthians,35,0,12,503
0,,0,,4555,0,0,0,Criciuma,33,0,0,0
0,,0,,1096,0,0,0,guarani,46,0,0,0
0,,0,,4680,0,0,0,internacional,8,0,0,null
0,,0,,1864,0,0,0,Cruzeiro,30,0,0,0
0,,0,,8419,0,0,0,Cruzeiro,2,0,0,0
  ,,0,,4507,0,0,0,  Fluminense,29,0,0,0
0,,0,,4096,0,0,0,Ponte Preta,25,0,0,0
0,,0,,684,0,0,0,Atletico-MG,11,0,0,0
0,,0,,1857,0,0,0,Palmeiras,30,0,0,0
0,,0,,2726,0,0,0,Nautico,2,0,0,0
11,N/A,5,,8888,0,1,7,Sport,11,0,21,414
27,63%,12,91%,7820,0,3,5,Flamengo,18,2,14,550
0,,0,,501,0,0,0,Figueirense,42,0,0,0
0,,0,,3881,0,0,0,Fluminense,4,0,0,0
0,,0,,1779,0,0,0,  Palmeiras,22,0,0,0
-,,0,,2002,0,0,0,Nautico,12,0,0,0
0,,0,,834,0,0,0,Palmeiras,24,0,0,0
0,,0,,1587,0,0,0,Fortaleza,3,0,0,0
N/A,64%,7,88%,7871,0,2,17,Cuiaba,23,4,8,484
0,,0,,1983,0,0,0,Flamengo,4,0,0,0
0,,0,,248,0,0,0,Coritiba,21,0,0,0
0,,0,,1617,0,0,0,Athletico-PR,6,0,0,0
17,65%,3,88%,6487,0,3,10,Athletico-PR,37,5,19,530
,,0,,3926,0,0,0,Corinthians,8,0,0,0
0,,0,,2854,0,0,0,Avai   ,15,0,0,0
0,,0,,3080,0,0,0,Palmeiras,38,0,0,0
0,,0,,4068,0,0,0,Ponte Preta   ,23,0,0,0
0,,0,,8549,0,0,0,Juventude,15,0,0,0
0,  ,0,,2553,0,0,0,SAO PAULO,23,0,0,0
0,,0,,3572,0,0,0,internacional,10,0,0,0
0,,0,,1646,0,0,0,VASCO,8,0,0,0
0,N/A,0,,4064,0,0,0,Botafogo-RJ,22,0,0,0
13,62%,3,,5934,0,1,8,  Santos,19,0,16,N/A
0,,0,,6690,0,0,0,Athletico-PR,19,0,0,0
0,-,0,,4770,0,0,0,Coritiba,16,0,0,0
18,42%,9,76%,6939,0,4,5,bragantino,11,2,24,308
7,29%,3,82%,7146,0,0,3,Coritiba,27,2,13,277
0,,0,,6801,0,0,0,Athletico-PR,30,0,0,0
0,,0,,4542,0,0,0,Santos,32,0,0,0
0,,0,,2232,0,0,0,Internacional   ,28,0,0,0
14,52%,0,,5028,2,1,6,Vasco,5,0,15,441
0,,0,,8689,0,0,0,Botafogo-RJ,29,0,0,0
N/A,38%,0,,5053,0,3,6,Goias,7,1,19,279
0,,0,,3344,0,0,0,Gremio,26,0,0,0
0,,0,,1251,0,0,0,Sao Paulo,14,0,0,0
16,53%,6,86%,7753,0,2,6,Palmeiras,11,2,13,466
12,39%,5,77%,7789,1,3,2,Internacional,15,0,20,257
0,,0,,2620,0,0,0,Sao Paulo,30,0,0,0
18,62%,5,84%,7329,0,1,6,Athletico-PR,7,0,12,519
23,null,6,87%,7777,0,1,10,Bragantino,14,3,11,560
13,42%,5,88%,8792,0,3,2,Botafogo-RJ,1,0,21,323
18,68%,3,86%,6188,0,1,14,atletico-mg,7,0,15,599
0,,0,  ,1457,0,0,0,Goias,33,0,0,0
,53%,6,78%,6844,0,2,16,GOIAS,33,1,16,384
0,,0,,3761,0,0,0,Corinthians,30,0,0,0
8,49%,0,,4995,1,1,3,Santos,1,2,11,452
0,,0,,4604,0,0,0,Internacional,38,0,0,0
0,,0,,4791,0,0,0,Sport,18,0,0,0
9,41%,0,,5113,0,2,2,Fluminense,13,2,11,322
0,,0,,2237,0,0,0,GREMIO,30,0,0,0
0,,0,  ,8647,0,0,0,Botafogo-RJ,25,0,0,0
22,65%,0,,5492,0,3,6,Ponte Preta,13,0,20,480
0,,0,,985,0,0,0,Atletico-MG,37,0,0,0
9,48%,3,82%,6311,0,3,2,Cruzeiro,18,2,17,402
0,,0,,2882,0,0,0,cruzeiro,18,0,0,0
0,,0,,3148,0,0,0,Flamengo,7,0,0,0
6,41%,3,,6057,0,3,1,Botafogo-RJ,32,0,16,351
23,63%,12,83%,6803,0,1,9,Santos,30,1,16,480
0,,0,,3798,0,0,0,Figueirense,34,0,0,0
0,,0,,4556,0,0,0,Santos,33,0,0,0
0,,0,,1625,0,0,0,Santos,6,0,0,0
0,,0,,3288,0,0,0,gremio,21,0,0,0
0,,0,,3322,0,0,0,Internacional,24,0,0,0
12,36%,3,76%,7710,0,2,5,Athletico-PR,6,1,12,290
13,51%,7,82%,6254,0,6,2,PALMEIRAS,13,0,16,429
0,,0,,62,0,0,0,Bahia,6,0,0,0
13,49%,5, 80% ,8086,0,3,6,GOIAS,7,6,13,423
0,,0,,2686,0,0,0,Palmeiras,36,0,0,0
0,,0,,621,0,0,0,Gremio,6,0,0,0
0,,0,,1146,0,0,0,  Palmeiras,4,0,0,0
0,,0,,4234,0,0,0,Coritiba,1,0,0,0
0,,0,,616,0,0,0,Flamengo,6,0,0,0
,,0,,4601,0,0,0,Bahia   ,38,0,0,0
0,,0,  ,3491,0,0,0,Flamengo,3,0,0,0
0,,0,,2590,0,0,0,Athletico-PR,27,0,0,N/A
8,61%,0,,5359,0,4,5,Fluminense,38,1,18,421
0,,0,,530,0,0,0,Goias,45,0,0,0
0,,0,,3125,0,0,0,Vasco,4,0,0,0
15,44%,5,73%,7672,0,3,4,Fortaleza,4,4,14,335
  ,,0,,140,0,0,0,Coritiba,12,0,0,0
9,47%,3,,7427,0,1,2,Bahia,17,0,15,425
0,,0,,485,0,0,0,Fluminense   ,41,0,0,0
11,56%,5,79% un,8001,0,0,10,Internacional,36,1,5,442
,,0,,970,0,0,0,Flamengo   ,35,0,0,0
11,42%,0,,5734,0,3,4,Figueirense,37,0,26,null
4,  ,3,85%,8830,0,7,5,Sao Paulo,5,2,16,310
null,,0,,310,0,0,0,Guarani   ,26,0,0,0
7,57%,5,89%,9125,1,2,7,Botafogo-RJ,37,2,14,373
0,,0,,872,0,0,0,Vasco,27,0,0,N/A
21,41%,9,88%,8889,0,2,7,Gremio,11,0,15,310
11,37%,5,77%,7076,0,2,3,Fortaleza,20,4,14,297
0,,0,null,4925,0,0,0,Flamengo,32,0,0,0
0,,0,,1787,0,0,0,Santa Cruz   ,23,0,0,0
9,20%,1,66%,7782,0,3,1,BOTAFOGO-RJ,14,1,18,182
0,,0,,3059,0,0,0,Athletico-PR,36,0,0,0
0,,0,,1590,0,0,0,Corinthians,3,0,0,0
  ,,0,,4759,0,0,0,Flamengo,15,0,0,0
0,,0,,3050,0,0,0,CORITIBA,35,0,0,0
0,,0,,8484,0,0,0,bahia,8,0,0,0
6,41%,0,,5277,0,3,3,Internacional,30,2,11,352
15,43%,7,84%,7005,0,1,5,fluminense,12,0,16,409
0,,0,,3532,0,0,0,Botafogo-RJ,7,0,0,0
10,44%,3,70%,7817,0,3,9,  Fortaleza,18,1,18,319
0,,0,,3139,0,0,0,Gremio Prudente,6,0,0,0
0,,0,,4747,0,0,0,Criciuma,14,0,0,0
10,31%,3,73%,6576,0,0,0,Vasco,8,0,13,288
13,38% un,0,,5542,0,3,4,Santa Cruz,18,0,18,368
0,,0,,2863,0,0,0,Goias,16,0,0,0
16,45%,0,,5415,0,5,4,Palmeiras,5,3,24,330
19,48%,4,76%,8329,0,2,11,Gremio,31,0,7,395
0,,0,,315,0,0,0,juventude,27,0,0,0
30,69%,8,,5986,0,2,11,flamengo,25,0,14,515
0,,0,,3217,0,0,0,  Flamengo,14,0,0,0
0,,0,,1688,0,0,0,Cruzeiro,13,0,0,0
6,52%,2,82%,6307,0,4,2,  America-MG,18,1,13,482
15,55%,6,80%,6882,0,1,4,Gremio   ,38,2,8,392
-,56%,0,,5120,0,2,7,  Athletico-PR,14,2,14,N/A
0,,0,,1057,0,0,0,FIGUEIRENSE,43,0,0,
0,,0,,1609,0,0,0,  Santos,5,0,0,0
9,60%,1,78%,6563,0,4,4,Sao Paulo,6,3,14,438
0,,0,,1908,0,0,0,Fortaleza,35,0,0,  
0,,0,,4161,0,0,0,Sao Paulo,32,0,0,0
0,,0,,1578,0,0,0,Goias,2,0,0,0
14,52%,3,77%,7151,0,3,6,Bahia,27,0,18,377
-,,0,,1141,0,0,0,Figueirense,4,0,0,0
,,0,,2300,0,0,0,Corinthians,36,0,0,0
,,0,,7,0,0,0,Sao  Paulo,1,0,0,0
0,,0,,824,0,0,0,Santos,23,0,0,0
,55%,9,91%,8968,0,1,11,  Flamengo,19,0,22,340
N/A,,0,,1184,0,0,0,Figueirense   ,8,0,0,N/A
0,,0,,2325,0,0,0,Botafogo-RJ,38,0,0,0
11,36%,4,,6100,0,3,5,Botafogo-RJ,36,1,17,327
0,,0,,190,0,0,0,Ponte Preta,16,0,0,0
8,27%,2,,5845,0,2,2,Avai,10,0,10,231
0,,0,,180,0,0,0,Ponte  Preta,15,0,0,0
0,,0,,4566,0,0,0,Nautico,34,0,0,0
10,41%,0,,5783,0,3,5,Vasco,4,1,13,374
10,49%,4,80%,6971,0,0,2,Fluminense,8,2,13,-
11,57%,4,80%,6384,1,2,7,Chapecoense   ,26,1,19,394
0,,0,,265,0,0,0,Cruzeiro   ,23,0,0,0
19,-,2,81%,7799,0,1,11,coritiba,16,0,19,350
0,,0,,4743,0,0,0,FIGUEIRENSE,13,0,0,0
13, 48% ,1,88%,6238,0,2,2,Fluminense,12,1,16,501
10,70%,2,92%,8893,0,2,8,Corinthians   ,11,5,8,609
10,48%,6,,6102,0,2,5,Atletico-MG,36,1,10,398
8,36%,4,75%,6295,0,1,2,Internacional,17,1,13,329
10,37%,0,,5556,0,3,6,BOTAFOGO-RJ,19,4,16,292
0,null,0,,4847,0,0,0,Criciuma,24,0,0,0
15,54%,5,,6001,0,2,8,Sport,26,0,15,496
0,,0,,3284,0,0,0,Santos,20,0,0,0
0,,0,,2352,0,0,0,Sport,3,0,0,0
23,44%,4,80%,7641,0,4,4,Bragantino,38,3,23,370
10,46%,4,90%,8924,0,4,5,Atletico-MG,14,2,11,343
15,42%,3,83%,7962,0,2,9,Avai,32,2,12,407
9,45%,6,85%,7590,0,1,5,Cuiaba,32,3,9,444
0,,0,,478,0,0,0,Vitoria,40,0,0,0
0,,0,,3340,0,0,0,Guarani,26,0,0,0
0,,0,,1727,0,0,0,FORTALEZA,17,0,0,0
10,24%,5,66%,6402,1,3,5,Bahia,28,0,25,203
14,54%,3,85%,7574,0,4,3,internacional,31,0,15,483
0,,0,,4297,0,0,0,Botafogo-RJ,8,0,0,0
0,,0,,1036,0,0,0,Corinthians,41,0,0,0
0,,0,,479,0,0,0,Vasco,40,0,0,0
17,35%,5,79%,8273,2,5,5,Santos,25,4,19,292
13,37%,4,79%,7024,0,2,3,Ceara,14,2,12,350
0,-,0,,3503,0,0,0,Bahia,4,0,0,null
0,,0,,177,0,0,0,Cruzeiro,15,0,0,0
30,72%,8,86%,6760,0,1,12,palmeiras,26,5,15,547
13,35%,8,68%,8155,0,8,2,Coritiba,13,1,24,276
0,,0,,3132,0,0,0,Internacional,5,0,0,0
null,62%,5,86%,6368,1,2,13,Flamengo,25,1,13,488
0,,0,,4475,0,0,0,Santos,25,0,0,0
14,37%,1,78%,7017,0,3,6,Sport,14,1,16,335
N/A,,0,,4465,0,0,0,Athletico-PR,24,0,0,0
0,,0,,1464,0,0,0,Cruzeiro,33,0,0,
17,46%,2,78%,7856,1,0,6,Goias,22,1,13,314
0,,0,N/A,2323,0,0,0,Internacional,38,0,0,0
0,,0,,331,0,0,0,Fluminense,28,0,0,N/A
11,35%,3,69%,8042,0,4,2,Vasco,2,0,19,255
0,,0,,3531,0,0,0,Bahia,7,0,0,0
14,62%,0,,5091,0,2,7,Corinthians,11,1,12,605
12,48%,1,90%,8350,1,1,5,Palmeiras,33,3,17,467
0,,0,,2396,0,0,0,Nautico,7,0,0,0
0,,0,,1180,0,0,0,Coritiba   ,7,0,0,0
11,44%,5,,5951,0,1,5,Cruzeiro,21,6,11,432
16,,6, 90% ,9156,0,1,3,Flamengo,38,1,10,231
8,48% un,2,,5480,0,2,3,Athletico-PR,12,2,16,336
16,60%,4,89%,8826,0,3,5,Corinthians,5,4,11,514
15,41%,8,85%,6806,0,3,6,fortaleza,31,1,9,388
0,,0,,781,0,0,0,Cruzeiro,20,0,0,0
8,51%,5,,5894,0,2,4,Sport,15,4,22,317
14,63%,0,,5164,0,1,4,Ponte Preta,18,3,13,539
0,,0,,3593,0,0,0,avai,13,0,0,0
14,40%,4,70%,7684,1,5,3,avai,3,0,20,255
15,45%,5,85%,7658,0,1,2,Avai,2,5,12,506
8,50%,6,77%,6631,0,3,5,Palmeiras,13,3,24,373
0,,0,,1999,0,0,0,Atletico-MG,12,0,0,0
0,,0,,261,0,0,0,Vitoria,22,0,0,0
0,,0,,448,0,0,0,Flamengo,38,0,0,0
0,N/A,0,,4300,0,0,0,Coritiba,8,0,0,0
10,63%,5,89%,8205,0,0,6,Flamengo,18,0,9,525
0,,0,,421,0,0,0,Coritiba,36,0,0,0
0,,0,,450,0,0,0,Internacional,38,0,0,0
0,,0,,103,0,0,0,Cruzeiro,9,0,0,0
0,,0,,2798,0,0,0,Barueri,10,0,0,0
0,,0,N/A,233,0,0,0,JUVENTUDE,20,0,0,0
0,,0,,1218,0,0,0,Flamengo,11,0,0,0
9,35%,3,86%,6815,0,2,3,CSA,31,1,16,354
0,,0,,1695,0,0,0,Internacional,13,0,0,0
0,,0,,1956,0,0,0,Sport,1,0,0,0
0,,0,,277,0,0,0,Vitoria,24,0,0,-
0,,0,,3459,0,0,0,Palmeiras,38,0,0,0
0,,0,,2682,0,0,0,Cruzeiro   ,36,0,0,0
0,-,0,,963,0,0,0,  Internacional,35,0,0,0
0,,0,,8513,0,0,0,vitoria,11,0,0,0
0,,0,,3042,0,0,0,Atletico-MG,34,0,0,0
7,54%,0,,5122,2,0,3,Sao Paulo,14,8,12,468
15,57%,6,90%,9151,0,1,4,  Internacional,36,3,14,N/A
21,54%,13,  ,9105,0,1,13,  Palmeiras,32,0,11,318
0,,0,,52,0,0,0,Sao Paulo,5,0,0,0
  ,,0,,1521,0,0,0,Juventude,38,0,0,0
14,47%,5,77%,8187,0,4,5,Cruzeiro,17,1,23,N/A
3,42%,0,,5181,0,1,1,Gremio,20,1,13,437
24, 62% ,7,91%,9055,0,1,10,  Cruzeiro,27,5,10,500
0,,0,,33,0,0,0,cruzeiro,4,0,0,  
6,68%,2,82%,7763,0,3,3,Sao  Paulo,12,4,17,573
12,53%,0,,5217,0,1,4,Vasco,24,0,23,438
0,,0,,8658,0,0,0,CORINTHIANS,26,0,0,0
12,45%,5,77%,7228,0,4,5,Bragantino,35,1,20,360
12,,6,,5882,0,1,7,Gremio   ,14,1,20,536
14,43%,4,,6118,0,1,7,Avai   ,38,0,11,426
10,61%,3,80%,7034,1,1,6,Corinthians,15,1,10,475
0,,0,,3185,0,0,0,Palmeiras,10,0,0,0
16,44%,2,80%,8195,0,4,6,Goias   ,17,2,20,415
0,,0,,4564,0,0,0,Santos,34,0,0,0
0,,0,,4455,0,0,0,ponte preta,23,0,0,0
0,,0,,1371,0,0,0,Flamengo,25,0,0,0
4,44%,1,80%,8010,0,4,0,BRAGANTINO,37,0,12,350
7,33%,2,68%,6811,0,3,4,Chapecoense,31,1,16,247
null,,0,,4396,0,0,0,Vasco,17,0,0,0
11,55%,3,81%,7911,0,3,8,Corinthians,27,1,12,462
0,,0,,3362,0,0,0,Vitoria,28,0,0,0
15,44%,7,77% un,7411,0,-5,4,America-MG,15,1,17,365
,35%,0,,5322,0,0,2,Goias,34,1,14,null
0,,0,,4706,0,0,0,Santos,28,0,0,0
14,64%,3,84%,6700,0,0,8,Internacional,20,3,12,527
0,,0,,1882,0,0,0,Santos,32,0,0,0
0,,0,,106,0,0,0,Criciuma,9,0,0,0
0,,0,,8590,0,0,0,Fluminense,19,0,0,0
15,49%,3,80%,8111,0,2,6,Bragantino,9,1,12,398
0,,0,,4461,0,0,0,Flamengo,24,0,0,0
0,,0,,3078,0,0,0,AVAI,38,0,0,0
0,,0,,4179,0,0,0,Flamengo,34,0,0,  
11,49%,4,88%,8888,0,4,2,Mirassol,11,1,9,388
0,,0,,2098,0,0,0,goias,15,0,0,0
0,,0,-,8488,0,0,0,Sao Paulo,9,0,0,0
13,58%,5,87%,7299,0,3,4,Palmeiras,4,1,24,527
9,28%,4,77%,8254,0,4,4,Vasco,23,0,12,  
0,,0,,2555,0,0,0,Cruzeiro   ,23,0,0,0
0,,0,,2851,0,0,0,Sport,15,0,0,0
0,,0,,4228,0,0,0,Vasco,1,0,0,0
0,,0,,4361,0,0,0,Portuguesa,14,0,0,0
0,,0,,882,0,0,0,Corinthians,28,0,0,0
16,56%,4,92%,9139,1,1,11,bahia,35,1,10,490
13,52%,6,-,6774,0,3,17,Ceara   ,27,1,11,405
10,68%,7,,5769,0,2,6,Atletico-MG,3,2,16,-
21,54%,9,85%,7541,0,0,7,Atletico-MG,28,1,12,487
N/A,,0,,1613,0,0,0,  Palmeiras,5,0,0,0
  ,,0,,228,0,0,0,  Parana,19,0,0,0
14,37%,6,74%,7626,1,2,11,Bahia,37,0,14,285
15,45%,5,,6046,0,1,7,Sao Paulo,31,0,12,385
0,N/A,0,,2829,0,0,0,GREMIO,13,0,0,
,,0,,4445,0,0,0,Bahia   ,22,0,0,-
0,,0,,3030,0,0,0,Palmeiras   ,33,0,0,0
0,,0,,8677,0,0,0,BOTAFOGO-RJ,28,0,0,0
0,,0,,3172,0,0,0,Palmeiras,9,0,0,0
null,46%,6,81%,6892,0,0,7,ATLETICO-GO,1,2,12,
0,,0,,8718,0,0,0,JUVENTUDE,32,0,0,0
0,,0,,4396,0,0,0,Cruzeiro,17,0,0,0
0,,0,,4360,0,0,0,Ponte Preta,14,0,0,0
0,,0,,1691,0,0,0,Ponte Preta,13,0,0,0
0,,0,,1839,0,0,0,Sao Paulo,28,0,0,0
,,0,,2892,0,0,0,corinthians,19,0,0,0
,,0,,1982,0,0,0,America-RN,4,0,0,0
0,,0,,3289,0,0,0,Atletico-GO,21,0,0,0
0,,0,,804,0,0,0,Sao Paulo   ,21,0,0,0
9,61%,5,79%,6442,0,2,3,CORINTHIANS,32,1,19,439
11,43%,3, 83% ,7943,0,2,6,Coritiba,30,0,13,396
0,,0,,8600,0,0,0,Cruzeiro,20,0,0,0
0,,0,,4493,0,0,0,Nautico,27,0,0,0
-,N/A,2,82%,7761,1,2,11,Athletico-PR,12,3,12,384
0,N/A,0,,991,0,0,0,Sao Paulo,37,0,0,0
16,47%,0,,5713,0,1,2,Vitoria,35,3,14,354
0,,0,-,8667,0,0,0,Juventude,27,0,0,0
10,45%,5,,6079,0,0,4,  Palmeiras,34,0,12,387
17,69%,4,86%,6429,0,2,10,Gremio,31,0,10,N/A
0,,0,N/A,3715,0,0,0,Gremio,25,0,0,0
0,,0,,2814,0,0,0,Sport,11,0,0,0
0,,0,,842,0,0,0,Figueirense,25,0,0,0
14,54%,5,85%,8066,0,4,3,ATHLETICO-PR,5,2,10,516
21, 69% ,6,84%,8168,0,5,10,  Fortaleza,15,2,17,494
0,,0,,3225,0,0,0,Vitoria,14,0,0,0
0,,0,,495,0,0,0,Parana,42,0,0,0
16,45%,3,82%,7546,0,3,8,Bragantino,34,0,17,387
14,61%,5,,5821,0,6,4,Flamengo,8,1,25,369
11,38%,6,,5862,0,1,1,Cruzeiro,12,0,12,306
0,,0,,1547,0,0,0,Paysandu,41,0,0,
N/A,43%,2,72%,6632,0,1,5,CSA,13,1,14,395
12,38%,4,74%,6893,0,3,5,Bahia,1,1,14,322
10,70%,3,94%,9107,1,3,7,VASCO,33,3,18,558
0,,0,,8742,0,0,0,Flamengo,34,0,0,0
8, 53% ,0,,5197,0,5,8,Sao Paulo   ,22,5,14,407
0,,0,,1434,0,0,0,Internacional,30,0,0,0
0,,0,N/A,4540,0,0,0,Goias,32,0,0,
0,,0,,1672,0,-5,0,Sao Caetano,11,0,0,0
8,36%,4,66%,8214,0,5,6,Vasco,19,3,17,281
0,,0,,3273,0,0,0,Avai,19,0,0,0
16,62%,4,78%,7147,0,1,5,Sport,27,4,18,500
0,,0,,1679,0,0,0,Gremio,12,0,0,0
20, 57% ,11,87%,6512,0,1,4,  Athletico-PR,1,2,15,510
null,,1,,5873,0,8,8,chapecoense,13,1,26,346
12,63%,1,,5900,0,3,6,Sport,16,2,21,464
11,55%,2,83%,7207,0,2,4,Athletico-PR,33,2,18,454
0,,0,,3907,0,0,0,Fluminense,7,0,0,0
0,,0,,4063,0,0,0,Sao Paulo,22,0,0,0
0,,0,,1217,0,0,0,Fortaleza,11,0,0,0
4,36%,1,,5969,1,3,2,Coritiba,23,2,15,284
0,,0,,8539,0,0,0,Sao Paulo,14,0,0,0
0,,0,,2400,0,0,0,Sao Paulo,8,0,0,0
0,,0,,1178,0,0,0,Atletico-MG,7,0,0,0
13,37%,2,74%,8192,0,4,5,Bahia,17,1,14,327
18,66%,0,,5692,0,5,9,Botafogo-RJ,33,2,13,511
0,,0,,4539,0,0,0,Nautico,32,0,0,0
0,,0,,4038,0,0,0,Bahia   ,20,0,0,0
12,52%,3,79%,7433,0,2,7,Sao Paulo,17,0,17,422
0,,0,,8715,0,0,0,Bahia,31,0,0,0
0,,0,,3653,0,0,0,internacional,19,0,0,0
0,,0,,3747,0,0,0,Ceara,29,0,0,0
5,60%,1,  ,8825,0,2,5,bahia,4,0,8,460
14,51%,2,87%,6386,0,1,7,Fluminense,27,0,10,null
0,,0,,2649,0,0,0,coritiba,33,0,0,0
0,,0,,3532,0,0,0,Botafogo-RJ,7,0,0,0
14,57%,6,85%,6754,0,1,4,Gremio,25,2,8,526
20,42%,5,70%,8334,0,3,10,Goias,31,5,18,264
0,,0,,2543,0,0,0,  Goias,22,0,0,0
0,null,0,,1193,0,0,0,Atletico-MG,9,0,0,-
0,  ,0,,285,0,0,0,Flamengo,24,0,0,0
0,N/A,0,,718,0,0,0,Criciuma   ,14,0,0,0
13,49%,3,75%,6642,1,4,5,Avai,14,3,15,360
0,,0,,4734,0,0,0,Sport,12,0,0,0
7,27%,2,,5860,0,2,2,Fluminense,12,1,18,242
10,57%,2,86%,7379,0,1,3,Fluminense,12,0,13,549
14,34%,0,,5353,0,3,3,Goias,37,2,17,234
0,,0,,2723,0,0,0,INTERNACIONAL,2,0,0,0
0,,0,,504,0,0,0,Internacional   ,42,0,0,0
0,,0,,2272,0,0,0,Gremio,33,0,0,0
10,N/A,4,77%,6494,0,3,4,Parana,37,2,16,359
0,,0,,3505,0,0,0,  Botafogo-RJ,4,0,0,0
0,,0,,1033,0,0,0,CORITIBA,41,0,0,0
0,,0,,569,0,0,0,Vasco,2,0,0,0
0,,0,,4953,0,0,0,Internacional,34,0,0,0
7,32%,0,,5088,2,1,4,Vasco   ,11,0,12,261
0,,0,,148,0,0,0,Sao Paulo,13,0,0,0
21,,6,80%,8039,1,4,11,Cruzeiro,2,1,21,488
0,,0,,2009,0,0,0,Parana,6,0,0,0
,,0,,4704,0,0,0,Figueirense,28,0,0,0
0,,0,,1871,0,0,0,Santa Cruz,31,0,0,0
21,56%,7,,5849,0,5,11,Vitoria,11,1,17,439
0,,0,,1370,0,0,0,Goias,25,0,0,0
0,null,0,,1150,0,0,0,Paysandu,5,0,0,0
7,59%,0,85%,6359,0,1,3,America-MG,24,2,16,615
11,51%,4,84%,7439,0,0,3,Athletico-PR,18,1,16,489
,-,5,77%,8188,0,2,5,Cuiaba,17,1,11,324
0,,0,,1416,0,0,0,Paysandu,29,0,0,0
0,,0,,4509,0,0,0,CRICIUMA,29,0,0,0
0,,0,,8476,0,0,0,Corinthians,8,0,0,0
18,58%,8,86%,8054,0,-5,8,Internacional,3,1,16,463
-,,0,,1238,0,0,0,Ponte Preta,13,0,0,0
0,,0,,1870,0,0,0,Juventude,31,0,0,0
,51%,8,77%,6741,0,4,2,Cruzeiro,24,3,17,459
0,,0,,184,0,0,0,Atletico-MG,16,0,0,0
0,,0,,3463,0,0,0,Flamengo,38,0,0,0
6, 48% ,3,92%,9052,2,3,1,FLAMENGO,27,0,13,408
13,53%,6,79%,7349,0,1,5,Bahia,9,0,13,452
0,,0,,1070,0,0,0,GUARANI,44,0,0,0
0,,0,,3659,0,0,0,Atletico-GO,20,0,0,0
0,,0,,658,0,0,0,Ponte Preta,9,0,0,0
0,,0,,3092,0,0,0,Cruzeiro,1,0,0,null
,45%,0,,5652,0,4,3,Coritiba,29,2,14,364
0,,0,,796,0,0,0,Athletico-PR,21,0,0,0
21,null,4,84%,8146,0,2,12,Sao Paulo,13,2,16,473
0,,0,,1200,0,0,0,Coritiba,9,0,0,-
13,56%,4,79%,8356,0,4,5,Cruzeiro,34,1,18,409
10,56%,4,81%,7280,0,2,6,America-MG,2,4,12,483
0,  ,0,,4769,0,0,0,Santos,16,0,0,0
0,,0,,2617,0,0,0,Botafogo-RJ,30,0,0,0
23,64%,8,84%,7704,0,1,12,Fortaleza,7,0,13,486
0,-,0,,4494,0,0,0,Fluminense,27,0,0,0
0,,0,,1511,0,0,0,Brasiliense,37,0,0,0
10,61%,0,,4942,0,4,7,Criciuma,35,1,22,459
0,,0,,4115,0,0,0,Coritiba,27,0,0,0
0,,0,,4553,0,0,0,Vitoria,33,0,0,0
8,32%,2, null ,6972,0,1,3,Vasco,8,2,7,293
0,,0,,2649,0,0,0,Ipatinga,33,0,0,0
0,,0,null,1987,0,0,0,Palmeiras,5,0,0,0
11,44%,5,85%,7336,0,2,2,  Athletico-PR,8,1,15,430
0,,0,,2078,0,0,0,Athletico-PR,13,0,0,-
0,,0,,488,0,0,0,Cruzeiro   ,41,0,0,0
0,,0,,3647,0,0,0,Athletico-PR,19,0,0,0
21,53%,5,77%,7793,0,2,11,America-MG,15,2,14,412
0,,0,,8565,0,0,0,Bragantino,16,0,0,0
0,,0,,4696,0,0,0,corinthians,9,0,0,0
13,57%,5,89%,6886,0,2,4,Athletico-PR,1,1,10,549
0,,0,  ,2509,0,0,0,Atletico-MG,19,0,0,0
6,37%,3,91%,8803,0,0,2,Vitoria,2,3,7,335
8,46%,0,,5438,0,2,7,chapecoense,8,0,19,376
15,63%,5,86%,6621,0,5,5,Flamengo   ,12,0,23,488
16,51%,6,N/A,9021,1,4,8,internacional,24,0,17,372
11,,3,90%,8838,0,5,2,Sao Paulo   ,6,1,18,388
8,40%,1,,5937,0,3,4,  Avai,20,2,11,298
8,52%,1,89%,8883,1,3,6,Fortaleza,10,0,14,
0,,0,,967,0,0,0,  Santos,35,0,0,0
0,,0,,2338,0,0,0,Vitoria,2,0,0,0
8,63%,0,,5111,0,4,6,JOINVILLE,13,4,17,456
,,0,,447,0,0,0,Athletico-PR,38,0,0,0
0,,0,,3646,0,0,0,Fluminense,18,0,0,0
,,0,,3954,0,0,0,Fluminense,11,0,0,0
9,38%,4,N/A,7276,0,4,3,Atletico-GO,2,1,16,291
0,,0,,3829,0,0,0,SAO PAULO,37,0,0,0
6,32%,3,,5055,2,6,2,FLUMINENSE,7,0,13,N/A
30,53%,10,,9135,0,1,10,  Atletico-MG,34,0,15,0
-,31%,0,,5682,1,2,4,Internacional,32,1,25,229
23,64%,13,91%,6921,0,2,10,Corinthians,4,0,15,591
0,,0,,364,0,0,0,Fluminense,31,0,0,0
0,,0,,3611,0,0,0,Ceara,15,0,0,0
0,,0,,4123,0,0,0,nautico,28,0,0,0
,51%,10,88%,9093,0,2,4,Juventude,31,0,15,349
9,37%,2,66%,7940,0,1,4,Fortaleza,30,0,10,300
12,37%,4,77% un,7105,0,3,5,Atletico-GO,22,2,16,260
14,61%,0,,5375,0,0,15,  Fluminense,1,4,9,490
0,,0,,8668,0,0,0,Botafogo-RJ,27,0,0,0
11,47%,5,86%,7120,0,2,4,Ceara,24,1,17,412
0,,0,,8617,0,0,0,Cuiaba,22,0,0,
0,,0,,3640,0,0,0,Palmeiras,18,0,0,0
8,51%,3,,5797,0,1,3,Sport,6,2,19,378
0,,0,,695,0,0,0,Flamengo,12,0,0,0
0,  ,0,,1785,0,0,0,  Sao Paulo,22,0,0,0
0,,0,,4539,0,0,0,Atletico-MG,32,0,0,0
0,,0,,2715,0,0,0,Botafogo-RJ,1,0,0,0
11,32%,6,77%,6915,0,1,2,Santos,3,0,9,290
12,51%,4,82%,8111,0,5,6,Fluminense,9,2,11,422
3,37%,1,74%,7457,1,4,0,Cuiaba,20,1,13,349
16,53%,3,81%,7757,0,2,5,Ceara,12,1,14,482
5,48%,3,81%,7281,2,4,4,Internacional,2,1,21,
0,,0,,935,0,0,0,PARANA,32,0,0,0
0,,0,,4103,0,0,0,Flamengo,26,0,0,0
0,,0,,404,0,0,0,Atletico-MG,34,0,0,0
0,,0,,2403,0,0,0,CORITIBA,8,0,0,
8,46%,0,,5709,0,2,5,Santa Cruz,35,1,13,406
12,55%,2,,6131,0,0,3,Bahia   ,1,1,18,-
20,45%,0,,5717,0,4,7,Vitoria   ,36,2,20,242
0,,0,,4209,0,0,0,Atletico-MG,37,0,0,0
7,53%,0,,5215,0,6,5,FLUMINENSE,23,2,13,437
N/A,,0,,4578,0,0,0,Cruzeiro,36,0,0,0
13,56%,2,N/A,7588,0,4,5,Fortaleza,32,2,12,437
0,,0,,2249,0,0,0,Juventude,31,0,0,0
0,,0,,1325,0,0,0,atletico-mg,21,0,0,0
25,71%,9,93%,7146,0,0,13,Atletico-MG,27,0,15,664
-,,0,,3918,0,0,0,Internacional,8,0,0,0
5,61%,2, 85% ,7137,0,4,6,Fluminense,26,0,18,453
0,,0,,72,0,0,0,Vasco,6,0,0,0
0,,0,,1018,0,0,0,Criciuma,39,0,0,0
0,,0,,583,0,0,0,Santos,3,0,0,0
13,68%,2,,5847,0,1,11,santos,11,4,10,553
0,,0,,1027,0,0,0,Athletico-PR,40,0,0,0
8,52%,0,,5409,1,5,6,Santa Cruz,5,1,25,385
9, 40% ,3,77%,6341,0,2,2,Bahia,22,1,9,null
-,,0,,1716,0,0,0,Palmeiras,15,0,0,0
-,,0,,3542,0,0,0,Flamengo,8,0,0,0
0,,0,,3526,0,0,0,America-MG,6,0,0,0
N/A,,0,,2193,0,0,0,Gremio,24,0,0,0
2,51%,0,,5309,0,3,7,Ponte Preta,33,2,20,354
9,,4,89%,9082,1,-17,3,Juventude,30,0,31,316
  ,,0,,135,0,0,0,Gremio,12,0,0,0
12,68%,1,84%,6493,0,2,9,Corinthians   ,37,0,13,581
0,,0,,4219,0,0,0,Fluminense,38,0,0,0
0,,0,,757,0,0,0,Corinthians,18,0,0,0
23,52%,6,82%,6160,0,1,8,cruzeiro,4,5,19,417
19,31%,8,75%,6786,0,0,6,Palmeiras,29,1,12,267
0,,0,,4503,0,0,0,Corinthians,28,0,0,0
3,N/A,0,,8906,0,2,1,Sao Paulo,13,2,9,363
0,,0,,1906,0,0,0,Cruzeiro,34,0,0,0
21,53%,2,85%,6975,0,3,4,Atletico-MG,8,2,19,476
12,74%,3,90%,7888,0,0,3,Fluminense,25,0,7,699
13,46%,0,,4999,0,2,7,Corinthians,2,1,16,437
0,,0,,2186,0,0,0,internacional,23,0,0,0
0,,0,,273,0,0,0,Criciuma,23,0,0,0
0,,0,,4254,0,0,0,Fluminense,3,0,0,0
10,-,1,N/A,5857,0,4,6,Vasco,12,2,23,282
14,52%,2,81%,7610,1,2,5,Bahia,35,0,20,364
0,N/A,0,,4661,0,0,0,Athletico-PR,6,0,0,0
10,44%,3,84%,6869,1,1,5,CSA,37,1,13,369
20,79%,3,89%,7762,0,1,8,Fluminense,12,1,9,685
0,,0,,3783,0,0,0,Figueirense,32,0,0,0
0,,0,,8660,0,0,0,Palmeiras,26,0,0,0
5,38%,1,-,7659,0,2,2,Cuiaba,2,1,18,333
24,70%,9,,5890,0,4,8,Atletico-MG,15,1,19,588
0,,0,,3323,0,0,0,Flamengo,24,0,0,0
0,,0,,4116,0,0,0,  Santos,27,0,0,0
12,46%,3,83%,6329,0,4,6,Cruzeiro,21,1,17,422
0,,0,,1492,0,0,0,Ponte Preta,36,0,0,0
13,74%,7,87%,8260,0,3,9,Sao Paulo,24,0,21,658
14,64%,4,-,6705,0,1,10,  Atletico-MG,20,1,14,558
0,,0,  ,1343,0,0,0,santos,22,0,0,0
0,,0,,4689,0,0,0,Sport,9,0,0,0
0,,0,,308,0,0,0,sao caetano,26,0,0,0
17,44%,1,89%,8936,0,1,5,  Fluminense,16,0,13,377
null,null,0,,2250,0,0,0,Internacional,31,0,0,0
0,,0,,1648,0,0,0,Fortaleza,9,0,0,0
  ,,0,,3371,0,0,0,Atletico-GO,29,0,0,0
0,,0,,751,0,0,0,Paysandu,17,0,0,N/A
0,,0,,4510,0,0,0,Coritiba,29,0,0,0
18,49%,8,93%,8965,0,3,3,SANTOS,18,0,18,345
0,,0,,1616,0,0,0,Goias,5,0,0,0
10,36%,2,81%,7520,0,3,6,Juventude,26,1,14,311
13,63%,0,,5564,0,2,8,Sao  Paulo,20,2,11,491
0,,0,,2132,0,0,0,Sao Paulo   ,18,0,0,0
0,,0,,4414,0,0,0,Coritiba,19,0,0,  
0,,0,,2227,0,0,0,Nautico,28,0,0,0
6,45%,1,,6013,0,-6,11,Gremio,28,4,16,352
19,68%,6,91%,8388,0,2,6,Flamengo,37,0,13,653
16,57%,5,,6093,0,0,5,Palmeiras,35,0,7,487
0,,0,,4296,0,0,0,Flamengo,7,0,0,0
0,,0,,2404,0,0,0,Internacional,8,0,0,0
17,58% un,7,89%,9059,0,4,5,Sport,28,1,14,379
7,33%,1,78%,6929,0,3,4,Botafogo-RJ,5,2,17,314
16,59%,6,null,5958,0,4,4,ATLETICO-MG,22,2,19,506
7,32%,1,66%,7949,0,2,4,Botafogo-RJ,31,3,8,248
0,-,0,null,2660,0,0,0,Gremio,34,0,0,0
0,,0,,3571,0,0,0,America-MG,10,0,0,0
0,,0,,1212,0,0,0,Juventude   ,10,0,0,0
0,,0,,876,0,0,0,  Santos,27,0,0,0
13,39%,0,,5673,0,0,4,  Ponte Preta,31,2,19,333
22,54%,3,90%,6128,0,0,4,Santos,1,1,7,532
null,,0,N/A,3875,0,0,0,Figueirense,3,0,0,-
0,,0,null,170,0,0,0,Gremio,15,0,0,0
7,38%,1,,5929,0,3,1,Botafogo-RJ,19,1,15,335
0,,0,,672,0,0,0,Atletico-MG,10,0,0,0
N/A,,0,,1823,0,0,0,JUVENTUDE,26,0,0,0
16,51%,6,82%,8362,0,1,8,America-MG   ,34,0,12,393
0,,0,,1503,0,0,0,Botafogo-RJ,37,0,0,0
0,,0,,3481,0,0,0,Coritiba,2,0,0,0
null,,0,,2068,0,0,0,Nautico,11,0,0,0
8,40%,2,75% un,8158,0,2,2,Corinthians,14,0,7,N/A
12,44%,6,73%,8049,1,3,2,Santos,3,0,19,294
0,,0,,4836,0,0,0,Santos,22,0,0,0
0,,0,,4182,0,0,0,Sao Paulo,34,0,0,null
18,59%,4,87%,8138,1,1,8,Atletico-MG,12,1,13,591
7,58%,2,83%,6212,0,2,5,  Athletico-PR,9,4,15,548
21,57%,4, 82% ,6676,0,3,4,Vasco,18,2,15,453
0,,0,,3925,0,0,0,Portuguesa,8,0,0,0
-,60%,3,91%,9023,0,2,3,Flamengo,24,0,15,485
0,,0,,4566,0,0,0,Fluminense,34,0,0,0
0,,0,,42,0,0,0,Sao Paulo,3,0,0,0
0,,0,,622,0,0,0,Sao Paulo,6,0,0,0
0,,0,,2569,0,0,0,Ipatinga,25,0,0,0
0,,0,,1173,0,0,0,  Brasiliense,7,0,0,0
14,null,3,77%,7533,0,1,8,  Sport,27,0,14,385
0,,0,,1061,0,0,0,Sao Paulo,43,0,0,0
0,,0,,763,0,0,0,ATLETICO-MG,18,0,0,0
0,N/A,0,,3809,0,0,0,Gremio,35,0,0,0
,,0,,76,0,0,0,Fortaleza,7,0,0,null
18, 45% ,5,82%,7269,0,4,4,Fortaleza,1,3,19,329
0,,0,,244,0,0,0,Guarani,21,0,0,0
0,,0,,3062,0,0,0,Santo Andre,36,0,0,0
  ,41%,3,76%,6331,1,6,5,ceara,21,2,21,325
6,40%,1,,6058,0,2,2,Atletico-GO,32,2,17,409
5,71%,2,89%,7926,1,2,1,Fluminense,29,3,4,627
  ,,0,,882,0,0,0,Atletico-MG,28,0,0,0
17,64%,3,83%,7914,0,3,8,Athletico-PR,27,2,9,455
7,36%,0,66%,7754,0,3,1,  Athletico-PR,11,2,12,293
0,,0,,4473,0,0,0,Coritiba,25,0,0,0
0,,0,,3858,0,0,0,Flamengo,2,0,0,0
,,0,,2429,0,0,0,fluminense,10,0,0,0
0,,0,,1365,0,0,0,Paysandu,24,0,0,0
11,44%,4,90%,8859,0,2,4,Mirassol,8,4,12,270
16,42%,5,,5522,0,3,2,ATHLETICO-PR,16,0,13,354
0,,0,,3410,0,0,0,Guarani,33,0,0,0
14,46%,6,82%,6542,1,0,3,Cruzeiro,4,0,14,442
5,49%,0,,5778,1,1,1,SANTOS,4,0,9,454
4,35%,3,87%,8887,0,2,3,Bragantino   ,11,2,10,288
0,,0,,2971,0,0,0,Palmeiras,27,0,0,0
0,,0,,1534,0,0,0,FIGUEIRENSE,40,0,0,0
0,,0,,1817,0,0,0,  Fluminense,26,0,0,0
0,,0,,1515,0,0,0,FIGUEIRENSE,38,0,0,0
0,,0,,1485,0,0,0,Sao Caetano,35,0,0,0
16,48%,5,,5832,1,2,5,Corinthians,9,2,15,434
0,,0,,4323,0,0,0,Vitoria,10,0,0,0
9,45%,6,85%,7590,0,1,5,Cuiaba,32,3,9,444
13,43%,0,,5680,1,2,6,Cruzeiro,32,1,16,314
0,    ,0,,2025,0,0,0,Corinthians,7,0,0,0
-,,0,,8519,0,0,0,Corinthians,12,0,0,0
7,69%,4,90%,7824,0,1,2,Atletico-MG,18,1,10,672
0,,0,,3998,0,0,0,Sport,16,0,0,-
16,54%,5,90%,8925,0,1,6,Bahia,14,0,9,444
9,51%,4,80%,8355,1,0,5,Vasco,33,6,9,377
0,,0,,4022,0,0,0,Atletico-MG,18,0,0,0
18,56%,9,85%,7994,0,3,4,palmeiras,35,3,11,522
0,,0,,812,0,0,0,  Guarani,22,0,0,0
  ,61%,5,86%,6438,1,4,5,Santos   ,32,0,23,473
0,  ,0,,3596,0,0,0,Bahia,13,0,0,0
0,,0,,2738,0,0,0,Goias,4,0,0,0
4,45%,2,85%,8232,0,3,2,Vasco,21,1,15,427
0,,0,,4499,0,0,0,Ponte Preta,28,0,0,0
14,43%,0,,5687,0,3,1,Ponte Preta,33,0,23,330
0,,0,  ,4316,0,0,0,Botafogo-RJ,9,0,0,0
17,66%,5,,6077,0,3,7,Corinthians,34,0,15,651
13,54%,4,92%,8844,0,0,8,  Vasco,6,0,12,378
0,,0,,654,0,0,0,Palmeiras,9,0,0,0
0,,0,,4215,0,0,0,Portuguesa,37,0,0,0
0,,0,,2028,0,0,0,Nautico,8,0,0,0
0,,0,,1306,0,0,0,PONTE PRETA,19,0,0,0
13,48%,5,82%,6406,0,3,3,Fluminense,29,0,15,-
0,,0,,1292,0,0,0,Cruzeiro,18,0,0,0
0,,0,,1594,0,0,0,Vasco,3,0,0,0
0,,0,,2416,0,0,0,goias,9,0,0,0
18,52%,7,81%,8044,0,5,5,GOIAS,2,4,21,392
  ,,0,,1054,0,0,0,Criciuma,42,0,0,0
7, 53% ,3,84%,7759,0,4,8,Goias,12,4,11,425
,63%,8,80%,6441,0,1,7,Flamengo,32,0,13,470
20, 65% ,6,93%,8887,0,1,7,Vasco,11,1,13,635
21,62%,0,,5170,0,2,6,Flamengo,19,4,15,466
0,,0,,3543,0,0,0,Atletico-GO,8,0,0,0
12,38%,2,74%,6598,0,2,5,bahia,10,0,13,330
0,,0,,641,0,0,0,INTERNACIONAL,8,0,0,null
14,44%,3,79%,6613,0,1,4,Corinthians,11,2,20,318
0,,0,,403,0,0,0,Goias,34,0,0,0
8,null,3,75%,7300,0,1,2,Cuiaba   ,4,3,16,322
6,41%,2,89%,8982,0,2,3,Santos,20,4,10,286
11,34%,0,,5692,0,3,3,Coritiba,33,1,20,280
0,,0,,2284,0,0,0,Cruzeiro,34,0,0,0
0,,0,,1004,0,0,0,PONTE PRETA,38,0,0,0
7,-,4,72%,7671,0,5,4,Juventude,4,2,18,256
0,,0,,2421,0,0,0,Ipatinga,11,0,0,0
14,39%,0,,5057,0,4,4,Figueirense,8,2,16,267
0,,0,,4357,0,0,0,Atletico-MG,14,0,0,0
18,54%,9,87%,8847,0,0,3,Ceara,7,4,15,298
16,62%,7,84%,6934,0,2,11,Bahia,5,1,7,538
0,,0,,4554,0,0,0,Fluminense,33,0,0,0
0,,0,,1727,0,0,0,Ponte Preta,17,0,0,0
0,,0,,1100,0,0,0,Figueirense,46,0,0,0
25,,10,75% un,8017,0,1,6,Athletico-PR,38,2,19,271
,,0,,2224,0,0,0,Parana,27,0,0,0
0,,0,,3076,0,0,0,  Vitoria,37,0,0,0
  ,38%,3,69%,7147,0,4,4,Goias,27,0,22,315
0,,0,,8671,0,0,0,Vasco,27,0,0,0
0,,0,,412,0,0,0,Coritiba,35,0,0,0
15,56%,5,82%,7542,0,0,5,Sao Paulo,28,2,19,441
0,,0,,4179,0,0,0,Figueirense,34,0,0,0
13,38%,5,,6088,0,1,7,Gremio,35,3,16,431
0,-,0,,262,0,0,0,Corinthians,22,0,0,0
12,40%,6,74%,7587,0,3,3,america-mg,32,1,14,362
0,,0,,4760,0,0,0,Palmeiras,15,0,0,0
11,60%,0,,5605,0,4,5,Gremio,24,5,23,444
0,,0,,2611,0,0,0,  Nautico,29,0,0,0
11,51%,3,83%,6787,1,4,3,Avai,29,0,20,-
0,,0,,1528,0,0,0,Parana,39,0,0,0
0,,0,,3613,0,0,0,  Fluminense,15,0,0,0
0,,0,,3364,0,0,0,Palmeiras,28,0,0,0
0,,0,,1651,0,0,0,  Sao Paulo,9,0,0,0
0,,0,,4262,0,0,0,Ponte Preta   ,4,0,0,0
14,  ,7,81%,8193,0,1,4,Palmeiras,17,7,12,438
8,46%,0,,5338,0,4,9,VASCO,36,1,10,306
11,46%,1,78%,7150,0,1,2,Botafogo-RJ,27,2,19,451
12,38%,0,,5500,0,1,7,figueirense,14,1,14,345
14,,8,85%,6313,0,1,1,Gremio,18,1,20,559
0,,0,,8621,0,0,0,Juventude,22,0,0,0
11,57%,0,,5636,0,2,5,Atletico-MG,27,0,11,509
0,,0,,8481,0,0,0,Athletico-PR,8,0,0,0
0,,0,,3822,0,0,0,Internacional,36,0,0,0
,-,5,68%,8223,0,2,4,Bahia,20,1,11,350
,43%,6,79%,7212,0,1,7,Fluminense,33,1,9,372
10,N/A,0,,5047,0,4,5,Santos,7,4,15,320
0,,0,,741,0,0,0,Atletico-MG,16,0,0,0
0,,0,,2437,0,0,0,Gremio,12,0,0,0
12,53%,3,87%,6545,0,2,6,Fortaleza,4,2,12,478
18,57%,6,82%,8002,0,2,11,Fortaleza,36,2,9,N/A
0,,0,,4021,0,0,0,Coritiba,18,0,0,0
14,43%,4,86%,6173,0,2,5,Parana,5,0,14,419
0,,0,,2902,0,0,0,Palmeiras,20,0,0,0
8,47%,0,,5745,0,1,4,Coritiba,38,0,15,384
0,,0,,2617,0,0,0,Santos,30,0,0,0
0,,0,,3325,0,0,0,FLUMINENSE,24,0,0,0
10,52%,3,85%,7768,0,1,8,Flamengo,13,1,13,406
0,,0,,2746,0,0,0,Internacional,4,0,0,0
0,,0,,385,0,0,0,Internacional,33,0,0,0
10,46%,0,,5226,0,3,3,Flamengo,24,1,18,360
N/A,,0,,3657,0,0,0,Corinthians,20,0,0,0
12,62%,3,86%,7659,0,1,5,  Fluminense,2,0,14,525
0,,0,,1369,0,0,0,Sao Caetano,25,0,0,0
0,,0,,1040,0,0,0,Criciuma,41,0,0,0
0,,0,,476,0,0,0,Cruzeiro,40,0,0,0
0,,0,,1245,0,0,0,Juventude,13,0,0,0
0,,0,,4591,0,0,0,Bahia,37,0,0,0
0,  ,0,,880,0,0,0,Figueirense,28,0,0,-
17,61%,0,,4991,0,2,11,internacional,1,1,17,502
0,,0,,4960,0,0,0,Flamengo,36,0,0,0
0,,0,,2137,0,0,0,Sport,19,0,0,0
0,,0,,8542,0,0,0,palmeiras,14,0,0,0
9,51%,3,84%,6698,0,4,3,Bahia,20,1,15,419
0,,0,,2473,0,0,0,Sport,15,0,0,0
0,,0,,8679,0,0,0,Sao Paulo,28,0,0,0
0,,0,null,2795,0,0,0,Internacional,9,0,0,0
9,49%,4,70%,8121,0,4,3,ATHLETICO-PR,10,1,10,361
5, 61% ,0,,5199,0,1,6,Vasco,22,4,10,549
0,,0,,2379,0,0,0,Atletico-MG,6,0,0,0
0,,0,,2202,0,0,0,Parana,25,0,0,null
14,30%,4,71%,6736,0,2,3,CSA,24,0,16,259
16,42%,4,74%,6502,1,1,5,Parana,38,2,14,339
,,0,,2651,0,0,0,Goias,33,0,0,0
0,,0,,996,0,0,0,Ponte  Preta,37,0,0,0
,38%,3,82%,6158,0,4,2,CEARA,4,3,20,380
12,45%,2, 75% ,6476,0,2,4,Atletico-MG,36,0,17,422
12,39%,6,,8795,0,3,2,ceara,1,1,14,271
14,49%,3,77%,6746,0,2,4,  Goias,25,2,17,365
0,,0,,2486,0,0,0,Gremio,16,0,0,0
4,38%,2,80%,6966,0,1,3,Fortaleza,8,4,21,329
19,49%,6,79%,6615,0,1,5,Sao Paulo,11,0,29,400
0,,0,-,3392,0,0,0,FLUMINENSE,31,0,0,0
0,,0,,1803,0,0,0,Sao Caetano,24,0,0,0
9,38%,4,N/A,7276,0,4,3,Atletico-GO,2,1,16,291
0,,0,,4037,0,0,0,Internacional,20,0,0,0
0,,0,,4288,0,0,0,  Internacional,7,0,0,0
0,,0,,3988,0,0,0,nautico,15,0,0,0
9,45%,0,,5157,0,3,3,Coritiba,18,0,14,402
0,,0,,813,0,0,0,  Juventude,22,0,0,0
0,null,0,,8469,0,0,0,Cuiaba,7,0,0,0
0,,0,,3987,0,0,0,SPORT,15,0,0,0
15,62%,3,N/A,6614,0,4,5,Avai,11,1,16,-
0,,0,,2122,0,0,0,Palmeiras,17,0,0,0
0,,0,,3230,0,0,0,Santos,15,0,0,0
0,,0,,4773,0,0,0,Atletico-MG,16,0,0,0
-,53%,5,,5850,0,4,3,CRUZEIRO,11,1,18,394
0,   un,0,,1364,0,0,0,Athletico-PR,24,0,0,0
0,,0,,3259,0,0,0,Gremio Prudente,18,0,0,0
,,0,,2332,0,0,0,  Botafogo-RJ,1,0,0,0
0,,0,N/A,928,0,0,0,Coritiba,32,0,0,-
N/A,,0,null,1537,0,0,0,Flamengo,40,0,0,0
11,35%,3,81%,7382,0,5,4,Bahia,12,0,18,332
0,,0,,823,0,0,0,Cruzeiro,23,0,0,0
0,,0,,1709,0,0,0,Corinthians,15,0,0,0
0,,0,,1741,0,0,0,Fortaleza   ,18,0,0,0
6,35%,0,-,5527,1,3,6,Figueirense,17,1,19,246
0,,0,,897,0,0,0,Guarani,29,0,0,  
19,58%,4,83%,6860,0,1,14,Goias   ,36,2,11,null
,39%,2,72%,7577,1,1,4,Internacional,30,1,19,296
,,0,,1899,0,0,0,Juventude   ,34,0,0,0
,,0,,1685,0,0,0,Juventude,12,0,0,0
5,35%,1,,5779,0,2,2,Botafogo-RJ,4,4,19,239
0,,0,,3602,0,0,0,Coritiba,14,0,0,0
8,40%,3,,5823,0,2,3,Atletico-MG   ,8,4,24,312
0,,0,,4401,0,0,0,INTERNACIONAL,18,0,0,0
0,,0,,63,0,0,0,Vitoria,6,0,0,0
0,,0,,2980,0,0,0,Sao Paulo,28,0,0,0
0,,0,,6820,0,0,0,Sao Paulo,32,0,0,0
18,39%,8,75%,7681,0,2,3,Santos,3,2,16,324
0,,0,,2058,0,0,0,nautico,29,0,0,0
0,,0,,3585,0,0,0,Vasco,11,0,0,0
0,,0,,414,0,0,0,  Santos,35,0,0,0
12,46%,0,,5058,0,2,4,Sport,8,1,10,425
0,,0,,8691,0,0,0,Palmeiras,29,0,0,0
4,54%,0,,5741,0,4,5,Corinthians   ,38,2,22,501
0,,0,,3892,0,0,0,Flamengo,5,0,0,0
15,57%,0,,5191,0,0,3,Palmeiras,21,3,9,465
0,,0,,3620,0,0,0,America-MG,16,0,0,0
0,,0,,1224,0,0,0,Athletico-PR,11,0,0,0
14,null,0,,5270,1,4,6,Avai,29,2,18,289
-,47%,3,77%,8325,1,3,6,Bragantino,30,2,15,389
0,,0,,408,0,0,0,Cruzeiro,34,0,0,0
16,41%,3,81%,6505,0,2,2,Vitoria,38,0,6,334
8,36%,0,,5699,0,1,4,Ponte Preta,34,4,20,  
10,32%,2,65%,8126,0,4,2,FORTALEZA,11,7,12,267
0,,0,,1501,0,0,0,Juventude,37,0,0,0
3,46%,0,76%,7085,0,3,1,Sport,20,0,13,392
23,34%,7,83%,6147,0,2,8,Bahia,3,2,22,334
0,null,0,,2893,0,0,0,Sport,19,0,0,0
0,,0,,1059,0,0,0,Goias,43,0,0,0
0,,0,,397,0,0,0,Fluminense,34,0,0,0
11,51%,0,,5074,0,5,2,Cruzeiro,9,3,15,373
0,,0,,3450,0,0,0,Gremio Prudente,37,0,0,0
0,-,0,,1347,0,0,0,ATHLETICO-PR,23,0,0,null
11,54%,3,81% un,8242,0,2,6,Bahia,22,2,22,477
20,39%,7,79%,7886,0,6,7,Juventude,25,1,18,283
0,    ,0,-,1879,0,-7,0,Flamengo   ,32,0,0,0
0,-,0,,1453,0,0,0,Atletico-MG,32,0,0,0
0,,0,,4255,0,0,0,Bahia,3,0,0,0
10,,3,76%,7196,0,2,2,Coritiba,32,0,16,367
0,,0,,1615,0,0,0,Parana,5,0,0,0
0,,0,,3932,0,0,0,Bahia,9,0,0,0
0,,0,,3180,0,0,0,Avai,10,0,0,0
14,null,6,83%,7832,0,2,5,Atletico-MG,19,2,11,521
10,55%,7,81%,6717,0,3,5,Corinthians,22,2,16,455
14,,0,,5554,0,0,5,Atletico-MG,19,3,15,507
12,30%,3,70%,9133,1,2,3,Ceara,34,4,10,
14,57%,3,,6989,1,1,6,Gremio,10,2,11,532
,,0,,2307,0,0,0,AMERICA-RN,37,0,0,0
15,43%,7,76%,7483,0,2,3,  Fortaleza,22,0,14,null
0,,0,,1122,0,0,0,Athletico-PR,2,0,0,0
0,,0,,2687,0,0,0,Vasco,37,0,0,0
0,,0,,1170,0,0,0,FORTALEZA,6,0,0,0
0,,0,,8675,0,0,0,Criciuma   ,27,0,0,0
5, 33% ,0,,5631,0,1,3,Figueirense,27,5,19,307
0,,0,,561,0,0,0,Guarani,1,0,0,0
10,48%,0,,5395,0,1,5,Sport,3,1,13,  
18,55% un,4,81%,6573,0,2,3,Chapecoense,7,1,14,410
0,,0,,212,0,0,0,figueirense,18,0,0,0
0,,0,,462,0,0,0,Vasco,39,0,0,0
0,,0,,4736,0,0,0,Coritiba,12,0,0,0
0,,0,,2705,0,0,0,Atletico-MG,38,0,0,0
0,,0,,2898,0,0,0,Vitoria,20,0,0,N/A
19,48%,5,  ,7689,0,1,6,Palmeiras,5,3,10,357
11,48%,5,90% un,8794,1,3,3,Bahia,1,1,16,392
0,,0,,4195,0,0,0,Figueirense,35,0,0,0
0,null,0,,986,0,0,0,Gremio,37,0,0,0
10,55%,0,,5652,0,2,3,Internacional,29,0,15,426
0,,0,,2019,0,0,0,  Sao Paulo,7,0,0,0
0,null,0,,1844,0,0,0,Corinthians,28,0,0,0
0,,0,,4673,0,0,0,Cruzeiro,7,0,0,0
12,43%,3,79%,6396,0,4,8,Sport,28,3,10,382
15,,0,,5624,0,1,3,Santos,26,5,13,463
0,,0,,626,0,0,0,Gremio,7,0,0,0
0,,0,,1097,0,0,0,Sao Paulo,46,0,0,0
8,58%,2,83%,7225,0,1,5,Palmeiras,34,3,14,431
0,,0,,4593,0,0,0,NAUTICO,37,0,0,0
4,30%,0,,5271,0,3,2,Joinville,29,0,27,217
0,,0, null ,2336,0,0,0,Flamengo,1,0,0,0
0,,0,,2993,0,0,0,ATLETICO-MG,29,0,0,0
0,,0,,3285,0,0,0,Vasco,20,0,0,0
null,,0,,3903,0,0,0,Ponte Preta,6,0,0,0
9,32%,1,,5978,0,2,4,Avai,24,1,17,284
0,,0,,3472,0,0,0,corinthians,1,0,0,0
0,null,0,,4765,0,0,0,Sport   ,15,0,0,  
14,49%,0,,5268,0,1,9,Coritiba,29,4,6,412
0,,0,,582,0,0,0,Corinthians,3,0,0,0
0,,0,,8726,0,0,0,  Internacional,33,0,0,0
7,34%,4,67%,6945,0,4,4,Goias,11,4,12,299
0,,0,,8500,0,0,0,Fortaleza,10,0,0,0
0,,0,,3789,0,0,0,Gremio,33,0,0,0
0,,0,,27,0,0,0,Gremio,4,0,0,0
17,32%,3,,7763,0,6,3,Botafogo-RJ,12,1,17,276
0,,0,,4533,0,0,0,Portuguesa,31,0,0,0
0,,0,,4005,0,0,0,Fluminense,16,0,0,0
0,,0,,2976,0,0,0,Internacional,27,0,0,0
16,41%,0,,5581,0,5,5,Palmeiras,22,2,20,304
0,,0,,1696,0,0,0,Palmeiras,13,0,0,0
0,  ,0,,2708,0,0,0,Palmeiras,1,0,0,0
0,,0,,8586,0,0,0,Juventude,19,0,0,0
0,-,0,,4083,0,0,0,Vasco,24,0,0,0
0,,0,,3786,0,0,0,Atletico-MG,32,0,0,0
0,,0,,2629,0,0,0,Coritiba,31,0,0,0
0,,0,,1768,0,0,0,Fluminense,21,0,0,0
0,-,0,,4284,0,0,0,Sao Paulo,6,0,0,N/A
0,,0,,955,0,0,0,Paysandu,34,0,0,0
22,54%,0,,5015,0,2,16,  Cruzeiro,3,3,17,390
0,,0,,117,0,0,0,GUARANI,10,0,0,0
9,32%,7,,6109,1,3,3,Ponte Preta,37,0,11,204
11,56%,5,94%,9007,0,2,6,  Gremio,23,1,13,451
0,,0,,3994,0,0,0,Gremio,15,0,0,0
0,,0,,4658,0,0,0,Bahia,6,0,0,0
0,,0,,1748,0,0,0,Goias   ,19,0,0,0
27,70%,13,88%,7119,0,4,15,FLUMINENSE,24,2,16,578
15,60%,5, 86% ,6597,0,2,13,Avai,10,1,12,513
12,57%,0,,5284,0,4,8,Vasco,30,2,16,388
0,,0,,588,0,0,0,Sao Caetano,3,0,0,-
0,N/A un,0,,4259,0,0,0,Criciuma,4,0,0,0
0,,0,,810,0,0,0,Botafogo-RJ,22,0,0,N/A
0,,0,,2644,0,0,0,Santos,32,0,0,0
0,,0,,1220,0,0,0,Palmeiras,11,0,0,0
-,null,0,,3522,0,0,0,  Botafogo-RJ,6,0,0,0
0,,0,,1110,0,0,0,Fortaleza,1,0,0,0
0,,0,,4931,0,0,0,Internacional,33,0,0,0
17,56%,4,82%,8326,0,3,4,Fluminense,31,1,16,506
0,,0,,4797,0,0,0,santos,19,0,0,0
13,39%,3,81%,6489,0,2,7,Vitoria   ,37,0,15,
13,62%,3,79%,7301,0,3,7,Ceara,4,0,19,428
9,57%,3,78%,6511,0,4,4,Corinthians,1,0,5,  
0,,0,,3495,0,0,0,Santos,3,0,0,0
0,,0,,959,0,0,0,Coritiba,34,0,0,0
0,,0,,915,0,0,0,Santos,31,0,0,0
0,,0,,4703,0,0,0,ATLETICO-MG,28,0,0,0
11,53% un,6,82%,6316,0,3,4,Santos,19,5,20,463
13,59%,2,81%,6471,0,1,6,Sport,35,3,9,438
0,,0,-,3130,0,0,0,Sao Paulo,5,0,0,0
7,42%,2,82%,6638,0,2,3,GREMIO,14,1,15,380
0,,0,,3142,0,0,0,Palmeiras,6,0,0,0
0,,0,,2120,0,0,0,Santos,17,0,0,0
17, 58% ,6,82%,6411,0,-4,6,Internacional,29,6,16,386
10,39%,2,77%,8299,0,1,3,Athletico-PR,28,4,12,366
0,,0,,4668,0,0,0,sao paulo,7,0,0,0
0,,0,,3236,0,0,0,CORINTHIANS,15,0,0,0
10,54%,4,89%,6874,1,2,6,  Vasco,37,2,11,510
12,57%,5,82%,7693,0,5,6,Juventude,5,2,22,454
10,55%,3,N/A,6852,0,4,6,Palmeiras   ,35,2,20,551
7,,0,,5477,0,1,0,Internacional,12,1,22,550
0,,0,,424,0,0,0,Cruzeiro,36,0,0,0
0,,0,  ,2781,0,0,0,Goias,8,0,0,N/A
13,28%,5,78%,6618,0,3,2,Sao  Paulo,12,0,14,264
24,62%,8,88%,7157,0,3,3,Botafogo-RJ,28,4,14,506
12,60%,4,85%,7200,0,5,7,Palmeiras,32,6,16,480
10, 47% ,4,84%,6974,0,0,4,Goias,8,0,17,453
0,,0,,58,0,0,0,  Goias,5,0,0,0
,,0,,4421,0,0,0,Botafogo-RJ,20,0,0,0
10,45%,2,88%,7027,0,1,2,Coritiba,15,0,20,408
0,,0,-,4332,0,0,0,Athletico-PR,11,0,0,0
9,36%,3,76%,8197,0,1,5,Goias,18,2,15,317
0,,0,,2672,0,0,0,Sao Paulo,35,0,0,0
0,,0,,4556,0,0,0,Vasco,33,0,0,0
14,58%,0,,5394,0,3,5,CORINTHIANS,3,0,23,562
0,,0,,2175,0,0,0,Athletico-PR,22,0,0,0
0,,0,,8724,0,0,0,Flamengo,32,0,0,0
0,,0,,1301,0,0,0,Goias,18,0,0,0
22,42%,10,81%,6524,0,3,6,Santos,2,1,25,377
13,47%,3, 80% ,6975,0,1,4,Coritiba,8,0,14,440
16,61%,0,,5295,0,0,3,Santos,31,4,9,559
6,31%,2,,5806,1,4,6,Athletico-PR,7,4,10,243
0,,0,,3384,0,0,0,Fluminense,30,0,0,0
0,,0,,2812,0,0,0,Internacional,11,0,0,0
0,,0,,803,0,0,0,  Cruzeiro,21,0,0,0
7,36%,5,77%,9064,1,6,4,VITORIA,28,0,17,168
0,,0,,2369,0,0,0,Nautico   ,5,0,0,0
0,,0,,1907,0,0,0,Parana,35,0,0,0
N/A,65%,5,85%,7142,0,0,2,Santos,26,1,15,453
0,,0,,8642,0,0,0,Sao Paulo,24,0,0,0
13,59%,0,,5278,0,2,9,Sport,30,2,8,517
16,54%,0,-,5085,0,2,4,Goias,10,1,20,443
0,,0,,881,0,0,0,Criciuma,28,0,0,0
9,31%,3,70%,7841,0,1,1,Internacional,20,1,13,277
6,48%,1,85%,7651,0,4,3,Internacional,1,0,18,491
0,,0,,1240,0,0,0,Athletico-PR,13,0,0,-
19,56%,8,85%,7959,0,3,15,Palmeiras,32,2,9,358
N/A,,0,,3372,0,0,0,Palmeiras,29,0,0,0
15,32%,5,80%,7865,0,1,6,Internacional,22,1,21,295
8,54%,2,,6096,0,3,3,BAHIA,36,1,16,434
0,,0,,3972,0,0,0,atletico-go,13,0,0,
17,55%,5,83%,6456,0,0,7,Athletico-PR,34,4,9,461
9, 41% ,4,78%,7189,1,1,2,  Coritiba,31,1,21,340
0,,0,,3186,0,0,0,Cruzeiro,10,0,0,0
12,46%,8,N/A,8310,0,3,5,Palmeiras,29,3,15,361
0,,0,,4130,0,0,0,Nautico,29,0,0,0
0,,0,,3781,0,0,0,Gremio,32,0,0,0
0,,0,N/A,4901,0,0,0,Palmeiras,30,0,0,0
0,,0,,3085,0,0,0,Goias,38,0,0,0
19,45%,0,,5738,0,1,7,Internacional,38,0,23,304
0,,0,,1801,0,0,0,Sao Paulo,24,0,0,0
0,,0,,3145,0,0,0,  Guarani,6,0,0,0
0,,0,,2317,0,0,0,Athletico-PR,38,0,0,0
7,null,2,74%,7575,2,1,3,Bahia,31,2,9,268
21,64%,6,80%,8257,0,2,14,Bragantino,24,2,17,
0,,0,,3114,0,0,0,Guarani,3,0,0,0
5,42%,2,93%,8841,0,1,3,Corinthians,6,2,11,394
19,  ,6,86%,7162,0,6,7,Ceara,28,0,18,495
23,64%,13,91%,6921,0,2,10,Corinthians,4,0,15,591
11,54%,0,,5133,0,3,5,  Coritiba,15,10,7,461
16,61%,7,  ,6387,0,1,5,Corinthians,27,3,4,707
0,,0,,2879,0,0,0,  Athletico-PR,18,0,0,0
-,,0,  ,4078,0,0,0,CRUZEIRO,24,0,0,0
,57%,6,,6751,0,1,11,Ceara,25,2,16,449
0,,0,,1544,0,0,0,Cruzeiro,40,0,0,0
0,,0,,954,0,0,0,FLAMENGO,34,0,0,0
0,,0,,3442,0,0,0,Palmeiras,36,0,0,0
0,,0,,3837,0,0,0,Palmeiras,38,0,0,0
,,0,,4088,0,-7,0,Sao Paulo,25,0,0,0
12,48%,2,82% un,7745,0,2,2,Goias,10,2,18,379
0,,0,,2936,0,0,0,santo andre,23,0,0,0
0,,0,,3393,0,0,0,Vasco,31,0,0,0
0,,0,,8659,0,0,0,Gremio,26,0,0,0
7,N/A,4,93%,8944,1,3,1,Botafogo-RJ   ,16,1,13,433
0,,0,,2562,0,0,0,Cruzeiro,24,0,0,0
0,,0,,2564,0,0,0,gremio,24,0,0,0
N/A,60%,3,87%,6812,0,2,4,Internacional,31,1,11,
8,37%,1,72%,7526,0,3,3,Chapecoense,27,2,20,291
0,,0,,2311,0,0,0,Santos,37,0,0,0
,,0,,3405,0,0,0,  Atletico-MG,32,0,0,
12,-,7,,8375,0,3,5,Cruzeiro,35,3,17,366
28,58%,11,83%,7873,0,3,10,Bragantino,23,1,23,427
25,53%,0,,5740,1,1,13,Sao Paulo,38,1,13,486
0,,0,,1063,0,0,0,Palmeiras,43,0,0,0
  ,,0,,4077,0,0,0,Portuguesa,24,0,0,0
0, null ,0,,4363,0,0,0,FLAMENGO,14,0,0,
11,60%,3,86%,6507,0,0,4,Atletico-MG,1,0,12,549
0,N/A,0,,39,0,0,0,Atletico-MG,3,0,0,0
0,,0,,8517,0,0,0,Cruzeiro,12,0,0,0
0,,0,,152,0,0,0,Santos   ,13,0,0,0
6,48%,2,89%,8831,1,2,4,Botafogo-RJ,5,1,14,309
12,47%,5,82%,7044,0,2,4,VASCO,16,1,11,358
18,64%,7,90%,6785,0,1,6,Flamengo,28,1,20,605
0,,0,,2228,0,0,0,Corinthians,28,0,0,0
20,-,5,80% un,6199,0,2,9,Chapecoense,8,1,17,null
16,48%,0,,5241,0,1,7,athletico-pr,26,1,13,  
-,38%,0,,5227,0,7,3,internacional,25,0,26,322
0,,0,,2621,0,0,0,  Vitoria,30,0,0,0
8,41%,0,,5245,0,2,3,Chapecoense,26,2,14,354
20,61%,6,83%,8144,0,2,10,Bragantino,12,0,17,469
12,59%,2,81%,7071,0,1,5,  Athletico-PR,19,3,15,474
22,58%,0,,5082,0,5,13,Gremio,10,1,21,
22,55%,9,,5841,0,0,8,Cruzeiro,10,2,15,413
0,,0,,4117,0,0,0,Flamengo,28,0,0,0
0,,0,,8458,0,0,0,cruzeiro,6,0,0,0
0,,0,,3189,0,0,0,Gremio Prudente,11,0,0,0
0,,0,,3491,0,0,0,CORINTHIANS,3,0,0,0
5,43%,1,78%,6858,0,4,3,avai,36,0,26,377
0,,0,,1951,0,0,0,Botafogo-RJ,1,0,0,0
0,,0,,3479,0,0,0,Atletico-MG   ,2,0,0,0
17,65% un,1,83%,6446,1,2,13,  America-MG,33,8,10,508
7,33%,0,,5658,0,3,8,Figueirense   ,30,3,22,187
14,42%,0,,5082,0,6,2,Cruzeiro,10,0,21,353
0,,0,,8532,0,0,0,Criciuma,13,0,0,0
null,,0,,2109,0,0,0,Sport,16,0,0,0
0,null,0,,334,0,0,0,figueirense,28,0,0,0
0,,0,,1634,0,0,0,Botafogo-RJ,7,0,0,0
21,56%,6,93%,9147,1,3,3,Palmeiras,36,1,12,413
0,,0,,4237,0,0,0,athletico-pr,2,0,0,0
0,null,0,,4946,0,0,0,Cruzeiro,35,0,0,
7,44%,2,-,6328,0,2,1,Gremio,21,2,17,398
N/A,55%,0,,5819,0,3,4,Corinthians,8,5,13,434
0,,0,,3046,0,0,0,ATHLETICO-PR,34,0,0,0
0,,0,,3133,0,0,0,Corinthians,5,0,0,0
6,43%,1,73%,7604,0,2,1,Corinthians,33,0,8,390
0,,0,,3678,0,0,0,America-MG,22,0,0,0
0,,0,,8584,0,0,0,Fortaleza,18,0,0,0
0,,0,,3121,0,0,0,  Corinthians,4,0,0,0
N/A,44%,7, 90% ,9118,0,2,10,Vasco,37,0,21,421
8,56%,2,,6117,1,5,5,Cruzeiro,38,1,28,439
6,35%,3,,6017,0,3,3,Chapecoense,27,1,20,328
0,,0,,1910,0,0,0,fluminense,35,0,0,0
0,,0,,3128,0,0,0,Gremio,5,0,0,0
0,,0,,2163,0,0,0,Figueirense,21,0,0,0
0,,0,,2785,0,0,0,Gremio,8,0,0,0
12,60%,4,85%,7200,0,5,7,Palmeiras,32,6,16,480
0,,0,,3971,0,0,0,Fluminense,13,0,0,0
0,,0,,2097,0,0,0,Santos,15,0,0,-
14,60%,2,85%,7266,0,1,9,Cuiaba,1,0,14,490
7,34%,2,67%,8263,1,3,2,Gremio,24,1,15,236
0,,0,,3523,0,0,0,Palmeiras,6,0,0,0
0,,0,,2447,0,0,0,Santos,14,0,0,0
0,,0,,1119,0,0,0,Ponte Preta,2,0,0,0
,52%,0,,5161,0,3,6,Figueirense,18,1,18,null
0,,0,,2430,0,0,0,Vitoria,10,0,0,0
0,,0,,2319,0,0,0,Flamengo,38,0,0,0
0,,0,,4785,0,0,0,  Cruzeiro,17,0,0,0
null,40%,3,null,8858,0,1,6,Gremio,8,1,12,265
11,,0,,5105,0,2,8,Athletico-PR,12,3,13,478
0,,0,,3471,0,0,0,Botafogo-RJ,1,0,0,0
0,,0,,4010,0,0,0,Bahia,17,0,0,0
0,,0,,4771,0,0,0,Criciuma,16,0,0,0
N/A,,0,,3475,0,0,0,Sao Paulo,1,0,0,0
0,,0,,3441,0,0,0,Internacional   ,36,0,0,0
10,66%,2,82%,6527,0,5,5,Internacional,3,0,18,N/A
12, 49% ,4,82%,7891,0,2,2,Corinthians,25,2,10,493
0,,0,,2337,0,0,0,Cruzeiro,2,0,0,0
23,63%,8,null,6087,0,4,8,Cruzeiro,35,1,10,626
0,,0,,3499,0,0,0,Gremio,4,0,0,0
0,,0,,628,0,0,0,Atletico-MG,7,0,0,0
13,null,0,,5736,0,5,7,Coritiba,37,1,23,450
,28%,3,74%,7627,0,3,5,Gremio,37,0,22,249
0,,0,,277,0,0,0,  Paysandu,24,0,0,0
9,47%,0,,5022,0,-5,7,  Vasco,4,3,12,413
0,,0,,2432,0,0,0,Gremio,10,0,0,0
0,,0,,4290,0,0,0,GREMIO,7,0,0,0
0,,0,,4214,0,0,0,Bahia,37,0,0,0
0,,0,,8732,0,0,0,Vasco,33,0,0,0
19,68%,0,,5088,0,1,14,CHAPECOENSE,11,2,12,508
0,,0,,2194,0,0,0,parana,24,0,0,0
0,,0,,8586,0,0,0,Cruzeiro,19,0,0,0
10,59%,0,,5179,0,3,6,Sport,20,1,13,429
18,,3,81%,8318,0,2,9,Atletico-MG,30,2,15,392
8,58%,2,83%,7225,0,1,5,Palmeiras,34,3,14,431
0,,0,,3622,0,0,0,Vasco,16,0,0,0
21,52%,10,80%,7217,0,3,8,Bragantino,34,2,15,414
0,,0,,1710,0,0,0,Goias,15,0,0,0
7,37%,0,,5007,0,0,0,Joinville,3,1,11,380
16,41%,0,,5178,0,3,2,Avai,20,1,12,364
0,,0,,2489,0,0,0,Internacional,17,0,0,0
0,,0,,2273,0,0,0,Figueirense,33,0,0,0
0,,0,,8556,0,0,0,Cruzeiro,16,0,0,0
14,,4,82%,6172,0,3,7,  Flamengo,5,3,17,437
0,,0,-,1026,0,0,0,Corinthians   ,40,0,0,0
0,,0,,2999,0,0,0,Goias,30,0,0,0
27,62%,7,83%,7724,0,3,13,  Atletico-MG,8,2,14,496
14,46%,4, 83% ,6729,0,2,4,Bahia,23,1,9,413
0,,0,,2405,0,0,0,fluminense,8,0,0,0
9,,0,,5459,0,1,1,FIGUEIRENSE,10,0,14,296
0,null,0,  ,1821,0,0,0,Parana,26,0,0,0
12,42%,5,89%,8933,0,1,6,SPORT,15,1,11,311
14,47%,5,82%,7454,0,6,8,Gremio   ,19,2,14,388
0,,0,,2995,0,0,0,Nautico,29,0,0,0
0,,0,,4930,0,0,0,Sao Paulo,33,0,0,-
16,43%,4,79%,7580,0,2,1,America-MG,30,2,10,372
13, 54% ,7,81%,6383,0,2,6,  Santos,26,1,12,508
15,60%,7,88%,7591,0,1,3,Flamengo,32,2,9,549
0,,0,,4089,0,0,0,Santos,25,0,0,0
,,0,,205,0,0,0,Athletico-PR,18,0,0,0
0,,0,,195,0,0,0,cruzeiro,17,0,0,0
0,,0,,4356,0,0,0,Bahia   ,13,0,0,0
0,,0,,3636,0,0,0,Sao Paulo,17,0,0,0
11,,0,,5174,0,0,3,Sport,19,1,7,481
11,29%,6,82%,9019,0,1,2,Fortaleza,24,3,12,180
11,58%,4,81%,6887,0,4,6,Internacional,1,2,21,504
0,,0,,3470,0,0,0,Santos,1,0,0,0
0,,0,,3486,0,0,0,Fluminense,2,0,0,0
0,,0,null,2091,0,0,0,Palmeiras,14,0,0,0
12,56%,5,,5891,0,3,4,VASCO,15,2,20,409
0,,0,,6780,0,0,0,Cruzeiro,28,0,0,0
0,,0,,4208,0,0,0,Santos,37,0,0,0
0,,0,,1097,0,0,0,Goias,46,0,0,0
0,,0,,508,0,0,0,VASCO,43,0,0,0
0,,0,,2563,0,0,0,Internacional,24,0,0,0
0,,0,,3796,0,0,0,Coritiba,33,0,0,0
0,  ,0,,5,0,0,0,Ponte Preta,1,0,0,0
6,48%,0,,5069,0,2,3,Figueirense,9,3,11,452
13,46%,6,91%,9114,0,4,5,Gremio,33,1,13,297
0,,0,,2403,0,0,0,Athletico-PR,8,0,0,0
18,62%,10,85%,8321,1,7,5,  Internacional,30,0,13,457
0,,0,,2858,0,0,0,  Botafogo-RJ,16,0,0,0
24,60%,11,89%,6341,0,2,4,Athletico-PR,22,3,14,null
0,,0,,791,0,0,0,internacional,20,0,0,
0,,0,,8663,0,0,0,Vasco,26,0,0,0
0,,0,,1401,0,0,0,Botafogo-RJ,27,0,0,0
9,42% un,4,77%,6608,0,3,3,Ceara,11,1,26,286
0,  ,0,,2661,0,0,0,FLUMINENSE,34,0,0,0
0,,0,  ,3658,0,0,0,vasco,20,0,0,0
8,55%,2,83%,7423,0,1,2,santos,16,1,13,471
0,,0,,3022,0,0,0,Barueri,32,0,0,0
0,,0,,2418,0,0,0,Cruzeiro   ,11,0,0,0
0,,0,,2483,0,0,0,Santos,16,0,0,0
0,,0,,270,0,0,0,Corinthians,23,0,0,0
0,,0,  ,3743,0,0,0,Flamengo   ,28,0,0,0
0,,0,,3311,0,0,0,Guarani,23,0,0,0
0,,0,,1860,0,0,0,Internacional,30,0,0,0
9,31%,5,68%,6838,1,2,0,Flamengo,33,0,15,270
0,,0,,4672,0,0,0,Coritiba,7,0,0,0
0,,0,,334,0,0,0,Coritiba,28,0,0,0
8,56%,0,,5514,0,3,4,  Corinthians,15,0,11,459
11,44%,0,,5488,0,2,6,America-MG,13,1,12,386
0,,0,,677,0,0,0,Internacional,11,0,0,0
16,52%,4,82%,6661,0,3,9,  Ceara,16,4,11,412
0,,0,,3569,0,0,0,Atletico-GO,10,0,0,0
0,,0,,4334,0,0,0,Vasco,11,0,0,0
0,,0,,2614,0,0,0,Portuguesa,29,0,0,null
0,-,0,,1666,0,0,0,Santos,10,0,0,0
0,,0,,4028,0,0,0,Vasco,19,0,0,0
7, 48% ,4,,5917,0,5,3,Chapecoense,18,0,26,328
0,,0,,4805,0,0,0,Athletico-PR,19,0,0,null
0,,0,,2824,0,0,0,  Nautico,12,0,0,0
12,42%,4,88%,8820,0,1,6,PALMEIRAS,4,4,15,244
0,,0,,3096,0,0,0,Avai,1,0,0,
5,28%,1,64%,7880,0,2,2,Fortaleza,24,4,10,  
16,61%,5,,5854,0,3,8,Coritiba,11,2,17,395
9,34%,2,73%,6926,0,3,2,Fluminense,5,2,12,326
21,55%,0,,5503,0,1,4,Sao Paulo,14,3,7,488
0,,0,,2463,0,0,0,Internacional,13,0,0,0
0,,0,,927,0,0,0,Internacional,32,0,0,0
9,44%,5,79%,6488,0,3,6,Flamengo,37,0,9,429
11,61%,4,89%,9155,0,3,7,corinthians,36,2,14,391
0,,0,,1053,0,0,0,Coritiba,42,0,0,0
19,-,12,86%,8261,0,1,6,Vasco   ,24,1,10,465
15,45%,2,78%,6717,0,5,2,Vasco,22,4,23,382
0,,0,,2515,0,0,0,Nautico,19,0,0,0
0,,0,,8662,0,0,0,Bahia   ,26,0,0,0
0,,0,,412,0,0,0,Goias,35,0,0,0
0,,0,,766,0,-10,0,Palmeiras,18,0,0,0
,,0,,609,0,0,0,Paysandu,5,0,0,0
0,,0,,256,0,0,0,Fortaleza,22,0,0,0
21,73%,8,87%,7347,0,3,12,Santos,9,2,6,636
9,38%,0,,5095,0,2,5,Figueirense,11,3,20,346
0,,0,,3268,0,0,0,Goias,19,0,0,0
16,39%,0,,5076,1,2,7,Santos,9,3,12,324
0,,0,,4799,0,0,0,Goias,19,0,0,0
12,51%,5,null,6558,0,3,2,Athletico-PR,6,0,21,412
0,,0,,1855,0,0,0,Athletico-PR,29,0,0,0
0,  ,0,,4271,0,0,0,Botafogo-RJ,5,0,0,0
0,,0,,2375,0,0,0,Cruzeiro,5,0,0,0
20,52%,6,,5858,0,2,5,ponte preta,12,4,8,518
14,47%,6, 83% ,7743,0,1,7,Palmeiras,10,3,16,391
0,,0,,2652,0,0,0,Sport,33,0,0,0
null,41%,5,80%,8239,0,2,2,Gremio,22,3,18,413
0,  ,0,,3297,0,0,0,Atletico-GO,22,0,0,0
null,,0,,906,0,0,0,Santos,30,0,0,0
0,,0,,1571,0,0,0,BOTAFOGO-RJ,1,0,0,0
0,null,0,,664,0,0,0,Figueirense   ,10,0,0,0
0,,0,,2169,0,0,0,Botafogo-RJ,22,0,0,0
0,,0,,3749,0,0,0,Figueirense,29,0,0,0
0,,0,,4350,0,0,0,Vitoria,13,0,0,0
0,,0,,2424,0,0,0,Flamengo,11,0,0,0
  ,,0,,4802,0,0,0,Atletico-MG   ,19,0,0,0
12,65%,3,86%,6908,0,1,6,Palmeiras,3,0,11,668
15,58%,5,92%,8975,1,5,2,CORINTHIANS,19,1,10,523
17,59%,4,84%,8023,0,3,5,Corinthians   ,38,1,11,494
0,,0,,3157,0,0,0,Vitoria,8,0,0,0
8,44%,2,88%,8790,0,4,2,cruzeiro,1,1,12,344
13,58%,6,82%,6939,0,3,9,Ceara,11,1,11,417
0,,0,,772,0,0,0,vitoria,19,0,0,0
16,33%,2,,5747,0,2,7,Chapecoense,1,3,12,304
16,60%,10,,5759,0,4,10,  Vasco,2,3,13,378
0,,0,,3531,0,0,0,corinthians,7,0,0,0
0,,0,,1274,0,0,0,Coritiba,16,0,0,
0,,0,,8455,0,0,0,  Gremio,5,0,0,0
12,31%,9,59%,7686,1,3,3,America-MG,5,3,22,261
0,,0,,3368,0,0,0,Gremio Prudente,29,0,0,N/A
0,,0,,2424,0,0,0,Vasco,11,0,0,0
0,,0,,3401,0,0,0,Internacional,32,0,0,0
0,,0,,2178,0,-10,0,Flamengo,23,0,0,0
0,,0,,4463,0,0,0,GREMIO,24,0,0,0
0,N/A,0,,2668,0,0,0,Fluminense,35,0,0,0
0,,0,,4676,0,-3,0,Atletico-MG,7,0,0,0
0,,0,-,2365,0,0,0,Atletico-MG,4,0,0,0
12,64%,0,,5589,0,2,9,Fluminense,23,1,15,
0,,0,,1103,0,0,0,athletico-pr,46,0,0,0
0,,0,,532,0,0,0,Parana,45,0,0,0
0,,0,,584,0,0,0,Fluminense,3,0,0,0
0,,0,,3826,0,0,0,Bahia,36,0,0,0
15,56%,0,,5568,0,2,2,  Sport,21,1,12,483
-,,0,,2247,0,0,0,Sport,31,0,0,0
0,,0,,4168,0,0,0,Nautico,33,0,0,0
0,,0,,2744,0,0,0,Vitoria,4,0,0,0
11,46%,3,82%,7236,1,3,5,Botafogo-RJ,36,2,26,351
0,,0,,8556,0,0,0,  Gremio,16,0,0,0
0,,0,,1255,0,0,0,Fluminense,14,0,0,0
0,,0,,2193,0,0,0,Vasco,24,0,0,0
,,0,,2100,0,0,0,Flamengo,15,0,0,0
15,59%,4,84%,7346,0,3,4,Fortaleza,9,0,14,513
7,39%,3,77%,8390,0,3,2,Cruzeiro,37,4,13,347
12,53%,4,87%,6977,0,5,6,Fortaleza,9,0,27,410
19,56%,6,82%,7256,0,4,3,bragantino,38,1,24,471
0,,0,,3597,0,0,0,America-MG,14,0,0,0
0,,0,,350,0,0,0,Athletico-PR,30,0,0,0
7,,3,87%,8875,0,5,1,Atletico-MG,9,2,17,220
0,,0,,3736,0,0,0,Botafogo-RJ,27,0,0,0
17,70%,5, 87% ,7100,0,2,7,Sao Paulo,22,2,7,685
0,,0,,4397,0,0,0,Gremio,18,0,0,0
7,45%,3,79%,7201,0,2,5,Atletico-GO,32,0,12,329
13,54%,5,-,6074,0,6,8,Atletico-MG,33,0,19,517
12,63%,6,80%,6793,1,3,9,Flamengo,29,0,15,386
0,,0,,1461,0,0,0,Palmeiras,33,0,0,0
6,43%,3,82%,7277,0,1,1,Ceara,2,3,19,419
  ,61%,0,,5260,0,1,5,Santos,28,3,8,  
0,,0,,2824,0,0,0,Barueri,12,0,0,0
0,,0,,1721,0,0,0,Palmeiras,16,0,0,0
12,52%,2,,6012,0,2,3,Atletico-MG,28,2,14,431
0,,0,,3681,0,0,0,FIGUEIRENSE,22,0,0,0
0,,0,,1072,0,0,0,Atletico-MG,44,0,0,0
0,,0,,2553,0,0,0,Santos,23,0,0,0
0,,0,,2537,0,0,0,Fluminense,22,0,0,0
10,55%,4,90%,8989,0,2,3,Bahia,21,1,12,474
0,,0,null,8754,0,0,0,Flamengo,35,0,0,0
6,35%,2,80%,8025,0,2,3,Goias,38,1,12,330
17,58%,5,91%,8864,0,1,7,Internacional,8,1,10,502
16,53%,5,80%,7260,0,0,12,Internacional,38,6,13,
0,,0,,1484,0,0,0,Corinthians,35,0,0,0
26,70%,7,,5916,0,5,15,Sport,18,0,14,503
0,,0,,2995,0,0,0,palmeiras,29,0,0,0
12,34%,7,,5830,0,3,5,Athletico-PR,9,2,17,299
0,,0,N/A,365,0,0,0,Internacional,31,0,0,0
0,,0,,3794,0,0,0,ATHLETICO-PR,33,0,0,0
0,,0,,3772,0,0,0,Sao Paulo,31,0,0,0
0,,0,,209,0,0,0,Ponte Preta,18,0,0,0
16,44% un,0,,5670,0,3,6,Internacional,31,1,22,340
0,,0,,2875,0,0,0,Vitoria,17,0,0,0
0,,0,,8617,0,0,0,Gremio,22,0,0,0
0,,0,,1634,0,0,0,Vasco,7,0,0,0
0,,0,,4408,0,0,0,Internacional,19,0,0,0
0,,0,,211,0,0,0,Criciuma,18,0,0,0
12,67%,0,,5631,0,5,8,Santa Cruz,27,0,12,583
0,,0,,4908,0,0,0,Palmeiras,31,0,0,0
13,59%,2,84% un,7653,0,3,6,avai,1,3,20,541
17,51%,8,78%,8141,0,2,8,Gremio,12,2,10,404
0, N/A ,0,,1042,0,0,0,Paysandu,41,0,0,0
7,49%,1,,6078,1,2,3,SAO PAULO,34,2,15,386
0,,0,,1687,0,0,0,figueirense,13,0,0,0
0,,0,,2864,0,0,0,Gremio,16,0,0,0
21,41%,0,,5319,0,2,4,Avai,34,1,10,322
0,,0,,8727,0,0,0,Palmeiras,33,0,0,0
0,  ,0,,1957,0,0,0,Juventude,2,0,0,0
14,40%,6,82%,6739,0,2,3,Bahia,24,3,10,378
0,,0,,2769,0,0,0,Sport,7,0,0,0
0,,0,,4003,0,0,0,Coritiba,16,0,0,0
0,,0,,2694,0,0,0,Goias,37,0,0,0
0,-,0,null,1381,0,0,0,Juventude,26,0,0,0
0,,0,,2527,0,0,0,Sport,21,0,0,0
-,,0,,2010,0,0,0,  Figueirense,6,0,0,0
0,  ,0,,1216,0,0,0,Brasiliense,11,0,0,0
17,64%,6,,5969,0,1,6,Athletico-PR,23,1,16,504
0,,0,,3417,0,0,0,Atletico-MG,34,0,0,0
21,65%,6,92%,9044,0,3,8,Fortaleza,26,0,11,581
0,,0,,426,0,0,0,Corinthians,36,0,0,0
11,35%,6,73%,8176,0,6,4,Fortaleza,16,1,28,241
0,,0,,2940,0,0,0,Atletico-MG,24,0,0,0
8,37%,0,,5465,0,2,3,Sport,10,0,19,313
0,,0,,2306,0,0,0,Palmeiras   ,36,0,0,0
9,27%,5,68%,8185,0,2,7,  Coritiba,16,0,15,225
0,,0,,4781,0,0,0,Flamengo,17,0,0,0
0,,0,,4604,0,0,0,Ponte Preta,38,0,0,0
0,,0,,4912,0,0,0,Santos,31,0,0,0
0,,0,,1248,0,0,0,Parana,14,0,0,0
,55%,5,,5962,0,0,7,  Cruzeiro,22,1,13,466
0,,0,,3698,0,0,0,Vasco,24,0,0,0
0,,0,,1436,0,0,0,Fortaleza,31,0,0,0
13,38%,6,77%,7039,1,3,2,Corinthians,16,1,14,332
0,,0,,2941,0,0,0,Palmeiras,24,0,0,0
0,,0,,2059,0,0,0,Sport,29,0,0,0
0,,0,-,1243,0,0,0,palmeiras,13,0,0,0
7,31%,0,,5230,0,1,6,Joinville,25,3,17,267
4,27%,0,,5579,0,2,3,Figueirense,22,2,12,242
11,55%,0,87%,6623,0,0,4,Atletico-MG,12,3,9,486
0,,0,,3788,0,0,0,Botafogo-RJ,33,0,0,0
14,68%,3,89%,6650,0,0,3,Gremio   ,15,0,13,634
10,51%,0,,5656,0,2,7,Figueirense,29,5,14,421
0,,0,,4729,0,0,0,Criciuma,12,0,0,0
13,65%,0,,5235,0,2,2,Avai,25,2,18,581
0,,0,,3629,0,0,0,FIGUEIRENSE,17,0,0,0
12,45%,5,74%,6644,1,3,4,Vasco,14,1,22,350
0,,0,,1756,0,0,0,Figueirense,19,0,0,0
0,,0,,840,0,0,0,Sao Paulo,24,0,0,0
0,,0,,4983,0,0,0,Athletico-PR,38,0,0,  
,,0,,4067,0,0,0,Coritiba,23,0,0,0
15,43%,4,79%,7582,0,1,11,Bahia,30,4,11,378
0,,0,,8490,0,0,0,Athletico-PR,9,0,0,0
0,,0,,4842,0,0,0,Sao Paulo,23,0,0,0
,N/A,2,78%,6752,1,3,3,fortaleza,25,1,19,301
0,,0,,1672,0,0,0,Botafogo-RJ,11,0,0,0
8,47%,2,81%,6593,0,1,1,Avai,9,1,18,379
11,44%,3,82%,8123,0,2,7,Internacional,10,0,13,410
11,68%,5,84%,6388,0,1,3,FLAMENGO,27,2,17,562
N/A,,0,,8477,0,0,0,Juventude,8,0,0,0
0,,0,,2619,0,0,0,Ipatinga,30,0,0,0
0,,0,,3903,0,0,0,Botafogo-RJ,6,0,0,0
11,28%,5,77%,6704,1,4,4,Goias,20,1,16,231
0,,0,,8451,0,0,0,Bahia,5,0,0,0
0,,0,,541,0,0,0,Vitoria,46,0,0,0
17,60%,8,92%,9033,0,2,7,santos,25,1,11,484
0,,0,,4603,0,0,0,santos,38,0,0,0
0,,0,,966,0,0,0,Sao Paulo,35,0,0,0
0,,0,,576,0,0,0,Santos,2,0,0,N/A
16,null,3,81%,7563,0,3,3,Atletico-GO,29,0,13,429
,,0,,2975,0,0,0,Avai,27,0,0,0
0,,0,,4155,0,0,0,Atletico-GO,31,0,0,0
20,55%,6,  ,7134,0,0,7,Sport,25,0,20,  
0,,0,,2589,0,0,0,Atletico-MG,27,0,0,0
17,64%,8,82%,7056,0,1,9,  Vasco,18,1,12,547
0,,0,,8620,0,0,0,Fluminense   ,22,0,0,0
0,,0,,4156,0,0,0,Ponte Preta,31,0,0,null
0,,0,,821,0,0,0,PAYSANDU,23,0,0,0
-,,0,,4762,0,0,0,Cruzeiro,15,0,0,0
0,,0,,8513,0,0,0,Bragantino,11,0,0,0
0,,0,,2056,0,0,0,Sao Paulo,10,0,0,0
0,,0,,3400,0,0,0,Atletico-GO,32,0,0,0
0,,0,,3995,0,0,0,coritiba,15,0,0,0
0,N/A,0,,3541,0,0,0,Ceara,8,0,0,0
0,,0,,3484,0,0,0,  Cruzeiro,2,0,0,
12,,6,83%,7285,0,2,4,FLAMENGO,2,1,14,
0,,0,,2083,0,0,0,Cruzeiro,13,0,0,0
0,,0,,439,0,0,0,Santos   ,37,0,0,0
12,64%,6,88%,8197,0,3,2,Fortaleza,18,0,10,
13,48%,3,76%,7990,0,0,8,Internacional,35,2,12,414
0,,0,,1526,0,0,0,BRASILIENSE,39,0,0,0
0,,0,,8635,0,0,0,Vitoria,23,0,0,null
9,57%,1, 79% ,7303,0,3,9,Atletico-GO,4,0,18,378
18,65%,4,80%,7665,1,1,4,Ceara,2,1,16,469
0,,0,,1249,0,0,0,Botafogo-RJ,14,0,0,0
12,58%,2,85%,7679,0,5,5,Fluminense,3,4,15,503
0,,0,,2389,0,0,0,Figueirense,7,0,0,0
0,,0,,4944,0,0,0,Sport,35,0,0,0
0,,0,,8767,0,0,0,Atletico-MG,37,0,0,0
0,,0,,8484,0,0,0,Fortaleza   ,8,0,0,0
0,,0,,427,0,0,0,Vitoria   ,36,0,0,0
8,37%,0,-,5485,0,1,3,Figueirense,12,4,24,302
  ,65%,3,84%,6561,0,1,8,Cruzeiro,6,1,13,559
12,N/A,1,78%,6701,0,4,5,Fortaleza,20,1,16,346
13,40%,0,,5447,1,3,3,Santa Cruz   ,9,0,24,349
0,,0,,2249,0,0,0,Athletico-PR,31,0,0,0
0,,0,N/A,4088,0,0,0,Portuguesa,25,0,0,0
0,,0,,3330,0,0,0,atletico-go,25,0,0,
6,49%,2,,6011,0,2,6,Avai   ,28,2,12,463
0,,0,,1186,0,0,0,Atletico-MG,8,0,0,0
0,,0,,2391,0,0,0,FLAMENGO,7,0,0,0
8,36%,2,83%,6163,0,3,1,  Santos,4,1,22,370
0,,0,,4366,0,0,0,Botafogo-RJ,14,0,0,0
0,,0,,4363,0,0,0,  Goias,14,0,0,0
15,57%,0,,5321,0,1,8,Palmeiras,34,1,29,422
15, 54% ,8,91%,8945,0,2,9,Atletico-MG,16,2,13,402
0,,0,,2994,0,0,0,Goias,29,0,0,0
0,,0,,8469,0,0,0,INTERNACIONAL,7,0,0,0
0,,0,,4113,0,0,0,Sport,27,0,0,0
0,,0,,2904,0,0,0,Cruzeiro,20,0,0,0
0,,0,,3607,0,0,0,Flamengo,15,0,0,  
-,,0,,3674,0,0,0,America-MG,21,0,0,0
12,46%,4,84%,6268,0,0,3,Corinthians,15,1,9,494
0,,0,,3781,0,0,0,Flamengo,32,0,0,0
0,,0,,4050,0,0,0,Internacional,21,0,0,0
0,,0,,393,0,0,0,Vasco,33,0,0,0
17,65%,1,,6125,0,5,5,Palmeiras,38,1,14,613
0,,0,,705,0,0,0,Sao Caetano,13,0,0,0
11,22%,0,,5363,0,2,2,Avai,38,1,14,216
8,36%,5,77%,8270,0,1,4,Atletico-MG,25,1,11,323
0,,0,  ,1505,0,0,0,Santos,37,0,0,0
8,35%,3,81%,9044,1,0,6,Sao Paulo,26,0,7,147
7,58%,0,,5548,1,1,3,Santos,19,3,7,521
0,,0,,2017,0,0,0,SPORT,7,0,0,0
0,,0,,3730,0,0,0,sao paulo,27,0,0,0
23,62%,11,85%,6457,0,2,10,Bahia,34,0,11,-
0,,0,,1932,0,0,0,Vasco,37,0,0,0
0,,0,,1935,0,-10,0,Fluminense,37,0,0,0
0,,0,,948,0,0,0,Flamengo,33,0,0,N/A
0,,0,,2722,0,0,0,Barueri,2,0,0,0
0,,0,,288,0,0,0,Internacional,24,0,0,0
0,,0,,909,0,0,0,Ponte Preta,30,0,0,0
11,35%,4,72%,7154,0,3,2,Ceara,27,1,24,263
0,,0,,3052,0,0,0,Avai,35,0,0,0
0,,0,,1488,0,0,0,Paysandu,35,0,0,0
0,,0,,8688,0,0,0,Fortaleza,29,0,0,0
8,47%,0,,5248,0,5,5,Figueirense,27,0,22,368
0,,0,,95,0,0,0,Figueirense,8,0,0,0
0,,0,,350,0,0,0,Cruzeiro,30,0,0,0
0,,0,,1068,0,0,0,Vasco,43,0,0,0
0,,0,,8501,0,0,0,Cruzeiro,10,0,0,null
9,43%,5,81%,6236,1,3,1,Vitoria,12,1,17,362
0,,0,,151,0,0,0,  Internacional,13,0,0,0
0,,0,,1711,0,0,0,Santos,15,0,0,0
0,,0,,1025,0,0,0,Santos,40,0,0,0
0,,0,,531,0,0,0,Vasco   ,45,0,0,
3,23%,1,67% un,7219,0,3,1,Goias   ,34,2,13,249
13,30% un,0,,5379,0,1,4,Figueirense,2,1,14,229
0,,0,,1723,0,0,0,Fluminense,16,0,0,0
0,,0,,8729,0,0,0,Cuiaba,33,0,0,0
12,49%,0,,5360,0,0,7,Santos,38,4,10,440
15,39%,4,77%,7034,1,4,6,Ceara,15,2,9,304
N/A,,0,,4106,0,0,0,Sport,26,0,0,0
0,,0,,3840,0,0,0,Botafogo-RJ,38,0,0,0
7, 54% ,0,,5657,1,1,2,Sport   ,30,1,19,443
0,,0,,2322,0,0,0,Gremio,38,0,0,0
10,35%,3,75%,6474,0,2,2,Chapecoense,35,0,21,285
0,,0,,4504,0,0,0,Portuguesa,28,0,0,0
0,,0,,4000,0,0,0,Nautico,16,0,0,0
0,,0,,2801,0,0,0,Internacional,10,0,0,0
0,,0,,4576,0,0,0,Atletico-MG,35,0,0,0
0,,0,,3512,0,0,0,Ceara,5,0,0,0
15,58%,5,85%,7819,0,0,2,Atletico-GO,18,1,8,527
10,61%,5,86%,8299,0,2,6,Botafogo-RJ,28,1,11,563
0,,0,,2948,0,0,0,Vitoria,25,0,0,0
11,57%,0,,5340,0,2,4,Gremio,36,0,13,-
0,,0,,4382,0,0,0,Portuguesa,16,0,0,0
0,,0,,1719,0,0,0,Corinthians,16,0,0,0
11,41%,5,82%,7282,0,2,1,Athletico-PR   ,2,3,27,366
19,29%,7,75%,7190,0,1,2,Internacional,31,2,19,257
4,,1,94% un,9047,0,4,2,Atletico-MG,27,2,14,537
0,,0,,3447,0,0,0,Fluminense,37,0,0,0
0,,0,,8716,0,0,0,Fluminense,32,0,0,0
,45%,2,85%,6380,0,2,3,Internacional,26,1,11,469
0,,0,,4027,0,0,0,Santos,19,0,0,0
0,,0,  ,4574,0,0,0,GREMIO,35,0,0,0
0,,0,,2278,0,0,0,Figueirense,34,0,0,0
8,40%,0,,5649,1,1,4,Atletico-MG,29,3,16,304
0,,0,,2368,0,0,0,  Figueirense,5,0,0,0
N/A,,0,,611,0,0,0,flamengo,5,0,0,0
14,55%,3,80%,6714,0,3,5,Atletico-MG,21,1,18,404
0,,0,,1994,0,0,0,Atletico-MG,5,0,0,0
null,,0,,2851,0,0,0,Cruzeiro,15,0,0,0
12,45%,3, 85% ,7004,0,1,5,Fortaleza,12,1,20,369
0,,0,,8676,0,0,0,Palmeiras,28,0,0,0
null,,0,,1302,0,0,0,Vasco,18,0,0,0
5,52%,2,,5985,0,3,6,Coritiba,24,3,17,375
15,70% un,8,88%,7108,0,2,2,FORTALEZA,23,3,17,619
0,,0,,1481,0,0,0,Palmeiras,35,0,0,0
15,46%,5,86%,7094,0,4,5,BAHIA,21,1,12,401
0,,0,,1101,0,0,0,Parana,46,0,0,0
12,37%,7,  ,8244,0,1,3,America-MG,22,4,14,346
0,,0,,2798,0,0,0,Coritiba,10,0,0,0
0,,0,,1284,0,0,0,Athletico-PR,17,0,0,0
22,63%,7,87%,7794,0,3,6,  Fortaleza,15,1,22,479
0,,0,,4829,0,0,0,internacional,22,0,0,0
0,,0,,2770,0,-6,0,Goias,7,0,0,0
11,34%,3,87%,8943,1,2,2,Bahia,16,1,12,208
11,39%,5,77%,6438,0,3,3,PALMEIRAS,32,0,26,309
15,43%,7,,6093,0,-10,8,Sport,35,8,15,360
0,,0,,3148,0,0,0,Goias,7,0,0,
0,,0,,2251,0,0,0,Flamengo,31,0,0,0
0,,0,,578,0,-7,0,Coritiba,3,0,0,0
-,53%,9,84%,7748,0,2,6,Atletico-GO,11,3,13,484
6,34%,0,57%,7586,0,3,2,Santos,32,5,13,233
0,,0,,4947,0,0,0,Gremio,34,0,0,0
0,,0,,247,0,0,0,Corinthians,21,0,0,0
0,,0,,3703,0,0,0,Bahia,24,0,0,0
20,67%,0,-,5125,0,1,6,Cruzeiro,14,1,7,554
0,,0,,3562,0,0,0,  Flamengo,12,0,0,0
0,,0,,4713,0,0,0,Internacional,10,0,0,
13,52%,3,83%,7297,1,3,9,Sao  Paulo,4,3,9,423
0,,0,,2712,0,0,0,Athletico-PR   ,1,0,0,0
,,0,,1026,0,0,0,Internacional,40,0,0,0
14,53%,5,87%,6586,0,2,7,Gremio,9,4,11,515
12,59%,5,,5919,0,1,4,Ponte Preta,18,2,7,
17,70%,4,88%,8188,1,3,7,Internacional,17,2,14,744
0,,0,,4605,0,0,0,Gremio,38,0,0,0
12,34%,3,70%,7042,0,1,1,Bragantino,16,2,14,314
11,43%,2,76%,8327,0,2,5,America-MG,31,2,14,395
15,53%,4,83%,7235,1,3,4,Palmeiras,35,3,20,434
12,60% un,6,83%,7131,0,3,8,Atletico-GO,25,2,15,500
0,,0,,3311,0,0,0,Guarani,23,0,0,0
0,,0,,4062,0,0,0,Corinthians,22,0,0,0
0,,0,,4079,0,0,0,Corinthians,24,0,0,0
0,,0,,902,0,0,0,Sao Caetano,30,0,0,0
0,,0,,2369,0,0,0,Nautico   ,5,0,0,0
15,42%,0,,5558,0,2,11,ponte preta,20,1,21,272
0,,0,,1194,0,0,0,Ponte Preta,9,0,0,0
,,0,,2883,0,0,0,Sao Paulo,18,0,0,0
0,,0,,3272,0,0,0,Cruzeiro,19,0,0,0
0,,0,,618,0,0,0,  Criciuma,6,0,0,0
0,,0,,4345,0,0,0,Vasco,12,0,0,0
6,,3,83%,8905,2,3,4,Sport,12,0,5,164
0,,0,,868,0,0,0,Goias,27,0,0,0
0,,0,,1459,0,0,0,Vasco,33,0,0,  
,45%,0,null,5706,0,3,0,Sport   ,34,0,10,453
0,,0,,4170,0,0,0,  Palmeiras,33,0,0,0
0,,0,,994,0,0,0,Figueirense,37,0,0,0
0,,0,,3276,0,0,0,Gremio Prudente,19,0,0,0
10,32%,2,63%,7125,0,3,1,Goias,24,2,21,207
0,,0,,1417,0,0,0,Sao Caetano,29,0,0,0
0,,0,,8527,0,0,0,Bragantino,13,0,0,0
15,48%,2,82% un,7855,0,3,6,Coritiba,21,0,23,427
0,,0,,4850,0,0,0,Athletico-PR,24,0,0,0
19, 59% ,5,,5795,0,4,5,  Bahia,5,0,18,534
0,,0,,4670,0,0,0,GOIAS,7,0,0,0
8,37%,3,70%,7557,0,4,2,Flamengo,29,1,22,269
13,45%,7,,5889,0,1,4,Ponte Preta,15,6,12,364
0,,0,,966,0,0,0,Ponte Preta,35,0,0,-
0,,0,,98,0,0,0,Atletico-MG,9,0,0,
0,,0,,3889,0,0,0,  Fluminense,5,0,0,0
0,,0,,4834,0,0,0,Chapecoense,22,0,0,0
0,,0,,4004,0,0,0,Gremio,16,0,0,0
0,,0,,1165,0,0,0,vasco,6,0,0,0
0,,0,,2116,0,0,0,Cruzeiro,16,0,0,0
8,58%,2,79%,6347,0,3,2,Cruzeiro,23,0,17,509
21,61%,0,,5724,0,1,6,  Sao Paulo,36,2,19,496
0,,0,,101,0,0,0,Internacional,9,0,0,0
0,,0,,2456,0,0,0,Botafogo-RJ,14,0,0,0
0,,0,,2899,0,0,0,Botafogo-RJ,20,0,0,null
8,41%,4,82%,9054,0,1,2,ceara,27,3,14,261
14,64%,7,85%,6990,0,1,8,Atletico-MG,10,5,13,556
,,0,,3699,0,0,0,Sao Paulo,24,0,0,0
0,,0,,2928,0,0,0,Palmeiras,23,0,0,0
0,,0,,428,0,0,0,Fluminense,36,0,0,0
6,41%,2,79%,6951,0,4,2,Sport,6,1,19,387
  ,61%,6,83%,7278,0,2,9,Bragantino,2,1,12,442
0,,0,  ,2369,0,0,0,Ipatinga,5,0,0,0
0,,0,,8546,0,0,0,SAO PAULO,15,0,0,0
0,,0,,819,0,0,0,Vitoria,23,0,0,0
17,,5,,5825,0,5,2,  Cruzeiro,8,0,12,541
5,,1,88%,8838,0,2,3,Ceara,6,1,12,286
0,  ,0,N/A un,3295,0,0,0,Internacional,21,0,0,0
13,39%,1,77%,6909,0,4,0,Ceara,3,0,16,309
16,49%,7,89%,9128,0,1,5,Santos,34,2,11,392
null,,0,,1653,0,0,0,Palmeiras,9,0,0,0
9,null,5,92%,8954,1,3,5,Vasco,17,1,14,357
0,,0,,3999,0,0,0,santos,16,0,0,0
0,,0,,1000,0,0,0,Vitoria,38,0,0,0
0,,0,,332,0,0,0,  Vitoria,28,0,0,0
14,53%,6,,6773,0,1,2,Athletico-PR,27,0,23,432
0,,0,,1875,0,0,0,Cruzeiro,31,0,0,0
0,,0,,2759,0,0,0,Santos,6,0,0,0
0,- un,0,,3765,0,0,0,Bahia,30,0,0,0
0,,0,,4748,0,0,0,Bahia,14,0,0,0
0,,0,,3389,0,0,0,Corinthians,31,0,0,0
0,,0,,655,0,0,0,Cruzeiro,9,0,0,0
20,N/A,7,,5748,0,5,8,Santos,1,2,18,-
21,64%,8,87%,7854,0,1,11,  Atletico-MG,21,0,10,504
14,39%,0,,5116,0,4,6,Avai,13,4,15,280
10,46%,4,86%,9031,0,2,4,PALMEIRAS,25,3,17,276
12,59%,0,,5087,0,1,5,Coritiba,11,4,22,454
14,  ,4,79%,8079,0,2,3,Atletico-MG,6,0,14,514
0,,0,,1816,0,0,0,Palmeiras,25,0,0,0
,59%,4,79%,6981,1,2,5,  Atletico-MG,9,1,15,
0,,0,,1356,0,0,0,Paysandu,23,0,0,0
3,41%,0,,5627,0,3,2,Coritiba,27,0,24,325
7,43%,5, 76% ,8157,0,3,6,Cruzeiro,14,1,18,363
0,,0,,4896,0,0,0,Botafogo-RJ,29,0,0,0
  ,48%,0,,5461,0,1,3,Santos   ,10,3,11,479
17,48%,0,,5409,0,2,2,sport,5,2,15,368
0,,0,,2056,0,0,0,Sao Paulo,10,0,0,0
0,,0,,4958,0,0,0,Bahia,36,0,0,0
8, - ,4,78%,8100,0,4,5,goias,8,1,16,283
0,,0,,530,0,0,0,Figueirense,45,0,0,0
0,,0,,4945,0,0,0,Fluminense,35,0,0,0
0,,0,,840,0,0,0,Athletico-PR,24,0,0,0
0,,0,,3188,0,0,0,Avai,11,0,0,0
0,,0,,3788,0,0,0,Botafogo-RJ,33,0,0,0
N/A,46%,2,,7415,0,3,3,CHAPECOENSE,15,0,10,-
8,46%,2,89%,8925,1,2,5,Internacional,14,1,11,390
16,55%,6, 84% ,6192,0,1,5,Santos,7,0,12,496
,,0,,4382,0,0,0,atletico-mg,16,0,0,0
0,,0,,1754,0,0,0,FORTALEZA,19,0,0,0
0,,0,,8635,0,0,0,Cruzeiro,23,0,0,0
10,51%,2,85%,7969,0,2,7,Avai,33,0,7,401
14,49%,7,86%,8949,0,1,5,Vitoria,17,2,14,353
0,,0,,103,0,0,0,CORINTHIANS,9,0,0,0
11,57%,2,70%,6345,0,4,3,Chapecoense,22,1,14,360
0,,0,,3456,0,0,0,Avai,37,0,0,0
0,,0,,255,0,0,0,Athletico-PR,22,0,0,0
,,0,,8708,0,0,0,Atletico-GO,31,0,0,null
2,42%,0,74%,6887,0,3,2,Coritiba,1,3,11,382
0,,0,,4057,0,0,0,Ponte Preta,22,0,0,0
7,57%,4,86%,7481,0,2,2,Bragantino,22,0,19,-
0,,0,,2529,0,0,0,Botafogo-RJ,21,0,0,0
0,,0,,4702,0,0,0,Internacional,28,0,0,0
19,43%,0,,5482,0,4,7,Sao Paulo,12,1,17,383
0,,0,,8538,0,0,0,Fortaleza,14,0,0,0
8,53%,5,83%,7025,0,3,2,Internacional,14,1,22,460
10,51%,4,,5921,0,2,3,Gremio,18,1,21,472
0,,0,,1230,0,0,0,Sao  Paulo,12,0,0,0
12,45%,9,77%,7036,0,2,2,  Coritiba,16,2,20,382
23,61%,6,86%,7633,0,3,11,Internacional   ,37,3,14,535
17,48%,12,83%,6534,0,1,8,Fluminense,3,0,10,490
0,,0,,4197,0,0,0,Figueirense,36,0,0,  
9,62%,4,,6088,0,3,3,Sao Paulo   ,35,1,12,679
0,,0,,3093,0,0,0,athletico-pr,1,0,0,0
0,,0,,1783,0,0,0,goias,22,0,0,0
0,,0,,2947,0,0,0,Sport,25,0,0,0
18,57%,8,83%,6337,0,2,5,Gremio,22,1,12,
10,40%,4,81%,7001,0,2,4,Flamengo,12,0,16,335
0,,0,,198,0,0,0,Vitoria   ,17,0,0,0
0,,0,,3371,0,0,0,Corinthians,29,0,0,0
0,,0,,2630,0,0,0,Sao Paulo,31,0,0,0
7,36%,3,73%,7704,0,1,5,Fluminense,7,3,14,290
0,,0,,1357,0,0,0,Coritiba,23,0,0,N/A
0,,0,,1015,0,0,0,Vitoria,39,0,0,0
0,,0,,1290,0,0,0,Figueirense,17,0,0,0
0,,0,,4005,0,0,0,Palmeiras,16,0,0,0
6,71%,2,84%,8109,0,0,3,  Corinthians,9,0,14,700
19,35%,5,80%,8227,0,1,6,Goias,21,0,15,343
0,,0,,4428,0,0,0,Portuguesa,21,0,0,0
0,,0,,2639,0,0,0,Internacional,32,0,0,N/A
0,,0,,3608,0,0,0,Gremio,15,0,0,0
0,,0,null,4286,0,0,0,Fluminense,6,0,0,0
0,,0,,3166,0,0,0,gremio prudente,8,0,0,0
9,51%,4,,6092,0,1,4,CHAPECOENSE,35,2,17,349
0,,0,null,4635,0,0,0,  Chapecoense,3,0,0,0
0,,0,,8643,0,0,0,Internacional,24,0,0,0
0,,0,,4267,0,0,0,Internacional,5,0,0,0
0,,0,,509,0,0,0,Criciuma,43,0,0,0
0,,0,,3815,0,0,0,Figueirense,35,0,0,0
12,53%,3,,5768,0,3,9,Vitoria,3,7,19,364
0,,0,,498,0,0,0,flamengo,42,0,0,0
0,,0,,2161,0,0,0,Nautico,21,0,0,0
0,,0,,80,0,0,0,Atletico-MG,7,0,0,0
0,,0,,2839,0,0,0,Internacional,14,0,0,0
0,,0,,3437,0,0,0,Athletico-PR,36,0,0,0
11,45%,3,81%,6496,1,1,1,Athletico-PR,38,0,17,386
0,,0,,4858,0,0,0,Cruzeiro,25,0,0,0
0,,0,,3996,0,0,0,Sao Paulo   ,15,0,0,0
null,27%,3,60%,6709,0,4,0,Goias,21,0,24,212
16,43%,0,,5403,0,4,4,Vitoria,4,1,21,342
7, 43% ,3,,5828,0,5,2,Botafogo-RJ,9,1,20,360
0,,0,,511,0,0,0,  Cruzeiro,43,0,0,N/A
0,,0,,8555,0,0,0,Botafogo-RJ,15,0,0,0
0,,0,,1972,0,0,0,GREMIO,3,0,0,0
0,,0,,793,0,0,0,Ponte Preta,21,0,0,0
0,,0,,1577,0,0,0,Corinthians,2,0,0,0
12,38%,5,81%,7270,0,3,4,Palmeiras,1,3,21,300
0,,0,,4114,0,0,0,Botafogo-RJ,27,0,0,0
8,31%,3,,6104,1,1,0,Ponte Preta,36,0,15,245
0,,0,,8588,0,0,0,Vitoria,19,0,0,0
10,67%,2,87%,7894,1,1,5,Sao Paulo,25,4,9,574
0,,0,,1314,0,0,0,Coritiba,20,0,0,0
14,33%,0,,5509,0,2,2,Santa Cruz,15,2,10,337
10,37%,0,,5117,0,1,5,Goias,14,4,12,315
0,,0,,4217,0,0,0,Palmeiras,38,0,0,0
18, 53% ,0,,5127,0,3,2,athletico-pr,15,1,17,442
7,41%,0,,5278,0,5,0,  Avai,30,1,16,-
0,,0,N/A,4400,0,0,0,Ponte Preta,18,0,0,0
13,46%,0,,5312,0,3,6,Santos,33,6,15,281
8,50%,2,85%,7252,2,1,2,Athletico-PR   ,37,4,17,465
0,,0,,4422,0,0,0,Portuguesa,20,0,0,0
0,,0,,1946,0,0,0,Santa Cruz,38,0,0,0
0,,0,,1781,0,0,0,Sao Caetano,22,0,0,0
12,42%,0,,5698,0,3,3,SAO PAULO,34,0,21,369
20,64%,12,91%,8969,0,0,8,BOTAFOGO-RJ,19,1,12,349
0,,0,,635,0,0,0,corinthians,7,0,0,
0,,0,,950,0,0,0,Palmeiras,34,0,0,0
0,,0,,1503,0,0,0,Flamengo,37,0,0,0
24,N/A,7, 84% ,8214,0,3,7,Bragantino,19,0,12,497
0,,0,,94,0,0,0,juventude,8,0,0,0
0,,0,,1385,0,0,0,Brasiliense,26,0,0,0
16,49%,5,80%,6289,0,3,8,Vitoria,17,0,19,388
0,,0,N/A,3909,0,0,0,Ponte Preta,7,0,0,0
0,,0,,4338,0,0,0,vitoria,12,0,0,0
0,,0,,3199,0,0,0,Guarani,12,0,0,0
0,,0,,8437,0,-8,0,Cuiaba,4,0,0,0
0,,0,,8785,0,0,0,Gremio,38,0,0,N/A
,,0,,3211,0,0,0,  Atletico-GO,13,0,0,0
0,,0,,2526,0,0,0,Palmeiras,20,0,0,0
0,,0,,2646,0,0,0,Figueirense,32,0,0,0
0,,0,,1219,0,0,0,Ponte Preta,11,0,0,0
0,,0,,385,0,0,0,Santos,33,0,0,0
0,,0,,843,0,0,0,Guarani,25,0,0,0
0,,0,,4162,0,0,0,Portuguesa,32,0,0,0
11,36%,4,75%,8011,0,7,2,Juventude,37,0,17,294
12,69%,0,,5682,1,0,5,Gremio,32,0,12,517
-,57%,0,83%,7212,0,2,2,Goias,33,0,15,490
0,,0,,2225,0,0,0,Fluminense,27,0,0,N/A
0,,0,,8428,0,0,0,Cuiaba,3,0,0,0
0,,0,,3126,0,0,0,athletico-pr,4,0,0,0
16,53%,0,,5643,0,3,11,Cruzeiro   ,28,3,19,425
null,54%,8,,5981,0,3,5,Athletico-PR,24,7,15,475
0,,0,,2696,0,0,0,Fluminense,37,0,0,0
0,,0,,431,0,0,0,Gremio,36,0,0,0
16,68%,3,89%,7897,0,1,4,Internacional,26,2,16,716
